<?xml version="1.0" encoding="utf-8"?>
<COLLADA xmlns="http://www.collada.org/2005/11/COLLADASchema" version="1.4.1" xmlns:xsi="http://www.w3.org/2001/XMLSchema-instance">
  <asset>
    <contributor>
      <author>Blender User</author>
      <authoring_tool>Blender 3.0.1</authoring_tool>
    </contributor>
    <created>2025-05-21T13:15:28</created>
    <modified>2025-05-21T13:15:28</modified>
    <unit name="meter" meter="1"/>
    <up_axis>Z_UP</up_axis>
  </asset>
  <library_cameras>
    <camera id="Camera-camera" name="Camera">
      <optics>
        <technique_common>
          <perspective>
            <xfov sid="xfov">39.59775</xfov>
            <aspect_ratio>1.777778</aspect_ratio>
            <znear sid="znear">0.1</znear>
            <zfar sid="zfar">100</zfar>
          </perspective>
        </technique_common>
      </optics>
      <extra>
        <technique profile="blender">
          <shiftx sid="shiftx" type="float">0</shiftx>
          <shifty sid="shifty" type="float">0</shifty>
          <dof_distance sid="dof_distance" type="float">10</dof_distance>
        </technique>
      </extra>
    </camera>
  </library_cameras>
  <library_lights>
    <light id="Light-light" name="Light">
      <technique_common>
        <point>
          <color sid="color">1000 1000 1000</color>
          <constant_attenuation>1</constant_attenuation>
          <linear_attenuation>0</linear_attenuation>
          <quadratic_attenuation>0.00111109</quadratic_attenuation>
        </point>
      </technique_common>
      <extra>
        <technique profile="blender">
          <type sid="type" type="int">0</type>
          <flag sid="flag" type="int">0</flag>
          <mode sid="mode" type="int">1</mode>
          <gamma sid="blender_gamma" type="float">1</gamma>
          <red sid="red" type="float">1</red>
          <green sid="green" type="float">1</green>
          <blue sid="blue" type="float">1</blue>
          <shadow_r sid="blender_shadow_r" type="float">0</shadow_r>
          <shadow_g sid="blender_shadow_g" type="float">0</shadow_g>
          <shadow_b sid="blender_shadow_b" type="float">0</shadow_b>
          <energy sid="blender_energy" type="float">1000</energy>
          <dist sid="blender_dist" type="float">29.99998</dist>
          <spotsize sid="spotsize" type="float">75</spotsize>
          <spotblend sid="spotblend" type="float">0.15</spotblend>
          <att1 sid="att1" type="float">0</att1>
          <att2 sid="att2" type="float">1</att2>
          <falloff_type sid="falloff_type" type="int">2</falloff_type>
          <clipsta sid="clipsta" type="float">0.04999995</clipsta>
          <clipend sid="clipend" type="float">30.002</clipend>
          <bias sid="bias" type="float">1</bias>
          <soft sid="soft" type="float">3</soft>
          <bufsize sid="bufsize" type="int">2880</bufsize>
          <samp sid="samp" type="int">3</samp>
          <buffers sid="buffers" type="int">1</buffers>
          <area_shape sid="area_shape" type="int">1</area_shape>
          <area_size sid="area_size" type="float">0.1</area_size>
          <area_sizey sid="area_sizey" type="float">0.1</area_sizey>
          <area_sizez sid="area_sizez" type="float">1</area_sizez>
        </technique>
      </extra>
    </light>
  </library_lights>
  <library_images/>
  <library_geometries>
    <geometry id="inner_knuckle_001-mesh" name="inner_knuckle.001">
      <mesh>
        <source id="inner_knuckle_001-mesh-positions">
          <float_array id="inner_knuckle_001-mesh-positions-array" count="14988">0.009703874 -9.20672e-4 0.002853393 0.009703874 -6.51085e-4 0.002928256 0.009703874 -5.07132e-4 0.001932859 0.009703874 -2.35807e-4 0.00298649 0.009703874 -2.85038e-4 0.001979351 0.009703874 -5.88614e-5 0.00199753 0.009703874 9.01871e-5 0.002998471 0.009703874 1.67994e-4 0.001992762 0.009703874 2.76439e-4 0.002987086 0.009703874 5.02434e-4 0.001931726 0.009703874 6.89624e-4 0.002915441 0.009703874 0.001003623 0.002827107 0.009703874 8.23629e-4 0.001820981 0.009703874 0.001262068 0.002719998 0.009703874 0.001510798 0.002591848 0.009703874 0.001025378 0.00171715 0.009703874 0.001668989 0.002492904 0.009703874 0.001152336 0.001634716 0.009703874 0.001893162 0.002325475 0.009703874 0.001329183 0.001492619 0.009703874 0.002197206 0.002036929 0.009703874 0.001561045 0.001244246 0.009703874 0.002514064 0.001634597 0.009703874 0.001832485 7.92075e-4 0.009703874 0.002753376 0.001181721 0.009703874 0.002893805 7.86806e-4 0.009703874 0.001942634 4.70689e-4 0.009703874 0.002969086 4.21651e-4 0.009703874 0.001984953 2.47755e-4 0.009703874 0.001998782 2.12753e-5 0.009703874 0.002998471 4.99738e-5 0.009703874 0.002960741 -4.60813e-4 0.009703874 0.001979172 -2.80385e-4 0.009703874 0.001914262 -5.75634e-4 0.009703874 0.002869963 -8.70031e-4 0.009703874 0.002777755 -0.001134157 0.009703874 0.001786828 -8.90571e-4 0.009703874 0.002588927 -0.001508593 0.009703874 0.001613199 -0.001182854 0.009703874 0.002264082 -0.001962661 0.009703874 0.001439988 -0.001382768 0.009703874 0.001969814 -0.002261221 0.009703874 0.001187086 -0.001609981 0.009703874 0.001673996 -0.002488136 0.009703874 9.96381e-4 -0.001732826 0.009703874 0.00135231 -0.002676606 0.009703874 7.23653e-4 -0.001863241 0.009703874 9.64914e-4 -0.002836644 0.009703874 4.34379e-4 -0.001950979 0.009703874 4.683e-4 -0.002961933 0.009703874 2.10685e-4 -0.001989006 0.009703874 1.90376e-4 -0.00299412 0.009703874 -1.60167e-5 -0.001998603 0.009703874 -8.93839e-5 -0.002997338 0.009703874 -4.28209e-4 -0.001949608 0.009703874 -5.97855e-4 -0.002935826 0.009703874 -0.001002371 -0.002826035 0.009703874 -7.53366e-4 -0.001851081 0.009703874 -0.001345276 -0.002679765 0.009703874 -0.001023888 -0.001716256 0.009703874 -0.001704514 -0.002463698 0.009703874 -0.001271009 -0.00154215 0.009703874 -0.002034306 -0.002204656 0.009703874 -0.00151205 -0.001302719 0.009703874 -0.002258718 -0.001967966 0.009703874 -0.002514541 -0.00163567 0.009703874 -0.001714348 -0.001029491 0.009703874 -0.002611339 -0.001476168 0.009703874 -0.001818656 -8.27981e-4 0.009703874 -0.002788066 -0.001095831 0.009703874 -0.001922667 -5.44153e-4 0.009703874 -0.002916097 -6.96742e-4 0.009703874 -0.001982748 -2.47879e-4 0.009703874 -0.002979993 -3.29421e-4 0.009703874 -0.001999497 -2.15925e-5 0.009703874 -0.002999186 -5.02999e-5 0.009703874 -0.002972841 3.68221e-4 0.009703874 -0.002919137 6.89978e-4 0.009703874 -0.002840757 9.58552e-4 0.009703874 -0.002740383 0.001219689 0.009703874 -0.002588212 0.001508235 0.009703874 -0.001751065 9.57234e-4 0.009703874 -0.001890361 6.47345e-4 0.009703874 -0.001566529 0.001242697 0.009703874 -0.002355515 0.001857101 0.009703874 -0.002171158 0.002067565 0.009703874 -0.001330494 0.001487433 0.009703874 -0.001859903 0.002348303 0.009703874 -0.00112456 0.001653432 0.009703874 -0.001308619 0.002694725 0.009703874 -9.29339e-4 0.001768946 0.009703874 -7.23412e-4 0.001864254 0.009703874 -0.001970291 3.17123e-4 0.01270383 -4.33619e-4 0.001950681 0.01270383 -6.5234e-4 0.001890301 0.01270383 -7.93447e-4 0.001835525 0.01270383 -9.95621e-4 0.001732528 0.01270383 -0.00118637 0.001609683 0.01270383 -0.001360118 0.00146377 0.01270383 -0.001518368 0.001301109 0.01270383 -0.001654803 0.001119852 0.01270383 -0.001772344 9.25776e-4 0.01270383 -0.001864492 7.18431e-4 0.01270383 -0.001935303 5.02855e-4 0.01270383 -0.001978397 2.80083e-4 0.01270383 -0.001998841 5.41015e-5 0.01270383 -0.001997232 -9.72557e-5 0.01270383 -0.00197196 -3.22747e-4 0.01270383 -0.001924097 -5.44543e-4 0.01270383 -0.001877367 -6.8853e-4 0.01270383 -0.001785993 -8.96224e-4 0.01270383 -0.001674175 -0.001093626 0.01270383 -0.001538395 -0.00127542 0.01270383 -0.001384973 -0.001442611 0.01270383 -0.001211762 -0.001589119 0.01270383 -0.001024603 -0.001717448 0.01270383 -8.2287e-4 -0.001821279 0.01270383 -6.11658e-4 -0.001904189 0.01270383 -3.91692e-4 -0.00195986 0.01270383 -9.16311e-5 -0.001996576 0.01270383 1.35271e-4 -0.001995563 0.01270383 2.85798e-4 -0.001979649 0.01270383 5.07892e-4 -0.001933157 0.01270383 7.93638e-4 -0.001834511 0.01270383 0.001061201 -0.001693904 0.01270383 0.001247167 -0.001563906 0.01270383 0.001415312 -0.001411557 0.01270383 0.001567244 -0.001242995 0.01270383 0.001696765 -0.00105673 0.01270383 0.001806855 -8.58331e-4 0.01270383 0.001891136 -6.47647e-4 0.01270383 0.001967132 -3.55066e-4 0.01270383 0.001998186 -5.43645e-5 0.01270383 0.001992881 1.72478e-4 0.01270383 0.001959085 3.96851e-4 0.01270383 0.001902878 6.16677e-4 0.01270383 0.001819431 8.27679e-4 0.01270383 0.001673758 0.001092553 0.01270383 0.001489818 0.001332402 0.01270383 0.001271784 0.001541852 0.01270383 0.001089632 0.001677155 0.01270383 9.59689e-4 0.00175476 0.01270383 7.54125e-4 0.001850783 0.01270383 5.39927e-4 0.001925647 0.01270383 3.18011e-4 0.001972973 0.01270383 1.67765e-5 0.001998305 0.01270383 -2.09925e-4 0.001988708 0.01570385 -3.96085e-4 0.001956105 0.01570385 -5.88614e-5 0.00199753 0.01570385 1.67994e-4 0.001992762 0.01570385 3.92451e-4 0.001959562 0.01570385 7.18023e-4 0.001862406 0.01570385 0.001025378 0.00171715 0.01570385 0.001212477 0.001588821 0.01570385 0.001438319 0.001387834 0.01570385 0.0016312 0.001155078 0.01570385 0.001801133 8.60911e-4 0.01570385 0.001924812 5.44241e-4 0.01570385 0.001972734 3.22445e-4 0.01570385 0.001998007 9.69539e-5 0.01570385 0.001981616 -2.42623e-4 0.01570385 0.001914262 -5.75634e-4 0.01570385 0.001838028 -7.89355e-4 0.01570385 0.001735568 -9.91788e-4 0.01570385 0.001566112 -0.001242101 0.01570385 0.001360893 -0.001464068 0.01570385 0.001091718 -0.001671373 0.01570385 7.23653e-4 -0.001863241 0.01570385 4.34379e-4 -0.001950979 0.01570385 2.10685e-4 -0.001989006 0.01570385 -1.60167e-5 -0.001998603 0.01570385 -3.5405e-4 -0.001964449 0.01570385 -6.83271e-4 -0.001879632 0.01570385 -8.91194e-4 -0.001788794 0.01570385 -0.001150727 -0.001633882 0.01570385 -0.001329421 -0.00149399 0.01570385 -0.001489043 -0.0013327 0.01570385 -0.001691222 -0.00105971 0.01570385 -0.001850008 -7.59096e-4 0.01570385 -0.001902103 -6.16978e-4 0.01570385 -0.001963019 -3.59604e-4 0.01570385 -0.001999497 -2.15925e-5 0.01570385 -0.001987576 2.05001e-4 0.01570385 -0.001952946 4.29244e-4 0.01570385 -0.001890361 6.47345e-4 0.01570385 -0.001751065 9.57234e-4 0.01570385 -0.001517236 0.001300156 0.01570385 -0.001303791 0.001514196 0.01570385 -0.00112456 0.001653432 0.01570385 -9.29339e-4 0.001768946 0.01570385 -7.23412e-4 0.001864254 0.01570385 -7.66679e-4 0.002723932 0.01570385 -0.001330554 0.002503335 0.01570385 -0.001972973 0.002017736 0.01570385 -0.002581596 0.00113976 0.01570385 -0.002810895 3.67837e-4 0.01570385 -0.002804398 -3.71612e-4 0.01570385 -0.002667009 -9.61227e-4 0.01570385 -0.002277851 -0.001666188 0.01570385 -0.00149542 -0.002393603 0.01570385 -7.6402e-4 -0.002730429 0.01570385 -2.10979e-4 -0.00282514 0.01570385 7.76186e-4 -0.002713501 0.01570385 0.001630127 -0.002304494 0.01570385 0.002369821 -0.001533687 0.01570385 0.00271821 -8.07709e-4 0.01570385 0.002822816 -9.24489e-6 0.01570385 0.002698123 8.52519e-4 0.01570385 0.002224624 0.001737356 0.01570385 0.001652479 0.002304017 0.01570385 9.3217e-4 0.002664029 0.01570385 -5.79415e-5 0.002829253 0.01510387 -3.28645e-4 0.002977728 0.01510387 -7.41484e-4 0.00290513 0.01510387 1.83313e-4 0.002992808 0.01510387 5.98548e-4 0.002935528 0.01510387 0.001132845 0.002773523 0.01510387 0.001510798 0.002591848 0.01510387 0.001744866 0.002438664 0.01510387 0.002066314 0.002169609 0.01510387 0.002351939 0.001862585 0.01510387 0.002514064 0.001634597 0.01510387 0.002697527 0.00130999 0.01510387 0.002878785 8.30972e-4 0.01510387 0.002969086 4.21651e-4 0.01510387 0.002998471 4.99738e-5 0.01510387 0.002981543 -3.22478e-4 0.01510387 0.002939939 -5.99149e-4 0.01510387 0.002869963 -8.70031e-4 0.01510387 0.002777755 -0.001134157 0.01510387 0.002658724 -0.001387357 0.01510387 0.00251913 -0.001629829 0.01510387 0.002264082 -0.001962661 0.01510387 0.001969814 -0.002261221 0.01510387 0.001633763 -0.002511739 0.01510387 0.001269042 -0.002718687 0.01510387 8.76167e-4 -0.002865254 0.01510387 4.683e-4 -0.002961933 0.01510387 9.71249e-5 -0.0029971 0.01510387 -4.14187e-4 -0.002967298 0.01510387 -8.24767e-4 -0.002882897 0.01510387 -0.001217782 -0.002737283 0.01510387 -0.001589894 -0.002543926 0.01510387 -0.001819133 -0.00238353 0.01510387 -0.002034306 -0.002204656 0.01510387 -0.002318859 -0.001896679 0.01510387 -0.00256294 -0.001555919 0.01510387 -0.002698063 -0.001310944 0.01510387 -0.00280714 -0.001053273 0.01510387 -0.002916097 -6.96742e-4 0.01510387 -0.002979993 -3.29421e-4 0.01510387 -0.002997815 4.29901e-5 0.01510387 -0.002969324 4.14734e-4 0.01510387 -0.002919137 6.89978e-4 0.01510387 -0.00279057 0.001089096 0.01510387 -0.002539992 0.001588046 0.01510387 -0.002295553 0.001928567 0.01510387 -0.002106845 0.002135097 0.01510387 -0.001785933 0.002405047 0.01510387 -0.001434147 0.002632975 0.01510387 -0.001096248 0.002790629 0.01240384 -5.59696e-4 0.002947092 0.01240384 -7.41843e-4 0.00290656 0.01240384 -9.21118e-4 0.002854764 0.01240384 -0.001096785 0.002792 0.01240384 -0.001351535 0.002676308 0.01240384 -0.001595795 0.002539932 0.01240384 -0.001824676 0.00237894 0.01240384 -0.002039432 0.002199649 0.01240384 -0.002234458 0.00199902 0.01240384 -0.00241214 0.001782953 0.01240384 -0.002566576 0.001549601 0.01240384 -0.002701103 0.001304328 0.01240384 -0.002809584 0.001046419 0.01240384 -0.002896249 7.80442e-4 0.01240384 -0.002939164 5.98847e-4 0.01240384 -0.002980768 3.22176e-4 0.01240384 -0.002999305 4.30109e-5 0.01240384 -0.002988815 -2.36571e-4 0.01240384 -0.002936363 -6.05701e-4 0.01240384 -0.002868533 -8.77137e-4 0.01240384 -0.002772986 -0.001140058 0.01240384 -0.002655982 -0.001394212 0.01240384 -0.002564191 -0.001556634 0.01240384 -0.002462446 -0.001713097 0.01240384 -0.002291023 -0.00193417 0.01240384 -0.002101838 -0.002140343 0.01240384 -0.001964747 -0.002266883 0.01240384 -0.001744151 -0.002438962 0.01240384 -0.001510024 -0.002592146 0.01240384 -0.001261293 -0.002720296 0.01240384 -9.14022e-4 -0.002855837 0.01240384 -6.44262e-4 -0.002930045 0.01240384 -3.68271e-4 -0.00297594 0.01240384 -8.94273e-5 -0.002998769 0.01240384 1.90284e-4 -0.00299263 0.01240384 4.68526e-4 -0.002963364 0.01240384 6.51844e-4 -0.002928555 0.01240384 9.21432e-4 -0.002853691 0.01240384 0.001183867 -0.002756834 0.01240384 0.001352965 -0.002677917 0.01240384 0.001595795 -0.002538979 0.01240384 0.001826345 -0.00238043 0.01240384 0.001970767 -0.002262294 0.01240384 0.00210762 -0.002135396 0.01240384 0.002296268 -0.001928865 0.01240384 0.002467215 -0.001707375 0.01240384 0.002614259 -0.001469373 0.01240384 0.002741158 -0.001219987 0.01240384 0.00281167 -0.001047253 0.01240384 0.002895593 -7.80366e-4 0.01240384 0.002957165 -5.07438e-4 0.01240384 0.002990126 -2.29608e-4 0.01240384 0.002999901 4.99981e-5 0.01240384 0.002980768 3.29119e-4 0.01240384 0.002938568 6.05693e-4 0.01240384 0.002867937 8.76411e-4 0.01240384 0.002736985 0.001225471 0.01240384 0.002563714 0.001555621 0.01240384 0.002408742 0.001788556 0.01240384 0.002230525 0.002004206 0.01240384 0.002035021 0.002204358 0.01240384 0.001819908 0.002383232 0.01240384 0.001590669 0.002543628 0.01240384 0.001429438 0.002637565 0.01240384 0.001176893 0.002757906 0.01240384 9.15225e-4 0.00285691 0.01240384 6.4471e-4 0.002928316 0.01240384 3.69209e-4 0.002977073 0.01240384 1.83401e-4 0.002994239 0.01240384 -3.11406e-6 0.002999842 0.01240384 -2.825e-4 0.002985 -0.009796082 0.0038051 0.001213371 -0.009796082 0.002040088 6.47403e-4 -0.009796082 0.003956735 5.61274e-4 -0.009796082 0.002120256 -2.00628e-4 -0.009796082 0.001714766 0.001290678 -0.009796082 0.003502786 0.001928985 -0.009796082 0.001482188 0.001555621 -0.009796082 0.003054082 0.002562284 -0.009796082 9.84588e-4 0.001900136 -0.009796082 0.002506792 0.003112018 -0.009796082 4.92507e-4 0.002088665 -0.009796082 -3.14696e-4 0.002115428 -0.009796082 0.00175929 0.003582 -0.009796082 8.87775e-4 0.003877818 -0.009796082 -2.67171e-4 0.003980815 -0.009796082 -0.001313686 0.003767192 -0.009796082 -0.00107336 0.001826763 -0.009796082 -0.002351462 0.003218531 -0.009796082 -0.003212451 0.002347469 -0.009796082 -0.001780867 0.001185953 -0.009796082 -0.003871798 9.40145e-4 -0.009796082 -0.002092421 4.12788e-4 -0.009796082 -0.003985643 -5.35918e-5 -0.009796082 -0.002089858 -4.59225e-4 -0.009796082 -0.00385636 -0.001033544 -0.009796082 -0.00362122 -0.001688897 -0.009796082 -0.001883685 -0.001027584 -0.009796082 -0.003286302 -0.002268671 -0.009796082 -0.001399576 -0.001595497 -0.009796082 -0.002652466 -0.002973854 -0.009796082 -0.00168842 -0.003621757 -0.009796082 -5.67632e-4 -0.002069652 -0.009796082 -9.81928e-4 -0.003873527 -0.009796082 -4.54677e-4 -0.003970146 -0.009796082 -1.04067e-4 -0.002143621 -0.009796082 2.72321e-5 -0.004000008 -0.009796082 3.48878e-4 -0.003983438 -0.009796082 2.4837e-4 -0.002134323 -0.009796082 8.25927e-4 -0.003909945 -0.009796082 5.93551e-4 -0.002062559 -0.009796082 0.001613378 -0.003649532 -0.009796082 0.002379417 -0.003210783 -0.009796082 0.002863645 -0.00278759 -0.009796082 0.003436326 -0.002014815 -0.009796082 0.003785908 -0.001292228 -0.009796082 0.00388658 -9.30425e-4 -0.009796082 9.94411e-4 -0.001904904 -0.009796082 0.003990888 -1.34139e-4 -0.009796082 0.001932263 -9.34616e-4 -0.009796082 0.001517951 -0.001499295 -0.0102961 0.003949046 5.19489e-4 -0.0102961 0.002135634 7.12724e-5 -0.0102961 0.001997113 7.77507e-4 -0.0102961 0.00206989 -5.47789e-4 -0.0102961 0.003985524 -2.94981e-4 -0.0102961 0.001880347 -0.00104022 -0.0102961 0.003923356 -7.73647e-4 -0.0102961 0.001533806 -0.001487731 -0.0102961 0.003817856 -0.001189708 -0.0102961 0.00109595 -0.001845419 -0.0102961 5.93551e-4 -0.002062559 -0.0102961 0.00355792 -0.001806676 -0.0102961 0.003078699 -0.002548098 -0.0102961 0.002440273 -0.003158092 -0.0102961 0.001759171 -0.003581583 -0.0102961 9.83338e-4 -0.00387597 -0.0102961 5.08697e-4 -0.003963708 -0.0102961 1.3092e-4 -0.00214219 -0.0102961 2.72321e-5 -0.004000008 -0.0102961 -2.94608e-4 -0.003987789 -0.0102961 -3.37956e-4 -0.002119362 -0.0102961 -7.20379e-4 -0.003933191 -0.0102961 -0.00129044 -0.003781914 -0.0102961 -9.49176e-4 -0.001918017 -0.0102961 -0.001925945 -0.003497481 -0.0102961 -0.002685844 -0.002951323 -0.0102961 -0.00160557 -0.001404166 -0.0102961 -0.003207623 -0.002377271 -0.0102961 -0.003648936 -0.001613318 -0.0102961 -0.002010881 -7.20776e-4 -0.0102961 -0.003920137 -7.7319e-4 -0.0102961 -0.002125024 1.81493e-4 -0.0102961 -0.003979325 2.40579e-4 -0.0102961 -0.003783941 0.001248717 -0.0102961 -0.001914322 9.47611e-4 -0.0102961 -0.003030002 0.002577483 -0.0102961 -0.001266539 0.001698017 -0.0102961 -0.002105772 0.003380477 -0.0102961 -9.53554e-4 0.003870427 -0.0102961 -5.5571e-4 0.002075195 -0.0102961 1.34013e-4 0.003980636 -0.0102961 0.001387715 0.003733456 -0.0102961 0.002248227 0.003303647 -0.0102961 0.002749085 0.002900302 -0.0102961 -2.08385e-4 0.002135694 -0.0102961 4.71365e-4 0.002083718 -0.0102961 0.003178775 0.002421796 -0.0102961 0.001053631 0.001863539 -0.0102961 0.003502786 0.001928985 -0.0102961 0.001482188 0.001555621 -0.0102961 0.00176084 0.00122714 -0.0102961 0.003707408 0.001491785 0.008353829 -9.5478e-5 0.003988683 0.008552134 -4.72639e-4 0.003988087 0.008552134 9.68761e-4 0.003881096 0.008353829 8.4729e-4 0.003893494 0.008353829 0.001938104 0.00349462 0.008552134 0.001996219 0.003488242 0.008353829 0.002513468 0.003102481 0.008552134 0.002693951 0.002982616 0.008353829 0.003064513 0.002556502 0.008552134 0.003238797 0.002385437 0.008353829 0.003679394 0.001526117 0.008552134 0.003730177 0.001459717 0.008353829 0.003937125 6.42204e-4 0.008552134 0.003995299 4.19372e-4 0.008353829 0.003969073 -4.6633e-4 0.008552134 0.003985285 -5.22527e-4 0.008353829 0.00382477 -0.001147449 0.008552134 0.003782331 -0.001359939 0.008353829 0.003528773 -0.001864492 0.008552134 0.003436684 -0.002090632 0.008353829 0.002979576 -0.002654254 0.008552134 0.002766728 -0.002896666 0.008353829 0.00207591 -0.003403544 0.008552134 0.001953601 -0.003513514 0.008353829 0.001202344 -0.003804743 0.008552134 8.70337e-4 -0.003913819 0.008353829 3.37532e-4 -0.003981888 0.008552134 -9.18542e-5 -0.004021346 0.008353829 -6.50783e-4 -0.003936648 0.008552134 -8.41667e-4 -0.00393325 0.008353829 -0.001644432 -0.003627717 0.008552134 -0.00186026 -0.003549635 0.008353829 -0.002732932 -0.002906858 0.008552134 -0.002828955 -0.002851545 0.008353829 -0.003386139 -0.002096831 0.008552134 -0.003521919 -0.001911759 0.008353829 -0.003888666 -8.91945e-4 0.008552134 -0.003937602 -7.92507e-4 0.008353829 -0.00398004 1.44636e-4 0.008552134 -0.003989756 3.7396e-4 0.008353829 -0.003726303 0.001425206 0.008552134 -0.003711581 0.001535058 0.008353829 -0.003413558 0.002076685 0.008552134 -0.003190934 0.002411782 0.008353829 -0.002829372 0.002807617 0.008552134 -0.002428531 0.003205895 0.008353829 -0.002238214 0.003309905 0.008552134 -0.001882791 0.003554046 0.008353829 -0.001824676 0.003559172 0.008353829 -0.001531839 0.003693163 0.008552134 -0.001288235 0.003810048 0.008353829 -0.00107479 0.003848493 0.008803844 -4.22057e-4 0.002069711 0.008803844 -9.59271e-4 0.001892745 0.008803844 -0.001352071 0.001635313 0.008803844 -0.001793563 0.0011155 0.008803844 -0.002079665 2.06425e-4 0.008803844 -0.002001941 -6.87246e-4 0.008803844 -0.001480102 -0.001488029 0.008803844 -6.77065e-4 -0.002007901 0.008803844 1.32515e-4 -0.002105236 0.008803844 8.52392e-4 -0.00194031 0.008803844 0.001460909 -0.001521885 0.008803844 0.001923859 -8.96948e-4 0.008803844 0.002097189 -9.10606e-5 0.008803844 0.001961588 7.75955e-4 0.008803844 0.00142908 0.001560926 0.008803844 0.00100243 0.001870632 0.008803844 3.16188e-4 0.002092361 0.008605599 -2.65014e-4 0.002073705 0.008605599 2.55778e-4 0.002080261 0.008605599 9.17614e-4 0.001874983 0.008605599 0.001372218 0.001584589 0.008605599 0.001914978 7.97967e-4 0.008605599 0.00209248 5.36458e-5 0.008605599 0.002030134 -5.01565e-4 0.008605599 0.001767218 -0.001121819 0.008605599 0.001234233 -0.001672804 0.008605599 5.50426e-4 -0.002019405 0.008605599 -3.20831e-4 -0.002060055 0.008605599 -0.001115083 -0.001732349 0.008605599 -0.00175482 -0.001150369 0.008605599 -0.002062976 -2.29433e-4 0.008605599 -0.00195229 7.30311e-4 0.008605599 -0.001617252 0.001323282 0.008605599 -0.001148521 0.001752972 0.008605599 -7.71834e-4 0.001951158 -0.01049607 -0.00298196 2.85337e-4 -0.01049607 -0.00298959 -2.26787e-4 -0.01049607 -0.001993119 9.98051e-5 -0.01049607 -0.001985132 -2.40072e-4 -0.01049607 -0.00293833 -5.96087e-4 -0.01049607 -0.001943767 -4.63174e-4 -0.01049607 -0.002871394 -8.67743e-4 -0.01049607 -0.001880168 -6.80971e-4 -0.01049607 -0.002776741 -0.001130998 -0.01049607 -0.001789629 -8.89031e-4 -0.01049607 -0.002614915 -0.00146687 -0.01049607 -0.001678586 -0.00108689 -0.01049607 -0.002468049 -0.00170499 -0.01049607 -0.001467108 -0.001353085 -0.01049607 -0.002297341 -0.00192666 -0.01049607 -0.002004444 -0.002226471 -0.01049607 -0.00121814 -0.001584231 -0.01049607 -0.001597464 -0.002537488 -0.01049607 -9.65288e-4 -0.001749932 -0.01049607 -0.001270234 -0.002716124 -0.01049607 -6.53934e-4 -0.00188589 -0.01049607 -8.78175e-4 -0.00286442 -0.01049607 -3.25419e-4 -0.00197339 -0.01049607 -4.70562e-4 -0.002962946 -0.01049607 -1.45698e-4 -0.00299257 -0.01049607 1.37913e-5 -0.001996159 -0.01049607 2.7362e-4 -0.002987623 -0.01049607 3.52333e-4 -0.00196743 -0.01049607 6.86873e-4 -0.002916395 -0.01049607 5.73391e-4 -0.001916289 -0.01049607 0.00100094 -0.002828359 -0.01049607 7.16666e-4 -0.001867473 -0.01049607 0.001259505 -0.002721488 -0.01049607 9.22975e-4 -0.001772999 -0.01049607 0.001625478 -0.002517104 -0.01049607 0.001179814 -0.001613557 -0.01049607 0.001963376 -0.002268731 -0.01049607 0.001356005 -0.001470565 -0.01049607 0.002100586 -0.00214231 -0.01049607 0.001463294 -0.001363873 -0.01049607 0.002317786 -0.001898944 -0.01049607 0.001607239 -0.001188457 -0.01049607 0.002563476 -0.001559078 -0.01049607 0.001768112 -9.32533e-4 -0.01049607 0.002714037 -0.001269698 -0.01049607 0.001888513 -6.55247e-4 -0.01049607 0.00289303 -7.89838e-4 -0.01049607 0.001951992 -4.374e-4 -0.01049607 0.002968668 -4.24753e-4 -0.01049607 0.00197947 -2.88549e-4 -0.01049607 0.001996278 -2.45961e-5 -0.01049607 0.002996325 -6.50094e-6 -0.01049607 0.002971887 4.12131e-4 -0.01049607 0.001975417 3.14735e-4 -0.01049607 0.002905666 7.31547e-4 -0.01049607 0.001925647 5.36112e-4 -0.01049607 0.001853823 7.51345e-4 -0.01049607 0.002778828 0.001131236 -0.01049607 0.00270313 0.001301765 -0.01049607 0.001791656 8.89366e-4 -0.01049607 0.002616941 0.001467287 -0.01049607 0.001678109 0.001085817 -0.01049607 0.002467632 0.001703917 -0.01049607 0.001467943 0.001352727 -0.01049607 0.002203881 0.002029716 -0.01049607 0.001901686 0.002320408 -0.01049607 0.001219749 0.001585066 -0.01049607 0.001676321 0.002486228 -0.01049607 0.001096367 0.001672744 -0.01049607 9.6674e-4 0.001750886 -0.01049607 0.001311957 0.002693474 -0.01049607 7.61565e-4 0.001847743 -0.01049607 8.34958e-4 0.002879858 -0.01049607 4.74143e-4 0.001941442 -0.01049607 5.63237e-4 0.002946555 -0.01049607 1.75883e-4 0.001990675 -0.01049607 2.86076e-4 0.002984702 -0.01049607 -1.33012e-4 0.002992868 -0.01049607 -5.08622e-5 0.001999139 -0.01049607 -2.76874e-4 0.001979053 -0.01049607 -6.41186e-4 0.002928912 -0.01049607 -6.79138e-4 0.001876652 -0.01049607 -0.001042604 0.002808392 -0.01049607 -0.00142616 0.002638936 -0.01049607 -0.001778066 0.002410829 -0.01049607 -0.002098798 0.002140939 -0.01049607 -0.00123924 0.001567482 -0.01049607 -9.88643e-4 0.001736521 -0.01049607 -0.001461505 0.001362562 -0.01049607 -0.002375006 0.00182563 -0.01049607 -0.001650333 0.001126468 -0.01049607 -0.002653419 0.001395761 -0.01049607 -0.001801371 8.64669e-4 -0.01049607 -0.002773284 0.001142919 -0.01049607 -0.001889109 6.55415e-4 -0.01049607 -0.002877235 8.33753e-4 -0.01049607 -0.001949787 4.36785e-4 -0.0134961 -0.001992821 -1.64764e-4 -0.0134961 -0.001997172 6.20982e-5 -0.0134961 -0.001978695 2.88247e-4 -0.0134961 -0.001951217 4.37098e-4 -0.0134961 -0.001912534 5.83444e-4 -0.0134961 -0.001832783 7.95868e-4 -0.0134961 -0.001732051 9.99173e-4 -0.0134961 -0.001606464 0.001188158 -0.0134961 -0.001408874 0.001416921 -0.0134961 -0.001179039 0.001613259 -0.0134961 -9.22216e-4 0.001772701 -0.0134961 -6.44269e-4 0.001891553 -0.0134961 -3.51573e-4 0.001967132 -0.0134961 -1.26484e-4 0.001995801 -0.0134961 1.00421e-4 0.001995861 -0.0134961 3.26179e-4 0.001973092 -0.0134961 5.47277e-4 0.00192213 -0.0134961 8.30948e-4 0.001817643 -0.0134961 0.001032292 0.001713037 -0.0134961 0.001158893 0.001630067 -0.0134961 0.001335203 0.001487255 -0.0134961 0.001496195 0.001327395 -0.0134961 0.001635849 0.001148521 -0.0134961 0.001756727 9.56515e-4 -0.0134961 0.001824021 8.20944e-4 -0.0134961 0.001880884 6.8067e-4 -0.0134961 0.001944541 4.62872e-4 -0.0134961 0.001985907 2.3977e-4 -0.0134961 0.001998901 1.32366e-5 -0.0134961 0.001988947 -2.1345e-4 -0.0134961 0.001967132 -3.63234e-4 -0.0134961 0.001911938 -5.83328e-4 -0.0134961 0.001834869 -7.9674e-4 -0.0134961 0.001731574 -9.98759e-4 -0.0134961 0.001561105 -0.001248419 -0.0134961 0.001410663 -0.001418232 -0.0134961 0.001240015 -0.00156778 -0.0134961 0.001055121 -0.001699388 -0.0134961 8.55226e-4 -0.001806616 -0.0134961 6.45491e-4 -0.001893222 -0.0134961 4.26528e-4 -0.001952707 -0.0134961 1.27153e-4 -0.001994669 -0.0134961 -1.75123e-4 -0.001990973 -0.0134961 -3.99858e-4 -0.001959681 -0.0134961 -6.18868e-4 -0.001900315 -0.0134961 -8.98382e-4 -0.001785218 -0.0134961 -0.001157283 -0.001629233 -0.0134961 -0.001335382 -0.001488626 -0.0134961 -0.001494407 -0.001326739 -0.0134961 -0.001636266 -0.001149654 -0.0134961 -0.001718461 -0.001022577 -0.0134961 -0.001821935 -8.20657e-4 -0.0134961 -0.001904547 -6.09321e-4 -0.0134961 -0.001959919 -3.89271e-4 -0.01649606 -0.001993119 9.98051e-5 -0.01649606 -0.001985132 -2.40072e-4 -0.01649606 -0.001943767 -4.63174e-4 -0.01649606 -0.001834869 -7.85001e-4 -0.01649606 -0.001678586 -0.00108689 -0.01649606 -0.001543521 -0.001269221 -0.01649606 -0.001390755 -0.001437008 -0.01649606 -0.00121814 -0.001584231 -0.01649606 -9.65288e-4 -0.001749932 -0.01649606 -6.90331e-4 -0.001875519 -0.01649606 -4.73723e-4 -0.001943111 -0.01649606 -2.50334e-4 -0.001982927 -0.01649606 5.15853e-5 -0.001998007 -0.01649606 3.52333e-4 -0.00196743 -0.01649606 6.79822e-4 -0.001877009 -0.01649606 0.001054406 -0.001698136 -0.01649606 0.001298427 -0.001519739 -0.01649606 0.001535296 -0.001276135 -0.01649606 0.001768112 -9.32533e-4 -0.01649606 0.001863718 -7.26749e-4 -0.01649606 0.001932621 -5.10573e-4 -0.01649606 0.00197947 -2.88549e-4 -0.01649606 0.001995742 5.10309e-5 -0.01649606 0.001960694 3.88969e-4 -0.01649606 0.001905322 6.09019e-4 -0.01649606 0.001853823 7.51345e-4 -0.01649606 0.001791656 8.89366e-4 -0.01649606 0.001678109 0.001085817 -0.01649606 0.001495122 0.001326441 -0.01649606 0.001277983 0.001536726 -0.01649606 0.001096367 0.001672744 -0.01649606 8.99142e-4 0.00178492 -0.01649606 5.82865e-4 0.001909017 -0.01649606 1.75883e-4 0.001990675 -0.01649606 -5.08622e-5 0.001999139 -0.01649606 -2.76874e-4 0.001979053 -0.01649606 -5.72221e-4 0.00191462 -0.01649606 -8.54467e-4 0.001806318 -0.01649606 -0.00111711 0.00165677 -0.01649606 -0.001354217 0.001469254 -0.01649606 -0.001513123 0.001307189 -0.01649606 -0.001709461 0.00102967 -0.01649606 -0.001861572 7.25927e-4 -0.01649606 -0.001933276 5.10637e-4 -0.01649606 -0.001966357 3.62933e-4 -0.01649606 -0.002829432 3.10571e-5 -0.01649606 -0.00276333 6.32963e-4 -0.01649606 -0.002461791 0.001379668 -0.01649606 -0.001772582 0.002195894 -0.01649606 -8.29408e-4 0.002697527 -0.01649606 3.13507e-5 0.002828955 -0.01649606 0.001015663 0.002633333 -0.01649606 0.001921713 0.002067327 -0.01649606 0.002437412 0.001448869 -0.01649606 0.002672851 9.39576e-4 -0.01649606 0.002819836 1.37105e-4 -0.01649606 0.002742588 -7.20633e-4 -0.01649606 0.002417504 -0.001457393 -0.01649606 0.001702785 -0.002251327 -0.01649606 7.44157e-4 -0.002722799 -0.01649606 -1.20339e-4 -0.002826869 -0.01649606 -8.49702e-4 -0.002704977 -0.01649606 -0.001570165 -0.002345263 -0.01649606 -0.002177059 -0.001816034 -0.01649606 -0.0024814 -0.001371085 -0.01649606 -0.002746582 -6.80658e-4 -0.01589608 -0.00298959 -2.26787e-4 -0.01589608 -0.002989411 1.9238e-4 -0.01589608 -0.00293833 -5.96087e-4 -0.01589608 -0.002841651 -9.56173e-4 -0.01589608 -0.002678215 -0.001342117 -0.01589608 -0.002468049 -0.00170499 -0.01589608 -0.002297341 -0.00192666 -0.01589608 -0.002108871 -0.002133429 -0.01589608 -0.001899957 -0.002319574 -0.01589608 -0.001556515 -0.00255984 -0.01589608 -0.001185715 -0.002755701 -0.01589608 -9.23364e-4 -0.002852857 -0.01589608 -5.62205e-4 -0.002945423 -0.01589608 -5.2495e-5 -0.002995669 -0.01589608 2.7362e-4 -0.002987623 -0.01589608 6.86873e-4 -0.002916395 -0.01589608 0.001216053 -0.002738416 -0.01589608 0.001703023 -0.002465307 -0.01589608 0.002031981 -0.002205491 -0.01589608 0.002317786 -0.001898944 -0.01589608 0.002563476 -0.001559078 -0.01589608 0.002752244 -0.001184642 -0.01589608 0.00289303 -7.89838e-4 -0.01589608 0.002968668 -4.24753e-4 -0.01589608 0.002996325 -6.50094e-6 -0.01589608 0.002971887 4.12131e-4 -0.01589608 0.002919137 6.86891e-4 -0.01589608 0.002811312 0.001043796 -0.01589608 0.00270313 0.001301765 -0.01589608 0.002568781 0.001547217 -0.01589608 0.002325832 0.001888811 -0.01589608 0.002042233 0.002197682 -0.01589608 0.001827657 0.002377271 -0.01589608 0.001598954 0.002538383 -0.01589608 0.001227498 0.002732992 -0.01589608 8.34958e-4 0.002879858 -0.01589608 4.24656e-4 0.002965629 -0.01589608 -8.65558e-5 0.0029971 -0.01589608 -5.95084e-4 0.002936065 -0.01589608 -0.001042604 0.002808392 -0.01589608 -0.00142616 0.002638936 -0.01589608 -0.001665115 0.002493321 -0.01589608 -0.001891076 0.002328395 -0.01589608 -0.002194583 0.002038955 -0.01589608 -0.002459645 0.001714289 -0.01589608 -0.002672493 0.001353204 -0.01589608 -0.002838969 9.68315e-4 -0.01589608 -0.002915441 6.99191e-4 -0.01319611 -0.00299102 -2.26896e-4 -0.01319611 -0.002999305 -4.04824e-5 -0.01319611 -0.002988576 2.3909e-4 -0.01319611 -0.002954721 5.16811e-4 -0.01319611 -0.002892315 7.89536e-4 -0.01319611 -0.002807497 0.001056134 -0.01319611 -0.00269556 0.001312553 -0.01319611 -0.002562701 0.00155878 -0.01319611 -0.002405166 0.001789987 -0.01319611 -0.002228975 0.002007305 -0.01319611 -0.002031207 0.002205193 -0.01319611 -0.001817762 0.002386093 -0.01319611 -0.001586735 0.002543866 -0.01319611 -0.001343429 0.00268203 -0.01319611 -0.001087129 0.002794206 -0.01319611 -8.22445e-4 0.002884745 -0.01319611 -5.49781e-4 0.002947449 -0.01319611 -1.79729e-4 0.002992928 -0.01319611 1.00001e-4 0.002998173 -0.01319611 3.78768e-4 0.00297439 -0.01319611 6.54607e-4 0.002927601 -0.01319611 9.24124e-4 0.002852559 -0.01319611 0.001270949 0.002715826 -0.01319611 0.001519262 0.002586901 -0.01319611 0.001752853 0.002432942 -0.01319611 0.001972913 0.002260148 -0.01319611 0.0021739 0.002065479 -0.01319611 0.002358078 0.001854896 -0.01319611 0.002519428 0.001626312 -0.01319611 0.002661287 0.001385211 -0.01319611 0.00274229 0.001217067 -0.01319611 0.002812683 0.001044273 -0.01319611 0.002896368 7.77332e-4 -0.01319611 0.002957642 5.04346e-4 -0.01319611 0.002983272 3.19518e-4 -0.01319611 0.00299865 4.01611e-5 -0.01319611 0.002990782 -2.39507e-4 -0.01319611 0.002954065 -5.16863e-4 -0.01319611 0.002894461 -7.9022e-4 -0.01319611 0.002839744 -9.68616e-4 -0.01319611 0.002735793 -0.001228332 -0.01319611 0.002610743 -0.001478612 -0.01319611 0.002513766 -0.001638054 -0.01319611 0.002349078 -0.001864194 -0.01319611 0.002166211 -0.00207597 -0.01319611 0.002032935 -0.002206563 -0.01319611 0.001891851 -0.002328693 -0.01319611 0.00166583 -0.002493619 -0.01319611 0.001426935 -0.002639234 -0.01319611 0.001174271 -0.002759337 -0.01319611 9.12528e-4 -0.002858102 -0.01319611 6.41946e-4 -0.00292921 -0.01319611 3.664e-4 -0.002977728 -0.01319611 1.80576e-4 -0.002994716 -0.01319611 -9.91928e-5 -0.00299704 -0.01319611 -4.70334e-4 -0.002961516 -0.01319611 -8.34198e-4 -0.002880215 -0.01319611 -0.001099407 -0.002791225 -0.01319611 -0.001354038 -0.002675294 -0.01319611 -0.001675605 -0.002486526 -0.01319611 -0.001971185 -0.002259314 -0.01319611 -0.002174198 -0.002066791 -0.01319611 -0.002356171 -0.0018543 -0.01319611 -0.002519905 -0.001627445 -0.01319611 -0.002659261 -0.001384854 -0.01319611 -0.002810537 -0.001044094 -0.01319611 -0.002896964 -7.7801e-4 -0.01319611 -0.002955436 -5.04404e-4 0.009503841 0.003956317 -5.82167e-4 0.009503841 0.00209999 -4.44045e-4 0.009503841 0.003779172 -0.001283288 0.009503841 0.001828908 -0.001111984 0.009503841 0.002146303 2.31018e-5 0.009503841 0.00399512 -1.01048e-4 0.009503841 0.00207746 5.26387e-4 0.009503841 0.003923833 7.25282e-4 0.009503841 0.001761198 0.001216113 0.009503841 0.003674089 0.001572012 0.009503841 0.001415133 0.001613497 0.009503841 7.14866e-4 0.002015888 0.009503841 0.003234505 0.002337753 0.009503841 0.002603709 0.003007948 0.009503841 0.001632153 0.00364089 0.009503841 6.07726e-4 0.003943324 0.009503841 -9.05951e-5 0.002116978 0.009503841 -5.66137e-4 0.003945767 0.009503841 -0.00173521 0.00358057 0.009503841 -0.00101602 0.001883089 0.009503841 -0.002977788 0.002647161 0.009503841 -0.001653969 0.001346528 0.009503841 -0.003544628 0.001823008 0.009503841 -0.00206083 5.75278e-4 0.009503841 -0.003890275 8.97006e-4 0.009503841 -0.003990232 2.07962e-4 0.009503841 -0.002145528 -2.34036e-5 0.009503841 -0.00396651 -4.61169e-4 0.009503841 -0.001984477 -7.52047e-4 0.009503841 -0.003737688 -0.001381278 0.009503841 -0.003190338 -0.002405822 0.009503841 -0.001472294 -0.001561105 0.009503841 -0.002684593 -0.002959668 0.009503841 -0.00226432 -0.003292441 0.009503841 -0.001097619 -0.001843988 0.009503841 -0.00185281 -0.003544926 0.009503841 -0.001560986 -0.003681242 0.009503841 -7.82079e-4 -0.002001166 0.009503841 -0.001105189 -0.003840148 0.009503841 -5.58904e-4 -0.002076089 0.009503841 -5.28473e-4 -0.00396353 0.009503841 2.7391e-4 -0.003973782 0.009503841 0.00151813 -0.003682672 0.009503841 0.002362966 -0.003222882 0.009503841 0.002736985 -0.002917468 0.009503841 0.002995669 -0.002645194 0.009503841 2.76951e-4 -0.002122223 0.009503841 -2.50679e-4 -0.002135396 0.009503841 8.61064e-4 -0.001965999 0.009503841 0.003499031 -0.001919746 0.009503841 0.001339495 -0.001664817 0.009503841 -4.05875e-4 -0.002111375 0.009003877 0.003757596 -0.001360833 0.009003877 0.002082347 -5.20508e-4 0.009003877 0.003919363 -7.93671e-4 0.009003877 0.001828908 -0.001111984 0.009003877 0.003387212 -0.002102673 0.009003877 0.001242399 -0.001729726 0.009003877 0.002961754 -0.002686858 0.009003877 5.65654e-4 -0.002070367 0.009003877 1.01991e-4 -0.0021438 0.009003877 0.002736985 -0.002917468 0.009003877 -2.50679e-4 -0.002135396 0.009003877 -4.05875e-4 -0.002111375 0.009003877 0.002492427 -0.003127098 0.009003877 0.001629054 -0.003636777 0.009003877 6.7318e-4 -0.003933727 0.009003877 -1.27019e-4 -0.003988087 0.009003877 -9.503e-4 -0.003884017 0.009003877 -5.58904e-4 -0.002076089 0.009003877 -0.001410543 -0.00373876 0.009003877 -8.89492e-4 -0.001953005 0.009003877 -0.00185281 -0.003544926 0.009003877 -0.002131223 -0.0033831 0.009003877 -0.001292765 -0.001712799 0.009003877 -0.002481639 -0.003135085 0.009003877 -0.002914071 -0.002734005 0.009003877 -0.001738071 -0.00124818 0.009003877 -0.003341794 -0.002184629 0.009003877 -0.003756582 -0.001345753 0.009003877 -0.002076625 -4.86426e-4 0.009003877 -0.003947973 -5.94016e-4 0.009003877 -0.003979206 2.87724e-4 0.009003877 -0.002113819 3.07258e-4 0.009003877 -0.003824472 0.001156866 0.009003877 -0.001791238 0.001157581 0.009003877 -0.003401041 0.002079844 0.009003877 -0.002755403 0.002878427 0.009003877 -0.001245737 0.00173527 0.009003877 -0.001466095 0.00369805 0.009003877 -3.21578e-4 0.00209397 0.009003877 -2.73208e-4 0.003973484 0.009003877 9.74217e-4 0.00386542 0.009003877 4.8315e-4 0.002093434 0.009003877 0.001986324 0.003452479 0.009003877 0.00297749 0.002645909 0.009003877 0.003535687 0.001862585 0.009003877 0.003738105 0.001424252 0.009003877 0.003856182 0.001039743 0.009003877 9.76151e-4 0.001905262 0.009003877 0.001752316 0.001233637 0.009003877 0.001415133 0.001613497 0.009003877 0.003989458 2.74471e-4 0.009003877 0.002023875 7.14661e-4 0.009003877 0.003983914 -3.15328e-4 0.009003877 0.002130866 2.57587e-4 0.009003877 0.00214684 -9.46106e-5 -0.01049607 -0.003812313 -0.001176297 -0.01049607 -0.001960575 -3.39267e-4 -0.01049607 -0.00144428 -0.001316606 -0.01049607 -0.003380298 -0.002124607 -0.01049607 -0.001928031 4.62802e-4 -0.01049607 -0.003980338 -3.10191e-4 -0.01049607 -0.001612305 0.001159727 -0.01049607 -0.003963053 4.6537e-4 -0.01049607 -0.001103043 0.001655995 -0.01049607 -0.003479063 0.001914381 -0.01049607 -0.002635121 0.002992033 -0.01049607 -0.001986205 0.003463327 -0.01049607 -8.20617e-4 0.003878116 -0.01049607 -3.01566e-4 0.001966834 -0.01049607 6.85819e-4 0.001854002 -0.01049607 5.1899e-4 0.00395596 -0.01049607 0.001549959 0.003676652 -0.01049607 0.00241369 0.003171026 -0.01049607 0.001556158 0.001215398 -0.01049607 0.003275752 0.002279639 -0.01049607 0.003746628 0.001351654 -0.01049607 0.001959323 2.34023e-4 -0.01049607 0.003986477 1.76097e-4 -0.01049607 0.001888871 -6.27707e-4 -0.01049607 0.003933727 -7.05143e-4 -0.01049607 0.003638863 -0.00162065 -0.01049607 0.001307249 -0.001476466 -0.01049607 0.003051757 -0.002575278 -0.01049607 0.002409756 -0.003180503 -0.01049607 8.62594e-4 -0.001804709 -0.01049607 9.69351e-4 -0.00386697 -0.01049607 1.59806e-5 -0.003990113 -0.01035857 0.001580536 -0.003669381 -0.01049607 -0.00145632 -0.003696262 -0.01049607 -0.002281129 -0.003285646 -0.01049607 5.43118e-4 -0.001920998 -0.01049607 2.09972e-4 -0.001987695 -0.01049607 -0.002454221 -0.00315845 -0.01049607 -1.65938e-5 -0.002000033 -0.01049607 -2.42917e-4 -0.001983821 -0.01049607 -0.002849698 -0.002796411 -0.01049607 -6.46877e-4 -0.001888334 -0.0102961 -0.001616239 -0.001097857 -0.0102961 -0.003659069 -0.001605272 -0.0102961 -0.00315833 -0.002426505 -0.0102961 -8.21025e-4 -0.001815795 -0.0102961 -0.00253719 -0.003090262 -0.0102961 -3.54685e-4 -0.00196433 -0.0102961 -1.65938e-5 -0.002000033 -0.0102961 2.09972e-4 -0.001987695 -0.0102961 -0.002281129 -0.003285646 -0.0102961 7.39044e-4 -0.001851856 -0.0102961 -0.001505911 -0.003675758 -0.0102961 -1.44873e-4 -0.003987491 -0.0102961 8.92792e-4 -0.003891885 -0.0102961 0.002364695 -0.00320965 -0.0102961 0.00128436 -0.001520574 -0.0102961 0.003051757 -0.002575278 -0.0102961 0.001755297 -9.38519e-4 -0.0102961 0.003585457 -0.001743257 -0.0102961 0.001969277 -1.20168e-4 -0.0102961 0.003898978 -8.6228e-4 -0.0102961 0.003990352 1.52685e-5 -0.0102961 0.003795981 0.001184165 -0.0102961 0.00175333 9.41863e-4 -0.0102961 0.003180861 0.0024091 -0.0102961 0.001074969 0.001636147 -0.0102961 0.002339541 0.00322777 -0.0102961 0.001194775 0.003795564 -0.0102961 -2.03614e-5 0.001982927 -0.0102961 6.52647e-5 0.00399208 -0.0102961 -9.69631e-4 0.003870129 -0.0102961 -8.41215e-4 0.001784205 -0.0102961 -0.001934766 0.003481209 -0.0102961 -0.003152608 0.002399384 -0.0102961 -0.003864645 9.22281e-4 -0.0102961 -0.00399512 6.48155e-5 -0.0102961 -0.00169444 0.001001656 -0.0102961 -0.003916382 -7.60841e-4 -0.0102961 -0.001977503 -7.68063e-5 0.009503841 -0.003839433 -0.001024663 0.009503841 -0.001945555 -1.64721e-4 0.009503841 -0.003432571 -0.002038955 0.009503841 -0.001478672 -0.001331567 0.009503841 -0.001691937 0.001024842 0.009503841 -0.003992199 1.65178e-4 0.009503841 -0.001233816 0.001568555 0.009503841 -9.51277e-4 0.001757264 0.009503841 -0.003945648 6.45608e-4 0.009503841 -7.46551e-4 0.001855134 0.009503841 -0.003836631 0.001115798 0.009503841 -0.003449499 0.0019809 0.009503841 -0.002917289 0.002733945 0.009503841 -0.002414464 0.003176033 0.009503841 -0.001329183 0.003741204 0.009503841 -3.63909e-4 0.001956284 0.009503841 1.65546e-4 0.003989219 0.009503841 4.95274e-4 0.001927375 0.009503841 8.56451e-4 0.00390309 0.009503841 0.001471459 0.003715217 0.009503841 0.00122565 0.001554369 0.009503841 0.002396702 0.003181397 0.009503841 0.003143846 0.002457141 0.009503841 0.001906991 4.29847e-4 0.009503841 0.003721773 0.001392841 0.009503841 0.003987669 2.63533e-4 0.009503841 0.003930807 -6.43123e-4 0.009503841 0.001872539 -6.74956e-4 0.009503841 0.003582417 -0.001763999 0.009503841 0.001280725 -0.001493394 0.009503841 0.002880156 -0.002754211 0.009503841 0.002355754 -0.003231287 0.009503841 8.16983e-4 -0.001825809 0.009503841 7.4276e-4 -0.003926575 0.009503841 -2.03897e-4 -0.003973126 0.009522616 0.001716256 -0.003594696 0.009503841 -0.001427173 -0.003715515 0.009503841 -0.002362966 -0.003227293 0.009503841 6.76569e-4 -0.001882374 0.009503841 -1.02674e-6 -0.001977324 0.009503841 -0.002859115 -0.002777636 0.009503841 -8.95868e-4 -0.001769244 0.009703874 -0.001834869 -6.70807e-4 0.009703874 -0.00375241 -0.001290798 0.009703874 -0.003322958 -0.002223491 0.009703874 -0.001401424 -0.001413643 0.009703874 -0.002785921 -0.002856075 0.009703874 -6.89564e-4 -0.001859426 0.009703874 1.11247e-4 -0.001975417 0.009703874 -0.002362966 -0.003227293 0.009703874 6.76569e-4 -0.001882374 0.009703874 8.16983e-4 -0.001825809 0.009703874 -0.001501977 -0.003687083 0.009703874 -9.08617e-4 -0.003893971 0.009703874 -2.45006e-4 -0.003982603 0.009703874 8.71895e-4 -0.003890097 0.009703874 0.002196609 -0.003331303 0.009703874 0.001413583 -0.001387476 0.009703874 0.003194928 -0.002372622 0.009703874 0.001763582 -9.35743e-4 0.009703874 0.003757297 -0.001343786 0.009703874 0.001962542 -3.09913e-4 0.009703874 0.00398004 -1.64944e-4 0.009703874 0.001912117 5.27324e-4 0.009703874 0.003841578 0.001051962 0.009703874 0.003463208 0.001994013 0.009703874 0.001461327 0.001340448 0.009703874 0.002936482 0.002702593 0.009703874 0.001953482 0.003454446 0.009703874 8.14612e-4 0.001815676 0.009703874 9.60993e-4 0.003878653 0.009703874 2.55613e-4 0.00197947 0.009703874 3.79991e-4 0.003980338 0.009703874 -2.09749e-4 0.003990352 0.009703874 -3.63909e-4 0.001956284 0.009703874 -0.001230299 0.003783941 0.009703874 -7.46551e-4 0.001855134 0.009703874 -0.002216577 0.003314077 0.009703874 -0.002843856 0.002812325 0.009703874 -0.003374755 0.00210756 0.009703874 -0.003805279 0.001218438 0.009703874 -0.003951489 5.92228e-4 0.009703874 -0.001048147 0.001698255 0.009703874 -0.001577019 0.00119549 0.009703874 -0.003995299 -4.93703e-5 0.009703874 -0.001918137 5.31341e-4 -0.001269698 -0.00295788 -0.002981841 -9.04925e-4 -0.002738296 -0.003194749 -8.73129e-4 -0.003146946 -0.002798616 1.12695e-4 -0.003107428 -0.002836942 -3.64319e-4 -0.003331542 -0.002619683 8.29706e-5 -0.003448605 -0.002506196 -8.752e-4 -0.002397119 -0.003525435 -4.27911e-4 -0.002514183 -0.003412008 8.08992e-5 -0.002698779 -0.003233075 4.77523e-4 -0.002887845 -0.00304979 -1.56226e-6 -0.002362072 -0.00355941 -7.90667e-4 -0.003483653 -0.002472221 -2.66489e-4 -6.82505e-4 -0.002123594 -7.32149e-4 -7.28031e-4 -0.002079427 -0.001168966 -9.46414e-4 -0.001867771 -0.001356124 -0.001215517 -0.001606881 -0.001369297 -0.001491487 -0.001339375 -0.001148641 -0.001854479 -9.8754e-4 -9.90426e-4 -0.001969099 -8.76442e-4 -7.17236e-4 -0.002064704 -7.83744e-4 -2.7553e-4 -0.002094745 -7.54615e-4 2.88649e-4 -0.001900076 -9.43344e-4 8.43674e-5 -7.65131e-4 -0.002043485 3.55933e-4 -9.29143e-4 -0.00188452 5.63575e-4 -0.001558125 -0.001274824 5.64207e-4 -0.001201629 -0.001620352 -3.48932e-4 -6.63155e-4 -0.002838671 -6.73226e-4 -6.8637e-4 -0.0028162 -5.81887e-5 -6.93201e-4 -0.002809584 3.07503e-4 -7.91658e-4 -0.002714157 6.25244e-4 -9.5472e-4 -0.002556085 8.37591e-4 -0.001131951 -0.002384245 0.001005709 -0.001359343 -0.002163827 0.0010764 -0.001539885 -0.001988768 0.001097798 -0.001796841 -0.00173968 0.001055955 -0.002005457 -0.001537501 8.64559e-4 -0.002314865 -0.00123763 6.03901e-4 -0.002538621 -0.001020669 2.81825e-4 -0.002697229 -8.66969e-4 9.33557e-6 -0.00277549 -7.91086e-4 -1.82237e-4 -0.00280565 -7.61859e-4 -4.7583e-4 -0.002812325 -7.55402e-4 -7.66325e-4 -0.002782285 -7.84514e-4 -0.001012802 -0.002720296 -8.44613e-4 -0.001240611 -0.002628505 -9.33596e-4 -0.00139594 -0.002542495 -0.001016914 -0.001591742 -0.002385318 -0.001169323 -0.001746416 -0.002206206 -0.001342892 -0.001844823 -0.002007663 -0.001535356 -0.001894533 -0.001752734 -0.001782476 -0.001874923 -0.001565694 -0.001963794 -0.00179696 -0.001362562 -0.002160727 -0.001634001 -0.001133203 -0.002382993 -0.001468539 -9.88122e-4 -0.00252366 -0.001270532 -8.6582e-4 -0.002642214 -0.001045882 -7.70069e-4 -0.002735078 -6.41731e-4 -0.002280831 -0.004473805 -3.48932e-4 -0.002263963 -0.004490137 -1.22174e-4 -0.002284407 -0.004470348 3.07503e-4 -0.00239247 -0.004365563 5.76516e-4 -0.002524256 -0.00423783 8.87567e-4 -0.002793252 -0.003977119 0.001046538 -0.003049373 -0.003728866 0.001094996 -0.003233671 -0.003550171 0.001077115 -0.003513753 -0.003278672 9.5365e-4 -0.003803789 -0.002997517 7.40649e-4 -0.00403887 -0.002769708 4.7831e-4 -0.004214286 -0.002599596 1.6301e-4 -0.004336833 -0.002480804 -1.17945e-4 -0.004397809 -0.002421736 -4.10495e-4 -0.004414618 -0.002405405 -7.02924e-4 -0.00439471 -0.002424716 -8.91477e-4 -0.004355967 -0.002462267 -0.001129508 -0.004278779 -0.002537071 -0.001345276 -0.004173099 -0.002639532 -0.00155133 -0.004023015 -0.002785027 -0.001718044 -0.003849387 -0.00295335 -0.001797914 -0.00372076 -0.003077983 -0.001881599 -0.003446877 -0.003343522 -0.001885533 -0.003212869 -0.003570318 -0.00184822 -0.003074645 -0.003704309 -0.001745879 -0.002877175 -0.003895759 -0.001555681 -0.002658903 -0.004107296 -0.001373231 -0.002524673 -0.004237413 -0.001161098 -0.002415239 -0.004343509 -9.2576e-4 -0.002333879 -0.004422366 -4.27911e-4 -0.00307101 -0.003986418 -3.9951e-4 -0.002557992 -0.004483699 -1.56226e-6 -0.002918899 -0.00413382 3.7699e-4 -0.002763628 -0.004284381 8.08992e-5 -0.003255546 -0.003807485 8.46209e-4 -0.003305375 -0.003759205 4.77523e-4 -0.003444612 -0.0036242 7.15754e-4 -0.003883361 -0.003198921 1.12695e-4 -0.003664255 -0.003411352 8.29706e-5 -0.004005432 -0.003080606 1.3327e-4 -0.004318773 -0.002776861 -3.64319e-4 -0.003888368 -0.003194093 -5.57864e-4 -0.004383265 -0.002714395 -7.90667e-4 -0.00404042 -0.003046691 -0.001257598 -0.004152059 -0.002938508 -8.73129e-4 -0.003703773 -0.003373026 -0.001651763 -0.003692209 -0.003384232 -0.001269698 -0.003514707 -0.003556311 -0.001631081 -0.003214657 -0.003847181 -9.04925e-4 -0.003295123 -0.003769159 -0.001275479 -0.002829909 -0.004220128 -8.752e-4 -0.002953946 -0.004099845 -0.01039606 -0.04009026 0.04018473 -0.01039606 -0.04074281 0.04100549 -0.01039606 -0.04039502 0.04113978 -0.01039606 -0.04012495 0.04121297 -0.01039606 -0.03964614 0.04027074 -0.01039606 -0.03994143 0.04124671 -0.01039606 -0.03975617 0.041269 -0.01039606 -0.03947657 0.04127925 -0.01039606 -0.0393064 0.04027074 -0.01039606 -0.03919708 0.04126626 -0.01039606 -0.03892046 0.04122447 -0.01039606 -0.03889977 0.04018723 -0.01039606 -0.03864824 0.04115992 -0.01039606 -0.03838419 0.04106748 -0.01039606 -0.03865152 0.04009598 -0.01039606 -0.03812867 0.04095351 -0.01039606 -0.03835821 0.0399242 -0.01039606 -0.03788632 0.04081374 -0.01039606 -0.03758436 0.04059499 -0.01039606 -0.0381484 0.03976309 -0.01039606 -0.03731191 0.04034054 -0.01039606 -0.03796738 0.03957027 -0.01039606 -0.03712832 0.04012942 -0.01039606 -0.03696757 0.03990042 -0.01039606 -0.03776746 0.03929531 -0.01039606 -0.03682631 0.0396589 -0.01039606 -0.03762412 0.03898704 -0.01039606 -0.03671085 0.03940409 -0.01039606 -0.03659296 0.0390504 -0.01039606 -0.03752458 0.03862327 -0.01039606 -0.0365324 0.03877723 -0.01039606 -0.03650045 0.03849929 -0.01039606 -0.0374937 0.03820931 -0.01039606 -0.03649646 0.03812646 -0.01039606 -0.03753715 0.03787237 -0.01039606 -0.03652238 0.03784787 -0.01039606 -0.03657704 0.03757351 -0.01039606 -0.03665429 0.03730458 -0.01039606 -0.03766149 0.0374763 -0.01039606 -0.03675889 0.03704512 -0.01039606 -0.03688466 0.03679519 -0.01039606 -0.03782635 0.03717929 -0.01039606 -0.03703558 0.03655964 -0.01039606 -0.03720557 0.03633737 -0.01039606 -0.03803431 0.03691029 -0.01039606 -0.03739756 0.03613388 -0.01039606 -0.03829008 0.03668636 -0.01039606 -0.0376802 0.03589069 -0.01039606 -0.0379908 0.03568446 -0.01039606 -0.03867989 0.03645688 -0.01039606 -0.03823864 0.03555464 -0.01039606 -0.03849858 0.03545117 -0.01039606 -0.03892678 0.03636199 -0.01039606 -0.0387662 0.03536957 -0.01039606 -0.03907352 0.03632479 -0.01039606 -0.03894859 0.03533017 -0.01039606 -0.0394113 0.03628623 -0.01039606 -0.03913307 0.03530216 -0.01039606 -0.0394122 0.0352832 -0.01039606 -0.03969192 0.03528743 -0.01039606 -0.03978782 0.03630685 -0.01039606 -0.03996974 0.03532063 -0.01039606 -0.04024386 0.03537672 -0.01039606 -0.04019033 0.03640848 -0.01039606 -0.04051065 0.03546082 -0.01039606 -0.04076957 0.0355668 -0.01039606 -0.04056084 0.03659558 -0.01039606 -0.04101616 0.035699 -0.01039606 -0.04132479 0.03590822 -0.01039606 -0.04083263 0.03679943 -0.01039606 -0.04153883 0.03608834 -0.01039606 -0.04173314 0.03628969 -0.01039606 -0.04104071 0.03701871 -0.01039606 -0.04191005 0.03650641 -0.01039606 -0.0412659 0.03736746 -0.01039606 -0.04201573 0.03666025 -0.01039606 -0.04211157 0.03682035 -0.01039606 -0.04223489 0.03707146 -0.01039606 -0.04137468 0.0376085 -0.01039606 -0.04236376 0.03742128 -0.01039606 -0.04145747 0.03793823 -0.01039606 -0.04243278 0.03769242 -0.01039606 -0.04247337 0.03796929 -0.01039606 -0.04248893 0.03834176 -0.01039606 -0.04245817 0.03871333 -0.01039606 -0.04238158 0.03907823 -0.01039606 -0.0414589 0.03861486 -0.01039606 -0.04137748 0.03894495 -0.01039606 -0.04229605 0.0393446 -0.01039606 -0.04128879 0.03915375 -0.01039606 -0.04222446 0.03951692 -0.01039606 -0.04214233 0.03968447 -0.01039606 -0.0419988 0.03992462 -0.01039606 -0.04106754 0.039505 -0.01039606 -0.04183584 0.04015207 -0.01039606 -0.04171496 0.04029422 -0.01039606 -0.04083895 0.03975629 -0.01039606 -0.04151666 0.04049158 -0.01039606 -0.04130274 0.04067188 -0.01039606 -0.04050356 0.04000091 -0.01039606 -0.04115056 0.04077988 -0.01039606 -0.04099196 0.04087823 -0.01039606 -0.0414896 0.03827649 -0.00834608 -0.04023259 0.04013389 -0.00834608 -0.04053729 0.03998357 -0.00834608 -0.04078215 0.03980624 -0.00834608 -0.04094773 0.03965115 -0.00834608 -0.04115569 0.03938215 -0.00834608 -0.04132056 0.03908514 -0.00834608 -0.04140126 0.03887307 -0.00834608 -0.04147017 0.03854012 -0.00834608 -0.04147773 0.03808784 -0.00834608 -0.04138332 0.03764551 -0.00834608 -0.04125046 0.03733277 -0.00834608 -0.04108738 0.03707826 -0.00834608 -0.04088777 0.03685122 -0.00834608 -0.04062384 0.03663724 -0.00834608 -0.04026067 0.03643625 -0.00834608 -0.03997367 0.0363413 -0.00834608 -0.03967565 0.0362907 -0.00834608 -0.03937339 0.03628563 -0.00834608 -0.03914785 0.03631037 -0.00834608 -0.03899979 0.03634196 -0.00834608 -0.03885459 0.0363847 -0.00834608 -0.03854423 0.03652346 -0.00834608 -0.0381729 0.03678178 -0.00834608 -0.03798353 0.03696638 -0.00834608 -0.03784549 0.0371465 -0.00834608 -0.03764885 0.03751206 -0.00834608 -0.03754281 0.03783488 -0.00834608 -0.03749525 0.03824722 -0.00834608 -0.03751593 0.03858631 -0.00834608 -0.03759872 0.03891587 -0.00834608 -0.03773027 0.03922933 -0.00834608 -0.03787422 0.03945124 -0.00834608 -0.03809326 0.03971123 -0.00834608 -0.03826522 0.03985923 -0.00834608 -0.03851735 0.04002606 -0.00834608 -0.03872084 0.0401265 -0.00834608 -0.0389353 0.04020047 -0.00834608 -0.03926903 0.04026442 -0.00834608 -0.03968405 0.04026997 -0.00834608 -0.03990852 0.04023665 -0.006296098 -0.04050356 0.04000091 -0.006296098 -0.04009026 0.04018473 -0.006296098 -0.0398342 0.04025107 -0.006296098 -0.03945755 0.0402733 -0.006296098 -0.03889977 0.04018723 -0.006296098 -0.03858411 0.04006165 -0.006296098 -0.03829687 0.03988015 -0.006296098 -0.03796738 0.03957027 -0.006296098 -0.03776746 0.03929531 -0.006296098 -0.03765219 0.03905725 -0.006296098 -0.03752893 0.03866088 -0.006296098 -0.03749537 0.03832274 -0.006296098 -0.03752732 0.03790891 -0.006296098 -0.03762114 0.03758233 -0.006296098 -0.0378037 0.03720957 -0.006296098 -0.0379846 0.03696733 -0.006296098 -0.03823053 0.03673297 -0.006296098 -0.03861141 0.03648895 -0.006296098 -0.03892678 0.03636199 -0.006296098 -0.03907352 0.03632479 -0.006296098 -0.03933578 0.0362907 -0.006296098 -0.03978782 0.03630685 -0.006296098 -0.04029446 0.03645348 -0.006296098 -0.04071331 0.03670668 -0.006296098 -0.04104071 0.03701871 -0.006296098 -0.0412659 0.03736746 -0.006296098 -0.04140597 0.03771758 -0.006296098 -0.04148662 0.03823876 -0.006296098 -0.04144483 0.03868913 -0.006296098 -0.04130274 0.03911858 -0.006296098 -0.04106754 0.039505 -0.006296098 -0.04083895 0.03975629 -0.006296098 -0.04071444 0.0409134 -0.006296098 -0.04144716 0.04043465 -0.006296098 -0.04197102 0.03980374 -0.006296098 -0.04228776 0.03909617 -0.006296098 -0.04239803 0.03842061 -0.006296098 -0.0423209 0.03760421 -0.006296098 -0.04192072 0.03670138 -0.006296098 -0.04110741 0.03588676 -0.006296098 -0.04008382 0.0354321 -0.006296098 -0.03926545 0.03537911 -0.006296098 -0.0385068 0.03553879 -0.006296098 -0.03781878 0.03591549 -0.006296098 -0.03699254 0.0368126 -0.006296098 -0.03667104 0.03753 -0.006296098 -0.03658401 0.03814083 -0.006296098 -0.03666472 0.03892081 -0.006296098 -0.03703272 0.03983724 -0.006296098 -0.03756409 0.04046177 -0.006296098 -0.03812515 0.04085391 -0.006296098 -0.03915917 0.04115957 -0.006296098 -0.03987622 0.04117083 -0.006596088 -0.04057097 0.04107803 -0.006596088 -0.04082757 0.04096651 -0.006596088 -0.04021549 0.04119044 -0.006596088 -0.03994143 0.04124671 -0.006596088 -0.03975617 0.041269 -0.006596088 -0.03956991 0.04127967 -0.006596088 -0.03929018 0.04127252 -0.006596088 -0.03901207 0.04124224 -0.006596088 -0.03873854 0.04118335 -0.006596088 -0.03847086 0.04110193 -0.006596088 -0.03821307 0.04099333 -0.006596088 -0.03796511 0.04086369 -0.006596088 -0.03773194 0.04070907 -0.006596088 -0.03744417 0.04047203 -0.006596088 -0.03718805 0.04020106 -0.006596088 -0.03701794 0.03997892 -0.006596088 -0.03687173 0.03974038 -0.006596088 -0.03674578 0.03949058 -0.006596088 -0.03664636 0.03922903 -0.006596088 -0.0365507 0.03886872 -0.006596088 -0.03650724 0.03859233 -0.006596088 -0.03649264 0.03831291 -0.006596088 -0.03651183 0.03794056 -0.006596088 -0.03655505 0.03766417 -0.006596088 -0.03662669 0.03739368 -0.006596088 -0.03672045 0.03713011 -0.006596088 -0.03684097 0.03687763 -0.006596088 -0.03698205 0.03663599 -0.006596088 -0.03714734 0.03641027 -0.006596088 -0.0373308 0.03619903 -0.006596088 -0.03753507 0.03600788 -0.006596088 -0.03783226 0.03578275 -0.006596088 -0.03815507 0.03559619 -0.006596088 -0.03841054 0.03548204 -0.006596088 -0.03867638 0.03539496 -0.006596088 -0.03894859 0.03533017 -0.006596088 -0.03913307 0.03530216 -0.006596088 -0.03931891 0.03528565 -0.006596088 -0.0395987 0.0352841 -0.006596088 -0.03987765 0.03530573 -0.006596088 -0.04015284 0.0353561 -0.006596088 -0.04042291 0.03542912 -0.006596088 -0.04068398 0.03552973 -0.006596088 -0.04093587 0.03565156 -0.006596088 -0.04117375 0.03579884 -0.006596088 -0.04146873 0.03602683 -0.006596088 -0.04167121 0.03621995 -0.006596088 -0.04185259 0.03643292 -0.006596088 -0.04201573 0.03666025 -0.006596088 -0.04211157 0.03682035 -0.006596088 -0.04219728 0.03698605 -0.006596088 -0.04230481 0.03724437 -0.006596088 -0.04241162 0.03760159 -0.006596088 -0.04246366 0.03787648 -0.006596088 -0.04248696 0.03815525 -0.006596088 -0.04247933 0.03852802 -0.006596088 -0.04242557 0.03889697 -0.006596088 -0.04232639 0.03925639 -0.006596088 -0.04222446 0.03951692 -0.006596088 -0.04214233 0.03968447 -0.006596088 -0.04204994 0.03984659 -0.006596088 -0.04189175 0.04007732 -0.006596088 -0.04171496 0.04029422 -0.006596088 -0.04158544 0.04042857 -0.006596088 -0.04137533 0.04061323 -0.006596088 -0.04115056 0.04077988 -0.006596088 -0.04099196 0.04087823 0.008803844 -0.003851413 -0.001040995 0.008803844 -0.001971304 -2.69846e-4 0.008803844 -0.001489818 -0.00126481 0.008803844 -0.003272294 -0.002269804 0.008803844 -0.001823663 7.48432e-4 0.008803844 -0.003989577 1.81441e-5 0.008803844 -0.001368999 0.001438915 0.008803844 -9.33347e-4 0.00176686 0.008803844 -0.003957331 5.79922e-4 0.008803844 -7.27636e-4 0.001862585 0.008803844 -0.003744244 0.001339673 0.008803844 -0.003242492 0.002325594 0.008803844 -0.002889335 0.002763509 0.008803844 -0.00238204 0.003200471 0.008803844 -0.001672923 0.003631412 0.008803844 -9.09196e-4 0.003877639 0.008803844 -3.43985e-4 0.00195986 0.008803844 5.25221e-4 0.003947794 0.008803844 7.3216e-4 0.00183165 0.008803844 0.001705884 0.00358361 0.008803844 0.002738654 0.002901852 0.008803844 0.001598119 0.001159727 0.008803844 0.003461778 0.001977205 0.008803844 0.003926217 6.055e-4 0.008803844 0.001968741 1.45983e-4 0.008803844 0.003944218 -6.05173e-4 0.008803844 0.001865565 -6.93969e-4 0.008803844 0.003579378 -0.001748085 0.008803844 0.00125432 -0.001521646 0.008803844 0.002958953 -0.002681374 0.008803844 0.00229603 -0.003263533 0.008803844 7.98366e-4 -0.001834034 0.008803844 4.743e-4 -0.003947854 0.008941352 0.001450061 -0.003722846 0.008803844 -4.71495e-4 -0.003959476 0.008803844 -0.001539409 -0.003671586 0.008803844 -0.002395689 -0.003203034 0.008903861 6.57384e-4 -0.001889109 0.008803844 4.388e-4 -0.001950025 0.008803844 2.62631e-5 -0.00199604 0.008803844 -0.002682983 -0.002961158 0.008803844 -6.39584e-4 -0.001881778 0.009003877 -0.001731157 -9.57473e-4 0.009003877 -0.003609359 -0.001649022 0.009003877 -0.001157402 -0.001618683 0.009003877 -0.002978682 -0.002650499 0.009003877 -4.02058e-4 -0.001938164 0.009003877 -0.002395689 -0.003203034 0.009003877 3.26996e-4 -0.001969277 0.009003877 7.98366e-4 -0.001834034 0.009003877 -0.001684963 -0.003603756 0.009003877 -7.10487e-4 -0.003926277 0.009003877 4.35605e-4 -0.003959 0.009003877 0.002249956 -0.00329113 0.009003877 0.001229882 -0.001564979 0.009003877 0.002958953 -0.002681374 0.009003877 0.001721084 -9.99873e-4 0.009003877 0.00352168 -0.001868724 0.009003877 0.001963794 -1.89584e-4 0.009003877 0.003866076 -9.99339e-4 0.009003877 0.003962516 2.88548e-4 0.009003877 0.00376749 0.001323044 0.009003877 0.001859486 7.2647e-4 0.009003877 0.003303706 0.002225339 0.009003877 0.001474857 0.001325547 0.009003877 0.002452015 0.003143191 0.009003877 5.54393e-4 0.001892089 0.009003877 0.001655638 0.00363332 0.009003877 2.7065e-4 0.00395739 0.009003877 -3.43985e-4 0.00195986 0.009003877 -0.001191735 0.003796279 0.009003877 -7.27636e-4 0.001862585 0.009003877 -0.002182722 0.003336429 0.009003877 -0.002815067 0.002841114 0.009003877 -0.00316435 0.002434313 0.009003877 -0.003699243 0.001436769 0.009003877 -0.003957331 5.79922e-4 0.009003877 -9.33347e-4 0.00176686 0.009003877 -0.003990292 2.05791e-4 0.009003877 -0.001398503 0.001415252 0.009003877 -0.001901984 5.17954e-4 0.009003877 -0.003958523 -5.43576e-4 0.009003877 -0.00197649 -2.51652e-4 -0.009796082 -0.003975093 1.15227e-4 -0.009796082 -0.001931905 -4.60853e-4 -0.009796082 -0.003692328 -0.00144881 -0.009796082 -0.001905679 4.92929e-4 -0.009796082 -0.0015226 0.001290023 -0.009796082 -0.003741264 0.00138539 -0.009796082 -0.001049339 0.001690506 -0.009796082 -4.24335e-4 0.00194478 -0.009796082 -0.003174483 0.002397 -0.009796082 -0.002463996 0.003137826 -0.009796082 -0.001400947 0.003718078 -0.009796082 -2.72264e-4 0.003986537 -0.009796082 5.31992e-4 0.001871109 -0.009796082 7.64517e-4 0.003899872 -0.009796082 0.002095401 0.003372728 -0.009796082 0.00137484 0.00144726 -0.009796082 0.003191232 0.002387106 -0.009796082 0.001830041 7.41841e-4 -0.009796082 0.003865182 9.43072e-4 -0.009796082 0.001990258 -2.39774e-5 -0.009796082 0.00398004 -1.55725e-4 -0.009796082 0.003706991 -0.001458108 -0.009796082 0.001775324 -8.61431e-4 -0.009796082 0.003074109 -0.002538502 -0.009796082 8.66506e-4 -0.001766264 -0.009796082 0.002336621 -0.003235518 -0.009796082 0.001502037 -0.003682911 -0.009796082 1.46175e-4 -0.001990854 -0.009796082 -2.17396e-5 -0.003990054 -0.009796082 -0.00107944 -0.003841221 -0.009658575 5.13062e-4 -0.003962159 -0.009796082 -0.002059757 -0.003417074 -0.009796082 -0.002764403 -0.002885282 -0.009796082 -0.00325483 -0.002317786 -0.009796082 -2.30853e-4 -0.001982748 -0.009796082 -7.42038e-4 -0.001852989 -0.009796082 -0.001375794 -0.001396894 -0.009596109 -0.003670513 -0.001511156 -0.009596109 -0.001982092 -1.26425e-4 -0.009596109 -0.003968417 -4.86674e-4 -0.009596109 -0.001656055 -0.001049399 -0.009596109 -9.12274e-4 -0.001771688 -0.009596109 -0.003160893 -0.002448558 -0.009596109 -4.54089e-4 -0.001943767 -0.009596109 5.1617e-5 -0.001990258 -0.009596109 -0.002840936 -0.002809941 -0.009596109 -0.002195835 -0.003331303 -0.009596109 -0.001129925 -0.003822922 -0.009596109 -7.53549e-5 -0.003993034 -0.009596109 0.00129348 -0.003774762 -0.009596109 8.17862e-4 -0.001814544 -0.009596109 0.002228021 -0.00331372 -0.009596109 0.001562118 -0.001188695 -0.009596109 0.002969503 -0.002660095 -0.009596109 0.00351274 -0.001898944 -0.009596109 0.0038414 -0.001080155 -0.009596109 0.001963138 -6.94853e-5 -0.009596109 0.003959 3.50937e-4 -0.009596109 0.001815974 7.96807e-4 -0.009596109 0.003719866 0.001443862 -0.009596109 0.003135502 0.002461969 -0.009596109 0.001242935 0.00155431 -0.009596109 0.002480268 0.003129124 -0.009596109 0.001490056 0.003676235 -0.009596109 4.39905e-4 0.001918971 -0.009596109 1.03003e-4 0.003991305 -0.009596109 -0.001198768 0.003787398 -0.009596109 -4.24335e-4 0.00194478 -0.009596109 -0.002268254 0.003278911 -0.009596109 -0.003077626 0.002525031 -0.009596109 -0.003773808 0.001283168 -0.009596109 -0.001143813 0.001628041 -0.009596109 -0.001724898 9.31598e-4 -0.009596109 -0.00397545 2.89462e-4 -0.009146094 4.57701e-4 0.00396353 -0.009344339 8.33253e-4 0.00392872 -0.009344339 -6.11906e-4 0.00395298 -0.009146094 -4.89812e-4 0.003954291 -0.009146094 -0.001612305 0.00365597 -0.009344339 -0.001670777 0.003654897 -0.009146094 -0.002220869 0.003317713 -0.009344339 -0.002411484 0.003214657 -0.009146094 -0.00281918 0.002823948 -0.009344339 -0.003008246 0.002669394 -0.009146094 -0.003525018 0.001853525 -0.009344339 -0.003581583 0.001792073 -0.009146094 -0.003861904 9.96693e-4 -0.009344339 -0.003940045 7.80055e-4 -0.009146094 -0.003994286 -1.04373e-4 -0.009344339 -0.004015445 -1.58871e-4 -0.009146094 -0.003912329 -7.95783e-4 -0.009344339 -0.003889322 -0.001011252 -0.009146094 -0.003682613 -0.001536726 -0.009344339 -0.003611385 -0.001770317 -0.009146094 -0.003207266 -0.002373039 -0.009344339 -0.003017365 -0.00263375 -0.009146094 -0.002375364 -0.003201246 -0.009344339 -0.002263545 -0.003321826 -0.009146094 -0.001541793 -0.00368005 -0.009344339 -0.001221001 -0.00381875 -0.009146094 -6.966e-4 -0.003934919 -0.009344339 -2.72561e-4 -0.004013121 -0.009146094 2.91747e-4 -0.003979444 -0.009344339 4.82149e-4 -0.003993451 -0.009146094 0.001309335 -0.003761947 -0.009344339 0.001531362 -0.003703773 -0.009146094 0.002458691 -0.003142833 -0.009344339 0.002559363 -0.003096461 -0.009146094 0.003182709 -0.002395391 -0.009344339 0.003334701 -0.002223432 -0.009146094 0.003792464 -0.001241028 -0.009344339 0.003850221 -0.001146435 -0.009146094 0.003977537 -2.17057e-4 -0.009344339 0.004007995 1.04419e-5 -0.009146094 0.003840982 0.001081287 -0.009344339 0.003836274 0.001191973 -0.009146094 0.003588616 0.001758396 -0.009344339 0.003397345 0.002112329 -0.009146094 0.003073155 0.002539336 -0.009344339 0.002710103 0.002972364 -0.009146094 0.002530038 0.003093183 -0.009344339 0.002198219 0.003368496 -0.009146094 0.00214082 0.003378927 -0.009146094 0.001861333 0.003538906 -0.009344339 0.001629352 0.003677487 -0.009146094 0.001420259 0.003735065 -0.009596109 6.08853e-4 0.002022862 -0.009596109 0.001127779 0.001797854 -0.009596109 0.001495659 0.001505851 -0.009596109 0.001888155 9.48156e-4 -0.009596109 0.002090632 1.68715e-5 -0.009596109 0.001932084 -8.66058e-4 -0.009596109 0.001339733 -0.001616239 -0.009596109 4.92889e-4 -0.002061128 -0.009596109 -3.2218e-4 -0.002084553 -0.009596109 -0.001024127 -0.001855015 -0.009596109 -0.001592159 -0.001383066 -0.009596109 -0.001996517 -7.18756e-4 -0.009596109 -0.002095997 9.95328e-5 -0.009596109 -0.001882374 9.50676e-4 -0.009596109 -0.001280784 0.001684129 -0.009596109 -8.27847e-4 0.00195384 -0.009596109 -1.24298e-4 0.002112329 -0.009397804 4.52815e-4 0.002041041 -0.009397804 -6.52332e-5 0.002094864 -0.009397804 -7.42962e-4 0.001950442 -0.009397804 -0.001222014 0.001702487 -0.009397804 -0.001833915 9.68366e-4 -0.009397804 -0.002078235 2.43218e-4 -0.009397804 -0.002066493 -3.15363e-4 -0.009397804 -0.001860916 -9.56928e-4 -0.009397804 -0.001380085 -0.001554012 -0.009397804 -7.3058e-4 -0.001961171 -0.009397804 1.33394e-4 -0.002080678 -0.009397804 9.54126e-4 -0.001826405 -0.009397804 0.001644015 -0.001304864 -0.009397804 0.002034425 -4.15671e-4 -0.009397804 0.002011239 5.50157e-4 -0.009397804 0.001731395 0.001171112 -0.009397804 0.001303553 0.001641511 -0.009397804 9.46429e-4 0.001873016 0.009603857 -0.03933018 0.04127639 0.009603857 -0.03960996 0.04127693 0.009603857 -0.03958374 0.04027712 0.009603857 -0.03988879 0.04125422 0.009603857 -0.03980958 0.04025518 0.009603857 -0.04016381 0.04120278 0.009603857 -0.04013842 0.04016888 0.009603857 -0.04043364 0.04112881 0.009603857 -0.04069435 0.04102724 0.009603857 -0.04038387 0.04007035 0.009603857 -0.0409457 0.0409044 0.009603857 -0.04061019 0.0399335 0.009603857 -0.04118305 0.04075628 0.009603857 -0.0414772 0.04052716 0.009603857 -0.04095363 0.03963905 0.009603857 -0.0416789 0.04033333 0.009603857 -0.0418595 0.04011958 0.009603857 -0.041166 0.03937363 0.009603857 -0.04206943 0.03981149 0.009603857 -0.04129213 0.03914111 0.009603857 -0.04223942 0.03947967 0.009603857 -0.04234057 0.03921878 0.009603857 -0.04145461 0.03863936 0.009603857 -0.04239338 0.03903985 0.009603857 -0.04245007 0.03876584 0.009603857 -0.04248386 0.03848814 0.009603857 -0.04148948 0.0383014 0.009603857 -0.04248869 0.03820836 0.009603857 -0.04146158 0.03796279 0.009603857 -0.04247033 0.03792923 0.009603857 -0.04242324 0.03765344 0.009603857 -0.04235339 0.03738248 0.009603857 -0.04135566 0.03756147 0.009603857 -0.04229199 0.03720629 0.009603857 -0.04221981 0.03703421 0.009603857 -0.04126346 0.03735417 0.009603857 -0.04209053 0.03678613 0.009603857 -0.04107755 0.03706949 0.009603857 -0.04194116 0.03654956 0.009603857 -0.04176807 0.03632974 0.009603857 -0.04085105 0.03681623 0.009603857 -0.04157739 0.036125 0.009603857 -0.04136651 0.03594112 0.009603857 -0.04051768 0.03656893 0.009603857 -0.04106169 0.03572642 0.009603857 -0.04081749 0.03558993 0.009603857 -0.04010587 0.03638172 0.009603857 -0.04064762 0.03551262 0.009603857 -0.04038423 0.03541827 0.009603857 -0.04011392 0.03534609 0.009603857 -0.03977549 0.0363025 0.009603857 -0.03993028 0.03531306 0.009603857 -0.03965175 0.03528648 0.009603857 -0.03943616 0.0362854 0.009603857 -0.03927898 0.0352897 0.009603857 -0.03900092 0.03532099 0.009603857 -0.03909796 0.03631973 0.009603857 -0.03881788 0.03535723 0.009603857 -0.03884369 0.03639256 0.009603857 -0.03854882 0.035434 0.009603857 -0.0382871 0.03553289 0.009603857 -0.038037 0.03565829 0.009603857 -0.03843516 0.03658676 0.009603857 -0.03779816 0.03580397 0.009603857 -0.03757566 0.0359736 0.009603857 -0.03808087 0.03686803 0.009603857 -0.03736799 0.03616106 0.009603857 -0.03718084 0.03636908 0.009603857 -0.0378586 0.03712522 0.009603857 -0.03701156 0.03659182 0.009603857 -0.03777587 0.037252 0.009603857 -0.03691136 0.03674924 0.009603857 -0.03682118 0.03691256 0.009603857 -0.03765863 0.03748911 0.009603857 -0.03670662 0.03716784 0.009603857 -0.03661364 0.03743171 0.009603857 -0.03752744 0.03792196 0.009603857 -0.03654849 0.03770381 0.009603857 -0.03649961 0.03807342 0.009603857 -0.0374971 0.03837329 0.009603857 -0.03649187 0.03835308 0.009603857 -0.03651314 0.03863203 0.009603857 -0.03753781 0.03871083 0.009603857 -0.03657972 0.0389989 0.009603857 -0.03669136 0.03935462 0.009603857 -0.03680235 0.03961145 0.009603857 -0.03693926 0.03985548 0.009603857 -0.0370959 0.04008722 0.009603857 -0.03727573 0.04030156 0.009603857 -0.03785979 0.03943109 0.009603857 -0.03816068 0.03976881 0.009603857 -0.03747272 0.04050028 0.009603857 -0.0376892 0.04067754 0.009603857 -0.0384308 0.03997486 0.009603857 -0.03791958 0.04083621 0.009603857 -0.03808152 0.04092895 0.009603857 -0.03873419 0.04012775 0.009603857 -0.03833496 0.04104745 0.009603857 -0.03859734 0.04114454 0.009603857 -0.03886842 0.04121392 0.009603857 -0.03924435 0.0402615 0.009603857 -0.03914427 0.0412606 0.009603857 -0.03764265 0.03903424 0.007553875 -0.03965926 0.04027217 0.007553875 -0.03943246 0.04027986 0.007553875 -0.03909522 0.04023712 0.007553875 -0.03866487 0.04009777 0.007553875 -0.03836745 0.03993356 0.007553875 -0.03813099 0.03974515 0.007553875 -0.03792566 0.0395233 0.007553875 -0.0377562 0.03927302 0.007553875 -0.03759092 0.0388922 0.007553875 -0.0375123 0.0385617 0.007553875 -0.03749257 0.03826004 0.007553875 -0.03751856 0.03795886 0.007553875 -0.03756636 0.03773701 0.007553875 -0.03768992 0.03742033 0.007553875 -0.03781604 0.03718781 0.007553875 -0.03790348 0.03706431 0.007553875 -0.03813534 0.03681564 0.007553875 -0.03850001 0.03654801 0.007553875 -0.03880715 0.03640282 0.007553875 -0.03902399 0.036336 0.007553875 -0.03924757 0.03629702 0.007553875 -0.03958714 0.03628695 0.007553875 -0.04003357 0.03635978 0.007553875 -0.04042011 0.03651124 0.007553875 -0.04067635 0.03667157 0.007553875 -0.04085201 0.03681522 0.007553875 -0.04095894 0.03692233 0.007553875 -0.04116469 0.037193 0.007553875 -0.04132711 0.03749138 0.007553875 -0.0414319 0.03781461 0.007553875 -0.0414862 0.03833919 0.007553875 -0.04142183 0.03878694 0.007553875 -0.04125827 0.03920865 0.007553875 -0.04112344 0.03943622 0.007553875 -0.04090118 0.03969341 0.007553875 -0.04054689 0.03997468 0.007553875 -0.0403155 0.04010283 0.007553875 -0.0399937 0.04021245 0.005503833 -0.03924435 0.0402615 0.005503833 -0.03958374 0.04027712 0.005503833 -0.03980958 0.04025518 0.005503833 -0.04013842 0.04016888 0.005503833 -0.04057699 0.03995168 0.005503833 -0.04095363 0.03963905 0.005503833 -0.04127264 0.03917354 0.005503833 -0.04143959 0.03871351 0.005503833 -0.04148948 0.0383014 0.005503833 -0.04146158 0.03796279 0.005503833 -0.0413829 0.03763204 0.005503833 -0.04129594 0.03742247 0.005503833 -0.04107755 0.03706949 0.005503833 -0.04085105 0.03681623 0.005503833 -0.04051768 0.03656893 0.005503833 -0.0401774 0.03640639 0.005503833 -0.03985041 0.03631329 0.005503833 -0.03951162 0.03628474 0.005503833 -0.03917264 0.03630769 0.005503833 -0.03895074 0.03635507 0.005503833 -0.03873658 0.03643 0.005503833 -0.03843516 0.03658676 0.005503833 -0.03808087 0.03686803 0.005503833 -0.03781723 0.03718858 0.005503833 -0.03762996 0.03755909 0.005503833 -0.03754717 0.03781026 0.005503833 -0.0375005 0.0381847 0.005503833 -0.03752434 0.03863638 0.005503833 -0.03764265 0.03903424 0.005503833 -0.03785979 0.03943109 0.005503833 -0.03810524 0.03971737 0.005503833 -0.0384643 0.03999245 0.005503833 -0.03883945 0.04017007 0.005503833 -0.03967595 0.0411852 0.005503833 -0.03865146 0.0410543 0.005503833 -0.03781914 0.04066294 0.005503833 -0.03706294 0.039851 0.005503833 -0.03662508 0.03878295 0.005503833 -0.03658628 0.03810018 0.005503833 -0.03668183 0.0374906 0.005503833 -0.03701335 0.03677779 0.005503833 -0.03785204 0.03589236 0.005503833 -0.03854525 0.03552526 0.005503833 -0.03930604 0.03537625 0.005503833 -0.04022037 0.03547608 0.005503833 -0.04120159 0.03594154 0.005503833 -0.04194259 0.03673553 0.005503833 -0.04237031 0.0379498 0.005503833 -0.04236519 0.03873372 0.005503833 -0.04194563 0.03980916 0.005503833 -0.04120349 0.04063391 0.005503833 -0.0404787 0.04101759 0.005803883 -0.03979599 0.04126369 0.005803883 -0.03951674 0.04128062 0.005803883 -0.03933018 0.04127639 0.005803883 -0.04007291 0.04122376 0.005803883 -0.04034417 0.04115533 0.005803883 -0.04060888 0.04106467 0.005803883 -0.04086273 0.04094713 0.005803883 -0.04110604 0.04080891 0.005803883 -0.04133367 0.04064625 0.005803883 -0.04161298 0.04039931 0.005803883 -0.04180228 0.04019331 0.005803883 -0.04196923 0.03996878 0.005803883 -0.04215961 0.03964823 0.005803883 -0.04230868 0.03930646 0.005803883 -0.04239338 0.03903985 0.005803883 -0.04243499 0.03885793 0.005803883 -0.0424745 0.03858095 0.005803883 -0.04249095 0.03830164 0.005803883 -0.04247838 0.03802216 0.005803883 -0.04244273 0.03774464 0.005803883 -0.04237854 0.03747236 0.005803883 -0.04229199 0.03720629 0.005803883 -0.04221981 0.03703421 0.005803883 -0.04213702 0.03686702 0.005803883 -0.0419926 0.03662741 0.005803883 -0.04182875 0.03640055 0.005803883 -0.04164236 0.03619194 0.005803883 -0.04143935 0.03599947 0.005803883 -0.04121744 0.03582906 0.005803883 -0.04089987 0.03563374 0.005803883 -0.04064762 0.03551262 0.005803883 -0.04047328 0.0354461 0.005803883 -0.04020458 0.03536832 0.005803883 -0.03993028 0.03531306 0.005803883 -0.03974497 0.03529149 0.005803883 -0.0394653 0.03528225 0.005803883 -0.03909343 0.03530865 0.005803883 -0.03881788 0.03535723 0.005803883 -0.03863745 0.03540474 0.005803883 -0.0383737 0.03549814 0.005803883 -0.0381186 0.03561305 0.005803883 -0.03787678 0.03575372 0.005803883 -0.03764748 0.035914 0.005803883 -0.03743594 0.03609716 0.005803883 -0.03724032 0.0362972 0.005803883 -0.03706645 0.03651636 0.005803883 -0.03691136 0.03674924 0.005803883 -0.03682118 0.03691256 0.005803883 -0.03674125 0.03708118 0.005803883 -0.03664284 0.03734308 0.005803883 -0.03656643 0.03761225 0.005803883 -0.03651833 0.03788787 0.005803883 -0.03649252 0.0382598 0.005803883 -0.03650218 0.0385394 0.005803883 -0.03654074 0.03881651 0.005803883 -0.03663003 0.03917849 0.005803883 -0.03676354 0.03952658 0.005803883 -0.03689026 0.03977602 0.005803883 -0.03704208 0.04001104 0.005803883 -0.03721284 0.04023265 0.005803883 -0.03740566 0.04043537 0.005803883 -0.03761458 0.04062145 0.005803883 -0.03784167 0.04078489 0.005803883 -0.03808152 0.04092895 0.005803883 -0.03824889 0.04101151 0.005803883 -0.03850919 0.04111397 0.005803883 -0.03877711 0.04119455 0.005803883 -0.03905194 0.04124695 -0.006592094 -0.002083241 0.01021343 -0.006746113 -0.01237177 0.02020972 -4.46115e-4 -0.002104043 0.0102567 -4.46115e-4 -0.02263957 0.03016281 -0.006764292 -0.02258837 0.03008365 0.005853831 -0.01237177 0.02020972 0.005748927 -0.0226745 0.03016823 0.00575304 -0.002225756 0.01037025 0.007127046 -0.002803862 0.01025313 0.007020175 -0.007231414 0.01466971 0.007127046 -0.02262139 0.02946317 0.006469964 -0.02235293 0.02974009 0.006664216 -0.0190317 0.02641278 0.006535887 -0.00868225 0.0164569 0.006403982 -0.008929431 0.01675957 0.006269037 -0.01053035 0.01836085 0.006062567 -0.02228945 0.0298056 0.006131887 -0.006936192 0.0149123 0.005993247 -0.008380889 0.01633405 0.006906986 -0.006895959 0.01445811 0.006788074 -0.002633929 0.01042842 0.006788074 -0.01907628 0.02636677 0.006664216 -0.002589344 0.01047444 0.006963551 -0.02253061 0.02955675 0.008353829 -0.004725098 0.008271157 0.008348047 -0.01307404 0.01665282 0.008353829 -0.01463383 0.01787614 0.008301913 -0.01084095 0.01506191 0.00826174 -0.01264578 0.01709467 0.00826174 -0.02397006 0.02807188 0.008210241 -0.02383023 0.02821606 0.008210241 -0.01250594 0.01723891 0.008147656 -0.02369266 0.02835798 0.008147656 -0.01519948 0.02012515 0.008074104 -0.02355772 0.02849721 0.008074104 -0.01364898 0.01889216 0.007989943 -0.02342587 0.02863323 0.007989943 -0.01740986 0.02280163 0.00789529 -0.02329748 0.02876573 0.00789529 -0.01409649 0.01984673 0.007790505 -0.02317291 0.02889418 0.007790505 -0.01397192 0.01997524 0.007675945 -0.02305263 0.02901828 0.007675945 -0.0111975 0.01752656 0.007551908 -0.02293699 0.02913755 0.007551908 -0.01302826 0.01953256 0.007418751 -0.02282637 0.02925169 0.007418751 -0.01150208 0.01827454 0.007277011 -0.02272105 0.02936035 0.007277011 -0.01352006 0.02044141 0.007790505 -0.003355383 0.009684145 0.00789529 -0.003479957 0.009555637 0.007989943 -0.003608345 0.009423196 0.008074104 -0.003740191 0.009287178 0.008147656 -0.003875136 0.009147942 0.008210241 -0.004012763 0.009006023 0.00826174 -0.004152536 0.00886178 0.008301913 -0.004294097 0.008715748 0.008330762 -0.004437029 0.008568286 0.008330762 -0.01434576 0.01817333 0.008348047 -0.004580855 0.00841993 0.007675945 -0.003235101 0.009808182 0.007551908 -0.003119468 0.009927511 0.007418751 -0.003008842 0.01004165 0.007277011 -0.002903521 0.01015031 0.008301913 -0.02411162 0.02792578 0.008330762 -0.02425456 0.02777838 0.008353829 -0.02454262 0.02748119 0.008348047 -0.02439832 0.02763003 0.008353829 -0.01529508 0.01719403 0.008353829 -0.005386292 0.007589042 0.007153868 -0.01526027 0.01722997 0.007153868 -0.005351483 0.007624924 0.007153868 -0.01557344 0.01690685 0.007153868 -0.005664706 0.007301807 0.007753849 -0.00438857 0.008618295 0.007753849 -0.005142688 0.007840335 0.007753849 -0.01429736 0.01822334 0.007753849 -0.01505148 0.01744532 0.006975948 -0.00318861 0.009856224 0.006916821 -0.01537609 0.02175748 0.006792008 -0.003062188 0.009986639 0.007347345 -0.01389199 0.01957088 0.007436275 -0.01322066 0.01871442 0.007476687 -0.02349203 0.02856492 0.007517158 -0.01681017 0.02198189 0.007589757 -0.02365386 0.02839803 0.007146477 -0.01276808 0.01887148 0.007035076 -0.01623749 0.02241778 0.007146477 -0.003323793 0.009716749 0.007250666 -0.01131546 0.01727211 0.007250666 -0.003419399 0.009618103 0.007589757 -0.003836333 0.009187996 0.007347345 -0.00351876 0.009515643 0.007476687 -0.003674566 0.009354889 0.007347345 -0.02333629 0.02872568 0.007250666 -0.02323693 0.02882814 0.006792008 -0.02287971 0.02919667 0.007146477 -0.02314132 0.02892678 0.006975948 -0.02300614 0.02906626 0.006598591 -0.02178704 0.02834117 0.006692767 -0.01817816 0.02475291 0.006704211 -0.02282887 0.02924913 0.006095349 -0.02049118 0.02735453 0.005975067 -0.02048015 0.02736586 0.005975067 -0.003805577 0.01120245 0.005853831 -0.01271981 0.01985073 0.006095349 -0.003816604 0.01119107 0.006224215 -0.01708966 0.02401703 0.006213843 -0.003834784 0.01117229 0.006356418 -0.01204156 0.01906335 0.006356239 -0.003867268 0.01113879 0.006474077 -0.01356381 0.0204671 0.006493151 -0.003909587 0.01109516 0.006586551 -0.01484566 0.02162307 0.006598591 -0.003951311 0.01105213 0.006692767 -0.005977988 0.01292675 0.006704211 -0.003011345 0.01003903 0.006493151 -0.02174532 0.0283842 0.006356239 -0.021703 0.02842789 0.00636065 -0.002280473 0.01028931 0.007085323 -0.00258702 0.01002466 0.006691336 -0.0020352 0.009540021 0.006328165 -0.001764237 0.009126305 0.005897164 -0.001923739 0.009968996 0.00565046 -0.001696586 0.009616017 0.006025135 -0.001639842 0.008625566 0.005639672 -0.001580417 0.009248733 0.005353868 -0.001530647 0.009018957 8.22635e-4 -0.001563429 0.009260654 8.22635e-4 -0.001604139 0.00943017 8.22635e-4 -0.001648485 0.009562432 8.22635e-4 -0.001702427 0.009691059 8.22635e-4 -0.001765668 0.009815394 8.22635e-4 -0.001837849 0.009934782 0.002091348 -0.001918613 0.0100485 0.002091348 -0.002007484 0.01015603 0.005353868 -0.001524388 0.008708119 0.007723748 -0.003358423 0.007054507 0.007501065 -0.002741456 0.007579922 0.007963061 -0.003445088 0.007569074 0.008340179 -0.004530251 0.00808227 0.008311986 -0.004311561 0.00805062 0.008250534 -0.003956854 0.008493959 0.008045792 -0.003446459 0.008830547 0.007779419 -0.003010034 0.009144425 0.007596135 -0.00300759 0.009700953 0.006897211 -0.002080559 0.007970809 0.007206618 -0.002260506 0.008715808 0.007619142 -0.002701997 0.008227109 0.007291972 -0.002475678 0.009465575 0.007434308 -0.00308603 0.006880521 0.00628376 -0.001832962 0.007763743 0.006977319 -0.002614557 0.006926596 0.006767153 -0.002229154 0.007309198 0.005736112 -0.001613736 0.008142828 0.006820201 -0.002808392 0.006512343 0.006136059 -0.002168416 0.006915986 0.002453863 -0.001541256 0.008397638 0.005653142 -0.001741588 0.007578909 0.005353868 -0.00156784 0.008192002 0.005353868 -0.001605808 0.007988154 0.006220102 -0.00253874 0.006421804 0.005737423 -0.001949608 0.007108807 0.005353868 -0.001655161 0.00778681 0.005353868 -0.0017156 0.007588446 0.005353868 -0.001787006 0.007393777 0.005654096 -0.002240598 0.00661683 0.005353868 -0.001869142 0.0072034 0.005353868 -0.001961767 0.00701791 0.005353868 -0.002064585 0.006837844 0.005759954 -0.002593576 0.006204962 0.005353868 -0.002177298 0.006663858 0.005353868 -0.002365231 0.006416141 0.005353868 -0.002570986 0.006183087 0.008175075 -0.003867805 0.007799565 0.008340179 -0.005191445 0.007400155 0.008285701 -0.00493443 0.007150948 0.008119165 -0.004563868 0.00679177 0.007871985 -0.004217267 0.006455838 0.007533311 -0.003913223 0.006161093 0.006978988 -0.003581523 0.005839526 0.006330251 -0.003354668 0.005619704 0.005670011 -0.003246963 0.005515217 0.005353868 -0.00323224 0.005500972 0.00781244 -0.01316589 0.0144338 0.007253885 -0.01812028 0.01923626 0.006951808 -0.005031764 0.00655061 -4.46115e-4 -0.004370033 0.005907595 -4.46115e-4 -0.003969013 0.005518794 0.007126986 -0.005164146 0.007349193 0.005353868 -0.004372239 0.006048977 0.005672514 -0.00413084 0.006332099 0.005353868 -0.004059076 0.006372094 0.007468223 -0.00487715 0.007443666 0.007353842 -0.01264387 0.01497226 0.007653832 -0.01759827 0.01977479 0.005353868 -0.00266534 0.006947875 0.005353868 -0.003419458 0.006169855 0.005558371 -0.002860844 0.006760179 0.007730484 -0.004553377 0.00802356 0.005600273 -0.002054572 0.008652508 0.005353868 -0.002029538 0.008985638 0.005353868 -0.002023875 0.008727192 0.002816379 -0.002036631 0.008468985 0.005353868 -0.002072393 0.008212983 0.005353868 -0.002126336 0.00796014 0.005770862 -0.002202212 0.00787127 0.005353868 -0.002174198 0.007794559 0.005353868 -0.002230942 0.007631719 0.007423877 -0.003394842 0.009085953 0.007434666 -0.003302335 0.008342206 0.007057666 -0.002813577 0.008716523 0.00693953 -0.00285989 0.007752537 0.006461024 -0.002396702 0.008072733 0.00602889 -0.002156734 0.008522152 0.006968736 -0.003019034 0.009640634 0.006603658 -0.002442419 0.008859276 0.006487905 -0.002457082 0.009357511 0.005747675 -0.00210458 0.009188413 0.005353868 -0.002052545 0.009155273 -1.11146e-5 -0.002110481 0.009368479 0.005698144 -0.002224564 0.009546577 2.78885e-4 -0.002165794 0.009500026 -8.81115e-4 -0.002226412 0.009613215 0.005734145 -0.002497434 0.009926378 -0.00211358 -0.002297461 0.009720265 -0.001678586 -0.002371013 0.009812235 -4.46115e-4 -0.002452015 0.009897708 0.006283223 -0.002627432 0.009901821 -0.006246089 -0.001963078 0.01010227 -0.006246089 -0.001530647 0.009018957 -0.0037086 -0.001545071 0.009157717 -0.006246089 -0.001524388 0.008708119 -4.46115e-4 -0.00152266 0.008811771 -4.46115e-4 -0.001526176 0.008604466 -0.003346085 -0.00156784 0.008192002 -0.003346085 -0.001605808 0.007988154 -0.003346085 -0.001655161 0.00778681 -0.003346085 -0.0017156 0.007588446 -0.003346085 -0.001787006 0.007393777 -0.003346085 -0.001869142 0.0072034 -0.003346085 -0.001961767 0.00701791 -0.003346085 -0.002064585 0.006837844 -0.003346085 -0.002177298 0.006663858 -0.003346085 -0.002299547 0.006496369 -0.003346085 -0.002430915 0.006335914 -0.006246089 -0.002570986 0.006183087 -0.006246089 -0.001541256 0.008397638 -0.006246089 -0.00323224 0.005500972 -0.006246089 -0.004059076 0.006372094 -0.006246089 -0.004372239 0.006048977 -0.006246089 -0.003776252 0.006376504 0.00568521 -0.00377196 0.006372332 -4.46115e-4 -0.003560841 0.006167709 -0.006246089 -0.00266534 0.006947875 -0.006246089 -0.003419458 0.006169855 -0.006246089 -0.002029538 0.008985638 -0.00298357 -0.002022683 0.008813381 -0.00298357 -0.002025067 0.008641004 2.78885e-4 -0.002057433 0.00829786 2.78885e-4 -0.002087354 0.008128106 2.78885e-4 -0.002126336 0.00796014 2.78885e-4 -0.002174198 0.007794559 -0.006246089 -0.002230942 0.007631719 -0.006246089 -0.002150297 0.007877349 -0.006246089 -0.002087354 0.008128106 -0.006246089 -0.002057433 0.00829786 -0.006246089 -0.002036631 0.008468985 -0.00378108 -0.002042889 0.009106278 -0.00291109 -0.002074301 0.009252727 -0.006687521 -0.001795887 0.009790956 -0.006488621 -0.00160408 0.009343385 -0.006683588 -0.001577019 0.00864762 -0.007039666 -0.001708447 0.009327709 -0.007511198 -0.002041697 0.009680807 -0.007103979 -0.002259314 0.01032525 -0.007592201 -0.00190705 0.0087713 -0.007722079 -0.002437233 0.01013201 -0.008257985 -0.002507269 0.009297907 -0.008019268 -0.002803862 0.01025313 -0.007855772 -0.002713143 0.01034671 -0.007618367 -0.002611637 0.01045143 -0.007428169 -0.002551198 0.01051378 -0.007296204 -0.01001316 0.0178101 -0.007161259 -0.01029813 0.01813572 -0.007024109 -0.01012557 0.01800394 -0.006885468 -0.01044005 0.01833009 -0.008169233 -0.002903521 0.01015031 -0.008408308 -0.002937436 0.009753644 -0.008565962 -0.002836346 0.007888734 -0.008172988 -0.002340495 0.008261799 -0.008157491 -0.002598166 0.007318794 -0.007545113 -0.002312779 0.007040798 -0.007744908 -0.002766489 0.006588757 -0.006584703 -0.002552151 0.00623697 -0.007125079 -0.002582013 0.006374061 -0.006711721 -0.00217539 0.00676614 -0.006662011 -0.001833438 0.007402122 -0.00674498 -0.001660525 0.008022725 -0.007605671 -0.002079367 0.007629156 -0.00863862 -0.002878904 0.008907377 -0.008365571 -0.003070592 0.006955683 -0.008894145 -0.003272831 0.0085271 -0.008704125 -0.003389656 0.007210791 -0.008311033 -0.003008842 0.01004165 -0.00844413 -0.003119468 0.009927511 -0.00898832 -0.003564774 0.007954657 -0.008893609 -0.003464102 0.009181916 -0.008568167 -0.003235101 0.009808182 -0.008682727 -0.003355383 0.009684145 -0.008968055 -0.00379157 0.007438421 -0.008787512 -0.003479957 0.009555637 -0.009161829 -0.004222571 0.007874131 -0.008882164 -0.003608345 0.009423196 -0.009152352 -0.004029989 0.008527994 -0.008966386 -0.003740191 0.009287178 -0.009039878 -0.003875136 0.009147942 -0.009102463 -0.004012763 0.009006023 -0.009153962 -0.004152536 0.00886178 -0.009194195 -0.004294097 0.008715748 -0.009222984 -0.004437029 0.008568286 -0.009240329 -0.004580855 0.00841993 -0.00924611 -0.004725098 0.008271157 -0.006562232 -0.003246963 0.005515217 -0.007369697 -0.003396332 0.005660057 -0.007985234 -0.003634452 0.005890846 -0.008396506 -0.003888189 0.006136834 -0.008737385 -0.0041911 0.006430447 -0.009065628 -0.004670619 0.006895244 -0.009225606 -0.005159258 0.007368981 -0.00924611 -0.005386292 0.007589042 -0.007385015 -0.004584133 0.006115078 -0.008293986 -0.005024611 0.006548702 -0.008146107 -0.01564306 0.01683503 -0.008704662 -0.01564306 0.01683503 -0.006457507 -0.004225611 0.006220161 -0.00804609 -0.005664706 0.007301807 -0.008001387 -0.005257368 0.007202982 -0.00804609 -0.005351483 0.007624924 -0.008546113 -0.005212306 0.007768511 -0.008246064 -0.005212306 0.007768511 -0.008099794 -0.004437744 0.007028996 -0.007059335 -0.003674626 0.006283402 -0.006788671 -0.003876209 0.006467759 -0.00864607 -0.00438857 0.008618295 -0.00864607 -0.005142688 0.007840335 -0.008636295 -0.004618763 0.008086919 -0.006491363 -0.003052413 0.00656861 -0.007710933 -0.002847969 0.009649276 -0.00768423 -0.003062188 0.009986639 -0.00786817 -0.00318861 0.009856224 -0.008038699 -0.003323793 0.009716749 -0.008012413 -0.002972185 0.009178102 -0.008142888 -0.003419399 0.009618103 -0.008275389 -0.003363251 0.009180903 -0.008239626 -0.00351876 0.009515643 -0.008368968 -0.003674566 0.009354889 -0.008481979 -0.003836333 0.009187996 -0.007790565 -0.002651274 0.008536636 -0.00762248 -0.002780139 0.00758028 -0.00736612 -0.002362966 0.008358657 -0.006661534 -0.002242922 0.007754921 -0.008149027 -0.003030598 0.008321285 -0.006647109 -0.002097487 0.008381128 -0.006435692 -0.002039253 0.008606851 -0.00696814 -0.002169907 0.008949458 -0.007344067 -0.002429842 0.009387493 -0.006644666 -0.002121686 0.009219825 -0.007549703 -0.002988517 0.01006257 -0.007253229 -0.002619504 0.009837388 -0.007343471 -0.003400266 0.01062917 -0.007140159 -0.002851307 0.01020419 -0.006651341 -0.002479791 0.009899795 -0.006987571 -0.003816604 0.01119107 -0.006867289 -0.004966795 0.01232802 -0.006746113 -0.002811014 0.01024574 -0.006551563 -0.002200007 0.009510636 -0.007680296 -0.01663005 0.02399551 -0.007799208 -0.00999248 0.01745969 -0.007799208 -0.02250224 0.02958607 -0.007912397 -0.02255898 0.02952748 -0.007912397 -0.01184517 0.01914209 -0.008019268 -0.02262139 0.02946317 -0.007428169 -0.0173524 0.02486127 -0.007556438 -0.01588875 0.02336615 -0.008169233 -0.01228147 0.01924079 -0.008311033 -0.01203286 0.01878911 -0.008311033 -0.02282637 0.02925169 -0.00844413 -0.02293699 0.02913755 -0.00844413 -0.01302826 0.01953256 -0.008568167 -0.02305263 0.02901828 -0.008568167 -0.01455944 0.02078539 -0.008682727 -0.02317291 0.02889418 -0.008682727 -0.01397192 0.01997524 -0.008787512 -0.02329748 0.02876573 -0.008787512 -0.01604282 0.02173346 -0.008882164 -0.02342587 0.02863323 -0.008882164 -0.0129863 0.01851367 -0.008966386 -0.02355772 0.02849721 -0.008966386 -0.01134872 0.01666241 -0.009039878 -0.02369266 0.02835798 -0.009039878 -0.01077592 0.01583719 -0.009102463 -0.02383023 0.02821606 -0.009102463 -0.01250594 0.01723891 -0.009153962 -0.02397006 0.02807188 -0.009153962 -0.01476907 0.01915287 -0.009194195 -0.02411162 0.02792578 -0.009194195 -0.01491063 0.01900684 -0.009222984 -0.02425456 0.02777838 -0.009222984 -0.01204556 0.01594358 -0.009240329 -0.02439832 0.02763003 -0.009240329 -0.01448959 0.01802498 -0.00924611 -0.02454262 0.02748119 -0.008169233 -0.02272105 0.02936035 -0.00924611 -0.02520382 0.02679908 -0.00804609 -0.02516901 0.02683496 -0.00804609 -0.02548223 0.02651184 -0.008246064 -0.02502983 0.02697855 -0.008546113 -0.02502983 0.02697855 -0.00864607 -0.02496021 0.02705037 -0.00864607 -0.0242061 0.02782833 -0.007809042 -0.02296245 0.02911132 -0.007809042 -0.01537609 0.02175748 -0.00768423 -0.02287971 0.02919667 -0.008239626 -0.01621437 0.02182203 -0.008328497 -0.01623976 0.02164095 -0.00840938 -0.01595866 0.02115643 -0.008038699 -0.01354223 0.0196219 -0.007927358 -0.01546335 0.02166742 -0.007983028 -0.02309554 0.02897399 -0.008142888 -0.01317334 0.01907306 -0.008142888 -0.02323693 0.02882814 -0.008481979 -0.02365386 0.02839803 -0.008239626 -0.02333629 0.02872568 -0.008368968 -0.02349203 0.02856492 -0.007596433 -0.02282887 0.02924913 -0.007585048 -0.01175296 0.01852464 -0.007353007 -0.02272576 0.02935546 -0.007490873 -0.02178704 0.02834117 -0.007366299 -0.01746535 0.02424907 -0.007221817 -0.02169585 0.02843523 -0.007126748 -0.01579105 0.02275443 -0.007085382 -0.02265763 0.02942579 -0.007001638 -0.01657581 0.02355581 -0.006895661 -0.02164375 0.02848899 -0.006746113 -0.02262854 0.02945578 -0.007478773 -0.01001513 0.01694065 -0.00724864 -0.008945107 0.01606178 -0.007126748 -0.004829525 0.01212882 -0.007306993 -0.02259987 0.02996987 -0.007707357 -0.02272254 0.02982962 -0.008045494 -0.02304339 0.02972298 -0.007002592 -0.02310019 0.03037869 -0.007686495 -0.02349585 0.03018188 -0.007287383 -0.02398467 0.03046059 -0.006555676 -0.02319395 0.03050428 -0.006537735 -0.0240423 0.03067272 -0.006246089 -0.0238946 0.03069734 -0.001714825 -0.02365195 0.03067207 -0.006681323 -0.02360028 0.03061765 -0.001714825 -0.02348124 0.03063672 -0.00298357 -0.02334773 0.03059649 -0.00298357 -0.02321743 0.0305466 -0.001714825 -0.02309119 0.03048723 -0.001714825 -0.02296966 0.03041881 -0.00298357 -0.02285343 0.03034162 -0.00298357 -0.02274322 0.03025615 -0.003346085 -0.02410191 0.03069889 -0.006706237 -0.02458417 0.03060287 -0.007295787 -0.02507561 0.03032201 -0.009225785 -0.02469968 0.02773261 -0.009149253 -0.02439665 0.02823638 -0.008943021 -0.02390617 0.02872627 -0.008544147 -0.02345442 0.02931237 -0.007992088 -0.02523601 0.02985006 -0.007964313 -0.02468717 0.0300458 -0.008548915 -0.02499729 0.02937811 -0.00883764 -0.02552467 0.0285952 -0.00904566 -0.02513957 0.02832978 -0.008282423 -0.02409696 0.0297991 -0.008756339 -0.02440053 0.02917116 -0.008193731 -0.02570647 0.0294339 -0.007675647 -0.02576696 0.02982825 -0.008458495 -0.0259934 0.02888751 -0.006685554 -0.02508693 0.03049653 -0.008017122 -0.02618056 0.02924925 -0.003346085 -0.02430903 0.03068894 -0.006752192 -0.02561038 0.03028297 -0.006246089 -0.02451527 0.03066742 -0.006769359 -0.02609604 0.02999025 -0.006246089 -0.02471995 0.03063446 -0.007372796 -0.02641028 0.02952575 -0.006246089 -0.02492249 0.03059011 -0.006246089 -0.02522045 0.0305013 -0.003346085 -0.02551096 0.03039056 -0.006622731 -0.02662599 0.02959084 -0.006246089 -0.02569872 0.03030252 -0.006246089 -0.02588123 0.03020417 -0.006246089 -0.02605795 0.03009575 -0.006246089 -0.02622842 0.02997773 -0.006246089 -0.02647012 0.02978217 -0.006246089 -0.02669668 0.02956926 -0.009188234 -0.02557444 0.02715831 -0.009016454 -0.02602779 0.02759778 -0.008717238 -0.02640879 0.02796709 -0.008301436 -0.0267716 0.02831876 -0.00787121 -0.02700859 0.02854853 -0.007266104 -0.02722668 0.02875995 -0.006584405 -0.02733975 0.02886956 -0.006246089 -0.02735787 0.02888709 -0.008319437 -0.02642881 0.02729696 -0.007370889 -0.02653598 0.02739405 -4.46115e-4 -0.02691608 0.02776247 -4.46115e-4 -0.02731716 0.02815127 -0.007957458 -0.02568602 0.02705496 -0.008032321 -0.02538526 0.027184 -0.006246089 -0.0267747 0.02776467 -0.006544888 -0.02668237 0.02781808 -0.006246089 -0.02646148 0.02808779 -4.46115e-4 -0.0266813 0.02857941 -4.46115e-4 -0.02646589 0.02837061 -0.007808625 -0.02588814 0.02781057 -0.006246089 -0.02592939 0.02949875 -0.006246089 -0.02668344 0.02872079 -0.006409883 -0.02630239 0.0291059 -0.00861746 -0.02473777 0.02777785 -0.006500244 -0.02366745 0.03014081 -0.006246089 -0.02391231 0.03019767 -0.006594598 -0.02451181 0.0301178 -0.006246089 -0.02417081 0.03019529 -0.00298357 -0.02442848 0.03017449 -0.006246089 -0.02468329 0.0301308 -0.006246089 -0.0250163 0.03004252 -0.006668627 -0.02527374 0.02987921 -0.006246089 -0.02525931 0.02995425 -0.008288919 -0.02361273 0.02880656 -0.0072999 -0.02474915 0.02984362 -0.008405029 -0.02435612 0.02875065 -0.007904469 -0.02338099 0.02926349 -0.008073389 -0.02429538 0.02927976 -0.006934285 -0.02364015 0.03000777 -0.007448971 -0.02342242 0.02971547 -0.007588088 -0.024284 0.02971827 -0.007458806 -0.02297574 0.02947121 -0.006246089 -0.02374207 0.03017997 -0.005086064 -0.02355426 0.03013765 -0.005666077 -0.0234006 0.03008019 -0.006610751 -0.02325361 0.02997207 -1.11146e-5 -0.02327895 0.03002041 -0.006484925 -0.02301162 0.02981686 0.001221358 -0.02316975 0.02995276 -0.00211358 -0.02307552 0.02988207 -4.46115e-4 -0.0229876 0.02980375 -0.006890416 -0.02279841 0.02959179 0.005353868 -0.02279835 0.03029888 0.005353868 -0.02328258 0.03057152 0.005353868 -0.0238946 0.03069734 0.002091348 -0.02375543 0.03068727 0.005353868 -0.02420544 0.03069394 0.002453863 -0.02451527 0.03066742 -4.46115e-4 -0.02471995 0.03063446 -4.46115e-4 -0.02492249 0.03059011 -4.46115e-4 -0.02512228 0.03053456 -4.46115e-4 -0.02531862 0.03046798 0.002453863 -0.02569872 0.03030252 0.002453863 -0.02588123 0.03020417 0.002453863 -0.02605795 0.03009575 0.002453863 -0.02622842 0.02997773 0.002453863 -0.02639204 0.02985036 0.002453863 -0.02654826 0.02971404 0.005353868 -0.02669668 0.02956926 0.005353868 -0.02551096 0.03039056 0.005353868 -0.02531862 0.03046798 0.005353868 -0.02512228 0.03053456 0.005353868 -0.02482122 0.03061228 0.005353868 -0.02735787 0.02888709 0.005353868 -0.02646148 0.02808779 0.005353868 -0.0267747 0.02776467 0.005353868 -0.02592939 0.02949875 0.005353868 -0.02668344 0.02872079 0.005353868 -0.02391231 0.03019767 0.002091348 -0.02408468 0.03019917 0.002816379 -0.02425694 0.03019142 2.78885e-4 -0.02459889 0.03014838 2.78885e-4 -0.02476769 0.03011322 -0.001171112 -0.02493429 0.03006899 -0.001171112 -0.02509832 0.030016 0.005353868 -0.02525931 0.02995425 0.005353868 -0.0250163 0.03004252 0.005353868 -0.02476769 0.03011322 0.005353868 -0.02451372 0.03016144 0.002888858 -0.02379137 0.03018808 0.002018868 -0.02367168 0.03016805 0.003323853 -0.02355426 0.03013765 0.003323853 -0.02341359 0.03008604 0.005867302 -0.02318668 0.03047204 0.005593836 -0.02346193 0.03061485 0.005717337 -0.02382546 0.03065639 0.006347537 -0.02416419 0.03048068 0.007126152 -0.02393144 0.03001379 0.006322324 -0.02336621 0.03040385 0.006922662 -0.02288895 0.02984648 0.00641787 -0.0226587 0.02999752 0.007331252 -0.02314811 0.0295819 0.007387042 -0.02510339 0.02965176 0.006726443 -0.02571064 0.02989697 0.00730884 -0.02605998 0.029159 0.006762027 -0.02643412 0.02931475 0.006592631 -0.02620893 0.02963644 0.006091952 -0.02653414 0.02959197 0.005624711 -0.02662926 0.029612 0.005778908 -0.02616548 0.02996927 0.006006658 -0.02569299 0.03019821 0.005723237 -0.02494764 0.03055006 0.005681335 -0.02438974 0.03065651 0.0063982 -0.02493262 0.03036177 0.007650673 -0.02401983 0.02947717 0.006985783 -0.0249539 0.03004205 0.007838904 -0.02489906 0.02914434 0.007675409 -0.0257492 0.02892082 0.00785613 -0.02349328 0.02895969 0.008105039 -0.02416282 0.02866441 0.008045554 -0.02506864 0.02865564 0.008104383 -0.02539581 0.02830821 0.008280992 -0.02494114 0.02793967 0.008292794 -0.02445852 0.02806454 0.005625247 -0.0273481 0.02887761 0.005983233 -0.02730894 0.0288397 0.00649929 -0.02718937 0.02872377 0.007127761 -0.02693486 0.02847707 0.007537305 -0.02667963 0.02822959 0.007947504 -0.02627271 0.02783519 0.008227586 -0.02581274 0.02738934 0.008333384 -0.02543085 0.02701914 0.008353829 -0.02520382 0.02679908 0.006879329 -0.0264213 0.02728289 0.00568068 -0.02651554 0.02799469 0.007153868 -0.02548223 0.02651184 0.007144153 -0.02545219 0.02679616 0.007153868 -0.02516901 0.02683496 0.00680375 -0.02600687 0.02792435 0.007753849 -0.0242061 0.02782833 0.007753849 -0.02496021 0.02705037 0.007732927 -0.02478826 0.02763819 0.007488191 -0.02484369 0.02869397 0.007583796 -0.02530348 0.02794384 0.007255077 -0.02581608 0.02821534 0.005558371 -0.02629941 0.02910298 0.006598889 -0.02305537 0.02950781 0.007056117 -0.02331078 0.0291785 0.007444322 -0.02368587 0.02876269 0.007140219 -0.02393221 0.02931135 0.007392406 -0.02439343 0.02900886 0.006845295 -0.02445393 0.02961033 0.005806863 -0.02498614 0.02999132 0.006148636 -0.02427995 0.03002721 0.006381332 -0.02510559 0.02975291 0.005640149 -0.02448731 0.03013914 0.006351411 -0.02377277 0.02991169 0.006702184 -0.02351915 0.02963882 0.005634844 -0.02377218 0.03015697 0.006198644 -0.02290827 0.02962833 0.005788803 -0.02285844 0.02967143 0.005655229 -0.02326589 0.02998316 -0.008641481 -0.0241115 0.0279259 -0.008574485 -0.02421224 0.02832663 -0.008489012 -0.02516895 0.02804273 -0.008314371 -0.02545183 0.02828145 -0.008135616 -0.02498733 0.02904278 -0.008053958 -0.02571505 0.02853655 -0.007692039 -0.02604651 0.02866923 -0.00772798 -0.02524447 0.02937316 -0.00713694 -0.02606654 0.02909541 -0.00707364 -0.02557474 0.0295906 -0.00663346 -0.02609431 0.02928143 -0.006509423 -0.02571284 0.02966582 -0.006246089 -0.02577942 0.02963685 -0.006246089 -0.02561765 0.02976077 -0.006246089 -0.02544283 0.02986562 -0.00853163 -0.02374196 0.02830713 -0.008588612 -0.02387815 0.02816665 -0.008627653 -0.02401739 0.028023 2.78885e-4 -0.02583146 0.02959311 0.005353868 -0.02577942 0.02963685 -0.001171112 -0.02572739 0.0296806 0.005353868 -0.02556014 0.02979707 -4.46115e-4 -0.02556014 0.02979707 0.002091348 -0.02538305 0.02989792 -0.00853163 -0.01290428 0.01780164 -0.008552134 -0.00396955 0.009050548 -0.008572578 -0.01429498 0.01896923 -0.008604645 -0.00410664 0.008909165 -0.008604645 -0.0140773 0.01857423 -0.008634567 -0.00424695 0.008764386 -0.008627653 -0.01509952 0.01937848 -0.008641481 -0.01327383 0.01742041 0.005758225 -0.02552312 0.0297538 0.005994141 -0.0262317 0.02904921 0.006933271 -0.02587264 0.02868932 0.006579279 -0.02570658 0.02920603 0.007058918 -0.02505517 0.0292356 0.007660508 -0.02427327 0.02839744 0.007742345 -0.02406448 0.02797442 0.007712423 -0.02392417 0.0281192 0.007659912 -0.02378708 0.02826058 -0.008499383 -0.003686606 0.00856018 -0.008579492 -0.004246175 0.008008658 -0.008453547 -0.004148304 0.00753659 -0.008148312 -0.00347048 0.007492721 -0.007911264 -0.003528475 0.007030069 -0.007455945 -0.00328052 0.006789743 -0.006969809 -0.003116488 0.006654322 -0.00659728 -0.002470672 0.00725156 -0.0037086 -0.002574086 0.007048606 -0.0037086 -0.002470672 0.007183432 -0.006246089 -0.002313792 0.007445514 0.007749259 -0.01178753 0.01597964 0.007742345 -0.00424695 0.008764386 0.007735371 -0.01497566 0.01925843 0.007712423 -0.00410664 0.008909165 0.007712423 -0.01562553 0.02007502 0.007659912 -0.00396955 0.009050548 0.007680356 -0.01671028 0.02131044 0.007639408 -0.01476216 0.01960259 2.78885e-4 -0.002283334 0.00750631 0.005353868 -0.002363443 0.007356524 -0.001171112 -0.002378642 0.007326126 0.005353868 -0.002531945 0.007102012 0.005809664 -0.002468585 0.00730127 0.005901575 -0.003089845 0.006604909 0.006399989 -0.00335592 0.006591677 0.006442308 -0.002678692 0.00736618 0.006862998 -0.003427803 0.006944298 0.007237017 -0.003514885 0.007394134 0.007417619 -0.003645718 0.007650792 0.007680118 -0.003880679 0.00859487 0.007608354 -0.004076421 0.007773518 0.005353868 -0.02734756 0.02822148 0.005601644 -0.02733784 0.02821207 0.006086111 -0.02726471 0.0281412 0.006545543 -0.02713221 0.02801281 0.007000327 -0.02690184 0.02778947 0.007524728 -0.0264343 0.02733272 0.00778234 -0.0260294 0.0269438 0.007869601 -0.02570933 0.02663356 0.007883131 -0.02553147 0.02646106 0.007883131 -0.01562267 0.01685607 -0.006246089 -0.02734756 0.02822148 0.007883131 -0.005713939 0.007251024 -0.008775353 -0.02553147 0.02646106 -0.008730769 -0.02578377 0.02669262 -0.008665144 -0.02605837 0.02697181 -0.008492588 -0.02636003 0.02726429 -0.008195996 -0.02668046 0.02757489 -0.007713854 -0.02699577 0.02787435 -0.007134616 -0.02722656 0.02810424 -0.006534695 -0.02733296 0.02820742 0.007869601 -0.005536019 0.007078588 0.007743418 -0.005147159 0.006701648 0.007500588 -0.004755437 0.006321907 0.007194936 -0.004475772 0.006050825 0.006685912 -0.004175841 0.005760073 0.006244301 -0.004015147 0.005604326 0.005764782 -0.003926873 0.005518794 0.005353868 -0.003897845 0.005490601 -0.008775353 -0.005713939 0.007251024 -0.006246089 -0.003897845 0.005490601 -0.006493866 -0.003907561 0.005500018 -0.007208049 -0.004046916 0.005635082 -0.007816135 -0.004293501 0.005874156 -0.008195996 -0.004564881 0.006137192 -0.008543789 -0.004966437 0.00652641 -0.008692562 -0.005335509 0.006870269 -0.008761823 -0.005536019 0.007078588 0.00222814 -0.003500699 0.006146073 -0.003809809 -0.003513932 0.006153106 4.08245e-4 -0.003432631 0.006158471 -0.007186114 -0.003660261 0.006333231 -0.008546113 -0.004802346 0.007436931 -0.008603215 -0.005191683 0.00778979 0.006107747 -0.003580808 0.006256043 0.007280468 -0.004289031 0.006935596 0.007727146 -0.005167245 0.007785618 0.006594836 -0.004176378 0.006732046 -0.008563458 -0.01511371 0.01736855 -0.008616089 -0.02500391 0.02700531 -0.008626461 -0.01283794 0.01522135 -0.00864458 -0.01281636 0.01525461 -0.008588194 -0.0146166 0.01689809 0.007750093 -0.01318556 0.01560074 0.007741212 -0.02499014 0.0270195 0.007726788 -0.01280373 0.01517343 0.00769174 -0.02502381 0.02698475 0.007683575 -0.01554447 0.0177918 -0.008560836 -0.02532207 0.02731782 -0.008081316 -0.02601253 0.02798408 -0.006842851 -0.02663505 0.0285983 -0.006265938 -0.02670353 0.0286498 -8.58312e-4 -0.02669268 0.02859258 0.005366265 -0.02670419 0.02865731 -0.001634478 -0.02670013 0.02869558 -0.001877427 -0.02670967 0.02864336 0.007651805 -0.0253663 0.02736228 0.006145417 -0.02656704 0.02852779 -0.001179635 -0.003933012 0.00549823 -0.007116258 -0.004078149 0.005640268 -0.008731305 -0.009991824 0.01136416 0.005952417 -0.004001975 0.005565524 0.006847202 -0.004314482 0.005865156 0.007606208 -0.005037426 0.006567955 0.007844746 -0.009525299 0.01091426 -0.00875312 -0.01417058 0.01542651 -0.008736729 -0.02554672 0.02644532 0.00786513 -0.01893055 0.02004414 -0.006454885 -0.02732241 0.02817004 0.002200663 -0.02733606 0.02818292 0.007698118 -0.02609288 0.0269789 0.006298184 -0.02717578 0.02803218 0.005353868 -0.004394054 0.005987405 2.45506e-5 -0.004381477 0.005920767 -0.003378987 -0.004394054 0.005973637 -0.001270473 -0.004383265 0.006035447 -0.006778299 -0.004468321 0.00605005 -0.007718324 -0.004744648 0.006738245 -0.008059501 -0.00561124 0.007158577 -0.007336914 -0.004310429 0.006596088 -0.007297635 -0.004580616 0.006316423 -0.006702959 -0.004135847 0.006364703 0.006049811 -0.004437386 0.006181716 0.006704509 -0.00462985 0.00663793 0.007187664 -0.005707919 0.007257223 0.007023513 -0.005089938 0.006963849 -0.008120298 -0.01747608 0.01861715 -0.008078873 -0.0255258 0.0264669 -0.008075773 -0.01612061 0.01734334 -0.00804758 -0.01712971 0.01839119 0.007157623 -0.01376289 0.01511585 0.007183849 -0.02552586 0.02646678 0.007186472 -0.01315921 0.01446866 0.00723648 -0.01189571 0.01320463 -0.007981598 -0.02587789 0.02683496 -0.007674574 -0.02625781 0.02732783 -0.00723356 -0.02646768 0.02765667 -0.006392896 -0.02683746 0.02773213 -0.001410245 -0.02689176 0.02774637 0.005438804 -0.02686017 0.02773761 -0.001626431 -0.02682793 0.02773797 -0.00142616 -0.02678787 0.02775329 0.007095694 -0.02580678 0.02684962 0.006641805 -0.02644956 0.02735257 0.005868256 -0.02670097 0.02773743 0.006433963 -0.02625417 0.02779024 0.006851673 -0.02605408 0.02733522 0.003789603 -0.003952205 0.006425619 -0.00153923 -0.004032671 0.006394922 -1.94064e-4 -0.00385046 0.006420433 -0.00168085 -0.003803312 0.006398499 -0.003395617 -0.003951966 0.006424129 -0.008137702 -0.005187451 0.007694303 -0.008059203 -0.005266785 0.007642388 0.007241368 -0.005100667 0.007623612 0.007176041 -0.005293786 0.007684469 -0.00804913 -0.01640671 0.01838958 -0.008065521 -0.01477694 0.01687872 -0.008071362 -0.02510917 0.02689671 -0.008105218 -0.01441109 0.01660299 -0.008186638 -0.02503764 0.0269705 -0.008161902 -0.01586055 0.01806336 -0.008211374 -0.0161128 0.01833063 0.007319152 -0.01435846 0.01663011 0.00726968 -0.01590663 0.01810795 0.007278084 -0.02504175 0.02696627 0.007192015 -0.02509361 0.02691274 0.007212996 -0.015657 0.01781076 0.007173299 -0.01650512 0.01855391 0.007156908 -0.01580619 0.01780754 -0.007508695 -0.02603161 0.02785289 -0.00653553 -0.02638989 0.02816963 -0.00356698 -0.02642649 0.02831369 0.001434326 -0.02640962 0.02825361 -0.001275897 -0.02642816 0.02813833 0.005607724 -0.02638727 0.02819281 0.002111196 -0.02644306 0.02834427 0.007074594 -0.02554833 0.02739888 0.005603849 -0.03469276 0.03863942 0.005603849 -0.03970736 0.03347462 0.005603849 -0.03472834 0.03887838 0.005603849 -0.03994011 0.0335018 0.005603849 -0.03736966 0.03615945 0.005603849 -0.03750568 0.03603166 0.005603849 -0.03764933 0.03591257 0.005603849 -0.03780013 0.03580266 0.005603849 -0.03803908 0.03565716 0.005603849 -0.0382893 0.03553193 0.005603849 -0.03855109 0.03543329 0.005603849 -0.0388202 0.0353567 0.005603849 -0.03900325 0.03532063 0.005603849 -0.0391882 0.03529602 0.005603849 -0.03946769 0.03528225 0.005603849 -0.03983998 0.03530251 0.005603849 -0.04011625 0.03534656 0.005603849 -0.04038649 0.03541898 0.005603849 -0.04064983 0.03551357 0.005603849 -0.0402885 0.03354889 0.005603849 -0.03936129 0.03341293 0.005603849 -0.03461724 0.03828513 0.005603849 -0.03901964 0.03333061 0.005603849 -0.03451991 0.03793621 0.005603849 -0.03868508 0.03322285 0.005603849 -0.03439593 0.03759586 0.005603849 -0.03835761 0.03309524 0.005603849 -0.03425109 0.03726387 0.005603849 -0.0381447 0.03299713 0.005603849 -0.034141 0.03704881 0.005603849 -0.03783494 0.03283113 0.005603849 -0.03395622 0.03673726 0.005603849 -0.0375356 0.03264683 0.005603849 -0.03375256 0.03643769 0.005603849 -0.03470659 0.03545349 0.005603849 -0.03011351 0.03100115 0.005603849 -0.03680741 0.03205829 0.005603849 -0.03697931 0.03221762 0.005603849 -0.03725105 0.0324406 0.005603849 -0.03282797 0.02820086 0.005603849 -0.04090189 0.03563487 0.005603849 -0.04063314 0.03361856 0.005603849 -0.04097092 0.03371608 0.005603849 -0.04114311 0.03577661 0.005603849 -0.0413016 0.03383529 0.005603849 -0.04162156 0.03398108 0.005603849 -0.04136836 0.03594261 0.005603849 -0.04203075 0.03420937 0.005603849 -0.04232281 0.03440505 0.005603849 -0.042598 0.03462386 0.005603849 -0.04164403 0.0361936 0.005603849 -0.04285842 0.03486007 0.005603849 -0.04302138 0.03502857 0.005603849 -0.04324889 0.03529661 0.005603849 -0.0434584 0.0355789 0.005603849 -0.04358559 0.03577584 0.005603849 -0.04188638 0.03647696 0.005603849 -0.04375672 0.03608298 0.005603849 -0.04390746 0.03640055 0.005603849 -0.043994 0.03661847 0.005603849 -0.04204523 0.03670722 0.005603849 -0.04406982 0.03684031 0.005603849 -0.04416155 0.0371797 0.005603849 -0.04217946 0.03695273 0.005603849 -0.04423105 0.03752434 0.005603849 -0.04229289 0.03720849 0.005603849 -0.04426234 0.03775668 0.005603849 -0.0423792 0.03747463 0.005603849 -0.04244315 0.03774696 0.005603849 -0.04247862 0.03802448 0.005603849 -0.04249095 0.03830403 0.005603849 -0.04247426 0.03858327 0.005603849 -0.04243451 0.03886026 0.005603849 -0.04236632 0.03913158 0.005603849 -0.0422759 0.03939634 0.005603849 -0.04215854 0.03965032 0.005603849 -0.04202049 0.03989368 0.005603849 -0.04191535 0.04004782 0.005603849 -0.04180079 0.0401951 0.005603849 -0.04167729 0.04033499 0.005603849 -0.04428642 0.03810739 0.005603849 -0.04428774 0.03845894 0.005603849 -0.04426038 0.03880947 0.005603849 -0.04421025 0.03915745 0.005603849 -0.04416185 0.0393868 0.005603849 -0.04410225 0.03961354 0.005603849 -0.04399096 0.03994703 0.005603849 -0.04385823 0.04027259 0.005603849 -0.04375576 0.04048341 0.005603849 -0.04358184 0.040789 0.005603849 -0.04338842 0.04108256 0.005603849 -0.04317176 0.04135942 0.005603849 -0.04293757 0.04162162 0.005603849 -0.04147541 0.04052871 0.005603849 -0.04268276 0.04186385 0.005603849 -0.04125815 0.04070502 0.005603849 -0.04241281 0.04208904 0.005603849 -0.04110401 0.04081016 0.005603849 -0.0421254 0.04229152 0.005603849 -0.04086065 0.04094821 0.005603849 -0.04182541 0.04247486 0.005603849 -0.04060667 0.04106557 0.005603849 -0.04161781 0.04258382 0.005603849 -0.04043138 0.04112952 0.005603849 -0.0412966 0.04272663 0.005603849 -0.04016155 0.04120332 0.005603849 -0.04096674 0.04284822 0.005603849 -0.03988647 0.04125452 0.005603849 -0.04074192 0.04291486 0.005603849 -0.03960764 0.04127699 0.005603849 -0.04039907 0.04299259 0.005603849 -0.03932785 0.04127627 0.005603849 -0.04005187 0.04304784 0.005603849 -0.03914189 0.04126036 0.005603849 -0.03970134 0.04307466 0.005603849 -0.0388661 0.04121345 0.005603849 -0.03934979 0.04307866 0.005603849 -0.03859513 0.04114383 0.005603849 -0.03899908 0.04305398 0.005603849 -0.03833281 0.04104655 0.005603849 -0.03865075 0.04300659 0.005603849 -0.03830742 0.04293102 0.005603849 -0.03807944 0.04092788 0.005603849 -0.03783971 0.04078364 0.005603849 -0.03785949 0.04279339 0.005603849 -0.03753292 0.04266315 0.005603849 -0.03721803 0.04250681 0.005603849 -0.03691399 0.04233026 0.005603849 -0.03671938 0.04219961 0.005603849 -0.03644084 0.04198509 0.005603849 -0.03754186 0.04055935 0.005603849 -0.03617686 0.04175293 0.005603849 -0.03727418 0.04029983 0.005603849 -0.0359326 0.04150003 0.005603849 -0.03709453 0.04008537 0.005603849 -0.03570538 0.04123181 0.005603849 -0.03693801 0.03985345 0.005603849 -0.03556579 0.04104346 0.005603849 -0.03680127 0.03960937 0.005603849 -0.03543555 0.04084849 0.005603849 -0.03669053 0.03935241 0.005603849 -0.03525972 0.04054403 0.005603849 -0.03657919 0.03899663 0.005603849 -0.03510409 0.04022878 0.005603849 -0.03651285 0.03862971 0.005603849 -0.03497463 0.03990197 0.005603849 -0.03649258 0.03825742 0.005603849 -0.03486669 0.03956735 0.005603849 -0.03651863 0.03788548 0.005603849 -0.03480935 0.03934001 0.005603849 -0.03656697 0.03760993 0.005603849 -0.03661435 0.03742945 0.005603849 -0.03476321 0.03911018 0.005603849 -0.03670752 0.03716564 0.005603849 -0.03682225 0.03691047 0.005603849 -0.03691256 0.03674721 0.005603849 -0.03701293 0.03658986 0.005603849 -0.03712284 0.03643906 0.005603849 -0.03724187 0.03629541 0.003403842 -0.02853381 0.0294699 -0.004196107 -0.02853381 0.0294699 0.003403842 -0.03124833 0.02666962 -0.004196107 -0.03124833 0.02666962 -0.006396114 -0.03282797 0.02820086 -0.006396114 -0.03011351 0.03100115 -0.006396114 -0.03680741 0.03205829 -0.006396114 -0.03470659 0.03545349 -0.006396114 -0.03772383 0.03585642 -0.006396114 -0.03750663 0.03603273 -0.006396114 -0.03730475 0.03622645 -0.006396114 -0.03439593 0.03759586 -0.006396114 -0.033822 0.03653651 -0.006396114 -0.03402101 0.03683918 -0.006396114 -0.03419607 0.03715634 -0.006396114 -0.03451991 0.03793621 -0.006396114 -0.03461724 0.03828513 -0.006396114 -0.03469276 0.03863942 -0.006396114 -0.03472834 0.03887838 -0.006396114 -0.03718125 0.03636634 -0.006396114 -0.03706669 0.03651362 -0.006396114 -0.03696155 0.03666776 -0.006396114 -0.03686612 0.03682816 -0.006396114 -0.03678089 0.03699415 -0.006396114 -0.0366742 0.03725278 -0.006396114 -0.0365684 0.03761029 -0.006396114 -0.0365172 0.0378853 -0.006396114 -0.03649473 0.03816419 -0.006396114 -0.03649544 0.03844398 -0.006396114 -0.03651142 0.03862988 -0.006396114 -0.03655833 0.03890568 -0.006396114 -0.03662794 0.0391767 -0.006396114 -0.03672522 0.03943902 -0.006396114 -0.03478628 0.0392251 -0.006396114 -0.03684389 0.03969234 -0.006396114 -0.03486669 0.03956735 -0.006396114 -0.03693675 0.03985422 -0.006396114 -0.03493499 0.03979164 -0.006396114 -0.03501421 0.0400123 -0.006396114 -0.03709566 0.04008448 -0.006396114 -0.03515428 0.04033476 -0.006396114 -0.03531503 0.04064738 -0.006396114 -0.0355007 0.04094594 -0.006396114 -0.03733801 0.04036778 -0.006396114 -0.03577965 0.04132246 -0.006396114 -0.03601127 0.04158693 -0.006396114 -0.03626358 0.04183179 -0.006396114 -0.03653132 0.0420596 -0.006396114 -0.03761368 0.04061883 -0.006396114 -0.03671938 0.04219961 -0.006396114 -0.03691399 0.04233026 -0.006396114 -0.03721803 0.04250681 -0.006396114 -0.03753292 0.04266315 -0.006396114 -0.03791832 0.04083377 -0.006396114 -0.03785949 0.04279339 -0.006396114 -0.03830742 0.04293102 -0.006396114 -0.03824734 0.04100918 -0.006396114 -0.03876662 0.0430243 -0.006396114 -0.0385065 0.04111456 -0.006396114 -0.03911572 0.04306602 -0.006396114 -0.0386846 0.04117029 -0.006396114 -0.03895759 0.04123145 -0.006396114 -0.03923475 0.04126977 -0.006396114 -0.03942108 0.04127991 -0.006396114 -0.03970074 0.04127192 -0.006396114 -0.0399788 0.04124081 -0.006396114 -0.04016184 0.04120475 -0.006396114 -0.04043096 0.04112815 -0.006396114 -0.04077702 0.04098951 -0.006396114 -0.04102462 0.0408591 -0.006396114 -0.04118192 0.04075878 -0.006396114 -0.04133272 0.04064887 -0.006396114 -0.04147636 0.04052978 -0.006396114 -0.04161238 0.04040199 -0.006396114 -0.03946703 0.04307925 -0.006396114 -0.03981846 0.04306954 -0.006396114 -0.04016792 0.04303133 -0.006396114 -0.04051417 0.04297041 -0.006396114 -0.04085433 0.04288154 -0.006396114 -0.0412966 0.04272663 -0.006396114 -0.04385823 0.04027259 -0.006396114 -0.04161781 0.04258382 -0.006396114 -0.04375576 0.04048341 -0.006396114 -0.04182541 0.04247486 -0.006396114 -0.04364311 0.04068905 -0.006396114 -0.04202741 0.04235583 -0.006396114 -0.04352056 0.0408889 -0.006396114 -0.04222333 0.04222714 -0.006396114 -0.04338842 0.04108256 -0.006396114 -0.04241281 0.04208904 -0.006396114 -0.04324698 0.04126948 -0.006396114 -0.04259526 0.04194182 -0.006396114 -0.04309654 0.0414493 -0.006396114 -0.04277032 0.04178589 -0.006396114 -0.04293757 0.04162162 -0.006396114 -0.04395025 0.04005694 -0.006396114 -0.04233849 0.03922057 -0.006396114 -0.04223984 0.03948241 -0.006396114 -0.04241508 0.03895151 -0.006396114 -0.04406696 0.03972536 -0.006396114 -0.04246342 0.0386759 -0.006396114 -0.04416185 0.0393868 -0.006396114 -0.04248946 0.03830403 -0.006396114 -0.04421025 0.03915745 -0.006396114 -0.04426038 0.03880947 -0.006396114 -0.0424692 0.03793174 -0.006396114 -0.04428774 0.03845894 -0.006396114 -0.04240286 0.03756481 -0.006396114 -0.04428642 0.03810739 -0.006396114 -0.04232484 0.03729617 -0.006396114 -0.04426234 0.03775668 -0.006396114 -0.04221946 0.03703695 -0.006396114 -0.04420977 0.03740906 -0.006396114 -0.04413467 0.03706562 -0.006396114 -0.04209297 0.03678745 -0.006396114 -0.04403191 0.03672939 -0.006396114 -0.04194128 0.0365523 -0.006396114 -0.04385894 0.03629386 -0.006396114 -0.04370301 0.03597879 -0.006396114 -0.04170787 0.03626161 -0.006396114 -0.04358559 0.03577584 -0.006396114 -0.0434584 0.0355789 -0.006396114 -0.04324889 0.03529661 -0.006396114 -0.04302138 0.03502857 -0.006396114 -0.04277288 0.0347799 -0.006396114 -0.04144018 0.03600209 -0.006396114 -0.04241579 0.03447651 -0.006396114 -0.04203075 0.03420937 -0.006396114 -0.04162156 0.03398108 -0.006396114 -0.04114234 0.0357778 -0.006396114 -0.04119199 0.03379374 -0.006396114 -0.0408594 0.0336799 -0.006396114 -0.04081892 0.03559225 -0.006396114 -0.04051864 0.03359347 -0.006396114 -0.04017293 0.0335294 -0.006396114 -0.04047507 0.03544825 -0.006396114 -0.03982377 0.03348821 -0.006396114 -0.04011595 0.03534799 -0.006396114 -0.03936129 0.03341293 -0.006396114 -0.03974717 0.03529316 -0.006396114 -0.03890752 0.03329634 -0.006396114 -0.03946763 0.03528082 -0.006396114 -0.03857463 0.03318357 -0.006396114 -0.03918838 0.03529751 -0.006396114 -0.03825116 0.03304618 -0.006396114 -0.03891146 0.03533726 -0.006396114 -0.0379365 0.03288954 -0.006396114 -0.03864008 0.03540545 -0.006396114 -0.03763449 0.03270977 -0.006396114 -0.03828984 0.03553324 -0.006396114 -0.03725105 0.0324406 -0.006396114 -0.03803837 0.03565585 -0.006396114 -0.03697931 0.03221762 -0.006396114 -0.03787797 0.03575128 -0.006396114 -0.04215979 0.03965097 -0.006396114 -0.0420193 0.03989291 -0.006396114 -0.04179966 0.04019421 -0.004431128 -0.02922248 0.02877962 -0.004852354 -0.02996587 0.02814233 -0.00473982 -0.02858388 0.02951842 -0.005037426 -0.02865499 0.02958738 -0.005180239 -0.03005903 0.02823263 -0.005250453 -0.02872705 0.02965724 -0.00545001 -0.03017401 0.02834403 -0.00554341 -0.02886819 0.02979403 -0.005721032 -0.03033596 0.02850103 -0.005805253 -0.02903777 0.02995842 -0.005957305 -0.03052407 0.02868336 -0.006022095 -0.02923738 0.0301519 -0.006142079 -0.03073984 0.02889251 -0.006197273 -0.02945727 0.03036504 -0.00628215 -0.03097218 0.02911776 -0.00628215 -0.02961498 0.03051793 -0.006345808 -0.03113496 0.02927553 -0.006363928 -0.02986121 0.03075665 -0.006382107 -0.03130197 0.02943742 -0.006382107 -0.03265923 0.0280373 -0.006345808 -0.03249216 0.02787536 -0.006239712 -0.03225058 0.02764117 -0.006086885 -0.03202241 0.02742004 -0.005957305 -0.03188133 0.02728325 -0.005721032 -0.03169316 0.02710086 -0.00545001 -0.03153121 0.02694386 -0.005180239 -0.03141629 0.02683246 -0.004777073 -0.03130722 0.02672678 -0.004431128 -0.03125834 0.02667939 0.005589842 -0.03130197 0.02943742 0.005598247 -0.0300008 0.03089195 0.005581438 -0.02988868 0.03078323 0.005553603 -0.03113496 0.02927553 0.005553603 -0.0297777 0.03067564 0.005447506 -0.03089332 0.02904134 0.005489945 -0.02961498 0.03051793 0.005405068 -0.02945727 0.03036504 0.00529468 -0.03066521 0.02882015 0.00529468 -0.02930796 0.03022032 0.005089044 -0.03045952 0.02862083 0.00516504 -0.02916681 0.03008353 0.005012989 -0.02903777 0.02995842 0.004783391 -0.03024154 0.02840948 0.004844546 -0.02891969 0.02984392 0.004657745 -0.02881675 0.02974414 0.004525721 -0.03011304 0.02828496 0.004458189 -0.02872705 0.02965724 0.004134416 -0.02998363 0.02815949 0.004134416 -0.02862644 0.02955967 0.0038715 -0.02924853 0.02880483 0.003638863 -0.02922248 0.02877962 0.003755211 -0.03127139 0.02669197 0.004207968 -0.03136056 0.02677845 0.004624009 -0.03151684 0.02692991 0.004902005 -0.03167253 0.02708089 0.005138158 -0.03186058 0.0272631 0.005334734 -0.03207093 0.02746701 0.005435109 -0.03222382 0.02761524 0.005534172 -0.03243756 0.02782243 0.005589842 -0.03265923 0.0280373 0.009403884 -0.002909302 0.006441354 0.007567286 -0.002996325 0.006525933 0.008251249 -0.003613829 0.007124304 0.008569538 -0.004253208 0.007744073 0.008653879 -0.004723966 0.008200407 0.008653879 -0.02454149 0.0274105 0.009403884 -0.0331881 0.03579205 0.008648335 -0.02467721 0.02754199 0.008618175 -0.02487957 0.02773821 0.008526921 -0.02517741 0.02802693 0.008180677 -0.02573162 0.02856409 0.007665693 -0.02621346 0.02903121 0.005380988 -0.03311485 0.03572106 0.005212366 -0.03290235 0.03551501 0.004994571 -0.0327143 0.03533273 0.00474292 -0.03254961 0.03517317 0.004556477 -0.03245627 0.03508263 0.004251778 -0.03234696 0.03497666 0.003929197 -0.03226882 0.0349009 0.003630757 -0.0322315 0.03486478 0.003403842 -0.03222215 0.03485566 0.006988167 -0.02656197 0.02936899 0.005896687 -0.02684116 0.02963966 0.005403876 -0.02687507 0.02967256 -0.006196081 -0.02687507 0.02967256 -0.004196107 -0.03222215 0.03485566 -0.004423022 -0.0322315 0.03486478 -0.004757523 -0.0322771 0.03490895 -0.005080223 -0.0323553 0.03498476 -0.005282819 -0.03242939 0.03505659 -0.005563557 -0.03256767 0.03519064 -0.006619811 -0.02685242 0.02965056 -0.005815327 -0.03273242 0.03535032 -0.005959331 -0.03285866 0.03547275 -0.007401525 -0.02669751 0.02950042 -0.006139039 -0.03306633 0.03567397 -0.01019608 -0.0331881 0.03579205 -0.008246302 -0.02634865 0.02916228 -0.008693993 -0.02602446 0.02884799 -0.009218513 -0.02536731 0.02821099 -0.00942552 -0.02477836 0.0276401 -0.009446084 -0.02454149 0.0274105 -0.01019608 -0.002909302 0.006441354 -0.009446084 -0.004723966 0.008200407 -0.009270846 -0.004070162 0.00756663 -0.008941113 -0.003476619 0.006991267 -0.008323848 -0.00297904 0.006510138 0.005403876 -0.002377033 0.005990624 8.28885e-4 -0.002352714 0.005972743 -0.006196081 -0.002377033 0.005990624 -0.01019608 -0.002352714 0.005972743 -0.01019608 -0.002153277 0.0058344 -0.001621067 -0.002153277 0.0058344 -0.01019608 -0.001947581 0.005705535 -0.001621067 -0.001947581 0.005705535 -0.01019608 -0.001736104 0.005586385 -0.001621067 -0.001736104 0.005586385 -0.01019608 -0.001519322 0.00547719 -0.001621067 -0.001519322 0.00547719 -0.01019608 -0.001297652 0.005378305 -0.001621067 -0.001297652 0.005378305 -0.01019608 -0.001071631 0.005289852 -0.001621067 -0.001071631 0.005289852 -0.01019608 -8.41775e-4 0.005212008 8.28885e-4 -8.41775e-4 0.005212008 -0.01019608 -6.08488e-4 0.005145013 8.28885e-4 -6.08488e-4 0.005145013 -0.01019608 -3.72329e-4 0.005088984 -0.001621067 -3.72329e-4 0.005088984 -0.01019608 -1.33812e-4 0.005044043 -0.001621067 -1.33812e-4 0.005044043 -0.01019608 1.06543e-4 0.005010247 -0.001621067 1.06543e-4 0.005010247 -0.01019608 3.48213e-4 0.004987716 0.009403884 3.48213e-4 0.004987716 0.009403884 1.06543e-4 0.005010247 0.009403884 -1.33812e-4 0.005044043 0.009403884 -3.72329e-4 0.005088984 0.009403884 -6.08488e-4 0.005145013 0.009403884 -8.41775e-4 0.005212008 0.009403884 -0.001071631 0.005289852 0.009403884 -0.001297652 0.005378305 0.009403884 -0.001519322 0.00547719 0.009403884 -0.001736104 0.005586385 0.009403884 -0.001947581 0.005705535 0.009403884 -0.002153277 0.0058344 0.009403884 -0.002352714 0.005972743 0.00575602 -0.002400219 0.00600785 0.009403884 -0.00263828 0.006198406 0.006923317 -0.002672791 0.006227791 -0.01019608 -0.00263828 0.006198406 -0.007179379 -0.002508938 0.006092667 -0.006446182 -0.002437949 0.005995154 0.00710386 -0.009287714 0.006078541 0.00710386 -0.007199645 0.008232593 0.007098197 -0.009153306 0.005948245 0.007098197 -0.007065236 0.008102357 0.00708127 -0.009019434 0.005818486 0.007067143 -0.006864905 0.007908105 0.007033407 -0.008820772 0.005625903 0.006988644 -0.006602227 0.007653474 0.006932973 -0.008561968 0.005375027 0.006866574 -0.006348252 0.007407307 0.006789743 -0.008313715 0.005134403 0.006748795 -0.006165266 0.007229924 0.006656765 -0.008136153 0.004962325 0.006605923 -0.005991697 0.00706166 0.006499588 -0.007969141 0.004800379 0.006444096 -0.00582689 0.006901979 0.006324231 -0.007811665 0.004647731 0.006324231 -0.005723655 0.006801843 0.006195902 -0.007713794 0.004552841 0.006127715 -0.00557965 0.006662249 0.005987584 -0.007578551 0.00442177 0.005915701 -0.005447506 0.006534159 0.005764842 -0.007455825 0.004302859 0.005686223 -0.005331277 0.006421506 0.005526065 -0.007349789 0.004200041 0.005444526 -0.005228757 0.006322145 0.005276143 -0.007257938 0.004110991 0.005189657 -0.005144178 0.006240129 0.005014598 -0.007184565 0.004039824 0.004699289 -0.005033373 0.006132721 0.004654169 -0.007112383 0.003969907 0.004284262 -0.007071971 0.003930747 0.004284262 -0.004983901 0.006084799 0.004003882 -0.007061839 0.003920912 0.004003882 -0.004973769 0.006074965 0.00710386 -0.02652031 0.02278292 0.00710386 -0.0244323 0.02493703 0.004003882 -0.02874618 0.0249406 0.004003882 -0.02665817 0.02709466 0.00419104 -0.02874213 0.02493667 0.004284262 -0.02664804 0.02708482 0.004470109 -0.02871984 0.02491503 0.004654169 -0.02660757 0.02704566 0.004835903 -0.02866345 0.02486038 0.005014598 -0.02653545 0.02697569 0.005189657 -0.02857583 0.02477544 0.005276143 -0.02646207 0.02690458 0.005444526 -0.02849125 0.02469342 0.005526065 -0.02637016 0.02681553 0.005686223 -0.02838867 0.024594 0.005764842 -0.02626413 0.02671271 0.005915701 -0.0282725 0.02448141 0.005915701 -0.02618443 0.02663546 0.006059527 -0.02818644 0.02439796 0.006127715 -0.02605229 0.02650737 0.006260037 -0.02804529 0.02426117 0.006324231 -0.02590829 0.02636778 0.006444096 -0.02789306 0.02411359 0.006499588 -0.02575087 0.02621519 0.006605923 -0.02772831 0.02395391 0.006656765 -0.0255838 0.02605324 0.006748795 -0.02755475 0.02378565 0.006789743 -0.02540624 0.02588111 0.006866574 -0.02737176 0.02360826 0.006902396 -0.02522158 0.02570211 0.006963491 -0.02718251 0.02342486 0.006988644 -0.02502971 0.02551615 0.007033407 -0.02698731 0.02323555 0.007067143 -0.02476704 0.02526152 0.007089734 -0.02672165 0.02297812 0.007098197 -0.0245667 0.02506726 -0.004796087 -0.02665817 0.02709466 -0.004796087 -0.02874618 0.0249406 -0.007896065 -0.02652031 0.02278292 -0.007896065 -0.0244323 0.02493703 -0.007890403 -0.02665472 0.02291321 -0.007881939 -0.02463364 0.02513217 -0.007859408 -0.02685511 0.02310746 -0.007825672 -0.02489924 0.02538967 -0.007780849 -0.02711778 0.0233621 -0.007725179 -0.02515804 0.02564054 -0.007658779 -0.02737176 0.02360826 -0.007622957 -0.0253458 0.02582252 -0.007541 -0.02755475 0.02378565 -0.007494986 -0.02552527 0.0259965 -0.007398188 -0.02772831 0.02395391 -0.007291853 -0.02575087 0.02621519 -0.007176399 -0.02794474 0.02416366 -0.007116496 -0.02590829 0.02636778 -0.006988108 -0.02809429 0.02430862 -0.00691992 -0.02605229 0.02650737 -0.006779849 -0.02822947 0.02443969 -0.006632506 -0.02622431 0.02667409 -0.006478488 -0.02838867 0.024594 -0.00639981 -0.02633714 0.02678346 -0.006236732 -0.02849125 0.02469342 -0.006236732 -0.02640318 0.02684754 -0.006068348 -0.02855008 0.02475053 -0.006068348 -0.02646207 0.02690458 -0.005895376 -0.02860158 0.02480036 -0.005806863 -0.02653545 0.02697569 -0.005628168 -0.02866345 0.02486038 -0.005446434 -0.02660757 0.02704566 -0.005215704 -0.02872294 0.02491801 -0.005076527 -0.02664804 0.02708482 -0.007896065 -0.007199645 0.008232593 -0.007896065 -0.009287714 0.006078541 -0.004796087 -0.007061839 0.003920912 -0.004796087 -0.004973769 0.006074965 -0.005076527 -0.007071971 0.003930747 -0.004983246 -0.004977822 0.006078898 -0.005262315 -0.005000114 0.006100535 -0.005446434 -0.007112383 0.003969907 -0.005628168 -0.0050565 0.006155192 -0.005806863 -0.007184565 0.004039824 -0.005981862 -0.005144178 0.006240129 -0.00615257 -0.007287383 0.004139482 -0.006236732 -0.005228757 0.006322145 -0.00639981 -0.007382869 0.004232048 -0.006478488 -0.005331277 0.006421506 -0.006632506 -0.007495701 0.004341483 -0.006707906 -0.005447506 0.006534159 -0.006851792 -0.007621586 0.004463493 -0.00691992 -0.00557965 0.006662249 -0.007052302 -0.00776273 0.004600286 -0.007176399 -0.005775272 0.006851911 -0.007291853 -0.007969141 0.004800379 -0.007347345 -0.005935192 0.007006943 -0.00744903 -0.008136153 0.004962325 -0.007494986 -0.006106674 0.00717312 -0.007582008 -0.008313715 0.005134403 -0.007622957 -0.006286144 0.007347106 -0.007694661 -0.00849843 0.005313456 -0.007694661 -0.00641036 0.007467508 -0.007755696 -0.008625507 0.005436658 -0.007780849 -0.006602227 0.007653474 -0.007825672 -0.008820772 0.005625903 -0.007845282 -0.006798446 0.007843673 -0.007881939 -0.00908637 0.005883395 -0.007881939 -0.0069983 0.008037447 -0.009146094 -0.001443922 -0.001381456 -0.004771113 -0.001544296 -0.001268267 -0.004771113 -0.001391649 -0.001436173 -0.009146094 -0.001219093 -0.001583516 -0.004771113 -0.001219093 -0.001583516 -0.009146094 -0.001032531 -0.001712739 -0.004771113 -0.001032531 -0.001712739 -0.009146094 -9.00093e-4 -0.001785933 -0.004771113 -9.00093e-4 -0.001785933 -0.009146094 -7.62455e-4 -0.001848936 -0.004771113 -7.62455e-4 -0.001848936 -0.009146094 -6.20447e-4 -0.001901328 -0.004771113 -5.47666e-4 -0.00192207 -0.009146094 -4.00741e-4 -0.001958012 -0.004771113 -3.26598e-4 -0.001973211 -0.009146094 -1.76439e-4 -0.001992285 -0.001854419 -1.76439e-4 -0.001992285 -0.009146094 -2.52676e-5 -0.001999974 0.001791357 -2.52676e-5 -0.001999974 -0.009146094 1.26051e-4 -0.001996159 0.001791357 1.26051e-4 -0.001996159 -0.009146094 3.51158e-4 -0.001967668 0.001791357 2.7665e-4 -0.00198096 0.001791357 4.25666e-4 -0.001954376 -0.009146094 5.72246e-4 -0.001916646 0.001791357 5.72246e-4 -0.001916646 -0.009146094 7.15551e-4 -0.00186789 0.001791357 7.15551e-4 -0.00186789 -0.009146094 9.21916e-4 -0.001773536 0.001791357 8.54759e-4 -0.001808464 0.001791357 9.89073e-4 -0.001738667 -0.009146094 0.001117706 -0.001658916 0.001791357 0.001117706 -0.001658916 -0.009146094 0.001297533 -0.001520514 0.002702832 0.001239955 -0.001569628 0.001791357 0.001355111 -0.0014714 -0.009146094 0.001462459 -0.001364707 0.001791357 0.001462459 -0.001364707 -0.009146094 0.001561522 -0.001250267 0.001791357 0.001561522 -0.001250267 -0.009146094 0.001691877 -0.001064538 0.00233823 0.001651585 -0.001128613 0.001791357 0.00173217 -0.001000463 -0.009146094 0.001802861 -8.66668e-4 0.001791357 0.001802861 -8.66668e-4 -0.009146094 0.001888096 -6.56375e-4 0.002702832 0.001863241 -7.27862e-4 0.002702832 0.001912951 -5.84889e-4 -0.009146094 0.001951694 -4.38565e-4 0.002702832 0.001951694 -4.38565e-4 -0.009146094 0.001979291 -2.89731e-4 0.001791357 0.001979291 -2.89731e-4 -0.009146094 0.001995503 -1.39238e-4 0.001244485 0.001995503 -1.39238e-4 -0.009146094 0.001996994 8.76612e-5 0.001791357 0.002000331 1.20513e-5 0.001791357 0.001993656 1.63271e-4 -0.009146094 0.001975595 3.13555e-4 0.001791357 0.001975595 3.13555e-4 -0.009146094 0.001925945 5.34961e-4 0.001791357 0.00194621 4.62041e-4 0.001791357 0.001905679 6.07881e-4 -0.009146094 0.00185424 7.50238e-4 0.001791357 0.00185424 7.50238e-4 -0.009146094 0.001792192 8.88296e-4 0.00233823 0.001792192 8.88296e-4 -0.009146094 0.001678764 0.001084804 0.001791357 0.001719832 0.001021265 8.79927e-4 0.001637697 0.001148343 -0.009146094 0.001546144 0.001268923 0.001244485 0.001546144 0.001268923 -0.009146094 0.00139141 0.001434862 0.001791357 0.00144571 0.001382172 0.001791357 0.001337051 0.001487493 -0.009146094 0.001159012 0.00162822 0.001791357 0.001220703 0.001584351 0.001791357 0.001097381 0.001672089 -0.009146094 9.00208e-4 0.001784384 0.001791357 9.67786e-4 0.00175029 8.79927e-4 8.3263e-4 0.001818418 -0.009146094 6.92707e-4 0.001876175 0.001244485 6.92707e-4 0.001876175 -0.009146094 4.75303e-4 0.001941144 0.001791357 5.48818e-4 0.001923143 0.001791357 4.01788e-4 0.001959145 -0.009146094 2.52459e-4 0.00198388 0.001791357 2.52459e-4 0.00198388 -0.009146094 2.60091e-5 0.001998245 0.001791357 1.01686e-4 0.001997232 0.001791357 -4.96677e-5 0.001999199 -0.009146094 -2.00734e-4 0.001989662 0.001791357 -2.00734e-4 0.001989662 -0.009146094 -3.50649e-4 0.001968801 0.001791357 -3.50649e-4 0.001968801 -0.009146094 -4.98553e-4 0.001936614 0.00233823 -4.98553e-4 0.001936614 -0.009146094 -6.436e-4 0.001893281 0.002702832 -6.436e-4 0.001893281 -0.009146094 -7.84957e-4 0.00183916 0.002702832 -7.84957e-4 0.00183916 -0.009146094 -9.21817e-4 0.001774489 0.001791357 -9.21817e-4 0.001774489 -0.009146094 -0.001053392 0.001699686 0.001244485 -0.001053392 0.001699686 -0.009146094 -0.001238286 0.001568198 0.001244485 -0.00117892 0.001615107 0.001791357 -0.001297712 0.001521289 -0.009146094 -0.001409053 0.001418769 0.001791357 -0.001409053 0.001418769 -0.009146094 -0.001512348 0.001308143 0.00233823 -0.001512348 0.001308143 -0.009146094 -0.001649618 0.001127481 0.001791357 -0.001606941 0.001189947 0.001791357 -0.001692354 0.001065015 -0.009146094 -0.001768052 9.33956e-4 0.001244485 -0.001768052 9.33956e-4 -0.009146094 -0.001861155 7.27039e-4 0.001244485 -0.001833617 7.97534e-4 0.001244485 -0.001888692 6.56544e-4 -0.009146094 -0.001932978 5.11792e-4 0.001244485 -0.001932978 5.11792e-4 -0.009146094 -0.001966118 3.64107e-4 0.00233823 -0.001966118 3.64107e-4 -0.009146094 -0.001988053 2.14337e-4 0.00233823 -0.001988053 2.14337e-4 -0.009146094 -0.001998126 -1.23444e-5 0.00233823 -0.001998603 6.33372e-5 0.00233823 -0.001997649 -8.80259e-5 -0.009146094 -0.001985311 -2.38886e-4 -0.004771113 -0.001985311 -2.38886e-4 -0.009146094 -0.001944065 -4.62012e-4 -0.004771113 -0.001944065 -4.62012e-4 -0.009146094 -0.001880526 -6.79848e-4 -0.004771113 -0.001852154 -7.50002e-4 -0.009146094 -0.001790165 -8.87961e-4 -0.004771113 -0.001756548 -9.55767e-4 -0.009146094 -0.001679241 -0.001085877 -0.004771113 -0.001679241 -0.001085877 -0.009146094 -0.001592278 -0.001209795 0.003978848 -0.001443922 -0.001381456 8.44443e-4 -0.001462042 -0.001359641 0.003978848 -0.001592278 -0.001209795 0.003978848 -0.001717865 -0.001020789 0.008353829 -0.001636922 -0.001148641 0.008353829 -0.001755237 -9.55083e-4 0.003978848 -0.001823782 -8.20156e-4 0.008353829 -0.001879215 -6.79361e-4 0.003978848 -0.001903533 -6.07747e-4 0.008353829 -0.001960158 -3.881e-4 0.003978848 -0.001961529 -3.88378e-4 0.005437195 -0.001985311 -2.38886e-4 0.008353829 -0.001992881 -1.63573e-4 0.008353829 -0.001999557 -1.23531e-5 0.008353829 -0.001994729 1.38936e-4 0.008353829 -0.001978516 2.89429e-4 0.008353829 -0.001950919 4.38264e-4 0.008353829 -0.001912176 5.84587e-4 0.008353829 -0.001862525 7.2756e-4 0.008353829 -0.001802146 8.66366e-4 0.008353829 -0.001731455 0.001000165 0.008353829 -0.001605808 0.001189112 0.008353829 -0.001461744 0.001364409 0.008353829 -0.001354336 0.001471102 0.008353829 -0.00123918 0.00156933 0.008353829 -0.001116931 0.001658618 0.008353829 -9.21156e-4 0.001773238 0.008353829 -7.14791e-4 0.001867592 0.008353829 -5.71486e-4 0.001916289 0.008353829 -3.50398e-4 0.00196737 0.008353829 -1.25291e-4 0.001995861 0.008353829 2.60274e-5 0.001999676 0.008353829 2.52278e-4 0.00198245 0.008353829 4.75644e-4 0.001942515 0.008353829 6.21207e-4 0.00190103 0.008353829 8.32034e-4 0.001817107 0.008353829 0.001033306 0.001712441 0.008353829 0.001159846 0.001629412 0.008353829 0.001336097 0.00148648 0.008353829 0.001545011 0.001267969 0.008353829 0.001679956 0.001085579 0.008353829 0.001757264 9.55465e-4 0.008353829 0.001852929 7.497e-4 0.008353829 0.001927316 5.35345e-4 0.008353829 0.001974165 3.1333e-4 0.008353829 0.001998424 8.77241e-5 0.008353829 0.001999318 -6.3639e-5 0.008353829 0.00197786 -2.89524e-4 0.008353829 0.001933693 -5.12094e-4 0.008353829 0.001889467 -6.56846e-4 0.008353829 0.001801609 -8.66047e-4 0.008353829 0.001693069 -0.001065313 0.008353829 0.001607716 -0.001190245 0.008353829 0.001513063 -0.001308441 0.008353829 0.001354098 -0.001470327 0.008353829 0.001179695 -0.001615405 0.008353829 9.88365e-4 -0.001737415 0.008353829 7.85717e-4 -0.001839458 0.008353829 6.4436e-4 -0.001893579 0.008353829 4.99313e-4 -0.001936912 0.008353829 3.51409e-4 -0.001969099 0.008353829 2.01494e-4 -0.00198996 0.008353829 5.04275e-5 -0.001999497 0.008353829 -1.00926e-4 -0.00199753 0.005437195 -1.76439e-4 -0.001992285 0.008353829 -3.26364e-4 -0.001971781 0.003978848 -3.26598e-4 -0.001973211 0.003978848 -5.47666e-4 -0.00192207 0.008353829 -6.20003e-4 -0.001899957 0.003978848 -7.62455e-4 -0.001848936 0.008353829 -8.99448e-4 -0.001784682 0.003978848 -9.66333e-4 -0.001749336 0.008353829 -0.001096606 -0.001672387 0.003978848 -0.001159131 -0.00162971 0.008353829 -0.001219928 -0.001584649 0.003978848 -0.001279056 -0.001537322 0.008353829 -0.001390635 -0.00143516 0.008353829 -0.001545369 -0.001269221 7.18572e-4 -0.001727283 -9.98147e-4 4.66691e-4 -0.001883268 -6.62229e-4 1.35431e-4 -0.001959085 -3.98904e-4 -1.21018e-4 -0.001977801 -2.94461e-4 0.001062214 -0.001985311 -2.38886e-4 -3.65539e-4 -0.001983642 -2.52153e-4 -2.1984e-4 -2.0814e-4 -0.001989305 -4.4205e-4 -1.91243e-4 -0.001990973 -6.67122e-4 -2.32215e-4 -0.001986443 -0.001070559 -4.36204e-4 -0.001949846 -0.001406311 -7.71459e-4 -0.001842856 -0.001542091 -9.93994e-4 -0.00173372 -0.001625299 -0.001244544 -0.001560747 -0.0016402 -0.001466274 -0.001358628 -0.001568734 -0.00165677 -0.001113414 -0.001400291 -0.001822292 -8.19368e-4 -0.001238763 -0.001895546 -6.34046e-4 -9.29844e-4 -0.001956403 -4.06717e-4 -6.335e-4 -0.001979649 -2.82476e-4 -4.87985e-4 -0.001983225 -2.56134e-4 2.08357e-5 -2.81431e-4 -0.001980006 3.39709e-4 -4.84428e-4 -0.001938104 5.64081e-4 -7.00876e-4 -0.001873075 7.18572e-4 -9.43363e-4 -0.001758038 8.36178e-4 -0.001245796 -0.001562118 0.009603857 -0.0396797 0.03367269 0.009603857 -0.03795742 0.03570234 0.009603857 -0.04034608 0.03377026 0.009603857 -0.03812068 0.03561198 0.009603857 -0.0382893 0.03553193 0.009603857 -0.03917378 0.03356814 0.009603857 -0.03736966 0.03615945 0.009603857 -0.03750568 0.03603166 0.009603857 -0.03764933 0.03591257 0.009603857 -0.03814339 0.03320759 0.009603857 -0.03720611 0.03264808 0.009603857 -0.03666818 0.03220194 0.009603857 -0.003296196 0.002437531 0.009603857 -0.003161787 0.002609491 0.009603857 -0.003478944 0.002165973 0.009603857 -0.006389379 0.002851247 0.009603857 -0.003641963 0.001882076 0.009603857 -0.003779232 0.001584947 0.009603857 -0.003926277 0.001174211 0.009603857 -0.006062924 0.002490341 0.009603857 -0.005453407 0.001640021 0.009603857 -0.005185246 0.001081645 0.009603857 -0.004008889 8.57491e-4 0.009603857 -0.00492227 3.30098e-4 0.009603857 -0.004816472 -1.9052e-4 0.009603857 -0.004063069 5.34681e-4 0.009603857 -0.004094243 2.0884e-4 0.009603857 -0.004664719 -0.001087188 0.009603857 -0.004078507 -3.35881e-4 0.009603857 -0.003978848 -9.81809e-4 0.009603857 -0.004066646 -0.002490878 0.009603857 -0.003830611 -0.001449406 0.009603857 -0.003580391 -0.001994132 0.009603857 -0.003249049 -0.002493739 0.009603857 -0.003352344 -0.003429591 0.009603857 -0.002768993 -0.00301361 0.009603857 -0.002740859 -0.003928303 0.009603857 -0.002257585 -0.003420591 0.009603857 -0.001831471 -0.003663659 0.009603857 -0.001570105 -0.004518151 0.009603857 -0.001278102 -0.00389415 0.009603857 -8.03062e-4 -0.004016578 0.009603857 -2.08536e-4 -0.004093348 0.009603857 -5.48869e-4 -0.004764616 0.009603857 2.2773e-4 -0.004092335 0.009603857 8.21903e-4 -0.004012882 0.009603857 4.15284e-4 -0.004772901 0.009603857 0.001296341 -0.003888368 0.009603857 0.001702308 -0.003728568 0.009603857 0.001194 -0.004645287 0.009603857 0.002088963 -0.003526568 0.009603857 0.002452015 -0.003284573 0.009603857 0.002787232 -0.003005385 0.009603857 0.001991331 -0.004357635 0.009603857 0.002682209 -0.003976285 0.009603857 0.003419399 -0.003354966 0.009603857 0.003090858 -0.002692103 0.009603857 0.003359496 -0.002348363 0.009603857 0.004069149 -0.002529263 0.009603857 0.003663897 -0.001831948 0.009603857 0.00446099 -0.00174582 0.009603857 0.003822207 -0.001484572 0.009603857 0.003939867 -0.001121461 0.009603857 0.004080772 -3.17506e-4 0.009603857 0.004760444 -4.69608e-4 0.009603857 0.004077732 3.90128e-4 0.009603857 0.003979623 9.81507e-4 0.009603857 0.004761099 5.80994e-4 0.009603857 0.00376743 0.001599669 0.009603857 0.004625201 0.001269757 0.009603857 0.003469944 0.002181589 0.009603857 0.003112494 0.002662837 0.009603857 0.004390239 0.001931369 0.009603857 0.002773642 0.003017604 0.009603857 0.00241512 0.004116773 0.009603857 0.003842771 0.002844631 0.009603857 0.001536488 0.004543244 0.009603857 0.002437174 0.003295242 0.009603857 0.001879274 0.003635764 0.009603857 7.41202e-4 0.00473833 0.009603857 0.001382529 0.003859817 0.009603857 4.07421e-5 0.004820346 0.009603857 0.001175165 0.003927886 0.009603857 8.57718e-4 0.004007697 0.009603857 3.72349e-4 0.004078924 0.009603857 -5.39904e-4 0.00492537 0.009603857 -4.43815e-4 0.004068374 0.009603857 -0.001051068 0.005070328 0.009603857 -0.001138627 0.003934264 0.009603857 -0.001847922 0.003655076 0.009603857 -0.002272963 0.0034101 0.009603857 -0.002538681 0.003218948 0.009603857 -0.002706408 0.003079295 0.009603857 -0.002866506 0.002930819 0.009603857 -0.001272737 0.005152285 0.009603857 -0.001597404 0.005294322 0.009603857 -0.002535939 0.005876719 0.009603857 -0.003048479 0.006297767 0.009603857 -0.03332734 0.03564846 0.009603857 -0.03349822 0.03582173 0.009603857 -0.03650635 0.03797799 0.009603857 -0.03654897 0.03770148 0.009603857 -0.0364933 0.03816413 0.009603857 -0.03382742 0.03621989 0.009603857 -0.03649693 0.03844392 0.009603857 -0.03654032 0.03881418 0.009603857 -0.03440552 0.03714585 0.009603857 -0.03662931 0.03917628 0.009603857 -0.03672391 0.03943955 0.009603857 -0.03680127 0.03960937 0.009603857 -0.03477346 0.03810942 0.009603857 -0.03693801 0.03985345 0.009603857 -0.03709453 0.04008537 0.009603857 -0.03721135 0.04023087 0.009603857 -0.037337 0.04036879 0.009603857 -0.03500938 0.0392757 0.009603857 -0.03915673 0.0428614 0.009603857 -0.03747099 0.04049867 0.009603857 -0.03761279 0.04061996 0.009603857 -0.03776186 0.04073226 0.009603857 -0.03998649 0.04284465 0.009603857 -0.03791761 0.04083502 0.009603857 -0.03816306 0.04096919 0.009603857 -0.03841882 0.04108256 0.009603857 -0.03868496 0.04116892 0.009603857 -0.03895735 0.04123288 0.009603857 -0.04074716 0.0427044 0.009603857 -0.03914189 0.04126036 0.009603857 -0.03942108 0.04127848 0.009603857 -0.03970086 0.04127335 0.009603857 -0.04131138 0.04249519 0.009603857 -0.03997856 0.04123938 0.009603857 -0.0402525 0.04118245 0.009603857 -0.04043138 0.04112952 0.009603857 -0.04069221 0.0410282 0.009603857 -0.04199677 0.0421366 0.009603857 -0.04094368 0.04090559 0.009603857 -0.04274863 0.04149776 0.009603857 -0.04110401 0.04081016 0.009603857 -0.04125815 0.04070502 0.009603857 -0.04147541 0.04052871 0.009603857 -0.04167729 0.04033499 0.009603857 -0.03842031 0.04275035 0.009603857 -0.03517049 0.03985548 0.009603857 -0.03753101 0.04243206 0.009603857 -0.03556126 0.04065257 0.009603857 -0.0367828 0.04198414 0.009603857 -0.03597104 0.04123985 0.009603857 -0.0434603 0.04058724 0.009603857 -0.04373484 0.04005175 0.009603857 -0.04401636 0.03901672 0.009603857 -0.04408645 0.03820449 0.009603857 -0.04405283 0.03768926 0.009603857 -0.04180079 0.0401951 0.009603857 -0.04191535 0.04004782 0.009603857 -0.04202049 0.03989368 0.009603857 -0.04211592 0.03973329 0.009603857 -0.04220116 0.03956729 0.009603857 -0.04399436 0.03734987 0.009603857 -0.0422759 0.03939634 0.009603857 -0.04236632 0.03913158 0.009603857 -0.04243451 0.03886026 0.009603857 -0.04247426 0.03858327 0.009603857 -0.04382675 0.03677189 0.009603857 -0.04248875 0.03821074 0.009603857 -0.04247063 0.03793156 0.009603857 -0.04242372 0.03765571 0.009603857 -0.04335373 0.03581088 0.009603857 -0.0423541 0.03738474 0.009603857 -0.04225683 0.03712242 0.009603857 -0.04213815 0.03686904 0.009603857 -0.04199385 0.03662937 0.009603857 -0.04176962 0.03633153 0.009603857 -0.04238259 0.03473103 0.009603857 -0.0415101 0.03606384 0.009603857 -0.04129558 0.0358842 0.009603857 -0.04106366 0.03572767 0.009603857 -0.04081958 0.03559094 0.009603857 -0.04056268 0.0354802 0.009603857 -0.04132926 0.03407484 0.009603857 -0.04029744 0.03539115 0.009603857 -0.04002445 0.03532999 0.009603857 -0.03965413 0.0352866 0.009603857 -0.03937435 0.03528296 0.009603857 -0.0391882 0.03529602 0.009603857 -0.03900325 0.03532063 0.009603857 -0.0387299 0.03538036 0.009603857 -0.03846251 0.03546255 0.009603857 -0.03661435 0.03742945 0.009603857 -0.03667283 0.03725224 0.009603857 -0.0367822 0.03699475 0.009603857 -0.03691256 0.03674721 0.009603857 -0.03701293 0.03658986 0.009603857 -0.03712284 0.03643906 0.009603857 -0.03724187 0.03629541 0.009603857 -0.003018438 0.002774119 0.009603857 -0.03780013 0.03580266 0.009403884 -0.004974246 -5.03051e-4 -0.001621067 -0.005004286 -2.62199e-4 -0.01019608 -0.004974246 -5.03051e-4 -0.01019608 -0.005004286 -2.62199e-4 -0.01019608 -0.005045533 -2.30121e-5 -0.001621067 -0.005045533 -2.30121e-5 -0.01019608 -0.005097866 2.1399e-4 -0.001621067 -0.005097866 2.1399e-4 -0.01019608 -0.005161285 4.4829e-4 -0.001621067 -0.005161285 4.4829e-4 -0.01019608 -0.005235493 6.79378e-4 -0.001621067 -0.005235493 6.79378e-4 -0.01019608 -0.005320429 9.06751e-4 -0.001621067 -0.005320429 9.06751e-4 -0.01019608 -0.005415856 0.001129865 -0.001621067 -0.005415856 0.001129865 -0.01019608 -0.005521655 0.001348376 -0.001621067 -0.005521655 0.001348376 -0.01019608 -0.005637466 0.001561641 -0.001621067 -0.005637466 0.001561641 -0.01019608 -0.005763113 0.001769304 -0.001621067 -0.005763113 0.001769304 -0.01019608 -0.005898356 0.001970827 -0.001621067 -0.005898356 0.001970827 -0.01019608 -0.006042838 0.002165913 -0.001621067 -0.006042838 0.002165913 -0.01019608 -0.00619626 0.002353966 -0.001621067 -0.00619626 0.002353966 -0.01019608 -0.006358265 0.002534687 -0.001621067 -0.006358265 0.002534687 -0.01019608 -0.006528556 0.00270766 0.009403884 -0.006528556 0.00270766 0.009403884 -0.006358265 0.002534687 0.009403884 -0.00619626 0.002353966 0.009403884 -0.006042838 0.002165913 0.009403884 -0.005898356 0.001970827 0.009403884 -0.005763113 0.001769304 0.009403884 -0.005637466 0.001561641 0.009403884 -0.005521655 0.001348376 0.009403884 -0.005415856 0.001129865 0.009403884 -0.005320429 9.06751e-4 0.009403884 -0.005235493 6.79378e-4 0.009403884 -0.005161285 4.4829e-4 0.009403884 -0.005097866 2.1399e-4 0.009403884 -0.005045533 -2.30121e-5 0.009403884 -0.005004286 -2.62199e-4 -0.004796087 -0.007050812 0.003213882 -0.004997968 -0.007054865 0.003217816 -0.005448162 -0.007096409 0.003258049 0.009403884 -0.03680741 0.03205829 0.007598221 -0.0270133 0.02256441 0.007603883 -0.02686834 0.02242392 0.007603883 -0.009635746 0.005719542 0.006907224 -0.02839195 0.0239008 0.006510734 -0.0287196 0.02421844 0.006167769 -0.02893286 0.0244252 0.005832195 -0.02909386 0.02458125 0.005426526 -0.02923977 0.02472269 0.004853188 -0.0293774 0.02485609 0.004406929 -0.029437 0.02491384 0.004205703 -0.02944916 0.02492564 0.004003882 -0.02945321 0.02492958 -0.004796087 -0.02945321 0.02492958 -0.005098521 -0.02944308 0.02491974 -0.005766034 -0.02935087 0.02483034 -0.006401717 -0.02917879 0.02466356 -0.006956577 -0.02892965 0.02442204 -0.007411062 -0.02864348 0.02414464 -0.007699429 -0.02839195 0.0239008 -0.01019608 -0.03680741 0.03205829 -0.008013844 -0.02802121 0.02354145 -0.008237361 -0.02761793 0.0231505 -0.008345246 -0.02730131 0.02284365 -0.008381962 -0.02708554 0.02263444 -0.008396089 -0.02686834 0.02242392 -0.008396089 -0.009635746 0.005719542 -0.008363604 -0.009310662 0.005404412 -0.008237361 -0.008886158 0.004992961 -0.00808084 -0.008580327 0.004696488 -0.007823169 -0.008248746 0.00437504 -0.007411062 -0.0078606 0.003998816 -0.006894409 -0.007543385 0.003691315 -0.006447792 -0.007340073 0.003494262 -0.006031334 -0.007210731 0.003368854 0.007311701 -0.02787166 0.02339649 0.007488369 -0.02751374 0.02304953 0.007567107 -0.02722954 0.02277404 0.007589697 -0.009418547 0.005509018 0.007499039 -0.009044468 0.005146384 0.007288575 -0.008580327 0.004696488 0.007030963 -0.008248746 0.00437504 0.006618797 -0.0078606 0.003998816 0.006102204 -0.007543385 0.003691315 0.005655527 -0.007340073 0.003494262 0.005239069 -0.007210731 0.003368854 0.004655897 -0.007096409 0.003258049 0.004205703 -0.007054865 0.003217816 0.004003882 -0.007050812 0.003213882 0.009403884 -0.03706878 0.03229331 0.009403884 -0.0373438 0.03251218 0.009403884 -0.0375356 0.03264683 0.009403884 -0.03783494 0.03283113 0.009403884 -0.03825116 0.03304618 0.009403884 -0.03868508 0.03322285 0.009403884 -0.03901964 0.03333061 0.009403884 -0.03936129 0.03341293 0.009403884 -0.03970736 0.03347462 0.009403884 -0.04005652 0.03351557 0.009403884 -0.04040414 0.03356838 0.009403884 -0.04074627 0.03364926 0.009403884 -0.04108244 0.0337522 0.009403884 -0.04140907 0.03388214 0.009403884 -0.04182893 0.03409022 0.009403884 -0.04213023 0.03427141 0.009403884 -0.04241579 0.03447651 0.009403884 -0.04268735 0.03469973 0.009403884 -0.04285842 0.03486007 0.009403884 -0.04309868 0.03511673 0.009403884 -0.04332178 0.03538841 0.009403884 -0.0434584 0.0355789 0.009403884 -0.0436443 0.03587728 0.009403884 -0.04381042 0.03618717 0.009403884 -0.04390746 0.03640055 0.009403884 -0.043994 0.03661847 0.009403884 -0.04410225 0.03695297 0.009403884 -0.04418843 0.03729379 0.009403884 -0.04423105 0.03752434 0.009403884 -0.0442723 0.03787344 0.009403884 -0.04429072 0.03822451 0.009403884 -0.04428052 0.03857594 0.009403884 -0.04424744 0.03892594 0.009403884 -0.04421025 0.03915745 0.009403884 -0.04416185 0.0393868 0.009403884 -0.04406696 0.03972536 0.009403884 -0.04395025 0.04005694 0.009403884 -0.04385823 0.04027259 0.009403884 -0.04369944 0.04058623 0.009403884 -0.04352056 0.0408889 0.009403884 -0.04331767 0.04117602 0.009403884 -0.04309654 0.0414493 0.009403884 -0.04285395 0.04170376 0.009403884 -0.04259526 0.04194182 0.009403884 -0.04231804 0.04215812 0.009403884 -0.04202741 0.04235583 0.009403884 -0.04182541 0.04247486 0.009403884 -0.04151153 0.04263317 0.009403884 -0.041188 0.04277074 0.009403884 -0.04096674 0.04284822 0.009403884 -0.04062807 0.04294264 0.009403884 -0.04028397 0.04301476 0.009403884 -0.03993517 0.04305869 0.009403884 -0.03958421 0.04307979 0.009403884 -0.03923273 0.04307234 0.009403884 -0.03888249 0.043042 0.009403884 -0.03853589 0.04298329 0.009403884 -0.03808176 0.04286766 0.009403884 -0.03774923 0.04275357 0.009403884 -0.03742712 0.04261273 0.009403884 -0.03711479 0.04245126 0.009403884 -0.03691399 0.04233026 0.009403884 -0.03662532 0.04212963 0.009403884 -0.0363503 0.04191058 0.009403884 -0.03609406 0.04166996 0.009403884 -0.03585398 0.04141312 0.009403884 -0.03570538 0.04123181 0.009403884 -0.03556579 0.04104346 0.009403884 -0.03537529 0.04074794 0.009403884 -0.03520447 0.04044067 0.009403884 -0.03505915 0.04012054 0.009403884 -0.03493499 0.03979164 0.009403884 -0.03483802 0.03945368 0.009403884 -0.03476321 0.03911018 0.009403884 -0.03471118 0.03876245 0.009403884 -0.03464913 0.0384165 0.009403884 -0.03456133 0.03807616 0.009403884 -0.03441053 0.03763258 0.009403884 -0.03422039 0.03720438 0.009403884 -0.0340541 0.03689473 0.009403884 -0.03386497 0.03659844 0.009403884 -0.03365844 0.03631407 0.005577445 -0.03355962 0.03619533 0.009403884 -0.03343111 0.03604602 0.005513191 -0.03335434 0.03596216 -0.001621067 3.71874e-4 0.004985988 -0.01019608 5.86199e-4 0.004965364 -0.001621067 6.10508e-4 0.004962444 -0.01019608 8.22846e-4 0.004931688 8.28885e-4 8.47739e-4 0.004927515 -0.01019608 0.001057565 0.004886746 8.28885e-4 0.001083016 0.004881203 -0.01019608 0.001289963 0.004830658 8.28885e-4 0.001315772 0.004823684 -0.01019608 0.001519322 0.004763484 8.28885e-4 0.001545548 0.004755079 -0.01019608 0.001745283 0.004685461 8.28885e-4 0.001771748 0.004675507 -0.01019608 0.001967191 0.00459671 8.28885e-4 0.001993894 0.004585206 -0.01019608 0.002184689 0.004497468 8.28885e-4 0.002211451 0.004484355 -0.01019608 0.002397119 0.004387915 8.28885e-4 0.002423942 0.004373192 -0.01019608 0.002604126 0.004268348 8.28885e-4 0.002630829 0.004251956 -0.01019608 0.002805113 0.004139065 8.28885e-4 0.002831637 0.004120945 -0.01019608 0.002999722 0.004000246 8.28885e-4 0.003026008 0.003980457 -0.01019608 0.003187537 0.003852367 8.28885e-4 0.003213346 0.00383085 -0.01019608 0.00336802 0.003695607 8.28885e-4 0.003393352 0.003672361 -0.01019608 0.003540754 0.003530442 8.28885e-4 0.003565549 0.003505468 -0.01019608 0.003705441 0.003357231 8.28885e-4 0.003729522 0.003330528 -0.01019608 0.003861665 0.003176271 8.28885e-4 0.003884911 0.0031479 -0.01019608 0.004009068 0.0029881 8.28885e-4 0.00403136 0.002957999 -0.01019608 0.00414735 0.002793133 8.28885e-4 0.00416857 0.002761363 -0.01019608 0.004276096 0.002591729 8.28885e-4 0.004296183 0.00255835 -0.01019608 0.004395067 0.002384424 8.28885e-4 0.004413902 0.002349436 -0.01019608 0.004504024 0.002171695 8.28885e-4 0.004521489 0.002135097 -0.01019608 0.00460267 0.001953959 8.28885e-4 0.004618644 0.001915872 -0.01019608 0.004690825 0.001731753 8.28885e-4 0.00470519 0.001692295 -0.01019608 0.004768252 0.001505613 8.28885e-4 0.004780948 0.001464724 -0.01019608 0.004834711 0.001276016 8.28885e-4 0.004845678 0.001233875 -0.01019608 0.004890203 0.001043498 8.28885e-4 0.004899263 0.001000106 -0.01019608 0.004934489 8.0865e-4 8.28885e-4 0.004941582 7.64132e-4 -0.01019608 0.00496751 5.71911e-4 8.28885e-4 0.004972577 5.26346e-4 -0.01019608 0.004989206 3.33864e-4 8.28885e-4 0.004992067 2.87349e-4 -0.01019608 0.004999458 9.50535e-5 8.28885e-4 0.005000114 4.76902e-5 -0.01019608 0.004998266 -1.43974e-4 8.28885e-4 0.004996657 -1.92078e-4 -0.01019608 0.00498569 -3.82674e-4 8.28885e-4 0.004981696 -4.31405e-4 -0.01019608 0.004961729 -6.20498e-4 8.28885e-4 0.004955291 -6.6974e-4 -0.01019608 0.004926383 -8.56906e-4 8.28885e-4 0.004917502 -9.06535e-4 -0.01019608 0.004879832 -0.001091301 8.28885e-4 0.004868388 -0.00114119 -0.01019608 0.004822075 -0.001323282 8.28885e-4 0.004808068 -0.001373291 -0.01019608 0.004753351 -0.001552224 8.28885e-4 0.004736721 -0.001602232 -0.01019608 0.004673719 -0.001777589 8.28885e-4 0.004654467 -0.001827478 -0.01019608 0.004583477 -0.001998901 8.28885e-4 0.004561483 -0.002048492 -0.01019608 0.004482686 -0.002215683 8.28885e-4 0.004458069 -0.002264857 -0.01019608 0.004371702 -0.002427339 8.28885e-4 0.004344344 -0.002475976 -0.01019608 0.004250705 -0.002633512 8.28885e-4 0.004220664 -0.002681374 -0.01019608 0.004119992 -0.002833604 8.28885e-4 0.004087209 -0.002880632 -0.01019608 0.003979861 -0.00302726 8.28885e-4 0.003944456 -0.003073275 -0.01019608 0.003830611 -0.003214001 8.28885e-4 0.003792524 -0.003258824 -0.01019608 0.003672659 -0.003393411 8.28885e-4 0.003631949 -0.003436923 -0.01019608 0.003506243 -0.003565013 8.28885e-4 0.00346297 -0.003607094 -0.01019608 0.003331899 -0.003728508 8.28885e-4 0.003286063 -0.00376892 -0.01019608 0.003149867 -0.003883481 8.28885e-4 0.003101587 -0.003922164 -0.01019608 0.002960681 -0.004029572 8.28885e-4 0.002910017 -0.004066288 -0.01019608 0.002764761 -0.004166424 8.28885e-4 0.002711713 -0.004201114 -0.01019608 0.002562463 -0.004293799 8.28885e-4 0.00250715 -0.004326283 -0.01019608 0.002354323 -0.004411339 8.28885e-4 0.002296864 -0.004441499 -0.01019608 0.00214082 -0.004518806 8.28885e-4 0.002081274 -0.004546523 -0.01019608 0.001922428 -0.004615902 8.28885e-4 0.001860916 -0.004641056 -0.01019608 0.001699626 -0.004702508 8.28885e-4 0.001636266 -0.004724919 -0.01019608 0.001472949 -0.004778325 8.28885e-4 0.001407861 -0.004797935 -0.01019608 0.001242876 -0.004843294 8.28885e-4 0.001176178 -0.004859864 -0.01019608 0.00101 -0.004897117 8.28885e-4 9.41878e-4 -0.004910707 -0.01019608 7.74837e-4 -0.004939794 8.28885e-4 7.05359e-4 -0.004950165 -0.01019608 5.37874e-4 -0.004971146 8.28885e-4 4.67219e-4 -0.004978299 -0.01019608 2.99682e-4 -0.004991173 8.28885e-4 2.28005e-4 -0.004994928 -0.01019608 6.08061e-5 -0.004999756 8.28885e-4 -1.17322e-5 -0.005000114 -0.01019608 -1.78208e-4 -0.004996955 8.28885e-4 -2.51442e-4 -0.004993796 -0.01019608 -4.16814e-4 -0.004982709 8.28885e-4 -4.90572e-4 -0.004975974 -0.01019608 -6.54466e-4 -0.004957079 8.28885e-4 -7.28574e-4 -0.004946708 -0.01019608 -8.90622e-4 -0.004920065 8.28885e-4 -9.64898e-4 -0.004906058 -0.01019608 -0.001124739 -0.004871904 8.28885e-4 -0.001198947 -0.004854142 -0.01019608 -0.001356244 -0.004812538 8.28885e-4 -0.001430332 -0.00479108 -0.01019608 -0.001584708 -0.004742205 8.28885e-4 -0.00165838 -0.004716932 -0.01019608 -0.001809537 -0.004661023 8.28885e-4 -0.001882612 -0.004631996 -0.01019608 -0.002030193 -0.004569232 8.28885e-4 -0.002102494 -0.00453639 -0.01019608 -0.00224626 -0.00446695 -0.001621067 -0.002317607 -0.004430353 -0.01019608 -0.002457201 -0.004354476 -0.005296111 -0.002527356 -0.004314124 -0.01019608 -0.002662479 -0.004232048 -0.005296111 -0.002731502 -0.004187762 -0.01019608 -0.002957999 -0.004029214 -0.005296111 -0.003024339 -0.003979623 -0.01019608 -0.003240048 -0.003807961 -0.005296111 -0.003303527 -0.003752946 -0.01019608 -0.003418326 -0.003648698 -0.005296111 -0.003563761 -0.003504753 -0.01019608 -0.003669917 -0.003393411 -0.005296111 -0.003807544 -0.003240406 -0.01019608 -0.003904759 -0.003122568 -0.005296111 -0.004029452 -0.002957463 -0.01019608 -0.00411725 -0.002833902 -0.005296111 -0.004232823 -0.00266093 -0.01019608 -0.004310965 -0.002532303 -0.002846062 -0.004355549 -0.002454876 -0.01019608 -0.004427075 -0.002323329 8.28885e-4 -0.004468202 -0.00224322 -0.01019608 -0.004533052 -0.00210911 8.28885e-4 -0.004570603 -0.002026379 -0.01019608 -0.004628658 -0.001890003 8.28885e-4 -0.004662513 -0.001804888 -0.01019608 -0.004713714 -0.001666605 8.28885e-4 -0.004743695 -0.001579284 -0.01019608 -0.004787921 -0.001439452 8.28885e-4 -0.004813909 -0.001349985 -0.01019608 -0.004851281 -0.001208961 8.28885e-4 -0.004873096 -0.001117646 -0.01019608 -0.004903495 -9.75712e-4 8.28885e-4 -0.004921078 -8.82701e-4 -0.01019608 -0.004944503 -7.40227e-4 8.28885e-4 -0.004957735 -6.45726e-4 0.009403884 -0.004944503 -7.40227e-4 0.009403884 -0.004903495 -9.75712e-4 0.009403884 -0.004851281 -0.001208961 0.009403884 -0.004787921 -0.001439452 0.009403884 -0.004713714 -0.001666605 0.009403884 -0.004628658 -0.001890003 0.009403884 -0.004533052 -0.00210911 0.009403884 -0.004427075 -0.002323329 0.004503846 -0.004355549 -0.002454876 0.009403884 -0.004248023 -0.002633869 0.004503846 -0.004232823 -0.00266093 0.004503846 -0.004100203 -0.002861082 0.009403884 -0.004049539 -0.002932369 0.004503846 -0.003958523 -0.003054141 0.009403884 -0.003827929 -0.00321412 0.004503846 -0.003727674 -0.003329873 0.009403884 -0.003588795 -0.003481149 0.004503846 -0.003479659 -0.003590226 0.009403884 -0.003418326 -0.003648698 0.004503846 -0.003303527 -0.003752946 0.009403884 -0.003147184 -0.003883183 0.004503846 -0.003024339 -0.003979623 0.009403884 -0.002861678 -0.004099905 0.004503846 -0.002731263 -0.004187941 0.009403884 -0.002662479 -0.004232048 0.004503846 -0.002527356 -0.004314124 0.009403884 -0.002457201 -0.004354476 0.009403884 -0.00224626 -0.00446695 0.009403884 -0.002030193 -0.004569232 0.009403884 -0.001809537 -0.004661023 0.009403884 -0.001584708 -0.004742205 0.009403884 -0.001356244 -0.004812538 0.009403884 -0.001124739 -0.004871904 0.009403884 -8.90622e-4 -0.004920065 0.009403884 -6.54466e-4 -0.004957079 0.009403884 -4.16814e-4 -0.004982709 0.009403884 -1.78208e-4 -0.004996955 0.009403884 6.08061e-5 -0.004999756 0.009403884 2.99682e-4 -0.004991173 0.009403884 5.37874e-4 -0.004971146 0.009403884 7.74837e-4 -0.004939794 0.009403884 0.00101 -0.004897117 0.009403884 0.001242876 -0.004843294 0.009403884 0.001472949 -0.004778325 0.009403884 0.001699626 -0.004702508 0.009403884 0.001922428 -0.004615902 0.009403884 0.00214082 -0.004518806 0.009403884 0.002354323 -0.004411339 0.009403884 0.002562463 -0.004293799 0.009403884 0.002764761 -0.004166424 0.009403884 0.002960681 -0.004029572 0.009403884 0.003149867 -0.003883481 0.009403884 0.003331899 -0.003728508 0.009403884 0.003506243 -0.003565013 0.009403884 0.003672659 -0.003393411 0.009403884 0.003830611 -0.003214001 0.009403884 0.003979861 -0.00302726 0.009403884 0.004119992 -0.002833604 0.009403884 0.004250705 -0.002633512 0.009403884 0.004371702 -0.002427339 0.009403884 0.004482686 -0.002215683 0.009403884 0.004583477 -0.001998901 0.009403884 0.004673719 -0.001777589 0.009403884 0.004753351 -0.001552224 0.009403884 0.004822075 -0.001323282 0.009403884 0.004879832 -0.001091301 0.009403884 0.004926383 -8.56906e-4 0.009403884 0.004961729 -6.20498e-4 0.009403884 0.00498569 -3.82674e-4 0.009403884 0.004998266 -1.43974e-4 0.009403884 0.004999458 9.50535e-5 0.009403884 0.004989206 3.33864e-4 0.009403884 0.00496751 5.71911e-4 0.009403884 0.004934489 8.0865e-4 0.009403884 0.004890203 0.001043498 0.009403884 0.004834711 0.001276016 0.009403884 0.004768252 0.001505613 0.009403884 0.004690825 0.001731753 0.009403884 0.00460267 0.001953959 0.009403884 0.004504024 0.002171695 0.009403884 0.004395067 0.002384424 0.009403884 0.004276096 0.002591729 0.009403884 0.00414735 0.002793133 0.009403884 0.004009068 0.0029881 0.009403884 0.003861665 0.003176271 0.009403884 0.003705441 0.003357231 0.009403884 0.003540754 0.003530442 0.009403884 0.00336802 0.003695607 0.009403884 0.003187537 0.003852367 0.009403884 0.002999722 0.004000246 0.009403884 0.002805113 0.004139065 0.009403884 0.002604126 0.004268348 0.009403884 0.002397119 0.004387915 0.009403884 0.002184689 0.004497468 0.009403884 0.001967191 0.00459671 0.009403884 0.001745283 0.004685461 0.009403884 0.001519322 0.004763484 0.009403884 0.001289963 0.004830658 0.009403884 0.001057565 0.004886746 0.009403884 8.22846e-4 0.004931688 0.009403884 5.86199e-4 0.004965364 7.00989e-4 -0.002761423 -0.004166722 1.60708e-4 -0.00248754 -0.004336535 -8.51235e-4 -0.002474188 -0.004343926 -0.00141704 -0.002705633 -0.00420314 -0.001824796 -0.003149628 -0.003880083 -0.001896679 -0.003596186 -0.003469467 -0.001686036 -0.003939926 -0.00307399 -0.001245141 -0.004181683 -0.002738416 -5.86471e-4 -0.00430274 -0.002546191 1.64631e-4 -0.004257023 -0.002621054 6.41546e-4 -0.004110813 -0.002844333 0.001001834 -0.003827393 -0.003213763 0.001125276 -0.003462851 -0.003605365 9.99495e-4 -0.003091037 -0.003926932 -0.01039606 -0.00408715 2.63099e-4 -0.01039606 -0.004805564 -2.77978e-4 -0.01039606 -0.004028856 7.50192e-4 -0.01039606 -0.004971742 5.00234e-4 -0.01039606 -0.003873825 0.001329243 -0.01039606 -0.003689467 0.001783847 -0.01039606 -0.003478944 0.002165973 -0.01039606 -0.003296196 0.002437531 -0.01039606 -0.003161787 0.002609491 -0.01039606 -0.005100369 8.93031e-4 -0.01039606 -0.003018438 0.002774119 -0.01039606 -0.00518918 0.001111984 -0.01039606 -0.005341291 0.001432061 -0.01039606 -0.005952596 0.002352058 -0.01039606 -0.006389379 0.002851247 -0.01039606 -0.03666818 0.03220194 -0.01039606 -0.03684675 0.03236734 -0.01039606 -0.03909558 0.03530693 -0.01039606 -0.03891146 0.03533726 -0.01039606 -0.03864008 0.03540545 -0.01039606 -0.03928118 0.03528809 -0.01039606 -0.03725492 0.03268402 -0.01039606 -0.03946763 0.03528082 -0.01039606 -0.03974717 0.03529316 -0.01039606 -0.03819841 0.03323298 -0.01039606 -0.04011595 0.03534799 -0.01039606 -0.04038691 0.03541761 -0.01039606 -0.04064923 0.03551489 -0.01039606 -0.03917294 0.03357076 -0.01039606 -0.04090261 0.03563356 -0.01039606 -0.04106444 0.03572642 -0.01039606 -0.04122018 0.03582918 -0.01039606 -0.04136925 0.03594148 -0.01039606 -0.04151105 0.03606277 -0.01039606 -0.04034608 0.03377026 -0.01039606 -0.04395955 0.03728383 -0.01039606 -0.04164505 0.03619259 -0.01039606 -0.04408907 0.03814703 -0.01039606 -0.04177069 0.03633058 -0.01039606 -0.04188752 0.03647607 -0.01039606 -0.04407113 0.03866302 -0.01039606 -0.0419951 0.03662854 -0.01039606 -0.04209297 0.03678745 -0.01039606 -0.04221946 0.03703695 -0.01039606 -0.04232484 0.03729617 -0.01039606 -0.04240286 0.03756481 -0.01039606 -0.04400187 0.03917455 -0.01039606 -0.04245835 0.03783905 -0.01039606 -0.04248511 0.03811752 -0.01039606 -0.04382663 0.03977978 -0.01039606 -0.04248225 0.03849035 -0.01039606 -0.04243308 0.03885996 -0.01039606 -0.04236769 0.03913199 -0.01039606 -0.04227453 0.0393958 -0.01039606 -0.04215979 0.03965097 -0.01039606 -0.0420193 0.03989291 -0.01039606 -0.04179966 0.04019421 -0.01039606 -0.04141575 0.04244774 -0.01039606 -0.04161238 0.04040199 -0.01039606 -0.04074716 0.0427044 -0.01039606 -0.04093056 0.03391331 -0.01039606 -0.04357933 0.03619247 -0.01039606 -0.04203927 0.03447467 -0.01039606 -0.0431084 0.0354585 -0.01039606 -0.04324376 0.04092496 -0.01039606 -0.04253655 0.04171091 -0.01039606 -0.03974348 0.04286271 -0.01039606 -0.03927087 0.04287546 -0.01039606 -0.03850537 0.04276371 -0.01039606 -0.03501933 0.03933227 -0.01039606 -0.03740298 0.04043477 -0.01039606 -0.03754091 0.04056042 -0.01039606 -0.03529971 0.04014319 -0.01039606 -0.03753101 0.04243206 -0.01039606 -0.03583228 0.04105699 -0.01039606 -0.0367828 0.04198414 -0.01039606 -0.03489106 0.03861272 -0.01039606 -0.0372731 0.04030084 -0.01039606 -0.03715181 0.04015904 -0.01039606 -0.03698813 0.03993207 -0.01039606 -0.03684389 0.03969234 -0.01039606 -0.03676128 0.03952509 -0.01039606 -0.03665858 0.03926479 -0.01039606 -0.03657776 0.03899693 -0.01039606 -0.03652513 0.03872215 -0.01039606 -0.03649544 0.03844398 -0.01039606 -0.03649109 0.03825742 -0.01039606 -0.03650778 0.03797817 -0.01039606 -0.0365684 0.03761029 -0.01039606 -0.03664219 0.0373404 -0.01039606 -0.03674352 0.03707963 -0.01039606 -0.03686612 0.03682816 -0.01039606 -0.03696155 0.03666776 -0.01039606 -0.03706669 0.03651362 -0.01039606 -0.03718125 0.03636634 -0.01039606 -0.03730475 0.03622645 -0.01039606 -0.03477084 0.03811025 -0.01039606 -0.03437846 0.03709167 -0.01039606 -0.03378999 0.03617221 -0.01039606 -0.03332734 0.03564846 -0.01039606 -0.003048479 0.006297767 -0.01039606 -0.002272963 0.0034101 -0.01039606 -0.002538681 0.003218948 -0.01039606 -0.002706408 0.003079295 -0.01039606 -0.002866506 0.002930819 -0.01039606 -0.002341151 0.005743384 -0.01039606 -0.001192092 0.003922581 -0.01039606 -0.001550376 0.003790915 -0.01039606 -7.13973e-4 0.004033029 -0.01039606 -0.001334249 0.005197703 -0.01039606 -8.83669e-6 0.004092574 -0.01039606 -3.67684e-4 0.004883706 -0.01039606 8.03821e-4 0.00401628 -0.01039606 6.0947e-4 0.004751861 -0.01039606 0.001278817 0.003893852 -0.01039606 0.001999735 0.003571867 -0.01039606 0.001536488 0.004543244 -0.01039606 0.002437174 0.003295242 -0.01039606 0.002773642 0.003017604 -0.01039606 0.002026498 0.004349648 -0.01039606 0.004466533 0.001741111 -0.01039606 0.004061222 0.002551555 -0.01039606 0.002803742 0.003883898 -0.01039606 0.00362432 0.003137648 -0.01039606 0.003078699 0.002705693 -0.01039606 0.003464996 0.00217849 -0.01039606 0.004681706 0.001042485 -0.01039606 0.003772795 0.001601934 -0.01039606 0.00478357 -3.15235e-6 -0.01039606 0.003963708 0.001033663 -0.01039606 0.004077732 3.90128e-4 -0.01039606 0.004093468 -1.54437e-4 -0.01039606 0.004680395 -0.001048624 -0.01039606 0.003956258 -0.001041293 -0.01039606 0.003779947 -0.001585245 -0.01039606 0.003506064 -0.002118468 -0.01039606 0.003229737 -0.002523779 -0.01039606 0.003019154 -0.002774417 -0.01039606 0.001194 -0.004645287 -0.01039606 0.002787232 -0.003005385 -0.01039606 0.002452015 -0.003284573 -0.01039606 0.002040624 -0.00355184 -0.01039606 5.03106e-4 -0.004769742 -0.01039606 0.0015015 -0.003813862 -0.01039606 0.001034259 -0.00396347 -0.01039606 -1.98615e-4 -0.004792034 -0.01039606 4.45205e-4 -0.004074454 -0.01039606 1.18753e-4 -0.004098415 -0.01039606 -9.81059e-4 -0.004689335 -0.01039606 -2.08536e-4 -0.004093348 -0.01039606 -8.03062e-4 -0.004016578 -0.01039606 -0.001901686 -0.004402875 -0.01039606 -0.001278102 -0.00389415 -0.01039606 -0.001831471 -0.003663659 -0.01039606 -0.002740859 -0.003928303 -0.01039606 -0.002257585 -0.003420591 -0.01039606 -0.002768993 -0.00301361 -0.01039606 -0.003584742 -0.003166496 -0.01039606 -0.003249049 -0.002493739 -0.01039606 -0.003580391 -0.001994132 -0.01039606 -0.004200041 -0.002314925 -0.01039606 -0.003846466 -0.001397192 -0.01039606 -0.004543364 -0.001493334 -0.01039606 -0.004050433 -6.06884e-4 -0.01039606 -0.004093289 -2.27581e-4 -0.01039606 0.001937508 -0.004381 -0.01039606 0.004331409 -0.002040266 -0.01039606 0.002731978 -0.003945291 -0.01039606 0.004028618 -0.002607643 -0.01039606 0.003393888 -0.003371 -0.01039606 -0.001994311 0.003581881 -0.01039606 -0.03743666 0.03609448 -0.01039606 -0.03757655 0.03597098 -0.01039606 -0.03772383 0.03585642 -0.01039606 -0.0379582 0.03570353 -0.01039606 -0.03828984 0.03553324 -0.01039606 -0.0377627 0.04073107 -0.01039606 -0.03808009 0.04092657 -0.01039606 -0.03833222 0.04104787 -0.01039606 -0.0385065 0.04111456 -0.01039606 -0.0387752 0.04119259 -0.01039606 -0.03904944 0.04124802 -0.01039606 -0.03923475 0.04126977 -0.01039606 -0.03951436 0.04127919 -0.01039606 -0.03979378 0.04126542 -0.01039606 -0.0399788 0.04124081 -0.01039606 -0.04025208 0.04118108 -0.01039606 -0.04051953 0.04109889 -0.01039606 -0.04077702 0.04098951 -0.01039606 -0.04102462 0.0408591 -0.01039606 -0.04118192 0.04075878 -0.01039606 -0.04133272 0.04064887 -0.01039606 -0.04147636 0.04052978 -0.01019608 -0.04005652 0.03351557 -0.01019608 -0.03959167 0.03345578 -0.01019608 -0.03913313 0.03335976 -0.01019608 -0.03879547 0.03326213 -0.01019608 -0.03846609 0.0331394 -0.01019608 -0.0381447 0.03299713 -0.01019608 -0.03783494 0.03283113 -0.01019608 -0.0375356 0.03264683 -0.01019608 -0.03725105 0.0324406 -0.01019608 -0.03697931 0.03221762 -0.01019608 -0.03474581 0.03899425 -0.01019608 -0.03480935 0.03934001 -0.01019608 -0.03486669 0.03956735 -0.01019608 -0.03493499 0.03979164 -0.01019608 -0.03505915 0.04012054 -0.01019608 -0.03520447 0.04044067 -0.01019608 -0.03537529 0.04074794 -0.01019608 -0.03563559 0.04113763 -0.01019608 -0.03585398 0.04141312 -0.01019608 -0.03609406 0.04166996 -0.01019608 -0.0363503 0.04191058 -0.01019608 -0.03653132 0.0420596 -0.01019608 -0.03671938 0.04219961 -0.01019608 -0.03701442 0.04239076 -0.01019608 -0.03732126 0.0425623 -0.01019608 -0.0376411 0.04270833 -0.01019608 -0.03808176 0.04286766 -0.01019608 -0.03853589 0.04298329 -0.01019608 -0.03888249 0.043042 -0.01019608 -0.03923273 0.04307234 -0.01019608 -0.03958421 0.04307979 -0.01019608 -0.03993517 0.04305869 -0.01019608 -0.04028397 0.04301476 -0.01019608 -0.04062807 0.04294264 -0.01019608 -0.04107737 0.04280948 -0.01019608 -0.0414052 0.04268252 -0.01019608 -0.04172164 0.04252934 -0.01019608 -0.04202741 0.04235583 -0.01019608 -0.04222333 0.04222714 -0.01019608 -0.04250401 0.04201543 -0.01019608 -0.04277032 0.04178589 -0.01019608 -0.04301702 0.04153543 -0.01019608 -0.04324698 0.04126948 -0.01019608 -0.04338842 0.04108256 -0.01019608 -0.04358184 0.040789 -0.01019608 -0.04375576 0.04048341 -0.01019608 -0.04385823 0.04027259 -0.01019608 -0.04399096 0.03994703 -0.01019608 -0.04410225 0.03961354 -0.01019608 -0.04416185 0.0393868 -0.01019608 -0.04422885 0.03904169 -0.01019608 -0.04427331 0.03869295 -0.01019608 -0.04428923 0.03834176 -0.01019608 -0.04428219 0.03799027 -0.01019608 -0.04424667 0.03764051 -0.01019608 -0.04418843 0.03729379 -0.01019608 -0.04410225 0.03695297 -0.01019608 -0.04395073 0.03650951 -0.01019608 -0.04381042 0.03618717 -0.01019608 -0.04370301 0.03597879 -0.01019608 -0.04358559 0.03577584 -0.01019608 -0.04339009 0.03548365 -0.01019608 -0.04317599 0.03520482 -0.01019608 -0.0429399 0.03494435 -0.01019608 -0.042598 0.03462386 -0.01019608 -0.04222655 0.03433823 -0.01019608 -0.04182893 0.03409022 -0.01019608 -0.04140907 0.03388214 -0.01019608 -0.04108244 0.0337522 -0.01019608 -0.04074627 0.03364926 -0.01019608 -0.04040414 0.03356838 -0.006305396 -0.03335434 0.03596216 -0.01019608 -0.03343111 0.03604602 -0.006369709 -0.03355962 0.03619533 -0.01019608 -0.03365844 0.03631407 -0.01019608 -0.03386497 0.03659844 -0.01019608 -0.0340541 0.03689473 -0.01019608 -0.03422039 0.03720438 -0.01019608 -0.03441053 0.03763258 -0.01019608 -0.03452861 0.03796362 -0.01019608 -0.03462153 0.0383026 -0.01019608 -0.03469395 0.03864651 7.90809e-4 -0.003015816 -0.003656923 8.4964e-4 -0.00326693 -0.003413498 6.16346e-4 -0.002770602 -0.003894627 3.02297e-4 -0.002547264 -0.004111051 3.9403e-5 -0.002449929 -0.004205405 -3.07168e-4 -0.002395808 -0.004257917 -7.0282e-4 -0.002424895 -0.004229664 -0.001142919 -0.002572 -0.00408709 -0.001393675 -0.002752125 -0.003912508 -0.001597821 -0.003068149 -0.00360614 -0.001639008 -0.003352046 -0.003330945 -0.001542627 -0.003629088 -0.003062367 -0.001277208 -0.003920972 -0.002779483 -9.51391e-4 -0.004084527 -0.002620935 -5.148e-4 -0.004180729 -0.002527713 -1.60889e-4 -0.004164576 -0.00254333 2.01037e-4 -0.00407356 -0.002631545 5.85086e-4 -0.003828763 -0.00286889 7.90809e-4 -0.003560721 -0.003128647 8.40783e-4 -0.00227338 -0.002173483 8.29165e-4 -0.002014994 -0.002423942 6.80688e-4 -0.001744866 -0.002685785 4.97339e-4 -0.001561045 -0.002864003 2.86747e-4 -0.001438915 -0.002982378 -9.79815e-5 -0.001318573 -0.003099024 -3.65945e-4 -0.001291036 -0.003125727 -6.35451e-4 -0.001309275 -0.003108024 -9.49457e-4 -0.001383602 -0.003035962 -0.001242399 -0.001533865 -0.002890348 -0.001472294 -0.001732766 -0.002697527 -0.001598298 -0.00195229 -0.002484738 -0.00164318 -0.002143919 -0.002298951 -0.001602709 -0.002400815 -0.002049982 -0.001421511 -0.0026955 -0.001764297 -0.001246333 -0.002843737 -0.00162065 -0.001027822 -0.002958416 -0.001509487 -7.24115e-4 -0.003052234 -0.001418471 -5.46786e-4 -0.003078222 -0.001393318 -3.65945e-4 -0.003083467 -0.001388192 -3.97791e-5 -0.003044545 -0.001425981 2.86747e-4 -0.002935588 -0.0015316 5.56248e-4 -0.002764165 -0.001697778 7.46219e-4 -0.002544522 -0.001910686 -0.009146094 -0.002608358 -0.003161191 -0.009146094 -0.003039777 -0.002745032 -0.009146094 -0.003348112 -0.002363443 -0.009146094 -0.003580391 -0.001994132 -0.009146094 -0.00377202 -0.001602232 -0.009146094 -0.003934025 -0.001139163 -0.009146094 -0.004060626 -5.53279e-4 -0.009146094 -0.004093289 -2.27581e-4 -0.009146094 -0.004092693 1.54136e-4 -0.009146094 -0.004048824 6.42892e-4 -0.009146094 -0.003983199 9.63575e-4 -0.009146094 -0.003773868 0.001582682 -0.009146094 -0.003447711 0.002210676 -0.009146094 -0.003161787 0.002609491 -0.009146094 -0.003018438 0.002774119 -0.009146094 -0.002786457 0.003005087 -0.009146094 -0.002405822 0.003314554 -0.009146094 -0.001994311 0.003581881 -0.009146094 -0.001800835 0.003682971 -0.009146094 -0.001346409 0.003868103 -0.009146094 -7.13973e-4 0.004033029 -0.009146094 -2.2697e-4 0.004092037 -0.009146094 4.26246e-4 0.004070341 -0.009146094 0.00112164 0.00393939 -0.009146094 0.001734018 0.003710865 -0.009146094 0.00225836 0.003420293 -0.009146094 0.002731561 0.003052294 -0.009146094 0.003078699 0.002705693 -0.009146094 0.003464996 0.00217849 -0.009146094 0.003730118 0.001702368 -0.009146094 0.003852725 0.001398861 -0.009146094 0.003979623 9.81507e-4 -0.009146094 0.004065871 4.98589e-4 -0.009146094 0.004093468 -1.54437e-4 -0.009146094 0.003956258 -0.001041293 -0.009146094 0.003779947 -0.001585245 -0.009146094 0.003561258 -0.002024352 -0.009146094 0.003193914 -0.002564966 -0.009146094 0.002619624 -0.003144979 -0.009146094 0.0021829 -0.003470897 -0.009146094 0.001750707 -0.003703296 -0.009146094 0.001296341 -0.003888368 -0.009146094 8.21903e-4 -0.004012882 -0.009146094 3.36706e-4 -0.004086315 -0.009146094 1.18753e-4 -0.004098415 -0.009146094 -2.08536e-4 -0.004093348 -0.009146094 -6.958e-4 -0.004036545 -0.009146094 -0.00117439 -0.003928184 -0.009146094 -0.0014835 -0.003820598 -0.009146094 -0.001881182 -0.003641247 -0.009146094 -0.002257585 -0.003420591 0.008353829 -0.002889394 -0.002902925 0.008353829 -0.002436399 -0.00329554 0.008353829 -0.002072334 -0.003535926 0.008353829 -0.001481413 -0.003815174 0.008353829 -8.03062e-4 -0.004016578 0.008353829 -3.17539e-4 -0.004087805 0.008353829 9.60963e-6 -0.004098653 0.008353829 3.36706e-4 -0.004086315 0.008353829 7.14732e-4 -0.004033327 0.008353829 0.001347124 -0.003868401 0.008353829 0.002086043 -0.003521561 0.008353829 0.002663314 -0.003112316 0.008353829 0.003019154 -0.002774417 0.008353829 0.003162562 -0.002609789 0.008353829 0.003359496 -0.002348363 0.008353829 0.003613829 -0.001928865 0.008353829 0.003822207 -0.001484572 0.008353829 0.003895759 -0.001279056 0.008353829 0.003983974 -9.63877e-4 0.008353829 0.004068076 -4.80575e-4 0.008353829 0.004100322 9.08208e-6 0.008353829 0.004077732 3.90128e-4 0.008353829 0.0039348 0.001138865 0.008353829 0.003748834 0.001650929 0.008353829 0.003527998 0.002089202 0.008353829 0.003348886 0.002363145 0.008353829 0.003040552 0.002744734 0.008353829 0.002609133 0.003160893 0.008353829 0.00225836 0.003420293 0.008353829 0.001832246 0.003663361 0.008353829 0.001382529 0.003859817 0.008353829 0.001175165 0.003927886 0.008353829 8.57718e-4 0.004007697 0.008353829 3.72349e-4 0.004078924 0.008353829 -1.17994e-4 0.004098117 0.008353829 -4.98303e-4 0.004065334 0.008353829 -9.81626e-4 0.003980457 0.008353829 -0.001295626 0.00388807 0.008353829 -0.001749932 0.003702998 0.008353829 -0.002182126 0.003470599 0.008353829 -0.002451241 0.003284275 0.008353829 -0.002706408 0.003079295 0.008353829 -0.002866506 0.002930819 0.008353829 -0.003090083 0.002691805 0.008353829 -0.00338757 0.002301752 0.008353829 -0.003641963 0.001882076 0.008353829 -0.003779232 0.001584947 0.008353829 -0.003939092 0.001121163 0.008353829 -0.004048824 6.42892e-4 0.008353829 -0.004085779 3.17655e-4 0.008353829 -0.004099607 -9.38388e-6 0.008353829 -0.004054903 -5.52495e-4 0.008353829 -0.003952682 -0.001087725 0.008353829 -0.003830611 -0.001449406 0.008353829 -0.003495693 -0.002134203 0.008353829 -0.003217577 -0.002538323 0.005403876 -0.003508448 0.005072355 -0.006196081 -0.003508448 0.005072355 0.005587995 -0.003512442 0.005076229 -0.006380259 -0.003512442 0.005076229 0.005771517 -0.003524422 0.005087852 -0.006654798 -0.003534376 0.005097448 0.006043672 -0.003558158 0.005120575 -0.007014751 -0.003589808 0.005151271 0.00639832 -0.003629148 0.005189359 -0.007362723 -0.003676056 0.005234837 0.006738424 -0.003730297 0.005287468 -0.00761348 -0.003759264 0.005315482 0.007059097 -0.003860175 0.005413293 -0.007851302 -0.003860175 0.005413293 0.00735563 -0.004016816 0.005565166 -0.008147835 -0.004016816 0.005565166 0.007560551 -0.004149854 0.005694091 -0.008415877 -0.004198014 0.005740821 0.007745802 -0.004297018 0.005836725 -0.008651614 -0.004401087 0.005937635 0.007913947 -0.004454374 0.005989313 0.004003882 -0.004549562 0.006081581 -0.004796087 -0.004549562 0.006081581 -0.005141198 -0.004565 0.006096541 -0.008806228 -0.004565477 0.006096959 -0.005580186 -0.004615366 0.006145358 -0.006206452 -0.004777371 0.006302416 -0.009007513 -0.004862248 0.00638467 -0.007087707 -0.005208551 0.006720364 -0.007780194 -0.005845844 0.007338106 -0.009191334 -0.005320966 0.006829321 -0.007991015 -0.006155908 0.007638633 -0.00924611 -0.005698382 0.007195174 -0.008120954 -0.00651592 0.007987618 -0.008196115 -0.006990849 0.008448004 -0.008196115 -0.0242235 0.02515244 -0.00924611 -0.02551591 0.02640527 -0.008163094 -0.02454179 0.02546095 -0.007986664 -0.02503842 0.02594238 -0.009173452 -0.02595806 0.02683383 -0.008992493 -0.02638334 0.02724605 -0.00875622 -0.02670443 0.02755731 -0.008538007 -0.02691733 0.02776372 -0.008285701 -0.0271098 0.02795028 -0.008002877 -0.02727901 0.02811431 -0.004796087 -0.02666479 0.02751886 -0.007652342 -0.02743703 0.0282675 -0.007146179 -0.02759402 0.02841967 -0.006608903 -0.02768296 0.02850586 -0.006196081 -0.0277059 0.02852809 0.005403876 -0.0277059 0.02852809 0.005816698 -0.02768296 0.02850586 0.005193531 -0.02649378 0.02735316 0.005953192 -0.0262224 0.02709007 0.006222486 -0.02762448 0.02844917 0.006755352 -0.02747142 0.02830082 0.006498157 -0.0258646 0.02674323 0.007389128 -0.02717483 0.02801328 0.007773101 -0.02689069 0.02773791 0.007107496 -0.02520394 0.02610284 0.008167505 -0.02642703 0.02728843 0.008340477 -0.02610373 0.02697503 0.008421897 -0.02581232 0.02669256 0.008453845 -0.02551591 0.02640527 0.008453845 -0.005698382 0.007195174 0.00740385 -0.0242235 0.02515244 0.007328748 -0.02469843 0.02561283 0.008421897 -0.005401968 0.00690788 0.007102251 -0.005992531 0.007480323 0.007328748 -0.00651592 0.007987618 0.008298099 -0.005016207 0.00653392 0.008144795 -0.004740118 0.006266295 0.008013963 -0.004565477 0.006096959 -0.005141198 -0.02664929 0.0275039 -0.005792021 -0.02655071 0.02740836 -0.006409049 -0.02637141 0.02723449 -0.006840527 -0.02616578 0.02703517 -0.007470428 -0.02571934 0.02660244 0.004348993 -0.004565 0.006096541 0.005101084 -0.004696369 0.006223917 0.006048321 -0.005048573 0.006565272 0.006542682 -0.00536859 0.006875455 0.006813764 -0.005621373 0.007120549 0.00740385 -0.006990849 0.008448004 0.004447162 -0.02664107 0.02749592 0.004003882 -0.02666479 0.02751886 -0.006196081 -0.002639412 0.005968868 -0.006462991 -0.0026533 0.005979001 -0.007120192 -0.002756714 0.006056725 -0.007511317 -0.002879381 0.006155133 -0.007930517 -0.00306183 0.00631392 -0.008182346 -0.003202557 0.006447076 -0.008556663 -0.00348407 0.006719946 -0.008820593 -0.003747522 0.006975352 -0.009015381 -0.00404042 0.007259249 -0.009205877 -0.004539906 0.007743477 -0.00924611 -0.004863202 0.008056819 0.008453845 -0.004863202 0.008056819 0.008433699 -0.004636287 0.007836878 0.008303225 -0.004192113 0.007406353 0.008133113 -0.003891587 0.007115006 0.00785005 -0.003559589 0.0067932 0.007523894 -0.003290116 0.006532013 0.007164001 -0.003076255 0.006327629 0.006673395 -0.002865195 0.006143867 0.006030142 -0.002694725 0.006009638 0.00563097 -0.002647876 0.005975008 0.005403876 -0.002639412 0.005968868 0.008453845 -0.02468073 0.02726686 0.005403876 -0.02687066 0.02938973 0.005816698 -0.02684777 0.0293675 0.006353974 -0.02675884 0.02928131 0.00689876 -0.02658385 0.02911168 0.007389128 -0.02633959 0.02887493 0.007773101 -0.02605545 0.0285995 0.008167505 -0.02559179 0.02815008 0.008372187 -0.02517199 0.0277431 0.008439958 -0.02487879 0.0274589 -0.006196081 -0.02687066 0.02938973 -0.00924611 -0.02468073 0.02726686 -0.009214162 -0.02497714 0.02755421 -0.009090304 -0.0253629 0.02792817 -0.008871614 -0.02572631 0.02828043 -0.008651614 -0.02597802 0.02852445 -0.008415877 -0.0261811 0.02872127 -0.008147835 -0.02636229 0.02889692 -0.007749736 -0.0265578 0.02908641 -0.007146179 -0.02675884 0.02928131 -0.006608903 -0.02684777 0.0293675 -0.006390452 -0.03459393 0.03534424 -0.006359755 -0.03442633 0.03518176 -0.00628215 -0.03420805 0.03497022 -0.006162106 -0.03399997 0.03476852 -0.006002068 -0.03380626 0.03458076 -0.005858719 -0.03367215 0.03445076 -0.005604386 -0.03349661 0.03428059 -0.005317986 -0.03334897 0.03413742 -0.005110025 -0.0332697 0.03406065 -0.004777073 -0.03318589 0.03397941 -0.004431128 -0.03313702 0.03393197 -0.004196107 -0.03312695 0.03392225 0.003403842 -0.03312695 0.03392225 0.004657745 -0.03340989 0.03419649 0.004351735 -0.03328412 0.0340746 0.004928767 -0.03357183 0.03435349 0.00516504 -0.03375995 0.03453582 0.005349874 -0.03397572 0.03474503 0.005489945 -0.03420805 0.03497022 0.00556755 -0.03442633 0.03518176 0.005598247 -0.03459393 0.03534424 0.003850579 -0.03316646 0.03396058 -0.007781267 -0.002848148 0.006254374 0.005705058 -0.002521336 0.005989313 0.006632149 -0.00273025 0.006155967</float_array>
          <technique_common>
            <accessor source="#inner_knuckle_001-mesh-positions-array" count="4996" stride="3">
              <param name="X" type="float"/>
              <param name="Y" type="float"/>
              <param name="Z" type="float"/>
            </accessor>
          </technique_common>
        </source>
        <source id="inner_knuckle_001-mesh-normals">
          <float_array id="inner_knuckle_001-mesh-normals-array" count="26661">-1 0 0 -1 -2.69567e-7 0 -1 0 0 -1 -2.7442e-6 0 -1 -3.79063e-6 0 -1 3.14383e-6 0 -1 -2.44196e-6 0 -1 2.43802e-6 0 -1 1.21977e-6 0 -1 -8.15345e-7 0 -1 -1.09327e-6 0 -1 3.5647e-6 0 -1 1.22537e-6 0 -1 -1.22112e-6 0 -1 7.54105e-7 0 -1 -1.65693e-6 0 -1 1.09144e-6 0 -1 1.22675e-6 0 -1 -3.82857e-6 0 -1 6.00808e-6 0 -1 -4.49092e-7 0 -1 -2.24373e-6 0 -1 -6.10868e-7 0 -1 4.38043e-6 0 -1 -4.44196e-7 0 -1 -1.63357e-6 0 -1 3.06624e-6 0 -1 -2.18874e-6 0 -1 5.99884e-6 0 -1 -1.09259e-6 0 -1 -2.78926e-6 0 -1 2.44051e-6 0 -1 -4.00051e-6 0 -1 -3.00148e-6 0 -1 1.224e-6 0 -1 -1.6265e-6 0 -1 2.17771e-6 0 -1 -2.85935e-6 0 -1 -1.33473e-6 0 -1 1.08732e-6 0 -1 -3.25613e-6 0 -1 -3.43022e-6 0 -1 5.47805e-7 0 -1 5.57227e-6 0 7.9535e-4 0.2048168 -0.9788001 -7.95391e-4 0.2661252 -0.9639382 0.001113831 0.3024119 -0.9531768 -4.77557e-4 0.3618961 -0.9322183 0.001113712 0.4199408 -0.9075509 -7.95225e-4 0.4539824 -0.8910104 7.95392e-4 0.50926 -0.8606125 -0.001113772 0.5414621 -0.8407245 0.001567423 0.6276162 -0.7785215 3.17238e-4 0.6429417 -0.7659152 0.001589059 0.7168524 -0.6972233 0.001960813 0.7197847 -0.6941946 -0.001113653 0.7988826 -0.601486 0.002490878 0.8398016 -0.5428878 6.3577e-4 0.8554307 -0.5179169 0.002221405 0.9137957 -0.4061679 0.001853406 0.9120925 -0.4099804 -7.95298e-4 0.9500775 -0.3120133 0.003231406 0.9719398 -0.2352076 3.17285e-4 0.9817856 -0.1899921 0.001589059 0.9959329 -0.09008449 0.001960813 0.9963029 -0.08588838 -4.77485e-4 0.9999424 0.01072329 0.001113712 0.9972774 0.07373344 -7.95288e-4 0.9937736 0.1114153 0.001430809 0.9800707 0.1986445 4.76567e-4 0.9774864 0.210998 4.77182e-4 0.9512526 0.3084126 0.002385437 0.9388975 0.3441888 -7.95329e-4 0.9153363 0.4026897 7.95308e-4 0.8881234 0.4596045 -0.001113712 0.8700953 0.4928823 0.001960754 0.8036782 0.5950609 0.001589179 0.8011636 0.5984435 3.17322e-4 0.7367783 0.6761344 0.003231465 0.704706 0.7094921 -7.95392e-4 0.6458496 0.7634643 0.00143069 0.5759877 0.8174571 4.76483e-4 0.5656247 0.8246626 4.76567e-4 0.4573674 0.8892777 0.00143063 0.4461063 0.894979 -7.95225e-4 0.3654226 0.9308415 0.003231465 0.2899814 0.9570268 3.17322e-4 0.2453976 0.9694225 0.001904904 0.1214544 0.9925952 0.002295732 0.1180304 0.9930074 -7.95308e-4 -0.004417419 0.99999 0.001113593 -0.04225653 0.9991062 -4.77557e-4 -0.1051527 0.994456 0.001113772 -0.1676307 0.9858493 -7.95392e-4 -0.2048168 0.9788001 0.001430809 -0.2903565 0.9569175 -0.00143069 -0.3263601 0.9452444 0.001430749 -0.4313616 0.902178 -0.001430749 -0.4651921 0.8852086 7.95266e-4 -0.5414622 0.8407247 -0.001113712 -0.572889 0.8196322 0.001960813 -0.6683341 0.7438587 0.001589059 -0.6714642 0.7410354 3.17322e-4 -0.7427237 0.6695981 0.001567423 -0.7558642 0.6547266 -0.001113712 -0.8210721 0.5708235 0.002490878 -0.8597439 0.5107194 6.3577e-4 -0.8744164 0.4851758 0.002221465 -0.9285113 0.3712974 0.001853466 -0.9269532 0.3751724 -0.001430749 -0.9678559 0.2515017 0.001430749 -0.9766795 0.2146983 -0.00143069 -0.9947167 0.1026492 0.001430869 -0.9978886 0.06493353 -7.95228e-4 -0.9997273 -0.02334147 0.001113653 -0.9981277 -0.06115418 -0.001113712 -0.9888448 -0.1489459 7.953e-4 -0.9825009 -0.1862564 -7.95308e-4 -0.9688014 -0.2478368 0.003231406 -0.9459325 -0.3243476 3.17342e-4 -0.9299186 -0.3677654 0.001905024 -0.8762458 -0.4818606 0.006189525 -0.8573694 -0.5146644 -9.53412e-4 -0.7935474 -0.6085077 0.002700388 -0.7310506 -0.682318 -0.001430749 -0.692691 -0.7212331 7.95308e-4 -0.6263726 -0.7795235 -0.001113712 -0.5964251 -0.802668 4.77463e-4 -0.5446422 -0.8386684 -4.77557e-4 -0.5125145 -0.8586785 0.001113712 -0.4573672 -0.8892772 -7.95225e-4 -0.4233886 -0.9059479 0.001853525 -0.3259902 -0.9453713 0.002221405 -0.3299357 -0.9440009 6.35729e-4 -0.208537 -0.9780143 0.002490818 -0.1796387 -0.9837296 -0.002385377 -0.08380693 -0.9964792 7.9535e-4 -0.02082502 -0.9997828 -7.95392e-4 0.04225552 -0.9991066 0.001113712 0.08003306 -0.9967917 -0.001113593 0.167631 -0.9858492 -3.17489e-4 0.1676314 -0.9858497 -0.003231406 0.1218426 -0.9925442 7.95392e-4 0.04225546 -0.9991066 -7.95392e-4 -0.02082502 -0.9997828 0.002385437 -0.08380693 -0.9964792 -7.95225e-4 -0.1464547 -0.9892171 7.95308e-4 -0.2085371 -0.9780141 -0.003231346 -0.28591 -0.9582511 -3.17322e-4 -0.3299363 -0.9440032 -0.001589179 -0.4233884 -0.905947 -0.001960813 -0.4272019 -0.9041541 4.77557e-4 -0.5125149 -0.8586782 -0.001113712 -0.5656242 -0.8246623 7.95308e-4 -0.5964254 -0.8026683 -0.001430749 -0.6649024 -0.7469289 0.001430749 -0.692691 -0.7212331 -0.001430749 -0.7699511 -0.6381013 0.001430749 -0.7935468 -0.6085076 -0.001853406 -0.8659088 -0.5001986 1.56698e-6 -0.8762474 -0.4818615 -0.001589119 -0.9299179 -0.3677641 -0.001960754 -0.9314589 -0.3638415 0.001113712 -0.9688016 -0.2478353 -7.95282e-4 -0.9774861 -0.2109982 7.95365e-4 -0.9888452 -0.1489447 -0.001113653 -0.993773 -0.111418 0.001113712 -0.999727 -0.02334278 -0.002490937 -0.9988382 0.04812508 9.53438e-4 -0.9947171 0.1026504 -0.002700388 -0.9801458 0.1982597 0.001430749 -0.9678559 0.2515016 -7.9533e-4 -0.9418991 0.335895 0.001113712 -0.928513 0.3712983 -0.001113712 -0.8921495 0.451739 7.95329e-4 -0.8744163 0.4851758 -0.001430749 -0.828211 0.5604147 -4.76525e-4 -0.8210718 0.5708247 -4.76567e-4 -0.7427242 0.6695972 -0.001430749 -0.7342126 0.6789182 7.95308e-4 -0.671465 0.7410359 -0.003231465 -0.6101909 0.7922479 -3.17322e-4 -0.572889 0.819633 -0.001905024 -0.4651921 0.8852077 -0.002295613 -0.4621347 0.8868068 0.00143069 -0.32636 0.9452445 -0.001430809 -0.2903565 0.9569175 7.95392e-4 -0.2048168 0.9788001 -0.001113772 -0.1676305 0.9858493 4.77557e-4 -0.1051527 0.9944561 -0.001113593 -0.04225647 0.9991063 7.95308e-4 -0.004417419 0.99999 -0.001853406 0.1005346 0.9949319 1.62966e-6 0.1214547 0.992597 -0.001589238 0.2453974 0.9694213 -0.001960694 0.2494807 0.9683778 0.001113712 0.365423 0.9308409 -7.95266e-4 0.4003851 0.9163466 7.95308e-4 0.4573671 0.8892778 -0.002385437 0.5125139 0.8586757 7.95392e-4 0.5656247 0.8246625 -7.95308e-4 0.616496 0.7873576 0.001113712 0.645849 0.7634644 -0.001113712 0.7106648 0.70353 7.9535e-4 0.7367784 0.6761339 -0.001853406 0.8036559 0.5950915 -0.002221465 0.8011629 0.5984422 -6.35749e-4 0.8700949 0.4928838 -0.002490878 0.8842335 0.4670387 0.001113712 0.9153358 0.4026898 -4.77495e-4 0.9388999 0.34419 4.77463e-4 0.9512521 0.3084143 -0.001567363 0.9731058 0.2303538 -3.17369e-4 0.9774864 0.2109982 -0.001589179 0.9937728 0.1114152 -0.001960754 0.9942324 0.1072294 4.77485e-4 0.9999424 0.01072329 -0.001113712 0.998629 -0.05233329 7.954e-4 0.9959337 -0.09008717 -7.95214e-4 0.9882715 -0.1527044 0.001113712 0.9817854 -0.1899907 -0.001113712 0.9612038 -0.2758373 7.95298e-4 0.9500778 -0.3120123 -0.001853406 0.912092 -0.4099813 -0.002221405 0.9137964 -0.4061666 -6.3577e-4 0.85543 -0.5179182 -0.00402981 0.8262669 -0.5632646 -4.76609e-4 0.7988834 -0.6014859 -4.76609e-4 0.7168529 -0.6972243 -0.00143069 0.7079952 -0.7062159 7.95308e-4 0.6429418 -0.7659146 -0.001113772 0.613498 -0.7896956 0.001113772 0.5414621 -0.8407244 -7.95392e-4 0.5092597 -0.8606126 7.95225e-4 0.4539826 -0.8910102 -0.001113712 0.4199405 -0.9075511 4.77557e-4 0.3618963 -0.9322183 -0.001960813 0.2701852 -0.9628064 -0.001589238 0.266125 -0.9639373 1 0 0 1 -9.19945e-7 0 1 -9.58549e-6 0 1 -7.25487e-6 0 1 6.43199e-6 0 1 -1.00174e-5 0 1 2.99304e-6 0 1 -5.10265e-6 0 1 -4.98904e-7 0 1 3.59069e-6 0 1 -1.6375e-6 0 1 3.21594e-6 0 1 -2.52031e-6 0 1 -3.44185e-6 0 1 1.21654e-6 0 1 7.25815e-6 0 1 -6.4195e-6 0 1 2.81041e-6 0 1 8.06796e-7 0 1 7.02977e-7 0 1 3.63164e-6 0 1 -1.91905e-6 0 1 1.40248e-6 0 1 -6.45514e-6 0 1 3.89866e-7 0 0.2787171 -0.166248 0.9458745 0.2970251 -0.1403722 0.9444956 0.2521739 -0.02848154 0.9672628 0.3090276 0.1299504 0.9421331 0.3343462 0.1551181 0.9295973 0.2621911 0.2799422 0.9235195 0.2955945 0.4139251 0.860982 0.3078011 0.4253447 0.8510819 0.2625243 0.5283644 0.8074108 0.2614741 0.6195549 0.7401236 0.3100936 0.6690325 0.6754535 0.2852333 0.701685 0.6529014 0.2820239 0.7819108 0.555948 0.3182993 0.825312 0.466418 0.3377853 0.8298643 0.4441019 0.2596542 0.9032163 0.3417311 0.2752027 0.938807 0.2071354 0.3253923 0.9358377 0.1353805 0.287061 0.9549304 0.07552552 0.2767612 0.9599446 -0.04370069 0.321218 0.9364878 -0.1407471 0.305876 0.9440079 -0.1236484 0.2614192 0.9345337 -0.2414682 0.2633605 0.9108133 -0.3179003 0.308974 0.8574599 -0.411458 0.315037 0.8588895 -0.4038078 0.2834163 0.8310726 -0.4785327 0.2828638 0.7613856 -0.5833353 0.3452537 0.6771416 -0.6498301 0.3324987 0.6716598 -0.6620558 0.2700858 0.57543 -0.7719676 0.2902962 0.4722527 -0.8322893 0.3408673 0.4061006 -0.8478749 0.2831425 0.3352991 -0.8985571 0.2736751 0.221813 -0.9358959 0.3418638 0.08865523 -0.9355584 0.3240425 0.1062779 -0.9400541 0.2482658 -0.05635744 -0.9670512 0.2791798 -0.1620362 -0.9464687 0.2600285 -0.1944456 -0.9458203 0.2637708 -0.3351008 -0.9045067 0.3105763 -0.397603 -0.863397 0.2828634 -0.442274 -0.8511065 0.2834159 -0.5498203 -0.7857311 0.3150372 -0.6066935 -0.7298457 0.3559306 -0.6363008 -0.684423 0.2969143 -0.7013156 -0.6480728 0.2689815 -0.7830305 -0.5608138 0.3110632 -0.8322053 -0.4589925 0.3107867 -0.8321108 -0.4593512 0.2649829 -0.8880046 -0.3758085 0.2589749 -0.9236924 -0.2823553 0.2910767 -0.931739 -0.2171102 0.266279 -0.9496332 -0.1652042 0.2775844 -0.959603 -0.04592424 0.3015471 -0.9534147 -0.008361101 0.259935 -0.9627949 0.07389104 0.2640074 -0.9488886 0.1729469 0.3097584 -0.9114559 0.270736 0.2922588 -0.9102845 0.293201 0.2636519 -0.8620155 0.4329169 0.3458891 -0.7711169 0.5345459 0.3303307 -0.7667239 0.5504691 0.2844038 -0.7078618 0.6465649 0.2814552 -0.617666 0.7343512 0.3107759 -0.5731172 0.7582579 0.2653353 -0.5242329 0.809183 0.2595878 -0.4083918 0.8751174 0.2905804 -0.3486086 0.8910865 0.26475 -0.2962069 0.9176977 0.003639042 -0.1731048 0.9848967 5.37274e-4 -0.2171548 0.9761371 5.375e-4 -0.2774216 0.9607481 0.002685666 -0.3071653 0.9516524 5.37274e-4 -0.3366138 0.9416427 5.36678e-4 -0.4134696 0.9105178 0.001611053 -0.4228894 0.9061799 -8.95315e-4 -0.4874911 0.8731274 0.003639042 -0.543717 0.8392608 3.57434e-4 -0.5752344 0.8179886 0.001789689 -0.6410318 0.7675123 0.002207815 -0.6436839 0.7652884 -0.001253783 -0.7170225 0.6970489 8.9524e-4 -0.7383525 0.6744145 -8.95466e-4 -0.772311 0.6352442 0.003639042 -0.8123171 0.5832048 3.57509e-4 -0.8339067 0.5519053 0.001789629 -0.8767677 0.4809108 0.006170511 -0.8936161 0.4487897 3.57584e-4 -0.9218313 0.3875913 0.001789629 -0.9507743 0.3098793 0.002207875 -0.9518409 0.3065847 -5.37472e-4 -0.9731799 0.2300445 0.001253724 -0.9837924 0.1793074 -8.95363e-4 -0.9888932 0.1486251 0.001611113 -0.9970664 0.07652443 5.36741e-4 -0.9978079 0.06617581 5.36741e-4 -0.9992986 -0.03744405 0.001610994 -0.9988555 -0.04780286 -0.001611113 -0.9900556 -0.1406675 0.001611113 -0.9852017 -0.1713912 -8.95315e-4 -0.97018 -0.2423843 0.002685725 -0.9563143 -0.2923281 -8.95353e-4 -0.9398865 -0.3414859 8.95371e-4 -0.9209255 -0.3897378 -0.001253724 -0.9083581 -0.4181916 0.001253724 -0.875646 -0.4829521 5.37274e-4 -0.8705911 -0.492007 5.37218e-4 -0.8383179 -0.5451813 0.003639042 -0.8129882 -0.5822689 3.5766e-4 -0.7902692 -0.6127599 0.001789748 -0.7367787 -0.6761316 0.002207756 -0.734434 -0.6786766 -5.37612e-4 -0.6782296 -0.7348498 0.001253724 -0.639243 -0.7690039 -8.95315e-4 -0.6150181 -0.7885126 8.95541e-4 -0.5733274 -0.819326 -0.001253902 -0.5475689 -0.8367598 0.002207756 -0.4611049 -0.8873429 0.001789987 -0.4580312 -0.8889343 -1.12935e-6 -0.3635664 -0.9315683 0.002087473 -0.3474024 -0.9377139 -8.95165e-4 -0.2651969 -0.9641939 0.003639042 -0.2013708 -0.9795083 3.57585e-4 -0.1639869 -0.9864625 0.001789689 -0.08168745 -0.9966565 0.004636466 -0.05817836 -0.9982954 -8.95315e-4 0.02189588 -0.9997599 0.001611113 0.09433805 -0.995539 5.36678e-4 0.1046587 -0.9945082 5.37049e-4 0.1866921 -0.9824184 0.003639042 0.2306146 -0.9730384 3.57735e-4 0.2674422 -0.9635739 0.001789689 0.3463606 -0.9380998 0.002207756 0.3496053 -0.9368945 -5.37387e-4 0.4228913 -0.9061803 0.002207875 0.4935039 -0.8697409 0.001789569 0.4965118 -0.8680282 3.57434e-4 0.5667281 -0.8239048 0.003638982 0.5976369 -0.8017588 5.37162e-4 0.6330389 -0.7741199 5.3716e-4 0.6799398 -0.7332677 0.003638982 0.7121749 -0.7019927 3.57434e-4 0.738354 -0.6744132 0.001789569 0.7916923 -0.6109176 0.002207875 0.7938022 -0.608172 -0.001253724 0.8506668 -0.5257037 8.95372e-4 0.8666056 -0.4989929 -8.95353e-4 0.8913005 -0.4534124 0.001253724 0.9049708 -0.4254721 -5.37444e-4 0.9258013 -0.3780103 0.001253783 0.9441435 -0.3295323 -8.95428e-4 0.9539358 -0.3000095 8.95363e-4 0.9682017 -0.2501696 -0.001253724 0.9755133 -0.2199372 0.001253724 0.9888929 -0.1486251 -8.95357e-4 0.993037 -0.1178005 0.001611113 0.9989641 -0.04547739 5.36674e-4 0.9993832 -0.03511542 5.36674e-4 0.9976507 0.06850451 0.001610994 0.9968856 0.07884448 -8.95428e-4 0.9885446 0.150927 0.003638982 0.9765071 0.2154551 3.57547e-4 0.9676169 0.2524233 0.002146065 0.9362921 0.351216 0.002585887 0.935292 0.3538675 -0.001610934 0.8854697 0.4646943 0.001610994 0.8705894 0.4920076 -8.95315e-4 0.8326187 0.5538462 0.001253783 0.8149917 0.5794714 -0.001253724 0.7708294 0.6370405 0.002804696 0.7320932 0.6811988 7.15846e-4 0.7153962 0.6987186 0.002502739 0.6392418 0.7690018 0.002087414 0.6418839 0.766799 -8.95466e-4 0.573328 0.8193255 0.001253724 0.5475687 0.8367599 -5.37387e-4 0.5034765 0.8640087 0.002207756 0.4332851 0.9012542 0.001789867 0.4301643 0.9027488 3.57584e-4 0.3538858 0.9352887 0.00617057 0.290084 0.9569814 0.001789569 0.255191 0.966889 3.57434e-4 0.1741995 0.9847103 0.003638803 0.1366363 0.9906147 5.37274e-4 0.09201967 0.9957571 5.37274e-4 0.02993619 0.9995517 0.004636585 -0.02943193 0.9995561 0.001789391 -0.05297839 0.9985941 3.57434e-4 -0.1355365 0.9907724 -0.001253604 -0.2674419 0.9635732 5.375e-4 -0.2171546 0.9761371 -0.002207934 -0.1389651 0.9902949 -0.001789569 -0.1355364 0.9907708 -3.57584e-4 -0.05297851 0.9985957 -0.001764416 -0.036691 0.9993251 5.375e-4 0.02993619 0.9995517 -5.375e-4 0.0610066 0.9981372 5.375e-4 0.09201961 0.9957571 -0.002207756 0.1707902 0.985305 -0.001789569 0.1741994 0.9847089 -3.57434e-4 0.2551913 0.9668906 -0.001764774 0.2709198 0.9626003 0.001253902 0.3538855 0.9352879 -8.95354e-4 0.3828021 0.92383 8.95315e-4 0.4301649 0.90275 -0.001253664 0.4580312 0.8889353 5.37387e-4 0.5034765 0.8640087 -5.37557e-4 0.5301039 0.8479326 0.001253783 0.5733274 0.8193255 -8.9539e-4 0.598531 0.8010992 8.95467e-4 0.6392441 0.7690035 -0.003638923 0.68831 0.7254076 -3.57509e-4 0.7153958 0.6987194 -0.001789569 0.7708281 0.6370407 -0.004636287 0.7856194 0.6186927 8.95315e-4 0.8326187 0.5538462 -0.002585768 0.8841477 0.4672003 -0.002146184 0.8854688 0.464694 1.07288e-6 0.9362943 0.3512165 -0.002087533 0.9422251 0.3349738 8.95353e-4 0.9676166 0.2524232 -0.002685725 0.9793926 0.201948 8.95428e-4 0.9885446 0.150927 -0.001610994 0.9968857 0.07884448 -5.36674e-4 0.9976508 0.06850445 -5.36674e-4 0.9993832 -0.03511548 -0.004538536 0.9972704 -0.07369744 -7.15987e-4 0.9930371 -0.1178005 -0.002502977 0.975511 -0.2199365 -0.002087414 0.9762628 -0.2165796 8.95428e-4 0.9539358 -0.3000095 -0.001253783 0.9441434 -0.3295326 5.37444e-4 0.9258013 -0.3780103 -0.002207815 0.8928629 -0.4503233 -0.001789629 0.8912996 -0.4534113 -3.57585e-4 0.8506686 -0.5257024 -0.006170511 0.813314 -0.5817924 -0.001789569 0.7916924 -0.6109172 -3.57434e-4 0.7383538 -0.6744136 -0.003638982 0.7121748 -0.7019928 -5.3716e-4 0.6799398 -0.7332677 -5.37162e-4 0.6330386 -0.7741201 -0.002685725 0.6086552 -0.7934304 8.95616e-4 0.566727 -0.8239053 -0.001610994 0.5054874 -0.8628326 -5.36677e-4 0.4965128 -0.8680294 -5.37161e-4 0.4228913 -0.9061803 -0.003639042 0.3817728 -0.9242491 -3.57584e-4 0.3463612 -0.9381012 -0.001789569 0.2674419 -0.9635724 -0.004636704 0.2446594 -0.969598 -5.37049e-4 0.1866921 -0.9824184 -5.36678e-4 0.1046587 -0.9945082 5.36867e-4 0.1149579 -0.9933703 5.36828e-4 0.01153588 -0.9999334 -5.36828e-4 0.02189588 -0.9997602 -5.36678e-4 -0.08168762 -0.9966579 -0.004538476 -0.1201307 -0.9927477 -7.16072e-4 -0.1639867 -0.9864624 -0.002503216 -0.2651963 -0.9641913 -0.002087354 -0.2618768 -0.965099 0.001611113 -0.3635665 -0.931567 -0.001611053 -0.3923621 -0.9198095 8.95164e-4 -0.4580318 -0.8889354 -0.003639042 -0.5153585 -0.856967 -3.57585e-4 -0.5475698 -0.8367601 -0.001789689 -0.6150169 -0.7885119 -0.002207756 -0.6177423 -0.7863776 5.37612e-4 -0.6782296 -0.7348498 -0.001764714 -0.7256584 -0.6880528 -3.57735e-4 -0.7367799 -0.6761326 -0.001789748 -0.7902685 -0.6127582 -0.002207875 -0.7923833 -0.6100195 5.37443e-4 -0.8383183 -0.545181 -5.375e-4 -0.8548673 -0.5188465 5.37444e-4 -0.8705911 -0.492007 -0.002207875 -0.9069039 -0.4213315 -0.001789629 -0.9083583 -0.4181889 -3.57547e-4 -0.9398864 -0.3414871 -0.003639042 -0.9521831 -0.3055065 8.95315e-4 -0.97018 -0.2423843 -0.001611113 -0.9852018 -0.1713911 0.001611113 -0.9900556 -0.1406675 -8.95315e-4 -0.9976506 -0.06850212 0.001253783 -0.999298 -0.03744155 -0.002207756 -0.9980286 0.06272262 -0.001789689 -0.9978063 0.06617826 -3.57575e-4 -0.9888936 0.148625 -0.001764774 -0.9863377 0.1647273 5.37472e-4 -0.9731799 0.2300445 -0.001253724 -0.959953 0.2801582 8.95352e-4 -0.9507755 0.3098796 -8.95429e-4 -0.9334393 0.3587344 0.001253724 -0.9218297 0.3875933 -0.001764714 -0.8844916 0.466553 -3.57509e-4 -0.876769 0.480912 -0.001789569 -0.8339058 0.5519039 -0.002207875 -0.8319899 0.5547864 0.001253783 -0.7723106 0.6352439 -8.95354e-4 -0.752182 0.658955 8.9539e-4 -0.7170216 0.6970505 -0.003639101 -0.6697438 0.7425833 -3.57585e-4 -0.6410337 0.7675128 -0.001789867 -0.5752332 0.8179876 -0.008047759 -0.5320608 0.846668 -0.001789689 -0.4874908 0.8731263 -3.57434e-4 -0.4134697 0.9105179 -0.003638803 -0.3785523 0.9255728 -5.37048e-4 -0.336614 0.9416426 -5.37499e-4 -0.2774212 0.9607483 1 3.67654e-7 0 1 -2.58459e-7 0 1 -6.17693e-7 0 1 -6.28446e-7 0 1 8.72456e-7 0 1 6.06296e-7 0 1 9.61531e-7 0 1 -8.42374e-7 0 1 4.23892e-7 0 1 -5.90538e-7 0 1 9.94931e-7 0 1 5.50504e-7 0 1 -7.03554e-7 0 1 1.27464e-6 0 1 -1.99588e-6 0 1 1.31926e-6 0 1 -2.98229e-6 0 1 3.44625e-6 0 1 -4.83751e-6 0 1 5.57426e-6 0 1 -1.27807e-6 0 1 6.93326e-7 0 1 -3.50688e-6 0 1 2.83165e-7 0 1 8.25437e-7 0 1 -8.35601e-7 0 1 2.74353e-6 0 -1 6.77319e-7 0 -1 -1.15902e-6 0 -1 -2.03129e-6 0 -1 9.46053e-7 0 -1 -1.10662e-6 0 -1 -1.32488e-6 0 -1 2.39075e-6 0 -1 -2.54075e-6 0 -1 -7.01999e-7 0 -1 5.78687e-6 0 -1 4.30001e-7 0 -1 -1.04117e-6 0 -1 -1.77413e-6 0 -1 1.04916e-6 0 -1 -6.37152e-7 0 -1 1.10014e-6 0 -1 -1.12405e-6 0 -1 9.69423e-7 0 -1 9.67043e-7 0 -1 -9.12076e-7 0 -1 9.60869e-7 0 -1 -8.16133e-7 0 -1 7.74115e-7 0 -1 3.41694e-7 0 -1 -5.33024e-7 0 -1 -5.20804e-7 0 -1 -1.68825e-7 0 -1 1.62871e-6 0 -1 -1.01778e-6 0 -1 1.18461e-6 0 -1 -1.00484e-6 0 -0.03392618 0.9734517 0.2263646 -0.05524474 0.9690002 0.2408039 0.03671419 0.9205319 0.3889385 0 0.9056723 0.4239786 0 0.81597 0.5780944 0.05396634 0.8343824 0.5485378 -0.002164483 0.7440362 0.6681359 0.04458689 0.7080144 0.7047892 -0.02590662 0.6270159 0.7785757 0.0491212 0.5315966 0.8455721 -0.0609411 0.4460073 0.8929523 0.04794669 0.3210529 0.9458468 -0.08948147 0.1926606 0.9771771 0.07073241 0.0886197 0.993551 -0.08103251 -0.1005256 0.9916292 0.05804228 -0.1996662 0.9781434 -0.09155303 -0.3896422 0.9164045 0.0565778 -0.4666602 0.8826253 -0.07753103 -0.6538967 0.7526009 0.06368285 -0.709748 0.7015714 -0.09006774 -0.8662165 0.4914842 0.1021623 -0.9008191 0.4220047 -0.05496758 -0.9802413 0.1900148 0.0544058 -0.9920293 0.1136564 -0.04679602 -0.997205 -0.05824595 0.05829989 -0.989721 -0.1305893 -0.03849381 -0.9509429 -0.3069621 0.00110799 -0.9412695 -0.3376545 -0.02763617 -0.8655738 -0.5000185 -0.02761083 -0.8655816 -0.5000064 0.02815562 -0.7434364 -0.6682138 0.0191465 -0.7398837 -0.6724624 0.002429664 -0.5835901 -0.8120449 0.05861228 -0.5568268 -0.8285582 -0.03274768 -0.4083039 -0.9122585 0.03453218 -0.335505 -0.9414054 -0.01885187 -0.2564113 -0.9663839 0.02303445 -0.1802073 -0.983359 -0.00576502 -0.1271944 -0.9918611 0.01536786 -0.06185442 -0.997967 0 -0.03802812 -0.9992768 0 0.05144119 -0.9986761 -0.01537072 0.07524776 -0.9970464 0.009603619 0.1522927 -0.9882888 -0.009605526 0.1817213 -0.9833033 0.03430795 0.3137772 -0.9488766 -0.02366691 0.354686 -0.9346859 0.02692621 0.4968332 -0.8674283 -0.02525454 0.527854 -0.8489596 7.19144e-4 0.6580782 -0.7529494 -0.0491212 0.6899889 -0.7221513 0.06026142 0.8019623 -0.5943273 -0.02169281 0.8396168 -0.542746 0.03764498 0.8995485 -0.4351958 -0.02071821 0.9213665 -0.3881427 0.006587803 0.9633771 -0.2680697 -0.005764365 0.9692976 -0.2458235 0.03221082 0.9910159 -0.1298081 0.03066998 0.9912189 -0.1286254 -0.02516597 0.9986836 0.04469716 -0.01949411 0.9986069 0.04903322 0.03427624 -0.9807193 -0.1923924 -0.08155053 -0.9922471 -0.09378278 0.02680188 -0.9940506 0.1055706 -0.07449173 -0.9660465 0.2473968 0.02098208 -0.9330735 0.3590732 -0.04128336 -0.8055457 0.5910938 -0.01102858 -0.7905926 0.6122432 -0.002270579 -0.6326451 0.7744385 -0.03038835 -0.6121973 0.7901208 0.03631567 -0.3657691 0.9299969 0 -0.3967002 0.9179484 0 -0.2035233 0.9790702 0.02431428 -0.1695819 0.9852162 -0.009546995 -0.02639967 0.9996059 0.02574086 0.0486896 0.9984822 -0.02574038 0.1575664 0.987173 0.0492618 0.3125041 0.9486383 -0.1135849 0.4919469 0.8631841 0.04732793 0.6157017 0.7865567 -0.06512689 0.7593851 0.6473739 0.09386259 0.8563144 0.5078537 -0.0298717 0.9396663 0.3407858 0.09064251 0.9880076 0.1249998 -0.06642961 0.9977868 0.002961218 0.05967777 0.9624893 -0.2646756 -0.06927174 0.9253039 -0.3728463 0.1087822 0.7524986 -0.6495479 -0.06843656 0.6697243 -0.7394497 0.04625034 0.4681453 -0.8824404 -0.09574961 0.3539859 -0.9303365 -0.003456711 0.1716696 -0.9851485 -0.05655622 -0.07608973 -0.9954957 0.01128566 -0.03309494 -0.9993886 0.02435731 -0.3576974 -0.9335198 0.01956915 -0.3536236 -0.9351831 -0.01848262 -0.569121 -0.8220461 0 -0.5835301 -0.8120915 0 -0.7514922 -0.6597422 0.01197588 -0.7625342 -0.6468371 -0.02482545 -0.8921077 -0.4511404 -0.04486358 -0.8843407 -0.4646816 0.1423228 0.07324612 0.9871066 6.19659e-4 0.1004365 0.9949434 -0.150029 0.33956 0.9285421 -0.07450389 0.3561686 0.9314468 -0.1372456 0.5578026 0.8185475 -0.04443252 0.586215 0.8089362 -0.2065629 0.6886503 0.6950486 -0.06759798 0.7370362 0.6724643 -0.2984059 0.8196083 0.489077 -0.0690428 0.8811755 0.4677209 -0.1503578 0.9491024 0.2767622 -0.006700336 0.9690026 0.24696 -0.2524059 0.9672199 0.02787601 -0.08428204 0.9963854 -0.0106222 -0.1372448 0.9690174 -0.2053516 -0.04443418 0.9709105 -0.2352838 -0.2065647 0.9044281 -0.3732839 -0.06759744 0.9019014 -0.4266201 -0.2605167 0.7926315 -0.5512408 0.04394006 0.768286 -0.638597 -0.2479342 0.6183762 -0.7457477 -0.06874728 0.6029498 -0.7948115 -0.2392611 0.4052389 -0.8823466 0.0644021 0.3459158 -0.9360527 -0.1988114 0.1966529 -0.960105 0.04278266 0.1109412 -0.9929058 -0.2854036 -0.04385912 -0.9574034 -0.09504663 -0.1161251 -0.9886765 -0.2603347 -0.2866361 -0.9219901 -0.01516121 -0.3524144 -0.9357213 -0.263148 -0.5326927 -0.804358 -0.05669766 -0.5837315 -0.8099648 -0.197855 -0.7630307 -0.6153354 0.002800107 -0.8048372 -0.5934891 -0.2631464 -0.8904202 -0.3713569 -0.05669915 -0.9359316 -0.3475879 -0.1978555 -0.9764446 -0.08607655 0.002799749 -0.9989989 -0.04464751 -0.2631464 -0.9463587 0.1875081 -0.05669808 -0.9709193 0.2325968 -0.1702623 -0.8883199 0.4264959 0.1017788 -0.8553563 0.5079435 -0.1754 -0.7690694 0.6146275 0.06704521 -0.719743 0.6909957 -0.2164356 -0.6321725 0.743985 -0.07364064 -0.5363153 0.840799 -0.127898 -0.5119712 0.8494278 -0.09776544 -0.414021 0.9050019 -0.05558186 -0.3949566 0.9170169 -0.160907 -0.3176026 0.9344718 -0.04025441 -0.2130379 0.9762144 -0.2575734 -0.1369208 0.9565086 0.9912005 -0.02822357 0.1293256 0.9915491 -0.04059815 0.1232164 0.9912564 -0.05219447 0.1211879 0.9913124 -0.07073181 0.1108909 0.9913698 -0.07185351 0.1096494 0.991006 -0.09653151 0.0926764 0.991375 -0.09989291 0.08483594 0.9909977 -0.1151115 0.0683577 0.9918157 -0.121788 0.03833192 0.9913055 -0.1279597 0.03065448 0.9913429 -0.1311676 -0.005862057 0.9916652 -0.1283569 -0.01117104 0.9908809 -0.1263119 -0.0469098 0.9917033 -0.1077015 -0.07017868 0.9912902 -0.1059947 -0.07816022 0.9912899 -0.07700037 -0.1068431 0.9916625 -0.07002931 -0.1081742 0.9909636 -0.04727452 -0.1255237 0.9916114 -0.01542419 -0.1283316 0.9915941 -0.01509445 -0.1285046 0.9911481 0.0147432 -0.1319397 0.9915812 0.02891379 -0.1262176 0.9909405 0.04655396 -0.1259755 0.9915166 0.0736469 -0.1071036 0.9911959 0.08002221 -0.1054854 0.9911822 0.1019017 -0.0847004 0.9915682 0.1041288 -0.07713502 0.9911355 0.120097 -0.05680823 0.9914643 0.1274636 -0.02741551 0.9916573 0.1252765 -0.03035855 0.9912698 0.131841 -0.001405477 0.991805 0.1262275 0.01973533 0.9911786 0.1284281 0.03273111 0.9911794 0.1170594 0.06213462 0.9918571 0.1053937 0.07149749 0.9912701 0.09739881 0.08886599 0.9912774 0.07733386 0.1067179 0.9912724 0.07744115 0.1066867 0.9910213 0.04775446 0.1248854 0.991362 0.04031884 0.1248034 0.9906929 0.01007342 0.1357439 0.9915055 -0.003977715 0.1300049 0.004341244 0.03059023 -0.9995226 0.05694878 0.01260364 -0.9982976 0.1468123 -0.2930321 -0.9447637 0.1099594 -0.3055583 -0.9458029 0.2274513 -0.5720238 -0.7880703 0.05381703 -0.5375381 -0.8415205 0.1660451 -0.8116639 -0.5600273 0.1312401 -0.8203901 -0.5565395 0.2104908 -0.9658622 -0.1510099 -0.1448218 -0.9624608 -0.229556 0.1043772 -0.988319 0.111045 -0.104117 -0.9723288 0.2091329 0.2738443 -0.8855152 0.3753296 -0.04031425 -0.8028941 0.594757 0.280698 -0.689864 0.6673054 0.02044016 -0.566473 0.8238268 0.3157137 -0.4289447 0.8463637 -0.04861414 -0.2230477 0.9735946 0.3169615 -0.04423075 0.9474065 -0.04660093 0.119191 0.9917772 0.4044063 0.3487938 0.8454577 -0.03396421 0.5431259 0.8389642 0.3110687 0.6395431 0.7030085 -0.2252967 0.8162872 0.5318991 0.4032133 0.8678259 0.2903401 -0.1059342 0.9906286 0.08621579 0.3182593 0.9417603 -0.1086218 -0.1773815 0.9387425 -0.295463 0.2504671 0.8429087 -0.4762051 -6.67977e-4 0.7622153 -0.6473233 0.2483842 0.6545279 -0.7140718 0.06636261 0.5468885 -0.8345711 0.1766566 0.4582998 -0.8710647 0.01604259 0.3128947 -0.9496524 0.1645313 0.2318087 -0.9587461 -0.991076 0.018889 -0.131953 -0.9914742 0.03062134 -0.1266551 -0.9912819 0.04240179 -0.124749 -0.9913398 0.05463045 -0.1194199 -0.9914558 0.06073641 -0.1154405 -0.991301 0.06794202 -0.1127223 -0.9912655 0.08539617 -0.1004998 -0.9914551 0.08814495 -0.09616345 -0.9910941 0.1040248 -0.08313494 -0.9916396 0.1123488 -0.06347143 -0.9913375 0.1184001 -0.05684584 -0.9911101 0.1305074 -0.02585828 -0.9917476 0.1273612 -0.01468944 -0.9911246 0.1324231 0.01167356 -0.9916865 0.1187633 0.04953092 -0.9908426 0.1280462 0.04283916 -0.9903392 0.09331202 0.1025722 -0.9921456 0.09737139 0.07852405 -0.9910842 0.07356703 0.1110859 -0.9918032 0.0487309 0.1181184 -0.9912457 0.03919565 0.1260785 -0.9912436 0.006043016 0.1319075 -0.9917741 -0.005968928 0.127862 -0.9911532 -0.02663165 0.1300238 -0.9912214 -0.05976825 0.1179329 -0.9915498 -0.05414432 0.1178876 -0.9910565 -0.08517789 0.1027224 -0.9916595 -0.09263777 0.08960962 -0.9910631 -0.1095138 0.07616174 -0.9914419 -0.1201983 0.05094683 -0.9913846 -0.1210763 0.0499714 -0.9912424 -0.1291868 0.02737706 -0.9915398 -0.1289918 0.01449322 -0.9909737 -0.1340011 -0.003862023 -0.9916083 -0.1257514 -0.02999264 -0.9913165 -0.12624 -0.03681194 -0.9912307 -0.1134759 -0.06771284 -0.9917276 -0.1056519 -0.07289767 -0.9911685 -0.09333378 -0.0942015 -0.9912789 -0.0709412 -0.1110572 -0.9914536 -0.07346558 -0.1078084 -0.9910756 -0.04578059 -0.1251934 -0.9914004 -0.0387687 -0.1249895 -0.9909988 -0.01344686 -0.1331942 -0.9914502 0.001646995 -0.1304758 1 1.66564e-6 0 1 -9.99962e-7 0 1 -1.62952e-6 0 1 1.99645e-6 0 1 -1.22665e-6 0 1 3.99817e-6 0 1 -1.63118e-6 0 1 1.0907e-6 0 1 2.6967e-6 0 1 6.13404e-7 0 1 1.09079e-6 0 1 2.72213e-6 0 1 -1.74494e-7 0 1 -5.32452e-6 0 1 -8.51894e-7 0 1 5.3013e-6 0 1 -1.91303e-6 0 1 3.50736e-6 0 1 -2.44633e-6 0 1 4.37368e-6 0 1 -1.0932e-6 0 1 -7.99671e-6 0 1 6.10141e-6 0 1 -1.09308e-6 0 1 1.4013e-6 0 1 -1.50587e-6 0 1 -2.17005e-6 0 1 1.33683e-6 0 1 -1.40033e-6 0 1 2.00612e-6 0 1 -6.31678e-7 0 1 -6.006e-6 0 1 1.21984e-6 0 1 -3.99338e-6 0 1 3.2588e-6 0 1 -1.3349e-6 0 1 -1.08711e-6 0 1 2.17302e-6 0 1 8.15615e-7 0 1 4.07403e-7 0 1 -2.85923e-6 0 1 8.04014e-6 0 1 -1.57278e-6 0 1 4.33707e-6 0 1 -2.17646e-6 0 1 -1.08531e-6 0 1 2.0735e-6 0 1 -4.37345e-6 0 1 2.25532e-6 0 1 2.18664e-6 0 1 3.00077e-6 0 1 -1.40323e-6 0 1 -4.00907e-6 0 1 1.65307e-6 0 1 -1.33258e-6 0 1 7.11996e-7 0 -0.001960813 0.9997212 0.02353286 -0.001589238 0.9998122 0.01931983 -3.17408e-4 0.9966705 -0.08153492 -0.003231406 0.9918265 -0.1275534 -4.77143e-4 0.9833832 -0.1815414 -4.77142e-4 0.9668368 -0.2553947 -0.001113712 0.9635357 -0.2675774 0.001113712 0.9361836 -0.3515095 -7.95303e-4 0.9222111 -0.3866861 7.95328e-4 0.8959947 -0.4440642 -0.002385377 0.8662179 -0.499661 7.95309e-4 0.8330006 -0.5532717 -0.001430749 0.7809494 -0.6245927 0.001430749 0.7567546 -0.6536976 -0.001430749 0.6778122 -0.7352337 0.001430749 0.6495041 -0.7603569 -0.00143069 0.5591672 -0.8290537 0.001430809 0.5273938 -0.8496198 -0.001853346 0.4124843 -0.9109629 1.5043e-6 0.3932182 -0.9194452 -0.001905024 0.2500445 -0.9682325 -0.002295792 0.2467029 -0.9690885 7.95475e-4 0.1262155 -0.9920026 -0.001113831 0.08858674 -0.996068 0.001113772 3.95058e-4 -0.9999994 -7.95308e-4 -0.03744608 -0.9992984 7.95475e-4 -0.10038 -0.9949489 -0.002385616 -0.1628994 -0.9866399 7.95308e-4 -0.224771 -0.9744114 -0.001430869 -0.3098452 -0.9507861 0.001430809 -0.3456025 -0.93838 -7.95225e-4 -0.4270289 -0.9042377 0.001113593 -0.4609404 -0.8874304 -4.77494e-4 -0.5159648 -0.8566097 4.77495e-4 -0.5480111 -0.836471 -4.77525e-4 -0.5792714 -0.8151347 0.001113772 -0.6295028 -0.7769974 -0.002490937 -0.6833913 -0.730048 -6.35728e-4 -0.7045991 -0.7096054 -0.002221405 -0.7882833 -0.6153086 -0.001853406 -0.7857065 -0.6185966 7.95308e-4 -0.8462782 -0.5327406 -0.001113712 -0.8658326 -0.5003325 4.77464e-4 -0.8956509 -0.4447576 -4.77471e-4 -0.9118388 -0.4105482 4.7751e-4 -0.9267223 -0.3757467 -0.001113653 -0.9485643 -0.3165827 7.95308e-4 -0.959865 -0.2804615 -7.953e-4 -0.975639 -0.2193807 0.001113712 -0.9832416 -0.1823042 -0.001960754 -0.9981145 -0.06134778 -0.001589119 -0.998365 -0.05714046 -3.17313e-4 -0.999042 0.04375964 -0.001567363 -0.9979757 0.0635792 4.77444e-4 -0.9895488 0.144198 -4.77549e-4 -0.9833832 0.1815413 0.001113653 -0.9699831 0.24317 -7.95303e-4 -0.9600868 0.2797012 7.95318e-4 -0.9405404 0.339681 -0.002385377 -0.9172547 0.3982943 7.95266e-4 -0.8903257 0.4553235 -0.001430749 -0.8466913 0.5320827 0.00143069 -0.8259498 0.563742 -7.95308e-4 -0.7730047 0.6343999 0.001113712 -0.7484433 0.663198 -4.77526e-4 -0.7051494 0.7090587 0.001113772 -0.6590498 0.7520985 -7.95309e-4 -0.6301179 0.7764991 7.95391e-4 -0.5799025 0.8146856 -0.002385437 -0.5273935 0.8496179 7.95392e-4 -0.4727878 0.8811761 -7.95308e-4 -0.4162864 0.9092333 0.001113712 -0.3815811 0.9243347 -4.77432e-4 -0.3225553 0.9465505 0.001113712 -0.2622466 0.9650003 -7.95307e-4 -0.2255409 0.9742333 0.001430571 -0.1387262 0.9903298 -0.002700269 -0.08442467 0.9964262 9.536e-4 0.01222616 0.9999248 -0.002491056 0.06686413 0.9977591 0.001113712 0.1379594 0.9904373 -0.001960813 0.2574115 0.9662999 -0.001589179 0.2614822 0.965207 1.5043e-6 0.3808652 0.9246306 -0.001853346 0.4002434 0.9164071 0.001430809 0.5159642 0.856609 -0.001430809 0.5480105 0.8364704 7.95225e-4 0.6196583 0.7848713 -0.003231465 0.6803069 0.7329202 -3.17322e-4 0.7134892 0.7006661 -0.001589238 0.7804641 0.6251986 -0.001960754 0.7830929 0.6219018 4.77494e-4 0.8394868 0.54338 -0.001113712 0.872071 0.4893781 7.95329e-4 0.8899651 0.456028 -7.95277e-4 0.9169486 0.3990049 0.001113712 0.9313899 0.3640215 -0.001113712 0.9598651 0.2804601 7.95334e-4 0.9697905 0.2439382 -7.95295e-4 0.9832421 0.1823029 0.001113653 0.989436 0.1449658 0.001589238 0.9998121 0.01931983 0.001960813 0.9997211 0.02353286 -0.001113653 0.9894362 0.1449657 7.95296e-4 0.9832421 0.182303 -7.95334e-4 0.9697905 0.243938 0.003231406 0.9472295 0.3205403 3.17322e-4 0.9313908 0.3640208 0.001589119 0.8899645 0.4560273 0.001960813 0.8880336 0.4597744 -4.77495e-4 0.8394877 0.5433785 0.001113712 0.8035645 0.5952168 -7.95308e-4 0.7804658 0.6251981 7.95267e-4 0.7394924 0.6731645 -0.001113712 0.7134888 0.7006657 0.001113712 0.6489148 0.7608603 -7.95224e-4 0.6196582 0.7848714 0.001430809 0.5480105 0.8364703 -0.001430809 0.5159648 0.8566087 0.001430869 0.4155814 0.9095548 -0.001430809 0.3808648 0.9246297 7.95225e-4 0.29782 0.9546217 -0.001113712 0.2614825 0.9652076 0.001113772 0.1753402 0.9845073 -7.95392e-4 0.1379595 0.9904376 0.001430869 0.05005538 0.9987455 -0.001430809 0.01222616 0.9999243 0.001430749 -0.1011512 0.99487 -0.001430571 -0.1387263 0.9903298 0.001853525 -0.2662743 0.9638956 0.002221286 -0.262246 0.9649985 6.35646e-4 -0.3815815 0.9243351 0.00402981 -0.4308419 0.9024184 4.76484e-4 -0.4727887 0.8811757 4.76483e-4 -0.5799028 0.8146856 0.001430749 -0.5901392 0.8073002 -7.95308e-4 -0.6590511 0.7520978 0.003231406 -0.7169567 0.6971102 3.17364e-4 -0.7484453 0.6631965 0.001905024 -0.8259487 0.5637422 0.002295732 -0.8278889 0.5608875 -7.95266e-4 -0.8903257 0.4553235 0.001113712 -0.9069175 0.4213069 -0.001113653 -0.9405403 0.3396807 7.95306e-4 -0.9527205 0.3038473 -7.95303e-4 -0.9699835 0.2431697 0.001113772 -0.9784904 0.2062898 -4.77444e-4 -0.9895488 0.144198 0.001960813 -0.9988468 0.04797178 0.001589179 -0.9990408 0.04376095 3.17331e-4 -0.9983662 -0.05714052 0.003231406 -0.9946486 -0.103266 -7.9535e-4 -0.9832419 -0.1823042 7.95277e-4 -0.9697905 -0.2439382 -0.001113712 -0.9598648 -0.2804612 4.77456e-4 -0.9402775 -0.3404088 -4.7751e-4 -0.9267215 -0.3757488 4.77471e-4 -0.9118387 -0.4105483 -4.77464e-4 -0.8956509 -0.4447576 0.001113712 -0.8658325 -0.5003327 -7.95308e-4 -0.8462789 -0.5327396 0.001430749 -0.7959874 -0.6053116 4.76526e-4 -0.7882856 -0.6153095 4.76567e-4 -0.7046001 -0.7096045 0.001430749 -0.6955861 -0.7184413 -7.95308e-4 -0.6295032 -0.7769976 0.001113712 -0.5996494 -0.800262 -4.77495e-4 -0.5480111 -0.836471 0.001113653 -0.4941925 -0.8693519 -7.95308e-4 -0.4609408 -0.8874306 0.001853406 -0.3652781 -0.9308967 -1.5043e-6 -0.3456027 -0.938381 0.001589238 -0.2247709 -0.9744104 0.004116833 -0.1967361 -0.9804478 -7.95475e-4 -0.10038 -0.9949489 7.95308e-4 -0.03744608 -0.9992983 -0.001113772 3.95062e-4 -0.9999994 0.001113831 0.08858674 -0.9960679 -7.95475e-4 0.1262156 -0.9920026 0.001430809 0.2132261 -0.9770019 -0.00143069 0.250045 -0.9682332 0.001430749 0.3581431 -0.9336656 -0.001430809 0.3932179 -0.9194443 0.001430749 0.4948655 -0.8689685 -0.001430809 0.5273942 -0.8496195 0.00143069 0.6202661 -0.7843902 -0.001430809 0.6495041 -0.7603569 7.9535e-4 0.714043 -0.7001015 -0.002385437 0.7567535 -0.6536961 0.002490818 0.8163392 -0.5775675 6.35771e-4 0.8330006 -0.5532717 0.002221405 0.8959926 -0.4440632 0.001853406 0.8941305 -0.4478027 -7.95308e-4 0.9361839 -0.3515096 0.001113653 0.9488141 -0.3158331 -4.77518e-4 0.9668374 -0.2553929 4.77483e-4 0.975809 -0.2186244 -4.77494e-4 0.9833833 -0.181541 0.001567363 0.9948553 -0.1012949 3.17408e-4 0.9966705 -0.08153492 -1 -3.59064e-6 0 -1 1.21289e-6 0 -1 1.63866e-6 0 -1 3.79452e-6 0 -1 -6.58042e-7 0 -1 -5.52258e-6 0 -1 2.20576e-6 0 -1 -2.76931e-6 0 -1 -1.61537e-6 0 -1 8.9955e-7 0 -1 1.31667e-6 0 -1 2.19152e-6 0 -1 -6.69302e-6 0 -1 2.81415e-6 0 -1 -6.43159e-6 0 -1 -1.62727e-6 0 -1 7.19413e-6 0 -1 -9.92024e-6 0 -1 1.51203e-6 0 -1 -1.38871e-6 0 -1 -2.04991e-6 0 -1 -7.98388e-7 0 -0.2576836 -0.9662294 3.54657e-4 -0.3076879 -0.9424596 -0.1307599 -0.2883235 -0.9511086 -0.1107342 -0.2625377 -0.9319212 -0.2501937 -0.3090298 -0.8757867 -0.3708075 -0.2775769 -0.8968287 -0.3444554 -0.2513467 -0.8375672 -0.4850836 -0.2836909 -0.7914853 -0.54136 -0.2618733 -0.764622 -0.5888767 -0.2628099 -0.7130112 -0.6500355 -0.3082224 -0.6252219 -0.7170054 -0.3165965 -0.6310744 -0.7081749 -0.2696399 -0.5519603 -0.7890718 -0.2922594 -0.4466606 -0.8456233 -0.3097584 -0.4247389 -0.8506743 -0.2640073 -0.3349274 -0.904502 -0.2599357 -0.239786 -0.9353803 -0.3015463 -0.1571519 -0.9404111 -0.2596549 -0.09473437 -0.9610437 -0.273213 0.02362811 -0.9616634 -0.3257232 0.1129798 -0.9386906 -0.2888962 0.1626173 -0.9434483 -0.2655041 0.3073961 -0.9137918 -0.3473482 0.4138408 -0.8414779 -0.297121 0.4670765 -0.8328017 -0.2696949 0.5967574 -0.7557417 -0.3297049 0.6905396 -0.6437777 -0.3460673 0.6972951 -0.6277078 -0.2842327 0.7769961 -0.5616838 -0.281653 0.8567915 -0.4319491 -0.3107521 0.8696147 -0.3836711 -0.2651074 0.9082084 -0.3238452 -0.2597274 0.9456008 -0.1959101 -0.3142963 0.9454965 -0.08517271 -0.2955164 0.9532541 -0.0630626 -0.2693683 0.9613965 0.05619126 -0.3178918 0.931118 0.1787853 -0.3115556 0.9346728 0.1712301 -0.2617002 0.9239084 0.2791173 -0.2696272 0.8880428 0.3723995 -0.286571 0.8696384 0.4020029 -0.261375 0.8467282 0.4633947 -0.2637715 0.7860354 0.5590822 -0.3105765 0.7300675 0.608723 -0.2828637 0.7065671 0.6486533 -0.2834167 0.6154431 0.7354623 -0.3150373 0.5466781 0.7758187 -0.355931 0.4951088 0.7925783 -0.2969139 0.4430832 0.8458839 -0.2689818 0.3375528 0.9020571 -0.3224033 0.193653 0.9265822 -0.3313428 0.1839203 0.9254109 -0.25852 0.05935752 0.9641805 -0.288795 -0.1141152 0.9505657 -0.31681 -0.143162 0.9376226 -0.2652975 -0.2644469 0.927192 -0.2984055 -0.3857692 0.8730042 -0.3558638 -0.4388301 0.8250995 -0.3133559 -0.4942625 0.8108717 -0.2827597 -0.5653817 0.7748488 -0.2839179 -0.6617381 0.6938973 -0.3458901 -0.7169097 0.6053104 -0.3303321 -0.7311401 0.5969211 -0.2697776 -0.8295331 0.4889736 -0.2916019 -0.8779507 0.3796986 -0.3101298 -0.8815381 0.3559637 -0.2643409 -0.9277002 0.2636219 -0.2578339 -0.9560622 0.1395234 -0.2823893 -0.9535582 0.1048012 -5.37219e-4 -0.9990076 -0.04453796 -0.003639042 -0.9999933 3.68054e-4 -3.57556e-4 -0.9992631 0.03838312 -0.001789629 -0.992645 0.1210488 -0.004636406 -0.9895079 0.1444049 8.95362e-4 -0.9747884 0.2231301 -8.95409e-4 -0.9619154 0.273346 0.001253664 -0.9529484 0.3031303 -0.002207934 -0.917838 0.3969491 -0.001789569 -0.9164593 0.4001241 -3.57547e-4 -0.8801563 0.474684 -0.003638982 -0.8614678 0.5077992 8.95389e-4 -0.8263041 0.5632235 -0.002087473 -0.7746238 0.6324191 -0.002502918 -0.7767933 0.6297507 -7.16072e-4 -0.7074515 0.7067616 -0.002804636 -0.6901359 0.7236744 0.001253783 -0.6464571 0.7629494 -0.001253843 -0.5894359 0.8078142 8.95466e-4 -0.5640281 0.8257552 -8.95466e-4 -0.5204767 0.8538754 0.001253783 -0.493668 0.8696495 -0.002207756 -0.4041841 0.914675 -0.001789569 -0.4010158 0.9160695 -3.57584e-4 -0.3237354 0.9461477 -0.004829764 -0.2742714 0.9616403 -3.57735e-4 -0.2240782 0.9745711 -0.002145946 -0.1220061 0.9925271 -0.002586066 -0.1191942 0.9928676 8.95465e-4 -0.01862454 0.9998261 -0.004636526 0.06144595 0.9980997 -0.001789569 0.08494889 0.9963838 -3.57434e-4 0.1672147 0.9859205 -0.003639221 0.2045751 0.9788441 8.95315e-4 0.2683507 0.963321 -0.002087593 0.3504697 0.9365718 1.12935e-6 0.3666133 0.9303735 -0.001789689 0.4609382 0.8874304 -0.002207815 0.4640064 0.8858292 0.001253902 0.5503052 0.8349627 -8.95465e-4 0.5760059 0.8174452 8.95314e-4 0.6175951 0.7864958 -0.001253724 0.6417571 0.7669069 0.001253724 0.695675 0.7183557 -0.002804756 0.7366495 0.6762689 -7.15846e-4 0.7528042 0.6582442 -0.002502977 0.8168808 0.5768013 -0.002087473 0.8148933 0.5796074 8.95278e-4 0.8618668 0.5071341 -0.001253724 0.8772217 0.4800841 5.37472e-4 0.9009195 0.4339859 -0.001253724 0.9221956 0.3867218 -5.37217e-4 0.926157 0.3771377 -5.36734e-4 0.9542195 0.2991069 -0.001611113 0.9572678 0.2891986 8.95306e-4 0.9757211 0.2190151 -0.001253724 0.9820593 0.1885682 5.37507e-4 0.9905118 0.1374267 -0.002207815 0.9982939 0.05834794 -0.001789629 0.9984906 0.05489444 -3.57519e-4 0.9996072 -0.02802878 -0.003638982 0.9978124 -0.06601029 8.9537e-4 0.9913385 -0.1313286 -0.001611113 0.9792039 -0.2028717 -5.36771e-4 0.977048 -0.213019 -5.37233e-4 0.9560427 -0.2932271 -0.003639042 0.9419046 -0.335861 -3.57603e-4 0.9284613 -0.3714291 -0.001789689 0.8944914 -0.4470816 -0.002207815 0.8929386 -0.4501731 5.375e-4 0.8543779 -0.5196521 -0.002207815 0.8104188 -0.5858469 -0.001789629 0.8083876 -0.588648 -3.57584e-4 0.7568339 -0.6536071 -0.003639042 0.731435 -0.6819015 -5.37161e-4 0.7000831 -0.7140613 -5.37161e-4 0.6543358 -0.756204 -0.003638982 0.6197171 -0.7848169 -3.57584e-4 0.5894355 -0.8078153 -0.001789569 0.5204756 -0.8538748 -0.006170451 0.4891575 -0.8721737 -3.57584e-4 0.4293126 -0.9031559 -0.001789689 0.3530023 -0.9356209 -0.00617057 0.3188331 -0.9477908 -3.57434e-4 0.2542795 -0.9671308 -0.001789689 0.1732704 -0.9848727 -0.002207875 0.1698604 -0.9854657 5.375e-4 0.09108012 -0.9958434 -0.001764833 0.0245639 -0.9996968 -3.57584e-4 0.008262038 -0.9999659 -0.002145946 -0.09527719 -0.9954485 -0.002586007 -0.09809738 -0.9951735 0.001611113 -0.2180753 -0.9759306 -0.001611232 -0.248321 -0.9686765 8.95165e-4 -0.3179141 -0.9481191 -0.001253604 -0.3472459 -0.9377733 0.001253604 -0.4143288 -0.9101265 -0.002804577 -0.4670498 -0.8842267 0.001073658 -0.5063019 -0.8623557 -0.003041625 -0.573188 -0.8194184 0.001611113 -0.6094048 -0.7928578 -8.95316e-4 -0.6652976 -0.7465777 0.001253604 -0.6881917 -0.7255279 -0.001253783 -0.7389886 -0.6737168 8.9539e-4 -0.7595837 -0.6504092 -8.9539e-4 -0.7922701 -0.61017 0.001253724 -0.8108628 -0.5852351 -0.002207875 -0.8653445 -0.5011728 -0.001789629 -0.8670758 -0.4981732 1.15758e-6 -0.9139806 -0.4057582 -0.002087414 -0.9208582 -0.389892 8.95429e-4 -0.9510683 -0.3089795 -0.002685725 -0.9657965 -0.2592876 8.954e-4 -0.9779379 -0.2088941 -0.001611053 -0.9905108 -0.1374258 -5.36759e-4 -0.991884 -0.1271458 0.004636406 -0.9998794 0.01482653 5.37219e-4 -0.9990077 -0.04453432 5.3676e-4 -0.9918839 -0.127146 0.001611053 -0.9905108 -0.1374258 -8.954e-4 -0.9779379 -0.2088941 0.001253724 -0.9709669 -0.2392104 -0.001253724 -0.951068 -0.3089792 8.95325e-4 -0.9409981 -0.3384108 -0.001611173 -0.9139795 -0.4057573 0.001611053 -0.9009184 -0.4339855 -8.95353e-4 -0.8670759 -0.4981753 0.001253724 -0.8511629 -0.5249001 -0.001253724 -0.810863 -0.5852348 8.95391e-4 -0.7922706 -0.6101694 -8.9539e-4 -0.7595834 -0.6504095 0.003639042 -0.7152742 -0.6988345 3.57509e-4 -0.6881937 -0.7255269 0.002146065 -0.6094047 -0.7928565 0.002585709 -0.607155 -0.7945793 -0.001611113 -0.5063019 -0.8623548 0.001611113 -0.4792374 -0.8776838 -8.95466e-4 -0.4143292 -0.9101268 0.003639042 -0.3537261 -0.935342 3.57735e-4 -0.3179142 -0.9481195 0.002146184 -0.2180755 -0.9759296 -5.35677e-4 -0.2348992 -0.9720196 -5.3618e-4 -0.09086722 -0.9958629 -1.12935e-6 -0.09527742 -0.9954509 0.001789689 0.008261978 -0.9999643 0.002207636 0.01172399 -0.9999289 -5.375e-4 0.09108006 -0.9958434 0.002207875 0.1698604 -0.9854657 0.001789689 0.1732706 -0.9848727 3.57434e-4 0.2542793 -0.9671308 0.001764774 0.2700119 -0.9628555 -0.001253604 0.3530027 -0.9356215 8.95465e-4 0.3819293 -0.9241911 -8.95316e-4 0.429313 -0.9031555 0.003639042 0.487634 -0.8730407 3.57434e-4 0.5204764 -0.8538761 0.001789689 0.5894351 -0.8078139 0.002207756 0.5922272 -0.805768 -5.37613e-4 0.6543355 -0.7562042 5.37387e-4 0.6775376 -0.7354879 -5.37387e-4 0.7000831 -0.7140613 0.001764655 0.7460777 -0.6658566 3.57584e-4 0.7568346 -0.6536065 0.001789629 0.8083878 -0.5886478 0.002207815 0.8104187 -0.5858471 -5.375e-4 0.8543781 -0.5196517 0.001764774 0.8870848 -0.4616034 3.57585e-4 0.8944937 -0.4470807 0.001789689 0.92846 -0.3714283 0.004636406 0.9369453 -0.3494453 5.37232e-4 0.9560428 -0.2932269 5.36771e-4 0.9770479 -0.2130191 0.001611113 0.9792039 -0.2028717 -8.95369e-4 0.9913386 -0.1313284 0.003638982 0.9978124 -0.06601035 3.57519e-4 0.9996071 -0.02802884 0.001789629 0.9984906 0.0548945 0.002207815 0.9982939 0.05834794 -5.37507e-4 0.9905118 0.1374267 0.001764714 0.9791601 0.2030822 3.57519e-4 0.9757209 0.2190174 0.001789629 0.9542182 0.2991065 0.002207815 0.9531751 0.3024113 -5.375e-4 0.9261577 0.3771362 5.37444e-4 0.9139811 0.4057565 -5.37472e-4 0.9009195 0.4339859 5.37472e-4 0.8869866 0.4617949 -0.001253664 0.8618666 0.5071336 8.95448e-4 0.8456792 0.5336909 -8.95314e-4 0.8168828 0.5768032 0.003638923 0.7772792 0.6291454 3.57509e-4 0.7528041 0.6582446 0.001789569 0.695675 0.7183545 0.002207756 0.693182 0.7207592 -0.001253604 0.6175945 0.7864958 8.95466e-4 0.5928367 0.8053224 -8.95466e-4 0.550305 0.8349633 0.003639042 0.4943403 0.8692609 3.57735e-4 0.4609392 0.8874317 0.002146184 0.3666126 0.9303712 0.002585709 0.3639756 0.9314049 -8.95315e-4 0.2683511 0.9633209 0.001253724 0.2382616 0.9712002 -0.001253604 0.1672149 0.9859198 8.9539e-4 0.1364718 0.9906436 -8.95466e-4 0.08494889 0.996385 0.003639042 0.01939988 0.9998052 3.57735e-4 -0.01862454 0.9998266 0.002146184 -0.1220063 0.9925271 0.002585828 -0.1248165 0.9921765 -8.95315e-4 -0.2240779 0.9745708 0.003639042 -0.2875285 0.9577652 3.57584e-4 -0.3237351 0.9461477 0.001789569 -0.401016 0.9160694 0.002207756 -0.4041839 0.9146752 -0.001253783 -0.4936688 0.8696491 0.002804696 -0.543876 0.839161 7.15921e-4 -0.5640283 0.8257551 0.002502739 -0.6464561 0.7629471 0.002087473 -0.6438271 0.7651681 -8.95392e-4 -0.707452 0.706761 0.003639101 -0.7522871 0.6588254 3.57584e-4 -0.7767963 0.629752 0.001789689 -0.8263041 0.5632215 0.004636287 -0.839337 0.5435917 -8.95428e-4 -0.8801565 0.4746829 8.95335e-4 -0.903573 0.4284332 -0.001253724 -0.9164609 0.4001224 0.001764774 -0.9478788 0.3186265 3.57547e-4 -0.9529498 0.3031282 0.001789629 -0.9747871 0.2231298 0.006170511 -0.982221 0.1876273 3.57546e-4 -0.9926465 0.1210488 0.001789629 -0.9992616 0.03838306 1 -9.86491e-7 0 1 1.06456e-6 0 1 0 0 1 1.03363e-6 0 1 -4.80765e-7 0 1 4.21187e-7 0 1 1.0233e-6 0 1 -3.9344e-7 0 1 7.03554e-7 0 1 -7.40119e-7 0 1 -3.25438e-7 0 1 -1.31926e-6 0 1 4.58814e-7 0 1 2.08442e-6 0 1 -1.02111e-6 0 1 3.79412e-7 0 1 2.55615e-7 0 1 -2.81562e-7 0 1 1.74656e-7 0 1 6.8836e-7 0 1 5.65919e-7 0 1 -3.11399e-7 0 1 -4.69821e-7 0 1 1.37946e-6 0 1 9.12779e-6 0 -1 -8.37356e-7 0 -1 5.97197e-7 0 -1 -2.94595e-7 0 -1 6.4431e-7 0 -1 -2.65652e-7 0 -1 3.74735e-7 0 -1 -1.023e-6 0 -1 7.65817e-7 0 -1 -2.2768e-6 0 -1 7.09651e-7 0 -1 -5.24582e-7 0 -1 -1.15807e-6 0 -1 6.37152e-7 0 -1 5.75638e-7 0 -1 4.70124e-7 0 -1 4.83521e-7 0 -1 3.35446e-7 0 -1 -9.60868e-7 0 -1 -2.04033e-7 0 -1 2.55075e-6 0 -1 -9.11183e-7 0 -1 9.04772e-7 0 -1 6.19689e-7 0 -1 2.87046e-7 0 -1 1.56574e-6 0 -1 -1.15759e-6 0 -1 -1.41336e-6 0 0.001047849 0.9616369 -0.2743239 0.03197765 0.9690316 -0.2448577 -0.01664501 0.9908781 -0.13373 0.01216065 0.9966923 -0.08035236 -0.01832795 0.9997881 -0.009375095 0.05320113 0.9948917 0.0857926 -0.02540993 0.9848527 0.1715212 0.04806333 0.9580427 0.2825673 0.03564208 0.955352 0.2933127 -0.007685303 0.9078053 0.4193216 0.04912227 0.8662117 0.4972569 -0.0609405 0.8128647 0.5792559 0.04794669 0.7273407 0.6845996 -0.08948206 0.6286636 0.7725123 0.07073014 0.5444688 0.8357937 -0.08103418 0.3765397 0.9228497 0.0580427 0.2826625 0.9574618 -0.09155583 0.08592981 0.9920856 0.05657941 0.002069294 0.998396 -0.07753026 -0.2242891 0.9714338 0.06368291 -0.2975513 0.9525796 -0.09006637 -0.5343094 0.840477 0.1021638 -0.5974647 0.7953605 -0.05496704 -0.7764606 0.6277641 0.05440664 -0.8227001 0.5658662 -0.0467962 -0.9079347 0.4164912 0.0582993 -0.9352718 0.349096 -0.03849411 -0.9837887 0.1751518 0.00110805 -0.9896486 0.1435073 -0.02763676 -0.9989913 -0.03539377 -0.02761042 -0.9989926 -0.03537678 0.02815592 -0.9700591 -0.2412313 0.0191462 -0.9689158 -0.2466492 0.002429425 -0.8963954 -0.4432489 0.0586127 -0.8805086 -0.4703926 -0.03274828 -0.7886303 -0.6139951 0.03453195 -0.7380173 -0.6738978 -0.01885259 -0.6798945 -0.7330676 0.02303445 -0.6205655 -0.7838162 -0.005763947 -0.577743 -0.8161985 0.01536977 -0.522906 -0.8522518 0 -0.5024813 -0.8645882 0 -0.423191 -0.9060406 -0.01536977 -0.4014047 -0.9157719 0.009603619 -0.3292576 -0.9441913 -0.009603619 -0.300931 -0.9535976 0.02094614 -0.2091557 -0.977658 -0.05193161 -0.1252436 -0.990766 0.03879702 -0.01275694 -0.9991657 -0.02582323 0.06776756 -0.9973669 0.1033227 0.2265975 -0.9684926 -0.02183854 0.2965781 -0.954759 0.02542245 0.4778655 -0.8780651 -0.03334999 0.5080873 -0.8606597 0.01536881 0.6324627 -0.7744383 0 0.6508401 -0.7592148 0 0.7249555 -0.6887958 0.009598612 0.7160629 -0.6979697 -0.005759596 0.8083463 -0.5886793 0.02475529 0.8213245 -0.5699239 -0.0573011 0.9137788 -0.4021503 0.03066682 0.8942619 -0.4464923 -0.02482599 -0.926313 0.375936 0 -0.919171 0.3938588 0 -0.7487545 0.6628474 0.05142503 -0.7242249 0.6876437 -0.006353199 -0.5327329 0.8462597 0.0789653 -0.448237 0.8904203 -0.04894655 -0.2580453 0.9648922 0.0121603 -0.1563007 0.9876347 -0.03429734 -0.02494633 0.9991003 0 0.02369439 0.9997193 0 0.1529659 0.9882315 0 0.1529665 0.9882314 0 0.2246928 0.9744297 0 0.2246941 0.9744294 0 0.3183962 0.9479578 0.01528149 0.3489571 0.9370142 -0.009546339 0.4457402 0.8951116 0.02573937 0.5115245 0.8588832 -0.02574038 0.602361 0.7978087 0.04926162 0.7211034 0.691074 -0.1135851 0.8394623 0.5314148 0.04732781 0.9127923 0.4056728 -0.06512731 0.9743638 0.2153457 0.09386217 0.9944915 0.0466541 -0.029872 0.9897024 -0.1399889 0.09064197 0.9311358 -0.3532283 -0.06642949 0.882506 -0.4655861 0.0596776 0.7257524 -0.6853627 -0.0692721 0.6421533 -0.76344 0.1087825 0.3597196 -0.9266976 -0.06843626 0.2444346 -0.9672478 0.04624921 -6.69624e-4 -0.9989298 -0.09574913 -0.123955 -0.9876576 0.02033269 -0.3565048 -0.9340722 -0.06838172 -0.4970424 -0.8650276 0 -0.553529 -0.8328299 0 -0.7541387 -0.6567153 -0.01003724 -0.7478135 -0.663833 -5.71986e-4 -0.8860614 -0.4635675 -0.05937129 -0.9073752 -0.4161075 0.01858294 -0.9735027 -0.2279196 -0.03296548 -0.9902483 -0.1353577 0.009546637 -0.9989288 -0.04528051 -0.02431339 -0.9948335 0.09856581 0.01197564 -0.9886644 0.1496646 -1 8.11333e-7 0 -1 1.00432e-6 0 -1 -2.23742e-6 0 -1 1.14476e-6 0 -1 -7.35534e-7 0 -1 6.43029e-7 0 -1 4.28914e-7 0 -1 -4.52218e-7 0 -1 3.30666e-7 0 -1 5.16393e-7 0 -1 1.49399e-6 0 -1 -2.18272e-6 0 -0.5239052 0.3664374 -0.768926 -1 6.55952e-7 0 -1 -1.25967e-6 0 -1 7.83141e-6 0 -1 -1.83406e-6 0 -1 1.05187e-6 0 1 -5.55237e-7 0 1 3.97192e-7 0 1 -1.14322e-6 0 1 0 0 0.8131568 0.2447654 -0.5280776 1 -7.11089e-7 0 1 -2.17858e-6 0 1 9.41142e-7 0 1 -1.03281e-6 0 1 -2.0469e-7 0 1 -7.66129e-7 0 1 3.58064e-7 0 1 3.97804e-7 0 1 -7.6933e-7 0 1 -4.40811e-7 0 1 -4.79305e-7 0 1 2.00616e-6 0 1 -8.01604e-7 0 -0.1885803 -0.8936837 -0.407145 0.107015 -0.9510756 -0.2898329 -0.114634 -0.9752257 -0.1891933 0.1038089 -0.9901113 -0.09435802 -0.1147834 -0.9931448 0.0221014 0.141525 -0.9786689 0.1489228 -0.2488058 -0.9186619 0.3068485 0.3851524 -0.8313196 0.4007062 -0.2056804 -0.7704731 0.6033796 0.4450455 -0.594724 0.6695057 0.07850718 -0.5858196 0.80663 0.001973748 -0.3352704 0.9421199 -0.2346591 -0.3633214 0.9016278 -0.04745233 -0.1169113 0.9920081 -0.2977355 -0.05539494 0.9530399 0.2064914 0.1677354 0.9639638 -0.1088044 0.2599729 0.9594663 0.2483583 0.4304127 0.8677921 -0.05732291 0.5043256 0.8616088 0.05525076 0.6963363 0.715586 -0.1081859 0.7146218 0.6910944 0.1324421 0.8857769 0.4448126 0.1569452 0.8807175 0.4468836 -0.07409203 0.9771252 0.1993406 0.1121206 0.9802371 0.1629853 -0.06719124 0.9959571 -0.05962169 0.09106546 0.9904909 -0.1031265 -0.07524931 0.9491598 -0.3056687 0.04607552 0.9411229 -0.3349103 -0.09321367 0.848084 -0.5215983 0 0.8417152 -0.5399219 0 0.6859784 -0.727622 0.04565131 0.6776994 -0.7339207 -0.01165592 0.5063833 -0.8622298 -8.2449e-4 0.3077792 -0.9514576 -0.07443016 0.1277319 -0.9890121 0.08645641 0.09137248 -0.9920567 -0.1430858 -0.193682 -0.970574 0.04458016 -0.2230147 -0.9737952 -0.01871162 -0.4456159 -0.8950287 0 -0.4495471 -0.8932567 0 -0.5922337 -0.8057664 0.01921647 -0.6064503 -0.7948892 -0.02880281 -0.6749063 -0.7373411 0.1357436 -0.7234123 -0.6769405 -0.06452804 -0.783145 -0.6184823 0.1595643 -0.8428546 -0.5139411 0.2419146 0.8579517 0.4532068 -0.2294312 0.6522506 0.7224476 0.2080234 0.5699305 0.794925 -0.08095473 0.3025071 0.949703 0.03378599 0.2299293 0.9726207 -0.0570724 0.07138741 0.9958146 0 0.105008 0.9944714 0 -0.05456334 0.9985104 0 -0.05456393 0.9985104 0 -0.1962834 0.9805473 -0.09074127 -0.2475663 0.9646124 0.0103358 -0.3419446 0.9396634 -0.1744727 -0.5848129 0.7921826 0.1280604 -0.5149489 0.8476015 0.04967212 -0.7764422 0.6282278 0.3112546 -0.7839224 0.5372023 -0.2453473 -0.9379065 0.2452268 0.1903654 -0.9784523 0.07995069 -0.2908452 -0.9375884 -0.1906225 0.3651359 -0.861137 -0.3537213 -0.2432234 -0.6937788 -0.6778741 0.263184 -0.5707169 -0.7778281 -0.4113142 -0.2750994 -0.8689885 0.2328413 -0.1104159 -0.9662263 -0.2450493 0.2281044 -0.9422947 0.1233991 0.3588699 -0.9251946 -0.4137383 0.6353583 -0.6520279 -0.291517 0.6465457 -0.7049799 0.04801261 0.9098516 -0.4121466 -0.4069864 0.8835163 -0.2318644 0.1365003 0.989825 -0.04017734 -0.3369889 0.8875922 0.314036 -1 1.78785e-6 0 -1 -2.12291e-6 0 -1 -4.69231e-7 0 -1 2.06475e-6 0 -1 -1.71004e-6 0 -1 1.06333e-6 0 -1 4.26897e-7 0 -1 -7.88982e-7 0 -1 -2.00072e-7 0 -1 -7.92204e-7 0 -1 2.22475e-7 0 -1 -1.27721e-6 0 -1 1.5636e-6 0 -1 1.36274e-6 0 -1 -1.17394e-6 0 -0.9739606 0.0897445 -0.2081984 -1 -6.35106e-7 0 -1 1.06883e-4 0 -1 -4.91897e-7 0 1 -1.77051e-6 0 1 2.04548e-6 0 1 -3.81034e-6 0 1 1.06883e-4 0 1 -6.8157e-7 0 1 2.58332e-6 0 1 -1.96803e-6 0 1 6.57787e-7 0 0.295148 0.3713496 -0.8803336 1 -1.21023e-6 0 1 7.97573e-7 0 1 -5.3613e-7 0 1 7.51439e-7 0 1 9.02227e-7 0 1 -4.73067e-7 0 1 -5.15918e-7 0 1 -1.11454e-6 0 1 2.58669e-6 0 1 -3.09043e-6 0 1 -1.93489e-7 0 1 -8.54184e-7 0 1 -2.22475e-7 0 1 4.62264e-6 0 1 -5.50291e-7 0 1 2.28941e-7 0 1 -1.03971e-6 0 1 -3.85906e-7 0 -0.09106576 -0.9242641 -0.370733 0.169113 -0.9672519 -0.1892736 -0.1503414 -0.9805855 -0.1258956 0.05749404 -0.9960225 0.06807065 -0.003200531 -0.9953346 0.09643054 0.03194648 -0.9736604 0.2257543 0.03597831 -0.9731855 0.2271906 -0.06641435 -0.9107513 0.4075799 0.0602523 -0.8983935 0.435039 -0.06017643 -0.8151677 0.5760906 0.05742949 -0.7974224 0.6006826 -0.05173772 -0.659426 0.749987 0.07892143 -0.6226973 0.7784726 -0.153268 -0.4564034 0.876473 0.01973217 -0.4299966 0.902615 -0.1107683 -0.1969947 0.9741271 -0.2984563 -0.1562157 0.9415522 0.02618145 0.01696348 0.9995133 -0.08822506 0.1232025 0.9884521 0.03010493 0.1722472 0.9845937 -0.03597992 0.2919453 0.955758 0.2439833 0.3811281 0.8917474 -0.07499629 0.4983317 0.8637367 0.2532789 0.5877273 0.7683921 -0.1575252 0.687318 0.7090697 0.09952509 0.7985585 0.5936321 -0.2858792 0.8421368 0.4572513 0.07897871 0.9250556 0.37153 -0.1890584 0.9558258 0.2250644 0.2698151 0.9567413 0.1088386 -0.09541428 0.9934865 -0.06229561 0.1981529 0.9631341 -0.1819571 -0.2068534 0.934277 -0.2904102 0.2337309 0.8531655 -0.466346 -0.1773473 0.8027482 -0.5693359 0.2748847 0.6659464 -0.6935083 0.1635719 0.6639254 -0.7296899 -0.04248183 0.4926362 -0.8691979 -0.03604161 0.3231201 -0.9456715 0.148909 0.04853975 -0.9876589 -0.03015071 0.08248203 -0.9961364 -0.07386171 -0.1319557 -0.9885 -0.3209572 -0.1951507 -0.92677 0.01116108 -0.3292225 -0.9441864 -0.04685419 -0.4620779 -0.8856008 0 -0.4710859 -0.8820875 0 -0.6715235 -0.7409833 -0.05336678 -0.6586681 -0.7505388 0.04847121 -0.7889554 -0.6125357 -0.1766344 -0.7503141 -0.6370471 0.1112152 -0.9027235 -0.4155977 0.3919906 0.8541292 0.3417702 -0.1257174 0.8568825 0.4999475 0.09586691 0.5977344 0.7959417 -0.1630589 0.5236262 0.8361983 0.2014072 0.2218179 0.9540608 -0.08941918 0.1427615 0.9857097 0.06843674 -0.1384665 0.9879997 0 -0.1624652 0.9867144 0 -0.3734642 0.9276446 0 -0.5825316 0.8128082 -0.03364783 -0.5917477 0.8054208 0.1967319 -0.7750779 0.6004589 0.3069331 -0.7712566 0.5576338 -0.1231437 -0.9457358 0.3006985 0.3657448 -0.9302623 0.02903431 0.05475217 -0.9966938 -0.06003248 0.2504445 -0.8467137 -0.4694184 0.41299 -0.7789185 -0.4719378 -0.1619325 -0.5843393 -0.7951889 0.2231602 -0.4433559 -0.8681216 -0.08655416 -0.2801329 -0.9560512 0.2150151 -0.03282105 -0.9760591 0 0.03746289 -0.999298 0 0.2556017 -0.9667823 0 0.2555988 -0.9667829 0 0.4311987 -0.9022572 -0.03812581 0.4609618 -0.8866006 0.02382612 0.555202 -0.8313742 -0.167122 0.6793144 -0.7145644 0.1097506 0.7601057 -0.640464 -0.1204189 0.8830826 -0.4535024 0.5090938 0.8417892 -0.1794844 -0.3531164 0.9333436 0.06464302 -1.04601e-6 -0.6960166 -0.7180258 4.03969e-7 -0.6960159 -0.7180264 0 -0.6960165 -0.7180258 -1.04601e-6 -0.6960156 -0.7180267 5.23004e-7 -0.6960158 -0.7180265 -4.03971e-7 -0.6960176 -0.7180247 -4.0397e-7 -0.6960164 -0.7180259 0 -0.6960169 -0.7180255 -1.04601e-6 -0.696016 -0.7180263 0 -0.6960167 -0.7180256 4.98939e-7 0.6960157 0.7180266 0 0.6960161 0.7180263 1.38963e-7 0.6960159 0.7180264 -2.82051e-7 0.6960165 0.7180258 -7.47726e-7 0.6960163 0.7180261 5.09316e-7 0.6960164 0.718026 -5.23196e-7 0.6960164 0.7180259 0 0.6960164 0.7180259 0 0.6960163 0.7180261 3.34644e-7 0.6960165 0.7180259 -1.09697e-6 0.6960162 0.7180261 -0.09369158 0.9948865 0.03772175 -0.06779646 0.9963989 0.05092132 0.1012732 0.9947419 0.0152409 0.2178919 0.9746413 0.05096578 0.2488663 0.9675135 0.04453265 0.4136369 0.9047284 0.1018389 0.4474893 0.8823158 0.1458494 0.5377168 0.8227353 0.1843024 0.6120242 0.735167 0.2914717 0.6109284 0.7398965 0.2816376 0.6829317 0.6283757 0.3724894 0.6973527 0.5279797 0.4847028 0.6834401 0.5074712 0.5247693 0.69492 0.4237824 0.580943 0.6422066 0.2902959 0.7094357 0.5853303 0.2703743 0.7643863 0.5416292 0.1675804 0.8237444 0.3951854 0.08425557 0.9147292 0.2882654 0.08887755 0.953417 0.2533732 0.05428075 0.9658446 0.1493496 0.009524285 0.9887386 0.02215164 -0.007279992 0.9997282 -0.06464612 0.01695102 0.9977644 -0.0991311 0.005713522 0.995058 -0.2332721 0.01491451 0.9722971 -0.3398215 0.06613081 0.9381621 -0.3100215 0.03529751 0.9500741 -0.4334161 0.08672159 0.8970117 -0.4976461 0.1422864 0.8556301 -0.5270397 0.1536973 0.8358268 -0.5944874 0.232642 0.7697159 -0.6165366 0.3218083 0.7185556 -0.6487194 0.3389733 0.6813666 -0.6978688 0.4236947 0.5774618 -0.6823431 0.5444149 0.4878733 -0.6938092 0.5180056 0.5002991 -0.6821285 0.6268507 0.3765091 -0.6204525 0.723913 0.3016435 -0.6197182 0.7269855 0.2957053 -0.5460623 0.814099 0.1976338 -0.4525099 0.8789192 0.1507846 -0.3851503 0.9113393 0.1453275 -0.3515102 0.9298626 0.1086112 -0.210999 0.9767335 0.03835606 -0.07993853 0.7176334 -0.691818 -0.09920984 0.7144837 -0.6925825 0.1245977 0.7124307 -0.6905926 0.142459 0.7119477 -0.6876307 0.3305537 0.6750765 -0.6595498 0.351096 0.6723161 -0.6517075 0.5635627 0.5931421 -0.5749605 0.5814716 0.5863106 -0.5640308 0.7693799 0.4557365 -0.4476147 0.7581424 0.4630427 -0.4591422 0.8831967 0.3381633 -0.3249762 0.9133385 0.2883336 -0.2875355 0.9627009 0.1959922 -0.1865317 0.982618 0.1315558 -0.1309766 0.9982022 0.04619371 -0.03819185 0.9989284 -0.03698927 0.02781939 0.9897919 -0.1015651 0.09998232 0.9562971 -0.2151687 0.1979857 0.9138286 -0.286045 0.2882634 0.8381799 -0.394714 0.3763713 0.7670508 -0.4561128 0.4512143 0.6816019 -0.5282083 0.5063744 0.5656129 -0.5875964 0.57863 0.4760122 -0.6341949 0.6092694 0.3714721 -0.6648257 0.6480858 0.289139 -0.6898425 0.6637138 0.214116 -0.7007976 0.6804683 0.07999533 -0.7178287 0.6916089 0.03158211 -0.7164203 0.6969538 -0.09436726 -0.7160671 0.6916233 -0.1425148 -0.7085862 0.6910827 -0.2751123 -0.6908945 0.6685642 -0.330555 -0.6759353 0.6586692 -0.4115528 -0.6561217 0.6325572 -0.4894199 -0.6244253 0.6087374 -0.5635619 -0.5948656 0.573178 -0.610647 -0.5680304 0.5517715 -0.7121648 -0.5061659 0.4864333 -0.7453601 -0.4774325 0.4652919 -0.8232834 -0.4088177 0.3937925 -0.8498288 -0.3763284 0.3690091 -0.9133233 -0.2929806 0.282848 -0.9421195 -0.2382338 0.2359143 -0.9767785 -0.1575201 0.1452285 -0.9903398 -0.09798324 0.09811478 -0.9999145 -0.01213997 0.004869639 -0.9971787 0.05559426 -0.05043673 -0.9817309 0.1360453 -0.1330269 -0.9640353 0.1933059 -0.1823972 -0.9372082 0.2486006 -0.2446191 -0.8907569 0.3290578 -0.3134856 -0.847756 0.3775246 -0.3725385 -0.7738088 0.456534 -0.4390861 -0.7156608 0.4997749 -0.4879086 -0.6520631 0.5461048 -0.5259118 -0.5835031 0.5813884 -0.5670201 -0.5105021 0.6191369 -0.5967052 -0.4336177 0.645283 -0.628956 -0.2985008 0.6892964 -0.6601271 -0.2518722 0.6950687 -0.6733796 7.6147e-7 -0.6960164 -0.7180259 0 -0.6960159 -0.7180264 0 -0.6960168 -0.7180256 8.34564e-7 -0.6960157 -0.7180266 0 -0.6960172 -0.7180252 -1.6751e-6 -0.6960169 -0.7180255 3.84368e-7 -0.6960166 -0.7180257 0 -0.6960166 -0.7180258 0 -0.6960162 -0.7180261 6.19226e-7 -0.6960163 -0.7180261 0 -0.6960165 -0.7180259 0 -0.6960163 -0.7180261 -3.17524e-7 -0.6960164 -0.7180259 -5.72289e-7 -0.696017 -0.7180253 1.06006e-6 -0.6960161 -0.7180262 -1.16406e-6 -0.6960166 -0.7180257 0 -0.6960158 -0.7180265 0 -0.6960163 -0.7180261 -0.05500876 -0.01250392 -0.9984076 -0.1585172 -0.1035522 -0.9819111 -0.2115746 -0.2374078 -0.9480895 -0.2427071 -0.2146287 -0.9460591 -0.3691511 -0.170121 -0.9136665 -0.4678951 -0.1987799 -0.8611392 -0.5155761 -0.3209074 -0.7944808 -0.522624 -0.2930045 -0.8006327 -0.6563403 -0.3214683 -0.6825509 -0.6714149 -0.4143558 -0.6144195 -0.6145113 -0.5544096 -0.5612537 -0.6489456 -0.5148811 -0.5601491 -0.7032196 -0.5937895 -0.3910195 -0.601336 -0.7163877 -0.3538134 -0.5035228 -0.7838541 -0.3633696 -0.5144721 -0.7980749 -0.3136796 -0.480089 -0.8538897 -0.2009655 -0.3663439 -0.9144682 -0.1718728 -0.2412878 -0.9448651 -0.2213825 -0.239556 -0.9468648 -0.214616 -0.1753996 -0.9763312 -0.1265401 -0.06306701 -0.9954773 -0.07104587 0.05014288 -0.9909414 -0.1245833 0.07688933 -0.9833901 -0.1644142 0.1953212 -0.9775251 -0.07933676 0.3309169 -0.9392989 -0.09061801 0.4168477 -0.8554745 -0.3072482 0.3634633 -0.8689659 -0.3358463 0.5304307 -0.786734 -0.315742 0.5948137 -0.6755478 -0.435697 0.5408249 -0.6451907 -0.5396643 0.6196452 -0.566385 -0.5433673 0.6494654 -0.4342159 -0.6242205 0.5716263 -0.3598785 -0.7373811 0.461005 -0.3786706 -0.8025479 0.489391 -0.2453156 -0.8368493 0.3719366 -0.1314592 -0.9189025 0.1912728 -0.1755279 -0.9657146 0.2051973 -0.1609051 -0.9654034 0.08376216 -0.0363186 -0.9958238 0.5530966 0.5981996 -0.5798633 0.5530965 0.5981999 -0.5798632 0.9848846 0.1243709 -0.1205586 0.9848846 0.1243706 -0.1205586 -0.4449531 0.6430311 -0.62332 -0.444952 0.6430313 -0.6233206 0.3424364 0.6746152 -0.6539356 0.3424367 0.6746149 -0.6539356 -0.998049 0.04483151 -0.04345732 -0.9980489 0.04483157 -0.04345732 -0.6424484 0.5502442 -0.5333775 -0.6424484 0.5502439 -0.5333777 -0.553097 -0.5981996 0.579863 -0.553097 -0.5981996 0.579863 -0.9848846 -0.1243706 0.1205583 -0.9848845 -0.124371 0.1205587 0.4449516 -0.6430316 0.6233205 0.4449519 -0.6430312 0.6233206 -0.3424357 -0.6746148 0.6539364 -0.3424357 -0.6746153 0.6539358 0.998049 -0.04483109 0.04345726 0.9980489 -0.04483175 0.04345738 0.6424484 -0.5502442 0.5333776 0.6424487 -0.550244 0.5333772 -1 -3.65647e-6 0 -1 3.95764e-6 0 -1 1.50313e-6 0 -1 -6.0669e-7 0 -1 1.06496e-6 0 -1 1.82941e-6 0 -1 -3.04549e-6 0 -1 4.04528e-6 0 -1 -3.2469e-6 0 -1 4.07918e-6 0 -1 8.07577e-7 0 -1 -2.44618e-6 0 -1 1.22831e-6 0 -1 6.84257e-6 0 -1 -3.25053e-6 0 -1 1.61245e-6 0 -1 1.63199e-6 0 -1 1.2218e-6 0 -1 1.62216e-6 0 -1 -1.33885e-6 0 -1 1.60508e-6 0 -1 -1.6168e-6 0 -1 5.41051e-7 0 -1 1.62522e-6 0 -1 -1.6252e-6 0 -1 3.23602e-6 0 -1 -1.63194e-6 0 -1 1.2186e-6 0 -1 1.21943e-6 0 -1 8.09465e-7 0 -1 -3.24595e-6 0 -1 -1.63178e-6 0 -1 -3.05069e-7 0 -1 1.20084e-6 0 -1 4.06071e-7 0 -1 2.91205e-6 0 -1 -4.76328e-6 0 -1 1.21803e-6 0 -1 8.10536e-7 0 -1 -2.84409e-6 0 -1 2.44206e-6 0 -1 3.23363e-6 0 -1 1.22264e-6 0 -1 -8.13733e-7 0 -1 -3.24458e-6 0 -1 2.99642e-6 0 -1 1.62961e-6 0 -1 -4.78593e-6 0 -1 2.42107e-6 0 -1 -1.62493e-6 0 -1 6.643e-7 0 -1 1.63071e-6 0 -1 -2.00077e-6 0 -1 1.21439e-6 0 -1 -1.21851e-6 0 -1 1.61747e-6 0 -1 -1.62312e-6 0 -1 4.85244e-6 0 -1 -2.65044e-6 0 -1 1.62663e-6 0 -1 4.85939e-6 0 -1 -4.04937e-6 0 -1 -1.6478e-6 0 0.005570948 0.4063526 -0.9136994 -3.10781e-4 0.4425523 -0.8967427 0.002785444 0.5864313 -0.8099943 0.003359735 0.5892223 -0.807964 -0.00116527 0.6837031 -0.7297594 0.004728257 0.7397481 -0.6728673 -0.002636015 0.7911095 -0.6116691 0.004437625 0.846085 -0.5330296 -0.002713441 0.8743307 -0.485323 0.001163363 0.9204324 -0.3909002 -0.001631617 0.9345642 -0.3557907 0.00286895 0.9708999 -0.2394684 -0.002016842 0.9792647 -0.2025747 0.00216794 0.99592 -0.09021604 -0.007317662 0.9998323 -0.0167908 0.0029428 0.9955226 0.09447801 -0.005572319 0.9779479 0.2087746 -3.09116e-4 0.9698804 0.2435815 -0.003581225 0.9115043 0.4112751 -3.13397e-4 0.9204111 0.390952 0.002788364 0.8419603 0.5395323 0.003359735 0.8400907 0.5424357 -0.002092778 0.7509524 0.6603532 0.002092063 0.7254458 0.6882761 -0.002716064 0.629819 0.7767372 0.002167582 0.5999586 0.8000282 -0.002911388 0.4841693 0.8749696 0.003360271 0.4506956 0.8926714 -0.002092778 0.3141971 0.9493555 0.005895376 0.2448462 0.9695441 -0.001394212 0.1673999 0.9858881 0.004872739 0.05461668 0.9984955 0 0.01680892 0.9998587 0.002326667 -0.1091431 0.9940234 0.002870976 -0.1133366 0.9935525 -6.97578e-4 -0.2087506 0.9779687 6.97564e-4 -0.2456128 0.9693678 -6.97628e-4 -0.2821367 0.959374 0.002296268 -0.3588817 0.9333803 -0.002633392 -0.4082707 0.9128572 0.005576789 -0.5072636 0.861773 -0.005572855 -0.5710198 0.8209175 0.002636015 -0.658774 0.7523365 -0.002292931 -0.6980314 0.7160636 0.002870917 -0.7911086 0.611669 0.002324759 -0.7936684 0.6083462 -6.40209e-4 -0.8807371 0.4736052 -0.003094017 -0.8743386 0.4853065 6.38079e-4 -0.9541049 0.2994719 0.003093421 -0.9500235 0.3121631 -6.39678e-4 -0.9934065 0.1146439 -0.003091692 -0.991787 0.127864 6.41286e-4 -0.9972368 -0.07428652 0.003092765 -0.9981338 -0.06098663 -3.14048e-4 -0.9698884 -0.2435495 0.002785742 -0.9645363 -0.2639358 -0.002013564 -0.9220409 -0.3870873 0.002870917 -0.9067369 -0.4216871 -0.002291321 -0.8390526 -0.5440455 0.002635359 -0.8087618 -0.5881304 -0.002638638 -0.7646732 -0.6444129 0.002295494 -0.7291184 -0.6843839 -0.001628696 -0.6523916 -0.7578804 0.002494335 -0.6090785 -0.793106 -0.001397132 -0.5518225 -0.8339605 0.003644704 -0.5054262 -0.8628622 -0.001630604 -0.4424871 -0.8967735 0.002291321 -0.3448421 -0.938658 4.65352e-4 -0.3261593 -0.9453148 0.003097355 -0.1881315 -0.982139 6.35944e-4 -0.2012196 -0.979546 -0.003089427 -1.09665e-5 -0.9999953 -6.41286e-4 -0.01335418 -0.9999107 0.002326726 0.146695 -0.9891791 0.008016943 0.1901822 -0.9817161 -0.002638578 0.3022151 -0.9532362 -0.005571842 0.4063467 -0.9137021 0.002638638 0.302221 -0.9532343 -0.002296328 0.2508211 -0.9680308 0.001630663 0.1466951 -0.9891804 -0.004881739 0.05890023 -0.998252 0.003103733 -0.01335388 -0.9999061 -0.009743332 -0.1525035 -0.988255 -0.003097295 -0.1881277 -0.9821397 -4.65353e-4 -0.3261589 -0.945315 -0.004728376 -0.3695438 -0.9292014 0.001161396 -0.4424872 -0.8967742 -0.002716064 -0.534149 -0.845386 2.93528e-6 -0.5518444 -0.8339471 -0.002330541 -0.6523746 -0.7578932 -0.008015811 -0.6851642 -0.7283446 0.002638697 -0.7646833 -0.644401 -0.002634704 -0.8087618 -0.5881304 0.002291321 -0.8390523 -0.5440459 -0.002295434 -0.9000174 -0.4358481 0.002634763 -0.9220469 -0.3870692 -0.004438161 -0.9548913 -0.2969226 0.002712786 -0.9698849 -0.2435486 -0.002711653 -0.9951138 -0.09869796 0.00216794 -0.998135 -0.06100767 -0.002915918 -0.9970291 0.07697123 0.003360033 -0.9934051 0.1146095 -0.002711474 -0.9611498 0.2760143 0.002168953 -0.9500258 0.3121639 -0.002913534 -0.8980249 0.4399353 0.003359198 -0.8807322 0.4736028 -0.002092778 -0.8012933 0.5982682 -6.98023e-4 -0.7936702 0.608348 -6.96125e-4 -0.698046 0.7160526 -0.002171516 -0.6898379 0.7239606 0.003481805 -0.5710247 0.8209255 -0.003483295 -0.5395396 0.8419532 0.002014875 -0.4082707 0.9128587 -0.002870917 -0.3734328 0.9276528 6.97597e-4 -0.2821238 0.9593778 -6.97564e-4 -0.245613 0.9693678 6.9761e-4 -0.20876 0.9779667 -0.002292931 -0.1288593 0.9916602 -4.65353e-4 -0.1091466 0.9940257 -0.002788424 0.01680886 0.9998549 -0.005920052 0.03570109 0.9993451 0.001394212 0.1673998 0.9858881 -0.009061098 0.2780417 0.9605263 -0.002791404 0.3141962 0.949354 6.34865e-4 0.484164 0.8749771 -0.006424069 0.5173605 0.8557435 0.001162171 0.6298205 0.77674 -0.007666528 0.689805 0.7239547 0.002092778 0.7509521 0.6603534 -0.003360271 0.8400909 0.5424354 -0.002788364 0.8419601 0.5395326 3.13397e-4 0.920411 0.3909523 -0.002783894 0.9284248 0.3715103 0.003483772 0.9779571 0.2087767 -0.006964862 0.9882159 0.1529085 0.005575418 0.9998438 -0.01677536 -0.00557506 0.9957066 -0.0923984 0.002636015 0.9792675 -0.2025546 -0.008014917 0.9493244 -0.314196 -0.002322793 0.9345628 -0.3557906 3.16007e-4 0.8743341 -0.4853245 -0.005575239 0.8542129 -0.5198935 0.002636015 0.791109 -0.6116697 -0.004728198 0.7397486 -0.6728668 0.00116533 0.6837182 -0.7297452 -0.003360211 0.5892145 -0.8079698 -0.002785444 0.586431 -0.8099944 3.10787e-4 0.4425607 -0.8967387 1 1.48051e-6 0 1 -5.43847e-7 0 1 7.01785e-7 0 1 2.32332e-6 0 1 -4.78832e-7 0 1 -2.33118e-7 0 1 2.21318e-6 0 1 6.56089e-7 0 1 8.93582e-7 0 1 -1.44295e-6 0 1 -5.93689e-7 0 1 -6.06985e-7 0 1 1.06404e-6 0 1 -1.91571e-6 0 1 1.25336e-6 0 1 -1.086e-6 0 1 -9.82017e-7 0 1 1.74911e-6 0 1 -3.55904e-7 0 1 -2.9472e-7 0 0.2984139 -0.3803772 0.8753641 0.3543868 -0.2819058 0.8915936 0.3669354 -0.2730612 0.8892672 0.2799331 -0.1931328 0.9403921 0.2670672 -0.1149709 0.956795 0.2906149 -0.05490028 0.9552639 0.354298 0.01469439 0.9350172 0.3431823 0.0239883 0.9389625 0.3109189 0.102923 0.9448474 0.34928 0.1973181 0.9160072 0.4353823 0.2618535 0.8613218 0.4225606 0.2569067 0.8691614 0.2999346 0.3704396 0.8790983 0.2660388 0.4466342 0.8542489 0.3063948 0.5259894 0.7933835 0.3346453 0.539817 0.7724055 0.2700186 0.6122359 0.7431402 0.2994642 0.6933701 0.6554076 0.3645322 0.7092349 0.6034088 0.3101903 0.7547576 0.5780339 0.2774783 0.8191031 0.5020719 0.316687 0.8469877 0.4269909 0.4155883 0.8440403 0.338943 0.3889394 0.8611437 0.3273493 0.3071554 0.9197769 0.2442664 0.3290795 0.9328489 0.1466282 0.4231213 0.9048384 0.04728507 0.3404163 0.9352869 0.09672272 0.2649145 0.9629954 -0.04960036 0.3227205 0.9351266 -0.1462529 0.304538 0.9429768 -0.1343559 0.2510319 0.9357424 -0.2477279 0.3054934 0.868933 -0.389396 0.4470828 0.842751 -0.2998128 0.3407808 0.8483968 -0.4050822 0.310799 0.8208437 -0.4791866 0.3519253 0.7551887 -0.553027 0.467557 0.650197 -0.5988608 0.5199046 0.6449911 -0.5600767 0.3881149 0.6296231 -0.6730094 0.3095913 0.57423 -0.7579006 0.3392764 0.4706355 -0.8144899 0.3674958 0.4466633 -0.8157443 0.2905165 0.3904318 -0.8735922 0.2692782 0.2998451 -0.9151952 0.3180903 0.219496 -0.9223015 0.3529491 0.1926805 -0.915588 0.3046835 0.143009 -0.9416562 0.2825592 0.0847814 -0.955496 0.2965793 0.005315065 -0.9549935 0.3615894 -0.06024384 -0.9303891 0.344411 -0.07259029 -0.9360085 0.2790548 -0.1729278 -0.9445763 0.2913618 -0.2496297 -0.9234681 0.3838635 -0.3319458 -0.8616617 0.4577043 -0.3608984 -0.8125633 0.415365 -0.3961932 -0.8188425 0.3433254 -0.4943816 -0.7985703 0.3445947 -0.5740955 -0.7427442 0.4424217 -0.6189221 -0.648998 0.4787077 -0.6213244 -0.6203185 0.3771479 -0.7051037 -0.6004901 0.3195145 -0.7698612 -0.5524712 0.3236631 -0.8117557 -0.4861019 0.3576156 -0.8295066 -0.428987 0.4374823 -0.8301962 -0.3455193 0.4003723 -0.837742 -0.3713358 0.2805304 -0.9195768 -0.2751022 0.2862827 -0.9414395 -0.1781402 0.3703013 -0.9256879 -0.07732349 0.3538286 -0.9311684 -0.08792591 0.2682043 -0.9631627 0.0195989 0.3047732 -0.9424594 0.1374184 0.3272585 -0.9326042 0.1521556 0.2571458 -0.9315685 0.2570142 0.2999491 -0.8883992 0.3475304 0.355558 -0.8530799 0.3818814 0.3199171 -0.8506918 0.4171051 0.286629 -0.8323381 0.4744021 0.28529 -0.7905009 0.5419575 0.354573 -0.7193639 0.5973222 0.3682264 -0.7206333 0.5874496 0.3029518 -0.6862224 0.661301 0.2777028 -0.6341705 0.7216017 0.3180921 -0.5646689 0.7615554 0.3892369 -0.5038597 0.7711163 0.3616227 -0.4913409 0.7923467 0.3171072 -0.4487363 0.8355112 5.0858e-4 -0.39854 0.9171509 -0.001017987 -0.4547961 0.8905951 0 -0.4731495 0.8809822 0 -0.527007 0.8498611 0 -0.5788103 0.8154622 0.001019716 -0.5956177 0.8032675 -5.09857e-4 -0.644399 0.7646893 5.10285e-4 -0.6601119 0.7511671 -0.001017987 -0.7055492 0.7086602 0 -0.7200779 0.6938932 0 -0.7618269 0.6477807 0.001017987 -0.7750808 0.6318614 -5.08141e-4 -0.8128672 0.5824489 5.10284e-4 -0.824779 0.5654551 -0.001017093 -0.8583354 0.5130883 0 -0.868795 0.495172 0 -0.8978995 0.4402007 0 -0.8978995 0.4402006 0 -0.9235303 0.3835256 0.001017093 -0.9312694 0.3643302 -5.09431e-4 -0.952129 0.3056963 0.001526653 -0.9639829 0.2659602 -0.001526832 -0.9786508 0.205525 0.00152558 -0.9895374 0.1442688 -0.00152713 -0.9965902 0.08249711 0.0015257 -0.999792 0.02033656 -0.001527249 -0.9991239 -0.04182356 5.08574e-4 -0.9965312 -0.08321958 -0.001018166 -0.9894264 -0.1450329 0.001018166 -0.9825626 -0.1859298 -5.08579e-4 -0.9691116 -0.2466226 0.001526534 -0.9580477 -0.2866051 -0.001525878 -0.9383792 -0.3456043 5.09859e-4 -0.9232351 -0.3842352 -0.001018822 -0.8975592 -0.4408929 0 -0.8882442 -0.4593719 0 -0.8579368 -0.5137553 0 -0.857955 -0.513725 0 -0.8243684 -0.5660538 0.001017928 -0.812437 -0.5830482 -5.09852e-4 -0.7746134 -0.632435 5.09015e-4 -0.7613536 -0.6483367 -0.001017153 -0.7195671 -0.6944223 0.001019239 -0.6901419 -0.7236734 -5.09863e-4 -0.6438348 -0.7651644 0.001526534 -0.6115528 -0.7912023 -0.001525223 -0.56117 -0.8276992 5.08581e-4 -0.5263816 -0.8502483 -0.001017928 -0.4724774 -0.8813422 0.001018822 -0.4355388 -0.9001694 -5.09872e-4 -0.3787734 -0.9254893 5.09e-4 -0.3594812 -0.9331523 -0.001017928 -0.3007381 -0.9537063 0.001018404 -0.2609512 -0.9653515 -5.06443e-4 -0.2004358 -0.9797068 5.08996e-4 -0.1800853 -0.9836509 -0.001017987 -0.1185979 -0.9929419 0.001019299 -0.07732409 -0.9970055 -5.09838e-4 -0.01516532 -0.9998849 5.09005e-4 0.005565762 -0.9999844 -0.001017987 0.06770747 -0.9977048 0 0.08838248 -0.9960866 0 0.1501471 -0.9886637 0 0.1501532 -0.9886628 0 0.2112968 -0.9774219 0.001018822 0.2315254 -0.9728283 -5.09851e-4 0.2915714 -0.9565491 5.09004e-4 0.3113492 -0.9502955 -0.001019656 0.3698267 -0.9291002 0.001016676 0.4080352 -0.9129657 -5.08128e-4 0.4639764 -0.8858475 0.001526534 0.5003194 -0.8658396 -0.001527786 0.5531871 -0.8330557 0.001525878 0.6039003 -0.7970584 -0.001527786 0.6522749 -0.757981 5.09859e-4 0.6831752 -0.7302544 -0.001017093 0.7272353 -0.6863875 0.001018404 0.755074 -0.6556389 -5.09859e-4 0.7943574 -0.6074506 5.10295e-4 0.8068064 -0.5908158 -0.001017987 0.8419662 -0.5395296 0.001017093 0.8636077 -0.5041636 -5.08994e-4 0.8932722 -0.449516 5.09852e-4 0.902411 -0.4308761 -0.001017093 0.9274522 -0.3739406 0.001017749 0.9421541 -0.3351785 -5.09434e-4 0.9611745 -0.275941 5.08686e-4 0.9667025 -0.255903 -0.001017987 0.9807286 -0.1953723 0.001017928 0.9879832 -0.1545585 -5.09004e-4 0.9956846 -0.09280133 0.001526951 0.998674 -0.0514577 -0.001526415 0.9999412 0.01074355 5.08474e-4 0.9986363 0.0522046 -0.001018166 0.9934595 0.1141811 0.001018822 0.9878717 0.1552695 -5.08567e-4 0.9763058 0.2163954 0.001526832 0.9665013 0.2566573 -0.00152719 0.9486683 0.3162691 5.08784e-4 0.9347434 0.3553236 -0.001018822 0.9108517 0.4127324 0.001017332 0.8929405 0.4501734 -5.09005e-4 0.8632387 0.5047959 5.10287e-4 0.852585 0.5225884 -0.001018822 0.8184241 0.5746139 0.001018404 0.7939174 0.608025 -5.09872e-4 0.7545911 0.6561952 0.001525878 0.7267196 0.6869325 -0.001526534 0.682619 0.7307729 0.001526474 0.6358377 0.7718214 -0.001527786 0.5866481 0.8098406 5.10306e-4 0.5525749 0.8334632 -0.001017987 0.4996719 0.8662143 0.001018822 0.4633293 0.8861857 -5.08145e-4 0.4073356 0.9132784 5.07735e-4 0.3883222 0.9215235 -0.001017987 0.3302806 0.9438823 0.001017928 0.2908645 0.9567638 -5.1156e-4 0.2308143 0.9729977 5.07728e-4 0.210583 0.9775759 -0.001017987 0.1493952 0.9887771 0.001016318 0.108295 0.9941183 -5.09839e-4 0.04628175 0.9989284 5.0987e-4 0.02553904 0.9996737 -0.001017987 -0.03667008 0.999327 0 -0.05737584 0.9983527 0 -0.1193041 0.9928578 0 -0.1193089 0.9928572 0 -0.1808352 0.9835134 0.001016259 -0.2011728 0.9795553 -5.08147e-4 -0.2616695 0.9651575 0.001525878 -0.3014727 0.9534736 -0.001526474 -0.3601566 0.9328907 -1 -5.47712e-7 0 -1 4.00794e-5 0 -1 -4.1709e-7 0 -1 -6.70754e-7 0 -1 -6.48934e-7 0 -1 2.01004e-6 0 -1 -4.60077e-6 0 -1 4.07401e-7 0 -1 1.87667e-7 0 -1 7.35492e-7 0 -1 7.85935e-7 0 -1 6.1953e-7 0 -1 0 0 -1 -2.20444e-7 0 -1 1.62451e-6 0 -1 7.51827e-7 0 -0.693836 0.253233 -0.67414 -1 0 0 -0.04891407 -0.3934773 0.9180321 -0.3107702 0.3843038 -0.8693288 -1 -4.70608e-6 0 -1 1.9503e-6 0 -1 -1.91034e-6 0 1 -2.08119e-7 0 1 6.68156e-7 0 0.5352051 0.3486526 -0.7694134 0.04891407 -0.3934773 0.9180321 1 8.07429e-7 0 1 5.40172e-7 0 1 -1.48655e-6 0 1 -2.51713e-7 0 0.8997269 0.1507639 -0.4095875 1 4.46101e-7 0 1 4.65886e-7 0 1 9.41142e-7 0 1 -7.19534e-7 0 1 -9.10249e-7 0 1 1.2617e-6 0 1 -7.43999e-7 0 1 9.44184e-7 0 1 -8.21275e-7 0 1 4.02847e-7 0 1 7.63639e-7 0 1 -4.00798e-5 0 1 1.24909e-6 0 1 5.21726e-6 0 1 -1.05954e-6 0 1 5.77508e-7 0 1 -9.07314e-7 0 1 7.93291e-7 0 -0.1972913 -0.8867895 -0.4179483 0.232067 -0.9275422 -0.2929341 -0.2047909 -0.9705882 -0.1265679 0.03596407 -0.9984537 -0.04238837 -0.0574789 -0.996706 0.05721443 0 -0.9961304 0.08788877 0 -0.9628655 0.269982 0.07539868 -0.9547888 0.2875649 -0.01952338 -0.8910604 0.4534648 0.0872932 -0.8779332 0.4707581 -0.03695911 -0.777829 0.6273884 0.02879965 -0.7584238 0.6511253 -0.0517376 -0.651763 0.756656 0.07892167 -0.6147416 0.7847701 -0.06348347 -0.5182945 0.8528428 0.2560787 -0.4068395 0.8768725 -0.04615807 -0.3065271 0.9507421 0.2423387 -0.1062353 0.9643579 -0.1092677 -0.04855716 0.9928256 0.3129738 0.2799692 0.9075597 -0.1819082 0.2240035 0.9574612 -0.07992517 0.5224794 0.8488978 -0.2125091 0.5383081 0.8155147 0.2240092 0.7144129 0.6628983 -0.1402739 0.7799389 0.6099333 0.134523 0.8812868 0.4530311 -0.3705549 0.8797459 0.2978863 0.1145412 0.9762254 0.1840228 -0.1559249 0.9876601 0.01466667 0.2355373 0.969153 -0.07255822 -0.2215616 0.9289693 -0.2965244 0.04607397 0.928716 -0.3679181 -0.09321588 0.8291461 -0.5512058 0 0.8221334 -0.5692949 0 0.6598687 -0.7513811 0.04565125 0.6513746 -0.7573819 -0.01165592 0.4756388 -0.8795635 -0.01037132 0.226086 -0.9740522 -0.05309617 0.01226735 -0.9985141 0.1307558 -0.02827388 -0.9910113 -0.1490349 -0.2573788 -0.9547486 0.09311002 -0.3128708 -0.9452208 -0.05152004 -0.4793999 -0.8760831 0 -0.4910918 -0.8711079 0 -0.644072 -0.764965 0.1097034 -0.683765 -0.7214088 -0.1166591 -0.7558397 -0.6442803 0.2222658 -0.8250108 -0.5195723 0.3845915 0.830917 0.4020779 -0.09534031 0.7519001 0.6523469 0.4150139 0.53432 0.736387 -0.1987877 0.3817247 0.902646 0.07686978 0.1686228 0.9826787 -0.1939272 0.04183369 0.9801236 0.03378635 -0.1107728 0.9932714 -0.04572188 -0.2485641 0.9675357 0 -0.3640084 0.9313957 0 -0.5651593 0.8249818 0.118181 -0.525401 0.8426073 0.04967266 -0.7537889 0.6552366 0.3112558 -0.7644723 0.5645369 -0.2453457 -0.9286679 0.2781755 0.177264 -0.9768224 0.1199811 -0.2095994 -0.9715042 -0.1106699 0.4352335 -0.845582 -0.3091326 -0.07054287 -0.8394233 -0.5388807 0.2671617 -0.5907338 -0.7613528 -0.2041919 -0.5130977 -0.8336884 0.1912234 -0.1161429 -0.974651 0 -0.07527172 -0.9971631 0 0.2457494 -0.9693334 0 0.2457507 -0.9693332 0 0.4219968 -0.9065974 0 0.6014155 -0.7989366 -0.005321502 0.6029666 -0.7977488 0.0581457 0.8337953 -0.5490034 -0.2169746 0.8513274 -0.4776647 0.2169755 0.9660707 -0.1401039 0.03458273 0.9947491 -0.0963239 -0.005354225 0.9445432 0.3283439 -1 -4.63119e-7 0 -1 4.87069e-7 0 -1 1.84181e-6 0 -1 -3.70948e-7 0 -1 4.01767e-7 0 -1 4.81833e-7 0 -1 6.44976e-7 0 -1 6.9229e-7 0 -1 -5.20918e-7 0 -1 6.73843e-7 0 -1 -4.31409e-7 0 -1 4.82752e-7 0 -1 -2.38811e-6 0 -1 7.59218e-7 0 -1 -1.06268e-6 0 -0.4948577 0.1717205 -0.851838 -1 3.89704e-7 0 -1 1.61348e-6 0 1 -2.52845e-7 0 1 -1.30484e-6 0 1 -3.4776e-7 0 1 -1.06566e-6 0 1 6.70277e-7 0 0.7051313 0.1116359 -0.7002338 1 1.43401e-7 0 1 4.52263e-7 0 1 4.86206e-7 0 1 -9.93662e-7 0 1 7.25425e-7 0 1 -6.4806e-7 0 1 -8.13635e-7 0 1 -9.31009e-7 0 1 -4.06696e-7 0 1 4.92796e-7 0 1 -9.86287e-7 0 1 2.31355e-6 0 1 -3.68226e-7 0 1 -7.77635e-7 0 1 -2.78762e-7 0 0.01766014 -0.9600841 -0.2791536 -0.4491144 -0.8792258 -0.1589292 0.005972683 -0.9999413 -0.009045183 -0.1575803 -0.9711925 0.1787564 -0.05742472 -0.9784021 0.1985746 0.1075905 -0.8673292 0.4859675 0.1088804 -0.8671059 0.4860789 -0.09310901 -0.7185745 0.689189 0.1490368 -0.67398 0.72356 -0.1487472 -0.4738093 0.8679741 0.1202663 -0.4262576 0.8965716 -0.1026363 -0.2301632 0.9677245 0.2578601 -0.1495122 0.954544 -0.1771759 0.08201277 0.9807562 0.275635 0.2129194 0.9373852 -0.2841522 0.3530529 0.8914096 0.1342781 0.4792377 0.8673527 -0.4608834 0.6331405 0.6218678 -0.09158802 0.6659146 0.7403846 0.05524688 0.8659648 0.4970441 -0.3719711 0.8411538 0.3925533 0.1718595 0.962359 0.2105458 -0.156821 0.9822741 0.1026878 0.2980877 0.9513326 -0.07816725 -0.2606938 0.9448804 -0.198091 0.08002197 0.9250529 -0.3713134 -0.2660742 0.8317514 -0.4872313 0.07233542 0.8118314 -0.5793942 -0.08234035 0.6845429 -0.7243073 0.06560707 0.6598263 -0.7485487 -0.08779019 0.4706333 -0.8779506 0.04930698 0.4418955 -0.8957105 -0.1837663 0.2433543 -0.9523701 -6.75235e-4 0.05232918 -0.9986297 -0.05185693 -0.1391575 -0.9889116 0.05009883 -0.1590265 -0.9860024 -0.01619708 -0.3970056 -0.9176733 0.104166 -0.4165484 -0.9031262 -0.06718927 -0.6010742 -0.796364 0.05236089 -0.6276956 -0.776696 -0.04315233 -0.7558928 -0.6532719 -0.08126133 -0.7462695 -0.6606652 0.1000251 -0.8741247 -0.4752905 -0.0427829 -0.8923659 -0.4492802 -0.3051952 0.8979266 0.3171495 0.3024753 0.8194418 0.486851 -0.2608503 0.6725287 0.6925767 0.1650165 0.5760918 0.8005548 -0.08095592 0.3503981 0.9330956 0.08537983 0.2451512 0.965718 -0.09154605 0.09116488 0.9916191 0.007152438 0.02149665 0.9997434 -0.1421568 -0.294658 0.9449699 0.1781594 -0.2199308 0.9591088 0.02830916 -0.6433386 0.7650582 0.377373 -0.6533752 0.6562702 -0.4115547 -0.8579699 0.3074254 -0.07460665 -0.9659007 0.2479309 -0.1765604 -0.9634185 -0.2016217 -0.02308118 -0.9856134 -0.1674325 0.08973497 -0.8368757 -0.5399877 -0.1989914 -0.7815593 -0.5912425 0.1789484 -0.4420206 -0.878974 0.02742826 -0.4133048 -0.9101797 0.1990773 -0.07526564 -0.9770892 0 -0.02986723 -0.9995539 0 0.3768202 -0.9262865 -0.09503877 0.4010584 -0.9111092 0.06659537 0.6445224 -0.7616798 -0.3482911 0.7197681 -0.6005225 0.1341806 0.8931856 -0.429203 -0.3388485 0.9142237 -0.2222089 0.2844011 0.9583421 -0.02639186 -0.1423135 0.01660311 0.9896824 -6.31761e-4 -0.009762287 0.9999522 0.150027 -0.2539256 0.9555175 0.07450181 -0.2702022 0.9599169 0.1372438 -0.4812476 0.8657743 0.04443001 -0.5104086 0.8587836 0.2065649 -0.6227552 0.7546568 0.06759667 -0.6729915 0.7365549 0.2984071 -0.7718606 0.561413 0.06904286 -0.8351082 0.5457357 0.1503586 -0.9200814 0.3617219 0.00669974 -0.9426039 0.333846 0.2524038 -0.9607034 0.1155046 0.08428311 -0.9932403 0.07981252 0.1372443 -0.9836508 -0.1165983 0.04443311 -0.9882515 -0.1462352 0.2065647 -0.9345619 -0.2896983 0.06759667 -0.9368845 -0.3430429 0.2605152 -0.8393704 -0.4770633 -0.04393666 -0.8230518 -0.5662646 0.2479376 -0.683479 -0.6865738 0.06874722 -0.6725683 -0.7368349 0.2392636 -0.48361 -0.8419468 -0.06440395 -0.4294101 -0.9008103 0.1988162 -0.2829397 -0.9383056 -0.04278266 -0.2005574 -0.9787474 0.2853995 -0.04317486 -0.9574357 0.09504365 0.0259552 -0.9951348 0.2603347 0.2018136 -0.9441913 0.01515698 0.2660758 -0.963833 0.2631434 0.4575263 -0.8493676 0.0566976 0.5078486 -0.8595786 0.1978554 0.704062 -0.682019 -0.002799093 0.7476807 -0.6640526 0.2631456 0.8530613 -0.4506008 0.05669754 0.9005408 -0.4310588 0.1978552 0.9646096 -0.1743037 -0.002799332 0.9908295 -0.135089 0.2631457 0.9594671 0.1008828 0.05669826 0.9880163 0.1435589 0.1702611 0.923349 0.3441479 -0.1017791 0.8979085 0.4282541 0.1754004 0.8216557 0.5423254 -0.06704127 0.7794593 0.6228552 0.2164373 0.6970571 0.6835688 0.07363891 0.6103771 0.7886807 0.1278993 0.5869178 0.7994806 0.0977618 0.4944152 0.8637108 0.05558532 0.4765191 0.8774052 0.1609026 0.401066 0.9018073 0.04025441 0.3007197 0.9528627 0.2575765 0.2231282 0.9401426 -0.9912005 0.03983956 0.1262321 -0.9915493 0.05160617 0.1190254 -0.9912564 0.06297415 0.1159532 -0.9913124 0.08050036 0.104017 -0.9913699 0.08150422 0.1026788 -0.9910059 0.1045419 0.08353704 -0.9913748 0.1071786 0.07542413 -0.9909979 0.1208374 0.05763316 -0.9918158 0.1247628 0.02712565 -0.9913057 0.1302125 0.01891994 -0.9913429 0.1300951 -0.01773715 -0.9916651 0.1268148 -0.02276921 -0.9908809 0.1215351 -0.05817496 -0.9917034 0.1008903 -0.07965975 -0.9912902 0.09846657 -0.08745348 -0.99129 0.06698942 -0.1133878 -0.9916623 0.05992776 -0.114081 -0.9909636 0.03569418 -0.1292948 -0.9916114 0.003715693 -0.1292015 -0.9915941 0.003374636 -0.129344 -0.9911481 -0.02665162 -0.1300582 -0.9915812 -0.04024523 -0.1230739 -0.9909404 -0.05779075 -0.1212328 -0.9915167 -0.08305788 -0.09998095 -0.991196 -0.08926099 -0.09779113 -0.9911822 -0.1091652 -0.07510685 -0.991568 -0.1106978 -0.06737065 -0.9911356 -0.1247553 -0.04567921 -0.9914644 -0.1294248 -0.01573914 -0.9916573 -0.1275141 -0.01886862 -0.9912699 -0.1314253 0.01056057 -0.991805 -0.1239165 0.03110486 -0.9911786 -0.1249289 0.04424691 -0.9911794 -0.1109401 0.0724976 -0.9918569 -0.09847366 0.08076375 -0.9912701 -0.08893549 0.09733539 -0.9912772 -0.06733721 0.1132935 -0.9912728 -0.06743854 0.113272 -0.9910213 -0.03622758 0.1287026 -0.9913619 -0.02883112 0.1279466 -0.9906929 0.002283036 0.1360979 -0.9915053 0.01575577 0.1291079 -0.004338145 -0.1211383 -0.9926262 -0.05694878 -0.103115 -0.9930378 -0.1468123 0.2061178 -0.9674511 -0.1099618 0.2184962 -0.9696226 -0.2274531 0.4981732 -0.836713 -0.05381488 0.4589818 -0.8868145 -0.1660458 0.7575128 -0.6313504 -0.1312423 0.7665188 -0.6286687 -0.2104941 0.9481794 -0.238009 0.144822 0.937668 -0.3159202 -0.1043772 0.9943175 0.02092963 0.1041176 0.9872916 0.1200616 -0.2738453 0.9159118 0.2934523 0.04031366 0.8535405 0.5194648 -0.280699 0.7475544 0.6019722 -0.02044093 0.6388743 0.7690395 -0.3157137 0.5039553 0.8039614 0.04861652 0.3104491 0.9493461 -0.3169604 0.1299948 0.9394879 0.04660022 -0.02872771 0.9985005 -0.4044083 -0.270657 0.8736125 0.03396421 -0.4647775 0.8847759 -0.3110687 -0.5731313 0.7581272 0.2252974 -0.7646696 0.6037561 -0.4032141 -0.8379077 0.3678711 0.1059327 -0.9787231 0.1757256 -0.3182579 -0.9477314 -0.02273839 0.177382 -0.961675 -0.2090858 -0.2504671 -0.8826328 -0.3977758 6.68396e-4 -0.817797 -0.5755065 -0.2483853 -0.7166075 -0.6517504 -0.06636261 -0.6203438 -0.7815175 -0.1766564 -0.5354332 -0.8258957 -0.01604056 -0.3977552 -0.9173514 -0.1645292 -0.3178275 -0.9337643 0.991076 -0.0307821 -0.1296954 0.991474 -0.04198855 -0.1233548 0.9912821 -0.05354017 -0.1203881 0.9913398 -0.06523716 -0.1139714 0.9914556 -0.07096171 -0.1094545 0.9913011 -0.07788497 -0.1060941 0.9912656 -0.09416037 -0.0923385 0.991455 -0.09650504 -0.0877707 0.991094 -0.1111382 -0.07335525 0.9916398 -0.1176426 -0.05301779 0.9913372 -0.123071 -0.04587036 0.9911101 -0.1323153 -0.01391232 0.9917476 -0.1281687 -0.003075063 0.9911247 -0.1308173 0.02363842 0.9916865 -0.1137806 0.06010055 0.9908425 -0.1236327 0.05427855 0.9903392 -0.08362275 0.1106143 0.9921455 -0.08984661 0.08703356 0.9910841 -0.06318658 0.1173017 0.9918032 -0.037813 0.122052 0.9912457 -0.02759796 0.1291144 0.9912436 0.005948483 0.1319118 0.9917741 0.01754337 0.1267933 0.9911531 0.03831744 0.1270717 0.9912214 0.07022047 0.1120244 0.9915499 0.06461441 0.1124898 0.9910565 0.09414422 0.09457165 0.9916594 0.100386 0.08083629 0.9910633 0.1159705 0.06591302 0.9914417 0.1243248 0.03983259 0.9913848 0.1251091 0.03878176 0.9912423 0.1311377 0.01554453 0.9915398 0.1297749 0.002731561 0.9909735 0.1330996 -0.01600241 0.9916083 0.1225126 -0.04127669 0.9913166 0.1223798 -0.04811227 0.9912308 0.1068648 -0.07772791 0.9917275 0.09860366 -0.08218163 0.9911684 0.08440333 -0.1022802 0.991279 0.06057202 -0.1170348 0.9914535 0.06338405 -0.1140286 0.9910755 0.03423672 -0.1288304 0.9914005 0.02726745 -0.127991 0.9909988 0.001306712 -0.1338647 0.9914502 -0.0134741 -0.1297884 1 7.12095e-7 0 1 -2.03869e-6 0 1 4.85767e-6 0 1 -1.63183e-6 0 1 -2.43497e-6 0 1 2.43667e-6 0 1 2.43046e-6 0 1 -2.65508e-6 0 1 1.22812e-6 0 1 1.61628e-6 0 1 2.40409e-6 0 1 -1.6246e-6 0 1 -6.63736e-7 0 1 1.61115e-6 0 1 5.42149e-7 0 1 -1.21724e-6 0 1 2.435e-6 0 1 -1.99649e-6 0 1 1.63195e-6 0 1 1.62106e-6 0 1 8.14025e-7 0 1 -2.16939e-6 0 1 1.21719e-6 0 1 -3.24806e-6 0 1 -8.11989e-7 0 1 -2.0264e-6 0 1 3.95535e-6 0 1 -3.45504e-6 0 1 -2.86714e-6 0 1 1.00873e-6 0 1 6.10146e-7 0 1 8.10557e-7 0 1 -3.65402e-6 0 1 7.98375e-7 0 1 -4.06343e-6 0 1 2.41695e-6 0 1 -3.26023e-6 0 1 -1.21941e-6 0 1 1.21872e-6 0 1 -1.61782e-6 0 1 -1.9776e-6 0 1 1.62078e-6 0 1 -9.9013e-7 0 1 -3.31783e-7 0 1 2.43845e-6 0 1 -1.57447e-6 0 1 -4.28901e-6 0 1 1.61966e-6 0 1 -2.43371e-6 0 1 2.65446e-6 0 1 8.13251e-7 0 1 -3.64997e-6 0 1 8.10888e-7 0 1 -3.65307e-6 0 1 7.97596e-7 0 1 3.39253e-6 0 1 -2.43363e-6 0 1 -6.06823e-7 0 1 -4.08227e-6 0 0.001161396 0.03380423 -0.9994279 -0.004726886 -0.04605013 -0.998928 0.002638638 -0.1256615 -0.9920697 -0.00696516 -0.2535767 -0.9672902 0.003483772 -0.3080827 -0.9513533 -0.002167582 -0.449938 -0.8930572 0.002710878 -0.4833903 -0.8754007 -0.002716064 -0.6065206 -0.7950632 2.93523e-6 -0.6231393 -0.7821109 -0.002788364 -0.7339541 -0.6791934 -0.005921542 -0.7466577 -0.6651822 0.001397132 -0.8280127 -0.5607078 -0.007317543 -0.8772473 -0.4799832 0.004437565 -0.91733 -0.3981033 -0.002636015 -0.9512627 -0.3083707 0.004730284 -0.972845 -0.2314098 -0.003644406 -0.9927982 -0.119744 0.001396059 -0.9978631 -0.06532633 -0.005919754 -0.9977287 0.06710165 -0.002789139 -0.9962963 0.0859422 -4.65841e-4 -0.9775576 0.2106678 -0.008016347 -0.9569898 0.2900109 0.002014875 -0.9315949 0.3634929 -0.001195132 -0.8964164 0.4432114 0.002294659 -0.8789999 0.4768164 -6.96121e-4 -0.8374987 0.546439 7.00518e-4 -0.8162353 0.5777192 -0.002869606 -0.7566034 0.6538679 0.002014875 -0.7313206 0.6820309 -0.003481864 -0.6217299 0.7832241 0.003481805 -0.5916338 0.8061993 -0.003483712 -0.4293975 0.9031089 -0.00309211 -0.427488 0.9040157 -4.61442e-4 -0.2943407 0.9557005 -0.002294659 -0.2753022 0.9613551 0.001634597 -0.1717482 0.9851396 -0.003646135 -0.1009429 0.9948856 0.002940654 -0.02961534 0.9995571 -0.002943217 0.05030488 0.9987297 0.007316648 0.1610201 0.986924 -0.002171456 0.2331669 0.9724344 0.002911388 0.3647706 0.931093 -0.005920052 0.4138545 0.9103239 0.001394212 0.5304986 0.8476847 -0.005897521 0.5958451 0.8030778 -6.96077e-4 0.6329481 0.7741941 -7.00478e-4 0.7077085 0.7065043 -0.004729688 0.7452728 0.6667429 0.002637386 0.7961142 0.6051408 -0.002637982 0.8373291 0.5466927 0.004729449 0.8782818 0.47812 -0.00116384 0.9136462 0.4065088 0.00271213 0.9512593 0.3083806 -0.00443679 0.9668756 0.2552098 0.006965935 0.9946581 0.1029896 0.003095269 0.9966221 0.08206695 -3.12417e-4 0.9947156 -0.1026685 0.005574285 0.9897989 -0.1423635 -0.006965875 0.9513404 -0.3080633 0.003481805 0.9323416 -0.3615619 -0.001193463 0.8790015 -0.4768175 0.002296388 0.8603334 -0.5097268 -0.002869606 0.7808098 -0.6247622 0.002014875 0.7566205 -0.6538513 -0.003481805 0.6509091 -0.7591478 0.003479838 0.6217149 -0.7832359 -0.001194298 0.5174361 -0.855721 0.002294659 0.4846838 -0.8746864 -0.002294719 0.3724921 -0.9280326 0.002633452 0.3223569 -0.9466146 -0.002637267 0.2538836 -0.9672313 0.004729568 0.1758493 -0.9844058 -0.00116533 0.09673774 -0.9953093 0.004726886 -0.04605013 -0.998928 -0.001161396 0.03380423 -0.9994279 0.00116533 0.0967378 -0.9953093 -0.004729568 0.1758492 -0.9844058 0.002637267 0.2538836 -0.9672313 -0.002633452 0.3223569 -0.9466146 0.009483098 0.443791 -0.8960803 0.002690553 0.4846947 -0.8746793 -3.51125e-4 0.6217184 -0.7832409 0.004068195 0.6386901 -0.7694534 -0.002014875 0.7566202 -0.6538516 0.01239448 0.8247905 -0.5653027 0.002687215 0.8603207 -0.5097461 -3.53088e-4 0.932342 -0.3615778 0.004067897 0.9400243 -0.3410832 -0.003482282 0.9898059 -0.1423802 6.37749e-4 0.9927553 -0.1201519 -0.003095388 0.996622 0.08206695 -0.006965935 0.9946581 0.1029896 0.002637326 0.9728335 0.2314909 -0.004728257 0.951246 0.3083972 0.00116384 0.9236255 0.3832945 -0.00271207 0.8782974 0.4781073 0.004437625 0.8504397 0.5260539 -0.002637386 0.7961143 0.6051405 0.004729688 0.7452728 0.6667429 7.00478e-4 0.7077085 0.7065043 6.96077e-4 0.6329479 0.7741941 0.005897521 0.5958454 0.8030776 -0.001394212 0.5304983 0.8476849 0.004879832 0.4310325 0.9023233 -0.004437625 0.3647688 0.9310877 0.002637326 0.2738502 0.9617688 -0.008014798 0.1610168 0.9869191 0.002012252 0.08387094 0.9964747 -0.002165019 -0.0296154 0.9995591 0.002710103 -0.06743085 0.9977204 -0.00116533 -0.1717483 0.9851402 0.00162971 -0.2088908 0.9779376 -0.001634538 -0.2943317 0.955702 0.001160383 -0.3302868 0.94388 -0.002710878 -0.4274965 0.904013 0.002168893 -0.4613981 0.8871906 -0.003481805 -0.5916342 0.8061991 0.003481388 -0.6217298 0.7832241 -0.002014875 -0.7313206 0.6820309 0.006024777 -0.7723606 0.6351558 6.97587e-4 -0.8162352 0.5777194 6.96122e-4 -0.8789908 0.4768383 0.004436552 -0.8924698 0.4510853 -0.002636015 -0.9315863 0.3635107 0.002293229 -0.9496988 0.3131564 -0.001630187 -0.97755 0.2106974 0.004883289 -0.9923208 0.1235952 6.96374e-4 -0.9962978 0.08596581 0.006260156 -0.997846 -0.06530183 0.003947198 -0.9986 -0.05274885 -0.002713441 -0.9728428 -0.2314511 0.004437625 -0.9585219 -0.284985 -0.004437565 -0.91733 -0.3981033 0.007317543 -0.8772473 -0.4799832 -0.001397132 -0.8280129 -0.5607075 0.004877448 -0.7591349 -0.6509152 -2.93516e-6 -0.7339566 -0.6791964 0.002788424 -0.6231371 -0.7821077 0.005922019 -0.6082108 -0.7937536 -0.00232172 -0.4833906 -0.8754017 0.004562556 -0.4279124 -0.9038088 -0.007320582 -0.3080808 -0.951332 0.004437685 -0.2201637 -0.9754528 -0.002638638 -0.1256614 -0.9920697 -1 2.55517e-7 0 -1 -2.4239e-6 0 -1 1.37302e-6 0 -1 3.03051e-7 0 -1 8.14967e-7 0 -1 1.30193e-6 0 -1 -1.21352e-6 0 -1 6.21137e-7 0 -1 -1.51211e-6 0 -1 -6.52047e-7 0 -1 4.47267e-6 0 -1 -6.60265e-7 0 -1 8.42008e-7 0 -1 -3.09186e-6 0 -1 -4.65775e-6 0 -1 3.29864e-7 0 -1 -6.31719e-7 0 -1 1.05952e-6 0 -1 -9.18284e-7 0 -1 -4.406e-7 0 -1 -4.70992e-7 0 -1 4.39162e-6 0 -0.274475 -0.05806505 0.9598396 -0.3133491 0.02140545 0.9493968 -0.3015148 -0.1362216 0.9436803 -0.3683479 -0.190011 0.9100636 -0.3181602 -0.2318273 0.9192552 -0.2777392 -0.3112913 0.9088227 -0.3088459 -0.3996457 0.8630744 -0.3644023 -0.4356696 0.823045 -0.3275468 -0.4667028 0.821524 -0.2747676 -0.5589174 0.7823773 -0.3032966 -0.6311667 0.7138907 -0.4411926 -0.6670828 0.6002914 -0.457461 -0.654789 0.6016485 -0.3557704 -0.7499245 0.5577103 -0.3212829 -0.8142907 0.4834336 -0.4020521 -0.8392377 0.3661069 -0.4601991 -0.8271138 0.3226448 -0.3702936 -0.8853004 0.2812935 -0.303977 -0.9287245 0.212294 -0.277488 -0.95109 0.135751 -0.3166917 -0.9468888 0.05574887 -0.3791869 -0.9253003 0.006061673 -0.329602 -0.9431704 -0.04233324 -0.3104461 -0.9428361 -0.1211748 -0.3648224 -0.9062479 -0.2135873 -0.4601783 -0.8442967 -0.2745888 -0.4999489 -0.8168518 -0.2877572 -0.4229135 -0.8355619 -0.3506858 -0.3605437 -0.835947 -0.4137645 -0.3123868 -0.8135449 -0.4904682 -0.3271183 -0.7660828 -0.553273 -0.4186123 -0.6772508 -0.605058 -0.4505649 -0.6526656 -0.6091133 -0.3754003 -0.637651 -0.6726633 -0.3130469 -0.5785344 -0.753193 -0.3279579 -0.4948367 -0.8047237 -0.4443084 -0.3839433 -0.8094304 -0.4520208 -0.386105 -0.8041145 -0.3667216 -0.3318138 -0.8691461 -0.313839 -0.263979 -0.9120417 -0.3235105 -0.186859 -0.9275908 -0.3935303 -0.106265 -0.9131493 -0.4025233 -0.09938728 -0.9099984 -0.3138409 -0.03124082 -0.9489616 -0.2650686 0.06820124 -0.9618146 -0.3365575 0.1810162 -0.9241008 -0.3665577 0.1614893 -0.9162733 -0.2964524 0.2431412 -0.9235792 -0.2663204 0.3217751 -0.9085893 -0.3283738 0.4420024 -0.8347481 -0.4355452 0.3697511 -0.8207219 -0.3368891 0.4735431 -0.8137952 -0.3145939 0.543732 -0.7780658 -0.3647778 0.6094662 -0.7039093 -0.4573708 0.6357844 -0.6217638 -0.4834939 0.635505 -0.6019694 -0.3734857 0.7267876 -0.5764445 -0.3181713 0.7890207 -0.5255601 -0.3248589 0.8278661 -0.4572793 -0.3605453 0.8429179 -0.39937 -0.4422687 0.8395507 -0.3155203 -0.3093092 0.8622857 -0.4009879 -0.2510428 0.9311942 -0.2643008 -0.302372 0.9416876 -0.1476336 -0.3260384 0.9312629 -0.1626299 -0.265074 0.9619202 -0.06667423 -0.3236899 0.9446396 0.05367392 -0.3562772 0.9338255 0.03219735 -0.2819223 0.9502944 0.1321372 -0.2871121 0.9300153 0.2294301 -0.4362681 0.8325618 0.3413372 -0.4782211 0.8199853 0.3145293 -0.3714483 0.8277952 0.4204537 -0.3285583 0.7932934 0.5125769 -0.3557505 0.7402718 0.5704728 -0.4575093 0.6443546 0.6127745 -0.4411825 0.6567005 0.6116392 -0.3305134 0.6276879 0.7048184 -0.2750661 0.5616676 0.7803 -0.2959214 0.4918826 0.8188297 -0.3952882 0.3908798 0.8312402 -0.4218224 0.4008802 0.8132411 -0.3376387 0.3448173 0.8758431 -0.3107594 0.2737053 0.9102275 -0.3557507 0.1750701 0.918037 -0.4237007 0.1147626 0.8985028 -0.3901002 0.0969426 0.915655 -5.07293e-4 -0.06038445 0.9981751 0.001017987 0.001810848 0.9999979 0 0.02253997 0.999746 0 0.08464533 0.9964112 -0.001018404 0.1052823 0.9944419 5.09864e-4 0.1668942 0.9859747 -5.10688e-4 0.1873084 0.9823011 0.001019716 0.2480305 0.9687517 -0.001017987 0.2879623 0.9576413 5.09866e-4 0.3469588 0.9378803 -5.0941e-4 0.3663123 0.9304919 0.001017987 0.4234705 0.9059093 0 0.4421595 0.8969365 0 0.4970611 0.8677156 -0.001018404 0.5149511 0.857219 5.0986e-4 0.5672417 0.8235512 -5.08584e-4 0.5842137 0.8115997 0.001017928 0.6335161 0.7737288 -0.001018822 0.665064 0.7467858 5.08145e-4 0.7102014 0.7039985 -5.08572e-4 0.7246346 0.6891331 0.00102055 0.7661009 0.6427196 -0.001018822 0.7920765 0.6104212 5.08143e-4 0.8284894 0.5600045 -5.09866e-4 0.8399336 0.542689 0.001017153 0.8720499 0.4894163 -0.001017987 0.8915691 0.4528836 5.09007e-4 0.9180219 0.3965294 -0.001526534 0.9336692 0.3581335 0.001525878 0.9541202 0.2994201 -0.001526832 0.9708902 0.2395206 0.001526534 0.9839032 0.1786962 -5.09749e-4 0.9904708 0.1377226 0.00101763 0.9971183 0.07585585 -0.001018166 0.9994035 0.03452003 5.08839e-4 0.9996154 -0.02773058 -0.00152707 0.9976069 -0.06912398 0.001525878 0.9913762 -0.1310383 -5.08255e-4 0.9850975 -0.1719969 0.001018404 0.9724857 -0.2329605 -0.001017153 0.9620094 -0.2730146 5.09428e-4 0.9431629 -0.3323304 -5.08572e-4 0.9360776 -0.3517932 0.001017987 0.9123846 -0.4093327 0 0.9037107 -0.4281438 0 0.8753251 -0.4835351 0 0.8753597 -0.4834722 0 0.8435699 -0.5370195 -0.001017153 0.8322684 -0.5543723 5.09011e-4 0.7962073 -0.6050238 -5.09419e-4 0.7834739 -0.6214247 0.001018881 0.7433534 -0.6688981 -0.001018404 0.7149433 -0.6991818 5.08143e-4 0.6701065 -0.7422649 -5.09848e-4 0.6545736 -0.7559981 0.001019656 0.6063007 -0.7952349 -0.001019716 0.5728196 -0.8196809 5.08131e-4 0.5207398 -0.8537153 -5.09851e-4 0.5029339 -0.8643247 0.001017987 0.4482138 -0.8939259 -0.001018464 0.4107888 -0.91173 5.08133e-4 0.3532947 -0.935512 -5.07736e-4 0.3338352 -0.9426313 0.001017928 0.2745633 -0.9615685 0 0.2545819 -0.9670513 0 0.1939519 -0.981011 -0.00101757 0.1735777 -0.9848197 5.09855e-4 0.1120331 -0.9937044 -0.00152719 0.07073181 -0.9974943 0.001526474 0.008572757 -0.9999621 -5.09444e-4 -0.03290265 -0.9994585 0.001016199 -0.09497344 -0.9954793 0 -0.1155941 -0.9932966 0 -0.1771252 -0.9841884 -0.001017093 -0.197474 -0.9803077 5.08157e-4 -0.2580395 -0.9661343 -5.08995e-4 -0.2780299 -0.9605724 0.001017928 -0.3372116 -0.9414284 0 -0.3566648 -0.9342324 0 -0.4140574 -0.9102509 -0.001018404 -0.4328422 -0.9014692 5.08138e-4 -0.4880183 -0.8728334 -0.001526534 -0.5238211 -0.8518269 0.001525163 -0.5757411 -0.8176308 -5.08574e-4 -0.6091551 -0.793051 0.001017987 -0.657285 -0.7536414 -0.00101757 -0.6879698 -0.7257387 5.08996e-4 -0.7317513 -0.6815716 -5.08993e-4 -0.7457147 -0.6662653 0.001017987 -0.7857213 -0.6185798 -0.001017987 -0.8106772 -0.5854926 5.0899e-4 -0.8454913 -0.5339891 -5.09648e-4 -0.8564109 -0.5162948 0.001017153 -0.8868577 -0.4620417 0 -0.8962216 -0.4436068 0 -0.9220913 -0.3869727 0 -0.922062 -0.3870423 0 -0.9443525 -0.3289353 -0.001017749 -0.9509699 -0.3092822 5.0857e-4 -0.9683625 -0.2495475 -5.08785e-4 -0.9733191 -0.2294551 0.001017749 -0.9857068 -0.1684673 -0.001018822 -0.9918471 -0.1274303 5.08566e-4 -0.9978485 -0.06556183 -5.09255e-4 -0.9989929 -0.04486733 0.001017928 -0.9998485 0.01738327 -0.001017689 -0.9982725 0.05874705 5.09645e-4 -0.9926861 0.1207236 -5.08787e-4 -0.9899655 0.1413088 0.001018404 -0.9792668 0.2025724 0 -0.9748576 0.2228291 0 -0.9591077 0.2830415 -0.001017987 -0.9530625 0.3027719 5.09858e-4 -0.932367 0.361513 -0.001525878 -0.9165782 0.3998527 0.001526474 -0.889952 0.4560518 -0.001526534 -0.8598794 0.5104951 0.001526534 -0.8264714 0.5629768 -5.09441e-4 -0.8024414 0.5967308 0.001018822 -0.763764 0.6454949 -0.001019239 -0.7363531 0.6765967 5.06429e-4 -0.6928586 0.7210734 -0.001526534 -0.6623817 0.749165 0.001525223 -0.6145191 0.7889004 -5.09422e-4 -0.5812768 0.8137058 0.001016259 -0.5295823 0.848258 -0.001019656 -0.4939434 0.8694936 5.08146e-4 -0.4389203 0.8985259 -5.08138e-4 -0.4201924 0.907435 0.001019716 -0.362987 0.9317938 -0.001017093 -0.3240358 0.9460444 5.09857e-4 -0.2645851 0.9643622 -5.0773e-4 -0.244538 0.9696397 0.001017987 -0.1837916 0.9829647 -0.001018822 -0.1428717 0.9897407 5.06429e-4 -0.08107489 0.9967079 -0.002691745 0.6968648 0.7171975 -3.23053e-7 0.6960164 0.718026 -0.00338 0.6949423 0.7190576 3.23053e-7 0.6960164 0.718026 0.003291845 0.6949708 0.7190304 5.22607e-4 0.6961814 0.7178657 0.6423973 0.533406 0.5502763 0.3744599 0.645236 0.6659206 0.3244668 0.6583586 0.6791799 0.2582308 0.6722254 0.6938516 0.1750219 0.685119 0.7070922 0.1099448 0.6917964 0.7136737 0.04591065 0.6951162 0.7174299 0.5233491 0.593093 0.6118386 0.4593843 0.6182281 0.6377776 0.459413 0.6182177 0.6377669 0.3929952 0.6400117 0.6602573 0.5408368 0.5853166 0.6040695 0.5844364 0.5647743 0.5826355 0.6234534 0.5440734 0.5615071 0.9996112 0.019409 0.02001851 0.9810138 0.1349846 0.1392523 0.968682 0.1728225 0.178291 0.9686813 0.1728252 0.1782919 0.9533338 0.2101426 0.2167827 0.9533354 0.2101355 0.2167829 0.935028 0.2467867 0.2545956 0.9350263 0.2467941 0.2545951 0.9138112 0.2826792 0.2916189 0.9138125 0.282676 0.2916182 0.8897544 0.3176922 0.327733 0.8897588 0.3176798 0.3277329 0.8629347 0.3517078 0.3628298 0.8629297 0.3517162 0.3628335 0.8334271 0.3846346 0.3968066 0.8334305 0.3846383 0.3967961 0.8013269 0.4163744 0.4295434 0.8013312 0.4163715 0.4295384 0.7667399 0.4468148 0.460941 0.7667494 0.4468038 0.4609359 0.7297691 0.4758638 0.4909082 0.729781 0.4758512 0.4909027 0.6905441 0.5034219 0.5193412 0.833431 0.3846327 0.3968002 0.8629316 0.3517126 0.3628324 0.8629335 0.3517082 0.3628321 0.8897561 0.3176846 0.3277356 0.8897541 0.3176929 0.3277332 0.9138106 0.2826799 0.2916202 0.9138121 0.2826779 0.2916175 0.9350281 0.2467916 0.2545911 0.9350259 0.2467926 0.2545976 0.9533347 0.2101384 0.2167828 0.953336 0.2101344 0.2167816 0.9686793 0.1728337 0.1782949 0.9686816 0.1728261 0.1782897 0.981015 0.1349779 0.1392499 0.9810149 0.1349789 0.1392505 0.9902984 0.09671753 0.09977453 0.9902989 0.09671229 0.09977334 0.9965036 0.05815565 0.05998843 0.9965043 0.05814468 0.05998748 0.9996114 0.01940196 0.02001851 0.8334281 0.3846392 0.3968003 0.8013296 0.4163731 0.4295399 0.8013362 0.4163675 0.4295328 0.766742 0.4468131 0.4609392 0.6905362 0.5034282 0.5193458 0.7667433 0.4468085 0.4609414 0.7297808 0.4758545 0.4908998 0.7297735 0.4758594 0.490906 0.690535 0.5034275 0.5193479 0.9810145 0.1349833 0.1392489 0.9902982 0.09671944 0.09977495 0.9902994 0.09670883 0.09977239 0.9965039 0.05815058 0.05998849 0.9996112 0.01940733 0.02001881 0.996504 0.0581485 0.05998837 0.9996113 0.01940226 0.02001869 -1 -8.0551e-7 0 -1 9.73242e-7 0 -1 -9.73244e-7 0 -0.7025569 -0.4954334 -0.5108421 -0.8577694 -0.3575544 -0.3693055 -0.8831459 -0.3264991 -0.3368263 -0.8993327 -0.3041086 -0.3141956 -0.7590216 -0.4533147 -0.4673245 -0.7275183 -0.4775274 -0.4926305 -0.7515486 -0.459147 -0.4736652 -0.7967084 -0.4206485 -0.4339478 -0.7967097 -0.4206454 -0.4339486 -0.8279255 -0.390352 -0.4026972 -0.9069944 -0.2931238 -0.3023902 -0.8279226 -0.3903564 -0.4026988 -0.8567642 -0.3589405 -0.3702928 -0.8658334 -0.3484042 -0.3590921 -0.8831485 -0.3264978 -0.3368204 -0.8993321 -0.3044668 -0.3138502 -0.865836 -0.3482363 -0.3592488 -0.8279155 -0.3903668 -0.4027031 -0.8279232 -0.3903514 -0.4027021 -0.7967123 -0.4206441 -0.4339448 -0.6897448 -0.503953 -0.5198881 -0.7967053 -0.4206489 -0.433953 -0.7632125 -0.4497295 -0.4639507 -0.7515436 -0.4589177 -0.4738955 -0.7275283 -0.4775194 -0.4926234 -0.702553 -0.4950984 -0.5111721 -0.5689858 -0.5722995 -0.5905324 -0.6392856 -0.5352889 -0.5520687 -0.1301076 -0.6900993 -0.7119234 -0.0434851 -0.695357 -0.7173478 -0.1301482 -0.6900956 -0.7119197 -0.2191464 -0.6790966 -0.7005732 -0.2157465 -0.6796081 -0.7011322 -0.3097839 -0.6617993 -0.6826827 -0.3111598 -0.6615003 -0.6823467 -0.4021794 -0.6372848 -0.6573583 -0.4058628 -0.6361756 -0.6561677 -0.4831367 -0.6093569 -0.6286996 -0.494167 -0.6051259 -0.6241968 -0.5648185 -0.5743378 -0.5925506 -0.5618966 -0.5757496 -0.5939568 -0.6353204 -0.5374983 -0.554494 -0.623082 -0.544332 -0.5616685 -0.6392826 -0.5352189 -0.5521399 -0.5685119 -0.5727029 -0.5905978 -0.3996472 -0.6379305 -0.6582757 -0.4941483 -0.6051589 -0.6241797 -0.3133955 -0.6609219 -0.6818839 -0.4058977 -0.6360721 -0.6562466 -0.482695 -0.6094999 -0.6289002 -0.5635109 -0.5750274 -0.5931264 0.02155524 0.6961283 0.7175938 0.08051717 0.6952149 0.7142781 0.1562155 0.6920804 0.7047138 0.2649718 0.6728352 0.6907117 0.2087904 0.6827409 0.7001939 0.3157272 0.6627914 0.6789875 0.2633691 0.6730485 0.6911169 0.4513413 0.7412917 0.4967675 0.481605 0.7565043 0.4424455 0.6521264 0.5303639 0.5417059 0.5991616 0.5619546 0.570274 -0.1791775 0.6969634 0.6943613 0.3007373 0.8971211 0.3236214 0.3308905 0.8817719 0.3361396 0.269658 0.9600126 0.07523626 0.1651876 0.9862288 0.008115649 0.003960251 0.9783499 0.20692 0.004004657 0.9723854 0.2333467 0.006660103 0.9534782 0.3013883 0.005916595 0.9480694 0.3180088 0.004895627 0.9221854 0.3867171 0.005968153 0.891324 0.4533278 0.009127736 0.8556412 0.5174891 0.01067113 0.8442617 0.5358249 0.01142776 0.8711016 0.49097 0.01434653 0.7706512 0.6370958 0.01214933 0.7968108 0.6041069 0.001009106 0.7090802 0.7051271 0.482931 0.7466168 0.457538 0.3476894 0.8348689 0.4267389 0.1524394 0.7625544 0.6287075 0.2938011 0.9138186 0.2803866 0.1718499 0.9849233 0.01984536 0.7997867 0.529513 -0.2827673 0.9879688 0.1376562 0.07048904 0.9960258 0.08009427 -0.03895723 0.9881652 0.1526859 0.01472204 0.9865558 0.1587736 -0.03871244 0.9852002 0.1689847 0.02872133 0.9770473 0.198944 0.07615751 0.9631402 0.2485203 0.1029495 0.945249 0.3079523 0.1080262 0.9436869 0.3099074 0.1158124 0.9268888 0.3391767 0.1607367 0.9045176 0.3819468 0.1896429 0.8932445 0.4051226 0.1949105 0.8809128 0.415526 0.2265635 0.8479869 0.4517416 0.2772148 0.8514143 0.4639289 0.2446709 0.8300409 0.4477385 0.3325096 0.7996898 0.4614428 0.3841443 0.7639192 0.5067546 0.3995338 0.7192792 0.5838046 0.3765762 0.7203863 0.5845476 0.3732928 0.6854768 0.5864875 0.4314557 0.4292944 0.9024601 -0.03566586 0.4936435 0.86965 0.005003571 0.669289 0.7362174 -0.1001806 0.676621 0.7171058 -0.1671624 0.8205398 0.5415962 -0.1827243 0.7701086 0.6331182 0.07806479 0.8599746 0.5099053 0.02098774 0.7635326 0.6385431 0.09633797 0.5965993 0.7868542 0.1578919 0.5803324 0.7304881 0.3600022 0.7448977 0.5675634 -0.3507127 0.3976091 0.9135769 -0.08534961 0.6428992 0.6609875 -0.3870093 0.6171845 0.7330321 -0.2859146 0.4388104 0.8544554 -0.2781211 0.2933726 0.9478812 -0.1243137 0.6196736 0.6966729 -0.3614577 0.5898983 0.6221054 -0.5147864 0.3294774 0.8568718 -0.3965041 0.1639908 0.9854438 -0.04480731 0.01023954 0.9887389 -0.1493002 0.2090408 0.946615 -0.2454017 0.05856907 -0.4608262 0.8855558 0.4023396 0.7460613 -0.5305802 0.243677 0.8865338 -0.3932932 0.1153026 0.9649445 -0.23577 0.09401559 0.978707 -0.1824659 0.4103676 0.761896 -0.5011119 0.3244748 0.8851376 -0.3335382 0.1146771 0.96491 -0.2362154 0.07363623 0.9539579 -0.2907612 0.4154065 0.7532371 -0.509972 0.1006601 0.9163683 -0.387475 0.07043933 0.936488 -0.3435529 0.2010707 0.8278549 -0.5236667 0.09451609 0.9140545 -0.3944249 0.09602212 0.8495465 -0.5187009 0.0773074 0.8919779 -0.4454202 0.1424572 0.8595084 -0.490868 0.1737516 0.8020342 -0.5714468 0.2524183 0.7658398 -0.5914174 0.09148293 0.835855 -0.5412739 0.07314354 0.7945482 -0.6027796 0.1034325 0.7682366 -0.6317549 0.07703274 0.7473546 -0.6599448 0.8988617 0.4375575 -0.02431499 0.5230979 0.846902 0.09552836 0.8896023 0.4509053 -0.0727477 0.7195184 0.580286 0.3815251 0.7858632 0.5627999 0.2562724 0.9156017 0.3991696 -0.04834443 0.9638159 0.2566995 -0.07186394 0.998733 0.03613585 -0.03502583 0.9987332 0.03613138 -0.03502583 0.9878148 0.111752 -0.1083217 0.9886151 0.1086476 -0.1040959 0.9647243 0.202423 -0.1683212 0.9516589 0.2255213 -0.208532 0.9119526 0.3122149 -0.2662038 0.889987 0.3373445 -0.3067929 0.8607002 0.3826476 -0.3358216 0.7809165 0.4422651 -0.4411023 0.7390558 0.4902708 -0.461986 0.6401947 0.5463429 -0.5400559 0.5938756 0.5941128 -0.5425328 0.4377536 0.6397104 -0.6317773 0.3959122 0.6703727 -0.6275779 0.2359204 0.6972562 -0.6768865 0.2216481 0.69333 -0.6856863 0.07711118 0.7187762 -0.690952 0.06467163 0.7165229 -0.6945593 -6.47774e-4 -0.6959788 -0.7180621 1.55055e-4 -0.696016 -0.7180263 -0.9966349 -0.05885452 0.05705279 -0.07415902 -0.7160488 0.6940998 -3.60722e-6 0.6960163 0.718026 -0.04777777 -0.7172057 0.6952219 -0.9968924 -0.05656266 0.05483031 -0.1299856 -0.9912765 -0.02178865 -0.02620208 -0.9521101 0.3046308 -0.009444415 -0.9989033 0.04586136 -0.2884328 -0.9364354 0.1997386 -0.1452135 -0.9774958 0.1530196 -0.114764 -0.9542743 0.2760251 -0.1228867 -0.9372089 0.3264021 -0.8928593 -0.3881492 -0.2283474 -0.8186964 -0.5682699 -0.0824961 -0.6498157 -0.7512328 0.1157098 -0.3174166 -0.9289125 0.1907049 -0.8600839 -0.4285367 -0.2767891 -0.8177857 -0.4975967 -0.2891786 -0.7916753 -0.5415925 -0.2827151 -0.6188787 -0.7826499 0.06669688 -0.4597345 -0.8874888 0.03174746 -0.7853297 -0.5355601 -0.3105362 -0.7616641 -0.6131314 -0.2096135 -0.1883147 -0.9717133 0.1425167 -0.7471097 -0.5344135 -0.3952588 -0.6834631 -0.6958917 -0.2204836 -0.6554867 -0.7349092 -0.1739133 -0.6979542 -0.5740913 -0.428111 -0.4042552 -0.9066566 -0.1206299 -0.3972235 -0.9126687 -0.096174 -0.2713273 -0.9537813 -0.1291628 -0.1259714 -0.9903506 -0.05776685 -0.02294695 -0.6547883 -0.7554638 -0.00898981 -0.9477808 -0.3187961 -0.006838619 -0.9271776 -0.3745599 -0.004931926 -0.8595242 -0.5110714 -0.005675613 -0.8123413 -0.5831547 -0.004981637 -0.8058077 -0.5921566 -0.004048645 -0.790324 -0.6126758 -0.002348184 -0.7423702 -0.6699858 -0.2389843 -0.9707056 -0.02484458 -0.5622885 -0.7449256 -0.3590511 -0.626595 -0.666912 -0.4032458 -0.5657727 -0.7020184 -0.4325177 -0.3865019 -0.6556757 -0.6486184 -0.4937348 -0.6344226 -0.5947554 -0.4056819 -0.6574391 -0.6349772 -0.3110526 -0.680393 -0.6635597 -0.2156561 -0.701924 -0.678819 -0.197597 -0.7060741 -0.6800109 -0.130094 -0.7045139 -0.6976646 0.01923954 -0.6963259 -0.7174679 -0.3453456 -0.8507595 -0.3961626 -0.3396952 -0.8766567 -0.3407056 -0.2149448 -0.802654 -0.5563681 -5.32916e-4 0.728576 0.6849649 0 0.7707307 0.6371611 -5.70566e-4 0.8123874 0.5831179 0 0.994666 0.1031488 6.78006e-4 0.9891567 0.1468622 -6.64362e-4 0.9997969 0.02014517 0 0.99925 0.03872299 6.64362e-4 0.9997969 0.02014517 0 0.9998551 -0.01702845 7.97167e-4 0.9981002 -0.06160622 0 0.991748 -0.128203 0 0.9830614 -0.1832767 0 0.983061 -0.1832787 0 0.971318 -0.2377845 0 0.9565555 -0.2915503 0 0.9565558 -0.2915494 0 0.9388194 -0.3444099 0 0.9388194 -0.34441 0 0.9181649 -0.3961985 0 0.9181643 -0.3962002 0 0.8946557 -0.4467566 0 0.8946564 -0.4467549 0 0.8683655 -0.4959247 0 0.8683655 -0.4959248 0 0.8393749 -0.5435531 0 0.8393758 -0.5435516 0 0.8077763 -0.5894894 4.42997e-4 0.7966811 -0.6043999 0 0.7736663 -0.6335934 4.42829e-4 0.7495815 -0.661912 0 0.7371515 -0.6757276 0 0.9917478 -0.128204 0 0.9973518 -0.07272905 -6.64369e-4 0.9985309 -0.05418252 0 0.9998551 -0.01702845 0 0.7180259 -0.6960165 0 0.7180257 -0.6960167 0 -0.7180273 0.696015 0 -0.7180252 0.6960172 0 0.6960158 0.7180266 0 -0.7180263 0.696016 0 -0.7180261 0.6960163 0 -0.999207 -0.03981995 -3.6912e-4 -0.9997584 -0.02197629 0 -0.9999058 0.01373338 -4.10785e-4 -0.9985702 0.05345577 -7.27709e-4 -0.9913557 0.1311997 0 -0.9848248 0.1735513 -6.06499e-4 -0.9780003 0.2086032 0 -0.9741205 0.2260294 0 -0.9606218 0.2778593 0 -0.9606213 0.2778612 0 -0.9443666 0.3288949 0 -0.944366 0.3288962 4.71704e-4 -0.9500873 0.3119841 0 -0.9606222 0.2778581 4.71654e-4 -0.9699298 0.2433848 0 -0.9741204 0.2260295 0 -0.9848247 0.1735524 0 -0.984825 0.1735509 0 -0.9927042 0.1205752 0 -0.9927043 0.1205747 0 -0.9977362 0.06725066 0 -0.9939433 -0.1098946 -7.84124e-4 -0.9597898 -0.2807188 9.5961e-5 -0.9776841 -0.2100803 -3.25246e-4 -0.9909548 -0.134196 -0.002826333 0.6835 0.7299451 -0.005716204 -0.6702019 -0.7421569 -0.008865296 0.8556434 0.51749 -0.005155801 0.8263176 0.5631809 -0.005060315 0.8913289 0.4533291 -0.00633049 0.9221777 0.3867146 -0.006140351 0.9201049 0.3916239 -0.003765046 0.9480796 0.3180109 -0.002760112 0.9723888 0.2333502 -0.002269744 0.9623596 0.27177 -0.006282389 0.9763415 0.2161428 -0.1785925 0.9799664 0.08815109 -0.1878553 0.9780028 0.09066963 -0.3094248 0.8244216 0.4739045 -0.4805973 0.860279 0.1701365 -0.3805711 0.7762503 0.5025945 -0.6163455 0.7121031 0.3361956 -0.6161295 0.6475539 0.4483954 -0.5202859 0.6670864 0.5331964 -0.4102541 0.7377732 0.5360806 0.5552554 -0.5764068 -0.5995388 -0.3909494 0.6442388 0.6573545 -0.2470674 0.6761462 0.6941066 -0.18573 0.6854018 0.7040801 -0.1010714 0.6944185 0.7124378 -0.08353936 0.6957951 0.7133655 -0.011895 0.6968886 0.7170808 -0.1492871 0.8015953 0.5789288 -0.1852426 0.9303567 0.3164203 -0.3108174 0.862622 0.3990941 -0.6728966 0.6518056 0.3497995 -0.6697187 0.6571442 0.3458879 -0.6723819 0.636061 0.3785883 -0.6880465 0.6970528 -0.2017658 -0.5386827 0.7017325 -0.4662538 -0.1950173 0.7762468 -0.5995076 -0.02014887 0.8975446 -0.4404632 -0.01266378 0.8131118 -0.5819698 -0.02225071 0.7734726 -0.6334393 -0.01746088 0.8076534 -0.5893991 -0.01604753 0.839267 -0.5434828 -0.01894521 0.8812129 -0.4723399 -0.0238474 0.8681185 -0.4957841 -0.01713716 0.8945242 -0.4466909 -0.01385575 0.9180767 -0.3961606 -0.01401513 0.9387272 -0.344376 -0.01900047 0.96248 -0.2706868 -0.02175682 0.9563291 -0.2914812 -0.01805049 0.9711595 -0.2377464 -0.01768559 0.9829077 -0.1832481 -0.02053946 0.9912335 -0.1305164 -0.02168208 -0.9836795 -0.1786185 -0.1118426 0.9922664 -0.05384176 -0.1220563 0.9923219 0.01999467 -0.6360902 0.7682963 0.07148706 -0.5996307 0.7694191 -0.2200849 -0.5233992 0.7721875 -0.3602499 -0.4075492 0.7283065 -0.5508843 -0.5233058 0.8435007 -0.1210683 -0.3836779 0.9137921 -0.1333245 -0.306528 0.9055554 -0.2932745 -0.350857 0.9320792 -0.090155 -0.341053 0.940039 0.003118991 -0.7240986 0.6877855 0.05130827 -0.5989817 0.6368891 -0.4853793 -0.7728014 0.6339994 -0.02868115 -0.7612969 0.5711928 -0.3068645 -0.8226611 0.5674529 -0.03501743 -0.7648851 0.5665878 -0.3064788 -0.7965837 0.5482412 0.2547277 -0.7222563 0.5737524 0.3862047 -0.7626075 0.5188962 0.3862338 -0.8532919 0.4754553 -0.2140917 -0.8641927 0.4913449 -0.1084032 -0.8342874 0.4858127 0.2606739 -0.7965677 0.492094 0.3511742 -0.8847691 0.4471346 0.1313557 -0.8294506 0.5048545 0.2390264 -0.8229112 0.493487 0.2815811 -0.8681019 0.4409952 -0.2278647 -0.8543962 0.4489684 0.2616 -0.9502643 0.2696688 -0.1558089 -0.8865665 0.3772765 0.2676984 -0.946456 0.3227112 -0.008862018 -0.9422075 0.3213784 0.09466242 -0.911557 0.3323815 0.2420464 -0.9630816 0.2617061 -0.06311726 -0.9407086 0.3273624 0.08888894 -0.9305543 0.3157711 0.1853575 -0.937188 0.3381705 0.08555215 -0.961245 0.2602898 0.09086972 -0.9762945 0.2046824 0.07038629 -0.9845664 0.1733008 0.02440983 -0.9858531 0.1641181 -0.03404229 -0.9849769 0.1663756 -0.04625791 -0.9913489 0.1113707 -0.06945592 -0.5825389 0.7949247 0.1695381 -0.301836 0.8027172 -0.5143347 -0.3175248 0.869753 -0.3777668 -0.2845863 0.8534406 -0.4366348 -0.07063764 0.7162337 -0.6942763 -0.0646733 0.7179313 -0.6931033 -0.2115765 0.7008419 -0.6812167 -0.249516 0.6797198 -0.6897265 -0.4132052 0.667377 -0.6195721 -0.4742238 0.6277115 -0.6173248 -0.6046867 0.5940418 -0.5305359 -0.6517379 0.5488721 -0.5234282 -0.7689876 0.4666582 -0.4369075 -0.7777769 0.4547485 -0.4338974 -0.8623175 0.3711658 -0.344448 -0.8972126 0.2998636 -0.3241779 -0.9532386 0.2282009 -0.1981433 -0.9734022 0.1565101 -0.1673103 -0.9914187 0.1075665 -0.07428693 -0.9979065 0.04643672 -0.04501354 0 -0.6960157 -0.7180267 0 -0.6957847 -0.7182505 0.06539356 -0.7164888 0.6945269 0.9924229 -0.08822351 0.08551853 0 0.6905673 0.7232682 -1.67871e-4 0.6747813 0.7380177 0.001116394 0.6803569 0.7328802 0.9988577 -0.03430938 0.03326076 0.05687457 -0.716863 0.6948904 0.6973624 -0.5788003 -0.4227009 0.7427981 -0.5630532 -0.3622459 0.7538231 -0.5664877 -0.3329303 0.7854012 -0.5352088 -0.3109607 0.7885467 -0.5326266 -0.3074137 0.8211255 -0.4789676 -0.3103919 0.8613827 -0.4191634 -0.2869181 0.8920935 -0.392827 -0.2232854 0.6081389 -0.7655443 0.2100218 0.1190913 -0.9433262 0.3097628 0.7453624 -0.6625718 -0.07371401 0.8257902 -0.556123 -0.09379744 0.1430999 -0.9599477 0.2408795 0.1629135 -0.9618855 0.2196258 0.1332209 -0.9760465 0.1720043 0.3332342 -0.9200676 0.2059868 0.1232591 -0.9851344 0.1196557 0.1177091 -0.9826606 0.1432578 0.004245996 -0.9999048 -0.01313751 0.3433122 -0.9362511 0.07463759 0.513777 -0.8553326 -0.06662839 0.5415989 -0.8380343 -0.06610047 0.6835545 -0.7088004 -0.1742274 0.6025463 -0.7773908 -0.180559 0.003979921 -0.9998978 0.01373112 0.2485731 -0.9684637 0.01701045 0.0033679 -0.9997076 0.0239467 0.1864618 -0.9800933 -0.06818568 0.199017 -0.9779292 -0.06361418 0.3408665 -0.9073774 -0.2459194 0.6116469 -0.6450797 -0.4579961 0.5401175 -0.7098382 -0.4521094 0.3701936 -0.6822022 -0.6305212 0.5309726 -0.6328513 -0.5635312 0.2414229 -0.7850476 -0.5704518 0.09693038 -0.7039906 -0.7035637 0.04506111 -0.6998897 -0.7128281 0.2400491 0.6674234 0.7049272 0.5373384 -0.7328078 -0.4174449 0.01197189 -0.9372947 -0.3483324 0.01471525 -0.9562127 -0.2923025 0.01457202 -0.9643029 -0.2644006 0.004101812 -0.9204548 -0.3908275 0.003989994 -0.9187226 -0.3948834 0.003809332 -0.8971723 -0.4416644 0.006752014 -0.8127617 -0.5825573 0.02397477 -0.9378168 -0.3463018 0.005529105 -0.7681533 -0.6402423 0.002909421 -0.7043957 -0.7098016 0.2795952 -0.8632034 -0.4203649 0.3565216 -0.8671573 -0.3477506 0.2438049 -0.8160077 -0.5241094 -0.5233182 0.593104 0.6118544 -0.5844584 0.5647593 0.582628 -0.5844456 0.5647721 0.5826284 -0.6423936 0.5334123 0.5502744 -0.3244688 0.6583606 0.6791771 -0.3929817 0.6400187 0.6602588 -0.6424008 0.5334013 0.5502768 -0.4153859 0.6332601 0.6530209 -0.4594062 0.6182221 0.6377676 -0.5112245 0.59834 0.6169593 -0.5233345 0.5934566 0.6114985 -0.5844443 0.564773 0.5826288 -0.6234622 0.5443762 0.5612036 -0.6905362 0.5034282 0.5193458 -0.7297784 0.4758537 0.4909042 -0.7667487 0.4468094 0.4609318 -0.7667453 0.4468066 0.4609398 -0.8013294 0.4163746 0.4295385 -0.8013377 0.4163646 0.4295328 -0.8334214 0.3846464 0.3968076 -0.8334279 0.3846402 0.3967995 -0.8629347 0.3517078 0.3628298 -0.8629325 0.3517081 0.3628346 -0.8897531 0.317691 0.3277378 -0.8897567 0.3176872 0.3277317 -0.9138131 0.2826763 0.2916159 -0.9138128 0.2826763 0.2916167 -0.9350257 0.2467954 0.2545959 -0.9350277 0.2467892 0.2545946 -0.9533358 0.2101349 0.2167816 -0.9533333 0.210142 0.216786 -0.9686801 0.1728298 0.178294 -0.9686818 0.1728242 0.1782903 -0.981015 0.1349787 0.1392494 -0.9810146 0.1349815 0.1392499 -0.9902986 0.0967164 0.09977287 -0.9902986 0.09671658 0.09977364 -0.9965035 0.05815386 0.05999219 -0.9965037 0.05815178 0.05999028 -0.9996116 0.01939719 0.02001559 -0.9686806 0.172827 0.178294 -0.9533336 0.2101424 0.2167838 -0.9533361 0.2101334 0.2167817 -0.9350267 0.2467918 0.2545958 -0.9350283 0.2467886 0.2545932 -0.9138123 0.2826765 0.2916184 -0.9138127 0.2826797 0.2916138 -0.8897542 0.3176888 0.3277367 -0.8897542 0.3176888 0.3277367 -0.8629325 0.3517105 0.3628322 -0.8629317 0.3517126 0.3628324 -0.8334246 0.3846436 0.3968033 -0.8334342 0.3846293 0.3967968 -0.8013274 0.4163768 0.4295402 -0.8013355 0.4163654 0.4295363 -0.7667475 0.4468032 0.4609394 -0.7667391 0.4468144 0.4609426 -0.7297763 0.475859 0.490902 -0.7297756 0.4758564 0.4909057 -0.6905379 0.5034243 0.5193473 -0.9686821 0.172823 0.17829 -0.9810136 0.1349871 0.1392509 -0.981015 0.13498 0.1392484 -0.9902983 0.09671866 0.09977412 -0.9996114 0.01940226 0.02001559 -0.9902989 0.09671306 0.09977382 -0.9965033 0.05815845 0.05999082 -0.9965037 0.05815052 0.05999171 -0.9996114 0.01940441 0.02001529 -0.7297701 0.4758614 0.490909 -0.6905403 0.5034246 0.5193436 -1 0 0 1 -4.39367e-7 0 0 0.6960146 0.7180277 1 6.08277e-7 0 0.689727 -0.5039653 -0.5198998 0.8566718 -0.3592392 -0.3702173 0.8831504 -0.3264911 -0.336822 0.8993333 -0.3044746 -0.3138388 0.7632118 -0.4497281 -0.4639531 0.7396458 -0.4682085 -0.4834303 0.7275209 -0.4775248 -0.4926291 0.7974998 -0.4196686 -0.4334422 0.7857951 -0.4304779 -0.4440888 0.8279267 -0.3903491 -0.4026972 0.9069965 -0.2931184 -0.3023889 0.8279137 -0.3903663 -0.4027072 0.8567652 -0.35894 -0.3702911 0.865836 -0.3480181 -0.3594601 0.883148 -0.3264952 -0.3368242 0.8993318 -0.3041365 -0.3141712 0.8658373 -0.3482336 -0.3592481 0.8279227 -0.3903591 -0.4026958 0.8279181 -0.3903589 -0.4027054 0.7967111 -0.4206442 -0.4339472 0.6897497 -0.5039444 -0.5198899 0.7967112 -0.4206452 -0.4339459 0.7632086 -0.4497316 -0.4639549 0.7515494 -0.4592776 -0.4735374 0.727521 -0.4775233 -0.4926306 0.7025569 -0.4954356 -0.51084 0.6392879 -0.5352175 -0.5521352 0.6327968 -0.5389641 -0.5559551 0.479507 -0.6106019 -0.6302686 0.3924712 -0.6401281 -0.6604562 0.2950615 -0.6649014 -0.6861814 0.2262799 -0.6780648 -0.6993036 0.1679757 -0.6857981 -0.7081421 0.05921131 -0.6947367 -0.7168228 0.618121 -0.5472927 -0.564267 0.5616908 -0.5758411 -0.5940628 0.5021755 -0.6023225 -0.6205058 0.4763589 -0.612045 -0.6312552 0.4010692 -0.6375802 -0.65775 0.355976 -0.6508878 -0.6705417 0.3229641 -0.6588438 -0.6794257 0.3157787 -0.660399 -0.6812908 0.2274797 -0.6777721 -0.6991981 0.228425 -0.6781048 -0.6985671 0.2224045 -0.6786125 -0.7000152 0.130557 -0.6900326 -0.7119059 0.04347825 -0.6953589 -0.7173462 0.5694599 -0.5721093 -0.5902597 0.5623543 -0.5755597 -0.5937077 0.4869229 -0.6078983 -0.6271889 0.3935967 -0.6397683 -0.660135 0.3124721 -0.6612004 -0.6820376 0.136754 -0.6894927 -0.7112653 -0.06389331 0.6935856 0.7175351 -0.1156295 0.6900697 0.7144464 -0.1784559 0.6828941 0.708385 -0.2685954 0.6669613 0.6949959 -0.1631879 0.6855641 0.7094869 -0.2183494 0.678139 0.7017486 -0.4732204 0.6088798 0.6366538 -0.4215967 0.6279906 0.6541286 -0.4338939 0.6241361 0.6497617 -0.2459924 0.6709423 0.6995172 -0.5809299 0.4826069 0.6554472 -0.6342537 0.4126738 0.6537757 -0.6209868 0.4385644 0.6496435 -0.3785791 0.2053927 0.9024921 -0.2347102 0.164218 0.9580938 -0.01588743 0.1946235 -0.9807494 -0.009627819 0.1206182 0.9926524 -0.008623003 0.2029551 0.9791501 -0.008803427 0.2107571 0.9774989 -0.01310676 0.2724676 0.9620757 -0.008702337 0.3578135 0.9337525 -0.007182657 0.4835692 0.8752768 -0.00734663 0.490605 0.8713512 -0.01177066 0.5677316 0.8231297 -0.08706408 -0.3250645 0.9416756 -0.01095664 0.6128174 0.7901486 -0.003076851 0.7097452 0.7044518 -0.4060693 0.3697355 0.8357054 -0.4530399 0.3824369 0.805293 -0.1820474 0.5533948 0.812781 -0.1215947 0.5376756 0.8343379 -0.5555745 0.3322246 0.7622098 -0.4439173 0.365534 0.8181213 -0.01079177 -0.1434182 0.9896034 -0.347028 -0.1155032 0.9307152 -0.9975939 -0.02623522 0.06417137 -0.99251 -0.00630182 0.122001 -0.987719 -0.009816586 0.1559326 -0.9856198 0.02654725 0.1668799 -0.9767695 0.06766027 0.2033312 -0.9621962 0.08871757 0.2575026 -0.9468042 0.08930194 0.3091716 -0.9441251 0.1085479 0.3111999 -0.928283 0.1589025 0.3362153 -0.9062625 0.1881887 0.3785147 -0.8777655 0.195947 0.4371871 -0.8409816 0.1818645 0.5095837 -0.8761371 0.211875 0.4330045 -0.8277539 0.2983571 0.4751911 -0.7954272 0.3262973 0.510711 -0.748414 0.3375447 0.5709115 -0.7556182 0.3184851 0.5723709 -0.7231437 0.3749471 0.5800672 -0.6853888 0.4121789 0.6002922 -0.6834138 -0.214305 0.6978675 -0.2699095 0.03228998 0.9623441 -0.4336111 -0.1102119 0.8943349 -0.8809803 -0.1719626 0.4407978 -0.7236053 -0.1048578 0.6822026 -0.8844813 -0.1548451 0.440132 -0.8165959 0.09826183 0.5687847 -0.6651245 0.2015069 0.7190302 -0.4971891 -0.2690207 0.8248825 -0.2748886 -0.03843986 0.9607074 -0.778392 -0.3487113 0.5220214 -0.6881943 -0.2923632 0.6640124 -0.5879436 -0.3797384 0.7142277 -0.7869101 -0.3003487 0.5390393 -0.4800984 -0.319686 0.8168883 -0.2724116 -0.2097775 0.9390344 -0.6697975 -0.4725954 0.5727345 -0.01532655 -0.1232035 0.9922631 -0.00908941 -0.04813975 0.9987993 -0.5677264 -0.4737291 0.6732515 -0.264768 -0.3352041 0.9041771 -0.05732125 0.8590986 -0.5085902 -0.3089657 -0.4345139 0.8460129 -0.3986703 -0.4630895 0.7915871 -0.1285805 -0.2102292 0.9691599 -0.1139656 -0.1579721 0.9808449 -0.330682 -0.5245824 0.7845144 -0.1270121 -0.2120601 0.9689678 -0.4871397 -0.5488007 0.6793474 -0.09668135 -0.2844132 0.9538145 -0.01829886 -0.3757316 0.9265479 -0.06043654 -0.2333116 -0.9705221 -0.2442969 -0.6257803 0.7407551 -0.03255879 0.03450042 0.9988743 -0.1392435 -0.5076053 0.8502635 -0.1160042 -0.4711897 0.8743702 -0.1327874 -0.5180763 0.8449642 -0.1234675 -0.5650624 0.8157575 -0.13602 -0.6199428 0.7727675 -0.1391819 -0.6227757 0.7699213 -0.08637946 -0.6823675 0.725888 -0.5566392 0.0466721 0.8294424 -0.7832788 -0.05763655 0.6189931 -0.5550992 0.02079349 0.8315242 -0.718701 0.2095079 0.6630048 -0.8611733 0.1194084 0.4940875 -0.9190597 -0.07966673 0.3859825 -0.9218682 5.84577e-4 0.3875033 -0.9710195 -0.1086837 0.2128593 -0.9975206 -0.0505318 0.04898232 -0.9937139 -0.08803635 0.06915527 -0.9715105 -0.1577785 0.1768426 -0.9649082 -0.1851529 0.1862004 -0.9099098 -0.2812044 0.3049398 -0.8710206 -0.3577988 0.3366054 -0.8168494 -0.403884 0.4118675 -0.7720215 -0.4692108 0.4287471 -0.6615158 -0.5249612 0.5355489 -0.6087737 -0.5722564 0.54947 -0.4858663 -0.6129148 0.6231128 -0.448581 -0.6419227 0.6218603 -0.2550609 -0.6790319 0.6883747 -0.225091 -0.6985235 0.6792635 -0.09321761 -0.7101905 0.6978109 -0.07440805 -0.7160344 0.6940881 0 -0.6962512 -0.7177982 -0.005207896 -0.6961972 -0.7178318 4.70262e-7 -0.6960167 -0.7180256 0.9860175 0.1196529 -0.1159853 0.9748294 0.204687 0.08838033 0.09703266 0.7146368 -0.692733 1.64706e-6 0.696018 0.7180243 0 0.696018 0.7180244 0.03414493 0.7176051 -0.6956127 0.9966117 0.05905723 -0.05724847 0.2201457 0.001976668 -0.9754651 0.2086994 0.008948385 -0.977939 0.01046538 0.2114129 -0.9773408 0.01665025 -0.04186803 -0.9989844 0.1600086 0.2529369 -0.9541594 0.1957958 0.2757003 -0.9410916 0.153462 0.3373505 -0.9287863 0.8919457 -0.210023 -0.400404 0.2711855 0.2635648 -0.9257386 0.8618466 -0.2778216 -0.4243063 0.7815417 -0.0755127 -0.619266 0.8441253 -0.1650438 -0.5101107 0.8204211 -0.2903929 -0.4925255 0.7670679 -0.264366 -0.5845661 0.7992926 -0.3050751 -0.5177458 0.356146 0.02087038 -0.9341973 0.6909607 -0.1402832 -0.7091502 0.6677876 -0.1102479 -0.7361422 0.4024941 0.002812922 -0.9154184 0.7336791 -0.3736359 -0.5675486 0.6808542 -0.3823703 -0.6246843 0.6486189 -0.3733649 -0.6632437 0.6413244 -0.3572353 -0.6790331 0.292659 -0.006650388 -0.9561938 0.122076 -0.1025147 -0.9872124 0.02883696 -0.3857953 -0.9221336 0.02043724 -0.2818343 -0.9592454 0.04942429 -0.3656943 -0.9294219 0.00376904 -0.5765442 -0.8170573 0.004075944 -0.5414981 -0.8406921 0.003325998 -0.5536223 -0.8327612 0.007483363 -0.4166583 -0.9090324 0.001101195 -0.6766884 -0.7362688 0.6303479 -0.4081172 -0.6603802 0.2864497 -0.4548268 -0.8432551 0.3144602 -0.4336617 -0.8444243 0.4111893 -0.6222143 -0.6661628 0.6229858 -0.5300802 -0.5752423 -0.7031537 0.5214684 0.4833691 0.3440747 -0.6284208 -0.6976388 -0.08392012 0.7091433 0.7000523 0.1165229 -0.6857169 -0.718481 0.1295336 -0.6845725 -0.7173434 0.1367095 -0.5843066 -0.7999353 0.2617361 -0.3035783 -0.916152 0.4670408 -0.07830792 -0.8807615 0.4134943 -0.4205976 -0.8075396 5.328e-4 0.6619699 0.7495303 3.90986e-7 0.6128444 0.7902036 5.70216e-4 0.5575616 0.8301355 5.6984e-4 0.4206669 0.907215 0 0.3578258 0.9337885 5.69833e-4 0.2933275 0.956012 0 0.0721305 0.9973953 -7.6367e-4 0.1175867 0.9930624 4.43164e-4 -0.01097548 0.9999397 0 0.007609009 0.9999711 0 -0.1037324 0.9946053 0 -0.1590048 0.9872779 0 -0.1590098 0.987277 0 -0.2137886 0.97688 0 -0.2137836 0.9768811 0 -0.2678959 0.9634479 -6.64749e-4 -0.2857531 0.9583032 0 -0.3211788 0.9470186 -7.96428e-4 -0.3631035 0.9317485 0 -0.4245727 0.9053939 0 -0.4743857 0.8803172 0 -0.4743924 0.8803135 0 -0.5226975 0.8525182 0 -0.5227119 0.8525095 0 -0.5694247 0.8220435 0 -0.5694096 0.822054 0 -0.6143437 0.7890386 -4.42493e-4 -0.6289001 0.7774862 0 -0.6573607 0.7535762 -4.4283e-4 -0.6849224 0.7286159 0 -0.6983466 0.7157598 0 -0.4245882 0.9053866 0 -0.3734606 0.9276461 0 -0.3734578 0.9276472 0 -0.3211862 0.9470161 0 -0.3211789 0.9470186 0 -0.267896 0.9634479 6.63739e-4 -0.2499445 0.96826 3.78143e-7 -0.2137886 0.97688 7.97625e-4 -0.1700055 0.9854428 4.98723e-4 -0.0898624 0.9959542 0 -0.04814213 0.9988406 0 -0.7180269 0.6960154 0 -0.7180243 0.6960181 0 0.7180274 -0.6960149 0 -0.008697807 -0.9999623 3.68587e-4 0.009150505 -0.9999581 0 0.04483878 -0.9989943 3.85985e-4 0.08534431 -0.9963515 5.64812e-4 0.1619902 -0.9867922 0 0.2041021 -0.9789496 7.07561e-4 0.2562386 -0.9666133 0.001060843 0.2476049 -0.9688605 1.03953e-6 0.3076236 -0.9515082 6.06582e-4 0.3413982 -0.9399186 0 0.3581389 -0.9336683 -4.71515e-4 0.3413966 -0.9399192 -8.08512e-7 0.3076204 -0.9515092 -4.71793e-4 0.2734568 -0.9618842 0 0.2562366 -0.9666141 0 0.1865994 -0.9824361 -9.08573e-4 0.2041124 -0.9789471 0 0.151413 -0.9884706 -4.10425e-4 0.1120206 -0.9937058 0 -0.07890719 -0.996882 4.86525e-4 -0.2225906 -0.9749119 -1.70815e-5 -0.1653372 -0.9862371 3.24852e-4 -0.1032901 -0.9946513 0 -0.2502766 -0.9681744 0 -0.3446788 -0.9387207 1.04179e-4 -0.350142 -0.9366967 -4.97012e-5 -0.4390496 -0.8984629 0.003458619 0.7206234 0.6933181 0.006324887 -0.7353321 -0.6776775 0.009853005 0.4905906 0.8713345 0.008165776 0.5115634 0.8592068 0.01017749 0.6932813 0.7205953 0.1097569 0.369724 0.9226362 0.002275943 0.2376797 0.971341 0.002391099 0.2029711 0.9791819 0.002005338 0.216919 0.9761876 0.01072293 0.1170647 0.9930665 0.01622354 0.4452011 0.8952836 0.4898565 0.09886133 0.8661795 0.5536208 0.2362093 0.798567 0.4270089 0.4062855 0.8078338 0.6632621 0.3997221 0.6326971 0.61856 0.4501197 0.6440309 -0.4618816 0.5889534 0.6631736 0.4593529 0.6075832 0.6479488 0.4685268 0.6047201 0.6440469 0.6958392 -0.5281964 -0.4866379 -0.4226658 0.6247429 0.656544 0.3160151 0.6588674 0.6826627 0.1868022 0.5885651 0.7865725 -0.02224671 0.6949368 0.7187266 0.3015795 0.443881 0.8438125 0.2390279 0.2494661 0.9384201 0.2494745 0.1931345 0.9489266 0.1972602 0.5334936 0.8224799 0.6842596 0.4023494 0.6081972 0.6183111 -0.3992486 0.6769727 0.3695596 -0.6584452 0.655649 0.01189661 -0.5694743 0.8219231 0.007451772 -0.6573453 0.7535527 0.01350599 -0.6130046 0.7899639 0.01362746 -0.6142887 0.7889638 0.01286101 -0.5693616 0.8219867 0.01553052 -0.5226516 0.852405 0.02511125 -0.4456558 0.8948522 0.02659898 -0.4742174 0.880006 0.0224269 -0.6870239 0.7262887 0.1668303 -0.3682281 0.9146452 0.166705 -0.3683874 0.914604 0.1114022 -0.3191958 0.9411182 0.07731086 -0.2491925 0.9653632 0.1035735 -0.1788374 0.9784119 0.007550835 -0.1075634 0.9941696 0.01038134 -0.1813172 0.98337 0.1097975 -0.00680685 0.9939308 0.1140191 -0.01090401 0.9934188 0.3012948 -0.1567782 0.9405542 0.2690961 -0.1299072 0.9543121 0.2605038 -0.3293893 0.9075464 0.6307435 0.24146 0.7374686 0.7089164 -0.05928426 0.7027966 0.5867221 -0.3418215 0.7341085 0.5502496 -0.4981924 0.6700968 0.6811969 -0.07337087 0.7284144 0.2899907 -0.5530791 0.7810307 0.3171018 0.1008006 0.9430195 0.5450788 -0.5243275 0.6541941 0.760367 -0.08120894 0.6443967 0.7179266 0.1824261 0.6717902 0.7058259 -0.3691297 0.6046099 0.7694087 -0.2966821 0.5656766 0.8028608 0.2280821 0.5508114 0.8730325 0.002249836 0.4876569 0.8045735 0.3043681 0.5099232 0.7246461 0.3875632 0.5698094 0.8445986 -0.2820618 0.4550763 0.875438 0.1188529 0.4684893 0.72307 0.1824707 0.6662389 0.7804425 0.2426411 0.5762245 0.9110125 -0.06378078 0.4074165 0.823686 0.2706916 0.4982647 0.8570896 0.2658697 0.4412604 0.8541024 -0.2986102 0.4258416 0.8832755 0.2288718 0.4091968 0.9015677 0.157471 0.4029623 0.9012972 0.1603685 0.4024242 0.9481428 -0.1350544 0.2877245 0.9513244 -0.06539696 0.301173 0.9258348 0.1439207 0.349452 0.9311565 -0.1124789 0.3468373 0.9450814 0.1140429 0.3062928 0.9604755 0.05699002 0.2724685 0.9587669 0.06860858 0.2757881 0.9755951 0.05885773 0.2115421 0.9868843 0.03680992 0.1571764 0.9914301 -0.0548712 0.1185566 0.99212 -0.009383857 0.1249404 0.992733 -0.06481587 0.1013916 0.5242926 -0.04847455 0.8501574 0.4451383 -0.3133684 0.8388397 0.3226127 -0.5052005 0.8004334 0.2971149 -0.5285042 0.7952396 0.3515725 -0.3663753 0.8614906 0.4724828 -0.1042492 0.8751527 0.2603254 -0.01641505 0.9653814 0.1617223 -0.635399 0.755059 0.06858611 -0.716336 0.6943765 0.05031913 -0.7137427 0.6985981 0.150464 -0.706475 0.6915589 0.1719877 -0.6985557 0.6945792 0.3070816 -0.6847921 0.6608787 0.3715894 -0.6488447 0.6640195 0.4911972 -0.6363175 0.5948323 0.5633479 -0.5773066 0.5910637 0.6555671 -0.543949 0.5237856 0.7260684 -0.4762575 0.4959875 0.8100259 -0.4224125 0.4067257 0.8489213 -0.3604087 0.3865724 0.9159895 -0.3046791 0.261025 0.95638 -0.1956202 0.2169561 0.9807749 -0.1435767 0.13216 0.992857 -0.07228165 0.09492313 0.9979067 -0.04643297 0.0450139 0 -0.6960155 -0.7180268 -2.25404e-5 -0.6960177 -0.7180246 -0.07927072 0.7157667 -0.6938257 -0.9984897 0.03944832 -0.0382415 -7.01314e-4 0.695995 0.7180463 1.28793e-4 0.6960116 0.7180306 -0.9973254 0.05247938 -0.05087226 -0.8632304 0.3738962 -0.339168 -0.04779821 0.7172074 -0.6952186 -0.6712856 -0.3845031 -0.6336664 -0.6970845 -0.4019954 -0.5936943 -0.7485755 -0.393438 -0.5337052 -0.7915073 -0.3360273 -0.510492 -0.8169289 -0.2685547 -0.5103975 -0.8145506 -0.2796729 -0.508223 -0.8624662 -0.2835354 -0.419237 -0.895373 -0.2357513 -0.3777944 -0.7410056 0.03467714 -0.6706029 -0.1278562 0.3385949 -0.9322052 -0.3371988 0.209852 -0.9177468 -0.8446539 -0.1195975 -0.5217821 -0.1258556 0.2712781 -0.9542373 -0.1444247 0.2364845 -0.9608417 -0.4793154 0.1520636 -0.8643689 -0.09322786 0.1857923 -0.9781563 -0.2824665 0.184562 -0.9413552 -0.8053833 -0.2262369 -0.5478819 -0.5118696 0.008901119 -0.8590172 -0.6152679 -0.1001731 -0.7819276 -0.7152143 -0.2374351 -0.657338 -0.04384094 -0.3227574 -0.9454658 -0.6073642 -0.01443898 -0.7942923 -0.02257847 -0.05024176 -0.9984819 -0.01409196 0.02474778 -0.9995945 -0.2236896 0.02257639 -0.974399 -0.01584124 0.3080853 0.9512268 -0.6668944 -0.3363003 -0.6649467 -0.6336871 -0.4357103 -0.6392161 -0.3321943 -0.6386024 -0.6941426 -0.4940181 -0.588687 -0.639839 -0.4056817 -0.613711 -0.6773339 -0.4254319 -0.6101231 -0.6683993 -0.1775208 -0.6827392 -0.7087691 -0.3403933 -0.6519411 -0.677573 -0.1579692 -0.6801512 -0.7158493 -0.1300956 -0.6848575 -0.7169696 -0.007813811 -0.6957074 -0.7182828 -0.009112477 -0.2620637 -0.9650076 -0.3094052 -0.2975488 -0.9031796 -0.3227252 -0.08574753 -0.9426006 -0.009414613 -0.2314261 -0.972807 -0.007721185 -0.1690104 -0.9855841 -0.02264058 -0.3237577 -0.9458691 -0.0195772 -0.3446153 -0.9385398 -0.004392266 -0.5238282 -0.8518127 -0.004609227 -0.4886494 -0.8724682 -0.01684105 -0.9086846 -0.4171435 -0.0047549 -0.613333 -0.7898101 -0.004305422 -0.6067553 -0.7948772 -0.4178251 -0.3319294 -0.8457217 -0.1540939 -0.568032 -0.808452 -0.3852151 -0.3481777 -0.8546237 -0.3421388 -0.3466995 -0.8733503 -1 4.39372e-7 0 0.00299704 -0.722631 -0.6912276 -3.23053e-7 -0.6960164 -0.718026 0 -0.6960164 -0.7180259 0.001153647 -0.6854954 -0.7280761 0 -0.6960164 -0.718026 -0.001791477 -0.6965819 -0.7174751 -8.37437e-4 -0.6957513 -0.7182824 0.06931024 -0.6588423 -0.7490814 0.9920286 0.06369727 -0.1087294 0.9865171 0.072474 -0.1467359 0.9635254 0.1514943 -0.2206091 0.8981843 0.2486009 -0.3625779 0.814621 0.3900403 -0.4292567 0.6540768 0.4800591 -0.5845741 0.7149325 0.479017 -0.5093274 0.5088564 0.5805945 -0.6355906 0.2923357 0.6596179 -0.692419 0.2538339 0.6442736 -0.7214429 0.08364117 0.6935983 -0.7154897 0.120804 0.6942294 -0.7095435 0.09015578 0.6747139 -0.7325525 0.06642621 0.6067524 -0.7921106 0.142211 0.4738751 -0.869033 0.1756715 0.5064371 -0.8441925 0.1436389 0.430185 -0.89124 0.3995558 0.42578 -0.8118293 0.6242089 0.1821313 -0.7597312 0.6800289 0.1582506 -0.7159032 0.6556273 0.1912421 -0.7304651 0.9091219 -0.1118323 -0.401237 0.9036231 -0.09630298 -0.4173621 0.9105952 -0.09953051 -0.4011361 0.9518533 -0.09869265 -0.2902327 0.9762745 -0.05850845 -0.2084826 0.9869152 0.01995635 -0.1600007 0.8366482 0.1086496 -0.5368568 0.4216409 0.2642707 -0.8673984 0.2322322 0.4919494 -0.8390792 0.9332268 0.1762349 -0.3130962 0.9064754 0.2201427 -0.3603325 0.5050302 0.5792763 -0.6398308 4.72223e-4 0.6774661 -0.7355539 0 0.6939556 -0.7200179 -6.07142e-4 0.6774645 -0.7355553 -5.76725e-7 0.6434326 -0.7655029 -7.07769e-4 0.5899589 -0.8074331 0 0.5715184 -0.8205893 0 0.4948625 -0.8689714 0 0.4141674 -0.9102008 3.69565e-4 0.4346905 -0.9005799 -2.049e-4 0.4970701 -0.8677104 2.65245e-4 0.5144454 -0.8575232 -0.001060187 0.6080918 -0.7938662 0.001272857 0.5677881 -0.8231738 5.76725e-7 0.6434326 -0.7655028 0.930898 -0.254241 -0.2622792 0.9389364 -0.2396695 -0.246895 0.9535669 -0.2096291 -0.2162542 0.9662335 -0.1794932 -0.1848654 0.971822 -0.1640619 -0.169251 0.9891694 -0.1021633 -0.105388 0.9860566 -0.116033 -0.1192848 0.9948052 -0.07085174 -0.07309472 0.9983959 -0.0395807 -0.04048377 0.9535678 -0.2096244 -0.216255 0.9601451 -0.1943724 -0.2008502 0.971821 -0.1640663 -0.1692517 0.985069 -0.1195927 -0.1238421 0.9815037 -0.1332495 -0.1374596 0.9948055 -0.07084941 -0.0730924 0.9948046 -0.07085812 -0.07309508 0.9994226 -0.02364492 -0.02440291 0.999422 -0.0236696 -0.02440315 0.9309017 -0.2542341 -0.2622733 -0.1939923 0.6645908 -0.7215858 -0.2090568 0.659317 -0.7222163 -0.192081 0.6590685 -0.7271408 -0.6348134 0.4943555 -0.593822 -0.7690907 0.4325876 -0.4704971 -0.7849872 0.4147157 -0.4602242 -0.9586227 0.1714649 -0.2272493 -0.9663557 0.1604852 -0.2010006 -0.9848072 0.08489185 -0.1514865 -0.9852975 0.07703703 -0.1524933 -0.9809449 -0.008913278 -0.1940816 -0.9571799 -0.07959997 -0.2783353 -0.9233355 -0.1051642 -0.369313 -0.9205374 -0.1048373 -0.3763247 -0.9074239 -0.07716494 -0.4130709 -0.7389877 0.1471584 -0.6574509 -0.5981318 0.2599181 -0.7580771 -0.2756808 0.4096433 -0.8695932 -0.1749091 0.4115152 -0.8944619 -0.008766949 0.5963963 -0.8026423 -0.05245763 -0.4621248 -0.8852621 -0.1390802 0.5842162 -0.7995926 -0.3725455 0.554481 -0.7441509 -0.5637289 0.4466069 -0.6948037 -0.8045094 0.2158645 -0.5533238 -0.9185806 0.07588773 -0.3878799 -0.3462893 0.6009807 -0.7203513 0.9091354 -0.3987411 -0.1203265 0.9226116 -0.3686464 -0.1135246 0.9530331 -0.2951691 -0.06784635 0.9735366 -0.2276951 0.01953399 0.9745593 -0.1944302 0.1114946 0.9753568 -0.1953328 0.1025875 0.9887863 -0.1491389 0.007710278 0.931486 -0.3141377 0.1834439 0.8955079 -0.38927 0.2157188 0.6921869 -0.5814631 0.4275255 0.6032842 -0.6102946 0.5134087 0.4005177 -0.7337352 0.5488336 0.214273 -0.726933 0.6524229 0.01846861 -0.7597214 0.6499864 0.00328052 0.6987737 -0.7153353 0.01434928 -0.7934144 0.6085129 0.3978113 -0.7360123 0.5477519 0.01445245 -0.7900388 0.6128865 0.3831527 -0.8222132 0.4209033 0.7340279 -0.5995602 0.3189523 0.8919812 -0.3989648 0.2125951 0.1806961 -0.898632 0.3997619 0.1513468 -0.8931939 0.4234372 0.4178107 -0.8508994 0.3184406 0.6471518 -0.73218 0.2123841 0.8711445 -0.4872863 -0.06049239 -0.9983957 -0.03928136 -0.04078 -0.9983958 -0.03962177 -0.04044955 -0.9948047 -0.07085341 -0.07309907 -0.9891694 -0.102309 -0.105247 -0.9855905 -0.1177306 -0.1214537 -0.9662341 -0.179338 -0.1850124 -0.9711083 -0.1662765 -0.1711753 -0.9535679 -0.2096245 -0.2162538 -0.9389349 -0.2396438 -0.2469258 -0.9948043 -0.07085907 -0.0730983 -0.9860401 -0.1156406 -0.1198002 -0.98917 -0.1021562 -0.1053894 -0.9718226 -0.1640604 -0.1692484 -0.9662333 -0.1791199 -0.1852282 -0.9535692 -0.2096195 -0.2162534 -0.9389373 -0.2393142 -0.2472357 -0.9309021 -0.2542325 -0.2622731 -0.9994222 -0.02365946 -0.02440267 -0.9994224 -0.02365577 -0.02440285 4.72009e-4 -0.9136721 0.406452 0 -0.9226465 0.385647 -0.001415491 -0.9009778 0.4338629 -1.22509e-4 -0.8835411 0.4683536 -6.28018e-4 -0.8338339 0.5520151 -6.97869e-4 -0.8347585 0.5506159 1.01986e-4 -0.7934982 0.6085727 -3.39939e-4 -0.7562828 0.6542448 0 -0.7412639 0.6712139 0.001429617 -0.8518364 0.5238062 -2.55005e-4 -0.8830996 0.4691856 -0.1721896 -0.8968689 0.4074029 -0.153313 -0.8903272 0.428734 -0.1243602 -0.8273621 0.5477285 -0.1779304 -0.7442139 0.6438062 -0.1557781 -0.7639325 0.6262111 -0.208329 -0.7433179 0.635671 -0.367416 -0.7175643 0.5916985 -0.3010661 -0.7096452 0.6369953 -0.5331389 -0.6222298 0.5732304 -0.6095678 -0.6203094 0.4936025 -0.6855182 -0.5635681 0.4609294 -0.7989102 -0.5242007 0.2948836 -0.9748092 -0.1822361 0.1285969 -0.988294 -0.1347638 0.07151085 -0.9821441 -0.1677983 0.08506971 -0.9318849 -0.3259947 0.159117 -0.9160574 -0.3497369 0.1962727 -0.9832166 -0.1802011 -0.02851164 -0.9583933 -0.2691687 -0.09502869 -0.8034446 -0.5251113 0.2805975 -0.9224677 -0.3691841 -0.112945 -0.9213427 -0.3721005 -0.1125555 -0.9081443 -0.4136484 -0.06456828 -0.7383741 -0.6632028 0.1223352 -0.5364128 -0.7788243 0.3251061 -0.3272041 -0.8746044 0.3577775 -0.3514513 -0.8571113 0.3766198 0.03560614 -0.9992449 -0.01555204 0.03852373 -0.9991171 -0.01676273 0.1066159 -0.9941168 -0.0191012 0.1431894 -0.9888213 -0.04158526 0.2193171 -0.9752076 -0.02949845 0.2608687 -0.9634772 -0.06049168 0.3573414 -0.9325404 -0.05172574 0.4019933 -0.9079853 -0.1181704 0.467427 -0.8746137 -0.1286967 0.5276346 -0.8174586 -0.2310047 0.5689777 -0.7911481 -0.2243864 0.6425898 -0.697866 -0.316325 0.6448374 -0.7016062 -0.3032055 0.696389 -0.5895701 -0.409206 0.6957521 -0.5886822 -0.411561 0.7090007 -0.5178899 -0.4786524 0.7063671 -0.5245152 -0.4753203 0.7071051 -0.4921583 -0.5077232 0.7071059 -0.4921584 -0.5077217 0 -0.9998788 -0.01556587 0.7071059 -0.4921578 -0.5077223 0.7071073 -0.4921574 -0.5077209 -0.7049007 -0.547334 -0.4511548 -0.7086233 -0.540979 -0.4529845 -0.6929917 -0.5887064 -0.4161578 -0.6992648 -0.6162213 -0.3623535 -0.6462002 -0.6885967 -0.3290287 -0.6275248 -0.7367992 -0.2516736 -0.584882 -0.7745944 -0.2406588 -0.5569888 -0.8111622 -0.1782677 -0.4620668 -0.8700021 -0.1720194 -0.4303579 -0.8949784 -0.1174986 -0.3353179 -0.9371892 -0.09611725 -0.3184835 -0.9457647 -0.06401222 -0.1585565 -0.9868329 -0.03194957 -0.1707501 -0.9850479 -0.02291506 -0.04966837 -0.9986681 -0.01396995 -0.05269366 -0.9984898 -0.01554262 0.7066593 -0.4662794 -0.5321806 0.7057245 -0.4647266 -0.534773 0.7005098 -0.4145792 -0.5808702 0.6733695 -0.3901401 -0.6279843 0.6756113 -0.33367 -0.6574296 0.6341931 -0.2983618 -0.7132877 0.6337314 -0.2557116 -0.7300658 0.5548064 -0.1808266 -0.812091 0.5534477 -0.1732235 -0.8146713 0.4540143 -0.09956103 -0.8854144 0.4474771 -0.1018627 -0.8884753 0.3123461 -0.02705568 -0.949583 0.3259361 -0.02041453 -0.9451715 0.17564 5.03856e-5 -0.9844545 0.1589555 0.01701176 -0.9871392 0.06868004 0.004377424 -0.9976292 0.04577797 0.01554661 -0.9988307 -0.7071077 -0.4921573 -0.5077202 -0.7071061 -0.4921578 -0.507722 0 0.01556295 -0.9998789 0 0.01556295 -0.9998789 -0.04577791 0.01554667 -0.9988307 -0.03870648 0.01899135 -0.9990701 -0.1864826 0.003311872 -0.9824527 -0.1755176 -0.005840778 -0.9844591 -0.3346597 -0.04704833 -0.9411639 -0.3424631 -0.06411772 -0.937341 -0.4659814 -0.09726715 -0.8794319 -0.4906877 -0.1458626 -0.8590401 -0.5553891 -0.165008 -0.8150554 -0.5860018 -0.2420945 -0.7732995 -0.6495527 -0.2510757 -0.7176645 -0.6645995 -0.3480372 -0.6611942 -0.6972019 -0.3680568 -0.6151779 -0.6947117 -0.3886648 -0.6052399 -0.7090057 -0.4623031 -0.5325288 -0.7063655 -0.4587714 -0.5390515 3.89477e-4 0.3224271 0.9465943 0.001454472 -0.1411255 0.9899907 0.001422047 -0.1394425 0.9902292 -0.001659154 -0.2216693 0.9751205 0 -0.6546341 0.7559459 0.004452645 0.5739263 0.8188949 0.06160521 -0.9060379 0.4186888 0.01675921 0.6869682 0.7264943 0.1932122 0.6170316 0.7628507 0.4589395 0.5587708 0.6907603 0.9897353 -0.01651924 0.1419547 0.4921651 -0.3782607 0.7840234 0.3773135 0.3306923 0.8650302 0.02508777 0.4922095 0.8701152 0.284899 -0.6114972 0.7381759 0.218227 -0.5591655 0.7998194 0.3941622 -0.5785275 0.7141023 0.5907845 -0.4133356 0.6929122 0.6726701 -0.1403529 0.7265095 0.8660745 -0.1801482 0.466328 0.7073991 -0.2764121 0.6505252 0.7456095 -0.2023429 0.6349204 0.960373 -0.1696931 0.2211068 0.9791733 -0.1139824 0.1680112 -0.01373004 0.7286566 -0.6847416 -0.03503996 -0.5910599 0.8058663 -0.02435874 -0.5858405 0.8100603 -0.3200592 -0.634406 0.7036272 -0.6063087 -0.3070902 0.7335431 -0.6079469 -0.3021387 0.734243 -0.7486249 -0.3684765 0.5511678 -0.8449357 -0.3068897 0.4380667 -0.8716767 -0.269351 0.4094263 -0.9267986 -0.04168111 0.3732389 -0.9269317 -0.1312054 0.3515434 -0.8465979 -0.188336 0.4977968 -0.4121357 0.5167222 0.7504281 -0.1690722 0.684723 0.7089211 -0.158832 0.5338739 0.8305126 -0.006713509 0.588624 0.8083791 -0.01269555 0.540047 0.8415391 -0.05040556 0.5980508 0.7998716 -0.12593 0.6252041 0.7702348 0.4603927 0.6175168 0.6377395 0.9064974 0.294153 0.3028802 0.9021526 0.3005321 0.3095176 0.286269 0.6660806 0.6887574 0.6496359 0.528841 0.5461688 0.9066425 0.2926285 0.303921 0.8541027 0.3614872 0.3739459 0.9961975 0.06063675 0.06256115 0.6688308 0.5175266 0.5336963 0.342518 0.6547309 0.6738018 0.4699025 0.6147316 0.6334798 0.08717006 0.6933986 0.715262 -0.9038501 0.2972966 0.3076847 -0.6993391 0.4977998 0.5129525 -0.5285992 0.5907284 0.609609 -0.1949025 0.6827423 0.7041847 -0.8727178 0.3394859 0.3508746 -0.4830396 0.6088237 0.6292904 0.09012144 0.691106 0.7171128 -0.8702975 0.3427693 0.3536827 -0.9594884 0.1962662 0.202143 -0.9894509 0.1008407 0.1040096 -0.9894473 0.1008688 0.1040178 0.45132 0.7900035 0.4149755 0.06827384 0.7050958 0.7058178 0.1012037 0.7262923 0.6798952 0.06290078 0.7615841 0.6450064 0.02843976 0.7425397 0.669198 0.005600035 0.7223207 0.6915356 0.1468619 0.7652555 -0.6267501 0.6577433 0.656273 -0.369702 0.8962799 0.380093 0.2284986 0.9821704 0.1654729 -0.08921897 0.9691997 0.2033455 -0.138934 0.8807308 0.4381742 -0.1797683 0.8890638 0.438776 -0.1305419 0.8086771 0.5002572 -0.3094901 0.6979857 0.615486 -0.3660507 0.534436 0.802974 -0.2638388 0.4454735 0.7087494 -0.5470172 0.2783511 0.7097912 -0.6470835 0.1849362 0.7422297 -0.6441225 0.006845057 0.6399643 0.7683742 -0.001144587 0.9505835 -0.310467 0.001822113 0.9366959 0.3501392 0.001098632 0.9827859 -0.1847452 0.001982867 0.9620994 -0.2726919 0 0.8346927 -0.5507162 -4.01773e-4 0.984036 -0.1779691 -0.001290678 0.9557566 0.294156 -0.004430055 0.8204022 0.5717699 -0.8210763 0.5393195 -0.1869981 -0.9828737 0.1708908 -0.0689606 -0.9702892 0.2007041 -0.1351171 -0.591174 0.7435039 -0.3125945 -0.4854227 0.6789387 -0.550824 -0.4582625 0.6811422 -0.5709999 -0.1943193 0.7984325 -0.5698647 -0.2591461 0.7470937 -0.6121229 -0.2176443 0.914521 -0.3410021 -0.006270647 0.7305998 0.6827772 -0.8666885 0.4749326 -0.1526113 -0.6958335 0.5670896 0.44071 0.611415 0.5528482 0.5661542 -0.05360114 0.6977468 0.7143363 -0.4943173 0.8424448 0.2143296 -0.5005427 0.8348903 0.2289437 -0.01971608 0.7433809 0.6685777 0 -0.2119325 -0.9772843 -0.003371 -0.650334 -0.7596409 -0.003269493 -0.6279517 -0.7782455 -0.09025049 -0.4150606 -0.9053064 -0.1263536 -0.5120006 -0.8496413 -0.04712396 -0.6605343 -0.7493156 -0.0469194 -0.6606141 -0.7492581 -0.08551955 -0.6542943 -0.751389 -0.0873081 -0.6599916 -0.7461826 -0.1834735 -0.6769737 -0.7127723 -0.1388568 -0.6871208 -0.7131507 0.1617901 -0.6859988 -0.7093868 -0.03800994 -0.6945231 -0.7184657 -0.02209061 -0.6778339 -0.7348833 -7.29756e-4 -0.6840585 -0.7294269 -0.009687542 -0.637498 -0.7703912 0.001719534 -0.6903842 -0.723441 0.004399776 -0.4268772 -0.9042989 0.002143859 -0.5756255 -0.8177106 0.02613073 -0.4802408 -0.8767474 0.1116953 -0.3087206 -0.9445717 0.08365035 -0.565461 -0.8205222 0.100026 -0.5244087 -0.8455711 0.3551638 -0.2660012 -0.8961597 0.1252878 -0.620813 -0.7738826 0.103542 -0.6316127 -0.7683389 0.3044282 -0.5589531 -0.7712944 0.1976187 -0.648459 -0.7351515 0.08409947 -0.6909084 -0.718034 0.06853747 -0.6916992 -0.7189262 0.019755 -0.6950078 -0.7187308 0.01307046 -0.6951708 -0.7187258 0.01325237 -0.6898058 -0.7238732 8.81963e-4 -0.6908102 -0.7230358 -0.4423782 -0.6239534 -0.6441922 -0.2032484 -0.6815199 -0.7030084 -0.5787519 -0.567619 -0.5855382 -0.356536 -0.650299 -0.6708155 -0.4933735 -0.6055178 -0.6244444 0.591088 -0.5613875 -0.5791884 0.4901729 -0.6065857 -0.6259267 0.5911336 -0.5613884 -0.579141 0.2502385 -0.6740782 -0.6949815 -0.4929231 -0.6339845 -0.5958948 -0.1359901 -0.7221485 -0.6782391 -0.1671178 -0.7338553 -0.6584285 -0.1896517 -0.7682186 -0.6114512 -0.09591954 -0.7586548 -0.644393 -0.04393988 -0.758244 -0.6504885 -0.08436238 -0.8968247 -0.4342679 -0.03119838 -0.9421819 -0.3336466 -0.00160849 -0.7033262 -0.7108655 -0.02115184 -0.7146028 -0.6992107 -0.01006615 -0.7187106 -0.6952366 -0.03934496 -0.696435 -0.7165406 0.8774452 -0.335535 -0.3427919 -7.72283e-4 -0.8997817 -0.4363397 -6.95916e-4 -0.8829633 -0.4694417 0 -0.9586109 -0.2847197 0.01298034 -0.6964284 -0.7175089 0.1098031 -0.6927151 -0.7128038 0.1068713 -0.6929064 -0.7130632 0.1311317 -0.6951252 -0.7068278 0.2593138 -0.7077384 -0.6571627 0.3333212 -0.7547962 -0.5649601 0.04354381 -0.7226938 -0.6897954 0.08821266 -0.7776077 -0.6225309 0.114943 -0.8676324 -0.4837379 0.0357514 -0.8074733 -0.58882 0.005251884 -0.753117 -0.6578658 0.005171477 -0.7609745 -0.6487613 0.003349006 -0.7100014 -0.7041923 0.001501798 -0.705241 -0.7089661 0.03912442 -0.7191337 -0.6937695 0.03819137 -0.7283758 -0.6841127 0.008836507 -0.5779222 -0.8160441 -0.001548469 -0.9748498 0.2228578 3.26991e-4 -0.977479 -0.2110326 -2.89609e-4 -0.9834143 0.1813738 8.83044e-4 -0.9426337 0.3338279 0 -0.7759758 0.6307628 -0.005287945 -0.8416707 -0.5399653 0.01889944 0.3090341 0.9508633 0.01029103 0.44812 0.8939142 0.1683916 -0.9725743 -0.1604479 0.8877406 -0.1361876 0.4397381 0.01562219 -0.7176281 -0.6962513 0.1311026 -0.6888372 -0.7129624 0.9791194 -0.1426324 -0.144849 0.9182894 -0.1941518 0.345036 0.7134557 -0.4511822 0.5361116 0.4495002 -0.6656012 0.5957556 0.1567363 -0.6973519 0.6993812 0.1230425 -0.6734937 0.7288806 0.02507388 -0.1279092 0.991469 -0.03226083 0.9419829 0.3341069 -0.2025254 -0.620814 0.7573465 -0.150148 -0.9319548 0.3300244 0.001102566 0.9768773 0.2137979 -0.03161525 0.4920036 0.8700191 -0.5892206 -0.5003699 0.6343887 -0.1653066 0.6844259 0.7100951 -0.9713594 -0.1907272 0.1417179 -0.8425639 -0.5338821 0.07110655 -0.8767777 -0.3754901 -0.3004466 -0.9665622 -0.07504695 0.2452049 0.2351847 -0.6758183 -0.6985399 0.8664038 -0.3478366 -0.3582658 0.885939 -0.3232117 -0.3326355 0.5588792 -0.5775513 -0.5950535 0.859874 -0.355962 -0.3659344 0.9798397 -0.1389518 -0.1435504 0.9961924 -0.06070798 -0.06257224 0.5562298 -0.5787202 -0.5963988 -0.2294111 -0.6801501 -0.6962517 -0.8783849 -0.3320924 -0.3437365 -0.4823618 -0.6099109 -0.6287574 -0.3955821 -0.6396984 -0.6590149 -0.8440255 -0.3728897 -0.3854536 -0.5107299 -0.5978734 -0.6178208 0.7405384 0.4687178 0.4815669 -0.8383311 -0.3795177 -0.3913663 -0.9021515 -0.3006159 -0.3094394 -0.9894552 -0.1008088 -0.1040005 -0.9894549 -0.1008049 -0.1040068 0.05847227 0.6969678 0.7147145 0.1956512 0.7340192 0.6503357 0.6446443 0.7447511 0.1725676 0.6445881 0.5870919 -0.4897237 0.3967157 0.8163394 -0.4197697 0.006649196 0.755818 0.6547482 -0.005538046 -0.6960347 -0.7179868 -0.00943464 0.4775127 -0.8785743 0.8967477 0.2801237 -0.3425993 0.9884684 0.04246211 -0.1453521 0.8758717 -0.2114211 -0.4337627 0.362294 0.6975704 -0.6181736 0.001557826 0.350305 -0.9366344 0.001016616 0.3024551 -0.9531632 0.001462578 -0.1256774 -0.9920701 4.30258e-4 0.3551648 -0.9348036 -8.38231e-4 0.4617846 -0.8869917 0 0.6546189 -0.7559591 -6.48414e-4 -0.1326972 -0.9911565 0.001294732 -0.5168036 -0.8561031 -0.9906115 0.1282479 -0.04734444 -0.8979602 -0.2297217 -0.3753604 0.6746155 0.512409 0.5313483 -0.518505 0.6070919 0.6021561 -0.1821647 -0.5229397 -0.8326765 -0.1239509 -0.6980666 -0.7052229 -0.3411852 0.9199846 -0.1929274 -0.003991186 0.7258503 0.6878412 -0.08359032 0.2240306 -0.9709907 -0.1418225 0.7511171 -0.6447555 -0.4905848 0.6849349 -0.5386936 -0.758675 0.3793668 -0.5296161 -0.8680571 0.4516278 -0.2061782 0.001332163 -0.4323911 0.9016852 0.004066407 0.5243352 0.8515022 4.25419e-4 0.6730237 0.7396209 -2.05666e-4 0.04306697 0.9990722 0.001233994 0.4535509 0.8912296 4.0985e-5 0.6349409 0.7725607 -2.05129e-4 -0.344745 0.9386963 -0.002303838 -0.3869968 0.9220782 0 -0.6546387 0.7559421 0.1145505 -0.7449011 0.6572675 0.01886969 -0.01629793 -0.9996891 -0.02072489 0.6251184 -0.7802547 0.008113086 -0.3667154 0.9302979 0.5011964 -0.407191 0.7635429 0.3460815 0.6128816 0.7103547 0.5076068 -0.1692856 0.8447945 0.3884052 -0.2264477 0.8932318 0.7419143 0.6611024 0.1118348 0.9560294 0.1661533 0.2416628 0.6994883 0.2278395 0.6773517 0.9833189 0.1250071 0.1321256 0.413773 -0.625016 0.6619268 -0.002692818 0.6611939 0.7502104 -0.02221268 -0.8928232 -0.4498596 0.004746139 0.5027373 -0.8644263 -0.3129177 -0.700043 0.6418896 -0.6032131 -0.2992801 0.7393007 -0.8970197 -0.16192 0.4112635 -0.1168469 0.6921335 0.7122487 -0.880077 0.3852152 0.2776218 -0.9657418 0.1610624 0.2034745 -0.06894868 0.6672106 0.7416712 -0.8920342 -0.2879946 0.3483306 -0.08942931 -0.9916179 0.09325391 -0.856263 -0.4988774 0.1339223 0.9836137 0.1256424 0.1292982 0.9445824 0.2282456 0.2359415 0.8181619 0.4000247 0.4130274 0.6654148 0.5186606 0.5368561 0.5885725 0.5622536 0.5809074 0.3145082 0.6606858 0.6816002 0.1856424 0.6837216 0.705735 0.9473087 0.2228416 0.2301042 0.8197434 0.3987413 0.4111282 0.7624551 0.4509009 0.4640589 0.5740742 0.5698857 0.5879364 0.3107795 0.6619515 0.6820824 0.3150461 0.6609513 0.6810943 0.08720284 0.6933732 0.7152827 0.9594957 0.1956745 0.202681 0.9961975 0.06062901 0.06256878 -0.1478788 0.6890058 0.709509 -0.313022 0.6610044 0.6819754 -0.654428 0.5260579 0.5431273 -0.5785964 0.5668903 0.5863972 -0.81803 0.4002479 0.4130721 -0.95461 0.2066771 0.2144867 -0.9432414 0.2306717 0.2389274 -0.3088754 0.6618807 0.6830154 -0.5768219 0.5680458 0.587027 -0.8117436 0.4066697 0.4191564 -0.8209248 0.3975937 0.4098802 -0.9480778 0.2214924 0.2282317 -0.9660651 0.1800768 0.1851774 -0.9961937 0.06067782 0.06258189 -0.9961943 0.06066316 0.06258434 -0.02726119 0.6951262 0.7183707 0.9543437 0.2693136 0.1292219 0.6626345 0.5829147 0.4702406 0.1836585 0.57237 0.7991635 0.7910863 0.582926 0.1854183 0.3049742 0.7929205 0.527511 0.4349442 0.772609 -0.4624922 0.02081394 -0.5463687 -0.8372861 -0.01276803 -0.9998797 0.008817791 -2.52455e-4 0.9678836 0.2513987 0.8711038 0.3600826 -0.3339444 0.009245276 0.7685942 -0.6396698 0.3627907 0.7115949 -0.6016773 0.4375043 0.5837588 -0.6839706 0.638745 0.6125068 -0.4656611 0.8859778 0.2527415 -0.3887998 0.001594007 0.7554224 -0.6552363 -0.005731821 0.9996458 -0.02599424 9.06347e-4 0.940413 0.3400334 0.005320787 0.9601354 -0.2794849 -9.18554e-4 0.7983049 0.602253 -2.87669e-4 0.8169749 -0.5766733 0 0.8347308 -0.5506584 -0.2265146 -0.6730655 -0.7040413 0.2015858 -0.6816622 -0.7033491 -0.6469343 0.6285738 0.4317073 -0.9278526 0.3565444 0.1093882 -0.9930796 0.0486719 -0.1068831 -0.9881442 0.1207497 -0.09481883 -0.8795754 0.4165697 -0.2298192 -0.7562135 0.3985958 -0.5189052 -0.01774358 -0.5386493 -0.8423433 0.00658065 -0.9780398 -0.2083146 1.39839e-5 0.9382541 0.3459473 -0.01777738 0.8362817 -0.5480118 -0.3950533 0.5841326 -0.709029 -0.3618271 0.8002895 -0.47814 -0.6043277 0.7279874 0.323763 -0.4027123 0.6935566 -0.5973293 -1 -1.10155e-6 0 -1 5.52364e-5 0 -1 7.62893e-6 0 -1 -6.03792e-6 0 -1 6.07888e-6 0 -1 -3.62392e-6 0 -1 -3.40658e-7 0 -1 -9.01304e-7 0 -1 1.7959e-6 0 -1 -1.02213e-6 0 -1 -2.31163e-7 0 -1 1.56582e-6 0 -1 0 0 -1 -1.93116e-6 0 -1 9.54661e-7 0 -1 -8.5237e-6 0 -1 -4.95182e-7 0 -1 1.80462e-6 0 -1 -4.93481e-7 0 -1 -1.00897e-6 0 -1 1.04163e-6 0 -1 3.4402e-7 0 -1 -7.0593e-7 0 -1 -2.64237e-7 0 -1 -3.57592e-7 0 -1 -1.7929e-6 0 -1 -3.58498e-7 0 -1 7.09434e-7 0 -1 -2.45614e-7 0 -1 5.17882e-7 0 -1 -3.36905e-7 0 -1 -4.94399e-7 0 -1 -4.76866e-7 0 -1 0 0 -1 9.06138e-7 0 -1 -9.38709e-7 0 -1 1.57962e-6 0 -1 -1.10584e-6 0 -1 -8.67895e-7 0 -1 -4.48593e-7 0 -1 6.24301e-7 0 -1 3.2404e-7 0 -1 2.50714e-7 0 -1 -3.4405e-7 0 -1 -3.57667e-7 0 -1 3.594e-7 0 -1 -1.79411e-6 0 -1 2.7168e-6 0 -1 -1.43787e-6 0 -1 1.81364e-6 0 -1 7.16334e-7 0 -1 -3.63098e-6 0 -1 -5.34572e-7 0 -1 5.49837e-6 0 -1 -2.32148e-6 0 -1 3.67566e-6 0 -1 -1.41994e-6 0 -1 5.2855e-7 0 -1 0 0 -1 1.30159e-6 0 -1 -3.05604e-7 0 -1 -3.836e-6 0 -1 1.27497e-6 0 -1 1.76573e-6 0 -1 1.10669e-6 0 -1 -2.62784e-7 0 -1 -6.33327e-7 0 -1 -3.47812e-7 0 -1 -3.5538e-7 0 -1 7.17661e-7 0 -1 -1.61634e-6 0 -1 2.70847e-6 0 -1 -1.07924e-6 0 -1 -3.59551e-7 0 -1 7.18224e-7 0 -1 -3.62666e-6 0 -1 2.67771e-6 0 -1 -1.0635e-6 0 -1 3.72662e-6 0 -1 -1.40983e-6 0 -1 2.83421e-6 0 -1 -1.731e-6 0 -1 -3.40631e-7 0 -1 -3.31745e-7 0 -1 9.63632e-7 0 -1 -9.04031e-7 0 -1 4.10415e-7 0 -1 -1.10865e-5 0 -1 1.95618e-5 0 0 -0.7180253 0.696017 0 -0.7180263 0.696016 1 0 0 1 1.45824e-7 0 1 0 0 1 7.34085e-7 0 1 -1.37954e-6 0 1 1.9774e-6 0 1 -1.61037e-6 0 1 3.99575e-7 0 1 -1.60121e-6 0 1 2.47329e-5 0 1 -1.62803e-5 0 1 1.23493e-5 0 1 5.51633e-6 0 1 -3.47357e-6 0 1 2.06148e-6 0 1 -6.77815e-7 0 1 3.38722e-7 0 1 -1.21501e-7 0 1 -7.14884e-7 0 1 6.88296e-7 0 1 1.07711e-6 0 1 -1.79764e-6 0 1 1.07122e-6 0 1 -1.34554e-6 0 1 2.14224e-6 0 1 -3.46426e-7 0 1 1.75552e-7 0 1 -1.02664e-6 0 1 1.42605e-6 0 1 -2.08029e-6 0 1 3.72501e-6 0 1 -6.89373e-7 0 1 1.57962e-6 0 1 -2.92986e-7 0 1 1.88354e-6 0 1 -7.72129e-6 0 1 6.16039e-6 0 1 -1.05396e-5 0 1 4.72203e-6 0 1 -5.96579e-6 0 1 -2.03331e-6 0 1 -1.27586e-5 0 1 1.35974e-6 0 1 -7.12638e-7 0 1 -7.07896e-7 0 1 5.21448e-7 0 1 7.08811e-7 0 1 -1.40138e-6 0 1 6.97657e-7 0 1 -1.43857e-6 0 1 6.80342e-7 0 1 -6.76429e-7 0 1 -3.51946e-7 0 1 5.19053e-7 0 1 -1.05368e-6 0 1 1.4273e-6 0 1 -1.79719e-6 0 1 2.87333e-6 0 1 -2.7027e-6 0 1 2.09452e-6 0 1 -2.83054e-6 0 1 5.27835e-7 0 1 -3.41607e-7 0 1 -1.73519e-7 0 1 1.69256e-6 0 1 -6.91521e-7 0 1 1.22094e-6 0 1 -2.70605e-6 0 1 1.688e-6 0 1 1.89635e-6 0 1 -1.10466e-6 0 1 2.51306e-6 0 1 -7.52667e-7 0 1 5.576e-6 0 1 -4.48487e-6 0 1 1.78351e-7 0 0.05947077 -0.7167554 0.6947842 0.1959927 -0.6998825 0.6868416 0.3158081 -0.6822782 0.6593647 0.3679823 -0.6647509 0.6501502 0.4262062 -0.6502113 0.6289464 0.510267 -0.6155105 0.6006452 0.5572099 -0.5988882 0.5751958 0.6397182 -0.5502136 0.5366802 0.669734 -0.5348702 0.5151412 0.74262 -0.4781984 0.4688729 0.7884757 -0.4449504 0.4246473 0.8518027 -0.3748106 0.3659908 0.8680085 -0.3578653 0.3442291 0.9176884 -0.2819198 0.2799456 0.9327196 -0.2589224 0.2509847 0.9627796 -0.1940734 0.1881253 0.972723 -0.1698565 0.1579838 0.988058 -0.1106325 0.1072472 0.9958348 -0.06807488 0.06065309 0.9982306 -0.04269534 0.04138565 0.9982309 -0.04268926 0.04138499 0.9880567 -0.1106421 0.1072485 0.9880576 -0.1106373 0.1072468 0.9627788 -0.1940771 0.1881252 0.9537128 -0.2132399 0.2120395 0.9176964 -0.2869197 0.2747918 0.9012057 -0.3095159 0.3033618 0.8517959 -0.3788114 0.3618644 0.834761 -0.3953537 0.3832359 0.7426204 -0.4808707 0.4661314 0.7426201 -0.4808725 0.4661299 0.639726 -0.5518752 0.5349621 0.6397401 -0.5518696 0.534951 0.5102683 -0.6175149 0.5985831 0.5102797 -0.6175097 0.5985786 0.3679952 -0.6676415 0.6471742 0.3525053 -0.669844 0.65349 0.215463 -0.7030754 0.6776878 0.1931275 -0.7045067 0.6829144 0.05945122 -0.7167558 0.6947854 -0.9982309 -0.0426914 0.04138422 -0.9993587 -0.02363264 0.0269047 -0.9942705 -0.07675063 0.07440143 -0.9880554 -0.1093049 0.1086239 -0.9841114 -0.127488 0.1235789 -0.9537208 -0.2159055 0.2092881 -0.9627631 -0.1900781 0.1922436 -0.9327204 -0.2589214 0.250983 -0.9011967 -0.3078495 0.305079 -0.8833222 -0.3365877 0.326268 -0.8122826 -0.4187975 0.4059627 -0.8347315 -0.3903641 0.3883806 -0.763491 -0.4637157 0.4494988 -0.7047922 -0.5057312 0.4974977 -0.6986343 -0.511061 0.5007265 -0.6087763 -0.5703061 0.5514913 -0.5703132 -0.5878042 0.5737849 -0.5305847 -0.6092886 0.5892771 -0.4183723 -0.6492534 0.635165 -0.3972986 -0.6589252 0.6387264 -0.2866148 -0.6879037 0.6668137 -0.05947083 -0.7167546 0.6947849 -0.09109324 -0.7132602 0.6949546 -0.1540769 -0.7094534 0.6877036 -0.2702903 -0.6879655 0.673533 -0.2645796 -0.6899381 0.6737828 -0.4183735 -0.6542505 0.6300157 -0.463513 -0.6319779 0.6210955 -0.5703226 -0.5908007 0.5706899 -0.6150459 -0.5632619 0.5517742 -0.7047914 -0.513178 0.4898138 -0.7425999 -0.4793318 0.4677462 -0.8122761 -0.4203552 0.4043629 -0.8303726 -0.3985312 0.3894281 -0.9012008 -0.3136261 0.2991253 -0.9046186 -0.3076989 0.2949351 -0.9488257 -0.2267512 0.2198039 -0.953719 -0.21746 0.207681 -0.9880498 -0.1079748 0.1099964 -0.984111 -0.1274897 0.1235805 -0.9982309 -0.04269051 0.04138374 9.19234e-5 0.6959387 0.7181013 -1.35885e-6 0.6960153 0.718027 6.45089e-7 0.6960161 0.7180261 -2.81197e-6 0.6960163 0.718026 -1.84043e-6 0.6960164 0.718026 1.72773e-4 0.6959941 0.7180476 -2.70946e-5 0.6960256 0.7180171 -7.89756e-6 0.6960097 0.7180324 -8.81493e-6 0.6960175 0.7180248 6.48697e-6 0.696016 0.7180263 -1.49635e-6 0.696016 0.7180263 3.80183e-5 0.6960101 0.7180321 1.08932e-5 0.6960177 0.7180247 -1.00678e-5 0.6960145 0.7180278 -1.43699e-5 0.696021 0.7180214 0 0.6960178 0.7180247 9.30665e-6 0.6960161 0.7180263 -1.07377e-5 0.6960163 0.718026 0 0.6960147 0.7180276 -4.0366e-6 0.6960167 0.7180257 5.72282e-6 0.6960176 0.7180247 0 0.696017 0.7180254 -1.69602e-5 0.6960139 0.7180283 2.23206e-5 0.6960185 0.7180238 -1.12592e-5 0.6960146 0.7180277 0 0.6960166 0.7180257 1.23968e-5 0.6960158 0.7180264 -7.45536e-6 0.6960164 0.7180259 -1.29566e-5 0.6960162 0.7180261 4.40672e-5 0.6960196 0.7180229 4.26586e-7 0.6960172 0.7180252 0 0.6960158 0.7180265 -1.60796e-6 0.696017 0.7180253 -3.23579e-6 0.696015 0.7180273 5.65727e-6 0.6960164 0.7180259 5.50519e-6 0.6960182 0.7180243 -2.38078e-5 0.6960158 0.7180265 2.01975e-5 0.6960265 0.7180162 1.84043e-6 0.6960154 0.7180269 2.81196e-6 0.6960166 0.7180258 0 0.6960158 0.7180265 7.00712e-7 0.6960169 0.7180255 -4.74421e-4 0.6954747 0.7185505 0 0.5913187 0.806438 0 0.5913192 0.8064377 0 0.5699554 0.8216757 0 0.5699564 0.821675 0 0.5309934 0.8473761 0 0.5309925 0.8473765 0 0.4908705 0.8712326 0 0.4908713 0.8712322 0 0.4496819 0.8931888 0 0.4075125 0.9131997 0 0.4075129 0.9131996 0 0.3644554 0.9312209 0 0.3206049 0.947213 0 0.3206053 0.9472129 0 0.2760533 0.9611424 0 0.2760532 0.9611424 0 0.2309026 0.9729769 0 0.2309025 0.9729769 0 0.1852492 0.9826916 0 0.1852493 0.9826917 0 0.1391911 0.9902656 0 0.1391911 0.9902656 0 0.09282797 0.9956822 0 0.09282797 0.9956822 0 0.09282797 0.9956822 0 0.1391911 0.9902656 0 0.1852492 0.9826916 0 0.1852492 0.9826916 0 0.2309026 0.9729769 0 0.2760533 0.9611424 0 0.2760533 0.9611424 0 0.3206052 0.9472129 0 0.320605 0.9472131 0 0.3644551 0.931221 0 0.407513 0.9131995 0 0.407512 0.9132 0 0.4496827 0.8931884 0 0.4496816 0.893189 0 0.4908714 0.8712321 0 0.4908702 0.8712327 0 0.5309926 0.8473765 0 0.5309932 0.8473761 0 0.5699567 0.8216748 0 0.5699556 0.8216755 0 0.5940474 0.8044301 -4.96157e-5 -0.5973842 -0.8019553 -5.28285e-4 0.6199598 0.7846336 4.51452e-4 0.6291127 0.7773141 -4.71425e-4 0.6675662 0.7445503 0.001592874 0.6794427 0.7337269 9.11005e-4 0.6199601 0.7846329 -0.002468347 0.6675629 0.7445493 -0.002522289 0.6674014 0.7446939 0.01334112 0.7581024 0.6519991 -0.003898024 0.09043824 0.9958945 -0.9995438 -0.02168756 0.02102059 -0.999544 -0.02168279 0.02102065 -0.9958968 -0.06497877 0.06298917 -0.9938716 -0.08024281 0.07602936 -0.9853857 -0.1218683 0.1190093 -0.9777254 -0.1520101 0.1447281 -0.9632685 -0.1915035 0.1882561 -0.9452978 -0.2355343 0.2256892 -0.9238784 -0.2734624 0.2677069 -0.9077197 -0.3017048 0.2915806 -0.8807307 -0.3391932 0.3305472 -0.8609482 -0.3661292 0.353154 -0.8286638 -0.4014732 0.3900456 -0.8172187 -0.414255 0.4006825 -0.7809313 -0.4476156 0.4356454 -0.7681968 -0.4596909 0.4455984 -0.7281429 -0.4921537 0.4770668 -0.7141936 -0.5034552 0.4862719 -0.6706279 -0.5321894 0.5167521 -0.6555497 -0.5426567 0.5251462 -0.6087581 -0.5687751 0.55309 -0.5763242 -0.587659 0.5678974 -0.5259343 -0.6102622 0.59243 -0.5086901 -0.618621 0.5987843 -0.455778 -0.6382356 0.6204206 -0.4195784 -0.6526402 0.6308842 -0.3640037 -0.66833 0.6487191 -0.3001269 -0.6874222 0.661343 -0.2685316 -0.6916533 0.6704525 -0.1504638 -0.7111603 0.6867399 -0.1637109 -0.708339 0.6866255 -0.05032259 -0.717117 0.6951337 -0.05031859 -0.7171164 0.6951346 -1 -2.0211e-7 0 -0.0302034 0.7176971 -0.6957002 -0.05032205 0.7162407 -0.6960367 -0.1105483 0.7140616 -0.6912996 -0.1504577 0.7085413 -0.6894431 -0.2098737 0.7033433 -0.6791622 -0.2685341 0.6903417 -0.6718019 -0.3262005 0.6800603 -0.6565907 -0.3640043 0.66833 -0.6487186 -0.4195794 0.6526398 -0.630884 -0.4557848 0.6382334 -0.620418 -0.508685 0.6186234 -0.5987861 -0.5259319 0.610264 -0.5924303 -0.57633 0.5876565 -0.5678941 -0.5926557 0.5783396 -0.5606091 -0.640215 0.5515833 -0.5346781 -0.6555442 0.5413472 -0.5265027 -0.6999504 0.5132454 -0.4966374 -0.714193 0.5021436 -0.4876273 -0.75515 0.4715778 -0.4553714 -0.7809369 0.4476115 -0.4356391 -0.8172175 0.4142559 -0.4006839 -0.8286622 0.4014764 -0.390046 -0.8609503 0.3661248 -0.3531533 -0.880728 0.3391976 -0.3305498 -0.9077207 0.301704 -0.2915782 -0.9159872 0.2876389 -0.2796987 -0.9385403 0.2487128 -0.2393409 -0.9516757 0.2196344 -0.2146489 -0.9684818 0.1792856 -0.1729153 -0.9777252 0.149388 -0.1474345 -0.9886134 0.1093508 -0.1033732 -0.9938727 0.07892525 -0.07738214 -0.9987324 0.03700512 -0.03412133 -0.9995439 0.02168619 -0.02102071 0 0.7180263 -0.6960161 0 0.7180263 -0.696016 0.9995438 0.0216878 -0.02102243 0.9987324 0.03525507 -0.03592729 0.9938721 0.07980513 -0.07648187 0.9886138 0.1067249 -0.1060788 0.9777253 0.152013 -0.1447257 0.9632688 0.1915006 -0.1882573 0.9452987 0.2355322 -0.2256878 0.9313983 0.2609242 -0.2538028 0.9077178 0.3021464 -0.2911288 0.8900902 0.3263868 -0.3181369 0.8609521 0.3656879 -0.3536013 0.839763 0.3885397 -0.3792561 0.805448 0.4268604 -0.4111495 0.7809388 0.4480461 -0.4351888 0.741793 0.4824039 -0.4658644 0.7141874 0.5017107 -0.4880807 0.6706316 0.5330618 -0.5158475 0.6402128 0.5502727 -0.5360295 0.5926554 0.5796481 -0.5592564 0.5597512 0.5945625 -0.5772123 0.5086905 0.6190579 -0.5983322 0.4912542 0.6254119 -0.6062419 0.4377675 0.6455679 -0.6257809 0.4377685 0.6455687 -0.6257794 0.3826947 0.6633661 -0.6430321 0.3639959 0.667895 -0.6491714 0.3071053 0.6837655 -0.6619299 0.2685344 0.6903411 -0.6718025 0.1967518 0.7058821 -0.6804551 0.1504581 0.7091962 -0.6887694 0.07711172 0.7176348 -0.6921374 0.05033081 0.7171165 -0.6951336 1 0 0 0.05031621 -0.7171162 0.6951351 0.03020519 -0.7163851 0.6970511 0.1105316 -0.7140641 0.6912997 0.1504656 -0.7085389 0.6894439 0.2098786 -0.7033432 0.6791608 0.2685325 -0.6903406 0.6718038 0.3262031 -0.6800601 0.6565896 0.3826832 -0.6620572 0.6443864 0.4195789 -0.6522026 0.6313361 0.4736157 -0.6315135 0.6139047 0.5086907 -0.6190586 0.5983313 0.5597455 -0.5945652 0.577215 0.576326 -0.5872224 0.568347 0.6246153 -0.5598543 0.5444438 0.6555494 -0.5430923 0.5246959 0.6999481 -0.5123724 0.4975412 0.7281414 -0.4934637 0.475714 0.7681959 -0.4583774 0.4469511 0.7933549 -0.4375426 0.4232546 0.8286623 -0.4010384 0.390496 0.8505259 -0.3785071 0.365155 0.8807314 -0.339631 0.3300954 0.8900931 -0.3276969 0.3167793 0.9159853 -0.2872045 0.280151 0.9238785 -0.2747793 0.2663549 0.9453008 -0.2342189 0.2270419 0.9516751 -0.2213854 0.2128456 0.968482 -0.1784093 0.1738179 0.9733026 -0.1652428 0.1593015 0.9886133 -0.1067285 0.1060788 0.9914448 -0.09371972 0.09085077 0.9987329 -0.03613686 0.03502476 0.9987332 -0.03612917 0.03502494 0 -0.7180259 0.6960164 -4.36386e-4 0.7398943 0.672723 0.001308262 0.668346 0.7438494 0 0.6493698 0.7604729 0 0.5694281 0.8220412 0 0.5694285 0.8220409 0 0.4837027 0.8752324 0 0.4837034 0.8752321 0 0.4161255 0.9093073 0 0.4161255 0.9093073 0 0.3461634 0.9381743 -8.7283e-4 0.3223873 0.9466075 4.36386e-4 0.2498735 0.9682784 -4.36329e-4 0.2253531 0.9742771 8.72715e-4 0.1510229 0.98853 0 0.1260384 0.9920254 0 0.0506528 0.9987164 0 0.0506528 0.9987164 0 -0.0250234 0.9996869 0 -0.0250234 0.9996869 0 -0.1256225 0.9920782 5.2333e-4 -0.1005566 0.9949313 0 -0.1755145 0.9844769 3.49086e-4 -0.2249594 0.9743682 0 -0.2494672 0.9683833 0 -0.32199 0.9467431 0 -0.3219901 0.9467431 0 -0.4157433 0.9094821 5.2333e-4 -0.3926684 0.91968 0 -0.4610981 0.8873491 3.49098e-4 -0.5052791 0.862956 0 -0.5268866 0.8499356 0 -0.6098437 0.7925218 4.6523e-4 -0.5919174 0.8059986 0 -0.6490514 0.7607446 3.49098e-4 -0.686604 0.7270315 0 -0.7047256 0.7094801 0 -0.7563652 0.6541497 0 -0.8184263 0.5746116 4.8685e-4 -0.8047156 0.5936604 0 -0.8463745 0.5325882 3.49103e-4 -0.8721657 0.4892105 0 -0.8842289 0.4670538 0 -0.9267888 0.3755829 4.65223e-4 -0.9181333 0.3962717 0 -0.944557 0.3283479 3.22251e-4 -0.9599197 0.280275 0 -0.9666845 0.255971 0 -0.9832742 0.1821313 0 -0.9832749 0.1821274 0 -0.9942329 0.1072431 0 -0.9942327 0.1072449 0 -0.9999788 0.006520807 5.10586e-4 -0.9995529 0.02989959 0 -0.9990343 -0.0439375 3.49103e-4 -0.9955453 -0.09428411 0 -0.9928504 -0.1193663 0 -0.9757702 -0.2187978 5.23321e-4 -0.9809789 -0.1941139 0 -0.9634891 -0.2677475 3.49098e-4 -0.9487537 -0.3160164 0 -0.9404799 -0.3398492 0 -0.9120854 -0.4100005 0 -0.9120842 -0.4100029 0 -0.8661317 -0.4998159 5.36691e-4 -0.879389 -0.4761036 0 -0.8398122 -0.5428771 3.80834e-4 -0.8113535 -0.5845558 0 -0.7963522 -0.6048331 0 -0.7313544 -0.6819977 5.10601e-4 -0.7471014 -0.66471 0 -0.6960164 -0.7180259 5.23325e-4 -0.6397194 -0.7686085 5.23314e-4 -0.6397199 -0.7686081 0 -0.5797576 -0.814789 5.23324e-4 -0.5164772 -0.8563008 5.23312e-4 -0.5164767 -0.8563011 0 -0.4502369 -0.8929091 3.80846e-4 -0.4046144 -0.9144873 0 -0.381417 -0.9244031 0 -0.2863356 -0.9581294 5.10634e-4 -0.3086601 -0.9511724 0 -0.2376322 -0.9713552 3.49109e-4 -0.1883234 -0.9821071 0 -0.1634889 -0.9865452 0 -0.06325399 -0.9979975 5.2333e-4 -0.08840942 -0.9960841 0 -0.01282393 -0.9999179 3.49132e-4 0.03764003 -0.9992914 0 0.06283688 -0.9980239 0 0.1381347 -0.9904135 0 0.1381348 -0.9904135 0 0.212642 -0.9771302 0 0.212642 -0.9771302 0 0.285933 -0.9582496 0 0.2859334 -0.9582495 0 0.3575853 -0.9338805 0 0.3575857 -0.9338804 0 0.4271898 -0.904162 0 0.4271894 -0.9041622 0 0.4943466 -0.869265 0 0.4943466 -0.8692649 0 0.5794165 -0.8150317 5.50892e-4 0.5586727 -0.8293881 0 0.6197977 -0.7847617 3.49109e-4 0.6586006 -0.7524927 0 0.677374 -0.7356389 0 0.7310692 -0.6823034 0 0.7310674 -0.6823053 0 0.7960966 -0.6051698 5.36691e-4 0.7793635 -0.626572 0 0.825614 -0.5642353 3.49098e-4 0.8530284 -0.5218645 0 0.8659219 -0.5001793 0 0.9119122 -0.4103854 5.50865e-4 0.9012697 -0.4332581 0 0.9314551 -0.3638564 3.6747e-4 0.9486266 -0.3163979 0 0.956305 -0.2923707 0 0.9756787 -0.2192059 0 0.975678 -0.2192092 0 0.9894625 -0.1447893 0 0.9894622 -0.1447914 0 0.9990159 -0.04435479 4.98414e-4 0.9975787 -0.06954532 0 0.9999814 0.006104648 3.32479e-4 0.9984002 0.05654257 0 0.9966558 0.08171397 0 0.9833511 0.1817163 0 0.9600331 0.2798867 -0.001308262 0.952666 0.3040162 4.36379e-4 0.9171864 0.3984581 -4.36372e-4 0.9068369 0.4214816 8.72744e-4 0.8723634 0.4888572 0 0.8597545 0.5107077 0 0.8186673 0.5742683 -8.72716e-4 0.8039206 0.5947362 4.36358e-4 0.7566393 0.6538324 1.72836e-4 0.7566397 0.6538321 7.63705e-4 0.8328928 0.553434 -5.45354e-4 0.8532395 0.5215193 5.45354e-4 0.8844248 0.4666827 -0.00163567 0.9120835 0.4100014 5.4534e-4 0.936116 0.3516911 -9.8113e-4 0.9634882 0.2677493 -3.26746e-4 0.9667921 0.2555639 -3.27205e-4 0.9871227 0.1599647 -0.001145482 0.9895225 0.1443747 3.20767e-4 0.9960979 0.08825516 -2.38107e-4 0.9990343 0.04393649 2.38133e-4 0.9999814 0.006100833 -2.38132e-4 0.9994961 -0.03174275 2.38124e-4 0.9975789 -0.06954449 -2.38146e-4 0.9942329 -0.1072423 2.38104e-4 0.9894624 -0.1447903 -2.38143e-4 0.9832744 -0.1821305 2.18281e-4 0.9760228 -0.2176683 -2.01492e-4 0.9666844 -0.2559713 2.01502e-4 0.9563055 -0.2923691 -2.01486e-4 0.9445575 -0.3283461 2.01486e-4 0.9314552 -0.3638563 -2.01486e-4 0.91702 -0.3988415 2.01499e-4 0.9012694 -0.4332593 -2.01492e-4 0.8842296 -0.4670527 2.09566e-4 0.8655428 -0.5008349 -5.09117e-4 0.8326696 -0.5537701 -2.18112e-4 0.8256142 -0.5642351 -2.18146e-4 0.7810693 -0.6244443 -5.55421e-4 0.7726247 -0.6348628 2.27774e-4 0.7316312 -0.6817007 -2.18297e-4 0.7047253 -0.7094802 2.18283e-4 0.6773736 -0.7356392 -2.18283e-4 0.6490505 -0.7607453 2.09552e-4 0.6203907 -0.7842929 -2.01492e-4 0.5896573 -0.8076537 2.01466e-4 0.5586721 -0.8293886 -4.69946e-4 0.5052797 -0.8629556 -2.18134e-4 0.4950323 -0.8688746 -2.18151e-4 0.4283765 -0.9036004 -5.91245e-4 0.4157432 -0.9094819 2.53523e-4 0.357585 -0.9338806 -2.53557e-4 0.3219895 -0.9467433 2.45536e-4 0.2864995 -0.9580804 -5.55453e-4 0.224959 -0.9743682 -2.18147e-4 0.211872 -0.9772975 -2.18083e-4 0.1381347 -0.9904135 -5.09108e-4 0.1256235 -0.992078 2.18255e-4 0.06283688 -0.9980238 -2.18283e-4 0.02502334 -0.9996869 2.18312e-4 -0.01282393 -0.9999178 -5.09165e-4 -0.0758301 -0.9971206 -2.1814e-4 -0.08840942 -0.9960843 -2.18197e-4 -0.1634888 -0.9865453 -5.09146e-4 -0.1759279 -0.984403 2.18255e-4 -0.2376322 -0.9713552 -2.18312e-4 -0.2742192 -0.9616672 2.09579e-4 -0.3096948 -0.9508361 -4.69963e-4 -0.3697193 -0.9291434 -1.91591e-4 -0.3818431 -0.9242272 -1.91546e-4 -0.4492063 -0.893428 -5.09118e-4 -0.4614704 -0.8871555 2.18283e-4 -0.5164774 -0.8563008 -2.18269e-4 -0.5485104 -0.8361438 2.1834e-4 -0.5797582 -0.8147887 -5.09127e-4 -0.6299675 -0.7766215 -2.18111e-4 -0.6397188 -0.768609 -2.18112e-4 -0.6960169 -0.7180254 -0.001090466 -0.7226886 -0.691173 -2.01366e-4 -0.7488085 -0.6627864 -2.01343e-4 -0.7966431 -0.6044499 -4.47043e-4 -0.8039211 -0.594736 2.04122e-4 -0.8404791 -0.541844 -2.18269e-4 -0.8597537 -0.5107089 2.27789e-4 -0.8788579 -0.4770836 -5.55422e-4 -0.9068369 -0.4214814 -2.18139e-4 -0.9124062 -0.4092857 -2.18119e-4 -0.940481 -0.3398466 -5.09129e-4 -0.9446943 -0.3279521 2.18294e-4 -0.9634892 -0.2677471 -5.09127e-4 -0.9784509 -0.2064794 -2.18115e-4 -0.9809788 -0.1941149 -2.18116e-4 -0.9928501 -0.1193678 -5.09121e-4 -0.9942778 -0.106825 2.183e-4 -0.9990344 -0.04393565 -2.18271e-4 -0.9999814 -0.006105124 2.09556e-4 -0.9995197 0.03099113 -4.69968e-4 -0.9955071 0.09468585 -2.18134e-4 -0.9943172 0.1064581 -2.18149e-4 -0.983513 0.1808379 -5.91257e-4 -0.9808975 0.194525 2.53486e-4 -0.9666843 0.2559716 -2.5348e-4 -0.956306 0.2923676 2.53507e-4 -0.9445568 0.3283483 -5.91244e-4 -0.9219802 0.387237 -2.1813e-4 -0.916495 0.4000461 -2.18126e-4 -0.8842291 0.4670535 -5.09137e-4 -0.8782634 0.4781771 2.27759e-4 -0.8459354 0.5332856 -2.38151e-4 -0.8256144 0.5642348 2.27774e-4 -0.8041605 0.5944123 -2.18254e-4 -0.7805762 0.6250607 2.18312e-4 -0.756365 0.6541498 -5.09146e-4 -0.7136245 0.7005282 -2.1814e-4 -0.7047262 0.7094793 -2.18122e-4 -0.6500492 0.7598922 -5.91222e-4 -0.639397 0.7688767 2.34604e-4 -0.5907976 0.8068199 -5.09165e-4 -0.5375722 0.8432177 -2.18141e-4 -0.5268873 0.8499352 -2.18111e-4 -0.461098 0.8873493 -5.09127e-4 -0.4498614 0.8930982 2.18197e-4 -0.3926687 0.91968 -2.18312e-4 -0.3575854 0.9338805 2.18312e-4 -0.3219901 0.9467431 -2.18283e-4 -0.2859331 0.9582496 2.18312e-4 -0.2494671 0.9683833 -2.18283e-4 -0.2126435 0.9771299 2.18312e-4 -0.1755145 0.9844769 -2.18283e-4 -0.1381347 0.9904135 2.18312e-4 -0.1005566 0.9949314 -2.18312e-4 -0.06283533 0.9980239 2.18255e-4 -0.0250234 0.9996869 -2.18312e-4 0.01282393 0.9999178 3.0227e-4 0.05792224 0.9983211 -0.00114566 0.1135081 0.9935364 -3.27076e-4 0.1291654 0.9916231 -3.26789e-4 0.225353 0.9742772 -9.81083e-4 0.2376317 0.9713549 5.45411e-4 0.3223872 0.9466078 -0.00163573 0.3814171 0.9244017 5.45412e-4 0.4389308 0.8985208 -5.45383e-4 0.4947116 0.8690571 7.63691e-4 0.5272437 0.8497138 -3.27446e-4 0.5797579 0.8147887 3.27425e-4 0.6101771 0.7922651 -7.63662e-4 0.658904 0.7522267 5.45297e-4 0.6868979 0.7267537 -5.45354e-4 0.7313547 0.6819971 7.6369e-4 0.7566392 0.6538322 -3.27447e-4 0.7963509 0.6048348 0.005129575 0.8054799 0.5926009 0.00145179 0.8328922 0.5534335 6.99632e-4 0.8844252 0.4666817 0.003691911 0.9058861 0.4235055 -4.94079e-5 0.9361159 0.3516919 0.001233398 0.9605535 0.2780925 -8.07736e-5 0.9667919 0.2555648 1.46838e-4 0.9842922 0.1765478 -5.74871e-4 0.9892989 0.1459015 -1.47984e-4 0.9905732 0.1369852 -8.07667e-5 -0.09756028 -0.9952296 2.00351e-4 0.1088308 0.9940603 5.33695e-4 0.1158341 0.9932684 -9.2995e-4 0.1781716 0.9839991 5.2879e-4 0.2253529 0.9742771 -0.00206536 0.3059385 0.9520491 -8.43258e-4 0.3223871 0.9466075 -5.25231e-4 0.4161253 0.9093072 -0.001682281 0.4411405 0.8974365 -8.55978e-5 0.4837033 0.8752321 -0.001440048 0.5684689 0.8227035 -0.00134325 0.5694277 0.8220404 -2.50454e-4 0.6493697 0.7604728 -0.002234816 0.6736588 0.7390392 9.86469e-4 0.7398939 0.6727229 -0.001951754 0.7895052 0.6137408 -5.2632e-4 0.80392 0.5947371 -0.001640379 0.8597539 0.5107061 -0.002913415 0.8707123 0.4917843 6.36089e-4 0.9068362 0.4214827 -6.6377e-4 0.9297521 0.3681858 0.001724243 0.9526656 0.3040155 -6.26213e-4 0.9657576 0.2594456 5.37464e-4 0.9832049 0.182505 5.73046e-4 0.9833509 0.1817163 5.76969e-5 0.9910104 0.1337845 -1.97676e-5 0.9933711 0.1149514 0 0.9926168 0.1212927 -6.89236e-4 -0.1285696 -0.9917002 -4.65328e-4 0.1082379 0.994125 6.41691e-4 0.2029918 0.9791803 -3.75276e-4 0.2253529 0.9742771 7.9748e-4 0.2885841 0.9574543 -8.74952e-4 0.322387 0.9466075 0.001360952 0.4293363 0.9031437 6.99536e-4 0.4389308 0.8985207 0.001451671 0.5272431 0.8497133 0.003018915 0.5444315 0.8388 2.0441e-4 0.6101759 0.792266 0.00146991 0.6834419 0.7300035 0.00108391 0.6868972 0.7267539 0 0.9966563 0.0817092 0 0.9966561 0.08171123 0 0.9876222 0.1568522 0 0.0506528 0.9987164 1 -2.39241e-6 0 1 -1.14133e-5 0 1 6.01333e-6 0 1 -8.52447e-6 0 1 -5.68509e-7 0 1 4.52853e-6 0 1 -3.99551e-6 0 1 8.96365e-7 0 1 1.24971e-6 0 1 3.42361e-6 0 1 -4.46056e-6 0 1 -4.08051e-6 0 1 2.56828e-6 0 1 -5.4937e-6 0 1 5.01356e-7 0 1 -2.33693e-6 0 1 7.93377e-7 0 1 1.80816e-6 0 1 1.66786e-6 0 1 -1.99314e-6 0 1 -1.36234e-6 0 1 2.20426e-6 0 1 0 0 1 2.10204e-6 0 1 3.46741e-5 0 1 -2.14198e-6 0 1 2.15752e-6 0 1 -3.46192e-6 0 1 3.5882e-6 0 1 2.21486e-6 0 1 4.56888e-6 0 1 -1.66566e-6 0 1 4.53592e-6 0 1 -7.90539e-6 0 1 1.35042e-6 0 1 -8.85622e-6 0 1 2.99512e-6 0 1 4.66975e-6 0 1 -1.38892e-6 0 1 1.41408e-6 0 1 -1.14935e-6 0 1 2.59679e-6 0 1 -5.36017e-7 0 1 -2.33915e-6 0 1 4.92744e-6 0 1 -1.43967e-6 0 1 3.07529e-7 0 1 -3.3092e-6 0 1 6.02536e-7 0 1 4.64835e-7 0 1 -6.47713e-6 0 1 4.07844e-6 0 1 -1.7967e-6 0 1 9.24317e-6 0 1 3.40507e-5 0 1 -5.21485e-5 0 1 -9.69011e-7 0 1 2.78676e-5 0 1 7.46298e-7 0 1 1.65913e-7 0 1 -7.40945e-7 0 1 4.14628e-6 0 1 -5.69022e-7 0 1 1.92457e-6 0 1 -4.04898e-6 0 1 -2.52215e-7 0 1 8.14067e-5 0 1 6.15976e-7 0 1 5.67975e-6 0 1 -1.02972e-6 0 1 4.7813e-6 0 1 4.09635e-6 0 1 4.10975e-6 0 1 -4.15731e-6 0 1 4.29406e-6 0 1 4.58544e-7 0 1 -4.12446e-6 0 1 -2.55022e-7 0 1 6.76462e-6 0 1 -1.22154e-5 0 1 2.23994e-5 0 1 1.98699e-6 0 1 1.34882e-6 0 1 3.26344e-6 0 1 5.10285e-7 0 1 -5.56675e-6 0 1 3.17501e-5 0 1 -1.55157e-6 0 0 -0.9923108 -0.1237714 0 -0.9923104 -0.1237744 0 -0.9854543 -0.1699408 0 -0.9854537 -0.1699442 0 -0.9764502 -0.2157435 0 -0.9764508 -0.2157402 0 -0.9653196 -0.261071 0 -0.9653188 -0.2610743 0 -0.9520846 -0.3058353 0 -0.9520855 -0.305832 0 -0.9367764 -0.3499286 0 -0.9367764 -0.3499286 0 -0.9194273 -0.3932601 0 -0.9194273 -0.39326 0 -0.9000737 -0.4357379 0 -0.9000737 -0.4357378 0 -0.8787626 -0.4772593 0 -0.8787611 -0.477262 0 -0.8555318 -0.5177504 0 -0.8555334 -0.5177478 0 -0.8304389 -0.5571099 0 -0.8304405 -0.5571075 0 -0.8035381 -0.5952534 0 -0.8035414 -0.5952488 0 -0.7748849 -0.6321024 0 -0.7748883 -0.6320982 0 -0.7445474 -0.6675696 0 -0.7445457 -0.6675716 0 -0.712585 -0.7015858 0 -0.712585 -0.7015857 0 -0.7125824 -0.7015885 0 -0.7445474 -0.6675697 0 -0.7748881 -0.6320984 0 -0.7748854 -0.6321017 0 -0.8035404 -0.5952504 0 -0.8035377 -0.5952539 0 -0.8304405 -0.5571075 0 -0.8555311 -0.5177515 0 -0.8555335 -0.5177476 0 -0.8787614 -0.4772614 0 -0.9000744 -0.4357365 0 -0.9000732 -0.4357388 0 -0.9194273 -0.3932604 0 -0.9194272 -0.3932604 0 -0.9367768 -0.3499276 0 -0.952085 -0.3058334 0 -0.9520843 -0.3058359 0 -0.965319 -0.2610731 0 -0.9653198 -0.2610706 0 -0.9764505 -0.215742 0 -0.9764505 -0.215742 0 -0.985454 -0.1699431 0 -0.9923107 -0.1237717 0 -0.6960161 -0.7180263 1.17156e-6 -0.6960077 -0.7180344 -1.35199e-7 -0.6960207 -0.7180218 7.64442e-7 -0.6960161 -0.7180262 1.77033e-4 -0.6960783 -0.7179659 -6.737e-7 -0.6960162 -0.7180261 0 -0.6960166 -0.7180258 4.46111e-6 -0.6960232 -0.7180193 0 -0.696016 -0.7180264 -8.29175e-6 -0.696018 -0.7180244 1.69599e-5 -0.6960144 -0.718028 -9.79264e-6 -0.6960167 -0.7180256 1.3532e-6 -0.6960166 -0.7180257 2.26503e-5 -0.6960206 -0.7180219 0 -0.6960174 -0.7180249 0 -0.6960158 -0.7180264 6.7914e-6 -0.6960149 -0.7180274 -3.95004e-6 -0.6960163 -0.7180261 -1.34649e-5 -0.6960169 -0.7180254 7.05314e-7 -0.6960147 -0.7180276 5.46763e-6 -0.6960189 -0.7180235 -2.71803e-6 -0.6960152 -0.7180271 6.97941e-6 -0.6960186 -0.7180238 0 -0.6960155 -0.7180267 -2.01231e-5 -0.6960498 -0.7179935 -1.58801e-5 -0.6960091 -0.718033 0 -0.6960161 -0.7180262 1.1446e-6 -0.6960166 -0.7180257 0 -0.6960152 -0.718027 9.3196e-6 -0.6960158 -0.7180264 1.66042e-6 -0.6960173 -0.718025 -3.9439e-6 -0.6960172 -0.7180252 -5.22813e-7 -0.6960178 -0.7180246 8.13647e-6 -0.6960154 -0.7180269 7.05455e-6 -0.6960174 -0.7180249 -7.23454e-6 -0.6960176 -0.7180247 3.16201e-6 -0.696011 -0.7180312 -6.96827e-6 -0.6960174 -0.718025 1.94636e-6 -0.6960187 -0.7180237 -2.11265e-5 -0.6960142 -0.718028 1.44693e-5 -0.6960145 -0.7180278 -2.26218e-5 -0.6960178 -0.7180246 0 -0.6960176 -0.7180248 0 -0.6960152 -0.7180271 0 -0.6960182 -0.7180241 5.58427e-5 -0.6960096 -0.7180325 -7.86251e-5 -0.6960286 -0.7180141 -1.5337e-6 -0.6960161 -0.7180262 3.78956e-7 -0.6960165 -0.7180259 1.90348e-6 -0.6960162 -0.7180262 0 -0.6960169 -0.7180256 2.02385e-6 -0.6960168 -0.7180256 -5.30897e-7 -0.6960167 -0.7180256 4.0065e-7 -0.6960165 -0.7180258 -4.15527e-7 -0.6960167 -0.7180256 2.9037e-7 -0.6960167 -0.7180256 1.86827e-7 -0.6960155 -0.7180268 0 -0.6960167 -0.7180256 -5.554e-7 -0.6960166 -0.7180258 -8.97933e-6 -0.6960158 -0.7180265 3.68475e-5 -0.6960101 -0.7180321 -6.01384e-5 -0.6960273 -0.7180154 0 -0.6960155 -0.7180268 -3.12404e-6 -0.6960157 -0.7180267 0 -0.6960173 -0.718025 5.30897e-7 -0.6960175 -0.7180248 -4.0065e-7 -0.6960165 -0.7180258 3.11645e-7 -0.696017 -0.7180253 -2.9037e-7 -0.6960167 -0.7180256 0 -0.696015 -0.7180274 -2.33534e-7 -0.6960158 -0.7180265 1.35199e-7 -0.6960211 -0.7180213 -1.2817e-6 -0.6960021 -0.7180397 0 -0.679658 -0.7335292 -9.26107e-4 -0.6685652 -0.743653 4.64412e-4 -0.6343792 -0.7730219 -4.63036e-4 -0.6226798 -0.7824767 9.27457e-4 -0.5867967 -0.8097338 0 -0.5745624 -0.8184608 0 -0.5243644 -0.851494 0 -0.5243645 -0.8514939 0 -0.4722777 -0.8814499 -0.001389503 -0.4589766 -0.8884473 -5.10598e-7 -0.4184762 -0.9082278 -0.001850783 -0.363172 -0.9317203 0 -0.3771259 -0.9261621 0 -0.3065524 -0.9518539 0 -0.2342449 -0.9721776 0 -0.2342498 -0.9721764 0 -0.1754323 -0.9844915 0 -0.1159712 -0.9932526 3.94828e-5 -0.1165934 -0.9931798 -5.0378e-4 -0.1340003 -0.9909812 5.02415e-4 -0.150127 -0.9886667 -0.001006186 -0.1982246 -0.9801562 0.001006186 -0.2300288 -0.9731834 -5.0173e-4 -0.2772579 -0.9607954 5.02421e-4 -0.2928716 -0.9561517 -0.001004099 -0.3392037 -0.9407125 0.001004815 -0.3696557 -0.9291684 -5.03102e-4 -0.4145814 -0.9100121 0.001506745 -0.4440059 -0.8960226 -0.001504659 -0.4872175 -0.8732795 5.01048e-4 -0.515372 -0.8569664 -0.001003444 -0.5566204 -0.8307663 0.001004815 -0.5833644 -0.81221 -5.01745e-4 -0.6223377 -0.7827488 5.01056e-4 -0.6349908 -0.7725196 -0.001004815 -0.6719568 -0.7405897 0 -0.6839134 -0.7295632 0 -0.7187274 -0.6952921 0.001003444 -0.72996 -0.6834892 -5.01739e-4 -0.7624558 -0.6470402 5.0242e-4 -0.7728934 -0.6345357 -0.001003444 -0.8029434 -0.5960545 0 -0.8125537 -0.5828863 0 -0.8400492 -0.5425102 0.001002788 -0.8487617 -0.5287747 -5.03105e-4 -0.8735657 -0.486706 5.03095e-4 -0.8813692 -0.4724278 -0.001004159 -0.9034 -0.428798 0 -0.9102554 -0.4140475 0 -0.9293912 -0.3690963 0 -0.92938 -0.3691245 0 -0.9462985 -0.3232942 0.001004815 -0.9514426 -0.3078245 -5.01057e-4 -0.9653309 -0.261029 5.02083e-4 -0.969452 -0.2452809 -0.001004457 -0.9802794 -0.1976141 0 -0.9833652 -0.1816396 0 -0.9910596 -0.1334207 0.001004159 -0.9930971 -0.1172914 -5.02851e-4 -0.9976411 -0.06864571 5.01485e-4 -0.9986287 -0.0523498 -0.001004517 -0.999993 -0.003594517 0.001004457 -0.999579 0.02899628 -5.01909e-4 -0.9969727 0.0777511 5.02078e-4 -0.9955719 0.0940026 -0.001004457 -0.9897949 0.1424959 0 -0.9873471 0.1585742 0 -0.9784251 0.2066025 0 -0.9671617 0.2541618 0.001004159 -0.9629129 0.2698108 -5.02079e-4 -0.9485797 0.3165379 5.02415e-4 -0.9432939 0.3319586 -0.001003801 -0.9259676 0.3776018 0 -0.919701 0.3926194 0 -0.8994351 0.4370545 0.001004099 -0.8921845 0.4516702 -5.0174e-4 -0.8690774 0.4946759 5.02423e-4 -0.8609129 0.5087522 -0.001004815 -0.8350325 0.5501999 0.001004815 -0.8166937 0.5770707 -5.03103e-4 -0.7875418 0.6162613 5.03781e-4 -0.7773858 0.629024 -0.001003444 -0.7457551 0.6662195 0.001004815 -0.7236679 0.6901477 -5.02422e-4 -0.6891016 0.7246645 5.01065e-4 -0.6772187 0.7357817 -0.001007556 -0.6404898 0.7679661 0.001007497 -0.6151399 0.7884174 -5.02422e-4 -0.5759108 0.8175125 5.02428e-4 -0.5625237 0.826781 -0.001003444 -0.5214863 0.8532592 0 -0.5075276 0.8616355 0 -0.4648502 0.8853895 0.001004815 -0.4503647 0.8928442 -5.02414e-4 -0.4062364 0.9137679 5.01053e-4 -0.3913065 0.9202604 -0.001004815 -0.3459069 0.9382683 0 -0.3305808 0.9437777 0 -0.2840988 0.9587951 0.001004815 -0.2684617 0.9632899 -5.02416e-4 -0.2211112 0.9752485 5.02431e-4 -0.2052018 0.9787195 -0.001003444 -0.157162 0.9875724 0.001006126 -0.1249281 0.9921653 -5.0243e-4 -0.07633721 0.997082 5.01046e-4 -0.06009012 0.9981929 -0.001006186 -0.01127487 0.9999359 0.001006186 0.02128767 0.9997729 -5.0242e-4 0.07006269 0.9975426 5.03788e-4 0.08629733 0.9962693 -0.001004815 0.1348471 0.990866 0.001004815 0.1670395 0.9859498 -5.01054e-4 0.2149757 0.9766193 0.001505732 0.2466565 0.9691018 -0.001506745 0.2936854 0.955901 5.03774e-4 0.3246554 0.9458323 -0.001002132 0.3704539 0.9288504 0.001002073 0.4004859 0.9163024 -5.0105e-4 0.4447403 0.8956595 5.03784e-4 0.459277 0.888293 -0.001003444 0.5021059 0.8648056 0 0.5161157 0.856519 0 0.557325 0.8302944 0.001004815 0.5707722 0.8211079 -5.02422e-4 0.6101793 0.7922632 5.01064e-4 0.6229947 0.7822259 -0.001004099 0.6604264 0.7508902 0.001004815 0.684552 0.7289634 -5.00383e-4 0.7193273 0.6946712 5.01052e-4 0.7305209 0.6828903 -0.00100547 0.7630084 0.6463879 0 0.7734364 0.6338739 0 0.8034681 0.5953478 0 0.8034369 0.5953899 0 0.8315755 0.5554119 0.001006186 0.8404991 0.5418122 -5.01056e-4 0.8659566 0.500119 5.0311e-4 0.8739876 0.4859483 -0.001004815 0.8966601 0.4427186 0.001004099 0.910593 0.4133032 -5.02765e-4 0.9297057 0.3683028 5.02416e-4 0.9355724 0.3531348 -0.001003801 0.9516961 0.3070399 0.001004099 0.9611896 0.275887 -2.55226e-7 0.9696672 0.2444292 0.001505315 0.9804428 0.1967984 0 0.9771059 0.2127537 0 0.9888806 0.1487119 3.91391e-5 0.9889798 0.1480507 2.10553e-5 0.9890574 0.1475319 -9.39706e-4 0.9843 0.1765013 0.001007735 0.978033 0.2084484 -5.0527e-4 0.9682786 0.2498731 6.006e-4 0.9632565 0.2685823 -0.001539707 0.9467899 0.3218489 3.03602e-4 0.9395881 0.342307 -4.08175e-4 0.9139798 0.4057594 -0.001142799 0.9165806 0.3998485 -5.10295e-5 0.8900999 0.4557656 -9.56742e-4 0.8809407 0.4732257 0.001009881 0.8601679 0.51001 -5.94477e-4 0.8429371 0.5380117 6.76579e-4 0.826947 0.5622795 -9.24729e-4 0.8091043 0.5876644 8.84627e-4 0.7823002 0.6229009 -3.5977e-4 0.7627093 0.6467414 5.80991e-4 0.7507542 0.6605814 -6.41143e-4 0.7225005 0.6913702 4.84487e-4 0.7096412 0.7045631 0 0.07194244 0.9974088 -5.94589e-5 0.09339302 0.9956294 6.13709e-5 0.09818977 0.9951677 -6.12338e-5 0.1408687 0.9900283 5.02852e-5 0.1452819 0.9893903 -4.90068e-5 0.1880232 0.9821646 5.0571e-5 0.1930567 0.9811876 -5.0301e-5 0.2347488 0.972056 5.18611e-5 0.2398764 0.9708034 -5.15089e-5 0.2809372 0.9597262 5.30652e-5 0.2861452 0.9581863 -5.27599e-5 0.326484 0.9452027 5.42692e-5 0.3317569 0.9433649 -5.40973e-5 0.3712852 0.9285189 5.55594e-5 0.3766043 0.9263743 -5.53914e-5 0.4152361 0.9097138 5.67635e-5 0.4205871 0.9072523 -5.65994e-5 0.4582397 0.8888288 5.79675e-5 0.4636003 0.8860445 -5.78504e-5 0.500196 0.8659123 5.93006e-5 0.50555 0.8627973 -5.91015e-5 0.5410072 0.841018 6.05047e-5 0.5463346 0.837567 -6.02663e-5 0.5805839 0.8142005 6.17087e-5 0.5858621 0.8104108 -6.13879e-5 0.6188339 0.7855219 6.28698e-5 0.6240442 0.7813891 -6.26822e-5 0.6556694 0.7550482 6.40738e-5 0.6607905 0.7505705 -6.389e-5 0.6910039 0.7228511 6.52779e-5 0.6960161 0.7180262 -6.50116e-5 0.724762 0.6889993 6.6439e-5 0.7296412 0.6838303 -6.61549e-5 0.7568627 0.653574 6.76001e-5 0.7615885 0.6480609 -6.73412e-5 0.7872339 0.6166545 6.87181e-5 0.7917838 0.6108015 -6.84628e-5 0.815805 0.5783271 6.99008e-5 0.8201594 0.5721351 -6.9606e-5 0.8425126 0.5386769 7.10187e-5 0.846645 0.5321583 -7.07063e-5 0.8672968 0.4977914 7.21154e-5 0.8711873 0.4909509 -7.18385e-5 0.8900942 0.4557767 7.32119e-5 0.893723 0.4486196 -7.29493e-5 0.9108595 0.4127168 7.43193e-5 0.9142054 0.4052513 -7.40062e-5 0.9295433 0.3687131 7.54158e-5 0.9325833 0.3609549 -7.50956e-5 0.9461043 0.323862 7.64477e-5 0.9488149 0.3158326 -7.61955e-5 0.9604998 0.2782809 7.75337e-5 0.9628677 0.2699738 -7.72338e-5 0.9727034 0.2320522 7.85764e-5 0.9747038 0.2235005 -7.82745e-5 0.9826824 0.1852982 7.96166e-5 0.9842984 0.1765128 -7.93125e-5 0.9904152 0.1381219 8.06514e-5 0.9916297 0.1291151 -8.03286e-5 0.9958841 0.09063625 8.16901e-5 0.9966795 0.08142554 -8.13346e-5 0.999078 0.04293268 8.26463e-5 0.9994373 0.03354334 -8.23855e-5 0.9999883 -0.00486201 8.36606e-5 0.9998962 -0.01441305 -8.33614e-5 0.9986131 -0.05265122 8.46395e-5 0.9980555 -0.06233382 -8.43497e-5 0.9949554 -0.1003189 8.56551e-5 0.993919 -0.1101142 -8.5286e-5 0.9890245 -0.147752 8.65898e-5 0.987496 -0.157644 -8.62796e-5 0.9808329 -0.1948509 8.75613e-5 0.9788023 -0.2048079 -8.72125e-5 0.9704002 -0.2415029 8.85047e-5 0.9678571 -0.251501 -8.81615e-5 0.9577484 -0.2876077 8.94347e-5 0.9546864 -0.2976139 -8.90999e-5 0.9429091 -0.3330503 9.03806e-5 0.9393185 -0.3430461 -8.99788e-5 0.9259145 -0.3777335 9.12837e-5 0.9217913 -0.3876865 -9.09172e-5 0.9068039 -0.4215528 9.22083e-5 0.9021441 -0.431435 -9.18122e-5 0.8856187 -0.4644131 9.30361e-5 0.8804213 -0.4741925 -9.27075e-5 0.8624141 -0.5062036 9.39604e-5 0.8566718 -0.515862 -9.35917e-5 0.837233 -0.5468464 9.48423e-5 0.8309568 -0.5563371 -9.44547e-5 0.8101429 -0.5862325 9.56807e-5 0.803327 -0.5955383 -9.53173e-5 0.7811984 -0.6242829 9.65409e-5 0.7738513 -0.6333674 -9.61584e-5 0.7504688 -0.660906 9.73579e-5 0.7425935 -0.6697425 -9.70214e-5 0.7180269 -0.6960154 9.82609e-5 0.7096282 -0.7045764 -9.77978e-5 0.6839401 -0.7295383 9.90781e-5 0.6750327 -0.7377879 -9.86174e-5 0.6482931 -0.7613909 9.9852e-5 0.6388825 -0.7693045 -9.9394e-5 0.611163 -0.7915048 1.00626e-4 0.6012653 -0.7990495 -1.0017e-4 0.5726366 -0.8198094 1.014e-4 0.5622617 -0.8269594 -1.01033e-4 0.5328022 -0.8462399 1.0226e-4 0.5219659 -0.8529664 -1.01724e-4 0.4917489 -0.870737 1.02991e-4 0.480471 -0.8770106 -1.02543e-4 0.4495742 -0.8932431 1.03722e-4 0.4378696 -0.8990386 -1.0332e-4 0.4063689 -0.9137091 1.04496e-4 0.394262 -0.9189981 -1.0401e-4 0.3622363 -0.9320864 1.05184e-4 0.3497483 -0.9368437 -1.04743e-4 0.3172756 -0.9483334 1.05958e-4 0.3044282 -0.9525353 -1.05434e-4 0.27159 -0.9624131 1.06646e-4 0.2584105 -0.9660353 -1.06167e-4 0.2252829 -0.9742935 1.07334e-4 0.2117943 -0.9773144 -1.06814e-4 0.1784618 -0.9839469 1.08023e-4 0.164695 -0.9863446 -1.07504e-4 0.1312314 -0.9913519 1.08625e-4 0.1172167 -0.9931064 -1.08324e-4 0.08370494 -0.9964906 1.09313e-4 0.06946665 -0.9975843 -1.08928e-4 0.03598183 -0.9993525 1.10087e-4 0.02155733 -0.9997677 -1.09575e-4 -0.01181924 -0.9999302 1.10603e-4 -0.0264005 -0.9996514 -1.10179e-4 -0.05959504 -0.9982227 1.11291e-4 -0.07430011 -0.997236 -1.10826e-4 -0.1072344 -0.9942339 1.11979e-4 -0.1220249 -0.9925271 -1.11473e-4 -0.1546285 -0.9879727 1.12581e-4 -0.169472 -0.985535 -1.11991e-4 -0.2016717 -0.9794532 1.13183e-4 -0.2165288 -0.9762763 -1.12681e-4 -0.2482494 -0.9686961 1.13699e-4 -0.2630864 -0.9647723 -1.13285e-4 -0.2942625 -0.9557247 1.14387e-4 -0.3090398 -0.9510492 -1.13846e-4 -0.3396028 -0.9405689 1.14989e-4 -0.3542819 -0.9351387 -1.14364e-4 -0.384168 -0.9232632 1.15505e-4 -0.3987109 -0.9170768 -1.14968e-4 -0.4278529 -0.9038485 1.36165e-4 -0.4434682 -0.8962902 -1.48481e-4 -0.4705607 -0.8823676 2.09403e-4 -0.487519 -0.8731124 -2.61104e-4 -0.5121936 -0.85887 2.64665e-4 -0.5261187 -0.8504112 -5.29395e-4 -0.5658669 -0.8244965 4.01669e-4 -0.5793936 -0.8150478 -3.96901e-4 -0.6172431 -0.7867724 5.41067e-4 -0.6302716 -0.7763745 -2.65811e-4 -0.6661098 -0.7458537 7.74051e-4 -0.690253 -0.7235678 -5.1577e-4 -0.7122696 -0.701906 5.22679e-4 -0.7350859 -0.6779739 -7.65742e-4 -0.7555394 -0.655103 7.69728e-4 -0.786875 -0.6171121 -5.15025e-4 -0.8052858 -0.5928868 5.22099e-4 -0.8247058 -0.5655617 -7.61291e-4 -0.8414217 -0.5403785 2.08825e-4 -0.8580694 -0.5135338 -1.81964e-4 -0.8741361 -0.485681 1.39878e-4 -0.8816999 -0.4718109 -1.21686e-4 -0.896349 -0.4433494 1.22751e-4 -0.9042249 -0.4270568 -1.22118e-4 -0.9165138 -0.4000031 1.23149e-4 -0.9236595 -0.3832144 -1.22501e-4 -0.9345842 -0.3557423 1.23525e-4 -0.9409687 -0.3384939 -1.22889e-4 -0.9505179 -0.3106699 1.23896e-4 -0.9561179 -0.2929822 -1.23277e-4 -0.9642785 -0.2648904 1.24261e-4 -0.9690642 -0.2468087 -1.23628e-4 -0.9758378 -0.218496 1.24619e-4 -0.9797825 -0.2000657 -1.23955e-4 -0.9851642 -0.1716148 1.24992e-4 -0.988249 -0.1528526 -1.24287e-4 -0.9922401 -0.1243363 0 -0.9933817 -0.1148594 1.59798e-4 -0.9922404 -0.1243348 -1.60705e-4 -0.9882485 -0.1528561 1.59371e-4 -0.9851649 -0.171611 -1.60224e-4 -0.9797823 -0.2000665 1.58952e-4 -0.9758378 -0.2184967 -1.59765e-4 -0.9690639 -0.2468101 1.58499e-4 -0.9642791 -0.2648887 -1.59295e-4 -0.9561173 -0.2929844 1.57997e-4 -0.9505177 -0.3106703 -1.58818e-4 -0.9409692 -0.3384925 1.57501e-4 -0.9345842 -0.3557421 -1.58334e-4 -0.9236602 -0.3832127 1.57009e-4 -0.9165134 -0.4000042 -1.57823e-4 -0.9042242 -0.4270581 1.56454e-4 -0.8963486 -0.44335 -1.87511e-4 -0.8813571 -0.4724507 7.59787e-4 -0.8662857 -0.4995485 1.59453e-4 -0.8591624 -0.511703 4.62657e-4 -0.8336242 -0.5523318 5.55042e-4 -0.8327015 -0.5537219 -2.71467e-4 -0.8061841 -0.5916647 7.64319e-4 -0.7859847 -0.6182455 -5.22422e-4 -0.7667458 -0.6419506 5.15575e-4 -0.7450008 -0.6670634 -7.72696e-4 -0.7241512 -0.6896409 2.66831e-4 -0.7009958 -0.7131654 -2.68207e-4 -0.6785973 -0.7345106 7.69983e-4 -0.6541404 -0.7563728 -5.2313e-4 -0.6302711 -0.7763749 5.16126e-4 -0.6046246 -0.7965105 -7.77987e-4 -0.5793647 -0.8150682 2.62074e-4 -0.552656 -0.8334096 -2.63466e-4 -0.526093 -0.850427 2.61055e-4 -0.5121936 -0.85887 -1.84552e-4 -0.4888322 -0.8723778 1.15507e-4 -0.4705612 -0.8823674 -1.25331e-4 -0.4410702 -0.8974727 1.47816e-4 -0.4278534 -0.9038482 -1.48506e-4 -0.3987104 -0.917077 1.47011e-4 -0.3841682 -0.9232632 -1.47843e-4 -0.3542819 -0.9351387 1.46401e-4 -0.3396028 -0.940569 -1.47069e-4 -0.3090403 -0.951049 1.45652e-4 -0.2942622 -0.9557248 -1.46184e-4 -0.2630866 -0.9647722 1.44876e-4 -0.2482494 -0.9686962 -1.45521e-4 -0.2165288 -0.9762762 1.43988e-4 -0.2016717 -0.9794532 -1.44747e-4 -0.169472 -0.9855351 1.4335e-4 -0.1546284 -0.9879727 -1.43973e-4 -0.122025 -0.992527 1.42491e-4 -0.1072344 -0.9942339 -1.43088e-4 -0.07430011 -0.997236 1.41659e-4 -0.05959504 -0.9982227 -1.42203e-4 -0.0264005 -0.9996514 1.40882e-4 -0.01181924 -0.9999302 -1.4154e-4 0.02155733 -0.9997677 1.4005e-4 0.03598183 -0.9993525 -1.40545e-4 0.06946665 -0.9975844 1.39246e-4 0.08370494 -0.9964906 -1.3966e-4 0.1172167 -0.9931064 1.3822e-4 0.1312314 -0.9913519 -1.38886e-4 0.164695 -0.9863446 1.37305e-4 0.1784619 -0.9839469 -1.38001e-4 0.2117943 -0.9773143 1.36528e-4 0.2252829 -0.9742935 -1.37117e-4 0.2584105 -0.9660353 1.35558e-4 0.2715898 -0.9624132 -1.36232e-4 0.3044282 -0.9525354 1.3467e-4 0.3172754 -0.9483335 -1.35237e-4 0.3497491 -0.9368435 1.33727e-4 0.3622357 -0.9320865 -1.34352e-4 0.3942621 -0.9189981 1.3284e-4 0.4063692 -0.9137091 -1.33357e-4 0.4378697 -0.8990385 1.31841e-4 0.4495739 -0.8932431 -1.32417e-4 0.4804713 -0.8770105 1.30815e-4 0.4917487 -0.8707371 -1.31478e-4 0.5219663 -0.8529661 1.29928e-4 0.5328024 -0.8462398 -1.30371e-4 0.562261 -0.8269599 1.28805e-4 0.5726371 -0.819809 -1.29377e-4 0.6012651 -0.7990497 1.27792e-4 0.6111631 -0.7915047 -1.28381e-4 0.6388823 -0.7693045 1.26766e-4 0.6482937 -0.7613905 -1.27386e-4 0.6750323 -0.7377882 1.25768e-4 0.6839403 -0.7295381 -1.26335e-4 0.709627 -0.7045777 1.24742e-4 0.7180275 -0.6960148 -1.25174e-4 0.7425935 -0.6697424 1.23633e-4 0.7504706 -0.6609038 -1.24124e-4 0.7738498 -0.6333693 1.22558e-4 0.7811982 -0.6242832 -1.23018e-4 0.8033263 -0.5955393 1.21442e-4 0.8101438 -0.5862312 -1.2194e-4 0.8309566 -0.5563374 1.20346e-4 0.8372339 -0.5468451 -1.20806e-4 0.8566716 -0.5158622 1.19195e-4 0.8624138 -0.5062039 -1.19618e-4 0.8804221 -0.474191 1.18037e-4 0.885618 -0.4644147 -1.18554e-4 0.9021441 -0.431435 1.16893e-4 0.9068028 -0.4215551 -1.17365e-4 0.9217919 -0.3876851 1.15684e-4 0.9259145 -0.3777331 -1.16204e-4 0.9393185 -0.3430464 1.14555e-4 0.9429087 -0.3330517 -1.14988e-4 0.9546878 -0.2976095 1.1335e-4 0.9577475 -0.2876105 -1.13792e-4 0.9678576 -0.2514988 1.12131e-4 0.9703993 -0.2415062 -1.12579e-4 0.9788029 -0.2048048 1.10931e-4 0.9808328 -0.1948513 -1.1133e-4 0.9874961 -0.1576437 1.09653e-4 0.9890244 -0.1477528 -1.10128e-4 0.993919 -0.1101145 1.0845e-4 0.9949555 -0.100317 -1.08822e-4 0.9980552 -0.06233769 1.07179e-4 0.9986132 -0.05264687 -1.07564e-4 0.9998961 -0.0144158 1.05924e-4 0.9999883 -0.004859626 -1.0626e-4 0.9994374 0.03354144 1.04573e-4 0.999078 0.04293465 -1.0503e-4 0.9966796 0.08142441 1.03279e-4 0.9958844 0.09063315 -1.03695e-4 0.9916295 0.1291162 1.01973e-4 0.9904153 0.1381223 -1.02364e-4 0.9842982 0.1765143 1.00639e-4 0.9826829 0.1852955 -1.01027e-4 0.9747035 0.223502 9.92988e-5 0.9727031 0.2320532 -9.96862e-5 0.9628677 0.2699735 9.79622e-5 0.9604996 0.2782816 -9.829e-5 0.9488152 0.3158318 9.65533e-5 0.9461045 0.3238617 -9.69632e-5 0.9325831 0.3609553 9.51544e-5 0.9295434 0.3687128 -9.55534e-5 0.9142057 0.4052507 9.37884e-5 0.9108586 0.4127187 -9.41297e-5 0.8937235 0.4486182 9.23569e-5 0.8900951 0.4557752 -9.27197e-5 0.8711864 0.4909523 9.09115e-5 0.8672968 0.4977915 -9.13098e-5 0.8466452 0.532158 8.94831e-5 0.8425126 0.5386767 -8.98726e-5 0.82016 0.5721343 8.80375e-5 0.8158047 0.5783277 -8.83516e-5 0.7917823 0.6108034 8.65954e-5 0.7872337 0.6166548 -8.69145e-5 0.7615897 0.6480595 8.50561e-5 0.7568615 0.6535754 -8.54218e-5 0.7296438 0.6838275 8.3607e-5 0.7247602 0.6890012 -8.39288e-5 0.6960167 0.7180256 8.21442e-5 0.6910035 0.7228514 -8.23807e-5 0.6607906 0.7505704 8.05706e-5 0.6556693 0.7550483 -8.08326e-5 0.6240444 0.7813889 7.89549e-5 0.6188331 0.7855225 -7.93399e-5 0.5858634 0.8104099 7.74851e-5 0.5805828 0.8142012 -7.77918e-5 0.5463348 0.8375669 7.59877e-5 0.5410078 0.8410177 -7.62436e-5 0.5055499 0.8627974 7.43998e-5 0.5001955 0.8659126 -7.45297e-5 0.4636008 0.8860443 7.27567e-5 0.4582391 0.8888289 -7.29817e-5 0.4205877 0.907252 7.12174e-5 0.4152355 0.9097141 -7.14335e-5 0.3766042 0.9263743 6.95398e-5 0.3712854 0.9285188 -6.97747e-5 0.3317569 0.9433649 6.78343e-5 0.3264843 0.9452027 -6.82267e-5 0.2861453 0.9581863 6.6198e-5 0.280937 0.9597262 -6.66785e-5 0.2398765 0.9708034 6.47282e-5 0.2347488 0.9720561 -6.502e-5 0.193057 0.9811877 6.29948e-5 0.188023 0.9821647 -6.12966e-5 0.1464098 0.9892241 4.76694e-5 0.1408687 0.9900284 -4.77329e-5 0.09818971 0.9951677 4.62566e-5 0.09339302 0.9956294 -5.80458e-4 -0.5260927 -0.850427 -4.50182e-4 -0.5276162 -0.8494828 9.95255e-5 -0.4824978 -0.8758972 3.30374e-5 -0.4830251 -0.8756065 -9.12059e-5 -0.4834941 -0.8753477 4.95766e-4 -0.5205348 -0.8538404 1.4089e-4 -0.5261199 -0.8504105 6.36929e-4 -0.5793938 -0.8150476 0.001886069 -0.5894917 -0.8077723 -4.86253e-4 -0.6302717 -0.7763745 0.003079056 -0.6771811 -0.7358099 9.32722e-4 -0.6902523 -0.7235683 3.13415e-5 -0.7350864 -0.6779735 0.002628028 -0.7539917 -0.6568787 -4.11474e-4 -0.7868753 -0.6171121 0.001200854 -0.8107012 -0.5854589 -4.0138e-4 -0.8247057 -0.5655621 4.60299e-4 -0.8453807 -0.5341642 -4.1115e-4 -0.8613057 -0.5080869 0 -0.8657466 -0.5004827 0 -0.8827095 -0.4699192 4.3061e-4 -0.8551549 -0.5183725 8.46624e-5 -0.8591654 -0.511698 -3.79403e-4 -0.8362678 -0.5483212 -1.05312e-4 -0.8336258 -0.5523297 -3.50914e-4 -0.8061835 -0.5916656 -0.001873731 -0.7925511 -0.6098027 5.57771e-4 -0.7667456 -0.641951 -0.001758098 -0.7316587 -0.6816689 -5.19492e-4 -0.7241503 -0.689642 -9.24754e-5 -0.6785992 -0.7345088 -0.002164602 -0.6545701 -0.7559983 3.20399e-4 -0.6302713 -0.776375 -9.47977e-4 -0.5888093 -0.8082715 3.91561e-5 -0.5793648 -0.8150685 -0.001451432 0.7180254 0.6960154 0.001450181 0.673348 0.7393243 -4.84366e-4 0.6421114 0.7666112 9.67893e-4 0.5932022 0.8050529 -9.67103e-4 0.559329 0.8289452 4.83558e-4 0.5067139 0.8621142 -4.8273e-4 0.4887237 0.8724385 9.66308e-4 0.4335491 0.9011294 -9.65487e-4 0.3957965 0.9183377 4.82742e-4 0.3379402 0.9411675 -4.82735e-4 0.3183627 0.9479689 9.67897e-4 0.2588146 0.9659267 -9.68728e-4 0.2185412 0.9758273 4.85188e-4 0.1574419 0.9875282 -0.001451373 0.1163717 0.9932047 0.001452624 0.05440539 0.9985179 -4.8598e-4 0.01294201 0.9999162 9.67123e-4 -0.0492537 0.9987859 0 -0.06995475 0.9975502 0 -0.1318241 0.9912731 0 -0.131819 0.9912738 0 -0.1931917 0.9811611 -9.67101e-4 -0.2134944 0.9769438 4.85176e-4 -0.2738121 0.9617831 -4.84371e-4 -0.2937094 0.9558947 9.67921e-4 -0.3525734 0.9357838 0 -0.3718859 0.9282785 0 -0.4475113 0.8942784 0.001451253 -0.4288802 0.9033604 -1.21846e-6 -0.484209 0.8749525 9.66305e-4 -0.5200974 0.8541065 0 -0.5376649 0.8431587 0 -0.5890527 0.8080946 0 -0.5890343 0.8081082 0 -0.6381551 0.7699078 0 -0.6381552 0.7699078 0 -0.6847757 0.728754 0 -0.6847951 0.7287357 0 -0.7287476 0.6847825 0 -0.7287671 0.6847617 0 -0.7699219 0.6381382 0 -0.808115 0.5890248 0 -0.808115 0.5890249 0 -0.8431773 0.5376356 0 -0.8431596 0.5376634 0 -0.8749682 0.4841804 -9.67909e-4 -0.8847977 0.4659745 4.84362e-4 -0.912069 0.4100366 -4.82737e-4 -0.9203793 0.3910268 9.67515e-4 -0.9429043 0.3330626 0 -0.9496123 0.3134274 0 -0.9672567 0.2538004 -9.6669e-4 -0.9723047 0.2337154 4.83553e-4 -0.984964 0.1727592 -4.83551e-4 -0.9883276 0.1523436 0.001450181 -0.9975501 0.06994181 0.001449346 -0.9975549 0.06987351 -4.84086e-4 -0.999916 -0.01295107 0.001449823 -0.9985167 -0.05442774 -0.001450061 -0.9932028 -0.1163886 0.001449882 -0.9840407 -0.1779378 -0.001450479 -0.9710854 -0.2387281 0.001451075 -0.9543599 -0.2986558 -4.83954e-4 -0.9411465 -0.3379989 9.67114e-4 -0.9183287 -0.3958177 0 -0.9099289 -0.4147645 0 -0.8724337 -0.4887327 0 -0.8724225 -0.4887526 0 -0.8289328 -0.5593482 0 -0.828933 -0.5593482 0 -0.7665879 -0.6421395 0.001450061 -0.7797589 -0.6260784 0 -0.7393131 -0.6733618 0.001450181 -0.6960132 -0.7180275 0.001449942 -0.6960124 -0.7180283 0 -0.6500236 -0.7599141 0.001448988 -0.60154 -0.7988414 0.001451194 -0.6015096 -0.7988644 0 -0.5507215 -0.8346891 9.67099e-4 -0.5156135 -0.8568208 -9.67113e-4 -0.4796564 -0.877456 4.85176e-4 -0.4241664 -0.9055842 -4.8436e-4 -0.4052959 -0.9141855 9.67903e-4 -0.3476802 -0.9376127 -9.67145e-4 -0.3085253 -0.9512158 4.83546e-4 -0.248777 -0.9685607 -4.82737e-4 -0.2286465 -0.9735094 9.67892e-4 -0.1676734 -0.9858422 0 -0.1471991 -0.989107 0 -0.08542734 -0.9963445 -9.67097e-4 -0.06475108 -0.997901 4.84368e-4 -0.002583146 -0.9999966 -4.84353e-4 0.01816141 -0.999835 9.67112e-4 0.08027768 -0.9967721 -9.67114e-4 0.1215286 -0.9925875 4.83551e-4 0.1830165 -0.9831097 -4.82738e-4 0.2033618 -0.9791036 9.67939e-4 0.2638458 -0.9645645 0 0.2837752 -0.9588909 0 0.3428345 -0.9393959 -9.67102e-4 0.3622381 -0.9320851 4.83535e-4 0.419479 -0.9077649 -4.82745e-4 0.4382333 -0.8988611 9.67099e-4 0.4932705 -0.8698754 0 0.5112141 -0.8594534 0 0.5636153 -0.8260375 0 0.5636335 -0.8260251 0 0.6301266 -0.7764924 0 0.6301268 -0.7764924 0 0.6923127 -0.7215977 0 0.6923126 -0.7215977 0 0.7497048 -0.6617724 0 0.7497047 -0.6617726 0 0.789392 -0.6138895 0 0.7894109 -0.6138652 0 0.8260274 -0.5636301 0 0.8260455 -0.5636035 0 0.8698817 -0.4932605 0.001448214 0.8594856 -0.5111579 0 0.8895734 -0.4567923 9.67106e-4 0.9077759 -0.4194543 0 0.9162677 -0.4005668 0 0.9463111 -0.3232576 0 0.946303 -0.323281 0 0.9698367 -0.2437559 0 0.9698367 -0.2437559 0 0.9898566 -0.1420709 0 0.9898565 -0.1420708 0 0.9982267 -0.05952823 -0.001450359 0.9992439 -0.03885459 4.83047e-4 0.999029 0.04405468 -4.83652e-4 0.9979012 0.06475514 9.67096e-4 0.9919438 0.1266749 -9.669e-4 0.9858398 0.1676876 4.83958e-4 0.9735096 0.2286458 -4.83138e-4 0.9685422 0.248849 9.67514e-4 0.9512115 0.3085382 -9.67524e-4 0.9376124 0.3476811 4.83142e-4 0.9141709 0.4053286 -4.83552e-4 0.9055628 0.4242122 9.67521e-4 0.8774522 0.4796631 -9.67926e-4 0.8568115 0.515629 4.83556e-4 0.8230966 0.5679013 -0.001450181 0.7988249 0.6015619 0.001450181 0.7598915 0.6500484 -1 -5.71246e-6 0 -1 2.34613e-6 0 -1 5.25307e-6 0 -1 -1.85186e-6 0 -1 -4.9843e-5 0 -1 4.37995e-6 0 -1 -9.59777e-7 0 -1 -7.04691e-7 0 -1 2.26531e-7 0 -1 -2.1589e-6 0 -1 1.95464e-6 0 -1 -5.55268e-7 0 -1 -8.68451e-7 0 -1 -1.95706e-6 0 -1 5.20909e-6 0 -1 -2.04268e-6 0 -1 1.03323e-6 0 -1 -5.39612e-7 0 -1 1.0627e-5 0 -1 1.92325e-6 0 -1 -8.74578e-7 0 -1 -1.50842e-6 0 -1 5.05536e-6 0 -1 -2.52003e-6 0 -1 -3.25233e-6 0 -1 9.68032e-7 0 -1 1.95066e-6 0 -1 6.10328e-7 0 -1 -3.3936e-6 0 -1 2.73553e-5 0 -1 -6.99535e-6 0 -1 2.31413e-6 0 -1 5.12968e-7 0 -1 1.30904e-5 0 -1 -6.065e-7 0 -1 -9.00033e-7 0 -1 -1.16022e-6 0 -1 -3.82852e-6 0 -1 6.85974e-6 0 -1 -1.24539e-6 0 -1 -1.09017e-6 0 -1 6.97406e-7 0 -1 -3.2802e-7 0 -1 -5.6574e-7 0 -1 -8.94973e-7 0 -1 2.02197e-6 0 -1 -1.17438e-5 0 -1 1.50176e-6 0 -1 -2.58483e-6 0 -1 -2.03595e-6 0 -1 2.03708e-5 0 -1 -4.44266e-6 0 -1 -1.80367e-6 0 -1 2.57679e-6 0 -1 8.61651e-7 0 -1 1.7337e-5 0 -1 -7.16895e-6 0 -1 6.12009e-6 0 -1 -9.7485e-7 0 -1 -4.15601e-6 0 -1 1.18558e-6 0 -1 -1.35672e-6 0 -1 -1.39143e-6 0 -1 8.08484e-6 0 -1 -2.06953e-6 0 -1 -2.33681e-6 0 -1 4.45499e-6 0 -1 -5.49983e-6 0 -1 1.59433e-6 0 -1 -1.69713e-6 0 -1 -1.11335e-5 0 -1 -3.536e-6 0 -1 -1.31084e-6 0 -1 7.55241e-6 0 -1 -3.40542e-6 0 -1 1.22571e-5 0 -1 -3.64266e-6 0 -1 -9.97415e-7 0 -1 1.96741e-6 0 -1 -2.13624e-6 0 -1 5.66958e-6 0 -1 -4.20275e-6 0 -1 6.43716e-6 0 -1 2.14012e-5 0 -1 6.12235e-6 0 6.65899e-4 -0.1276258 -0.9918222 -0.001389503 -0.1606192 -0.9870156 0.001391589 -0.2049354 -0.9787745 -0.001387953 -0.2488218 -0.9685484 4.64411e-4 -0.2778083 -0.9606364 -9.27453e-4 -0.3208165 -0.947141 9.2747e-4 -0.3491427 -0.9370691 -4.62368e-4 -0.3910047 -0.9203886 4.64399e-4 -0.4047729 -0.9144171 -9.26116e-4 -0.4455872 -0.8952381 9.26098e-4 -0.4722774 -0.8814496 -4.64405e-4 -0.5115086 -0.8592782 4.61682e-4 -0.5243546 -0.8514999 -0.001390516 -0.5745649 -0.8184579 0 -0.5867968 -0.8097343 0 -0.6343793 -0.7730219 0 -0.6343685 -0.7730309 0 -0.6796579 -0.7335293 5.01915e-4 0.9863259 0.1648066 -5.02422e-4 0.9835206 0.1807957 0.001004099 0.9735124 0.2286323 0 0.9696595 0.2444601 0 0.9565774 0.2914785 0 0.9565592 0.2915385 0 0.9411969 0.3378586 -0.001004815 0.9355863 0.3530966 5.01736e-4 0.9172098 0.3984043 -5.01738e-4 0.9106016 0.4132853 0.001003444 0.8893359 0.4572534 -0.001004159 0.8739778 0.4859648 5.01737e-4 0.8492149 0.5280475 -0.001506686 0.8315733 0.555413 0.001504123 0.8034497 0.5953709 -5.01065e-4 0.7836596 0.6211903 0.001003444 0.7523745 0.6587349 -0.001003444 0.7305202 0.6828904 5.02425e-4 0.6963324 0.7177193 -5.02419e-4 0.6845412 0.7289741 0.001004815 0.6481295 0.7615296 0 0.6356322 0.7719921 0 0.5972182 0.8020789 0 0.5971867 0.8021023 0 0.5573252 0.8302944 -0.001004815 0.5437322 0.8392582 5.02411e-4 0.5020967 0.8648114 -5.02423e-4 0.4879516 0.8728705 0.001003444 0.4447488 0.8956549 -0.001004815 0.4153531 0.9096598 5.01069e-4 0.3704543 0.9288506 -0.001505672 0.3400105 0.9404205 0.001506745 0.2936855 0.955901 -0.001505732 0.2466565 0.9691018 0.001506686 0.1990457 0.9799891 -5.02419e-4 0.1670395 0.9859501 0.001006186 0.11869 0.9929309 -0.001004815 0.08629542 0.9962691 5.01063e-4 0.03756421 0.9992941 -5.03786e-4 0.02128815 0.9997733 0.001000761 -0.02756118 0.9996197 -0.001002073 -0.06009006 0.9981926 5.01064e-4 -0.1087617 0.9940678 -5.02433e-4 -0.1249335 0.992165 0.001004815 -0.173224 0.984882 -0.001004815 -0.2051974 0.9787202 5.02427e-4 -0.2527357 0.9675352 -0.001507759 -0.2841052 0.9587919 0.001505672 -0.3305839 0.9437754 -5.02419e-4 -0.3611419 0.9325107 0.001003444 -0.4062443 0.913764 -0.001003444 -0.4357566 0.900064 0 -0.4648368 0.8853964 -0.001506805 -0.507527 0.8616346 0 -0.4934509 0.8697736 0 -0.5489761 0.8358382 0 -0.5489758 0.8358384 0 -0.589157 0.8080186 -0.001004815 -0.6022151 0.7983332 -2.04184e-6 -0.6279109 0.7782853 -0.001502752 -0.6651454 0.7467124 0 -0.6529051 0.7574399 0 -0.700818 0.7133402 -0.001006186 -0.7123289 0.7018452 5.10453e-7 -0.73481 0.6782731 -0.001506865 -0.7670438 0.641593 0 -0.7564978 0.6539963 0 -0.797466 0.6033639 0 -0.7974659 0.6033641 0 -0.8259911 0.5636833 -0.001004815 -0.8350322 0.5502001 1.02089e-6 -0.8524984 0.5227298 -0.001505792 -0.8770133 0.4804636 0 -0.8690869 0.4946596 0 -0.8994223 0.4370809 0 -0.899435 0.4370546 0 -0.9197011 0.3926193 -0.001004159 -0.9259675 0.3776019 5.02074e-4 -0.9432939 0.3319587 -5.01739e-4 -0.9485797 0.316538 0.001004457 -0.9629129 0.2698107 0 -0.9784251 0.2066024 -0.001004457 -0.9816589 0.1906433 5.02077e-4 -0.9897953 0.1424959 -5.02081e-4 -0.9919852 0.1263542 0.00100404 -0.9969723 0.07775104 -0.001004457 -0.9989744 0.04526942 5.02281e-4 -0.9999936 -0.003572762 -5.01612e-4 -0.999803 -0.01984626 0.001004755 -0.9976422 -0.06862396 -0.001004815 -0.9948775 -0.1010832 5.02081e-4 -0.9887533 -0.1495553 -5.01742e-4 -0.986191 -0.1656115 0.001005172 -0.9769293 -0.2135606 -0.001004457 -0.9694567 -0.2452604 5.02078e-4 -0.9563229 -0.292312 -0.001507222 -0.9462993 -0.3232885 0.001505434 -0.9293817 -0.3691173 -5.02425e-4 -0.9168849 -0.3991514 0.001004815 -0.8962845 -0.4434785 0 -0.8889429 -0.4580182 0 -0.865518 -0.5008779 0 -0.8655322 -0.5008535 -0.001004159 -0.8310923 -0.5561338 5.01738e-4 -0.8029543 -0.5960406 -5.01055e-4 -0.7931372 -0.6090428 0.001002788 -0.7624663 -0.6470271 -0.001003444 -0.7409833 -0.6715228 5.02418e-4 -0.7073104 -0.7069031 -0.001506745 -0.6839293 -0.7295469 0.001505672 -0.6474806 -0.7620804 -0.001505672 -0.6095024 -0.7927829 0.001506209 -0.5700693 -0.8215954 -0.001506686 -0.5292643 -0.8484557 0.001504659 -0.4872176 -0.8732793 -0.001506745 -0.4440058 -0.8960227 0.001506209 -0.3997064 -0.9166421 -5.05149e-4 -0.3696559 -0.9291686 0.001003444 -0.3238449 -0.9461097 -0.001004815 -0.2928714 -0.9561513 4.99687e-4 -0.2458397 -0.9693104 -5.0243e-4 -0.2300289 -0.9731838 0.001006186 -0.1822216 -0.9832571 -0.001003444 -0.1501301 -0.9886658 1.90588e-5 -0.1172283 -0.9931051 -6.72317e-4 0.7074531 0.7067599 6.41143e-4 0.7225005 0.6913702 -5.80613e-4 0.7507542 0.6605814 3.5977e-4 0.7627092 0.6467416 -0.001562774 0.7926627 0.6096584 4.29003e-4 0.8091149 0.5876504 -4.92894e-4 0.8355469 0.5494191 5.33871e-4 0.8429372 0.5380117 -5.5236e-4 0.8755442 0.483138 3.31629e-4 0.8809501 0.4732091 -6.0622e-4 0.9102865 0.4139785 4.08175e-4 0.9139798 0.4057595 -3.03932e-4 0.9395883 0.3423068 2.6421e-4 0.9418507 0.3360316 -2.72217e-4 0.9632514 0.2686018 1.13381e-4 0.9644222 0.2643674 -1.58572e-4 0.9780291 0.2084686 6.97971e-5 0.9785555 0.2059837 -4.23586e-5 0.989062 0.1475009 -3.88023e-5 0.9890689 0.1474542 -0.001449584 -0.673348 -0.7393243 1.21853e-6 -0.7180188 -0.6960238 -0.001447558 -0.7598761 -0.6500663 -0.001451432 -0.7598916 -0.6500483 4.8355e-4 -0.8111417 -0.5848496 -4.8315e-4 -0.8230965 -0.5679013 9.671e-4 -0.8568 -0.5156481 0 -0.867309 -0.4977701 0 -0.8965801 -0.4428816 -9.67317e-4 -0.9055725 -0.4241905 4.83549e-4 -0.9301913 -0.3670749 -4.82532e-4 -0.9376059 -0.3476995 9.67511e-4 -0.957413 -0.2887206 -9.67399e-4 -0.9685481 -0.2488244 4.83966e-4 -0.9821538 -0.1880794 -4.83048e-4 -0.9858354 -0.167715 9.67706e-4 -0.9943546 -0.1061043 0 -0.9963441 -0.08543193 0 -0.9997282 -0.02331757 -9.67004e-4 -0.9999961 -0.002626597 4.83756e-4 -0.998225 0.05955415 -4.83146e-4 -0.9967743 0.08025509 0.001450181 -0.9866914 0.1625979 0 -0.9831171 0.1829779 0 -0.9645757 0.2638064 -0.001450955 -0.9588973 0.2837497 4.83551e-4 -0.9320852 0.362239 -4.83556e-4 -0.9243848 0.3814612 9.67112e-4 -0.8988733 0.4382076 0 -0.8895894 0.4567614 0 -0.8594918 0.5111497 0 -0.8594747 0.5111784 0 -0.8260454 0.5636036 0 -0.8260275 0.5636299 0 -0.7893919 0.6138896 0 -0.789392 0.6138895 0 -0.7496959 0.6617825 0 -0.7497348 0.6617385 0 -0.707117 0.7070966 -9.66667e-4 -0.6922863 0.7216223 -1.21853e-6 -0.6618006 0.7496799 -0.001450002 -0.6138885 0.7893915 0 -0.6301268 0.7764922 0 -0.5464105 0.8375176 0.00144875 -0.5636284 0.8260272 1.21852e-6 -0.5111822 0.8594724 0.001448929 -0.4567586 0.8895895 0 -0.4382335 0.8988612 0 -0.3428441 0.9393923 0 -0.3428503 0.9393901 0 -0.2437762 0.9698315 0 -0.2437702 0.969833 0 -0.1625862 0.9866944 -9.67924e-4 -0.1420871 0.9898538 -1.21847e-6 -0.100915 0.9948952 -0.001450061 -0.03889095 0.9992424 0 -0.05959874 0.9982224 0 0.04404664 0.9990295 0 0.0440455 0.9990295 0 0.1472015 0.9891065 0 0.1471987 0.989107 0 0.2487707 0.9685624 -0.001450181 0.2687947 0.9631964 4.84368e-4 0.3477005 0.9376056 -0.001448929 0.3862561 0.9223905 4.82738e-4 0.4241663 0.9055843 -0.00144881 0.4977511 0.8673187 -0.001450181 0.4977444 0.8673226 0 0.5506857 0.8347128 -0.001452505 0.6015469 0.7988362 -0.001449584 0.6015306 0.7988485 -1.2185e-6 0.6500237 0.7599139 -0.001450002 0.6960214 0.7180196 -0.001449882 0.6960082 0.7180324 0 0.7393131 0.6733618 -0.00144881 0.7797396 0.6261022 -0.001451075 0.7797414 0.6261001 -1.21852e-6 0.8171754 0.5763891 -0.001451194 0.8513978 0.5245186 0 0.8403636 0.5420233 0 0.8919343 0.4521651 0 0.8919448 0.4521445 0 0.9263265 0.3767218 0 0.9263448 0.376677 0 0.9603535 0.2787855 0 0.9603396 0.2788333 0 0.980147 0.1982721 -0.001450181 0.9840475 0.1778999 4.83756e-4 0.9954024 0.09578084 -0.001450359 0.9985167 0.05442774 0.001450061 0.9999687 -0.007786452 -0.001449882 0.9975515 -0.06992232 0.001450181 0.9912748 -0.1318044 -4.83754e-4 0.9849596 -0.1727845 9.66715e-4 0.9723157 -0.2336694 -9.67721e-4 0.9617876 -0.273795 4.83553e-4 0.9429143 -0.3330354 -4.83748e-4 0.935789 -0.3525605 9.6711e-4 0.9120665 -0.4100415 0 0.9033615 -0.4288799 0 0.864735 -0.5022284 0 0.8647464 -0.502209 0 0.8081011 -0.5890438 0 0.8081013 -0.5890437 0 0.7427979 -0.6695158 0 0.742811 -0.6695012 0 0.6847951 -0.7287357 0 0.6847953 -0.7287356 0 0.6381358 -0.769924 0 0.6381553 -0.7699077 0 0.5890527 -0.8080946 0 0.5890343 -0.8081082 0 0.5376826 -0.8431473 0 0.5376651 -0.8431585 0 0.4659833 -0.8847936 0 0.4659727 -0.8847991 0 0.3910563 -0.9203668 -0.001449286 0.3718923 -0.9282748 4.84359e-4 0.293702 -0.955897 -4.84363e-4 0.2738121 -0.9617831 9.67125e-4 0.2134998 -0.9769427 0 0.1931918 -0.9811611 0 0.1318241 -0.9912731 -9.6791e-4 0.1112473 -0.9937924 4.82737e-4 0.04923909 -0.9987869 -4.83549e-4 0.02850759 -0.9995935 9.67119e-4 -0.03367453 -0.9994324 0 -0.05438023 -0.9985203 0 -0.1163697 -0.993206 -9.67514e-4 -0.1369468 -0.9905779 4.82728e-4 -0.198258 -0.9801498 -4.83565e-4 -0.2185341 -0.9758292 9.67103e-4 -0.2787791 -0.9603548 0 -0.2986505 -0.9543626 0 -0.3573691 -0.9339632 -9.67946e-4 -0.3766838 -0.9263414 4.82714e-4 -0.4335188 -0.9011445 -0.001450777 -0.4705337 -0.882381 0.001451432 -0.5244758 -0.8514241 -0.001450836 -0.5764003 -0.8171662 4.84357e-4 -0.6097711 -0.7925774 -0.001450002 -0.6733627 -0.7393109 -0.7235973 -0.5602687 -0.4031204 -0.7000452 -0.5876991 -0.4056434 -0.6290346 -0.7234143 -0.2845825 -0.6364035 -0.7384564 -0.2228744 -0.4848167 -0.855959 -0.1796863 -0.4659693 -0.8828417 0.05884987 -0.3344419 -0.9415959 -0.03931915 -0.1712172 -0.9776443 0.1220509 -0.01441347 -0.691947 0.7218044 0.09088444 -0.95187 0.2927176 0.3164819 -0.948597 -0.001793444 0.398922 -0.9108119 0.1062225 0.4904527 -0.8535271 -0.1759198 0.6610759 -0.730801 -0.1700252 0.6312824 -0.7100679 -0.3119073 0.7252501 -0.5256505 -0.444639 0.731563 -0.5263074 -0.4333778 0.6863235 -0.3687838 -0.6268641 0.7069071 -0.302417 -0.6393954 0.5751014 -0.2362169 -0.7832369 0.5852397 -0.05564749 -0.8089487 0.3964838 -0.09524691 -0.9130875 0.3076123 0.1955 -0.9312114 0.2136181 0.02274465 -0.9766525 -0.05157297 0.1794081 -0.9824221 -0.1143941 0.3716857 -0.9212839 -0.2346369 -0.009232044 -0.9720393 -0.553005 0.06206434 -0.8308632 -0.3794455 -0.1553412 -0.9120803 -0.6254318 -0.1910424 -0.7565302 -0.616816 -0.2500048 -0.7463482 -0.7273381 -0.3969957 -0.5597981 -0.6979741 -0.4009736 -0.59334 -0.9994418 -0.02919089 0.01625096 -0.9861053 -0.112639 0.1221019 -0.9301509 -0.2703951 0.2484067 -0.8905037 -0.3224288 0.3210031 -0.812957 -0.4219475 0.4013243 -0.7035953 -0.499711 0.5052153 -0.6283124 -0.5593997 0.5406436 -0.4582273 -0.6373479 0.6195284 -0.399344 -0.6653357 0.6307558 -0.2125971 -0.6962682 0.685575 -0.1417837 -0.712153 0.6875577 0.0937907 -0.7101209 0.6978049 0.1019008 -0.7083601 0.6984571 0.3132109 -0.6826631 0.6602045 0.421951 -0.6382285 0.6439112 0.581155 -0.5901904 0.5602984 0.7071257 -0.5039672 0.4959742 0.7695193 -0.4638632 0.4389432 0.9070966 -0.2917269 0.3034327 0.9244891 -0.2700044 0.2691051 0.9861794 -0.1172139 0.1170946 0.9945338 -0.06582552 0.08105325 0.9936259 0.07517021 -0.0840069 0.9701204 0.180807 -0.1617873 0.9147658 0.2826527 -0.2886365 0.8371848 0.40399 -0.3686648 0.7625495 0.4635923 -0.4512212 0.5729594 0.5926327 -0.5661308 0.589961 0.587124 -0.5542846 0.3953156 0.6586995 -0.640188 0.2933402 0.6972772 -0.6540306 0.2000121 0.7054479 -0.6799548 0.04027843 0.7171114 -0.6957938 -0.06333613 0.7230049 -0.6879335 -0.1640057 0.7055261 -0.6894456 -0.3305385 0.6842342 -0.6500524 -0.4214298 0.6464744 -0.6359779 -0.663885 0.5449909 -0.5120953 -0.6631079 0.545672 -0.512377 -0.8494893 0.3798229 -0.3662001 -0.8757324 0.3544608 -0.3277962 -0.9700043 0.168008 -0.1756849 -0.9897904 0.1076955 -0.0933631 -0.9618051 0.19601 -0.1910787 -0.9699719 0.1658398 -0.1779093 -0.8494893 0.3799793 -0.3660382 -0.8110435 0.4091127 -0.418133 -0.6631467 0.5408582 -0.5174061 -0.5862586 0.5732093 -0.5724789 -0.4214169 0.6582601 -0.62378 -0.3190959 0.6780443 -0.6621434 -0.1640048 0.7118676 -0.6828961 -0.1363552 0.7118004 -0.6890192 0.02528882 0.7182523 -0.6953231 0.04027825 0.7187051 -0.6941475 0.1423559 0.7093071 -0.6903755 0.2000139 0.7044086 -0.6810309 0.3302026 0.6730427 -0.6618005 0.3953132 0.6620822 -0.6366904 0.5495931 0.5934384 -0.5880293 0.5899951 0.579876 -0.5618271 0.7625489 0.4635018 -0.4513151 0.7463524 0.4803817 -0.4606426 0.8874679 0.3283939 -0.3233548 0.9147292 0.2995604 -0.2711717 0.9741542 0.1583171 -0.1611188 0.9935616 0.09041309 -0.06827127 0.9987306 -0.04229593 0.02735531 0.9861758 -0.1163949 0.1179384 0.9640259 -0.1966915 0.1787927 0.9244634 -0.2673128 0.2718667 0.8676258 -0.3622837 0.3405527 0.7695182 -0.4529922 0.4501554 0.6880233 -0.5312522 0.4943635 0.5811657 -0.5800221 0.5708072 0.3955557 -0.6697968 0.628417 0.3132106 -0.680558 0.6623746 0.1434176 -0.7118015 0.6875828 0.09379029 -0.7117601 0.6961329 -0.05976223 -0.7187927 0.692651 -0.1417812 -0.7074548 0.6923914 -0.2390946 -0.699355 0.6735997 -0.399343 -0.6508688 0.6456741 -0.4829241 -0.6339948 0.6040158 -0.6283133 -0.558084 0.5420008 -0.6684271 -0.5387957 0.5127423 -0.812933 -0.4115567 0.4120205 -0.8550316 -0.3746403 0.3585609 -0.9301683 -0.2581784 0.2610188 -0.9492739 -0.2307193 0.2136536 -0.999468 -0.0198701 0.02586752 -0.9996028 -0.01758426 0.02202558 -0.004222691 0.6942677 0.7197045 0.01338565 0.7345734 0.6783972 -0.003871321 0.7777758 0.62853 0.01160335 0.8464807 0.532293 0 0.8334087 0.5526572 0 0.8983246 0.4393324 0.01238059 0.9132755 0.4071542 -0.002063393 0.9439025 0.3302179 0.016236 0.9681631 0.2497932 -0.001056671 0.9774395 0.2112135 0.003869056 0.9950093 0.09970861 0 0.9936741 0.1123024 0 0.9999988 -0.001545846 0.003356456 0.9999158 -0.01253324 -0.00335592 0.995996 -0.08933591 0.005677938 0.9929071 -0.1187579 -0.001549303 0.9796932 -0.2004964 0.008868098 0.9659497 -0.2585781 -0.01083207 0.9472459 -0.3203246 0.002063632 0.9266925 -0.375815 -0.01427888 0.887353 -0.4608698 -0.0046404 0.8758429 -0.482574 -7.74654e-4 0.8296331 -0.5583086 -0.007229208 0.8127342 -0.5825898 0 0.7879417 -0.61575 0 0.7540501 -0.656817 0 0.7540525 -0.6568141 0 0.7055619 -0.7086483 -0.004646778 0.7180184 -0.6960088 0 0.6799644 -0.7332453 -0.005677521 0.6308355 -0.7758959 -0.009287476 0.6399478 -0.7683623 0 0.5838581 -0.8118558 -0.006196141 0.5447759 -0.8385589 0 0.5247938 -0.8512294 0 0.4630898 -0.8863114 0.007228732 0.4259904 -0.9046989 -0.004388391 0.3772422 -0.9261044 0.001659214 0.3449206 -0.9386304 -0.01102554 0.2523945 -0.9675617 0 0.2251334 -0.9743281 0 0.1202777 -0.9927404 0.01427865 0.0840668 -0.9963579 -0.006190657 -0.03322374 -0.9994288 0.01484519 -0.0934602 -0.9955124 -0.01338565 -0.1850766 -0.9826329 0.00387144 -0.2494947 -0.9683684 -0.009866297 -0.3495982 -0.9368479 0.01480746 -0.4077596 -0.9129692 -0.005805969 -0.4846923 -0.8746656 0.008065104 -0.5344477 -0.8451631 -0.008868157 -0.6138164 -0.7893992 0 -0.6365094 -0.7712691 -0.004126906 -0.7065593 -0.707642 0 -0.7148842 -0.699243 0 -0.8066344 -0.5910507 0 -0.8066354 -0.5910494 0 -0.8736769 -0.4865067 0.0077371 -0.8821476 -0.4709097 -0.001549601 -0.9272251 -0.3745014 0.008867859 -0.9478819 -0.3184985 3.12708e-7 -0.9567692 -0.2908484 0.005153775 -0.9843999 -0.1758704 0.005804359 -0.984658 -0.1743995 -0.005804717 -0.9990931 -0.04218286 0 -0.9995833 -0.02887046 0 -0.9882504 0.152844 0 -0.9882503 0.1528445 0 -0.9512746 0.3083451 0 -0.9512743 0.3083459 0 -0.8950846 0.4458967 0.004856586 -0.8894885 0.4569319 -0.005804657 -0.8271387 0.561968 -0.005153417 -0.8263019 0.5632039 -7.74654e-4 -0.7655892 0.6433295 -0.01856195 -0.7104607 0.703492 -0.01546508 -0.705477 0.7085641 4.16943e-7 -0.6399757 0.7683953 -0.009290158 -0.5981355 0.8013413 0.007742702 -0.5447815 0.8385424 -0.003097712 -0.4735465 0.8807634 0.007600247 -0.437141 0.899361 -0.006709933 -0.3772253 0.9260972 0.006710112 -0.3049675 0.9523392 -0.004902362 -0.2538526 0.9672306 0.007388472 -0.1851159 0.982689 -0.003614723 -0.1495911 0.9887413 0.004648029 -0.05546998 0.9984496 0 -0.07318037 0.9973188 0 0.01549643 0.99988 0 0.01549643 0.99988 0 0.1158066 0.9932718 0.004856705 0.1280878 0.991751 -0.003356456 0.2207403 0.9753269 0.005677878 0.2494926 0.9683601 -0.001549839 0.3287488 0.9444162 0.008868455 0.3844977 0.9230834 0 0.4111607 0.9115629 0.004640519 0.5057182 0.8626864 0 0.4954888 0.8686143 0 0.5945578 0.804053 0.01238059 0.6226603 0.7823943 -1 -1.45233e-6 0 -1 -4.4337e-7 0 -1 4.98047e-7 0 -1 -3.81284e-6 0 -1 9.95473e-7 0 -1 1.90873e-6 0 -1 -7.26582e-7 0 -1 -9.55293e-7 0 -1 6.62705e-7 0 -1 -2.386e-7 0 -1 -1.42985e-6 0 -1 -1.32544e-6 0 -1 2.86201e-6 0 -1 1.23637e-6 0 -1 -3.8191e-6 0 -1 -4.96351e-7 0 -1 6.62828e-7 0 -1 -3.8159e-6 0 -1 -4.43216e-7 0 -1 -8.86381e-7 0 -1 2.48176e-6 0 -1 1.32968e-6 0 -1 -1.81794e-6 0 -1 1.60238e-6 0 -1 2.6706e-6 0 -1 2.17517e-6 0 -1 -7.1116e-6 0 -1 -1.23384e-6 0 -1 2.33813e-6 0 -1 -7.26198e-7 0 -1 -5.7244e-6 0 -1 1.81525e-6 0 -1 -8.86423e-7 0 -1 7.98845e-7 0 -1 9.95211e-7 0 -1 -6.48715e-6 0 -1 6.92496e-6 0 -1 -1.21168e-5 0 -1 1.2828e-6 0 -1 -5.19279e-7 0 -1 8.39277e-7 0 -1 5.37039e-7 0 -1 -3.83794e-6 0 -1 4.4294e-7 0 -1 -8.86934e-7 0 -1 -2.65996e-6 0 -1 7.63951e-6 0 -1 5.53546e-7 0 -1 -7.63466e-6 0 -1 3.47438e-6 0 -1 -3.7284e-7 0 -1 1.66275e-6 0 -1 -8.85787e-7 0 -1 -7.63114e-6 0 -1 5.30169e-6 0 -1 -9.95668e-7 0 -1 9.96095e-7 0 -1 1.49296e-6 0 -1 -2.0781e-6 0 -1 1.97195e-6 0 0.003799855 0.6549801 0.7556366 -0.01083403 0.6226722 0.7824078 0.004646956 0.5509157 0.8345479 -0.006710112 0.4954773 0.868595 0.01005852 0.4272661 0.90407 -0.004222571 0.3845092 0.9231115 0.01427888 0.2845385 0.9585583 0 0.2494966 0.9683757 0 0.145137 0.9894116 -0.00675553 0.1280864 0.99174 0.001550137 0.03324198 0.9994462 -0.004646778 -0.002249956 0.9999867 0.001550257 -0.03774172 0.9992864 -0.007296383 -0.1387124 0.9903059 -0.004857301 -0.1325543 0.9911639 0.005804657 -0.2524059 0.9676041 0.005153596 -0.2538532 0.9672291 4.16944e-7 -0.3662564 0.930514 0.01949006 -0.4248319 0.9050625 0.004640519 -0.4630848 0.8863019 0.004640519 -0.5546692 0.8320581 0.01463687 -0.5782425 0.8157337 -0.002323567 -0.6399749 0.7683923 0.006195724 -0.6885835 0.7251306 -0.004646956 -0.7180191 0.696008 0 -0.7540514 0.6568155 -0.00619322 -0.7987279 0.6016605 0 -0.7879404 0.6157516 0 -0.8551166 0.5184358 -0.004856407 -0.8614574 0.5078067 0.003356337 -0.9053792 0.4245908 0 -0.909996 0.4146171 0 -0.9414621 0.3371189 -0.005311071 -0.9512659 0.3083264 0 -0.9630041 0.2694868 -0.01314461 -0.9851099 0.171423 -0.01252299 -0.9849129 0.1725969 0.001548886 -0.997836 0.06573456 -0.03109949 -0.9977598 -0.05923044 0 -0.9999908 -0.004305064 0 -0.9822643 -0.1875017 0.01475554 -0.9864067 -0.1636592 -0.006966054 -0.9458262 -0.3245987 0 -0.9399336 -0.3413574 -0.005153894 -0.8930498 -0.4499284 -0.0077371 -0.8903529 -0.4552054 0.001549303 -0.8369572 -0.5472663 -0.008867979 -0.8027823 -0.5962064 0.00361061 -0.7777758 -0.6285315 -0.003610372 -0.7230977 -0.6907364 0.008868157 -0.6942467 -0.7196825 -0.004646778 -0.636503 -0.7712603 0.004646956 -0.5945515 -0.8040442 -0.01083409 -0.5209382 -0.8535257 -5.16008e-4 -0.4954878 -0.8686148 -0.005153417 -0.4003353 -0.9163542 0 -0.4111471 -0.911569 0 -0.3119371 -0.9501028 0 -0.3119376 -0.9501026 0 -0.2437565 -0.9698365 0 -0.2437569 -0.9698364 0 -0.1451504 -0.9894096 0 -0.1451506 -0.9894096 0 -0.03914737 -0.9992336 -0.02041786 0.01288378 -0.9997085 -0.001328289 0.08581095 -0.9963106 -0.005153834 0.1729556 -0.9849162 -0.01249313 0.189503 -0.9818007 2.77853e-7 0.2823434 -0.9593135 -0.01314502 0.3772004 -0.9260384 -0.006964027 0.3662482 -0.9304912 0.003356456 0.4735458 -0.8807628 -0.005677878 0.4993883 -0.8663597 0.001549541 0.5693532 -0.8220917 -0.001549839 0.5838568 -0.8118551 0.003099143 0.6262354 -0.7796279 0 0.6399775 -0.7683937 0 0.6799638 -0.7332456 0 0.679966 -0.7332437 0 0.7302649 -0.6831642 0.004647016 0.7180179 -0.6960092 0 0.7540521 -0.6568146 0.005677521 0.7951533 -0.606382 0.009287476 0.7879061 -0.6157255 0 0.8296343 -0.5583072 0.006195545 0.8551067 -0.5184153 0 0.8671506 -0.4980461 0 0.9078772 -0.4192364 0 0.9078775 -0.4192355 0 0.9453824 -0.3259636 0.004640638 0.9414519 -0.3371156 7.74863e-4 0.9676356 -0.2523506 0.00722891 0.9746519 -0.2236096 -0.003099262 0.9861879 -0.1656016 0.001549363 0.993608 -0.1128751 -0.001549363 0.9954547 -0.09522348 0.003099083 0.9991084 -0.0421068 -0.009291172 0.9995405 0.02885568 0.004643201 0.9966204 0.08201456 -0.007734835 0.9882683 0.1525322 0.004645884 0.982251 0.1875142 -0.007296383 0.9474561 0.319803 0 0.9532637 0.3021401 0 0.8983251 0.4393315 0.01475536 0.9085941 0.4174196 -0.005490422 0.8333964 0.5526483 5.16171e-4 0.8237679 0.5669272 -0.005153238 0.7432163 0.6690315 -0.01070702 0.7345974 0.6784188 1 4.77822e-7 0 1 1.4311e-6 0 1 2.3859e-6 0 1 -5.73172e-7 0 1 7.1784e-7 0 1 -5.68591e-7 0 1 -7.2606e-7 0 1 5.72439e-6 0 1 4.98082e-7 0 1 -6.67575e-7 0 1 5.73338e-6 0 1 -1.85268e-6 0 1 5.73213e-6 0 1 -1.32873e-6 0 1 -2.44383e-6 0 1 4.45954e-7 0 1 1.19385e-5 0 1 -1.24035e-5 0 1 1.79016e-6 0 1 -4.95802e-7 0 1 -2.68471e-7 0 1 -3.84077e-6 0 1 9.27215e-7 0 1 4.42932e-7 0 1 6.62807e-7 0 1 -5.72315e-6 0 1 1.33051e-6 0 1 -3.81769e-6 0 1 1.32889e-6 0 1 -1.90646e-6 0 1 9.92667e-7 0 1 1.90963e-6 0 1 -8.86208e-7 0 1 -9.5484e-7 0 1 -7.1483e-7 0 1 1.91892e-6 0 1 -9.56913e-7 0 1 -4.43077e-7 0 1 -1.98846e-6 0 1 -4.43246e-7 0 1 1.45258e-6 0 1 -4.98005e-7 0 1 4.42919e-7 0 1 -7.62939e-6 0 1 -2.23359e-6 0 1 1.1439e-5 0 1 -2.65126e-6 0 1 3.32385e-7 0 1 1.4679e-6 0 1 0 0 1 -2.2149e-7 0 1 -1.32565e-6 0 1 2.21734e-6 0 1 -7.63609e-6 0 1 -1.98833e-6 0 1 5.72313e-6 0 1 3.31404e-7 0 1 -5.71978e-6 0 1 1.48905e-6 0 1 8.69011e-7 0 1 -6.08744e-7 0 1 1.14838e-6 0 1 -3.00653e-6 0 1 -3.91587e-6 0 1 6.62066e-6 0 1 -3.55467e-6 0 1 2.91785e-6 0 1 -8.71915e-6 0 1 2.51886e-6 0 1 -3.03799e-6 0 1 -2.31252e-5 0 1 1.90737e-5 0 0 0.6959484 0.7180919 0 0.6960373 0.7180057 0 0.6960201 0.7180224 0 0.6960095 0.7180327 0 0.6960173 0.7180251 0 0.6960182 0.7180242 0 0.6960206 0.7180219 0 0.6960175 0.7180249 0 0.6960154 0.718027 0 0.696012 0.7180302 0 0.6960182 0.7180243 0 0.6960171 0.7180252 0 0.6960151 0.7180272 0 0.6960168 0.7180255 0 0.696018 0.7180244 0 0.6960152 0.7180271 0 0.696015 0.7180273 0 0.6960162 0.7180261 0 0.696017 0.7180254 0 0.6960132 0.718029 0 0.6960164 0.7180259 0 0.6960292 0.7180136 0 0.6960142 0.7180281 0 0.6960176 0.7180248 0 0.696019 0.7180234 0 0.6960172 0.7180252 -2.88206e-7 0.696016 0.7180263 0 0.6960164 0.718026 4.38986e-7 0.6960157 0.7180266 0 0.6960166 0.7180258 -1.30936e-6 0.6960156 0.7180268 0 0.6960169 0.7180254 0 0.6960158 0.7180265 -2.30983e-6 0.6960167 0.7180257 2.00855e-6 0.6960158 0.7180264 0 0.6960201 0.7180224 1.84029e-6 0.6960139 0.7180284 0 0.6960144 0.718028 1.94601e-6 0.6960163 0.7180261 -4.07698e-6 0.6960174 0.7180249 -5.5677e-5 0.6960322 0.7180107 0 0.6959996 0.7180422 0 0.6960175 0.7180248 2.71345e-6 0.6960198 0.7180227 -1.5561e-6 0.6960161 0.7180262 1.38306e-6 0.6960204 0.7180221 -3.53438e-6 0.6960114 0.7180309 -4.87142e-6 0.696017 0.7180254 4.46728e-6 0.6960161 0.7180262 2.48523e-6 0.696019 0.7180235 0 0.6960144 0.7180278 0 0.6960163 0.718026 -6.90872e-6 0.6960178 0.7180246 0 0.6960155 0.7180269 1.34101e-6 0.696017 0.7180253 -4.71307e-6 0.696015 0.7180274 3.01947e-6 0.6960105 0.7180316 -3.19291e-6 0.6960235 0.7180191 -1.75748e-6 0.6960158 0.7180265 -2.19219e-6 0.6960163 0.7180261 0 0.6960162 0.7180261 0 0.6960169 0.7180255 -1.12162e-6 0.6960164 0.7180259 -3.403e-7 0.6960166 0.7180258 -1.88744e-6 0.6960175 0.7180249 -3.34495e-7 0.6960178 0.7180247 2.17864e-6 0.6959615 0.7180791 1.66497e-6 0.6960267 0.718016 1.04253e-6 0.6960188 0.7180237 2.08541e-6 0.6960175 0.7180249 1.09338e-6 0.6960156 0.7180267 0 0.6960183 0.7180241 0 0.6960172 0.7180252 2.67677e-7 0.696017 0.7180253 3.66538e-7 0.6960163 0.7180261 0 0.6960164 0.7180259 1.75304e-6 0.6960147 0.7180276 2.30983e-6 0.6960167 0.7180257 0 0.6960148 0.7180274 2.09378e-6 0.6960174 0.7180249 -1.65e-7 0.6960156 0.7180267 0 0.6960179 0.7180245 0.06366848 -0.7165684 0.6946051 0.0301997 -0.7226828 0.6905198 0.1105314 -0.7148798 0.6904562 0.2098497 -0.7139939 0.6679639 0.1918782 -0.7109762 0.676532 0.3262007 -0.6763987 0.660362 0.371867 -0.6712845 0.6411647 0.4195773 -0.6516695 0.6318876 0.5086703 -0.624545 0.5926196 0.4993525 -0.626067 0.598905 0.5926584 -0.5761479 0.5628586 0.6097481 -0.5702913 0.5504317 0.6854268 -0.5214059 0.508258 0.723238 -0.5043706 0.4717385 0.768198 -0.4596769 0.4456109 0.8286003 -0.4105156 0.3806557 0.8117722 -0.420678 0.4050381 0.8990756 -0.3129469 0.3061491 0.9024076 -0.3099076 0.2993627 0.9609912 -0.1971747 0.1939541 0.9644834 -0.1930624 0.180274 0.9946087 -0.07050651 0.07604253 0.9960361 -0.06386852 0.0619117 -0.9979767 -0.0456537 0.04425352 -0.997016 -0.05287986 0.05624043 -0.9784474 -0.1530776 0.1385933 -0.9744423 -0.1603858 0.1572855 -0.9263994 -0.2709705 0.2614562 -0.9289253 -0.2681654 0.2553139 -0.8807276 -0.3409468 0.3287467 -0.8527752 -0.384014 0.3539884 -0.8397468 -0.3948522 0.3727158 -0.7933556 -0.4372339 0.4235723 -0.7547841 -0.477152 0.4501413 -0.7417886 -0.4840022 0.4642107 -0.6706286 -0.5321834 0.5167574 -0.6349738 -0.5603949 0.5317575 -0.5926603 -0.5766037 0.5623897 -0.4951459 -0.6306763 0.5975601 -0.4912381 -0.6311543 0.6002745 -0.3826841 -0.6643353 0.6420371 -0.3186148 -0.693106 0.6465978 -0.2685314 -0.693048 0.6690108 -0.1703376 -0.7081647 0.6851919 -0.1432537 -0.7152828 0.6839948 -0.09050083 -0.7155793 0.6926442 -0.03020238 -0.7196492 0.6936807 -0.04559242 -0.7172796 0.6952922 0 -0.7180258 0.6960166 0 -0.7180261 0.6960163 -0.07711839 0.7158898 -0.6939414 -0.07711625 0.7158871 -0.6939443 -0.1967453 0.7039922 -0.6824122 -0.2246249 0.6927949 -0.6852583 -0.3714319 0.67211 -0.6405517 -0.4082769 0.6507949 -0.6401375 -0.5459786 0.6114637 -0.57273 -0.5699809 0.5899721 -0.571887 -0.7176983 0.5000008 -0.4846735 -0.7176992 0.4999981 -0.4846749 -0.8533963 0.3742789 -0.3628086 -0.8533963 0.3742808 -0.3628066 -0.9334906 0.2574857 -0.2495926 -0.9437761 0.2288036 -0.2386116 -0.9804462 0.1439598 -0.1341679 -0.9865009 0.1148602 -0.1167183 -0.9970033 0.0596705 -0.04923319 -0.9987331 0.03613269 -0.03502428 0 0.7180262 -0.6960162 0.9931121 0.08412927 -0.08155238 0.996807 0.06982499 -0.03873378 0.9744315 0.1578667 -0.1598798 0.9562499 0.2203257 -0.1924654 0.9179403 0.2775058 -0.2835072 0.8841494 0.3406963 -0.3196967 0.8469546 0.3770618 -0.3748232 0.8054443 0.4287672 -0.409168 0.7681891 0.4564573 -0.4489234 0.7281313 0.4953776 -0.4737362 0.6854202 0.5195934 -0.5101196 0.6402136 0.5547992 -0.5313421 0.5645097 0.585732 -0.5815899 0.5316315 0.6080597 -0.5896027 0.3965547 0.648828 -0.6494356 0.4208325 0.6513478 -0.6313843 0.2246395 0.6996754 -0.6782268 0.2246308 0.6996776 -0.6782274 0.07711863 0.7158879 -0.6939432 0.07711619 0.715888 -0.6939434 1 8.78741e-7 0 8.11597e-4 -0.6960462 -0.7179966 -1.50754e-4 -0.6960142 -0.718028 0 -0.6960127 -0.7180295 1.56552e-5 -0.6960205 -0.7180219 -1.79496e-5 -0.6960135 -0.7180287 0 -0.696016 -0.7180263 -1.92448e-5 -0.6960155 -0.7180268 0 -0.6960169 -0.7180255 9.01844e-6 -0.6960164 -0.7180259 -1.43068e-5 -0.6960265 -0.7180161 0 -0.6960168 -0.7180255 -2.36285e-7 -0.6960157 -0.7180266 -1.03614e-5 -0.6960201 -0.7180224 -1.10153e-5 -0.6960165 -0.7180258 9.38747e-6 -0.6960131 -0.7180291 0 -0.6960185 -0.7180238 0 -0.6960324 -0.7180104 7.08151e-6 -0.6960048 -0.7180371 -9.37843e-6 -0.6959525 -0.7180879 0 -0.6960493 -0.717994 0.127125 -0.723519 0.678498 -0.154031 -0.725239 0.6710461 -0.1737064 -0.7293861 0.6616813 0 -0.6960074 -0.7180346 -2.33202e-5 -0.6960629 -0.7179809 8.57025e-6 -0.696009 -0.718033 0 -0.696017 -0.7180253 -4.67217e-7 -0.696017 -0.7180253 1.49613e-5 -0.6960164 -0.7180259 0 -0.6960157 -0.7180266 -4.48244e-5 -0.6960183 -0.7180241 3.34949e-5 -0.6960127 -0.7180294 -3.23607e-5 -0.6960175 -0.7180248 4.01931e-5 -0.6960186 -0.7180238 -5.86465e-5 -0.6960172 -0.7180252 9.78839e-5 -0.6960166 -0.7180258 -7.13851e-5 -0.6960061 -0.718036 0 -0.6960216 -0.718021 -7.62244e-5 -0.6960061 -0.718036 8.11689e-4 -0.6960236 -0.7180185 -6.4683e-4 -0.6960054 -0.7180364 0 -0.6960167 -0.7180256 4.94477e-6 -0.696017 -0.7180254 0 -0.6960139 -0.7180284 0 -0.6960161 -0.7180262 0 -0.7180228 0.6960196 0 -0.7180287 0.6960135 0.707104 0.4921598 0.507723 0.7071087 0.4921579 0.5077184 0.7059131 0.4495999 0.5473086 0.6502436 0.5071637 0.5656573 0.6867252 0.4506604 0.5703628 0.6757227 0.4201462 0.6057029 0.6416926 0.4072538 0.6499038 0.5724724 0.4024788 0.7143433 0.6585091 0.3968046 0.6394621 0.7043756 0.3191948 0.6340109 0.7050314 0.2889994 0.6476188 0.7018877 0.2855144 0.6525605 0.7095577 0.2568097 0.6561834 0.7048997 0.2459396 0.6653046 0.7094373 0.2259519 0.6675661 0.6951826 0.1960853 0.691572 0.6928417 0.1990577 0.6930703 0.7032955 0.1641484 0.6916869 0.6921575 0.1337027 0.7092543 0.6869212 0.1294134 0.7151164 0.7021583 0.09910422 0.7050902 0.6984813 0.06642878 0.7125385 0.7070162 0.5035226 0.4965815 0.7132406 0.5064054 0.4846046 0.6973972 0.5523169 0.4567092 0.6884048 0.5532126 0.4690999 0.692696 0.5835483 0.423844 0.6445801 0.648539 0.4048627 0.6273254 0.6564443 0.4189794 0.6901425 0.6375174 0.3424543 0.6942071 0.6578574 0.292062 0.645307 0.7136538 0.2725386 0.6890697 0.6861364 0.2332374 0.7019599 0.6896257 0.1779572 0.6618524 0.7378669 0.1323016 0.6897624 0.7096649 0.14354 0.6987783 0.0668103 0.7122116 0.7199952 0.08068442 0.6892728 0.7122811 0.09887462 0.6948955 0.7162744 0.1312078 0.6853726 0.7377592 0.1584683 0.6562005 0.7405662 0.1600973 0.6526336 0.718473 0.1954013 0.667544 0.7116757 0.2293599 0.6640119 0.723466 0.2563205 0.6410124 0.7631712 0.2821599 0.5813395 0.7816379 0.2589994 0.5674167 0.7584832 0.29863 0.5792439 0.7485861 0.331652 0.5741305 0.7542435 0.3552213 0.552209 0.7741358 0.3675221 0.5154041 0.8038598 0.3680944 0.467243 0.8377177 0.3580564 0.4123407 0.8476312 0.3529846 0.3961353 0.8205172 0.3949908 0.4131996 0.7852853 0.4487197 0.4265885 0.7561547 0.4952874 0.4276924 0.7390697 0.5303044 0.4153953 0.7379234 0.5505729 0.3903058 0.7529859 0.5544034 0.3544704 0.7807883 0.5418837 0.3110173 0.7643527 0.5530319 0.3315427 0.7254121 0.612665 0.3137181 0.7119926 0.6395945 0.2898026 0.7170848 0.6478796 0.2569855 0.7344039 0.6395773 0.2271382 0.7268583 0.6497725 0.2224253 0.7123128 0.6741385 0.1953148 0.7161993 0.6788446 0.1619523 0.7340644 0.6662455 0.1314023 0.7283712 0.6733174 0.1269615 0.7127105 0.6947343 0.09689211 0.7153859 0.6958536 0.0633316 0.7521172 0.6590293 -3.88663e-4 0.7960012 0.6047371 0.0259881 0.7632147 0.6461374 -0.003143787 0.7404698 0.6711575 -0.0353859 0.7327889 0.6770238 -0.06825804 0.7419778 0.663066 -0.09905844 0.7658861 0.630652 -0.1252863 0.7906194 0.5961177 -0.1398748 0.7788634 0.6086291 -0.1514682 0.7464085 0.6373702 -0.1913987 0.7260667 0.648367 -0.2290142 0.7224662 0.6401818 -0.2611702 0.7364591 0.6134366 -0.2851728 0.7540044 0.5874831 -0.2938383 0.7408509 0.5948435 -0.3119314 0.7230213 0.595776 -0.3497015 0.7224692 0.5788668 -0.3780892 0.7393329 0.5454987 -0.3947381 0.7652964 0.5058415 -0.3980525 0.7591387 0.5085042 -0.4063646 0.7328939 0.5105764 -0.4496425 0.7218015 0.4969433 -0.4817156 0.7284611 0.468558 -0.4997979 0.7513017 0.4278444 -0.502489 0.7852008 0.378459 -0.4901309 0.7402515 0.4332898 -0.5140892 0.7126007 0.4017423 -0.5751551 0.7155847 0.3721779 -0.5911195 0.7362225 0.3327862 -0.5892621 0.7436304 0.3230785 -0.5853496 0.7260711 0.3091372 -0.614211 0.7208736 0.2816397 -0.6332617 0.7334696 0.2462162 -0.6335614 0.7609025 0.2058798 -0.6153381 0.7396997 0.22838 -0.6329984 0.7137844 0.1902099 -0.6740416 0.7139371 0.1577501 -0.6822088 0.7321422 0.1215528 -0.6702185 0.7441958 0.1080416 -0.659166 0.7283746 0.0899176 -0.6792536 0.7204993 0.05804812 -0.6910218 0.7305103 0.02456784 -0.6824597 0.7560335 -0.007739067 -0.6544871 0.7533395 -0.005647778 -0.6576076 0.7238056 -0.04112064 -0.6887777 0.7117211 -0.07533013 -0.6984115 0.718212 -0.1075938 -0.6874555 0.7564387 -0.1534577 -0.6358076 0.7887901 -0.1239596 -0.6020336 0.7575547 -0.1620526 -0.6323369 0.7375595 -0.1987168 -0.6453818 0.7333081 -0.2308932 -0.6394901 0.7458031 -0.2559195 -0.6150472 0.7721336 -0.2718837 -0.5743597 0.7909318 -0.2753305 -0.5464614 0.7715559 -0.2993602 -0.5613245 0.7410739 -0.3438983 -0.5766659 0.7238795 -0.3812927 -0.5749908 0.7237914 -0.4172028 -0.549607 0.7427825 -0.4231396 -0.518871 0.722325 -0.4523751 -0.5230711 0.7115272 -0.4925602 -0.5011123 0.7250416 -0.5130877 -0.4594079 0.778383 -0.4996068 -0.3801488 0.7920711 -0.47979 -0.3773924 0.7549297 -0.5460901 -0.3631348 0.752581 -0.5704488 -0.3289532 0.7794317 -0.5615513 -0.2777527 0.8085095 -0.5393534 -0.235394 0.8152432 -0.5327752 -0.2270004 0.7832046 -0.5810912 -0.2211872 0.7497326 -0.6289966 -0.2055829 0.7276581 -0.6614375 -0.1816985 0.7219499 -0.6752258 -0.1511905 0.7339613 -0.6691153 -0.1165575 0.7368429 -0.666579 -0.1128498 0.6987782 -0.7097877 -0.08894121 0.7382704 0.6670686 0.09988176 0.7162705 0.6818486 0.1484559 0.7302864 0.6566303 0.1884632 0.723771 0.6648402 0.1847782 0.7030987 0.6652814 0.2511034 0.7347578 0.6090768 0.2985909 0.7646744 0.5868049 0.2663332 0.7222534 0.6044752 0.3360949 0.7207705 0.5826156 0.3755649 0.7532874 0.5284187 0.3915762 0.729414 0.5610142 0.3914311 0.7077425 0.5464083 0.4478154 0.7137917 0.5116404 0.4782527 0.7599862 0.439243 0.4790476 0.771367 0.435638 0.4639101 0.7272039 0.427637 0.5369369 0.7229964 0.3943135 0.5672682 0.7528156 0.3397227 0.5637882 0.7549783 0.3368033 0.5626466 0.7212235 0.318137 0.6153256 0.7194806 0.2781465 0.6363821 0.7591107 0.2113438 0.6156986 0.7467879 0.2240938 0.6261708 0.702185 0.175617 0.6899964 0.7291681 0.1020376 0.6766847 0.745787 0.1112793 0.6568247 0.7133945 0.06047397 0.6981484 0.7229852 0.01470386 0.6907072 0.7503203 -0.0132997 0.6609406 0.7250132 -0.04138714 0.6874904 0.7173429 -0.08704191 0.6912619 0.7510666 -0.1354767 0.6461773 0.728497 -0.1242434 0.6736881 0.7026666 -0.1910111 0.6854009 0.7261254 -0.239067 0.6446619 0.7388628 -0.2227646 0.6359699 0.7163213 -0.2730407 0.6421313 0.7295783 -0.3080012 0.6106151 0.7403301 -0.3115983 0.595666 0.7148278 -0.354918 0.60254 0.7044059 -0.3992753 0.5868488 0.7465358 -0.430824 0.5070257 0.7877398 -0.3789337 0.48567 0.7442445 -0.4523064 0.491446 0.737412 -0.4888035 0.4661487 0.7682319 -0.4976689 0.402673 0.781152 -0.4919124 0.3844785 0.7449281 -0.5448502 0.384994 0.7164139 -0.6006349 0.3549491 0.7288578 -0.6108576 0.3092237 0.7249965 -0.6128813 0.3142559 0.7073868 -0.6500632 0.2775281 0.7156502 -0.6588631 0.2318283 0.7612665 -0.6257087 0.1701819 0.768149 -0.6165233 0.172761 0.7381029 -0.660129 0.1394057 0.7302379 -0.6745469 0.1083473 0.7422482 -0.6671589 0.06298208 0.7477971 -0.6614698 0.05707126 0.7153389 -0.6984838 0.02026486 0.7121969 -0.7010159 -0.03677439 0.7191375 -0.6933946 -0.04522526 0.7005124 -0.7087141 -0.08370608 0.7134128 -0.6905774 -0.118933 0.7089151 -0.6935619 -0.128107 0.7104488 -0.6822522 -0.1726112 0.7308151 -0.6555596 -0.1901342 0.7180884 -0.6621584 -0.2142319 0.7275142 -0.6376488 -0.2532336 0.7506303 -0.6014257 -0.2735716 0.7728278 -0.5693747 -0.2802675 0.7470455 -0.5859171 -0.3140449 0.7266353 -0.5831158 -0.3632866 0.7403826 -0.546186 -0.3918093 0.7725852 -0.490719 -0.4028737 0.8082877 -0.4377915 -0.3937125 0.7916246 -0.446011 -0.4176179 0.7563881 -0.4473632 -0.4772246 0.7364233 -0.4295905 -0.5226213 0.7490111 -0.3865211 -0.53813 0.7968924 -0.3113469 -0.517712 0.7822839 -0.3293837 -0.528714 0.7209497 -0.3076868 -0.6209352 0.7217004 -0.2558753 -0.6431768 0.7631412 -0.1892639 -0.6178956 0.7602051 -0.1922306 -0.620593 0.7238809 -0.1587009 -0.6714242 0.7213897 -0.1039687 -0.6846806 0.6984804 -0.7101269 -0.0885716 0.7021585 -0.7016637 -0.1210021 0.6908214 -0.7085502 -0.1439535 0.7009027 -0.6964591 -0.1538833 0.7068274 -0.6828536 -0.1846782 0.6820796 -0.6902457 -0.2415127 0.6495777 -0.7238655 -0.2325245 0.6846093 -0.6828271 -0.2550632 0.6945523 -0.6614742 -0.2829292 0.6821258 -0.6581642 -0.3186288 0.6844651 -0.6571812 -0.3156272 0.7056036 -0.622698 -0.3381876 0.7036367 -0.6079055 -0.3678945 0.6615236 -0.6095216 -0.4368866 0.6070033 -0.6599541 -0.4427276 0.6627506 -0.6017218 -0.4457494 0.6878644 -0.562441 -0.4588057 0.6893717 -0.5393559 -0.4835927 0.6676836 -0.53048 -0.5222927 0.7063451 -0.5249558 -0.4748665 0.7241944 -0.09993571 -0.6823162 0.7070094 -0.08245307 -0.7023811 0.7063611 -0.1432082 -0.6932139 0.6804515 -0.1285576 -0.7214283 0.6977952 -0.16779 -0.696368 0.6666365 -0.2285017 -0.7094947 0.6352722 -0.2550681 -0.7289511 0.6890525 -0.2733092 -0.6711995 0.6942029 -0.3303654 -0.639485 0.6366974 -0.3952543 -0.6621106 0.6560785 -0.3957391 -0.6426132 0.6894169 -0.4161983 -0.5928603 0.69269 -0.4490998 -0.5643491 0.6798232 -0.4681909 -0.5644801 0.7068719 -0.472909 -0.5260127 0.7071057 -0.4921562 -0.5077244 0.7071079 -0.4921578 -0.5077198 -0.7071072 0.4921602 0.5077183 -0.7071039 0.4921612 0.507722 -0.7051502 0.4373919 0.5580785 -0.5745864 0.5463675 0.6093712 -0.6537689 0.4691153 0.5937315 -0.6727764 0.421683 0.6079108 -0.6625008 0.3977461 0.6347368 -0.6251558 0.3831238 0.6799973 -0.6005436 0.3809612 0.703005 -0.6395812 0.3456792 0.6866163 -0.6685557 0.3030504 0.6791126 -0.6719853 0.2699027 0.6896291 -0.6508157 0.2434144 0.7191582 -0.5992256 0.2210029 0.7694716 -0.5027056 0.1996039 0.8410977 -0.6958461 0.221896 0.6830523 -0.7085916 0.1307134 0.693406 -0.6889985 0.09693038 0.7182518 -0.6807404 0.101964 0.7253936 -0.7250833 0.06392353 0.6856881 -0.706849 0.5110619 0.4890606 -0.6798389 0.5496193 0.4855283 -0.6927051 0.550084 0.466441 -0.6884027 0.5868648 0.4262528 -0.6400665 0.6471338 0.414165 -0.6419821 0.6462973 0.412503 -0.6935653 0.6346287 0.3409013 -0.6890634 0.6623568 0.2940666 -0.6352732 0.7206592 0.27763 -0.6666409 0.7020362 0.2504701 -0.6977942 0.690811 0.1893765 -0.6804562 0.717076 0.1509354 -0.7063598 0.6884212 0.1647186 -0.7070242 0.6994597 0.1042741 -0.724115 0.6789729 0.1210513 -0.7248209 0.0643478 0.6859257 -0.7210276 0.09760445 0.6859976 -0.7349538 0.1275048 0.6660221 -0.7633567 0.1516417 0.6279263 -0.7492801 0.1454032 0.6460939 -0.7184715 0.1954078 0.6675437 -0.711676 0.2293583 0.6640122 -0.7234678 0.2563184 0.6410111 -0.720843 0.2546553 0.6446209 -0.7073638 0.2935106 0.6430305 -0.7138313 0.3209119 0.6224634 -0.7449747 0.3429041 0.5722146 -0.7589069 0.3257228 0.5638839 -0.7327514 0.368155 0.5723088 -0.7217838 0.4018341 0.5635223 -0.7285736 0.4238836 0.5380552 -0.7515162 0.4325509 0.4981198 -0.7686893 0.4303333 0.4732125 -0.7491813 0.4576968 0.4787913 -0.7242975 0.4997142 0.4750569 -0.7156519 0.5286341 0.4564956 -0.7252933 0.5419628 0.4245301 -0.7385936 0.5404871 0.4029309 -0.72403 0.562715 0.398914 -0.711753 0.5918051 0.3783841 -0.7180447 0.6036343 0.3464644 -0.7456744 0.59594 0.2980356 -0.7540118 0.5846712 0.2993757 -0.7271104 0.6253231 0.2833399 -0.7157839 0.6491203 0.2574809 -0.7227131 0.653898 0.2238374 -0.7384 0.6444937 0.1984777 -0.7273578 0.6591519 0.1909699 -0.7124349 0.6825821 0.1628439 -0.71592 0.6860912 0.1293734 -0.7530938 0.6548147 0.06377637 -0.7944649 0.6014887 0.08388686 -0.7619907 0.6449226 0.0586937 -0.7398025 0.6722038 0.02888369 -0.7328394 0.6803936 -0.003307282 -0.7427347 0.6686572 -0.03525447 -0.7671637 0.6382158 -0.06434816 -0.7654766 0.6403546 -0.06317943 -0.7321378 0.6736802 -0.1006441 -0.7139382 0.6867879 -0.1364357 -0.713785 0.679634 -0.1691407 -0.747177 0.6269282 -0.2206528 -0.7968375 0.578665 -0.1737722 -0.761983 0.6106247 -0.2156837 -0.7365225 0.6263001 -0.2555053 -0.7260085 0.6235962 -0.2898954 -0.732909 0.6025085 -0.3159558 -0.7365372 0.5967573 -0.3184236 -0.7150736 0.6028672 -0.3538658 -0.7071844 0.5919476 -0.3866373 -0.7317251 0.5240903 -0.4357842 -0.8068825 0.4785617 -0.3462939 -0.7723129 0.4962498 -0.3965717 -0.7459157 0.499842 -0.4401906 -0.7333316 0.4881666 -0.4732 -0.7374922 0.4619023 -0.4926984 -0.7574052 0.4233037 -0.4971431 -0.7885976 0.3758026 -0.4867096 -0.7298461 0.4480032 -0.5163505 -0.7071845 0.4048693 -0.5796301 -0.7150702 0.3724585 -0.5915651 -0.745989 0.3202387 -0.5839072 -0.7565234 0.3215876 -0.5694329 -0.7313435 0.306612 -0.609201 -0.7216725 0.2813019 -0.6325014 -0.7297868 0.2476493 -0.6372449 -0.7537669 0.2084986 -0.6231886 -0.7381168 0.2259466 -0.6357136 -0.7137851 0.1902082 -0.6740414 -0.7139379 0.15775 -0.682208 -0.7321414 0.1215608 -0.6702178 -0.7329819 0.120627 -0.6694675 -0.7144215 0.09182113 -0.6936647 -0.713358 0.05866581 -0.69834 -0.7304828 0.02456927 -0.6824889 -0.7334977 0.02157884 -0.6793494 -0.7151322 -0.008258521 -0.6989405 -0.7128614 -0.04179823 -0.7000582 -0.728891 -0.07341462 -0.6806823 -0.7443727 -0.08694422 -0.6620802 -0.730642 -0.105573 -0.6745493 -0.7205086 -0.139851 -0.6791973 -0.7282547 -0.1701276 -0.6638537 -0.7520445 -0.1939516 -0.62993 -0.7543919 -0.1950015 -0.6267913 -0.7266123 -0.233323 -0.6462159 -0.7122557 -0.2696552 -0.6480572 -0.7163385 -0.2985368 -0.6306623 -0.7479851 -0.3267398 -0.5777192 -0.7715586 -0.2993515 -0.5613253 -0.7410739 -0.3438983 -0.5766659 -0.7176491 -0.3940701 -0.5741853 -0.7297244 -0.4220368 -0.5379474 -0.7748898 -0.4235576 -0.469196 -0.7794485 -0.4172944 -0.4672532 -0.7398855 -0.4791665 -0.4721959 -0.7290535 -0.5171326 -0.4483915 -0.7569679 -0.5262169 -0.3874215 -0.7640674 -0.5229043 -0.3778519 -0.7254387 -0.5791398 -0.3719353 -0.711545 -0.6142029 -0.3412604 -0.7195318 -0.62248 -0.3078842 -0.7515854 -0.6086308 -0.2543383 -0.7640124 -0.5913351 -0.258085 -0.7411733 -0.6273987 -0.2388162 -0.7333135 -0.6462484 -0.2112215 -0.7422834 -0.6461505 -0.1774966 -0.7659789 -0.6273326 -0.1404644 -0.7719303 -0.6214127 -0.1340528 -0.7340973 -0.6689705 -0.1165323 -0.6987273 -0.7098373 -0.08894485 -0.7207201 0.6817995 0.1253477 -0.7166469 0.6762785 0.1704833 -0.731524 0.6522039 0.1987532 -0.7543312 0.6204575 0.2145152 -0.7354061 0.6339749 0.2392774 -0.7236248 0.6284881 0.285254 -0.7514991 0.5765979 0.3205996 -0.7671583 0.5542065 0.3229911 -0.7214069 0.5758759 0.3846285 -0.7144498 0.5483121 0.4346441 -0.7507909 0.4825451 0.4510692 -0.7880114 0.4298927 0.4407157 -0.7713583 0.4356486 0.4639147 -0.7370259 0.4295975 0.5217651 -0.7252912 0.4111441 0.5521895 -0.7326921 0.3700433 0.5711657 -0.7544968 0.3370895 0.563121 -0.733854 0.3314658 0.5929493 -0.7168374 0.2895975 0.6342537 -0.7435779 0.2273586 0.6288084 -0.7614449 0.2088723 0.6136564 -0.7162133 0.1721376 0.6763189 -0.7263764 0.1147997 0.6776419 -0.7742722 0.05461341 0.6304919 -0.7076675 0.1020524 0.6991366 -0.6995478 -0.01927882 0.7143257 -0.7406331 0.01430094 0.6717575 -0.7194327 -0.04174035 0.6933068 -0.7374978 -0.08437097 0.6700587 -0.7923722 -0.1251782 0.5970568 -0.7349619 -0.1056453 0.6698284 -0.6973152 -0.2036352 0.6872293 -0.7344804 -0.2432043 0.6335538 -0.7323824 -0.2458975 0.6349414 -0.7187013 -0.3029927 0.6258305 -0.7427781 -0.3303695 0.5823544 -0.7917378 -0.3355612 0.5104411 -0.7921102 -0.3350798 0.5101795 -0.7452079 -0.4015856 0.532348 -0.7231665 -0.4509539 0.5231357 -0.7385851 -0.4802154 0.4731653 -0.7793397 -0.4740297 0.4097872 -0.7585666 -0.4843726 0.435844 -0.7248365 -0.5493767 0.4156889 -0.7199882 -0.5795112 0.3818165 -0.7496548 -0.5751851 0.3273833 -0.7880384 -0.5486483 0.27925 -0.7731207 -0.5704733 0.277209 -0.7327052 -0.6301652 0.2569727 -0.7222056 -0.656111 0.2189466 -0.7464063 -0.6436402 0.1691296 -0.7284897 -0.6580309 0.1905206 -0.7026314 -0.6985011 0.1356666 -0.7193354 -0.6883822 0.09320241 -0.7145854 -0.6939421 0.08838665 -0.7128337 -0.7006141 0.03175079 -0.7187703 -0.6948281 0.02414959 -0.7003321 -0.7136764 -0.0141822 -0.7310351 -0.6747846 -0.10126 -0.7804046 -0.6220712 -0.06321525 -0.7461043 -0.6566367 -0.1102577 -0.7391612 -0.6529549 -0.1651989 -0.7708188 -0.6028451 -0.2059518 -0.7764448 -0.5951091 -0.2073131 -0.7305371 -0.6261096 -0.2725845 -0.7205307 -0.616417 -0.3175936 -0.7307285 -0.5908601 -0.3419361 -0.7549833 -0.5518859 -0.3541502 -0.7401796 -0.5588448 -0.3739342 -0.7210562 -0.5495529 -0.4219829 -0.7406363 -0.4978712 -0.4512007 -0.7925172 -0.4170906 -0.444918 -0.8020812 -0.404409 -0.4394534 -0.7434224 -0.4076442 -0.5302353 -0.7320095 -0.3605931 -0.5780439 -0.7822088 -0.2766171 -0.5582404 -0.7733036 -0.2864228 -0.5656533 -0.7171409 -0.2576211 -0.6475651 -0.7044171 -0.2078722 -0.6786648 -0.7284825 -0.1628151 -0.6654356 -0.7238811 -0.1586998 -0.6714243 -0.7213897 -0.1039687 -0.6846806 -0.6985161 -0.7100917 -0.08857375 -0.6946585 -0.7088762 -0.1222465 -0.6718544 -0.7243496 -0.1546911 -0.6788603 -0.7169765 -0.1584094 -0.7008091 -0.688609 -0.1862375 -0.7004712 -0.6794845 -0.2182682 -0.6978847 -0.6806484 -0.2228784 -0.7094385 -0.6602098 -0.2466172 -0.7048992 -0.6573277 -0.2665286 -0.7095597 -0.6478707 -0.2771077 -0.7018871 -0.6433579 -0.305688 -0.7050309 -0.6383128 -0.3090119 -0.7043769 -0.6237685 -0.3387717 -0.6585094 -0.6268012 -0.4165161 -0.5724735 -0.7014732 -0.4245108 -0.6416952 -0.6369128 -0.4272813 -0.6757215 -0.5923347 -0.438794 -0.6841532 -0.5651544 -0.4610152 -0.6692669 -0.5532144 -0.4960198 -0.626989 -0.5551196 -0.5465593 -0.7059125 -0.5330544 -0.4664126 -0.7331938 -0.08678978 -0.6744586 -0.6762211 -0.1235073 -0.7262721 -0.7042145 -0.1455022 -0.694918 -0.6918664 -0.2005854 -0.693604 -0.6432089 -0.2507707 -0.7234615 -0.6713195 -0.2587739 -0.694526 -0.696115 -0.290598 -0.6564882 -0.6740986 -0.3488423 -0.6510762 -0.6352663 -0.3883838 -0.6675289 -0.6666049 -0.3908713 -0.6347107 -0.6977983 -0.4203135 -0.5800122 -0.680462 -0.4648667 -0.5664544 -0.7063646 -0.4338841 -0.5592796 -0.7070257 -0.480656 -0.5187336 -0.7070251 -0.4806532 -0.518737 -0.707104 -0.4921598 -0.507723 -0.7071079 -0.4921575 -0.5077199 -0.7071076 -0.4921575 -0.5077202 -0.7071071 -0.4921573 -0.5077213 -0.7069683 -0.4778199 -0.521425 -0.7034892 -0.4686019 -0.5343364 -0.7049767 -0.4387845 -0.5572038 -0.695264 -0.418834 -0.5841115 -0.6972115 -0.3899422 -0.6015323 -0.6831038 -0.3672392 -0.6312723 -0.6752762 -0.3137626 -0.6674993 -0.6697702 -0.3107075 -0.6744397 -0.6464778 -0.2740243 -0.7120234 -0.6319513 -0.2046056 -0.7475119 -0.6315802 -0.227434 -0.7412019 -0.5781356 -0.1991626 -0.7912608 -0.5407304 -0.1488003 -0.8279306 -0.5406408 -0.148521 -0.8280393 -0.4949305 -0.1295551 -0.8592202 -0.4674015 -0.09978955 -0.878395 -0.4547151 -0.098199 -0.8852069 -0.4071937 -0.07795721 -0.9100088 -0.3949398 -0.06512033 -0.9163962 -0.3587952 -0.05736118 -0.9316522 -0.319666 -0.02931231 -0.9470768 -0.2970409 -0.03014194 -0.954389 -0.2322317 -0.005566775 -0.9726446 -0.2266971 4.22814e-4 -0.9739652 -0.1481407 0.002412676 -0.9889634 -0.1300826 0.01314592 -0.991416 -0.07784509 0.008555054 -0.9969288 -0.05948078 0.01430892 -0.9981269 -0.02134335 0.0151239 -0.9996578 -0.01985019 0.01555955 -0.9996819 -0.7067183 -0.5156294 -0.4844332 -0.7104959 -0.5049735 -0.4900993 -0.7042589 -0.5380727 -0.4631385 -0.7045415 -0.5745331 -0.416573 -0.7049659 -0.5738048 -0.4168587 -0.6845393 -0.6267074 -0.372349 -0.6857386 -0.6424951 -0.3419982 -0.6505186 -0.6877063 -0.322313 -0.6231852 -0.7372267 -0.2610306 -0.6322883 -0.7286595 -0.263186 -0.5897187 -0.7749965 -0.2271835 -0.5665097 -0.8044145 -0.1788415 -0.5697938 -0.7974485 -0.1985218 -0.5148763 -0.840164 -0.1703733 -0.4652099 -0.8766427 -0.1227906 -0.4873097 -0.8652029 -0.1181243 -0.4334131 -0.8943244 -0.1110721 -0.3771501 -0.9230349 -0.07592338 -0.3823359 -0.9203028 -0.08283728 -0.3214863 -0.9441728 -0.07200318 -0.2834424 -0.9578479 -0.04677569 -0.2576038 -0.9650316 -0.04852294 -0.191401 -0.9811744 -0.02574318 -0.188178 -0.9818774 -0.02249425 -0.1062442 -0.994084 -0.02256941 -0.09062021 -0.9957889 -0.01387506 -0.03544497 -0.9991708 -0.02003735 -0.01983618 -0.9996823 -0.01555907 0 0.01556277 -0.999879 0 0.01556259 -0.999879 0 -0.9998789 -0.01556324 0 -0.9998789 -0.01556324 0.03306597 0.01555413 -0.9993323 0.05411505 0.00639677 -0.9985143 0.1353803 0.01963639 -0.9905992 0.1404497 0.01511049 -0.9899725 0.2188706 -0.001243293 -0.9757531 0.2551662 0.005376636 -0.9668823 0.273677 -0.01207876 -0.9617458 0.310381 -0.03315097 -0.950034 0.3629447 -0.04660886 -0.9306443 0.3819702 -0.04409706 -0.923122 0.4191735 -0.0830155 -0.9041029 0.4826517 -0.09989923 -0.8700963 0.4711592 -0.101166 -0.8762275 0.5236758 -0.1530101 -0.8380643 0.5505015 -0.1625376 -0.8188589 0.5677422 -0.1937416 -0.8000832 0.6125003 -0.2172657 -0.7600257 0.614278 -0.2270736 -0.7557117 0.6428706 -0.2780184 -0.7137389 0.6668766 -0.2941339 -0.6846612 0.6680192 -0.3269474 -0.6684727 0.6977693 -0.3800036 -0.6072193 0.6838172 -0.3741757 -0.6264078 0.7027097 -0.4299441 -0.566875 0.7019113 -0.4367101 -0.5626766 0.7104902 -0.4741492 -0.5199868 0.7067174 -0.4681525 -0.5304562 0.01983612 -0.9996822 -0.01555901 0.03544497 -0.9991708 -0.02003735 0.09062033 -0.9957889 -0.01387584 0.106244 -0.994084 -0.02256935 0.1881781 -0.9818773 -0.02249532 0.1914008 -0.9811744 -0.02574318 0.2706013 -0.9612304 -0.05301994 0.2822549 -0.9579902 -0.05086374 0.3342227 -0.9394121 -0.07615816 0.3841812 -0.9199335 -0.07827681 0.3985003 -0.912378 -0.09361678 0.4460065 -0.8876668 -0.1145686 0.5182929 -0.847504 -0.1144966 0.460534 -0.8777971 -0.1318359 0.5642932 -0.7993341 -0.2064908 0.560216 -0.811473 -0.1663421 0.5897198 -0.7749956 -0.2271839 0.6322872 -0.7286605 -0.2631856 0.6231856 -0.7372263 -0.2610309 0.6461473 -0.6965491 -0.3119506 0.6701772 -0.6641592 -0.3312932 0.6718072 -0.6561123 -0.3437903 0.6870563 -0.6174256 -0.3830658 0.7021078 -0.5921551 -0.3954707 0.6976142 -0.5694075 -0.4348675 0.7135339 -0.5128135 -0.4773801 0.7061961 -0.527933 -0.4717772 0.7071048 -0.4921599 -0.5077219 0.7071084 -0.4921572 -0.5077195 0.9257154 -0.2756713 0.2589529 0.9238706 -0.2779691 0.2630518 0.8600198 -0.3660445 0.3554962 0.849362 -0.3815714 0.3646749 0.793342 -0.43585 0.4250215 0.7736532 -0.4564326 0.4394658 0.6929511 -0.5150116 0.5045611 0.6736307 -0.5320827 0.5129423 0.5832557 -0.5813643 0.5672991 0.5656311 -0.5937055 0.572342 0.4687733 -0.6333602 0.6157163 0.4537993 -0.6407052 0.6193249 0.3308343 -0.6761315 0.6583273 0.3197915 -0.6808632 0.6589074 0.1931153 -0.7036181 0.6838333 0.1865221 -0.7057358 0.6834813 0.05947166 -0.7165086 0.6950386 0.05737131 -0.71684 0.6948733 0.9689331 -0.1757794 0.1739841 0.9790218 -0.1500131 0.1378856 0.9914458 -0.09422868 0.09031164 0.9992958 -0.03368282 0.01653307 0.9980235 -0.04867124 0.03975379 -0.05737131 -0.71684 0.6948733 -0.122276 -0.7046685 0.6989212 -0.1714692 -0.7054153 0.687741 -0.3197541 -0.6718646 0.6680983 -0.3108191 -0.6761241 0.6680178 -0.4469817 -0.6446295 0.6202098 -0.4965601 -0.6185994 0.6089031 -0.5719492 -0.5901793 0.5697039 -0.6397224 -0.5482484 0.5386827 -0.6735934 -0.5330248 0.5120123 -0.7426179 -0.4783227 0.4687494 -0.7687875 -0.4621905 0.4419794 -0.8517995 -0.3729835 0.36786 -0.8689512 -0.3570927 0.3426495 -0.9176927 -0.2829929 0.278846 -0.9318875 -0.2638583 0.2489274 -0.9689329 -0.1757799 0.173984 -0.9790222 -0.1500113 0.1378849 -0.9914452 -0.09423393 0.09031295 -0.999296 -0.03368133 0.01653039 -0.9963323 -0.06143909 0.05955898 -0.7071039 0.4921599 0.5077232 -0.7071057 0.4921586 0.5077218 -0.7048329 0.5480608 0.4503775 -0.7744963 0.4567859 0.4376096 -0.7247152 0.5341671 0.4352624 -0.6951527 0.5965883 0.4010552 -0.7052272 0.6278579 0.329316 -0.6992862 0.6341277 0.3299712 -0.6534715 0.6932524 0.3039345 -0.6394724 0.7255075 0.2543896 -0.6465629 0.7468875 0.1552917 -0.6363738 0.7544517 0.1607207 -0.5714517 0.8025675 0.1712554 -0.5176663 0.8437929 0.1415463 -0.4912751 0.86718 0.08153325 -0.4942155 0.8619975 0.1127455 -0.4197381 0.9009724 0.1098578 -0.3737816 0.9236685 0.08440375 -0.3330879 0.942834 0.01079404 -0.3441161 0.9389221 0.003065228 -0.2652464 0.9639863 0.01936286 -0.1988409 0.9799336 -0.01387077 -0.1967805 0.9802894 -0.01761233 -0.1059662 0.9940513 0.02516347 -0.03624641 0.9993397 -0.002542972 -0.05258941 0.9984952 0.01554954 -0.7048367 0.4330977 0.561811 -0.7744994 0.4231788 0.4701815 -0.7247187 0.4184245 0.5474521 -0.6951548 0.3822929 0.6087791 -0.7049428 0.3122551 0.63683 -0.6802068 0.3147929 0.6619849 -0.6421081 0.2788475 0.7141018 -0.6339673 0.2245641 0.7400382 -0.6156103 0.2254036 0.7551274 -0.5784102 0.1987968 0.7911521 -0.5696181 0.1689258 0.8043628 -0.5448372 0.1646313 0.822222 -0.5062269 0.1347371 0.85181 -0.4893702 0.08535265 0.8678893 -0.4737738 0.08918809 0.8761186 -0.4124203 0.06626224 0.9085807 -0.3486601 -0.02971726 0.9367781 -0.4146026 -0.1005529 0.90443 -0.3144813 -0.02777874 0.9488572 -0.2154685 -0.007199347 0.9764843 -0.1761204 -0.05581754 0.9827849 -0.1159089 -0.00997591 0.9932098 -0.03584796 -0.02250814 0.9991038 -0.0440855 -0.01554733 0.9989069 0 0.999879 0.01555937 0 0.9998789 0.01556718 0 -0.01556247 0.999879 0 -0.01556247 0.9998789 0.04408693 0.9989067 0.01555055 0.03585487 0.99932 0.008600473 0.106572 0.9941138 0.01950007 0.1512908 0.9884303 -0.01079785 0.1909449 0.9811981 0.02811485 0.2637822 0.9642575 0.02503043 0.2741503 0.961502 0.01886177 0.3110677 0.9484574 0.06054544 0.3477291 0.9343414 0.0780422 0.3994668 0.9134641 0.07752162 0.4025313 0.9115257 0.0841999 0.4572616 0.8811093 0.1206579 0.5276602 0.843316 0.1019455 0.5289848 0.8398755 0.1215908 0.5580528 0.807381 0.1916064 0.6098175 0.7616187 0.219225 0.678393 0.7072293 0.1990221 0.6713722 0.7038189 0.2321603 0.6710501 0.670984 0.3153922 0.6980928 0.6193226 0.3593133 0.7133591 0.6016794 0.3593059 0.69624 0.5702248 0.4359973 0.7193269 0.5088586 0.4728974 0.7061243 0.5292407 0.4704179 0.0440858 -0.01554745 0.9989068 0.02175366 -0.03441023 0.999171 0.07818013 -0.0127235 0.9968581 0.1129981 -0.02244699 0.9933416 0.1468605 0.006015717 0.989139 0.2444524 -0.005031168 0.9696483 0.2379866 -0.01917886 0.9710791 0.2997056 0.02155244 0.9537883 0.3747076 0.01535743 0.9270159 0.436853 -0.02111846 0.899285 0.4404525 4.31161e-4 0.8977759 0.4787234 0.07952785 0.8743565 0.5349128 0.110681 0.8376263 0.6189424 0.08436107 0.7808928 0.617307 0.09708714 0.7807089 0.6210513 0.1998043 0.7578744 0.6432706 0.2445485 0.7255336 0.6882444 0.2596294 0.6774306 0.6415334 0.2624875 0.720788 0.6711328 0.3379707 0.6598157 0.700155 0.3503823 0.6221055 0.6976307 0.3672136 0.6151957 0.7167732 0.4131134 0.5617594 0.7573813 0.4263013 0.4946118 0.7048367 0.4330993 0.5618097 0.7071065 0.4921592 0.5077202 0.7071053 0.4921587 0.5077223 0.7071045 0.4921591 0.5077233 0.7071128 0.4921541 0.5077163 0.7064197 0.5233283 0.4765489 0.6974399 0.5361168 0.475559 0.7124472 0.601198 0.3619117 0.7426941 0.5735143 0.3456688 0.653949 0.69133 0.3072679 0.6961796 0.7018559 0.1507725 0.6400197 0.7443262 0.1906655 0.5458122 0.8163903 0.188669 0.5273276 0.841569 0.1169927 0.4909487 0.8601791 0.1380634 0.3992228 0.9112312 0.1013858 0.386307 0.9222692 -0.01365333 0.2932588 0.953086 0.07500994 0.1741027 0.9820951 -0.0719552 0.19 0.9815024 0.0235157 0.05444443 0.998344 0.01857781 0.05258297 0.9984957 0.01553463 0.7006484 0.3908436 0.5969364 0.880695 0.2686411 0.3901391 0.7093798 0.3321 0.6216831 0.7429034 0.2050109 0.6372323 0.6578915 0.2508492 0.7101081 0.5669766 0.205256 0.7977517 0.5760129 0.07281202 0.8141915 0.5347637 0.1020576 0.8388159 0 0.9998791 0.01555883 0 0.9998787 0.0155766 0.4237642 0.01291787 0.9056805 0.5179279 -0.1260628 0.8460845 0.466515 -0.4709888 0.7486878 0.1002442 0.277536 0.955471 0.3468837 0.01893246 0.9377171 0.308829 -0.2480484 0.918203 0.3107755 -0.5012082 0.8075947 0.1300882 -0.08424252 0.9879172 0.04192423 -0.07795631 0.9960749 0.03822481 -0.08252441 0.9958558 -0.06760406 0.9975914 0.01553136 -0.05586344 0.9984086 -0.007729053 -0.1596513 0.9869041 0.02306103 -0.2767568 0.951485 -0.1344687 -0.2992537 0.9539018 0.0227741 -0.4182276 0.9057786 0.06819689 -0.4373949 0.8979267 0.04912579 -0.4935849 0.8491463 0.1879482 -0.6093022 0.7814689 0.1343774 -0.5830419 0.7639633 0.2764461 -0.6933904 0.6757406 0.250169 -0.646722 0.6694974 0.3654094 -0.7003312 0.5957429 0.3932262 -0.6842099 0.5829313 0.4382329 -0.7066761 0.5439594 0.4524568 -0.6995986 0.5220341 0.487896 -0.7069559 0.5068229 0.4932991 0 -0.08258497 0.9965841 0 -0.08258467 0.9965841 -0.7071048 0.4921615 0.5077204 -0.7071057 0.4921575 0.5077229 -0.05412507 -0.08246368 0.9951233 -0.009612739 -0.1470162 0.9890875 -0.1915332 -0.06898003 0.9790592 -0.2408909 -0.3454002 0.9070118 -0.2420762 -0.1600158 0.9569714 -0.2819369 0.2835824 0.9165657 -0.4054785 -0.1785737 0.8964925 -0.03049278 -0.09477913 0.9950313 -0.09305095 -0.05801856 0.9939695 -0.4202801 -0.20789 0.8832591 -0.2129338 -0.1306105 0.9682976 -0.7063867 0.4593496 0.5385312 -0.7408639 0.394322 0.5437195 -0.6867743 0.3917536 0.6122666 -0.7409671 0.2393488 0.6274392 -0.6850453 0.2686227 0.6771669 -0.6008267 0.2298358 0.7656258 -0.6317188 0.04992079 0.7735886 -0.5698295 0.1008932 0.8155457 -0.4532378 0.08516126 0.8873122</float_array>
          <technique_common>
            <accessor source="#inner_knuckle_001-mesh-normals-array" count="8887" stride="3">
              <param name="X" type="float"/>
              <param name="Y" type="float"/>
              <param name="Z" type="float"/>
            </accessor>
          </technique_common>
        </source>
        <vertices id="inner_knuckle_001-mesh-vertices">
          <input semantic="POSITION" source="#inner_knuckle_001-mesh-positions"/>
        </vertices>
        <triangles count="10000">
          <input semantic="VERTEX" source="#inner_knuckle_001-mesh-vertices" offset="0"/>
          <input semantic="NORMAL" source="#inner_knuckle_001-mesh-normals" offset="1"/>
          <p>0 0 1 0 2 0 2 1 1 1 3 1 2 0 3 0 4 0 4 0 3 0 5 0 5 2 3 2 6 2 5 0 6 0 7 0 7 3 6 3 8 3 7 0 8 0 9 0 9 4 8 4 10 4 9 5 10 5 11 5 9 0 11 0 12 0 12 6 11 6 13 6 12 7 13 7 14 7 12 0 14 0 15 0 15 8 14 8 16 8 15 0 16 0 17 0 17 9 16 9 18 9 17 0 18 0 19 0 19 10 18 10 20 10 19 0 20 0 21 0 21 0 20 0 22 0 21 0 22 0 23 0 23 11 22 11 24 11 23 0 24 0 25 0 23 0 25 0 26 0 26 12 25 12 27 12 26 0 27 0 28 0 28 0 27 0 29 0 29 13 27 13 30 13 29 0 30 0 31 0 29 0 31 0 32 0 32 14 31 14 33 14 33 0 31 0 34 0 33 0 34 0 35 0 33 0 35 0 36 0 36 0 35 0 37 0 36 0 37 0 38 0 38 15 37 15 39 15 38 0 39 0 40 0 40 16 39 16 41 16 40 0 41 0 42 0 42 0 41 0 43 0 42 0 43 0 44 0 44 17 43 17 45 17 44 0 45 0 46 0 46 18 45 18 47 18 46 19 47 19 48 19 48 20 47 20 49 20 48 0 49 0 50 0 50 21 49 21 51 21 50 0 51 0 52 0 52 22 51 22 53 22 52 23 53 23 54 23 54 24 53 24 55 24 54 25 55 25 56 25 54 0 56 0 57 0 57 26 56 26 58 26 57 0 58 0 59 0 59 27 58 27 60 27 59 28 60 28 61 28 61 29 60 29 62 29 61 0 62 0 63 0 63 30 62 30 64 30 63 0 64 0 65 0 63 0 65 0 66 0 66 31 65 31 67 31 66 32 67 32 68 32 68 0 67 0 69 0 68 33 69 33 70 33 70 0 69 0 71 0 70 0 71 0 72 0 72 34 71 34 73 34 72 0 73 0 74 0 74 35 73 35 75 35 74 36 75 36 76 36 74 0 76 0 77 0 77 0 78 0 74 0 74 37 78 37 79 37 80 0 81 0 79 0 79 0 81 0 82 0 81 38 80 38 83 38 83 39 80 39 84 39 83 40 84 40 85 40 83 0 85 0 86 0 86 0 85 0 87 0 86 41 87 41 88 41 88 0 87 0 89 0 88 0 89 0 90 0 90 0 89 0 91 0 91 42 89 42 0 42 91 0 0 0 2 0 82 43 92 43 79 43 92 0 74 0 79 0 4 44 93 44 2 44 2 45 93 45 94 45 2 46 94 46 91 46 91 47 94 47 95 47 91 48 95 48 90 48 90 49 95 49 96 49 90 50 96 50 88 50 88 51 96 51 97 51 88 52 97 52 86 52 86 53 97 53 98 53 86 54 98 54 99 54 86 55 99 55 83 55 83 56 99 56 100 56 83 57 100 57 81 57 81 58 100 58 101 58 81 59 101 59 102 59 81 60 102 60 82 60 82 61 102 61 103 61 82 62 103 62 92 62 92 63 103 63 104 63 92 64 104 64 105 64 92 65 105 65 74 65 74 66 105 66 106 66 74 67 106 67 72 67 72 68 106 68 107 68 72 69 107 69 70 69 70 70 107 70 108 70 70 71 108 71 109 71 70 72 109 72 68 72 68 73 109 73 110 73 68 74 110 74 66 74 66 75 110 75 111 75 66 76 111 76 63 76 63 77 111 77 112 77 63 78 112 78 113 78 63 79 113 79 61 79 61 80 113 80 114 80 61 81 114 81 59 81 59 82 114 82 115 82 59 83 115 83 116 83 59 84 116 84 57 84 57 85 116 85 117 85 57 86 117 86 54 86 54 87 117 87 118 87 54 88 118 88 119 88 54 89 119 89 52 89 52 90 119 90 120 90 52 91 120 91 50 91 50 92 120 92 121 92 50 93 121 93 48 93 48 94 121 94 122 94 48 95 122 95 46 95 46 96 122 96 123 96 46 97 123 97 44 97 44 98 123 98 124 98 44 99 124 99 42 99 42 100 124 100 125 100 42 101 125 101 40 101 40 102 125 102 126 102 40 103 126 103 127 103 40 104 127 104 38 104 38 105 127 105 128 105 38 106 128 106 36 106 36 107 128 107 129 107 36 108 129 108 130 108 36 109 130 109 33 109 33 110 130 110 131 110 33 111 131 111 32 111 32 112 131 112 132 112 32 113 132 113 29 113 29 114 132 114 133 114 29 115 133 115 28 115 28 116 133 116 134 116 28 117 134 117 26 117 26 118 134 118 135 118 26 119 135 119 23 119 23 120 135 120 136 120 23 121 136 121 137 121 23 122 137 122 21 122 21 123 137 123 138 123 21 124 138 124 19 124 19 125 138 125 139 125 19 126 139 126 17 126 17 127 139 127 140 127 17 128 140 128 15 128 15 129 140 129 141 129 15 130 141 130 12 130 12 131 141 131 142 131 12 132 142 132 9 132 9 133 142 133 143 133 9 134 143 134 144 134 9 135 144 135 7 135 7 136 144 136 145 136 7 137 145 137 5 137 5 138 145 138 146 138 5 139 146 139 4 139 4 140 146 140 93 140 147 141 93 141 146 141 147 142 146 142 148 142 148 143 146 143 145 143 148 144 145 144 149 144 149 145 145 145 144 145 149 146 144 146 150 146 150 147 144 147 143 147 150 148 143 148 151 148 151 149 143 149 142 149 151 150 142 150 141 150 151 151 141 151 152 151 152 152 141 152 140 152 152 153 140 153 153 153 153 154 140 154 139 154 153 155 139 155 154 155 154 156 139 156 138 156 154 157 138 157 155 157 155 158 138 158 137 158 155 159 137 159 156 159 156 160 137 160 136 160 156 161 136 161 135 161 156 162 135 162 157 162 157 163 135 163 134 163 157 164 134 164 158 164 158 165 134 165 133 165 158 166 133 166 159 166 159 167 133 167 132 167 159 168 132 168 160 168 160 169 132 169 131 169 160 170 131 170 161 170 161 171 131 171 130 171 161 172 130 172 162 172 162 173 130 173 129 173 162 174 129 174 163 174 163 175 129 175 128 175 163 176 128 176 164 176 164 177 128 177 127 177 164 178 127 178 126 178 164 179 126 179 165 179 165 180 126 180 125 180 165 181 125 181 166 181 166 182 125 182 124 182 166 183 124 183 123 183 166 184 123 184 167 184 167 185 123 185 122 185 167 186 122 186 168 186 168 187 122 187 121 187 168 188 121 188 169 188 169 189 121 189 120 189 169 190 120 190 170 190 170 191 120 191 119 191 170 192 119 192 171 192 171 193 119 193 118 193 171 194 118 194 117 194 171 195 117 195 172 195 172 196 117 196 116 196 172 197 116 197 173 197 173 198 116 198 115 198 173 199 115 199 174 199 174 200 115 200 114 200 174 201 114 201 175 201 175 202 114 202 113 202 175 203 113 203 176 203 176 204 113 204 112 204 176 205 112 205 177 205 177 206 112 206 111 206 177 207 111 207 110 207 177 208 110 208 178 208 178 209 110 209 109 209 178 210 109 210 179 210 179 211 109 211 108 211 179 212 108 212 180 212 180 213 108 213 107 213 180 214 107 214 106 214 180 215 106 215 181 215 181 216 106 216 105 216 181 217 105 217 182 217 182 218 105 218 104 218 182 219 104 219 183 219 183 220 104 220 103 220 183 221 103 221 184 221 184 222 103 222 102 222 184 223 102 223 185 223 185 224 102 224 101 224 185 225 101 225 100 225 185 226 100 226 186 226 186 227 100 227 99 227 186 228 99 228 98 228 186 229 98 229 187 229 187 230 98 230 97 230 187 231 97 231 188 231 188 232 97 232 96 232 188 233 96 233 189 233 189 234 96 234 95 234 189 235 95 235 190 235 190 236 95 236 94 236 190 237 94 237 147 237 147 238 94 238 93 238 147 239 191 239 190 239 190 240 191 240 192 240 190 239 192 239 189 239 189 241 192 241 188 241 188 239 192 239 193 239 188 239 193 239 187 239 187 242 193 242 186 242 186 239 193 239 185 239 185 239 193 239 194 239 185 243 194 243 184 243 184 244 194 244 183 244 183 239 194 239 195 239 183 239 195 239 182 239 182 245 195 245 196 245 182 246 196 246 181 246 181 247 196 247 180 247 180 239 196 239 197 239 180 239 197 239 179 239 179 248 197 248 178 248 178 249 197 249 177 249 177 239 197 239 198 239 177 250 198 250 176 250 176 251 198 251 175 251 175 239 198 239 199 239 175 239 199 239 174 239 174 239 199 239 173 239 173 239 199 239 172 239 172 239 199 239 200 239 172 239 200 239 171 239 171 252 200 252 201 252 171 239 201 239 170 239 170 239 201 239 169 239 169 239 201 239 202 239 169 239 202 239 168 239 168 239 202 239 167 239 167 253 202 253 203 253 167 239 203 239 166 239 166 239 203 239 165 239 165 239 203 239 204 239 165 239 204 239 164 239 164 254 204 254 163 254 163 239 204 239 162 239 162 239 204 239 205 239 162 239 205 239 161 239 161 255 205 255 160 255 160 256 205 256 206 256 160 257 206 257 159 257 159 239 206 239 158 239 158 239 206 239 207 239 158 239 207 239 157 239 157 258 207 258 156 258 156 239 207 239 208 239 156 239 208 239 155 239 155 259 208 259 154 259 154 260 208 260 153 260 153 239 208 239 209 239 153 239 209 239 152 239 152 261 209 261 210 261 152 239 210 239 151 239 151 262 210 262 150 262 150 239 210 239 211 239 150 239 211 239 149 239 149 239 211 239 148 239 148 239 211 239 147 239 147 263 211 263 191 263 191 264 212 264 213 264 212 265 191 265 211 265 212 266 211 266 214 266 214 267 211 267 215 267 215 268 211 268 210 268 215 269 210 269 216 269 216 270 210 270 217 270 217 271 210 271 209 271 217 272 209 272 218 272 218 273 209 273 219 273 219 274 209 274 208 274 219 275 208 275 220 275 220 276 208 276 221 276 221 277 208 277 222 277 222 278 208 278 207 278 222 279 207 279 223 279 223 280 207 280 224 280 224 281 207 281 206 281 224 282 206 282 225 282 225 283 206 283 226 283 226 284 206 284 227 284 227 285 206 285 205 285 227 286 205 286 228 286 228 287 205 287 229 287 229 288 205 288 204 288 229 289 204 289 230 289 230 290 204 290 231 290 231 291 204 291 232 291 232 292 204 292 203 292 232 293 203 293 233 293 233 294 203 294 234 294 234 295 203 295 235 295 235 296 203 296 202 296 235 297 202 297 236 297 236 298 202 298 237 298 237 299 202 299 238 299 238 300 202 300 201 300 238 301 201 301 239 301 239 302 201 302 200 302 239 303 200 303 240 303 240 304 200 304 241 304 241 305 200 305 199 305 241 306 199 306 242 306 242 307 199 307 243 307 243 308 199 308 244 308 244 309 199 309 198 309 244 310 198 310 245 310 245 311 198 311 246 311 246 312 198 312 247 312 247 313 198 313 197 313 247 314 197 314 248 314 248 315 197 315 249 315 249 316 197 316 196 316 249 317 196 317 250 317 250 318 196 318 251 318 251 319 196 319 195 319 251 320 195 320 252 320 252 321 195 321 253 321 253 322 195 322 194 322 253 323 194 323 254 323 254 324 194 324 255 324 255 325 194 325 193 325 255 326 193 326 256 326 256 327 193 327 257 327 257 328 193 328 258 328 258 329 193 329 192 329 258 330 192 330 259 330 259 331 192 331 260 331 260 332 192 332 191 332 260 333 191 333 213 333 212 334 261 334 213 334 213 335 261 335 262 335 213 336 262 336 263 336 213 337 263 337 260 337 260 338 263 338 264 338 260 339 264 339 265 339 260 340 265 340 259 340 259 341 265 341 266 341 259 342 266 342 258 342 258 343 266 343 267 343 258 344 267 344 268 344 258 345 268 345 257 345 257 346 268 346 269 346 257 347 269 347 256 347 256 348 269 348 270 348 256 349 270 349 255 349 255 350 270 350 271 350 255 351 271 351 272 351 255 352 272 352 254 352 254 353 272 353 273 353 254 354 273 354 274 354 254 355 274 355 253 355 253 356 274 356 275 356 253 357 275 357 252 357 252 358 275 358 276 358 252 359 276 359 251 359 251 360 276 360 277 360 251 361 277 361 278 361 251 362 278 362 250 362 250 363 278 363 279 363 250 364 279 364 249 364 249 365 279 365 280 365 249 366 280 366 248 366 248 367 280 367 281 367 248 368 281 368 247 368 247 369 281 369 282 369 247 370 282 370 246 370 246 371 282 371 283 371 246 372 283 372 284 372 246 373 284 373 245 373 245 374 284 374 285 374 245 375 285 375 286 375 245 376 286 376 244 376 244 377 286 377 287 377 244 378 287 378 243 378 243 379 287 379 288 379 243 380 288 380 242 380 242 381 288 381 289 381 242 382 289 382 241 382 241 383 289 383 290 383 241 384 290 384 291 384 241 385 291 385 240 385 240 386 291 386 292 386 240 387 292 387 239 387 239 388 292 388 293 388 239 389 293 389 294 389 239 390 294 390 238 390 238 391 294 391 295 391 238 392 295 392 237 392 237 393 295 393 296 393 237 394 296 394 297 394 237 395 297 395 236 395 236 396 297 396 298 396 236 397 298 397 299 397 236 398 299 398 235 398 235 399 299 399 300 399 235 400 300 400 234 400 234 401 300 401 301 401 234 402 301 402 302 402 234 403 302 403 233 403 233 404 302 404 303 404 233 405 303 405 304 405 233 406 304 406 232 406 232 407 304 407 305 407 232 408 305 408 306 408 232 409 306 409 231 409 231 410 306 410 307 410 231 411 307 411 230 411 230 412 307 412 308 412 230 413 308 413 229 413 229 414 308 414 309 414 229 415 309 415 228 415 228 416 309 416 310 416 228 417 310 417 227 417 227 418 310 418 311 418 227 419 311 419 226 419 226 420 311 420 312 420 226 421 312 421 225 421 225 422 312 422 313 422 225 423 313 423 314 423 225 424 314 424 224 424 224 425 314 425 315 425 224 426 315 426 223 426 223 427 315 427 316 427 223 428 316 428 317 428 223 429 317 429 222 429 222 430 317 430 318 430 222 431 318 431 221 431 221 432 318 432 319 432 221 433 319 433 220 433 220 434 319 434 320 434 220 435 320 435 219 435 219 436 320 436 321 436 219 437 321 437 322 437 219 438 322 438 218 438 218 439 322 439 323 439 218 440 323 440 217 440 217 441 323 441 324 441 217 442 324 442 216 442 216 443 324 443 325 443 216 444 325 444 326 444 216 445 326 445 215 445 215 446 326 446 327 446 215 447 327 447 328 447 215 448 328 448 214 448 214 449 328 449 329 449 214 450 329 450 330 450 214 451 330 451 212 451 212 452 330 452 331 452 212 453 331 453 261 453 0 454 262 454 1 454 1 455 262 455 261 455 1 456 261 456 3 456 3 457 261 457 331 457 3 458 331 458 330 458 3 459 330 459 6 459 6 460 330 460 329 460 6 461 329 461 8 461 8 462 329 462 328 462 8 463 328 463 10 463 10 464 328 464 327 464 10 465 327 465 326 465 10 466 326 466 11 466 11 467 326 467 325 467 11 468 325 468 13 468 13 469 325 469 324 469 13 470 324 470 14 470 14 471 324 471 323 471 14 472 323 472 16 472 16 473 323 473 322 473 16 474 322 474 18 474 18 475 322 475 321 475 18 476 321 476 20 476 20 477 321 477 320 477 20 478 320 478 319 478 20 479 319 479 22 479 22 480 319 480 318 480 22 481 318 481 24 481 24 482 318 482 317 482 24 483 317 483 316 483 24 484 316 484 25 484 25 485 316 485 315 485 25 486 315 486 27 486 27 487 315 487 314 487 27 488 314 488 30 488 30 489 314 489 313 489 30 490 313 490 312 490 30 491 312 491 31 491 31 492 312 492 311 492 31 493 311 493 310 493 31 494 310 494 34 494 34 495 310 495 309 495 34 496 309 496 35 496 35 497 309 497 308 497 35 498 308 498 37 498 37 499 308 499 307 499 37 500 307 500 306 500 37 501 306 501 39 501 39 502 306 502 305 502 39 503 305 503 304 503 39 504 304 504 41 504 41 505 304 505 303 505 41 506 303 506 302 506 41 507 302 507 43 507 43 508 302 508 301 508 43 509 301 509 45 509 45 510 301 510 300 510 45 511 300 511 299 511 45 512 299 512 47 512 47 513 299 513 298 513 47 514 298 514 297 514 47 515 297 515 49 515 49 516 297 516 296 516 49 517 296 517 295 517 49 518 295 518 51 518 51 519 295 519 53 519 53 520 295 520 294 520 53 521 294 521 293 521 53 522 293 522 55 522 55 523 293 523 292 523 55 524 292 524 291 524 55 525 291 525 56 525 56 526 291 526 290 526 56 527 290 527 58 527 58 528 290 528 289 528 58 529 289 529 60 529 60 530 289 530 288 530 60 531 288 531 287 531 60 532 287 532 62 532 62 533 287 533 286 533 62 534 286 534 64 534 64 535 286 535 285 535 64 536 285 536 284 536 64 537 284 537 65 537 65 538 284 538 283 538 65 539 283 539 67 539 67 540 283 540 282 540 67 541 282 541 69 541 69 542 282 542 281 542 69 543 281 543 280 543 69 544 280 544 71 544 71 545 280 545 279 545 71 546 279 546 73 546 73 547 279 547 278 547 73 548 278 548 75 548 75 549 278 549 277 549 75 550 277 550 76 550 76 551 277 551 276 551 76 552 276 552 275 552 76 553 275 553 77 553 77 554 275 554 274 554 77 555 274 555 78 555 78 556 274 556 273 556 78 557 273 557 79 557 79 558 273 558 272 558 79 559 272 559 80 559 80 560 272 560 271 560 80 561 271 561 270 561 80 562 270 562 84 562 84 563 270 563 269 563 84 564 269 564 85 564 85 565 269 565 268 565 85 566 268 566 87 566 87 567 268 567 267 567 87 568 267 568 266 568 87 569 266 569 89 569 89 570 266 570 265 570 89 571 265 571 264 571 89 572 264 572 0 572 0 573 264 573 263 573 0 574 263 574 262 574 332 575 333 575 334 575 334 239 333 239 335 239 333 576 332 576 336 576 336 577 332 577 337 577 336 239 337 239 338 239 338 578 337 578 339 578 338 579 339 579 340 579 340 580 339 580 341 580 340 239 341 239 342 239 342 239 341 239 343 239 341 239 344 239 343 239 343 581 344 581 345 581 343 582 345 582 346 582 346 239 347 239 343 239 343 239 347 239 348 239 348 583 347 583 349 583 348 239 349 239 350 239 348 239 350 239 351 239 351 239 350 239 352 239 351 584 352 584 353 584 353 585 352 585 354 585 353 586 354 586 355 586 355 239 354 239 356 239 355 587 356 587 357 587 355 239 357 239 358 239 358 239 357 239 359 239 358 239 359 239 360 239 360 239 359 239 361 239 360 588 361 588 362 588 360 589 362 589 363 589 363 590 362 590 364 590 363 591 364 591 365 591 363 239 365 239 366 239 366 592 365 592 367 592 366 593 367 593 368 593 366 594 368 594 369 594 369 595 368 595 370 595 369 239 370 239 371 239 370 239 372 239 371 239 371 239 372 239 373 239 371 596 373 596 374 596 371 239 374 239 375 239 371 239 375 239 376 239 377 239 378 239 376 239 376 597 378 597 371 597 379 598 380 598 377 598 377 599 380 599 381 599 380 600 379 600 335 600 335 239 379 239 334 239 381 601 378 601 377 601 382 602 383 602 384 602 383 0 382 0 385 0 385 603 382 603 386 603 385 604 386 604 387 604 387 605 386 605 388 605 387 606 388 606 389 606 389 0 388 0 390 0 389 607 390 607 391 607 391 0 390 0 392 0 392 0 390 0 393 0 393 0 394 0 392 0 394 0 395 0 392 0 392 0 395 0 396 0 396 608 397 608 392 608 392 609 397 609 398 609 392 0 398 0 399 0 399 610 398 610 400 610 399 611 400 611 401 611 399 0 401 0 402 0 402 612 401 612 403 612 402 613 403 613 404 613 402 0 404 0 405 0 405 614 404 614 406 614 405 615 406 615 407 615 405 0 407 0 408 0 408 616 407 616 409 616 408 617 409 617 410 617 408 0 410 0 411 0 411 618 410 618 412 618 411 0 412 0 413 0 413 619 412 619 414 619 413 620 414 620 415 620 413 621 415 621 416 621 416 0 415 0 417 0 416 622 417 622 418 622 418 623 417 623 419 623 418 624 419 624 420 624 418 0 420 0 421 0 421 625 420 625 422 625 421 626 422 626 423 626 421 0 423 0 424 0 421 627 424 627 425 627 425 0 426 0 421 0 425 628 427 628 426 628 428 0 427 0 425 0 428 0 429 0 427 0 430 629 431 629 428 629 428 630 431 630 429 630 431 631 430 631 432 631 432 632 430 632 433 632 432 0 433 0 384 0 384 0 433 0 382 0 334 633 382 633 332 633 332 634 382 634 433 634 332 635 433 635 337 635 337 636 433 636 430 636 337 637 430 637 339 637 339 638 430 638 428 638 339 639 428 639 425 639 339 640 425 640 341 640 341 641 425 641 424 641 341 642 424 642 344 642 344 643 424 643 423 643 344 644 423 644 345 644 345 645 423 645 422 645 345 646 422 646 346 646 346 647 422 647 420 647 346 648 420 648 347 648 347 649 420 649 419 649 347 650 419 650 349 650 349 651 419 651 417 651 349 652 417 652 350 652 350 653 417 653 415 653 350 654 415 654 352 654 352 655 415 655 414 655 352 656 414 656 354 656 354 657 414 657 412 657 354 658 412 658 356 658 356 659 412 659 410 659 356 660 410 660 357 660 357 661 410 661 359 661 359 662 410 662 409 662 359 663 409 663 361 663 361 664 409 664 407 664 361 665 407 665 406 665 361 666 406 666 362 666 362 667 406 667 404 667 362 668 404 668 364 668 364 669 404 669 403 669 364 670 403 670 365 670 365 671 403 671 401 671 365 672 401 672 367 672 367 673 401 673 400 673 367 674 400 674 368 674 368 675 400 675 398 675 368 676 398 676 370 676 370 677 398 677 397 677 370 678 397 678 372 678 372 679 397 679 396 679 372 680 396 680 373 680 373 681 396 681 395 681 373 682 395 682 374 682 374 683 395 683 394 683 374 684 394 684 375 684 375 685 394 685 393 685 375 686 393 686 376 686 376 687 393 687 390 687 376 688 390 688 377 688 377 689 390 689 388 689 377 690 388 690 379 690 379 691 388 691 386 691 379 692 386 692 382 692 379 693 382 693 334 693 333 694 384 694 383 694 333 695 383 695 335 695 335 696 383 696 385 696 335 697 385 697 380 697 380 698 385 698 387 698 380 699 387 699 381 699 381 700 387 700 389 700 381 701 389 701 391 701 381 702 391 702 378 702 378 703 391 703 371 703 371 704 391 704 392 704 371 705 392 705 369 705 369 706 392 706 399 706 369 707 399 707 366 707 366 708 399 708 402 708 366 709 402 709 363 709 363 710 402 710 405 710 363 711 405 711 360 711 360 712 405 712 408 712 360 713 408 713 358 713 358 714 408 714 411 714 358 715 411 715 355 715 355 716 411 716 413 716 355 717 413 717 353 717 353 718 413 718 416 718 353 719 416 719 351 719 351 720 416 720 418 720 351 721 418 721 348 721 348 722 418 722 421 722 348 723 421 723 343 723 343 724 421 724 426 724 343 725 426 725 427 725 343 726 427 726 342 726 342 727 427 727 340 727 340 728 427 728 429 728 340 729 429 729 338 729 338 730 429 730 431 730 338 731 431 731 336 731 336 732 431 732 432 732 336 733 432 733 333 733 333 734 432 734 384 734 434 735 435 735 436 735 434 736 436 736 437 736 437 737 436 737 438 737 438 738 436 738 439 738 438 739 439 739 440 739 440 740 439 740 441 740 440 741 441 741 442 741 442 742 441 742 443 742 442 743 443 743 444 743 444 744 443 744 445 744 444 745 445 745 446 745 446 746 445 746 447 746 446 747 447 747 448 747 448 748 447 748 449 748 448 749 449 749 450 749 450 750 449 750 451 750 450 751 451 751 452 751 452 752 451 752 453 752 452 753 453 753 454 753 454 754 453 754 455 754 454 755 455 755 456 755 456 756 455 756 457 756 456 757 457 757 458 757 458 758 457 758 459 758 458 759 459 759 460 759 460 760 459 760 461 760 460 761 461 761 462 761 462 762 461 762 463 762 462 763 463 763 464 763 464 764 463 764 465 764 464 765 465 765 466 765 466 766 465 766 467 766 466 767 467 767 468 767 468 768 467 768 469 768 468 769 469 769 470 769 470 770 469 770 471 770 470 771 471 771 472 771 472 772 471 772 473 772 472 773 473 773 474 773 474 774 473 774 475 774 474 775 475 775 476 775 476 776 475 776 477 776 476 777 477 777 478 777 478 778 477 778 479 778 478 779 479 779 480 779 480 780 479 780 481 780 480 781 481 781 482 781 482 782 481 782 483 782 483 783 481 783 484 783 483 784 484 784 485 784 485 785 484 785 435 785 485 786 435 786 434 786 486 787 435 787 484 787 486 788 484 788 487 788 487 789 484 789 481 789 487 790 481 790 479 790 487 791 479 791 488 791 488 792 479 792 477 792 488 793 477 793 489 793 489 794 477 794 475 794 489 795 475 795 490 795 490 796 475 796 473 796 490 797 473 797 471 797 490 798 471 798 491 798 491 799 471 799 469 799 491 800 469 800 492 800 492 801 469 801 467 801 492 802 467 802 465 802 492 803 465 803 493 803 493 804 465 804 463 804 493 805 463 805 494 805 494 806 463 806 461 806 494 807 461 807 459 807 494 808 459 808 495 808 495 809 459 809 457 809 495 810 457 810 496 810 496 811 457 811 455 811 496 812 455 812 453 812 496 813 453 813 497 813 497 814 453 814 451 814 497 815 451 815 498 815 498 816 451 816 449 816 498 817 449 817 447 817 498 818 447 818 499 818 499 819 447 819 445 819 499 820 445 820 443 820 499 821 443 821 500 821 500 822 443 822 441 822 500 823 441 823 439 823 500 824 439 824 501 824 501 825 439 825 436 825 501 826 436 826 502 826 502 827 436 827 435 827 502 828 435 828 486 828 486 829 503 829 502 829 502 830 503 830 504 830 502 831 504 831 505 831 502 832 505 832 501 832 501 833 505 833 500 833 500 834 505 834 506 834 500 835 506 835 507 835 500 836 507 836 499 836 499 837 507 837 498 837 498 838 507 838 508 838 498 839 508 839 509 839 498 840 509 840 497 840 497 841 509 841 510 841 497 842 510 842 496 842 496 843 510 843 511 843 496 844 511 844 495 844 495 845 511 845 512 845 495 846 512 846 494 846 494 847 512 847 513 847 494 848 513 848 493 848 493 849 513 849 514 849 493 850 514 850 492 850 492 851 514 851 515 851 492 852 515 852 491 852 491 853 515 853 516 853 491 854 516 854 490 854 490 855 516 855 517 855 490 856 517 856 489 856 489 857 517 857 518 857 489 858 518 858 488 858 488 859 518 859 519 859 488 860 519 860 487 860 487 861 519 861 520 861 487 862 520 862 486 862 486 863 520 863 503 863 434 864 503 864 485 864 485 865 503 865 520 865 485 866 520 866 483 866 483 867 520 867 482 867 482 868 520 868 519 868 482 869 519 869 480 869 480 870 519 870 478 870 478 871 519 871 518 871 478 872 518 872 476 872 476 873 518 873 517 873 476 874 517 874 474 874 474 875 517 875 472 875 472 876 517 876 516 876 472 877 516 877 470 877 470 878 516 878 468 878 468 879 516 879 515 879 468 880 515 880 514 880 468 881 514 881 466 881 466 882 514 882 464 882 464 883 514 883 513 883 464 884 513 884 462 884 462 885 513 885 460 885 460 886 513 886 512 886 460 887 512 887 458 887 458 888 512 888 511 888 458 889 511 889 456 889 456 890 511 890 454 890 454 891 511 891 510 891 454 892 510 892 452 892 452 893 510 893 509 893 452 894 509 894 450 894 450 895 509 895 448 895 448 896 509 896 508 896 448 897 508 897 446 897 446 898 508 898 507 898 446 899 507 899 444 899 444 900 507 900 442 900 442 901 507 901 506 901 442 902 506 902 440 902 440 903 506 903 505 903 440 904 505 904 438 904 438 905 505 905 437 905 437 906 505 906 504 906 437 907 504 907 434 907 434 908 504 908 503 908 521 239 522 239 523 239 523 909 522 909 524 909 524 239 522 239 525 239 524 910 525 910 526 910 526 911 525 911 527 911 526 912 527 912 528 912 528 239 527 239 529 239 528 239 529 239 530 239 530 913 529 913 531 913 530 914 531 914 532 914 532 915 531 915 533 915 532 239 533 239 534 239 534 239 533 239 535 239 534 916 535 916 536 916 534 239 536 239 537 239 537 917 536 917 538 917 537 239 538 239 539 239 539 918 538 918 540 918 539 239 540 239 541 239 541 919 540 919 542 919 541 239 542 239 543 239 543 920 542 920 544 920 543 921 544 921 545 921 543 922 545 922 546 922 546 923 545 923 547 923 546 924 547 924 548 924 548 925 547 925 549 925 548 239 549 239 550 239 550 926 549 926 551 926 550 239 551 239 552 239 552 927 551 927 553 927 552 239 553 239 554 239 554 928 553 928 555 928 554 239 555 239 556 239 556 929 555 929 557 929 556 930 557 930 558 930 558 931 557 931 559 931 558 239 559 239 560 239 560 239 559 239 561 239 560 239 561 239 562 239 562 932 561 932 563 932 562 239 563 239 564 239 564 933 563 933 565 933 564 239 565 239 566 239 566 239 565 239 567 239 566 239 567 239 568 239 568 239 567 239 569 239 568 934 569 934 570 934 570 239 569 239 571 239 571 239 569 239 572 239 571 935 572 935 573 935 571 936 573 936 574 936 574 937 573 937 575 937 574 938 575 938 576 938 576 939 575 939 577 939 577 239 575 239 578 239 577 239 578 239 579 239 577 940 579 940 580 940 580 941 579 941 581 941 580 942 581 942 582 942 582 943 581 943 583 943 582 944 583 944 584 944 584 945 583 945 585 945 584 946 585 946 586 946 584 239 586 239 587 239 587 947 586 947 588 947 587 239 588 239 589 239 589 239 588 239 590 239 590 239 588 239 591 239 590 239 591 239 592 239 592 239 591 239 593 239 592 239 593 239 594 239 594 948 593 948 595 948 594 239 595 239 596 239 596 239 595 239 597 239 596 949 597 949 598 949 596 239 598 239 599 239 599 950 598 950 600 950 600 951 598 951 601 951 600 952 601 952 602 952 602 953 601 953 603 953 602 954 603 954 604 954 604 955 605 955 602 955 606 956 607 956 605 956 605 957 607 957 608 957 607 239 606 239 609 239 609 958 606 958 610 958 609 959 610 959 611 959 611 239 610 239 612 239 611 239 612 239 613 239 613 239 612 239 614 239 613 239 614 239 615 239 615 960 614 960 616 960 615 961 616 961 617 961 617 962 616 962 521 962 617 963 521 963 523 963 605 964 608 964 602 964 524 965 618 965 523 965 523 966 618 966 619 966 523 967 619 967 620 967 523 968 620 968 617 968 617 969 620 969 621 969 617 970 621 970 622 970 617 971 622 971 615 971 615 972 622 972 623 972 615 973 623 973 613 973 613 974 623 974 624 974 613 975 624 975 611 975 611 976 624 976 625 976 611 977 625 977 609 977 609 978 625 978 626 978 609 979 626 979 607 979 607 980 626 980 627 980 607 981 627 981 608 981 608 982 627 982 628 982 608 983 628 983 602 983 602 984 628 984 629 984 602 985 629 985 630 985 602 986 630 986 600 986 600 987 630 987 631 987 600 988 631 988 599 988 599 989 631 989 632 989 599 990 632 990 596 990 596 991 632 991 633 991 596 992 633 992 594 992 594 993 633 993 634 993 594 994 634 994 592 994 592 995 634 995 635 995 592 996 635 996 590 996 590 997 635 997 636 997 590 998 636 998 589 998 589 999 636 999 637 999 589 1000 637 1000 587 1000 587 1001 637 1001 638 1001 587 1002 638 1002 584 1002 584 1003 638 1003 639 1003 584 1004 639 1004 640 1004 584 1005 640 1005 582 1005 582 1006 640 1006 641 1006 582 1007 641 1007 580 1007 580 1008 641 1008 642 1008 580 1009 642 1009 577 1009 577 1010 642 1010 643 1010 577 1011 643 1011 576 1011 576 1012 643 1012 644 1012 576 1013 644 1013 574 1013 574 1014 644 1014 645 1014 574 1015 645 1015 571 1015 571 1016 645 1016 646 1016 571 1017 646 1017 647 1017 571 1018 647 1018 570 1018 570 1019 647 1019 648 1019 570 1020 648 1020 568 1020 568 1021 648 1021 649 1021 568 1022 649 1022 566 1022 566 1023 649 1023 650 1023 566 1024 650 1024 564 1024 564 1025 650 1025 651 1025 564 1026 651 1026 562 1026 562 1027 651 1027 652 1027 562 1028 652 1028 560 1028 560 1029 652 1029 653 1029 560 1030 653 1030 558 1030 558 1031 653 1031 654 1031 558 1032 654 1032 556 1032 556 1033 654 1033 655 1033 556 1034 655 1034 554 1034 554 1035 655 1035 656 1035 554 1036 656 1036 552 1036 552 1037 656 1037 657 1037 552 1038 657 1038 550 1038 550 1039 657 1039 658 1039 550 1040 658 1040 548 1040 548 1041 658 1041 659 1041 548 1042 659 1042 546 1042 546 1043 659 1043 660 1043 546 1044 660 1044 543 1044 543 1045 660 1045 661 1045 543 1046 661 1046 541 1046 541 1047 661 1047 662 1047 541 1048 662 1048 663 1048 541 1049 663 1049 539 1049 539 1050 663 1050 664 1050 539 1051 664 1051 537 1051 537 1052 664 1052 665 1052 537 1053 665 1053 534 1053 534 1054 665 1054 666 1054 534 1055 666 1055 667 1055 534 1056 667 1056 532 1056 532 1057 667 1057 668 1057 532 1058 668 1058 530 1058 530 1059 668 1059 669 1059 530 1060 669 1060 528 1060 528 1061 669 1061 670 1061 528 1062 670 1062 526 1062 526 1063 670 1063 671 1063 526 1064 671 1064 524 1064 524 1065 671 1065 618 1065 672 1066 619 1066 618 1066 672 1067 618 1067 673 1067 673 1068 618 1068 671 1068 673 1069 671 1069 674 1069 674 1070 671 1070 670 1070 674 1071 670 1071 675 1071 675 1072 670 1072 669 1072 675 1073 669 1073 668 1073 675 1074 668 1074 676 1074 676 1075 668 1075 667 1075 676 1076 667 1076 677 1076 677 1077 667 1077 666 1077 677 1078 666 1078 678 1078 678 1079 666 1079 665 1079 678 1080 665 1080 679 1080 679 1081 665 1081 664 1081 679 1082 664 1082 680 1082 680 1083 664 1083 663 1083 680 1084 663 1084 681 1084 681 1085 663 1085 662 1085 681 1086 662 1086 682 1086 682 1087 662 1087 661 1087 682 1088 661 1088 683 1088 683 1089 661 1089 660 1089 683 1090 660 1090 684 1090 684 1091 660 1091 659 1091 684 1092 659 1092 685 1092 685 1093 659 1093 658 1093 685 1094 658 1094 686 1094 686 1095 658 1095 657 1095 686 1096 657 1096 656 1096 686 1097 656 1097 687 1097 687 1098 656 1098 655 1098 687 1099 655 1099 654 1099 687 1100 654 1100 688 1100 688 1101 654 1101 653 1101 688 1102 653 1102 689 1102 689 1103 653 1103 652 1103 689 1104 652 1104 651 1104 689 1105 651 1105 690 1105 690 1106 651 1106 650 1106 690 1107 650 1107 691 1107 691 1108 650 1108 649 1108 691 1109 649 1109 692 1109 692 1110 649 1110 648 1110 692 1111 648 1111 693 1111 693 1112 648 1112 647 1112 693 1113 647 1113 694 1113 694 1114 647 1114 646 1114 694 1115 646 1115 645 1115 694 1116 645 1116 695 1116 695 1117 645 1117 644 1117 695 1118 644 1118 696 1118 696 1119 644 1119 643 1119 696 1120 643 1120 697 1120 697 1121 643 1121 642 1121 697 1122 642 1122 698 1122 698 1123 642 1123 641 1123 698 1124 641 1124 699 1124 699 1125 641 1125 640 1125 699 1126 640 1126 700 1126 700 1127 640 1127 639 1127 700 1128 639 1128 638 1128 700 1129 638 1129 701 1129 701 1130 638 1130 637 1130 701 1131 637 1131 702 1131 702 1132 637 1132 636 1132 702 1133 636 1133 703 1133 703 1134 636 1134 635 1134 703 1135 635 1135 704 1135 704 1136 635 1136 634 1136 704 1137 634 1137 633 1137 704 1138 633 1138 705 1138 705 1139 633 1139 632 1139 705 1140 632 1140 706 1140 706 1141 632 1141 631 1141 706 1142 631 1142 707 1142 707 1143 631 1143 630 1143 707 1144 630 1144 708 1144 708 1145 630 1145 629 1145 708 1146 629 1146 709 1146 709 1147 629 1147 628 1147 709 1148 628 1148 710 1148 710 1149 628 1149 627 1149 710 1150 627 1150 711 1150 711 1151 627 1151 626 1151 711 1152 626 1152 712 1152 712 1153 626 1153 625 1153 712 1154 625 1154 713 1154 713 1155 625 1155 624 1155 713 1156 624 1156 623 1156 713 1157 623 1157 714 1157 714 1158 623 1158 622 1158 714 1159 622 1159 715 1159 715 1160 622 1160 621 1160 715 1161 621 1161 716 1161 716 1162 621 1162 620 1162 716 1163 620 1163 672 1163 672 1164 620 1164 619 1164 672 0 717 0 718 0 672 0 718 0 716 0 716 1165 718 1165 715 1165 715 1166 718 1166 714 1166 714 0 718 0 719 0 714 0 719 0 713 0 713 1167 719 1167 712 1167 712 0 719 0 720 0 712 0 720 0 711 0 711 0 720 0 710 0 710 1168 720 1168 709 1168 709 0 720 0 721 0 709 0 721 0 708 0 708 0 721 0 707 0 707 1169 721 1169 722 1169 707 0 722 0 706 0 706 0 722 0 705 0 705 1170 722 1170 704 1170 704 0 722 0 723 0 704 0 723 0 703 0 703 0 723 0 702 0 702 1171 723 1171 724 1171 702 0 724 0 701 0 701 0 724 0 700 0 700 0 724 0 699 0 699 1172 724 1172 725 1172 699 0 725 0 698 0 698 0 725 0 726 0 698 0 726 0 697 0 697 0 726 0 696 0 696 0 726 0 695 0 695 0 726 0 727 0 695 1173 727 1173 694 1173 694 0 727 0 693 0 693 0 727 0 728 0 693 0 728 0 692 0 692 1174 728 1174 691 1174 691 0 728 0 729 0 691 0 729 0 690 0 690 1175 729 1175 689 1175 689 1176 729 1176 730 1176 689 1177 730 1177 688 1177 688 0 730 0 687 0 687 1178 730 1178 686 1178 686 0 730 0 731 0 686 1179 731 1179 685 1179 685 0 731 0 684 0 684 1180 731 1180 732 1180 684 1181 732 1181 683 1181 683 1182 732 1182 682 1182 682 1183 732 1183 733 1183 682 0 733 0 681 0 681 1184 733 1184 734 1184 681 0 734 0 680 0 680 0 734 0 679 0 679 0 734 0 678 0 678 0 734 0 735 0 678 0 735 0 677 0 677 0 735 0 676 0 676 1185 735 1185 736 1185 676 0 736 0 675 0 675 0 736 0 737 0 675 0 737 0 674 0 674 0 737 0 673 0 673 0 737 0 717 0 673 1186 717 1186 672 1186 717 1187 738 1187 739 1187 738 1188 717 1188 740 1188 740 1189 717 1189 737 1189 740 1190 737 1190 741 1190 741 1191 737 1191 742 1191 742 1192 737 1192 736 1192 742 1193 736 1193 743 1193 743 1194 736 1194 735 1194 743 1195 735 1195 744 1195 744 1196 735 1196 745 1196 745 1197 735 1197 734 1197 745 1198 734 1198 746 1198 746 1199 734 1199 747 1199 747 1200 734 1200 748 1200 748 1201 734 1201 733 1201 748 1202 733 1202 749 1202 749 1203 733 1203 750 1203 750 1204 733 1204 732 1204 750 1205 732 1205 751 1205 751 1206 732 1206 752 1206 752 1207 732 1207 731 1207 752 1208 731 1208 753 1208 753 1209 731 1209 754 1209 754 1210 731 1210 730 1210 754 1211 730 1211 755 1211 755 1212 730 1212 756 1212 756 1213 730 1213 757 1213 757 1214 730 1214 729 1214 757 1215 729 1215 758 1215 758 1216 729 1216 759 1216 759 1217 729 1217 728 1217 759 1218 728 1218 760 1218 760 1219 728 1219 761 1219 761 1220 728 1220 727 1220 761 1221 727 1221 762 1221 762 1222 727 1222 763 1222 763 1223 727 1223 764 1223 764 1224 727 1224 726 1224 764 1225 726 1225 765 1225 765 1226 726 1226 766 1226 766 1227 726 1227 725 1227 766 1228 725 1228 767 1228 767 1229 725 1229 768 1229 768 1230 725 1230 724 1230 768 1231 724 1231 769 1231 769 1232 724 1232 770 1232 770 1233 724 1233 771 1233 771 1234 724 1234 723 1234 771 1235 723 1235 772 1235 772 1236 723 1236 773 1236 773 1237 723 1237 774 1237 774 1238 723 1238 722 1238 774 1239 722 1239 775 1239 775 1240 722 1240 776 1240 776 1241 722 1241 721 1241 776 1242 721 1242 777 1242 777 1243 721 1243 778 1243 778 1244 721 1244 720 1244 778 1245 720 1245 779 1245 779 1246 720 1246 780 1246 780 1247 720 1247 781 1247 781 1248 720 1248 719 1248 781 1249 719 1249 782 1249 782 1250 719 1250 783 1250 783 1251 719 1251 784 1251 784 1252 719 1252 718 1252 784 1253 718 1253 785 1253 785 1254 718 1254 739 1254 739 1255 718 1255 717 1255 738 1256 786 1256 787 1256 738 1257 787 1257 739 1257 739 1258 787 1258 788 1258 739 1259 788 1259 789 1259 739 1260 789 1260 785 1260 785 1261 789 1261 790 1261 785 1262 790 1262 784 1262 784 1263 790 1263 791 1263 784 1264 791 1264 783 1264 783 1265 791 1265 792 1265 783 1266 792 1266 793 1266 783 1267 793 1267 782 1267 782 1268 793 1268 794 1268 782 1269 794 1269 781 1269 781 1270 794 1270 795 1270 781 1271 795 1271 796 1271 781 1272 796 1272 780 1272 780 1273 796 1273 797 1273 780 1274 797 1274 779 1274 779 1275 797 1275 798 1275 779 1276 798 1276 778 1276 778 1277 798 1277 799 1277 778 1278 799 1278 777 1278 777 1279 799 1279 800 1279 777 1280 800 1280 801 1280 777 1281 801 1281 776 1281 776 1282 801 1282 802 1282 776 1283 802 1283 803 1283 776 1284 803 1284 775 1284 775 1285 803 1285 804 1285 775 1286 804 1286 774 1286 774 1287 804 1287 805 1287 774 1288 805 1288 806 1288 774 1289 806 1289 773 1289 773 1290 806 1290 807 1290 773 1291 807 1291 772 1291 772 1292 807 1292 808 1292 772 1293 808 1293 809 1293 772 1294 809 1294 771 1294 771 1295 809 1295 810 1295 771 1296 810 1296 770 1296 770 1297 810 1297 811 1297 770 1298 811 1298 769 1298 769 1299 811 1299 812 1299 769 1300 812 1300 768 1300 768 1301 812 1301 813 1301 768 1302 813 1302 814 1302 768 1303 814 1303 767 1303 767 1304 814 1304 815 1304 767 1305 815 1305 766 1305 766 1306 815 1306 816 1306 766 1307 816 1307 765 1307 765 1308 816 1308 817 1308 765 1309 817 1309 818 1309 765 1310 818 1310 764 1310 764 1311 818 1311 819 1311 764 1312 819 1312 763 1312 763 1313 819 1313 820 1313 763 1314 820 1314 762 1314 762 1315 820 1315 821 1315 762 1316 821 1316 822 1316 762 1317 822 1317 761 1317 761 1318 822 1318 823 1318 761 1319 823 1319 760 1319 760 1320 823 1320 824 1320 760 1321 824 1321 825 1321 760 1322 825 1322 759 1322 759 1323 825 1323 826 1323 759 1324 826 1324 827 1324 759 1325 827 1325 758 1325 758 1326 827 1326 828 1326 758 1327 828 1327 757 1327 757 1328 828 1328 829 1328 757 1329 829 1329 830 1329 757 1330 830 1330 756 1330 756 1331 830 1331 831 1331 756 1332 831 1332 832 1332 756 1333 832 1333 755 1333 755 1334 832 1334 833 1334 755 1335 833 1335 834 1335 755 1336 834 1336 754 1336 754 1337 834 1337 835 1337 754 1338 835 1338 836 1338 754 1339 836 1339 753 1339 753 1340 836 1340 837 1340 753 1341 837 1341 838 1341 753 1342 838 1342 752 1342 752 1343 838 1343 839 1343 752 1344 839 1344 751 1344 751 1345 839 1345 840 1345 751 1346 840 1346 841 1346 751 1347 841 1347 750 1347 750 1348 841 1348 842 1348 750 1349 842 1349 749 1349 749 1350 842 1350 843 1350 749 1351 843 1351 748 1351 748 1352 843 1352 844 1352 748 1353 844 1353 747 1353 747 1354 844 1354 845 1354 747 1355 845 1355 746 1355 746 1356 845 1356 846 1356 746 1357 846 1357 745 1357 745 1358 846 1358 847 1358 745 1359 847 1359 744 1359 744 1360 847 1360 848 1360 744 1361 848 1361 743 1361 743 1362 848 1362 849 1362 743 1363 849 1363 742 1363 742 1364 849 1364 850 1364 742 1365 850 1365 851 1365 742 1366 851 1366 741 1366 741 1367 851 1367 852 1367 741 1368 852 1368 740 1368 740 1369 852 1369 853 1369 740 1370 853 1370 738 1370 738 1371 853 1371 786 1371 521 1372 787 1372 522 1372 522 1373 787 1373 786 1373 522 1374 786 1374 853 1374 522 1375 853 1375 525 1375 525 1376 853 1376 852 1376 525 1377 852 1377 527 1377 527 1378 852 1378 851 1378 527 1379 851 1379 529 1379 529 1380 851 1380 850 1380 529 1381 850 1381 531 1381 531 1382 850 1382 849 1382 531 1383 849 1383 533 1383 533 1384 849 1384 848 1384 533 1385 848 1385 535 1385 535 1386 848 1386 847 1386 535 1387 847 1387 536 1387 536 1388 847 1388 846 1388 536 1389 846 1389 845 1389 536 1390 845 1390 538 1390 538 1391 845 1391 844 1391 538 1392 844 1392 540 1392 540 1393 844 1393 843 1393 540 1394 843 1394 542 1394 542 1395 843 1395 842 1395 542 1396 842 1396 841 1396 542 1397 841 1397 544 1397 544 1398 841 1398 545 1398 545 1399 841 1399 840 1399 545 1400 840 1400 839 1400 545 1401 839 1401 547 1401 547 1402 839 1402 838 1402 547 1403 838 1403 549 1403 549 1404 838 1404 837 1404 549 1405 837 1405 836 1405 549 1406 836 1406 551 1406 551 1407 836 1407 835 1407 551 1408 835 1408 553 1408 553 1409 835 1409 834 1409 553 1410 834 1410 555 1410 555 1411 834 1411 833 1411 555 1412 833 1412 832 1412 555 1413 832 1413 557 1413 557 1414 832 1414 831 1414 557 1415 831 1415 559 1415 559 1416 831 1416 830 1416 559 1417 830 1417 561 1417 561 1418 830 1418 829 1418 561 1419 829 1419 828 1419 561 1420 828 1420 563 1420 563 1421 828 1421 827 1421 563 1422 827 1422 565 1422 565 1423 827 1423 826 1423 565 1424 826 1424 825 1424 565 1425 825 1425 567 1425 567 1426 825 1426 824 1426 567 1427 824 1427 823 1427 567 1428 823 1428 569 1428 569 1429 823 1429 822 1429 569 1430 822 1430 572 1430 572 1431 822 1431 821 1431 572 1432 821 1432 820 1432 572 1433 820 1433 573 1433 573 1434 820 1434 819 1434 573 1435 819 1435 575 1435 575 1436 819 1436 818 1436 575 1437 818 1437 817 1437 575 1438 817 1438 578 1438 578 1439 817 1439 816 1439 578 1440 816 1440 579 1440 579 1441 816 1441 815 1441 579 1442 815 1442 581 1442 581 1443 815 1443 814 1443 581 1444 814 1444 583 1444 583 1445 814 1445 813 1445 583 1446 813 1446 585 1446 585 1447 813 1447 812 1447 585 1448 812 1448 811 1448 585 1449 811 1449 586 1449 586 1450 811 1450 810 1450 586 1451 810 1451 588 1451 588 1452 810 1452 809 1452 588 1453 809 1453 591 1453 591 1454 809 1454 808 1454 591 1455 808 1455 807 1455 591 1456 807 1456 593 1456 593 1457 807 1457 806 1457 593 1458 806 1458 595 1458 595 1459 806 1459 805 1459 595 1460 805 1460 597 1460 597 1461 805 1461 804 1461 597 1462 804 1462 598 1462 598 1463 804 1463 803 1463 598 1464 803 1464 802 1464 598 1465 802 1465 601 1465 601 1466 802 1466 801 1466 601 1467 801 1467 603 1467 603 1468 801 1468 800 1468 603 1469 800 1469 799 1469 603 1470 799 1470 604 1470 604 1471 799 1471 798 1471 604 1472 798 1472 605 1472 605 1473 798 1473 797 1473 605 1474 797 1474 796 1474 605 1475 796 1475 606 1475 606 1476 796 1476 795 1476 606 1477 795 1477 610 1477 610 1478 795 1478 794 1478 610 1479 794 1479 793 1479 610 1480 793 1480 612 1480 612 1481 793 1481 792 1481 612 1482 792 1482 614 1482 614 1483 792 1483 791 1483 614 1484 791 1484 616 1484 616 1485 791 1485 790 1485 616 1486 790 1486 789 1486 616 1487 789 1487 521 1487 521 1488 789 1488 788 1488 521 1489 788 1489 787 1489 854 239 855 239 856 239 856 239 855 239 857 239 855 239 854 239 858 239 858 239 854 239 859 239 858 1490 859 1490 860 1490 860 239 859 239 861 239 860 239 861 239 862 239 862 1491 861 1491 863 1491 862 1492 863 1492 864 1492 864 1493 863 1493 865 1493 863 239 866 239 865 239 865 1494 866 1494 867 1494 865 1495 867 1495 868 1495 868 239 869 239 865 239 865 239 869 239 870 239 870 1496 869 1496 871 1496 870 1497 871 1497 872 1497 870 239 872 239 873 239 873 239 872 239 874 239 873 239 874 239 875 239 875 239 874 239 876 239 875 239 876 239 877 239 877 239 876 239 878 239 877 1498 878 1498 879 1498 877 239 879 239 880 239 880 1499 879 1499 881 1499 880 1500 881 1500 882 1500 882 239 881 239 883 239 882 239 883 239 884 239 882 239 884 239 885 239 885 1501 884 1501 886 1501 885 1502 886 1502 887 1502 885 1503 887 1503 888 1503 888 1504 887 1504 889 1504 888 1505 889 1505 890 1505 888 239 890 239 891 239 891 1506 890 1506 892 1506 891 239 892 239 893 239 892 239 894 239 893 239 893 1507 894 1507 895 1507 893 1508 895 1508 896 1508 893 239 896 239 897 239 893 1509 897 1509 898 1509 899 239 900 239 898 239 898 1510 900 1510 901 1510 899 1511 902 1511 900 1511 903 239 904 239 899 239 899 1512 904 1512 902 1512 904 1513 903 1513 857 1513 857 239 903 239 856 239 901 239 905 239 898 239 898 1514 905 1514 893 1514 906 1515 907 1515 908 1515 907 0 906 0 909 0 909 1516 906 1516 910 1516 909 1517 910 1517 911 1517 911 1518 910 1518 912 1518 911 0 912 0 913 0 913 0 912 0 914 0 914 0 912 0 915 0 914 0 915 0 916 0 916 0 915 0 917 0 917 1519 915 1519 918 1519 918 0 919 0 917 0 919 0 920 0 917 0 917 1520 920 1520 921 1520 921 0 922 0 917 0 917 0 922 0 923 0 923 1521 922 1521 924 1521 923 0 924 0 925 0 925 1522 924 1522 926 1522 925 1523 926 1523 927 1523 925 0 927 0 928 0 928 0 927 0 929 0 928 0 929 0 930 0 928 0 930 0 931 0 931 1524 930 1524 932 1524 931 1525 932 1525 933 1525 931 1526 933 1526 934 1526 934 1527 933 1527 935 1527 934 0 935 0 936 0 934 1528 936 1528 937 1528 937 0 936 0 938 0 937 1529 938 1529 939 1529 939 0 938 0 940 0 939 1530 940 1530 941 1530 939 0 941 0 942 0 942 1531 941 1531 943 1531 942 1532 943 1532 944 1532 944 1533 943 1533 945 1533 944 0 945 0 946 0 944 1534 946 1534 947 1534 947 1535 946 1535 948 1535 947 0 948 0 949 0 947 0 949 0 950 0 947 0 950 0 951 0 952 1536 953 1536 951 1536 951 0 953 0 947 0 952 1537 954 1537 955 1537 956 1538 954 1538 952 1538 956 0 957 0 954 0 957 1539 956 1539 958 1539 957 1540 958 1540 959 1540 959 1541 958 1541 960 1541 960 0 958 0 908 0 960 0 908 0 907 0 955 0 953 0 952 0 856 1542 906 1542 908 1542 856 1543 908 1543 854 1543 854 1544 908 1544 958 1544 854 1545 958 1545 859 1545 859 1546 958 1546 956 1546 859 1547 956 1547 861 1547 861 1548 956 1548 952 1548 861 1549 952 1549 863 1549 863 1550 952 1550 951 1550 863 1551 951 1551 950 1551 863 1552 950 1552 866 1552 866 1553 950 1553 949 1553 866 1554 949 1554 867 1554 867 1555 949 1555 948 1555 867 1556 948 1556 868 1556 868 1557 948 1557 946 1557 868 1558 946 1558 869 1558 869 1559 946 1559 945 1559 869 1560 945 1560 871 1560 871 1561 945 1561 943 1561 871 1562 943 1562 872 1562 872 1563 943 1563 941 1563 872 1564 941 1564 874 1564 874 1565 941 1565 940 1565 874 1566 940 1566 876 1566 876 1567 940 1567 938 1567 876 1568 938 1568 878 1568 878 1569 938 1569 936 1569 878 1570 936 1570 879 1570 879 1571 936 1571 881 1571 881 1572 936 1572 935 1572 881 1573 935 1573 883 1573 883 1574 935 1574 933 1574 883 1575 933 1575 932 1575 883 1576 932 1576 884 1576 884 1577 932 1577 930 1577 884 1578 930 1578 886 1578 886 1579 930 1579 929 1579 886 1580 929 1580 887 1580 887 1581 929 1581 927 1581 887 1582 927 1582 889 1582 889 1583 927 1583 926 1583 889 1584 926 1584 890 1584 890 1585 926 1585 924 1585 890 1586 924 1586 892 1586 892 1587 924 1587 922 1587 892 1588 922 1588 894 1588 894 1589 922 1589 921 1589 894 1590 921 1590 895 1590 895 1591 921 1591 920 1591 895 1592 920 1592 896 1592 896 1593 920 1593 919 1593 896 1594 919 1594 897 1594 897 1595 919 1595 918 1595 897 1596 918 1596 898 1596 898 1597 918 1597 915 1597 898 1598 915 1598 899 1598 899 1599 915 1599 912 1599 899 1600 912 1600 910 1600 899 1601 910 1601 903 1601 903 1602 910 1602 856 1602 856 1603 910 1603 906 1603 855 1604 907 1604 857 1604 857 1605 907 1605 909 1605 857 1606 909 1606 904 1606 904 1607 909 1607 911 1607 904 1608 911 1608 902 1608 902 1609 911 1609 913 1609 902 1610 913 1610 900 1610 900 1611 913 1611 914 1611 900 1612 914 1612 901 1612 901 1613 914 1613 916 1613 901 1614 916 1614 905 1614 905 1615 916 1615 917 1615 905 1616 917 1616 893 1616 893 1617 917 1617 923 1617 893 1618 923 1618 891 1618 891 1619 923 1619 925 1619 891 1620 925 1620 888 1620 888 1621 925 1621 928 1621 888 1622 928 1622 885 1622 885 1623 928 1623 931 1623 885 1624 931 1624 882 1624 882 1625 931 1625 934 1625 882 1626 934 1626 880 1626 880 1627 934 1627 937 1627 880 1628 937 1628 877 1628 877 1629 937 1629 939 1629 877 1630 939 1630 875 1630 875 1631 939 1631 942 1631 875 1632 942 1632 873 1632 873 1633 942 1633 944 1633 873 1634 944 1634 870 1634 870 1635 944 1635 947 1635 870 1636 947 1636 865 1636 865 1637 947 1637 953 1637 865 1638 953 1638 864 1638 864 1639 953 1639 955 1639 864 1640 955 1640 862 1640 862 1641 955 1641 954 1641 862 1642 954 1642 957 1642 862 1643 957 1643 860 1643 860 1644 957 1644 959 1644 860 1645 959 1645 858 1645 858 1646 959 1646 960 1646 858 1647 960 1647 855 1647 855 1648 960 1648 907 1648 961 1649 962 1649 963 1649 961 0 963 0 964 0 962 0 961 0 965 0 965 0 961 0 966 0 965 0 966 0 967 0 967 1650 966 1650 968 1650 967 1651 968 1651 969 1651 968 0 970 0 969 0 969 0 970 0 971 0 969 1652 971 1652 972 1652 969 1653 972 1653 973 1653 969 0 973 0 974 0 974 0 973 0 975 0 975 1654 973 1654 976 1654 975 1655 976 1655 977 1655 975 1656 977 1656 978 1656 975 0 978 0 979 0 979 0 978 0 980 0 979 0 980 0 981 0 979 0 981 0 982 0 982 0 981 0 983 0 982 0 983 0 984 0 984 0 983 0 985 0 984 0 985 0 986 0 984 1657 986 1657 987 1657 987 0 986 0 988 0 987 1658 988 1658 989 1658 987 0 989 0 990 0 990 1659 989 1659 991 1659 990 1660 991 1660 992 1660 991 1661 989 1661 993 1661 990 1662 992 1662 994 1662 994 0 995 0 990 0 990 0 995 0 996 0 996 0 995 0 997 0 997 1663 995 1663 998 1663 997 1664 998 1664 999 1664 999 0 998 0 1000 0 1000 0 998 0 1001 0 1000 0 1001 0 1002 0 1002 1665 1001 1665 963 1665 963 1666 1001 1666 964 1666 1003 239 1004 239 1005 239 1003 239 1005 239 1006 239 1006 239 1005 239 1007 239 1006 239 1007 239 1008 239 1008 239 1007 239 1009 239 1009 239 1007 239 1010 239 1010 1667 1007 1667 1011 1667 1010 239 1011 239 1012 239 1012 1668 1011 1668 1013 1668 1013 1669 1014 1669 1012 1669 1012 1670 1014 1670 1015 1670 1012 239 1015 239 1016 239 1016 1671 1015 1671 993 1671 1016 1672 1017 1672 1012 1672 1018 239 1017 239 1016 239 1017 239 1018 239 1019 239 1019 239 1018 239 1020 239 1019 1673 1020 1673 1021 1673 1021 1674 1020 1674 1022 1674 1021 1675 1022 1675 1023 1675 1021 239 1023 239 1024 239 1021 1676 1024 1676 1025 1676 1025 239 1024 239 1026 239 1025 239 1026 239 1027 239 1027 1677 1026 1677 1028 1677 1027 1678 1028 1678 1029 1678 1027 239 1029 239 1030 239 1030 1679 1029 1679 1031 1679 1030 1680 1031 1680 1032 1680 1030 239 1032 239 1033 239 1033 1681 1032 1681 1034 1681 1034 239 1035 239 1033 239 1033 239 1035 239 1036 239 1033 239 1036 239 1037 239 1033 239 1037 239 1038 239 1038 239 1037 239 1039 239 1038 1682 1039 1682 1040 1682 1040 1683 1039 1683 1004 1683 1040 1684 1004 1684 1003 1684 964 1685 1004 1685 961 1685 961 1686 1004 1686 1039 1686 961 1687 1039 1687 966 1687 966 1688 1039 1688 1037 1688 966 1689 1037 1689 968 1689 968 1690 1037 1690 1036 1690 968 1691 1036 1691 970 1691 970 1692 1036 1692 1035 1692 970 1693 1035 1693 971 1693 971 1694 1035 1694 1034 1694 971 1695 1034 1695 972 1695 972 1696 1034 1696 973 1696 973 1697 1034 1697 1032 1697 973 1698 1032 1698 1031 1698 973 1699 1031 1699 976 1699 976 1700 1031 1700 1029 1700 976 1701 1029 1701 977 1701 977 1702 1029 1702 1028 1702 977 1703 1028 1703 978 1703 978 1704 1028 1704 1026 1704 978 1705 1026 1705 980 1705 980 1706 1026 1706 1024 1706 980 1707 1024 1707 981 1707 981 1708 1024 1708 983 1708 983 1709 1024 1709 1023 1709 983 1710 1023 1710 985 1710 985 1711 1023 1711 1022 1711 985 1712 1022 1712 986 1712 986 1713 1022 1713 1020 1713 986 1714 1020 1714 988 1714 988 1715 1020 1715 1018 1715 988 1716 1018 1716 989 1716 989 1717 1018 1717 1016 1717 989 1718 1016 1718 993 1718 991 1719 993 1719 1015 1719 991 1720 1015 1720 992 1720 992 1721 1015 1721 1014 1721 992 1722 1014 1722 994 1722 994 1723 1014 1723 1013 1723 994 1724 1013 1724 995 1724 995 1725 1013 1725 1011 1725 995 1726 1011 1726 998 1726 998 1727 1011 1727 1007 1727 998 1728 1007 1728 1001 1728 1001 1729 1007 1729 1005 1729 1001 1730 1005 1730 964 1730 964 1731 1005 1731 1004 1731 962 1732 1003 1732 963 1732 963 1733 1003 1733 1006 1733 963 1734 1006 1734 1002 1734 1002 1735 1006 1735 1008 1735 1002 1736 1008 1736 1000 1736 1000 1737 1008 1737 999 1737 999 1738 1008 1738 1009 1738 999 1739 1009 1739 997 1739 997 1740 1009 1740 1010 1740 997 1741 1010 1741 996 1741 996 1742 1010 1742 1012 1742 996 1743 1012 1743 990 1743 990 1744 1012 1744 987 1744 987 1745 1012 1745 1017 1745 987 1746 1017 1746 1019 1746 987 1747 1019 1747 984 1747 984 1748 1019 1748 1021 1748 984 1749 1021 1749 982 1749 982 1750 1021 1750 1025 1750 982 1751 1025 1751 979 1751 979 1752 1025 1752 1027 1752 979 1753 1027 1753 975 1753 975 1754 1027 1754 1030 1754 975 1755 1030 1755 974 1755 974 1756 1030 1756 1033 1756 974 1757 1033 1757 969 1757 969 1758 1033 1758 967 1758 967 1759 1033 1759 1038 1759 967 1760 1038 1760 965 1760 965 1761 1038 1761 1040 1761 965 1762 1040 1762 962 1762 962 1763 1040 1763 1003 1763 1041 0 1042 0 1043 0 1043 0 1042 0 1044 0 1042 1764 1041 1764 1045 1764 1045 0 1041 0 1046 0 1045 1765 1046 1765 1047 1765 1047 0 1046 0 1048 0 1048 0 1046 0 1049 0 1048 0 1049 0 1050 0 1050 0 1049 0 1051 0 1050 0 1051 0 1052 0 1050 0 1052 0 1053 0 1050 0 1053 0 1054 0 1054 0 1055 0 1050 0 1050 0 1055 0 1056 0 1056 1766 1055 1766 1057 1766 1056 1767 1057 1767 1058 1767 1058 1768 1057 1768 1059 1768 1058 1769 1059 1769 1060 1769 1058 0 1060 0 1061 0 1061 1770 1060 1770 1062 1770 1061 0 1062 0 1063 0 1061 0 1063 0 1064 0 1064 0 1063 0 1065 0 1064 1771 1065 1771 1066 1771 1064 0 1066 0 1067 0 1064 1772 1067 1772 1068 1772 1068 1773 1067 1773 1069 1773 1068 1774 1069 1774 1070 1774 1070 0 1069 0 1071 0 1070 1775 1071 1775 1072 1775 1070 1776 1072 1776 1073 1776 1073 1777 1072 1777 1074 1777 1073 1778 1074 1778 1075 1778 1074 1779 1072 1779 1076 1779 1073 0 1075 0 1077 0 1077 1780 1078 1780 1073 1780 1073 1781 1078 1781 1079 1781 1079 0 1078 0 1080 0 1080 0 1078 0 1081 0 1080 0 1081 0 1082 0 1082 0 1081 0 1044 0 1044 1782 1081 1782 1043 1782 1083 1783 1084 1783 1085 1783 1083 1784 1085 1784 1086 1784 1086 239 1085 239 1087 239 1086 239 1087 239 1088 239 1088 239 1087 239 1089 239 1089 239 1087 239 1090 239 1089 1785 1090 1785 1091 1785 1091 1786 1090 1786 1092 1786 1092 1787 1090 1787 1093 1787 1092 1788 1093 1788 1094 1788 1094 239 1095 239 1092 239 1092 1789 1095 1789 1096 1789 1092 1790 1096 1790 1097 1790 1097 1791 1096 1791 1076 1791 1097 1792 1098 1792 1092 1792 1099 239 1098 239 1097 239 1098 239 1099 239 1100 239 1100 1793 1099 1793 1101 1793 1100 239 1101 239 1102 239 1102 239 1101 239 1103 239 1102 1794 1103 1794 1104 1794 1104 1795 1103 1795 1105 1795 1104 1796 1105 1796 1106 1796 1104 1797 1106 1797 1107 1797 1107 1798 1106 1798 1108 1798 1107 1799 1108 1799 1109 1799 1107 239 1109 239 1110 239 1110 1800 1109 1800 1111 1800 1110 1801 1111 1801 1112 1801 1112 1802 1111 1802 1113 1802 1112 1803 1113 1803 1114 1803 1112 239 1114 239 1115 239 1115 1804 1114 1804 1116 1804 1115 1805 1116 1805 1117 1805 1116 239 1118 239 1117 239 1117 1806 1118 1806 1119 1806 1119 1807 1120 1807 1117 1807 1117 239 1120 239 1121 239 1117 239 1121 239 1122 239 1117 239 1122 239 1123 239 1123 1808 1122 1808 1124 1808 1124 239 1122 239 1125 239 1124 239 1125 239 1126 239 1126 239 1125 239 1084 239 1126 1809 1084 1809 1083 1809 1043 1810 1084 1810 1041 1810 1041 1811 1084 1811 1125 1811 1041 1812 1125 1812 1046 1812 1046 1813 1125 1813 1122 1813 1046 1814 1122 1814 1049 1814 1049 1815 1122 1815 1051 1815 1051 1816 1122 1816 1121 1816 1051 1817 1121 1817 1052 1817 1052 1818 1121 1818 1120 1818 1052 1819 1120 1819 1053 1819 1053 1820 1120 1820 1119 1820 1053 1821 1119 1821 1054 1821 1054 1822 1119 1822 1118 1822 1054 1823 1118 1823 1055 1823 1055 1824 1118 1824 1116 1824 1055 1825 1116 1825 1114 1825 1055 1826 1114 1826 1057 1826 1057 1827 1114 1827 1113 1827 1057 1828 1113 1828 1059 1828 1059 1829 1113 1829 1111 1829 1059 1830 1111 1830 1060 1830 1060 1831 1111 1831 1109 1831 1060 1832 1109 1832 1062 1832 1062 1833 1109 1833 1108 1833 1062 1834 1108 1834 1063 1834 1063 1835 1108 1835 1106 1835 1063 1836 1106 1836 1065 1836 1065 1837 1106 1837 1105 1837 1065 1838 1105 1838 1066 1838 1066 1839 1105 1839 1103 1839 1066 1840 1103 1840 1067 1840 1067 1841 1103 1841 1101 1841 1067 1842 1101 1842 1069 1842 1069 1843 1101 1843 1099 1843 1069 1844 1099 1844 1071 1844 1071 1845 1099 1845 1097 1845 1071 1846 1097 1846 1072 1846 1072 1847 1097 1847 1076 1847 1076 1848 1096 1848 1074 1848 1074 1849 1096 1849 1075 1849 1075 1850 1096 1850 1095 1850 1075 1851 1095 1851 1094 1851 1075 1852 1094 1852 1077 1852 1077 1853 1094 1853 1093 1853 1077 1854 1093 1854 1078 1854 1078 1855 1093 1855 1090 1855 1078 1856 1090 1856 1081 1856 1081 1857 1090 1857 1087 1857 1081 1858 1087 1858 1043 1858 1043 1859 1087 1859 1085 1859 1043 1860 1085 1860 1084 1860 1042 1861 1083 1861 1044 1861 1044 1862 1083 1862 1086 1862 1044 1863 1086 1863 1082 1863 1082 1864 1086 1864 1088 1864 1082 1865 1088 1865 1080 1865 1080 1866 1088 1866 1089 1866 1080 1867 1089 1867 1079 1867 1079 1868 1089 1868 1091 1868 1079 1869 1091 1869 1073 1869 1073 1869 1091 1869 1092 1869 1073 1870 1092 1870 1070 1870 1070 1871 1092 1871 1098 1871 1070 1872 1098 1872 1100 1872 1070 1873 1100 1873 1068 1873 1068 1874 1100 1874 1102 1874 1068 1875 1102 1875 1064 1875 1064 1876 1102 1876 1104 1876 1064 1877 1104 1877 1107 1877 1064 1878 1107 1878 1061 1878 1061 1879 1107 1879 1110 1879 1061 1880 1110 1880 1058 1880 1058 1881 1110 1881 1112 1881 1058 1882 1112 1882 1056 1882 1056 1883 1112 1883 1115 1883 1056 1884 1115 1884 1050 1884 1050 1885 1115 1885 1117 1885 1050 1886 1117 1886 1048 1886 1048 1887 1117 1887 1123 1887 1048 1888 1123 1888 1047 1888 1047 1889 1123 1889 1124 1889 1047 1890 1124 1890 1045 1890 1045 1891 1124 1891 1126 1891 1045 1892 1126 1892 1042 1892 1042 1893 1126 1893 1083 1893 1127 1894 1128 1894 1129 1894 1129 1895 1128 1895 1130 1895 1129 1896 1130 1896 1131 1896 1131 1897 1130 1897 1132 1897 1133 1898 1134 1898 1128 1898 1128 1899 1134 1899 1135 1899 1128 1900 1135 1900 1130 1900 1130 1901 1135 1901 1136 1901 1134 1902 1137 1902 1135 1902 1131 1903 1138 1903 1129 1903 1139 1904 1140 1904 1141 1904 1141 1905 1142 1905 1139 1905 1139 1906 1142 1906 1143 1906 1143 1907 1144 1907 1139 1907 1139 1908 1144 1908 1145 1908 1139 1909 1145 1909 1146 1909 1146 1910 1147 1910 1139 1910 1139 1911 1147 1911 1148 1911 1139 1911 1148 1911 1149 1911 1149 1912 1148 1912 1150 1912 1150 1913 1148 1913 1151 1913 1150 1914 1151 1914 1152 1914 1139 1915 1153 1915 1140 1915 1140 1916 1153 1916 1154 1916 1153 1917 1139 1917 1155 1917 1155 1918 1139 1918 1149 1918 1155 1919 1149 1919 1156 1919 1156 1920 1149 1920 1157 1920 1157 1921 1149 1921 1150 1921 1157 1922 1150 1922 1158 1922 1158 1923 1150 1923 1159 1923 1159 1924 1150 1924 1152 1924 1159 1925 1152 1925 1160 1925 1160 1926 1152 1926 1161 1926 1161 1927 1152 1927 1151 1927 1161 1928 1151 1928 1162 1928 1162 1929 1151 1929 1163 1929 1163 1930 1151 1930 1148 1930 1163 1931 1148 1931 1164 1931 1164 1932 1148 1932 1165 1932 1165 1933 1148 1933 1147 1933 1165 1934 1147 1934 1166 1934 1166 1935 1147 1935 1167 1935 1167 1936 1147 1936 1168 1936 1168 1937 1147 1937 1146 1937 1168 1938 1146 1938 1169 1938 1169 1939 1146 1939 1170 1939 1170 1940 1146 1940 1171 1940 1171 1941 1146 1941 1145 1941 1171 1942 1145 1942 1172 1942 1172 1943 1145 1943 1144 1943 1172 1944 1144 1944 1173 1944 1173 1945 1144 1945 1174 1945 1174 1946 1144 1946 1143 1946 1174 1947 1143 1947 1175 1947 1175 1948 1143 1948 1176 1948 1176 1949 1143 1949 1177 1949 1177 1950 1143 1950 1142 1950 1177 1951 1142 1951 1178 1951 1178 1952 1142 1952 1141 1952 1178 1953 1141 1953 1179 1953 1179 1954 1141 1954 1180 1954 1180 1955 1141 1955 1181 1955 1181 1956 1141 1956 1140 1956 1181 1957 1140 1957 1182 1957 1182 1958 1140 1958 1154 1958 1183 1959 1154 1959 1184 1959 1184 1960 1154 1960 1153 1960 1184 1961 1153 1961 1185 1961 1185 1962 1153 1962 1155 1962 1185 1963 1155 1963 1186 1963 1186 1964 1155 1964 1156 1964 1186 1965 1156 1965 1187 1965 1187 1966 1156 1966 1157 1966 1187 1967 1157 1967 1188 1967 1188 1968 1157 1968 1158 1968 1188 1969 1158 1969 1159 1969 1188 1970 1159 1970 1189 1970 1189 1971 1159 1971 1160 1971 1189 1972 1160 1972 1190 1972 1190 1973 1160 1973 1161 1973 1190 1974 1161 1974 1191 1974 1191 1975 1161 1975 1162 1975 1191 1976 1162 1976 1192 1976 1192 1977 1162 1977 1163 1977 1192 1978 1163 1978 1193 1978 1193 1979 1163 1979 1164 1979 1193 1980 1164 1980 1194 1980 1194 1981 1164 1981 1165 1981 1194 1982 1165 1982 1195 1982 1195 1983 1165 1983 1166 1983 1195 1984 1166 1984 1196 1984 1196 1985 1166 1985 1167 1985 1196 1986 1167 1986 1197 1986 1197 1987 1167 1987 1168 1987 1197 1988 1168 1988 1198 1988 1198 1989 1168 1989 1169 1989 1198 1990 1169 1990 1199 1990 1199 1991 1169 1991 1170 1991 1199 1992 1170 1992 1200 1992 1200 1993 1170 1993 1171 1993 1200 1994 1171 1994 1201 1994 1201 1995 1171 1995 1172 1995 1201 1996 1172 1996 1202 1996 1202 1997 1172 1997 1173 1997 1202 1998 1173 1998 1203 1998 1203 1999 1173 1999 1174 1999 1203 2000 1174 2000 1204 2000 1204 2001 1174 2001 1175 2001 1204 2002 1175 2002 1205 2002 1205 2003 1175 2003 1176 2003 1205 2004 1176 2004 1206 2004 1206 2005 1176 2005 1177 2005 1206 2006 1177 2006 1207 2006 1207 2007 1177 2007 1178 2007 1207 2008 1178 2008 1208 2008 1208 2009 1178 2009 1179 2009 1208 2010 1179 2010 1209 2010 1209 2011 1179 2011 1180 2011 1209 2012 1180 2012 1210 2012 1210 2013 1180 2013 1181 2013 1210 2014 1181 2014 1211 2014 1211 2015 1181 2015 1182 2015 1211 2016 1182 2016 1212 2016 1212 2017 1182 2017 1154 2017 1212 2018 1154 2018 1183 2018 1213 2019 1214 2019 1215 2019 1215 2020 1214 2020 1216 2020 1215 2021 1216 2021 1217 2021 1217 2022 1216 2022 1218 2022 1217 2023 1218 2023 1219 2023 1219 2024 1218 2024 1220 2024 1219 2025 1220 2025 1221 2025 1221 1896 1220 1896 1222 1896 1222 2026 1220 2026 1223 2026 1222 2027 1223 2027 1224 2027 1224 2028 1223 2028 1225 2028 1224 2029 1225 2029 1226 2029 1226 2030 1225 2030 1227 2030 1226 1903 1227 1903 1228 1903 1227 2031 1229 2031 1228 2031 1228 2032 1229 2032 1230 2032 1230 2021 1229 2021 1231 2021 1230 2021 1231 2021 1232 2021 1232 2033 1231 2033 1233 2033 1232 2034 1233 2034 1234 2034 1234 2035 1233 2035 1214 2035 1234 2036 1214 2036 1213 2036 1214 2037 1183 2037 1184 2037 1183 2038 1214 2038 1212 2038 1212 2039 1214 2039 1233 2039 1212 2040 1233 2040 1211 2040 1211 2041 1233 2041 1210 2041 1210 2042 1233 2042 1209 2042 1209 2043 1233 2043 1208 2043 1208 2044 1233 2044 1231 2044 1208 2045 1231 2045 1207 2045 1207 2046 1231 2046 1206 2046 1206 2047 1231 2047 1205 2047 1205 2048 1231 2048 1229 2048 1205 2049 1229 2049 1204 2049 1204 2050 1229 2050 1203 2050 1203 2051 1229 2051 1227 2051 1203 2052 1227 2052 1202 2052 1202 2053 1227 2053 1201 2053 1201 2054 1227 2054 1200 2054 1200 2055 1227 2055 1225 2055 1200 2056 1225 2056 1199 2056 1199 2057 1225 2057 1198 2057 1198 2058 1225 2058 1197 2058 1197 2059 1225 2059 1196 2059 1196 2060 1225 2060 1223 2060 1196 2061 1223 2061 1195 2061 1195 2062 1223 2062 1194 2062 1194 2063 1223 2063 1220 2063 1194 2064 1220 2064 1193 2064 1193 2065 1220 2065 1192 2065 1192 2066 1220 2066 1191 2066 1191 2067 1220 2067 1218 2067 1191 2068 1218 2068 1190 2068 1190 2069 1218 2069 1189 2069 1189 2070 1218 2070 1188 2070 1188 2071 1218 2071 1216 2071 1188 2072 1216 2072 1187 2072 1187 2073 1216 2073 1186 2073 1186 2074 1216 2074 1185 2074 1185 2075 1216 2075 1214 2075 1185 2076 1214 2076 1184 2076 1228 2077 1230 2077 1129 2077 1129 2078 1230 2078 1127 2078 1226 2079 1228 2079 1138 2079 1138 2080 1228 2080 1129 2080 1224 2081 1226 2081 1131 2081 1131 2082 1226 2082 1138 2082 1222 2083 1224 2083 1132 2083 1132 2084 1224 2084 1131 2084 1221 2085 1222 2085 1130 2085 1130 2086 1222 2086 1132 2086 1219 2087 1221 2087 1136 2087 1136 2088 1221 2088 1130 2088 1217 2089 1219 2089 1135 2089 1135 2090 1219 2090 1136 2090 1215 2091 1217 2091 1137 2091 1137 2092 1217 2092 1135 2092 1213 2093 1215 2093 1134 2093 1134 2094 1215 2094 1137 2094 1234 2095 1213 2095 1133 2095 1133 2096 1213 2096 1134 2096 1232 2097 1234 2097 1128 2097 1128 2098 1234 2098 1133 2098 1230 2099 1232 2099 1127 2099 1127 2100 1232 2100 1128 2100 1235 2101 1236 2101 1237 2101 1235 0 1237 0 1238 0 1235 2102 1238 2102 1239 2102 1239 2103 1238 2103 1240 2103 1239 2104 1240 2104 1241 2104 1239 2105 1241 2105 1242 2105 1239 0 1242 0 1243 0 1243 2106 1242 2106 1244 2106 1243 2107 1244 2107 1245 2107 1243 0 1245 0 1246 0 1246 2108 1245 2108 1247 2108 1246 2109 1247 2109 1248 2109 1246 0 1248 0 1249 0 1249 2110 1248 2110 1250 2110 1249 0 1250 0 1251 0 1251 2111 1250 2111 1252 2111 1251 2112 1252 2112 1253 2112 1251 0 1253 0 1254 0 1254 2113 1253 2113 1255 2113 1254 2114 1255 2114 1256 2114 1256 2115 1255 2115 1257 2115 1256 2116 1257 2116 1258 2116 1256 0 1258 0 1259 0 1259 2117 1258 2117 1260 2117 1259 0 1260 0 1261 0 1261 0 1260 0 1262 0 1261 2118 1262 2118 1263 2118 1261 0 1263 0 1264 0 1264 2119 1263 2119 1265 2119 1264 0 1265 0 1266 0 1264 0 1266 0 1267 0 1267 0 1266 0 1268 0 1267 2120 1268 2120 1269 2120 1269 2121 1268 2121 1270 2121 1269 0 1270 0 1271 0 1269 2122 1271 2122 1272 2122 1269 2123 1272 2123 1273 2123 1273 0 1272 0 1274 0 1273 2124 1274 2124 1275 2124 1273 0 1275 0 1276 0 1276 2125 1275 2125 1277 2125 1276 2126 1277 2126 1278 2126 1276 0 1278 0 1279 0 1279 2127 1278 2127 1280 2127 1279 0 1280 0 1281 0 1281 2128 1280 2128 1282 2128 1281 2129 1282 2129 1283 2129 1281 0 1283 0 1284 0 1284 2130 1283 2130 1285 2130 1284 2131 1285 2131 1286 2131 1284 0 1286 0 1287 0 1287 2132 1286 2132 1288 2132 1287 0 1288 0 1289 0 1289 2133 1288 2133 1290 2133 1289 0 1290 0 1291 0 1291 2134 1290 2134 1292 2134 1291 2135 1292 2135 1293 2135 1291 2136 1293 2136 1294 2136 1291 2137 1294 2137 1295 2137 1295 2138 1294 2138 1296 2138 1295 2139 1296 2139 1297 2139 1295 0 1297 0 1298 0 1298 2140 1297 2140 1299 2140 1298 2141 1299 2141 1300 2141 1298 0 1300 0 1301 0 1301 2142 1300 2142 1302 2142 1301 2143 1302 2143 1303 2143 1301 0 1303 0 1304 0 1304 2144 1303 2144 1305 2144 1304 2145 1305 2145 1306 2145 1304 2146 1306 2146 1307 2146 1307 2147 1306 2147 1308 2147 1307 0 1308 0 1309 0 1309 2148 1308 2148 1310 2148 1309 2149 1310 2149 1311 2149 1309 2150 1311 2150 1312 2150 1309 0 1312 0 1313 0 1313 0 1312 0 1314 0 1313 0 1314 0 1315 0 1315 0 1314 0 1316 0 1315 0 1316 0 1317 0 1315 0 1317 0 1318 0 1318 0 1319 0 1315 0 1315 0 1319 0 1320 0 1321 2151 1320 2151 1322 2151 1322 2152 1320 2152 1323 2152 1322 2153 1323 2153 1324 2153 1324 2154 1323 2154 1325 2154 1324 2155 1325 2155 1326 2155 1324 2156 1326 2156 1327 2156 1324 0 1327 0 1328 0 1328 2157 1327 2157 1329 2157 1328 2158 1329 2158 1330 2158 1328 2159 1330 2159 1331 2159 1331 2160 1330 2160 1332 2160 1331 0 1332 0 1333 0 1331 0 1333 0 1334 0 1334 0 1333 0 1335 0 1334 2161 1335 2161 1336 2161 1334 2162 1336 2162 1236 2162 1334 0 1236 0 1235 0 1321 0 1337 0 1320 0 1320 2163 1337 2163 1315 2163 1235 2164 1338 2164 1334 2164 1334 2165 1338 2165 1339 2165 1334 2166 1339 2166 1340 2166 1334 2167 1340 2167 1331 2167 1331 2168 1340 2168 1341 2168 1331 2169 1341 2169 1328 2169 1328 2170 1341 2170 1342 2170 1328 2171 1342 2171 1324 2171 1324 2172 1342 2172 1343 2172 1324 2173 1343 2173 1322 2173 1322 2174 1343 2174 1344 2174 1322 2175 1344 2175 1321 2175 1321 2176 1344 2176 1345 2176 1321 2177 1345 2177 1337 2177 1337 2178 1345 2178 1346 2178 1337 2179 1346 2179 1315 2179 1315 2180 1346 2180 1347 2180 1315 2181 1347 2181 1313 2181 1313 2182 1347 2182 1309 2182 1309 2183 1347 2183 1348 2183 1309 2184 1348 2184 1349 2184 1309 2185 1349 2185 1307 2185 1307 2186 1349 2186 1350 2186 1307 2187 1350 2187 1304 2187 1304 2188 1350 2188 1351 2188 1304 2189 1351 2189 1301 2189 1301 2190 1351 2190 1352 2190 1301 2191 1352 2191 1298 2191 1298 2192 1352 2192 1353 2192 1298 2193 1353 2193 1295 2193 1295 2194 1353 2194 1354 2194 1295 2195 1354 2195 1291 2195 1291 2196 1354 2196 1355 2196 1291 2197 1355 2197 1356 2197 1291 2198 1356 2198 1289 2198 1289 2199 1356 2199 1357 2199 1289 2200 1357 2200 1287 2200 1287 2201 1357 2201 1358 2201 1287 2202 1358 2202 1284 2202 1284 2203 1358 2203 1359 2203 1284 2204 1359 2204 1281 2204 1281 2205 1359 2205 1360 2205 1281 2206 1360 2206 1279 2206 1279 2207 1360 2207 1361 2207 1279 2208 1361 2208 1276 2208 1276 2209 1361 2209 1362 2209 1276 2210 1362 2210 1363 2210 1276 2211 1363 2211 1273 2211 1273 2212 1363 2212 1269 2212 1269 2213 1363 2213 1364 2213 1269 2214 1364 2214 1365 2214 1269 2215 1365 2215 1267 2215 1267 2216 1365 2216 1264 2216 1264 2217 1365 2217 1366 2217 1264 2218 1366 2218 1367 2218 1264 2219 1367 2219 1261 2219 1261 2220 1367 2220 1368 2220 1261 2221 1368 2221 1259 2221 1259 2222 1368 2222 1369 2222 1259 2223 1369 2223 1256 2223 1256 2224 1369 2224 1370 2224 1256 2225 1370 2225 1254 2225 1254 2226 1370 2226 1371 2226 1254 2227 1371 2227 1251 2227 1251 2228 1371 2228 1372 2228 1251 2229 1372 2229 1249 2229 1249 2230 1372 2230 1373 2230 1249 2231 1373 2231 1246 2231 1246 2232 1373 2232 1374 2232 1246 2233 1374 2233 1375 2233 1246 2234 1375 2234 1243 2234 1243 2235 1375 2235 1239 2235 1239 2236 1375 2236 1376 2236 1239 2237 1376 2237 1377 2237 1239 2238 1377 2238 1235 2238 1235 2239 1377 2239 1338 2239 1378 2240 1338 2240 1379 2240 1379 2241 1338 2241 1377 2241 1379 2242 1377 2242 1380 2242 1380 2243 1377 2243 1376 2243 1380 2244 1376 2244 1381 2244 1381 2245 1376 2245 1375 2245 1381 2246 1375 2246 1382 2246 1382 2247 1375 2247 1374 2247 1382 2248 1374 2248 1373 2248 1382 2249 1373 2249 1383 2249 1383 2250 1373 2250 1372 2250 1383 2251 1372 2251 1384 2251 1384 2252 1372 2252 1371 2252 1384 2253 1371 2253 1370 2253 1384 2254 1370 2254 1385 2254 1385 2255 1370 2255 1369 2255 1385 2256 1369 2256 1386 2256 1386 2257 1369 2257 1368 2257 1386 2258 1368 2258 1387 2258 1387 2259 1368 2259 1367 2259 1387 2260 1367 2260 1388 2260 1388 2261 1367 2261 1366 2261 1388 2262 1366 2262 1389 2262 1389 2263 1366 2263 1365 2263 1389 2264 1365 2264 1390 2264 1390 2265 1365 2265 1364 2265 1390 2266 1364 2266 1391 2266 1391 2267 1364 2267 1363 2267 1391 2268 1363 2268 1392 2268 1392 2269 1363 2269 1362 2269 1392 2270 1362 2270 1393 2270 1393 2271 1362 2271 1361 2271 1393 2272 1361 2272 1360 2272 1393 2273 1360 2273 1394 2273 1394 2274 1360 2274 1359 2274 1394 2275 1359 2275 1395 2275 1395 2276 1359 2276 1358 2276 1395 2277 1358 2277 1396 2277 1396 2278 1358 2278 1357 2278 1396 2279 1357 2279 1397 2279 1397 2280 1357 2280 1356 2280 1397 2281 1356 2281 1398 2281 1398 2282 1356 2282 1355 2282 1398 2283 1355 2283 1354 2283 1398 2284 1354 2284 1399 2284 1399 2285 1354 2285 1353 2285 1399 2286 1353 2286 1400 2286 1400 2287 1353 2287 1352 2287 1400 2288 1352 2288 1351 2288 1400 2289 1351 2289 1401 2289 1401 2290 1351 2290 1350 2290 1401 2291 1350 2291 1402 2291 1402 2292 1350 2292 1349 2292 1402 2293 1349 2293 1403 2293 1403 2294 1349 2294 1348 2294 1403 2295 1348 2295 1347 2295 1403 2296 1347 2296 1404 2296 1404 2297 1347 2297 1346 2297 1404 2298 1346 2298 1405 2298 1405 2299 1346 2299 1345 2299 1405 2300 1345 2300 1406 2300 1406 2301 1345 2301 1344 2301 1406 2302 1344 2302 1407 2302 1407 2303 1344 2303 1343 2303 1407 2304 1343 2304 1342 2304 1407 2305 1342 2305 1408 2305 1408 2306 1342 2306 1341 2306 1408 2307 1341 2307 1409 2307 1409 2308 1341 2308 1340 2308 1409 2309 1340 2309 1378 2309 1378 2310 1340 2310 1339 2310 1378 2311 1339 2311 1338 2311 1379 239 1410 239 1378 239 1378 239 1410 239 1411 239 1378 239 1411 239 1409 239 1409 239 1411 239 1408 239 1408 239 1411 239 1412 239 1408 239 1412 239 1407 239 1407 239 1412 239 1413 239 1407 239 1413 239 1406 239 1406 2312 1413 2312 1414 2312 1406 2313 1414 2313 1405 2313 1405 239 1414 239 1415 239 1405 2314 1415 2314 1404 2314 1404 239 1415 239 1416 239 1404 239 1416 239 1403 239 1403 239 1416 239 1402 239 1402 239 1416 239 1417 239 1402 2315 1417 2315 1401 2315 1401 239 1417 239 1400 239 1400 2316 1417 2316 1418 2316 1400 239 1418 239 1399 239 1399 2317 1418 2317 1419 2317 1399 2318 1419 2318 1398 2318 1398 239 1419 239 1397 239 1397 239 1419 239 1420 239 1397 239 1420 239 1396 239 1396 239 1420 239 1395 239 1395 2319 1420 2319 1421 2319 1395 239 1421 239 1394 239 1394 239 1421 239 1393 239 1393 2320 1421 2320 1422 2320 1393 239 1422 239 1392 239 1392 239 1422 239 1391 239 1391 239 1422 239 1423 239 1391 2321 1423 2321 1390 2321 1390 239 1423 239 1424 239 1390 2322 1424 2322 1389 2322 1389 239 1424 239 1425 239 1389 239 1425 239 1388 239 1388 2323 1425 2323 1387 2323 1387 2324 1425 2324 1426 2324 1387 2325 1426 2325 1386 2325 1386 239 1426 239 1385 239 1385 2326 1426 2326 1427 2326 1385 2327 1427 2327 1384 2327 1384 239 1427 239 1428 239 1384 239 1428 239 1383 239 1383 239 1428 239 1382 239 1382 2328 1428 2328 1429 2328 1382 2329 1429 2329 1381 2329 1381 2330 1429 2330 1430 2330 1381 239 1430 239 1380 239 1380 239 1430 239 1379 239 1379 2331 1430 2331 1410 2331 1410 2332 1431 2332 1432 2332 1431 2333 1410 2333 1433 2333 1433 2334 1410 2334 1430 2334 1433 2335 1430 2335 1434 2335 1434 2336 1430 2336 1435 2336 1435 2337 1430 2337 1436 2337 1436 2338 1430 2338 1429 2338 1436 2339 1429 2339 1437 2339 1437 2340 1429 2340 1438 2340 1438 2341 1429 2341 1439 2341 1439 2342 1429 2342 1440 2342 1440 2343 1429 2343 1428 2343 1440 2344 1428 2344 1441 2344 1441 2345 1428 2345 1442 2345 1442 2346 1428 2346 1443 2346 1443 2347 1428 2347 1427 2347 1443 2348 1427 2348 1444 2348 1444 2349 1427 2349 1445 2349 1445 2350 1427 2350 1426 2350 1445 2351 1426 2351 1446 2351 1446 2352 1426 2352 1447 2352 1447 2353 1426 2353 1448 2353 1448 2354 1426 2354 1425 2354 1448 2355 1425 2355 1449 2355 1449 2356 1425 2356 1450 2356 1450 2357 1425 2357 1451 2357 1451 2358 1425 2358 1452 2358 1452 2359 1425 2359 1424 2359 1452 2360 1424 2360 1453 2360 1453 2361 1424 2361 1454 2361 1454 2362 1424 2362 1423 2362 1454 2363 1423 2363 1455 2363 1455 2364 1423 2364 1422 2364 1455 2365 1422 2365 1456 2365 1456 2366 1422 2366 1457 2366 1457 2367 1422 2367 1458 2367 1458 2368 1422 2368 1459 2368 1459 2369 1422 2369 1421 2369 1459 2370 1421 2370 1460 2370 1460 2371 1421 2371 1461 2371 1461 2372 1421 2372 1462 2372 1462 2373 1421 2373 1463 2373 1463 2374 1421 2374 1420 2374 1463 2375 1420 2375 1464 2375 1464 2376 1420 2376 1465 2376 1465 2377 1420 2377 1466 2377 1466 2378 1420 2378 1419 2378 1466 2379 1419 2379 1467 2379 1467 2380 1419 2380 1468 2380 1468 2381 1419 2381 1469 2381 1469 2382 1419 2382 1418 2382 1469 2383 1418 2383 1470 2383 1470 2384 1418 2384 1471 2384 1471 2385 1418 2385 1472 2385 1472 2386 1418 2386 1473 2386 1473 2387 1418 2387 1417 2387 1473 2388 1417 2388 1474 2388 1474 2389 1417 2389 1475 2389 1475 2390 1417 2390 1476 2390 1476 2391 1417 2391 1477 2391 1477 2392 1417 2392 1416 2392 1477 2393 1416 2393 1478 2393 1478 2394 1416 2394 1479 2394 1479 2395 1416 2395 1480 2395 1480 2396 1416 2396 1481 2396 1481 2397 1416 2397 1482 2397 1482 2398 1416 2398 1415 2398 1482 2399 1415 2399 1483 2399 1483 2400 1415 2400 1484 2400 1484 2401 1415 2401 1485 2401 1485 2402 1415 2402 1414 2402 1485 2403 1414 2403 1486 2403 1486 2404 1414 2404 1487 2404 1487 2405 1414 2405 1413 2405 1487 2406 1413 2406 1488 2406 1488 2407 1413 2407 1489 2407 1489 2408 1413 2408 1412 2408 1489 2409 1412 2409 1490 2409 1490 2410 1412 2410 1491 2410 1491 2411 1412 2411 1492 2411 1492 2412 1412 2412 1411 2412 1492 2413 1411 2413 1493 2413 1493 2414 1411 2414 1494 2414 1494 2415 1411 2415 1495 2415 1495 2416 1411 2416 1496 2416 1496 2417 1411 2417 1410 2417 1496 2418 1410 2418 1497 2418 1497 2419 1410 2419 1432 2419 1431 2420 1236 2420 1432 2420 1432 2421 1236 2421 1336 2421 1432 2422 1336 2422 1497 2422 1497 2423 1336 2423 1335 2423 1497 2423 1335 2423 1496 2423 1496 2424 1335 2424 1333 2424 1496 2425 1333 2425 1495 2425 1495 2426 1333 2426 1332 2426 1495 2427 1332 2427 1494 2427 1494 2428 1332 2428 1330 2428 1494 2429 1330 2429 1493 2429 1493 2430 1330 2430 1329 2430 1493 2431 1329 2431 1492 2431 1492 2432 1329 2432 1327 2432 1492 2433 1327 2433 1491 2433 1491 2434 1327 2434 1326 2434 1491 2435 1326 2435 1490 2435 1490 2436 1326 2436 1325 2436 1490 2437 1325 2437 1489 2437 1489 2438 1325 2438 1323 2438 1489 2439 1323 2439 1488 2439 1488 2440 1323 2440 1320 2440 1488 2441 1320 2441 1487 2441 1487 2442 1320 2442 1319 2442 1487 2443 1319 2443 1486 2443 1486 2444 1319 2444 1318 2444 1486 2445 1318 2445 1485 2445 1485 2446 1318 2446 1317 2446 1485 2447 1317 2447 1484 2447 1484 2448 1317 2448 1316 2448 1484 2449 1316 2449 1483 2449 1483 2450 1316 2450 1314 2450 1483 2451 1314 2451 1482 2451 1482 2452 1314 2452 1312 2452 1482 2453 1312 2453 1481 2453 1481 2454 1312 2454 1311 2454 1481 2455 1311 2455 1480 2455 1480 2456 1311 2456 1310 2456 1480 2457 1310 2457 1479 2457 1479 2458 1310 2458 1308 2458 1479 2459 1308 2459 1478 2459 1478 2460 1308 2460 1306 2460 1478 2461 1306 2461 1477 2461 1477 2462 1306 2462 1305 2462 1477 2463 1305 2463 1476 2463 1476 2464 1305 2464 1303 2464 1476 2465 1303 2465 1475 2465 1475 2466 1303 2466 1302 2466 1475 2467 1302 2467 1474 2467 1474 2468 1302 2468 1300 2468 1474 2469 1300 2469 1473 2469 1473 2470 1300 2470 1299 2470 1473 2471 1299 2471 1472 2471 1472 2472 1299 2472 1297 2472 1472 2473 1297 2473 1471 2473 1471 2474 1297 2474 1296 2474 1471 2475 1296 2475 1470 2475 1470 2476 1296 2476 1294 2476 1470 2477 1294 2477 1469 2477 1469 2478 1294 2478 1293 2478 1469 2479 1293 2479 1468 2479 1468 2480 1293 2480 1292 2480 1468 2481 1292 2481 1467 2481 1467 2482 1292 2482 1290 2482 1467 2483 1290 2483 1466 2483 1466 2484 1290 2484 1288 2484 1466 2485 1288 2485 1465 2485 1465 2486 1288 2486 1286 2486 1465 2487 1286 2487 1464 2487 1464 2488 1286 2488 1285 2488 1464 2489 1285 2489 1463 2489 1463 2490 1285 2490 1283 2490 1463 2491 1283 2491 1462 2491 1462 2492 1283 2492 1282 2492 1462 2493 1282 2493 1461 2493 1461 2494 1282 2494 1280 2494 1461 2495 1280 2495 1460 2495 1460 2496 1280 2496 1278 2496 1460 2497 1278 2497 1459 2497 1459 2498 1278 2498 1277 2498 1459 2499 1277 2499 1458 2499 1458 2500 1277 2500 1275 2500 1458 2501 1275 2501 1457 2501 1457 2502 1275 2502 1274 2502 1457 2503 1274 2503 1456 2503 1456 2504 1274 2504 1272 2504 1456 2505 1272 2505 1455 2505 1455 2506 1272 2506 1271 2506 1455 2507 1271 2507 1454 2507 1454 2508 1271 2508 1270 2508 1454 2509 1270 2509 1453 2509 1453 2510 1270 2510 1268 2510 1453 2511 1268 2511 1452 2511 1452 2512 1268 2512 1266 2512 1452 2513 1266 2513 1451 2513 1451 2514 1266 2514 1265 2514 1451 2515 1265 2515 1450 2515 1450 2516 1265 2516 1263 2516 1450 2517 1263 2517 1449 2517 1449 2518 1263 2518 1262 2518 1449 2519 1262 2519 1448 2519 1448 2520 1262 2520 1260 2520 1448 2521 1260 2521 1447 2521 1447 2522 1260 2522 1258 2522 1447 2523 1258 2523 1446 2523 1446 2524 1258 2524 1257 2524 1446 2525 1257 2525 1445 2525 1445 2526 1257 2526 1255 2526 1445 2527 1255 2527 1444 2527 1444 2528 1255 2528 1253 2528 1444 2529 1253 2529 1443 2529 1443 2530 1253 2530 1252 2530 1443 2531 1252 2531 1442 2531 1442 2532 1252 2532 1250 2532 1442 2533 1250 2533 1441 2533 1441 2534 1250 2534 1248 2534 1441 2535 1248 2535 1440 2535 1440 2536 1248 2536 1247 2536 1440 2537 1247 2537 1439 2537 1439 2538 1247 2538 1245 2538 1439 2539 1245 2539 1438 2539 1438 2540 1245 2540 1244 2540 1438 2541 1244 2541 1437 2541 1437 2542 1244 2542 1242 2542 1437 2543 1242 2543 1436 2543 1436 2544 1242 2544 1241 2544 1436 2545 1241 2545 1435 2545 1435 2546 1241 2546 1240 2546 1435 2547 1240 2547 1434 2547 1434 2548 1240 2548 1238 2548 1434 2549 1238 2549 1433 2549 1433 2550 1238 2550 1237 2550 1433 2551 1237 2551 1431 2551 1431 2552 1237 2552 1236 2552 1498 0 1499 0 1500 0 1498 0 1500 0 1501 0 1499 0 1498 0 1502 0 1502 0 1498 0 1503 0 1502 0 1503 0 1504 0 1504 0 1503 0 1505 0 1505 2553 1503 2553 1506 2553 1505 2554 1506 2554 1507 2554 1507 2555 1506 2555 1508 2555 1507 2556 1508 2556 1509 2556 1507 0 1509 0 1510 0 1507 2557 1510 2557 1511 2557 1511 0 1512 0 1507 0 1507 2558 1512 2558 1513 2558 1507 2559 1513 2559 1514 2559 1514 2560 1513 2560 1515 2560 1514 0 1515 0 1516 0 1516 2561 1515 2561 1517 2561 1516 2562 1517 2562 1518 2562 1516 0 1518 0 1519 0 1519 2563 1518 2563 1520 2563 1519 2564 1520 2564 1521 2564 1519 0 1521 0 1522 0 1522 0 1521 0 1523 0 1522 2565 1523 2565 1524 2565 1524 0 1523 0 1525 0 1524 2566 1525 2566 1526 2566 1526 0 1525 0 1527 0 1526 0 1527 0 1528 0 1526 2567 1528 2567 1529 2567 1529 2568 1528 2568 1530 2568 1530 2569 1528 2569 1531 2569 1529 2570 1530 2570 1532 2570 1532 0 1533 0 1529 0 1533 0 1534 0 1529 0 1529 2571 1534 2571 1535 2571 1535 2572 1534 2572 1536 2572 1536 2573 1534 2573 1537 2573 1537 2574 1534 2574 1538 2574 1537 2575 1538 2575 1539 2575 1539 0 1538 0 1501 0 1539 0 1501 0 1500 0 1540 2576 1541 2576 1542 2576 1542 239 1541 239 1543 239 1542 2577 1543 2577 1544 2577 1544 239 1543 239 1545 239 1544 239 1545 239 1546 239 1546 2578 1545 2578 1535 2578 1535 2579 1545 2579 1547 2579 1547 2580 1545 2580 1548 2580 1547 2581 1548 2581 1549 2581 1549 2582 1550 2582 1547 2582 1547 2583 1550 2583 1551 2583 1551 2584 1550 2584 1531 2584 1551 2585 1552 2585 1547 2585 1553 239 1552 239 1551 239 1552 239 1553 239 1554 239 1554 2586 1553 2586 1555 2586 1554 239 1555 239 1556 239 1556 2587 1555 2587 1557 2587 1556 2588 1557 2588 1558 2588 1556 239 1558 239 1559 239 1556 239 1559 239 1560 239 1560 2589 1559 2589 1561 2589 1560 2590 1561 2590 1562 2590 1562 2591 1561 2591 1563 2591 1562 239 1563 239 1564 239 1564 2592 1563 2592 1565 2592 1564 2593 1565 2593 1566 2593 1564 239 1566 239 1567 239 1567 2594 1566 2594 1568 2594 1567 239 1568 239 1569 239 1568 239 1570 239 1569 239 1569 239 1570 239 1571 239 1571 2595 1572 2595 1569 2595 1569 239 1572 239 1573 239 1569 239 1573 239 1574 239 1569 2596 1574 2596 1575 2596 1575 2597 1574 2597 1576 2597 1575 2598 1576 2598 1577 2598 1577 2599 1576 2599 1578 2599 1578 2600 1576 2600 1579 2600 1578 2601 1579 2601 1580 2601 1580 2602 1579 2602 1541 2602 1580 239 1541 239 1540 239 1501 2603 1541 2603 1498 2603 1498 2604 1541 2604 1579 2604 1498 2605 1579 2605 1503 2605 1503 2606 1579 2606 1576 2606 1503 2607 1576 2607 1506 2607 1506 2608 1576 2608 1574 2608 1506 2609 1574 2609 1508 2609 1508 2610 1574 2610 1573 2610 1508 2611 1573 2611 1509 2611 1509 2612 1573 2612 1572 2612 1509 2613 1572 2613 1510 2613 1510 2614 1572 2614 1571 2614 1510 2615 1571 2615 1511 2615 1511 2616 1571 2616 1570 2616 1511 2617 1570 2617 1512 2617 1512 2618 1570 2618 1568 2618 1512 2619 1568 2619 1513 2619 1513 2620 1568 2620 1566 2620 1513 2621 1566 2621 1515 2621 1515 2622 1566 2622 1517 2622 1517 2623 1566 2623 1565 2623 1517 2624 1565 2624 1563 2624 1517 2625 1563 2625 1518 2625 1518 2626 1563 2626 1561 2626 1518 2627 1561 2627 1520 2627 1520 2628 1561 2628 1559 2628 1520 2629 1559 2629 1521 2629 1521 2630 1559 2630 1558 2630 1521 2631 1558 2631 1523 2631 1523 2632 1558 2632 1557 2632 1523 2633 1557 2633 1525 2633 1525 2634 1557 2634 1555 2634 1525 2635 1555 2635 1527 2635 1527 2636 1555 2636 1553 2636 1527 2637 1553 2637 1528 2637 1528 2638 1553 2638 1551 2638 1528 2639 1551 2639 1531 2639 1530 2640 1531 2640 1550 2640 1530 2641 1550 2641 1532 2641 1532 2642 1550 2642 1549 2642 1532 2643 1549 2643 1533 2643 1533 2644 1549 2644 1548 2644 1533 2645 1548 2645 1534 2645 1534 2646 1548 2646 1545 2646 1534 2647 1545 2647 1538 2647 1538 2648 1545 2648 1543 2648 1538 2649 1543 2649 1501 2649 1501 2650 1543 2650 1541 2650 1499 2651 1540 2651 1500 2651 1500 2652 1540 2652 1542 2652 1500 2653 1542 2653 1539 2653 1539 2654 1542 2654 1544 2654 1539 2655 1544 2655 1537 2655 1537 2656 1544 2656 1546 2656 1537 2657 1546 2657 1536 2657 1536 2658 1546 2658 1535 2658 1529 2659 1535 2659 1547 2659 1529 2660 1547 2660 1526 2660 1526 2661 1547 2661 1552 2661 1526 2662 1552 2662 1554 2662 1526 2663 1554 2663 1524 2663 1524 2664 1554 2664 1556 2664 1524 2665 1556 2665 1522 2665 1522 2666 1556 2666 1560 2666 1522 2667 1560 2667 1519 2667 1519 2668 1560 2668 1562 2668 1519 2669 1562 2669 1516 2669 1516 2670 1562 2670 1564 2670 1516 2671 1564 2671 1514 2671 1514 2672 1564 2672 1567 2672 1514 2673 1567 2673 1507 2673 1507 2674 1567 2674 1569 2674 1507 2675 1569 2675 1505 2675 1505 2675 1569 2675 1575 2675 1505 2676 1575 2676 1504 2676 1504 2677 1575 2677 1577 2677 1504 2678 1577 2678 1502 2678 1502 2679 1577 2679 1578 2679 1502 2680 1578 2680 1499 2680 1499 2681 1578 2681 1580 2681 1499 2682 1580 2682 1540 2682 1581 0 1582 0 1583 0 1582 2683 1581 2683 1584 2683 1584 0 1581 0 1585 0 1585 0 1581 0 1586 0 1585 2684 1586 2684 1587 2684 1587 2685 1586 2685 1588 2685 1588 0 1586 0 1589 0 1588 0 1589 0 1590 0 1588 2686 1590 2686 1591 2686 1588 2687 1591 2687 1592 2687 1588 0 1592 0 1593 0 1593 2688 1592 2688 1594 2688 1593 0 1594 0 1595 0 1593 0 1595 0 1596 0 1596 2689 1595 2689 1597 2689 1596 0 1597 0 1598 0 1598 0 1597 0 1599 0 1598 0 1599 0 1600 0 1600 0 1599 0 1601 0 1600 2690 1601 2690 1602 2690 1600 2691 1602 2691 1603 2691 1603 0 1602 0 1604 0 1603 2692 1604 2692 1605 2692 1605 2693 1604 2693 1606 2693 1605 2694 1606 2694 1607 2694 1605 2695 1607 2695 1608 2695 1608 2696 1607 2696 1609 2696 1608 2697 1609 2697 1610 2697 1609 2698 1607 2698 1611 2698 1608 2699 1610 2699 1612 2699 1612 0 1613 0 1608 0 1613 0 1614 0 1608 0 1608 0 1614 0 1615 0 1615 2700 1614 2700 1616 2700 1616 0 1614 0 1617 0 1617 0 1614 0 1583 0 1617 0 1583 0 1582 0 1618 239 1619 239 1620 239 1619 239 1618 239 1621 239 1621 2701 1618 2701 1622 2701 1622 239 1618 239 1623 239 1622 2702 1623 2702 1624 2702 1624 239 1623 239 1625 239 1625 2703 1623 2703 1626 2703 1625 239 1626 239 1627 239 1627 239 1628 239 1625 239 1625 2704 1628 2704 1629 2704 1625 2705 1629 2705 1630 2705 1630 2706 1629 2706 1611 2706 1630 2707 1631 2707 1625 2707 1632 239 1631 239 1630 239 1631 239 1632 239 1633 239 1633 2708 1632 2708 1634 2708 1633 2709 1634 2709 1635 2709 1633 2710 1635 2710 1636 2710 1633 2711 1636 2711 1637 2711 1637 2712 1636 2712 1638 2712 1637 239 1638 239 1639 239 1639 2713 1638 2713 1640 2713 1639 239 1640 239 1641 239 1639 2714 1641 2714 1642 2714 1642 239 1641 239 1643 239 1642 2715 1643 2715 1644 2715 1642 239 1644 239 1645 239 1645 2716 1644 2716 1646 2716 1645 2717 1646 2717 1647 2717 1645 2718 1647 2718 1648 2718 1648 239 1647 239 1649 239 1648 2719 1649 2719 1650 2719 1648 239 1650 239 1651 239 1648 2720 1651 2720 1652 2720 1652 2721 1651 2721 1653 2721 1653 239 1651 239 1654 239 1653 239 1654 239 1619 239 1619 239 1654 239 1620 239 1583 2722 1618 2722 1620 2722 1583 2723 1620 2723 1581 2723 1581 2724 1620 2724 1654 2724 1581 2725 1654 2725 1586 2725 1586 2726 1654 2726 1651 2726 1586 2727 1651 2727 1589 2727 1589 2728 1651 2728 1650 2728 1589 2729 1650 2729 1590 2729 1590 2730 1650 2730 1649 2730 1590 2731 1649 2731 1591 2731 1591 2732 1649 2732 1647 2732 1591 2733 1647 2733 1592 2733 1592 2734 1647 2734 1646 2734 1592 2735 1646 2735 1594 2735 1594 2736 1646 2736 1644 2736 1594 2737 1644 2737 1595 2737 1595 2738 1644 2738 1643 2738 1595 2739 1643 2739 1641 2739 1595 2740 1641 2740 1597 2740 1597 2741 1641 2741 1640 2741 1597 2742 1640 2742 1599 2742 1599 2743 1640 2743 1638 2743 1599 2744 1638 2744 1601 2744 1601 2745 1638 2745 1636 2745 1601 2746 1636 2746 1602 2746 1602 2747 1636 2747 1635 2747 1602 2748 1635 2748 1604 2748 1604 2749 1635 2749 1634 2749 1604 2750 1634 2750 1606 2750 1606 2751 1634 2751 1632 2751 1606 2752 1632 2752 1607 2752 1607 2753 1632 2753 1630 2753 1607 2754 1630 2754 1611 2754 1609 2755 1611 2755 1629 2755 1609 2756 1629 2756 1610 2756 1610 2757 1629 2757 1628 2757 1610 2758 1628 2758 1612 2758 1612 2759 1628 2759 1627 2759 1612 2760 1627 2760 1613 2760 1613 2761 1627 2761 1626 2761 1613 2762 1626 2762 1614 2762 1614 2763 1626 2763 1623 2763 1614 2764 1623 2764 1618 2764 1614 2765 1618 2765 1583 2765 1582 2766 1619 2766 1621 2766 1582 2767 1621 2767 1617 2767 1617 2768 1621 2768 1622 2768 1617 2769 1622 2769 1616 2769 1616 2770 1622 2770 1624 2770 1616 2771 1624 2771 1615 2771 1615 2772 1624 2772 1625 2772 1615 2773 1625 2773 1608 2773 1608 2774 1625 2774 1605 2774 1605 2775 1625 2775 1631 2775 1605 2776 1631 2776 1633 2776 1605 2777 1633 2777 1603 2777 1603 2778 1633 2778 1637 2778 1603 2779 1637 2779 1600 2779 1600 2780 1637 2780 1598 2780 1598 2781 1637 2781 1639 2781 1598 2782 1639 2782 1596 2782 1596 2783 1639 2783 1642 2783 1596 2784 1642 2784 1593 2784 1593 2785 1642 2785 1645 2785 1593 2786 1645 2786 1588 2786 1588 2787 1645 2787 1648 2787 1588 2788 1648 2788 1587 2788 1587 2789 1648 2789 1652 2789 1587 2790 1652 2790 1585 2790 1585 2791 1652 2791 1653 2791 1585 2792 1653 2792 1584 2792 1584 2793 1653 2793 1619 2793 1584 2794 1619 2794 1582 2794 1655 2795 1656 2795 1657 2795 1655 2796 1657 2796 1658 2796 1658 2797 1657 2797 1659 2797 1659 2798 1657 2798 1660 2798 1659 2799 1660 2799 1661 2799 1661 2800 1660 2800 1662 2800 1661 2801 1662 2801 1663 2801 1663 2802 1662 2802 1664 2802 1663 2803 1664 2803 1665 2803 1665 2804 1664 2804 1666 2804 1665 2805 1666 2805 1667 2805 1667 2806 1666 2806 1668 2806 1667 2807 1668 2807 1669 2807 1669 2808 1668 2808 1670 2808 1669 2809 1670 2809 1671 2809 1671 2810 1670 2810 1672 2810 1671 2811 1672 2811 1673 2811 1673 2812 1672 2812 1674 2812 1673 2813 1674 2813 1675 2813 1675 2814 1674 2814 1676 2814 1675 2815 1676 2815 1677 2815 1677 2816 1676 2816 1678 2816 1677 2817 1678 2817 1679 2817 1679 2818 1678 2818 1680 2818 1679 2819 1680 2819 1681 2819 1681 2820 1680 2820 1682 2820 1681 2821 1682 2821 1683 2821 1683 2822 1682 2822 1684 2822 1683 2823 1684 2823 1685 2823 1685 2824 1684 2824 1686 2824 1685 2825 1686 2825 1687 2825 1687 2826 1686 2826 1688 2826 1687 2827 1688 2827 1689 2827 1689 2828 1688 2828 1690 2828 1689 2829 1690 2829 1691 2829 1691 2830 1690 2830 1692 2830 1691 2831 1692 2831 1693 2831 1693 2832 1692 2832 1694 2832 1693 2833 1694 2833 1695 2833 1695 2834 1694 2834 1696 2834 1695 2835 1696 2835 1697 2835 1697 2836 1696 2836 1698 2836 1697 2837 1698 2837 1699 2837 1699 2838 1698 2838 1700 2838 1699 2839 1700 2839 1701 2839 1701 2840 1700 2840 1702 2840 1701 2841 1702 2841 1703 2841 1703 2842 1702 2842 1704 2842 1704 2843 1702 2843 1705 2843 1704 2844 1705 2844 1706 2844 1706 2845 1705 2845 1656 2845 1706 2846 1656 2846 1655 2846 1707 2847 1656 2847 1705 2847 1707 2848 1705 2848 1708 2848 1708 2849 1705 2849 1702 2849 1708 2850 1702 2850 1700 2850 1708 2851 1700 2851 1709 2851 1709 2852 1700 2852 1698 2852 1709 2853 1698 2853 1710 2853 1710 2854 1698 2854 1696 2854 1710 2855 1696 2855 1711 2855 1711 2856 1696 2856 1694 2856 1711 2857 1694 2857 1692 2857 1711 2858 1692 2858 1712 2858 1712 2859 1692 2859 1690 2859 1712 2860 1690 2860 1713 2860 1713 2861 1690 2861 1688 2861 1713 2862 1688 2862 1686 2862 1713 2863 1686 2863 1714 2863 1714 2864 1686 2864 1684 2864 1714 2865 1684 2865 1715 2865 1715 2866 1684 2866 1682 2866 1715 2867 1682 2867 1680 2867 1715 2868 1680 2868 1716 2868 1716 2869 1680 2869 1678 2869 1716 2870 1678 2870 1717 2870 1717 2871 1678 2871 1676 2871 1717 2872 1676 2872 1674 2872 1717 2873 1674 2873 1718 2873 1718 2874 1674 2874 1672 2874 1718 2875 1672 2875 1719 2875 1719 2876 1672 2876 1670 2876 1719 2877 1670 2877 1668 2877 1719 2878 1668 2878 1720 2878 1720 2879 1668 2879 1666 2879 1720 2880 1666 2880 1664 2880 1720 2881 1664 2881 1721 2881 1721 2882 1664 2882 1662 2882 1721 2883 1662 2883 1660 2883 1721 2884 1660 2884 1722 2884 1722 2885 1660 2885 1657 2885 1722 2886 1657 2886 1723 2886 1723 2887 1657 2887 1656 2887 1723 2888 1656 2888 1707 2888 1707 2889 1724 2889 1723 2889 1723 2890 1724 2890 1725 2890 1723 2891 1725 2891 1726 2891 1723 2892 1726 2892 1722 2892 1722 2893 1726 2893 1721 2893 1721 2894 1726 2894 1727 2894 1721 2895 1727 2895 1728 2895 1721 2896 1728 2896 1720 2896 1720 2897 1728 2897 1719 2897 1719 2898 1728 2898 1729 2898 1719 2899 1729 2899 1730 2899 1719 2900 1730 2900 1718 2900 1718 2901 1730 2901 1731 2901 1718 2902 1731 2902 1717 2902 1717 2903 1731 2903 1732 2903 1717 2904 1732 2904 1716 2904 1716 2905 1732 2905 1733 2905 1716 2906 1733 2906 1715 2906 1715 2907 1733 2907 1734 2907 1715 2908 1734 2908 1714 2908 1714 2909 1734 2909 1735 2909 1714 2910 1735 2910 1713 2910 1713 2911 1735 2911 1736 2911 1713 2912 1736 2912 1712 2912 1712 2913 1736 2913 1737 2913 1712 2914 1737 2914 1711 2914 1711 2915 1737 2915 1738 2915 1711 2916 1738 2916 1710 2916 1710 2917 1738 2917 1739 2917 1710 2918 1739 2918 1709 2918 1709 2919 1739 2919 1740 2919 1709 2920 1740 2920 1708 2920 1708 2921 1740 2921 1741 2921 1708 2922 1741 2922 1707 2922 1707 2923 1741 2923 1724 2923 1655 2924 1724 2924 1706 2924 1706 2925 1724 2925 1741 2925 1706 2926 1741 2926 1704 2926 1704 2927 1741 2927 1703 2927 1703 2928 1741 2928 1740 2928 1703 2929 1740 2929 1701 2929 1701 2930 1740 2930 1699 2930 1699 2931 1740 2931 1739 2931 1699 2932 1739 2932 1697 2932 1697 2933 1739 2933 1738 2933 1697 2934 1738 2934 1695 2934 1695 2935 1738 2935 1693 2935 1693 2936 1738 2936 1737 2936 1693 2937 1737 2937 1691 2937 1691 2938 1737 2938 1689 2938 1689 2939 1737 2939 1736 2939 1689 2940 1736 2940 1735 2940 1689 2941 1735 2941 1687 2941 1687 2942 1735 2942 1685 2942 1685 2943 1735 2943 1734 2943 1685 2944 1734 2944 1683 2944 1683 2945 1734 2945 1681 2945 1681 2946 1734 2946 1733 2946 1681 2947 1733 2947 1679 2947 1679 2948 1733 2948 1732 2948 1679 2949 1732 2949 1677 2949 1677 2950 1732 2950 1675 2950 1675 2951 1732 2951 1731 2951 1675 2952 1731 2952 1673 2952 1673 2953 1731 2953 1730 2953 1673 2954 1730 2954 1671 2954 1671 2955 1730 2955 1669 2955 1669 2956 1730 2956 1729 2956 1669 2957 1729 2957 1667 2957 1667 2958 1729 2958 1728 2958 1667 2959 1728 2959 1665 2959 1665 2960 1728 2960 1663 2960 1663 2961 1728 2961 1727 2961 1663 2962 1727 2962 1661 2962 1661 2963 1727 2963 1726 2963 1661 2964 1726 2964 1659 2964 1659 2965 1726 2965 1658 2965 1658 2966 1726 2966 1725 2966 1658 2967 1725 2967 1655 2967 1655 2968 1725 2968 1724 2968 1742 239 1743 239 1744 239 1744 2969 1743 2969 1745 2969 1744 239 1745 239 1746 239 1746 2970 1745 2970 1747 2970 1746 239 1747 239 1748 239 1748 2971 1747 2971 1749 2971 1748 239 1749 239 1750 239 1748 239 1750 239 1751 239 1751 2972 1750 2972 1752 2972 1751 239 1752 239 1753 239 1753 2973 1752 2973 1754 2973 1753 2974 1754 2974 1755 2974 1753 239 1755 239 1756 239 1756 2975 1755 2975 1757 2975 1756 239 1757 239 1758 239 1756 2976 1758 2976 1759 2976 1759 2977 1758 2977 1760 2977 1759 239 1760 239 1761 239 1761 239 1760 239 1762 239 1761 2978 1762 2978 1763 2978 1761 239 1763 239 1764 239 1764 2979 1763 2979 1765 2979 1764 2980 1765 2980 1766 2980 1764 239 1766 239 1767 239 1764 2981 1767 2981 1768 2981 1768 239 1767 239 1769 239 1768 239 1769 239 1770 239 1770 2982 1769 2982 1771 2982 1770 239 1771 239 1772 239 1770 239 1772 239 1773 239 1770 2983 1773 2983 1774 2983 1774 2984 1773 2984 1775 2984 1774 2985 1775 2985 1776 2985 1774 2986 1776 2986 1777 2986 1777 2987 1776 2987 1778 2987 1777 239 1778 239 1779 239 1779 239 1778 239 1780 239 1779 239 1780 239 1781 239 1779 239 1781 239 1782 239 1782 2988 1781 2988 1783 2988 1782 2989 1783 2989 1784 2989 1782 2990 1784 2990 1785 2990 1785 2991 1784 2991 1786 2991 1785 2992 1786 2992 1787 2992 1785 239 1787 239 1788 239 1788 239 1787 239 1789 239 1788 2993 1789 2993 1790 2993 1788 2994 1790 2994 1791 2994 1788 239 1791 239 1792 239 1792 2995 1791 2995 1793 2995 1792 2996 1793 2996 1794 2996 1792 239 1794 239 1795 239 1795 2997 1794 2997 1796 2997 1795 2998 1796 2998 1797 2998 1795 239 1797 239 1798 239 1798 2999 1797 2999 1799 2999 1798 239 1799 239 1800 239 1800 3000 1799 3000 1801 3000 1800 3001 1801 3001 1802 3001 1800 3002 1802 3002 1803 3002 1800 239 1803 239 1804 239 1804 3003 1803 3003 1805 3003 1804 3004 1805 3004 1806 3004 1804 239 1806 239 1807 239 1807 239 1806 239 1808 239 1807 239 1808 239 1809 239 1807 239 1809 239 1810 239 1810 3005 1809 3005 1811 3005 1810 239 1811 239 1812 239 1812 3006 1811 3006 1813 3006 1812 3007 1813 3007 1814 3007 1812 239 1814 239 1815 239 1815 239 1814 239 1816 239 1815 3008 1816 3008 1817 3008 1815 3009 1817 3009 1818 3009 1818 3010 1817 3010 1819 3010 1818 239 1819 239 1820 239 1818 3011 1820 3011 1821 3011 1821 239 1820 239 1822 239 1821 239 1822 239 1823 239 1821 3012 1823 3012 1824 3012 1824 239 1823 239 1825 239 1825 3013 1826 3013 1824 3013 1824 3014 1826 3014 1827 3014 1827 239 1828 239 1824 239 1824 3015 1828 3015 1829 3015 1830 239 1831 239 1829 239 1831 239 1830 239 1832 239 1832 3016 1830 3016 1833 3016 1832 3017 1833 3017 1834 3017 1832 3018 1834 3018 1835 3018 1835 3019 1834 3019 1836 3019 1835 3020 1836 3020 1837 3020 1835 239 1837 239 1838 239 1838 3021 1837 3021 1839 3021 1838 3022 1839 3022 1840 3022 1838 3023 1840 3023 1841 3023 1838 3024 1841 3024 1842 3024 1842 3025 1841 3025 1843 3025 1842 3026 1843 3026 1742 3026 1842 239 1742 239 1744 239 1831 3027 1844 3027 1829 3027 1844 239 1824 239 1829 239 1744 3028 1845 3028 1846 3028 1744 3029 1846 3029 1842 3029 1842 3030 1846 3030 1847 3030 1842 3031 1847 3031 1838 3031 1838 3032 1847 3032 1848 3032 1838 3033 1848 3033 1835 3033 1835 3034 1848 3034 1849 3034 1835 3035 1849 3035 1832 3035 1832 3036 1849 3036 1850 3036 1832 3037 1850 3037 1851 3037 1832 3038 1851 3038 1831 3038 1831 3039 1851 3039 1852 3039 1831 3040 1852 3040 1844 3040 1844 3041 1852 3041 1853 3041 1844 3042 1853 3042 1824 3042 1824 3043 1853 3043 1854 3043 1824 3044 1854 3044 1821 3044 1821 3045 1854 3045 1855 3045 1821 3046 1855 3046 1818 3046 1818 3047 1855 3047 1856 3047 1818 3048 1856 3048 1857 3048 1818 3049 1857 3049 1815 3049 1815 3050 1857 3050 1858 3050 1815 3051 1858 3051 1812 3051 1812 3052 1858 3052 1859 3052 1812 3053 1859 3053 1810 3053 1810 3054 1859 3054 1860 3054 1810 3055 1860 3055 1807 3055 1807 3056 1860 3056 1861 3056 1807 3057 1861 3057 1804 3057 1804 3058 1861 3058 1862 3058 1804 3059 1862 3059 1800 3059 1800 3060 1862 3060 1863 3060 1800 3061 1863 3061 1864 3061 1800 3062 1864 3062 1798 3062 1798 3063 1864 3063 1865 3063 1798 3064 1865 3064 1795 3064 1795 3065 1865 3065 1866 3065 1795 3066 1866 3066 1792 3066 1792 3067 1866 3067 1867 3067 1792 3068 1867 3068 1788 3068 1788 3069 1867 3069 1868 3069 1788 3070 1868 3070 1785 3070 1785 3071 1868 3071 1869 3071 1785 3072 1869 3072 1782 3072 1782 3073 1869 3073 1870 3073 1782 3074 1870 3074 1871 3074 1782 3075 1871 3075 1779 3075 1779 3076 1871 3076 1872 3076 1779 3077 1872 3077 1777 3077 1777 3078 1872 3078 1873 3078 1777 3079 1873 3079 1774 3079 1774 3080 1873 3080 1874 3080 1774 3081 1874 3081 1770 3081 1770 3082 1874 3082 1875 3082 1770 3083 1875 3083 1768 3083 1768 3084 1875 3084 1764 3084 1764 3085 1875 3085 1876 3085 1764 3086 1876 3086 1761 3086 1761 3087 1876 3087 1877 3087 1761 3088 1877 3088 1759 3088 1759 3089 1877 3089 1878 3089 1759 3090 1878 3090 1756 3090 1756 3091 1878 3091 1879 3091 1756 3092 1879 3092 1753 3092 1753 3093 1879 3093 1880 3093 1753 3094 1880 3094 1751 3094 1751 3095 1880 3095 1881 3095 1751 3096 1881 3096 1748 3096 1748 3097 1881 3097 1882 3097 1748 3098 1882 3098 1746 3098 1746 3099 1882 3099 1845 3099 1746 3100 1845 3100 1744 3100 1883 3101 1846 3101 1884 3101 1884 3102 1846 3102 1845 3102 1884 3103 1845 3103 1885 3103 1885 3104 1845 3104 1882 3104 1885 3105 1882 3105 1886 3105 1886 3106 1882 3106 1881 3106 1886 3107 1881 3107 1887 3107 1887 3108 1881 3108 1880 3108 1887 3109 1880 3109 1879 3109 1887 3110 1879 3110 1888 3110 1888 3111 1879 3111 1878 3111 1888 3112 1878 3112 1889 3112 1889 3113 1878 3113 1877 3113 1889 3114 1877 3114 1876 3114 1889 3115 1876 3115 1890 3115 1890 3116 1876 3116 1875 3116 1890 3117 1875 3117 1891 3117 1891 3118 1875 3118 1892 3118 1892 3119 1875 3119 1874 3119 1892 3120 1874 3120 1893 3120 1893 3121 1874 3121 1873 3121 1893 3122 1873 3122 1894 3122 1894 3123 1873 3123 1872 3123 1894 3124 1872 3124 1895 3124 1895 3125 1872 3125 1871 3125 1895 3126 1871 3126 1896 3126 1896 3127 1871 3127 1870 3127 1896 3128 1870 3128 1869 3128 1896 3129 1869 3129 1897 3129 1897 3130 1869 3130 1868 3130 1897 3131 1868 3131 1898 3131 1898 3132 1868 3132 1867 3132 1898 3133 1867 3133 1899 3133 1899 3134 1867 3134 1866 3134 1899 3135 1866 3135 1900 3135 1900 3136 1866 3136 1865 3136 1900 3137 1865 3137 1901 3137 1901 3138 1865 3138 1864 3138 1901 3139 1864 3139 1902 3139 1902 3140 1864 3140 1863 3140 1902 3141 1863 3141 1903 3141 1903 3142 1863 3142 1862 3142 1903 3143 1862 3143 1904 3143 1904 3144 1862 3144 1861 3144 1904 3145 1861 3145 1905 3145 1905 3146 1861 3146 1860 3146 1905 3147 1860 3147 1906 3147 1906 3148 1860 3148 1859 3148 1906 3149 1859 3149 1858 3149 1906 3150 1858 3150 1907 3150 1907 3151 1858 3151 1857 3151 1907 3152 1857 3152 1908 3152 1908 3153 1857 3153 1856 3153 1908 3154 1856 3154 1909 3154 1909 3155 1856 3155 1855 3155 1909 3156 1855 3156 1854 3156 1909 3157 1854 3157 1910 3157 1910 3158 1854 3158 1853 3158 1910 3159 1853 3159 1911 3159 1911 3160 1853 3160 1852 3160 1911 3161 1852 3161 1912 3161 1912 3162 1852 3162 1851 3162 1912 3163 1851 3163 1913 3163 1913 3164 1851 3164 1850 3164 1913 3165 1850 3165 1849 3165 1913 3166 1849 3166 1914 3166 1914 3167 1849 3167 1848 3167 1914 3168 1848 3168 1915 3168 1915 3169 1848 3169 1847 3169 1915 3170 1847 3170 1883 3170 1883 3171 1847 3171 1846 3171 1884 0 1916 0 1883 0 1883 3172 1916 3172 1917 3172 1883 3173 1917 3173 1915 3173 1915 0 1917 0 1914 0 1914 0 1917 0 1918 0 1914 0 1918 0 1913 0 1913 0 1918 0 1919 0 1913 3174 1919 3174 1912 3174 1912 0 1919 0 1911 0 1911 0 1919 0 1920 0 1911 3175 1920 3175 1910 3175 1910 0 1920 0 1909 0 1909 0 1920 0 1921 0 1909 0 1921 0 1908 0 1908 3176 1921 3176 1922 3176 1908 0 1922 0 1907 0 1907 3177 1922 3177 1923 3177 1907 3178 1923 3178 1906 3178 1906 3179 1923 3179 1905 3179 1905 0 1923 0 1924 0 1905 0 1924 0 1904 0 1904 3180 1924 3180 1903 3180 1903 3181 1924 3181 1925 3181 1903 0 1925 0 1902 0 1902 3182 1925 3182 1901 3182 1901 3183 1925 3183 1926 3183 1901 0 1926 0 1900 0 1900 3184 1926 3184 1927 3184 1900 3185 1927 3185 1899 3185 1899 0 1927 0 1898 0 1898 0 1927 0 1897 0 1897 0 1927 0 1928 0 1897 0 1928 0 1896 0 1896 0 1928 0 1895 0 1895 0 1928 0 1929 0 1895 0 1929 0 1894 0 1894 3186 1929 3186 1893 3186 1893 0 1929 0 1930 0 1893 3187 1930 3187 1892 3187 1892 0 1930 0 1891 0 1891 0 1930 0 1931 0 1891 3188 1931 3188 1890 3188 1890 3189 1931 3189 1889 3189 1889 3190 1931 3190 1932 3190 1889 3191 1932 3191 1888 3191 1888 0 1932 0 1933 0 1888 0 1933 0 1887 0 1887 0 1933 0 1934 0 1887 0 1934 0 1886 0 1886 0 1934 0 1885 0 1885 3192 1934 3192 1916 3192 1885 3193 1916 3193 1884 3193 1916 3194 1935 3194 1936 3194 1916 3195 1936 3195 1937 3195 1935 3196 1916 3196 1938 3196 1938 3197 1916 3197 1934 3197 1938 3198 1934 3198 1939 3198 1939 3199 1934 3199 1940 3199 1940 3200 1934 3200 1941 3200 1941 3201 1934 3201 1933 3201 1941 3202 1933 3202 1942 3202 1942 3203 1933 3203 1943 3203 1943 3204 1933 3204 1944 3204 1944 3205 1933 3205 1932 3205 1944 3206 1932 3206 1945 3206 1945 3207 1932 3207 1946 3207 1946 3208 1932 3208 1947 3208 1947 3209 1932 3209 1948 3209 1948 3210 1932 3210 1931 3210 1948 3211 1931 3211 1949 3211 1949 3212 1931 3212 1950 3212 1950 3213 1931 3213 1951 3213 1951 3214 1931 3214 1952 3214 1952 3215 1931 3215 1930 3215 1952 3216 1930 3216 1953 3216 1953 3217 1930 3217 1954 3217 1954 3218 1930 3218 1955 3218 1955 3219 1930 3219 1956 3219 1956 3220 1930 3220 1929 3220 1956 3221 1929 3221 1957 3221 1957 3222 1929 3222 1958 3222 1958 3223 1929 3223 1959 3223 1959 3224 1929 3224 1960 3224 1960 3225 1929 3225 1961 3225 1961 3226 1929 3226 1928 3226 1961 3227 1928 3227 1962 3227 1962 3228 1928 3228 1963 3228 1963 3229 1928 3229 1964 3229 1964 3230 1928 3230 1927 3230 1964 3231 1927 3231 1965 3231 1965 3232 1927 3232 1966 3232 1966 3233 1927 3233 1967 3233 1967 3234 1927 3234 1968 3234 1968 3235 1927 3235 1969 3235 1969 3236 1927 3236 1926 3236 1969 3237 1926 3237 1970 3237 1970 3238 1926 3238 1971 3238 1971 3239 1926 3239 1925 3239 1971 3240 1925 3240 1972 3240 1972 3241 1925 3241 1973 3241 1973 3242 1925 3242 1974 3242 1974 3243 1925 3243 1924 3243 1974 3244 1924 3244 1975 3244 1975 3245 1924 3245 1976 3245 1976 3246 1924 3246 1977 3246 1977 3247 1924 3247 1978 3247 1978 3248 1924 3248 1979 3248 1979 3249 1924 3249 1923 3249 1979 3250 1923 3250 1980 3250 1980 3251 1923 3251 1981 3251 1981 3252 1923 3252 1982 3252 1982 3253 1923 3253 1983 3253 1983 3254 1923 3254 1984 3254 1984 3255 1923 3255 1922 3255 1984 3256 1922 3256 1985 3256 1985 3257 1922 3257 1921 3257 1985 3258 1921 3258 1986 3258 1986 3259 1921 3259 1987 3259 1987 3260 1921 3260 1920 3260 1987 3261 1920 3261 1988 3261 1988 3262 1920 3262 1989 3262 1989 3263 1920 3263 1990 3263 1990 3264 1920 3264 1919 3264 1990 3265 1919 3265 1991 3265 1991 3266 1919 3266 1992 3266 1992 3267 1919 3267 1993 3267 1993 3268 1919 3268 1994 3268 1994 3269 1919 3269 1995 3269 1995 3270 1919 3270 1918 3270 1995 3271 1918 3271 1996 3271 1996 3272 1918 3272 1997 3272 1997 3273 1918 3273 1998 3273 1998 3274 1918 3274 1917 3274 1998 3275 1917 3275 1999 3275 1999 3276 1917 3276 2000 3276 2000 3277 1917 3277 2001 3277 2001 3278 1917 3278 2002 3278 2002 3279 1917 3279 1916 3279 2002 3280 1916 3280 1937 3280 1935 3281 1743 3281 1936 3281 1936 3282 1743 3282 1742 3282 1936 3283 1742 3283 1937 3283 1937 3284 1742 3284 1843 3284 1937 3285 1843 3285 2002 3285 2002 3286 1843 3286 1841 3286 2002 3287 1841 3287 2001 3287 2001 3288 1841 3288 1840 3288 2001 3289 1840 3289 2000 3289 2000 3290 1840 3290 1839 3290 2000 3291 1839 3291 1999 3291 1999 3292 1839 3292 1837 3292 1999 3293 1837 3293 1998 3293 1998 3294 1837 3294 1836 3294 1998 3295 1836 3295 1997 3295 1997 3296 1836 3296 1834 3296 1997 3297 1834 3297 1996 3297 1996 3298 1834 3298 1833 3298 1996 3299 1833 3299 1995 3299 1995 3300 1833 3300 1830 3300 1995 3301 1830 3301 1994 3301 1994 3302 1830 3302 1829 3302 1994 3303 1829 3303 1993 3303 1993 3304 1829 3304 1828 3304 1993 3305 1828 3305 1992 3305 1992 3306 1828 3306 1827 3306 1992 3307 1827 3307 1991 3307 1991 3308 1827 3308 1826 3308 1991 3309 1826 3309 1990 3309 1990 3310 1826 3310 1825 3310 1990 3311 1825 3311 1989 3311 1989 3312 1825 3312 1823 3312 1989 3313 1823 3313 1988 3313 1988 3314 1823 3314 1822 3314 1988 3315 1822 3315 1987 3315 1987 3316 1822 3316 1820 3316 1987 3317 1820 3317 1986 3317 1986 3318 1820 3318 1819 3318 1986 3319 1819 3319 1985 3319 1985 3320 1819 3320 1817 3320 1985 3321 1817 3321 1984 3321 1984 3322 1817 3322 1816 3322 1984 3323 1816 3323 1983 3323 1983 3324 1816 3324 1814 3324 1983 3325 1814 3325 1982 3325 1982 3326 1814 3326 1813 3326 1982 3327 1813 3327 1981 3327 1981 3328 1813 3328 1811 3328 1981 3329 1811 3329 1980 3329 1980 3330 1811 3330 1809 3330 1980 3331 1809 3331 1979 3331 1979 3332 1809 3332 1808 3332 1979 3333 1808 3333 1978 3333 1978 3334 1808 3334 1806 3334 1978 3335 1806 3335 1977 3335 1977 3336 1806 3336 1805 3336 1977 3337 1805 3337 1976 3337 1976 3338 1805 3338 1803 3338 1976 3339 1803 3339 1975 3339 1975 3340 1803 3340 1802 3340 1975 3341 1802 3341 1974 3341 1974 3342 1802 3342 1801 3342 1974 3343 1801 3343 1973 3343 1973 3344 1801 3344 1799 3344 1973 3345 1799 3345 1972 3345 1972 3346 1799 3346 1797 3346 1972 3347 1797 3347 1971 3347 1971 3348 1797 3348 1796 3348 1971 3349 1796 3349 1970 3349 1970 3350 1796 3350 1794 3350 1970 3351 1794 3351 1969 3351 1969 3352 1794 3352 1793 3352 1969 3353 1793 3353 1968 3353 1968 3354 1793 3354 1791 3354 1968 3355 1791 3355 1967 3355 1967 3356 1791 3356 1790 3356 1967 3357 1790 3357 1966 3357 1966 3358 1790 3358 1789 3358 1966 3359 1789 3359 1965 3359 1965 3360 1789 3360 1787 3360 1965 3361 1787 3361 1964 3361 1964 3362 1787 3362 1786 3362 1964 3363 1786 3363 1963 3363 1963 3364 1786 3364 1784 3364 1963 3365 1784 3365 1962 3365 1962 3366 1784 3366 1783 3366 1962 3367 1783 3367 1961 3367 1961 3368 1783 3368 1781 3368 1961 3369 1781 3369 1960 3369 1960 3370 1781 3370 1780 3370 1960 3371 1780 3371 1959 3371 1959 3372 1780 3372 1778 3372 1959 3373 1778 3373 1958 3373 1958 3374 1778 3374 1776 3374 1958 3375 1776 3375 1957 3375 1957 3376 1776 3376 1775 3376 1957 3377 1775 3377 1956 3377 1956 3378 1775 3378 1773 3378 1956 3379 1773 3379 1955 3379 1955 3380 1773 3380 1772 3380 1955 3381 1772 3381 1954 3381 1954 3382 1772 3382 1771 3382 1954 3383 1771 3383 1953 3383 1953 3384 1771 3384 1769 3384 1953 3385 1769 3385 1952 3385 1952 3386 1769 3386 1767 3386 1952 3387 1767 3387 1951 3387 1951 3388 1767 3388 1766 3388 1951 3389 1766 3389 1950 3389 1950 3390 1766 3390 1765 3390 1950 3391 1765 3391 1949 3391 1949 3392 1765 3392 1763 3392 1949 3393 1763 3393 1948 3393 1948 3394 1763 3394 1762 3394 1948 3395 1762 3395 1947 3395 1947 3396 1762 3396 1760 3396 1947 3397 1760 3397 1946 3397 1946 3398 1760 3398 1758 3398 1946 3399 1758 3399 1945 3399 1945 3400 1758 3400 1757 3400 1945 3401 1757 3401 1944 3401 1944 3402 1757 3402 1755 3402 1944 3403 1755 3403 1943 3403 1943 3404 1755 3404 1754 3404 1943 3405 1754 3405 1942 3405 1942 3406 1754 3406 1752 3406 1942 3407 1752 3407 1941 3407 1941 3408 1752 3408 1750 3408 1941 3409 1750 3409 1940 3409 1940 3410 1750 3410 1749 3410 1940 3411 1749 3411 1939 3411 1939 3412 1749 3412 1747 3412 1939 3413 1747 3413 1938 3413 1938 3414 1747 3414 1745 3414 1938 3415 1745 3415 1935 3415 1935 3416 1745 3416 1743 3416 2003 3417 2004 3417 2005 3417 2005 3418 2004 3418 2006 3418 2006 3419 2004 3419 2007 3419 2005 3420 2006 3420 2008 3420 2008 3421 2006 3421 2009 3421 2010 3422 2005 3422 2008 3422 2011 3423 2012 3423 2013 3423 2014 3424 2015 3424 2016 3424 2014 3425 2016 3425 2017 3425 2014 3426 2017 3426 2018 3426 2019 3427 2018 3427 2020 3427 2019 3428 2020 3428 2021 3428 2019 3429 2021 3429 2008 3429 2022 3430 2023 3430 2024 3430 2024 3431 2023 3431 2015 3431 2023 3432 2025 3432 2015 3432 2015 3433 2025 3433 2016 3433 2024 3434 2026 3434 2022 3434 2022 3435 2026 3435 2012 3435 2012 3436 2026 3436 2013 3436 2027 3437 2028 3437 2029 3437 2030 3438 2031 3438 2032 3438 2032 3439 2031 3439 2033 3439 2033 3440 2031 3440 2034 3440 2033 3441 2034 3441 2035 3441 2035 3442 2034 3442 2036 3442 2035 3443 2036 3443 2037 3443 2037 3444 2036 3444 2038 3444 2037 3445 2038 3445 2039 3445 2039 3446 2038 3446 2040 3446 2039 3447 2040 3447 2041 3447 2041 3448 2040 3448 2042 3448 2041 3449 2042 3449 2043 3449 2043 3450 2042 3450 2044 3450 2043 3451 2044 3451 2045 3451 2045 3452 2044 3452 2046 3452 2045 3453 2046 3453 2047 3453 2047 3454 2046 3454 2048 3454 2047 3455 2048 3455 2049 3455 2049 3456 2048 3456 2050 3456 2049 3457 2050 3457 2051 3457 2051 3458 2050 3458 2052 3458 2051 3459 2052 3459 2013 3459 2046 3460 2044 3460 2053 3460 2053 3461 2044 3461 2054 3461 2054 3462 2044 3462 2042 3462 2054 3463 2042 3463 2055 3463 2055 3464 2042 3464 2040 3464 2055 3465 2040 3465 2056 3465 2056 3466 2040 3466 2038 3466 2056 3467 2038 3467 2057 3467 2057 3468 2038 3468 2036 3468 2057 3469 2036 3469 2058 3469 2058 3470 2036 3470 2034 3470 2058 3471 2034 3471 2059 3471 2059 3472 2034 3472 2031 3472 2059 3473 2031 3473 2060 3473 2060 3474 2031 3474 2030 3474 2060 3475 2030 3475 2061 3475 2061 3476 2030 3476 2062 3476 2061 3477 2062 3477 2063 3477 2063 3478 2062 3478 2028 3478 2063 3479 2028 3479 2027 3479 2053 3480 2064 3480 2046 3480 2046 3481 2064 3481 2048 3481 2064 3482 2065 3482 2048 3482 2048 3483 2065 3483 2050 3483 2052 3484 2011 3484 2013 3484 2065 3485 2066 3485 2050 3485 2050 3486 2066 3486 2052 3486 2066 3487 2067 3487 2052 3487 2052 3488 2067 3488 2011 3488 2032 3489 2068 3489 2030 3489 2030 3490 2068 3490 2062 3490 2068 3491 2069 3491 2062 3491 2062 3492 2069 3492 2028 3492 2028 3493 2070 3493 2029 3493 2069 3494 2071 3494 2028 3494 2028 3495 2071 3495 2070 3495 2029 239 2072 239 2027 239 2027 239 2072 239 2073 239 2074 0 2075 0 2076 0 2076 3496 2075 3496 2077 3496 2078 3497 2079 3497 2080 3497 2080 3498 2079 3498 2081 3498 2082 3499 2083 3499 2084 3499 2085 3500 2086 3500 2087 3500 2087 3501 2086 3501 2088 3501 2087 3502 2088 3502 2089 3502 2090 3503 2091 3503 2082 3503 2082 3504 2091 3504 2083 3504 2082 3505 2092 3505 2090 3505 2090 3506 2092 3506 2093 3506 2092 3507 2094 3507 2093 3507 2093 3508 2094 3508 2085 3508 2088 3509 2095 3509 2089 3509 2094 3510 2096 3510 2085 3510 2085 3511 2096 3511 2086 3511 2096 3512 2097 3512 2086 3512 2086 3513 2097 3513 2088 3513 2088 3514 2097 3514 2095 3514 2087 3515 2098 3515 2085 3515 2085 3516 2098 3516 2093 3516 2098 3517 2099 3517 2093 3517 2093 3518 2099 3518 2090 3518 2083 3519 2100 3519 2084 3519 2099 3520 2101 3520 2090 3520 2090 3521 2101 3521 2091 3521 2101 3522 2102 3522 2091 3522 2091 3523 2102 3523 2083 3523 2083 3524 2102 3524 2100 3524 2103 3525 2104 3525 2105 3525 2105 3526 2104 3526 2100 3526 2106 3527 2107 3527 2108 3527 2108 3528 2107 3528 2109 3528 2108 3529 2110 3529 2106 3529 2106 3530 2110 3530 2111 3530 2110 3531 2112 3531 2111 3531 2111 3532 2112 3532 2113 3532 2112 3533 2114 3533 2113 3533 2113 3534 2114 3534 2115 3534 2114 3535 2116 3535 2115 3535 2115 3536 2116 3536 2117 3536 2116 3537 2118 3537 2117 3537 2117 3538 2118 3538 2119 3538 2117 3539 2119 3539 2104 3539 2104 3540 2119 3540 2100 3540 2119 3541 2120 3541 2100 3541 2100 3542 2120 3542 2084 3542 2118 3543 2120 3543 2119 3543 2113 3544 2115 3544 2121 3544 2121 3545 2115 3545 2103 3545 2122 3546 2111 3546 2113 3546 2121 3547 2122 3547 2113 3547 2115 3548 2117 3548 2103 3548 2104 3549 2103 3549 2117 3549 2010 3550 2008 3550 2021 3550 2010 3551 2021 3551 2020 3551 2010 3552 2020 3552 2123 3552 2123 3553 2020 3553 2018 3553 2123 3554 2018 3554 2017 3554 2123 3555 2017 3555 2016 3555 2123 3556 2016 3556 2025 3556 2123 3557 2025 3557 2023 3557 2123 3558 2023 3558 2124 3558 2124 3559 2023 3559 2022 3559 2124 3560 2022 3560 2012 3560 2124 3561 2012 3561 2011 3561 2125 3562 2126 3562 2127 3562 2127 3563 2126 3563 2128 3563 2126 3564 2129 3564 2130 3564 2130 3565 2129 3565 2131 3565 2130 3566 2131 3566 2132 3566 2132 3567 2133 3567 2130 3567 2130 3568 2133 3568 2128 3568 2133 3569 2134 3569 2128 3569 2134 3570 2135 3570 2128 3570 2135 3571 2136 3571 2128 3571 2136 3572 2137 3572 2128 3572 2128 3573 2137 3573 2127 3573 2137 3574 2138 3574 2127 3574 2138 3575 2139 3575 2127 3575 2127 3576 2139 3576 2010 3576 2139 3577 2005 3577 2010 3577 2123 3578 2124 3578 2125 3578 2123 3579 2125 3579 2127 3579 2010 3580 2123 3580 2127 3580 2126 3581 2130 3581 2128 3581 2140 3582 2131 3582 2129 3582 2141 3583 2142 3583 2143 3583 2144 3584 2145 3584 2027 3584 2027 3585 2145 3585 2063 3585 2063 3586 2145 3586 2146 3586 2063 3587 2146 3587 2061 3587 2061 3588 2146 3588 2060 3588 2060 3589 2146 3589 2059 3589 2059 3590 2146 3590 2058 3590 2058 3591 2146 3591 2147 3591 2058 3592 2147 3592 2057 3592 2057 3593 2147 3593 2056 3593 2056 3594 2147 3594 2055 3594 2055 3595 2147 3595 2148 3595 2055 3596 2148 3596 2054 3596 2054 3597 2148 3597 2149 3597 2054 3598 2149 3598 2053 3598 2053 3599 2149 3599 2064 3599 2064 3600 2149 3600 2065 3600 2065 3601 2149 3601 2066 3601 2066 3602 2149 3602 2124 3602 2066 3603 2124 3603 2067 3603 2067 3604 2124 3604 2011 3604 2129 3605 2126 3605 2150 3605 2150 3606 2126 3606 2151 3606 2150 3607 2151 3607 2152 3607 2150 3608 2152 3608 2142 3608 2142 3609 2152 3609 2143 3609 2151 3610 2148 3610 2152 3610 2152 3611 2148 3611 2147 3611 2151 3612 2153 3612 2148 3612 2151 3613 2125 3613 2153 3613 2153 3614 2125 3614 2124 3614 2142 3615 2141 3615 2154 3615 2150 3616 2155 3616 2129 3616 2154 3617 2156 3617 2142 3617 2142 3618 2157 3618 2150 3618 2150 3619 2157 3619 2155 3619 2155 3620 2158 3620 2129 3620 2142 3621 2156 3621 2157 3621 2156 3622 2154 3622 2159 3622 2157 3623 2160 3623 2155 3623 2129 3624 2158 3624 2140 3624 2158 3625 2161 3625 2140 3625 2155 3626 2162 3626 2158 3626 2158 3627 2163 3627 2161 3627 2157 3628 2156 3628 2160 3628 2155 3629 2160 3629 2162 3629 2158 3630 2162 3630 2164 3630 2158 3631 2164 3631 2163 3631 2156 3632 2165 3632 2160 3632 2160 3633 2166 3633 2162 3633 2162 3634 2167 3634 2164 3634 2162 3635 2168 3635 2167 3635 2156 3636 2159 3636 2165 3636 2162 3637 2166 3637 2169 3637 2162 3638 2169 3638 2168 3638 2160 3639 2170 3639 2166 3639 2166 3640 2171 3640 2169 3640 2166 3641 2170 3641 2172 3641 2166 3642 2172 3642 2171 3642 2170 3643 2173 3643 2172 3643 2165 3644 2174 3644 2160 3644 2160 3645 2174 3645 2170 3645 2170 3646 2175 3646 2173 3646 2170 3647 2176 3647 2175 3647 2170 3648 2174 3648 2176 3648 2174 3649 2177 3649 2176 3649 2143 3650 2152 3650 2178 3650 2126 3651 2125 3651 2151 3651 2152 3652 2147 3652 2178 3652 2153 3653 2124 3653 2149 3653 2148 3654 2153 3654 2149 3654 2178 3655 2147 3655 2146 3655 2178 3656 2146 3656 2145 3656 2027 3657 2073 3657 2144 3657 2144 3658 2073 3658 2179 3658 2144 3659 2179 3659 2145 3659 2145 3660 2179 3660 2180 3660 2145 3661 2180 3661 2178 3661 2178 3662 2180 3662 2181 3662 2178 3663 2181 3663 2143 3663 2143 3664 2181 3664 2182 3664 2143 3665 2182 3665 2141 3665 2141 3666 2182 3666 2183 3666 2141 3667 2183 3667 2154 3667 2154 3668 2183 3668 2184 3668 2154 3669 2184 3669 2159 3669 2159 3670 2184 3670 2185 3670 2159 3671 2185 3671 2165 3671 2165 3672 2185 3672 2174 3672 2174 3673 2185 3673 2186 3673 2174 3674 2186 3674 2177 3674 2177 3675 2186 3675 2187 3675 2188 3676 2189 3676 2190 3676 2190 3677 2191 3677 2192 3677 2077 3678 2075 3678 2193 3678 2194 3679 2195 3679 2196 3679 2197 3680 2198 3680 2199 3680 2200 3681 2201 3681 2202 3681 2078 3682 2203 3682 2079 3682 2204 3683 2205 3683 2206 3683 2204 3684 2206 3684 2207 3684 2204 3685 2207 3685 2208 3685 2204 3686 2208 3686 2209 3686 2204 3687 2209 3687 2210 3687 2210 3688 2209 3688 2211 3688 2210 3689 2211 3689 2212 3689 2213 3690 2095 3690 2097 3690 2214 3691 2213 3691 2215 3691 2216 3692 2215 3692 2217 3692 2217 3693 2218 3693 2210 3693 2097 3694 2096 3694 2213 3694 2096 3695 2094 3695 2213 3695 2213 3696 2094 3696 2219 3696 2215 3697 2220 3697 2217 3697 2217 3698 2220 3698 2218 3698 2094 3699 2092 3699 2219 3699 2213 3700 2219 3700 2215 3700 2218 3701 2204 3701 2210 3701 2092 3702 2082 3702 2219 3702 2215 3703 2219 3703 2221 3703 2215 3704 2221 3704 2220 3704 2082 3705 2084 3705 2219 3705 2221 3706 2222 3706 2220 3706 2220 3707 2222 3707 2218 3707 2205 3708 2204 3708 2223 3708 2223 3709 2204 3709 2222 3709 2223 3710 2222 3710 2224 3710 2224 3711 2222 3711 2225 3711 2224 3712 2225 3712 2226 3712 2226 3713 2225 3713 2227 3713 2227 3714 2225 3714 2228 3714 2227 3715 2228 3715 2229 3715 2229 3716 2228 3716 2230 3716 2230 3717 2228 3717 2231 3717 2222 3718 2204 3718 2218 3718 2232 3719 2219 3719 2120 3719 2120 3720 2219 3720 2084 3720 2221 3721 2219 3721 2232 3721 2120 3722 2118 3722 2232 3722 2118 3723 2116 3723 2232 3723 2116 3724 2114 3724 2232 3724 2114 3725 2112 3725 2232 3725 2112 3726 2110 3726 2232 3726 2232 3727 2110 3727 2228 3727 2110 3728 2108 3728 2228 3728 2228 3729 2108 3729 2109 3729 2221 3730 2232 3730 2225 3730 2221 3731 2225 3731 2222 3731 2225 3732 2232 3732 2228 3732 2005 3733 2139 3733 2233 3733 2233 3734 2139 3734 2138 3734 2233 3735 2138 3735 2137 3735 2234 3736 2235 3736 2131 3736 2131 3737 2235 3737 2132 3737 2236 3738 2234 3738 2237 3738 2237 3739 2234 3739 2131 3739 2237 3740 2131 3740 2140 3740 2237 3741 2140 3741 2238 3741 2238 3742 2140 3742 2161 3742 2239 3743 2161 3743 2163 3743 2239 3744 2163 3744 2240 3744 2240 3745 2163 3745 2164 3745 2240 3746 2164 3746 2241 3746 2241 3746 2164 3746 2167 3746 2241 3747 2167 3747 2242 3747 2242 3748 2167 3748 2168 3748 2242 3749 2168 3749 2243 3749 2243 3750 2168 3750 2169 3750 2243 3751 2169 3751 2244 3751 2244 3752 2169 3752 2171 3752 2244 3753 2171 3753 2245 3753 2245 3754 2171 3754 2172 3754 2245 3755 2172 3755 2246 3755 2246 3756 2172 3756 2173 3756 2246 3757 2173 3757 2247 3757 2247 3758 2173 3758 2175 3758 2247 3759 2175 3759 2248 3759 2248 3760 2175 3760 2176 3760 2248 3761 2176 3761 2249 3761 2249 3762 2176 3762 2177 3762 2177 3763 2250 3763 2249 3763 2239 3764 2251 3764 2161 3764 2161 3765 2251 3765 2238 3765 2251 3766 2236 3766 2238 3766 2238 3767 2236 3767 2237 3767 2177 3768 2187 3768 2250 3768 2250 3769 2187 3769 2252 3769 2196 3770 2253 3770 2194 3770 2194 3771 2253 3771 2254 3771 2255 3772 2256 3772 2257 3772 2258 3773 2259 3773 2200 3773 2200 3774 2259 3774 2201 3774 2260 3775 2261 3775 2205 3775 2205 3776 2261 3776 2206 3776 2206 3777 2261 3777 2262 3777 2206 3778 2262 3778 2207 3778 2208 3779 2207 3779 2263 3779 2208 3780 2263 3780 2264 3780 2208 3781 2264 3781 2209 3781 2209 3782 2264 3782 2265 3782 2209 3783 2265 3783 2211 3783 2211 3784 2265 3784 2266 3784 2211 3785 2266 3785 2212 3785 2212 3786 2266 3786 2267 3786 2267 3787 2266 3787 2268 3787 2268 3788 2266 3788 2265 3788 2268 3789 2265 3789 2269 3789 2269 3790 2265 3790 2264 3790 2269 3791 2264 3791 2270 3791 2270 3792 2264 3792 2263 3792 2270 3793 2263 3793 2271 3793 2271 3794 2263 3794 2207 3794 2271 3795 2207 3795 2262 3795 2260 3796 2205 3796 2272 3796 2224 3797 2273 3797 2223 3797 2223 3798 2273 3798 2272 3798 2223 3799 2272 3799 2205 3799 2003 3800 2005 3800 2233 3800 2003 3801 2233 3801 2137 3801 2003 3802 2137 3802 2136 3802 2003 3803 2136 3803 2274 3803 2274 3804 2136 3804 2135 3804 2274 3805 2135 3805 2134 3805 2274 3806 2134 3806 2275 3806 2275 3807 2134 3807 2133 3807 2275 3808 2133 3808 2132 3808 2275 3809 2132 3809 2235 3809 2275 3810 2235 3810 2234 3810 2275 3811 2234 3811 2276 3811 2275 3812 2276 3812 2277 3812 2274 3813 2278 3813 2279 3813 2277 3814 2280 3814 2278 3814 2278 3815 2281 3815 2279 3815 2281 3816 2278 3816 2282 3816 2281 3817 2283 3817 2284 3817 2284 3818 2285 3818 2281 3818 2285 3819 2286 3819 2281 3819 2286 3820 2287 3820 2281 3820 2281 3821 2287 3821 2279 3821 2287 3822 2288 3822 2279 3822 2288 3823 2289 3823 2279 3823 2289 3824 2290 3824 2279 3824 2279 3825 2290 3825 2003 3825 2290 3826 2004 3826 2003 3826 2279 3827 2003 3827 2274 3827 2275 3828 2277 3828 2274 3828 2274 3829 2277 3829 2278 3829 2291 3830 2283 3830 2292 3830 2292 3831 2283 3831 2281 3831 2292 3832 2281 3832 2282 3832 2293 3833 2294 3833 2295 3833 2295 3834 2296 3834 2297 3834 2298 3835 2299 3835 2300 3835 2250 3836 2298 3836 2249 3836 2249 3837 2298 3837 2300 3837 2249 3838 2300 3838 2248 3838 2248 3839 2300 3839 2247 3839 2247 3840 2300 3840 2246 3840 2246 3841 2300 3841 2301 3841 2246 3842 2301 3842 2245 3842 2245 3843 2301 3843 2244 3843 2244 3844 2301 3844 2243 3844 2243 3845 2301 3845 2242 3845 2242 3846 2301 3846 2302 3846 2242 3847 2302 3847 2241 3847 2241 3848 2302 3848 2240 3848 2240 3849 2302 3849 2239 3849 2239 3850 2302 3850 2276 3850 2239 3851 2276 3851 2251 3851 2251 3852 2276 3852 2236 3852 2236 3853 2276 3853 2234 3853 2282 3854 2280 3854 2294 3854 2294 3855 2303 3855 2295 3855 2295 3856 2303 3856 2296 3856 2297 3857 2296 3857 2299 3857 2294 3858 2280 3858 2303 3858 2303 3859 2280 3859 2302 3859 2303 3860 2302 3860 2301 3860 2280 3861 2276 3861 2302 3861 2280 3862 2277 3862 2276 3862 2294 3863 2304 3863 2282 3863 2297 3864 2305 3864 2295 3864 2294 3865 2293 3865 2304 3865 2295 3866 2305 3866 2293 3866 2293 3867 2306 3867 2304 3867 2305 3868 2307 3868 2293 3868 2304 3869 2292 3869 2282 3869 2292 3870 2308 3870 2291 3870 2292 3871 2309 3871 2308 3871 2307 3872 2310 3872 2293 3872 2293 3873 2310 3873 2306 3873 2304 3874 2311 3874 2292 3874 2292 3875 2312 3875 2309 3875 2306 3876 2311 3876 2304 3876 2292 3877 2311 3877 2313 3877 2292 3878 2313 3878 2312 3878 2307 3879 2314 3879 2310 3879 2311 3880 2315 3880 2313 3880 2310 3881 2314 3881 2316 3881 2311 3882 2317 3882 2315 3882 2306 3883 2310 3883 2318 3883 2306 3884 2318 3884 2311 3884 2311 3885 2319 3885 2317 3885 2310 3886 2316 3886 2318 3886 2311 3887 2318 3887 2320 3887 2311 3888 2320 3888 2319 3888 2318 3889 2321 3889 2320 3889 2318 3890 2322 3890 2321 3890 2318 3891 2323 3891 2322 3891 2318 3892 2324 3892 2323 3892 2318 3893 2316 3893 2325 3893 2318 3894 2325 3894 2324 3894 2316 3895 2326 3895 2325 3895 2282 3896 2278 3896 2280 3896 2296 3897 2300 3897 2299 3897 2296 3898 2303 3898 2301 3898 2296 3899 2301 3899 2300 3899 2250 3900 2252 3900 2298 3900 2298 3901 2252 3901 2327 3901 2298 3902 2327 3902 2299 3902 2299 3903 2327 3903 2328 3903 2299 3904 2328 3904 2297 3904 2297 3905 2328 3905 2329 3905 2297 3906 2329 3906 2305 3906 2305 3907 2329 3907 2330 3907 2305 3908 2330 3908 2307 3908 2307 3909 2330 3909 2331 3909 2307 3910 2331 3910 2314 3910 2314 3911 2331 3911 2332 3911 2314 3912 2332 3912 2316 3912 2316 3913 2332 3913 2333 3913 2316 3914 2333 3914 2326 3914 2326 3915 2333 3915 2334 3915 2192 3916 2191 3916 2335 3916 2336 3917 2337 3917 2338 3917 2254 3918 2253 3918 2339 3918 2340 3919 2341 3919 2342 3919 2343 3920 2344 3920 2345 3920 2346 3921 2347 3921 2255 3921 2346 3922 2255 3922 2257 3922 2348 3923 2349 3923 2350 3923 2258 3924 2351 3924 2259 3924 2352 3925 2353 3925 2354 3925 2352 3926 2354 3926 2355 3926 2352 3927 2355 3927 2356 3927 2356 3928 2355 3928 2357 3928 2356 3929 2357 3929 2358 3929 2358 3930 2357 3930 2359 3930 2358 3931 2359 3931 2360 3931 2358 3932 2360 3932 2361 3932 2362 3933 2363 3933 2364 3933 2365 3934 2267 3934 2268 3934 2366 3935 2362 3935 2356 3935 2366 3936 2356 3936 2358 3936 2268 3937 2269 3937 2365 3937 2365 3938 2269 3938 2367 3938 2269 3939 2270 3939 2367 3939 2365 3940 2367 3940 2364 3940 2270 3941 2271 3941 2367 3941 2367 3942 2271 3942 2368 3942 2271 3943 2262 3943 2368 3943 2364 3944 2367 3944 2369 3944 2364 3945 2369 3945 2370 3945 2364 3946 2370 3946 2362 3946 2362 3947 2370 3947 2352 3947 2362 3948 2352 3948 2356 3948 2262 3949 2261 3949 2368 3949 2367 3950 2368 3950 2369 3950 2261 3951 2260 3951 2368 3951 2368 3952 2260 3952 2371 3952 2368 3953 2371 3953 2369 3953 2369 3954 2371 3954 2370 3954 2353 3955 2352 3955 2372 3955 2372 3956 2352 3956 2373 3956 2372 3957 2373 3957 2374 3957 2374 3958 2373 3958 2375 3958 2375 3959 2373 3959 2376 3959 2375 3960 2376 3960 2377 3960 2377 3961 2376 3961 2378 3961 2378 3962 2376 3962 2379 3962 2373 3963 2352 3963 2370 3963 2272 3964 2371 3964 2260 3964 2272 3965 2273 3965 2371 3965 2371 3966 2273 3966 2380 3966 2273 3967 2224 3967 2380 3967 2224 3968 2226 3968 2380 3968 2226 3969 2227 3969 2380 3969 2380 3970 2227 3970 2376 3970 2227 3971 2229 3971 2376 3971 2229 3972 2230 3972 2376 3972 2376 3973 2230 3973 2231 3973 2370 3974 2371 3974 2373 3974 2380 3975 2373 3975 2371 3975 2376 3976 2373 3976 2380 3976 2381 3977 2382 3977 2383 3977 2383 3978 2382 3978 2384 3978 2384 3979 2382 3979 2385 3979 2384 3980 2385 3980 2386 3980 2287 3981 2286 3981 2387 3981 2387 3982 2286 3982 2388 3982 2385 3983 2283 3983 2386 3983 2286 3984 2285 3984 2388 3984 2388 3985 2285 3985 2381 3985 2381 3986 2285 3986 2382 3986 2285 3987 2284 3987 2382 3987 2382 3988 2284 3988 2385 3988 2385 3989 2284 3989 2283 3989 2283 3990 2389 3990 2386 3990 2389 3991 2390 3991 2391 3991 2391 3992 2390 3992 2392 3992 2392 3993 2390 3993 2393 3993 2392 3994 2393 3994 2394 3994 2394 3995 2393 3995 2395 3995 2394 3996 2395 3996 2396 3996 2396 3997 2395 3997 2397 3997 2396 3998 2397 3998 2398 3998 2398 3999 2397 3999 2399 3999 2398 4000 2399 4000 2400 4000 2400 4001 2399 4001 2401 4001 2400 4002 2401 4002 2402 4002 2402 4003 2401 4003 2403 4003 2402 4004 2403 4004 2404 4004 2404 4005 2403 4005 2405 4005 2404 4006 2405 4006 2406 4006 2406 4007 2405 4007 2407 4007 2406 4008 2407 4008 2408 4008 2408 4009 2407 4009 2409 4009 2408 4010 2409 4010 2410 4010 2410 4011 2409 4011 2411 4011 2410 4012 2411 4012 2412 4012 2412 4013 2411 4013 2413 4013 2412 4014 2413 4014 2414 4014 2414 4015 2413 4015 2415 4015 2414 4016 2415 4016 2416 4016 2409 4017 2407 4017 2321 4017 2321 4018 2407 4018 2320 4018 2320 4019 2407 4019 2405 4019 2320 4020 2405 4020 2319 4020 2319 4021 2405 4021 2403 4021 2319 4022 2403 4022 2317 4022 2317 4023 2403 4023 2401 4023 2317 4024 2401 4024 2315 4024 2315 4025 2401 4025 2399 4025 2315 4026 2399 4026 2313 4026 2313 4027 2399 4027 2397 4027 2313 4028 2397 4028 2312 4028 2312 4029 2397 4029 2395 4029 2312 4030 2395 4030 2309 4030 2309 4031 2395 4031 2393 4031 2309 4032 2393 4032 2308 4032 2308 4033 2393 4033 2390 4033 2308 4034 2390 4034 2291 4034 2291 4035 2390 4035 2389 4035 2291 4036 2389 4036 2283 4036 2321 4037 2322 4037 2409 4037 2409 4038 2322 4038 2411 4038 2322 4039 2323 4039 2411 4039 2411 4040 2323 4040 2413 4040 2415 4041 2326 4041 2416 4041 2323 4042 2324 4042 2413 4042 2413 4043 2324 4043 2415 4043 2324 4044 2325 4044 2415 4044 2415 4045 2325 4045 2326 4045 2391 4046 2417 4046 2389 4046 2389 4047 2417 4047 2386 4047 2334 0 2418 0 2326 0 2326 4048 2418 4048 2416 4048 2342 239 2419 239 2340 239 2340 4049 2419 4049 2420 4049 2421 1911 2344 1911 2422 1911 2422 4050 2344 4050 2343 4050 2423 239 2349 239 2424 239 2424 4051 2349 4051 2348 4051 2425 4052 2426 4052 2427 4052 2428 4053 2429 4053 2360 4053 2360 4054 2429 4054 2430 4054 2360 4055 2430 4055 2361 4055 2431 4056 2432 4056 2433 4056 2433 4057 2432 4057 2425 4057 2425 4058 2432 4058 2426 4058 2431 4059 2433 4059 2434 4059 2433 4060 2435 4060 2434 4060 2434 4061 2435 4061 2428 4061 2430 4062 2436 4062 2361 4062 2435 4063 2437 4063 2428 4063 2428 4064 2437 4064 2429 4064 2437 4065 2438 4065 2429 4065 2429 4066 2438 4066 2430 4066 2430 4067 2438 4067 2436 4067 2360 4068 2359 4068 2428 4068 2428 4069 2359 4069 2434 4069 2359 4070 2357 4070 2434 4070 2434 4071 2357 4071 2431 4071 2426 4072 2353 4072 2427 4072 2357 4073 2355 4073 2431 4073 2431 4074 2355 4074 2432 4074 2355 4075 2354 4075 2432 4075 2432 4076 2354 4076 2426 4076 2426 4077 2354 4077 2353 4077 2427 4078 2353 4078 2439 4078 2439 4079 2353 4079 2440 4079 2441 4080 2442 4080 2443 4080 2441 4081 2443 4081 2444 4081 2444 4082 2445 4082 2446 4082 2446 4083 2445 4083 2447 4083 2446 4084 2447 4084 2448 4084 2449 4085 2448 4085 2378 4085 2440 4086 2353 4086 2372 4086 2440 4087 2372 4087 2450 4087 2372 4088 2374 4088 2450 4088 2450 4089 2374 4089 2443 4089 2443 4090 2374 4090 2451 4090 2374 4091 2375 4091 2451 4091 2451 4092 2375 4092 2452 4092 2451 4093 2452 4093 2445 4093 2445 4094 2452 4094 2447 4094 2452 4095 2375 4095 2377 4095 2452 4096 2377 4096 2447 4096 2447 4097 2377 4097 2378 4097 2449 4098 2378 4098 2379 4098 2442 4099 2439 4099 2440 4099 2440 4100 2450 4100 2442 4100 2442 4101 2450 4101 2443 4101 2444 4102 2443 4102 2451 4102 2445 4103 2444 4103 2451 4103 2448 4104 2447 4104 2378 4104 2007 4105 2004 4105 2290 4105 2007 4106 2290 4106 2289 4106 2007 4107 2289 4107 2288 4107 2007 4108 2288 4108 2287 4108 2007 4109 2287 4109 2453 4109 2453 4110 2287 4110 2387 4110 2453 4111 2387 4111 2388 4111 2453 4112 2388 4112 2454 4112 2454 4113 2388 4113 2381 4113 2454 4114 2381 4114 2383 4114 2454 4115 2383 4115 2384 4115 2454 4116 2384 4116 2386 4116 2454 4117 2386 4117 2455 4117 2456 4118 2457 4118 2458 4118 2456 4119 2458 4119 2459 4119 2460 4120 2461 4120 2462 4120 2460 4121 2462 4121 2463 4121 2462 4122 2464 4122 2463 4122 2464 4123 2465 4123 2463 4123 2463 4124 2465 4124 2459 4124 2465 4125 2466 4125 2459 4125 2466 4126 2467 4126 2459 4126 2467 4127 2468 4127 2459 4127 2459 4128 2468 4128 2007 4128 2468 4129 2469 4129 2007 4129 2469 4130 2470 4130 2007 4130 2470 4131 2006 4131 2007 4131 2454 4132 2457 4132 2453 4132 2453 4133 2457 4133 2456 4133 2453 4134 2456 4134 2007 4134 2007 4135 2456 4135 2459 4135 2455 4136 2457 4136 2454 4136 2458 4137 2463 4137 2459 4137 2471 4138 2461 4138 2460 4138 2472 4139 2458 4139 2473 4139 2416 4140 2474 4140 2414 4140 2414 4141 2474 4141 2412 4141 2412 4142 2474 4142 2475 4142 2412 4143 2475 4143 2410 4143 2410 4144 2475 4144 2408 4144 2408 4145 2475 4145 2406 4145 2406 4146 2475 4146 2476 4146 2406 4147 2476 4147 2404 4147 2404 4148 2476 4148 2402 4148 2402 4149 2476 4149 2400 4149 2400 4150 2476 4150 2398 4150 2398 4151 2476 4151 2396 4151 2396 4152 2476 4152 2477 4152 2396 4153 2477 4153 2394 4153 2394 4154 2477 4154 2392 4154 2392 4155 2477 4155 2455 4155 2392 4156 2455 4156 2391 4156 2391 4157 2455 4157 2417 4157 2417 4158 2455 4158 2386 4158 2478 4159 2479 4159 2480 4159 2460 4160 2463 4160 2458 4160 2473 4161 2458 4161 2479 4161 2481 4162 2480 4162 2482 4162 2479 4163 2483 4163 2480 4163 2480 4164 2484 4164 2482 4164 2483 4165 2477 4165 2484 4165 2457 4166 2455 4166 2483 4166 2479 4167 2478 4167 2473 4167 2472 4168 2460 4168 2458 4168 2481 4169 2485 4169 2480 4169 2480 4170 2485 4170 2478 4170 2478 4171 2485 4171 2486 4171 2481 4172 2487 4172 2485 4172 2478 4173 2486 4173 2473 4173 2473 4174 2488 4174 2472 4174 2485 4175 2487 4175 2489 4175 2460 4176 2472 4176 2490 4176 2460 4177 2490 4177 2471 4177 2485 4178 2489 4178 2486 4178 2473 4179 2491 4179 2488 4179 2472 4180 2492 4180 2490 4180 2486 4181 2493 4181 2473 4181 2473 4182 2493 4182 2491 4182 2472 4183 2488 4183 2494 4183 2472 4184 2494 4184 2492 4184 2486 4185 2495 4185 2493 4185 2488 4186 2496 4186 2494 4186 2489 4187 2495 4187 2486 4187 2488 4188 2497 4188 2496 4188 2488 4189 2491 4189 2498 4189 2488 4190 2498 4190 2497 4190 2495 4191 2499 4191 2493 4191 2491 4192 2500 4192 2498 4192 2491 4193 2493 4193 2501 4193 2491 4194 2501 4194 2500 4194 2493 4195 2502 4195 2501 4195 2493 4196 2503 4196 2502 4196 2493 4197 2499 4197 2504 4197 2493 4198 2504 4198 2503 4198 2499 4199 2505 4199 2504 4199 2479 4200 2458 4200 2483 4200 2480 4201 2483 4201 2484 4201 2458 4202 2457 4202 2483 4202 2483 4203 2455 4203 2477 4203 2484 4204 2477 4204 2476 4204 2482 4205 2484 4205 2475 4205 2475 4206 2484 4206 2476 4206 2482 4207 2475 4207 2474 4207 2416 4208 2418 4208 2474 4208 2474 4209 2418 4209 2506 4209 2474 4210 2506 4210 2482 4210 2482 4211 2506 4211 2507 4211 2482 4212 2507 4212 2481 4212 2481 4213 2507 4213 2508 4213 2481 4214 2508 4214 2487 4214 2487 4215 2508 4215 2509 4215 2487 4216 2509 4216 2489 4216 2489 4217 2509 4217 2510 4217 2489 4218 2510 4218 2495 4218 2495 4219 2510 4219 2511 4219 2495 4220 2511 4220 2499 4220 2499 4221 2511 4221 2512 4221 2499 4222 2512 4222 2505 4222 2505 4223 2512 4223 2513 4223 2338 4224 2337 4224 2514 4224 2514 4225 2337 4225 2515 4225 2515 4226 2516 4226 2517 4226 2420 4227 2419 4227 2518 4227 2518 4228 2419 4228 2519 4228 2520 4229 2521 4229 2522 4229 2523 4230 2524 4230 2525 4230 2525 4231 2421 4231 2422 4231 2526 4232 2527 4232 2528 4232 2424 4233 2529 4233 2423 4233 2530 4234 2531 4234 2532 4234 2532 4235 2531 4235 2533 4235 2532 4236 2533 4236 2534 4236 2532 4237 2534 4237 2535 4237 2532 4238 2535 4238 2536 4238 2532 4239 2536 4239 2537 4239 2537 4240 2536 4240 2538 4240 2539 4241 2436 4241 2438 4241 2537 4242 2540 4242 2532 4242 2438 4243 2437 4243 2539 4243 2541 4244 2539 4244 2542 4244 2541 4245 2542 4245 2543 4245 2437 4246 2435 4246 2539 4246 2435 4247 2433 4247 2539 4247 2539 4248 2433 4248 2542 4248 2540 4249 2544 4249 2532 4249 2543 4250 2542 4250 2545 4250 2543 4251 2545 4251 2546 4251 2540 4252 2546 4252 2544 4252 2433 4253 2425 4253 2542 4253 2425 4254 2427 4254 2542 4254 2542 4255 2427 4255 2547 4255 2542 4256 2547 4256 2545 4256 2532 4257 2544 4257 2530 4257 2531 4258 2530 4258 2548 4258 2548 4259 2530 4259 2549 4259 2549 4260 2530 4260 2550 4260 2550 4261 2530 4261 2551 4261 2550 4262 2551 4262 2552 4262 2552 4263 2551 4263 2553 4263 2552 4264 2553 4264 2554 4264 2554 4265 2553 4265 2555 4265 2555 4266 2553 4266 2556 4266 2439 4267 2547 4267 2427 4267 2544 4268 2545 4268 2547 4268 2544 4269 2547 4269 2557 4269 2439 4270 2442 4270 2547 4270 2442 4271 2441 4271 2547 4271 2441 4272 2444 4272 2547 4272 2547 4273 2444 4273 2557 4273 2444 4274 2446 4274 2557 4274 2446 4275 2448 4275 2557 4275 2557 4276 2448 4276 2449 4276 2557 4277 2553 4277 2551 4277 2530 4278 2544 4278 2551 4278 2546 4279 2545 4279 2544 4279 2551 4280 2544 4280 2557 4280 2006 4281 2470 4281 2558 4281 2558 4282 2470 4282 2469 4282 2558 4283 2469 4283 2468 4283 2559 4284 2467 4284 2466 4284 2559 4285 2466 4285 2465 4285 2559 4286 2465 4286 2464 4286 2560 4287 2561 4287 2461 4287 2461 4288 2561 4288 2462 4288 2562 4289 2560 4289 2471 4289 2471 4290 2560 4290 2461 4290 2563 4291 2490 4291 2492 4291 2563 4292 2492 4292 2564 4292 2564 4293 2492 4293 2494 4293 2564 4294 2494 4294 2565 4294 2565 4295 2494 4295 2496 4295 2565 4296 2496 4296 2566 4296 2566 4297 2496 4297 2497 4297 2566 4298 2497 4298 2567 4298 2567 4299 2497 4299 2498 4299 2568 4300 2498 4300 2500 4300 2568 4301 2500 4301 2569 4301 2569 4302 2500 4302 2501 4302 2569 4303 2501 4303 2570 4303 2570 4304 2501 4304 2502 4304 2570 4305 2502 4305 2571 4305 2571 4306 2502 4306 2503 4306 2571 4307 2503 4307 2572 4307 2572 4308 2503 4308 2504 4308 2572 4309 2504 4309 2573 4309 2573 4310 2504 4310 2505 4310 2505 4311 2574 4311 2573 4311 2568 4312 2575 4312 2498 4312 2498 4313 2575 4313 2567 4313 2575 4314 2576 4314 2567 4314 2567 4315 2576 4315 2566 4315 2576 4316 2577 4316 2566 4316 2566 4317 2577 4317 2565 4317 2577 4318 2578 4318 2565 4318 2565 4319 2578 4319 2564 4319 2564 4320 2578 4320 2563 4320 2563 4321 2562 4321 2490 4321 2490 4322 2562 4322 2471 4322 2505 4323 2513 4323 2574 4323 2574 4324 2513 4324 2579 4324 2522 4325 2580 4325 2520 4325 2520 4325 2580 4325 2581 4325 2582 4325 2583 4325 2526 4325 2526 4325 2583 4325 2527 4325 2584 4326 2585 4326 2531 4326 2531 4327 2585 4327 2533 4327 2533 4328 2585 4328 2586 4328 2533 4329 2586 4329 2534 4329 2535 4330 2534 4330 2587 4330 2535 4331 2587 4331 2588 4331 2535 4332 2588 4332 2536 4332 2536 4333 2588 4333 2589 4333 2536 4334 2589 4334 2590 4334 2536 4335 2590 4335 2538 4335 2538 4336 2590 4336 2591 4336 2591 4337 2590 4337 2592 4337 2592 4338 2590 4338 2589 4338 2592 4339 2589 4339 2593 4339 2593 4340 2589 4340 2588 4340 2593 4341 2588 4341 2594 4341 2594 4342 2588 4342 2587 4342 2594 4343 2587 4343 2534 4343 2594 4344 2534 4344 2586 4344 2584 4345 2531 4345 2595 4345 2549 4346 2596 4346 2548 4346 2548 4347 2596 4347 2595 4347 2548 4348 2595 4348 2531 4348 2597 4349 2596 4349 2549 4349 2597 4350 2549 4350 2598 4350 2598 4351 2549 4351 2550 4351 2598 4352 2550 4352 2552 4352 2009 4353 2006 4353 2558 4353 2009 4354 2558 4354 2468 4354 2009 4355 2468 4355 2467 4355 2009 4356 2467 4356 2599 4356 2599 4357 2467 4357 2559 4357 2599 4358 2559 4358 2600 4358 2600 4359 2559 4359 2464 4359 2600 4360 2464 4360 2462 4360 2600 4361 2462 4361 2561 4361 2600 4362 2561 4362 2601 4362 2601 4363 2561 4363 2560 4363 2602 4364 2603 4364 2604 4364 2604 4365 2603 4365 2605 4365 2604 4366 2605 4366 2606 4366 2605 4367 2607 4367 2013 4367 2605 4368 2013 4368 2026 4368 2026 4369 2024 4369 2605 4369 2024 4370 2015 4370 2605 4370 2605 4371 2015 4371 2606 4371 2015 4372 2014 4372 2606 4372 2014 4373 2018 4373 2606 4373 2018 4374 2019 4374 2606 4374 2606 4375 2019 4375 2009 4375 2019 4376 2008 4376 2009 4376 2604 4377 2606 4377 2599 4377 2599 4378 2600 4378 2604 4378 2604 4379 2600 4379 2601 4379 2599 4380 2606 4380 2009 4380 2051 4381 2013 4381 2607 4381 2608 4382 2609 4382 2610 4382 2611 4383 2612 4383 2613 4383 2574 4384 2614 4384 2573 4384 2573 4385 2614 4385 2572 4385 2572 4386 2614 4386 2615 4386 2572 4387 2615 4387 2571 4387 2571 4388 2615 4388 2570 4388 2570 4389 2615 4389 2569 4389 2569 4390 2615 4390 2616 4390 2569 4391 2616 4391 2568 4391 2568 4392 2616 4392 2575 4392 2575 4393 2616 4393 2576 4393 2576 4394 2616 4394 2617 4394 2576 4395 2617 4395 2577 4395 2577 4396 2617 4396 2578 4396 2578 4397 2617 4397 2618 4397 2578 4398 2618 4398 2563 4398 2563 4399 2618 4399 2562 4399 2562 4400 2618 4400 2601 4400 2562 4401 2601 4401 2560 4401 2602 4402 2618 4402 2617 4402 2602 4403 2617 4403 2619 4403 2619 4404 2617 4404 2616 4404 2607 4405 2605 4405 2603 4405 2620 4406 2603 4406 2608 4406 2608 4407 2621 4407 2609 4407 2610 4408 2609 4408 2612 4408 2608 4409 2603 4409 2621 4409 2612 4410 2615 4410 2613 4410 2602 4411 2604 4411 2601 4411 2612 4412 2611 4412 2610 4412 2608 4413 2622 4413 2620 4413 2603 4414 2620 4414 2607 4414 2610 4415 2623 4415 2608 4415 2608 4416 2623 4416 2622 4416 2607 4417 2620 4417 2624 4417 2620 4418 2622 4418 2625 4418 2607 4419 2624 4419 2049 4419 2607 4420 2049 4420 2051 4420 2623 4421 2626 4421 2622 4421 2620 4422 2625 4422 2624 4422 2624 4423 2047 4423 2049 4423 2624 4424 2045 4424 2047 4424 2622 4425 2626 4425 2625 4425 2624 4426 2043 4426 2045 4426 2624 4427 2041 4427 2043 4427 2623 4428 2627 4428 2626 4428 2624 4429 2039 4429 2041 4429 2624 4430 2625 4430 2037 4430 2624 4431 2037 4431 2039 4431 2626 4432 2627 4432 2628 4432 2626 4433 2628 4433 2625 4433 2625 4434 2035 4434 2037 4434 2625 4435 2628 4435 2629 4435 2625 4436 2033 4436 2035 4436 2625 4437 2629 4437 2032 4437 2625 4438 2032 4438 2033 4438 2629 4439 2068 4439 2032 4439 2629 4440 2069 4440 2068 4440 2629 4441 2628 4441 2071 4441 2629 4442 2071 4442 2069 4442 2628 4443 2070 4443 2071 4443 2603 4444 2602 4444 2621 4444 2621 4445 2619 4445 2609 4445 2609 4446 2616 4446 2612 4446 2612 4447 2616 4447 2615 4447 2609 4448 2619 4448 2616 4448 2619 4449 2621 4449 2602 4449 2618 4450 2602 4450 2601 4450 2613 4451 2615 4451 2614 4451 2574 4452 2579 4452 2614 4452 2614 4453 2579 4453 2630 4453 2614 4454 2630 4454 2631 4454 2614 4455 2631 4455 2613 4455 2613 4456 2631 4456 2632 4456 2613 4457 2632 4457 2611 4457 2611 4458 2632 4458 2633 4458 2611 4459 2633 4459 2610 4459 2610 4460 2633 4460 2634 4460 2610 4461 2634 4461 2623 4461 2623 4462 2634 4462 2635 4462 2623 4463 2635 4463 2627 4463 2627 4464 2635 4464 2636 4464 2627 4465 2636 4465 2628 4465 2628 4466 2636 4466 2637 4466 2628 4467 2637 4467 2070 4467 2070 4468 2637 4468 2638 4468 2517 4469 2516 4469 2639 4469 2639 4470 2189 4470 2188 4470 2581 4471 2580 4471 2640 4471 2641 4472 2642 4472 2643 4472 2199 4473 2198 4473 2644 4473 2644 4474 2524 4474 2523 4474 2645 4475 2646 4475 2647 4475 2648 4476 2649 4476 2650 4476 2582 4477 2651 4477 2583 4477 2652 4478 2100 4478 2653 4478 2653 4479 2100 4479 2102 4479 2653 4480 2102 4480 2101 4480 2653 4481 2101 4481 2099 4481 2653 4482 2099 4482 2098 4482 2653 4483 2098 4483 2654 4483 2654 4484 2098 4484 2087 4484 2654 4485 2087 4485 2089 4485 2655 4486 2656 4486 2657 4486 2658 4487 2591 4487 2592 4487 2658 4488 2659 4488 2660 4488 2656 4489 2655 4489 2654 4489 2592 4490 2593 4490 2658 4490 2658 4491 2593 4491 2661 4491 2660 4492 2659 4492 2657 4492 2593 4493 2594 4493 2661 4493 2658 4494 2661 4494 2659 4494 2655 4495 2653 4495 2654 4495 2659 4496 2662 4496 2657 4496 2657 4497 2662 4497 2655 4497 2655 4498 2663 4498 2653 4498 2594 4499 2586 4499 2661 4499 2662 4500 2663 4500 2655 4500 2586 4501 2585 4501 2661 4501 2661 4502 2585 4502 2664 4502 2661 4503 2664 4503 2659 4503 2585 4504 2584 4504 2664 4504 2653 4505 2663 4505 2652 4505 2100 4506 2652 4506 2105 4506 2105 4507 2652 4507 2103 4507 2103 4508 2652 4508 2121 4508 2121 4509 2652 4509 2122 4509 2122 4510 2652 4510 2665 4510 2122 4511 2665 4511 2111 4511 2111 4512 2665 4512 2106 4512 2106 4513 2665 4513 2666 4513 2106 4514 2666 4514 2107 4514 2107 4515 2666 4515 2109 4515 2595 4516 2664 4516 2584 4516 2662 4517 2664 4517 2667 4517 2662 4518 2659 4518 2664 4518 2595 4519 2596 4519 2664 4519 2596 4520 2597 4520 2664 4520 2664 4521 2597 4521 2667 4521 2597 4522 2598 4522 2667 4522 2598 4523 2552 4523 2667 4523 2552 4524 2554 4524 2667 4524 2554 4525 2555 4525 2667 4525 2667 4526 2555 4526 2556 4526 2667 4527 2556 4527 2666 4527 2663 4528 2662 4528 2652 4528 2667 4529 2666 4529 2665 4529 2662 4530 2665 4530 2652 4530 2665 4531 2662 4531 2667 4531 2070 239 2638 239 2029 239 2029 239 2638 239 2072 239 2643 0 2074 0 2641 0 2641 4532 2074 4532 2076 4532 2080 3497 2081 3497 2645 3497 2645 3498 2081 3498 2646 3498 2376 4533 2231 4533 2379 4533 2379 4534 2231 4534 2556 4534 2379 4535 2556 4535 2449 4535 2449 4536 2556 4536 2553 4536 2556 4537 2231 4537 2109 4537 2109 4538 2231 4538 2228 4538 2666 4539 2556 4539 2109 4539 2449 4540 2553 4540 2557 4540 2424 4541 2668 4541 2529 4541 2529 4542 2668 4542 2669 4542 2529 4543 2669 4543 2670 4543 2671 4544 2670 4544 2672 4544 2671 4545 2672 4545 2673 4545 2673 4546 2672 4546 2674 4546 2674 4547 2672 4547 2675 4547 2674 4548 2675 4548 2676 4548 2676 4549 2677 4549 2678 4549 2678 4550 2677 4550 2679 4550 2678 4551 2679 4551 2528 4551 2528 4552 2679 4552 2526 4552 2526 4553 2679 4553 2680 4553 2680 4554 2679 4554 2681 4554 2681 4555 2679 4555 2537 4555 2681 4556 2537 4556 2682 4556 2682 4557 2537 4557 2538 4557 2540 4558 2537 4558 2675 4558 2540 4559 2675 4559 2546 4559 2546 4560 2675 4560 2672 4560 2546 4561 2672 4561 2543 4561 2539 4562 2541 4562 2669 4562 2539 4563 2669 4563 2436 4563 2436 4564 2669 4564 2683 4564 2683 4565 2669 4565 2684 4565 2684 4566 2669 4566 2685 4566 2685 4567 2669 4567 2668 4567 2541 4568 2543 4568 2672 4568 2677 4569 2675 4569 2537 4569 2677 4570 2537 4570 2679 4570 2541 4571 2670 4571 2669 4571 2672 4572 2670 4572 2541 4572 2676 4573 2675 4573 2677 4573 2680 4574 2686 4574 2526 4574 2526 4575 2686 4575 2582 4575 2582 4576 2686 4576 2687 4576 2687 4577 2686 4577 2688 4577 2687 4578 2688 4578 2689 4578 2689 4579 2688 4579 2690 4579 2689 4580 2690 4580 2691 4580 2591 4581 2691 4581 2538 4581 2538 4582 2691 4582 2682 4582 2682 4583 2691 4583 2690 4583 2682 4584 2690 4584 2681 4584 2681 4585 2690 4585 2680 4585 2680 4586 2690 4586 2688 4586 2680 4587 2688 4587 2686 4587 2683 4588 2692 4588 2436 4588 2361 4589 2692 4589 2693 4589 2693 4590 2692 4590 2694 4590 2693 4591 2694 4591 2695 4591 2695 4592 2694 4592 2696 4592 2695 4593 2696 4593 2697 4593 2697 4594 2696 4594 2698 4594 2697 4595 2698 4595 2699 4595 2697 4596 2699 4596 2348 4596 2692 4597 2683 4597 2694 4597 2694 4598 2683 4598 2684 4598 2694 4599 2684 4599 2696 4599 2696 4600 2684 4600 2698 4600 2698 4601 2684 4601 2685 4601 2698 4602 2685 4602 2699 4602 2699 4603 2685 4603 2668 4603 2699 4604 2668 4604 2424 4604 2348 4605 2699 4605 2424 4605 2436 4606 2692 4606 2361 4606 2582 4607 2687 4607 2651 4607 2651 4608 2687 4608 2700 4608 2651 4609 2700 4609 2701 4609 2702 4610 2703 4610 2704 4610 2702 4611 2704 4611 2650 4611 2650 4612 2704 4612 2648 4612 2649 4613 2648 4613 2705 4613 2649 4614 2705 4614 2647 4614 2647 4615 2705 4615 2645 4615 2645 4616 2705 4616 2706 4616 2706 4617 2705 4617 2707 4617 2707 4618 2705 4618 2708 4618 2708 4619 2705 4619 2089 4619 2089 4620 2705 4620 2654 4620 2654 4621 2705 4621 2656 4621 2657 4622 2656 4622 2704 4622 2657 4623 2704 4623 2660 4623 2658 4624 2660 4624 2700 4624 2658 4625 2700 4625 2591 4625 2591 4626 2700 4626 2691 4626 2691 4627 2700 4627 2689 4627 2689 4628 2700 4628 2687 4628 2700 4629 2660 4629 2703 4629 2703 4630 2660 4630 2704 4630 2704 4631 2656 4631 2648 4631 2648 4632 2656 4632 2705 4632 2703 4633 2701 4633 2700 4633 2358 4634 2361 4634 2709 4634 2709 4635 2361 4635 2693 4635 2709 4636 2693 4636 2695 4636 2709 4637 2695 4637 2697 4637 2709 4638 2697 4638 2348 4638 2709 4639 2348 4639 2350 4639 2709 4640 2350 4640 2710 4640 2709 4641 2710 4641 2711 4641 2709 4642 2711 4642 2712 4642 2712 4643 2713 4643 2363 4643 2363 4644 2713 4644 2714 4644 2363 4645 2714 4645 2715 4645 2716 4646 2715 4646 2351 4646 2716 4647 2351 4647 2717 4647 2717 4648 2351 4648 2258 4648 2717 4649 2718 4649 2716 4649 2715 4650 2716 4650 2363 4650 2718 4651 2719 4651 2716 4651 2716 4652 2365 4652 2363 4652 2363 4653 2366 4653 2712 4653 2712 4654 2366 4654 2709 4654 2719 4655 2267 4655 2716 4655 2716 4656 2267 4656 2365 4656 2363 4657 2365 4657 2364 4657 2363 4658 2362 4658 2366 4658 2709 4659 2366 4659 2358 4659 2706 4660 2720 4660 2645 4660 2078 4661 2720 4661 2721 4661 2721 4662 2720 4662 2722 4662 2721 4663 2722 4663 2723 4663 2723 4664 2722 4664 2724 4664 2723 4665 2724 4665 2725 4665 2725 4666 2724 4666 2726 4666 2725 4667 2726 4667 2727 4667 2725 4668 2727 4668 2095 4668 2720 4669 2706 4669 2722 4669 2722 4670 2706 4670 2724 4670 2724 4671 2706 4671 2707 4671 2724 4672 2707 4672 2726 4672 2726 4673 2707 4673 2708 4673 2726 4674 2708 4674 2727 4674 2727 4675 2708 4675 2089 4675 2095 4676 2727 4676 2089 4676 2078 4677 2080 4677 2720 4677 2645 4678 2720 4678 2080 4678 2719 4679 2728 4679 2267 4679 2267 4680 2728 4680 2212 4680 2212 4681 2728 4681 2729 4681 2729 4682 2728 4682 2730 4682 2729 4683 2730 4683 2731 4683 2731 4684 2730 4684 2718 4684 2731 4685 2718 4685 2717 4685 2731 4686 2717 4686 2200 4686 2200 4687 2717 4687 2258 4687 2718 4688 2730 4688 2719 4688 2719 4689 2730 4689 2728 4689 2210 4690 2212 4690 2732 4690 2732 4691 2212 4691 2729 4691 2732 4692 2729 4692 2731 4692 2732 4693 2731 4693 2200 4693 2732 4694 2200 4694 2202 4694 2732 4695 2202 4695 2733 4695 2732 4696 2733 4696 2734 4696 2732 4697 2734 4697 2735 4697 2735 4698 2734 4698 2736 4698 2735 4699 2736 4699 2216 4699 2216 4700 2736 4700 2737 4700 2216 4701 2737 4701 2738 4701 2739 4702 2740 4702 2203 4702 2739 4703 2203 4703 2721 4703 2721 4704 2203 4704 2078 4704 2740 4705 2739 4705 2214 4705 2740 4706 2214 4706 2738 4706 2721 4707 2723 4707 2739 4707 2723 4708 2725 4708 2739 4708 2738 4709 2214 4709 2216 4709 2725 4710 2095 4710 2739 4710 2739 4711 2095 4711 2213 4711 2739 4712 2213 4712 2214 4712 2214 4713 2215 4713 2216 4713 2216 4714 2217 4714 2735 4714 2735 4715 2217 4715 2732 4715 2732 4716 2217 4716 2210 4716 2579 4717 2741 4717 2630 4717 2630 4718 2741 4718 2742 4718 2630 4719 2742 4719 2631 4719 2631 4720 2742 4720 2743 4720 2631 4721 2743 4721 2632 4721 2632 4722 2743 4722 2744 4722 2632 4723 2744 4723 2633 4723 2633 4724 2744 4724 2745 4724 2633 4725 2745 4725 2634 4725 2634 4726 2745 4726 2746 4726 2634 4727 2746 4727 2635 4727 2635 4728 2746 4728 2636 4728 2636 4729 2746 4729 2747 4729 2636 4730 2747 4730 2637 4730 2637 4731 2747 4731 2748 4731 2637 4732 2748 4732 2749 4732 2637 4733 2749 4733 2638 4733 2749 4734 2750 4734 2638 4734 2638 4735 2750 4735 2072 4735 2751 4736 2741 4736 2513 4736 2513 4736 2741 4736 2579 4736 2750 4737 2752 4737 2072 4737 2072 4738 2752 4738 2073 4738 2418 4739 2753 4739 2506 4739 2506 4740 2753 4740 2754 4740 2506 4741 2754 4741 2755 4741 2506 4742 2755 4742 2507 4742 2507 4743 2755 4743 2756 4743 2507 4744 2756 4744 2508 4744 2508 4745 2756 4745 2757 4745 2508 4746 2757 4746 2509 4746 2509 4747 2757 4747 2758 4747 2509 4748 2758 4748 2510 4748 2510 4749 2758 4749 2759 4749 2510 4750 2759 4750 2511 4750 2511 4751 2759 4751 2512 4751 2512 4752 2759 4752 2760 4752 2512 4753 2760 4753 2751 4753 2512 4754 2751 4754 2513 4754 2073 4755 2752 4755 2179 4755 2179 4756 2752 4756 2761 4756 2179 4757 2761 4757 2180 4757 2180 4758 2761 4758 2762 4758 2180 4759 2762 4759 2181 4759 2181 4760 2762 4760 2763 4760 2181 4761 2763 4761 2182 4761 2182 4762 2763 4762 2764 4762 2182 4763 2764 4763 2183 4763 2183 4764 2764 4764 2184 4764 2184 4765 2764 4765 2765 4765 2184 4766 2765 4766 2185 4766 2185 4767 2765 4767 2766 4767 2185 4768 2766 4768 2767 4768 2185 4769 2767 4769 2186 4769 2186 4770 2767 4770 2768 4770 2186 4771 2768 4771 2187 4771 2769 4772 2753 4772 2334 4772 2334 4773 2753 4773 2418 4773 2768 4774 2770 4774 2187 4774 2187 4775 2770 4775 2252 4775 2252 4776 2770 4776 2327 4776 2327 4777 2770 4777 2771 4777 2327 4778 2771 4778 2772 4778 2327 4779 2772 4779 2328 4779 2328 4780 2772 4780 2329 4780 2329 4781 2772 4781 2773 4781 2329 4782 2773 4782 2330 4782 2330 4783 2773 4783 2774 4783 2330 4784 2774 4784 2331 4784 2331 4785 2774 4785 2775 4785 2331 4786 2775 4786 2332 4786 2332 4787 2775 4787 2776 4787 2332 4788 2776 4788 2333 4788 2333 4789 2776 4789 2777 4789 2333 4790 2777 4790 2769 4790 2333 4791 2769 4791 2334 4791 2778 4792 2779 4792 2257 4792 2779 4793 2778 4793 2780 4793 2779 4794 2780 4794 2259 4794 2780 4795 2778 4795 2201 4795 2259 4796 2780 4796 2201 4796 2257 4797 2779 4797 2346 4797 2346 4798 2779 4798 2781 4798 2347 4799 2346 4799 2345 4799 2345 4800 2782 4800 2343 4800 2343 4801 2782 4801 2783 4801 2783 4802 2782 4802 2350 4802 2783 4803 2350 4803 2349 4803 2346 4804 2781 4804 2345 4804 2779 4805 2259 4805 2781 4805 2781 4806 2259 4806 2351 4806 2781 4807 2351 4807 2715 4807 2781 4808 2715 4808 2714 4808 2781 4809 2714 4809 2713 4809 2781 4810 2713 4810 2345 4810 2345 4811 2713 4811 2712 4811 2345 4812 2712 4812 2711 4812 2345 4813 2711 4813 2782 4813 2782 4814 2711 4814 2710 4814 2782 4815 2710 4815 2350 4815 2201 4816 2778 4816 2202 4816 2202 4817 2778 4817 2784 4817 2202 4818 2784 4818 2733 4818 2733 4819 2784 4819 2734 4819 2734 4820 2784 4820 2736 4820 2736 4821 2784 4821 2785 4821 2736 4822 2785 4822 2737 4822 2737 4823 2785 4823 2738 4823 2738 4824 2785 4824 2740 4824 2740 4825 2785 4825 2203 4825 2203 4826 2785 4826 2786 4826 2203 4827 2786 4827 2079 4827 2786 4828 2785 4828 2197 4828 2786 4829 2197 4829 2199 4829 2785 4830 2784 4830 2787 4830 2778 4831 2257 4831 2256 4831 2778 4832 2256 4832 2784 4832 2784 4833 2256 4833 2787 4833 2787 4834 2197 4834 2785 4834 2783 4835 2788 4835 2343 4835 2789 4836 2790 4836 2791 4836 2789 4837 2791 4837 2423 4837 2788 4838 2783 4838 2792 4838 2792 4839 2783 4839 2790 4839 2790 4840 2783 4840 2791 4840 2791 4841 2783 4841 2349 4841 2423 4842 2791 4842 2349 4842 2790 4843 2789 4843 2792 4843 2792 4844 2789 4844 2788 4844 2788 4845 2789 4845 2422 4845 2343 4846 2788 4846 2422 4846 2786 4847 2793 4847 2079 4847 2794 4848 2795 4848 2796 4848 2796 4849 2795 4849 2797 4849 2796 4850 2797 4850 2199 4850 2793 4851 2786 4851 2795 4851 2795 4852 2786 4852 2797 4852 2797 4853 2786 4853 2199 4853 2795 4854 2794 4854 2793 4854 2793 4855 2794 4855 2646 4855 2646 4856 2081 4856 2793 4856 2079 4857 2793 4857 2081 4857 2422 4858 2789 4858 2525 4858 2525 4859 2789 4859 2798 4859 2525 4860 2798 4860 2799 4860 2525 4861 2799 4861 2800 4861 2525 4862 2800 4862 2801 4862 2525 4863 2801 4863 2523 4863 2801 4864 2800 4864 2528 4864 2801 4865 2528 4865 2527 4865 2789 4866 2423 4866 2798 4866 2798 4867 2423 4867 2529 4867 2798 4868 2529 4868 2670 4868 2798 4869 2670 4869 2799 4869 2799 4870 2670 4870 2671 4870 2799 4871 2671 4871 2673 4871 2799 4872 2673 4872 2674 4872 2799 4873 2674 4873 2800 4873 2800 4874 2674 4874 2676 4874 2800 4875 2676 4875 2678 4875 2800 4876 2678 4876 2528 4876 2801 4877 2802 4877 2523 4877 2803 4878 2804 4878 2583 4878 2802 4879 2801 4879 2805 4879 2805 4880 2801 4880 2804 4880 2804 4881 2801 4881 2527 4881 2583 4882 2804 4882 2527 4882 2804 4883 2803 4883 2805 4883 2805 4884 2803 4884 2802 4884 2802 4885 2803 4885 2523 4885 2646 4886 2794 4886 2647 4886 2647 4887 2794 4887 2806 4887 2647 4888 2806 4888 2649 4888 2702 4889 2650 4889 2807 4889 2702 4890 2807 4890 2703 4890 2703 4891 2807 4891 2701 4891 2701 4892 2807 4892 2651 4892 2651 4893 2807 4893 2583 4893 2583 4894 2807 4894 2803 4894 2803 4895 2644 4895 2523 4895 2649 4896 2806 4896 2650 4896 2794 4897 2796 4897 2806 4897 2796 4898 2199 4898 2806 4898 2806 4899 2199 4899 2644 4899 2806 4900 2644 4900 2650 4900 2650 4901 2644 4901 2807 4901 2807 4902 2644 4902 2803 4902 2768 4903 2808 4903 2770 4903 2770 4904 2808 4904 2771 4904 2771 4905 2808 4905 2809 4905 2771 4906 2809 4906 2772 4906 2772 4907 2809 4907 2773 4907 2773 4908 2809 4908 2336 4908 2773 4909 2336 4909 2774 4909 2774 4910 2336 4910 2775 4910 2775 4911 2336 4911 2776 4911 2777 4912 2776 4912 2769 4912 2769 4913 2776 4913 2810 4913 2810 4914 2776 4914 2338 4914 2338 4915 2776 4915 2336 4915 2335 4916 2336 4916 2809 4916 2335 4917 2809 4917 2808 4917 2335 4918 2808 4918 2192 4918 2190 4919 2192 4919 2811 4919 2811 4920 2192 4920 2808 4920 2811 4921 2808 4921 2768 4921 2811 4922 2768 4922 2767 4922 2811 4923 2767 4923 2766 4923 2811 4924 2766 4924 2765 4924 2811 4925 2765 4925 2812 4925 2812 4926 2765 4926 2764 4926 2812 4927 2764 4927 2813 4927 2813 4928 2764 4928 2763 4928 2813 4929 2763 4929 2762 4929 2813 4930 2762 4930 2761 4930 2813 4931 2761 4931 2814 4931 2814 4932 2761 4932 2752 4932 2814 4933 2188 4933 2813 4933 2813 4934 2188 4934 2190 4934 2813 4935 2190 4935 2812 4935 2812 4936 2190 4936 2811 4936 2810 4937 2815 4937 2769 4937 2816 4938 2810 4938 2338 4938 2815 4939 2753 4939 2769 4939 2810 4940 2816 4940 2815 4940 2815 4941 2816 4941 2753 4941 2817 4942 2752 4942 2750 4942 2817 4943 2814 4943 2752 4943 2749 4944 2817 4944 2750 4944 2814 4945 2817 4945 2188 4945 2753 4946 2816 4946 2754 4946 2755 4947 2754 4947 2514 4947 2755 4948 2514 4948 2756 4948 2756 4949 2514 4949 2757 4949 2757 4950 2514 4950 2758 4950 2759 4951 2758 4951 2818 4951 2759 4952 2818 4952 2760 4952 2760 4953 2818 4953 2751 4953 2517 4954 2818 4954 2515 4954 2515 4955 2818 4955 2758 4955 2515 4956 2758 4956 2514 4956 2514 4957 2754 4957 2338 4957 2338 4958 2754 4958 2816 4958 2818 4959 2819 4959 2751 4959 2819 4960 2818 4960 2517 4960 2751 4961 2819 4961 2741 4961 2639 4962 2188 4962 2820 4962 2820 4963 2188 4963 2817 4963 2820 4964 2817 4964 2749 4964 2820 4965 2749 4965 2748 4965 2820 4966 2748 4966 2747 4966 2820 4967 2747 4967 2746 4967 2746 4968 2745 4968 2821 4968 2821 4969 2745 4969 2744 4969 2821 4970 2744 4970 2743 4970 2821 4971 2743 4971 2742 4971 2821 4972 2742 4972 2819 4972 2819 4973 2742 4973 2741 4973 2819 4974 2517 4974 2639 4974 2819 4975 2639 4975 2821 4975 2821 4976 2639 4976 2746 4976 2746 4977 2639 4977 2820 4977 2822 4978 2823 4978 2191 4978 2824 4979 2825 4979 2254 4979 2823 4980 2822 4980 2824 4980 2824 4981 2822 4981 2825 4981 2825 4982 2822 4982 2194 4982 2254 4983 2825 4983 2194 4983 2823 4984 2824 4984 2191 4984 2191 4985 2824 4985 2335 4985 2335 4986 2824 4986 2826 4986 2335 4987 2826 4987 2827 4987 2335 4988 2827 4988 2828 4988 2335 4989 2828 4989 2336 4989 2336 4990 2828 4990 2337 4990 2828 4991 2341 4991 2340 4991 2341 4992 2828 4992 2827 4992 2829 4993 2827 4993 2830 4993 2831 4994 2830 4994 2826 4994 2831 4995 2826 4995 2339 4995 2339 4996 2826 4996 2254 4996 2254 4997 2826 4997 2824 4997 2827 4998 2826 4998 2830 4998 2195 4999 2194 4999 2832 4999 2832 5000 2194 5000 2822 5000 2832 5001 2822 5001 2191 5001 2832 5002 2191 5002 2190 5002 2832 5003 2190 5003 2833 5003 2834 5004 2190 5004 2189 5004 2190 5005 2834 5005 2835 5005 2190 5006 2835 5006 2833 5006 2834 5007 2077 5007 2835 5007 2835 5008 2077 5008 2193 5008 2828 5009 2836 5009 2337 5009 2837 5010 2838 5010 2839 5010 2837 5011 2839 5011 2420 5011 2836 5012 2828 5012 2838 5012 2838 5013 2828 5013 2839 5013 2839 5014 2828 5014 2340 5014 2420 5015 2839 5015 2340 5015 2838 5016 2837 5016 2836 5016 2836 5017 2837 5017 2337 5017 2834 5018 2840 5018 2077 5018 2841 5019 2842 5019 2843 5019 2841 5020 2843 5020 2189 5020 2840 5021 2834 5021 2842 5021 2842 5022 2834 5022 2843 5022 2843 5023 2834 5023 2189 5023 2842 5024 2841 5024 2840 5024 2840 5025 2841 5025 2641 5025 2641 5026 2076 5026 2840 5026 2077 5027 2840 5027 2076 5027 2337 5028 2837 5028 2515 5028 2515 5029 2837 5029 2844 5029 2515 5030 2844 5030 2845 5030 2515 5031 2845 5031 2846 5031 2515 5032 2846 5032 2847 5032 2515 5033 2847 5033 2516 5033 2516 5034 2847 5034 2848 5034 2847 5035 2521 5035 2520 5035 2518 5036 2845 5036 2844 5036 2518 5037 2844 5037 2420 5037 2420 5038 2844 5038 2837 5038 2846 5039 2521 5039 2847 5039 2849 5040 2850 5040 2851 5040 2849 5041 2851 5041 2581 5041 2850 5042 2848 5042 2847 5042 2850 5043 2847 5043 2851 5043 2851 5044 2847 5044 2520 5044 2581 5045 2851 5045 2520 5045 2850 5046 2849 5046 2848 5046 2848 5047 2849 5047 2516 5047 2642 5048 2641 5048 2852 5048 2852 5049 2641 5049 2841 5049 2852 5050 2841 5050 2189 5050 2852 5051 2189 5051 2639 5051 2852 5052 2639 5052 2853 5052 2853 5053 2639 5053 2854 5053 2854 5054 2639 5054 2849 5054 2849 5055 2639 5055 2516 5055 2849 5056 2581 5056 2854 5056 2854 5057 2581 5057 2640 5057 2853 5058 2854 5058 2855 5058 2853 5059 2855 5059 2856 5059 2853 5060 2856 5060 2852 5060 2857 5061 2858 5061 2196 5061 2347 5062 2859 5062 2860 5062 2347 5063 2860 5063 2255 5063 2861 5064 2857 5064 2859 5064 2860 5065 2859 5065 2256 5065 2255 5066 2860 5066 2256 5066 2857 5067 2861 5067 2858 5067 2858 5068 2861 5068 2253 5068 2196 5069 2858 5069 2253 5069 2339 5070 2253 5070 2831 5070 2831 5071 2253 5071 2861 5071 2831 5072 2861 5072 2859 5072 2831 5073 2859 5073 2347 5073 2829 5074 2347 5074 2345 5074 2862 5075 2345 5075 2344 5075 2345 5076 2827 5076 2829 5076 2347 5077 2829 5077 2831 5077 2862 5078 2863 5078 2341 5078 2862 5079 2341 5079 2345 5079 2345 5080 2341 5080 2827 5080 2863 5081 2342 5081 2341 5081 2830 5082 2831 5082 2829 5082 2787 5083 2256 5083 2859 5083 2787 5084 2859 5084 2857 5084 2195 5085 2857 5085 2196 5085 2195 5086 2832 5086 2787 5086 2787 5087 2832 5087 2833 5087 2833 5088 2193 5088 2864 5088 2197 5089 2864 5089 2198 5089 2865 5090 2864 5090 2193 5090 2865 5091 2193 5091 2075 5091 2864 5092 2197 5092 2787 5092 2864 5093 2787 5093 2833 5093 2787 5094 2857 5094 2195 5094 2833 5095 2835 5095 2193 5095 2863 5096 2866 5096 2342 5096 2866 5097 2867 5097 2868 5097 2868 5098 2867 5098 2869 5098 2868 5099 2869 5099 2870 5099 2870 5100 2869 5100 2871 5100 2870 5101 2871 5101 2872 5101 2870 5102 2872 5102 2421 5102 2866 5103 2863 5103 2867 5103 2867 5104 2863 5104 2869 5104 2869 5105 2863 5105 2862 5105 2869 5106 2862 5106 2871 5106 2871 5107 2862 5107 2872 5107 2872 5108 2862 5108 2344 5108 2421 5109 2872 5109 2344 5109 2866 5110 2868 5110 2419 5110 2342 5111 2866 5111 2419 5111 2864 5112 2873 5112 2198 5112 2873 5113 2874 5113 2875 5113 2875 5114 2874 5114 2876 5114 2876 5115 2874 5115 2877 5115 2876 5116 2877 5116 2878 5116 2876 5117 2878 5117 2879 5117 2876 5118 2879 5118 2643 5118 2873 5119 2864 5119 2874 5119 2874 5120 2864 5120 2877 5120 2877 5121 2864 5121 2865 5121 2877 5122 2865 5122 2878 5122 2878 5123 2865 5123 2879 5123 2879 5124 2865 5124 2075 5124 2074 5125 2879 5125 2075 5125 2643 5126 2879 5126 2074 5126 2873 5127 2875 5127 2198 5127 2519 5128 2419 5128 2868 5128 2519 5129 2868 5129 2870 5129 2519 5130 2870 5130 2421 5130 2519 5131 2421 5131 2525 5131 2519 5132 2525 5132 2880 5132 2880 5133 2525 5133 2881 5133 2881 5134 2525 5134 2524 5134 2881 5135 2524 5135 2882 5135 2882 5136 2883 5136 2881 5136 2519 5137 2880 5137 2518 5137 2881 5138 2522 5138 2521 5138 2881 5139 2521 5139 2846 5139 2881 5140 2846 5140 2880 5140 2880 5141 2846 5141 2845 5141 2845 5142 2518 5142 2880 5142 2881 5143 2884 5143 2522 5143 2885 5144 2884 5144 2883 5144 2883 5145 2882 5145 2886 5145 2884 5146 2881 5146 2883 5146 2886 5147 2882 5147 2524 5147 2884 5148 2885 5148 2580 5148 2522 5149 2884 5149 2580 5149 2644 5150 2198 5150 2887 5150 2887 5151 2198 5151 2875 5151 2887 5152 2875 5152 2876 5152 2887 5153 2876 5153 2643 5153 2887 5154 2643 5154 2642 5154 2887 5155 2642 5155 2852 5155 2887 5156 2852 5156 2856 5156 2887 5157 2856 5157 2855 5157 2644 5158 2885 5158 2524 5158 2524 5159 2885 5159 2886 5159 2886 5160 2885 5160 2883 5160 2885 5161 2640 5161 2580 5161 2854 5162 2640 5162 2855 5162 2885 5163 2644 5163 2855 5163 2855 5164 2644 5164 2887 5164 2855 5165 2640 5165 2885 5165 2888 0 2889 0 2890 0 2890 5166 2889 5166 2891 5166 2890 0 2891 0 2892 0 2892 5167 2891 5167 2893 5167 2893 0 2891 0 2894 0 2894 0 2891 0 2895 0 2895 5168 2891 5168 2896 5168 2896 5169 2891 5169 2897 5169 2897 0 2891 0 2898 0 2898 0 2891 0 2899 0 2899 5170 2891 5170 2900 5170 2900 0 2891 0 2901 0 2901 0 2891 0 2902 0 2902 0 2891 0 2903 0 2903 5171 2891 5171 2904 5171 2904 0 2891 0 2905 0 2905 0 2891 0 2906 0 2906 5172 2891 5172 2907 5172 2889 0 2888 0 2908 0 2908 0 2888 0 2909 0 2908 0 2909 0 2910 0 2910 5173 2909 5173 2911 5173 2910 5174 2911 5174 2912 5174 2912 5175 2911 5175 2913 5175 2912 0 2913 0 2914 0 2914 5176 2913 5176 2915 5176 2914 0 2915 0 2916 0 2916 5177 2915 5177 2917 5177 2916 0 2917 0 2918 0 2918 5178 2917 5178 2919 5178 2918 5179 2919 5179 2920 5179 2920 5180 2919 5180 2921 5180 2920 5181 2921 5181 2922 5181 2923 0 2924 0 2922 0 2922 5182 2924 5182 2925 5182 2922 5183 2925 5183 2926 5183 2923 0 2927 0 2924 0 2922 5184 2926 5184 2920 5184 2906 0 2907 0 2928 0 2928 5185 2907 5185 2929 5185 2928 5186 2929 5186 2930 5186 2928 0 2930 0 2931 0 2931 5187 2930 5187 2932 5187 2931 5188 2932 5188 2933 5188 2931 0 2933 0 2934 0 2934 5189 2933 5189 2935 5189 2934 5190 2935 5190 2936 5190 2936 0 2937 0 2934 0 2934 0 2937 0 2938 0 2938 5191 2937 5191 2939 5191 2939 0 2940 0 2938 0 2938 5192 2940 5192 2941 5192 2938 5193 2941 5193 2942 5193 2942 0 2943 0 2938 0 2938 0 2943 0 2944 0 2944 0 2943 0 2945 0 2944 0 2945 0 2946 0 2944 0 2946 0 2947 0 2944 5194 2947 5194 2948 5194 2948 5195 2947 5195 2949 5195 2948 5196 2949 5196 2950 5196 2948 0 2950 0 2951 0 2951 0 2950 0 2952 0 2951 5197 2952 5197 2953 5197 2953 0 2952 0 2954 0 2953 5198 2954 5198 2955 5198 2955 5199 2954 5199 2956 5199 2956 0 2954 0 2957 0 2957 5200 2954 5200 2958 5200 2958 0 2954 0 2959 0 2959 0 2954 0 2960 0 2960 0 2954 0 2961 0 2961 0 2954 0 2962 0 2962 0 2954 0 2963 0 2963 0 2954 0 2964 0 2964 0 2954 0 2965 0 2965 0 2954 0 2966 0 2966 0 2954 0 2967 0 2967 5201 2954 5201 2968 5201 2968 0 2969 0 2967 0 2967 5202 2969 5202 2970 5202 2970 5203 2971 5203 2967 5203 2967 5204 2971 5204 2972 5204 2967 5205 2972 5205 2973 5205 2973 5206 2974 5206 2967 5206 2967 5207 2974 5207 2975 5207 2975 5208 2976 5208 2967 5208 2967 5209 2976 5209 2977 5209 2977 0 2978 0 2967 0 2967 5210 2978 5210 2979 5210 2979 0 2980 0 2967 0 2967 0 2980 0 2981 0 2981 5211 2980 5211 2982 5211 2981 0 2982 0 2983 0 2983 5212 2982 5212 2984 5212 2983 5213 2984 5213 2985 5213 2985 5214 2984 5214 2986 5214 2985 5215 2986 5215 2987 5215 2987 5216 2986 5216 2988 5216 2987 5217 2988 5217 2989 5217 2989 5218 2988 5218 2990 5218 2989 5219 2990 5219 2991 5219 2991 5220 2990 5220 2992 5220 2991 5221 2992 5221 2993 5221 2993 5222 2992 5222 2994 5222 2993 0 2994 0 2995 0 2995 5223 2994 5223 2996 5223 2995 0 2996 0 2997 0 2997 5224 2996 5224 2998 5224 2997 0 2998 0 2999 0 2999 5225 2998 5225 3000 5225 2999 0 3000 0 3001 0 3001 5226 3000 5226 3002 5226 3001 5227 3002 5227 3003 5227 3003 5228 3002 5228 3004 5228 3003 0 3004 0 3005 0 3005 5229 3004 5229 3006 5229 3005 0 3006 0 3007 0 3007 5230 3006 5230 3008 5230 3007 5231 3008 5231 3009 5231 3007 0 3009 0 3010 0 3010 0 3009 0 3011 0 3011 5232 3009 5232 3012 5232 3011 5233 3012 5233 3013 5233 3011 5234 3013 5234 3014 5234 3011 5235 3014 5235 3015 5235 3011 5236 3015 5236 3016 5236 3016 0 3017 0 3011 0 3011 5237 3017 5237 3018 5237 3018 5238 3017 5238 3019 5238 3018 0 3019 0 3020 0 3020 5239 3019 5239 3021 5239 3020 0 3021 0 3022 0 3022 5240 3021 5240 3023 5240 3022 5241 3023 5241 3024 5241 3024 5242 3023 5242 3025 5242 3024 0 3025 0 3026 0 3026 5243 3025 5243 3027 5243 3026 5244 3027 5244 3028 5244 3028 5245 3027 5245 3029 5245 3028 5246 3029 5246 3030 5246 3030 5247 3029 5247 3031 5247 3030 0 3031 0 3032 0 3032 5248 3031 5248 3033 5248 3032 0 3033 0 3034 0 3034 5249 3033 5249 3035 5249 3034 0 3035 0 3036 0 3036 5250 3035 5250 3037 5250 3036 0 3037 0 3038 0 3038 0 3037 0 3039 0 3039 5251 3037 5251 3040 5251 3039 0 3040 0 3041 0 3041 0 3040 0 3042 0 3042 5252 3040 5252 2890 5252 3042 5253 2890 5253 3043 5253 3043 0 2890 0 3044 0 3044 5254 2890 5254 3045 5254 3045 0 2890 0 3046 0 3046 0 2890 0 2892 0 3047 5255 3048 5255 3049 5255 3049 5256 3048 5256 3050 5256 3051 5257 3052 5257 3053 5257 3053 5258 3052 5258 3054 5258 3053 5259 3054 5259 3055 5259 3055 5260 3054 5260 3056 5260 3056 5261 3054 5261 3057 5261 3057 239 3054 239 3058 239 3054 239 3059 239 3060 239 3054 5262 3060 5262 3061 5262 3054 5263 3061 5263 3058 5263 3058 239 3062 239 3057 239 3057 5264 3062 5264 3063 5264 3063 239 3064 239 3057 239 3057 5265 3064 5265 3065 5265 3057 239 3065 239 3066 239 3066 5266 3065 5266 3067 5266 3067 5267 3065 5267 3068 5267 3068 5268 3065 5268 3069 5268 3069 239 3065 239 3070 239 3070 5269 3065 5269 3071 5269 3071 5270 3065 5270 3072 5270 3072 5271 3065 5271 3073 5271 3073 239 3065 239 3074 239 3074 239 3065 239 3075 239 3075 5272 3065 5272 3076 5272 3076 5273 3065 5273 3077 5273 3077 239 3065 239 3078 239 3078 239 3065 239 3079 239 3079 239 3065 239 3080 239 3079 239 3080 239 3081 239 3081 239 3080 239 3082 239 3081 239 3082 239 3083 239 3083 239 3082 239 3084 239 3083 239 3084 239 3085 239 3083 5274 3085 5274 3086 5274 3086 239 3085 239 3087 239 3086 239 3087 239 3088 239 3086 5275 3088 5275 3089 5275 3086 5276 3089 5276 3090 5276 3090 239 3089 239 3091 239 3090 5277 3091 5277 3092 5277 3090 5278 3092 5278 3093 5278 3090 5279 3093 5279 3094 5279 3090 239 3094 239 3095 239 3095 5280 3094 5280 3096 5280 3095 5281 3096 5281 3097 5281 3097 239 3098 239 3095 239 3095 5282 3098 5282 3099 5282 3095 239 3099 239 3100 239 3100 5283 3099 5283 3101 5283 3100 5284 3101 5284 3102 5284 3100 239 3102 239 3103 239 3103 5285 3102 5285 3104 5285 3103 239 3104 239 3105 239 3105 5286 3104 5286 3106 5286 3105 239 3106 239 3107 239 3107 239 3106 239 3108 239 3108 239 3106 239 3109 239 3109 239 3106 239 3110 239 3110 239 3106 239 3111 239 3111 239 3106 239 3112 239 3112 239 3106 239 3113 239 3113 239 3106 239 3114 239 3114 5287 3106 5287 3115 5287 3115 239 3106 239 3116 239 3116 239 3106 239 3117 239 3117 239 3106 239 3118 239 3118 239 3106 239 3119 239 3119 239 3106 239 3120 239 3120 5288 3106 5288 3121 5288 3121 239 3122 239 3120 239 3120 5289 3122 5289 3123 5289 3123 239 3124 239 3120 239 3120 5290 3124 5290 3125 5290 3125 239 3126 239 3120 239 3120 239 3126 239 3127 239 3127 5291 3126 5291 3128 5291 3127 5292 3128 5292 3129 5292 3129 5293 3128 5293 3130 5293 3129 5294 3130 5294 3131 5294 3131 5295 3130 5295 3132 5295 3131 239 3132 239 3133 239 3133 5296 3132 5296 3134 5296 3133 239 3134 239 3135 239 3135 5297 3134 5297 3136 5297 3135 239 3136 239 3137 239 3137 5298 3136 5298 3138 5298 3137 239 3138 239 3139 239 3139 239 3138 239 3140 239 3139 239 3140 239 3141 239 3142 239 3143 239 3127 239 3127 5299 3143 5299 3144 5299 3143 239 3142 239 3145 239 3145 5300 3142 5300 3146 5300 3145 239 3146 239 3147 239 3147 5301 3146 5301 3148 5301 3147 239 3148 239 3149 239 3149 5302 3148 5302 3150 5302 3149 5303 3150 5303 3151 5303 3149 5304 3151 5304 3152 5304 3152 5305 3151 5305 3153 5305 3152 5306 3153 5306 3154 5306 3154 239 3153 239 3155 239 3154 239 3155 239 3156 239 3156 5307 3155 5307 3157 5307 3156 239 3157 239 3158 239 3158 5308 3157 5308 3159 5308 3158 239 3159 239 3160 239 3158 239 3160 239 3161 239 3161 239 3160 239 3162 239 3161 239 3162 239 3163 239 3163 239 3162 239 3164 239 3163 239 3164 239 3165 239 3163 5309 3165 5309 3166 5309 3166 5310 3165 5310 3167 5310 3166 5311 3167 5311 3168 5311 3168 5312 3169 5312 3166 5312 3166 5313 3169 5313 3170 5313 3170 5314 3171 5314 3166 5314 3166 5315 3171 5315 3172 5315 3172 239 3171 239 3173 239 3172 239 3173 239 3174 239 3174 5316 3175 5316 3172 5316 3172 5317 3175 5317 3176 5317 3176 5318 3175 5318 3177 5318 3176 5319 3177 5319 3178 5319 3176 239 3178 239 3179 239 3179 5320 3178 5320 3180 5320 3179 5321 3180 5321 3181 5321 3179 239 3181 239 3182 239 3182 5322 3181 5322 3183 5322 3182 239 3183 239 3184 239 3184 5323 3183 5323 3185 5323 3184 5324 3185 5324 3186 5324 3186 5325 3185 5325 3187 5325 3186 239 3187 239 3188 239 3188 239 3187 239 3189 239 3188 239 3189 239 3190 239 3190 5326 3189 5326 3191 5326 3190 239 3191 239 3192 239 3192 5327 3191 5327 3193 5327 3192 239 3193 239 3194 239 3194 5328 3193 5328 3195 5328 3194 239 3195 239 3196 239 3196 5329 3195 5329 3197 5329 3196 239 3197 239 3198 239 3198 239 3197 239 3199 239 3198 5330 3199 5330 3200 5330 3200 239 3199 239 3055 239 3055 5331 3199 5331 3053 5331 3144 239 3201 239 3127 239 3127 239 3201 239 3202 239 3202 5332 3203 5332 3127 5332 3127 239 3203 239 3120 239 3050 5333 3048 5333 3204 5333 3205 5334 3204 5334 3206 5334 3205 5335 3206 5335 3207 5335 3205 5336 3207 5336 3208 5336 3208 5337 3207 5337 3209 5337 3208 5338 3209 5338 3210 5338 3210 5339 3209 5339 3211 5339 3210 5340 3211 5340 3212 5340 3212 5341 3211 5341 3213 5341 3212 5342 3213 5342 3214 5342 3214 5343 3213 5343 3215 5343 3214 5344 3215 5344 3216 5344 3216 5345 3215 5345 3217 5345 3216 5346 3217 5346 3218 5346 3218 5347 3217 5347 3219 5347 3218 5348 3219 5348 3220 5348 3220 5349 3219 5349 3221 5349 3220 5350 3221 5350 3222 5350 3222 5351 3221 5351 3052 5351 3052 5352 3051 5352 3222 5352 3222 5353 3051 5353 3223 5353 3222 5354 3223 5354 3220 5354 3220 5355 3223 5355 3224 5355 3220 5356 3224 5356 3218 5356 3218 5357 3224 5357 3225 5357 3218 5358 3225 5358 3216 5358 3216 5359 3225 5359 3226 5359 3216 5360 3226 5360 3214 5360 3214 5361 3226 5361 3227 5361 3214 5362 3227 5362 3212 5362 3212 5363 3227 5363 3228 5363 3212 5364 3228 5364 3210 5364 3210 5365 3228 5365 3229 5365 3210 5366 3229 5366 3208 5366 3208 5367 3229 5367 3230 5367 3208 5368 3230 5368 3205 5368 3205 5369 3230 5369 3231 5369 3205 5370 3231 5370 3204 5370 3204 5371 3231 5371 3232 5371 3204 5372 3232 5372 3050 5372 2927 5373 2923 5373 3233 5373 3233 5374 2923 5374 3234 5374 3233 5375 3234 5375 3235 5375 3233 5376 3235 5376 3236 5376 3236 5377 3235 5377 3237 5377 3236 5378 3237 5378 3238 5378 3238 5379 3237 5379 3239 5379 3238 5380 3239 5380 3240 5380 3238 5381 3240 5381 3241 5381 3241 5382 3240 5382 3242 5382 3241 5383 3242 5383 3243 5383 3243 5384 3242 5384 3244 5384 3243 5385 3244 5385 3245 5385 3243 5386 3245 5386 3246 5386 3246 5387 3245 5387 3247 5387 3246 5388 3247 5388 3248 5388 3246 5389 3248 5389 3249 5389 3249 5390 3248 5390 3250 5390 3249 5391 3250 5391 3251 5391 3251 5392 3250 5392 3252 5392 3251 5393 3252 5393 3253 5393 3047 5394 3049 5394 3254 5394 3254 5395 3049 5395 3255 5395 3254 5396 3255 5396 3253 5396 3253 5397 3255 5397 3251 5397 3251 5398 3255 5398 3256 5398 3251 5399 3256 5399 3249 5399 3249 5400 3256 5400 3257 5400 3249 5401 3257 5401 3246 5401 3246 5402 3257 5402 3258 5402 3246 5403 3258 5403 3243 5403 3243 5404 3258 5404 3259 5404 3243 5405 3259 5405 3241 5405 3241 5406 3259 5406 3260 5406 3241 5407 3260 5407 3238 5407 3238 5408 3260 5408 3261 5408 3238 5409 3261 5409 3262 5409 3238 5410 3262 5410 3236 5410 3236 5411 3262 5411 3233 5411 3233 5412 3262 5412 3263 5412 3233 5413 3263 5413 2927 5413 3264 5414 3265 5414 3266 5414 3266 5415 3267 5415 3264 5415 3264 5416 3267 5416 3268 5416 3268 5417 3269 5417 3264 5417 3264 5418 3269 5418 3270 5418 3270 5419 3269 5419 3271 5419 3270 5420 3271 5420 3272 5420 3270 5421 3272 5421 3273 5421 3270 5422 3273 5422 3274 5422 3270 5423 3274 5423 3275 5423 3270 5424 3275 5424 3276 5424 3276 5425 3275 5425 3277 5425 3277 5426 3275 5426 3278 5426 3278 5427 3275 5427 3279 5427 3279 5428 3275 5428 3280 5428 3280 5429 3275 5429 3281 5429 3281 5430 3275 5430 3282 5430 3282 5431 3275 5431 3283 5431 3283 5429 3275 5429 3284 5429 3275 5432 3285 5432 3284 5432 3285 5433 3286 5433 3284 5433 3284 5434 3286 5434 3287 5434 3287 1905 3288 1905 3284 1905 3284 5435 3288 5435 3289 5435 3289 5436 3288 5436 3290 5436 3290 5437 3288 5437 3291 5437 3291 5438 3288 5438 3292 5438 3292 5439 3288 5439 3293 5439 3293 5440 3288 5440 3294 5440 3294 5441 3288 5441 3295 5441 3294 5442 3295 5442 3296 5442 3296 5443 3295 5443 3297 5443 3297 5444 3295 5444 3298 5444 3297 5445 3298 5445 3299 5445 3299 5446 3298 5446 3300 5446 3298 5447 3301 5447 3300 5447 3301 5448 3302 5448 3300 5448 3300 5449 3302 5449 3303 5449 3300 5450 3303 5450 3304 5450 3300 5451 3304 5451 3305 5451 3300 5452 3305 5452 3306 5452 3306 5453 3305 5453 3307 5453 3306 5454 3307 5454 3308 5454 3306 5455 3308 5455 3309 5455 3309 5456 3310 5456 3306 5456 3311 5457 3312 5457 3313 5457 3313 5458 3312 5458 3314 5458 3314 5459 3312 5459 3315 5459 3315 5460 3312 5460 3316 5460 3315 5461 3316 5461 3317 5461 3317 5462 3316 5462 3318 5462 3317 5463 3318 5463 3319 5463 3319 5464 3318 5464 3320 5464 3319 5465 3320 5465 3321 5465 3321 5465 3320 5465 3322 5465 3321 5466 3322 5466 3323 5466 3323 5467 3322 5467 3324 5467 3323 5468 3324 5468 3325 5468 3325 5468 3324 5468 3326 5468 3325 5469 3326 5469 3327 5469 3327 5470 3326 5470 3328 5470 3327 5471 3328 5471 3329 5471 3329 5472 3328 5472 3330 5472 3329 5473 3330 5473 3331 5473 3331 5474 3330 5474 3332 5474 3331 5475 3332 5475 3333 5475 3333 5476 3332 5476 3334 5476 3333 5477 3334 5477 3335 5477 3335 5478 3334 5478 3336 5478 3335 5479 3336 5479 3337 5479 3337 5480 3336 5480 3338 5480 3338 5481 3336 5481 3339 5481 3339 5482 3336 5482 3340 5482 3340 5482 3336 5482 3334 5482 3340 5483 3334 5483 3341 5483 3341 5484 3334 5484 3332 5484 3341 5473 3332 5473 3342 5473 3342 5485 3332 5485 3330 5485 3342 5486 3330 5486 3343 5486 3343 5487 3330 5487 3328 5487 3343 5488 3328 5488 3344 5488 3344 5489 3328 5489 3326 5489 3344 5490 3326 5490 3345 5490 3345 5468 3326 5468 3324 5468 3345 5491 3324 5491 3346 5491 3346 5492 3324 5492 3322 5492 3346 5493 3322 5493 3347 5493 3347 5494 3322 5494 3320 5494 3347 5495 3320 5495 3348 5495 3348 5496 3320 5496 3318 5496 3348 5497 3318 5497 3349 5497 3349 5498 3318 5498 3316 5498 3349 5499 3316 5499 3350 5499 3350 5500 3316 5500 3312 5500 3350 5501 3312 5501 3351 5501 3351 5502 3312 5502 3311 5502 3350 5503 3351 5503 3352 5503 3352 5504 3351 5504 3353 5504 3352 5505 3353 5505 3264 5505 3264 5506 3353 5506 3265 5506 3354 5507 3355 5507 3314 5507 3306 5508 3310 5508 3354 5508 3354 5509 3310 5509 3355 5509 3355 5510 3356 5510 3314 5510 3356 5511 3313 5511 3314 5511 3357 5512 3358 5512 3359 5512 3359 5513 3358 5513 3360 5513 3359 5514 3360 5514 3361 5514 3361 5515 3360 5515 3362 5515 3361 5516 3362 5516 3363 5516 3363 5517 3362 5517 3364 5517 3363 5518 3364 5518 3365 5518 3365 5519 3364 5519 3366 5519 3365 5520 3366 5520 3367 5520 3367 5521 3366 5521 3368 5521 3367 5522 3368 5522 3369 5522 3369 5523 3368 5523 3370 5523 3369 5524 3370 5524 3371 5524 3371 5525 3370 5525 3372 5525 3371 5526 3372 5526 3373 5526 3373 5527 3372 5527 3374 5527 3373 5528 3374 5528 3375 5528 3375 5529 3374 5529 3376 5529 3375 5530 3376 5530 3377 5530 3377 5531 3376 5531 3378 5531 3377 5532 3378 5532 3379 5532 3379 5533 3378 5533 3380 5533 3379 5534 3380 5534 3381 5534 3381 5535 3380 5535 3382 5535 3381 5536 3382 5536 3383 5536 3383 5537 3382 5537 3384 5537 3383 5538 3384 5538 3385 5538 3385 5539 3384 5539 3386 5539 3385 5540 3386 5540 3387 5540 3387 5541 3386 5541 3388 5541 3388 5542 3386 5542 3389 5542 3388 5543 3389 5543 3390 5543 3390 5544 3389 5544 3391 5544 3392 0 3393 0 3357 0 3357 5545 3393 5545 3358 5545 3394 5546 3395 5546 3396 5546 3396 5547 3395 5547 3397 5547 3396 5548 3397 5548 3398 5548 3398 5549 3397 5549 3399 5549 3398 5550 3399 5550 3400 5550 3400 5551 3399 5551 3401 5551 3400 5552 3401 5552 3402 5552 3402 5553 3401 5553 3403 5553 3402 5554 3403 5554 3404 5554 3404 5555 3403 5555 3405 5555 3404 5556 3405 5556 3406 5556 3406 5557 3405 5557 3407 5557 3406 5558 3407 5558 3408 5558 3408 5559 3407 5559 3409 5559 3408 5560 3409 5560 3410 5560 3410 5561 3409 5561 3411 5561 3410 5562 3411 5562 3412 5562 3412 5563 3411 5563 3413 5563 3412 5564 3413 5564 3414 5564 3414 5565 3413 5565 3415 5565 3414 5566 3415 5566 3416 5566 3416 5567 3415 5567 3417 5567 3416 5568 3417 5568 3418 5568 3418 5569 3417 5569 3419 5569 3418 5570 3419 5570 3420 5570 3420 5571 3419 5571 3421 5571 3420 5572 3421 5572 3422 5572 3422 5573 3421 5573 3423 5573 3422 5574 3423 5574 3424 5574 3424 5575 3423 5575 3425 5575 3424 5576 3425 5576 3426 5576 3426 5577 3425 5577 3427 5577 3426 5578 3427 5578 3392 5578 3392 5579 3427 5579 3393 5579 3428 5580 3395 5580 3429 5580 3429 5581 3395 5581 3394 5581 3430 5582 3431 5582 3432 5582 3432 5583 3431 5583 3433 5583 3432 5584 3433 5584 3434 5584 3434 5585 3433 5585 3435 5585 3434 5586 3435 5586 3436 5586 3436 5587 3435 5587 3437 5587 3436 5588 3437 5588 3438 5588 3438 5589 3437 5589 3439 5589 3438 5590 3439 5590 3440 5590 3440 5591 3439 5591 3441 5591 3440 5592 3441 5592 3442 5592 3442 5593 3441 5593 3443 5593 3442 5594 3443 5594 3444 5594 3444 5595 3443 5595 3445 5595 3444 5596 3445 5596 3446 5596 3446 5597 3445 5597 3447 5597 3446 5598 3447 5598 3448 5598 3448 5599 3447 5599 3449 5599 3448 5600 3449 5600 3450 5600 3450 5601 3449 5601 3451 5601 3450 5602 3451 5602 3452 5602 3452 5603 3451 5603 3453 5603 3452 5604 3453 5604 3454 5604 3454 5605 3453 5605 3455 5605 3454 5606 3455 5606 3456 5606 3456 5607 3455 5607 3457 5607 3456 5608 3457 5608 3458 5608 3458 5609 3457 5609 3459 5609 3458 5610 3459 5610 3460 5610 3460 5611 3459 5611 3461 5611 3460 5612 3461 5612 3429 5612 3429 5613 3461 5613 3428 5613 3462 239 3431 239 3463 239 3463 5614 3431 5614 3430 5614 3464 5615 3465 5615 3466 5615 3466 5616 3465 5616 3467 5616 3466 5617 3467 5617 3468 5617 3466 5618 3468 5618 3469 5618 3469 5619 3468 5619 3470 5619 3469 5620 3470 5620 3471 5620 3471 5621 3470 5621 3472 5621 3471 5622 3472 5622 3473 5622 3473 5623 3472 5623 3474 5623 3473 5624 3474 5624 3475 5624 3475 5625 3474 5625 3476 5625 3475 5626 3476 5626 3477 5626 3477 5627 3476 5627 3478 5627 3477 5628 3478 5628 3479 5628 3479 5629 3478 5629 3480 5629 3479 5630 3480 5630 3481 5630 3481 5631 3480 5631 3482 5631 3481 5632 3482 5632 3483 5632 3483 5633 3482 5633 3484 5633 3483 5634 3484 5634 3485 5634 3485 5635 3484 5635 3486 5635 3485 5636 3486 5636 3487 5636 3487 5637 3486 5637 3488 5637 3487 5638 3488 5638 3489 5638 3489 5639 3488 5639 3490 5639 3489 5640 3490 5640 3491 5640 3491 5641 3490 5641 3492 5641 3491 5642 3492 5642 3493 5642 3493 5643 3492 5643 3494 5643 3493 5644 3494 5644 3495 5644 3495 5645 3494 5645 3496 5645 3495 5646 3496 5646 3463 5646 3463 5647 3496 5647 3462 5647 3391 3774 3465 3774 3390 3774 3390 5648 3465 5648 3464 5648 3497 5649 3498 5649 3499 5649 3497 5650 3499 5650 3500 5650 3500 5651 3499 5651 3501 5651 3500 5652 3501 5652 3502 5652 3502 5653 3501 5653 3503 5653 3502 5654 3503 5654 3504 5654 3504 5655 3503 5655 3505 5655 3504 5656 3505 5656 3506 5656 3506 5657 3505 5657 3507 5657 3506 5658 3507 5658 3508 5658 3508 5659 3507 5659 3509 5659 3508 5660 3509 5660 3510 5660 3510 5661 3509 5661 3511 5661 3510 5662 3511 5662 3512 5662 3512 5663 3511 5663 3513 5663 3512 5664 3513 5664 3514 5664 3514 5665 3513 5665 3515 5665 3514 5666 3515 5666 3516 5666 3516 5667 3515 5667 3517 5667 3516 5668 3517 5668 3518 5668 3518 5669 3517 5669 3519 5669 3518 5670 3519 5670 3520 5670 3518 5671 3520 5671 3521 5671 3521 5672 3520 5672 3522 5672 3521 5673 3522 5673 3523 5673 3523 5674 3522 5674 3524 5674 3523 5675 3524 5675 3525 5675 3525 5676 3524 5676 3526 5676 3525 5677 3526 5677 3527 5677 3525 5678 3527 5678 3528 5678 3528 5679 3527 5679 3529 5679 3528 5680 3529 5680 3530 5680 3530 5681 3529 5681 3531 5681 3530 5682 3531 5682 3532 5682 3530 5683 3532 5683 3533 5683 3533 5684 3532 5684 3534 5684 3533 5685 3534 5685 3535 5685 3535 5685 3534 5685 3536 5685 3535 5686 3536 5686 3537 5686 3537 5687 3536 5687 3538 5687 3537 5688 3538 5688 3539 5688 3537 5689 3539 5689 3540 5689 3540 5690 3539 5690 3541 5690 3540 5691 3541 5691 3542 5691 3542 5692 3541 5692 3543 5692 3542 5693 3543 5693 3544 5693 3542 5694 3544 5694 3545 5694 3545 5695 3544 5695 3546 5695 3545 5696 3546 5696 3547 5696 3547 5697 3546 5697 3548 5697 3547 5698 3548 5698 3549 5698 3549 5699 3548 5699 3550 5699 3549 5700 3550 5700 3551 5700 3551 5701 3550 5701 3552 5701 3551 5702 3552 5702 3553 5702 3551 5703 3553 5703 3554 5703 3554 5704 3553 5704 3555 5704 3554 5705 3555 5705 3556 5705 3556 5706 3555 5706 3557 5706 3556 5707 3557 5707 3558 5707 3556 5708 3558 5708 3559 5708 3559 5709 3558 5709 3560 5709 3559 5710 3560 5710 3561 5710 3561 5711 3560 5711 3562 5711 3561 5712 3562 5712 3563 5712 3563 5713 3562 5713 3564 5713 3563 5714 3564 5714 3565 5714 3563 5715 3565 5715 3566 5715 3566 5716 3565 5716 3567 5716 3566 5717 3567 5717 3568 5717 3568 5718 3567 5718 3569 5718 3568 5719 3569 5719 3570 5719 3568 5720 3570 5720 3571 5720 3571 5721 3570 5721 3572 5721 3571 5722 3572 5722 3573 5722 3571 5723 3573 5723 3574 5723 3574 5724 3573 5724 3575 5724 3574 5725 3575 5725 3576 5725 3574 5726 3576 5726 3577 5726 3577 5727 3576 5727 3578 5727 3577 5728 3578 5728 3579 5728 3579 5729 3578 5729 3580 5729 3579 5730 3580 5730 3581 5730 3579 5731 3581 5731 3582 5731 3582 5732 3581 5732 3583 5732 3582 5733 3583 5733 3584 5733 3584 5734 3583 5734 3585 5734 3584 5735 3585 5735 3586 5735 3584 5736 3586 5736 3587 5736 3587 5737 3586 5737 3588 5737 3587 5738 3588 5738 3589 5738 3589 5739 3588 5739 3590 5739 3589 5740 3590 5740 3591 5740 3591 5741 3590 5741 3592 5741 3591 5742 3592 5742 3593 5742 3593 5743 3592 5743 3594 5743 3593 5744 3594 5744 3595 5744 3595 5745 3594 5745 3596 5745 3595 5746 3596 5746 3597 5746 3597 5747 3596 5747 3598 5747 3597 5748 3598 5748 3599 5748 3599 5749 3598 5749 3600 5749 3599 5750 3600 5750 3601 5750 3601 5751 3600 5751 3602 5751 3601 5752 3602 5752 3603 5752 3601 5753 3603 5753 3604 5753 3604 5754 3603 5754 3605 5754 3604 5755 3605 5755 3606 5755 3606 5756 3605 5756 3607 5756 3606 5757 3607 5757 3608 5757 3608 5758 3607 5758 3609 5758 3608 5759 3609 5759 3610 5759 3608 5760 3610 5760 3611 5760 3611 5761 3610 5761 3612 5761 3611 5762 3612 5762 3613 5762 3613 5763 3612 5763 3614 5763 3613 5764 3614 5764 3615 5764 3613 5765 3615 5765 3616 5765 3616 5766 3615 5766 3617 5766 3616 5767 3617 5767 3618 5767 3618 5768 3617 5768 3619 5768 3618 5769 3619 5769 3620 5769 3620 5770 3619 5770 3621 5770 3620 5771 3621 5771 3622 5771 3622 5772 3621 5772 3623 5772 3622 5773 3623 5773 3624 5773 3622 5774 3624 5774 3625 5774 3625 5775 3624 5775 3626 5775 3625 5776 3626 5776 3627 5776 3627 5776 3626 5776 3628 5776 3627 5777 3628 5777 3629 5777 3629 5778 3628 5778 3630 5778 3629 5779 3630 5779 3631 5779 3631 5780 3630 5780 3632 5780 3631 5781 3632 5781 3633 5781 3633 5782 3632 5782 3634 5782 3633 5783 3634 5783 3635 5783 3635 5784 3634 5784 3498 5784 3635 5785 3498 5785 3497 5785 3636 5786 3637 5786 3638 5786 3638 5787 3639 5787 3640 5787 3640 5788 3639 5788 3641 5788 3641 5789 3639 5789 3642 5789 3641 5790 3642 5790 3643 5790 3643 5791 3642 5791 3644 5791 3643 5792 3644 5792 3645 5792 3645 5793 3644 5793 3646 5793 3645 5794 3646 5794 3647 5794 3645 5795 3647 5795 3648 5795 3648 5796 3647 5796 3624 5796 3648 5797 3624 5797 3649 5797 3649 5798 3624 5798 3623 5798 3649 5799 3623 5799 3650 5799 3650 5800 3623 5800 3621 5800 3650 5801 3621 5801 3651 5801 3651 5802 3621 5802 3619 5802 3651 5803 3619 5803 3652 5803 3652 5804 3619 5804 3617 5804 3652 5805 3617 5805 3653 5805 3653 5806 3617 5806 3615 5806 3653 5807 3615 5807 3654 5807 3654 5808 3615 5808 3614 5808 3654 5809 3614 5809 3655 5809 3655 5810 3614 5810 3612 5810 3655 5811 3612 5811 3656 5811 3656 5812 3612 5812 3610 5812 3656 5813 3610 5813 3657 5813 3657 5814 3610 5814 3609 5814 3657 5815 3609 5815 3607 5815 3657 5816 3607 5816 3658 5816 3658 5817 3607 5817 3605 5817 3658 5818 3605 5818 3659 5818 3659 5819 3605 5819 3603 5819 3659 5820 3603 5820 3660 5820 3660 5821 3603 5821 3602 5821 3660 5822 3602 5822 3661 5822 3661 5823 3602 5823 3600 5823 3661 5824 3600 5824 3662 5824 3662 5825 3600 5825 3598 5825 3662 5826 3598 5826 3596 5826 3662 5827 3596 5827 3663 5827 3663 5828 3596 5828 3594 5828 3663 5829 3594 5829 3664 5829 3664 5830 3594 5830 3592 5830 3664 5831 3592 5831 3665 5831 3665 5832 3592 5832 3590 5832 3665 5833 3590 5833 3588 5833 3665 5834 3588 5834 3666 5834 3666 5835 3588 5835 3586 5835 3666 5836 3586 5836 3667 5836 3667 5837 3586 5837 3585 5837 3667 5838 3585 5838 3668 5838 3668 5839 3585 5839 3583 5839 3668 5840 3583 5840 3581 5840 3668 5841 3581 5841 3669 5841 3669 5842 3581 5842 3580 5842 3669 5843 3580 5843 3670 5843 3670 5844 3580 5844 3578 5844 3670 5845 3578 5845 3671 5845 3671 5846 3578 5846 3576 5846 3671 5847 3576 5847 3575 5847 3671 5848 3575 5848 3672 5848 3672 5849 3575 5849 3573 5849 3672 5850 3573 5850 3673 5850 3673 5851 3573 5851 3572 5851 3673 5852 3572 5852 3674 5852 3674 5853 3572 5853 3570 5853 3674 5854 3570 5854 3569 5854 3674 5855 3569 5855 3675 5855 3675 5856 3569 5856 3567 5856 3675 5857 3567 5857 3565 5857 3675 5858 3565 5858 3676 5858 3676 5859 3565 5859 3564 5859 3676 5860 3564 5860 3677 5860 3677 5861 3564 5861 3562 5861 3677 5862 3562 5862 3678 5862 3678 5863 3562 5863 3560 5863 3678 5864 3560 5864 3558 5864 3678 5865 3558 5865 3679 5865 3679 5866 3558 5866 3557 5866 3679 5867 3557 5867 3680 5867 3680 5868 3557 5868 3555 5868 3680 5869 3555 5869 3553 5869 3680 5870 3553 5870 3681 5870 3681 5871 3553 5871 3552 5871 3681 5872 3552 5872 3682 5872 3682 5873 3552 5873 3550 5873 3682 5874 3550 5874 3683 5874 3683 5875 3550 5875 3548 5875 3683 5876 3548 5876 3546 5876 3683 5877 3546 5877 3684 5877 3684 5878 3546 5878 3544 5878 3684 5879 3544 5879 3685 5879 3685 5880 3544 5880 3543 5880 3685 5881 3543 5881 3686 5881 3686 5882 3543 5882 3541 5882 3686 5883 3541 5883 3539 5883 3686 5884 3539 5884 3687 5884 3687 5885 3539 5885 3538 5885 3687 5886 3538 5886 3688 5886 3688 5887 3538 5887 3536 5887 3688 5888 3536 5888 3689 5888 3689 5889 3536 5889 3534 5889 3689 5890 3534 5890 3690 5890 3690 5891 3534 5891 3532 5891 3690 5892 3532 5892 3531 5892 3690 5893 3531 5893 3691 5893 3691 5894 3531 5894 3529 5894 3691 5895 3529 5895 3692 5895 3692 5896 3529 5896 3527 5896 3692 5897 3527 5897 3526 5897 3692 5898 3526 5898 3693 5898 3693 5899 3526 5899 3524 5899 3693 5900 3524 5900 3694 5900 3694 5901 3524 5901 3522 5901 3694 5902 3522 5902 3695 5902 3695 5903 3522 5903 3520 5903 3695 5904 3520 5904 3696 5904 3696 5905 3520 5905 3519 5905 3696 5906 3519 5906 3697 5906 3697 5907 3519 5907 3517 5907 3697 5908 3517 5908 3698 5908 3698 5909 3517 5909 3515 5909 3698 5910 3515 5910 3699 5910 3699 5911 3515 5911 3700 5911 3699 5912 3700 5912 3701 5912 3701 5913 3700 5913 3702 5913 3701 5914 3702 5914 3703 5914 3701 5915 3703 5915 3704 5915 3704 5916 3703 5916 3705 5916 3704 5917 3705 5917 3706 5917 3706 5918 3705 5918 3707 5918 3706 5919 3707 5919 3708 5919 3708 5920 3707 5920 3709 5920 3708 5921 3709 5921 3710 5921 3710 5922 3709 5922 3711 5922 3710 5923 3711 5923 3712 5923 3712 5924 3711 5924 3636 5924 3712 5925 3636 5925 3713 5925 3713 5926 3636 5926 3638 5926 3713 5927 3638 5927 3640 5927 3638 5928 3637 5928 3714 5928 3638 5929 3714 5929 3639 5929 3639 5930 3714 5930 3642 5930 3714 5931 3715 5931 3642 5931 3642 5932 3715 5932 3644 5932 3715 5933 3716 5933 3644 5933 3644 5934 3716 5934 3646 5934 3716 5935 3717 5935 3646 5935 3646 5936 3717 5936 3718 5936 3718 5937 3717 5937 3719 5937 3720 5938 3513 5938 3721 5938 3721 5939 3513 5939 3722 5939 3722 5940 3513 5940 3511 5940 3722 5941 3511 5941 3723 5941 3723 5942 3511 5942 3509 5942 3723 5943 3509 5943 3724 5943 3724 5944 3509 5944 3507 5944 3724 5945 3507 5945 3505 5945 3724 5946 3505 5946 3725 5946 3725 5947 3505 5947 3503 5947 3725 5948 3503 5948 3726 5948 3726 5949 3503 5949 3501 5949 3726 5950 3501 5950 3499 5950 3726 5951 3499 5951 3727 5951 3727 5952 3499 5952 3498 5952 3727 5953 3498 5953 3728 5953 3728 5954 3498 5954 3634 5954 3728 5955 3634 5955 3632 5955 3728 5956 3632 5956 3729 5956 3729 5957 3632 5957 3630 5957 3729 5958 3630 5958 3730 5958 3730 5959 3630 5959 3628 5959 3730 5960 3628 5960 3731 5960 3731 5961 3628 5961 3732 5961 3732 5962 3628 5962 3626 5962 3732 5963 3626 5963 3733 5963 3733 5964 3626 5964 3719 5964 3719 5965 3626 5965 3718 5965 3720 5966 3734 5966 3513 5966 3513 5967 3734 5967 3702 5967 3734 5968 3735 5968 3702 5968 3702 5969 3735 5969 3703 5969 3703 5970 3735 5970 3736 5970 3703 5971 3736 5971 3705 5971 3705 5972 3736 5972 3737 5972 3705 5973 3737 5973 3707 5973 3707 5974 3737 5974 3709 5974 3737 5975 3738 5975 3709 5975 3709 5976 3738 5976 3711 5976 3738 5977 3637 5977 3711 5977 3711 5978 3637 5978 3636 5978 3624 5979 3718 5979 3626 5979 3624 5980 3647 5980 3718 5980 3718 5981 3647 5981 3646 5981 3700 5982 3515 5982 3513 5982 3702 5663 3700 5663 3513 5663 3739 5983 3740 5983 3741 5983 3741 5984 3740 5984 3742 5984 3741 5985 3742 5985 3743 5985 3744 239 3745 239 3739 239 3739 239 3745 239 3746 239 3739 5986 3746 5986 3747 5986 3744 239 3748 239 3745 239 3745 5987 3748 5987 3749 5987 3749 239 3750 239 3745 239 3745 239 3750 239 3751 239 3745 5988 3751 5988 3752 5988 3751 239 3750 239 3753 239 3753 239 3750 239 3754 239 3753 239 3754 239 3755 239 3755 239 3754 239 3756 239 3756 239 3754 239 3757 239 3757 5989 3754 5989 3758 5989 3758 5990 3759 5990 3757 5990 3757 5991 3759 5991 3760 5991 3757 239 3760 239 3761 239 3761 239 3760 239 3762 239 3762 5992 3763 5992 3761 5992 3761 5993 3763 5993 3764 5993 3764 5994 3763 5994 3765 5994 3765 5995 3763 5995 3766 5995 3765 5996 3766 5996 3767 5996 3767 5997 3766 5997 3768 5997 3768 239 3766 239 3769 239 3768 239 3769 239 3770 239 3770 5998 3769 5998 3771 5998 3771 5999 3769 5999 3772 5999 3772 239 3769 239 3773 239 3772 6000 3773 6000 3774 6000 3774 6001 3773 6001 3775 6001 3774 6002 3775 6002 3776 6002 3776 6003 3775 6003 3777 6003 3777 239 3775 239 3778 239 3777 6004 3778 6004 3779 6004 3779 239 3778 239 3780 239 3780 239 3778 239 3781 239 3781 239 3778 239 3782 239 3781 239 3782 239 3783 239 3783 239 3782 239 3784 239 3784 6005 3782 6005 3785 6005 3784 239 3785 239 3786 239 3786 239 3785 239 3787 239 3787 6006 3785 6006 3788 6006 3787 239 3788 239 3789 239 3789 239 3788 239 3790 239 3790 6007 3788 6007 3791 6007 3791 6008 3788 6008 3792 6008 3791 239 3792 239 3793 239 3791 239 3793 239 3794 239 3794 239 3795 239 3791 239 3795 239 3794 239 3796 239 3796 239 3794 239 3797 239 3796 6009 3797 6009 3798 6009 3798 239 3797 239 3799 239 3798 239 3799 239 3800 239 3800 6010 3799 6010 3801 6010 3801 6011 3799 6011 3802 6011 3802 239 3799 239 3803 239 3802 239 3803 239 3804 239 3804 239 3803 239 3805 239 3805 6012 3803 6012 3806 6012 3805 6013 3806 6013 3807 6013 3807 6014 3806 6014 3808 6014 3807 6015 3808 6015 3809 6015 3809 6016 3808 6016 3810 6016 3810 6017 3808 6017 3811 6017 3810 6018 3811 6018 3812 6018 3812 239 3811 239 3813 239 3813 6019 3811 6019 3814 6019 3813 239 3815 239 3812 239 3812 239 3815 239 3816 239 3816 6020 3815 6020 3817 6020 3817 6021 3815 6021 3818 6021 3817 239 3818 239 3819 239 3819 6022 3818 6022 3820 6022 3819 239 3820 239 3821 239 3821 239 3820 239 3822 239 3822 239 3820 239 3823 239 3823 6023 3820 6023 3824 6023 3823 6024 3824 6024 3825 6024 3825 6025 3824 6025 3826 6025 3825 6026 3826 6026 3827 6026 3827 239 3826 239 3828 239 3828 239 3826 239 3829 239 3829 239 3826 239 3830 239 3830 239 3826 239 3831 239 3831 239 3826 239 3832 239 3832 6027 3826 6027 3833 6027 3832 6028 3833 6028 3834 6028 3832 6029 3834 6029 3835 6029 3832 6030 3835 6030 3836 6030 3832 6031 3836 6031 3837 6031 3838 239 3839 239 3837 239 3837 6032 3839 6032 3840 6032 3839 239 3838 239 3841 239 3841 6033 3838 6033 3842 6033 3841 239 3842 239 3843 239 3843 6034 3842 6034 3844 6034 3844 6035 3842 6035 3845 6035 3844 239 3845 239 3846 239 3846 6036 3845 6036 3847 6036 3847 239 3845 239 3848 239 3848 239 3845 239 3849 239 3848 239 3849 239 3850 239 3850 239 3849 239 3851 239 3851 6037 3849 6037 3852 6037 3852 6038 3849 6038 3853 6038 3853 239 3849 239 3854 239 3854 6039 3855 6039 3856 6039 3856 6040 3855 6040 3857 6040 3857 239 3855 239 3858 239 3858 6041 3855 6041 3859 6041 3858 239 3859 239 3860 239 3860 239 3859 239 3861 239 3861 239 3859 239 3862 239 3862 239 3859 239 3863 239 3863 239 3859 239 3864 239 3864 6042 3859 6042 3865 6042 3864 239 3865 239 3866 239 3866 239 3865 239 3867 239 3867 239 3865 239 3868 239 3868 239 3865 239 3869 239 3868 239 3869 239 3870 239 3870 239 3869 239 3871 239 3871 239 3869 239 3872 239 3872 239 3869 239 3873 239 3873 6043 3869 6043 3874 6043 3873 6044 3874 6044 3875 6044 3875 6045 3874 6045 3876 6045 3875 239 3876 239 3877 239 3877 239 3876 239 3878 239 3878 239 3876 239 3879 239 3879 239 3876 239 3880 239 3855 239 3854 239 3881 239 3881 6046 3854 6046 3882 6046 3881 239 3882 239 3883 239 3883 239 3882 239 3884 239 3883 6047 3884 6047 3885 6047 3885 239 3884 239 3886 239 3876 6048 3887 6048 3880 6048 3880 239 3887 239 3888 239 3888 239 3889 239 3880 239 3889 239 3890 239 3880 239 3890 239 3891 239 3880 239 3880 239 3891 239 3892 239 3892 6049 3891 6049 3893 6049 3893 239 3891 239 3894 239 3894 239 3891 239 3895 239 3895 239 3891 239 3896 239 3896 6050 3891 6050 3897 6050 3896 239 3897 239 3898 239 3898 239 3897 239 3899 239 3899 6051 3897 6051 3900 6051 3900 239 3897 239 3901 239 3901 239 3897 239 3902 239 3901 239 3902 239 3903 239 3903 239 3902 239 3904 239 3904 239 3902 239 3905 239 3905 6052 3902 6052 3906 6052 3905 6053 3906 6053 3907 6053 3907 239 3906 239 3908 239 3908 239 3906 239 3909 239 3909 6054 3906 6054 3910 6054 3910 239 3906 239 3911 239 3911 239 3906 239 3912 239 3911 239 3912 239 3913 239 3913 6055 3912 6055 3914 6055 3914 6056 3912 6056 3915 6056 3915 6057 3912 6057 3916 6057 3916 239 3912 239 3917 239 3917 6058 3912 6058 3918 6058 3917 6059 3918 6059 3919 6059 3919 239 3918 239 3920 239 3920 239 3918 239 3921 239 3921 239 3918 239 3922 239 3922 6060 3918 6060 3741 6060 3922 6061 3741 6061 3923 6061 3923 239 3741 239 3924 239 3924 239 3741 239 3925 239 3925 6062 3741 6062 3926 6062 3926 6063 3741 6063 3743 6063 3856 239 3853 239 3854 239 3840 239 3927 239 3837 239 3837 6064 3927 6064 3928 6064 3837 239 3928 239 3929 239 3837 239 3929 239 3930 239 3837 6065 3930 6065 3931 6065 3837 239 3931 239 3832 239 3832 6066 3931 6066 3932 6066 3832 6067 3932 6067 3933 6067 3933 239 3745 239 3832 239 3832 6068 3745 6068 3934 6068 3934 239 3745 239 3752 239 3747 6069 3935 6069 3739 6069 3739 6070 3935 6070 3740 6070 3936 6071 3937 6071 3938 6071 3938 6072 3937 6072 3939 6072 3939 6073 3937 6073 3940 6073 3940 6074 3937 6074 3941 6074 3940 6075 3941 6075 3942 6075 3942 6076 3941 6076 3943 6076 3942 6077 3943 6077 3944 6077 3944 6078 3943 6078 3945 6078 3944 6079 3945 6079 3946 6079 3946 6080 3945 6080 3947 6080 3946 6081 3947 6081 3948 6081 3948 6082 3947 6082 3949 6082 3948 6083 3949 6083 3950 6083 3950 6084 3949 6084 3951 6084 3950 6085 3951 6085 3952 6085 3952 6086 3951 6086 3953 6086 3952 6087 3953 6087 3954 6087 3954 6088 3953 6088 3955 6088 3954 6089 3955 6089 3956 6089 3956 6090 3955 6090 3957 6090 3956 6091 3957 6091 3958 6091 3958 6092 3957 6092 3959 6092 3958 6093 3959 6093 3960 6093 3960 6094 3959 6094 3961 6094 3960 6095 3961 6095 3962 6095 3962 6096 3961 6096 3963 6096 3962 6097 3963 6097 3964 6097 3964 6098 3963 6098 3965 6098 3964 6099 3965 6099 3966 6099 3966 6100 3965 6100 3967 6100 3967 6101 3965 6101 3968 6101 3968 6097 3965 6097 3969 6097 3969 6102 3965 6102 3963 6102 3969 6103 3963 6103 3970 6103 3970 6104 3963 6104 3961 6104 3970 6105 3961 6105 3971 6105 3971 6106 3961 6106 3959 6106 3971 6092 3959 6092 3972 6092 3972 6107 3959 6107 3957 6107 3972 6108 3957 6108 3973 6108 3973 6109 3957 6109 3955 6109 3973 6110 3955 6110 3974 6110 3974 6110 3955 6110 3953 6110 3974 6111 3953 6111 3975 6111 3975 6112 3953 6112 3951 6112 3975 6113 3951 6113 3976 6113 3976 6114 3951 6114 3949 6114 3976 6115 3949 6115 3977 6115 3977 6115 3949 6115 3947 6115 3977 6116 3947 6116 3978 6116 3978 6117 3947 6117 3945 6117 3978 6118 3945 6118 3979 6118 3979 6119 3945 6119 3943 6119 3979 6120 3943 6120 3980 6120 3980 6121 3943 6121 3941 6121 3980 6122 3941 6122 3981 6122 3981 6122 3941 6122 3937 6122 3981 6123 3937 6123 3936 6123 3967 6124 3982 6124 3966 6124 3966 6125 3982 6125 3983 6125 3966 6126 3983 6126 3984 6126 3985 6127 3986 6127 3967 6127 3967 6128 3986 6128 3987 6128 3967 6129 3987 6129 3988 6129 2924 6130 2927 6130 3985 6130 3985 6131 2927 6131 3263 6131 3985 6132 3263 6132 3989 6132 3989 6133 3263 6133 3990 6133 3990 6134 3263 6134 3262 6134 3990 6135 3262 6135 3991 6135 3991 6136 3262 6136 3261 6136 3991 4469 3261 4469 3992 4469 3992 6137 3261 6137 3260 6137 3992 6138 3260 6138 3259 6138 3992 6139 3259 6139 3993 6139 3993 6140 3259 6140 3258 6140 3993 6141 3258 6141 3994 6141 3994 6142 3258 6142 3257 6142 3994 6143 3257 6143 3256 6143 3994 6144 3256 6144 3255 6144 3994 6145 3255 6145 3049 6145 3994 6146 3049 6146 3995 6146 3995 6147 3049 6147 3050 6147 3995 6148 3050 6148 3996 6148 3996 6149 3050 6149 3997 6149 3997 6150 3050 6150 3998 6150 3998 6151 3050 6151 3232 6151 3232 6152 3231 6152 3998 6152 3998 6153 3231 6153 3999 6153 3999 6154 3231 6154 3230 6154 3999 6155 3230 6155 4000 6155 4000 6156 3230 6156 3229 6156 4000 6157 3229 6157 3228 6157 4000 6158 3228 6158 4001 6158 4001 6159 3228 6159 3227 6159 4001 6160 3227 6160 3226 6160 4001 6161 3226 6161 4002 6161 4002 6162 3226 6162 3225 6162 4002 6163 3225 6163 3224 6163 4002 6164 3224 6164 4003 6164 4003 6165 3224 6165 3223 6165 4003 6166 3223 6166 4004 6166 4004 2035 3223 2035 4005 2035 4004 6167 4005 6167 4006 6167 4006 2026 4005 2026 4007 2026 4007 6168 4005 6168 4008 6168 4008 6169 4005 6169 4009 6169 4009 6170 4005 6170 4010 6170 4010 6171 4005 6171 3966 6171 4010 6172 3966 6172 4011 6172 4011 6173 3966 6173 4012 6173 4012 6174 3966 6174 4013 6174 4013 6175 3966 6175 4014 6175 4014 6176 3966 6176 4015 6176 4015 6177 3966 6177 4016 6177 4016 6178 3966 6178 4017 6178 4017 6179 3966 6179 4018 6179 4018 6132 3966 6132 4019 6132 4019 6180 3966 6180 3984 6180 3223 6147 3051 6147 4005 6147 4005 6181 3051 6181 3053 6181 3985 6182 3989 6182 4020 6182 3985 6183 4020 6183 4021 6183 3985 6184 4021 6184 4022 6184 4022 6185 3986 6185 3985 6185 3988 6186 4023 6186 3967 6186 3967 6187 4023 6187 4024 6187 4024 6188 4025 6188 3967 6188 3967 6189 4025 6189 4026 6189 4026 6190 4027 6190 3967 6190 3967 6191 4027 6191 4028 6191 4028 6192 4029 6192 3967 6192 3967 6193 4029 6193 4030 6193 3967 6194 4030 6194 4031 6194 3967 6195 4031 6195 4032 6195 4032 6196 4033 6196 3967 6196 3967 6181 4033 6181 3982 6181 2924 6197 3985 6197 2925 6197 2925 6198 3985 6198 4034 6198 2925 6199 4034 6199 2926 6199 2926 6200 4034 6200 4035 6200 2926 6201 4035 6201 2920 6201 2920 6202 4035 6202 4036 6202 2920 6203 4036 6203 2918 6203 2918 6204 4036 6204 4037 6204 2918 6205 4037 6205 2916 6205 2916 6206 4037 6206 4038 6206 2916 6207 4038 6207 2914 6207 2914 6208 4038 6208 2912 6208 2912 6209 4038 6209 4039 6209 2912 6210 4039 6210 2910 6210 2910 6210 4039 6210 4040 6210 2910 6211 4040 6211 2908 6211 2908 6212 4040 6212 4041 6212 2908 6213 4041 6213 2889 6213 2889 6213 4041 6213 4042 6213 2889 6214 4042 6214 2891 6214 2891 6215 4042 6215 4043 6215 2891 6216 4043 6216 2907 6216 2907 6217 4043 6217 4044 6217 2907 6218 4044 6218 2929 6218 2929 6219 4044 6219 4045 6219 2929 6220 4045 6220 2930 6220 2930 6221 4045 6221 4046 6221 2930 6222 4046 6222 2932 6222 2932 6223 4046 6223 4047 6223 2932 6224 4047 6224 2933 6224 2933 6225 4047 6225 4048 6225 2933 6226 4048 6226 2935 6226 2935 6227 4048 6227 4049 6227 2935 6228 4049 6228 2936 6228 2936 6229 4049 6229 4050 6229 2936 6230 4050 6230 2937 6230 2937 6231 4050 6231 4051 6231 2937 6232 4051 6232 2939 6232 2939 6233 4051 6233 4052 6233 2939 6234 4052 6234 2940 6234 2940 6235 4052 6235 4053 6235 2940 6236 4053 6236 2941 6236 2941 6237 4053 6237 4054 6237 2941 6238 4054 6238 2942 6238 2942 6239 4054 6239 4055 6239 2942 6240 4055 6240 2943 6240 2943 6241 4055 6241 4056 6241 2943 6242 4056 6242 2945 6242 2945 6243 4056 6243 4057 6243 2945 6244 4057 6244 2946 6244 2946 6245 4057 6245 4058 6245 2946 6246 4058 6246 2947 6246 2947 6247 4058 6247 4059 6247 2947 6248 4059 6248 2949 6248 2949 6249 4059 6249 4060 6249 2949 6250 4060 6250 2950 6250 2950 6251 4060 6251 4061 6251 2950 6252 4061 6252 2952 6252 2952 6253 4061 6253 4062 6253 2952 6254 4062 6254 2954 6254 2954 6255 4062 6255 4063 6255 2954 6256 4063 6256 2968 6256 2968 6257 4063 6257 4064 6257 2968 6258 4064 6258 2969 6258 2969 6259 4064 6259 4065 6259 2969 6260 4065 6260 2970 6260 2970 6261 4065 6261 4066 6261 2970 6262 4066 6262 2971 6262 2971 6263 4066 6263 4067 6263 2971 6264 4067 6264 2972 6264 2972 6264 4067 6264 4068 6264 2972 6265 4068 6265 2973 6265 2973 6266 4068 6266 4069 6266 2973 6267 4069 6267 2974 6267 2974 6268 4069 6268 4070 6268 2974 6269 4070 6269 2975 6269 2975 6270 4070 6270 4071 6270 2975 6271 4071 6271 2976 6271 2976 6272 4071 6272 4072 6272 2976 6273 4072 6273 2977 6273 2977 6274 4072 6274 4073 6274 2977 6275 4073 6275 2978 6275 2978 6276 4073 6276 4074 6276 2978 6277 4074 6277 2979 6277 2979 6278 4074 6278 4075 6278 2979 6279 4075 6279 2980 6279 2980 6280 4075 6280 4076 6280 2980 6281 4076 6281 2982 6281 2982 6282 4076 6282 4077 6282 2982 6283 4077 6283 2984 6283 2984 6284 4077 6284 4078 6284 2984 6285 4078 6285 2986 6285 2986 6286 4078 6286 4079 6286 2986 6287 4079 6287 2988 6287 2988 6288 4079 6288 4080 6288 2988 6289 4080 6289 2990 6289 2990 6290 4080 6290 4081 6290 2990 6291 4081 6291 2992 6291 2992 6292 4081 6292 4082 6292 2992 6293 4082 6293 2994 6293 2994 6294 4082 6294 4083 6294 2994 6295 4083 6295 2996 6295 2996 6296 4083 6296 4084 6296 2996 6297 4084 6297 2998 6297 2998 6298 4084 6298 4085 6298 2998 6299 4085 6299 3000 6299 3000 6300 4085 6300 4086 6300 3000 6301 4086 6301 3002 6301 3002 6302 4086 6302 4087 6302 3002 6303 4087 6303 3004 6303 3004 6304 4087 6304 4088 6304 3004 6305 4088 6305 3006 6305 3006 6306 4088 6306 4089 6306 3006 6307 4089 6307 3008 6307 3008 6308 4089 6308 4090 6308 3008 6309 4090 6309 3009 6309 3009 6310 4090 6310 4091 6310 3009 6311 4091 6311 3012 6311 3012 6312 4091 6312 4092 6312 3012 6313 4092 6313 3013 6313 3013 6314 4092 6314 4093 6314 3013 6315 4093 6315 3014 6315 3014 6316 4093 6316 4094 6316 3014 6317 4094 6317 3015 6317 3015 6318 4094 6318 4095 6318 3015 6319 4095 6319 3016 6319 3016 6320 4095 6320 4096 6320 3016 6321 4096 6321 3017 6321 3017 6322 4096 6322 4097 6322 3017 6323 4097 6323 3019 6323 3019 6324 4097 6324 4098 6324 3019 6325 4098 6325 3021 6325 3021 6326 4098 6326 4099 6326 3021 6327 4099 6327 3023 6327 3023 6328 4099 6328 4100 6328 3023 6329 4100 6329 3025 6329 3025 6330 4100 6330 4101 6330 3025 6331 4101 6331 3027 6331 3027 6332 4101 6332 4102 6332 3027 6333 4102 6333 3029 6333 3029 6334 4102 6334 4103 6334 3029 6335 4103 6335 3031 6335 3031 6336 4103 6336 4104 6336 3031 6337 4104 6337 3033 6337 3033 6338 4104 6338 4105 6338 3033 6339 4105 6339 3035 6339 3035 6340 4105 6340 4106 6340 3035 6341 4106 6341 3037 6341 3037 6342 4106 6342 3040 6342 3040 6343 4106 6343 4107 6343 3040 6344 4107 6344 2890 6344 2890 6345 4107 6345 4108 6345 2890 6346 4108 6346 2888 6346 2888 6347 4108 6347 4109 6347 2888 6348 4109 6348 2909 6348 2909 6349 4109 6349 4110 6349 2909 6350 4110 6350 2911 6350 2911 6351 4110 6351 4111 6351 2911 6352 4111 6352 2913 6352 2913 6353 4111 6353 4112 6353 2913 6354 4112 6354 2915 6354 2915 6355 4112 6355 2917 6355 2917 6356 4112 6356 4113 6356 2917 6357 4113 6357 2919 6357 2919 6358 4113 6358 4114 6358 2919 6359 4114 6359 2921 6359 2921 6360 4114 6360 4115 6360 2921 6361 4115 6361 4116 6361 4116 6362 4115 6362 4117 6362 4116 6363 4117 6363 4118 6363 4118 6364 4117 6364 3270 6364 4118 6365 3270 6365 3276 6365 3338 6366 4119 6366 3337 6366 3337 6367 4119 6367 4120 6367 4120 6368 4119 6368 4121 6368 4120 6369 4121 6369 4122 6369 4122 6370 4121 6370 4123 6370 4122 6371 4123 6371 4124 6371 4124 6372 4123 6372 4125 6372 4124 6373 4125 6373 4126 6373 4126 6374 4125 6374 4127 6374 4126 6375 4127 6375 4128 6375 4128 6376 4127 6376 4129 6376 4128 6377 4129 6377 4130 6377 4130 6378 4129 6378 4131 6378 4130 6379 4131 6379 4132 6379 4132 6380 4131 6380 4133 6380 4132 6381 4133 6381 4134 6381 4134 6382 4133 6382 4135 6382 4134 6383 4135 6383 4136 6383 4136 6384 4135 6384 4137 6384 4136 6385 4137 6385 4138 6385 4138 6386 4137 6386 4139 6386 4138 6387 4139 6387 4140 6387 4140 6388 4139 6388 4141 6388 4140 6389 4141 6389 4142 6389 4142 6390 4141 6390 4143 6390 4142 6391 4143 6391 4144 6391 4144 6392 4143 6392 4145 6392 4144 6393 4145 6393 4146 6393 4146 6394 4145 6394 4147 6394 4146 6395 4147 6395 4148 6395 4148 6396 4147 6396 4149 6396 4148 6397 4149 6397 4150 6397 4150 6398 4149 6398 4151 6398 4150 6399 4151 6399 4152 6399 4152 6400 4151 6400 4153 6400 4152 6401 4153 6401 4154 6401 4154 6402 4153 6402 4155 6402 4154 6403 4155 6403 4156 6403 4156 6404 4155 6404 4157 6404 4156 6405 4157 6405 4158 6405 4158 6406 4157 6406 4159 6406 4158 6407 4159 6407 4160 6407 4160 6408 4159 6408 4161 6408 4160 6409 4161 6409 4162 6409 4162 6410 4161 6410 4163 6410 4162 6411 4163 6411 4164 6411 4164 6412 4163 6412 4165 6412 4164 6413 4165 6413 4166 6413 4166 6414 4165 6414 4167 6414 4166 6415 4167 6415 4168 6415 4168 6416 4167 6416 4169 6416 4168 6417 4169 6417 4170 6417 4170 6418 4169 6418 4171 6418 4170 6419 4171 6419 4172 6419 4172 6420 4171 6420 4173 6420 4172 6421 4173 6421 4174 6421 4174 6422 4173 6422 4175 6422 4174 6423 4175 6423 4176 6423 4176 6424 4175 6424 4177 6424 4176 6425 4177 6425 4178 6425 4178 6426 4177 6426 4179 6426 4178 6427 4179 6427 4180 6427 4180 6428 4179 6428 4181 6428 4180 6429 4181 6429 4182 6429 4182 6430 4181 6430 4183 6430 4182 6431 4183 6431 4184 6431 4184 6432 4183 6432 4185 6432 4184 6433 4185 6433 4186 6433 4186 6434 4185 6434 4187 6434 4186 6435 4187 6435 4188 6435 4188 6436 4187 6436 4189 6436 4188 6437 4189 6437 4190 6437 4190 6438 4189 6438 4191 6438 4190 6439 4191 6439 4192 6439 4192 6440 4191 6440 4193 6440 4192 6441 4193 6441 4194 6441 4194 6442 4193 6442 4195 6442 4194 6443 4195 6443 4196 6443 4196 6444 4195 6444 4197 6444 4196 6445 4197 6445 4198 6445 4198 6446 4197 6446 4199 6446 4198 6447 4199 6447 4200 6447 4200 6448 4199 6448 4201 6448 4200 6449 4201 6449 4202 6449 4202 6450 4201 6450 4203 6450 4202 6451 4203 6451 4204 6451 4204 6452 4203 6452 4205 6452 4204 6453 4205 6453 4206 6453 4206 6454 4205 6454 4207 6454 4206 6455 4207 6455 4208 6455 4208 6456 4207 6456 4209 6456 4208 6457 4209 6457 4210 6457 4210 6458 4209 6458 4211 6458 4210 6459 4211 6459 4212 6459 4212 6460 4211 6460 4213 6460 4212 6461 4213 6461 4214 6461 4214 6462 4213 6462 4215 6462 4214 6463 4215 6463 4216 6463 4216 6464 4215 6464 4217 6464 4216 6465 4217 6465 4218 6465 4218 6466 4217 6466 4219 6466 4218 6467 4219 6467 4220 6467 4220 6468 4219 6468 4221 6468 4220 6469 4221 6469 4222 6469 4222 6470 4221 6470 4223 6470 4222 6471 4223 6471 4224 6471 4224 6472 4223 6472 4225 6472 4224 6473 4225 6473 4226 6473 4226 6474 4225 6474 4227 6474 4226 6475 4227 6475 4228 6475 4228 6476 4227 6476 4229 6476 4228 6477 4229 6477 4230 6477 4230 6478 4229 6478 4231 6478 4230 6479 4231 6479 4232 6479 4232 6480 4231 6480 4233 6480 4232 6481 4233 6481 4234 6481 4234 6482 4233 6482 4235 6482 4234 6483 4235 6483 4236 6483 4236 6484 4235 6484 4237 6484 4236 6485 4237 6485 4238 6485 4238 6486 4237 6486 4239 6486 4238 6487 4239 6487 4240 6487 4240 6488 4239 6488 4241 6488 4240 6489 4241 6489 4242 6489 4242 6490 4241 6490 4243 6490 4242 6491 4243 6491 4244 6491 4244 6492 4243 6492 4245 6492 4244 6493 4245 6493 4246 6493 4246 6494 4245 6494 4247 6494 4246 6495 4247 6495 4248 6495 4248 6496 4247 6496 4249 6496 4248 6497 4249 6497 4250 6497 4250 6498 4249 6498 4251 6498 4250 6499 4251 6499 4252 6499 4252 6500 4251 6500 4253 6500 4252 6501 4253 6501 4254 6501 4254 6502 4253 6502 4255 6502 4254 6503 4255 6503 4256 6503 4256 6504 4255 6504 4257 6504 4256 6505 4257 6505 4258 6505 4258 6506 4257 6506 4259 6506 4258 6507 4259 6507 4260 6507 4260 6508 4259 6508 4261 6508 4260 6509 4261 6509 4262 6509 4262 6510 4261 6510 4263 6510 4262 6511 4263 6511 4264 6511 4264 6512 4263 6512 4265 6512 4264 6513 4265 6513 4266 6513 4266 6514 4265 6514 4267 6514 4266 6515 4267 6515 4268 6515 4268 6516 4267 6516 4269 6516 4268 6517 4269 6517 4270 6517 4270 6518 4269 6518 4271 6518 4270 6519 4271 6519 4272 6519 4272 6520 4271 6520 4273 6520 4272 6521 4273 6521 4274 6521 4274 6522 4273 6522 4275 6522 4274 6523 4275 6523 4276 6523 4276 6524 4275 6524 4277 6524 4276 6525 4277 6525 4278 6525 4278 6526 4277 6526 4279 6526 4278 6527 4279 6527 4280 6527 4280 6528 4279 6528 4281 6528 4280 6529 4281 6529 4282 6529 4282 6530 4281 6530 4283 6530 4282 6531 4283 6531 4284 6531 4284 6532 4283 6532 4285 6532 4284 6533 4285 6533 4286 6533 4286 6534 4285 6534 4287 6534 4286 6535 4287 6535 4288 6535 4288 6536 4287 6536 4289 6536 4288 6537 4289 6537 4290 6537 4290 6538 4289 6538 4291 6538 4290 6539 4291 6539 4292 6539 4292 6540 4291 6540 4293 6540 4292 6541 4293 6541 4294 6541 4294 6542 4293 6542 4295 6542 4294 6543 4295 6543 4296 6543 4296 6544 4295 6544 4297 6544 4296 6545 4297 6545 4298 6545 4298 6546 4297 6546 4299 6546 4298 6547 4299 6547 4300 6547 4300 6548 4299 6548 4301 6548 4300 6549 4301 6549 3938 6549 3938 6550 4301 6550 3936 6550 3936 6551 4301 6551 4302 6551 4302 6552 4301 6552 4299 6552 4302 6553 4299 6553 4303 6553 4303 6554 4299 6554 4297 6554 4303 6555 4297 6555 4304 6555 4304 6556 4297 6556 4295 6556 4304 6557 4295 6557 4305 6557 4305 6558 4295 6558 4293 6558 4305 6559 4293 6559 4306 6559 4306 6560 4293 6560 4291 6560 4306 6561 4291 6561 4307 6561 4307 6562 4291 6562 4289 6562 4307 6563 4289 6563 4308 6563 4308 6564 4289 6564 4287 6564 4308 6565 4287 6565 4309 6565 4309 6566 4287 6566 4310 6566 4309 6567 4310 6567 4311 6567 4311 6568 4310 6568 4312 6568 4311 6569 4312 6569 4313 6569 4311 6570 4313 6570 4314 6570 4314 6571 4313 6571 4315 6571 4314 6572 4315 6572 4316 6572 4316 6573 4315 6573 4317 6573 4316 6574 4317 6574 4318 6574 4318 6575 4317 6575 4319 6575 4318 6576 4319 6576 4320 6576 4320 6577 4319 6577 4321 6577 4320 6578 4321 6578 4322 6578 4322 6579 4321 6579 4323 6579 4322 6580 4323 6580 4324 6580 4324 6581 4323 6581 4325 6581 4324 6582 4325 6582 4326 6582 4326 6583 4325 6583 4327 6583 4326 6584 4327 6584 4328 6584 4328 6585 4327 6585 4267 6585 4328 6586 4267 6586 4329 6586 4329 6587 4267 6587 4265 6587 4329 6588 4265 6588 4330 6588 4330 6589 4265 6589 4263 6589 4330 6590 4263 6590 4331 6590 4331 6591 4263 6591 4261 6591 4331 6592 4261 6592 4332 6592 4332 6593 4261 6593 4259 6593 4332 6594 4259 6594 4333 6594 4333 6595 4259 6595 4257 6595 4333 6596 4257 6596 4334 6596 4334 6597 4257 6597 4255 6597 4334 6598 4255 6598 4335 6598 4335 6599 4255 6599 4253 6599 4335 6600 4253 6600 4336 6600 4336 6601 4253 6601 4251 6601 4336 6602 4251 6602 4337 6602 4337 6603 4251 6603 4249 6603 4337 6604 4249 6604 4338 6604 4338 6605 4249 6605 4247 6605 4338 6606 4247 6606 4339 6606 4339 6607 4247 6607 4245 6607 4339 6608 4245 6608 4340 6608 4340 6609 4245 6609 4243 6609 4340 6610 4243 6610 4341 6610 4341 6611 4243 6611 4241 6611 4341 6612 4241 6612 4342 6612 4342 6613 4241 6613 4239 6613 4342 6614 4239 6614 4343 6614 4343 6615 4239 6615 4237 6615 4343 6616 4237 6616 4344 6616 4344 6617 4237 6617 4235 6617 4344 6618 4235 6618 4345 6618 4345 6619 4235 6619 4233 6619 4345 6620 4233 6620 4346 6620 4346 6621 4233 6621 4231 6621 4346 6622 4231 6622 4347 6622 4347 6623 4231 6623 4229 6623 4347 6624 4229 6624 4348 6624 4348 6625 4229 6625 4227 6625 4348 6626 4227 6626 4349 6626 4349 6627 4227 6627 4225 6627 4349 6628 4225 6628 4350 6628 4350 6629 4225 6629 4223 6629 4350 6630 4223 6630 4351 6630 4351 6631 4223 6631 4221 6631 4351 6632 4221 6632 4352 6632 4352 6633 4221 6633 4219 6633 4352 6634 4219 6634 4353 6634 4353 6635 4219 6635 4217 6635 4353 6636 4217 6636 4354 6636 4354 6637 4217 6637 4215 6637 4354 6638 4215 6638 4355 6638 4355 6639 4215 6639 4213 6639 4355 6640 4213 6640 4356 6640 4356 6641 4213 6641 4211 6641 4356 6642 4211 6642 4357 6642 4357 6643 4211 6643 4209 6643 4357 6644 4209 6644 4358 6644 4358 6645 4209 6645 4207 6645 4358 6646 4207 6646 4359 6646 4359 6647 4207 6647 4205 6647 4359 6648 4205 6648 4360 6648 4360 6649 4205 6649 4203 6649 4360 6650 4203 6650 4361 6650 4361 6651 4203 6651 4201 6651 4361 6652 4201 6652 4362 6652 4362 6653 4201 6653 4199 6653 4362 6654 4199 6654 4363 6654 4363 6655 4199 6655 4197 6655 4363 6656 4197 6656 4364 6656 4364 6657 4197 6657 4195 6657 4364 6658 4195 6658 4365 6658 4365 6659 4195 6659 4193 6659 4365 6660 4193 6660 4366 6660 4366 6661 4193 6661 4191 6661 4366 6662 4191 6662 4367 6662 4367 6663 4191 6663 4189 6663 4367 6664 4189 6664 4368 6664 4368 6665 4189 6665 4187 6665 4368 6666 4187 6666 4369 6666 4369 6667 4187 6667 4185 6667 4369 6668 4185 6668 4370 6668 4370 6669 4185 6669 4183 6669 4370 6670 4183 6670 4371 6670 4371 6671 4183 6671 4181 6671 4371 6672 4181 6672 4372 6672 4372 6673 4181 6673 4179 6673 4372 6674 4179 6674 4373 6674 4373 6675 4179 6675 4177 6675 4373 6676 4177 6676 4374 6676 4374 6677 4177 6677 4175 6677 4374 6678 4175 6678 4375 6678 4375 6679 4175 6679 4173 6679 4375 6680 4173 6680 4376 6680 4376 6681 4173 6681 4171 6681 4376 6682 4171 6682 4377 6682 4377 6683 4171 6683 4169 6683 4377 6684 4169 6684 4378 6684 4378 6685 4169 6685 4167 6685 4378 6686 4167 6686 4379 6686 4379 6687 4167 6687 4165 6687 4379 6688 4165 6688 4380 6688 4380 6689 4165 6689 4163 6689 4380 6690 4163 6690 4381 6690 4381 6691 4163 6691 4161 6691 4381 6692 4161 6692 4382 6692 4382 6693 4161 6693 4159 6693 4382 6694 4159 6694 4383 6694 4383 6695 4159 6695 4157 6695 4383 6696 4157 6696 4384 6696 4384 6697 4157 6697 4155 6697 4384 6698 4155 6698 4385 6698 4385 6699 4155 6699 4153 6699 4385 6700 4153 6700 4386 6700 4386 6701 4153 6701 4151 6701 4386 6702 4151 6702 4387 6702 4387 6703 4151 6703 4149 6703 4387 6704 4149 6704 4388 6704 4388 6705 4149 6705 4147 6705 4388 6706 4147 6706 4389 6706 4389 6707 4147 6707 4145 6707 4389 6708 4145 6708 4390 6708 4390 6709 4145 6709 4143 6709 4390 6710 4143 6710 4391 6710 4391 6711 4143 6711 4141 6711 4391 6712 4141 6712 4392 6712 4392 6713 4141 6713 4139 6713 4392 6714 4139 6714 4393 6714 4393 6715 4139 6715 4137 6715 4393 6716 4137 6716 4394 6716 4394 6717 4137 6717 4135 6717 4394 6718 4135 6718 4395 6718 4395 6719 4135 6719 4133 6719 4395 6720 4133 6720 4396 6720 4396 6721 4133 6721 4131 6721 4396 6722 4131 6722 4397 6722 4397 6723 4131 6723 4129 6723 4397 6724 4129 6724 4398 6724 4398 6725 4129 6725 4127 6725 4398 6726 4127 6726 4399 6726 4399 6727 4127 6727 4125 6727 4399 6728 4125 6728 4400 6728 4400 6729 4125 6729 4123 6729 4400 6730 4123 6730 4401 6730 4401 6731 4123 6731 4121 6731 4401 6732 4121 6732 4402 6732 4402 6733 4121 6733 4119 6733 4402 6734 4119 6734 3338 6734 4325 6735 4403 6735 4327 6735 4327 6736 4403 6736 4404 6736 4327 6737 4404 6737 4267 6737 4267 6738 4404 6738 4405 6738 4267 6739 4405 6739 4269 6739 4269 6740 4405 6740 4406 6740 4269 6741 4406 6741 4271 6741 4271 6742 4406 6742 4273 6742 4273 6743 4406 6743 4407 6743 4273 6744 4407 6744 4275 6744 4407 6745 4408 6745 4275 6745 4275 6746 4408 6746 4277 6746 4277 6747 4408 6747 4279 6747 4279 6748 4408 6748 4409 6748 4279 6749 4409 6749 4281 6749 4281 6750 4409 6750 4410 6750 4281 6751 4410 6751 4283 6751 4410 6752 4411 6752 4283 6752 4283 6753 4411 6753 4285 6753 4285 6754 4411 6754 4310 6754 4285 6755 4310 6755 4287 6755 4310 6756 4411 6756 4412 6756 4310 6757 4412 6757 4312 6757 4312 6758 4412 6758 4413 6758 4312 6759 4413 6759 4313 6759 4313 6760 4413 6760 4315 6760 4413 6761 4414 6761 4315 6761 4315 6762 4414 6762 4317 6762 4317 6763 4414 6763 4415 6763 4317 6764 4415 6764 4319 6764 4319 6765 4415 6765 4321 6765 4415 6766 4416 6766 4321 6766 4321 6767 4416 6767 4323 6767 4323 6768 4416 6768 4403 6768 4323 6769 4403 6769 4325 6769 2938 6770 3911 6770 3913 6770 2938 6771 3913 6771 2934 6771 2934 6772 3913 6772 3914 6772 2934 6773 3914 6773 2931 6773 2931 6774 3914 6774 3915 6774 2931 6775 3915 6775 2928 6775 2928 6776 3915 6776 3916 6776 2928 6777 3916 6777 2906 6777 2906 6778 3916 6778 3917 6778 2906 6779 3917 6779 2905 6779 2905 6780 3917 6780 3919 6780 2905 6781 3919 6781 2904 6781 2904 6782 3919 6782 3920 6782 2904 6783 3920 6783 2903 6783 2903 6784 3920 6784 3921 6784 2903 6785 3921 6785 2902 6785 2902 6786 3921 6786 3922 6786 2902 6787 3922 6787 2901 6787 2901 6788 3922 6788 3923 6788 2901 6789 3923 6789 2900 6789 2900 6790 3923 6790 3924 6790 2900 6791 3924 6791 2899 6791 2899 6792 3924 6792 3925 6792 2899 6793 3925 6793 2898 6793 2898 6794 3925 6794 3926 6794 2898 6795 3926 6795 2897 6795 2897 6796 3926 6796 3743 6796 2897 6797 3743 6797 2896 6797 2896 6798 3743 6798 3742 6798 2896 6799 3742 6799 3740 6799 2896 6800 3740 6800 2895 6800 2895 6801 3740 6801 3935 6801 2895 6802 3935 6802 2894 6802 2894 6803 3935 6803 3747 6803 2894 6804 3747 6804 2893 6804 2893 6805 3747 6805 3746 6805 2893 6806 3746 6806 2892 6806 2892 6807 3746 6807 3745 6807 2892 6808 3745 6808 3046 6808 3046 6809 3745 6809 3933 6809 3046 6810 3933 6810 3045 6810 3045 6810 3933 6810 3932 6810 3045 6811 3932 6811 3044 6811 3044 6812 3932 6812 3931 6812 3044 6813 3931 6813 3043 6813 3043 6814 3931 6814 3930 6814 3043 6815 3930 6815 3042 6815 3042 6816 3930 6816 3929 6816 3042 6817 3929 6817 3041 6817 3041 6818 3929 6818 3928 6818 3041 6819 3928 6819 3039 6819 3039 6820 3928 6820 3927 6820 3039 6821 3927 6821 3038 6821 3038 6822 3927 6822 3840 6822 3038 6823 3840 6823 3036 6823 3036 6824 3840 6824 3839 6824 3036 6825 3839 6825 3034 6825 3034 6826 3839 6826 3841 6826 3034 6827 3841 6827 3843 6827 3034 6828 3843 6828 3032 6828 3032 6829 3843 6829 3844 6829 3032 6830 3844 6830 3030 6830 3030 6831 3844 6831 3846 6831 3030 6832 3846 6832 3028 6832 3028 6833 3846 6833 3847 6833 3028 6834 3847 6834 3026 6834 3026 6835 3847 6835 3848 6835 3026 6836 3848 6836 3024 6836 3024 6837 3848 6837 3850 6837 3024 6838 3850 6838 3022 6838 3022 6839 3850 6839 3851 6839 3022 6840 3851 6840 3020 6840 3020 6841 3851 6841 3852 6841 3020 6842 3852 6842 3853 6842 3020 6843 3853 6843 3018 6843 3018 6844 3853 6844 3856 6844 3018 6845 3856 6845 3857 6845 3018 6846 3857 6846 3011 6846 3011 6847 3857 6847 3858 6847 3011 6848 3858 6848 3860 6848 3011 6849 3860 6849 3010 6849 3010 6850 3860 6850 3861 6850 3010 6851 3861 6851 3007 6851 3007 6852 3861 6852 3862 6852 3007 6853 3862 6853 3005 6853 3005 6854 3862 6854 3863 6854 3005 6855 3863 6855 3003 6855 3003 6856 3863 6856 3864 6856 3003 6857 3864 6857 3001 6857 3001 6858 3864 6858 3866 6858 3001 6859 3866 6859 2999 6859 2999 6860 3866 6860 3867 6860 2999 6861 3867 6861 2997 6861 2997 6862 3867 6862 3868 6862 2997 6863 3868 6863 2995 6863 2995 6864 3868 6864 3870 6864 2995 6865 3870 6865 2993 6865 2993 6866 3870 6866 3871 6866 2993 6867 3871 6867 2991 6867 2991 6868 3871 6868 3872 6868 2991 6869 3872 6869 2989 6869 2989 6870 3872 6870 3873 6870 2989 6871 3873 6871 2987 6871 2987 6872 3873 6872 3875 6872 2987 6873 3875 6873 2985 6873 2985 6874 3875 6874 3877 6874 2985 6875 3877 6875 2983 6875 2983 6876 3877 6876 3878 6876 2983 6877 3878 6877 2981 6877 2981 6878 3878 6878 3879 6878 2981 6879 3879 6879 2967 6879 2967 6880 3879 6880 3880 6880 2967 6881 3880 6881 2966 6881 2966 6882 3880 6882 3892 6882 2966 6883 3892 6883 2965 6883 2965 6884 3892 6884 3893 6884 2965 6885 3893 6885 2964 6885 2964 6886 3893 6886 3894 6886 2964 6887 3894 6887 2963 6887 2963 6888 3894 6888 3895 6888 2963 6889 3895 6889 3896 6889 2963 6890 3896 6890 2962 6890 2962 6891 3896 6891 3898 6891 2962 6892 3898 6892 2961 6892 2961 6893 3898 6893 3899 6893 2961 6894 3899 6894 2960 6894 2960 6895 3899 6895 3900 6895 2960 6896 3900 6896 2959 6896 2959 6897 3900 6897 3901 6897 2959 6898 3901 6898 2958 6898 2958 6899 3901 6899 3903 6899 2958 6900 3903 6900 2957 6900 2957 6901 3903 6901 3904 6901 2957 6902 3904 6902 2956 6902 2956 6903 3904 6903 3905 6903 2956 6904 3905 6904 2955 6904 2955 6905 3905 6905 3907 6905 2955 6906 3907 6906 2953 6906 2953 6907 3907 6907 3908 6907 2953 6908 3908 6908 2951 6908 2951 6909 3908 6909 3909 6909 2951 6910 3909 6910 2948 6910 2948 6911 3909 6911 3910 6911 2948 6912 3910 6912 2944 6912 2944 6913 3910 6913 3911 6913 2944 6914 3911 6914 2938 6914 4417 6915 4418 6915 4419 6915 4419 6916 4418 6916 4420 6916 4419 0 4420 0 4421 0 4421 6917 4420 6917 4422 6917 4422 0 4420 0 4423 0 4423 0 4420 0 4424 0 4424 0 4420 0 4425 0 4425 6918 4420 6918 4426 6918 4425 6919 4426 6919 4427 6919 4427 6920 4426 6920 4428 6920 4427 6921 4428 6921 4429 6921 4427 0 4429 0 4430 0 4427 0 4430 0 4431 0 4427 0 4431 0 4432 0 4433 0 4434 0 4432 0 4432 6922 4434 6922 4435 6922 4432 6923 4435 6923 4436 6923 4434 0 4433 0 4437 0 4437 6924 4433 6924 4438 6924 4437 0 4438 0 4439 0 4439 0 4438 0 4440 0 4440 0 4438 0 4441 0 4440 0 4441 0 4442 0 4442 0 4441 0 4443 0 4443 0 4441 0 4444 0 4444 6925 4441 6925 4445 6925 4444 0 4445 0 4446 0 4446 0 4445 0 4447 0 4447 0 4445 0 4448 0 4448 0 4445 0 4449 0 4449 0 4445 0 4450 0 4450 6926 4445 6926 4451 6926 4451 6927 4452 6927 4453 6927 4453 0 4452 0 4454 0 4453 0 4454 0 4455 0 4455 0 4454 0 4456 0 4456 0 4454 0 4457 0 4456 0 4457 0 4458 0 4458 0 4457 0 4459 0 4459 0 4457 0 4460 0 4460 0 4457 0 4461 0 4461 0 4457 0 4462 0 4462 6928 4457 6928 4463 6928 4462 6929 4463 6929 4464 6929 4464 0 4463 0 4465 0 4465 0 4463 0 4466 0 4465 0 4466 0 4467 0 4467 0 4466 0 4468 0 4468 0 4466 0 4469 0 4469 6930 4466 6930 4470 6930 4470 6931 4466 6931 4471 6931 4471 6932 4466 6932 4472 6932 4472 0 4466 0 4473 0 4473 0 4466 0 4474 0 4473 6933 4474 6933 4475 6933 4475 0 4474 0 4476 0 4452 6934 4451 6934 4477 6934 4452 0 4477 0 4478 0 4478 6935 4477 6935 4479 6935 4478 0 4479 0 4480 0 4474 6936 4466 6936 4481 6936 4474 6937 4481 6937 4482 6937 4476 0 4483 0 4475 0 4475 6938 4483 6938 4484 6938 4485 6939 4486 6939 4484 6939 4484 6940 4486 6940 4487 6940 4484 0 4487 0 4488 0 4486 6941 4485 6941 4489 6941 4489 6942 4485 6942 4490 6942 4489 0 4490 0 4491 0 4491 6943 4490 6943 4492 6943 4486 0 4493 0 4487 0 4487 0 4493 0 4494 0 4494 6944 4493 6944 4495 6944 4495 6945 4493 6945 4496 6945 4496 0 4493 0 4497 0 4497 0 4493 0 4498 0 4498 6946 4493 6946 4499 6946 4499 0 4493 0 4500 0 4500 6947 4493 6947 4501 6947 4501 0 4493 0 4502 0 4502 0 4493 0 4503 0 4503 0 4493 0 4504 0 4504 0 4493 0 4505 0 4505 0 4493 0 4506 0 4506 0 4493 0 4507 0 4507 6948 4493 6948 4508 6948 4508 0 4493 0 4509 0 4509 0 4493 0 4510 0 4510 0 4493 0 4511 0 4511 0 4493 0 4512 0 4512 6949 4493 6949 4513 6949 4512 0 4513 0 4514 0 4512 0 4514 0 4515 0 4512 0 4515 0 4516 0 4517 6950 4518 6950 4516 6950 4516 6951 4518 6951 4519 6951 4516 0 4519 0 4512 0 4512 6952 4519 6952 4520 6952 4512 6953 4520 6953 4521 6953 4522 0 4523 0 4517 0 4517 6954 4523 6954 4524 6954 4523 0 4522 0 4525 0 4525 6955 4522 6955 4526 6955 4525 0 4526 0 4527 0 4527 6956 4526 6956 4528 6956 4527 0 4528 0 4529 0 4529 6957 4528 6957 4530 6957 4529 0 4530 0 4531 0 4531 0 4530 0 4532 0 4532 6958 4530 6958 4533 6958 4532 0 4533 0 4534 0 4534 0 4533 0 4535 0 4535 6959 4533 6959 4536 6959 4535 0 4536 0 4537 0 4537 0 4536 0 4538 0 4538 6960 4536 6960 4539 6960 4538 6961 4539 6961 4540 6961 4535 0 4537 0 4541 0 4541 0 4537 0 4542 0 4542 6962 4537 6962 4543 6962 4542 6963 4543 6963 4544 6963 4544 6964 4543 6964 4545 6964 4544 6965 4545 6965 4546 6965 4546 6966 4545 6966 4547 6966 4547 6967 4545 6967 4548 6967 4548 6968 4545 6968 4549 6968 4548 6969 4549 6969 4550 6969 4550 0 4549 0 4551 0 4551 0 4549 0 4552 0 4552 0 4549 0 4553 0 4553 0 4549 0 4554 0 4554 239 4549 239 4555 239 4554 0 4555 0 4556 0 4556 6970 4555 6970 4557 6970 4557 0 4555 0 4558 0 4558 0 4555 0 4559 0 4558 6971 4559 6971 4560 6971 4560 6972 4559 6972 4561 6972 4561 6973 4559 6973 4562 6973 4561 0 4562 0 4563 0 4563 6974 4562 6974 4564 6974 4564 6975 4562 6975 4565 6975 4564 0 4565 0 4566 0 4566 0 4565 0 4567 0 4567 6976 4565 6976 4568 6976 4567 0 4568 0 4569 0 4569 0 4568 0 4570 0 4570 6977 4568 6977 4571 6977 4570 0 4571 0 4572 0 4572 0 4571 0 4573 0 4573 0 4571 0 4574 0 4573 0 4574 0 4575 0 4575 0 4574 0 4576 0 4576 0 4574 0 4577 0 4576 0 4577 0 4578 0 4578 0 4577 0 4579 0 4578 0 4579 0 4580 0 4580 6978 4579 6978 4581 6978 4581 6979 4579 6979 4418 6979 4581 0 4418 0 4417 0 4555 0 4549 0 4582 0 4582 6980 4549 6980 4583 6980 4582 6981 4583 6981 4584 6981 4584 6982 4583 6982 4585 6982 4584 0 4585 0 4586 0 4517 6983 4524 6983 4587 6983 4517 6984 4587 6984 4518 6984 4521 6985 4427 6985 4512 6985 4512 0 4427 0 4588 0 4588 0 4427 0 4589 0 4589 0 4427 0 4590 0 4590 0 4427 0 4432 0 4590 0 4432 0 4591 0 4591 0 4432 0 4592 0 4592 0 4432 0 4436 0 4488 0 4593 0 4484 0 4484 6986 4593 6986 4594 6986 4484 6987 4594 6987 4595 6987 4484 6988 4595 6988 4596 6988 4596 0 4597 0 4484 0 4484 6989 4597 6989 4598 6989 4598 6990 4599 6990 4484 6990 4484 6991 4599 6991 4600 6991 4600 0 4601 0 4484 0 4484 6992 4601 6992 4602 6992 4484 6993 4602 6993 4603 6993 4484 6994 4603 6994 4604 6994 4484 6995 4604 6995 4605 6995 4484 6996 4605 6996 4606 6996 4484 6997 4606 6997 4607 6997 4607 0 4608 0 4484 0 4484 6998 4608 6998 4609 6998 4484 6999 4609 6999 4475 6999 4453 0 4450 0 4451 0 3183 7000 4610 7000 4611 7000 3183 7001 4611 7001 3185 7001 3185 7002 4611 7002 4612 7002 3185 7003 4612 7003 3187 7003 3187 7004 4612 7004 4613 7004 3187 7005 4613 7005 3189 7005 3189 7006 4613 7006 4614 7006 3189 7007 4614 7007 3191 7007 3191 7008 4614 7008 4615 7008 3191 7009 4615 7009 3193 7009 3193 7010 4615 7010 4616 7010 3193 7011 4616 7011 3195 7011 3195 7012 4616 7012 4617 7012 3195 7013 4617 7013 3197 7013 3197 7014 4617 7014 4618 7014 3197 7015 4618 7015 3199 7015 3199 7016 4618 7016 4619 7016 3199 6197 4619 6197 3053 6197 3053 7017 4619 7017 4005 7017 3065 7018 4620 7018 3080 7018 3080 7019 4620 7019 4621 7019 3080 7020 4621 7020 3082 7020 3082 7021 4621 7021 4622 7021 3082 7022 4622 7022 3084 7022 3084 7023 4622 7023 4623 7023 3084 7024 4623 7024 3085 7024 3085 7025 4623 7025 4624 7025 3085 7026 4624 7026 3087 7026 3087 7027 4624 7027 4625 7027 3087 7028 4625 7028 3088 7028 3088 7029 4625 7029 4626 7029 3088 7030 4626 7030 3089 7030 3089 7031 4626 7031 4627 7031 3089 7032 4627 7032 3091 7032 3091 7033 4627 7033 4628 7033 3091 7034 4628 7034 3092 7034 3092 7035 4628 7035 4629 7035 3092 7036 4629 7036 3093 7036 3093 7037 4629 7037 4630 7037 3093 7038 4630 7038 3094 7038 3094 7039 4630 7039 4631 7039 3094 7040 4631 7040 3096 7040 3096 7041 4631 7041 4632 7041 3096 7042 4632 7042 3097 7042 3097 7043 4632 7043 4633 7043 3097 7044 4633 7044 3098 7044 3098 7045 4633 7045 4634 7045 3098 7046 4634 7046 3099 7046 3099 7047 4634 7047 4635 7047 3099 7048 4635 7048 3101 7048 3101 7049 4635 7049 4636 7049 3101 7050 4636 7050 3102 7050 3102 7051 4636 7051 4637 7051 3102 7052 4637 7052 3104 7052 3104 7053 4637 7053 4638 7053 3104 7054 4638 7054 3106 7054 3106 7055 4638 7055 4639 7055 3106 7056 4639 7056 3121 7056 3121 7057 4639 7057 4640 7057 3121 7058 4640 7058 3122 7058 3122 7059 4640 7059 4641 7059 3122 7060 4641 7060 3123 7060 3123 7061 4641 7061 4642 7061 3123 7062 4642 7062 3124 7062 3124 7063 4642 7063 4643 7063 3124 7064 4643 7064 3125 7064 3125 7065 4643 7065 4644 7065 3125 7066 4644 7066 3126 7066 3126 7067 4644 7067 4645 7067 3126 7068 4645 7068 3128 7068 3128 7069 4645 7069 4646 7069 3128 7070 4646 7070 3130 7070 3130 7071 4646 7071 3132 7071 3132 7072 4646 7072 4647 7072 3132 7073 4647 7073 3134 7073 3134 7074 4647 7074 4648 7074 3134 7075 4648 7075 3136 7075 3136 7076 4648 7076 4649 7076 3136 7077 4649 7077 3138 7077 3138 7078 4649 7078 3140 7078 3140 7079 4649 7079 4650 7079 3140 7080 4650 7080 3141 7080 3141 7081 4650 7081 4651 7081 3141 7082 4651 7082 3139 7082 3139 7083 4651 7083 3137 7083 3137 7084 4651 7084 4652 7084 3137 7085 4652 7085 3135 7085 3135 7086 4652 7086 4653 7086 3135 7087 4653 7087 3133 7087 3133 7088 4653 7088 4654 7088 3133 7089 4654 7089 3131 7089 3131 7090 4654 7090 3129 7090 3129 7091 4654 7091 4655 7091 3129 7092 4655 7092 3127 7092 3127 7093 4655 7093 4656 7093 3127 7094 4656 7094 3142 7094 3142 7095 4656 7095 4657 7095 3142 7096 4657 7096 3146 7096 3146 7097 4657 7097 4658 7097 3146 7098 4658 7098 3148 7098 3148 6265 4658 6265 4659 6265 3148 7099 4659 7099 3150 7099 3150 7100 4659 7100 4660 7100 3150 7101 4660 7101 3151 7101 3151 7102 4660 7102 4661 7102 3151 7103 4661 7103 3153 7103 3153 7104 4661 7104 4662 7104 3153 7105 4662 7105 3155 7105 3155 7106 4662 7106 4663 7106 3155 7107 4663 7107 3157 7107 3157 7108 4663 7108 4664 7108 3157 7109 4664 7109 3159 7109 3159 7110 4664 7110 4665 7110 3159 7111 4665 7111 3160 7111 3160 7112 4665 7112 4666 7112 3160 7113 4666 7113 3162 7113 3162 7114 4666 7114 4667 7114 3162 7115 4667 7115 3164 7115 3164 7116 4667 7116 4668 7116 3164 7117 4668 7117 3165 7117 3165 7118 4668 7118 4669 7118 3165 7119 4669 7119 3167 7119 3167 7120 4669 7120 4670 7120 3167 6240 4670 6240 3168 6240 3168 7121 4670 7121 4671 7121 3168 7122 4671 7122 3169 7122 3169 7123 4671 7123 4672 7123 3169 7124 4672 7124 3170 7124 3170 7125 4672 7125 4673 7125 3170 7126 4673 7126 3171 7126 3171 7127 4673 7127 4674 7127 3171 7128 4674 7128 3173 7128 3173 7129 4674 7129 4675 7129 3173 7130 4675 7130 3174 7130 3174 7131 4675 7131 4676 7131 3174 7132 4676 7132 3175 7132 3175 7133 4676 7133 4677 7133 3175 7134 4677 7134 3177 7134 3177 7135 4677 7135 4678 7135 3177 7136 4678 7136 3178 7136 3178 7137 4678 7137 4679 7137 3178 7138 4679 7138 3180 7138 3180 7139 4679 7139 4680 7139 3180 7140 4680 7140 3181 7140 3181 7141 4680 7141 4610 7141 3181 7142 4610 7142 3183 7142 3299 7143 3300 7143 4681 7143 4681 7144 3300 7144 4682 7144 4681 7145 4682 7145 4683 7145 4683 7146 4682 7146 4684 7146 4683 7147 4684 7147 3059 7147 3059 7148 4684 7148 4685 7148 3059 7149 4685 7149 3060 7149 3060 7150 4685 7150 4686 7150 3060 7151 4686 7151 3061 7151 3061 7152 4686 7152 4687 7152 3061 7153 4687 7153 3058 7153 3058 7154 4687 7154 4688 7154 3058 7155 4688 7155 3062 7155 3062 7156 4688 7156 4689 7156 3062 7157 4689 7157 3063 7157 3063 7158 4689 7158 4690 7158 3063 7159 4690 7159 3064 7159 3064 7160 4690 7160 4691 7160 3064 7161 4691 7161 3065 7161 3065 7162 4691 7162 4620 7162 3095 7163 4487 7163 3090 7163 3090 7164 4487 7164 4494 7164 3090 7165 4494 7165 4495 7165 3090 7166 4495 7166 3086 7166 3086 7167 4495 7167 4496 7167 3086 7168 4496 7168 3083 7168 3083 7169 4496 7169 4497 7169 3083 7170 4497 7170 3081 7170 3081 7171 4497 7171 4498 7171 3081 7172 4498 7172 3079 7172 3079 7173 4498 7173 4499 7173 3079 7174 4499 7174 3078 7174 3078 7175 4499 7175 4500 7175 3078 7176 4500 7176 3077 7176 3077 7177 4500 7177 4501 7177 3077 7178 4501 7178 3076 7178 3076 7179 4501 7179 4502 7179 3076 7180 4502 7180 3075 7180 3075 7181 4502 7181 4503 7181 3075 7182 4503 7182 3074 7182 3074 7183 4503 7183 4504 7183 3074 7184 4504 7184 3073 7184 3073 7185 4504 7185 4505 7185 3073 7186 4505 7186 3072 7186 3072 7187 4505 7187 4506 7187 3072 7188 4506 7188 3071 7188 3071 7189 4506 7189 4507 7189 3071 7190 4507 7190 3070 7190 3070 7191 4507 7191 4508 7191 3070 7192 4508 7192 3069 7192 3069 7193 4508 7193 4509 7193 3069 7194 4509 7194 3068 7194 3068 7195 4509 7195 4510 7195 3068 7196 4510 7196 3067 7196 3067 7197 4510 7197 4511 7197 3067 7198 4511 7198 3066 7198 3066 7199 4511 7199 4512 7199 3066 7200 4512 7200 3057 7200 3057 7201 4512 7201 4588 7201 3057 7202 4588 7202 3056 7202 3056 7203 4588 7203 4589 7203 3056 7204 4589 7204 4590 7204 3056 7205 4590 7205 3055 7205 3055 7206 4590 7206 4591 7206 3055 7207 4591 7207 3200 7207 3200 7208 4591 7208 3198 7208 3198 7209 4591 7209 4592 7209 3198 7210 4592 7210 3196 7210 3196 7211 4592 7211 4436 7211 3196 7212 4436 7212 3194 7212 3194 7213 4436 7213 4435 7213 3194 7214 4435 7214 3192 7214 3192 7215 4435 7215 4434 7215 3192 7216 4434 7216 3190 7216 3190 7217 4434 7217 4437 7217 3190 7218 4437 7218 4439 7218 3190 7219 4439 7219 3188 7219 3188 7220 4439 7220 4440 7220 3188 7221 4440 7221 3186 7221 3186 7222 4440 7222 4442 7222 3186 7223 4442 7223 3184 7223 3184 7224 4442 7224 4443 7224 3184 7225 4443 7225 3182 7225 3182 7226 4443 7226 4444 7226 3182 7227 4444 7227 3179 7227 3179 7228 4444 7228 4446 7228 3179 7229 4446 7229 4447 7229 3179 7230 4447 7230 3176 7230 3176 7231 4447 7231 4448 7231 3176 7232 4448 7232 4449 7232 3176 7233 4449 7233 3172 7233 3172 7234 4449 7234 4450 7234 3172 7235 4450 7235 4453 7235 3172 7236 4453 7236 3166 7236 3166 7237 4453 7237 4455 7237 3166 7238 4455 7238 4456 7238 3166 7239 4456 7239 3163 7239 3163 7240 4456 7240 4458 7240 3163 7241 4458 7241 4459 7241 3163 7242 4459 7242 3161 7242 3161 7243 4459 7243 4460 7243 3161 7244 4460 7244 3158 7244 3158 7245 4460 7245 4461 7245 3158 7246 4461 7246 3156 7246 3156 7247 4461 7247 4462 7247 3156 7248 4462 7248 3154 7248 3154 7249 4462 7249 4464 7249 3154 7250 4464 7250 3152 7250 3152 7251 4464 7251 4465 7251 3152 7252 4465 7252 3149 7252 3149 7253 4465 7253 4467 7253 3149 7254 4467 7254 3147 7254 3147 7255 4467 7255 4468 7255 3147 7256 4468 7256 3145 7256 3145 7257 4468 7257 4469 7257 3145 7258 4469 7258 3143 7258 3143 7259 4469 7259 4470 7259 3143 7260 4470 7260 3144 7260 3144 7261 4470 7261 4471 7261 3144 7262 4471 7262 3201 7262 3201 7263 4471 7263 4472 7263 3201 7264 4472 7264 3202 7264 3202 7265 4472 7265 4473 7265 3202 7266 4473 7266 3203 7266 3203 7267 4473 7267 4475 7267 3203 7268 4475 7268 3120 7268 3120 7269 4475 7269 4609 7269 3120 7270 4609 7270 3119 7270 3119 7271 4609 7271 4608 7271 3119 7272 4608 7272 3118 7272 3118 7273 4608 7273 4607 7273 3118 7274 4607 7274 3117 7274 3117 7275 4607 7275 4606 7275 3117 7276 4606 7276 3116 7276 3116 7277 4606 7277 4605 7277 3116 7278 4605 7278 3115 7278 3115 7279 4605 7279 4604 7279 3115 7280 4604 7280 3114 7280 3114 7281 4604 7281 4603 7281 3114 7282 4603 7282 3113 7282 3113 7283 4603 7283 4602 7283 3113 7284 4602 7284 3112 7284 3112 7285 4602 7285 4601 7285 3112 7286 4601 7286 3111 7286 3111 7287 4601 7287 4600 7287 3111 7288 4600 7288 3110 7288 3110 7289 4600 7289 4599 7289 3110 7290 4599 7290 3109 7290 3109 7291 4599 7291 4598 7291 3109 7292 4598 7292 3108 7292 3108 7293 4598 7293 4597 7293 3108 7294 4597 7294 3107 7294 3107 7295 4597 7295 4596 7295 3107 7296 4596 7296 3105 7296 3105 7297 4596 7297 4595 7297 3105 7298 4595 7298 3103 7298 3103 7299 4595 7299 4594 7299 3103 7300 4594 7300 3100 7300 3100 7301 4594 7301 4593 7301 3100 7302 4593 7302 3095 7302 3095 7303 4593 7303 4488 7303 3095 7304 4488 7304 4487 7304 4692 7305 4416 7305 4693 7305 4693 7306 4416 7306 4415 7306 4694 7307 4416 7307 4692 7307 4694 7308 4403 7308 4416 7308 4695 7309 4403 7309 4694 7309 4695 7310 4404 7310 4403 7310 4696 7311 4404 7311 4695 7311 4404 7312 4696 7312 4697 7312 4404 7313 4697 7313 4405 7313 4405 7314 4697 7314 4698 7314 4405 7315 4698 7315 4699 7315 4405 7316 4699 7316 4406 7316 4406 7317 4699 7317 4700 7317 4406 7318 4700 7318 4407 7318 4407 7319 4700 7319 4701 7319 4407 7320 4701 7320 4408 7320 4408 7321 4701 7321 4702 7321 4408 7322 4702 7322 4703 7322 4408 7323 4703 7323 4409 7323 4409 7324 4703 7324 4704 7324 4409 7325 4704 7325 4410 7325 4410 7326 4704 7326 4705 7326 4410 7327 4705 7327 4411 7327 4411 7328 4705 7328 4706 7328 4411 7329 4706 7329 4707 7329 4411 7330 4707 7330 4412 7330 4412 7331 4707 7331 4708 7331 4412 7332 4708 7332 4709 7332 4412 7333 4709 7333 4413 7333 4413 7334 4709 7334 4414 7334 4414 7335 4709 7335 4710 7335 4414 7336 4710 7336 4693 7336 4414 7337 4693 7337 4415 7337 4693 7338 4711 7338 4712 7338 4693 7339 4712 7339 4692 7339 4692 7340 4712 7340 4713 7340 4692 7341 4713 7341 4694 7341 4694 7342 4713 7342 4714 7342 4694 7343 4714 7343 4695 7343 4695 7344 4714 7344 4715 7344 4695 7345 4715 7345 4696 7345 4696 7346 4715 7346 4716 7346 4696 7347 4716 7347 4697 7347 4697 7348 4716 7348 4717 7348 4697 7349 4717 7349 4718 7349 4697 7350 4718 7350 4698 7350 4698 7351 4718 7351 4719 7351 4698 7352 4719 7352 4699 7352 4699 7353 4719 7353 4720 7353 4699 7354 4720 7354 4700 7354 4700 7355 4720 7355 4721 7355 4700 7356 4721 7356 4701 7356 4701 7357 4721 7357 4722 7357 4701 7358 4722 7358 4723 7358 4701 7359 4723 7359 4702 7359 4702 7360 4723 7360 4724 7360 4702 7361 4724 7361 4703 7361 4703 7362 4724 7362 4725 7362 4703 7363 4725 7363 4704 7363 4704 7364 4725 7364 4726 7364 4704 7365 4726 7365 4705 7365 4705 7366 4726 7366 4727 7366 4705 7367 4727 7367 4728 7367 4705 7368 4728 7368 4706 7368 4706 7369 4728 7369 4729 7369 4706 7370 4729 7370 4730 7370 4706 7371 4730 7371 4707 7371 4707 7372 4730 7372 4731 7372 4707 7373 4731 7373 4708 7373 4708 7374 4731 7374 4732 7374 4708 7375 4732 7375 4709 7375 4709 7376 4732 7376 4733 7376 4709 7377 4733 7377 4734 7377 4709 7378 4734 7378 4710 7378 4710 7379 4734 7379 4711 7379 4710 7380 4711 7380 4693 7380 3637 7381 4711 7381 3714 7381 3714 7382 4711 7382 4734 7382 3714 7383 4734 7383 4733 7383 3714 7384 4733 7384 3715 7384 3715 7385 4733 7385 4732 7385 3715 7386 4732 7386 3716 7386 3716 7387 4732 7387 4731 7387 3716 7388 4731 7388 3717 7388 3717 7389 4731 7389 4730 7389 3717 7390 4730 7390 3719 7390 3719 7391 4730 7391 3733 7391 3733 7392 4730 7392 4729 7392 3733 7393 4729 7393 3732 7393 3732 7394 4729 7394 4728 7394 3732 7395 4728 7395 3731 7395 3731 7396 4728 7396 4727 7396 3731 7397 4727 7397 3730 7397 3730 7398 4727 7398 4726 7398 3730 7399 4726 7399 4725 7399 3730 7400 4725 7400 3729 7400 3729 7401 4725 7401 3728 7401 3728 7402 4725 7402 4724 7402 3728 7403 4724 7403 3727 7403 3727 7404 4724 7404 4723 7404 3727 7405 4723 7405 3726 7405 3726 7406 4723 7406 4722 7406 3726 7407 4722 7407 3725 7407 3725 7408 4722 7408 4721 7408 3725 7409 4721 7409 3724 7409 3724 7410 4721 7410 4720 7410 3724 7411 4720 7411 3723 7411 3723 7412 4720 7412 4719 7412 3723 7413 4719 7413 3722 7413 3722 7414 4719 7414 4718 7414 3722 7415 4718 7415 3721 7415 3721 7416 4718 7416 4717 7416 3721 7417 4717 7417 3720 7417 3720 7418 4717 7418 4716 7418 3720 7419 4716 7419 3734 7419 3734 7420 4716 7420 4715 7420 3734 7421 4715 7421 3735 7421 3735 7422 4715 7422 4714 7422 3735 7423 4714 7423 3736 7423 3736 7424 4714 7424 4713 7424 3736 7425 4713 7425 3737 7425 3737 7426 4713 7426 4712 7426 3737 7427 4712 7427 3738 7427 3738 7428 4712 7428 4711 7428 3738 7429 4711 7429 3637 7429 4735 7430 4573 7430 4736 7430 4736 7431 4573 7431 4575 7431 4736 7432 4575 7432 4737 7432 4737 7433 4575 7433 4738 7433 4738 7434 4575 7434 4576 7434 4738 7435 4576 7435 4739 7435 4739 7436 4576 7436 4578 7436 4739 7437 4578 7437 4740 7437 4740 7438 4578 7438 4580 7438 4740 7439 4580 7439 4741 7439 4741 7440 4580 7440 4742 7440 4742 7441 4580 7441 4581 7441 4742 7442 4581 7442 4743 7442 4743 7443 4581 7443 4417 7443 4743 7444 4417 7444 4744 7444 4744 7445 4417 7445 4419 7445 4744 7446 4419 7446 4745 7446 4745 7447 4419 7447 4421 7447 4745 7448 4421 7448 4746 7448 4746 7449 4421 7449 4422 7449 4746 7450 4422 7450 4747 7450 4747 7451 4422 7451 4423 7451 4747 7452 4423 7452 4424 7452 4747 7453 4424 7453 4748 7453 4748 7454 4424 7454 4425 7454 4748 7455 4425 7455 4749 7455 4749 7456 4425 7456 4427 7456 4749 7457 4427 7457 4750 7457 4750 7458 4427 7458 4521 7458 4750 7459 4521 7459 4520 7459 4750 7460 4520 7460 4751 7460 4751 7461 4520 7461 4519 7461 4751 7462 4519 7462 4518 7462 4751 7463 4518 7463 4752 7463 4752 7464 4518 7464 4587 7464 4752 7465 4587 7465 4753 7465 4753 7466 4587 7466 4524 7466 4753 7467 4524 7467 4754 7467 4754 7468 4524 7468 4523 7468 4754 7469 4523 7469 4755 7469 4755 7470 4523 7470 4525 7470 4755 7471 4525 7471 4756 7471 4756 7472 4525 7472 4527 7472 4756 7473 4527 7473 4757 7473 4757 7474 4527 7474 4529 7474 4757 7475 4529 7475 4758 7475 4758 7476 4529 7476 4531 7476 4758 7477 4531 7477 4759 7477 4759 7478 4531 7478 4532 7478 4759 7479 4532 7479 4760 7479 4760 7480 4532 7480 4534 7480 4760 7481 4534 7481 4761 7481 4761 7482 4534 7482 4535 7482 4761 7483 4535 7483 4762 7483 4762 7484 4535 7484 4541 7484 4762 7485 4541 7485 4763 7485 4763 7486 4541 7486 4542 7486 4763 7487 4542 7487 4764 7487 4764 7488 4542 7488 4544 7488 4764 7489 4544 7489 4765 7489 4765 7490 4544 7490 4546 7490 4765 7491 4546 7491 4766 7491 4766 7492 4546 7492 4767 7492 4767 7493 4546 7493 4547 7493 4767 7494 4547 7494 4768 7494 4768 7495 4547 7495 4548 7495 4768 7496 4548 7496 4769 7496 4769 7497 4548 7497 4550 7497 4769 7498 4550 7498 4770 7498 4770 7499 4550 7499 4551 7499 4770 7500 4551 7500 4771 7500 4771 7501 4551 7501 4552 7501 4771 7502 4552 7502 4772 7502 4772 7503 4552 7503 4553 7503 4772 7504 4553 7504 4554 7504 4772 7505 4554 7505 4773 7505 4773 7506 4554 7506 4556 7506 4773 7507 4556 7507 4557 7507 4773 7508 4557 7508 4774 7508 4774 7509 4557 7509 4558 7509 4774 7510 4558 7510 4775 7510 4775 7511 4558 7511 4560 7511 4775 7512 4560 7512 4776 7512 4776 7513 4560 7513 4561 7513 4776 7514 4561 7514 4777 7514 4777 7515 4561 7515 4563 7515 4777 7516 4563 7516 4778 7516 4778 7517 4563 7517 4779 7517 4779 7518 4563 7518 4564 7518 4779 7519 4564 7519 4780 7519 4780 7520 4564 7520 4566 7520 4780 7521 4566 7521 4781 7521 4781 7522 4566 7522 4567 7522 4781 7523 4567 7523 4782 7523 4782 7524 4567 7524 4569 7524 4782 7525 4569 7525 4783 7525 4783 7526 4569 7526 4570 7526 4783 7527 4570 7527 4784 7527 4784 7528 4570 7528 4785 7528 4785 7529 4570 7529 4572 7529 4785 7530 4572 7530 4735 7530 4735 7531 4572 7531 4573 7531 4735 7532 4736 7532 3497 7532 3497 0 4736 0 3635 0 3635 7533 4736 7533 4737 7533 3635 0 4737 0 3633 0 3633 7534 4737 7534 4738 7534 3633 7535 4738 7535 3631 7535 3631 7536 4738 7536 4739 7536 3631 0 4739 0 3629 0 3629 0 4739 0 4740 0 3629 7537 4740 7537 3627 7537 3627 7538 4740 7538 4741 7538 3627 7539 4741 7539 3625 7539 3625 7540 4741 7540 4742 7540 3625 0 4742 0 3622 0 3622 0 4742 0 4743 0 3622 7541 4743 7541 3620 7541 3620 0 4743 0 4744 0 3620 7542 4744 7542 3618 7542 3618 7543 4744 7543 4745 7543 3618 7544 4745 7544 3616 7544 3616 0 4745 0 4746 0 3616 0 4746 0 3613 0 3613 0 4746 0 3611 0 3611 7545 4746 7545 4747 7545 3611 7546 4747 7546 3608 7546 3608 0 4747 0 4748 0 3608 0 4748 0 3606 0 3606 7547 4748 7547 4749 7547 3606 0 4749 0 3604 0 3604 7548 4749 7548 4750 7548 3604 7549 4750 7549 3601 7549 3601 7550 4750 7550 4751 7550 3601 0 4751 0 3599 0 3599 7551 4751 7551 4752 7551 3599 0 4752 0 3597 0 3597 7552 4752 7552 4753 7552 3597 0 4753 0 3595 0 3595 7553 4753 7553 4754 7553 3595 7554 4754 7554 4755 7554 3595 7555 4755 7555 4756 7555 4757 7556 3584 7556 4756 7556 4756 7557 3584 7557 3587 7557 4756 7558 3587 7558 3589 7558 3584 0 4757 0 3582 0 3582 0 4757 0 3579 0 3579 7559 4757 7559 4758 7559 3579 0 4758 0 3577 0 3577 7560 4758 7560 4759 7560 3577 0 4759 0 3574 0 3574 7561 4759 7561 4760 7561 3574 7562 4760 7562 3571 7562 3571 7563 4760 7563 4761 7563 3571 0 4761 0 3568 0 3568 7564 4761 7564 4762 7564 3568 0 4762 0 3566 0 3566 0 4762 0 4763 0 3566 0 4763 0 3563 0 3563 0 4763 0 3561 0 3561 7565 4763 7565 4764 7565 3561 0 4764 0 3559 0 3559 0 4764 0 4765 0 3559 0 4765 0 3556 0 3556 7566 4765 7566 4766 7566 3556 0 4766 0 3554 0 3554 0 4766 0 3551 0 3551 0 4766 0 3549 0 3549 7567 4766 7567 3547 7567 3547 7568 4766 7568 3545 7568 3545 0 4766 0 3542 0 3542 7569 4766 7569 3540 7569 3540 0 4766 0 3537 0 3537 0 4766 0 3535 0 3535 0 4766 0 3533 0 3533 7570 4766 7570 4767 7570 3533 7571 4767 7571 4768 7571 3533 7572 4768 7572 4769 7572 4769 0 4770 0 3533 0 3533 0 4770 0 4771 0 3533 0 4771 0 4772 0 3533 7573 4772 7573 4773 7573 3533 7574 4773 7574 3530 7574 3530 0 4773 0 3528 0 3528 0 4773 0 4774 0 3528 0 4774 0 3525 0 3525 7575 4774 7575 4775 7575 3525 0 4775 0 3523 0 3523 7576 4775 7576 4776 7576 3523 0 4776 0 3521 0 3521 7577 4776 7577 4777 7577 3521 7578 4777 7578 3518 7578 3518 7579 4777 7579 4778 7579 3518 7580 4778 7580 3516 7580 3516 7581 4778 7581 4779 7581 3516 0 4779 0 3514 0 3514 7582 4779 7582 4780 7582 3514 0 4780 0 3512 0 3512 7583 4780 7583 4781 7583 3512 0 4781 0 3510 0 3510 7584 4781 7584 4782 7584 3510 7585 4782 7585 3508 7585 3508 7586 4782 7586 4783 7586 3508 0 4783 0 3506 0 3506 7587 4783 7587 4784 7587 3506 0 4784 0 3504 0 3504 0 4784 0 3502 0 3502 7588 4784 7588 4785 7588 3502 0 4785 0 3500 0 3500 7589 4785 7589 4735 7589 3500 0 4735 0 3497 0 3589 0 3591 0 4756 0 4756 7590 3591 7590 3593 7590 4756 7591 3593 7591 3595 7591 4786 7592 3774 7592 4787 7592 4787 7593 3774 7593 3776 7593 4787 7594 3776 7594 4788 7594 4788 7595 3776 7595 3777 7595 4788 7596 3777 7596 4789 7596 4789 7597 3777 7597 3779 7597 4789 7598 3779 7598 4790 7598 4790 7599 3779 7599 3780 7599 4790 7600 3780 7600 4791 7600 4791 7601 3780 7601 3781 7601 4791 7602 3781 7602 4792 7602 4792 7603 3781 7603 3783 7603 4792 7604 3783 7604 4793 7604 4793 7605 3783 7605 4794 7605 4794 7606 3783 7606 3784 7606 4794 7607 3784 7607 4795 7607 4795 7608 3784 7608 3786 7608 4795 7609 3786 7609 3787 7609 4795 7610 3787 7610 4796 7610 4796 7611 3787 7611 3789 7611 4796 7612 3789 7612 3790 7612 4796 7613 3790 7613 4797 7613 4797 7614 3790 7614 3791 7614 4797 7615 3791 7615 4798 7615 4798 7616 3791 7616 3795 7616 4798 7617 3795 7617 4799 7617 4799 7618 3795 7618 4800 7618 4800 7619 3795 7619 3796 7619 4800 7620 3796 7620 4801 7620 4801 7621 3796 7621 3798 7621 4801 7622 3798 7622 4802 7622 4802 7623 3798 7623 3800 7623 4802 7624 3800 7624 4803 7624 4803 7625 3800 7625 3801 7625 4803 7626 3801 7626 4804 7626 4804 7627 3801 7627 4805 7627 4805 7628 3801 7628 3802 7628 4805 7629 3802 7629 4806 7629 4806 7630 3802 7630 4807 7630 4807 7631 3802 7631 3804 7631 4807 7632 3804 7632 4808 7632 4808 7633 3804 7633 3805 7633 4808 7634 3805 7634 3807 7634 4808 7635 3807 7635 4809 7635 4809 7636 3807 7636 4810 7636 4810 7637 3807 7637 3809 7637 4810 7638 3809 7638 4811 7638 4811 7639 3809 7639 3810 7639 4811 7640 3810 7640 4812 7640 4812 7641 3810 7641 3812 7641 4812 7642 3812 7642 4813 7642 4813 7643 3812 7643 3816 7643 4813 7644 3816 7644 4814 7644 4814 7645 3816 7645 3817 7645 4814 7646 3817 7646 4815 7646 4815 7647 3817 7647 4816 7647 4816 7648 3817 7648 3819 7648 4816 7649 3819 7649 4817 7649 4817 7650 3819 7650 3821 7650 4817 7651 3821 7651 4818 7651 4818 7652 3821 7652 3822 7652 4818 7653 3822 7653 4819 7653 4819 7654 3822 7654 3823 7654 4819 7655 3823 7655 4820 7655 4820 7656 3823 7656 3825 7656 4820 7657 3825 7657 4821 7657 4821 7658 3825 7658 4822 7658 4822 7659 3825 7659 3827 7659 4822 7660 3827 7660 4823 7660 4823 7661 3827 7661 4824 7661 4824 7662 3827 7662 3828 7662 4824 7663 3828 7663 4825 7663 4825 7664 3828 7664 3829 7664 4825 7665 3829 7665 4826 7665 4826 7666 3829 7666 3830 7666 4826 7667 3830 7667 4827 7667 4827 7668 3830 7668 3831 7668 4827 7669 3831 7669 4828 7669 4828 7670 3831 7670 3832 7670 4828 7671 3832 7671 4829 7671 4829 7672 3832 7672 3934 7672 4829 7673 3934 7673 3752 7673 4829 7674 3752 7674 4830 7674 4830 7675 3752 7675 3751 7675 4830 7676 3751 7676 3753 7676 4830 7677 3753 7677 4831 7677 4831 7678 3753 7678 3755 7678 4831 7679 3755 7679 4832 7679 4832 7680 3755 7680 3756 7680 4832 7681 3756 7681 4833 7681 4833 7682 3756 7682 3757 7682 4833 7683 3757 7683 3761 7683 4833 7684 3761 7684 4834 7684 4834 7685 3761 7685 3764 7685 4834 7686 3764 7686 4835 7686 4835 7687 3764 7687 3765 7687 4835 7688 3765 7688 4836 7688 4836 7689 3765 7689 3767 7689 4836 7690 3767 7690 4837 7690 4837 7691 3767 7691 3768 7691 4837 7692 3768 7692 4838 7692 4838 7693 3768 7693 4839 7693 4839 7694 3768 7694 3770 7694 4839 7695 3770 7695 4840 7695 4840 7696 3770 7696 3771 7696 4840 7697 3771 7697 3772 7697 4840 7698 3772 7698 4841 7698 4841 7699 3772 7699 4786 7699 4786 7700 3772 7700 3774 7700 4786 7701 3712 7701 3713 7701 4786 239 3713 239 4841 239 4841 7702 3713 7702 3640 7702 4841 239 3640 239 4840 239 4840 7703 3640 7703 3641 7703 4840 7704 3641 7704 4839 7704 4839 7705 3641 7705 3643 7705 4839 7706 3643 7706 4838 7706 4838 239 3643 239 3645 239 3712 239 4786 239 3710 239 3710 7707 4786 7707 4787 7707 3710 7708 4787 7708 3708 7708 3708 7709 4787 7709 4788 7709 3708 239 4788 239 3706 239 3706 7710 4788 7710 4789 7710 3706 7711 4789 7711 3704 7711 3704 7712 4789 7712 4790 7712 3704 7713 4790 7713 3701 7713 3701 7714 4790 7714 4791 7714 3701 239 4791 239 3699 239 3699 7715 4791 7715 4792 7715 3699 239 4792 239 3698 239 3698 239 4792 239 3697 239 3697 239 4792 239 3696 239 3696 239 4792 239 3695 239 3695 7716 4792 7716 4793 7716 3695 7717 4793 7717 3694 7717 3694 7718 4793 7718 3693 7718 3693 7719 4793 7719 4794 7719 3693 7720 4794 7720 4795 7720 3693 7721 4795 7721 4796 7721 3693 7722 4796 7722 3692 7722 3692 239 4796 239 3691 239 3691 7723 4796 7723 4797 7723 3691 239 4797 239 3690 239 3690 7724 4797 7724 4798 7724 3690 239 4798 239 3689 239 3689 239 4798 239 4799 239 3689 239 4799 239 3688 239 3688 7725 4799 7725 4800 7725 3688 7726 4800 7726 3687 7726 3687 7727 4800 7727 4801 7727 3687 7728 4801 7728 3686 7728 3686 7729 4801 7729 4802 7729 3686 7730 4802 7730 3685 7730 3685 7731 4802 7731 4803 7731 3685 239 4803 239 3684 239 3684 239 4803 239 4804 239 3684 7732 4804 7732 3683 7732 3683 7733 4804 7733 4805 7733 3683 7734 4805 7734 3682 7734 3682 239 4805 239 4806 239 3682 7735 4806 7735 3681 7735 3681 239 4806 239 4807 239 3681 239 4807 239 3680 239 3680 239 4807 239 4808 239 3680 7736 4808 7736 3679 7736 3679 7737 4808 7737 3678 7737 3678 239 4808 239 4809 239 3678 239 4809 239 3677 239 3677 7738 4809 7738 4810 7738 3677 239 4810 239 3676 239 3676 7739 4810 7739 4811 7739 3676 239 4811 239 3675 239 3675 7740 4811 7740 4812 7740 3675 239 4812 239 3674 239 3674 7741 4812 7741 4813 7741 3674 239 4813 239 3673 239 3673 7742 4813 7742 4814 7742 3673 239 4814 239 3672 239 3672 239 4814 239 4815 239 3672 239 4815 239 3671 239 3671 7743 4815 7743 4816 7743 3671 7744 4816 7744 3670 7744 3670 7745 4816 7745 4817 7745 3670 7746 4817 7746 3669 7746 3669 7747 4817 7747 4818 7747 3669 239 4818 239 3668 239 3668 7748 4818 7748 4819 7748 3668 239 4819 239 3667 239 3667 7749 4819 7749 4820 7749 3667 239 4820 239 3666 239 3666 7750 4820 7750 4821 7750 3666 239 4821 239 3665 239 3665 7751 4821 7751 4822 7751 3665 239 4822 239 3664 239 3664 7752 4822 7752 4823 7752 3664 239 4823 239 3663 239 3663 7753 4823 7753 4824 7753 3663 7754 4824 7754 3662 7754 3662 239 4824 239 4825 239 3662 239 4825 239 3661 239 3661 7755 4825 7755 4826 7755 3661 7756 4826 7756 3660 7756 3660 7757 4826 7757 4827 7757 3660 7758 4827 7758 3659 7758 3659 7759 4827 7759 4828 7759 3659 239 4828 239 3658 239 3658 239 4828 239 4829 239 4829 239 4830 239 3658 239 4830 7760 4831 7760 3658 7760 3658 239 4831 239 4832 239 4832 239 4833 239 3658 239 4833 239 4834 239 3658 239 3658 239 4834 239 4835 239 4835 239 4836 239 3658 239 3658 7761 4836 7761 4837 7761 3658 7762 4837 7762 4838 7762 3645 239 3648 239 4838 239 4838 7763 3648 7763 3649 7763 4838 7764 3649 7764 3650 7764 3650 7765 3651 7765 4838 7765 4838 7766 3651 7766 3652 7766 4838 7767 3652 7767 3653 7767 3653 7768 3654 7768 4838 7768 4838 7769 3654 7769 3655 7769 4838 7770 3655 7770 3656 7770 3656 7771 3657 7771 4838 7771 4838 7772 3657 7772 3658 7772 4842 7773 4843 7773 4844 7773 4844 7774 4843 7774 4845 7774 4844 7775 4845 7775 4846 7775 4846 7776 4845 7776 4847 7776 4846 7777 4847 7777 4848 7777 4848 7778 4847 7778 4849 7778 4848 7779 4849 7779 4850 7779 4850 7780 4849 7780 4851 7780 4850 7781 4851 7781 4852 7781 4852 7782 4851 7782 4853 7782 4852 7783 4853 7783 4854 7783 4854 7784 4853 7784 4855 7784 4854 7785 4855 7785 4856 7785 4856 7786 4855 7786 4857 7786 4856 7787 4857 7787 4858 7787 4858 7788 4857 7788 4859 7788 4858 7789 4859 7789 4860 7789 4860 7790 4859 7790 4861 7790 4860 7791 4861 7791 4862 7791 4862 7792 4861 7792 4863 7792 4863 7793 4861 7793 4864 7793 4864 7794 4861 7794 4865 7794 4865 7795 4861 7795 4866 7795 4865 7796 4866 7796 4867 7796 4867 7797 4866 7797 4868 7797 4868 7798 4866 7798 4869 7798 4868 7799 4869 7799 4870 7799 4870 7800 4869 7800 4871 7800 4871 7801 4869 7801 4872 7801 4871 7802 4872 7802 4873 7802 4873 7803 4872 7803 4874 7803 4873 7804 4874 7804 4875 7804 4875 7805 4874 7805 4876 7805 4876 7806 4874 7806 4877 7806 4877 7807 4874 7807 4878 7807 4877 7808 4878 7808 4879 7808 4879 7809 4878 7809 4880 7809 4880 7810 4878 7810 4881 7810 4880 7811 4881 7811 4882 7811 4880 7812 4882 7812 4883 7812 4883 7813 4884 7813 4885 7813 4885 7814 4886 7814 4883 7814 4883 7815 4886 7815 4887 7815 4887 7816 4886 7816 4888 7816 4887 7817 4888 7817 4889 7817 4887 7818 4889 7818 4890 7818 4887 7819 4890 7819 4891 7819 4887 7796 4891 7796 4892 7796 4893 7786 4894 7786 4892 7786 4894 7820 4893 7820 4895 7820 4895 7821 4893 7821 4896 7821 4895 7822 4896 7822 4897 7822 4895 7823 4897 7823 4898 7823 4898 7824 4897 7824 4899 7824 4898 7825 4899 7825 4900 7825 4898 7826 4900 7826 4901 7826 4901 7827 4900 7827 4902 7827 4902 7828 4903 7828 4901 7828 4901 7829 4903 7829 4904 7829 4901 7830 4904 7830 4905 7830 4906 7831 4907 7831 4905 7831 4905 7832 4907 7832 4908 7832 4909 7833 4910 7833 4906 7833 4906 7834 4910 7834 4911 7834 4910 7835 4909 7835 4912 7835 4910 7836 4912 7836 4913 7836 4910 7837 4913 7837 4914 7837 4910 7838 4914 7838 4862 7838 4887 7839 4915 7839 4883 7839 4915 7840 4916 7840 4883 7840 4883 7841 4916 7841 4917 7841 4917 7842 4918 7842 4883 7842 4883 7843 4918 7843 4919 7843 4919 7844 4880 7844 4883 7844 4863 1912 4920 1912 4862 1912 4920 7845 4921 7845 4862 7845 4921 7846 4922 7846 4862 7846 4862 7847 4922 7847 4923 7847 4923 7848 4924 7848 4862 7848 4924 7849 4910 7849 4862 7849 4911 7804 4925 7804 4906 7804 4906 7850 4925 7850 4907 7850 4908 7851 4901 7851 4905 7851 4892 7852 4894 7852 4926 7852 4892 7853 4926 7853 4927 7853 4892 7854 4927 7854 4887 7854 4928 7855 4929 7855 4843 7855 4843 7856 4929 7856 4845 7856 4845 7857 4929 7857 4847 7857 4847 7858 4929 7858 4849 7858 4849 7859 4929 7859 4930 7859 4849 7860 4930 7860 4851 7860 4851 7861 4930 7861 4931 7861 4851 7862 4931 7862 4853 7862 4853 7863 4931 7863 4855 7863 4855 7864 4931 7864 4932 7864 4855 7865 4932 7865 4857 7865 4857 7866 4932 7866 4933 7866 4857 7867 4933 7867 4859 7867 4859 7868 4933 7868 4934 7868 4859 7869 4934 7869 4861 7869 4861 7870 4934 7870 4866 7870 4866 7871 4934 7871 4935 7871 4866 7872 4935 7872 4869 7872 4869 7873 4935 7873 4936 7873 4869 7874 4936 7874 4872 7874 4872 7875 4936 7875 4937 7875 4872 7876 4937 7876 4874 7876 4874 7877 4937 7877 4938 7877 4939 7878 4940 7878 4906 7878 4906 7879 4940 7879 4909 7879 4909 7880 4940 7880 4941 7880 4909 7881 4941 7881 4912 7881 4912 7882 4941 7882 4942 7882 4912 7883 4942 7883 4913 7883 4913 7884 4942 7884 4914 7884 4914 7885 4942 7885 4943 7885 4914 7886 4943 7886 4862 7886 4862 7887 4943 7887 4860 7887 4860 7888 4943 7888 4944 7888 4860 7889 4944 7889 4858 7889 4858 7890 4944 7890 4856 7890 4856 7891 4944 7891 4945 7891 4856 7892 4945 7892 4854 7892 4854 7893 4945 7893 4946 7893 4854 7894 4946 7894 4852 7894 4852 7895 4946 7895 4850 7895 4850 7896 4946 7896 4947 7896 4850 7897 4947 7897 4848 7897 4848 7898 4947 7898 4846 7898 4846 7899 4947 7899 4948 7899 4846 7900 4948 7900 4844 7900 4844 7901 4948 7901 4842 7901 4842 7902 4948 7902 4949 7902 4949 7903 4928 7903 4842 7903 4842 7904 4928 7904 4843 7904 4905 0 4950 0 4906 0 4906 0 4950 0 4939 0 4892 7905 4951 7905 4893 7905 4893 7906 4951 7906 4952 7906 4893 7907 4952 7907 4896 7907 4896 7908 4952 7908 4953 7908 4896 7909 4953 7909 4897 7909 4897 7910 4953 7910 4954 7910 4897 7911 4954 7911 4899 7911 4899 7912 4954 7912 4955 7912 4899 7913 4955 7913 4900 7913 4900 7914 4955 7914 4956 7914 4900 7915 4956 7915 4902 7915 4902 7916 4956 7916 4957 7916 4902 7917 4957 7917 4903 7917 4903 7918 4957 7918 4958 7918 4903 7919 4958 7919 4904 7919 4904 7920 4958 7920 4959 7920 4904 7921 4959 7921 4905 7921 4905 7922 4959 7922 4950 7922 4960 7923 4951 7923 4891 7923 4891 7923 4951 7923 4892 7923 4878 7924 4961 7924 4881 7924 4881 7925 4961 7925 4962 7925 4881 7926 4962 7926 4963 7926 4881 7927 4963 7927 4882 7927 4882 7928 4963 7928 4964 7928 4882 7929 4964 7929 4883 7929 4883 7930 4964 7930 4965 7930 4883 7931 4965 7931 4884 7931 4884 7932 4965 7932 4966 7932 4884 7933 4966 7933 4885 7933 4885 7934 4966 7934 4967 7934 4885 7935 4967 7935 4886 7935 4886 7936 4967 7936 4968 7936 4886 7937 4968 7937 4888 7937 4888 7938 4968 7938 4889 7938 4889 7939 4968 7939 4969 7939 4889 7940 4969 7940 4890 7940 4890 7941 4969 7941 4970 7941 4890 7942 4970 7942 4891 7942 4891 7943 4970 7943 4960 7943 4874 7944 4938 7944 4878 7944 4878 239 4938 239 4961 239 3054 7945 3052 7945 4971 7945 4971 7946 3052 7946 4972 7946 4972 7947 3052 7947 4973 7947 4973 2026 3052 2026 4974 2026 4974 7948 3052 7948 4975 7948 4975 7949 3052 7949 4976 7949 4976 7950 3052 7950 4977 7950 4977 7951 3052 7951 4978 7951 4978 7952 3052 7952 4979 7952 4979 7953 3052 7953 4980 7953 4980 6152 3052 6152 4981 6152 4981 7954 3052 7954 4982 7954 4982 7955 3052 7955 4983 7955 4983 7956 3052 7956 3048 7956 4983 6139 3048 6139 3047 6139 3052 7957 3221 7957 3048 7957 3221 6130 3219 6130 3048 6130 3048 7958 3219 7958 3217 7958 3217 7959 3215 7959 3048 7959 3215 7960 3213 7960 3048 7960 3048 7961 3213 7961 3211 7961 3048 7962 3211 7962 3209 7962 3209 7963 3207 7963 3048 7963 3048 7964 3207 7964 3206 7964 3048 7965 3206 7965 3204 7965 3047 7966 3254 7966 3253 7966 3047 7967 3253 7967 3252 7967 3047 7968 3252 7968 3250 7968 3250 7969 3248 7969 3047 7969 3047 7970 3248 7970 3247 7970 3245 7971 4984 7971 3247 7971 3247 7972 4984 7972 4985 7972 4986 2020 3245 2020 4987 2020 4987 7973 3245 7973 3244 7973 4987 7974 3244 7974 4988 7974 4988 7975 3244 7975 3242 7975 4988 7976 3242 7976 3240 7976 4988 7977 3240 7977 4989 7977 4989 7978 3240 7978 3239 7978 4989 7979 3239 7979 4990 7979 4990 7980 3239 7980 3237 7980 4990 7981 3237 7981 3235 7981 4990 7982 3235 7982 4991 7982 4991 7983 3235 7983 3234 7983 4991 7984 3234 7984 2922 7984 2922 7985 3234 7985 2923 7985 4986 7986 4984 7986 3245 7986 3247 7987 4985 7987 4992 7987 4992 7988 4983 7988 3247 7988 3247 7989 4983 7989 3047 7989 3284 7990 3289 7990 4983 7990 4983 7991 3289 7991 4982 7991 3837 7992 3836 7992 3270 7992 3270 7993 3836 7993 3264 7993 3836 7994 3835 7994 3264 7994 3264 7995 3835 7995 3352 7995 3352 7996 3835 7996 3350 7996 3350 7997 3835 7997 3349 7997 3349 7998 3835 7998 3348 7998 3348 7999 3835 7999 3347 7999 3347 8000 3835 8000 3834 8000 3347 8001 3834 8001 3346 8001 3346 8002 3834 8002 3345 8002 3345 8003 3834 8003 3833 8003 3345 8004 3833 8004 3344 8004 3344 8005 3833 8005 3826 8005 3344 8006 3826 8006 3343 8006 3343 8007 3826 8007 3824 8007 3343 8008 3824 8008 3342 8008 3342 8009 3824 8009 3341 8009 3341 8010 3824 8010 3340 8010 3340 8011 3824 8011 3820 8011 3340 8012 3820 8012 3339 8012 3339 8013 3820 8013 3338 8013 3837 8014 3270 8014 3838 8014 3838 8015 3270 8015 4117 8015 3838 8016 4117 8016 3842 8016 3842 8017 4117 8017 4115 8017 3842 8018 4115 8018 4114 8018 3842 8019 4114 8019 3845 8019 3845 8020 4114 8020 4113 8020 3845 8021 4113 8021 4112 8021 3845 8022 4112 8022 4111 8022 3845 8023 4111 8023 3849 8023 3849 8024 4111 8024 4110 8024 3849 8025 4110 8025 4109 8025 3849 8026 4109 8026 4108 8026 3849 8027 4108 8027 3854 8027 3338 8028 3820 8028 4402 8028 4402 8029 3820 8029 3818 8029 4402 8030 3818 8030 4401 8030 4401 8031 3818 8031 4400 8031 4400 8032 3818 8032 4399 8032 4399 8033 3818 8033 3815 8033 4399 8034 3815 8034 4398 8034 4398 8035 3815 8035 4397 8035 4397 8036 3815 8036 4396 8036 4396 8037 3815 8037 3813 8037 4396 8038 3813 8038 4395 8038 4395 8039 3813 8039 4394 8039 4394 8040 3813 8040 4393 8040 4393 8041 3813 8041 4392 8041 4392 8042 3813 8042 4391 8042 4391 8043 3813 8043 4390 8043 4390 8044 3813 8044 4389 8044 4389 8045 3813 8045 3814 8045 4389 8046 3814 8046 4388 8046 4388 8047 3814 8047 4387 8047 4387 8048 3814 8048 4386 8048 4386 8049 3814 8049 4385 8049 4385 8050 3814 8050 4384 8050 4384 8051 3814 8051 4383 8051 4383 8052 3814 8052 4382 8052 4382 8053 3814 8053 3811 8053 4382 8054 3811 8054 4381 8054 4381 8055 3811 8055 4380 8055 4380 8056 3811 8056 4379 8056 4379 8057 3811 8057 3808 8057 4379 8058 3808 8058 4378 8058 4378 8059 3808 8059 4377 8059 4377 8060 3808 8060 4376 8060 4376 8061 3808 8061 3806 8061 4376 8062 3806 8062 4375 8062 4375 8063 3806 8063 4374 8063 4374 8064 3806 8064 4373 8064 4373 8065 3806 8065 3803 8065 4373 8066 3803 8066 4372 8066 4372 8067 3803 8067 4371 8067 4371 8068 3803 8068 4370 8068 4370 8069 3803 8069 4369 8069 4369 8070 3803 8070 4368 8070 4368 8071 3803 8071 4367 8071 4367 8072 3803 8072 3799 8072 4367 8073 3799 8073 4366 8073 4366 8074 3799 8074 4365 8074 4365 8075 3799 8075 4364 8075 4364 8076 3799 8076 4363 8076 4363 8077 3799 8077 4362 8077 4362 8078 3799 8078 3797 8078 4362 8079 3797 8079 4361 8079 4361 8080 3797 8080 4360 8080 4360 8081 3797 8081 4359 8081 4359 8082 3797 8082 4358 8082 4358 8083 3797 8083 3794 8083 4358 8084 3794 8084 4357 8084 4357 8085 3794 8085 4356 8085 4356 8086 3794 8086 4355 8086 4355 8087 3794 8087 4354 8087 4354 8088 3794 8088 4353 8088 4353 8089 3794 8089 4352 8089 4352 8090 3794 8090 3793 8090 4352 8091 3793 8091 4351 8091 4351 8092 3793 8092 4350 8092 4350 8093 3793 8093 4349 8093 4349 8094 3793 8094 3792 8094 4349 8095 3792 8095 4348 8095 4348 8096 3792 8096 4347 8096 4347 8097 3792 8097 4346 8097 4346 8098 3792 8098 4345 8098 4345 8099 3792 8099 3788 8099 4345 8100 3788 8100 4344 8100 4344 8101 3788 8101 4343 8101 4343 8102 3788 8102 4342 8102 4342 8103 3788 8103 3785 8103 4342 8104 3785 8104 4341 8104 4341 8105 3785 8105 4340 8105 4340 8106 3785 8106 4339 8106 4339 8107 3785 8107 4338 8107 4338 8108 3785 8108 3782 8108 4338 8109 3782 8109 4337 8109 4337 8110 3782 8110 4336 8110 4336 8111 3782 8111 4335 8111 4335 8112 3782 8112 3778 8112 4335 8113 3778 8113 4334 8113 4334 8114 3778 8114 4333 8114 4333 8115 3778 8115 4332 8115 4332 8116 3778 8116 4331 8116 4331 8117 3778 8117 4330 8117 4330 8118 3778 8118 4329 8118 4329 8119 3778 8119 3775 8119 4329 8120 3775 8120 4328 8120 4328 8121 3775 8121 4326 8121 4326 8122 3775 8122 4324 8122 4324 8123 3775 8123 4322 8123 4322 8124 3775 8124 3773 8124 4322 8125 3773 8125 4320 8125 4320 8126 3773 8126 4318 8126 4318 8127 3773 8127 4316 8127 4316 8128 3773 8128 3769 8128 4316 8129 3769 8129 4314 8129 4314 8130 3769 8130 4311 8130 4311 8131 3769 8131 4309 8131 4309 8132 3769 8132 4308 8132 4308 8133 3769 8133 4307 8133 4307 8134 3769 8134 3766 8134 4307 8135 3766 8135 4306 8135 4306 8136 3766 8136 4305 8136 4305 8137 3766 8137 4304 8137 4304 8138 3766 8138 4303 8138 4303 8139 3766 8139 4302 8139 4302 8140 3766 8140 3763 8140 4302 8141 3763 8141 3936 8141 4108 8142 4107 8142 3854 8142 3854 8143 4107 8143 4106 8143 3854 8144 4106 8144 4105 8144 3854 8145 4105 8145 3882 8145 3882 8146 4105 8146 4104 8146 3882 8147 4104 8147 3884 8147 3884 8148 4104 8148 4103 8148 3884 8149 4103 8149 4102 8149 3884 8150 4102 8150 4101 8150 3884 8151 4101 8151 4100 8151 3884 8152 4100 8152 3886 8152 3886 8153 4100 8153 4099 8153 3886 8154 4099 8154 4098 8154 3886 8155 4098 8155 3885 8155 3885 8156 4098 8156 4097 8156 3885 8157 4097 8157 4096 8157 3885 8158 4096 8158 4095 8158 3885 8159 4095 8159 4094 8159 3885 8160 4094 8160 3883 8160 3883 8161 4094 8161 4093 8161 3883 8162 4093 8162 4092 8162 3883 8163 4092 8163 4091 8163 3883 8164 4091 8164 3881 8164 3881 8165 4091 8165 4090 8165 3881 8166 4090 8166 3855 8166 3855 8167 4090 8167 4089 8167 3855 8168 4089 8168 4088 8168 3855 8169 4088 8169 4087 8169 3855 8170 4087 8170 3859 8170 3859 8171 4087 8171 4086 8171 3859 8172 4086 8172 4085 8172 3859 8173 4085 8173 4084 8173 3859 8174 4084 8174 3865 8174 3865 8175 4084 8175 4083 8175 3865 8176 4083 8176 3869 8176 3869 8177 4083 8177 4082 8177 3869 8178 4082 8178 4081 8178 3869 8179 4081 8179 4080 8179 3869 8180 4080 8180 3874 8180 3874 8181 4080 8181 4079 8181 3874 8182 4079 8182 4078 8182 3874 8183 4078 8183 3876 8183 3876 8184 4078 8184 4077 8184 3876 8185 4077 8185 4076 8185 3876 8186 4076 8186 4075 8186 3876 8187 4075 8187 4074 8187 3876 8188 4074 8188 3887 8188 3887 8189 4074 8189 4073 8189 3887 8190 4073 8190 4072 8190 3887 8191 4072 8191 4071 8191 3887 8192 4071 8192 3888 8192 3888 8193 4071 8193 4070 8193 3888 8194 4070 8194 4069 8194 3888 8195 4069 8195 3889 8195 3889 8196 4069 8196 4068 8196 3889 8197 4068 8197 4067 8197 3889 8198 4067 8198 4066 8198 3889 8199 4066 8199 4065 8199 3889 8200 4065 8200 3890 8200 3890 8201 4065 8201 4064 8201 3890 8202 4064 8202 4063 8202 3890 8203 4063 8203 3891 8203 3891 8204 4063 8204 4062 8204 3891 8205 4062 8205 3897 8205 3897 8206 4062 8206 4061 8206 3897 8207 4061 8207 4060 8207 3897 8208 4060 8208 3902 8208 3902 8209 4060 8209 4059 8209 3902 8210 4059 8210 4058 8210 3902 8211 4058 8211 4057 8211 3902 8212 4057 8212 3906 8212 3906 8213 4057 8213 4056 8213 3906 8214 4056 8214 4055 8214 3906 8215 4055 8215 4054 8215 3906 8216 4054 8216 4053 8216 3906 8217 4053 8217 3912 8217 3912 8218 4053 8218 4052 8218 3912 8219 4052 8219 4051 8219 3912 8220 4051 8220 4050 8220 3912 8221 4050 8221 4049 8221 3912 8222 4049 8222 4048 8222 3912 8223 4048 8223 3918 8223 3918 8224 4048 8224 4047 8224 3918 8225 4047 8225 4046 8225 3918 8226 4046 8226 4045 8226 3918 8227 4045 8227 3741 8227 3741 8228 4045 8228 4044 8228 3741 8229 4044 8229 4043 8229 3936 8230 3763 8230 3981 8230 3981 8231 3763 8231 3980 8231 3980 8232 3763 8232 3762 8232 3980 8233 3762 8233 3979 8233 3979 8234 3762 8234 3978 8234 3978 8235 3762 8235 3760 8235 3978 8236 3760 8236 3977 8236 3977 8237 3760 8237 3976 8237 3976 8238 3760 8238 3975 8238 3975 8239 3760 8239 3974 8239 3974 8240 3760 8240 3759 8240 3974 8241 3759 8241 3973 8241 3973 8242 3759 8242 3972 8242 3972 8243 3759 8243 3758 8243 3972 8244 3758 8244 3971 8244 3971 8245 3758 8245 3970 8245 3970 8246 3758 8246 3969 8246 3969 8247 3758 8247 3968 8247 3968 8248 3758 8248 3967 8248 3967 8249 3758 8249 3754 8249 3741 8250 4043 8250 3739 8250 3739 8251 4043 8251 4042 8251 3739 8252 4042 8252 3744 8252 3744 8253 4042 8253 4041 8253 3744 8254 4041 8254 4040 8254 3744 8255 4040 8255 4039 8255 3744 8256 4039 8256 3748 8256 3748 8257 4039 8257 4038 8257 3748 8258 4038 8258 4037 8258 3748 8259 4037 8259 3749 8259 3749 8260 4037 8260 4036 8260 3749 8261 4036 8261 4035 8261 3749 8262 4035 8262 4034 8262 3749 8263 4034 8263 3750 8263 3750 8264 4034 8264 3985 8264 3754 8265 3750 8265 3967 8265 3967 8266 3750 8266 3985 8266 3300 8267 3306 8267 4516 8267 4516 8268 3306 8268 4517 8268 4517 8269 3306 8269 4522 8269 4522 8270 3306 8270 3354 8270 4522 8271 3354 8271 3314 8271 4522 8272 3314 8272 3315 8272 4522 8273 3315 8273 3317 8273 4522 8274 3317 8274 3319 8274 4522 8275 3319 8275 4526 8275 4526 8276 3319 8276 3321 8276 4526 8277 3321 8277 3323 8277 4526 8278 3323 8278 3325 8278 4526 8279 3325 8279 3327 8279 4526 8280 3327 8280 3329 8280 4526 8281 3329 8281 3331 8281 4526 8282 3331 8282 4528 8282 4528 8283 3331 8283 3333 8283 4528 8284 3333 8284 4530 8284 4530 8285 3333 8285 3335 8285 4530 8286 3335 8286 3337 8286 3300 8287 4516 8287 4682 8287 4682 8288 4516 8288 4515 8288 4682 8289 4515 8289 4684 8289 4684 8290 4515 8290 4685 8290 4685 8291 4515 8291 4514 8291 4685 8292 4514 8292 4686 8292 4686 8293 4514 8293 4687 8293 4687 8294 4514 8294 4688 8294 4688 8295 4514 8295 4513 8295 4688 8296 4513 8296 4689 8296 4689 8297 4513 8297 4690 8297 4690 8298 4513 8298 4691 8298 4691 8299 4513 8299 4493 8299 4691 8300 4493 8300 4620 8300 4620 8301 4493 8301 4486 8301 3337 8302 4120 8302 4530 8302 4530 8303 4120 8303 4122 8303 4530 8304 4122 8304 4124 8304 4530 8305 4124 8305 4126 8305 4530 8306 4126 8306 4533 8306 4533 8307 4126 8307 4128 8307 4533 8308 4128 8308 4130 8308 4533 8309 4130 8309 4132 8309 4533 8310 4132 8310 4536 8310 4536 8311 4132 8311 4134 8311 4536 8312 4134 8312 4136 8312 4536 8313 4136 8313 4539 8313 4539 8314 4136 8314 4138 8314 4539 8315 4138 8315 4140 8315 4539 8316 4140 8316 4142 8316 4539 8317 4142 8317 4144 8317 4539 8318 4144 8318 4146 8318 4539 8319 4146 8319 4540 8319 4540 8320 4146 8320 4148 8320 4540 8321 4148 8321 4150 8321 4540 8322 4150 8322 4152 8322 4540 8323 4152 8323 4154 8323 4540 8324 4154 8324 4538 8324 4538 8325 4154 8325 4156 8325 4538 8326 4156 8326 4158 8326 4538 8327 4158 8327 4160 8327 4538 8328 4160 8328 4537 8328 4537 8329 4160 8329 4162 8329 4537 8330 4162 8330 4164 8330 4537 8331 4164 8331 4166 8331 4537 8332 4166 8332 4168 8332 4537 8333 4168 8333 4543 8333 4543 8334 4168 8334 4170 8334 4543 8335 4170 8335 4172 8335 4543 8336 4172 8336 4174 8336 4543 8337 4174 8337 4545 8337 4545 8338 4174 8338 4176 8338 4545 8339 4176 8339 4178 8339 4545 8340 4178 8340 4180 8340 4545 8341 4180 8341 4182 8341 4545 8342 4182 8342 4184 8342 4545 8343 4184 8343 4186 8343 4545 8344 4186 8344 4549 8344 4549 8345 4186 8345 4188 8345 4549 8346 4188 8346 4190 8346 4549 8347 4190 8347 4192 8347 4549 8348 4192 8348 4583 8348 4583 8349 4192 8349 4194 8349 4583 8350 4194 8350 4196 8350 4583 8351 4196 8351 4198 8351 4583 8352 4198 8352 4200 8352 4583 8353 4200 8353 4202 8353 4583 8354 4202 8354 4585 8354 4585 8355 4202 8355 4204 8355 4585 8356 4204 8356 4206 8356 4585 8357 4206 8357 4586 8357 4586 8358 4206 8358 4208 8358 4586 8359 4208 8359 4210 8359 4586 8360 4210 8360 4212 8360 4586 8361 4212 8361 4214 8361 4586 8362 4214 8362 4216 8362 4586 8363 4216 8363 4218 8363 4586 8364 4218 8364 4220 8364 4586 8365 4220 8365 4584 8365 4584 8366 4220 8366 4222 8366 4584 8367 4222 8367 4224 8367 4584 8368 4224 8368 4582 8368 4582 8369 4224 8369 4226 8369 4582 8370 4226 8370 4228 8370 4582 8371 4228 8371 4230 8371 4582 8372 4230 8372 4232 8372 4582 8373 4232 8373 4234 8373 4582 8374 4234 8374 4555 8374 4555 8375 4234 8375 4236 8375 4555 8376 4236 8376 4238 8376 4555 8377 4238 8377 4240 8377 4555 8378 4240 8378 4559 8378 4559 8379 4240 8379 4242 8379 4559 8380 4242 8380 4244 8380 4559 8381 4244 8381 4246 8381 4559 8382 4246 8382 4562 8382 4562 8383 4246 8383 4248 8383 4562 8384 4248 8384 4250 8384 4562 8385 4250 8385 4252 8385 4562 8386 4252 8386 4565 8386 4565 8387 4252 8387 4254 8387 4565 8388 4254 8388 4256 8388 4565 8389 4256 8389 4258 8389 4565 8390 4258 8390 4260 8390 4565 8391 4260 8391 4568 8391 4568 8392 4260 8392 4262 8392 4568 8393 4262 8393 4264 8393 4568 8394 4264 8394 4266 8394 4568 8395 4266 8395 4571 8395 4571 8396 4266 8396 4268 8396 4571 8397 4268 8397 4270 8397 4571 8398 4270 8398 4272 8398 4571 8399 4272 8399 4274 8399 4571 8400 4274 8400 4574 8400 4574 8401 4274 8401 4276 8401 4574 8402 4276 8402 4278 8402 4574 8403 4278 8403 4280 8403 4574 8404 4280 8404 4282 8404 4574 8405 4282 8405 4577 8405 4577 8406 4282 8406 4284 8406 4577 8407 4284 8407 4286 8407 4577 8408 4286 8408 4288 8408 4577 8409 4288 8409 4579 8409 4579 8410 4288 8410 4290 8410 4579 8411 4290 8411 4292 8411 4579 8412 4292 8412 4294 8412 4579 8413 4294 8413 4296 8413 4579 8414 4296 8414 4298 8414 4579 8415 4298 8415 4418 8415 4418 8416 4298 8416 4300 8416 4418 8417 4300 8417 3938 8417 4620 8418 4486 8418 4621 8418 4621 8419 4486 8419 4622 8419 4622 8420 4486 8420 4623 8420 4623 8421 4486 8421 4489 8421 4623 8422 4489 8422 4624 8422 4624 8423 4489 8423 4625 8423 4625 8424 4489 8424 4626 8424 4626 8425 4489 8425 4491 8425 4626 8426 4491 8426 4627 8426 4627 8427 4491 8427 4628 8427 4628 8428 4491 8428 4629 8428 4629 8429 4491 8429 4492 8429 4629 8430 4492 8430 4630 8430 4630 8431 4492 8431 4631 8431 4631 8432 4492 8432 4632 8432 4632 8433 4492 8433 4633 8433 4633 8434 4492 8434 4490 8434 4633 8435 4490 8435 4634 8435 4634 8436 4490 8436 4635 8436 4635 8437 4490 8437 4636 8437 4636 8438 4490 8438 4485 8438 4636 8439 4485 8439 4637 8439 4637 8440 4485 8440 4638 8440 4638 8441 4485 8441 4639 8441 4639 8442 4485 8442 4484 8442 4639 8443 4484 8443 4483 8443 4639 8444 4483 8444 4640 8444 4640 8445 4483 8445 4641 8445 4641 8446 4483 8446 4642 8446 4642 8447 4483 8447 4643 8447 4643 8448 4483 8448 4476 8448 4643 8449 4476 8449 4644 8449 4644 8450 4476 8450 4474 8450 4644 8451 4474 8451 4645 8451 4645 8452 4474 8452 4646 8452 4646 8453 4474 8453 4647 8453 4647 8454 4474 8454 4482 8454 4647 8455 4482 8455 4648 8455 4648 8456 4482 8456 4649 8456 4649 8457 4482 8457 4650 8457 4650 8458 4482 8458 4651 8458 4651 8459 4482 8459 4652 8459 4652 8460 4482 8460 4481 8460 4652 8461 4481 8461 4653 8461 4653 8462 4481 8462 4654 8462 4654 8463 4481 8463 4655 8463 4655 8464 4481 8464 4466 8464 4655 8465 4466 8465 4656 8465 4656 8466 4466 8466 4657 8466 4657 8467 4466 8467 4658 8467 4658 8468 4466 8468 4659 8468 4659 8469 4466 8469 4463 8469 4659 8470 4463 8470 4660 8470 4660 8471 4463 8471 4457 8471 4660 8472 4457 8472 4661 8472 4661 8473 4457 8473 4662 8473 4662 8474 4457 8474 4454 8474 4662 8475 4454 8475 4663 8475 4663 8476 4454 8476 4452 8476 4663 8477 4452 8477 4664 8477 4664 8478 4452 8478 4665 8478 4665 8479 4452 8479 4666 8479 4666 8480 4452 8480 4667 8480 4667 8481 4452 8481 4478 8481 4667 8482 4478 8482 4668 8482 4668 8483 4478 8483 4669 8483 4669 8484 4478 8484 4670 8484 4670 8485 4478 8485 4480 8485 4670 8486 4480 8486 4671 8486 4671 8487 4480 8487 4672 8487 4672 8488 4480 8488 4673 8488 4673 8489 4480 8489 4674 8489 4674 8490 4480 8490 4479 8490 4674 8491 4479 8491 4675 8491 4675 8492 4479 8492 4676 8492 4676 8493 4479 8493 4677 8493 4677 8494 4479 8494 4477 8494 4677 8495 4477 8495 4678 8495 4678 8496 4477 8496 4679 8496 4679 8497 4477 8497 4451 8497 4679 8498 4451 8498 4680 8498 4680 8499 4451 8499 4610 8499 4418 8500 3938 8500 3939 8500 4418 8501 3939 8501 3940 8501 4418 8502 3940 8502 4420 8502 4420 8503 3940 8503 3942 8503 4420 8504 3942 8504 3944 8504 4420 8505 3944 8505 3946 8505 4420 8506 3946 8506 4426 8506 4426 8507 3946 8507 3948 8507 4426 8508 3948 8508 4428 8508 4428 8509 3948 8509 3950 8509 4428 8510 3950 8510 4429 8510 4429 8511 3950 8511 3952 8511 4429 8512 3952 8512 3954 8512 4429 8513 3954 8513 4430 8513 4430 8514 3954 8514 3956 8514 4430 8515 3956 8515 3958 8515 4430 8516 3958 8516 3960 8516 4430 8517 3960 8517 3962 8517 4430 8518 3962 8518 3964 8518 4430 8519 3964 8519 3966 8519 4430 8520 3966 8520 4431 8520 4610 8521 4451 8521 4611 8521 4611 8522 4451 8522 4445 8522 4611 8523 4445 8523 4612 8523 4612 8524 4445 8524 4613 8524 4613 8525 4445 8525 4441 8525 4613 8526 4441 8526 4614 8526 4614 8527 4441 8527 4615 8527 4615 8528 4441 8528 4616 8528 4616 8529 4441 8529 4438 8529 4616 8530 4438 8530 4617 8530 4617 8531 4438 8531 4618 8531 4618 8532 4438 8532 4619 8532 4619 8533 4438 8533 4433 8533 4619 8534 4433 8534 4005 8534 4005 8535 4433 8535 4432 8535 3966 8536 4005 8536 4431 8536 4431 8537 4005 8537 4432 8537 3988 8538 3987 8538 3357 8538 3357 8539 3987 8539 3392 8539 3987 8540 3986 8540 3392 8540 3392 8541 3986 8541 3426 8541 3426 8542 3986 8542 4022 8542 3426 8543 4022 8543 3424 8543 3424 8544 4022 8544 4021 8544 3424 8545 4021 8545 3422 8545 3422 8546 4021 8546 4020 8546 3422 8547 4020 8547 3420 8547 3420 8548 4020 8548 3418 8548 3418 8549 4020 8549 3416 8549 3416 8550 4020 8550 3989 8550 3416 8551 3989 8551 3414 8551 3414 8552 3989 8552 3412 8552 3412 8553 3989 8553 3990 8553 3412 8554 3990 8554 3410 8554 3410 8555 3990 8555 3991 8555 3410 8556 3991 8556 3408 8556 3408 8557 3991 8557 3406 8557 3406 8558 3991 8558 3992 8558 3406 8559 3992 8559 3404 8559 3404 8560 3992 8560 3993 8560 3404 8561 3993 8561 3402 8561 3402 8562 3993 8562 3400 8562 3400 8563 3993 8563 3994 8563 3400 8564 3994 8564 3398 8564 3398 8565 3994 8565 3995 8565 3398 8566 3995 8566 3396 8566 3396 8567 3995 8567 3996 8567 3396 8568 3996 8568 3394 8568 3394 8569 3996 8569 3997 8569 3988 8570 3357 8570 4023 8570 4023 8571 3357 8571 3359 8571 4023 8572 3359 8572 3361 8572 4023 8573 3361 8573 4024 8573 4024 8574 3361 8574 3363 8574 4024 8575 3363 8575 3365 8575 4024 8576 3365 8576 4025 8576 4025 8577 3365 8577 3367 8577 4025 8578 3367 8578 4026 8578 4026 8579 3367 8579 3369 8579 4026 8580 3369 8580 3371 8580 4026 8581 3371 8581 3373 8581 4026 8582 3373 8582 4027 8582 4027 8583 3373 8583 3375 8583 4027 8584 3375 8584 4028 8584 4028 8585 3375 8585 3377 8585 4028 8586 3377 8586 3379 8586 4028 8587 3379 8587 3381 8587 4028 8588 3381 8588 4029 8588 4029 8589 3381 8589 3383 8589 4029 8590 3383 8590 4030 8590 4030 8591 3383 8591 3385 8591 4030 8592 3385 8592 3387 8592 4030 8593 3387 8593 4031 8593 4031 8594 3387 8594 3388 8594 4031 8595 3388 8595 4032 8595 4032 8596 3388 8596 3390 8596 4032 8597 3390 8597 4033 8597 3997 8598 3998 8598 3394 8598 3394 8599 3998 8599 3429 8599 3390 8600 3464 8600 4033 8600 4033 8601 3464 8601 3982 8601 3998 8602 3999 8602 3429 8602 3429 8603 3999 8603 3460 8603 3460 8604 3999 8604 4000 8604 3460 8605 4000 8605 3458 8605 3458 8606 4000 8606 3456 8606 3456 8607 4000 8607 4001 8607 3456 8608 4001 8608 3454 8608 3454 8609 4001 8609 3452 8609 3452 8610 4001 8610 3450 8610 3450 8611 4001 8611 4002 8611 3450 8612 4002 8612 3448 8612 3448 8613 4002 8613 3446 8613 3446 8614 4002 8614 4003 8614 3446 8615 4003 8615 3444 8615 3444 8616 4003 8616 4004 8616 3444 8617 4004 8617 3442 8617 3442 8618 4004 8618 4006 8618 3442 8619 4006 8619 3440 8619 3440 8620 4006 8620 3438 8620 3438 8621 4006 8621 4007 8621 3438 8622 4007 8622 3436 8622 3436 8623 4007 8623 3434 8623 3434 8624 4007 8624 4008 8624 3434 8625 4008 8625 4009 8625 3434 8626 4009 8626 3432 8626 3432 8627 4009 8627 3430 8627 3430 8628 4009 8628 4010 8628 3982 8629 3464 8629 3983 8629 3983 8630 3464 8630 3466 8630 3983 8631 3466 8631 3984 8631 3984 8632 3466 8632 3469 8632 3984 8633 3469 8633 4019 8633 4019 8634 3469 8634 3471 8634 4019 8635 3471 8635 3473 8635 4019 8636 3473 8636 4018 8636 4018 8637 3473 8637 3475 8637 4018 8638 3475 8638 4017 8638 4017 8639 3475 8639 3477 8639 4017 8640 3477 8640 3479 8640 4017 8641 3479 8641 3481 8641 4017 8642 3481 8642 4016 8642 4016 8643 3481 8643 4015 8643 4015 8644 3481 8644 3483 8644 4015 8645 3483 8645 3485 8645 4015 8646 3485 8646 3487 8646 4015 8647 3487 8647 4014 8647 4014 8648 3487 8648 3489 8648 4014 8649 3489 8649 4013 8649 4013 8650 3489 8650 3491 8650 4013 8651 3491 8651 3493 8651 4013 8652 3493 8652 4012 8652 4012 8653 3493 8653 3495 8653 4012 8654 3495 8654 3463 8654 4012 8655 3463 8655 4011 8655 4010 8656 4011 8656 3430 8656 3430 8657 4011 8657 3463 8657 4681 8658 4973 8658 3299 8658 3299 8659 4973 8659 4974 8659 3299 8660 4974 8660 4975 8660 3299 8661 4975 8661 3297 8661 3297 8662 4975 8662 4976 8662 3297 8663 4976 8663 3296 8663 3296 8664 4976 8664 4977 8664 3296 8665 4977 8665 3294 8665 3294 8666 4977 8666 4978 8666 3294 8667 4978 8667 3293 8667 3293 8668 4978 8668 4979 8668 3293 8669 4979 8669 3292 8669 3292 8670 4979 8670 4980 8670 3292 8671 4980 8671 3291 8671 3291 8672 4980 8672 4981 8672 3291 8673 4981 8673 3290 8673 3290 8674 4981 8674 4982 8674 3290 8675 4982 8675 3289 8675 4973 8676 4681 8676 4972 8676 4972 8677 4681 8677 4683 8677 4972 8678 4683 8678 4971 8678 4971 8679 4683 8679 3054 8679 3054 8680 4683 8680 3059 8680 3284 8681 4983 8681 3283 8681 3283 8682 4983 8682 4992 8682 3283 8683 4992 8683 3282 8683 3282 8684 4992 8684 3281 8684 3281 8685 4992 8685 4985 8685 3281 8686 4985 8686 3280 8686 3280 8687 4985 8687 4984 8687 3280 8688 4984 8688 3279 8688 3279 8689 4984 8689 4986 8689 3279 8690 4986 8690 3278 8690 3278 8691 4986 8691 4987 8691 3278 8692 4987 8692 3277 8692 3277 8693 4987 8693 4988 8693 3277 8694 4988 8694 3276 8694 3276 8695 4988 8695 4989 8695 3276 8696 4989 8696 4118 8696 4118 8697 4989 8697 4990 8697 4118 8698 4990 8698 4116 8698 4116 8699 4990 8699 4991 8699 4116 8700 4991 8700 2922 8700 4116 8701 2922 8701 2921 8701 3358 8702 3393 8702 4925 8702 4925 8703 3393 8703 4907 8703 4907 8704 3393 8704 4908 8704 4908 8705 3393 8705 3427 8705 4908 8706 3427 8706 3425 8706 4908 8707 3425 8707 3423 8707 4908 8708 3423 8708 4901 8708 4901 8709 3423 8709 3421 8709 4901 8710 3421 8710 3419 8710 4901 8711 3419 8711 3417 8711 4901 8712 3417 8712 4898 8712 4898 8713 3417 8713 3415 8713 4898 8714 3415 8714 3413 8714 4898 8715 3413 8715 3411 8715 4898 8716 3411 8716 3409 8716 4898 8717 3409 8717 4895 8717 4895 8718 3409 8718 3407 8718 4895 8719 3407 8719 3405 8719 4895 8720 3405 8720 4894 8720 4894 8721 3405 8721 3403 8721 4894 8722 3403 8722 3401 8722 4894 8723 3401 8723 3399 8723 4894 8724 3399 8724 4926 8724 4926 8725 3399 8725 3397 8725 4926 8726 3397 8726 3395 8726 4926 8727 3395 8727 4927 8727 4925 8728 4911 8728 3358 8728 3358 8729 4911 8729 3360 8729 3360 8730 4911 8730 3362 8730 3362 8731 4911 8731 3364 8731 3364 8732 4911 8732 4910 8732 3364 8733 4910 8733 3366 8733 3366 8734 4910 8734 3368 8734 3368 8735 4910 8735 4924 8735 3368 8736 4924 8736 3370 8736 3370 8737 4924 8737 3372 8737 3372 8738 4924 8738 4923 8738 3372 8739 4923 8739 3374 8739 3374 8740 4923 8740 3376 8740 3376 8741 4923 8741 4922 8741 3376 8742 4922 8742 3378 8742 3378 8743 4922 8743 3380 8743 3380 8744 4922 8744 4921 8744 3380 8745 4921 8745 3382 8745 3382 8746 4921 8746 3384 8746 3384 8747 4921 8747 3386 8747 3386 8748 4921 8748 4920 8748 3386 8749 4920 8749 3389 8749 3389 8750 4920 8750 3391 8750 3391 8751 4920 8751 4863 8751 3395 8752 3428 8752 4927 8752 4927 8753 3428 8753 4887 8753 4863 8754 4864 8754 3391 8754 3391 8755 4864 8755 3465 8755 4887 8756 3428 8756 4915 8756 4915 8757 3428 8757 3461 8757 4915 8758 3461 8758 3459 8758 4915 8759 3459 8759 4916 8759 4916 8760 3459 8760 3457 8760 4916 8761 3457 8761 3455 8761 4916 8762 3455 8762 4917 8762 4917 8763 3455 8763 3453 8763 4917 8764 3453 8764 3451 8764 4917 8765 3451 8765 4918 8765 4918 8766 3451 8766 3449 8766 4918 8767 3449 8767 3447 8767 4918 8768 3447 8768 4919 8768 4919 8769 3447 8769 3445 8769 4919 8770 3445 8770 3443 8770 4919 8771 3443 8771 3441 8771 4919 8772 3441 8772 4880 8772 4880 8773 3441 8773 3439 8773 4880 8774 3439 8774 3437 8774 4880 8775 3437 8775 3435 8775 4880 8776 3435 8776 4879 8776 4879 8777 3435 8777 3433 8777 4879 8778 3433 8778 3431 8778 4879 8779 3431 8779 4877 8779 4864 8780 4865 8780 3465 8780 3465 8781 4865 8781 3467 8781 3467 8782 4865 8782 3468 8782 3468 8783 4865 8783 4867 8783 3468 8784 4867 8784 3470 8784 3470 8785 4867 8785 4868 8785 3470 8786 4868 8786 3472 8786 3472 8787 4868 8787 3474 8787 3474 8788 4868 8788 3476 8788 3476 8789 4868 8789 4870 8789 3476 8790 4870 8790 3478 8790 3478 8791 4870 8791 3480 8791 3480 8792 4870 8792 3482 8792 3482 8793 4870 8793 4871 8793 3482 8794 4871 8794 3484 8794 3484 8795 4871 8795 3486 8795 3486 8796 4871 8796 3488 8796 3488 8797 4871 8797 3490 8797 3490 8798 4871 8798 4873 8798 3490 8799 4873 8799 3492 8799 3492 8800 4873 8800 4875 8800 3492 8801 4875 8801 3494 8801 3494 8802 4875 8802 3496 8802 3496 8803 4875 8803 3462 8803 3462 8804 4875 8804 4876 8804 3431 8805 3462 8805 4877 8805 4877 8806 3462 8806 4876 8806 3307 8807 3305 8807 4938 8807 4938 8808 3305 8808 4961 8808 3305 8809 3304 8809 4961 8809 4961 8810 3304 8810 4962 8810 4962 8811 3304 8811 3303 8811 4962 8812 3303 8812 4963 8812 4963 8813 3303 8813 4964 8813 4964 8814 3303 8814 3302 8814 4964 8815 3302 8815 4965 8815 4965 8816 3302 8816 4966 8816 4966 8817 3302 8817 3301 8817 4966 8818 3301 8818 4967 8818 4967 8819 3301 8819 4968 8819 4968 8820 3301 8820 3298 8820 4968 8821 3298 8821 4969 8821 4969 8822 3298 8822 4970 8822 4970 8823 3298 8823 3295 8823 4970 8824 3295 8824 4960 8824 4960 8825 3295 8825 3288 8825 3307 8826 4938 8826 3308 8826 3308 8827 4938 8827 4937 8827 3308 8828 4937 8828 4936 8828 3308 8829 4936 8829 3309 8829 3309 8830 4936 8830 4935 8830 3309 8831 4935 8831 4934 8831 3309 8832 4934 8832 3310 8832 3310 8833 4934 8833 4933 8833 3288 8834 3287 8834 4960 8834 4960 8835 3287 8835 4951 8835 4993 8836 3310 8836 4933 8836 4993 8837 4933 8837 4932 8837 3310 8838 4993 8838 3355 8838 3355 8839 4993 8839 3356 8839 4932 8840 4931 8840 4993 8840 4993 8841 4931 8841 4930 8841 4993 8842 4930 8842 3356 8842 3356 8843 4930 8843 4929 8843 3356 8844 4929 8844 4928 8844 4928 8845 3313 8845 3356 8845 3287 8846 3286 8846 4951 8846 4951 8847 3286 8847 4952 8847 4952 8848 3286 8848 4953 8848 4953 8849 3286 8849 3285 8849 4953 8850 3285 8850 4954 8850 4954 8851 3285 8851 4955 8851 4955 8852 3285 8852 3275 8852 4955 8853 3275 8853 4956 8853 4956 8854 3275 8854 3274 8854 4956 8855 3274 8855 4957 8855 4957 8856 3274 8856 3273 8856 4957 8857 3273 8857 4958 8857 4958 8858 3273 8858 3272 8858 4958 8859 3272 8859 4959 8859 4959 8860 3272 8860 3271 8860 4959 8861 3271 8861 4950 8861 4950 8862 3271 8862 3269 8862 4928 8863 4949 8863 3313 8863 3313 8864 4949 8864 3311 8864 3269 8865 3268 8865 4950 8865 4950 8866 3268 8866 4939 8866 3311 8867 4949 8867 3351 8867 3351 8868 4949 8868 4994 8868 3351 8869 4994 8869 4995 8869 4995 8870 4994 8870 4947 8870 4995 8871 4947 8871 4946 8871 3353 8872 4995 8872 3265 8872 3265 8873 4995 8873 4945 8873 4949 8874 4948 8874 4994 8874 4994 8875 4948 8875 4947 8875 4946 8876 4945 8876 4995 8876 4995 8877 3353 8877 3351 8877 4939 8878 3268 8878 4940 8878 4940 8879 3268 8879 3267 8879 4940 8880 3267 8880 4941 8880 4941 8881 3267 8881 3266 8881 4941 8882 3266 8882 4942 8882 4942 8883 3266 8883 4943 8883 4943 8884 3266 8884 3265 8884 4943 8885 3265 8885 4944 8885 4944 8886 3265 8886 4945 8886</p>
        </triangles>
      </mesh>
    </geometry>
  </library_geometries>
  <library_visual_scenes>
    <visual_scene id="Scene" name="Scene">
      <node id="inner_knuckle" name="inner_knuckle" type="NODE">
        <matrix sid="transform">1 0 0 0 0 1 0 0 0 0 1 0 0 0 0 1</matrix>
        <instance_geometry url="#inner_knuckle_001-mesh" name="inner_knuckle"/>
      </node>
      <node id="Camera" name="Camera" type="NODE">
        <matrix sid="transform">0.6859207 -0.3240135 0.6515582 7.358891 0.7276763 0.3054208 -0.6141704 -6.925791 0 0.8953956 0.4452714 4.958309 0 0 0 1</matrix>
        <instance_camera url="#Camera-camera"/>
      </node>
      <node id="Light" name="Light" type="NODE">
        <matrix sid="transform">-0.2908646 -0.7711008 0.5663932 4.076245 0.9551712 -0.1998834 0.2183912 1.005454 -0.05518906 0.6045247 0.7946723 5.903862 0 0 0 1</matrix>
        <instance_light url="#Light-light"/>
      </node>
    </visual_scene>
  </library_visual_scenes>
  <scene>
    <instance_visual_scene url="#Scene"/>
  </scene>
</COLLADA>