<?xml version="1.0" encoding="utf-8"?>
<COLLADA xmlns="http://www.collada.org/2005/11/COLLADASchema" version="1.4.1" xmlns:xsi="http://www.w3.org/2001/XMLSchema-instance">
  <asset>
    <contributor>
      <author>Blender User</author>
      <authoring_tool>Blender 3.0.1</authoring_tool>
    </contributor>
    <created>2025-05-21T13:03:53</created>
    <modified>2025-05-21T13:03:53</modified>
    <unit name="meter" meter="1"/>
    <up_axis>Z_UP</up_axis>
  </asset>
  <library_cameras>
    <camera id="Camera-camera" name="Camera">
      <optics>
        <technique_common>
          <perspective>
            <xfov sid="xfov">39.59775</xfov>
            <aspect_ratio>1.777778</aspect_ratio>
            <znear sid="znear">0.1</znear>
            <zfar sid="zfar">100</zfar>
          </perspective>
        </technique_common>
      </optics>
      <extra>
        <technique profile="blender">
          <shiftx sid="shiftx" type="float">0</shiftx>
          <shifty sid="shifty" type="float">0</shifty>
          <dof_distance sid="dof_distance" type="float">10</dof_distance>
        </technique>
      </extra>
    </camera>
  </library_cameras>
  <library_lights>
    <light id="Light-light" name="Light">
      <technique_common>
        <point>
          <color sid="color">1000 1000 1000</color>
          <constant_attenuation>1</constant_attenuation>
          <linear_attenuation>0</linear_attenuation>
          <quadratic_attenuation>0.00111109</quadratic_attenuation>
        </point>
      </technique_common>
      <extra>
        <technique profile="blender">
          <type sid="type" type="int">0</type>
          <flag sid="flag" type="int">0</flag>
          <mode sid="mode" type="int">1</mode>
          <gamma sid="blender_gamma" type="float">1</gamma>
          <red sid="red" type="float">1</red>
          <green sid="green" type="float">1</green>
          <blue sid="blue" type="float">1</blue>
          <shadow_r sid="blender_shadow_r" type="float">0</shadow_r>
          <shadow_g sid="blender_shadow_g" type="float">0</shadow_g>
          <shadow_b sid="blender_shadow_b" type="float">0</shadow_b>
          <energy sid="blender_energy" type="float">1000</energy>
          <dist sid="blender_dist" type="float">29.99998</dist>
          <spotsize sid="spotsize" type="float">75</spotsize>
          <spotblend sid="spotblend" type="float">0.15</spotblend>
          <att1 sid="att1" type="float">0</att1>
          <att2 sid="att2" type="float">1</att2>
          <falloff_type sid="falloff_type" type="int">2</falloff_type>
          <clipsta sid="clipsta" type="float">0.04999995</clipsta>
          <clipend sid="clipend" type="float">30.002</clipend>
          <bias sid="bias" type="float">1</bias>
          <soft sid="soft" type="float">3</soft>
          <bufsize sid="bufsize" type="int">2880</bufsize>
          <samp sid="samp" type="int">3</samp>
          <buffers sid="buffers" type="int">1</buffers>
          <area_shape sid="area_shape" type="int">1</area_shape>
          <area_size sid="area_size" type="float">0.1</area_size>
          <area_sizey sid="area_sizey" type="float">0.1</area_sizey>
          <area_sizez sid="area_sizez" type="float">1</area_sizez>
        </technique>
      </extra>
    </light>
  </library_lights>
  <library_images/>
  <library_geometries>
    <geometry id="inner_finger-mesh" name="inner_finger">
      <mesh>
        <source id="inner_finger-mesh-positions">
          <float_array id="inner_finger-mesh-positions-array" count="14673">-3.96115e-4 0.005999922 0.0082497 0.002903878 0.005983769 0.008089542 0.002903878 0.005978643 0.008449614 -3.96115e-4 0.00598216 0.008439362 -3.96115e-4 0.005924522 0.008677244 0.002903878 0.005820631 0.008888602 -3.96115e-4 0.005815744 0.008896529 0.002903878 0.005621969 0.009140789 -3.96115e-4 0.005670666 0.009093403 -3.96115e-4 0.005487143 0.009255111 0.002903878 0.00536555 0.009333968 -3.96115e-4 0.00527817 0.009382605 0.002903878 0.005068242 0.009455204 -3.96115e-4 0.005046188 0.009460747 0.002903878 0.004830479 0.009495973 -3.96115e-4 0.004858851 0.00949496 -3.96115e-4 0.004614174 0.009489059 0.002903878 0.004510462 0.009470701 -3.96115e-4 0.004298031 0.009411692 0.002903878 0.00420463 0.009373188 -3.96115e-4 0.004057288 0.009286344 0.002903878 0.003957629 0.009212434 -3.96115e-4 0.003866016 0.009133577 0.002903878 0.003724753 0.008954823 -3.96115e-4 0.003744542 0.008986949 -3.96115e-4 0.003617048 0.008777976 0.002903878 0.003546953 0.008567452 -3.96115e-4 0.003553032 0.008598625 -3.96115e-4 0.003504693 0.008358657 0.002903878 0.003501057 0.0082497 -3.96115e-4 0.003499925 0.0082497 -3.96115e-4 0.003511786 0.00808674 0.002903878 0.003519535 0.008035778 -3.96115e-4 0.003569364 0.007848978 0.002903878 0.003619134 0.007730662 -3.96115e-4 0.00369668 0.00757873 0.002903878 0.003860712 0.007379412 -3.96115e-4 0.003849327 0.007387638 -3.96115e-4 0.004032969 0.007225751 0.002903878 0.004110038 0.007177233 -3.96115e-4 0.004173278 0.007142007 0.002903878 0.004379987 0.007059037 -3.96115e-4 0.004374384 0.00705868 -3.96115e-4 0.004586935 0.007011592 0.002903878 0.004615843 0.007008075 -3.96115e-4 0.004749894 0.006999731 0.002903878 0.004830479 0.007003486 -3.96115e-4 0.0049932 0.00702697 0.002903878 0.005144596 0.007069766 -3.96115e-4 0.005252003 0.007108569 0.002903878 0.005500078 0.007253825 -3.96115e-4 0.005510151 0.007258951 -3.96115e-4 0.005670666 0.007406055 0.002903878 0.00567919 0.007415413 -3.96115e-4 0.005815744 0.00760293 0.002903878 0.00587362 0.007719337 -3.96115e-4 0.005940914 0.00787419 -3.96115e-4 0.005988061 0.00808674 -0.003696084 0.003502249 0.008195996 -0.003696084 0.003504574 0.008357167 -0.003696084 0.003561735 0.008618891 -0.003696084 0.003756046 0.008998274 -0.003696084 0.003999769 0.009245634 -0.003696084 0.004253447 0.009395658 -0.003696084 0.004563212 0.00947988 -0.003696084 0.004884004 0.009491324 -0.003696084 0.00511986 0.009440422 -0.003696084 0.005411624 0.00930649 -0.003696084 0.00565952 0.009102463 -0.003696084 0.005871593 0.008794128 -0.003696084 0.005973458 0.008489608 -0.003696084 0.00599879 0.0082497 -0.003696084 0.005961954 0.007957339 -0.003696084 0.005847096 0.007657527 -0.003696084 0.005714237 0.007456183 -0.003696084 0.005564033 0.007302701 -0.003696084 0.00529319 0.007130384 -0.003696084 0.004990279 0.007024228 -0.003696084 0.004696249 0.007004082 -0.003696084 0.004509329 0.007023096 -0.003696084 0.004353821 0.007065355 -0.003696084 0.004156768 0.007150709 -0.003696084 0.003977298 0.007268548 -0.003696084 0.003770351 0.007478356 -0.003696084 0.003605842 0.007754087 -0.003696084 0.003529906 0.007983088 -0.006196081 0.01249992 0.04269969 -0.006196081 0.01429992 0.04269969 -0.006196081 0.01249992 0.02449971 -0.006196081 0.01429992 0.01649969 -0.006196081 0.0124734 0.02423655 -0.006196081 0.01322394 0.01818811 -0.006196081 0.01424062 0.01583504 -0.006196081 0.01358872 0.01667147 -0.006196081 0.01351839 0.0157442 -0.006196081 0.01389062 0.01459175 -0.006196081 0.01314735 0.01465773 -0.006196081 0.01342582 0.01376694 -0.006196081 0.0122658 0.01351761 -0.006196081 0.01235646 0.01267224 -0.006196081 0.01143258 0.01289051 -0.006196081 0.01098626 0.01171791 -0.006196081 0.01063698 0.0125721 -0.006196081 0.009941399 0.01242476 -0.006196081 0.01035511 0.011137 -0.006196081 0.009961128 0.01063925 -0.006196081 0.008987605 0.01245313 -0.006196081 0.00970304 0.01023882 -0.006196081 0.007219135 0.008633017 -0.006196081 0.00815016 0.01263171 -0.006196081 0.007153332 0.008933544 -0.006196081 0.007081091 0.009152829 -0.006196081 0.00774002 0.01279664 -0.006196081 0.006986796 0.009363532 -0.006196081 0.007353067 0.0130105 -0.006196081 0.006832957 0.009629964 -0.006196081 0.005516529 0.002967417 -0.006196081 0.006952464 0.007066965 -0.006196081 0.00705111 0.0072757 -0.006196081 0.005208432 0.002323329 -0.006196081 0.004980623 0.005760371 -0.006196081 0.0052464 0.00580281 -0.006196081 0.004826903 0.005750894 -0.006196081 0.003800272 0.00146836 -0.006196081 0.004877805 0.001142024 -0.006196081 0.004083454 2.94043e-4 -0.006196081 0.0047791 -1.97242e-4 -0.006196081 0.004053473 -5.62863e-4 -0.006196081 0.004631042 -0.001239538 -0.006196081 0.004169344 -0.002353072 -0.006196081 0.003838419 -0.001417696 -0.006196081 0.003523468 -0.002081692 -0.006196081 0.003597736 -0.003166139 -0.006196081 0.003048777 -0.002736628 -0.006196081 0.003023743 -0.003717482 -0.006196081 0.002395153 -0.00330913 -0.006196081 0.002439677 -0.004133939 -0.006196081 0.001579821 -0.003782331 -0.006196081 9.48074e-4 -0.003981292 -0.006196081 4.41428e-4 -0.004075229 -0.006196081 4.90996e-5 -0.004098773 -0.006196081 0.001702725 -0.004468977 -0.006196081 8.24243e-4 -0.004721224 -0.006196081 -2.46872e-4 -0.00477606 -0.006196081 -7.07966e-4 -0.004030346 -0.006196081 -0.001692712 -0.004468441 -0.006196081 -0.00170964 -0.003711521 -0.006196081 -0.002448856 -0.003279089 -0.006196081 -0.002848446 -0.003853559 -0.006196081 -0.003155887 -0.002586781 -0.006196081 -0.003521919 -0.003235757 -0.006196081 -0.003904163 -0.001181185 -0.006196081 -0.004265367 -0.002174317 -0.006196081 -0.004693329 -9.36786e-4 -0.006196081 -0.00408411 -3.71067e-5 -0.006196081 -0.004784226 1.84646e-4 -0.006196081 -0.00461018 0.001324594 -0.006196081 -0.003967583 0.001020431 -0.006196081 -0.004288315 0.002139329 -0.006196081 -0.003768861 0.001600623 -0.006196081 -0.003893554 0.002783715 -0.006196081 -0.003170967 0.00258249 -0.006196081 -0.002806842 0.003863096 -0.006196081 -0.002464771 0.003258824 -0.006196081 -0.001912891 0.004480957 -0.006196081 -0.00171405 0.0037207 -0.006196081 -0.001208364 0.005114018 -0.006196081 -6.45862e-4 0.004032135 -0.006196081 -7.98867e-4 0.005583524 -0.006196081 1.71575e-4 0.004088521 -0.006196081 0.001020014 0.003964722 -0.006196081 0.00219047 0.003442823 -0.006196081 0.00304991 0.002721011 -0.006196081 -5.71492e-4 0.005920588 -0.006196081 0.002955973 0.006510198 -0.006196081 0.003183364 0.006302952 -0.006196081 0.00275582 0.006743848 -0.006196081 0.002624392 0.006933629 -0.006196081 -2.39578e-4 0.006511211 -0.006196081 0.002465903 0.007241249 -0.006196081 0.002367556 0.007491827 -0.006196081 0.002308964 0.007715165 -0.006196081 0.002255856 0.008134424 -0.006196081 0.002261757 0.00848025 -0.006196081 0.002319514 0.008821308 -0.006196081 0.002418756 0.009152829 -0.006196081 0.002513051 0.009363532 -0.006196081 0.00266689 0.009629964 -0.006196081 0.005476295 0.01728129 -0.006196081 0.002802193 0.009817004 -0.006196081 0.005417585 0.01684319 -0.006196081 0.002955973 0.009989202 -0.006196081 0.003123402 0.01014822 -0.006196081 0.00330615 0.01028925 -0.006196081 0.003602743 0.01046729 -0.006196081 0.005424618 0.01610761 -0.006196081 0.003992378 0.01063096 -0.006196081 0.004290759 0.010706 -0.006196081 0.005597352 0.01526772 -0.006196081 0.004711508 0.01074618 -0.006196081 0.005056977 0.01072961 -0.006196081 0.005966603 0.01444089 -0.006196081 0.005470097 0.01064032 -0.006196081 0.005897104 0.01046729 -0.006196081 0.006587088 0.01363927 -0.006196081 0.006285071 0.01021873 -0.006196081 0.006620764 0.009903132 -0.006196081 0.007180869 0.02218961 -0.006196081 0.005758702 0.01816904 -0.006196081 0.005569636 0.01766306 -0.006196081 0.007310152 0.02248829 -0.006196081 0.00774002 0.02020281 -0.006196081 0.007170796 0.01986396 -0.006196081 0.008362174 0.0204302 -0.006196081 0.007540106 0.02323907 -0.006196081 0.007674872 0.02401238 -0.006196081 0.009585738 0.02400928 -0.006196081 0.00951147 0.02432358 -0.006196081 0.009499907 0.02449971 -0.006196081 0.007699906 0.02449971 -0.006196081 0.009499907 0.04269969 -0.006196081 0.007699906 0.04269969 -0.006196081 0.009181261 0.02057909 -0.006196081 0.009739279 0.02369272 -0.006196081 0.009899318 0.02348232 -0.006196081 0.01006239 0.02055329 -0.006196081 0.01009649 0.02330631 -0.006196081 0.0103724 0.02313858 -0.006196081 0.01062196 0.02305138 -0.006196081 0.01084971 0.02036774 -0.006196081 0.01102936 0.02300322 -0.006196081 0.01139038 0.02013421 -0.006196081 0.01140552 0.02306157 -0.006196081 0.01173228 0.02319198 -0.006196081 0.01193016 0.01979452 -0.006196081 0.01194947 0.02334266 -0.006196081 0.01214051 0.02352553 -0.006196081 0.01248228 0.01930844 -0.006196081 0.01229131 0.02374285 -0.006196081 0.01240611 0.02398097 -0.006196081 0.01285421 0.01885175 -0.006196081 0.007247567 0.00817275 -0.006196081 0.007245182 0.008403599 -0.006196081 0.003468394 0.006106972 -0.006196081 0.003775477 0.00594747 -0.006196081 0.003919064 0.005891859 -0.006196081 0.004140436 0.005826354 -0.006196081 0.004366457 0.005779325 -0.006196081 0.004519224 0.005760371 -0.006196081 0.004672944 0.005750894 -0.006196081 0.005652606 0.005919635 -0.006196081 0.005964815 0.006068468 -0.006196081 0.006344914 0.00632888 -0.006196081 0.006597459 0.006565451 -0.006196081 0.006744027 0.006743848 -0.006196081 0.006875455 0.006933629 -0.006196081 0.007132291 0.007491827 -0.006196081 0.00721091 0.007828831 -0.006196081 0.01349902 0.01737654 -0.006196081 0.00663948 0.01942974 -0.006196081 0.006027281 0.01866507 0.004903852 0.001994073 1.01952e-4 0.00225383 0.00199294 6.78306e-5 0.004903852 0.00198245 -2.38306e-4 0.00225383 0.001969695 -3.39875e-4 0.004903852 0.001892566 -6.3669e-4 0.00225383 0.001869738 -7.00992e-4 0.004903852 0.001742243 -9.79902e-4 0.00225383 0.001742243 -9.79902e-4 0.00225383 0.001634061 -0.001153349 4.19854e-4 0.001764953 -9.33724e-4 7.20914e-5 0.001630544 -0.001158058 0.00225383 0.001941919 4.73e-4 0.004903852 0.001913189 5.71253e-4 0.00225383 0.001844704 7.6386e-4 0.004903852 0.001805007 8.58213e-4 0.00225383 0.001671373 0.001095831 0.004903852 0.001671314 0.00109601 9.28885e-4 0.00155133 0.001261889 0.004903852 0.00155133 0.001261889 -0.001058578 0.001461565 0.001364827 0.004903852 0.001337707 0.001482129 -0.001058578 0.001313567 0.001506268 -0.001058578 0.00115329 0.001633644 0.004903852 0.001096189 0.001671135 -0.001058578 9.79601e-4 0.001742005 0.004903852 8.58419e-4 0.001804828 -0.001058578 7.33233e-4 0.001859188 0.004903852 6.04629e-4 0.001904904 -0.001058578 4.73205e-4 0.00194174 0.004903852 3.39575e-4 0.001969516 -0.001058578 2.04362e-4 0.001988053 0.004903852 1.36437e-4 0.001995027 -0.001058578 0 0.001999735 0.004903852 0 0.001999735 -0.001058578 -1.36532e-4 0.001995027 0.004903852 -1.36532e-4 0.001995027 -0.001058578 -3.3967e-4 0.001969516 0.004903852 -3.3967e-4 0.001969516 -0.001058578 -5.39641e-4 0.001925528 0.004903852 -6.36485e-4 0.001892387 -0.001058578 -7.33328e-4 0.001859188 -0.001058578 -9.20177e-4 0.001775503 0.004903852 -9.20177e-4 0.001775503 -0.001058578 -0.001039206 0.001708567 0.004903852 -0.001179218 0.001611113 -0.001058578 -0.001207768 0.001592397 -0.001058578 -0.001365125 0.001461386 0.004903852 -0.001365125 0.001461386 -0.001058578 -0.001461684 0.001364827 0.004903852 -0.001506567 0.001313388 -0.001058578 -0.001592695 0.00120747 0.004903852 -0.001633942 0.001153051 -0.001058578 -0.001708865 0.001038908 0.004903852 -0.001788377 8.87973e-4 -0.001058578 -0.001805126 8.58213e-4 -0.001058578 -0.00188452 6.69506e-4 0.004903852 -0.001905202 6.04424e-4 -0.001058578 -0.001942038 4.73e-4 0.004903852 -0.001958191 4.06659e-4 -0.001058578 -0.001981377 2.72081e-4 0.004903852 -0.001981377 2.72081e-4 -0.001058578 -0.001995384 1.36232e-4 0.004903852 -0.001996517 -3.43739e-5 -0.001058578 -0.001997709 -6.84951e-5 -0.001058578 -0.001981377 -2.72586e-4 0.004903852 -0.001969814 -3.39875e-4 -0.001058578 -0.001942038 -4.73505e-4 0.004903852 -0.001869797 -7.00992e-4 -0.001058578 -0.001859486 -7.33533e-4 -0.001058578 -0.001775801 -9.20383e-4 0.004903852 -0.001775801 -9.20383e-4 -0.001058578 -0.001708865 -0.001039385 0.004903852 -0.001708865 -0.001039385 -0.001058578 -0.001592695 -0.001208007 0.004903852 -0.001592695 -0.001208007 -0.001058578 -0.001461684 -0.001365303 0.004903852 -0.001337826 -0.001482605 -0.001058578 -0.001313686 -0.001506745 -0.001058578 -0.001153349 -0.00163418 0.004903852 -0.001096308 -0.001671612 -0.001058578 -0.001039206 -0.001709043 -3.96115e-4 -8.58514e-4 -0.001805305 0.004903852 -8.58514e-4 -0.001805305 -0.001058578 -6.69807e-4 -0.001884758 0.004903852 -5.05842e-4 -0.001931905 -0.001058578 -4.733e-4 -0.001942217 -0.001058578 -2.72381e-4 -0.001981616 0.004903852 -2.04456e-4 -0.001988589 -3.96115e-4 -6.82898e-5 -0.001997888 0.004903852 0 -0.002000212 2.66385e-4 1.36437e-4 -0.001995563 0.004903852 1.36437e-4 -0.001995563 2.66385e-4 2.72286e-4 -0.001981616 0.004903852 2.72286e-4 -0.001981616 2.66385e-4 4.06865e-4 -0.00195837 0.004903852 4.06865e-4 -0.00195837 2.66385e-4 5.39546e-4 -0.001926064 0.004903852 6.04629e-4 -0.001905381 2.66385e-4 7.33233e-4 -0.001859724 0.004903852 9.4877e-4 -0.001757204 -3.96115e-4 9.79601e-4 -0.001742541 2.66385e-4 0.00115329 -0.00163418 0.004903852 0.001207709 -0.001592934 2.66385e-4 0.001262128 -0.001551628 -3.96115e-4 0.001413285 -0.001413583 0.004903852 0.001413285 -0.001413583 2.66385e-4 0.00155133 -0.001262426 0.004903852 0.001592576 -0.001208007 -0.003046095 0.001989424 1.70035e-4 -0.001608967 0.001976907 2.6202e-4 -0.003046095 0.001931607 5.05541e-4 -0.005696058 0.001973211 3.05408e-4 -0.005696058 0.001892566 6.36184e-4 -0.003046095 0.001788258 8.87973e-4 -0.005696058 0.001742243 9.79396e-4 -0.003046095 0.001634061 0.001152813 -0.001140058 0.001733124 9.91111e-4 -8.64321e-4 0.001630544 0.001157522 -0.001412153 0.001863598 7.16107e-4 -6.48603e-4 0.001583635 0.00122112 -0.003046095 0.00155133 0.001261889 -4.4205e-4 0.001562774 0.001247763 -4.87985e-4 0.001564383 -0.001246333 -3.5018e-4 0.001562774 -0.0012483 -1.43626e-4 0.001583635 -0.001221656 -2.58149e-4 0.001568377 0.001240849 6.53558e-5 0.001635134 0.001148462 4.58343e-4 0.001780927 9.06321e-4 7.10679e-4 0.001914739 5.562e-4 8.41764e-4 0.001992344 5.57037e-5 7.81293e-4 0.001955568 -4.00414e-4 6.14067e-4 0.001860141 -7.28906e-4 -6.25995e-4 0.001579225 -0.001227557 -0.003046095 0.001634061 -0.001153349 -0.005696058 0.001592576 -0.001208007 -0.005696058 0.001708745 -0.001039385 -0.003046095 0.001742243 -9.79902e-4 -0.005696058 0.001805007 -8.58719e-4 -0.003046095 0.001900672 -6.03519e-4 -0.005696058 0.001947224 -4.22172e-4 -0.003046095 0.001988291 -2.04662e-4 -0.005696058 0.00199759 -6.84951e-5 -8.80194e-4 0.001639544 -0.001143097 -0.001250565 0.001780927 -9.06827e-4 -0.001470685 0.001896739 -6.08731e-4 -0.001631498 0.001990795 -1.77226e-4 -0.005696058 -0.001995384 1.36232e-4 -0.005696058 -0.001994192 -1.02457e-4 -0.005696058 -0.001958191 -4.07165e-4 -0.005696058 -0.001869797 -7.00992e-4 -0.005696058 -0.001742303 -9.79902e-4 -0.005696058 -0.001570284 -0.001233696 -0.005696058 -0.001313686 -0.001506745 -0.005696058 -0.001153349 -0.00163418 -0.005696058 -9.79696e-4 -0.001742541 -0.005696058 -7.33328e-4 -0.001859724 -0.005696058 -4.39656e-4 -0.001947999 -0.005696058 -1.36532e-4 -0.001995563 -0.005696058 6.8195e-5 -0.001997888 -0.005696058 2.72286e-4 -0.001981616 -0.005696058 4.06865e-4 -0.00195837 -0.005696058 5.39546e-4 -0.001926064 -0.005696058 7.33233e-4 -0.001859724 -0.005696058 0.001008093 -0.001723825 -0.005696058 0.001262128 -0.001551628 -0.005696058 0.001413285 -0.001413583 -0.005696058 -0.00194782 4.39355e-4 -0.005696058 -0.00188452 6.69506e-4 -0.005696058 -0.001805126 8.58213e-4 -0.005696058 -0.00165075 0.001123189 -0.005696058 -0.001461684 0.001364827 -0.005696058 -0.001233518 0.001569986 -0.005696058 -0.001039206 0.001708567 -0.005696058 -9.20177e-4 0.001775503 -0.005696058 -7.33328e-4 0.001859188 -0.005696058 -4.733e-4 0.00194174 -0.005696058 -2.04456e-4 0.001988053 -0.005696058 6.8195e-5 0.001997411 -0.005696058 3.39575e-4 0.001969516 -0.005696058 7.00692e-4 0.001869499 -0.005696058 0.001008093 0.001723289 -0.005696058 0.001337707 0.001482129 -0.005696058 0.001592576 0.00120747 0.004903852 0.01148825 0.01670414 0.00225383 0.01148825 0.01670414 0.004903852 0.01149994 0.01649969 0.00225383 0.01149994 0.01649969 0.004903852 0.01148247 0.01626169 0.00225383 0.01147317 0.01619404 0.004903852 0.01142573 0.01596015 0.00225383 0.01140511 0.01589506 0.004903852 0.01135939 0.01576644 0.00225383 0.01128828 0.01561146 0.004903852 0.01124221 0.01552009 0.00225383 0.01113402 0.01534658 3.47876e-4 0.01123309 0.01550835 7.20914e-5 0.01113057 0.01534187 0.00225383 0.01141321 0.01707124 0.004903852 0.01140064 0.01710301 0.00225383 0.01130503 0.01735818 0.004903852 0.01122349 0.01750791 0.00225383 0.0111714 0.01759588 -7.27365e-4 0.01105624 0.0177558 0.004903852 0.01105135 0.01776188 2.66385e-4 0.01091331 0.0179131 0.004903852 0.01091331 0.0179131 2.66385e-4 0.01076209 0.01805114 0.004903852 0.01067912 0.0181111 2.66385e-4 0.01059621 0.01817113 2.66385e-4 0.01042008 0.01827549 0.004903852 0.01042008 0.01827549 2.66385e-4 0.0102967 0.01833415 0.004903852 0.01023322 0.01835918 -3.96115e-4 0.01010459 0.0184049 0.004903852 0.0100395 0.01842558 2.66385e-4 0.009906828 0.01845788 0.004903852 0.009906828 0.01845788 2.66385e-4 0.009772241 0.01848107 0.004903852 0.009772241 0.01848107 2.66385e-4 0.009636402 0.01849508 0.004903852 0.009568154 0.0184974 2.66385e-4 0.00943166 0.0184974 0.004903852 0.009363412 0.01849508 -0.001058578 0.009227573 0.01848107 0.004903852 0.00912714 0.0184614 -0.001058578 0.009026646 0.01844173 -0.001058578 0.008830189 0.01838421 0.004903852 0.008830189 0.01838421 2.66385e-4 0.008641481 0.01830482 0.004903852 0.008641481 0.01830482 2.66385e-4 0.00846076 0.01820856 0.004903852 0.008403658 0.01817113 -3.96115e-4 0.008292138 0.01809239 0.004903852 0.00818628 0.01800626 2.66385e-4 0.008134841 0.01796138 2.66385e-4 0.0079934 0.01781338 0.004903852 0.008038222 0.01786482 0.004903852 0.007907271 0.01770746 2.66385e-4 0.007865965 0.0176531 2.66385e-4 0.007791101 0.0175389 0.004903852 0.007742941 0.01744854 2.66385e-4 0.00769484 0.01735818 2.66385e-4 0.007615387 0.01716947 0.004903852 0.007615387 0.01716947 -0.001058578 0.007557928 0.01697295 0.004903852 0.007557928 0.01697295 2.66385e-4 0.007518529 0.01677203 0.004903852 0.007510423 0.01666998 2.66385e-4 0.007502257 0.01656794 2.66385e-4 0.007504582 0.01636326 0.004903852 0.007504582 0.01636326 -3.96115e-4 0.007530152 0.01616013 0.004903852 0.007530152 0.01616013 2.66385e-4 0.007574081 0.01596015 0.004903852 0.007630109 0.01579898 2.66385e-4 0.007640421 0.01576644 2.66385e-4 0.007724165 0.01557958 0.004903852 0.007811784 0.01543319 -3.96115e-4 0.007828533 0.01540344 -0.001058578 0.007948517 0.01523756 0.004903852 0.007948517 0.01523756 2.66385e-4 0.008086562 0.01508635 0.004903852 0.008086562 0.01508635 2.66385e-4 0.008292138 0.01490706 0.004903852 0.008292138 0.01490706 2.66385e-4 0.00846076 0.01479089 0.004903852 0.00855112 0.01474273 2.66385e-4 0.008641481 0.01469463 2.66385e-4 0.008830189 0.01461517 0.004903852 0.008928418 0.01458644 -3.96115e-4 0.009026646 0.01455771 -3.96115e-4 0.009295523 0.01451134 0.004903852 0.009295523 0.01451134 -0.001058578 0.009499907 0.01449972 0.004903852 0.009499907 0.01449972 2.66385e-4 0.009636402 0.01450437 0.004903852 0.009636402 0.01450437 2.66385e-4 0.009772241 0.01451838 0.004903852 0.009772241 0.01451838 2.66385e-4 0.009973168 0.01455771 0.004903852 0.009973168 0.01455771 2.66385e-4 0.01016968 0.01461517 0.004903852 0.01016968 0.01461517 -3.96115e-4 0.01035839 0.01469463 0.004903852 0.01044875 0.01474273 -0.001058578 0.01053911 0.01479089 2.66385e-4 0.01070767 0.01490706 0.004903852 0.01070767 0.01490706 2.66385e-4 0.01086503 0.01503807 0.004903852 0.01086503 0.01503807 2.66385e-4 0.01096159 0.01513463 0.004903852 0.01102709 0.01521331 2.66385e-4 0.01105135 0.01523756 -0.003046095 0.01149761 0.01656794 -0.001619756 0.0114836 0.0162729 -0.001598954 0.01147103 0.01679778 -0.003046095 0.01143741 0.01697188 -0.005696058 0.01143157 0.0170055 -0.005696058 0.01130503 0.01735818 -0.003046095 0.01130503 0.01735818 -0.005696058 0.01115065 0.01762318 -0.003046095 0.0111714 0.01759588 -0.001440465 0.01137894 0.01717805 -0.001250565 0.01128089 0.01740628 -9.9814e-4 0.01117533 0.01759046 -6.82597e-4 0.01109051 0.01771211 -3.84551e-4 0.01106595 0.01525563 -1.20416e-4 0.01108604 0.0152812 -2.99815e-5 0.0111038 0.01530474 -2.3524e-4 0.0110718 0.01773643 -2.99815e-5 0.0111038 0.01769471 2.0591e-4 0.01117533 0.01759046 4.58343e-4 0.01128089 0.01740628 6.78474e-4 0.01139676 0.0171082 8.45796e-4 0.01149487 0.01661884 8.03324e-4 0.01146888 0.01618045 6.14067e-4 0.0113601 0.01577109 -7.79221e-4 0.01111102 0.01531523 -0.003046095 0.01113402 0.01534658 -0.005696058 0.0110926 0.01529192 -0.005696058 0.01124221 0.01552009 -0.003046095 0.01128828 0.01561146 -0.005696058 0.0113697 0.01579898 -0.003046095 0.01140511 0.01589506 -0.005696058 0.01147317 0.01619404 -0.003046095 0.01148247 0.01626169 -0.005696058 0.01149994 0.01649969 -0.005696058 0.01148825 0.01670414 -0.00102961 0.01118528 0.01542359 -0.001385748 0.01135063 0.01575672 -0.005696058 0.007502257 0.01656794 -0.005696058 0.007504582 0.01636326 -0.005696058 0.007538259 0.01612693 -0.005696058 0.007655143 0.01573562 -0.005696058 0.007849156 0.01537626 -0.005696058 0.008086562 0.01508635 -0.005696058 0.008320689 0.01488828 -0.005696058 0.00857979 0.01472395 -0.005696058 0.008766651 0.01464027 -0.005696058 0.008960306 0.01457387 -0.005696058 0.009194254 0.01452648 -0.005696058 0.009499907 0.01449972 -0.005696058 0.009636402 0.01450437 -0.005696058 0.009772241 0.01451838 -0.005696058 0.009973168 0.01455771 -0.005696058 0.01016968 0.01461517 -0.005696058 0.01044875 0.01474273 -0.005696058 0.01070767 0.01490706 -0.005696058 0.01091331 0.01508635 -0.005696058 0.007530152 0.01683932 -0.005696058 0.007574081 0.01703929 -0.005696058 0.007682323 0.01732641 -0.005696058 0.007791101 0.0175389 -0.005696058 0.007972776 0.01778614 -0.005696058 0.008266448 0.01806998 -0.005696058 0.008611679 0.01828807 -0.005696058 0.008994102 0.01843142 -0.005696058 0.009295523 0.01848804 -0.005696058 0.009499907 0.01849973 -0.005696058 0.009636402 0.01849508 -0.005696058 0.009772241 0.01848107 -0.005696058 0.009906828 0.01845788 -0.005696058 0.01010459 0.0184049 -0.005696058 0.0102967 0.01833415 -0.005696058 0.01056641 0.01818782 -0.005696058 0.01081359 0.01800626 -0.005696058 0.01096159 0.01786482 -0.005996108 0.0144999 0.04269969 -0.005928695 0.0144999 0.04349517 -0.005536973 0.0144999 0.04487556 -0.004602491 0.0144999 0.04635453 -0.002486109 0.0144999 0.04258698 -0.003368198 0.0144999 0.0474298 -0.002341866 0.0144999 0.04326772 -0.002063035 0.0144999 0.04802238 -0.001850903 0.0144999 0.04398429 -0.001116871 0.0144999 0.0444687 -3.38951e-4 0.0144999 0.04828923 -5.35676e-4 0.0144999 0.04458451 1.05845e-4 0.0144999 0.0445311 0.001095592 0.0144999 0.04808235 9.73883e-4 0.0144999 0.04406535 0.001312434 0.0144999 0.04371511 0.002055704 0.0144999 0.04772543 0.001574754 0.0144999 0.04320251 0.002953588 0.0144999 0.04717469 0.001686871 0.0144999 0.04265671 0.004044592 0.0144999 0.04607748 0.005203843 0.0144999 0.04269969 0.004744768 0.0144999 0.04487556 0.005136489 0.0144999 0.04349517 0.005203843 0.0144999 0.01649969 0.001692712 0.0144999 0.03065723 0.001191616 0.01449507 0.01640427 9.8347e-4 0.0144999 0.01713573 0.001444399 0.0144999 0.02949106 0.001628816 0.0144999 0.02996331 0.001145601 0.0144999 0.02908152 7.8025e-4 0.0144999 0.01746511 8.75707e-4 0.0144999 0.02883273 3.16239e-4 0.0144999 0.01783251 3.38281e-4 0.0144999 0.02854412 -2.91881e-4 0.0144999 0.01801592 -2.21156e-4 0.0144999 0.02841025 -6.22843e-4 0.0144999 0.02841961 -8.34832e-4 0.0144999 0.01794588 -0.001182317 0.0144999 0.02855592 -0.001507461 0.0144999 0.01751649 -0.001678824 0.0144999 0.02884727 -0.001998841 0.0144999 0.02914464 -0.001813173 0.0144999 0.01705431 -0.002217769 0.0144999 0.0294615 -0.005996108 0.0144999 0.01649969 -0.001988828 0.01449602 0.01639109 -0.002484977 0.0144999 0.03037732 -0.00240612 0.0144999 0.04193091 -0.002286195 0.0144999 0.03139603 -0.002457559 0.0144999 0.03088295 -0.002217769 0.0144999 0.04146146 -0.001974463 0.0144999 0.03188002 -0.001769423 0.0144999 0.04092925 -0.001581251 0.0144999 0.0322262 -0.001293778 0.0144999 0.04060703 -0.001131892 0.0144999 0.03245854 -3.87109e-4 0.0144999 0.04041844 -1.52704e-4 0.0144999 0.03256583 2.07681e-4 0.0144999 0.04049384 3.7212e-4 0.0144999 0.03244602 9.24037e-4 0.0144999 0.04088431 0.001064598 0.0144999 0.03198486 0.00129354 0.0144999 0.04125475 0.001523435 0.0144999 0.03133255 0.00153923 0.0144999 0.04169815 0.001651346 0.0144999 0.04204773 0.001645505 0.0144999 0.03098624 -0.002409517 0.0144999 0.02993017 0.001685142 0.0144999 0.03021979 0.005203843 0.007499933 0.02449971 -1.43892e-4 0.007499933 0.0284301 -0.005996108 0.007499933 0.02449971 0.005203843 0.007499933 0.04269969 0.001605212 0.007499933 0.0310747 0.001696228 0.007499933 0.03048235 0.005136489 0.007499933 0.04349517 0.004703938 0.007499933 0.0449509 0.001681089 0.007499933 0.04265636 0.00379616 0.007499933 0.04638904 0.002977788 0.007499933 0.04715907 0.001523435 0.007499933 0.04333257 0.001952946 0.007499933 0.04777497 8.95351e-4 0.007499933 0.0441215 6.3711e-4 0.007499933 0.04818731 1.85224e-5 0.007499933 0.04453694 -5.38667e-4 0.007499933 0.04828691 -9.16233e-4 0.007499933 0.04453098 -0.001694619 0.007499933 0.04813301 -0.001608967 0.007499933 0.04418134 -0.002745151 0.007499933 0.04777497 -0.002111315 0.007499933 0.04369825 -0.003676593 0.007499933 0.0472247 -0.002324402 0.007499933 0.04330825 -0.004353582 0.007499933 0.04665726 -0.00248003 0.007499933 0.04245638 -0.004893779 0.007499933 0.04601347 -0.005590915 0.007499933 0.04474341 -0.005931377 0.007499933 0.04342347 -0.005996108 0.007499933 0.04269969 -0.00231564 0.007499933 0.04166686 -0.002217769 0.007499933 0.03153795 -0.00194329 0.007499933 0.04110068 -0.0018121 0.007499933 0.03203946 -0.001372873 0.007499933 0.04064434 -0.001323997 0.007499933 0.03237456 -7.77417e-4 0.007499933 0.0404486 -3.87109e-4 0.007499933 0.03258103 3.48297e-5 0.007499933 0.04046583 2.90815e-4 0.007499933 0.03247797 7.02409e-4 0.007499933 0.04071372 7.61523e-4 0.007499933 0.03224796 0.001011729 0.007499933 0.04094314 0.001011729 0.007499933 0.03205633 0.00131905 0.007499933 0.04130119 0.00131905 0.007499933 0.03169822 0.001478135 0.007499933 0.0415526 -0.002472102 0.007499933 0.03076136 -0.002365052 0.007499933 0.03122055 0.001586139 0.007499933 0.04182976 0.001616597 0.007499933 0.02991199 0.001231431 0.007499933 0.02920293 6.74984e-4 0.007499933 0.02870905 -0.001100063 0.007499933 0.02853751 -0.001911818 0.007499933 0.02905803 -0.002260327 0.007499933 0.02954763 -0.002469182 0.007499933 0.03018552 0.005403876 0.0124427 0.01272869 0.005403876 0.01202988 0.013296 0.005403876 0.01141446 0.01204985 0.005403876 0.01130264 0.01282089 0.005403876 0.0105431 0.01254308 0.005403876 0.01264679 0.01387339 0.005403876 0.01309263 0.0133273 0.005403876 0.01305484 0.014485 0.005403876 0.01364105 0.01409298 0.005403876 0.01345241 0.01543217 0.005403876 0.01419937 0.01564687 0.005403876 0.0135858 0.01645076 0.005403876 0.01429992 0.01649969 0.005403876 0.01349151 0.0173999 0.005403876 0.01324117 0.01816898 0.005403876 0.01248836 0.02432358 0.005403876 0.01294833 0.01870781 0.005403876 0.01243227 0.02406525 0.005403876 0.01251727 0.01927387 0.005403876 0.01230764 0.02376735 0.005403876 0.01215702 0.02355015 0.005403876 0.01249992 0.02449971 0.005403876 0.01429992 0.04269969 0.005403876 0.01249992 0.04269969 0.005403876 0.01206487 0.01968783 0.005403876 0.01192784 0.02332264 0.005403876 0.01170557 0.02317965 0.005403876 0.01118975 0.02022695 0.005403876 0.01137787 0.02305138 0.005403876 0.01086843 0.02301645 0.005403876 0.01056814 0.02045476 0.005403876 0.01045441 0.02310585 0.005403876 0.009769499 0.02058267 0.005403876 0.01014411 0.02327167 0.005403876 0.009881079 0.02350544 0.005403876 0.009679853 0.02379411 0.005403876 0.008937537 0.02055269 0.005403876 0.009557366 0.02409285 0.005403876 0.007653713 0.02387845 0.005403876 0.00951147 0.02432358 0.005403876 0.009499907 0.02449971 0.005403876 0.007699906 0.02449971 0.005403876 0.007699906 0.04269969 0.005403876 0.009499907 0.04269969 0.005403876 0.008127748 0.02035772 0.005403876 0.007441163 0.02287316 0.005403876 0.007180869 0.02218961 0.005403876 -2.39578e-4 0.006511211 0.005403876 0.005758702 0.01816904 0.005403876 -5.71492e-4 0.005920588 0.005403876 0.00266689 0.006869435 0.005403876 0.002513051 0.007135927 0.005403876 0.002802193 0.006682395 0.005403876 0.002955973 0.006510198 0.005403876 -9.00741e-4 0.005456626 0.005403876 0.003183364 0.006302952 0.005403876 0.003434479 0.006125211 0.005403876 0.003812253 0.005935728 0.005403876 0.004140436 0.005826354 0.005403876 0.004366457 0.005779325 0.005403876 0.004519224 0.005760371 0.005403876 0.004672944 0.005750894 0.005403876 0.001137852 0.003930747 0.005403876 1.34738e-4 0.004074871 0.005403876 -0.001183986 0.003913462 0.005403876 -0.001923501 0.004495978 0.005403876 -0.002128601 0.003483057 0.005403876 -0.003065705 0.003676891 0.005403876 -0.003029704 0.002735674 0.005403876 -0.004022061 0.002590954 0.005403876 -0.003783345 0.00152713 0.005403876 -0.00461018 0.001324594 0.005403876 -0.004085898 2.69521e-4 0.005403876 -0.004769384 4.63259e-4 0.005403876 -0.004799127 -9.39677e-5 0.005403876 -0.004062354 -5.14516e-4 0.005403876 -0.004693329 -9.36786e-4 0.005403876 -0.004343688 -0.002005577 0.005403876 -0.003841578 -0.001392662 0.005403876 -0.00353372 -0.003228187 0.005403876 -0.003434538 -0.002228677 0.005403876 -0.002982378 -0.002808928 0.005403876 -0.00263077 -0.004006028 0.005403876 -0.002336859 -0.003354012 0.005403876 -0.001965522 -0.00436449 0.005403876 -0.001278519 -0.003887176 0.005403876 -6.82833e-4 -0.004737436 0.005403876 -4.90127e-4 -0.00406754 0.005403876 1.95856e-4 -0.004085242 0.005403876 4.67668e-4 -0.00475949 0.005403876 0.002071201 -0.004301428 0.005403876 0.001333117 -0.003858566 0.005403876 0.002229809 -0.003436923 0.005403876 0.002967298 -0.002811312 0.005403876 0.003023743 -0.003717482 0.005403876 0.003597736 -0.003166139 0.005403876 0.003409624 -0.002271175 0.005403876 0.003807008 -0.001484394 0.005403876 0.004169344 -0.002353072 0.005403876 0.004053473 -5.62863e-4 0.005403876 0.004631042 -0.001239538 0.005403876 0.0047791 -1.97242e-4 0.005403876 0.004083454 2.94043e-4 0.005403876 0.004830241 8.68444e-4 0.005403876 0.003943741 0.001090228 0.005403876 0.005021214 0.001759469 0.005403876 0.003545105 0.002037048 0.005403876 0.005299806 0.00254321 0.005403876 0.004903733 0.005755662 0.005403876 0.005516529 0.002967417 0.005403876 0.00970304 0.01023882 0.005403876 0.006986796 0.007135927 0.005403876 0.006875455 0.006933629 0.005403876 0.006744027 0.006743848 0.005403876 0.009991288 0.01066631 0.005403876 0.009622573 0.01240676 0.005403876 0.008768379 0.01247626 0.005403876 0.01082754 0.0115993 0.005403876 0.007246375 0.008211255 0.005403876 0.00721091 0.007828831 0.005403876 0.007132291 0.007491827 0.005403876 0.007081091 0.00734663 0.005403876 0.006597459 0.006565451 0.005403876 0.006344914 0.00632888 0.005403876 0.006065368 0.006125211 0.005403876 0.005758404 0.005965709 0.005403876 0.005434095 0.005845129 0.005403876 0.005209088 0.005793452 0.005403876 0.002351045 0.007567167 0.005403876 0.002261757 0.008019149 0.005403876 0.002249896 0.0082497 0.005403876 0.002267658 0.008518338 0.005403876 0.002325415 0.008859515 0.005403876 0.002393126 0.009080231 0.005403876 0.002478778 0.009294629 0.005403876 0.002547383 0.009432435 0.005403876 0.00266689 0.009629964 0.005403876 0.005522966 0.01747214 0.005403876 0.002802193 0.009817004 0.005403876 0.005417585 0.01684319 0.005403876 0.002955973 0.009989202 0.005403876 0.003123402 0.01014822 0.005403876 0.00330615 0.01028925 0.005403876 0.003499925 0.01041477 0.005403876 0.005424618 0.01610761 0.005403876 0.003705501 0.0105198 0.005403876 0.00402975 0.01064032 0.005403876 0.004366457 0.01072013 0.005403876 0.005532383 0.01547902 0.005403876 0.004596114 0.01074379 0.005403876 0.004903733 0.01074379 0.005403876 0.005752682 0.01485472 0.005403876 0.005209088 0.010706 0.005403876 0.005543351 0.01061701 0.005403876 0.006221175 0.01405072 0.005403876 0.005980551 0.01041984 0.005403876 0.006822109 0.01340579 0.005403876 0.006460189 0.01006871 0.005403876 0.006697595 0.009817004 0.005403876 0.007353067 0.0130105 0.005403876 0.006832957 0.009629964 0.005403876 0.007033944 0.009258151 0.005403876 0.007966279 0.01270085 0.005403876 0.007153332 0.008933544 0.005403876 0.007219135 0.008633017 0.005403876 0.001670539 0.003743946 0.005403876 0.002062499 0.003539383 0.005403876 0.002548754 0.003207027 0.005403876 0.003013789 0.002770662 0.005403876 0.005908966 0.01847833 0.005403876 0.006281256 0.01902627 0.005403876 0.007096111 0.01980012 0.005010724 0.01249992 0.04479563 0.004880189 0.01249992 0.04510802 0.005399465 0.01249992 0.04292541 0.005386292 0.01249992 0.04315084 0.00534904 0.01249992 0.04348737 0.005294322 0.01249992 0.04382145 0.0052464 0.01249992 0.04404211 0.005157351 0.01249992 0.04436874 0.004782497 0.01249992 0.04531157 0.004620313 0.01249992 0.04560875 0.003403842 0.01249992 0.02449971 0.004378855 0.01249992 0.0459901 0.004108488 0.01249992 0.04635149 0.003888487 0.01249992 0.04660892 0.003652334 0.01249992 0.04685151 0.003403842 0.01249992 0.04708153 0.003403842 0.009499907 0.04708153 0.00357151 0.009499907 0.04693031 0.003403842 0.009499907 0.02449971 0.003810822 0.009499907 0.04669082 0.00403738 0.009499907 0.04643917 0.004247188 0.009499907 0.04617345 0.00444293 0.009499907 0.04589712 0.004620313 0.009499907 0.04560875 0.004782497 0.009499907 0.04531157 0.004880189 0.009499907 0.04510802 0.005010724 0.009499907 0.04479563 0.005157351 0.009499907 0.04436874 0.0052464 0.009499907 0.04404211 0.005294322 0.009499907 0.04382145 0.00534904 0.009499907 0.04348737 0.005386292 0.009499907 0.04315084 0.005399465 0.009499907 0.04292541 0.003403842 0.01248836 0.02432358 0.003403842 0.00951147 0.02432358 0.003403842 0.01243227 0.02406525 0.003403842 0.009598076 0.02398252 0.003403842 0.01224231 0.0236696 0.003403842 0.00980103 0.02361071 0.003403842 0.01097053 0.02300322 0.003403842 0.01062196 0.02305138 0.003403842 0.0103724 0.02313858 0.003403842 0.01014411 0.02327167 0.003403842 0.01132065 0.02303767 0.003403842 0.01169043 0.02317649 0.003403842 0.01201736 0.02339911 -0.004196107 0.01249992 0.04708153 -0.004444539 0.01249992 0.04685151 -0.004196107 0.01249992 0.02449971 -0.004680752 0.01249992 0.04660892 -0.004900693 0.01249992 0.04635149 -0.005107045 0.01249992 0.04608303 -0.005295515 0.01249992 0.04580175 -0.005469143 0.01249992 0.04551112 -0.005623579 0.01249992 0.04520982 -0.005762159 0.01249992 0.04490089 -0.005843758 0.01249992 0.04469037 -0.005994081 0.01249992 0.04420542 -0.006086587 0.01249992 0.04382145 -0.006141245 0.01249992 0.04348737 -0.006178498 0.01249992 0.04315084 -0.00619167 0.01249992 0.04292541 -0.006185114 0.009499907 0.04303812 -0.006156563 0.009499907 0.04337549 -0.006106257 0.009499907 0.04371035 -0.006038606 0.009499907 0.04404211 -0.005949616 0.009499907 0.04436874 -0.005802989 0.009499907 0.04479563 -0.005623579 0.009499907 0.04520982 -0.005469143 0.009499907 0.04551112 -0.005355894 0.009499907 0.04570639 -0.004196107 0.009499907 0.02449971 -0.00517106 0.009499907 0.0459901 -0.004971802 0.009499907 0.04626381 -0.004829645 0.009499907 0.04643917 -0.004603028 0.009499907 0.04669082 -0.004363715 0.009499907 0.04693031 -0.004196107 0.009499907 0.04708153 -0.004196107 0.01094108 0.02300202 -0.004196107 0.01067918 0.02303767 -0.004196107 0.01206058 0.02343904 -0.004196107 0.01197409 0.02335911 -0.004196107 0.01183265 0.0232535 -0.004196107 0.0124734 0.02423655 -0.004196107 0.01242649 0.02403616 -0.004196107 0.0123611 0.02387219 -0.004196107 0.01222795 0.02364391 -0.004196107 0.0116809 0.02316319 -0.004196107 0.01157397 0.0231139 -0.004196107 0.01140677 0.02305716 -0.004196107 0.0111761 0.02301126 -0.004196107 0.01042592 0.0231139 -0.004196107 0.01031893 0.02316319 -0.004196107 0.01016724 0.0232535 -0.004196107 0.01002573 0.02335911 -0.004196107 0.009939253 0.02343904 -0.004196107 0.009822845 0.02357178 -0.004196107 0.009679853 0.02379411 -0.004196107 0.009549856 0.02413636 0.005203843 0.01448845 0.01617854 0.001470506 0.01448154 0.01607161 9.80849e-4 0.01446694 0.01593083 0.005203843 0.01445865 0.01585853 0.001470506 0.01445865 0.01585853 7.57316e-4 0.01442337 0.01563417 0.001470506 0.01442658 0.01564663 0.005203843 0.01442658 0.01564663 0.001470506 0.01436066 0.01533275 2.29185e-4 0.01435345 0.01530337 -3.96115e-4 0.01427656 0.01502186 -0.001365125 0.01433926 0.01524764 -0.001253306 0.01438158 0.01543039 -0.005996108 0.01436048 0.0153321 -0.002262771 0.01442658 0.01564663 -0.005996108 0.01444262 0.01575255 -0.001960933 0.01445108 0.01580518 -0.002028167 0.01447641 0.01602083 0.005203843 0.01436048 0.0153321 0.005203843 0.01427656 0.01502186 -3.96115e-4 0.01420879 0.01481854 -3.96115e-4 0.01413244 0.01461833 -0.005996108 0.01413244 0.01461833 -0.005996108 0.01404756 0.01442152 -3.96115e-4 0.01400095 0.01432508 -0.005996108 0.01390361 0.01413416 -3.96115e-4 0.01385295 0.01403981 -0.005996108 0.01368492 0.01376581 -3.96115e-4 0.01374351 0.01385551 -3.96115e-4 0.01362633 0.0136761 -0.005996108 0.01350152 0.01350188 -3.96115e-4 0.01343548 0.01341754 -0.005996108 0.01329976 0.01325172 -3.96115e-4 0.01323014 0.01317024 -0.005996108 0.0130077 0.01293826 -3.96115e-4 0.0130077 0.01293826 -0.005996108 0.01268988 0.01265102 -3.96115e-4 0.01268988 0.01265102 -0.005996108 0.01243668 0.01245307 -3.96115e-4 0.01243668 0.01245307 -0.005996108 0.01217001 0.01227372 -3.96115e-4 0.01226061 0.01233094 -3.96115e-4 0.01207941 0.01221644 -0.005996108 0.01189351 0.01210987 0.005203843 0.01189351 0.01210987 0.005203843 0.01217001 0.01227372 0.005203843 0.01243668 0.01245307 0.005203843 0.01268988 0.01265102 0.005203843 0.0129314 0.01286309 0.005203843 0.01315712 0.01309186 0.005203843 0.01336938 0.01333314 0.005203843 0.01356393 0.01358896 0.005203843 0.01379823 0.01394766 0.005203843 0.01395434 0.01422858 0.005203843 0.01409 0.01451992 0.005203843 0.01420879 0.01481854 -0.005996108 0.0142427 0.01492023 -0.005996108 0.01448845 0.01617854 -0.005996108 0.00708568 0.02246582 -0.005996108 0.007000088 0.0222752 -3.96115e-4 0.00708568 0.02246582 0.005203843 0.007000088 0.0222752 0.005203843 0.00708568 0.02246582 -3.96115e-4 0.007163524 0.02265971 0.005203843 0.007198512 0.02275818 -3.96115e-4 0.007264494 0.02295637 0.005203843 0.007295548 0.02305614 -3.96115e-4 0.007349491 0.02325803 0.005203843 0.007349491 0.02325803 -3.96115e-4 0.007414102 0.02356463 0.005203843 0.007414102 0.02356463 -3.96115e-4 0.007462203 0.02387434 0.005203843 0.007472634 0.02397829 -3.96115e-4 0.007483124 0.02408224 -3.96115e-4 0.007495701 0.0242908 0.005203843 0.007495701 0.0242908 -0.005996108 0.007489442 0.02418649 -0.005996108 0.007462203 0.02387434 -0.005996108 0.007414102 0.02356463 -0.005996108 0.007349491 0.02325803 -0.005996108 0.007264494 0.02295637 -0.005996108 0.007163524 0.02265971 0.005203843 -4.20353e-4 0.006596803 -0.005996108 -4.20353e-4 0.006596803 0.00120753 0.004998445 -1.70868e-6 0.005203843 0.004997491 2.43556e-4 0.005203843 0.004995048 -1.91934e-4 0.005203843 0.004973173 -5.16871e-4 0.001042008 0.004980206 -4.34007e-4 0.001470506 0.004990816 -3.01664e-4 0.005203843 0.004946053 -7.32333e-4 8.99335e-4 0.004950284 -6.96486e-4 0.001470506 0.004973173 -5.16871e-4 0.005203843 0.004886746 -0.001052558 0.001470506 0.004909574 -9.46413e-4 0.001470506 0.004946053 -7.32333e-4 0.001470506 0.00483644 -0.001263737 4.85714e-4 0.004883646 -0.001065373 0.005203843 0.004777014 -0.001472532 -3.96115e-4 0.004745006 -0.001576304 -3.96115e-4 0.00467211 -0.001780867 0.005203843 0.00467211 -0.001780867 -3.96115e-4 0.004545211 -0.002080798 0.005203843 0.004545211 -0.002080798 -3.96115e-4 0.004401147 -0.00237286 0.005203843 0.004401147 -0.00237286 -3.96115e-4 0.004293918 -0.002561748 0.005203843 0.004293918 -0.002561748 -3.96115e-4 0.004178643 -0.002745807 0.005203843 0.004117071 -0.002835214 -3.96115e-4 0.003990113 -0.003011345 0.005203843 0.003924667 -0.003098011 -3.96115e-4 0.003786504 -0.0032655 0.005203843 0.003786504 -0.0032655 -3.96115e-4 0.003641128 -0.003426849 0.005203843 0.003641128 -0.003426849 -3.96115e-4 0.003409504 -0.003655791 0.005203843 0.003409504 -0.003655791 -3.96115e-4 0.003165006 -0.003870904 0.005203843 0.003165006 -0.003870904 -3.96115e-4 0.002993941 -0.004004716 0.005203843 0.002993941 -0.004004716 -3.96115e-4 0.002817213 -0.004130899 0.005203843 0.002726256 -0.004190146 -3.96115e-4 0.00254172 -0.004304587 0.005203843 0.002448201 -0.004359781 -3.96115e-4 0.002256631 -0.004462003 0.005203843 0.002158701 -0.004508852 -3.96115e-4 0.00206077 -0.004555761 -3.96115e-4 0.001860976 -0.004640936 0.005203843 0.001860976 -0.004640936 -3.96115e-4 0.001554548 -0.004751145 0.005203843 0.001554548 -0.004751145 -3.96115e-4 0.00124222 -0.004843413 0.005203843 0.001136481 -0.004868149 -3.96115e-4 9.24047e-4 -0.004912912 0.005203843 8.17338e-4 -0.00493294 -3.96115e-4 6.02377e-4 -0.004963815 0.005203843 4.94328e-4 -0.004974544 -3.96115e-4 2.77867e-4 -0.004991292 0.005203843 6.08807e-5 -0.004998683 -3.96115e-4 -4.76922e-5 -0.004999995 -3.96115e-4 -2.64748e-4 -0.0049932 0.005203843 -3.73026e-4 -0.004985094 -3.96115e-4 -5.89129e-4 -0.004964232 0.005203843 -8.0412e-4 -0.004933953 -3.96115e-4 -9.11287e-4 -0.004916489 -3.96115e-4 -0.001123845 -0.004872262 0.005203843 -0.001229107 -0.004845559 -3.96115e-4 -0.001438379 -0.004787623 0.005203843 -0.001542329 -0.004756391 -3.96115e-4 -0.001747429 -0.004684925 0.005203843 -0.00184828 -0.004644811 -3.96115e-4 -0.002048254 -0.004560172 0.005203843 -0.002147257 -0.004515647 -3.96115e-4 -0.00234133 -0.004418194 0.005203843 -0.00234133 -0.004418194 -3.96115e-4 -0.002530932 -0.004312336 0.005203843 -0.002623379 -0.004255354 -3.96115e-4 -0.002715826 -0.004198372 -3.96115e-4 -0.002895534 -0.00407648 0.005203843 -0.002895534 -0.00407648 -3.96115e-4 -0.003069818 -0.0039469 0.005203843 -0.003069818 -0.0039469 -3.96115e-4 -0.00323826 -0.003809869 0.005203843 -0.00323826 -0.003809869 -3.96115e-4 -0.003400683 -0.003665685 0.005203843 -0.003400683 -0.003665685 -3.96115e-4 -0.003631234 -0.003435671 0.005203843 -0.003631234 -0.003435671 -3.96115e-4 -0.003848135 -0.003192722 0.005203843 -0.003848135 -0.003192722 -3.96115e-4 -0.004046857 -0.002934753 0.005203843 -0.004046857 -0.002934753 -3.96115e-4 -0.00423032 -0.002665638 0.005203843 -0.00423032 -0.002665638 -3.96115e-4 -0.004393875 -0.002384006 0.005203843 -0.004393875 -0.002384006 -3.96115e-4 -0.004540801 -0.002093374 0.005203843 -0.004540801 -0.002093374 -3.96115e-4 -0.004666328 -0.001792848 0.005203843 -0.004666328 -0.001792848 -3.96115e-4 -0.004774272 -0.001485586 0.005203843 -0.004774272 -0.001485586 -3.96115e-4 -0.004859745 -0.00117135 0.005203843 -0.004859745 -0.00117135 -3.96115e-4 -0.0049268 -8.52678e-4 0.005203843 -0.0049268 -8.52678e-4 -3.96115e-4 -0.004959166 -6.37942e-4 0.005203843 -0.004959166 -6.37942e-4 -3.96115e-4 -0.004989027 -3.13635e-4 0.005203843 -0.004989027 -3.13635e-4 -3.96115e-4 -0.004999995 1.18538e-5 0.005203843 -0.004999995 1.18538e-5 -3.96115e-4 -0.004987418 3.37286e-4 0.005203843 -0.004987418 3.37286e-4 -3.96115e-4 -0.004956066 6.61444e-4 0.005203843 -0.004956066 6.61444e-4 -3.96115e-4 -0.004901289 9.82483e-4 0.005203843 -0.004901289 9.82483e-4 -3.96115e-4 -0.004828035 0.001299798 0.005203843 -0.004828035 0.001299798 -3.96115e-4 -0.00476706 0.001508176 0.005203843 -0.00476706 0.001508176 -3.96115e-4 -0.004697024 0.001713752 0.005203843 -0.004697024 0.001713752 -3.96115e-4 -0.004574418 0.002015471 0.005203843 -0.004574418 0.002015471 -3.96115e-4 -0.004434525 0.00230956 0.005203843 -0.004382252 0.002404749 -3.96115e-4 -0.004273712 0.002592802 0.005203843 -0.004217386 0.002685606 -3.96115e-4 -0.004096746 0.002866208 0.005203843 -0.004032611 0.002953767 -3.96115e-4 -0.003968417 0.003041386 -3.96115e-4 -0.003832638 0.003210842 0.005203843 -0.003832638 0.003210842 -3.96115e-4 -0.003689587 0.003374218 0.005203843 -0.003689587 0.003374218 -3.96115e-4 -0.003461182 0.003606438 0.005203843 -0.003461182 0.003606438 -3.96115e-4 -0.003219783 0.003825008 0.005203843 -0.003219783 0.003825008 -3.96115e-4 -0.002963244 0.004025578 0.005203843 -0.002963244 0.004025578 -3.96115e-4 -0.002695441 0.004210948 0.005203843 -0.002602756 0.004267513 -0.005996108 -0.002420783 0.004378318 -0.001053392 0.004822134 -0.001320958 -0.002262771 0.004886746 -0.001052558 -0.001654505 0.004917621 -8.89735e-4 -0.005996108 0.004909574 -9.46413e-4 -0.005996108 0.004959583 -6.24602e-4 -0.001907229 0.004971086 -5.29139e-4 -0.005996108 0.004990875 -3.00435e-4 -0.005996108 -0.002695441 0.004210948 -0.005996108 -0.002963244 0.004025578 -0.005996108 -0.003219783 0.003825008 -0.005996108 -0.003461182 0.003606438 -0.005996108 -0.003689587 0.003374218 -0.005996108 -0.003832638 0.003210842 -0.005996108 -0.003968417 0.003041386 -0.005996108 -0.004157066 0.002775907 -0.005996108 -0.004330039 0.002499938 -0.005996108 -0.004434525 0.00230956 -0.005996108 -0.004574418 0.002015471 -0.005996108 -0.004697024 0.001713752 -0.005996108 -0.00476706 0.001508176 -0.005996108 -0.004828035 0.001299798 -0.005996108 -0.004901289 9.82483e-4 -0.005996108 -0.004956066 6.61444e-4 -0.005996108 -0.004987418 3.37286e-4 -0.005996108 -0.004999995 1.18538e-5 -0.005996108 -0.004989027 -3.13635e-4 -0.005996108 -0.004943013 -7.4531e-4 -0.005996108 -0.004859745 -0.00117135 -0.005996108 -0.004739761 -0.001588582 -0.005996108 -0.004627406 -0.001894235 -0.005996108 -0.004540801 -0.002093374 -0.005996108 -0.004393875 -0.002384006 -0.005996108 -0.00423032 -0.002665638 -0.005996108 -0.004046857 -0.002934753 -0.005996108 -0.003848135 -0.003192722 -0.005996108 -0.003631234 -0.003435671 -0.005996108 -0.003400683 -0.003665685 -0.005996108 -0.003154039 -0.003878414 -0.005996108 -0.002895534 -0.00407648 -0.005996108 -0.002715826 -0.004198372 -0.005996108 -0.002530932 -0.004312336 -0.005996108 -0.002244293 -0.004466891 -0.005996108 -0.001949191 -0.004604637 -0.005996108 -0.001644909 -0.004720687 -0.005996108 -0.001334369 -0.004818856 -0.005996108 -0.001123845 -0.004872262 -0.005996108 -9.11287e-4 -0.004916489 -0.005996108 -5.89129e-4 -0.004964232 -0.005996108 -2.64748e-4 -0.0049932 -0.005996108 -4.76922e-5 -0.004999995 -0.005996108 2.77867e-4 -0.004991292 -0.005996108 7.09857e-4 -0.004948377 -0.005996108 0.001030743 -0.004892826 -0.005996108 0.00124222 -0.004843413 -0.005996108 0.001554548 -0.004751145 -0.005996108 0.001860976 -0.004640936 -0.005996108 0.00206077 -0.004555761 -0.005996108 0.002352416 -0.004410862 -0.005996108 0.00263524 -0.004249393 -0.005996108 0.002817213 -0.004130899 -0.005996108 0.003079473 -0.00393778 -0.005996108 0.003409504 -0.003655791 -0.005996108 0.003641128 -0.003426849 -0.005996108 0.003855586 -0.003181755 -0.005996108 0.0040555 -0.002924621 -0.005996108 0.00423628 -0.002653777 -0.005996108 0.004401147 -0.00237286 -0.005996108 0.004545211 -0.002080798 -0.005996108 0.00467211 -0.001780867 -0.005996108 0.004777014 -0.001472532 -0.005996108 0.004863858 -0.001158654 -0.005996108 0.00499922 -8.34333e-5 -0.001905322 0.00499624 -1.65585e-4 -0.002262771 0.004990816 -3.01664e-4 -0.005996108 0.004997491 2.43556e-4 -0.002078235 0.004997313 2.93489e-4 -0.002262771 0.00499922 -8.37563e-5 0.005203843 0.00987637 0.01013904 0.005203843 0.005689799 0.002867639 -0.005996108 0.00987637 0.01013904 -0.005996108 0.005689799 0.002867639 -3.96115e-4 -0.002318859 0.004440605 -0.005996108 -0.00215739 0.004548132 -3.96115e-4 -0.002132892 0.004565238 -0.005996108 -0.001988112 0.004670679 -3.96115e-4 -0.001865208 0.004767894 -0.005996108 -0.001744389 0.004867732 -3.96115e-4 -0.001609504 0.00498557 -0.005996108 -0.001511633 0.00507754 -3.96115e-4 -0.001370131 0.005221009 -0.005996108 -0.001293361 0.005302429 -3.96115e-4 -0.001144647 0.005469799 -0.005996108 -0.001087546 0.005538761 -3.96115e-4 -9.37629e-4 0.005734086 -0.005996108 -8.97973e-4 0.005788326 -3.96115e-4 -7.46075e-4 0.006009876 -0.005996108 -7.22026e-4 0.006047666 -3.96115e-4 -6.29108e-4 0.00620079 -0.005996108 -5.63831e-4 0.006318151 -3.96115e-4 -5.20467e-4 0.006396532 0.005203843 -5.13525e-4 0.006409764 0.005203843 -6.68082e-4 0.006137132 0.005203843 -8.37018e-4 0.005873143 0.005203843 -0.001023232 0.005621075 0.005203843 -0.00122267 0.005379378 0.005203843 -0.001437842 0.00515151 0.005203843 -0.001744389 0.004867732 0.005203843 -0.001988112 0.004670679 0.005203843 -0.002244412 0.004490375 -0.005996108 0.005535602 0.002576529 -3.96115e-4 0.005584239 0.002674996 0.005203843 0.005535602 0.002576529 -3.96115e-4 0.0054425 0.002377629 0.005203843 0.005398035 0.002277255 -3.96115e-4 0.005317628 0.002072811 0.005203843 0.005281805 0.001968979 -6.3848e-4 0.00522238 0.001787543 0.001470506 0.005156219 0.001548171 0.005203843 0.005156219 0.001548171 5.84231e-4 0.005096971 0.001289367 0.001470506 0.005084455 0.001226663 7.339e-4 0.00506556 0.001118838 0.005203843 0.005084455 0.001226663 0.001470506 0.005048751 0.001009941 0.005203843 0.005048751 0.001009941 8.77834e-4 0.005034208 8.938e-4 0.005203843 0.005022227 7.91887e-4 0.001470506 0.005022048 7.90244e-4 9.65865e-4 0.005015909 7.10772e-4 0.005203843 0.005004942 5.72905e-4 0.001470506 0.005004942 5.72905e-4 0.001067876 0.004998683 4.16225e-4 0.001470506 0.004996895 3.53387e-4 7.98171e-4 0.005051553 0.001026272 1.30866e-4 0.005166471 0.001588463 -8.81713e-4 0.005172729 0.001614391 -0.002262771 0.005129277 0.001441717 -0.001282036 0.00511533 0.001377642 -0.001538038 0.005062878 0.001096904 -0.002262771 0.005084455 0.001226663 -0.005996108 0.005084455 0.001226663 -0.005996108 0.005156219 0.001548171 -0.005996108 0.005281805 0.001968979 -0.005996108 0.005398035 0.002277255 -0.002262771 0.005048751 0.001009941 -0.005996108 0.005048751 0.001009941 -0.001670062 0.005034208 8.938e-4 -0.005996108 0.005013585 6.82396e-4 -0.002262771 0.005022048 7.90244e-4 -0.001906096 0.005009233 6.16843e-4 -0.005996108 0.01161003 0.01194208 -3.96115e-4 0.01170289 0.01200067 0.005203843 0.01170289 0.01200067 -3.96115e-4 0.0115171 0.01188349 0.005203843 0.0115171 0.01188349 -3.96115e-4 0.01124876 0.0116924 0.005203843 0.01124876 0.0116924 -3.96115e-4 0.01099163 0.01148647 0.005203843 0.01099163 0.01148647 -3.96115e-4 0.01082813 0.01133972 0.005203843 0.01074957 0.01126295 -3.96115e-4 0.01059579 0.01110619 0.005203843 0.01052051 0.0110262 -3.96115e-4 0.01037693 0.01085996 0.005203843 0.01037693 0.01085996 -3.96115e-4 0.01024049 0.01068782 0.005203843 0.01024049 0.01068782 -3.96115e-4 0.01011145 0.01051008 0.005203843 0.01005071 0.01041859 -3.96115e-4 0.009989976 0.01032704 -0.005996108 0.01005071 0.01041859 -0.005996108 0.01024049 0.01068782 -0.005996108 0.01044875 0.01094311 -0.005996108 0.01067101 0.01118624 -0.005996108 0.01082813 0.01133972 -0.005996108 0.01099163 0.01148647 -0.005996108 0.01124876 0.0116924 -0.001622736 0.004724919 1.52577e-4 -0.001608133 0.004724919 -2.92585e-4 -0.001450598 0.004724919 -6.60597e-4 -0.001130938 0.004724919 -9.97924e-4 -7.14458e-4 0.004724919 -0.001205742 -3.96077e-4 0.004724919 -0.001247048 -7.76993e-5 0.004724919 -0.001205682 2.74755e-4 0.004724919 -0.001046121 5.4938e-4 0.004724919 -8.13024e-4 7.34654e-4 0.004724919 -5.19333e-4 8.38885e-4 0.004724919 -5.37323e-5 7.34654e-4 0.004724919 5.18828e-4 5.68187e-4 0.004724919 7.93302e-4 4.18004e-4 0.004724919 9.46752e-4 3.96805e-5 0.004724919 0.001157164 -3.42511e-4 0.004724919 0.001245379 -6.87874e-4 0.004724919 0.001209259 -0.001109123 0.004724919 0.0010131 -0.001493394 0.004724919 5.68988e-4 -0.001621246 0.003143072 1.88642e-4 -0.001434922 0.003143072 6.70177e-4 -0.001074552 0.003143072 0.001039743 -7.45023e-4 0.003143072 0.001196622 -5.05059e-4 0.003143072 0.001244962 -2.60348e-4 0.003143072 0.001239061 1.81114e-4 0.003143072 0.001093089 4.47569e-4 0.003143072 9.20467e-4 5.94633e-4 0.003143072 7.59975e-4 7.53207e-4 0.003143072 4.75933e-4 8.48538e-4 0.003143072 -1.39745e-5 7.90326e-4 0.003143072 -3.74454e-4 5.80813e-4 0.003143072 -7.66796e-4 2.50689e-4 0.003143072 -0.001066029 -4.72062e-5 0.003143072 -0.001197159 -3.41642e-4 0.003143072 -0.001247823 -5.85733e-4 0.003143072 -0.001232445 -0.001027226 0.003143072 -0.001066207 -0.001389384 0.003143072 -7.45496e-4 -0.001592934 0.003143072 -3.49372e-4 -0.001540184 0.01422494 0.01600408 -0.001629352 0.01422494 0.01635295 -0.001311361 0.01422494 0.01566016 -9.64581e-4 0.01422494 0.01539003 -6.62373e-4 0.01422494 0.01528167 -3.42511e-4 0.01422494 0.01525408 -5.13131e-5 0.01422494 0.01529943 1.72285e-4 0.01422494 0.01538997 5.41462e-4 0.01422494 0.01569366 7.79442e-4 0.01422494 0.01607823 8.45802e-4 0.01422494 0.01648646 7.86495e-4 0.01422494 0.01688104 6.15749e-4 0.01422494 0.01722818 3.96183e-4 0.01422494 0.01746243 1.05418e-5 0.01422494 0.01767385 -3.42511e-4 0.01422494 0.01774537 -7.55127e-4 0.01422494 0.01767885 -0.001229047 0.01422494 0.01742744 -0.001438379 0.01422494 0.01718401 -0.001584291 0.01422494 0.01686888 -0.001640141 0.01264303 0.01658123 -0.001558005 0.01264303 0.01695173 -0.001401484 0.01264303 0.01723694 -0.001176416 0.01264303 0.01747202 -8.06986e-4 0.01264303 0.01766842 -4.50587e-4 0.01264303 0.01774734 -1.52852e-4 0.01264303 0.01772248 1.55335e-4 0.01264303 0.01761788 3.84213e-4 0.01264303 0.01747202 6.09281e-4 0.01264303 0.01723694 8.13219e-4 0.01264303 0.01678162 8.47948e-4 0.01264303 0.01641821 7.9482e-4 0.01264303 0.01612401 6.96946e-4 0.01264303 0.01590007 4.72827e-4 0.01264303 0.01561182 1.80522e-4 0.01264303 0.015392 3.14104e-5 0.01264303 0.01532512 -7.2591e-5 0.01264303 0.01529228 -2.60348e-4 0.01264303 0.01526039 -7.04686e-4 0.01264303 0.01529628 -9.72751e-4 0.01264303 0.015392 -0.001176416 0.01264303 0.01552736 -0.001445293 0.01264303 0.01583129 -0.001610636 0.01264303 0.01623034 0.005399167 0.01429992 0.04293328 0.005351006 0.01429992 0.04345637 0.005286633 0.01429992 0.04385989 0.005155205 0.01429992 0.0443685 0.004959404 0.01429992 0.04491806 0.004562377 0.01429992 0.04569727 0.004017293 0.01429992 0.04645383 0.003535807 0.01429992 0.0469619 0.00303936 0.01429992 0.04736876 0.00303936 0.01099991 0.04736876 0.00303936 0.007699906 0.04736876 0.002603828 0.007699906 0.04766225 0.002603828 0.01099991 0.04766225 0.002299249 0.007699906 0.04783535 0.002299249 0.01099991 0.04783535 0.001983761 0.007699906 0.04798763 0.001983761 0.01099991 0.04798763 0.001550555 0.007699906 0.04816204 0.001550555 0.01099991 0.04816204 0.001104712 0.007699906 0.04830098 0.001104712 0.01099991 0.04830098 5.91334e-4 0.007699906 0.04841178 6.49152e-4 0.01099991 0.04840356 1.86795e-4 0.01099991 0.04846918 -4.59905e-5 0.007699906 0.04848796 -2.79344e-4 0.01099991 0.04849737 -5.71177e-4 0.007699906 0.04849386 -7.46239e-4 0.01099991 0.04848796 -0.001268267 0.007699906 0.0484305 -0.001095175 0.01099991 0.04845744 -0.001441359 0.01099991 0.04840356 -0.001896917 0.007699906 0.04830098 -0.001896917 0.01099991 0.04830098 -0.00223273 0.007699906 0.04820126 -0.00223273 0.01099991 0.04820126 -0.00245279 0.007699906 0.04812282 -0.002561151 0.01099991 0.04807919 -0.002776026 0.007699906 0.04798763 -0.00288248 0.01099991 0.04793971 -0.003243744 0.007699906 0.0477488 -0.003193795 0.01099991 0.04777902 -0.003495991 0.01099991 0.04760181 -0.003690838 0.007699906 0.04747301 -0.003690838 0.01099991 0.04747301 -0.003972351 0.007699906 0.04726445 -0.003972351 0.01099991 0.04726445 -0.003831624 0.01429992 0.04736876 -0.004328012 0.01429992 0.0469619 0.002603828 0.01429992 0.04766225 0.002194762 0.01429992 0.04788756 0.001604735 0.01429992 0.04814022 0.001104712 0.01429992 0.04830098 6.49152e-4 0.01429992 0.04840356 1.86795e-4 0.01429992 0.04846918 -2.79344e-4 0.01429992 0.04849737 -7.46239e-4 0.01429992 0.04848796 -0.001095175 0.01429992 0.04845744 -0.001441359 0.01429992 0.04840356 -0.001896917 0.01429992 0.04830098 -0.00223273 0.01429992 0.04820126 -0.002561151 0.01429992 0.04807919 -0.002986967 0.01429992 0.04788756 -0.003396034 0.01429992 0.04766225 -0.004809558 0.01429992 0.04645383 -0.00532639 0.01429992 0.04574841 -0.005531728 0.01429992 0.04539513 -0.005751609 0.01429992 0.04491806 -0.006013154 0.01429992 0.04411417 -0.006143271 0.01429992 0.04345637 -0.006191372 0.01429992 0.04293328 -0.004242181 0.007699906 0.04704105 -0.004536092 0.007699906 0.04675716 -0.004960834 0.007699906 0.04627597 -0.00532639 0.007699906 0.04574841 -0.005657911 0.007699906 0.04513186 -0.005858361 0.007699906 0.04464644 -0.0059973 0.007699906 0.04420053 -0.006108105 0.007699906 0.04368716 -0.006184339 0.007699906 0.04304987 0.003449976 0.007699906 0.04704105 0.003743827 0.007699906 0.04675716 0.00416857 0.007699906 0.04627597 0.004562377 0.007699906 0.04569727 0.004959404 0.007699906 0.04491806 0.005155205 0.007699906 0.0443685 0.005286633 0.007699906 0.04385989 0.005351006 0.007699906 0.04345637 0.005399167 0.007699906 0.04293328 0.001251518 0.01404994 0.03043735 0.001209855 0.01404994 0.03014469 0.001086533 0.01404994 0.02977579 9.94019e-4 0.01404994 0.02961307 7.79257e-4 0.01404994 0.02934634 5.6798e-4 0.01404994 0.02916216 3.26426e-4 0.01404994 0.02901995 -1.17432e-4 0.01404994 0.0288794 -5.20623e-4 0.01404994 0.0288577 -8.87141e-4 0.01404994 0.02892786 -0.001266002 0.01404994 0.02910661 -0.001594603 0.01404994 0.02936738 -0.001767456 0.01404994 0.02958804 -0.001905143 0.01404994 0.02983242 -0.001997947 0.01404994 0.03012955 -0.002040207 0.01404994 0.03059321 -0.002002537 0.01404994 0.03087097 -0.001914501 0.01404994 0.03113704 -0.001751661 0.01404994 0.03143835 -0.001637458 0.01404994 0.03158664 -0.001505553 0.01404994 0.03171944 -0.001281619 0.01404994 0.03188806 -9.76303e-4 0.01404994 0.03204309 -7.05943e-4 0.01404994 0.03211706 -2.40772e-4 0.01404994 0.03213644 6.60195e-5 0.01404994 0.03208369 2.42061e-4 0.01404994 0.03202003 5.65219e-4 0.01404994 0.03183346 9.02416e-4 0.01404994 0.03151243 0.001097083 0.01404994 0.03119409 0.001218616 0.01404994 0.03080904 0.0012362 0.01099991 0.03028219 0.001243233 0.01099991 0.03065526 0.001177668 0.01099991 0.03099137 0.00104022 0.01099991 0.03130507 8.22061e-4 0.01099991 0.0316078 5.41291e-4 0.01099991 0.03185361 2.99134e-4 0.01099991 0.03199481 1.25628e-4 0.01099991 0.03206503 -5.53413e-5 0.01099991 0.03211295 -3.02552e-4 0.01099991 0.03214585 -6.44518e-4 0.01099991 0.03212761 -9.17484e-4 0.01099991 0.03206396 -0.001147389 0.01099991 0.0319674 -0.001360177 0.01099991 0.03183728 -0.001550912 0.01099991 0.03167659 -0.001677691 0.01099991 0.0315389 -0.001786231 0.01099991 0.03138637 -0.00190407 0.01099991 0.03116655 -0.001987338 0.01099991 0.03093147 -0.002035439 0.01099991 0.03065532 -0.002018988 0.01099991 0.03022056 -0.001950144 0.01099991 0.02994883 -0.001878798 0.01099991 0.02977579 -0.001786231 0.01099991 0.02961307 -0.001636564 0.01099991 0.02941358 -0.001458585 0.01099991 0.02923887 -0.001174032 0.01099991 0.02904832 -9.17484e-4 0.01099991 0.02893549 -6.44518e-4 0.01099991 0.02887183 -3.6489e-4 0.01099991 0.02885001 -1.47778e-4 0.01099991 0.02887183 1.25628e-4 0.01099991 0.02893435 3.81905e-4 0.01099991 0.02904832 6.17906e-4 0.01099991 0.0291996 8.63163e-4 0.01099991 0.02943861 0.00102657 0.01099991 0.0296663 0.001145303 0.01099991 0.02992022 0.001242041 0.007949948 0.03068655 0.001247942 0.007949948 0.03040629 0.001195132 0.007949948 0.03006798 0.001072883 0.007949948 0.0297653 8.44389e-4 0.007949948 0.02941358 5.91853e-4 0.007949948 0.02918225 2.6985e-4 0.007949948 0.02899366 -1.63896e-4 0.007949948 0.0288738 -5.82738e-4 0.007949948 0.0288636 -8.57918e-4 0.007949948 0.02891689 -0.00111854 0.007949948 0.02901995 -0.001480937 0.007949948 0.02926081 -0.00169456 0.007949948 0.02948695 -0.001889288 0.007949948 0.0298053 -0.002007246 0.007949948 0.03015935 -0.002042531 0.007949948 0.03053086 -0.002016603 0.007949948 0.03081011 -0.001969873 0.007949948 0.03099137 -0.001861929 0.007949948 0.03125005 -0.001716136 0.007949948 0.03148967 -0.001526951 0.007949948 0.03169673 -0.001281619 0.007949948 0.03188806 -8.87141e-4 0.007949948 0.03207159 -5.20623e-4 0.007949948 0.03214174 -2.09559e-4 0.007949948 0.03213584 1.25254e-4 0.007949948 0.03206396 3.55212e-4 0.007949948 0.0319674 5.91853e-4 0.007949948 0.03181719 8.6312e-4 0.007949948 0.03156089 0.001057088 0.007949948 0.03127866 0.001184701 0.007949948 0.03096091 0.001250326 0.01404994 0.04246854 0.00121504 0.01404994 0.04215943 0.001097083 0.01404994 0.04180538 9.22982e-4 0.01404994 0.04151046 7.58691e-4 0.01404994 0.04132282 4.20489e-4 0.01404994 0.04107469 1.25254e-4 0.01404994 0.04093551 -2.40772e-4 0.01404994 0.04086297 -7.05943e-4 0.01404994 0.0408824 -9.76303e-4 0.01404994 0.04095637 -0.001306235 0.01404994 0.04113054 -0.001594603 0.01404994 0.04136741 -0.001767456 0.01404994 0.04158806 -0.00195837 0.01404994 0.04197901 -0.002026021 0.01404994 0.04225105 -0.002035498 0.01404994 0.04262405 -0.00195837 0.01404994 0.04302042 -0.001767456 0.01404994 0.04341137 -0.001526951 0.01404994 0.04369676 -0.001228392 0.01404994 0.04392063 -9.76303e-4 0.01404994 0.04404306 -7.97979e-4 0.01404994 0.04410004 -6.13907e-4 0.01404994 0.04413408 -3.33833e-4 0.01404994 0.04414528 1.67356e-4 0.01404994 0.04404246 5.41346e-4 0.01404994 0.04385358 8.22106e-4 0.01404994 0.04360777 9.60443e-4 0.01404994 0.04343903 0.001057088 0.01404994 0.04327869 0.001184701 0.01404994 0.04296094 0.001235008 0.01404994 0.04274857 0.001247942 0.01099991 0.04240626 0.001243233 0.01099991 0.0426867 0.001224398 0.01099991 0.04281014 0.001145303 0.01099991 0.04307919 0.00102657 0.01099991 0.04333311 9.23927e-4 0.01099991 0.04348969 7.3477e-4 0.01099991 0.04369676 4.36212e-4 0.01099991 0.04392063 1.54103e-4 0.01099991 0.04405182 -1.16432e-4 0.01099991 0.04412585 -3.96148e-4 0.01099991 0.04414647 -6.75598e-4 0.01099991 0.04412466 -9.17484e-4 0.01099991 0.04406392 -0.001147389 0.01099991 0.04396742 -0.001433253 0.01099991 0.04377883 -0.001636564 0.01099991 0.04358589 -0.001786231 0.01099991 0.04338634 -0.001914501 0.01099991 0.04313713 -0.002028405 0.01099991 0.04271721 -0.002043724 0.01099991 0.04243731 -0.002015471 0.01099991 0.04218953 -0.001914501 0.01099991 0.0418623 -0.001731991 0.01099991 0.0415368 -0.001550912 0.01099991 0.04132282 -0.001333534 0.01099991 0.04114586 -0.001034259 0.01099991 0.04097944 -7.66923e-4 0.01099991 0.04089528 -4.27317e-4 0.01099991 0.04085117 -8.62869e-5 0.01099991 0.0408824 1.84073e-4 0.01099991 0.04095637 4.36212e-4 0.01099991 0.0410788 6.6714e-4 0.01099991 0.041238 7.59519e-4 0.01099991 0.04132199 8.45278e-4 0.01099991 0.04141277 9.59471e-4 0.01099991 0.04156112 0.001097023 0.01099991 0.04180532 0.001210331 0.01099991 0.0421285 0.001250326 0.007949948 0.04253089 0.001223206 0.007949948 0.04218953 0.001122236 0.007949948 0.0418623 9.75288e-4 0.007949948 0.04158812 7.58691e-4 0.007949948 0.04132282 5.41346e-4 0.007949948 0.04114586 2.12443e-4 0.007949948 0.04096955 -2.40772e-4 0.007949948 0.04086297 -7.05943e-4 0.007949948 0.0408824 -9.76303e-4 0.007949948 0.04095637 -0.001228392 0.007949948 0.0410788 -0.001505553 0.007949948 0.04127997 -0.00169456 0.007949948 0.04148691 -0.001889288 0.007949948 0.04180532 -0.00198853 0.007949948 0.04206764 -0.002035498 0.007949948 0.04237538 -0.002026021 0.007949948 0.04274839 -0.001923799 0.007949948 0.04310727 -0.001673161 0.007949948 0.04353517 -0.001384079 0.007949948 0.04381716 -0.001091361 0.007949948 0.04399478 -8.57918e-4 0.007949948 0.04408252 -5.82738e-4 0.007949948 0.04413586 -2.40326e-4 0.007949948 0.04414117 1.23761e-4 0.007949948 0.04405945 5.41346e-4 0.007949948 0.04385358 8.40837e-4 0.007949948 0.04358279 0.001057088 0.007949948 0.04327869 0.001166105 0.007949948 0.04302048 0.001235008 0.007949948 0.04274857 0.004903852 0.01358228 0.01615625 0.004903852 0.01358932 0.0167452 0.004903852 0.01347756 0.01744705 0.004903852 0.0132628 0.01812487 0.004903852 0.01313728 0.01839166 0.004903852 0.01288074 0.01879525 0.004903852 0.01210278 0.01965695 0.004903852 0.01112645 0.02023553 0.004903852 0.009891271 0.02056711 0.004903852 0.008806049 0.02052164 0.004903852 0.007614314 0.02012479 0.004903852 0.00674659 0.01953059 0.004903852 0.006281256 0.01902627 0.004903852 0.00575596 0.01814341 0.004903852 0.005487978 0.01732903 0.004903852 0.005405843 0.0165733 0.004903852 0.005438745 0.01596093 0.004903852 0.005628585 0.01517468 0.004903852 0.006004631 0.01437801 0.004903852 0.006553351 0.01365727 0.004903852 0.007149398 0.01314759 0.004903852 0.007785916 0.01277875 0.004903852 0.008385062 0.0125603 0.004903852 0.00910753 0.01242178 0.004903852 0.009696364 0.01240766 0.004903852 0.01013624 0.01245057 0.004903852 0.01070892 0.0125882 0.004903852 0.01158118 0.01297676 0.004903852 0.01219958 0.01341825 0.004903852 0.01251727 0.01372557 0.004903852 0.01279687 0.01406788 0.004903852 0.01308983 0.01452165 0.004903852 0.01331692 0.01501172 0.004903852 0.01349085 0.01557445 0.004903852 0.004092872 9.79212e-5 0.004903852 0.004011869 8.29095e-4 0.004903852 0.003851473 0.001395761 0.004903852 0.003680586 0.001803398 0.004903852 0.003231883 0.00250566 0.004903852 0.002772688 0.003015577 0.004903852 0.002432942 0.003298342 0.004903852 0.002062499 0.003539383 0.004903852 0.001463532 0.003821432 0.004903852 6.84435e-4 0.00403887 0.004903852 4.90431e-5 0.004093527 0.004903852 -6.59546e-4 0.004038631 0.004903852 -0.00160104 0.003768503 0.004903852 -0.002393722 0.003306448 0.004903852 -0.003029167 0.002751469 0.004903852 -0.003631114 0.001874387 0.004903852 -0.003902614 0.001231729 0.004903852 -0.004075288 3.91879e-4 0.004903852 -0.004062354 -5.14516e-4 0.004903852 -0.00377655 -0.0015648 0.004903852 -0.003434538 -0.002228677 0.004903852 -0.00308305 -0.002701222 0.004903852 -0.002715289 -0.003062129 0.004903852 -0.002062559 -0.003539919 0.004903852 -0.001670122 -0.00374335 0.004903852 -0.001043319 -0.00395739 0.004903852 -3.92412e-4 -0.004078149 0.004903852 4.16343e-4 -0.004070818 0.004903852 0.001323997 -0.003868818 0.004903852 0.001934826 -0.003613591 0.004903852 0.002448439 -0.003278613 0.004903852 0.003157079 -0.002603232 0.004903852 0.003542423 -0.002064406 0.004903852 0.003680586 -0.001803874 0.004903852 0.003871858 -0.001325428 0.004903852 0.004061102 -5.39024e-4 -0.005696058 0.01359641 0.01654887 -0.005696058 0.01353645 0.01581567 -0.005696058 0.0133515 0.01510363 -0.005696058 0.01318055 0.01469606 -0.005696058 0.01290965 0.01422876 -0.005696058 0.01225382 0.0134859 -0.005696058 0.01160341 0.01298731 -0.005696058 0.01067972 0.01260131 -0.005696058 0.009414494 0.01241838 -0.005696058 0.008574187 0.01250684 -0.005696058 0.008082389 0.01266068 -0.005696058 0.007353067 0.0130105 -0.005696058 0.006734371 0.01349169 -0.005696058 0.005963504 0.01446723 -0.005696058 0.005463838 0.01585328 -0.005696058 0.005405843 0.0165733 -0.005696058 0.005487978 0.01732903 -0.005696058 0.005821108 0.01828908 -0.005696058 0.006281256 0.01902627 -0.005696058 0.006839156 0.01961129 -0.005696058 0.007353067 0.01998889 -0.005696058 0.00774002 0.02020281 -0.005696058 0.008011162 0.02031862 -0.005696058 0.008431673 0.02045476 -0.005696058 0.009181261 0.02057909 -0.005696058 0.01015931 0.02053809 -0.005696058 0.01080423 0.02038669 -0.005696058 0.01107984 0.02028185 -0.005696058 0.01147699 0.02008783 -0.005696058 0.01202672 0.01971894 -0.005696058 0.01265704 0.01910269 -0.005696058 0.01304239 0.01856392 -0.005696058 0.01320004 0.01825827 -0.005696058 0.01341396 0.01770949 -0.005696058 0.013547 0.01713573 -0.005696058 0.004076957 -2.20552e-4 -0.005696058 0.003982603 -9.74102e-4 -0.005696058 0.003787636 -0.001555979 -0.005696058 0.003637313 -0.001892209 -0.005696058 0.003336489 -0.00236988 -0.005696058 0.0028584 -0.002928018 -0.005696058 0.001939356 -0.003596484 -0.005696058 0.001184821 -0.00391674 -0.005696058 1.71575e-4 -0.004089057 -0.005696058 -7.07966e-4 -0.004030346 -0.005696058 -0.001349747 -0.003868222 -0.005696058 -0.002081632 -0.003523707 -0.005696058 -0.002715289 -0.003062129 -0.005696058 -0.003113627 -0.002662718 -0.005696058 -0.003572463 -0.001996576 -0.005696058 -0.003916561 -0.001184999 -0.005696058 -0.00408709 -1.47161e-4 -0.005696058 -0.004038929 6.59397e-4 -0.005696058 -0.00393027 0.001163065 -0.005696058 -0.003685593 0.001778602 -0.005696058 -0.00323379 0.002491116 -0.005696058 -0.002624988 0.003145039 -0.005696058 -0.001996219 0.003571569 -0.005696058 -0.001256644 0.003898978 -0.005696058 -6.84571e-4 0.00403887 -0.005696058 -9.83061e-5 0.004095315 -0.005696058 4.41428e-4 0.004074692 -0.005696058 9.00788e-4 0.003994166 -0.005696058 0.001624226 0.003760695 -0.005696058 0.00228846 0.003391742 -0.005696058 0.002810835 0.002984464 -0.005696058 0.003157079 0.002602696 -0.005696058 0.003611505 0.001933634 -0.005696058 0.003931641 0.001112401 0.002903878 0.007246375 0.008211255 0.002903878 0.007219135 0.008633017 0.002903878 0.007117211 0.009043216 0.002903878 0.006931126 0.009464681 0.002903878 0.006744027 0.009755611 0.002903878 0.006515383 0.01001518 0.002903878 0.006062865 0.01037025 0.002903878 0.00561589 0.01059144 0.002903878 0.005284726 0.01069182 0.002903878 0.005056977 0.01072961 0.002903878 0.004749894 0.01074856 0.002903878 0.00444287 0.01072961 0.002903878 0.00410372 0.01066142 0.002903878 0.003705501 0.0105198 0.002903878 0.003403067 0.01035201 0.002903878 0.003123402 0.01014822 0.002903878 0.002879083 0.009903132 0.002903878 0.002647638 0.009596645 0.002903878 0.002478778 0.009294629 0.002903878 0.002359271 0.008969843 0.002903878 0.002266466 0.008479833 0.002903878 0.002261757 0.008019149 0.002903878 0.002308964 0.007715165 0.002903878 0.002435982 0.007311999 0.002903878 0.002647638 0.006902813 0.002903878 0.00285232 0.006623923 0.002903878 0.003096461 0.006378948 0.002903878 0.003434479 0.006125211 0.002903878 0.003741383 0.005965709 0.002903878 0.004140436 0.005826354 0.002903878 0.00444287 0.005769848 0.002903878 0.004672944 0.005750894 0.002903878 0.005018591 0.005767464 0.002903878 0.005359411 0.005826354 0.002903878 0.005687594 0.005935728 0.002903878 0.00609678 0.006147444 0.002903878 0.006515383 0.00648427 0.002903878 0.006809771 0.006838738 0.002903878 0.007033944 0.007241249 0.002903878 0.007132291 0.007491827 0.002903878 0.00721091 0.007828831 -0.003696084 0.00723809 0.008019149 -0.003696084 0.007247567 0.008326649 -0.003696084 0.007219135 0.008633017 -0.003696084 0.007153332 0.008933544 -0.003696084 0.00705111 0.009223699 -0.003696084 0.006913959 0.009499132 -0.003696084 0.006718993 0.009784817 -0.003696084 0.006433367 0.01009637 -0.003696084 0.00609678 0.01035201 -0.003696084 0.005794346 0.0105198 -0.003696084 0.005396127 0.01066142 -0.003696084 0.005056977 0.01072961 -0.003696084 0.004596412 0.01073908 -0.003696084 0.00410372 0.01066142 -0.003696084 0.003705501 0.0105198 -0.003696084 0.003403067 0.01035201 -0.003696084 0.002984464 0.01001518 -0.003696084 0.007161557 0.007603466 -0.003696084 0.007033944 0.007241249 -0.003696084 0.006875455 0.006933629 -0.003696084 0.006670713 0.006654679 -0.003696084 0.006433367 0.006403088 -0.003696084 0.006160974 0.006189942 -0.003696084 0.005758404 0.005965709 -0.003696084 0.005321562 0.00581932 -0.003696084 0.004980623 0.005760371 -0.003696084 0.004634559 0.005755662 -0.003696084 0.004366457 0.005779325 -0.003696084 0.004140436 0.005826354 -0.003696084 0.003847241 0.005919635 -0.003696084 0.003468394 0.006106972 -0.003696084 0.003183364 0.006302952 -0.003696084 0.002855896 0.006627023 -0.003696084 0.002624392 0.006933629 -0.003696084 0.002465903 0.007241249 -0.003696084 0.002367556 0.007491827 -0.003696084 0.002308964 0.007715165 -0.003696084 0.002260565 0.008057653 -0.003696084 0.002254664 0.008403599 -0.003696084 0.002280652 0.008633017 -0.003696084 0.002359271 0.008969843 -0.003696084 0.002532303 0.009396851 -0.003696084 0.00275582 0.009755611 0.005403876 0.01347833 0.01682609 0.005403876 0.01160705 0.01614838 0.005403876 0.01343965 0.0158571 0.005403876 0.01159614 0.01693958 0.005403876 0.01142054 0.01745873 0.005403876 0.01328223 0.01777577 0.005403876 0.01100796 0.01800829 0.005403876 0.01052242 0.0183897 0.005403876 0.01309609 0.01825118 0.005403876 0.01007688 0.01856303 0.005403876 0.009712517 0.01863801 0.005403876 0.01283657 0.01869088 0.005403876 0.01217412 0.01946407 0.005403876 0.01161289 0.01988911 0.005403876 0.01072883 0.02028387 0.005403876 0.009683966 0.02049547 0.005403876 0.009262561 0.01861906 0.005403876 0.009319067 0.02049034 0.005403876 0.008317232 0.02030915 0.005403876 0.008391082 0.01832562 0.005403876 0.007206261 0.01974928 0.005403876 0.006439864 0.01906388 0.005403876 0.00785017 0.01787334 0.005403876 0.006035625 0.01848745 0.005403876 0.007521271 0.01728147 0.005403876 0.00571078 0.01775544 0.005403876 0.005531489 0.01697456 0.005403876 0.007354319 0.01642847 0.005403876 0.005508482 0.01629441 0.005403876 0.005562961 0.01581114 0.005403876 0.007410466 0.01600694 0.005403876 0.005658745 0.01538372 0.005403876 0.005828201 0.01492774 0.005403876 0.00754863 0.01560473 0.005403876 0.006217598 0.01422798 0.005403876 0.007902264 0.01507639 0.005403876 0.006733596 0.01361501 0.005403876 0.008445262 0.01464349 0.005403876 0.007305085 0.01316279 0.005403876 0.00801599 0.01279401 0.005403876 0.009217381 0.01437431 0.005403876 0.01021116 0.01257485 0.005403876 0.01134139 0.01296865 0.005403876 0.008736312 0.01257449 0.005231976 0.009376943 0.01250648 0.005403876 0.01213741 0.01351743 0.005403876 0.01264256 0.01402509 0.005403876 0.01281386 0.01426172 0.005403876 0.009905099 0.01439654 0.005403876 0.01062208 0.01468569 0.005403876 0.01316845 0.01492607 0.005403876 0.01128524 0.01533365 0.004903852 0.01162868 0.01659655 0.004903852 0.01343965 0.0158571 0.004903852 0.01148009 0.01570844 0.004903852 0.01323676 0.015082 0.004903852 0.01112473 0.01510071 0.004903852 0.01299053 0.01455301 0.004903852 0.01057648 0.01465904 0.004903852 0.01270091 0.01410305 0.004903852 0.009869754 0.01439303 0.004903852 0.009358167 0.01435559 0.004903852 0.01237213 0.01372891 0.004903852 0.01144868 0.01302516 0.004903852 0.01047462 0.01262152 0.004903852 0.007640004 0.01296514 0.004903852 0.008430957 0.0126568 0.004903852 0.009899079 0.01252561 0.004903852 0.008757829 0.0144999 0.004903852 0.006990909 0.01339209 0.004903852 0.008062601 0.01491171 0.004903852 0.00635153 0.01405507 0.004903852 0.007646799 0.0154159 0.004903852 0.005877196 0.0148164 0.004903852 0.007469534 0.01580244 0.004903852 0.005658745 0.01538372 0.004903852 0.00558871 0.01566731 0.004903852 0.007371962 0.01621633 0.004903852 0.005526304 0.0160517 0.004903852 0.005504131 0.01658636 0.004903852 0.007379174 0.01679956 0.004903852 0.005649983 0.0175203 0.004903852 0.007621049 0.01751625 0.004903852 0.006137013 0.0186392 0.004903852 0.006635606 0.01928001 0.004903852 0.008021652 0.01805281 0.004903852 0.007726013 0.02005976 0.004903852 0.008749902 0.01849466 0.004903852 0.008621037 0.02039587 0.004903852 0.009393274 0.01864385 0.004903852 0.009513616 0.02049446 0.004903852 0.009641766 0.01864504 0.004903852 0.01055443 0.02033489 0.004903852 0.01150792 0.01995038 0.004903852 0.01208382 0.01954537 0.004903852 0.01269471 0.01888805 0.004903852 0.01300656 0.01842421 0.004903852 0.009783208 0.01863098 0.004903852 0.01316261 0.01809436 0.004903852 0.01021099 0.01851701 0.004903852 0.01067388 0.01829707 0.004903852 0.01115691 0.01785689 0.004903852 0.01341897 0.01728397 0.004903852 0.01145124 0.01739466 0.004903852 0.01349091 0.01665633 -0.004478573 0.009663999 0.02446871 -0.004404664 0.0123499 0.02464973 -0.004404664 0.009649932 0.02464973 -0.004350602 0.0123499 0.02484071 -0.004350602 0.009649932 0.02484071 -0.004307031 0.01099991 0.02510154 -0.004296064 0.009649932 0.02529972 -0.004296064 0.0123499 0.02529972 -0.004478573 0.01233583 0.02446871 -0.004616022 0.009723424 0.02421933 -0.004658997 0.0122525 0.02415674 -0.004866719 0.009878456 0.02390789 -0.004952073 0.01206237 0.02382481 -0.005127966 0.01006478 0.02367764 -0.005374908 0.0117439 0.02353847 -0.005496084 0.01035141 0.02348268 -0.006105244 0.01109421 0.02331089 0.003503859 0.009649932 0.02529972 0.003503859 0.0123499 0.02529972 0.003514826 0.01099991 0.02510154 0.003558397 0.0123499 0.02484071 0.003558397 0.009649932 0.02484071 0.003612399 0.0123499 0.02464973 0.003612399 0.009649932 0.02464973 0.003686368 0.01233583 0.02446871 0.003686368 0.009663999 0.02446871 0.00377655 0.01230108 0.02429288 0.003830313 0.009727418 0.02421087 0.004064798 0.01212716 0.02392083 0.004095137 0.009891808 0.02388417 0.00436753 0.01191073 0.02365779 0.004564523 0.01024264 0.02355372 0.004745185 0.0116167 0.02345585 0.005313038 0.01090568 0.02331089 -0.006296098 0.0123499 0.02464973 -0.005622446 0.0123499 0.04543507 -0.005456447 0.0123499 0.04573327 -0.005271673 0.0123499 0.0460202 -0.006296098 0.0123499 0.04269969 -0.005944073 0.0123499 0.04470711 -0.005862534 0.0123499 0.04491955 -0.005772888 0.0123499 0.0451287 -0.00628513 0.0123499 0.04304087 -0.006256639 0.0123499 0.04338097 -0.006206333 0.0123499 0.04371851 -0.006138741 0.0123499 0.04405307 -0.006049871 0.0123499 0.04438257 -0.005072355 0.0123499 0.04629731 -0.004930138 0.0123499 0.04647493 -0.004781186 0.0123499 0.04664701 -0.004544794 0.0123499 0.04689317 -0.004296064 0.0123499 0.04712688 0.004720866 0.0123499 0.04563456 0.005503833 0.0123499 0.02464973 0.004882991 0.0123499 0.04533427 0.005025506 0.0123499 0.04502415 0.004137933 0.0123499 0.04647493 0.004347741 0.0123499 0.04620575 0.003503859 0.0123499 0.04712688 0.003752589 0.0123499 0.04689317 0.003988921 0.0123499 0.04664701 0.004543483 0.0123499 0.04592621 0.005151867 0.0123499 0.04470711 0.005503833 0.0123499 0.04269969 0.005257606 0.0123499 0.04438257 0.005346536 0.0123499 0.04405307 0.005414128 0.0123499 0.04371851 0.005464375 0.0123499 0.04338097 0.005475461 0.01409679 0.04325371 -0.006296098 0.009649932 0.02464973 -0.00598073 0.009649932 0.04459935 -0.006296098 0.009649932 0.04269969 -0.006110548 0.009649932 0.04416328 -0.005569696 0.009649932 0.04553586 -0.005724072 0.009649932 0.04523146 -0.005001246 0.009649932 0.04638612 -0.004296064 0.009649932 0.04712688 -0.004544794 0.009649932 0.04689317 -0.004781186 0.009649932 0.04664701 -0.005271673 0.009649932 0.0460202 -0.005456447 0.009649932 0.04573327 -0.005862534 0.009649932 0.04491955 -0.006186664 0.009649932 0.04383063 -0.006241321 0.009649932 0.04349368 -0.006278514 0.009649932 0.04315441 -0.006291687 0.009649932 0.04292726 0.004137933 0.009649932 0.04647493 0.003988921 0.009649932 0.04664701 0.005503833 0.009649932 0.02464973 0.004777431 0.009649932 0.04553586 0.004603862 0.009649932 0.04582971 0.005503833 0.009649932 0.04269969 0.005151867 0.009649932 0.04470711 0.005025506 0.009649932 0.04502415 0.005492866 0.009649932 0.04304087 0.005464375 0.009649932 0.04338097 0.005414128 0.009649932 0.04371851 0.005346536 0.009649932 0.04405307 0.005257606 0.009649932 0.04438257 0.004882991 0.009649932 0.04533427 0.004347741 0.009649932 0.04620575 0.003752589 0.009649932 0.04689317 0.003503859 0.009649932 0.04712688 0.005503833 0.009676337 0.02440059 0.005503833 0.008644163 0.0229997 0.005503833 0.008206486 0.02312624 0.005503833 0.009755611 0.02413433 0.005503833 0.0100575 0.02370733 0.005503833 0.01049381 0.02341103 0.005503833 0.01126527 0.02334833 0.005503833 0.0144999 0.0229997 0.005503833 0.01184898 0.02360421 0.005503833 0.01202923 0.02377796 0.005503833 0.01217597 0.0239973 0.005503833 0.01232349 0.02440059 0.005503833 0.0144999 0.04269969 0.005503833 0.007549941 0.02400124 0.00605601 0.007580041 0.02403515 0.005503833 0.007549941 0.04269969 -0.006296098 0.0144999 0.0229997 -4.4416e-5 0.0144999 0.04858922 -2.7881e-4 0.0144999 0.04859852 0.005408465 0.0144999 0.04374969 0.005336701 0.0144999 0.04409414 0.005242288 0.0144999 0.04443311 0.005129992 0.0144999 0.04476654 0.004995882 0.0144999 0.04509186 0.004844725 0.0144999 0.04540956 0.004672825 0.0144999 0.04571658 0.004484951 0.0144999 0.04601407 0.004277765 0.0144999 0.04629844 0.004055798 0.0144999 0.04657143 0.003816246 0.0144999 0.04682916 0.003563344 0.0144999 0.04707378 0.003294825 0.0144999 0.04730117 0.003014624 0.0144999 0.04751396 0.002720892 0.0144999 0.04770773 0.002417385 0.0144999 0.04788565 0.002102732 0.0144999 0.04804313 0.001780152 0.0144999 0.04818367 0.001448988 0.0144999 0.04830253 0.001111984 0.0144999 0.04840373 7.69067e-4 0.0144999 0.04848235 4.22425e-4 0.0144999 0.04854267 1.89483e-4 0.0144999 0.04857057 -6.30632e-4 0.0144999 0.04859387 -9.81712e-4 0.0144999 0.04857057 -0.001330435 0.0144999 0.04852408 -0.001676261 0.0144999 0.04845917 -0.001904129 0.0144999 0.04840373 -0.006254136 0.0144999 0.04340195 -0.006277441 0.0144999 0.04316848 -0.002129793 0.0144999 0.04833924 -0.002352654 0.0144999 0.04826587 -0.00268054 0.0144999 0.04813826 -0.006221592 0.0144999 0.04363429 -0.003001213 0.0144999 0.04799342 -0.00320959 0.0144999 0.04788565 -0.003513157 0.0144999 0.04770773 -0.003806829 0.0144999 0.04751396 -0.00408703 0.0144999 0.04730117 -0.004440963 0.0144999 0.04699337 -0.004690587 0.0144999 0.04674535 -0.004923224 0.0144999 0.04648143 -0.005141556 0.0144999 0.04620552 -0.005341112 0.0144999 0.04591572 -0.005525052 0.0144999 0.04561579 -0.005688726 0.0144999 0.04530429 -0.005835711 0.0144999 0.04498463 -0.005922198 0.0144999 0.04476654 -0.006034493 0.0144999 0.04443311 -0.006128907 0.0144999 0.04409414 -0.006179869 0.0144999 0.04386514 -0.006291449 0.0144999 0.04293429 -0.006296098 0.0144999 0.04269969 -0.006296098 0.01112496 0.02331066 -0.006296098 0.008644163 0.0229997 -0.006296098 0.01157695 0.02343809 -0.006296098 0.01197564 0.02373254 -0.006296098 0.01224422 0.02413433 -0.006296098 0.01232349 0.02440059 -0.006296098 0.01077771 0.02331811 -0.006296098 0.0102269 0.02356821 -0.006296098 0.009815633 0.02402466 -0.006296098 0.009676337 0.02440059 -0.006296098 0.007549941 0.04269969 -0.006296098 0.007549941 0.02400124 -0.006296098 0.008248627 0.02307927 -0.006514668 0.007825136 0.02340829 0.009703874 0.01744991 0.02499973 0.00770384 0.01744991 0.0229997 0.009703874 0.01744991 0.04269969 -0.008496463 0.01744991 0.0229997 -0.002233922 0.01744991 0.05262988 -0.01011794 0.01744991 0.04543757 -0.00268644 0.01744991 0.0525366 -0.003133594 0.01744991 0.05242043 -0.003575682 0.01744991 0.05228614 -0.004010379 0.01744991 0.05212962 -0.00443834 0.01744991 0.05195552 -0.00471872 0.01744991 0.05182796 -0.005131125 0.01744991 0.05161964 -0.005534768 0.01744991 0.05139476 -0.00592643 0.01744991 0.05114966 -0.00630778 0.01744991 0.05088883 -0.006554782 0.01744991 0.05070477 -0.01002991 0.01744991 0.04573279 -0.006796002 0.01744991 0.0505132 -0.007145881 0.01744991 0.05021148 -0.007483184 0.01744991 0.04989576 -0.00769937 0.01744991 0.04967629 -0.00800991 0.01744991 0.04933416 -0.008306264 0.01744991 0.04897975 -0.008494138 0.01744991 0.04873561 -0.008674442 0.01744991 0.04848581 -0.008929431 0.01744991 0.04810053 -0.009168505 0.01744991 0.04770517 -0.00931704 0.01744991 0.04743534 -0.009523272 0.01744991 0.04702186 -0.009712457 0.01744991 0.0466004 -0.009827077 0.01744991 0.04631441 -0.009932935 0.01744991 0.04602515 0.009699165 0.01744991 0.02486324 0.009673655 0.01744991 0.02466011 0.009629666 0.01744991 0.02446013 0.009563326 0.01744991 0.02426642 0.009479641 0.01744991 0.02407962 0.009375274 0.01744991 0.02390342 0.009210407 0.01744991 0.02368611 0.009068965 0.01744991 0.02353805 0.008911609 0.01744991 0.02340704 0.008683502 0.01744991 0.02325743 0.008500635 0.01744991 0.02316528 0.008308529 0.01744991 0.02309453 0.008110761 0.01744991 0.02304154 0.007976174 0.01744991 0.02301836 0.007840335 0.01744991 0.02300441 -0.01000261 0.01744991 0.02368611 -0.0086326 0.01744991 0.02300441 -0.008768439 0.01744991 0.02301836 -0.008903026 0.01744991 0.02304154 -0.009035706 0.01744991 0.02307391 -0.009229362 0.01744991 0.02314025 -0.009475708 0.01744991 0.02325743 -0.009649455 0.01744991 0.02336579 -0.009809732 0.01744991 0.02349317 -0.01016747 0.01744991 0.02390342 -0.01019692 0.01744991 0.04513978 -0.01026678 0.01744991 0.04483979 -0.01030117 0.01744991 0.02414125 -0.01032745 0.01744991 0.04453778 -0.01037883 0.01744991 0.04423403 -0.01038062 0.01744991 0.02432996 -0.01042103 0.01744991 0.04392892 -0.01042193 0.01744991 0.02446013 -0.01045382 0.01744991 0.04362261 -0.01045423 0.01744991 0.02459281 -0.0104773 0.01744991 0.04331547 -0.01047748 0.01744991 0.0247274 -0.01049137 0.01744991 0.04300773 -0.01049143 0.01744991 0.02486324 -0.01049607 0.01744991 0.04269969 -0.01049607 0.01744991 0.02499973 -0.001778006 0.01744991 0.05270475 -0.001318871 0.01744991 0.0527563 -8.58042e-4 0.01744991 0.05278915 -3.96115e-4 0.01744991 0.05279856 6.58127e-5 0.01744991 0.05278915 5.26666e-4 0.01744991 0.0527563 9.85803e-4 0.01744991 0.05270475 0.001441717 0.01744991 0.05262988 0.001894176 0.01744991 0.0525366 0.002341389 0.01744991 0.05242043 0.002783477 0.01744991 0.05228614 0.003218173 0.01744991 0.05212962 0.003646135 0.01744991 0.05195552 0.004064679 0.01744991 0.05175989 0.004474937 0.01744991 0.05154746 0.004873931 0.01744991 0.05131441 0.00526303 0.01744991 0.05106532 0.005639016 0.01744991 0.0507968 0.006003797 0.01744991 0.0505132 0.006239116 0.01744991 0.05031442 0.006468236 0.01744991 0.05010855 0.006690979 0.01744991 0.04989576 0.006907105 0.01744991 0.04967629 0.007116496 0.01744991 0.04945027 0.007416427 0.01744991 0.0490989 0.007701873 0.01744991 0.04873561 0.007882177 0.01744991 0.04848581 0.008054792 0.01744991 0.0482307 0.00829792 0.01744991 0.04783779 0.008524835 0.01744991 0.04743534 0.008665084 0.01744991 0.0471611 0.008858621 0.01744991 0.04674154 0.009034872 0.01744991 0.04631441 0.009189188 0.01744991 0.04587894 0.009325683 0.01744991 0.04543757 0.009439587 0.01744991 0.04498982 0.009535193 0.01744991 0.04453778 0.009607732 0.01744991 0.04408144 0.009661614 0.01744991 0.04362261 0.009685099 0.01744991 0.04331547 0.009699165 0.01744991 0.04300773 0.007031381 0.01238632 0.0229997 -0.007597565 0.01148664 0.0229997 0.003294825 0.01102495 0.04730117 0.003014624 0.01102495 0.04751396 0.002720892 0.01102495 0.04770773 0.002313196 0.01102495 0.04793953 0.001996457 0.01102495 0.04809284 0.0016703 0.01102495 0.04822474 0.001337587 0.01102495 0.04833924 9.98042e-4 0.01102495 0.04843145 6.54073e-4 0.01102495 0.04850548 4.22425e-4 0.01102495 0.04854267 1.89483e-4 0.01102495 0.04857057 -2.7881e-4 0.01102495 0.04859852 -6.30632e-4 0.01102495 0.04859387 -9.81712e-4 0.01102495 0.04857057 -0.001330435 0.01102495 0.04852408 -0.001676261 0.01102495 0.04845917 -0.002129793 0.01102495 0.04833924 -0.002352654 0.01102495 0.04826587 -0.00268054 0.01102495 0.04813826 -0.003001213 0.01102495 0.04799342 -0.00320959 0.01102495 0.04788565 -0.003513157 0.01102495 0.04770773 -0.003806829 0.01102495 0.04751396 -0.00408703 0.01102495 0.04730117 -0.003946959 0.007549941 0.04740756 -0.00448203 0.007549941 0.04695147 0.003294825 0.007549941 0.04730117 0.003014624 0.007549941 0.04751396 0.002720892 0.007549941 0.04770773 0.002154827 0.007549941 0.04801619 0.0016703 0.007549941 0.04822474 0.001337587 0.007549941 0.04833924 9.98042e-4 0.007549941 0.04843145 6.54073e-4 0.007549941 0.04850548 4.22425e-4 0.007549941 0.04854267 1.89483e-4 0.007549941 0.04857057 -4.43855e-5 0.007549941 0.04858922 -2.7881e-4 0.007549941 0.04859852 -6.30632e-4 0.007549941 0.04859387 -9.81712e-4 0.007549941 0.04857057 -0.001330435 0.007549941 0.04852408 -0.001790225 0.007549941 0.04843145 -0.002241194 0.007549941 0.04830253 -0.00268054 0.007549941 0.04813826 -0.003001213 0.007549941 0.04799342 -0.00320959 0.007549941 0.04788565 -0.003513157 0.007549941 0.04770773 0.003648698 0.007549941 0.04699337 0.00397706 0.007549941 0.04665839 0.00431168 0.007549941 0.04625058 0.004700839 0.007549941 0.04566502 0.005017518 0.007549941 0.04503732 0.005257248 0.007549941 0.04437637 0.005416631 0.007549941 0.04369163 0.00549221 0.007549941 0.04305136 -0.004958987 0.007549941 0.04643493 -0.005341112 0.007549941 0.04591572 -0.005581021 0.007549941 0.04551267 -0.005809724 0.007549941 0.04503732 -0.006034493 0.007549941 0.04443311 -0.006154358 0.007549941 0.04397964 -0.006243705 0.007549941 0.04345971 -0.006291449 0.007549941 0.04293429 -0.007134199 0.007549941 0.04436409 -0.007396101 0.007549941 0.04269969 -0.007396101 0.007549941 0.02472639 -0.006738245 0.007588207 0.02393752 -0.005974769 0.007549941 0.0468266 -0.003331899 0.007549941 0.04900008 -7.70384e-4 0.007555246 0.04967767 0.001600384 0.007549941 0.04933845 0.00325042 0.007549941 0.04867488 0.004095315 0.007549941 0.04804682 0.005614697 0.007549941 0.04619079 0.006471216 0.007549941 0.04388707 0.006603837 0.007549941 0.04269969 0.006603837 0.007549941 0.02472639 0.009703874 0.01549994 0.04269969 0.009703874 0.01549994 0.02499973 0.007938623 0.008751511 0.04269969 0.007762074 0.008446335 0.04269969 0.007938623 0.008751511 0.03384971 0.007762074 0.008446335 0.02499973 0.007938623 0.008751511 0.02499973 0.008107364 0.009061157 0.03384971 0.008107364 0.009061157 0.02499973 0.008268058 0.009374976 0.03384971 0.008268058 0.009374976 0.02499973 0.008420705 0.009692847 0.03384971 0.008420705 0.009692847 0.02499973 0.008565187 0.01001447 0.03384971 0.008565187 0.01001447 0.02499973 0.008701384 0.01033973 0.03384971 0.008701384 0.01033973 0.02499973 0.008829176 0.01066833 0.03384971 0.008829176 0.01066833 0.02499973 0.008948564 0.01100009 0.03384971 0.008948564 0.01100009 0.02499973 0.009059429 0.01133483 0.03384971 0.009059429 0.01133483 0.02499973 0.009161651 0.01167225 0.03384971 0.009161651 0.01167225 0.02499973 0.00925523 0.01201218 0.03384971 0.00925523 0.01201218 0.02499973 0.009340107 0.01235443 0.03384971 0.009340107 0.01235443 0.02499973 0.009416162 0.0126987 0.03384971 0.009416162 0.0126987 0.02499973 0.009483456 0.01304483 0.03384971 0.009483456 0.01304483 0.02499973 0.009541809 0.01339256 0.03384971 0.009541809 0.01339256 0.02499973 0.009591221 0.01374173 0.03384971 0.009591221 0.01374173 0.02499973 0.009631752 0.01409196 0.03384971 0.009631752 0.01409196 0.02499973 0.009663283 0.01444315 0.03384971 0.009663283 0.01444315 0.02499973 0.009685814 0.014795 0.03384971 0.009685814 0.014795 0.02499973 0.009699344 0.01514738 0.03384971 0.009699344 0.01514738 0.02499973 0.009699344 0.01514738 0.04269969 0.009685814 0.014795 0.04269969 0.009663283 0.01444315 0.04269969 0.009631752 0.01409196 0.04269969 0.009591221 0.01374173 0.04269969 0.009541809 0.01339256 0.04269969 0.009483456 0.01304483 0.04269969 0.009416162 0.0126987 0.04269969 0.009340107 0.01235443 0.04269969 0.00925523 0.01201218 0.04269969 0.009161651 0.01167225 0.04269969 0.009059429 0.01133483 0.04269969 0.008948564 0.01100009 0.04269969 0.008829176 0.01066833 0.04269969 0.008701384 0.01033973 0.04269969 0.008565187 0.01001447 0.04269969 0.008420705 0.009692847 0.04269969 0.008268058 0.009374976 0.04269969 0.008107364 0.009061157 0.04269969 0.006733298 0.007592499 0.03680968 0.006860435 0.007644236 0.03126424 0.006796419 0.007618188 0.04269969 0.007041096 0.007737636 0.04269969 0.006982028 0.007703781 0.03086882 0.007116913 0.007782578 0.02766519 0.007267236 0.007889211 0.04269969 0.0072456 0.007872045 0.02770459 0.007321119 0.007930934 0.03108322 0.007470726 0.008070111 0.04269969 0.007422983 0.008021473 0.03108322 0.00751841 0.008118748 0.03165584 0.007607042 0.008222341 0.04269969 0.007604897 0.008220851 0.02797508 0.007688343 0.008331716 0.04269969 0.007702648 0.008352935 0.0276938 0.007429063 0.008029162 0.02474552 0.00671786 0.007587552 0.02505081 -0.01049607 0.01549994 0.04269969 -0.0104804 0.01527959 0.04316139 -0.01043742 0.01549994 0.04377573 -0.01035284 0.01523554 0.04434686 -0.01023185 0.01549994 0.04498982 -0.01011574 0.01532363 0.04543697 -0.009981453 0.01549994 0.04587894 -0.009769797 0.01549994 0.0464574 -0.009420156 0.01549994 0.04722863 -0.009090125 0.01549994 0.04783779 -0.008627414 0.01549994 0.04854691 -0.008155882 0.01536774 0.04915523 -0.007425844 0.01549994 0.04994726 -0.006913661 0.01549994 0.05041384 -0.006430625 0.01541179 0.05079591 -0.005924284 0.01527959 0.05114638 -0.005298256 0.01534569 0.0515241 -0.004366397 0.01549994 0.05198311 -0.003721117 0.01549994 0.05223548 -0.003133594 0.01549994 0.05242043 -0.002270817 0.01538974 0.05261749 -0.00162512 0.01549994 0.05272346 -7.80959e-4 0.01549994 0.05278915 -8.81393e-5 0.01549994 0.05279386 5.26666e-4 0.01549994 0.0527563 0.001138031 0.01549994 0.05268132 0.001743435 0.01541179 0.05256813 0.002340793 0.01532363 0.05241829 0.003145456 0.01549994 0.05215495 0.003994584 0.01549994 0.05179178 0.004806995 0.01549994 0.05135256 0.0053249 0.01532363 0.05101937 0.005821406 0.01549994 0.050655 0.006264746 0.01532363 0.05028522 0.006799042 0.01549994 0.04978603 0.00726521 0.01536768 0.04927349 0.007701873 0.01549994 0.04873561 0.008094012 0.01549994 0.0481643 0.008450567 0.01549994 0.04757028 0.008746504 0.01541179 0.04698657 0.008924841 0.01516956 0.0465607 0.009162724 0.01549994 0.0459513 0.009419858 0.01549994 0.04506421 0.009588479 0.01541179 0.04419541 0.009673357 0.01549994 0.04346901 0.0096969 0.01532363 0.04300767 -0.01049154 0.01514738 0.04269969 -0.01043874 0.01461917 0.04339009 -0.01019728 0.01475131 0.04502129 -0.00989145 0.01470726 0.04605132 -0.00947088 0.01493817 0.04708194 -0.008915126 0.01488322 0.04809147 -0.008556842 0.01461935 0.04859095 -0.008084535 0.01466339 0.04919612 -0.007710218 0.01437801 0.04958122 -0.006904363 0.01501524 0.05040299 -0.004845619 0.01479512 0.0517376 -0.003789246 0.01497119 0.05219727 -0.002975642 0.01468533 0.05242687 -0.001316487 0.01481717 0.05273175 -8.84973e-5 0.01501524 0.05277955 9.43584e-4 0.01475131 0.05267846 0.00229609 0.01470708 0.05240011 0.003391981 0.01497125 0.05204594 0.004322171 0.0146743 0.05158793 0.005895495 0.01470708 0.05056303 0.006676375 0.01483917 0.04988074 0.007348179 0.01475113 0.04914206 0.007917702 0.01464134 0.0483703 0.008430063 0.01483917 0.0475592 0.009143769 0.01448792 0.04586386 0.009371817 0.01455342 0.0450927 0.009541034 0.01475113 0.04434382 0.009659409 0.01472914 0.04327553 0.009585618 0.01400452 0.04346221 0.009475469 0.01311051 0.04319006 0.009303927 0.0123552 0.04344171 0.009085714 0.01150351 0.04331451 0.008750438 0.01050567 0.04311847 0.008466958 0.009894728 0.04351437 0.008067429 0.009023487 0.04318547 0.007632732 0.008286595 0.04317063 0.007932066 0.008901357 0.04386097 0.007493734 0.009317398 0.04618299 0.007770597 0.009083688 0.04505622 0.008001208 0.01025968 0.04608774 0.008333683 0.01011765 0.04484999 0.008461236 0.01110577 0.04575204 0.008821189 0.01308864 0.04625326 0.009196698 0.01348036 0.04532253 -0.01047807 0.014795 0.04269969 -0.006208062 0.01426798 0.0508815 0.005307793 0.01404881 0.05092811 -0.01045548 0.01444315 0.04269969 -0.01023524 0.01391732 0.04448121 -0.009535491 0.01385182 0.0467332 -0.007090151 0.01389563 0.050121 -0.005569875 0.01363343 0.05121159 -0.004882574 0.01391708 0.05163925 -0.004146516 0.01383024 0.05195498 -0.001918792 0.0140922 0.05260318 -3.96115e-4 0.01391732 0.05270171 1.76058e-4 0.01400476 0.05269551 0.001602828 0.01365548 0.0524615 0.002608597 0.01396113 0.05224013 0.006809473 0.01391708 0.04963564 0.00885564 0.01418006 0.04657363 -0.01042395 0.01409196 0.04269969 -0.01030069 0.01356816 0.04364573 -0.009885609 0.0137639 0.04578709 -0.009148597 0.01348102 0.04741126 -0.008735895 0.01365488 0.04815775 -0.001244485 0.01332837 0.05257922 0.004076123 0.01374197 0.05161207 0.006181001 0.0136547 0.05019092 0.007257878 0.0135678 0.04906696 0.007948577 0.01365464 0.0481379 0.008537054 0.01369833 0.04714065 -0.01038348 0.01374173 0.04269969 -0.008093297 0.01330602 0.04895573 -0.003225922 0.01367634 0.0522564 -0.002267956 0.01285201 0.05234938 0.001234173 0.01313316 0.05244755 0.003087043 0.01339292 0.05200022 -0.01033401 0.01339256 0.04269969 -0.01018601 0.01274329 0.04331541 -0.01001775 0.01291549 0.04478603 -0.007483363 0.01304525 0.04957342 -0.006391167 0.01285099 0.05049276 -0.003477692 0.01291549 0.05205178 5.36201e-4 0.01270008 0.05245709 0.004497468 0.0130887 0.05127614 0.005849659 0.01287221 0.05029678 -0.01027566 0.01304483 0.04269969 -0.00950998 0.01267778 0.04629224 -0.008133292 0.01257008 0.0486741 -0.004810214 0.01252758 0.05141371 -4.713e-4 0.01282876 0.05253273 0.002251863 0.01252758 0.05210036 0.003366112 0.01261287 0.0517348 0.006772816 0.0128718 0.04944413 0.007691442 0.0128718 0.04830628 0.008220314 0.01248508 0.04727518 0.008526265 0.01239848 0.04659795 -0.01020842 0.0126987 0.04269969 -0.0100001 0.01226937 0.04413861 -0.0088014 0.01226967 0.04755997 -0.008322417 0.01184463 0.04810369 -0.007700562 0.01197111 0.0489701 -0.00694096 0.01203471 0.04979079 -0.00549221 0.01226967 0.05096107 -0.004252254 0.01231217 0.0516228 -0.003242731 0.0119704 0.05189853 0.005226016 0.01218384 0.05058342 0.007139265 0.01188647 0.04865938 0.007695138 0.01203501 0.0479505 -0.01013237 0.01235443 0.04269969 -0.009601235 0.01209777 0.04563552 -0.008986771 0.01167416 0.04686766 -0.00138247 0.01192867 0.05226713 -1.76743e-4 0.01205557 0.05235171 0.002673685 0.0118016 0.05177855 0.004277169 0.0121833 0.05118882 0.006184101 0.01192808 0.04972046 0.006644308 0.01184344 0.04922056 0.008875608 0.01214134 0.04546326 -0.01004749 0.01201218 0.04269969 -0.009983956 0.01184225 0.04321193 -0.009499549 0.01110756 0.04491007 -0.006323516 0.01192724 0.05028289 -7.04187e-4 0.01150417 0.05219376 0.001206636 0.01184225 0.05216622 0.003411591 0.01148372 0.05139476 -0.009953916 0.01167225 0.04269969 -0.009772419 0.01116818 0.04325526 -0.009696125 0.01123124 0.04416668 -0.009144425 0.01116889 0.04610747 -0.007205486 0.01133549 0.04925322 -0.006455659 0.01104336 0.04981827 -0.004850924 0.01150351 0.05109179 -0.003837764 0.01112669 0.05142635 -0.002452254 0.01137769 0.05193495 9.43274e-4 0.0112096 0.05200845 0.00206238 0.01100301 0.05170273 0.004368603 0.01127254 0.05083292 0.005530655 0.01131457 0.05005031 0.007501363 0.01079618 0.04752957 0.008175432 0.01133549 0.04667949 -0.009851634 0.01133483 0.04269969 -0.008441567 0.01108413 0.04749685 -0.005624294 0.0108357 0.05036389 -0.003061234 0.01079428 0.05157148 2.33819e-4 0.01064997 0.05188566 0.006835341 0.01073151 0.04844236 -0.009740769 0.01100009 0.04269969 -0.008983671 0.01038372 0.04570728 -0.007402956 0.01062804 0.04866546 -0.00458455 0.01071101 0.05092567 -0.001811206 0.01091712 0.05190098 -7.28237e-4 0.01044344 0.0518223 0.00321716 0.01058655 0.05114597 0.004896402 0.01052474 0.05018055 0.006002485 0.01050567 0.04924535 0.007732927 0.01042312 0.04683983 -0.009621441 0.01066833 0.04269969 -0.009407699 0.01017796 0.0431804 -0.009249925 0.01005762 0.04412162 -0.008540987 0.01021951 0.04661768 -0.007991909 0.01036131 0.04770219 -0.002206385 0.01058614 0.0517109 0.001033127 0.01005643 0.05155646 0.001755654 0.01025927 0.05149656 0.004109919 0.01034057 0.05059683 0.005467891 0.01013863 0.0495342 -0.009493589 0.01033973 0.04269969 -0.006777346 0.01017707 0.04908245 -0.006034076 0.01013642 0.0497176 -0.004669368 0.009935438 0.0505284 -0.003651857 0.0101369 0.05109792 -0.002341687 0.009814858 0.05134975 -0.001694083 0.01009666 0.05159592 0.002774953 0.01001536 0.05107462 -0.009357392 0.01001447 0.04269969 -0.008826971 0.009535849 0.04497295 -0.008094668 0.009495675 0.04678606 -0.00702244 0.009495675 0.04836231 -0.005406022 0.009613871 0.04989975 -0.002882778 0.009693801 0.05115389 -9.71631e-5 0.009534895 0.05142247 0.003470778 0.009654998 0.05059415 0.004471242 0.009417951 0.04987567 0.005950748 0.009654045 0.04878515 0.006470441 0.009774625 0.04827958 0.006702959 0.009318888 0.04759865 0.007146775 0.009378015 0.04694503 -0.00921297 0.009692847 0.04269969 -0.008874893 0.009064316 0.04320484 -0.007546365 0.009376764 0.04757636 -0.006456315 0.009337782 0.04885303 -0.005615174 0.009141147 0.04944926 -0.003799676 0.009220123 0.050574 -0.001069545 0.009103 0.051189 0.00148338 0.009336769 0.05112791 0.002611041 0.009259343 0.05074584 -0.009060323 0.009374976 0.04269969 -0.008380115 0.009218096 0.04582959 -0.004748106 0.00906223 0.05000001 -0.003274857 0.008852601 0.05056828 -0.001729726 0.008830547 0.05096149 0.005215287 0.009296536 0.04924082 -0.008899569 0.009061157 0.04269969 -0.008672356 0.008868217 0.04410046 -0.004080712 0.008700132 0.05013579 -0.00259459 0.008700132 0.05070066 1.1916e-5 0.008681058 0.05096793 0.001697719 0.008576214 0.05064803 0.003883779 0.008500218 0.04965871 0.004861652 0.008700132 0.04911601 0.005857169 0.008738875 0.04817956 -0.008730888 0.008751511 0.04269969 -0.008273959 0.008524954 0.04495292 -0.007901489 0.008313655 0.04561436 -0.00782454 0.008570253 0.04623109 -0.007179558 0.008486807 0.0472449 -0.006412744 0.008532106 0.04827558 -0.005409777 0.00831449 0.04898977 0.006574571 0.008301854 0.04669016 0.007070422 0.008428096 0.0459091 -0.008554279 0.008446335 0.04269969 -0.008335888 0.008203387 0.04342454 -0.005829632 0.008134663 0.04843968 -0.004708528 0.008295595 0.04948741 0.002642214 0.008327543 0.05017757 0.005892574 0.008166491 0.04753434 0.007561743 0.008465945 0.04450672 0.008743345 0.01071059 0.04401367 0.008783459 0.01121032 0.0447641 0.009040415 0.01167291 0.04418623 0.009139776 0.01233416 0.04459595 0.009413421 0.01348036 0.04432308 -0.008439958 0.008276998 0.04269969 -0.008262932 0.008070111 0.04269969 -0.008059501 0.007889211 0.04269969 -0.007803976 0.007741928 0.04316431 -0.00789237 0.007771611 0.04269969 -0.007713019 0.00767374 0.04269969 -0.007525563 0.007592499 0.04269969 -0.007568538 0.007778167 0.04470688 -0.006995081 0.007672369 0.04577553 -0.006775677 0.00806576 0.04724597 -0.006092369 0.007722973 0.04738599 -0.002911567 0.008117496 0.0501762 -0.001838803 0.008045315 0.05038172 -3.66303e-4 0.00810647 0.05056905 0.001150965 0.00816226 0.05048352 0.007398068 0.00805962 0.04356861 0.006936907 0.007718563 0.04345041 0.00644207 0.007651209 0.04508405 -0.004960775 0.007708668 0.04845678 -0.004161536 0.007993936 0.04948878 -0.003270924 0.007686913 0.04941534 -0.001509606 0.007675707 0.04989594 5.1256e-5 0.007745563 0.0501061 0.001732409 0.007699191 0.04970699 0.003413021 0.007633626 0.04881274 0.004951238 0.008040368 0.0483967 0.003917336 0.007916808 0.0490508 0.004336714 0.007701873 0.04832381 0.005329132 0.007636547 0.04708403 0.006099164 0.007765114 0.04634749 -0.007435321 0.008123457 0.04629582 -0.00799179 0.008007049 0.04435229 0.002001523 0.007991015 0.0500949 0.003364324 0.008106529 0.04962539 0.006776452 0.007901012 0.04541021 0.007138192 0.007989227 0.04457253 -0.008470594 0.008319735 0.02492696 -0.008480608 0.008331716 0.03141045 -0.008554279 0.008446335 0.02499973 -0.008215248 0.008021473 0.03108322 -0.008113384 0.007930934 0.03034698 -0.008005619 0.007847487 0.02993792 -0.007891476 0.007771134 0.02932852 -0.007774293 0.007703602 0.02969253 -0.007651805 0.007643818 0.02969253 -0.007525563 0.007592499 0.03386461 -0.007983684 0.007834672 0.02457487 -0.008068025 0.007895529 0.02465212 -0.008168697 0.007979154 0.02471172 -0.008308947 0.008118093 0.02794319 -0.008399248 0.008222341 0.03108322 -0.007754087 0.007694721 0.02449017 -0.007549405 0.007601618 0.02570116 -0.007448196 0.007566094 0.02444243 -0.01049607 0.01549994 0.02499973 -0.01049154 0.01514738 0.03384971 -0.01049154 0.01514738 0.02499973 -0.01047807 0.014795 0.03384971 -0.01047807 0.014795 0.02499973 -0.01045548 0.01444315 0.03384971 -0.01045548 0.01444315 0.02499973 -0.01042395 0.01409196 0.03384971 -0.01042395 0.01409196 0.02499973 -0.01038348 0.01374173 0.03384971 -0.01038348 0.01374173 0.02499973 -0.01033401 0.01339256 0.03384971 -0.01033401 0.01339256 0.02499973 -0.01027566 0.01304483 0.03384971 -0.01027566 0.01304483 0.02499973 -0.01020842 0.0126987 0.03384971 -0.01020842 0.0126987 0.02499973 -0.01013237 0.01235443 0.03384971 -0.01013237 0.01235443 0.02499973 -0.01004749 0.01201218 0.03384971 -0.01004749 0.01201218 0.02499973 -0.009953916 0.01167225 0.03384971 -0.009953916 0.01167225 0.02499973 -0.009851634 0.01133483 0.03384971 -0.009851634 0.01133483 0.02499973 -0.009740769 0.01100009 0.03384971 -0.009740769 0.01100009 0.02499973 -0.009621441 0.01066833 0.03384971 -0.009621441 0.01066833 0.02499973 -0.009493589 0.01033973 0.03384971 -0.009493589 0.01033973 0.02499973 -0.009357392 0.01001447 0.03384971 -0.009357392 0.01001447 0.02499973 -0.00921297 0.009692847 0.03384971 -0.00921297 0.009692847 0.02499973 -0.009060323 0.009374976 0.03384971 -0.009060323 0.009374976 0.02499973 -0.008899569 0.009061157 0.03384971 -0.008899569 0.009061157 0.02499973 -0.008730888 0.008751511 0.03384971 -0.008730888 0.008751511 0.02499973 0.007840692 0.00862801 0.02473956 0.009645879 0.01549994 0.02452647 0.009649574 0.01482474 0.02466088 0.009543359 0.01523238 0.02423536 0.009427428 0.01549994 0.02399152 0.009224116 0.01411294 0.02382296 0.009208142 0.01532584 0.02368611 0.008883178 0.01471805 0.02343022 0.008936822 0.01545721 0.02342945 0.008592069 0.01549994 0.02321135 0.008307456 0.01541835 0.02309453 0.007892608 0.01512795 0.02301138 0.007626354 0.01271378 0.02302068 0.006393671 0.009575128 0.02302533 0.006118714 0.00808227 0.02328205 0.007102251 0.009616434 0.02320998 0.008306443 0.009487032 0.02479529 0.008310496 0.009807169 0.02430129 0.008827447 0.01080596 0.02463603 0.009100079 0.01187425 0.02437311 0.009147405 0.01241379 0.02414327 0.009336948 0.01246148 0.0247364 0.009433567 0.01365232 0.02430117 0.008829295 0.01253104 0.02365463 0.008575975 0.01345843 0.02330386 0.007632136 0.008575081 0.02422499 0.007153034 0.008111357 0.02395689 0.007965862 0.009602725 0.0238552 0.007512927 0.009460568 0.02348697 0.008167922 0.01078993 0.02354145 0.008561611 0.01176297 0.02358281 0.008085668 0.0118094 0.02323907 0.006751775 0.008504033 0.0233466 0.008011221 0.0125522 0.02311742 0.008299767 0.01407361 0.02312254 0.009692192 0.01549994 0.02479529 0.009558916 0.01361203 0.02479529 0.007218182 0.01068985 0.02307337 0.00804466 0.01373934 0.02305769 0.008136034 0.01521909 0.02304965 0.008667826 0.01112169 0.02395552 -0.007347881 0.009908616 0.02302169 -0.008353412 0.009179949 0.02367043 -0.007646262 0.008950233 0.02326768 -0.007559061 0.007863461 0.02378761 -0.00837171 0.008519053 0.0241754 -0.00683695 0.008532166 0.02307736 -0.008341133 0.00820887 0.02462172 -0.008877754 0.009056746 0.02481651 -0.009027361 0.009422004 0.02461868 -0.01048445 0.01549994 0.02479529 -0.01043778 0.01446408 0.02479529 -0.009567856 0.01065766 0.02463632 -0.01002198 0.0120241 0.02472811 -0.010297 0.01325541 0.02479529 -0.01042777 0.01549994 0.02449393 -0.01040071 0.01469206 0.02449393 -0.01027202 0.01375794 0.02437311 -0.0100522 0.0126397 0.0242958 -0.00968647 0.01153779 0.02415126 -0.009220302 0.01014578 0.02420884 -0.01023435 0.01549994 0.02402234 -0.01014727 0.01475197 0.02392143 -0.009985148 0.0137493 0.02383321 -0.009679853 0.01276308 0.02366656 -0.009141147 0.01074802 0.0237258 -0.009970724 0.01536971 0.02365589 -0.009725272 0.01514726 0.02343463 -0.009298384 0.01176792 0.0235303 -0.009469032 0.01378673 0.02333372 -0.00861001 0.0106346 0.02332401 -0.009045422 0.0125373 0.02322596 -0.009395241 0.01505476 0.0232281 -0.008262097 0.01079142 0.02313411 -0.008766889 0.01361089 0.02305501 -0.009072721 0.01531392 0.02309006 -0.008270561 0.012079 0.0230264 -0.008695363 0.01526445 0.02301138 -0.007595956 0.00766617 0.02420043 -0.007987737 0.00786668 0.02439081 0.007325589 0.007962822 0.02458816 0.006749629 0.007670164 0.02413421 4.4427e-4 0.004199922 2.43423e-4 1.57412e-4 0.004199922 -1.3652e-4 -1.34018e-6 0.004199922 4.10982e-4 -9.49641e-4 0.004199922 1.36015e-4 -5.54867e-4 0.004199922 5.47249e-4 -0.001027286 0.004199922 6.05704e-4 2.35107e-4 0.004199922 -6.0621e-4 -2.37363e-4 0.004199922 -5.47755e-4 -7.90889e-4 0.004199922 -4.11487e-4 -0.001236498 0.004199922 -2.43928e-4 -6.05278e-4 0.004199922 -8.49885e-4 -1.86951e-4 0.004199922 8.4938e-4 -5.7953e-4 0.001999914 9.76851e-4 4.05703e-6 0.001999914 -9.07869e-4 5.01345e-4 0.001999914 -3.65605e-4 5.2104e-4 0.001999914 3.0103e-4 8.20874e-5 0.001999914 8.68785e-4 -2.68317e-4 0.001999914 9.88312e-4 -0.001081585 0.001999914 6.87744e-4 -6.63919e-4 0.001999914 -9.32279e-4 -0.001354813 0.001999914 2.56503e-4 -0.001164615 0.001999914 -6.22782e-4 -0.00136584 0.001999914 -1.94335e-4 4.92396e-5 0.002499938 -0.0014292 -2.71284e-4 0.002499938 -0.001493811 -6.27094e-4 0.002499938 -0.001476347 -9.97778e-4 0.002499938 -0.001370728 -0.001282036 0.002499938 -0.001209139 -0.00146234 0.002499938 -0.001053571 -0.001631081 0.002499938 -8.45842e-4 -0.001764833 0.002499938 -6.13813e-4 -0.001827001 0.002499938 -4.4619e-4 -0.001879572 0.002499938 -2.13903e-4 -0.001883327 0.002499938 1.42317e-4 -0.001756012 0.002499938 6.12901e-4 -0.00148952 0.002499938 0.001021802 -0.001216948 0.002499938 0.00125128 -9.26565e-4 0.002499938 0.001401543 -6.97824e-4 0.002499938 0.001467823 -5.21044e-4 0.002499938 0.001494526 -3.42292e-4 0.002499938 0.001497566 -1.05715e-4 0.002499938 0.001470148 1.50587e-4 0.002499938 0.00139302 4.41072e-4 0.002499938 0.001242935 6.4752e-4 0.002499938 0.001072585 8.7152e-4 0.002499938 7.95569e-4 0.00102365 0.002499938 4.73424e-4 0.001099169 0.002499938 6.49728e-5 0.001088976 0.002499938 -2.02477e-4 0.001020789 0.002499938 -4.76321e-4 8.11173e-4 0.002499938 -8.84949e-4 5.91791e-4 0.002499938 -0.001127362 3.74346e-4 0.002499938 -0.001283407 -3.74133e-5 0.004799902 -0.001450598 -5.09086e-4 0.004799902 -0.001489996 -9.27297e-4 0.004799902 -0.001394867 -0.001282036 0.004799902 -0.001209139 -0.001539051 0.004799902 -9.62502e-4 -0.001711785 0.004799902 -7.20623e-4 -0.001787066 0.004799902 -5.58469e-4 -0.001857936 0.004799902 -3.31092e-4 -0.001888334 0.004799902 -2.09608e-5 -0.001819491 0.004799902 4.62481e-4 -0.00159049 0.004799902 8.93551e-4 -0.001313805 0.004799902 0.001182079 -0.001036226 0.004799902 0.001354932 -8.13514e-4 0.004799902 0.001439213 -6.3941e-4 0.004799902 0.001479864 -4.61466e-4 0.004799902 0.001497089 -2.82695e-4 0.004799902 0.00149542 -1.05715e-4 0.004799902 0.001470148 1.23529e-4 0.004799902 0.001405596 4.15095e-4 0.004799902 0.001257538 6.89397e-4 0.004799902 0.001030206 9.59078e-4 0.004799902 6.23352e-4 0.001089274 0.004799902 1.8357e-4 0.001073062 0.004799902 -2.754e-4 9.62108e-4 0.004799902 -6.2911e-4 7.75002e-4 0.004799902 -9.32302e-4 5.91791e-4 0.004799902 -0.001127362 3.22659e-4 0.004799902 -0.00131309 -2.37363e-4 0.004999935 -5.47755e-4 1.88068e-4 0.004999935 -0.00110352 -6.05278e-4 0.004999935 -8.49885e-4 -9.37684e-4 0.004999935 -0.001111805 -7.90889e-4 0.004999935 -4.11487e-4 -0.001236498 0.004999935 -2.43928e-4 -0.001604914 0.004999935 -4.28255e-4 -0.001448035 0.004999935 6.02609e-4 -9.49641e-4 0.004999935 1.36015e-4 -0.001027286 0.004999935 6.05704e-4 -7.33957e-4 0.004999935 0.001236796 -5.54867e-4 0.004999935 5.47249e-4 -1.86951e-4 0.004999935 8.4938e-4 -1.18198e-4 0.004999935 0.001261949 5.06588e-4 0.004999935 8.78592e-4 -1.34018e-6 0.004999935 4.10982e-4 4.4427e-4 0.004999935 2.43423e-4 8.29583e-4 0.004999935 -2.26712e-4 1.57412e-4 0.004999935 -1.3652e-4 2.35107e-4 0.004999935 -6.0621e-4 0.00770384 0.01894992 0.0229997 0.007840335 0.01894992 0.02300441 0.007976174 0.01894992 0.02301836 0.008110761 0.01894992 0.02304154 0.008308529 0.01894992 0.02309453 0.008562326 0.01894992 0.02319461 0.008743047 0.01894992 0.02329087 0.008911609 0.01894992 0.02340704 0.009186267 0.01894992 0.02366197 0.009375274 0.01894992 0.02390342 0.009548664 0.01894992 0.0242356 0.009645879 0.01894992 0.02452647 0.009692192 0.01894992 0.02479529 0.009703874 0.01894992 0.02499973 0.009703874 0.01894992 0.04269969 0.009692132 0.01894992 0.04316157 0.009661614 0.01894992 0.04362261 0.009607732 0.01894992 0.04408144 0.009504854 0.01894992 0.04468876 0.009404659 0.01894992 0.04513978 0.009281694 0.01894992 0.04558515 0.0090878 0.01894992 0.04616981 0.008920252 0.01894992 0.0466004 0.008731007 0.01894992 0.04702186 0.008450567 0.01894992 0.04757028 0.00821954 0.01894992 0.04797041 0.007968485 0.01894992 0.04835826 0.007701873 0.01894992 0.04873561 0.007416427 0.01894992 0.0490989 0.007116496 0.01894992 0.04945027 0.006799042 0.01894992 0.04978603 0.006468236 0.01894992 0.05010855 0.006121456 0.01894992 0.05041384 0.005639016 0.01894992 0.0507968 0.005134165 0.01894992 0.05114966 0.004742503 0.01894992 0.05139476 0.004132747 0.01894992 0.05172383 0.003504037 0.01894992 0.052015 0.003074347 0.01894992 0.05218476 0.002414822 0.01894992 0.05239731 0.001743674 0.01894992 0.05256927 0.001290261 0.01894992 0.05265796 6.03105e-4 0.01894992 0.05274695 -8.81393e-5 0.01894992 0.05279386 -5.50138e-4 0.01894992 0.05279856 -0.001011729 0.01894992 0.05277973 -0.001472234 0.01894992 0.05274224 -0.001930236 0.01894992 0.05268132 -0.002385377 0.01894992 0.05260187 -0.002835869 0.01894992 0.05249941 -0.003281891 0.01894992 0.05237865 -0.003721117 0.01894992 0.05223548 -0.004154205 0.01894992 0.05207449 -0.00457853 0.01894992 0.05189174 -0.004995107 0.01894992 0.05169188 -0.005400955 0.01894992 0.05147111 -0.005797505 0.01894992 0.051234 -0.006181538 0.01894992 0.05097711 -0.006554782 0.01894992 0.05070477 -0.006796002 0.01894992 0.0505132 -0.007145881 0.01894992 0.05021148 -0.007483184 0.01894992 0.04989576 -0.007804036 0.01894992 0.04956328 -0.008208692 0.01894992 0.0490989 -0.008494138 0.01894992 0.04873561 -0.00876075 0.01894992 0.04835826 -0.009011745 0.01894992 0.04797041 -0.009242773 0.01894992 0.04757028 -0.009457349 0.01894992 0.0471611 -0.009650826 0.01894992 0.04674154 -0.009880006 0.01894992 0.04616981 -0.01002991 0.01894992 0.04573279 -0.0101574 0.01894992 0.04528868 -0.01029711 0.01894992 0.04468876 -0.01037883 0.01894992 0.04423403 -0.01043742 0.01894992 0.04377573 -0.01048433 0.01894992 0.04316157 -0.01049607 0.01894992 0.04269969 -0.01049607 0.01894992 0.02499973 -0.01048445 0.01894992 0.02479529 -0.01045423 0.01894992 0.02459281 -0.01040124 0.01894992 0.02439504 -0.01025307 0.01894992 0.02405089 -0.01008874 0.01894992 0.02379196 -0.009833872 0.01894992 0.02351731 -0.009592354 0.01894992 0.0233283 -0.009354531 0.01894992 0.02319461 -0.009165823 0.01894992 0.02311521 -0.008969366 0.01894992 0.02305769 -0.008768439 0.01894992 0.02301836 -0.0086326 0.01894992 0.02300441 -0.008496105 0.01894992 0.0229997 -0.01001977 0.003894865 0.008765995 -0.005628943 0.003828167 0.008637428 0.005257785 0.003869891 0.008724629 0.004836738 0.003919839 0.008807301 -0.004786908 0.003977537 0.008884847 -0.004786908 0.004060268 0.008972644 0.004836738 0.004113912 0.009021401 -0.01001977 0.004191398 0.009079217 0.003994643 0.004191398 0.009079217 -0.01001977 0.004317581 0.009150147 0.003994643 0.00427401 0.009129226 0.003994643 0.004383802 0.009179353 -0.005628943 0.004475235 0.009210348 0.006611108 0.004593133 0.009236156 -0.005628943 0.004640817 0.009243726 -0.004365861 0.004761397 0.009248793 0.004535973 0.004809677 0.009247064 -0.01001977 0.004929602 0.009233415 0.004836738 0.004929602 0.009233415 -0.005268096 0.005023717 0.00921148 -0.005628943 0.005224406 0.009128987 0.003994643 0.005266308 0.009105026 -0.01001977 0.005366206 0.009037256 0.004355549 0.005366206 0.009037256 -0.005568802 0.005439341 0.008974075 -0.01001977 0.005548834 0.008845806 -0.001117885 0.005506038 0.008904159 4.45956e-4 0.005565643 0.008828163 -5.1641e-4 0.005617678 0.008746743 -0.005087614 0.005661606 0.008660674 -0.004606425 0.005716919 0.008501052 0.005017161 0.005703628 0.008547484 -0.01001977 0.005745112 0.008334636 0.005799114 0.005741 0.008382797 0.006069779 0.005749225 0.008286535 -0.01001977 0.005748152 0.008189916 0.005378067 0.005748152 0.008189916 -0.005147755 0.005737721 0.008093833 -0.01001977 0.005670607 0.007862448 -0.005628943 0.005718052 0.007999241 0.003453314 0.005689322 0.007906973 0.002942085 0.005651891 0.007817924 -0.005147755 0.005605995 0.007732868 -0.006681561 0.005439519 0.007526755 -0.005628943 0.005552113 0.00765264 0.003994643 0.00549072 0.007578015 -0.01001977 0.005307793 0.007421195 0.004475831 0.005366563 0.007463574 0.003994643 0.005267739 0.007394254 -0.005628943 0.00516051 0.007338881 0.003994643 0.005115985 0.007320046 -0.005628943 0.005001485 0.007281899 -0.005628943 0.004882931 0.007259488 0.003994643 0.004786729 0.007251262 -0.005628943 0.00471425 0.007250368 -0.003824532 0.004499673 0.007282435 0.005137443 0.004407465 0.007311105 -0.00544852 0.004340052 0.00733757 0.002430796 0.004243731 0.007387876 0.004475831 0.00415337 0.007448196 -0.005628943 0.004096329 0.007492899 -0.005628943 0.004010498 0.007577776 0.003994643 0.003978908 0.007614314 -0.002380967 0.003907203 0.00771135 -0.003824532 0.003796219 0.007951974 0.001799225 0.003859162 0.007795214 0.005257785 0.003811717 0.007906198 -0.004997372 0.003756761 0.008140742 0.006220102 0.003766417 0.008068919 -0.007824361 0.003752887 0.008309483 0.003994643 0.003755748 0.008357703 -0.005628943 0.003789007 0.008523285 0.003994643 0.003770828 0.00845313 0.009227514 0.003811597 0.008592069 0.009227514 0.003751754 0.008212983 0.009227514 0.004570424 0.007267117 -0.005628943 0.004617989 0.007258474 0.009227514 0.004954218 0.007272005 0.009227514 0.005579054 0.007692754 0.009227514 0.005727887 0.008046567 0.009227514 0.005626618 0.008724033 0.009227514 0.00547266 0.008939146 0.009227514 0.005069494 0.009196043 -0.006170272 0.00511527 0.009180605 0.009227514 0.004009962 0.008920609 -0.01016759 0.003899216 0.008649587 -0.0101844 0.003816187 0.008119106 -0.0102443 0.003993451 0.00774002 -0.01020544 0.004237473 0.007459282 -0.01014786 0.004732251 0.00728935 -0.01012051 0.005198121 0.007387936 -0.0101543 0.005555808 0.007733166 -0.0101189 0.005716085 0.008110761 -0.01019406 0.005619168 0.008566856 -0.01018214 0.005255401 0.009048461 -0.01013618 0.004791557 0.009214043 -0.01012223 0.004284501 0.009095966 0.009478509 0.003899574 0.008057057 0.009586989 0.004922509 0.008377671 0.00945872 0.004538714 0.009106516 0.009361803 0.005176484 0.00909537 0.009404659 0.005681455 0.008110523 0.009433567 0.00552392 0.007723391 0.009378552 0.004987835 0.007328212 0.009478569 0.005269885 0.007515966 0.009400069 0.004436492 0.007375478 0.009446918 0.004086613 0.007621288 0.009391486 0.005603134 0.008645355 0.009363949 0.004196166 0.009013414 0.009387791 0.003863453 0.008594751 0.009382367 0.003792464 0.008185088 -0.0103448 0.005330681 0.007735729 -0.01037436 0.004386723 0.008477628 -0.01036149 0.004952192 0.009023308 -0.01035511 0.004476547 0.007470607 -0.006196081 0.007101774 0.01332181 -0.006196081 0.007921457 0.01504474 -0.006196081 0.008470535 0.0146315 -0.006196081 0.00640583 0.01397764 -0.006196081 0.007560968 0.01558983 -0.006196081 0.00738883 0.01611012 -0.006196081 0.005950927 0.01466602 -0.006196081 0.007377862 0.01674509 -0.006196081 0.00749123 0.01726299 -0.006196081 0.005708873 0.01522374 -0.006196081 0.007664203 0.01761269 -0.006196081 0.007802426 0.01781922 -0.006196081 0.005651295 0.01540982 -0.006196081 0.007893323 0.01792848 -0.006196081 0.005537152 0.01611685 -0.006196081 0.005523741 0.01690477 -0.006196081 0.00578159 0.01791381 -0.006196081 0.006045103 0.01851332 -0.006196081 0.006287693 0.01887786 -0.006196081 0.006794273 0.01943463 -0.006196081 0.008359074 0.01829212 -0.006196081 0.007669091 0.02004355 -0.006196081 0.00841093 0.02034527 -0.006196081 0.009163618 0.018615 -0.006196081 0.009346663 0.02047967 -0.006196081 0.01023495 0.01848161 -0.006196081 0.0102654 0.02042043 -0.006196081 0.01125037 0.02008092 -0.006196081 0.01199376 0.01962298 -0.006196081 0.01096284 0.01806491 -0.006196081 0.01251757 0.01911628 -0.006196081 0.01142621 0.01742327 -0.006196081 0.01318806 0.01799613 -0.006196081 0.0134325 0.01718479 -0.006196081 0.01163697 0.01660692 -0.006196081 0.0134502 0.01602441 -0.006196081 0.01155394 0.01591753 -0.006196081 0.01324629 0.01510143 -0.006196081 0.01127994 0.01529598 -0.006196081 0.01115286 0.01512485 -0.006196081 0.01152724 0.01305288 -0.006196081 0.01059418 0.01267921 -0.006196081 0.01306903 0.014701 -0.006196081 0.01196813 0.01335614 -0.006196081 0.01279854 0.01423931 -0.006024181 0.01238989 0.01374125 -0.006196081 0.009629547 0.01250511 -0.006196081 0.009094655 0.0125215 -0.006196081 0.008709669 0.01257979 -0.006196081 0.01067638 0.01470154 -0.006196081 0.01092857 0.01489734 -0.006196081 0.008126914 0.01275151 -0.006196081 0.009386539 0.01437175 -0.006196081 0.01034563 0.01453125 -0.005696058 0.008256554 0.01475572 -0.005696058 0.007390618 0.01312124 -0.005696058 0.009048759 0.01443052 -0.005696058 0.008451819 0.01265108 -0.005696058 0.01011782 0.01445895 -0.005696058 0.01067638 0.01470154 -0.005696058 0.009289085 0.01251119 -0.005696058 0.01106685 0.01503515 -0.005696058 0.01048964 0.01264947 -0.005696058 0.01152724 0.01305288 -0.005696058 0.01324629 0.01510143 -0.005696058 0.01309251 0.01474368 -0.005696058 0.01200449 0.01338851 -0.005696058 0.01282411 0.01428079 -0.005696058 0.01133567 0.01538681 -0.005696058 0.01341634 0.01575952 -0.005696058 0.01152831 0.01580482 -0.005696058 0.01163828 0.01637709 -0.005696058 0.0134927 0.01667791 -0.005696058 0.01337254 0.01747018 -0.005696058 0.01150816 0.01722794 -0.005696058 0.01287013 0.0185948 -0.005696058 0.01111024 0.01791191 -0.005696058 0.01224881 0.01939737 -0.005696058 0.01054453 0.01835876 -0.005696058 0.0114066 0.01998692 -0.005696058 0.01038432 0.02039462 -0.005696058 0.009665966 0.01862072 -0.005696058 0.009189724 0.02046173 -0.005696058 0.008801519 0.01852971 -0.005696058 0.008133113 0.0202555 -0.005696058 0.007437407 0.01991069 -0.005696058 0.008243143 0.01822715 -0.005696058 0.006521642 0.01915752 -0.005696058 0.007893323 0.01792848 -0.005696058 0.006122708 0.01863706 -0.005696058 0.005812823 0.01801872 -0.005696058 0.005539178 0.01704996 -0.005696058 0.005535781 0.01621401 -0.005696058 0.005651295 0.01540982 -0.005696058 0.007802426 0.01781922 -0.005696058 0.005708873 0.01522374 -0.005696058 0.007628381 0.0175513 -0.005696058 0.007412552 0.016954 -0.005696058 0.005934059 0.01471215 -0.005696058 0.007377564 0.01623386 -0.005696058 0.007668256 0.01540654 -0.005696058 0.006532311 0.01383 4.4427e-4 0.01369994 0.01674342 1.57412e-4 0.01369994 0.01636344 -1.34018e-6 0.01369994 0.01691097 -9.49641e-4 0.01369994 0.01663601 -5.54867e-4 0.01369994 0.01704722 -0.001027286 0.01369994 0.01710569 2.35107e-4 0.01369994 0.01589375 -2.37363e-4 0.01369994 0.01595222 -7.90889e-4 0.01369994 0.01608848 -0.001236498 0.01369994 0.01625603 -6.05278e-4 0.01369994 0.01565009 -1.86951e-4 0.01369994 0.01734936 -5.7953e-4 0.01149994 0.01747685 -1.41777e-4 0.01149994 0.01553595 2.59556e-4 0.01149994 0.01578986 5.9193e-4 0.01149994 0.01645606 4.45342e-4 0.01149994 0.01701378 8.20874e-5 0.01149994 0.01736873 -2.68317e-4 0.01149994 0.0174883 -0.001081585 0.01149994 0.01718771 -6.63919e-4 0.01149994 0.01556771 -0.001373827 0.01149994 0.01659578 -0.001229166 0.01149994 0.01597744 4.92396e-5 0.0119999 0.01507079 -2.71284e-4 0.0119999 0.01500612 -5.38903e-4 0.0119999 0.01500982 -8.59456e-4 0.0119999 0.01507431 -0.001104712 0.0119999 0.01518136 -0.001396238 0.0119999 0.01538622 -0.001615703 0.0119999 0.01562857 -0.001782655 0.0119999 0.01594328 -0.001879572 0.0119999 0.01628607 -0.001888513 0.0119999 0.01661294 -0.001836776 0.0119999 0.01690542 -0.001700103 0.0119999 0.01723444 -0.001511096 0.0119999 0.01750129 -0.001338422 0.0119999 0.01766526 -0.001114904 0.0119999 0.01781255 -7.40112e-4 0.0119999 0.0179519 -3.12673e-4 0.0119999 0.01799416 -4.72104e-5 0.0119999 0.01795858 1.23529e-4 0.0119999 0.01790559 3.64385e-4 0.0119999 0.01778888 6.4752e-4 0.0119999 0.01757258 8.7152e-4 0.0119999 0.01729553 0.001026391 0.0119999 0.01695871 0.001100838 0.0119999 0.01659488 0.001096308 0.0119999 0.01638656 0.001027286 0.0119999 0.01603704 8.77646e-4 0.0119999 0.01571375 5.53542e-4 0.0119999 0.01534849 2.97406e-4 0.0119999 0.01517099 7.66856e-5 0.01429992 0.01508241 -2.71284e-4 0.01429992 0.01500612 -5.98094e-4 0.01429992 0.01501667 -8.59456e-4 0.01429992 0.01507431 -0.001156628 0.01429992 0.01521062 -0.001459002 0.01429992 0.0154497 -0.001681089 0.01429992 0.01572823 -0.001822471 0.01429992 0.01605516 -0.001888096 0.01429992 0.01634508 -0.001888513 0.01429992 0.01661294 -0.001819491 0.01429992 0.01696246 -0.001651704 0.01429992 0.01730948 -0.001428008 0.01429992 0.0175867 -0.001139521 0.01429992 0.01779568 -6.96871e-4 0.01429992 0.01796323 -2.53256e-4 0.01429992 0.01798963 1.01914e-5 0.01429992 0.01794242 1.79465e-4 0.01429992 0.01788491 4.15095e-4 0.01429992 0.01775759 6.89397e-4 0.01429992 0.0175302 9.49081e-4 0.01429992 0.01715141 0.001069962 0.01429992 0.01680099 0.001100838 0.01429992 0.01659488 0.001090645 0.01429992 0.01632726 0.001007735 0.01429992 0.01598078 8.45352e-4 0.01429992 0.01566368 6.55798e-4 0.01429992 0.01543498 4.0078e-4 0.01429992 0.01523029 -2.37363e-4 0.0144999 0.01595222 -5.19986e-4 0.0144999 0.01523774 -6.05278e-4 0.0144999 0.01565009 -0.001255273 0.0144999 0.01554888 -7.90889e-4 0.0144999 0.01608848 -0.001236498 0.0144999 0.01625603 -0.001604914 0.0144999 0.01607173 -0.001628875 0.0144999 0.01675933 -9.49641e-4 0.0144999 0.01663601 -0.001027286 0.0144999 0.01710569 -0.001039266 0.0144999 0.01757156 -5.54867e-4 0.0144999 0.01704722 -1.86951e-4 0.0144999 0.01734936 -1.66285e-4 0.0144999 0.01776498 5.06588e-4 0.0144999 0.01737856 -1.34018e-6 0.0144999 0.01691097 4.4427e-4 0.0144999 0.01674342 8.54169e-4 0.0144999 0.01678478 8.38436e-4 0.0144999 0.01615595 1.57412e-4 0.0144999 0.01636344 2.35107e-4 0.0144999 0.01589375 4.73738e-4 0.0144999 0.01554453 0.002903878 0.004929065 0.009228289 0.004153847 0.004642426 0.009235799 0.002903878 0.004594862 0.009229421 0.004153847 0.004265546 0.009120881 0.002903878 0.004224002 0.009096503 0.004153847 0.004009246 0.008906364 0.002903878 0.003959953 0.008853316 0.002903878 0.003816008 0.00860393 0.004153847 0.003799974 0.008558392 0.002903878 0.00377351 0.008465528 0.004153847 0.00375837 0.008370101 0.002903878 0.003757238 0.00837028 0.002903878 0.003750205 0.008273899 0.004153847 0.003769934 0.00808233 0.002903878 0.003789246 0.008000433 0.004153847 0.003867268 0.007786512 0.002903878 0.003890693 0.007744431 0.004153847 0.003985583 0.007604897 0.002903878 0.004127144 0.007484495 0.004153847 0.004174888 0.007448673 0.002903878 0.004594802 0.007269442 0.004153847 0.004582166 0.007267177 0.004153847 0.004833817 0.007258415 0.002903878 0.00494492 0.007283151 0.004153847 0.005191683 0.007356166 0.002903878 0.005372464 0.007474601 0.004153847 0.005428731 0.007519781 0.002903878 0.005643904 0.007853209 0.004153847 0.005618691 0.007772922 0.004153847 0.005746126 0.00817734 0.002903878 0.005749642 0.008273899 0.004153847 0.005747318 0.008322179 0.002903878 0.005742609 0.00837028 0.004153847 0.005735635 0.008418083 0.002903878 0.005726337 0.008465528 0.004153847 0.00567311 0.008625626 0.002903878 0.005653858 0.008669793 0.004153847 0.005465865 0.008932054 0.002903878 0.005385935 0.009003639 0.004153847 0.005089521 0.009178578 0.005403876 0.004571735 0.009222567 0.005403876 0.004929065 0.009228289 0.005403876 0.005385935 0.009003639 0.005403876 0.005653858 0.008669793 0.005403876 0.005726337 0.008465528 0.005403876 0.005742609 0.00837028 0.005403876 0.005749642 0.008273899 0.005403876 0.005693137 0.007974922 0.005403876 0.005496084 0.007588744 0.005403876 0.005275905 0.007403016 0.005403876 0.004905045 0.007269442 0.005403876 0.004594802 0.007269442 0.005403876 0.004127144 0.007484495 0.005403876 0.003852784 0.007819771 0.005403876 0.003763616 0.008105754 0.005403876 0.003753721 0.00832206 0.005403876 0.00377351 0.008465528 0.005403876 0.003816008 0.00860393 0.005403876 0.004071831 0.008961677 0.002903878 0.005242884 0.01051539 0.002903878 0.00439459 0.01053035 0.002903878 0.005614697 0.01040983 0.002903878 0.005893468 0.01026743 0.002903878 0.006499052 0.009736537 0.002903878 0.007043957 0.00838989 0.002903878 0.006890118 0.00738275 0.002903878 0.00642395 0.006653487 0.002903878 0.005670189 0.006137251 0.002903878 0.004503369 0.005953788 0.002903878 0.003591537 0.006269276 0.002903878 0.002829194 0.006949841 0.002903878 0.002634465 0.007283627 0.002903878 0.002462148 0.008159458 0.002903878 0.002602696 0.009099185 0.002903878 0.003149747 0.009893953 0.002903878 0.003749907 0.01035064 0.003203868 0.004711449 0.01074618 0.003203868 0.005057156 0.0107308 0.003203868 0.005432486 0.0106486 0.003203868 0.00611031 0.01033735 0.003203868 0.006515383 0.01001518 0.003203868 0.006870448 0.009562671 0.003203868 0.007091641 0.009115695 0.003203868 0.007215678 0.008613169 0.003203868 0.007220387 0.007924556 0.003203868 0.007063925 0.007312059 0.003203868 0.006874442 0.006934285 0.003203868 0.006552457 0.006528437 0.003203868 0.006255805 0.006255626 0.003203868 0.005999326 0.006085693 0.003203868 0.005578815 0.005897402 0.003203868 0.005018532 0.005767464 0.003203868 0.004634618 0.005755662 0.003203868 0.004215359 0.00580877 0.003203868 0.003777742 0.005952894 0.003203868 0.003338932 0.006189882 0.003203868 0.002984464 0.00648421 0.003203868 0.002710402 0.006805956 0.003203868 0.002548456 0.007067561 0.003203868 0.002408206 0.007383704 0.003203868 0.002293646 0.007790565 0.003203868 0.002255856 0.008134365 0.003203868 0.002277135 0.008594632 0.003203868 0.002368688 0.009007215 0.003203868 0.00249803 0.009328007 0.003203868 0.002747476 0.00973767 0.003203868 0.003154873 0.01017051 0.003203868 0.003500521 0.01041376 0.003203868 0.003775894 0.01055091 0.003203868 0.004216372 0.01068603 0.005103826 0.004788398 0.01074618 0.005103826 0.004124224 0.01065862 0.005103826 0.003636121 0.01048654 0.005103826 0.003246903 0.01024001 0.005103826 0.002879142 0.009903192 0.005103826 0.00259912 0.009513795 0.005103826 0.002368688 0.009007215 0.005103826 0.002288937 0.008670687 0.005103826 0.002253472 0.008211314 0.005103826 0.00227952 0.007866263 0.005103826 0.002326607 0.007640242 0.005103826 0.002465903 0.007241189 0.005103826 0.002625405 0.006934285 0.005103826 0.002803146 0.00668317 0.005103826 0.003010392 0.006455779 0.005103826 0.003276169 0.006234347 0.005103826 0.003868818 0.005922079 0.005103826 0.004366636 0.005780458 0.005103826 0.004788398 0.005753278 0.005103826 0.005170822 0.005788683 0.005103826 0.005722105 0.005952894 0.005103826 0.006130158 0.006166696 0.005103826 0.00637567 0.006352126 0.005103826 0.006727337 0.006732523 0.005103826 0.007015705 0.007207274 0.005103826 0.007180333 0.007678031 0.005103826 0.00724399 0.008134365 0.005103826 0.007222712 0.008594632 0.005103826 0.007117271 0.009043157 0.005103826 0.006813943 0.009640455 0.005103826 0.006403326 0.01012051 0.005103826 0.005979239 0.01041716 0.005103826 0.005283474 0.01068603 0.005403876 0.005132555 0.01052063 0.005403876 0.005614697 0.01040983 0.005403876 0.006162285 0.01005393 0.005403876 0.006985008 0.008767843 0.005403876 0.006979465 0.007742583 0.005403876 0.00642395 0.006653487 0.005403876 0.005762994 0.006164073 0.005403876 0.004996478 0.005953788 0.005403876 0.004071176 0.006037056 0.005403876 0.003297448 0.006447851 0.005403876 0.0027318 0.007116734 0.005403876 0.002479553 0.007793486 0.005403876 0.002586781 0.009013175 0.005403876 0.003313779 0.0100407 0.005403876 0.003817498 0.01038026 0.005403876 0.004202127 0.01050782 -0.006196081 0.004972994 0.009203135 -0.004946112 0.005054771 0.009187757 -0.004946112 0.004653513 0.009243905 -0.006196081 0.00448811 0.00921148 -0.004946112 0.004396438 0.009181737 -0.006196081 0.004121243 0.009013235 -0.004946112 0.004085123 0.008981943 -0.006196081 0.003901422 0.008776724 -0.004946112 0.003838479 0.008646726 -0.006196081 0.003794729 0.008534729 -0.004946112 0.00375837 0.008370101 -0.006196081 0.003757238 0.00837028 -0.006196081 0.003750205 0.008273899 -0.004946112 0.003757774 0.008153557 -0.006196081 0.003763616 0.008105754 -0.004946112 0.003826677 0.007873892 -0.006196081 0.003852784 0.007819771 -0.004946112 0.004113912 0.00749582 -0.006196081 0.004204869 0.00742805 -0.004946112 0.0044775 0.00729537 -0.006196081 0.004594802 0.007269442 -0.004946112 0.004928112 0.007276892 -0.006196081 0.00505954 0.007317364 -0.004946112 0.005256295 0.00738877 -0.006196081 0.00539267 0.007487833 -0.004946112 0.005428731 0.007519781 -0.006196081 0.005609154 0.007744431 -0.004946112 0.005598425 0.007722675 -0.004946112 0.005683839 0.007895529 -0.006196081 0.005720674 0.008035182 -0.004946112 0.005736231 0.008105635 -0.006196081 0.005738914 0.008357524 -0.004946112 0.005680322 0.008577108 -0.006196081 0.005645275 0.008692383 -0.006196081 0.005416512 0.008984267 -0.004946112 0.005444347 0.008961141 -0.003696084 0.004677772 0.009243905 -0.003696084 0.00513184 0.00915575 -0.003696084 0.00557065 0.008801579 -0.003696084 0.005733668 0.008381068 -0.003696084 0.005741477 0.008129298 -0.003696084 0.00567311 0.007873773 -0.003696084 0.005509793 0.007608652 -0.003696084 0.005275905 0.007403016 -0.003696084 0.004905045 0.007269442 -0.003696084 0.004594802 0.007269442 -0.003696084 0.004204869 0.00742805 -0.003696084 0.003881037 0.007766544 -0.003696084 0.003763616 0.008105754 -0.003696084 0.003750205 0.008273899 -0.003696084 0.003757238 0.00837028 -0.003696084 0.003794729 0.008534729 -0.003696084 0.003901422 0.008776724 -0.003696084 0.00422126 0.009078681 -0.006196081 0.005242884 0.01051539 -0.006196081 0.004232227 0.01049906 -0.006196081 0.005614697 0.01040983 -0.006196081 0.006329238 0.009911537 -0.006196081 0.006926357 0.008979916 -0.006196081 0.007008194 0.007805407 -0.006196081 0.006752669 0.007083177 -0.006196081 0.006091594 0.006365537 -0.006196081 0.005089282 0.00598061 -0.006196081 0.004071176 0.006037056 -0.006196081 0.003297448 0.006447851 -0.006196081 0.002703309 0.007194578 -0.006196081 0.002441704 0.0082587 -0.006196081 0.002750992 0.009378671 -0.006196081 0.003400206 0.0101298 -0.006196081 0.003749907 0.01035064 -0.005896091 0.004481315 0.01073199 -0.005896091 0.004998862 0.01072901 -0.005896091 0.005580425 0.01060646 -0.005896091 0.005863726 0.01048654 -0.005896091 0.006160914 0.01030951 -0.005896091 0.006515383 0.01001518 -0.005896091 0.006870448 0.009562671 -0.005896091 0.007091641 0.009115695 -0.005896091 0.00721091 0.008670687 -0.005896091 0.007248759 0.008326709 -0.005896091 0.007225096 0.007943212 -0.005896091 0.007091641 0.007383704 -0.005896091 0.006931126 0.007034838 -0.005896091 0.00674498 0.006743133 -0.005896091 0.006596565 0.006566286 -0.005896091 0.006252944 0.006259381 -0.005896091 0.005668044 0.005932629 -0.005896091 0.00524646 0.005802869 -0.005896091 0.004769206 0.005755066 -0.005896091 0.004067361 0.005850851 -0.005896091 0.003487527 0.006101369 -0.005896091 0.002984464 0.00648421 -0.005896091 0.002629399 0.006936728 -0.005896091 0.002408206 0.007383704 -0.005896091 0.002274751 0.007962465 -0.005896091 0.002277135 0.008594632 -0.005896091 0.002368688 0.009007215 -0.005896091 0.002581954 0.009479343 -0.005896091 0.002829074 0.00984472 -0.005896091 0.003065705 0.01009726 -0.005896091 0.003372311 0.01032876 -0.005896091 0.003775894 0.01055091 -0.005896091 0.004066109 0.01065313 -0.003996074 0.004788398 0.01074618 -0.003996074 0.004329025 0.01071071 -0.003996074 0.003919422 0.01060646 -0.003996074 0.003502905 0.01040965 -0.003996074 0.003124177 0.01014733 -0.003996074 0.002879142 0.009903192 -0.003996074 0.00259912 0.009513795 -0.003996074 0.002368688 0.009007215 -0.003996074 0.002288937 0.008670687 -0.003996074 0.002266466 0.008038759 -0.003996074 0.002326607 0.007640242 -0.003996074 0.002465903 0.007241189 -0.003996074 0.002690136 0.006838679 -0.003996074 0.002930939 0.006539463 -0.003996074 0.003421664 0.006140768 -0.003996074 0.003921031 0.005897402 -0.003996074 0.004366636 0.005780458 -0.003996074 0.004788398 0.005753278 -0.003996074 0.005170822 0.005788683 -0.003996074 0.005633115 0.005916535 -0.003996074 0.006160914 0.006189882 -0.003996074 0.006489455 0.006455779 -0.003996074 0.006696701 0.00668317 -0.003996074 0.006892681 0.0069682 -0.003996074 0.007080018 0.007347047 -0.003996074 0.00717324 0.007640242 -0.003996074 0.007239282 0.008096158 -0.003996074 0.007222712 0.008594632 -0.003996074 0.007117271 0.009043157 -0.003996074 0.006931126 0.009464621 -0.003996074 0.006593048 0.009929955 -0.003996074 0.006223678 0.01026505 -0.003996074 0.005932629 0.01045227 -0.003996074 0.005723953 0.01055091 -0.003996074 0.005283474 0.01068603 -0.003696084 0.005215227 0.01051688 -0.003696084 0.005754113 0.01033866 -0.003696084 0.006431043 0.009840428 -0.003696084 0.0069018 0.009101629 -0.003696084 0.007068514 0.008268177 -0.003696084 0.006947517 0.007508456 -0.003696084 0.006639063 0.006915509 -0.003696084 0.006271541 0.006493687 -0.003696084 0.005762994 0.006164073 -0.003696084 0.004996478 0.005953788 -0.003696084 0.004071176 0.006037056 -0.003696084 0.003218472 0.006543636 -0.003696084 0.002577483 0.007439315 -0.003696084 0.002457618 0.008344709 -0.003696084 0.00269705 0.009328901 -0.003696084 0.003149747 0.009893953 -0.003696084 0.003817498 0.01038026 -0.003696084 0.004256963 0.01051539 -0.001871645 0.0144999 0.03036034 0.001069664 0.0144999 0.03078007 0.001051127 0.0144999 0.03017067 -0.001608669 0.0144999 0.02964061 6.46495e-4 0.0144999 0.02943617 -0.001236855 0.0144999 0.02926146 1.83497e-4 0.0144999 0.02911978 -7.47899e-4 0.0144999 0.02905219 -2.03739e-4 0.0144999 0.02902036 -0.001798093 0.0144999 0.0309925 -9.31416e-4 0.0144999 0.03188896 -3.2188e-4 0.0144999 0.03198963 -0.001472711 0.0144999 0.0315237 3.32972e-4 0.0144999 0.03179621 8.65404e-4 0.0144999 0.0312758 -0.002384424 0.01399993 0.03029531 -0.002385616 0.01399993 0.03066998 -0.002296805 0.01399993 0.02989643 -0.002138376 0.01399993 0.02952009 -0.001863777 0.01399993 0.02915215 -0.001575291 0.01399993 0.02888834 -0.001254558 0.01399993 0.02869462 -0.001000761 0.01399993 0.02859455 -6.34169e-4 0.01399993 0.02851718 -3.27872e-4 0.01399993 0.02850204 -2.33217e-5 0.01399993 0.02853804 3.37166e-4 0.01399993 0.02864027 5.24015e-4 0.01399993 0.02872395 8.08838e-4 0.01399993 0.02891075 0.001110374 0.01399993 0.02918606 0.001237809 0.01399993 0.02934634 0.001392245 0.01399993 0.02961146 0.001517117 0.01399993 0.0299282 0.001592218 0.01399993 0.03029531 0.001593351 0.01399993 0.03066998 0.001517117 0.01399993 0.03107124 0.001360833 0.01399993 0.03144854 0.001237809 0.01399993 0.0316531 0.001039683 0.01399993 0.03188735 8.66061e-4 0.01399993 0.03205114 6.12082e-4 0.01399993 0.03222328 3.37166e-4 0.01399993 0.03235918 4.34933e-5 0.01399993 0.03244751 -4.30236e-4 0.01399993 0.03249621 -8.68264e-4 0.01399993 0.0324372 -0.001254558 0.01399993 0.03230482 -0.001435279 0.01399993 0.03220856 -0.001682519 0.01399993 0.03202688 -0.001902639 0.01399993 0.03181338 -0.002030014 0.01399993 0.0316531 -0.002138376 0.01399993 0.03147935 -0.002296805 0.01399993 0.03110301 -0.00239259 0.008699953 0.0304656 -0.00239259 0.01134991 0.0304656 -0.002365827 0.008699953 0.03016012 -0.00237745 0.01134991 0.03022736 -0.002354264 0.01134991 0.03009283 -0.002288758 0.008699953 0.02986329 -0.00226587 0.01134991 0.02979898 -0.00211966 0.008699953 0.02949154 -0.002138376 0.01134991 0.02952009 -0.001966357 0.01134991 0.02926623 -0.001831889 0.008699953 0.02911204 -0.001709699 0.01134991 0.02899318 -0.001575291 0.008699953 0.02888834 -0.001404285 0.01134991 0.02877616 -0.001254558 0.008699953 0.02869462 -0.001129388 0.01134991 0.02864027 -0.001000761 0.008699953 0.02859455 -9.35708e-4 0.01134991 0.02857387 -8.03027e-4 0.008699953 0.02854156 -8.03027e-4 0.01134991 0.02854156 -4.64198e-4 0.008699953 0.02850669 -4.98319e-4 0.01134991 0.02850556 -1.91706e-4 0.01134991 0.02851134 -5.64921e-5 0.008699953 0.02852994 7.7138e-5 0.01134991 0.02855771 2.40322e-4 0.008699953 0.02860707 3.37166e-4 0.01134991 0.02864027 5.24015e-4 0.008699953 0.02872395 5.24015e-4 0.01134991 0.02872395 7.00149e-4 0.008699953 0.02882832 7.00149e-4 0.01134991 0.02882832 9.41668e-4 0.008699953 0.02901732 9.17526e-4 0.01134991 0.02899318 0.001110374 0.01134991 0.02918606 0.001196563 0.008699953 0.02929192 0.001237809 0.01134991 0.02934634 0.00134617 0.008699953 0.02952009 0.00134617 0.01134991 0.02952009 0.001473665 0.008699953 0.02979898 0.001463353 0.01134991 0.02976644 0.001545846 0.01134991 0.03002649 0.001573622 0.008699953 0.03016012 0.001592218 0.01134991 0.03029531 0.001600384 0.008699953 0.0304656 0.001601517 0.01134991 0.03056794 0.001573622 0.008699953 0.03083932 0.001573622 0.01134991 0.03083932 0.001473665 0.008699953 0.03120046 0.001473665 0.01134991 0.03120046 0.001271367 0.008699953 0.03159344 0.00129199 0.01134991 0.0315662 0.001155257 0.01134991 0.03176188 9.91542e-4 0.008699953 0.03193557 0.001017272 0.01134991 0.0319131 8.66061e-4 0.01134991 0.03205114 7.57246e-4 0.008699953 0.03213363 6.7039e-4 0.01134991 0.03218781 4.92111e-4 0.008699953 0.03228807 4.00687e-4 0.01134991 0.03233414 2.73644e-4 0.008699953 0.03238421 2.73644e-4 0.01134991 0.03238421 1.43479e-4 0.008699953 0.03242558 4.34933e-5 0.01134991 0.03244751 -1.58061e-4 0.008699953 0.03248226 -2.5963e-4 0.01134991 0.03249508 -4.64357e-4 0.008699953 0.0324974 -4.64357e-4 0.01134991 0.0324974 -8.35723e-4 0.008699953 0.03244751 -8.35723e-4 0.01134991 0.03244751 -0.001222789 0.008699953 0.03231734 -0.001129388 0.01134991 0.03235918 -0.001375734 0.01134991 0.032242 -0.001492321 0.008699953 0.03217113 -0.001549422 0.01134991 0.03213363 -0.001733839 0.008699953 0.03198212 -0.001783728 0.01134991 0.03193557 -0.001947522 0.008699953 0.03176188 -0.001988768 0.01134991 0.03170746 -0.002067446 0.008699953 0.031596 -0.002104938 0.01134991 0.0315389 -0.002201199 0.008699953 0.03135818 -0.002201199 0.01134991 0.03135818 -0.002301275 0.008699953 0.03110438 -0.002309322 0.01134991 0.03107124 -0.002365827 0.008699953 0.03083932 -0.00237745 0.01134991 0.03077203 -0.001194179 0.00849992 0.03049969 -0.002178251 0.00849992 0.03047591 -0.001456975 0.00849992 0.02988719 -0.001713871 0.00849992 0.0293529 -7.95152e-4 0.00849992 0.02980858 -7.09907e-4 0.00849992 0.02875584 -3.96115e-4 0.00849992 0.0292747 1.48001e-4 0.00849992 0.02881991 2.92245e-6 0.00849992 0.02980858 9.64407e-4 0.00849992 0.02935469 6.64766e-4 0.00849992 0.02988719 0.001362502 0.00849992 0.0302717 4.0196e-4 0.00849992 0.03049969 6.64766e-4 0.00849992 0.03111225 0.001006722 0.00849992 0.03155732 2.92245e-6 0.00849992 0.03119087 4.33521e-4 0.00849992 0.0320813 -3.96115e-4 0.00849992 0.03172475 -6.37139e-4 0.00849992 0.03223848 -7.95152e-4 0.00849992 0.03119087 -0.001617491 0.00849992 0.03180056 -0.001456975 0.00849992 0.03111225 -0.002023518 0.00849992 0.03122645 2.92245e-6 0.00999993 0.03119087 -3.96115e-4 0.00999993 0.03172475 6.64766e-4 0.00999993 0.03111225 4.0196e-4 0.00999993 0.03049969 6.64766e-4 0.00999993 0.02988719 2.92245e-6 0.00999993 0.02980858 -3.96115e-4 0.00999993 0.0292747 -7.95152e-4 0.00999993 0.02980858 -0.001456975 0.00999993 0.02988719 -0.001194179 0.00999993 0.03049969 -0.001456975 0.00999993 0.03111225 -7.95152e-4 0.00999993 0.03119087 0.008947551 -0.001530885 0.001284956 -0.001077592 -0.001574754 0.001232683 0.004937469 -0.00165522 0.001122355 0.003934919 -0.001906454 6.01429e-4 -0.001077592 -0.001935601 5.03243e-4 0.008947551 -0.001965463 3.6998e-4 -0.001077592 -0.001965463 3.6998e-4 0.004937469 -0.001986145 2.34991e-4 0.008947551 -0.001963078 -3.76641e-4 0.004937469 -0.001992464 -1.74017e-4 2.59065e-4 -0.001975953 -3.0958e-4 0.001428663 -0.001950263 -4.43702e-4 0.003934919 -0.001915454 -5.75755e-4 0.008947551 -0.001386761 -0.001439809 0.005856454 -0.001527547 -0.001291155 -0.001077592 -0.001435935 -0.001392424 -0.001077592 -0.001337587 -0.001487135 0.003934919 -0.001232981 -0.001574993 0.003934919 -9.7702e-4 -0.001744389 -0.001077592 -8.86819e-4 -0.001792907 0.008947551 -7.62416e-4 -0.001849234 -0.001077592 -7.62416e-4 -0.001849234 0.008947551 -5.69001e-4 -0.001916348 -0.001077592 -6.34458e-4 -0.001896917 -0.001077592 -5.03543e-4 -0.00193578 0.003934919 -3.7028e-4 -0.001965641 0.008947551 7.67868e-4 -0.001845657 0.003934919 5.75455e-4 -0.001915633 -0.001077592 7.04826e-4 -0.001871883 -0.001077592 8.3091e-4 -0.001819431 0.003934919 9.5312e-4 -0.001758456 0.008947551 0.001341521 -0.00148195 0.003934919 0.001183629 -0.001612305 -0.001077592 0.001290857 -0.001527786 -0.001077592 0.001392126 -0.001436114 0.003934919 0.001486837 -0.001337766 0.008947551 0.00191605 -5.69206e-4 0.004269123 0.001848936 -7.62621e-4 -0.001077592 0.001896619 -6.34664e-4 -0.001077592 0.001935482 -5.03748e-4 0.003934919 0.001965343 -3.70486e-4 0.008947551 0.001991748 -1.67454e-4 -0.001077592 0.001986026 -2.35497e-4 -0.001077592 0.00199747 -9.94108e-5 0.008947551 0.001999557 3.71373e-5 -0.001077592 0.001999557 3.71373e-5 0.008947551 0.001984119 2.41293e-4 -0.001077592 0.001992344 1.73511e-4 -0.001077592 0.001975834 3.09075e-4 0.004937469 0.001950144 4.43196e-4 0.008947551 0.00189346 6.39935e-4 2.59065e-4 0.001915335 5.7525e-4 -0.001077592 0.001871585 7.04621e-4 0.008947551 0.001819133 8.30705e-4 -0.001745939 0.001819133 8.30705e-4 0.008947551 0.001758158 9.52915e-4 -0.002247214 0.001758158 9.52915e-4 0.003934919 0.001689016 0.001070678 0.008947551 0.001285195 0.001530587 0.004269123 0.001435816 0.001391887 -0.001077592 0.001337468 0.001486659 -0.001077592 0.001232862 0.001574456 0.003934919 0.001122534 0.001654922 0.008947551 9.46858e-4 0.001760005 -0.001077592 0.00100696 0.0017277 -0.001077592 8.86724e-4 0.001792371 0.008947551 7.62321e-4 0.001848697 -0.001077592 7.62321e-4 0.001848697 0.008947551 5.68906e-4 0.001915872 -0.001077592 6.34364e-4 0.00189644 -0.001077592 5.03448e-4 0.001935303 0.003934919 3.70185e-4 0.001965165 0.004937469 2.01175e-4 0.001988708 2.59065e-4 9.91107e-5 0.001997232 0.008947551 -3.74375e-5 0.001999378 -0.001077592 -3.74375e-5 0.001999378 0.008947551 -1.73811e-4 0.001992166 -0.001745939 -1.73811e-4 0.001992166 0.004603266 -3.09375e-4 0.001975655 0.008947551 -6.40235e-4 0.001893281 0.005188107 -4.43496e-4 0.001949965 -0.001077592 -5.7555e-4 0.001915156 -0.001077592 -7.04921e-4 0.001871407 0.003934919 -8.31005e-4 0.001818895 0.008947551 -0.001012086 0.001723408 -0.001077592 -9.53215e-4 0.001757979 -0.001077592 -0.001070976 0.001688838 0.008947551 -0.001183748 0.001611828 -0.001077592 -0.001183748 0.001611828 0.008947551 -0.001341581 0.001481413 -0.001077592 -0.001290977 0.001527249 -0.001077592 -0.001392185 0.001435637 -0.001077592 -0.001486957 0.00133723 -0.009766101 0.001727879 -0.001007258 0.004937469 0.001727879 -0.001007258 -0.009766101 0.001655161 -0.001122832 0.003934919 0.001655161 -0.001122832 -0.009766101 0.001530766 -0.001285493 0.003934919 0.001574695 -0.00123316 -0.009766101 0.001392126 -0.001436114 -0.009766101 0.001237273 -0.001570045 -0.009766101 0.001070857 -0.001689314 0.003934919 0.001070857 -0.001689314 -0.009766101 8.92015e-4 -0.001788973 -0.009766101 7.04826e-4 -0.001871883 -0.009766101 5.09428e-4 -0.001933038 0.003934919 4.43401e-4 -0.001950442 -0.009766101 2.41498e-4 -0.001984417 0.003934919 3.0928e-4 -0.001976132 0.003934919 1.73716e-4 -0.001992642 -0.009766101 3.73426e-5 -0.001999855 0.005188107 3.73426e-5 -0.001999855 -0.009766101 -1.67248e-4 -0.001992046 0.004603266 -9.92055e-5 -0.001997768 0.004937469 -2.35291e-4 -0.001986324 -0.009766101 -4.36912e-4 -0.00195074 -0.009766101 -6.98437e-4 -0.001873075 -0.009766101 -8.86819e-4 -0.001792907 -0.009766101 -0.001064836 -0.001691818 0.003934919 -0.001122653 -0.001655459 -0.009766101 -0.001232981 -0.001574993 -0.009766101 -0.001386761 -0.001439809 -0.009766101 -0.001569867 -0.001237571 0.006107032 -0.001612126 -0.001183927 -0.009766101 -0.001689136 -0.001071155 0.005188107 -0.001689136 -0.001071155 -0.009766101 -0.001758277 -9.5342e-4 0.004603266 -0.001758277 -9.5342e-4 -0.009766101 -0.001845479 -7.68168e-4 0.004937469 -0.001819252 -8.3121e-4 0.003934919 -0.001871705 -7.05126e-4 -0.009766101 -0.001932859 -5.09729e-4 -0.009766101 -0.001975953 -3.0958e-4 -0.009766101 -0.001992464 -1.74017e-4 -0.009766101 -0.001999676 -3.76428e-5 0.003934919 -0.001999676 -3.76428e-5 -0.009766101 -0.00199753 9.89054e-5 0.004603266 -0.00199753 9.89054e-5 -0.009766101 -0.001975774 3.02486e-4 -0.009766101 -0.001935601 5.03243e-4 -0.009766101 -0.001872897 6.98137e-4 0.003934919 -0.001848995 7.62116e-4 -0.009766101 -0.001760303 9.46653e-4 0.005188107 -0.001792669 8.86518e-4 0.004603266 -0.001727998 0.001006782 -0.009766101 -0.001614987 0.001177489 -0.009766101 -0.001486957 0.00133723 -0.009766101 -0.001341581 0.001481413 -0.009766101 -0.001183748 0.001611828 -0.009766101 -0.001012086 0.001723408 -0.009766101 -8.31005e-4 0.001818895 -0.009766101 -6.40235e-4 0.001893281 -0.009766101 -3.76436e-4 0.00196278 -0.009766101 -1.73811e-4 0.001992166 -0.009766101 3.08366e-5 0.001998305 -0.009766101 3.02691e-4 0.001975476 -0.009766101 5.68906e-4 0.001915872 -0.009766101 7.62321e-4 0.001848697 -0.009766101 9.46858e-4 0.001760005 -0.009766101 0.001177728 0.001614689 -0.009766101 0.001386642 0.001439273 -0.009766101 0.001527488 0.001290678 0.005856454 0.001527488 0.001290678 -0.009766101 0.001612007 0.00118345 0.004937469 0.001612007 0.00118345 -0.009766101 0.001723587 0.001011788 -0.009766101 0.001845359 7.67663e-4 -0.009766101 0.001915335 5.7525e-4 -0.009766101 0.001963019 3.76135e-4 -0.009766101 0.00199598 1.05324e-4 -0.009766101 0.001991748 -1.67454e-4 -0.009766101 0.001965343 -3.70486e-4 -0.009766101 0.00191605 -5.69206e-4 -0.009766101 0.001820743 -8.24822e-4 0.004603266 0.001792609 -8.87024e-4 -0.0102747 -0.001380562 0.001206696 -0.01030689 -0.001721322 5.30526e-4 -0.01024782 -0.001857578 1.39802e-4 -0.01029783 -0.001784086 -3.54487e-4 -0.01025664 -0.001519799 -0.001027643 -0.01029378 -8.61687e-4 -0.001578211 -0.01025348 -1.1474e-4 -0.001847624 -0.01024782 5.74516e-4 -0.001775324 -0.01024782 0.001071751 -0.001523792 -0.01025474 0.001556217 -0.001001358 -0.01025545 0.001833379 -3.03457e-4 -0.01027351 0.001738131 5.60672e-4 -0.0102685 0.001377522 0.001237273 -0.01026296 9.31863e-4 0.001607239 -0.0103324 7.09697e-4 0.001620888 -0.01029837 -1.58035e-5 0.001818418 -0.01027297 -7.49262e-4 0.001683831 0.009362459 -0.001581192 0.001031517 0.009222626 -0.001387119 0.001333534 0.009163975 -8.39935e-4 0.001748502 0.009133875 -2.99498e-4 0.001927614 0.009221017 9.2578e-5 0.001927852 0.009194135 5.33127e-4 0.00185883 0.009133875 9.85982e-4 0.001682817 0.009100556 0.001327157 0.001444339 0.009167194 0.001514136 0.001216828 0.009135484 0.001813173 7.07542e-4 0.009162366 0.001930773 2.31777e-4 0.009116411 0.001915872 -3.81715e-4 0.009163975 0.001775443 -7.8883e-4 0.00931096 0.001525938 -0.001125097 0.009160816 0.001374125 -0.001378238 0.009105324 0.000999987 -0.001684725 0.009132266 5.44657e-4 -0.001875996 0.009165942 1.28145e-4 -0.001940786 0.009237885 -3.33286e-4 -0.001889526 0.009131491 -8.58216e-4 -0.001747548 0.009322404 -0.001272499 -0.001390099 0.009169638 -0.001562952 -0.001153588 0.009163975 -0.001791775 -7.52719e-4 0.009162366 -0.001915752 -3.28238e-4 0.009333968 -0.001890361 8.80296e-5 0.009103775 -0.001919269 4.02675e-4 0.009163975 -0.001777887 7.89564e-4 0.009554386 9.50553e-4 -0.001480102 0.009563505 -4.0265e-4 -0.001649439 0.009551405 -0.001649439 -6.32879e-4 0.009545803 -0.001704931 5.48559e-4 0.009563982 -0.001046717 0.001381158 0.009555995 -1.24186e-4 0.001776516 0.009538829 6.12211e-4 0.001680612 0.009539663 0.00151652 9.16422e-4 0.009545862 0.001730501 -3.44228e-4 0.009603857 9.93138e-5 1.76478e-4 -0.01039606 -1.64982e-4 -4.4028e-5 -0.01034802 0.001558005 -6.24201e-4 -0.01035171 5.76683e-4 -0.001665592 -0.006196081 -0.001769721 -0.001175522 -0.006196081 -0.003336846 -0.002158761 -0.006196081 -0.002106785 -4.12844e-4 -0.006196081 -0.00388658 -9.10731e-4 -0.006196081 -0.002081036 4.38371e-4 -0.006196081 -0.003986716 -3.11533e-4 -0.006196081 -0.00182718 0.00112164 -0.006196081 -0.003999948 -1.96994e-5 -0.006196081 -0.001547753 0.001487374 -0.006196081 -0.001312077 0.001702964 -0.006196081 -0.001196622 0.001785933 -0.006196081 -0.003996193 1.75072e-4 -0.006196081 -0.001075983 0.001861155 -0.006196081 -0.003823697 0.001117527 -0.006196081 -0.003455042 0.002000212 -0.006196081 -0.002972006 0.002652525 -0.006196081 -0.002182006 0.003350794 -0.006196081 -0.001645803 0.003636419 -0.006196081 -5.19574e-4 0.002059876 -0.006196081 -6.23942e-4 0.003939449 -0.006196081 1.75156e-4 0.003992617 -0.006196081 3.45692e-4 0.002113461 -0.006196081 0.001105666 0.003826081 -0.006196081 0.001056909 0.001856088 -0.006196081 0.002213478 0.003314375 -0.006196081 0.002843081 0.002801656 -0.006196081 0.001785933 0.00114274 -0.006196081 0.003509938 0.001880645 -0.006196081 0.003887057 9.1035e-4 -0.006196081 0.002118885 2.7086e-4 -0.006196081 0.003988265 2.13602e-4 -0.006196081 0.003852605 -9.75209e-4 -0.006196081 0.00204122 -6.19247e-4 -0.006196081 0.003402233 -0.002082288 -0.006196081 0.001549899 -0.001465737 -0.006196081 0.00299108 -0.002654194 -0.006196081 0.001075267 -0.001860618 -0.006196081 7.45615e-4 -0.003930091 -0.006196081 -9.00905e-5 -0.00398159 -0.006196081 0.001030147 -0.003864049 -0.006196081 0.002718746 -0.002932548 -0.006196081 0.001401066 -0.003745555 -0.006196081 0.002420663 -0.003183066 -0.006024181 0.001876175 -0.003527402 -0.006196081 -0.001046717 -0.0038414 -0.006196081 -0.001811146 -0.003565371 -0.006196081 -0.002381801 -0.00319612 -0.006196081 -2.64948e-4 -0.002111554 -0.006196081 5.14596e-4 -0.002077162 -0.006196081 -0.001134157 -0.001813709 -0.005696058 -0.001907825 -9.21262e-4 -0.005696058 -0.00328648 -0.002255916 -0.005696058 -0.001390635 -0.001625418 -0.005696058 -0.002481758 -0.00312674 -0.005696058 -6.26179e-4 -0.002033472 -0.005696058 -0.001982569 -0.003472983 -0.005696058 1.3123e-4 -0.002145051 -0.005696058 5.66652e-4 -0.002065777 -0.005696058 -0.001724302 -0.003609478 -0.005696058 0.001075267 -0.001860618 -0.005696058 -0.00135076 -0.003755509 -0.005696058 -2.11299e-4 -0.003978371 -0.005696058 8.40841e-4 -0.003909647 -0.005696058 0.003116726 -0.002505421 -0.005696058 0.002926409 -0.002727031 -0.005696058 0.001217067 -0.003809332 -0.005696058 0.002718746 -0.002932548 -0.005696058 0.001581728 -0.003672897 -0.005696058 0.002420663 -0.003183066 -0.005696058 0.001392722 -0.001633822 -0.005696058 0.003575265 -0.001761853 -0.005696058 0.001917123 -9.0973e-4 -0.005696058 0.003904819 -8.00553e-4 -0.005696058 0.002141237 -1.5283e-4 -0.005696058 0.00399357 9.20442e-5 -0.005696058 0.002081573 4.79455e-4 -0.005696058 0.003907322 8.40178e-4 -0.005696058 0.003653705 0.001599788 -0.005696058 0.001589179 0.001412928 -0.005696058 0.00320822 0.002378702 -0.005696058 0.002347648 0.003210663 -0.005696058 8.24389e-4 0.001960933 -0.005696058 0.001339375 0.003760039 -0.005696058 5.62673e-4 0.003956615 -0.005696058 -2.48215e-5 0.002146363 -0.005696058 -1.16818e-4 0.003994762 -0.005696058 -8.85625e-4 0.003886163 -0.005696058 -6.50019e-4 0.002034664 -0.005696058 -0.00180149 0.003567457 -0.005696058 -0.001075983 0.001861155 -0.005696058 -0.002182006 0.003350794 -0.005696058 -0.002860784 0.002764105 -0.005696058 -0.003394007 0.002105295 -0.005696058 -0.003786802 0.001220405 -0.005696058 -0.003996193 1.75072e-4 -0.005696058 -0.001196622 0.001785933 -0.005696058 -0.003999948 -1.96994e-5 -0.005696058 -0.001312077 0.001702964 -0.005696058 -0.001473486 0.001563787 -0.005696058 -0.001730442 0.001270234 -0.005696058 -0.003980576 -3.59845e-4 -0.005696058 -0.001959204 8.70855e-4 -0.005696058 -0.002127528 1.42228e-4 -0.005696058 -0.00381124 -0.00116688 0.005403876 0.003664672 0.001594603 0.005403876 0.001964628 8.64994e-4 0.005403876 0.002096593 4.60746e-4 0.005403876 0.001696765 0.001301884 0.005403876 0.003470063 0.001986861 0.005403876 0.003059327 0.002559125 0.005403876 0.001182019 0.001782298 0.005403876 4.17946e-4 0.002094626 0.005403876 0.002355396 0.003226101 0.005403876 -5.50317e-4 0.002051591 0.005403876 0.001580953 0.003653526 0.005403876 6.19159e-4 0.0039438 0.005403876 -2.15953e-4 0.003975987 0.005403876 -0.001319348 0.003760814 0.005403876 -0.002152621 0.003367245 0.005403876 -0.001264393 0.001734614 0.005403876 -0.00251007 0.003114104 0.005403876 -0.002729892 0.00292176 0.005403876 -0.001581609 0.001451373 0.005403876 -0.003001153 0.002642393 0.005403876 -0.003325462 0.002216756 0.005403876 -0.001909911 9.69257e-4 0.005403876 -0.003740668 0.001367509 0.005403876 -0.002122282 2.43316e-4 0.005403876 -0.003982126 1.71367e-4 0.005403876 -0.003940284 -6.39493e-4 0.005403876 -0.001977264 -7.66277e-4 0.005403876 -0.003591001 -0.00172162 0.005403876 -0.003030717 -0.002599 0.005403876 -0.001470327 -0.001549899 0.005403876 -0.002528309 -0.003092229 0.005403876 -0.001859366 -0.003532528 0.005403876 -9.22955e-4 -0.001935541 0.005403876 -7.60492e-4 -0.003905653 0.005403876 -2.25502e-4 -0.002117216 0.005403876 1.80517e-4 -0.003994941 0.005403876 5.64346e-4 -0.002071499 0.005403876 8.00944e-4 -0.001995444 0.005403876 0.00265783 -0.002987861 0.005403876 0.003074645 -0.002545893 0.005403876 6.16001e-4 -0.003949224 0.005403876 0.002233862 -0.003314316 0.005403876 0.001138448 -0.003833532 0.005231976 0.001737892 -0.003597497 0.005403876 0.003587305 -0.001718401 0.005403876 0.003930807 -7.40708e-4 0.005403876 0.003986418 -1.35703e-4 0.005403876 0.001573741 -0.001444697 0.005403876 0.001117765 -0.001835405 0.005403876 0.001996397 -7.75832e-4 0.005403876 0.00213319 -1.91739e-4 0.005403876 0.003911316 7.81895e-4 0.005403876 9.31058e-4 -0.001938164 0.004903852 0.003737986 0.001414299 0.004903852 0.00204885 6.31508e-4 0.004903852 0.001869261 0.00105524 0.004903852 0.003968656 3.85364e-4 0.004903852 0.002123594 -2.1793e-4 0.004903852 0.001928091 -9.1978e-4 0.004903852 0.003984928 -3.06071e-4 0.004903852 0.001425027 -0.001596271 0.004903852 0.003930807 -7.40708e-4 0.004903852 0.001117765 -0.001835405 0.004903852 9.31058e-4 -0.001938164 0.004903852 8.00944e-4 -0.001995444 0.004903852 0.003827989 -0.001128375 0.004903852 0.00333476 -0.002179443 0.004903852 0.00265783 -0.002987861 0.004903852 1.80517e-4 -0.003994941 0.004903852 5.68188e-4 -0.003958463 0.004903852 0.002191901 -0.003339052 0.004903852 0.001091122 -0.003845095 0.004903852 4.95498e-4 -0.002089023 0.004903852 -6.90293e-4 -0.0039258 0.004903852 -3.98555e-4 -0.002084434 0.004903852 -0.001660645 -0.003623902 0.004903852 -0.001141667 -0.001818239 0.004903852 -0.002433359 -0.003168284 0.004903852 -0.001616656 -0.001396656 0.004903852 -0.002986073 -0.002656817 0.004903852 -0.00344932 -0.00200349 0.004903852 -0.002079069 -4.47966e-4 0.004903852 -0.003814637 -0.001183927 0.004903852 -0.003977715 1.82189e-6 0.004903852 -0.002069532 4.92891e-4 0.004903852 -0.003825485 0.001139938 0.004903852 -0.003525316 0.001882791 0.004903852 -0.001717567 0.001287639 0.004903852 -0.003154754 0.002453625 0.004903852 -0.002833366 0.002818584 0.004903852 -0.001429975 0.001600921 0.004903852 -0.00251007 0.003114104 0.004903852 -0.002275347 0.00328809 0.004903852 -0.001086294 0.001851379 0.004903852 -0.001545965 0.003673791 0.004903852 -6.1343e-4 0.00204879 0.004903852 -6.63713e-4 0.003938257 0.004903852 2.56539e-4 0.003977537 0.004903852 0.001118242 0.00383681 0.004903852 0.001859545 0.003532528 0.004903852 0.002355396 0.003226101 0.004903852 2.08456e-4 0.00212574 0.004903852 9.04555e-4 0.001937925 0.004903852 0.00303018 0.002598106 0.004903852 0.00148487 0.00153917 0.004903852 0.003492176 0.001943469 0.008947551 0.007884919 0.01767748 -0.001077592 0.007925152 0.01773267 -0.001077592 0.007844686 0.01762235 0.003934919 0.007771968 0.01750677 0.008947551 0.007583796 0.01706868 0.003934919 0.007650911 0.0172621 -0.001077592 0.007603228 0.01713413 -0.001077592 0.007564365 0.01700323 0.003934919 0.007534503 0.01686996 0.008947551 0.007508099 0.01666694 -0.001077592 0.007513821 0.01673495 -0.001077592 0.007502377 0.01659888 0.003934919 0.00750029 0.01646232 0.008947551 0.007515728 0.01625818 -0.001077592 0.007507503 0.01632595 -0.001077592 0.007524013 0.0161904 0.003934919 0.007549703 0.01605629 0.008947551 0.007930099 0.01526236 0.005188107 0.007810831 0.01542878 -0.001077592 0.00788784 0.015316 0.001428663 0.007972359 0.01520878 0.004686832 0.008064031 0.01510751 0.003934919 0.008406221 0.01482629 -0.001077592 0.008492887 0.01477175 0.008947551 0.008613169 0.01470708 -0.001077592 0.008613169 0.01470708 0.008947551 0.008801519 0.01462686 -0.001077592 0.008737564 0.0146507 -0.001077592 0.008865535 0.01460301 0.008947551 0.008996427 0.01456415 -0.001077592 0.008996427 0.01456415 0.008947551 0.009197175 0.01452392 -0.001077592 0.009129703 0.01453429 -0.001077592 0.009264707 0.01451361 0.004686832 0.009400784 0.01450216 0.008947551 0.009605526 0.01450365 -0.001077592 0.009537339 0.01450008 -0.002581357 0.009673714 0.01450729 0.004269123 0.009809255 0.0145238 0.008947551 0.0100094 0.01456689 -0.002915561 0.009943366 0.01454949 -0.001244664 0.01007544 0.0145843 0.008947551 0.01020479 0.01462805 -0.002247214 0.01020479 0.01462805 0.005188107 0.01033085 0.0146805 0.008947551 0.01051199 0.01477605 0.001428663 0.0104531 0.01474148 0.001428663 0.01057088 0.01481062 0.003934919 0.01068365 0.01488763 0.008947551 0.01093947 0.01511299 0.003934919 0.01079088 0.01497215 -0.001077592 0.01089209 0.01506382 -0.001077592 0.01098686 0.01516216 0.008947551 0.01107466 0.01526677 -0.001077592 0.01107466 0.01526677 0.008947551 0.01119154 0.01543492 -0.001077592 0.01115512 0.0153771 -0.001077592 0.0112279 0.01549267 0.003934919 0.01129257 0.01561295 0.008947551 0.01147568 0.01619696 0.003934919 0.0114355 0.01599621 -0.001077592 0.01146537 0.01612949 -0.001077592 0.01148605 0.01626449 0.003934919 0.01149749 0.01640057 0.008947551 0.01148408 0.01674127 0.003934919 0.01149958 0.01653712 -0.001077592 0.01149237 0.0166735 -0.001077592 0.01147586 0.01680904 0.003934919 0.01145017 0.01694315 0.008947551 0.01128864 0.0173918 0.005188107 0.01137161 0.01720458 0.001428663 0.01131916 0.0173307 4.26152e-4 0.01125818 0.01745289 0.005188107 0.01118904 0.01757067 0.008947551 0.01106977 0.01773703 0.001428663 0.01111203 0.01768344 -0.001077592 0.01102745 0.01779067 0.003600776 0.01093584 0.01789194 0.008947551 0.01044684 0.01826006 0.005188107 0.01062256 0.01815491 -0.001077592 0.01050698 0.01822769 -0.001077592 0.0103867 0.01829236 0.003934919 0.01026231 0.01834869 0.004686832 0.01010161 0.01840615 -0.002080142 0.01000344 0.01843529 0.008947551 0.009870171 0.01846516 -0.002581357 0.009870171 0.01846516 0.008947551 0.009735167 0.01848584 -0.002581357 0.009735167 0.01848584 0.005188107 0.009599089 0.01849728 0.008947551 0.00873202 0.01834517 0.005188107 0.008924424 0.01841515 4.26152e-4 0.008795022 0.0183714 4.26152e-4 0.008668959 0.01831895 0.004269123 0.008546769 0.01825797 0.008947551 0.008158326 0.01798146 0.003934919 0.008316218 0.01811182 -0.001077592 0.00820899 0.0180273 -0.001077592 0.008107721 0.01793563 0.003934919 0.00801301 0.01783728 -0.009766101 0.01119154 0.01543492 -0.009766101 0.01107466 0.01526677 -0.009766101 0.01093947 0.01511299 -0.009766101 0.01079088 0.01497215 -0.009766101 0.01062726 0.01484912 -0.009766101 0.01039201 0.01471096 -0.009766101 0.01020479 0.01462805 -0.009766101 0.0100094 0.01456689 -0.009766101 0.009741485 0.01451551 -0.009766101 0.009537339 0.01450008 -0.009766101 0.009332716 0.01450788 -0.009766101 0.009063065 0.01454919 -0.009766101 0.008801519 0.01462686 -0.009766101 0.008553028 0.01473939 -0.009766101 0.008322119 0.01488476 0.003934919 0.008266985 0.014925 -0.009766101 0.008162379 0.0150128 0.002681791 0.008162379 0.0150128 -0.009766101 0.008064031 0.01510751 -0.009766101 0.007930099 0.01526236 -0.009766101 0.007810831 0.01542878 -0.009766101 0.007741689 0.01554656 0.003934919 0.007741689 0.01554656 -0.009766101 0.007680714 0.01566874 0.005188107 0.007680714 0.01566874 -0.009766101 0.007606387 0.01585954 0.003183066 0.007628262 0.01579487 0.003183066 0.007584512 0.01592421 -0.009766101 0.007536828 0.01612335 -0.009766101 0.007503867 0.01639413 -0.009766101 0.007508099 0.01666694 -0.009766101 0.007534503 0.01686996 -0.009766101 0.007583796 0.01706868 -0.009766101 0.007679104 0.01732426 0.003934919 0.007707238 0.01738649 -0.009766101 0.007771968 0.01750677 -0.009766101 0.007884919 0.01767748 -0.009766101 0.008060336 0.01788645 -0.009766101 0.00820899 0.0180273 -0.009766101 0.008372604 0.01815032 0.003934919 0.00842899 0.01818883 -0.009766101 0.008607864 0.01828843 -0.009766101 0.008795022 0.0183714 -0.009766101 0.008924424 0.01841515 -0.009766101 0.009056448 0.01844996 0.004269123 0.009056448 0.01844996 -0.009766101 0.009258389 0.01848393 0.004937469 0.009190618 0.01847565 0.003934919 0.009326159 0.01849216 -0.009766101 0.009462535 0.01849937 0.004686832 0.009462535 0.01849937 -0.009766101 0.009667098 0.01849156 -0.009766101 0.009936809 0.01845026 -0.009766101 0.01019829 0.01837259 -0.009766101 0.01044684 0.01826006 -0.009766101 0.01067769 0.01811468 0.004603266 0.01073288 0.01807445 -0.009766101 0.01083749 0.01798665 0.003350138 0.01083749 0.01798665 -0.009766101 0.01098167 0.01784127 -0.009766101 0.01111203 0.01768344 -0.009766101 0.01122361 0.01751178 -0.009766101 0.01131916 0.0173307 -0.009766101 0.01137161 0.01720458 -0.009766101 0.01141536 0.01707524 0.003934919 0.01141536 0.01707524 -0.009766101 0.01145017 0.01694315 -0.009766101 0.01148408 0.01674127 -0.009766101 0.01149958 0.01653712 -0.009766101 0.01149749 0.01640057 -0.009766101 0.01147568 0.01619696 -0.009766101 0.0114355 0.01599621 -0.009766101 0.0113728 0.01580131 0.005188107 0.01139664 0.01586532 0.005188107 0.0113489 0.01573735 -0.009766101 0.01129257 0.01561295 -0.01024782 0.008049547 0.01765149 -0.01032239 0.007802009 0.01708835 -0.01024782 0.007652342 0.01675456 -0.0102964 0.0077039 0.01622039 -0.01026225 0.007840752 0.01565784 -0.0102989 0.00807327 0.01536518 -0.01024782 0.008602201 0.01488614 -0.01030623 0.009278833 0.01473158 -0.01025664 0.009857296 0.01467889 -0.01027786 0.0105763 0.01501274 -0.01029419 0.01109534 0.01561522 -0.01024782 0.01131474 0.01604986 -0.01024782 0.01136332 0.01649105 -0.01025581 0.01126211 0.01708275 -0.01024782 0.01095622 0.0176649 -0.01031601 0.01077824 0.01774787 -0.01026546 0.01031619 0.01816368 -0.01026147 0.009697854 0.01833713 -0.01029819 0.009010136 0.01825243 -0.01028746 0.00845313 0.01798117 0.009132266 0.007803559 0.01745253 0.009194135 0.008142709 0.01787996 0.009160816 0.008452892 0.01814109 0.009163975 0.008761942 0.01830053 0.009242534 0.009281516 0.01840585 0.009105384 0.009762346 0.01844316 0.009193301 0.01031559 0.01824891 0.009234309 0.01082259 0.01789259 0.00917989 0.01116651 0.01747506 0.009100556 0.01138716 0.01703464 0.009325623 0.01137536 0.01655697 0.009100556 0.01145291 0.01631271 0.009160816 0.01133638 0.01585912 0.009163975 0.01117831 0.01551485 0.009163975 0.01089489 0.0151475 0.009162366 0.01046502 0.01481354 0.009163975 0.01003068 0.01462811 0.009354054 0.009704053 0.01463925 0.009248197 0.009069383 0.0146383 0.009133875 0.008346736 0.01492702 0.009167194 0.008039772 0.01521712 0.009100556 0.007797181 0.01553016 0.009167194 0.007653594 0.01588582 0.009230673 0.007596433 0.01621639 0.009165942 0.007576406 0.01674622 0.009540915 0.01049649 0.01505422 0.009562194 0.008633553 0.01499736 0.00955832 0.007875144 0.01581752 0.009540915 0.00788182 0.01719653 0.009529829 0.008647501 0.01808249 0.009550392 0.009909391 0.01817637 0.009554922 0.01109683 0.01722681 0.009558737 0.01117175 0.01591032 0.009603857 0.00932914 0.01684904 -0.01039594 0.009404361 0.01699274 -0.01036 0.01124054 0.0164479 -0.01037549 0.00984323 0.01818424 -0.001871645 0.0144999 0.0423603 0.001081407 0.0144999 0.04256564 0.001009047 0.0144999 0.04199016 -0.001608669 0.0144999 0.04164057 6.46495e-4 0.0144999 0.04143619 -0.001236855 0.0144999 0.04126143 5.62966e-5 0.0144999 0.0410782 -6.80988e-4 0.0144999 0.04104971 -0.001798093 0.0144999 0.04299253 -9.31416e-4 0.0144999 0.04388898 -3.2188e-4 0.0144999 0.04398965 -0.001472711 0.0144999 0.04352372 1.95607e-4 0.0144999 0.04386979 6.1455e-4 0.0144999 0.04358381 9.72046e-4 0.0144999 0.04310667 -0.002384424 0.01399993 0.04229533 -0.002379834 0.01399993 0.04270362 -0.002309322 0.01399993 0.04192823 -0.002153038 0.01399993 0.04155093 -0.001966357 0.01399993 0.0412662 -0.001761198 0.01399993 0.04103803 -0.001575291 0.01399993 0.0408883 -0.001254558 0.01399993 0.04069465 -8.68264e-4 0.01399993 0.04056227 -3.28031e-4 0.01399993 0.04050672 1.07973e-5 0.01399993 0.04054152 2.08562e-4 0.01399993 0.04059451 4.62351e-4 0.01399993 0.04069465 7.83105e-4 0.01399993 0.0408883 0.001039683 0.01399993 0.04111206 0.001237809 0.01399993 0.04134637 0.001392245 0.01399993 0.04161149 0.001488387 0.01399993 0.04182994 0.001565515 0.01399993 0.04212695 0.001599192 0.01399993 0.04236322 0.001593351 0.01399993 0.04267001 0.001535534 0.01399993 0.04300552 0.00143826 0.01399993 0.04329651 0.00134617 0.01399993 0.04347938 0.001237809 0.01399993 0.04365307 0.001039683 0.01399993 0.04388737 8.11653e-4 0.01399993 0.04409241 6.43053e-4 0.01399993 0.04420858 2.87035e-4 0.01399993 0.04437142 -5.64921e-5 0.01399993 0.04446947 -4.30236e-4 0.01399993 0.04449623 -7.35737e-4 0.01399993 0.04446947 -0.001000761 0.01399993 0.04440492 -0.001373469 0.01399993 0.04423797 -0.001709699 0.01399993 0.04400628 -0.001966357 0.01399993 0.04373323 -0.002138376 0.01399993 0.04347938 -0.002230525 0.01399993 0.04329651 -0.002301275 0.01399993 0.04310441 -0.00239259 0.008699953 0.04246562 -0.00239259 0.01134991 0.04246562 -0.002365827 0.008699953 0.04216009 -0.002365827 0.01134991 0.04216009 -0.00226587 0.008699953 0.041799 -0.00226587 0.01134991 0.041799 -0.002138376 0.008699953 0.04152005 -0.002138376 0.01134991 0.04152005 -0.001930952 0.008699953 0.04122918 -0.001966357 0.01134991 0.0412662 -0.001761198 0.01134991 0.04103803 -0.00165826 0.008699953 0.04094827 -0.00165826 0.01134991 0.04094827 -0.001404285 0.008699953 0.04077613 -0.001404285 0.01134991 0.04077613 -0.001032531 0.008699953 0.04060709 -0.001129388 0.01134991 0.04064023 -8.69367e-4 0.01134991 0.04055774 -7.01775e-4 0.008699953 0.04052644 -6.00524e-4 0.01134991 0.04051136 -2.9391e-4 0.008699953 0.04050552 -3.27872e-4 0.01134991 0.04050207 -5.64921e-5 0.01134991 0.04052996 7.7138e-5 0.008699953 0.04055774 1.43479e-4 0.01134991 0.04057389 3.37166e-4 0.008699953 0.04064023 3.37166e-4 0.01134991 0.04064023 6.7039e-4 0.008699953 0.04081159 5.83534e-4 0.01134991 0.04075741 8.90322e-4 0.01134991 0.04097253 9.17526e-4 0.008699953 0.04099315 0.001131057 0.008699953 0.04121327 0.001110374 0.01134991 0.04118609 0.001237809 0.01134991 0.04134637 0.001404762 0.008699953 0.04164326 0.001360833 0.01134991 0.04155093 0.001488387 0.01134991 0.04182994 0.001569032 0.008699953 0.04216086 0.001551687 0.01134991 0.04206013 0.001599192 0.01134991 0.04236322 0.001603841 0.008699953 0.04249972 0.00159806 0.01134991 0.04260194 0.001577138 0.008699953 0.04280537 0.001535534 0.01134991 0.04300552 0.001473665 0.008699953 0.04320043 0.00143826 0.01134991 0.04329651 0.00134617 0.008699953 0.04347938 0.001379609 0.01134991 0.04341983 0.001275241 0.01134991 0.04359596 0.001196563 0.008699953 0.04370748 0.001086235 0.01134991 0.04383748 9.91542e-4 0.008699953 0.04393553 8.66061e-4 0.01134991 0.04405117 7.00149e-4 0.008699953 0.04417109 7.00149e-4 0.01134991 0.04417109 5.24015e-4 0.008699953 0.04427552 5.24015e-4 0.01134991 0.04427552 2.40322e-4 0.008699953 0.04439234 2.40322e-4 0.01134991 0.04439234 -1.58061e-4 0.008699953 0.04448229 -5.64921e-5 0.01134991 0.04446947 -4.30236e-4 0.01134991 0.04449623 -6.00047e-4 0.008699953 0.04448342 -7.35737e-4 0.01134991 0.04446947 -0.001032531 0.008699953 0.04439234 -9.35708e-4 0.01134991 0.04442554 -0.001129388 0.01134991 0.0443592 -0.001489818 0.008699953 0.04416722 -0.001404285 0.01134991 0.0442233 -0.001709699 0.01134991 0.04400628 -0.001831889 0.008699953 0.04388737 -0.001902639 0.01134991 0.04381334 -0.002067446 0.008699953 0.04359596 -0.002067446 0.01134991 0.04359596 -0.002213716 0.008699953 0.04332643 -0.002201199 0.01134991 0.0433582 -0.002280592 0.01134991 0.04316949 -0.002343893 0.008699953 0.0429393 -0.00235778 0.01134991 0.04287248 -0.001194179 0.00849992 0.04249972 -0.002135515 0.00849992 0.04266208 -0.001456975 0.00849992 0.04188722 -0.002023518 0.00849992 0.04177302 -0.001304328 0.00849992 0.04100471 -7.95152e-4 0.00849992 0.04180854 -3.96115e-4 0.00849992 0.04127472 -2.83055e-4 0.00849992 0.0407114 6.17932e-4 0.00849992 0.04104089 2.92245e-6 0.00849992 0.04180854 6.64766e-4 0.00849992 0.04188722 0.001272916 0.00849992 0.04205214 4.0196e-4 0.00849992 0.04249972 6.64766e-4 0.00849992 0.04311221 0.001149833 0.00849992 0.04330414 2.92245e-6 0.00849992 0.04319089 4.33521e-4 0.00849992 0.04408127 -3.96115e-4 0.00849992 0.04372471 -6.37139e-4 0.00849992 0.04423844 -7.95152e-4 0.00849992 0.04319089 -0.001617491 0.00849992 0.04380059 -0.001456975 0.00849992 0.04311221 2.92245e-6 0.00999993 0.04319089 -3.96115e-4 0.00999993 0.04372471 6.64766e-4 0.00999993 0.04311221 4.0196e-4 0.00999993 0.04249972 6.64766e-4 0.00999993 0.04188722 2.92245e-6 0.00999993 0.04180854 -3.96115e-4 0.00999993 0.04127472 -7.95152e-4 0.00999993 0.04180854 -0.001456975 0.00999993 0.04188722 -0.001194179 0.00999993 0.04249972 -0.001456975 0.00999993 0.04311221 -7.95152e-4 0.00999993 0.04319089</float_array>
          <technique_common>
            <accessor source="#inner_finger-mesh-positions-array" count="4891" stride="3">
              <param name="X" type="float"/>
              <param name="Y" type="float"/>
              <param name="Z" type="float"/>
            </accessor>
          </technique_common>
        </source>
        <source id="inner_finger-mesh-normals">
          <float_array id="inner_finger-mesh-normals-array" count="26115">-0.005582511 -0.9998824 -0.01429265 -7.67655e-4 -0.9956351 -0.09332805 -3.00127e-4 -0.971911 -0.2353484 -0.007936418 -0.9408686 -0.3386789 2.55794e-4 -0.8958086 -0.44444 -3.26208e-4 -0.7856304 -0.6186961 -0.003343582 -0.804985 -0.5932859 0.001031041 -0.6611897 -0.750218 -0.003086924 -0.6015978 -0.7987933 0.001201033 -0.5208258 -0.8536623 -0.003652632 -0.3776764 -0.9259305 5.48425e-4 -0.3191671 -0.9476983 -5.18653e-4 -0.1689013 -0.9856329 -0.001248776 -0.1797468 -0.9837121 5.10604e-4 0.02421689 -0.9997066 -0.003070116 0.07875049 -0.9968897 0.002066195 0.2377161 -0.9713325 -0.002507805 0.3036149 -0.9527916 0.002735137 0.4617474 -0.8870074 -0.002293944 0.5455573 -0.8380705 0.001346707 0.6240466 -0.781386 -0.004570722 0.741867 -0.6705316 -0.00160551 0.7700101 -0.6380298 3.65922e-5 0.853665 -0.5208227 -0.007317245 0.9087932 -0.4171829 -0.001448512 0.9417923 -0.3361926 -6.6429e-5 0.980314 -0.1974451 -0.003638029 0.9897311 -0.1428962 -3.50416e-4 0.9990484 -0.0436173 -3.49755e-4 0.9973574 0.07265031 -0.001010894 0.9962977 0.08596515 0.001350224 0.9719233 0.2352944 -0.003217697 0.950627 0.310319 0.001634001 0.9046176 0.426221 -0.006728231 0.8239037 0.56669 -0.001155018 0.7814213 0.6240028 -4.26439e-4 0.6611483 0.7502552 -0.003294646 0.6298253 0.7767299 6.50505e-4 0.5125519 0.8586561 -0.00209707 0.4011409 0.916014 -7.43382e-4 0.3826826 0.9238796 -4.65287e-4 0.2164403 0.9762958 -8.14249e-4 0.2111512 0.9774532 4.2032e-4 0.07264977 0.9973574 -0.001663804 0.02151626 0.9997672 0.001583874 -0.1112548 0.9937908 -0.003218233 -0.2064447 0.978453 0.001426994 -0.3007045 0.9537163 -0.004524528 -0.4597816 0.8880205 -1.85991e-4 -0.5034432 0.8640284 -9.10631e-4 -0.6755905 0.7372766 -3.74424e-4 -0.6698659 0.742482 3.99757e-4 -0.8049903 0.593288 -0.004241943 -0.842393 0.538847 0.001135647 -0.9079819 0.4190078 -0.006169199 -0.9584246 0.2852793 -0.001445174 -0.9762961 0.216435 -0.001349806 -0.9973564 0.07265359 9.34704e-4 0.9998966 -0.01435458 -1.94347e-5 0.9990482 -0.04362231 5.81262e-5 0.9769523 -0.2134581 0.001378715 0.9803131 -0.1974449 4.25093e-4 0.941794 -0.3361903 0.007063806 0.8900051 -0.4558959 0.001199185 0.8536633 -0.5208239 5.04324e-4 0.770011 -0.6380305 0.00504297 0.7123322 -0.7018244 -0.001235961 0.6240478 -0.7813853 0.001749694 0.5089951 -0.8607677 -0.001927316 0.4617483 -0.887009 0.001144826 0.2623431 -0.9649741 -9.65574e-4 0.2377164 -0.9713341 0.002228796 0.03579235 -0.9993568 0.00128138 0.02421689 -0.9997059 -2.9051e-4 -0.1797459 -0.983713 0.001310884 -0.2111497 -0.9774529 -0.001282095 -0.319167 -0.9476977 0.004101157 -0.4171621 -0.9088228 -0.001362025 -0.5208237 -0.8536632 0.002529382 -0.6354096 -0.7721713 1.66477e-4 -0.66119 -0.7502185 0.001082301 -0.804989 -0.5932888 0.00363779 -0.8239187 -0.5666965 -0.001373291 -0.8958078 -0.4444395 0.003977239 -0.9483632 -0.3171617 -0.001022696 -0.9719096 -0.2353525 0.001023948 -0.994475 -0.1049689 3.49195e-4 -0.9956349 -0.09333378 3.49676e-4 -0.9973573 0.07265365 0.002945184 -0.9921705 0.1248562 -7.71403e-4 -0.9762968 0.2164351 0.003057956 -0.9338221 0.3577249 -0.001700758 -0.9079812 0.4190074 0.001178383 -0.8345909 0.550869 -0.001618981 -0.8049871 0.5932902 0.001186966 -0.7146742 0.6994565 -0.001260042 -0.6755903 0.7372763 0.002416372 -0.5368462 0.8436767 -5.72963e-4 -0.5034431 0.8640283 0.002552092 -0.3007027 0.9537146 -4.88089e-4 -0.3307027 0.9437349 -7.64967e-4 -0.06842607 0.9976559 0.003115653 -0.1112539 0.9937871 1.28794e-4 0.07265007 0.9973575 0.001084566 0.1013031 0.9948551 -0.001686692 0.21644 0.9762945 3.09883e-4 0.2622749 0.9649932 -5.24795e-4 0.3826836 0.9238795 4.34496e-4 0.397542 0.9175839 -2.96584e-4 0.5125505 0.8586571 0.001582324 0.548843 0.8359239 -0.001422166 0.6611488 0.7502534 0.002278268 0.7119216 0.7022554 -0.001536726 0.7814198 0.6240038 0.003585219 0.8587732 0.5123435 -0.002252876 0.9046165 0.4262205 0.001441538 0.9491267 0.3148912 -0.002064406 0.9719221 0.2352941 0.001390516 0.9916763 0.1287493 -4.83627e-4 0.9973574 0.07265031 -1 0 0 -1 3.47078e-7 0 -1 9.41655e-7 0 -1 -3.42782e-7 0 -1 -6.83193e-7 0 -1 1.41286e-6 0 -1 -2.06193e-7 0 -1 -9.06546e-7 0 -1 -4.31835e-7 0 -1 6.37577e-7 0 -1 1.06009e-6 0 -1 -2.51245e-6 0 -1 2.80859e-6 0 -1 1.88467e-6 0 -1 -2.44246e-6 0 -1 3.45232e-6 0 -1 1.13138e-5 0 -1 -6.68604e-7 0 -1 -1.76511e-7 0 -1 3.29351e-7 0 -1 -7.44461e-7 0 -1 -1.29518e-6 0 -1 -8.8416e-7 0 -1 -7.25525e-7 0 -1 9.09035e-7 0 -1 -6.55692e-7 0 -1 2.89111e-7 0 -1 4.05423e-7 0 -1 4.80894e-7 0 -1 -2.42839e-7 0 -1 -1.81901e-6 0 -1 1.62157e-6 0 -1 1.08702e-6 0 -1 -1.27197e-6 0 -1 -1.11349e-6 0 -1 -2.74016e-7 0 -1 -9.10756e-7 0 -1 1.38202e-6 0 -1 6.83406e-7 0 -1 1.28614e-6 0 -1 0 0 -1 2.29912e-7 0 -1 1.22952e-6 0 -1 -1.24048e-6 0 -1 -4.64142e-6 0 -1 4.61343e-6 0 -1 -3.82995e-6 0 -1 9.6487e-7 0 -1 2.3071e-6 0 -1 -1.28551e-6 0 -1 3.60721e-7 0 -1 -3.20177e-7 0 -1 1.03938e-5 0 -1 -7.19993e-7 0 -1 1.79355e-6 0 -1 -1.96251e-7 0 -1 -1.38897e-6 0 -1 3.69373e-7 0 -1 2.89981e-6 0 -1 -2.67368e-6 0 -1 2.70628e-6 0 -1 -1.313e-6 0 -1 2.47998e-6 0 -1 -2.47974e-6 0 -1 1.90545e-6 0 -1 -2.05938e-6 0 -1 8.88559e-7 0 -1 -1.34865e-6 0 -1 3.52229e-6 0 -1 -4.09932e-6 0 -1 9.39661e-6 0 -1 -4.18626e-6 0 -1 -2.38604e-6 0 -1 1.11536e-6 0 -1 -5.40431e-7 0 -1 -7.41389e-7 0 -1 6.02985e-7 0 -1 2.22644e-7 0 -1 7.68639e-7 0 -1 -4.0355e-6 0 -1 3.42555e-6 0 -1 -5.57307e-6 0 -1 -3.39793e-6 0 -1 -6.41082e-6 0 -1 -1.09383e-5 0 -1 6.99342e-7 0 -1 1.77428e-6 0 -1 -7.13028e-7 0 -1 -1.23655e-5 0 0 -0.999417 0.03414243 0.002634823 -0.9983757 0.05691301 -0.00373125 -0.9754644 0.2201259 0.001837253 -0.9637504 0.2667995 -0.001837253 -0.915966 0.4012516 0 -0.9094814 0.4157449 0 -0.8484933 0.5292062 0.002797544 -0.8484899 0.5292043 2.6717e-4 -0.8579578 0.5137203 0.002044796 -0.9921656 -0.1249132 -0.004387736 -0.9854502 -0.1699082 0.001464545 -0.9484481 -0.316929 -0.001464545 -0.935732 -0.3527089 0.003192484 -0.8864706 -0.462774 -5.97567e-6 -0.8716602 -0.4901106 6.27903e-7 -0.8103578 -0.5859355 0 -0.8103508 -0.5859451 0 -0.7537137 -0.657203 -0.001215755 -0.7177634 -0.6962861 -1.30361e-4 -0.6908306 -0.7230167 -6.50355e-4 -0.6222134 -0.7828474 -9.54627e-4 -0.6162462 -0.7875531 2.60641e-4 -0.5292792 -0.8484478 -7.8152e-4 -0.4901098 -0.8716605 7.81503e-4 -0.4294834 -0.9030745 -7.81485e-4 -0.3668541 -0.9302782 7.8152e-4 -0.3025144 -0.9531446 -7.8159e-4 -0.2367641 -0.9715669 7.81485e-4 -0.1699102 -0.9854593 -2.60571e-4 -0.124878 -0.9921721 5.21235e-4 -0.05687808 -0.998381 0 -0.03414088 -0.999417 0 0.03414088 -0.9994171 0 0.03414088 -0.999417 0 0.1248781 -0.9921721 0 0.124878 -0.9921722 0 0.2145906 -0.9767042 -0.001301825 0.2514649 -0.9678655 0 0.3241291 -0.9460129 -0.001561343 0.4088183 -0.9126145 0 0.3809401 -0.9245998 0 0.4901099 -0.8716607 -0.001215815 0.535689 -0.8444145 -1.30315e-4 0.5673416 -0.8234826 -6.50356e-4 0.6398792 -0.7684752 0 0.6273106 -0.7787693 0 0.7071059 -0.7071078 -5.21281e-4 0.7230167 -0.6908304 2.60629e-4 0.7684758 -0.6398789 -2.60641e-4 0.7828469 -0.6222143 5.21304e-4 0.8234828 -0.5673412 -0.001215755 0.8641157 -0.503292 -1.30307e-4 0.8825898 -0.4701439 -6.50367e-4 0.9216879 -0.3879319 -9.54611e-4 0.9246099 -0.3809145 2.60649e-4 0.959783 -0.280743 -2.60632e-4 0.9659268 -0.2588155 5.2128e-4 0.981337 -0.1922956 0 0.9854599 -0.1699084 0 0.9947574 -0.1022636 -0.001215755 0.9987825 -0.04931503 -1.30305e-4 0.9999352 -0.01138687 -6.50372e-4 0.996827 0.0795964 -9.54592e-4 0.9961927 0.08717453 2.60661e-4 0.9813376 0.1922928 -0.00149101 0.963751 0.2667995 0 0.9531447 0.3025147 -6.50367e-4 0.9126152 0.4088192 0 0.9191368 0.3939386 0 0.8716609 0.4901095 0 0.87166 0.4901112 0 0.8234834 0.5673404 0 0.8234826 0.5673415 0 0.768476 0.6398786 -0.001846432 0.7329546 0.6802751 -1.3032e-4 0.6908303 0.723017 -6.50356e-4 0.6222145 0.7828466 -9.54626e-4 0.6162457 0.7875535 0 0.5484527 0.8361817 -0.001004278 0.4730095 0.8810567 0 0.4901103 0.8716605 0 0.3879314 0.9216883 -0.001846373 0.3378089 0.941213 -1.30344e-4 0.2807436 0.9597828 -6.50449e-4 0.1922946 0.9813371 -9.54564e-4 0.1848294 0.9827702 2.70692e-4 0.07872515 0.9968964 -2.93247e-4 0.05687808 0.9983811 6.11924e-4 -0.01336658 0.9999105 0 -0.03414088 0.9994171 0 -0.1022642 0.9947574 0 -0.1022641 0.9947573 0 -0.16991 0.9854597 0 -0.16991 0.9854597 0 -0.2367649 0.9715671 -6.70159e-4 -0.2588155 0.9659266 3.35139e-4 -0.3241289 0.9460129 -0.001917064 -0.3955453 0.9184445 0 -0.4294833 0.9030748 -7.16803e-4 -0.5273091 0.8496733 -0.001227319 -0.5357127 0.8443995 0 -0.604237 0.7968048 -0.001405537 -0.6775381 0.7354864 0 -0.657204 0.7537127 0 -0.73856 0.6741878 -0.001004755 -0.7537127 0.6572035 1.4096e-6 -0.7968651 0.6041573 -0.00176233 -0.8361806 0.5484514 0.002295136 -0.9854573 -0.1699086 -0.002633452 -0.9854563 -0.1699093 0.002633452 -0.9715635 -0.2367644 -0.003511071 -0.9364056 -0.350902 0.002077221 -0.9159657 -0.4012513 -0.002340793 -0.8641581 -0.503215 0.002208709 -0.8641586 -0.5032148 -2.3412e-4 -0.8515471 -0.5242781 -0.009729862 -0.9711638 -0.2382149 0.006239116 -0.9363933 -0.350897 -0.003135561 -0.9046605 -0.4261215 -1.08364e-5 -0.8050497 -0.5932074 4.73981e-4 -0.7968522 -0.6041741 9.93471e-5 -0.7862988 -0.6178466 0 -0.7774053 -0.6290001 -3.60724e-4 -0.7849787 0.6195226 -3.71112e-4 -0.7852787 0.6191423 -9.75229e-4 -0.788218 0.6153953 1.08208e-5 -0.8050463 0.5932121 -4.15924e-6 -0.7776065 -0.6287513 -0.001168012 -0.8086617 -0.5882729 -7.97448e-4 -0.8073233 -0.5901091 0.001883506 -0.8580535 -0.5135569 -0.005211055 -0.8864629 -0.4627703 0.005172371 -0.935314 -0.3537809 -3.82519e-4 -0.9484494 -0.3169285 0.01073914 -0.9921104 -0.1249062 0.001729428 -0.9882622 -0.1527573 -2.68993e-4 -0.996765 0.08037155 0.007230997 -0.9983531 0.0569123 -0.001729071 -0.9637506 0.2667995 8.75515e-4 -0.9604055 0.2786048 -0.001895785 -0.9062271 0.4227873 -8.15909e-4 -0.9094812 0.4157445 3.95175e-4 0.7858271 -0.6184462 0.006097018 -0.6989755 0.7151197 -1.19244e-6 -0.7968702 0.6041505 0.001174211 -0.823482 0.5673413 -0.001170635 -0.8484935 0.5292046 5.86454e-4 -0.8825889 0.4701454 -0.0040977 -0.9216663 0.3879619 0.004485011 -0.9508053 0.3097572 -0.002485215 -0.9767085 0.2145558 0.003762662 -0.9900104 0.140944 -0.003354787 -0.9999896 0.003112375 0.002794802 -0.9978724 -0.06513845 -6.72744e-4 -0.8147251 0.579847 -3.46938e-4 -0.8484927 0.5292072 -0.002264618 -0.8596945 0.5108038 0.004070162 -0.9216665 0.3879617 -0.001121044 -0.9323866 0.3614612 -0.001717209 -0.9767103 0.2145556 -0.002389907 -0.9772545 0.2120564 0.002375185 -0.9994974 -0.03161591 -0.008905172 -0.9999555 0.003109216 0 0.9999883 0.004860758 8.36231e-4 0.9999348 -0.01138728 1.67574e-4 0.996827 0.07960003 0.001563131 0.9930886 0.117358 -6.7022e-4 0.981337 0.192295 7.81584e-4 0.9576288 0.2880044 0 0.953145 0.302514 8.91754e-4 0.9094811 0.4157444 0.001338839 0.9126141 0.4088199 0 0.8716614 0.4901088 0.001227319 0.8277709 0.561065 8.36232e-4 0.8234829 0.5673406 1.6754e-4 0.768476 0.6398786 0.002373993 0.7287071 0.6848214 0 0.6908298 0.7230175 0 0.6222151 0.7828465 0 0.622215 0.7828465 0 0.5292791 0.8484479 0.001004874 0.5484519 0.8361817 -3.19902e-4 0.4710578 0.8821023 8.7919e-4 0.4294834 0.9030745 -3.19844e-4 0.386977 0.9220894 0.001227319 0.2880307 0.9576205 8.36231e-4 0.2807435 0.9597825 1.6763e-4 0.1922947 0.9813373 0.001563131 0.1549243 0.9879252 -6.11978e-4 0.08157175 0.9966673 2.93195e-4 0.01138675 0.9999352 -2.70644e-4 -0.01051092 0.9999448 5.21328e-4 -0.07959818 0.9968269 0 -0.16991 0.9854596 0 -0.1699101 0.9854596 0 -0.2367648 0.9715671 0 -0.2367647 0.971567 0 -0.324129 0.946013 0 -0.324129 0.946013 0 -0.4431239 0.8964605 8.90892e-4 -0.4275286 0.9040015 1.4363e-4 -0.5296733 0.8482019 0.001215755 -0.5610874 0.8277558 0 -0.6042368 0.7968049 0 -0.6741874 0.7385604 0 -0.6741874 0.7385604 0 -0.7537126 0.6572041 0.001004278 -0.7407467 0.6717837 0 0.9947572 -0.1022661 0.001563131 0.9879252 -0.1549237 1.67544e-4 0.9813372 -0.192295 8.36186e-4 0.9597824 -0.2807438 0 0.9642177 -0.2651116 0 0.9216876 -0.3879328 0 0.9216884 -0.3879312 0 0.8825886 -0.4701461 0.001673698 0.8641292 -0.5032672 0 0.8234838 -0.5673398 0.002007544 0.7684742 -0.6398776 0 0.7875367 -0.6162678 0 0.7071071 -0.7071065 0.001563191 0.6685732 -0.7436448 1.67555e-4 0.6398797 -0.7684752 8.36232e-4 0.5673411 -0.8234826 0 0.5806446 -0.8141573 0 0.4901095 -0.871661 0 0.4901101 -0.8716605 0 0.4088193 -0.9126154 0 0.4088188 -0.9126155 0 0.3241289 -0.9460129 0.001004755 0.3025143 -0.9531444 -3.3514e-4 0.2145906 -0.9767041 0.001004755 0.1699103 -0.985459 -3.3502e-4 0.124878 -0.9921721 0.001004695 0.03414088 -0.9994166 0.001004755 0.03414058 -0.9994166 -3.3502e-4 -0.05687808 -0.9983811 0.001004755 -0.1022639 -0.9947568 -0.001004755 -0.1699102 -0.9854591 0.001917064 -0.2667994 -0.9637503 0 -0.3025146 -0.9531448 0.00100243 -0.4294832 -0.9030744 0.00100243 -0.4294832 -0.9030743 1.6751e-4 -0.5292791 -0.8484479 0.004344522 -0.6222079 -0.78284 0.001126945 -0.5905323 -0.8070132 1.67599e-4 -0.6908301 -0.7230172 0.002289772 -0.7313921 -0.6819534 0.002555251 -0.7329531 -0.6802744 -1.97857e-6 -0.7968525 -0.604174 0.00176233 -0.8361807 -0.5484513 0 -0.9983811 -0.05687963 0 -0.9983811 -0.05687963 0 -0.9973254 0.07308924 0.001269757 -0.9961945 0.08714932 -0.001270115 -0.9827654 0.1848532 0.002148151 -0.9750421 0.2220099 -5.86703e-4 -0.9460129 0.3241285 0.002538442 -0.9246084 0.3809108 -8.79369e-4 -0.9030738 0.4294845 0.00234121 -0.864157 0.503217 -0.002208769 -0.8641555 0.50322 2.33819e-4 -0.8515484 0.5242759 0 -0.9797122 -0.2004097 -0.002044558 -0.9767097 -0.2145553 -1.95011e-4 -0.9357313 -0.3527135 -0.005535185 -0.9161441 -0.400811 8.75301e-4 -0.8716883 -0.49006 -0.008130371 -0.7335573 -0.6795791 -1.15804e-4 -0.8277602 -0.5610822 8.1836e-5 -0.7398084 -0.6728177 0 -0.7385598 -0.674188 0 -0.6741876 -0.7385602 -0.001674175 -0.645695 -0.7635937 -2.39474e-7 -0.5859472 -0.8103494 -0.002007663 -0.5098233 -0.8602768 0 -0.5356941 -0.8444122 0 -0.4294869 -0.9030731 -6.70512e-4 -0.4088149 -0.9126172 3.19559e-4 -0.3465518 -0.9380308 -2.92934e-4 -0.3241307 -0.9460123 6.11321e-4 -0.2569035 -0.9664369 0 -0.2367665 -0.9715667 0 -0.1699048 -0.9854605 0 -0.1699048 -0.9854605 0 -0.1022677 -0.994757 -6.70034e-4 -0.07959419 -0.9968271 3.34779e-4 -0.01138103 -0.9999353 -3.35261e-4 0.01138108 -0.9999352 6.11795e-4 0.07564502 -0.9971346 -8.93392e-4 0.140987 -0.990011 -1.86254e-7 0.1922951 -0.9813372 -0.001561522 0.2807407 -0.9597825 0 0.2514899 -0.9678599 0 0.3879316 -0.9216883 0 0.3879325 -0.9216879 0 0.4701434 -0.8825901 -0.001004934 0.4901128 -0.8716585 3.20014e-4 0.5664876 -0.8240703 -8.78745e-4 0.6042347 -0.7968059 3.1979e-4 0.6406694 -0.767817 -0.001338601 0.7230212 -0.6908246 0.001339077 0.6908315 -0.7230147 -3.3478e-4 0.7684736 -0.6398814 3.3526e-4 0.7828492 -0.6222114 -0.001004517 0.8361755 -0.5484611 -0.001673877 0.8444019 -0.5357077 2.39472e-7 0.8825885 -0.4701465 -0.002006769 0.9216876 -0.387928 0 0.9094914 -0.4157231 0 0.9597809 -0.28075 0 0.9597837 -0.2807406 0 0.9813365 -0.1922982 -0.001673698 0.9879209 -0.1549503 0 0.9968273 -0.07959657 -0.002007365 0.9999333 0.01137959 0 0.9998204 -0.01895546 0 0.9921723 0.124877 0 0.9921723 0.124877 0 0.9767025 0.2145981 -0.002373874 0.9637503 0.2667956 -1.6742e-4 0.9460142 0.3241251 -8.36233e-4 0.9126124 0.408825 -0.002885758 0.8956 0.4448511 -1.49583e-4 0.8600347 0.5102357 -7.47173e-4 0.808929 0.587906 0 0.8197619 0.5727044 0 0.7385594 0.6741885 0 0.7385598 0.674188 0 0.6572054 0.7537115 0 0.6572054 0.7537116 0 0.567341 0.823483 -0.001674175 0.5357106 0.8444001 0 0.4701434 0.8825901 -0.002007722 0.3879317 0.921686 -0.002382755 0.3826967 0.923871 2.23505e-7 0.280741 0.9597836 -0.002193331 0.1699115 0.985457 0 0.2004103 0.9797121 0 0.05687808 0.9983811 0 0.05687814 0.9983812 0 -0.03413933 0.9994171 0 -0.03413909 0.9994171 0 -0.1022666 0.9947571 0 -0.1022677 0.994757 0 -0.1922967 0.9813369 0 -0.1922953 0.9813372 0 -0.2807424 0.9597832 0 -0.3879297 0.921689 -0.001172244 -0.4157183 0.9094927 1.9721e-7 -0.4701417 0.882591 -0.001756429 -0.5579496 0.829873 0 -0.5357114 0.8444012 0 -0.6398793 0.7684754 0 -0.7071046 0.7071091 -0.001148223 -0.7341507 0.6789857 -5.02267e-4 -0.7537119 0.6572048 -9.08728e-4 -0.7888087 0.6146383 -0.004154682 -0.8187524 0.5741317 -0.01464116 -0.9996207 -0.02332907 0.005255877 -0.9890632 -0.1473995 -0.002228498 -0.9412143 -0.3378029 0 -0.9460006 -0.3241648 0 -0.8641305 -0.5032678 0.001760959 -0.8716872 -0.4900596 -0.005454897 -0.9724111 -0.23321 0.007188081 -0.9459782 -0.3241509 -0.001801669 -0.9193754 -0.3933776 0.001429498 -0.8716874 -0.4900603 3.37094e-4 -0.8672636 -0.4978492 5.20337e-5 -0.8203632 -0.571843 0.003253817 -0.7886101 -0.6148851 -4.12114e-4 -0.7844819 0.6201518 -0.001073181 -0.7873468 0.6165096 -4.96528e-4 -0.7976357 0.6031394 4.1489e-5 -0.8117401 0.584019 -0.001362204 0.7967394 0.6043216 -0.006070673 -0.7544976 -0.6562748 -7.54882e-5 -0.8246001 -0.5657163 -3.37093e-4 -0.8672608 -0.497854 -0.001429736 -0.8716874 -0.4900602 0.002866983 -0.9328168 -0.3603397 0.001487135 -0.93573 -0.3527141 0.005519926 -0.9796984 -0.2004014 0.007186293 -0.980938 -0.1941885 -0.001213014 -0.99838 -0.05688613 0.008527219 -0.9982638 0.05828142 0.002128779 -0.9961929 0.08714997 8.00435e-4 -0.9750455 0.2220038 0.007354974 -0.9672839 0.2535899 -0.003440737 -0.9246076 0.3809056 0.002660453 -0.9013279 0.4331293 0.001460194 0.8024227 -0.5967544 4.66248e-4 -0.7899736 0.6131407 -1.15631e-6 -0.7968671 0.6041548 0.001762151 -0.8361799 0.5484526 -0.00234121 -0.8641569 0.5032171 0.001464903 -0.9094812 0.4157425 -0.001464366 -0.9246088 0.3809154 0.003730952 -0.9673733 0.2533282 -0.001837372 -0.9784451 0.206499 -0.002147853 -0.9987826 0.04928219 5.8649e-4 -0.9983809 -0.05687963 -0.0040977 -0.9890689 -0.1473972 -1.95185e-4 -0.9827692 -0.1848368 -5.66881e-4 -0.8254436 0.5644843 0.002755641 -0.8641564 0.503216 -0.004823863 -0.8978193 0.4403379 0.001379132 -0.9246082 0.3809173 -0.01491481 -0.9783387 0.2064732 -0.00120294 -0.9685035 0.2489975 3.90389e-4 -0.998785 0.04927945 0 0.9999352 0.01138985 0 0.9999352 0.01138389 0 0.9900128 0.140978 7.47173e-4 0.99247 0.1224858 1.43476e-4 0.976605 0.2150413 0.002244472 0.9581723 0.2861833 6.50403e-4 0.9460139 0.3241258 1.30379e-4 0.9126147 0.408821 0.002244472 0.879906 0.4751426 7.46958e-4 0.8615092 0.5077415 1.49798e-4 0.8106343 0.5855528 0.002373874 0.7737414 0.6334971 0 0.7385594 0.6741886 0 0.6457058 0.7635864 7.79422e-4 0.6572049 0.7537116 1.30752e-4 0.5673415 0.8234828 0.001215696 0.535687 0.8444158 -5.2114e-4 0.4701437 0.8825898 2.60571e-4 0.4088191 0.9126154 -2.60758e-4 0.3879316 0.9216883 5.21141e-4 0.3241284 0.946013 -5.62847e-4 0.2789952 0.9602923 5.02172e-4 0.1986938 0.9800615 -4.39681e-4 0.169911 0.9854593 0.001171946 0.08714723 0.9961948 0 0.05687844 0.9983811 0 -0.03413879 0.9994172 0 -0.1022676 0.994757 0 -0.1922962 0.981337 0 -0.1922951 0.9813372 0 -0.2807443 0.9597826 0 -0.280741 0.9597836 0 -0.4157187 0.9094933 0.001872837 -0.3823365 0.9240213 -4.47012e-7 -0.4701454 0.8825891 0.001674234 -0.5357129 0.8443986 0 -0.5673344 0.8234876 0 -0.6572051 0.7537118 0.001041531 -0.6398827 0.7684719 0 -0.7070975 0.7071161 7.81385e-4 -0.7537182 0.6571974 7.8131e-4 -0.7537175 0.6571981 0 0.9968271 -0.07959824 7.81486e-4 0.9947572 -0.1022622 -2.81472e-4 0.9809849 -0.1940846 3.35141e-4 0.9767042 -0.2145899 -6.11906e-4 0.9608873 -0.2769395 0.001215696 0.9357439 -0.3526782 1.30239e-4 0.9216867 -0.3879353 6.50406e-4 0.8825887 -0.4701457 0 0.8901091 -0.4557476 0 0.8361841 -0.5484489 0.001215457 0.8058888 -0.5920658 1.30379e-4 0.7828488 -0.622212 6.504e-4 0.7230191 -0.6908278 0.002244651 0.694917 -0.7190866 1.4358e-4 0.6402316 -0.768182 7.46749e-4 0.5653533 -0.8248487 0.002244293 0.5340814 -0.8454301 1.29819e-4 0.4701438 -0.8825899 6.27302e-4 0.3916679 -0.9201064 0.002885043 0.3509042 -0.936407 1.67511e-4 0.2807445 -0.9597826 8.36229e-4 0.1922951 -0.9813368 0.0012272 0.1848245 -0.9827709 -3.06102e-4 0.08156979 -0.9966676 2.60757e-4 0.05687814 -0.9983811 -5.21141e-4 -0.01138103 -0.9999351 0 -0.03413903 -0.9994172 0 -0.1022676 -0.994757 0 -0.1699044 -0.9854606 0 -0.1699059 -0.9854604 0 -0.258817 -0.9659264 0 -0.2588168 -0.9659264 0 -0.3455828 -0.9383883 0 -0.3455821 -0.9383885 0 -0.4294829 -0.903075 0.001215994 -0.4768214 -0.8789995 1.30192e-4 -0.5098281 -0.8602763 6.50402e-4 -0.585939 -0.810355 9.54501e-4 -0.5920849 -0.8058751 -2.60571e-4 -0.6741871 -0.7385606 2.60754e-4 -0.6908274 -0.7230197 -5.77747e-4 -0.7418807 -0.6705317 0.001482725 -0.7875375 -0.616265 2.77995e-4 -0.8096763 -0.5868768 0 1 4.16053e-6 0 1 0 0 1 -5.25262e-7 0 1 -2.13453e-7 0 1 -3.80993e-7 0 1 -3.84987e-7 0 1 -4.41978e-7 0 1 -4.20485e-7 0 1 5.7573e-7 0 1 -3.04963e-7 0 1 -1.87192e-6 0 1 4.16051e-6 -0.001038432 0.9999758 -0.006890177 0 1 -1.56098e-7 0 1 -9.81299e-7 0 1 -2.24041e-7 0 1 1.71287e-7 0 1 -2.76786e-7 0 1 0 0 1 -2.17795e-7 0 1 0 8.04632e-4 0.9999814 -0.00606954 0 1 0 0 1 -3.55276e-7 0 1 -1.46465e-7 0 1 -2.47216e-7 0 1 3.87984e-7 0 1 -2.16342e-7 0 1 0 0 1 0 0 1 -7.78123e-7 0 1 1.64671e-6 0 1 1.28111e-6 0 1 -7.26278e-7 0 1 9.61552e-7 0 1 4.3432e-6 0 1 -2.57679e-6 0 -1 0 0 -1 1.40886e-6 0 -1 7.07189e-7 0 -1 -5.82593e-7 0 -1 -3.77586e-7 0 -1 5.81311e-7 0 -1 -3.46904e-7 0 -1 1.29608e-7 0 -1 1.64319e-7 0 -1 -3.86335e-7 0 -1 1.33567e-6 0 -1 -5.23392e-7 0 -1 1.64006e-7 0 -1 -1.86184e-7 0 -1 7.10388e-7 0 -1 -1.32973e-6 0 -1 0 0 -1 0 0 -1 0 0 -1 0 0 -1 -3.12791e-7 0 -1 -1.2851e-6 0 -1 7.86068e-7 0 -1 -1.19167e-6 0 -1 1.54464e-6 0 -1 4.68323e-7 0 -1 -6.33634e-7 0 -1 6.39743e-7 1 0 0 1 7.4082e-7 0 1 -7.37359e-7 0 1 -1.50546e-6 0 1 2.6046e-6 0 1 -1.80348e-6 0 1 4.38292e-6 0 1 -4.09119e-6 0 1 2.0375e-6 0 1 2.63131e-7 0 1 -8.24211e-7 0 1 0 0 1 4.18183e-7 0 1 -8.65095e-7 0 1 5.72124e-7 0 1 7.33163e-7 0 1 1.83696e-6 0 1 -1.72089e-7 0 1 1.44797e-6 0 1 -2.74103e-7 0 1 -1.23883e-6 0 1 4.23455e-7 0 1 9.14369e-7 0 1 -6.96264e-7 0 1 9.29402e-7 0 1 -1.17624e-6 0 1 -1.57773e-6 0 1 7.82624e-7 0 1 -8.43572e-7 0 1 5.23625e-7 0 1 -8.0789e-7 0 1 -2.95391e-7 0 1 6.77774e-7 0 1 -5.07484e-7 0 1 8.24919e-7 0 1 1.14959e-6 0 1 -1.09276e-6 0 1 1.76686e-7 0 1 -6.56711e-7 0 1 1.05244e-6 0 1 -1.07623e-6 0 1 2.45684e-5 0 1 -4.31581e-6 0 1 5.54173e-7 0 1 1.10079e-6 0 1 -8.62411e-7 0 1 6.66692e-7 0 1 1.57236e-6 0 1 2.4392e-6 0 1 -1.35917e-6 0 1 6.96634e-7 0 1 -5.8984e-7 0 1 7.73616e-7 0 1 -1.56671e-6 0 1 3.83753e-6 0 1 -1.75507e-6 0 1 7.12958e-7 0 1 -6.14922e-7 0 1 -2.23413e-6 0 1 3.29941e-6 0 1 4.33329e-6 0 1 -1.80659e-5 0 1 1.72598e-6 0 1 -3.24784e-6 0 1 -1.80495e-6 0 1 -1.26276e-6 0 1 -4.52592e-7 0 1 1.76118e-6 0 1 9.92013e-7 0 1 4.27251e-7 0 1 -1.60078e-7 0 1 -5.51978e-7 0 1 1.90125e-6 0 1 -4.17232e-7 0 1 1.55661e-6 0 1 3.94832e-7 0 1 -1.02938e-6 0 1 -1.63951e-6 0 1 -1.91137e-6 0 1 1.58217e-6 0 1 -1.66678e-6 0 1 1.83831e-7 0 1 3.24653e-7 0 1 4.68111e-7 0 1 -1.29312e-6 0 1 6.49496e-7 0 1 -3.81029e-6 0 1 9.66785e-7 0 1 -5.64243e-7 0 0 -1 0 0 -1 -3.3422e-6 0 -1 -1.62969e-6 0 -1 -1.42515e-7 0 -1 0 0 -1 0 0 -1 2.95157e-7 0 1 -1.77277e-7 0 1 0 0 1 0 0 1 -1.62969e-6 0 1 -1.91733e-6 0 1 4.59512e-6 1 2.96532e-6 0 0 -1 1.93606e-7 0 -1 -4.2064e-7 0 -1 0 0 -1 2.64613e-7 0 -1 -3.00587e-7 0 -1 1.68844e-7 0 -1 -1.77069e-6 0 1 1.67111e-6 0 1 -1.6297e-6 0 1 1.96125e-7 0 1 -1.50294e-7 0 1 -3.74639e-7 0 1 1.99904e-7 0 1 1.40779e-7 0 1 0 -1 -5.31613e-7 0 -1 1.46677e-6 0 -1 -3.11134e-7 0 -1 -1.48129e-6 0 -1 1.61499e-5 0 -1 -4.38504e-6 0 -1 2.598e-6 0 -1 -5.75609e-7 0 -1 -2.11081e-6 0 -1 0 0 -1 2.31619e-7 0 -1 0 0 -1 5.75609e-7 0 -1 3.11134e-7 0 -1 -9.16729e-7 0 -1 5.23487e-6 0 -3.52105e-4 0.9993622 -0.03571128 -6.6213e-4 0.9991506 -0.04120165 0.001248598 0.9941902 -0.1076307 -0.01461035 0.9984939 -0.0528829 3.68892e-4 0.9956902 -0.0927422 0 0.9934797 -0.1140089 0 0.9878829 -0.1552015 -0.004210293 0.9898398 -0.1421254 -0.002686023 0.9946786 -0.1029918 0 0.9887663 -0.1494706 0 0.9681605 -0.2503302 -1.36772e-4 0.9789642 -0.2040321 -8.25833e-4 0.9786373 -0.2055926 6.62932e-4 0.964259 -0.2649607 6.66021e-4 0.9642559 -0.2649719 3.48791e-4 0.9741058 -0.2260923 -1.24077e-4 0.9789128 -0.2042788 -0.001229643 0.9814527 -0.191701 -8.66571e-5 0.9883123 -0.152443 -5.60348e-4 0.9931446 -0.1168915 9.12042e-6 0.9786158 -0.2056968 -1.13339e-6 0.965277 -0.2612288 0 0.9652661 -0.2612687 0 0.94877 -0.3159676 0 0.9343549 -0.3563439 0 0.9182314 -0.3960444 5.46771e-4 0.9124777 -0.4091261 -2.73386e-4 0.8941062 -0.4478552 2.73385e-4 0.8876176 -0.4605812 -8.19795e-4 0.8598596 -0.5105301 -8.19986e-4 0.8598589 -0.5105313 -1.89462e-7 0.8371912 -0.5469105 -5.46897e-4 0.8212234 -0.5706065 5.47021e-4 0.8045828 -0.5938404 -2.73639e-4 0.7784035 -0.6277644 2.73386e-4 0.7693526 -0.6388244 -8.20174e-4 0.731604 -0.6817293 0 0.7217864 -0.6921159 0 0.6705473 -0.7418668 0 0.6705474 -0.7418668 0 0.6158788 -0.787841 0 0.6158788 -0.7878409 0 0.5580757 -0.8297901 -8.19609e-4 0.5698712 -0.8217336 -3.78921e-7 0.534134 -0.8453999 -5.46267e-4 0.5097647 -0.8603138 0 0.497423 -0.8675081 5.46393e-4 0.5097647 -0.8603137 3.78921e-7 0.534134 -0.8453999 5.46514e-4 0.5580719 -0.8297924 0 0.569877 -0.82173 0 0.6158788 -0.787841 0 0.6598806 -0.7513704 -8.19988e-4 0.6705471 -0.7418665 2.73638e-4 0.7118256 -0.7023563 -2.73132e-4 0.7217904 -0.6921117 5.46515e-4 0.7507801 -0.6605522 -5.4652e-4 0.7693524 -0.6388244 2.7326e-4 0.7960203 -0.6052698 -2.73638e-4 0.8045868 -0.5938352 8.19795e-4 0.8371903 -0.5469112 8.19989e-4 0.8371909 -0.5469102 1.89461e-7 0.8598591 -0.5105314 5.46641e-4 0.8740943 -0.4857561 -5.46771e-4 0.8876174 -0.4605811 2.73513e-4 0.9065397 -0.4221205 -2.73385e-4 0.9124748 -0.409133 5.46645e-4 0.9291727 -0.3696458 0 0.9343549 -0.3563439 -5.46708e-4 0.9393515 -0.3429556 0 0.9487701 -0.3159676 -8.19794e-4 0.9614356 -0.2750293 -4.95908e-4 0.9629781 -0.2695794 -0.001242458 0.9942628 -0.1069579 9.16639e-4 0.9985964 -0.05295586 5.5171e-7 0.9993621 -0.03571617 0.00805068 0.9858305 -0.1675514 0 -0.9122877 0.4095501 0 -0.9122877 0.40955 0 -0.9280055 0.3725668 -4.99596e-4 -0.9329124 0.3601032 2.49799e-4 -0.9466263 0.3223335 -2.49799e-4 -0.9508597 0.3096222 4.99724e-4 -0.9625315 0.2711697 0 -0.9660788 0.2582479 0 -0.9785217 0.206144 0 -0.9785217 0.2061439 0 -0.9881579 0.153441 -7.49563e-4 -0.9901239 0.1401932 0 -0.9949584 0.1002891 -7.49552e-4 -0.998183 0.06025171 0 -0.9972876 0.0736047 0 -0.9997981 0.02009618 0 -0.9997984 0.02008372 4.99839e-4 -0.9994392 0.03348326 0 -0.9981837 0.06024551 7.49358e-4 -0.9949575 0.1002953 0 -0.9962116 0.08696275 0 -0.9881578 0.153441 0 -0.9785217 0.206144 0 -0.9625327 0.2711659 0 -0.9625316 0.2711697 0 -0.9466263 0.3223335 0 -0.9466262 0.3223335 0 -0.9038749 0.4277969 5.79598e-4 0.9999842 -0.005595803 3.45898e-4 0.9977351 -0.06726509 0.001351952 0.9964247 -0.08447569 -0.01335477 0.9992229 -0.03708606 -6.29736e-5 0.9921695 -0.124899 0 0.9919813 -0.1263843 -0.005067169 0.9938626 -0.1105058 8.4212e-4 0.9832774 -0.1821128 -3.73267e-4 0.9868667 -0.1615363 0 -0.9930807 0.1174349 -1.90903e-6 0.9727976 -0.2316572 -5.70024e-5 0.9771765 -0.2124294 0.001262903 0.9675271 -0.2527642 -3.15746e-4 0.9603112 -0.2789306 8.41988e-4 0.9419485 -0.3357562 0 0.9467118 -0.3220822 0 0.9209374 -0.3897105 0 0.9209368 -0.3897122 0 0.8968348 -0.4423656 0 0.8697266 -0.493534 0 0.8474752 -0.530835 5.61397e-4 0.8397012 -0.5430485 -2.80699e-4 0.8153302 -0.5789963 2.80699e-4 0.8068612 -0.5907412 -5.61397e-4 0.7804483 -0.6252203 0 0.771314 -0.6364549 0 0.7429518 -0.6693449 0 0.7429504 -0.6693466 0 0.7029644 -0.7112251 0 0.7029634 -0.711226 0 0.6606159 -0.7507241 0 0.6160554 -0.7877029 0 0.6160555 -0.7877029 0 0.5812709 -0.8137101 5.61397e-4 0.5694293 -0.8220401 -2.80636e-4 0.5331987 -0.84599 2.80636e-4 0.520893 -0.853622 -5.61335e-4 0.483335 -0.8754353 5.61523e-4 0.457787 -0.8890619 0 0.4318519 -0.9019445 8.41919e-4 0.3922831 -0.9198442 0 0.4055584 -0.9140692 0 0.3383824 -0.9410088 0 0.3383821 -0.9410088 0 0.2833451 -0.9590181 8.41942e-4 0.2694323 -0.963019 -2.80761e-4 0.21324 -0.9769999 2.80636e-4 0.1990703 -0.9799852 -5.61148e-4 0.1563311 -0.9877046 5.61397e-4 0.12767 -0.9918165 -2.80636e-4 0.08448183 -0.996425 8.41942e-4 0.05559474 -0.9984531 -2.80512e-4 0.02666211 -0.9996445 8.41545e-4 -0.03124034 -0.9995116 8.42129e-4 -0.03124111 -0.9995116 -2.80761e-4 -0.08904159 -0.996028 8.41942e-4 -0.1178444 -0.9930318 -2.80636e-4 -0.1465482 -0.9892035 8.41919e-4 -0.2035565 -0.9790629 8.41942e-4 -0.2035572 -0.9790627 -2.80761e-4 -0.2598857 -0.9656394 2.80511e-4 -0.2738407 -0.961775 -5.61397e-4 -0.3153446 -0.9489771 5.61398e-4 -0.3426862 -0.9394499 -2.80823e-4 -0.3831573 -0.9236832 2.80761e-4 -0.3964917 -0.9180383 -5.61522e-4 -0.43598 -0.8999563 0 -0.4489639 -0.8935499 0 -0.4873389 -0.8732129 5.61272e-4 -0.4999293 -0.8660661 0 -0.5247964 -0.8512278 8.42108e-4 -0.5612663 -0.8276349 0 -0.5492238 -0.8356753 0 -0.5966727 -0.8024848 0 -0.5966713 -0.8024858 0 -0.6309545 -0.77582 0 -0.630956 -0.7758188 0 -0.6640482 -0.7476898 0 -0.6640467 -0.7476912 0 -0.7062119 -0.7080005 0 -0.706212 -0.7080005 0 -0.7460085 -0.6659365 0 -0.7460105 -0.6659342 0 -0.7922205 -0.6102349 0 -0.7922216 -0.6102337 0 -0.8262152 -0.5633546 0 -0.8262161 -0.5633533 0 -0.8647979 -0.5021203 0 -0.8647987 -0.5021188 0 -0.8924126 -0.4512204 0 -0.8924134 -0.4512189 0 -0.9227107 -0.3854931 0 -0.9227115 -0.3854914 0 -0.9434773 -0.3314372 0 -0.9434779 -0.3314355 0 -0.9649784 -0.2623294 0 -0.9649794 -0.2623257 0 -0.9785453 -0.2060316 0 -0.9785457 -0.2060297 0 -0.9888299 -0.1490483 0 -0.9888305 -0.1490454 0 -0.9957993 -0.09156292 0 -0.9957996 -0.09156095 0 -0.9994298 -0.0337671 0 -0.9994297 -0.03377109 0 -0.9992545 0.03860837 0 -0.9992546 0.03860634 0 -0.9953444 0.09638226 0 -0.9953442 0.09638428 0 -0.9857661 0.1681234 0 -0.9857664 0.1681215 0 -0.9743815 0.2249019 0 -0.9743824 0.224898 0 -0.9597306 0.2809224 0 -0.9597314 0.2809196 0 -0.9466281 0.322328 0 -0.9466271 0.3223307 0 -0.9263831 0.3765825 0 -0.9263838 0.3765808 0 -0.9030312 0.429575 8.41919e-4 -0.8967187 0.4426002 -2.80698e-4 -0.8695971 0.4937619 2.80668e-4 -0.8623564 0.5063018 -5.61335e-4 -0.8395579 0.5432701 5.61397e-4 -0.8234788 0.5673469 0 -0.8067049 0.5909546 8.4192e-4 -0.780285 0.6254236 0 -0.7892566 0.6140635 0 -0.75239 0.6587181 0 -0.7523913 0.6587164 0 -0.7130022 0.7011618 0 -0.7130023 0.7011618 0 -0.6712212 0.7412572 0 -0.6158491 0.7878642 0 -0.5692126 0.8221905 8.41848e-4 -0.5572499 0.8303445 -7.73872e-6 -0.5203321 0.8539641 0.001060843 0.9580795 -0.2865006 0.006030976 0.9780527 -0.2082706 6.41766e-4 0.9819996 -0.1888819 1.69337e-4 0.9881368 -0.1535761 6.38419e-4 0.9892739 -0.1460719 -5.44949e-4 0.9953698 -0.09611886 0 -0.5202186 0.8540332 0 -0.5692121 0.8221908 0 -0.5692126 0.8221904 0 -0.6712212 0.7412571 0 -0.7523914 0.6587164 0 -0.75239 0.6587181 0 -0.7802853 0.6254238 0 -0.7802839 0.6254256 0 -0.8067063 0.5909526 -5.61459e-4 -0.8151761 0.5792129 2.80668e-4 -0.839559 0.5432687 -2.80683e-4 -0.8473364 0.5310564 5.61428e-4 -0.8695971 0.4937618 0 -0.8766539 0.4811218 0 -0.9030328 0.4295718 0 -0.9263838 0.3765807 0 -0.9263831 0.3765825 0 -0.9466271 0.3223307 0 -0.9857663 0.1681215 0 -0.9953443 0.09638428 0 -0.9953445 0.09638231 -8.41924e-4 -0.994369 -0.1059698 0 -0.9888304 -0.1490454 -0.001122236 -0.9785448 -0.2060315 0 -0.9814258 -0.1918424 0 -0.9649795 -0.2623257 -8.41945e-4 -0.9610791 -0.2762722 2.80683e-4 -0.9434779 -0.3314355 -2.80683e-4 -0.93858 -0.3450617 5.61428e-4 -0.9227106 -0.385493 0 -0.9170331 -0.3988111 0 -0.8647978 -0.5021203 0 -0.8262162 -0.5633533 0 -0.8262152 -0.5633547 0 -0.7922215 -0.6102337 0 -0.7922205 -0.6102349 0 -0.7460085 -0.6659365 -5.61335e-4 -0.6531538 -0.7572251 0 -0.630956 -0.7758187 -8.41731e-4 -0.5966711 -0.8024855 0 -0.6082274 -0.7937629 0 -0.5612637 -0.827637 0 -0.5612665 -0.8276352 0 -0.5247972 -0.8512274 0 -0.5247965 -0.8512278 -5.61428e-4 -0.4746471 -0.8801761 2.80761e-4 -0.43598 -0.8999563 -2.80605e-4 -0.4229024 -0.9061752 5.61584e-4 -0.3831576 -0.9236828 -5.61459e-4 -0.3562548 -0.9343887 2.80761e-4 -0.3153448 -0.9489772 -2.80761e-4 -0.3015699 -0.9534441 5.61522e-4 -0.2598855 -0.9656394 0 -0.2458787 -0.9693006 0 -0.2035568 -0.9790632 0 -0.2035565 -0.9790632 0 -0.1465482 -0.9892035 0 -0.1465482 -0.9892035 0 -0.08904159 -0.996028 0 -0.08904159 -0.9960279 0 -0.03124034 -0.999512 0 -0.03124034 -0.999512 0 0.02666211 -0.9996445 0 0.08448183 -0.996425 -8.41989e-4 0.09889906 -0.9950972 2.80636e-4 0.1563311 -0.9877047 -2.80574e-4 0.1706152 -0.9853378 5.61397e-4 0.21324 -0.9769998 0 0.2273628 -0.9738101 0 0.2833449 -0.9590181 0 0.2833451 -0.9590181 0 0.3922827 -0.9198447 0 0.3922833 -0.9198446 0 0.4318525 -0.9019443 -5.61397e-4 0.4448649 -0.8955975 2.80699e-4 0.4833351 -0.8754354 -2.80698e-4 0.4959612 -0.8683446 5.61272e-4 0.5331987 -0.84599 0 0.5453897 -0.8381826 0 0.581271 -0.81371 -5.61273e-4 0.5929908 -0.8052091 0 0.616054 -0.7877039 -0.001122295 0.6606156 -0.7507237 0 0.6496785 -0.7602091 0 0.7029635 -0.7112261 0 0.7029645 -0.711225 -5.61444e-4 0.7525631 -0.6585201 2.80699e-4 0.7804493 -0.6252191 -2.80714e-4 0.7894195 -0.613854 5.61366e-4 0.8153292 -0.5789974 -5.61367e-4 0.8317507 -0.5551492 0 0.8474752 -0.530835 -8.42012e-4 0.8697263 -0.4935338 0 0.8624903 -0.5060736 0 0.8968349 -0.4423656 0 0.9209375 -0.3897104 0 0.941949 -0.3357564 -5.61452e-4 0.9467116 -0.3220822 1.17718e-4 0.9574117 -0.2887264 -0.001486778 0.9706799 -0.2403714 0.001683413 0.9637666 -0.2667415 0 0.9775907 -0.2105144 -3.67015e-5 0.9992647 -0.03834301 6.7691e-6 0.9992129 -0.03966844 0.0112496 0.9975445 -0.06912654 -2.54614e-5 0.9999861 0.005281805 1.80437e-6 0.9999876 0.004993319 0.008568882 0.999963 8.07459e-4 -8.73162e-6 0.9962426 -0.08660644 -2.3859e-4 0.9725317 -0.2327704 -0.005133509 0.9850629 -0.172119 -3.78675e-4 0.9996693 -0.02571761 -1.79605e-6 0.99933 -0.03659921 0 0.9964221 -0.08451741 0 0.8666225 -0.4989645 0 0.8666225 -0.4989643 0 -0.9949709 0.1001649 0 -0.9949702 0.1001717 0 -0.9736573 0.2280167 0.002821505 -0.9670357 0.2546253 -7.70156e-4 -0.928812 0.3705506 0.00333333 -0.9007019 0.4344248 -0.002435266 -0.8638469 0.5037487 0.002181708 -0.8216358 0.5700086 -0.003594934 -0.7743764 0.6327151 0.003593266 -0.6915217 0.7223468 0.002311766 -0.6788002 0.7343195 7.67578e-4 -0.598331 0.8012487 0.003335893 -0.569976 0.8216546 -7.71441e-4 -0.5112898 0.8594081 0.002310752 -0.418643 0.908148 0.00692135 -0.3705883 0.9287716 0.002307951 -0.3214448 0.9469255 0.002302765 -0.1950894 0.9807828 0.00726521 -0.1534349 0.9881321 -0.001155257 -0.03926527 0.9992282 0.006523728 0.1348257 0.990848 0.003458499 0.1175379 0.9930624 -0.001667678 0.2882134 0.9575648 0.002821505 0.3297122 0.9440773 0 0.4186501 0.9081476 0.003077983 0.5112874 0.8594043 0.004197895 0.5194408 0.8544962 0 0.5983262 0.8012527 0.004613876 0.6788026 0.7343063 0.002819776 0.6658944 0.7460408 -7.70799e-4 0.7518395 0.6593457 0.00333333 0.7959763 0.6053187 -0.002434849 0.841023 0.5409941 0.00461179 0.8997295 0.4364237 -0.005801737 0.9348449 0.355009 0.002831578 0.9731963 0.2299585 -0.006277918 0.9906607 0.1362059 0 0.997859 0.06540369 -1.87792e-5 -0.5208303 0.8536603 5.13827e-4 -0.5419906 0.8403846 -9.93798e-5 -0.5567782 0.8306612 9.17107e-5 -0.5862222 0.8101504 -5.96644e-4 -0.6035249 0.797344 3.00315e-4 -0.6287709 0.7775907 -4.0921e-4 -0.6482858 0.7613971 4.93551e-4 -0.6695154 0.742798 -5.50814e-4 -0.7012093 0.7129553 2.92509e-4 -0.7177288 0.6963227 -3.86355e-4 -0.7409657 0.6715429 3.97839e-4 -0.7539951 0.65688 -4.36056e-4 -0.7872087 0.6166867 2.16167e-4 -0.7962684 0.6049436 -2.94573e-4 -0.8212985 0.5704986 2.33366e-4 -0.8275268 0.5614262 -1.37826e-4 -0.8526805 0.522433 5.20337e-4 -0.8632465 0.5047824 -1.91325e-5 -0.8743784 0.4852449 4.78198e-4 -0.8890441 0.4578215 5.01019e-5 -0.8938938 0.4482788 -8.54435e-5 -0.8699319 0.493172 -5.69894e-4 -0.874378 0.4852451 3.89903e-6 -0.8526806 0.5224327 -5.19008e-4 -0.842269 0.5390574 5.89147e-4 -0.8212987 0.5704982 -3.05368e-4 -0.8043008 0.5942223 4.09332e-4 -0.7872087 0.6166867 -4.69194e-4 -0.7713208 0.6364464 5.2034e-4 -0.7409656 0.6715428 -2.74792e-4 -0.7269943 0.6866434 3.6338e-4 -0.7012093 0.7129554 -9.218e-4 -0.6794044 0.7337635 4.0921e-4 -0.6482858 0.7613971 -3.00315e-4 -0.6287709 0.7775907 5.96644e-4 -0.6035249 0.797344 -5.20175e-4 -0.575317 0.8179304 1.90417e-5 -0.5567781 0.8306612 -5.26525e-4 -0.5281129 0.849174 0 -0.8950968 0.4458721 5.52283e-4 0.8836476 -0.4681525 0 0.8769676 -0.4805496 -5.52283e-4 0.8836476 -0.4681524 2.76142e-4 0.9026305 -0.4304166 -2.76203e-4 0.9086018 -0.4176633 5.52284e-4 0.9254332 -0.3789104 -5.52283e-4 0.9357341 -0.3527058 1.9449e-4 0.9484825 -0.3168294 -0.001193404 0.9610832 -0.2762567 0 0.9582297 -0.286 0 0.9747595 -0.2232578 -9.09511e-4 0.9781715 -0.2077969 0.001139283 0.9836777 -0.1799362 0 0.9850289 -0.1723901 -4.1744e-4 0.9878234 -0.1555784 0 0.9866941 -0.1625881 0 0.9922745 -0.1240627 -8.96366e-5 0.9926812 -0.1207644 7.62192e-6 0.9931678 -0.1166961 0.003321647 0.9951844 -0.09796452 -1.00384e-5 0.9970347 -0.07695275 2.42866e-5 0.9968956 -0.07873523 0 0.9968363 -0.07948285 0 0.999212 -0.0396921 0.006409883 0.9984024 -0.05613881 0 0.9759762 -0.2178773 -6.52694e-4 0.9997469 -0.02248966 -0.001247167 0.9993247 -0.03672343 -3.62805e-5 0.9999902 0.004436731 0.004639625 0.9999889 9.75763e-4 0.001037895 0.991608 -0.1292773 5.40787e-4 0.9887993 -0.1492505 6.85116e-4 0.9742453 -0.2254902 -8.5386e-4 0.9618762 -0.2734839 0.005107223 0.959314 -0.2822953 -0.001402735 0.9723514 -0.2335188 -0.003102421 0.9834946 -0.1809109 0 0.9797352 -0.2002976 2.86645e-4 0.9779413 -0.2088801 8.2846e-4 0.9759764 -0.2178745 -3.95273e-4 0.9660707 -0.2582774 9.39999e-4 0.9582296 -0.2859985 -2.00737e-4 0.9485854 -0.3165213 0.001104116 0.9254321 -0.3789119 -0.001104116 0.9357345 -0.3527039 2.76203e-4 0.9086019 -0.4176633 -2.76142e-4 0.9026304 -0.4304165 0 0.9870548 -0.1603835 6.68834e-5 0.9865091 -0.1637067 0 0.9866955 -0.1625794 -0.002761304 0.9904389 -0.1379249 4.70646e-4 0.9942829 -0.1067777 0.001335501 0.9922473 -0.1242725 -0.005605876 0.9963625 -0.08503127 -1.32893e-4 0.9972703 -0.07383787 4.66766e-4 0.9993312 -0.03656309 5.14447e-4 0.9993121 -0.03708469 5.52408e-4 0.509322 -0.8605759 0 0.49715 -0.8676646 0 0.4971551 -0.8676617 0 0.5333529 -0.845893 0 0.5801284 -0.8145251 0 0.5801247 -0.8145278 0 0.6250688 -0.7805698 0 0.6250726 -0.7805666 0 0.6680247 -0.7441391 -5.52407e-4 0.6784297 -0.7346652 2.76203e-4 0.7088532 -0.7053561 -2.76079e-4 0.7187182 -0.6953014 5.52529e-4 0.7474423 -0.6643265 0 0.7567226 -0.6537361 0 0.7836591 -0.6211912 0 0.7836533 -0.6211985 0 0.8091932 -0.5875428 -5.52652e-4 0.8173829 -0.5760948 -2.77259e-7 0.8332887 -0.5528382 -5.52281e-4 0.8485217 -0.5291606 0 0.8558906 -0.517157 5.5222e-4 0.8485216 -0.5291606 2.77259e-7 0.8332887 -0.5528381 8.28811e-4 0.80919 -0.5875465 0 0.8173848 -0.5760921 5.52099e-4 0.7748334 -0.6321653 -2.7645e-4 0.7474444 -0.6643244 2.76511e-4 0.7380125 -0.6747871 -5.52404e-4 0.7088512 -0.7053579 0 0.6988531 -0.7152652 0 0.668016 -0.744147 0 0.5801246 -0.8145278 8.2817e-4 0.5686016 -0.8226127 0.5482925 0.8108865 0.2045448 0.6792589 0.7335599 0.02230072 0.6602036 0.7490437 -0.05536103 0.5110445 0.8312494 0.2187651 0.5129878 0.8249301 0.2373473 0.387177 0.845857 0.3669058 0.3864136 0.8535087 0.349582 0.1593264 0.9341568 0.3193216 0.06747877 0.8515753 0.5198713 -0.1470711 -0.2716424 0.9510944 -0.1187427 -0.3869973 0.9144033 -0.3444838 0.5499858 0.7608197 -0.4686204 0.6896591 0.5520555 -0.5761882 0.618421 0.5343807 -0.5869468 0.7199936 0.370274 -0.6581732 0.6996082 0.2781302 -0.6557403 0.7405781 0.1467947 -0.6018913 0.7736949 0.1977955 -0.5675036 0.8011214 -0.1901164 -0.6518412 0.7490141 -0.1186633 -0.6594666 0.701771 -0.2694835 -0.6000629 0.7143303 -0.3600788 -0.5972374 0.715615 -0.3622192 -0.5636955 0.7044646 -0.4312506 -0.5261006 0.7072432 -0.4722556 -0.5012973 0.7127322 -0.4906259 -0.465288 0.7031241 -0.5377022 -0.3399231 0.7147808 -0.6111798 -0.3184987 0.6952216 -0.64438 -0.159223 0.7064852 -0.6895844 -0.1329449 0.6930401 -0.7085345 0.2514705 0.7776066 -0.5762731 0.07564663 0.6867558 -0.7229413 0.298047 0.7081013 -0.6401255 0.2748371 0.7184106 -0.6390234 0.4512301 0.7075935 -0.5437857 0.5031443 0.7465664 -0.4352983 0.5064044 0.7450764 -0.434069 0.4652607 0.7535185 -0.4644808 0.5457036 0.8206459 -0.1695522 0.4340843 0.8616868 -0.2628057 0.9549505 -0.005835592 -0.2967082 0.9325792 0.01137924 -0.3607861 0.756182 -0.01390826 -0.6542136 0.7159772 0.003888964 -0.6981129 0.4220885 -0.006046712 -0.9065344 0.4298152 -0.008327245 -0.9028785 0.1974459 6.85292e-4 -0.9803135 0.1040624 -0.01042729 -0.9945161 -0.02421492 0.002755522 -0.9997031 -0.2249709 -0.007773458 -0.9743345 -0.3138961 0.01038342 -0.9494006 -0.4860413 -0.008065462 -0.8738987 -0.5437474 0.003782689 -0.8392404 -0.7146722 -0.001734435 -0.6994575 -0.7372763 0.001907646 -0.6755887 -0.8550292 -0.003368914 -0.518569 -0.873143 0.00297743 -0.487455 -0.9838091 -0.006681978 -0.1790956 -0.9815313 -0.01079058 -0.1909975 -0.9872089 -0.002018153 0.1594203 -0.9757466 -0.01433449 0.218433 -0.8820422 0.01209658 0.4710151 -0.8457672 -0.001213967 0.5335508 -0.6471177 0.009419202 0.762332 -0.6716489 8.82718e-4 0.7408691 -0.402769 -0.005405604 0.9152857 -0.4124663 -0.003019928 0.910968 -0.1697266 0.002062618 0.985489 -0.1287758 -0.004934608 0.9916614 0.06294834 0.001659631 0.9980155 0.1287157 -0.006283819 0.9916617 0.3523857 0.01286178 0.9357665 0.4464437 -0.009354889 0.8947629 0.662969 0.01115125 0.7485638 0.7258247 -0.008809089 0.6878234 0.8893882 0.009910345 0.4570456 0.9192972 -0.005276978 0.3935288 0.9985892 0.007727384 0.05253654 0.9994601 0.00172019 0.03281301 0.9986715 0.007313013 -0.05100858 0.9982928 -0.02555567 0.05252093 0.938291 0.02018588 0.3452574 0.8894042 -0.007874667 0.457054 0.8066367 0.01221561 0.5909215 0.6628627 -0.02109313 0.7484438 0.5404625 0.009838759 0.8413106 0.3523833 -0.01339024 0.93576 0.3142109 -0.005106925 0.9493395 0.1350108 -3.62957e-4 0.9908441 0.06294858 -0.004887998 0.9980048 0.01406109 -3.54318e-4 0.9999011 -0.1279147 4.1493e-4 0.9917852 -0.1697253 -0.005000174 0.9854788 -0.2833342 0.002440512 0.9590182 -0.4027626 -0.008110046 0.9152687 -0.5457227 0.01347905 0.8378575 -0.6716062 -0.01129323 0.7408223 -0.7259895 0.001492977 0.6877042 -0.8820714 -0.008952081 0.4710309 -0.8907949 -0.003157198 0.4543948 -0.9872028 0.004024982 0.1594194 -0.991376 0.01372838 0.1303277 -0.981572 -0.005786776 -0.1910054 -0.9678765 0.0171191 -0.2508426 -0.8731459 -0.001622736 -0.4874564 -0.8145813 0.01921838 -0.5797311 -0.7372769 0.001184582 -0.6755897 -0.5437456 0.004414737 -0.8392385 -0.5270703 0.009253084 -0.8497714 -0.3138947 -0.01077032 -0.9493967 -0.2742919 -0.001480638 -0.9616453 -0.03772246 -0.001193165 -0.9992876 -0.02421462 -0.00274837 -0.9997031 0.1282051 0.003343105 -0.9917421 0.1974431 -0.00320506 -0.9803092 0.283335 0.002440512 -0.9590179 0.4298059 -0.01056379 -0.9028595 0.5182112 0.005435824 -0.8552355 0.7159521 -0.009174406 -0.6980891 0.7077738 -0.01275932 -0.7063239 0.9177405 0.002074956 -0.3971754 0.9325623 -0.01287573 -0.3607797 0.4581534 0.8811187 0.1171561 0.5916855 0.7992805 -0.1051619 0.4588373 0.8876776 0.03868877 0.3670328 0.8975837 0.2441936 0.3800721 0.7167108 0.5846973 0.4501558 0.6807498 0.577875 0.3155759 0.3549091 0.8800293 0.1671879 0.9330245 -0.3186121 0.06633663 0.636386 0.7685132 -0.03192079 -0.2311598 0.972392 -0.1472105 0.2921905 0.9449624 -0.2944899 0.6203275 0.7269591 -0.4956198 0.6255275 0.6025583 -0.4554834 0.6707503 0.5853452 -0.5865919 0.7379432 0.3336913 -0.5928986 0.7168288 0.3669164 -0.662329 0.7052193 0.2529549 -0.5982477 0.7953892 0.09724032 -0.6266883 0.773555 -0.09420537 -0.6972849 0.6874505 -0.2029914 -0.6184064 0.7246251 -0.3041252 -0.6135045 0.693058 -0.3785276 -0.5093395 0.7159703 -0.4774514 -0.4672854 0.6583225 -0.5901321 -0.3331419 0.7209344 -0.6076759 -0.2174956 0.657807 -0.7211003 -0.1403609 0.707379 -0.6927582 0.09270054 0.6895642 -0.7182673 0.1122997 0.7087622 -0.6964518 0.3853849 0.6978573 -0.6037166 0.3730064 0.6052246 -0.7032564 0.5419829 0.699425 -0.4658962 0.6271516 0.6591846 -0.4149175 0.6293435 0.7204067 -0.2914466 0.6894837 0.6998284 -0.1866882 0.5977963 0.7999433 -0.05225473 0.9960151 -0.0193485 -0.08706176 0.976276 0.004883468 -0.2164751 0.9074012 -0.006928205 -0.4202086 0.8766789 0.004330158 -0.4810566 0.7583201 -0.004147052 -0.6518692 0.7223361 0.004550397 -0.6915273 0.4685472 -0.009305536 -0.8833895 0.4692699 -0.009546756 -0.8830032 0.2162649 -6.35908e-4 -0.9763345 0.1591838 -0.01209592 -0.9871749 -0.0831936 0.004451572 -0.9965234 -0.1985676 -0.009620308 -0.9800401 -0.3214616 0.004092037 -0.9469138 -0.4806849 -0.01296329 -0.8767976 -0.5372991 -0.001060366 -0.8433911 -0.7295761 0.001363992 -0.6838984 -0.7223434 -8.71699e-4 -0.6915341 -0.8973507 0.001227915 -0.4413165 -0.9125897 0.01026427 -0.4087476 -0.9888634 -0.007366359 -0.148644 -0.9954609 0.002754032 -0.09513187 -0.9840465 -0.009002566 0.1776842 -0.9870347 -0.004952251 0.160431 -0.9162698 0.002684295 0.4005528 -0.8502474 -0.01490461 0.5261723 -0.7894793 0.002499282 0.6137721 -0.6351925 -0.01239436 0.7722544 -0.6009978 -0.002112865 0.7992479 -0.4093854 -9.71333e-4 0.912361 -0.3754577 -0.004585623 0.9268283 -0.3007155 -2.39932e-4 0.9537139 -0.1675363 -0.002175569 0.9858636 -0.1539391 -0.004028379 0.9880722 0.08052349 0.008183598 0.9967191 0.0859934 0.006918609 0.9962718 0.337549 -3.18907e-4 0.9413079 0.336252 -5.59023e-4 0.9417719 0.5535254 -0.001817345 0.8328304 0.6144753 -0.01380223 0.7888153 0.7488862 0.008255124 0.6626472 0.8325202 -0.01059079 0.5538935 0.9237903 0.01358783 0.3826577 0.9687973 -0.007715165 0.2477343 0.9964624 0.005313694 0.08387172 0.998852 0.02790039 -0.03894007 0.9964649 -0.004801094 0.08387231 0.9114733 0.007881522 0.4112836 0.9236817 0.0205127 0.3826113 0.7489045 -0.003698408 0.6626677 0.6874024 0.01751291 0.7260656 0.5535257 -0.003573238 0.8328245 0.3981097 0.004320144 0.9173277 0.3362604 -0.004719018 0.9417573 0.1499057 0.004926741 0.9886881 0.08051925 -0.009366512 0.9967091 -0.0967372 0.004597425 0.9952994 -0.1675388 -0.001891791 0.9858638 -0.2519686 8.30164e-4 0.9677351 -0.300679 -6.32779e-4 0.9537253 -0.3425215 0.001222252 0.9395093 -0.4093832 -8.78012e-4 0.9123622 -0.5191391 0.008902788 0.8546435 -0.6009923 -0.005384445 0.7992368 -0.704917 0.01043117 0.7092131 -0.789436 -0.01072508 0.6137392 -0.9092704 0.01691693 0.4158621 -0.9162063 0.01262414 0.4005082 -0.9840849 0.001417815 0.1776933 -0.9952735 0.0185219 0.09532964 -0.9953564 -0.01475304 -0.09512144 -0.9471872 0.01851922 -0.3201462 -0.912608 -0.00843811 -0.4087486 -0.807313 0.01612198 -0.5899032 -0.7223289 -0.005928516 -0.6915244 -0.591152 0.006761968 -0.8065319 -0.5373091 -0.002753913 -0.8433809 -0.4051133 0.00312525 -0.9142612 -0.3214503 -0.008575618 -0.9468877 -0.1994621 0.001758038 -0.979904 -0.08319038 -0.004486083 -0.9965236 -0.03937977 0.001536905 -0.9992232 0.7404128 -0.1256237 0.6603087 0.2162573 -0.01017302 -0.9762834 0.3604368 0.002603709 -0.93278 0.4692449 -0.0142132 -0.8829538 0.5911515 0.006762027 -0.8065323 0.7223289 -0.005928516 -0.6915244 0.7698907 0.005976974 -0.6381479 0.8766772 -0.004632592 -0.4810569 0.9244159 0.0177266 -0.3809739 0.9762717 -0.005695104 -0.2164748 0 0.997859 0.06540364 0 0.9692437 0.2461034 0.009197175 0.9807425 0.1950887 -0.002098262 0.9252444 0.3793658 0.009238302 0.8777284 0.4790695 -0.002737224 0.8203851 0.5718049 0.009308457 0.702832 0.711295 0 0.6642374 0.7475217 0 0.5037485 0.8638505 -0.004900693 0.4713667 0.8819238 0.001923441 0.3297132 0.9440793 -0.008921384 0.2110868 0.9774266 4.32951e-4 0.1370363 0.990566 -0.0115894 -0.09798955 0.99512 -0.004895925 -0.0684846 0.9976402 0.003626644 -0.3514786 0.936189 0.001279413 -0.3644888 0.9312069 0.002756118 -0.5409935 0.8410224 0.006404578 -0.5628246 0.8265516 -0.004406273 -0.704565 0.7096258 0.005379378 -0.768796 0.6394715 -0.001025378 -0.8216601 0.5699771 0.008286654 -0.9014463 0.4328117 0 -0.9225024 0.3859915 0 -0.9772368 0.2121519 0 -0.9772368 0.212152 0 -0.997859 0.06540364 0 -0.9978603 0.06538319 0.9998107 0 0.01946038 0.9997972 8.49042e-5 0.02013707 0.9982958 -8.11308e-5 0.05835783 0.9957872 0.003955125 0.09161031 0.9939239 7.8472e-4 0.1100674 0.9868744 0.001677334 0.1614812 0.9875062 8.65008e-4 0.1575782 0.9771707 -3.50249e-4 0.2124558 0.9681971 0.003667056 0.2501623 0.9648297 0.001191556 0.2628731 0.9457566 0.001178801 0.3248741 0.9419617 0.004052221 0.3356959 0.9227028 1.15657e-4 0.3855121 0.9014552 0.00604695 0.4328305 0.8909468 0.01169425 0.4539574 0.877791 0.004711449 0.4790207 0.8448851 9.0427e-4 0.534947 0.8113141 0.0123862 0.5844793 0.8007139 0.006511986 0.5990116 0.7601919 0.001579463 0.6496967 0.7164679 0.008835911 0.6975641 0.7258259 0.004790008 0.6878619 0.679329 -0.001038789 0.7338331 0.6338493 0.004926621 0.7734409 0.6189796 0 0.7854071 0.5588144 0 0.8292928 0.5588143 0 0.8292929 0.4941827 0 0.8693582 0.4941636 0 0.869369 0.4347469 0 0.9005527 0.4347471 0 0.9005526 0.3733658 0 0.9276842 0.3733657 0 0.9276843 0.2975031 0 0.9547209 0.2975034 0 0.9547208 0.2109716 0 0.9774923 0.2197137 -0.001423239 0.9755634 0.1405079 4.01132e-7 0.9900797 0.118715 -0.002720654 0.9929247 0.06037688 0.001424968 0.9981747 0.01120001 -0.002057611 0.9999352 -0.02015078 7.12885e-4 0.9997967 -0.09049856 -0.003026723 0.995892 -0.08715522 -0.003560662 0.9961884 -0.1537691 0 0.9881069 -0.2018156 -0.002589881 0.9794201 -0.2197139 0 0.9755644 -0.2846542 0 0.9586303 -0.2846773 0 0.9586235 -0.3356879 0 0.9419733 -0.348321 9.49814e-4 0.9373749 -0.3857816 -4.75965e-4 0.9225901 -0.3981624 4.74532e-4 0.917315 -0.4547594 -0.001741409 0.8906128 -0.4587843 -0.001186132 0.8885469 -0.5057939 -2.36902e-4 0.8626543 -0.5249804 -0.002216398 0.8511115 -0.5513821 0 0.8342528 -0.5953463 0 0.8034693 -0.5953628 0 0.8034572 -0.6330069 0 0.7741461 -0.633016 0 0.7741388 -0.6249923 0.001984775 0.7806285 -0.6338493 0.0049268 0.7734409 0.5588145 0 0.8292928 0.4824508 0.001424968 0.8759219 0.4347469 -4.75252e-4 0.9005526 0.3936545 0.002719402 0.9192545 0.3733659 -9.54417e-7 0.9276842 0.2975029 0.00142306 0.9547199 0.3060297 0 0.952022 0.2197139 0 0.9755644 0.219696 0 0.9755685 0.1405265 0 0.990077 0.140508 0 0.9900797 0.0603581 0 0.9981768 0.06037688 0 0.9981757 -0.02013194 0 0.9997974 -0.02013188 0 0.9997974 -0.08715587 0 0.9961948 -0.08715581 0 0.9961947 -0.1537937 0 0.988103 -0.219696 0 0.9755685 -0.284654 0 0.9586304 -0.2846773 0 0.9586234 -0.3482987 0 0.9373836 -0.3483213 0 0.9373753 -0.398141 0 0.9173244 -0.4104182 0.001424849 0.9118964 -0.4587647 -4.7513e-4 0.8885577 -0.4824653 0.001424729 0.875914 -0.5057938 -4.755e-4 0.8626543 -0.5513551 0.001424551 0.8342695 -0.5588244 0.002374351 0.8292827 -0.5953626 -4.91698e-7 0.8034572 -0.679329 -0.001038789 0.7338331 -0.7258265 0.00478965 0.6878612 -0.7164672 0.008835911 0.6975649 -0.7601919 0.001579821 0.6496967 -0.7928755 0.005526304 0.6093587 -0.8065921 0.01157635 0.5909952 -0.8307256 0.002255678 0.5566776 -0.8584907 4.78282e-4 0.5128291 -0.8645806 0.002326607 0.5024887 -0.8899274 -0.00154376 0.4560998 -0.9081848 0.003252923 0.4185569 -0.9123915 0.001455962 0.4093161 -0.9323984 0.002029359 0.3614267 -0.9508843 0.009557068 0.3093992 -0.9551461 0.004896759 0.2960948 -0.9722013 0.001575589 0.2341417 -0.9809644 0.008459568 0.1940037 -0.9868744 0.001677393 0.1614812 -0.9939239 7.8458e-4 0.1100674 -0.9957872 0.003954648 0.09161031 -0.9982958 -8.11308e-5 0.05835783 -0.9997972 8.49042e-5 0.02013707 -0.9998107 0 0.01946038 -0.6376387 -9.61929e-4 0.7703351 -0.66975 4.83991e-4 0.7425865 -0.6947947 -0.002645611 0.7192033 -0.7073664 -2.52951e-4 0.7068471 -0.7430841 -0.002970457 0.6691915 -0.7497105 -0.005366384 0.6617443 -0.7768265 -4.89008e-4 0.6297146 -0.8084306 -9.59188e-4 0.5885909 -0.8219236 -0.005557775 0.5695707 -0.8378837 -9.97974e-4 0.545848 -0.865071 -0.002474129 0.5016433 -0.8807072 -0.00741291 0.4736032 -0.8899248 -0.00275892 0.4560989 -0.9176269 3.09534e-4 0.3974429 -0.9243029 -0.003181278 0.3816468 -0.9457552 0.002185761 0.324873 -0.9547197 -0.002491176 0.2974964 -0.9648299 0.001012504 0.2628732 -0.9774838 -0.003846108 0.2109752 -0.9798424 -0.001544535 0.1997663 -0.9888869 -8.78244e-4 0.1486678 -0.9929091 -0.006172299 0.1187155 -0.9964452 1.20132e-4 0.08424311 -0.9994369 -2.11298e-4 0.03355634 -0.9994741 0 0.03243148 0.6189735 0 0.7854118 0.6189662 0 0.7854177 0.6237415 -0.001571536 0.7816292 0.66975 4.83851e-4 0.7425865 0.694795 -0.002645909 0.7192031 0.7073662 -2.52577e-4 0.7068473 0.7430841 -0.002970814 0.6691915 0.7497099 -0.005366444 0.661745 0.7849209 0.00102061 0.6195951 0.82677 -0.004057765 0.5625255 0.81596 -0.01004934 0.5780211 0.8517482 -0.001666009 0.5239488 0.8777909 -0.004711449 0.4790208 0.8909468 -0.01169425 0.4539574 0.9014557 -0.006046712 0.4328294 0.9227026 -1.15657e-4 0.3855125 0.9419617 -0.004052221 0.3356959 0.9457567 -0.001178562 0.3248736 0.9648297 -0.001191616 0.262873 0.9681971 -0.003667056 0.250162 0.9771708 3.50319e-4 0.2124555 0.9875062 -8.65008e-4 0.1575782 0.9868744 -0.001677155 0.1614811 0.9939239 -7.8458e-4 0.1100674 0.9957872 -0.003955125 0.09161031 0.9982958 8.1393e-5 0.05835783 0.9997972 -8.49042e-5 0.02013707 0.9998107 0 0.01946038 -0.7170107 0.6969505 0.01247638 -0.6923558 0.7147962 0.09853971 -0.692115 0.7056172 0.151925 -0.6670362 0.7108979 0.2229057 -0.6683257 0.6965929 0.2609582 -0.6133329 0.7085515 0.3489664 -0.580296 0.695669 0.4234397 -0.5499058 0.7082259 0.4427412 -0.4830191 0.7015543 0.5239409 -0.4643925 0.7075299 0.5326735 -0.3627254 0.6991233 0.6161631 -0.344003 0.6864663 0.640645 -0.2117394 0.712701 0.668748 -0.1678531 0.6926474 0.7014735 -0.0375145 0.7170231 0.6960392 0.01659536 0.6994047 0.7145333 0.1330754 0.7067196 0.6948658 0.1709373 0.6919203 0.7014462 0.2975873 0.7166115 0.630801 0.3648589 0.6930288 0.621763 0.4348238 0.71465 0.5479086 0.4875932 0.6977673 0.5247606 0.553198 0.7114616 0.4333526 0.5866634 0.7010816 0.4053525 0.6130095 0.7105916 0.345368 0.6692751 0.6907119 0.2738393 0.6731991 0.7089124 0.2103478 0.7058311 0.6983034 0.1190585 0.6944686 0.7167393 0.063232 0.7199794 0.6928969 -0.03903567 0.6987941 0.7090358 -0.09463047 0.6817067 0.6953107 -0.227638 0.6831485 0.6944012 -0.2260869 0.6219694 0.7072142 -0.336158 0.6101968 0.6878786 -0.3930432 0.5628001 0.7039248 -0.4332966 0.5039427 0.7037789 -0.5007367 0.4775695 0.6911846 -0.5423941 0.4252702 0.7073787 -0.564589 0.3291181 0.6974503 -0.6365881 0.3232901 0.699844 -0.6369475 0.1883296 0.7005714 -0.6882817 0.08269959 0.6509191 -0.7546291 0.03027361 0.68692 -0.7261022 -0.121481 0.6975709 -0.7061426 -0.1624261 0.6835348 -0.7116165 -0.2418435 0.703031 -0.6687744 -0.3598847 0.6941768 -0.6233791 -0.4129999 0.6669725 -0.6201442 -0.4854185 0.710218 -0.5098621 -0.6083098 0.6684727 -0.4279059 -0.6127172 0.6958455 -0.374669 -0.6756096 0.705748 -0.2132406 -0.6583731 0.7160127 -0.2321011 -0.7016776 0.7053441 -0.1006894 -0.6974245 0.713995 -0.06172704 -0.9998123 0.004058063 0.01894485 -0.9961 -0.003605604 -0.08815872 -0.9814885 0.001721799 -0.1915134 -0.953615 -0.00519818 -0.3009843 -0.9159558 0.002460896 -0.4012716 -0.8531381 -0.003091156 -0.5216761 -0.8112163 0.003091096 -0.5847381 -0.6895296 -0.004477143 -0.7242437 -0.6587306 1.95573e-4 -0.752379 -0.5036302 -0.001758635 -0.8639177 -0.4999584 -0.002189099 -0.8660467 -0.3753994 6.45478e-4 -0.9268629 -0.3400498 -9.03663e-4 -0.940407 -0.2557656 9.03796e-4 -0.9667384 -0.1695414 -0.00270766 -0.9855194 -0.1321161 -3.86289e-4 -0.9912342 0.05330413 -0.004164159 -0.9985697 0.04167765 -0.002621769 -0.9991277 0.2272055 0.001202881 -0.9738461 0.2639511 -0.001504063 -0.9645349 0.3870354 0.001160621 -0.9220643 0.4525995 -0.003271043 -0.891708 0.5216934 7.73111e-4 -0.8531329 0.6016622 -0.002191543 -0.7987477 0.6443859 0.001161575 -0.7646996 0.7093628 -6.44925e-4 -0.7048433 0.7354834 9.03731e-4 -0.6775422 0.7923927 -9.03546e-4 -0.6100107 0.8149138 6.45631e-4 -0.5795821 0.879725 -0.001862704 -0.4754794 0.8813638 -0.001545906 -0.4724359 0.9425358 1.12094e-6 -0.3341053 0.9493592 -0.001503765 -0.3141891 0.9851654 0.001504242 -0.1716009 0.9909541 -0.001202464 -0.1341965 0.9992811 0.0023157 0.03784066 0.9958719 -0.004163026 0.09067481 0.969367 6.431e-4 0.2456161 0.954489 -0.002707481 0.2982341 0.9244751 9.03729e-4 0.3812415 0.8712447 -0.001591145 0.4908465 0.8691653 -0.001289486 0.4945202 0.8000187 1.19569e-6 0.5999752 0.787217 -0.001504063 0.6166744 0.7003788 0.0011608 0.7137704 0.6216289 -0.005280911 0.783294 0.5564773 8.95085e-4 0.8308624 0.4266629 -0.004425823 0.9043999 0.4024912 -0.001716494 0.9154223 0.2272219 1.73051e-4 0.9738431 0.1881057 -0.003091633 0.9821439 0.0777052 0.001461625 0.9969754 -0.05381053 -0.005258023 0.9985373 -0.09985971 -0.001490116 0.9950005 -0.2231138 -2.13153e-4 0.9747924 -0.301842 -0.006873428 0.9533333 -0.4063365 0.001117348 0.9137229 -0.5072927 -0.001202642 0.861773 -0.5395455 0.001503944 0.8419553 -0.6571425 -0.001504004 0.7537649 -0.6979165 0.002460598 0.716175 -0.7789162 -0.002460896 0.6271233 -0.8124761 0.001504004 0.5829927 -0.8691657 -6.4527e-4 0.4945206 -0.9058474 0.002622306 0.423596 -0.9484378 -0.003247916 0.3169469 -0.9698788 0.002605974 0.2435742 -0.990021 -0.002195358 0.1409028 -0.9997785 1.73604e-4 -0.0210492 -0.9998158 -0.003091096 0.01894468 -0.9880314 0.002460658 0.1542339 -0.969874 -0.004058063 0.2435732 -0.9272297 0.002979576 0.3744815 -0.9058535 -2.23408e-5 0.4235911 -0.8124653 0.006569206 0.5829727 -0.8385344 6.90841e-4 0.5448483 -0.6754258 -0.00189346 0.7374256 -0.6979104 0.001893818 0.7161827 -0.5395463 -1.7334e-4 0.841956 -0.5054305 0.003091692 0.8628618 -0.4063367 -0.001461386 0.9137223 -0.2662703 0.006136357 0.9638789 -0.2231296 0.001823782 0.9747871 -0.09983813 0.001185655 0.9950031 -0.02442634 0.006190896 0.9996825 0.07768827 -0.00111711 0.9969772 0.1902161 0.001202881 0.9817415 0.2272378 -0.001503646 0.9738382 0.3675482 0.001504361 0.9300034 0.4024772 -0.001202464 0.9154293 0.5536084 0.002315759 0.832774 0.5564667 0.001893997 0.8308678 0.7003894 -1.12093e-6 0.713761 0.7268898 0.002704918 0.6867489 0.8000255 -7.73597e-4 0.5999656 0.8531163 0.004058301 0.5217053 0.8691644 0.001802682 0.4945201 0.9244753 5.16032e-4 0.3812416 0.9486765 0.004058182 0.3162221 0.9693675 -0.001202225 0.245612 0.9955225 0.00193113 0.09450578 0.9992763 -0.003862977 0.03784132 0.9957205 0.001461625 -0.09240496 0.9851632 -0.002622365 -0.1716005 0.968333 6.45342e-4 -0.2496613 0.9425372 -0.0011608 -0.3340991 0.922877 0.002191185 -0.3850888 0.8813689 -7.74103e-4 -0.4724282 0.8542084 0.002020955 -0.5199269 0.8149133 -9.04182e-4 -0.5795822 0.7383512 0.001590669 -0.6744145 0.7355067 0.001289248 -0.6775164 0.6443977 -1.49458e-6 -0.7646905 0.6149914 0.002705156 -0.7885292 0.5217073 -7.73103e-4 -0.8531243 0.4216604 0.00502336 -0.9067399 0.3870189 0.001545071 -0.9220705 0.2272542 -1.74238e-4 -0.9738355 0.1880809 0.003090798 -0.9821488 0.05330437 -0.002460896 -0.9985753 -0.01890832 0.002705335 -0.9998176 -0.132116 -7.7301e-4 -0.991234 -0.2100277 0.003270626 -0.97769 -0.2557657 3.86754e-4 -0.9667387 -0.3753994 3.86743e-4 -0.9268631 -0.3870515 0.001160323 -0.9220575 -0.503605 -0.001504778 -0.8639328 -0.5359804 0.001202762 -0.8442296 -0.6587293 -0.001930356 -0.7523776 -0.6867287 0.001930654 -0.7269114 -0.811223 -0.001930892 -0.5847338 -0.8241202 3.53844e-4 -0.566415 -0.9279345 -0.001893758 -0.3727386 -0.9159569 0.00189352 -0.4012721 -0.98149 -3.54131e-4 -0.1915137 -0.9788448 -0.001716017 -0.204597 -0.7132977 -0.6937445 0.09962397 -0.7060935 -0.6994875 0.1102238 -0.6562598 -0.7064526 0.2650432 -0.6511986 -0.6714401 0.3537072 -0.6000041 -0.6985753 0.389856 -0.495549 -0.6794841 0.5410478 -0.4911626 -0.6726739 0.5534159 -0.3572677 -0.7073588 0.6099209 -0.2410343 -0.6643863 0.7074555 -0.1918586 -0.6934096 0.6945312 -0.01739412 -0.702428 0.7115423 0.08516705 -0.646939 0.7577709 0.13929 -0.6810053 0.718909 0.2622749 -0.7005796 0.6636265 0.4176804 -0.6563276 0.6283131 0.401952 -0.6673913 0.6269158 0.5125813 -0.7090428 0.4842715 0.5918216 -0.6872329 0.421258 0.6025814 -0.7078863 0.3685006 0.6832316 -0.6937784 0.2277415 0.6864629 -0.6915552 0.2247668 0.6982026 -0.7128254 0.06628191 0.724269 -0.6895077 0.003682076 0.7048391 -0.7063452 -0.06540966 0.7009464 -0.6899362 -0.180727 0.6987438 -0.6965754 -0.1629106 0.6504448 -0.7094077 -0.271408 0.6457453 -0.702296 -0.2996555 0.6016014 -0.7099338 -0.3661555 0.5681418 -0.6826584 -0.4595568 0.5269521 -0.7004634 -0.4813238 0.437003 -0.7036203 -0.5603097 0.411449 -0.6866299 -0.5993739 0.2952204 -0.7140246 -0.6348338 0.162657 -0.6548287 -0.7380664 0.139609 -0.6701472 -0.7289802 -0.01350021 -0.7004973 -0.7135273 -0.1106364 -0.6765371 -0.7280502 -0.1502608 -0.698787 -0.6993701 -0.2749338 -0.7038357 -0.6550013 -0.3172775 -0.6912425 -0.6492447 -0.377038 -0.7107105 -0.5939134 -0.4322685 -0.7032766 -0.5643988 -0.4790662 -0.716488 -0.5070904 -0.5453204 -0.6953843 -0.4680451 -0.5804277 -0.7098927 -0.3989437 -0.6695182 -0.6762701 -0.3072526 -0.6689463 -0.693045 -0.2686996 -0.7038614 -0.6949353 -0.1471198 -0.7242564 -0.6804904 -0.1112905 -0.7071169 -0.70694 -0.01488828 -0.7258772 0.6865179 0.04237425 -0.7055909 0.7040358 0.08046931 -0.6736689 0.7067536 0.2160317 -0.6683174 0.7097469 0.2227356 -0.6189512 0.6952376 0.3654369 -0.6198076 0.7056276 0.343407 -0.504527 0.7015344 0.5032911 -0.5541031 0.6764412 0.4851774 -0.417625 0.7082133 0.5692304 -0.3544834 0.6718663 0.6503363 -0.3067664 0.6947311 0.6505714 -0.1375461 0.706536 0.6941816 -0.09165608 0.6845831 0.7231496 0.02944743 0.7073121 0.7062879 0.1540036 0.6542571 0.740426 0.1927713 0.6829566 0.7045634 0.3274979 0.7126619 0.6203694 0.4071257 0.6878444 0.6009315 0.4490639 0.7067349 0.5466878 0.5833155 0.6715226 0.4569469 0.5554373 0.6874318 0.4678964 0.6282565 0.7149815 0.3067497 0.6684309 0.6937522 0.2681568 0.6891416 0.704039 0.1715019 0.7288776 0.6788459 0.08891475 0.7057374 0.7082489 0.01784187 0.7055256 0.6952614 -0.1372779 0.7100664 0.6878666 -0.1504834 0.6331812 0.7095783 -0.3091605 0.6215713 0.6574798 -0.4258751 0.5510217 0.6933694 -0.4643425 0.4364549 0.6861072 -0.5820344 0.4134871 0.6606293 -0.6265758 0.3108815 0.7025666 -0.6401195 0.215532 0.7057026 -0.6749296 0.1422241 0.685677 -0.7138764 0.1317689 0.689743 -0.7119632 0.02834248 0.7046923 -0.7089468 -0.06063097 0.6831469 -0.7277598 -0.1395937 0.7195693 -0.6802453 -0.3527696 0.6657547 -0.6575137 -0.3428654 0.6491312 -0.6790229 -0.4687952 0.7025617 -0.535386 -0.5214267 0.6884852 -0.5040857 -0.5484996 0.7049666 -0.4496335 -0.6095893 0.7023779 -0.3675135 -0.6463681 0.6876083 -0.3307615 -0.6546971 0.7086695 -0.2629814 -0.7076532 0.6914398 -0.1453893 -0.7125015 0.6810909 -0.1686918 -0.7090287 0.7041108 -0.03881114 -0.9998577 0.001117467 -0.0168367 -0.9985039 -0.001591145 -0.05465841 -0.9885587 3.87469e-4 -0.1508362 -0.9730985 -0.001271843 -0.2303858 -0.9593871 0.001461863 -0.2820891 -0.9279354 -0.002460896 -0.3727329 -0.9058526 0.001504302 -0.4235907 -0.8563832 -6.44894e-4 -0.5163405 -0.83628 9.03987e-4 -0.5483018 -0.7733266 -0.001271605 -0.6340066 -0.7383595 0.001462161 -0.6744058 -0.6587768 -0.003091216 -0.7523322 -0.5999319 0.003091037 -0.8000451 -0.4507491 -0.004087626 -0.8926414 -0.4216601 -9.60996e-4 -0.9067534 -0.263903 -0.001824617 -0.9645475 -0.2010096 -0.008082389 -0.979556 -0.07358837 0.001116693 -0.9972881 0.04000067 -0.001203358 -0.9991989 0.07775461 0.001503288 -0.9969714 0.1819282 -6.46043e-4 -0.9833116 0.2435705 0.001935541 -0.9698813 0.3041693 -6.44608e-4 -0.9526178 0.3870516 0.001161992 -0.9220574 0.436841 -0.00219053 -0.8995362 0.5507346 0.001828074 -0.8346785 0.5999323 -0.003088831 -0.8000448 0.6882897 0.001632869 -0.7254342 0.764681 -0.004057943 -0.6443963 0.8000325 8.96737e-7 -0.5999568 0.8891669 -0.001716315 -0.4575801 0.8986009 -0.003863275 -0.4387502 0.9650998 0.003862917 -0.2618543 0.9815838 -0.003560841 -0.1909991 0.998507 6.43487e-4 -0.05462217 0.9996716 -0.00425148 0.02527427 0.9935594 0.001160979 0.1133069 0.9704019 -0.001504242 0.2414911 0.9555268 0.002460539 0.2948943 0.8986009 -0.003863334 0.4387502 0.8722518 0.001930117 0.4890534 0.7872173 -0.001203238 0.6166747 0.7633177 0.001503705 0.6460217 0.6347194 -0.002189457 0.7727396 0.6314638 -0.001758575 0.7754034 0.4860136 3.6926e-5 0.8739514 0.4668289 -0.002188563 0.884345 0.3002578 0.001504719 0.9538569 0.2639037 -0.001202583 0.9645484 0.1286775 0.001615941 0.9916852 0.04166668 -0.006408035 0.9991111 -0.09106063 0.00172162 0.995844 -0.1943759 -0.003605842 0.9809205 -0.263872 0.001503229 0.9645566 -0.4265162 -0.00204277 0.9044777 -0.4368414 -0.001048803 0.899538 -0.5675228 -0.001824498 0.8233558 -0.5915457 -0.004679143 0.8062579 -0.6728845 -3.86799e-4 0.7397474 -0.7268688 -3.86819e-4 0.6867763 -0.7523636 -0.00193566 0.6587452 -0.792393 6.45589e-4 0.6100107 -0.8611081 -0.001862764 0.5084188 -0.8712177 -1.52932e-6 0.4908969 -0.9486972 2.54701e-6 0.3161865 -0.9436815 -0.001894116 0.33085 -0.9909543 1.73412e-4 0.1341996 -0.9935594 -0.001545011 0.1133025 -0.9968665 0.002460658 0.07906496 -0.9909538 -0.001504063 0.134195 -0.9555253 0.001862943 0.2949034 -0.943679 -0.001616537 0.3308587 -0.881366 0.001544237 0.4724318 -0.8712176 -1.74209e-4 0.4908969 -0.7924113 0.001288712 0.6099859 -0.7745573 0.003340601 0.6324951 -0.7269048 3.86797e-4 0.6867382 -0.6728429 3.86819e-4 0.7397854 -0.6314624 0.002622246 0.7754021 -0.5675457 -0.001461744 0.8233406 -0.4724566 0.003091156 0.8813486 -0.436842 -1.72909e-4 0.8995383 -0.2639037 0.001716792 0.9645475 -0.2288714 0.005401968 0.9734417 -0.09106063 -0.00172162 0.995844 0.04166668 0.006408035 0.9991111 0.1286501 -0.001615941 0.9916887 0.2639036 0.001202583 0.9645484 0.300258 -0.001504719 0.9538569 0.436841 0.001503348 0.8995375 0.4860121 -0.002460777 0.8739487 0.5875164 0.002460837 0.8092085 0.6314643 -0.001503825 0.7754036 0.738327 0.001504123 0.6744413 0.7633038 -0.001202046 0.6460387 0.8531286 0.001931369 0.5216972 0.8722518 -0.001929998 0.4890533 0.9353046 0.001117706 0.3538419 0.9555219 -0.003340542 0.2949016 0.9885506 0.00270754 0.1508658 0.99356 3.86196e-4 0.1133069 0.9984998 0.003810048 -0.05462181 0.9996805 5.18381e-4 -0.02527451 0.9617339 -0.002054989 -0.2739775 0.9651053 -3.90213e-4 -0.2618618 0.8891739 0.001758396 -0.4575662 0.86283 0.007327258 -0.5054413 0.8000325 3.85896e-4 -0.5999565 0.6882853 0.003810107 -0.7254301 0.6982913 0.002255141 -0.7158102 0.5507154 -0.001616597 -0.8346915 0.5187489 0.001862585 -0.8549247 0.3870516 -0.001161217 -0.9220574 0.3518884 0.001160442 -0.9360412 0.2435708 -0.001161575 -0.9698824 0.1901994 0.002191483 -0.9817431 0.07775461 -0.001288414 -0.9969718 0.01546466 0.002531766 -0.9998772 -0.07355439 -0.002020895 -0.9972892 -0.218952 0.003993809 -0.9757276 -0.2639034 2.13496e-4 -0.9645491 -0.4216596 0.001927793 -0.9067522 -0.4421702 0.004476904 -0.8969201 -0.5999482 -0.003091037 -0.8000329 -0.6706905 0.004394829 -0.7417244 -0.73836 -4.73405e-4 -0.6744067 -0.8362496 0.006042003 -0.5483157 -0.8149198 0.002188622 -0.5795696 -0.9058526 -0.001504302 -0.4235904 -0.9212346 0.001202821 -0.3890056 -0.9593904 -0.00111705 -0.2820798 -0.9693754 0.001591086 -0.245579 -0.9885604 -3.8744e-4 -0.1508249 -0.997528 0.001271963 -0.07025814 -0.9998573 -0.001461863 -0.0168367 -0.7291827 -0.6818709 0.05783343 -0.7412201 -0.6658452 0.08510553 -0.6735005 -0.7093595 0.2078612 -0.6632066 -0.7023949 0.2584537 -0.616327 -0.7148373 0.3303765 -0.6015644 -0.7022913 0.3806667 -0.5490649 -0.7053403 0.4483556 -0.5429714 -0.6985765 0.4660184 -0.444401 -0.7104179 0.5457236 -0.4244471 -0.7015666 0.5724064 -0.3315154 -0.7124953 0.6184238 -0.2572073 -0.6738115 0.6926923 -0.1619144 -0.7068428 0.6885906 -0.01580607 -0.6670274 0.7448655 0.02990561 -0.6961448 0.7172783 0.189293 -0.696869 0.6917672 0.2282274 -0.6825228 0.6943161 0.307578 -0.7101466 0.6333149 0.4518777 -0.690428 0.5649032 0.4379992 -0.6664943 0.6032763 0.525492 -0.7024622 0.4800053 0.6107698 -0.6823662 0.4016677 0.6127158 -0.695837 0.3746867 0.6629799 -0.7053701 0.2508203 0.7301407 -0.6661765 0.1519983 0.7169189 -0.6885179 0.1094098 0.709685 -0.7042907 -0.01794195 0.7400493 -0.6588255 -0.1351889 0.6874015 -0.6993784 -0.1958287 0.6219711 -0.7054456 -0.3398507 0.6030675 -0.7151977 -0.3532733 0.5060577 -0.6833831 -0.5262065 0.5117825 -0.6803164 -0.5246412 0.3759019 -0.6891595 -0.6194813 0.2757104 -0.6212502 -0.7335067 0.3269936 -0.6879776 -0.6478905 0.1343046 -0.7081401 -0.693181 0.004778563 -0.6617668 -0.7496945 0.01168096 -0.6565655 -0.7541786 -0.1560766 -0.7014066 -0.6954631 -0.324839 -0.6514778 -0.6856067 -0.3316674 -0.6613889 -0.6727268 -0.4816184 -0.6959576 -0.5326226 -0.598913 -0.6433774 -0.476832 -0.6015363 -0.6746386 -0.4278048 -0.6509888 -0.7075658 -0.2748897 -0.7128708 -0.68132 -0.1661881 -0.7167468 -0.6732795 -0.1815736 -0.71441 -0.6979158 -0.05032044 0 -0.9999282 0.01198607 -0.06510359 -0.9929912 -0.09864181 0.01272743 -0.9874752 -0.1572599 -0.002642571 -0.9508936 -0.3095067 -0.01457369 -0.9531978 -0.3019959 -0.001568377 -0.9048951 -0.4256319 -0.0301305 -0.8782172 -0.477312 0.02027148 -0.8437173 -0.5364051 0.001620829 -0.7955887 -0.6058349 0.101383 -0.7384411 -0.6666531 -0.005635797 -0.6750566 -0.7377445 0.01448106 -0.5097731 -0.8601871 0.0516982 -0.5238121 -0.8502636 0.02742075 -0.3439548 -0.9385858 0.1327705 -0.2569462 -0.9572621 -0.007781386 -0.1581245 -0.9873886 0.03982138 0.03593701 -0.9985604 0.05104732 0.04180634 -0.9978209 -0.001100599 0.2340896 -0.9722145 0.1167912 0.3137603 -0.942292 -0.07820361 0.4740512 -0.8770175 0.04971355 0.564295 -0.8240751 -0.09019255 0.6858331 -0.7221484 0 0.7349883 -0.6780798 0 0.8271054 -0.562047 0.07932788 0.8566634 -0.5097402 0.01748675 0.8993355 -0.4369096 0.01125967 0.9472199 -0.320387 0.02298313 0.9496412 -0.3124955 -0.02172338 0.9860171 -0.1652225 0.03491252 0.9935354 -0.1080215 -0.02871185 0.9995418 0.009577512 0.01242923 0.9984794 0.05370694 -0.02172404 0.9853997 0.1688652 0.04417169 0.971121 0.2344631 -0.0210852 0.9427867 0.3327292 0.04863011 0.90326 0.4263292 -0.04463392 0.863159 0.5029557 0.05184745 0.794556 0.6049734 -0.05029857 0.730691 0.680853 0.03291934 0.6495506 0.7596054 -0.02335011 0.5969818 0.8019149 0.03293001 0.501103 0.8647609 -0.02353823 0.4506587 0.892386 0.02281206 0.3424152 0.9392719 -0.04478132 0.2693416 0.9620031 0.02070885 0.1882724 0.9818985 -0.05354332 0.08098077 0.9952765 0.005311965 0.02397471 0.9996985 -0.01256346 -0.09710282 0.9951951 -0.06369221 -0.1461887 0.9872042 0.01020395 -0.2336167 0.9722753 -0.02921134 -0.3433585 0.93875 0.05791479 -0.4062216 0.9119375 -0.04373073 -0.5464096 0.8363758 0.00178343 -0.58109 0.8138374 -0.06008774 -0.6939793 0.7174833 -0.03884065 -0.6828208 0.7295528 0.01361256 -0.7744667 0.6324683 -0.03370928 -0.831364 0.554705 -0.01900887 -0.8399219 0.5423744 -0.0326628 -0.9068697 0.4201434 -0.07533138 -0.9194588 0.3859023 0.01059764 -0.9553525 0.2952784 -0.03922057 -0.9907709 0.1297491 -0.08415353 -0.9843719 0.1546942 1 4.53206e-7 0 1 -2.70163e-7 0 1 -1.26047e-7 0 1 0 0 1 1.42814e-7 0 1 5.94197e-7 0 1 -8.60597e-7 0 1 -3.49985e-7 0 1 3.70512e-7 0 1 -3.65515e-6 0 1 1.7786e-7 0 1 4.20215e-7 0 1 7.06087e-7 0 1 -4.97144e-7 0 1 1.06658e-6 0 1 -2.42838e-7 0 1 1.59917e-6 0 1 -1.49272e-6 0 1 1.26006e-6 0 1 -4.40404e-6 0 1 0 0 1 0 0 1 -1.81988e-7 0 1 2.80278e-7 0 1 1.0334e-6 0 1 -1.54862e-7 0 1 3.05223e-7 0 1 -2.83123e-7 0 1 0 0 1 -3.43584e-7 0 1 0 0 1 2.07603e-7 0 1 -1.77872e-7 0 0.02446627 -0.9936228 -0.1100685 -0.04385703 -0.9840096 -0.1726314 0.01118338 -0.9621496 -0.2722926 -0.06688237 -0.9195701 -0.3871919 -0.0689857 -0.9200149 -0.3857637 0.02325433 -0.8424863 -0.5382158 -0.04239487 -0.8091958 -0.5860076 0.03056341 -0.7426939 -0.6689333 -0.02715414 -0.683996 -0.7289802 0.007853806 -0.6396965 -0.7685874 -0.02001577 -0.5641538 -0.8254271 0 -0.5454264 -0.8381587 0 -0.4626311 -0.886551 0.03607088 -0.4257788 -0.9041081 -0.009318053 -0.33094 -0.9436059 0.03541886 -0.2686314 -0.9625917 -0.08482217 -0.1416852 -0.986271 -0.02251994 -0.08565735 -0.9960702 -0.05040955 0.07713198 -0.9957457 -0.120234 0.1206157 -0.9853911 0.04850596 0.2754501 -0.9600909 -0.08182495 0.4132263 -0.9069448 0.03804516 0.5032272 -0.8633163 -0.06653583 0.6369839 -0.7680003 -0.02309459 0.6576468 -0.7529723 -0.01698076 0.8243807 -0.5657811 -0.1085395 0.8435302 -0.5260001 0.01016914 0.9211422 -0.3890933 -0.09329652 0.9680177 -0.2328895 -0.02853763 0.9791038 -0.2013491 0.02849656 0.9991443 0.02997922 0 0.9998982 0.01427018 0 0.9698261 0.2437984 0.03512847 0.9643155 0.2624148 -0.03372979 0.8985578 0.4375573 0 0.8889467 0.458011 0 0.7888234 0.6146199 -0.0329107 0.8019472 0.5964877 0.01278549 0.7003697 0.7136658 -0.04217392 0.644596 0.7633594 0.024073 0.5904847 0.8066899 -0.07728236 0.4588897 0.8851258 -0.09504002 0.4478581 0.8890391 0.01909667 0.3231227 0.9461645 -0.03199625 0.2229058 0.9743149 0.01482272 0.1823471 0.9831225 -0.01613712 0.02572971 0.9995387 0.02481627 -0.009073317 0.9996509 -0.0578128 -0.1951031 0.9790773 -0.0159437 -0.217223 0.9759918 -0.01177746 -0.3854506 0.9226533 -0.06852436 -0.4245309 0.9028167 0.02635711 -0.5461034 0.8373032 -0.04133474 -0.6463376 0.7619312 0.03944909 -0.6893987 0.7233072 -0.02987807 -0.7733393 0.6332882 0.02459299 -0.813143 0.5815441 -0.05050265 -0.891476 0.4502445 -0.07574599 -0.8809099 0.4671836 -0.002359509 -0.9285512 0.3711968 -0.04305195 -0.9651522 0.2581237 -0.003661394 -0.9722339 0.2339826 -0.01284635 -0.9986773 0.04978638 -0.03250437 -0.9988613 0.03492271 1 -3.18377e-7 0 1 2.92371e-7 0 1 0 0 1 -4.36511e-7 0 1 -2.85876e-7 0 1 5.00595e-7 0 1 1.24861e-7 0 1 4.03023e-7 0 1 -1.82132e-7 0 1 8.05509e-7 0 1 -4.25947e-7 0 1 6.04725e-7 0 1 -1.04684e-6 0 1 6.37024e-6 0 1 -3.07934e-7 0 1 5.60859e-7 0 1 -4.80094e-7 0 1 -2.60854e-7 0 1 4.16063e-7 0 1 3.13182e-7 0 1 -2.12373e-6 0 1 5.12242e-7 0 1 -4.84113e-7 0 1 3.5309e-7 0 1 4.04609e-7 0 1 -1.17368e-6 0 1 9.10321e-7 0 1 -2.93651e-7 0 1 6.32748e-7 0 1 -3.65723e-6 0 1 0 0 1 -1.35231e-7 0 1 -2.85786e-7 0 1 -2.35201e-7 0 1 -9.98658e-7 0 1 2.02551e-7 0 0.03521341 -0.9960603 0.08138805 0.02524214 -0.9968183 0.07560575 -9.43315e-4 -0.9678607 0.2514855 0.09762394 -0.9418162 0.3216394 0.03159326 -0.9217512 0.3864929 0.0190106 -0.8649594 0.5014816 0.1470605 -0.7824983 0.6050371 0.02394109 -0.7494262 0.661655 0.03567665 -0.6080275 0.7931141 0.05067765 -0.6005817 0.7979559 -0.04688829 -0.3851231 0.9216733 -0.02249014 -0.371426 0.9281902 -0.03940808 -0.2071099 0.9775238 -0.1369447 -0.1417402 0.9803856 0.04398453 0.02973163 0.9985898 -0.02024239 0.1046054 0.9943078 0.1429348 0.2954893 0.944593 -0.02835327 0.2084464 0.9776228 -0.00314337 0.3731233 0.9277764 -0.05087226 0.4319748 0.9004499 0 0.4837581 0.8752018 0 0.6138781 0.7894008 0.04124724 0.6339159 0.7723014 -0.0480324 0.7837131 0.6192631 -0.02735 0.7904834 0.6118724 -0.01583057 0.912975 0.4077083 -0.1444425 0.9308767 0.3355668 0.02561551 0.9791812 0.2013654 -0.0372895 0.996073 0.08030062 0.02871185 0.9995418 0.009577512 -0.03491228 0.9935355 -0.1080214 -0.01045775 0.991083 -0.1328352 1.15702e-6 0.9713816 -0.2375242 -0.06455022 0.9427672 -0.3271444 -0.03292489 0.9362521 -0.3497829 0.004530549 0.8793402 -0.4761726 -0.04833483 0.8473045 -0.5289036 0.05483692 0.7794755 -0.624028 -0.03838086 0.7231894 -0.6895825 0.02845811 0.6325659 -0.7739836 -0.01449078 0.5920393 -0.8057788 0.04229915 0.4833228 -0.8744198 0 0.5114779 -0.8592965 0 0.3928176 -0.9196164 0.03139281 0.3431203 -0.9387668 0.003925025 0.3080062 -0.9513763 0.02570235 0.1636228 -0.9861881 0 0.1788929 -0.9838686 0 -0.04193794 -0.9991203 -0.02477109 -0.02928191 -0.9992643 0.014831 -0.229381 -0.9732238 0.01619517 -0.2284418 -0.9734228 0.003133714 -0.3557523 -0.934575 0.02472436 -0.3963708 -0.9177576 -0.007326245 -0.4388338 -0.8985384 0.01375228 -0.5325934 -0.8462596 -0.01793688 -0.5571696 -0.830205 0.01410746 -0.660714 -0.7505052 -0.04983377 -0.69817 -0.7141956 0.01117926 -0.7753366 -0.6314492 -0.02877128 -0.8130529 -0.5814785 0.04853606 -0.8725595 -0.4860906 0.02185583 -0.8885227 -0.458312 0.006451487 -0.931686 -0.3632074 0.05260491 -0.9457592 -0.3205813 -0.01530396 -0.9740446 -0.2258384 0.03437787 -0.991419 -0.1261214 -0.005305111 -0.9964646 -0.08384597 -1 -3.49322e-7 0 -1 -5.53507e-7 0 -1 0 0 -1 -1.5725e-7 0 -1 -7.23313e-7 0 -1 2.72848e-7 0 -1 -3.35525e-7 0 -1 -2.2374e-7 0 -1 6.17606e-7 0 -1 -4.54234e-7 0 -1 2.11326e-7 0 -1 -4.24173e-6 0 -1 -2.79433e-7 0 -1 2.36063e-6 0 -1 -3.58029e-7 0 -1 9.10588e-7 0 -1 -1.32444e-7 0 -1 2.70454e-7 0 -1 -1.07823e-6 0 -1 1.95542e-7 0 -1 0 0 -1 -1.67384e-7 0 -1 3.1112e-7 0 -1 -1.82326e-7 0 -1 -1.80344e-7 0 -1 -2.46355e-7 0 -1 1.40601e-7 0 -1 -3.46471e-7 0 -1 2.98181e-7 0 -1 -3.69838e-7 0 0.02303719 -0.9991242 0.03493088 -0.03843176 -0.9915134 0.1241949 0.06306403 -0.9678442 0.2435174 -0.008386194 -0.9481697 0.3176537 0.02023172 -0.9127006 0.408128 0.04323935 -0.9026839 0.4281265 -0.00931847 -0.8461568 0.5328525 0.03541994 -0.8091875 0.5864821 -0.04010468 -0.7588864 0.6499871 0.03707689 -0.6584371 0.751722 -0.07127559 -0.5866971 0.8066637 0.03942489 -0.50155 0.86423 -0.0610814 -0.389981 0.9187948 0.01909768 -0.3003411 0.9536408 -0.04785466 -0.16745 0.9847185 -0.07096862 -0.1817861 0.9807739 -0.004712462 -0.05991852 0.9981921 -0.03566795 0.06653869 0.9971461 0 0.08998721 0.995943 0 0.2448682 0.9695564 0.08010762 0.3022965 0.9498419 -0.02302259 0.4258428 0.9045042 0.05129426 0.5042833 0.8620136 -0.03701823 0.5883669 0.8077464 0.06257587 0.6982402 0.7131233 0.04728424 0.7072446 0.7053859 0.01646518 0.8234227 0.5671896 0.1778056 0.8686465 0.4624268 0.02574533 0.9203614 0.3902207 0.02564257 0.9864477 0.1620602 0.03999066 0.9870682 0.1552327 -0.00722891 0.9981965 -0.05959552 0.06258994 0.9920346 -0.1093158 -0.01278501 0.9774425 -0.2108146 0.03602766 0.9286651 -0.3691657 -0.04220402 0.9452097 -0.3237243 0.04987895 0.8434883 -0.5348269 0.01229083 0.8540397 -0.5200629 -0.04500514 0.6909708 -0.7214804 0.07921379 0.7295988 -0.6792724 -0.008438289 0.5613873 -0.8275102 0.04170882 0.5235398 -0.8509798 -0.04417103 0.4044095 -0.9135108 0.08595919 0.2788971 -0.9564661 0.03143048 0.2374107 -0.9709008 0.02079284 0.09576433 -0.9951869 0.0505681 0.06870818 -0.9963544 -0.007066071 -0.03814494 -0.9992473 0.06578308 -0.1722908 -0.9828472 0.02385622 -0.1443663 -0.9892368 -0.01715981 -0.3070536 -0.9515375 0.1186169 -0.4043354 -0.9068864 0.005767643 -0.4856093 -0.874157 0.03979456 -0.6143475 -0.7880316 0.09555363 -0.6402186 -0.7622268 -1.74717e-4 -0.740755 -0.6717754 0.04431796 -0.8264231 -0.5613029 0.1524706 -0.8478244 -0.5078844 -0.01378834 -0.931602 -0.3632183 0.08822256 -0.968351 -0.2334808 -0.1234301 -0.9865093 -0.1075386 -1 2.80988e-7 0 -1 -2.21296e-7 0 -1 -1.72925e-7 0 -1 -4.63398e-7 0 -1 1.42811e-7 0 -1 -3.10698e-6 0 -1 2.71789e-7 0 -1 1.67184e-7 0 -1 -1.00754e-6 0 -1 0 0 -1 5.61196e-7 0 -1 -5.76684e-7 0 -1 2.70305e-7 0 -1 5.59432e-7 0 -1 -4.25148e-6 0 -1 -7.67083e-7 0 -1 5.40137e-7 0 -1 -2.84185e-6 0 -1 4.97638e-7 0 -1 8.40098e-7 0 -1 -1.77823e-7 0 -1 3.52889e-7 0 -1 -4.22167e-7 0 -1 9.05756e-7 0 -1 -5.20915e-7 0 -1 1.41847e-6 0 -1 0 0 -1 2.17483e-7 0 -1 -1.98567e-7 0 -1 4.59585e-7 0 -1 -2.65325e-7 0 -1 1.80944e-7 0 -1 -1.83911e-7 0 -1 -2.18897e-7 0 -1 -3.334e-7 0 1 -4.30461e-7 0 1 -1.9152e-7 0 1 3.95252e-7 0 1 2.63866e-7 0 1 -5.6125e-7 0 1 -5.26579e-7 0 1 3.18952e-7 0 1 1.84121e-7 0 1 -3.9543e-7 0 1 4.90326e-7 0 1 -9.08794e-7 0 1 1.12875e-6 0 1 -2.74792e-7 0 1 -5.26923e-7 0 1 6.46844e-7 0 1 -1.05619e-6 0 1 1.22696e-6 0 1 -2.62518e-7 0 1 2.37503e-7 0 1 2.62123e-7 0 1 -8.37291e-7 0 1 2.62083e-7 0 1 0 0 1 0 0 1 4.28901e-7 0 1 -2.60864e-7 0 1 1.12567e-6 0 1 -1.31993e-7 0 1 4.32897e-7 0 1 8.87599e-7 0 1 -3.69839e-7 0 1 -7.26508e-7 0 1 1.95362e-7 0 1 -2.63464e-7 0 1 -1.96344e-7 0 1 -9.97894e-7 0 1 3.95959e-7 0 1 -4.63062e-7 0 1 5.23865e-7 0 0 -0.9979268 -0.06436049 0 -0.9979268 -0.06436049 0 -0.9704777 -0.241191 0.004732191 -0.9768375 -0.2139304 -0.001578927 -0.9385195 -0.3452226 0.004259765 -0.914781 -0.4039276 -0.003099739 -0.8796786 -0.4755588 0.002737283 -0.8410747 -0.5409122 -6.3229e-4 -0.8102182 -0.5861281 0.002316236 -0.7504352 -0.6609401 -0.001369297 -0.7273798 -0.6862338 0.003216147 -0.6172924 -0.7867274 -0.003448247 -0.5906633 -0.8069108 0.003167271 -0.4436072 -0.8962157 -0.002613067 -0.4111984 -0.9115422 0.001369297 -0.2900714 -0.9570041 -0.002315938 -0.2571544 -0.9663676 6.31895e-4 -0.163532 -0.9865379 -0.001895487 -0.1228861 -0.9924191 0.001896083 -0.06155955 -0.9981017 -0.001896083 0 -0.9999983 0.001896083 0.06155955 -0.9981017 -6.31894e-4 0.1024888 -0.994734 0.002315938 0.1971755 -0.9803655 -0.001368761 0.2306053 -0.9730464 0.001982271 0.334998 -0.9422168 0 0.3484578 -0.9373246 0 0.4850983 -0.8744598 0.004732072 0.4549027 -0.8905287 0 0.5437731 -0.8392324 0.002527356 0.5888964 -0.8082046 0 0.6107991 -0.7917856 0 0.7083101 -0.7059015 0.00378859 0.6887201 -0.7250174 3.93949e-7 0.7458902 -0.666069 0.003787696 0.7980116 -0.6026303 0.001578509 0.810218 -0.5861265 3.15948e-4 0.8555786 -0.517673 0.002949297 0.8727889 -0.488089 0 0.8951636 -0.4457377 0 0.9385137 -0.345242 0.00378859 0.9287069 -0.3707953 0 0.9560044 -0.2933524 0.00509411 0.9825211 -0.1860821 0.002101421 0.9859697 -0.1669115 5.41688e-4 0.9978236 -0.06593841 0.005682468 0.9999314 -0.01024311 0 0.9986829 0.05130791 0 0.9881656 0.1533906 -0.005049407 0.9810268 0.1938068 0.001722335 0.953787 0.3004785 -0.004102349 0.9361158 0.3516682 0.004971086 0.8881776 0.4594737 0 0.8660253 0.5000002 0.001682817 0.8061828 0.5916641 0.002526164 0.8102174 0.5861242 -6.32289e-4 0.7458892 0.6660698 0.002736926 0.7083227 0.7058836 -9.47751e-4 0.6736949 0.7390091 0.003444492 0.6003897 0.7997003 0 0.5777735 0.8161972 0 0.4610009 0.8873997 -0.001981437 0.448247 0.8939076 0.001981019 0.3297078 0.944081 0 0.316157 0.9487069 0 0.1837497 0.982973 0.002526342 0.2038901 0.9789906 0 0.1228884 0.9924205 0.001264512 0.08203572 0.9966287 0 0.06155896 0.9981036 0 -0.04788362 0.998853 0.003787398 -0.02052706 0.9997822 -9.48047e-4 -0.1228893 0.99242 0.002737283 -0.1702889 0.9853904 -6.32291e-4 -0.2239527 0.9745999 0.002316236 -0.3161554 0.9487046 -0.001369297 -0.3484367 0.9373314 0.002367138 -0.4594597 0.8881955 0.002101659 -0.4610001 0.8873977 -2.10353e-4 -0.5888826 0.8082187 0.005680203 -0.6269121 0.7790694 -0.001263916 -0.6837551 0.7297105 0.004496455 -0.7693332 0.6388321 0.003788173 -0.7725944 0.6348888 0 -0.82209 0.5693577 0.004496455 -0.8736186 0.4865906 0.00378853 -0.8761 0.4821144 -1.96975e-7 -0.9127087 0.4086109 0.002166748 -0.9308776 0.3653249 0 -0.9431539 0.3323563 0 -0.9738268 0.2272914 0 -0.9738269 0.2272914 0 -0.9957343 0.09226834 0 -0.9957342 0.09226828 -1 1.48305e-7 0 -1 3.77005e-7 0 -1 -2.94758e-7 0 -1 4.82325e-7 0 -1 -8.66263e-7 0 -1 8.43672e-7 0 -1 5.61021e-7 0 -1 -2.44696e-6 0 -1 2.10681e-6 0 -1 7.0424e-7 0 -1 9.91882e-7 0 -1 6.01598e-7 0 -1 -1.52202e-6 0 -1 -4.73991e-7 0 -1 5.63335e-7 0 -1 5.27487e-7 0 -1 5.22599e-7 0 -1 2.63837e-7 0 -1 -1.69362e-6 0 -1 5.28322e-7 0 -1 3.96751e-7 0 -1 5.91192e-7 0 -1 -9.90576e-7 0 -1 1.81065e-7 0 -1 -1.77523e-6 0 -1 2.1723e-6 0 -1 -7.41794e-7 0 -1 1.30076e-6 0 -1 -5.27777e-7 0 -1 3.96469e-7 0 -1 -1.23554e-6 0 -1 9.52381e-7 0 -1 -5.26406e-7 0 -1 5.27408e-7 0 -1 -1.41005e-7 0 -1 -4.19726e-7 0 -1 5.25395e-7 0 -1 1.30855e-6 0 6.32271e-4 -0.999947 -0.01027417 -0.001895725 -0.9995239 0.03079628 0.002737104 -0.9943753 0.1058786 -0.003100037 -0.9834797 0.1809921 0.001263499 -0.9738261 0.2272911 -0.003787696 -0.9431477 0.3323523 -0.001577913 -0.9361309 0.3516482 -3.15949e-4 -0.9041271 0.4272633 -0.002949178 -0.8889694 0.4579572 0 -0.866028 0.4999957 0 -0.8061951 0.5916497 -0.00378859 -0.822081 0.5693579 0 -0.7725998 0.6348935 -0.003158152 -0.7273638 0.6862449 0.002527058 -0.6837512 0.7297109 -0.001579165 -0.6162095 0.7875807 0.004260182 -0.5651227 0.824996 -0.004260182 -0.4866094 0.8736093 0.001579165 -0.4303438 0.9026637 -0.00402373 -0.3177992 0.9481495 0.001981019 -0.2763602 0.9610521 -0.001369297 -0.1702705 0.9853965 0 -0.157724 0.9874833 0 -0.01369643 0.9999063 -0.006626904 -0.06155735 0.9980816 -0.001896023 0 0.9999983 -9.48033e-4 0.06155866 0.9981031 -0.002166688 0.08789867 0.9961271 0 0.1228883 0.9924205 0 0.2038908 0.9789937 0 0.3031538 0.9529417 -0.002526342 0.2835257 0.9589613 0 0.3612414 0.9324724 -0.002755463 0.4432245 0.8964064 0 0.4609825 0.8874092 0 0.5665571 0.8240225 0 0.5665563 0.8240231 0 0.703452 0.7107428 -0.007561981 0.6736764 0.7389878 0 0.7594054 0.6506177 -0.003789484 0.7980253 0.6026121 0 0.822087 0.5693621 0 0.8889741 0.4579575 0 0.8889746 0.4579567 0 0.9308784 0.3653294 0 0.9308789 0.3653281 0 0.9672415 0.2538582 0 0.9672408 0.2538611 0 0.9901708 0.1398637 0.001981019 0.9920701 0.1256711 -0.001369118 0.9998529 0.01710283 0.002315938 0.9998508 -0.01712369 -6.32142e-4 0.99363 -0.1126902 0.002737045 0.9859716 -0.1668907 -0.001999437 0.9738293 -0.227272 0.001790225 0.9579858 -0.2868103 -0.005445301 0.926789 -0.3755431 -0.00157833 0.9127085 -0.4086084 -2.95618e-7 0.8660265 -0.4999983 -0.003617286 0.8487312 -0.5288123 6.31896e-4 0.810219 -0.5861271 -0.002316236 0.7504347 -0.6609406 -0.001578509 0.7458892 -0.6660682 -3.15948e-4 0.6887251 -0.7250226 -0.006628394 0.6269103 -0.7790634 -0.003788173 0.6107947 -0.7917801 0.001579165 0.5147548 -0.857336 -0.001579701 0.4850975 -0.8744587 0.006015658 0.3349926 -0.9422016 -0.006016552 0.3871945 -0.9219785 9.47157e-4 0.2439132 -0.9697967 -0.005969345 0.1557369 -0.9877805 0.001550197 0.09506046 -0.9954704 -0.003786325 -0.02055436 -0.9997816 0 -0.04790532 -0.9988519 0 -0.197176 -0.9803682 0.001980543 -0.2111907 -0.9774429 -0.001981437 -0.3349986 -0.9422166 0.004024505 -0.3755661 -0.926787 -0.001579701 -0.4850966 -0.8744592 0.004259765 -0.5394669 -0.8419962 -0.003099977 -0.6048678 -0.79632 0.004971206 -0.6849949 -0.728531 -0.00301367 -0.7371154 -0.6757602 0.001999378 -0.7896986 -0.6134917 -0.002737581 -0.825965 -0.5637149 0.001896083 -0.8660254 -0.4999965 -0.001895904 -0.8951612 -0.4457386 6.32093e-4 -0.9127112 -0.4086049 -0.001895904 -0.9431526 -0.3323549 0 -0.9497786 -0.3129231 0 -0.9768483 -0.2139329 0 -0.9768484 -0.2139327 0 -0.995734 -0.09227061 -0.002526342 -0.9936272 -0.1126882 0.7070333 -0.7070368 0.01424223 0.6798421 -0.7310947 0.05757975 0.686609 -0.7242777 0.06316572 0.6883134 -0.7170506 0.109833 0.6250184 -0.763723 0.1614908 0.5751161 -0.8000264 0.1708781 0.6187873 -0.7539707 0.2205232 0.6104298 -0.7284488 0.3110271 0.4930691 -0.8124051 0.3112573 0.5236648 -0.7738377 0.3563012 0.5242912 -0.7148188 0.4627667 0.4576498 -0.7524209 0.4737295 0.4412853 -0.7650948 0.4689321 0.4385645 -0.7110756 0.5495751 0.3870726 -0.7212654 0.5744137 0.330836 -0.76643 0.550575 0.3293898 -0.745448 0.5794909 0.3036385 -0.7157289 0.6289164 0.2582236 -0.7222445 0.6416258 0.1872524 -0.779686 0.5975167 0.186938 -0.7779388 0.599888 0.1455997 -0.7237156 0.674564 0.08036744 -0.7359929 0.6722021 0.05378109 -0.7707231 0.6348965 0.007781386 -0.7184144 0.6955718 -0.06256222 -0.7225338 0.6884989 -0.08477061 -0.7663909 0.6367566 -0.1408251 -0.7163076 0.6834264 -0.1921532 -0.7377648 0.6471325 -0.2123597 -0.7745386 0.5958133 -0.2091215 -0.7614613 0.6135511 -0.2672955 -0.7210798 0.639216 -0.3188012 -0.7131664 0.6243073 -0.3328496 -0.7561552 0.5634185 -0.3541418 -0.7381959 0.5741519 -0.4126157 -0.7208843 0.5568431 -0.4297647 -0.7387406 0.5191962 -0.4293017 -0.7438594 0.5122239 -0.4929693 -0.7046883 0.5102899 -0.536284 -0.7140787 0.4499901 -0.4993835 -0.7458686 0.4407902 -0.5745608 -0.7150959 0.3981429 -0.5453721 -0.7829111 0.2993651 -0.5597152 -0.7720916 0.3009874 -0.6371769 -0.724425 0.2630856 -0.6319664 -0.7495592 0.1969255 -0.59336 -0.7902553 0.1530381 -0.6439502 -0.752337 0.1389864 -0.6902615 -0.7188377 0.0825321 -0.6722151 -0.7379127 0.06009823 -0.7069007 -0.7069145 0.02373683 -0.7071055 -0.7071081 0 -0.7071083 -0.7071053 0 0.7071083 -0.7071053 0 0.7071055 -0.7071081 0 -0.7069124 -0.7069047 0.02368092 -0.6965147 -0.7165969 0.0368278 -0.7069076 -0.7046265 0.06150823 -0.6868348 -0.7182065 0.1115228 -0.6690834 -0.7321559 0.1275742 -0.6896108 -0.7086258 0.1492862 -0.6861354 -0.7002177 0.1972651 -0.64719 -0.7216393 0.2457273 -0.6895577 -0.6924685 0.2121264 -0.7070388 -0.6562629 0.2634678 -0.6991887 -0.6522278 0.2928041 -0.7069069 -0.6490902 0.2810065 0.7061309 -0.7061309 0.05252116 0.6392142 -0.7688736 0.01545161 0.6847454 -0.7268055 0.05364412 0.6948943 -0.7120105 0.1008124 0.6466255 -0.7463138 0.15777 0.6455809 -0.747289 0.1574313 0.6848746 -0.7039433 0.1881772 0.6984056 -0.6805319 0.2215992 0.6790542 -0.6848411 0.264345 0.6834948 -0.6821491 0.2598221 0.7070284 -0.6451557 0.2896292 -0.7071081 -0.6391347 0.3024977 -0.7071062 -0.6391365 0.3024988 0.7071095 -0.639133 0.3024983 0.7071049 -0.6391381 0.3024983 -0.7069112 -0.6288228 0.323819 -0.6850938 -0.6350505 0.3568717 -0.6963996 -0.6195129 0.3622588 -0.6997385 -0.5911842 0.4010828 -0.7011564 -0.5910995 0.3987242 -0.7119946 -0.5591278 0.4247822 -0.6851778 -0.5489205 0.478767 -0.6847385 -0.5495023 0.4787279 -0.6930202 -0.5174235 0.5019921 -0.6605095 -0.502683 0.5577068 -0.6586647 -0.5029059 0.5596843 -0.697739 -0.4504216 0.5570286 -0.7031499 -0.416828 0.576051 -0.6868294 -0.3939271 0.6108084 -0.7146312 -0.3977252 0.5754277 0.7062411 -0.6171934 0.3468368 0.6391543 -0.6883995 0.342911 0.6902876 -0.6294257 0.3568282 0.7036736 -0.5984522 0.3830123 0.6870055 -0.5926008 0.4205328 0.7003964 -0.5740732 0.4241284 0.7056177 -0.5465526 0.4509811 0.63432 -0.5292572 0.5634936 0.4366451 -0.654031 0.6177253 0.6027381 -0.5421218 0.5855005 0.6615449 -0.4715189 0.5831194 0.6690204 -0.4275994 0.607923 0.6357028 -0.4076685 0.6555062 -0.7671414 -0.333707 0.5478448 -0.7439262 -0.3803809 0.5494399 -0.746468 -0.409799 0.5242618 -0.7796466 -0.4203314 0.4641904 -0.8200941 -0.4079996 0.4012259 -0.8089637 -0.4142661 0.4170869 -0.7622293 -0.4870245 0.4263964 -0.7393069 -0.5254198 0.4211406 -0.724613 -0.5617845 0.399167 -0.7386257 -0.5712019 0.3579951 -0.7458746 -0.5679898 0.347935 -0.7242773 -0.6044607 0.3317375 -0.7160611 -0.6303496 0.29986 -0.7375012 -0.6256294 0.2543227 -0.74563 -0.6197451 0.2448511 -0.7202903 -0.6566494 0.2235925 -0.7108311 -0.6750389 0.1975895 -0.7186647 -0.6775434 0.1563849 -0.7630724 -0.6389089 0.09754943 -0.7802866 -0.6165196 0.1051497 -0.7352651 -0.6746242 0.06532555 -0.7223893 -0.6909711 0.02669483 -0.7421853 -0.6698126 -0.02263039 -0.7738444 -0.6313056 -0.05116796 -0.7517123 -0.6557779 -0.06988614 -0.7213202 -0.6797371 -0.1328709 -0.7469878 -0.6389621 -0.183676 -0.7890858 -0.5805521 -0.200756 -0.7722917 -0.5962495 -0.2192079 -0.74037 -0.616429 -0.2680814 -0.7229176 -0.6165988 -0.3117629 -0.7343606 -0.5869885 -0.3408212 -0.7846845 -0.507724 -0.3556495 -0.79727 -0.498722 -0.3400544 -0.7576909 -0.5170144 -0.3982473 -0.7317634 -0.5084492 -0.4538742 -0.7380958 -0.4764764 -0.477687 -0.7613749 -0.4382609 -0.4777402 -0.7375572 -0.4410644 -0.511343 -0.7168392 -0.42408 -0.5534419 -0.7257084 -0.3861522 -0.5694153 -0.7458412 -0.3495752 -0.5670258 -0.7879443 -0.2892075 -0.5436018 -0.7931929 -0.2890452 -0.5360019 -0.7573047 -0.2761803 -0.591789 -0.7379091 -0.2404384 -0.6306184 -0.7490067 -0.1998094 -0.6317161 -0.7828148 -0.1530017 -0.6031514 -0.8133643 -0.1184173 -0.5695752 -0.8093878 -0.1222139 -0.5744172 -0.763306 -0.09467518 -0.6390624 -0.7367269 -0.06020802 -0.6735046 -0.736298 -0.02114093 -0.6763272 -0.7534595 0.01753062 -0.6572607 -0.7705948 0.03258007 -0.6364922 -0.7317847 0.06740301 -0.6781947 -0.7146291 0.119347 -0.6892471 -0.7307031 0.1552186 -0.664816 -0.7585679 0.1798158 -0.6262915 -0.7526575 0.1865561 -0.6314298 -0.7328016 0.230249 -0.6403024 -0.7403689 0.2636945 -0.6183196 -0.764243 0.2869046 -0.5775971 -0.7337703 0.2811795 -0.6184815 -0.7021276 0.353148 -0.6183069 -0.7200086 0.4028877 -0.5650392 -0.7600564 0.3544224 -0.544701 -0.7248811 0.4084959 -0.5546877 -0.7135586 0.4551605 -0.5326004 -0.7440444 0.4628457 -0.4818422 -0.7336457 0.4776868 -0.4833005 -0.7146522 0.5264018 -0.4606228 -0.7292321 0.5401732 -0.4200398 -0.7623509 0.5294149 -0.372211 -0.7438755 0.5558752 -0.371015 -0.7239946 0.5949494 -0.3490947 -0.7347205 0.6083862 -0.3000869 -0.7682321 0.5895566 -0.2494848 -0.7749727 0.5838002 -0.2420635 -0.7293323 0.6477022 -0.2203549 -0.7120022 0.6767354 -0.1873022 -0.7250606 0.6732526 -0.1449766 -0.7608927 0.6424307 -0.09124279 -0.7733714 0.6264332 -0.09735709 -0.7410577 0.6683325 -0.06453901 -0.7331286 0.6795899 -0.02607953 -0.7410366 0.6714554 0.003546059 0.6864478 -0.4052195 0.6038101 0.7454037 -0.3884729 0.5417215 0.7267574 -0.4230232 0.5411794 0.7293818 -0.4591863 0.5070998 0.7582263 -0.4648716 0.4571514 0.8035646 -0.4478356 0.3920806 0.8008933 -0.4493784 0.3957641 0.7561533 -0.5164843 0.4018409 0.7314128 -0.5615589 0.3868941 0.7342737 -0.5854136 0.343705 0.768965 -0.5732629 0.2829533 0.8276599 -0.519915 0.2113472 0.7717372 -0.5767801 0.2678554 0.7202886 -0.6566513 0.2235919 0.7108325 -0.6750375 0.1975899 0.7186647 -0.6775432 0.1563848 0.7460608 -0.6547901 0.1210093 0.7358453 -0.6675115 0.1138422 0.7156267 -0.6952309 0.06732326 0.7290687 -0.6839303 0.02642291 0.7179066 -0.6951502 0.03710019 0.7021269 -0.7116459 -0.02404356 0.7334085 -0.6744983 -0.08464163 0.7647344 -0.641639 -0.05899906 0.7373924 -0.6679195 -0.1006779 0.7260037 -0.6729372 -0.1416841 0.7430949 -0.6457503 -0.1755464 0.7778869 -0.5972611 -0.1953751 0.7600416 -0.6131424 -0.215391 0.7333018 -0.6273537 -0.2620989 0.7329874 -0.607057 -0.3069384 0.759331 -0.5627282 -0.3267315 0.8119361 -0.4823005 -0.3288556 0.7989234 -0.5013929 -0.3321545 0.7508955 -0.5231999 -0.4030112 0.7255995 -0.5133419 -0.4582418 0.7333588 -0.4801099 -0.4813309 0.7665287 -0.4264613 -0.4801714 0.7782876 -0.4097933 -0.4757501 0.7562538 -0.4128194 -0.5076025 0.7314662 -0.4068562 -0.5471976 0.7146191 -0.3841884 -0.5845673 0.7278159 -0.3428369 -0.5939249 0.7481741 -0.3147634 -0.5840886 0.7348175 -0.3045161 -0.6060639 0.7255113 -0.2728694 -0.6318035 0.7446776 -0.228716 -0.6270123 0.7937901 -0.1665487 -0.5849437 0.7884657 -0.1717062 -0.5906258 0.7354948 -0.1379159 -0.6633451 0.7232515 -0.08138066 -0.685773 0.7654387 -0.02010512 -0.6431946 0.777108 -0.01206898 -0.6292517 0.7340826 0.03775191 -0.67801 0.734856 0.08658832 -0.6726731 0.7677116 0.1275623 -0.6279705 0.8215156 0.1565999 -0.5482598 0.8267021 0.1515924 -0.5418334 0.7788358 0.2122443 -0.5902264 0.7475199 0.2693868 -0.6071612 0.7466123 0.3045464 -0.5914571 0.7761494 0.3284484 -0.5382508 0.7777445 0.3285348 -0.5358904 0.738615 0.3838694 -0.5541589 0.7206389 0.4271161 -0.5461241 0.7216729 0.4573003 -0.5196775 0.744044 0.4628461 -0.4818425 0.7336477 0.477683 -0.4833014 0.7187299 0.5165661 -0.4653889 0.7222077 0.5334997 -0.4402206 0.7452924 0.5379638 -0.3938709 0.76091 0.5307999 -0.3731854 0.7367705 0.567757 -0.3671803 0.7263278 0.5978055 -0.3392295 0.7347195 0.6083877 -0.3000864 0.768231 0.5895581 -0.2494845 0.7749737 0.5837987 -0.2420638 0.7293311 0.6477037 -0.2203545 0.7072644 0.6839933 -0.1786907 0.7500636 0.6547947 -0.0929985 0.7944115 0.5972225 -0.1106145 0.7580459 0.6470946 -0.0814566 0.7323676 0.6793673 -0.04580342 0.7336461 0.6795212 -0.003801465 -0.7108487 0.7028747 -0.0257163 -0.6458178 0.7614274 -0.05610638 -0.6771943 0.7315974 -0.07856988 -0.689025 0.7150955 -0.1178263 -0.6755534 0.7195979 -0.1606443 -0.6016336 0.7654072 -0.2284488 -0.6391049 0.7406586 -0.2072915 -0.69564 0.6722218 -0.2533831 -0.6916213 0.6562486 -0.3016586 -0.6488913 0.6723501 -0.3562099 -0.7060775 0.6388236 -0.3055471 0.7215462 0.6921913 -0.01556903 0.6861518 0.7266229 -0.03485631 0.7024855 0.7094887 -0.05603522 0.7067891 0.7022464 -0.08543574 0.6770658 0.7195835 -0.154213 0.5975463 0.7911661 -0.1303642 0.6644706 0.7293614 -0.1628219 0.688422 0.6950138 -0.2074394 0.6476308 0.7129874 -0.2687442 0.6723067 0.6975137 -0.2479481 0.7077018 0.641937 -0.2950848 0.6939728 0.6362282 -0.3370689 0.7066614 0.630099 -0.3218773 -0.7071058 0.6127958 -0.352821 -0.7071064 0.6127947 -0.3528217 0.707108 0.6127933 -0.3528211 0.7071035 0.6127984 -0.3528212 -0.7066591 0.5947234 -0.3833237 -0.6939712 0.610938 -0.3809971 -0.7077053 0.5774914 -0.4070098 -0.6866078 0.5700812 -0.4511954 -0.6983553 0.5545834 -0.4524789 -0.7070354 0.5219051 -0.4771962 -0.6642911 0.5061963 -0.5499843 -0.6247196 0.5456972 -0.558516 -0.660219 0.5017346 -0.5589038 -0.6770638 0.4600023 -0.5744411 -0.6481996 0.4329722 -0.6263964 -0.5292857 0.4321294 -0.7301513 -0.7015026 0.4073033 -0.5848062 0.7062169 0.5869992 -0.3958405 0.6719851 0.6283853 -0.3918776 0.6911307 0.5907467 -0.4163615 0.6727908 0.5797746 -0.4595802 0.6368132 0.5834479 -0.5040413 0.6098319 0.590187 -0.5289466 0.6645058 0.5370827 -0.5195904 0.6966773 0.4866967 -0.5270361 0.6899929 0.4524357 -0.5649883 0.67439 0.4496133 -0.5857014 0.6982038 0.4153108 -0.5831196 0.6989652 0.3814302 -0.6049452 0.681218 0.363958 -0.6351982 -0.7781646 0.3201578 -0.5403323 -0.7497778 0.3692726 -0.5490639 -0.7430688 0.4121581 -0.5272328 -0.7673265 0.4299918 -0.4757282 -0.8277779 0.4104706 -0.382489 -0.8034382 0.4259151 -0.4160331 -0.7479403 0.5166765 -0.4166904 -0.729728 0.561501 -0.3901457 -0.7450441 0.5735381 -0.3405339 -0.7628769 0.5632528 -0.3174353 -0.7346243 0.6066302 -0.3038539 -0.7266184 0.6308603 -0.2721047 -0.7369342 0.6349672 -0.2318288 -0.77857 0.603357 -0.1725951 -0.7828977 0.598876 -0.1685786 -0.7307181 0.6700192 -0.1308637 -0.7236068 0.6862531 -0.07382446 -0.7621048 0.647041 -0.02311807 -0.7057043 0.7057019 -0.0629782 0.7303746 0.3763228 -0.5700299 0.7837971 0.3165705 -0.5342707 0.7479447 0.3704305 -0.5507813 0.7297297 0.4210969 -0.5386762 0.7422027 0.4422346 -0.503551 0.7577003 0.4421072 -0.4800328 0.7261713 0.4893875 -0.482882 0.7139245 0.5257153 -0.4625313 0.7349363 0.5398092 -0.4104568 0.7556576 0.5324642 -0.3813969 0.725825 0.5758863 -0.3762087 0.7207472 0.6059216 -0.3367233 0.7499426 0.5996775 -0.2792366 0.7918356 0.5674763 -0.2257591 0.8222557 0.5355992 -0.1924294 0.8042796 0.5638084 -0.1877617 0.765268 0.6213535 -0.1681807 0.7436072 0.654319 -0.137532 0.7469984 0.6573584 -0.09936535 0.7662777 0.6397405 -0.05958777 0.7471623 0.6600696 -0.077825 0.7068854 0.706877 -0.02526086 -0.7071059 0.7071077 0 -0.7071079 0.7071058 0 0.7071079 0.7071057 0 0.7071059 0.7071077 0 -0.7070454 0.7070248 0.01424193 -0.6798421 0.7310947 0.05757975 -0.686609 0.7242777 0.06316649 -0.6885996 0.7122393 0.1361833 -0.6006389 0.7811412 0.1704445 -0.6441105 0.7356603 0.2095845 -0.6221644 0.7284866 0.2867382 -0.5316286 0.7886118 0.3089704 -0.4819647 0.8215631 0.304539 -0.5349769 0.7484318 0.3919816 -0.4899702 0.7377751 0.4643459 -0.3550359 0.8284124 0.4332233 -0.4020787 0.7907623 0.4615493 -0.3869957 0.7213927 0.5743056 -0.3269265 0.7353998 0.593554 -0.25257 0.7917132 0.5562362 -0.2525404 0.7882761 0.5611097 -0.2304054 0.749934 0.6200905 -0.1916172 0.7395269 0.6452774 -0.142311 0.7618594 0.6319161 -0.08918178 0.8147116 0.5729675 -0.08850145 0.8155656 0.5718569 -0.05670011 0.7594422 0.6480994 -0.01399654 0.7189685 0.6949018 0.04149758 0.7263326 0.6860896 0.08849018 0.7846457 0.6135966 0.08665984 0.7871782 0.6106067 0.1495459 0.7325817 0.6640484 0.2105767 0.7255961 0.655109 0.2277216 0.7568997 0.6125732 0.2757618 0.713638 0.6439537 0.333499 0.7226093 0.6054868 0.3408103 0.7583956 0.5555938 0.386473 0.7222753 0.5735477 0.4432357 0.7148706 0.5408348 0.4294177 0.7957956 0.4269778 0.4657102 0.7670228 0.4413505 0.5768017 0.7032965 0.4155405 0.531964 0.7880191 0.309904 0.6137337 0.7249459 0.312705 0.6393246 0.7344048 0.2278461 0.5916325 0.7885328 0.1678901 0.6250183 0.7637228 0.1614922 0.6883214 0.7170428 0.1098337 0.686609 0.7242777 0.06316649 0.6798416 0.7310951 0.05757969 0.7070471 0.707023 0.01424241 1 -1.52807e-7 0 1 4.75079e-7 0 1 -1.97048e-7 0 1 -6.02747e-7 0 1 3.79673e-7 0 1 -4.03226e-6 0 1 3.27796e-7 0 1 -3.71123e-7 0 1 4.89989e-7 0 1 -2.17503e-6 0 1 1.63457e-6 0 1 1.21945e-7 0 1 -4.05108e-7 0 1 4.77896e-7 0 1 -3.51364e-7 0 1 2.76255e-7 0 1 5.02849e-7 0 1 -5.78958e-7 0 1 3.09873e-7 0 1 3.09276e-7 0 1 -6.9996e-7 0 1 -3.33921e-7 0 1 9.26128e-7 0 1 -1.17838e-6 0 1 1.82761e-7 0 1 1.87512e-7 0 0.3686015 2.07829e-4 -0.9295876 1 -1.99048e-7 0 1 2.42489e-7 0 1 -2.86568e-7 0 1 2.69533e-7 0 -1 0 0 -1 -1.2116e-7 0 -1 8.94032e-7 0 -1 -3.36874e-7 0 -1 -2.12526e-7 0 -1 0 0 -1 0 0 -0.1958788 -0.08726823 -0.9767374 -1 2.10016e-7 0 -1 -2.70326e-7 0 -1 2.78704e-7 0 -1 4.0645e-7 0 -1 -4.18821e-7 0 -1 2.08206e-7 0 -1 0 0 -1 4.12023e-7 0 -1 -3.00975e-7 0 -1 7.3624e-7 0 -1 -3.76004e-7 0 -1 6.51499e-7 0 -1 -1.46416e-6 0 -1 9.01212e-7 0 -1 1.19391e-7 0 -1 -5.79361e-7 0 -1 2.11003e-7 0 -1 -1.52403e-7 0 -1 -2.27939e-7 0 -1 1.29631e-7 0 -1 3.70583e-7 0 -1 -4.17714e-7 0 0 0.9992035 -0.03990489 0.04681992 0.9968531 -0.06396907 -0.01366227 0.9933992 0.1138932 0.06872546 0.9770261 0.2017348 -0.03596037 0.9528077 0.3014374 0.009473979 0.9311137 0.3646062 -0.04485362 0.8603078 0.507798 0.07897692 0.9011258 0.4263039 -0.0154367 0.8297843 0.5578709 0.04105132 0.7587901 0.6500402 -0.02164465 0.7323564 0.6805774 0.02054017 0.6035659 0.7970485 -0.02054017 0.575106 0.817821 0.02624207 0.4075835 0.9127909 -0.03577876 0.373787 0.9268243 0.03079909 0.1984016 0.9796369 -0.0536198 0.1512832 0.9870352 0.002676904 -0.0140326 0.999898 -0.03457671 -0.1096712 0.9933664 0.06243109 -0.1776285 0.9821154 -0.05117976 -0.3511263 0.9349283 0.08637231 -0.4483541 0.8896733 -0.09908545 -0.5788156 0.8094162 0.06108093 -0.665374 0.7440071 -0.04353249 -0.7884842 0.6135126 0.00820446 -0.8187056 0.574155 -0.06217432 -0.9122914 0.4047951 -0.07596594 -0.9142596 0.3979429 0.01326626 -0.9745488 0.2237828 -0.06560212 -0.9858916 0.1539945 0.02841991 -0.9990237 0.03382372 -0.01551216 -0.9990217 -0.04141402 0.01895415 -0.9935252 -0.1120197 -0.00474143 -0.9870596 -0.1602842 0.0126447 -0.975707 -0.2187146 0 -0.970821 -0.2398056 0 -0.9373692 -0.3483375 -0.01137483 -0.933171 -0.3592529 0.02272838 -0.873583 -0.4861444 -0.0443542 -0.8479026 -0.5282934 0.0178551 -0.7649028 -0.6438984 -0.06075549 -0.7184664 -0.6929032 0.03029441 -0.6202954 -0.7837831 -0.03784519 -0.5491323 -0.8348782 0.04240715 -0.460032 -0.8868891 -0.04570031 -0.362807 -0.930743 0.02054184 -0.2914665 -0.9563605 -0.08474498 -0.1276391 -0.9881936 0.05398625 0.07047373 -0.9960517 -0.005524218 0.1643025 -0.9863946 0.08489137 0.3278469 -0.9409091 -0.02228361 0.382733 -0.9235903 0.02871954 0.5673994 -0.8229418 -0.05174005 0.605329 -0.794292 0.03441196 0.7083858 -0.7049862 -0.01524829 0.7510303 -0.6600918 0.00315839 0.8101136 -0.5862646 -0.01809835 0.8407661 -0.5410959 0.03741514 0.8815773 -0.4705545 -0.007698297 0.9065604 -0.4220061 0.04396378 0.9591683 -0.2793985 0 0.9674138 -0.2532008 0.1046537 -0.9808679 0.164152 -0.08672302 -0.9265785 0.3659667 0.04194259 -0.8625032 0.5043104 -0.108231 -0.6947474 0.7110641 0.0156871 -0.6272767 0.7786385 -0.01531553 -0.3739577 0.9273194 0.01830774 -0.3522105 0.9357418 -0.004753172 -0.03233039 0.999466 -0.0577808 -0.07286369 0.9956668 0.02940756 0.2336367 0.9718792 -0.0652343 0.3285164 0.9422428 0.07135558 0.508365 0.8581804 -0.05745643 0.6223379 0.7806372 0.03789955 0.7709335 0.6357872 -0.04677087 0.8301163 0.5556253 0.02110642 0.9087579 0.41679 -0.02110797 0.9455633 0.3247531 0.02110522 0.9730852 0.2294777 -0.02110809 0.9910253 0.1319974 0.04042029 0.9991061 -0.0123766 -0.09343397 0.9770878 -0.1912319 0.03888362 0.946761 -0.3195809 -0.05353015 0.8728759 -0.4849973 0.06005626 0.7998526 -0.5971843 -0.05521619 0.6404405 -0.7660203 0.08294397 0.5169403 -0.8519936 -0.09102457 0.3177759 -0.9437866 0.01073592 0.2258768 -0.9740968 -0.03850865 0.04207795 -0.998372 -0.01474714 0.004826307 -0.9998797 0 -0.0989145 -0.995096 -0.01474124 -0.2015573 -0.9793658 0.01987689 -0.2574321 -0.9660919 -0.01146632 -0.3625355 -0.9318995 0.03729254 -0.4288283 -0.902616 -0.0414052 -0.6171742 -0.7857365 0.02315729 -0.6733559 -0.7389558 -0.05632936 -0.7984209 -0.5994592 0.01707154 -0.8433755 -0.5370534 -0.01707643 -0.947166 -0.3202891 0.08499938 -0.972633 -0.2162414 -0.05558866 -0.9983587 -0.01378738 0.925729 0 -0.3781874 0.962194 0 -0.2723654 0.9863357 0 -0.1647482 0.9984788 0 -0.05513876 0.9257305 0 -0.3781837 0.8758929 0 -0.4825056 0.8654514 0.002314031 -0.5009877 0.7783385 -0.002305567 -0.6278408 0.7483984 0.004024386 -0.6632373 0.6601405 -0.002768874 -0.7511371 0.5542299 0.01253616 -0.8322693 0.4649572 -0.004989683 -0.8853192 0.2865702 0.01344335 -0.957965 -0.9984788 0 -0.05513763 -0.9863351 0 -0.1647516 -0.9621945 0 -0.2723632 -0.9257301 0 -0.3781852 -0.9257311 0 -0.3781827 -0.8897546 0 -0.4564393 -0.872867 -0.002677857 -0.4879509 -0.7898647 0.003050923 -0.6132736 -0.7767928 -2.16381e-4 -0.6297562 -0.6544051 0.00351417 -0.756136 -0.5677661 -0.01567924 -0.8230406 -0.4720036 -7.18635e-4 -0.8815964 -0.2834828 -0.03098756 -0.9584766 0 1 0 0 1 1.19255e-7 0 1 2.91374e-7 0 1 -2.63323e-7 0 1 -5.43112e-6 0 1 2.92857e-6 0 1 3.31891e-6 0 1 -4.63794e-6 0 1 -2.0213e-7 0 1 0 0 1 1.39348e-7 0.9929791 0.009261429 -0.1179268 0 1 0 0 1 0 0 1 -1.57868e-5 0 1 0 -0.9929791 0.009261786 -0.1179273 0 1 0 0 1 -2.05547e-7 0 1 0 0 1 -1.87666e-7 0 1 6.6379e-6 0 1 -2.92865e-6 -0.9983243 0.00211513 -0.05782902 0 -1 2.08488e-6 0 -1 0 0 -1 0 0.9929789 -0.009261548 -0.1179283 0 -1 -2.70808e-7 0 -1 -2.28645e-6 0 -1 4.56321e-6 0 -1 -1.03597e-5 -0.9929789 -0.009261906 -0.1179286 0 -1 0 0 -1 0 0 -1 0 0 -1 -3.31895e-6 0 -1 0 0 -1 0 -1 -6.18429e-6 0 -1 1.76782e-6 0 -1 -5.56492e-7 0 -1 6.25111e-7 0 -1 1.31169e-7 0 -1 -4.40943e-7 0 -1 7.98503e-7 0 -1 -8.38726e-7 0 -1 1.57026e-6 0 0.08021843 -0.7973014 -0.5982271 -1 -3.70591e-7 0 0 -1 -1.62775e-7 0 -1 1.72698e-6 -0.9944427 -0.05409222 -0.09032058 0 -1 5.34685e-6 0 -1 -3.03019e-6 0 -1 -2.92319e-6 0 -1 4.54291e-6 0 -1 -1.72657e-6 0 -1 2.8451e-6 0 -1 2.29121e-6 0 -1 -4.89936e-6 0 -1 -8.20304e-7 0 -1 4.32124e-6 0 -1 1.24011e-6 0 -1 -5.55084e-6 0 -1 1.95276e-6 0 -1 -1.77474e-6 0 -1 3.1749e-6 0 -1 -2.9208e-6 0 -1 5.29774e-6 0 -1 -2.46153e-6 0 -1 3.95201e-6 0 -1 -1.11118e-5 0 -1 1.0071e-5 0 -1 -1.02726e-6 0 -1 0 0 -1 2.62385e-6 0 -1 -8.57879e-6 0 -1 4.56144e-6 0 -1 3.31642e-6 0 -1 -1.0761e-5 0 -1 4.88189e-6 0 -1 2.42991e-6 0 -1 2.70896e-6 0 -1 1.41939e-6 0 -1 -5.72804e-6 0 -1 8.53527e-6 0 -1 -4.5429e-6 0 -1 2.92319e-6 0 -1 -8.47016e-6 0 -1 6.06029e-6 0 -1 6.95246e-6 0 -1 1.89122e-5 0 -1 -5.19427e-5 1 -7.9697e-7 0 1 8.78321e-7 0 1 -3.20735e-7 0 1 -9.51095e-7 0 1 1.55963e-6 0 1 -3.70591e-7 0 1 0 -1.36175e-7 0.5360068 -0.6728361 -0.5098906 1 -3.41344e-6 6.39168e-7 0 1 -1.82385e-7 0 1 0 0 1 0 0 1 -1.15538e-5 0 1 1.25925e-5 0 1 -7.45156e-6 0 1 1.31936e-5 0 1 -7.73025e-7 0 1 1.04433e-5 0 1 -1.03516e-5 0 1 -3.22966e-5 0 1 2.99652e-5 0 1 -7.85546e-5 0 1 1.2808e-5 0 1 6.47413e-6 0 1 4.16127e-6 0 1 4.03319e-6 0 1 -3.09769e-6 0 1 -7.43095e-6 0 1 1.70119e-6 0 1 1.20129e-5 0 1 -1.40504e-5 0 1 9.27912e-6 0 1 1.05267e-5 0 1 -1.85681e-5 0 1 -1.8204e-5 0 1 8.3583e-6 0 1 0 0 1 0 0 1 -1.77978e-7 0 1 2.24291e-7 0 1 -1.34225e-6 0 1 -2.80617e-6 0 1 3.64035e-7 0 1 -3.82155e-7 0 1 -3.98026e-7 0 1 -4.19789e-7 0 1 -2.63358e-6 0 1 4.65314e-6 0 1 -4.88636e-7 0 1 -3.12579e-6 0 1 7.69614e-6 0 1 -4.42391e-6 0 1 9.38727e-7 0 1 -2.36741e-6 0 1 7.22109e-7 0 1 1.69262e-6 0 1 -3.72577e-6 0 1 -5.05078e-7 0 1 4.94763e-6 0 1 7.05418e-6 0 1 -7.56502e-6 0 1 2.03419e-6 0 1 2.319e-6 0 1 -5.11038e-6 0 1 1.51542e-6 0 1 -3.19203e-6 0 1 1.70604e-6 0 1 -4.39769e-6 0 1 -6.54827e-6 0 1 1.96479e-5 0 0 -1 -0.9986895 0 -0.05117815 -0.9890779 -0.004461169 -0.1473267 -0.9910757 -6.59025e-4 -0.1332991 -0.980206 3.0738e-4 -0.19798 -0.9789666 -5.80391e-4 -0.2040199 -0.9654611 5.6085e-4 -0.260547 -0.9633057 -5.725e-4 -0.2684063 -0.9507907 4.89884e-4 -0.3098337 -0.9477242 -8.18377e-4 -0.3190899 -0.9289241 7.88885e-4 -0.3702695 -0.9245129 -7.27596e-4 -0.3811503 -0.9086529 6.36772e-4 -0.417552 -0.903011 -0.001020669 -0.4296164 -0.8799554 9.81938e-4 -0.4750554 -0.8725772 -8.47373e-4 -0.4884757 -0.8543661 7.48936e-4 -0.5196713 -0.8454586 -0.001188099 -0.5340397 -0.8192175 0.001138091 -0.573482 -0.8082482 -9.3331e-4 -0.5888413 -0.7886396 8.24867e-4 -0.6148554 -0.7759009 -0.001320421 -0.6308535 -0.7559874 5.03991e-4 -0.654586 -0.7324133 -0.001153707 -0.6808594 -0.7213515 7.26464e-4 -0.6925687 -0.6952835 -8.24163e-4 -0.7187352 -0.6847983 9.4057e-4 -0.7287322 -0.6461547 -9.7971e-4 -0.7632059 -0.6402443 0 -0.7681715 -0.6048124 0 -0.796368 -0.6048273 0 -0.7963567 -0.5507352 0 -0.8346801 -0.5057232 0 -0.8626958 -0.4942444 0.001342475 -0.869322 -0.4474769 -4.46961e-4 -0.8942954 -0.4355955 4.47004e-4 -0.9001425 -0.3994631 -8.95451e-4 -0.9167488 -0.3750181 8.94662e-4 -0.9270171 -0.3378621 -4.47681e-4 -0.9411955 -0.3253641 4.46982e-4 -0.9455887 -0.2875173 -8.9494e-4 -0.9577751 -0.2620244 8.95173e-4 -0.9650609 -0.2234403 -4.47332e-4 -0.9747176 -0.2104916 4.47333e-4 -0.9775956 -0.1714776 -8.95113e-4 -0.9851877 -0.1583939 0 -0.987376 -0.1190186 0 -0.992892 -0.1190186 0 -0.9928921 -0.07941883 0 -0.9968414 -0.03977316 0 -0.9992088 0.01325833 0 -0.9999122 0.01325833 0 -0.9999122 0.06622034 0 -0.9978051 0.1321552 0 -0.9912291 0.1321786 0 -0.991226 0.1845217 0 -0.9828285 0.2363233 0 -0.9716746 0.2747625 0 -0.9615122 0.3128226 0 -0.9498116 0.3127583 0 -0.9498329 0.36271 0 -0.9319022 0.3626892 0 -0.9319102 0.4115791 0 -0.911374 0.4592962 0 -0.8882832 0.4592677 0 -0.8882979 0.505741 0 -0.8626855 0.5057228 0 -0.8626961 0.5507352 0 -0.8346801 0.6048277 0 -0.7963565 0.6048126 0 -0.7963679 0.6402443 0 -0.7681715 0.6402384 0 -0.7681764 0.633132 0.001825273 -0.7740418 0.6486771 0.006148457 -0.761039 -0.6402384 0 -0.7681764 -0.6402442 0 -0.7681715 -0.6048122 0 -0.7963682 -0.6048275 0 -0.7963566 -0.5507354 0 -0.83468 -0.4942451 0 -0.8693226 -0.4784542 0.002439022 -0.8781092 -0.4355955 0 -0.9001426 -0.3749958 0.003353416 -0.9270205 -0.3954173 0 -0.9185017 -0.325343 0 -0.9455962 -0.3253644 0 -0.9455888 -0.2620246 0 -0.9650613 -0.2620247 0 -0.9650613 -0.2104915 0 -0.9775958 -0.2105146 0 -0.9775908 -0.158394 0 -0.987376 -0.158394 0 -0.987376 -0.1190184 0 -0.992892 -0.1190186 0 -0.992892 -0.0794543 0 -0.9968385 -0.07946461 -3.48481e-7 -0.9968377 -0.03973495 -1.74593e-7 -0.9992103 -0.03976804 0 -0.9992091 0.01325833 0 -0.9999122 0.0662204 0 -0.9978051 0.1321552 0 -0.9912291 0.1845217 0 -0.9828285 0.1975259 0.00134176 -0.9802968 0.2363685 -1.51096e-7 -0.9716636 0.2671266 5.36471e-4 -0.9636614 0.2747899 0.001342236 -0.9615033 0.3127903 5.22927e-7 -0.9498223 0.3627094 0.001789748 -0.9319006 0.3503053 0 -0.9366356 0.4115794 0 -0.911374 0.4592679 0 -0.8882979 0.5057407 0 -0.8626856 0.5057232 0 -0.8626958 0.5690432 0.002236962 -0.8223046 0.6048125 4.18414e-7 -0.796368 -0.6562087 0.002720475 -0.7545745 -0.684799 -8.93014e-4 -0.7287315 -0.7140986 0.001924991 -0.7000426 -0.7213511 3.14382e-4 -0.6925694 -0.7560022 7.1723e-4 -0.6545689 -0.7730977 0.003798544 -0.6342756 -0.7886384 4.34627e-4 -0.6148573 -0.8265239 0.002193868 -0.5628974 -0.8328363 0.004956781 -0.5534972 -0.8609787 1.38633e-4 -0.5086412 -0.8859848 0.003815174 -0.4636986 -0.8927842 0.006493389 -0.4504379 -0.9086583 8.26711e-4 -0.4175399 -0.9289165 0.001200139 -0.3702875 -0.9400491 0.006519973 -0.340977 -0.9507904 0.001076638 -0.3098331 -0.9654624 9.33932e-4 -0.2605409 -0.9739496 0.006510317 -0.2266713 -0.9802055 0.0013628 -0.1979779 -0.9890871 7.03645e-4 -0.1473304 -0.9930923 0.005248248 -0.1172186 -0.9965094 -9.16824e-5 -0.08348131 -0.999451 1.61863e-4 -0.03313422 -0.9994834 0 -0.03213912 0.684799 2.51963e-4 -0.7287319 0.7213495 0.00234878 -0.6925673 0.7346408 0.006294131 -0.6784271 0.7643535 3.83302e-4 -0.6447975 0.804199 0.002357363 -0.5943556 0.8053871 0.00285238 -0.5927425 0.8407215 -8.67969e-4 -0.5414671 0.8593201 0.002762198 -0.5114307 0.8674483 8.1869e-4 -0.4975268 0.8918743 1.87808e-4 -0.4522836 0.9011002 0.003315925 -0.4335982 0.9139499 2.23494e-4 -0.4058273 0.9381257 0.004171609 -0.3462699 0.9372599 0.003611862 -0.3486128 0.9584424 -0.001944422 -0.2852796 0.9667769 0.002168953 -0.2556126 0.9747892 -8.40073e-4 -0.2231264 0.9855602 0.003145158 -0.1692962 0.9871104 0.001466751 -0.1600345 0.9940335 6.33833e-4 -0.1090736 0.995895 0.003372848 -0.09045368 0.9983266 -6.24607e-5 -0.05782836 0.9998024 6.46087e-5 -0.01988148 0.9998141 0 -0.01928615 0.6562124 -0.002656996 -0.7545716 0.684798 8.72556e-4 -0.7287325 0.7047594 -9.90668e-4 -0.7094458 0.7213512 0.001294553 -0.6925684 0.7501958 -0.001356005 -0.6612144 0.7560006 -4.60994e-4 -0.6545708 0.7806724 -6.29465e-4 -0.6249401 0.7841939 -0.00125122 -0.6205146 0.8117704 0.00119698 -0.5839756 0.8235672 -9.58641e-4 -0.567218 0.8407219 8.48092e-4 -0.5414667 0.8524639 -0.001367568 -0.5227845 0.8737726 0.001304805 -0.486333 0.8852214 -9.92758e-4 -0.465169 0.8976182 8.73811e-4 -0.4407728 0.9086269 -0.001449167 -0.4176064 0.9190937 4.3543e-4 -0.394039 0.9294813 -4.56187e-4 -0.3688689 0.9336068 4.10336e-4 -0.358299 0.9477242 -8.18453e-4 -0.3190898 0.9507907 4.90194e-4 -0.3098337 0.9633057 -5.72875e-4 -0.2684065 0.9654611 5.6085e-4 -0.260547 0.9761778 -3.2049e-4 -0.2169721 0.9802044 0.001417934 -0.1979836 0.9840306 7.88856e-6 -0.1779994 0.9903284 0.001592099 -0.1387341 0.9890882 2.98078e-4 -0.1473244 0.9950619 -1.77607e-4 -0.0992555 0.9965084 0.001394987 -0.08348059 0.9982215 -2.83987e-5 -0.05961483 0.9998005 0.001946389 -0.01988196 0.9994835 0 -0.03213787 -0.07043033 -0.9917787 -0.1068392 0 -1 -4.44877e-7 0 -1 2.09076e-7 0 -1 1.62274e-6 0 -1 -2.59551e-7 0 -1 4.66214e-7 0 -1 -4.79813e-7 0 -1 -6.71657e-7 0 -1 1.27833e-6 0 -1 -1.59106e-6 0 -1 -1.26309e-6 0 -1 9.26473e-7 0 -1 9.36392e-7 0 -1 -9.99132e-7 0 -1 -8.7762e-6 8.49201e-4 -0.9999889 0.004647791 -3.23207e-4 -0.9999881 0.004871487 -6.50355e-5 -0.9999881 0.004903972 -0.001647233 -0.9999899 0.004183113 0 -1 7.37048e-7 0 -1 -2.07137e-6 0 -1 2.34551e-5 0 -1 -1.45192e-5 0 -1 -1.17614e-6 0 -1 1.2111e-6 0 -1 -8.91159e-7 0 -1 -1.2295e-6 0 -1 -3.38739e-7 0 -1 -3.0183e-7 0 -1 1.81249e-6 0 -1 -2.80981e-7 0.05980211 -0.9940794 -0.09071916 0.8655833 -0.500765 0 0.8655874 -0.5007582 0 0.8655831 -0.5007653 0 0.8781096 -0.4784595 0 0.8781136 -0.4784523 0 0.8900628 -0.4558381 0 0.8900645 -0.4558346 0 0.9014336 -0.4329177 0 0.9014353 -0.4329141 0 0.9122157 -0.4097107 0 0.912212 -0.4097186 0 0.9223955 -0.3862469 0 0.9223954 -0.3862473 0 0.9319757 -0.3625211 0 0.9319741 -0.3625251 0 0.9409447 -0.3385603 0 0.9409433 -0.3385645 0 0.949297 -0.3143808 0 0.9492969 -0.314381 0 0.9570281 -0.2899953 0 0.9570294 -0.2899912 0 0.964133 -0.26542 0 0.964134 -0.2654158 0 0.9706079 -0.2406664 0 0.9706079 -0.2406666 0 0.9764466 -0.2157592 0 0.9764477 -0.2157549 0 0.9816477 -0.1907036 0 0.9816468 -0.1907081 0 0.9862046 -0.1655308 0 0.9862031 -0.1655401 0 0.9901161 -0.1402508 0 0.9901167 -0.1402462 0 0.9933797 -0.1148772 0 0.9933803 -0.1148726 0 0.9959933 -0.08942914 0 0.9959936 -0.08942455 0 0.9979551 -0.06392067 0 0.9979554 -0.06391608 0 0.9992638 -0.03836542 0 0.9999183 -0.01279157 0 0.9999182 -0.01278924 0 0.9999182 -0.01279628 0 0.999264 -0.03836077 0 0.9992637 -0.03837007 0 0.9979554 -0.06391602 0 0.9959936 -0.08942449 0 0.9959928 -0.08943372 0 0.9933808 -0.114868 0 0.9933797 -0.1148773 0 0.9901161 -0.1402506 0 0.9862039 -0.1655355 0 0.981646 -0.1907126 0 0.9764486 -0.2157504 0 0.9706069 -0.2406709 0 0.9706079 -0.2406665 0 0.9641342 -0.2654157 0 0.9570294 -0.2899909 0 0.9492956 -0.3143851 0 0.9409449 -0.3385602 0 0.9319757 -0.3625208 0 0.9223954 -0.386247 0 0.922397 -0.3862431 0 0.9122121 -0.4097185 0 0.9122138 -0.4097145 0 0.8900647 -0.4558344 0 0.8781116 -0.4784559 0 0.3125466 -0.9499024 0 0.3766924 -0.9263384 -2.20445e-6 0.4387306 -0.8986186 4.08019e-4 0.4407486 -0.8976306 3.6804e-4 0.5037334 -0.8638592 -4.30332e-5 0.5567787 -0.8306609 3.23733e-4 0.5709422 -0.8209904 1.13223e-4 0.6140503 -0.789267 1.47312e-5 0.664497 -0.7472908 3.99504e-4 0.6644927 -0.7472947 3.99686e-4 0.7138445 -0.7003043 0 0.7449182 -0.6671559 2.8037e-4 0.7621601 -0.6473886 -4.34302e-5 0.8023892 -0.5968012 -5.43279e-5 0.8038322 -0.5948561 -7.71577e-5 0.8411688 -0.5407727 3.51324e-5 0.6644946 -0.747293 -2.69687e-4 0.6412543 -0.7673279 -9.75629e-4 0.331485 0.9167814 -0.2227774 0.7143292 -0.6998098 -1.64648e-4 0.7450736 -0.6669816 -9.8818e-4 0.8437331 -0.5367631 0 0.3340424 -0.9425579 5.25596e-4 0.3132622 -0.9496668 -8.40528e-6 0.3731649 -0.927765 -9.62479e-5 -0.9998837 0 0.01524972 -0.9994635 -0.002747297 0.03263783 -0.9989522 -0.001818418 0.04573273 -0.9970864 -0.003981709 0.07617735 -0.9974865 -0.002833366 0.07080131 -0.9943072 -3.78522e-7 0.1065512 -0.9905931 -0.002408802 0.1368195 -0.9894877 -0.004258275 0.1445552 -0.9859568 -0.003075301 0.1669726 -0.9803962 -0.005723714 0.1969537 -0.9824904 -0.003266513 0.1862853 -0.9739481 -3.78527e-7 0.2267712 -0.9665786 -0.002408862 0.2563591 -0.9680241 -0.001060128 0.2508552 -0.958313 -0.001060128 0.2857186 -0.9565733 -0.001933634 0.2914857 -0.9491502 0 0.3148239 -0.9391096 -0.002408862 0.3436093 -0.9391093 -0.002408683 0.3436103 -0.9281954 0 0.3720933 -0.9122971 -0.00321114 0.4095165 -0.9107733 -0.004378914 0.4128836 -0.8948953 5.04746e-7 0.4462761 -0.8760023 -0.004817724 0.482283 -0.8792564 -0.002943158 0.4763398 -0.8556795 8.03052e-4 0.5175055 -0.8374778 -0.004597604 0.5464521 -0.8339295 -0.002809584 0.5518639 -0.8107928 -0.001203715 0.5853321 -0.7925783 -0.00481534 0.6097512 -0.7909111 -0.005564332 0.6119058 -0.7671412 -0.001352608 0.6414769 -0.7403942 -0.005860507 0.6721475 -0.7345662 -0.008730471 0.6784809 -0.7124699 -0.002408504 0.7016986 -0.6833643 -8.01026e-4 0.7300772 -0.6733968 -0.003478646 0.739273 -0.6531144 8.03678e-4 0.7572587 -0.6217863 -0.002408087 0.7831832 -0.6206473 -0.002748489 0.7840852 -0.5976259 -5.53176e-4 0.801775 -0.5645092 -0.003625214 0.8254188 -0.5694555 -0.001816928 0.8220202 -0.5304917 -0.001817822 0.8476882 -0.5162081 -0.005382537 0.8564464 -0.4867411 -0.001019299 0.8735457 -0.4507905 -0.004738509 0.8926172 -0.4407771 -0.008221745 0.897579 -0.4141334 -0.00240904 0.9102131 -0.3768201 -8.02666e-4 0.9262862 -0.3642082 -0.003479659 0.9313111 -0.3388333 8.0286e-4 0.9408461 -0.2905866 -0.00321114 0.9568434 -0.3003051 0 0.9538432 -0.2514367 0 0.9678738 -0.223492 -0.006817162 0.974682 -0.2019261 -0.002284824 0.9793981 -0.1619768 -0.003045201 0.98679 -0.1614253 -0.003172039 0.9868798 -0.1116089 8.01849e-4 0.993752 -0.07756382 -0.004598081 0.9969769 -0.07111632 -0.002808928 0.9974641 -0.02031898 -8.01927e-4 0.9997933 -0.006774842 -0.003478884 0.9999711 0.02031898 8.0309e-4 0.9997932 0.07111626 -0.003210961 0.9974629 0.06096488 0 0.9981399 0.1115931 0 0.993754 0.1217112 -0.00240904 0.9925627 0.1619388 8.03446e-4 0.9868006 0.1834276 -0.002636611 0.9830297 0.2019291 2.15864e-4 0.9794001 0.2514254 -0.003624975 0.9678699 0.243242 -0.001060605 0.9699651 0.2905819 -0.001060962 0.9568496 0.3121421 -0.005971968 0.9500167 0.3388333 -4.00499e-4 0.9408463 0.3768056 -0.002005934 0.9262902 0.3932194 -0.00692296 0.9194188 0.4233877 -4.00956e-4 0.9059485 0.4598606 -0.002006113 0.8879889 0.4755868 -0.006924271 0.8796417 0.5043912 -4.02094e-4 0.8634752 0.5390838 -0.002007067 0.8422498 0.540498 -0.002471446 0.8413417 0.5811896 -6.9226e-4 0.8137679 0.5923272 -0.00318557 0.8056912 0.6137984 7.57113e-7 0.7894628 0.6453614 -0.004814743 0.7638624 0.639923 -0.002845942 0.7684338 0.6683703 -0.002164721 0.7438256 0.6907325 -0.00602895 0.7230852 0.683242 -0.003222823 0.7301849 0.7124716 5.67785e-7 0.7017011 0.7335416 -0.002408862 0.6796404 0.7392096 -0.004392623 0.6734611 0.7605675 -8.12095e-4 0.6492584 0.7863273 -0.005321502 0.6177873 0.7763594 0 0.6302905 0.8108024 0 0.58532 0.824457 -0.003747165 0.5659123 0.8282708 -0.002408683 0.5603228 0.8503795 -8.02026e-4 0.5261693 0.8574196 -0.003479003 0.5146063 0.8710657 8.03551e-4 0.4911659 0.8903129 -0.002408862 0.455343 0.891711 -0.00314188 0.4525945 0.908094 4.06606e-4 0.4187664 0.9215483 -0.004004657 0.3882433 0.9243614 -0.003390312 0.3815034 0.932635 -0.006028056 0.3607712 0.9425579 -4.0114e-4 0.3340426 0.9553574 -0.002006828 0.295446 0.9604408 -0.006923496 0.2783981 0.9691366 -4.0115e-4 0.2465243 0.9783563 -0.002006828 0.2069179 0.9815432 -0.006455838 0.191132 0.9876083 -5.53423e-4 0.1569384 0.9931687 -0.002857863 0.1166532 0.9932812 -0.003132879 0.1156839 0.9970943 -3.78513e-7 0.07617706 0.9989509 -0.002410352 0.04573351 0.9986767 -0.001059174 0.05141842 0.9998832 -0.001060128 0.01524913 0.9997453 0 0.02256822 -0.9995303 -0.01278966 0.02784883 -0.9960342 -0.03444308 0.08203375 -0.9910825 -0.05220973 0.1225957 -0.9792121 -0.03682345 0.1994689 -0.9705876 -0.03479713 0.2382205 -0.9512408 -0.04149597 0.3056451 -0.9386354 -0.03184777 0.3434375 -0.9197534 -0.05769246 0.3882336 -0.9104858 -0.02549695 0.4127536 -0.8783748 -0.04487311 0.4758614 -0.8760342 -0.05136108 0.4795063 -0.8374158 -0.01287519 0.546415 -0.8212476 -0.03735524 0.569348 -0.7933831 -0.03319925 0.6078166 -0.7319844 -0.03465801 0.6804394 -0.7303138 -0.03745728 0.6820842 -0.6884832 -0.06129568 0.7226575 -0.673105 -0.02942579 0.7389614 -0.623378 -0.02942699 0.7813667 -0.4400306 -0.0135138 0.8978812 -0.3907657 -0.0543338 0.9188852 -0.364142 -0.02031081 0.931122 -0.3001623 -0.03016221 0.9534113 -0.286886 -0.0480479 0.956759 -0.2269146 -0.03628832 0.9732384 -0.1522418 -0.05691421 0.9867032 -0.07754617 -0.02302068 0.996723 -0.02900838 -0.06116807 0.9977059 -0.006778776 -0.02942633 0.999544 0.06093811 -0.02942204 0.9977079 0.08282482 -0.05732589 0.994914 0.1216108 -0.03540664 0.9919462 0.1765608 -0.04964512 0.983037 0.3206433 -0.05106514 0.9458226 0.3174641 -0.04726541 0.9470917 0.3932232 -0.006237089 0.919422 0.4273735 -0.0532993 0.9025027 0.4754012 -0.02851611 0.8793069 0.5240143 -0.06565833 0.8491749 0.5996375 -0.03670507 0.7994296 0.6330911 -0.03056585 0.7734736 0.6865836 -0.02330225 0.7266774 0.734169 -0.03913652 0.677838 0.7794528 -0.0284568 0.6258144 0.7998737 -0.05330616 0.5977966 0.8239917 -0.03354239 0.5656082 0.8497509 -0.04858177 0.5249412 0.8568961 -0.035187 0.5142869 0.8892039 -0.03521519 0.4561539 0.9388942 -0.04704892 0.3409752 0.9596163 -0.04201042 0.2781578 0.959105 -0.04028052 0.2801701 0.976881 -0.04331409 0.2093505 0.9808109 -0.02702176 0.1930797 0.9928295 -0.04568266 0.110466 0.9973694 -0.03408932 0.06397199 0.999802 -0.01278918 0.0152474 0.9982727 -0.04722839 0.03494673 0.9984067 -0.03832697 0.04141616 0.9972174 -0.06387376 0.03843903 0.994811 -0.08829241 0.05055367 0.9947495 -0.08931738 0.04995822 0.9922876 -0.1147456 0.0468927 0.9888154 -0.1385983 0.05508804 0.9887154 -0.1400466 0.0531885 0.9854857 -0.1654128 0.03816419 0.9808037 -0.1905413 0.04145324 0.977478 -0.2041907 0.05331844 0.9753329 -0.2155125 0.04775238 0.9695124 -0.2403954 0.04749476 0.9652572 -0.2555002 0.05475598 0.9631074 -0.2651238 0.04619139 0.9563156 -0.2897781 0.03858983 0.9438014 -0.3268172 0.04929065 0.9464262 -0.3134273 0.07772356 0.9399715 -0.3382182 0.04541236 0.9314238 -0.3623031 0.03444212 0.9214646 -0.3858542 0.04494005 0.9185231 -0.3917738 0.05318588 0.9110844 -0.4092094 0.0497294 0.8992941 -0.4336839 0.05646455 0.899865 -0.4321634 0.05897158 0.8894297 -0.4555091 0.03776681 0.8775691 -0.4781684 0.03503602 0.8644706 -0.5001095 0.05080485 0.8590047 -0.5080012 0.06360805 0.8578343 -0.5076426 0.0801208 0.8525768 -0.4289937 0.2984583 0.8654149 -0.4154331 0.2801296 0.8856136 -0.370244 0.2803712 0.9372469 -0.1255341 0.325284 -0.9986465 -0.03833818 0.03514772 -0.9978705 -0.04747051 0.04473459 -0.9572176 -0.06796842 0.2812736 -0.607559 -0.05893772 0.792085 -0.5774194 -0.05136716 0.8148303 0.1985407 -0.07724982 0.9770435 0.2367512 -0.04570853 0.9704945 0.5249578 -0.06775885 0.8484269 0.5787795 -0.06592947 0.8128148 0.6625524 -0.06033033 0.746582 0.7363772 -0.04475814 0.6750891 0.9032637 -0.07703423 0.4221143 -0.9971355 -0.06386911 0.04051619 -0.9878599 -0.07420647 0.1364788 -0.9818298 -0.06958884 0.1765441 -0.9179154 -0.07077068 0.390414 -0.7860057 -0.04383468 0.6166632 -0.6850335 -0.06899273 0.7252373 -0.6281262 -0.09041988 0.77284 -0.5179264 -0.07775163 0.8518844 -0.5092915 -0.07567578 0.8572605 -0.5012046 -0.07778859 0.8618254 -0.4012388 -0.08529424 0.9119936 -0.3875251 -0.07380253 0.9189001 -0.3043189 -0.1057608 0.9466809 -0.1995167 -0.06492608 0.9777412 -0.1489934 -0.05132591 0.9875053 -0.02877449 -0.06268787 0.9976183 0.02258682 -0.07701641 0.996774 0.08176904 -0.0613529 0.9947611 0.1986899 -0.07392817 0.9772701 0.3215814 -0.06782883 0.9444494 0.7333711 -0.07376587 0.6758147 0.901977 -0.05751806 0.4279359 -0.9948953 -0.08932363 0.04695349 -0.9912684 -0.1141582 0.06599164 -0.9877247 -0.1006981 0.1194149 -0.9562017 -0.08442604 0.2802692 -0.9294638 -0.1048352 0.3537042 -0.8858612 -0.09324657 0.4544832 -0.8747503 -0.08571791 0.4769322 -0.8609585 -0.09872573 0.4990028 -0.8314755 -0.09178429 0.5479273 -0.5042935 -0.07516479 0.8602549 -0.08439737 -0.1055849 0.9908224 -0.07033324 -0.1050245 0.9919795 0.2439885 -0.1045546 0.9641256 0.3762708 -0.1150797 0.9193351 0.4176405 -0.08680886 0.9044561 0.6113067 -0.1112111 0.7835409 0.6636339 -0.08284288 0.7434562 0.6810544 -0.09467601 0.7260864 0.7510408 -0.09878087 0.6528248 0.7939621 -0.09869712 0.5999028 0.8519086 -0.09464621 0.5150671 0.858581 -0.1037053 0.5020796 0.8956657 -0.0767368 0.4380577 0.9337502 -0.06072181 0.3527371 -0.9912315 -0.1146299 0.06572747 -0.9629107 -0.1143808 0.244377 -0.7766654 -0.1324567 0.6158297 -0.7959376 -0.1005839 0.5969643 -0.7522871 -0.1101798 0.6495573 -0.3221577 -0.0794847 0.9433433 -0.222496 -0.1085206 0.9688751 -0.2127048 -0.1380445 0.9673161 0.1348593 -0.1161784 0.9840303 0.1290141 -0.117324 0.9846779 0.3843924 -0.06514936 0.9208681 0.5034167 -0.1106787 0.856926 0.8024026 -0.1129025 0.586006 -0.9882837 -0.1399882 0.060817 -0.9845124 -0.1628499 0.06492644 -0.9609613 -0.1351814 0.2414115 -0.7322553 -0.1285591 0.6687861 -0.704674 -0.1240372 0.6986053 -0.6140097 -0.1340748 0.7778278 -0.5671119 -0.1489752 0.810056 -0.3293825 -0.1420169 0.9334551 -0.1452904 -0.1589092 0.9765443 0.1065402 -0.1502248 0.9828945 0.5040024 -0.1151415 0.855993 0.5985264 -0.1469494 0.78751 0.9097841 -0.1430665 0.3896471 0.9370107 -0.1252629 0.3260679 -0.9842838 -0.165211 0.06237751 -0.9750203 -0.1671996 0.146218 -0.938816 -0.1915357 0.2862491 -0.9219949 -0.1535239 0.3554659 -0.8932844 -0.1749098 0.4140646 -0.8027872 -0.1745339 0.5701498 -0.4710334 -0.1651637 0.8665152 -0.4052354 -0.1669837 0.898833 -0.2438416 -0.1757773 0.9537524 -0.03802669 -0.1507248 0.9878442 0.0344991 -0.1556351 0.987212 0.05284577 -0.1654009 0.9848096 0.2575916 -0.1570557 0.9534045 0.2815116 -0.1622641 0.9457387 0.4089048 -0.1594546 0.8985384 0.4324943 -0.1758344 0.8843251 0.5584387 -0.1776417 0.8103023 0.6667709 -0.1847064 0.7220112 0.6895354 -0.1538648 0.7077193 0.7304947 -0.1477913 0.6667348 0.8009824 -0.1377742 0.5826194 0.8490394 -0.1713839 0.4997596 0.8522656 -0.1675358 0.4955554 0.8866124 -0.1844215 0.4241546 0.8949632 -0.17817 0.4090189 -0.9804456 -0.1904767 0.04944688 -0.9747053 -0.1709055 0.1440174 -0.8427177 -0.1791881 0.50766 -0.8076328 -0.2010053 0.5543701 -0.8221528 -0.2036458 0.5315949 -0.7383671 -0.2056419 0.6422815 -0.7350455 -0.2129226 0.6437174 -0.6408898 -0.1836274 0.7453464 -0.6599414 -0.182232 0.7288819 -0.5441336 -0.1814478 0.8191431 -0.494234 -0.1841989 0.8495903 -0.4023522 -0.1688466 0.8997797 -0.3699768 -0.1739099 0.9126186 -0.2439202 -0.2140223 0.9458845 0.2196342 -0.1805981 0.9587207 0.3192337 -0.2009294 0.9261302 0.5600933 -0.1697428 0.8108533 0.7652627 -0.2021349 0.6111584 0.7587896 -0.2035136 0.6187251 0.8349013 -0.2122477 0.5078296 -0.975173 -0.2154764 0.05106639 -0.9764571 -0.1820603 0.1156958 -0.9405051 -0.1790174 0.2887958 -0.8768374 -0.2087984 0.4330814 -0.8876893 -0.2037081 0.4129294 -0.7044443 -0.2339257 0.6701023 -0.1229151 -0.2043995 0.9711399 -0.07693564 -0.2097327 0.9747273 -0.04240876 -0.2430215 0.9690935 0.04640597 -0.2109023 0.976405 0.3192522 -0.2228245 0.9211012 0.4367536 -0.1910171 0.879067 0.5262442 -0.2075387 0.8246179 0.6642058 -0.2037582 0.719245 0.6950108 -0.2345651 0.6796612 0.7385842 -0.230017 0.6337078 0.7878962 -0.2380157 0.5679509 0.9157043 -0.2250458 0.3329266 -0.9684115 -0.2401257 0.06722408 -0.9735527 -0.2236732 0.04653525 -0.9697759 -0.2275844 0.08797764 -0.9400633 -0.253827 0.2277124 -0.9423642 -0.2552689 0.2163047 -0.8964831 -0.2628319 0.3567036 -0.7653381 -0.2625281 0.5876535 -0.6312665 -0.2154369 0.7450434 -0.5597065 -0.2222968 0.7983186 -0.3281443 -0.2301421 0.9161637 -0.04317045 -0.2368021 0.9705983 0.1456517 -0.2136312 0.9659956 0.1997523 -0.2127134 0.956479 0.3568817 -0.2561614 0.8983412 0.4093113 -0.2479412 0.8780602 0.6129162 -0.2420269 0.7521681 -0.9636551 -0.2652862 0.03150045 -0.9496694 -0.2904586 0.1173113 -0.9556915 -0.2771587 0.09918063 -0.9410086 -0.2700312 0.203927 -0.909516 -0.3023813 0.2852131 -0.8969624 -0.2591103 0.3582186 -0.70121 -0.248513 0.6682408 -0.62709 -0.2869169 0.7241801 -0.4689195 -0.2479077 0.8477361 -0.4243413 -0.2562088 0.8684996 -0.3939389 -0.2827112 0.8745779 -0.3371038 -0.2674914 0.9026681 -0.2220631 -0.238024 0.945533 -0.1689867 -0.2470768 0.954147 0.09574621 -0.2628205 0.9600824 0.07180172 -0.2694395 0.9603369 0.237561 -0.2727007 0.9323085 0.2409527 -0.2728809 0.9313849 0.4364143 -0.2891442 0.8520201 0.5186689 -0.2655189 0.8127007 0.6113529 -0.2468559 0.7518709 0.8394277 -0.2879211 0.4609367 0.8687727 -0.2541638 0.4250116 0.8991613 -0.2703985 0.3440839 0.9024334 -0.2667784 0.3382949 -0.95626 -0.289763 0.04005503 -0.9539303 -0.2963024 0.0471372 -0.8397243 -0.2796867 0.4654443 -0.817838 -0.2751695 0.5053936 -0.6457777 -0.2966331 0.7035481 -0.574531 -0.3118869 0.7567303 -0.5337181 -0.282752 0.7969921 -0.5111817 -0.2898761 0.8091139 -0.2972022 -0.298098 0.907088 -0.2642688 -0.2960189 0.9178969 0.03434091 -0.3054907 0.9515757 0.0685206 -0.2958984 0.9527587 0.1959893 -0.3133732 0.9291855 0.5412666 -0.2935463 0.7879474 0.7254197 -0.3066455 0.6162264 0.830779 -0.2813189 0.480277 -0.9484972 -0.3141185 0.04102116 -0.9005813 -0.3291454 0.283931 -0.7538002 -0.2996826 0.584787 -0.7342188 -0.3007659 0.6086565 -0.4789667 -0.3313243 0.8129054 -0.4012017 -0.3150811 0.8600937 -0.150484 -0.2794777 0.9482863 -0.08866232 -0.305588 0.9480269 -0.07506406 -0.3280584 0.9416704 0.4240493 -0.3261721 0.8448634 0.5396948 -0.3039861 0.7850618 0.6463806 -0.3146823 0.6951023 0.6725937 -0.3102548 0.6718332 0.7006464 -0.3243924 0.6355032 0.7789969 -0.3076209 0.5463819 0.7789411 -0.3075357 0.5465096 0.8305706 -0.3230761 0.4536235 -0.9398254 -0.338154 0.04878866 -0.9352244 -0.3489746 0.05976837 -0.9165347 -0.3555158 0.1832284 -0.856065 -0.3306388 0.3972792 -0.8443545 -0.3311586 0.4211881 -0.7687244 -0.3210039 0.5531901 -0.7656682 -0.321402 0.5571833 -0.6467183 -0.3724917 0.6655866 -0.2297399 -0.3305124 0.9154132 -0.1800343 -0.3193191 0.9303886 0.008816659 -0.3306728 0.9437044 0.1189306 -0.3542777 0.9275466 0.1739674 -0.347571 0.9213738 0.1904178 -0.3343781 0.9230018 0.3132445 -0.3245304 0.8925009 0.3262619 -0.3175839 0.8903336 0.4263386 -0.331519 0.8416239 0.5009405 -0.3405799 0.7956532 0.5872351 -0.3513807 0.7291685 0.6179057 -0.3434152 0.7072896 0.8563691 -0.3483191 0.3811901 0.8737683 -0.3352581 0.3523223 -0.931053 -0.3621658 0.04445582 -0.9309327 -0.3506013 0.1021924 -0.9276434 -0.3569283 0.1099095 -0.8635086 -0.3579283 0.3553032 -0.807511 -0.3723143 0.4575021 -0.6735579 -0.3170581 0.6676781 -0.6165245 -0.3640789 0.6981005 -0.5735538 -0.3488885 0.7411565 -0.4766469 -0.3589158 0.8024883 -0.376363 -0.3546572 0.8559026 -0.3153495 -0.3516579 0.8814145 -0.2378162 -0.3773568 0.8950114 -0.1395967 -0.3625102 0.9214658 -0.08916753 -0.3582451 0.9293598 0.3033667 -0.3457953 0.8879158 -0.9218376 -0.3860122 0.03478521 -0.900644 -0.3767597 0.216547 -0.8958423 -0.3737523 0.2403661 -0.8009657 -0.3877303 0.4562008 -0.7312122 -0.3946496 0.5563997 -0.6893129 -0.3943153 0.6077527 -0.53603 -0.3817728 0.752942 -0.4964544 -0.3843476 0.778338 -0.2830526 -0.3800628 0.880587 -0.2391067 -0.378154 0.8943309 -0.1725109 -0.3927089 0.9033382 0.02290678 -0.3892825 0.9208336 0.2811645 -0.3622843 0.8886489 0.3747174 -0.3948932 0.8388363 0.4057461 -0.381531 0.8305445 0.5000991 -0.4031736 0.766389 0.5470636 -0.4109841 0.7292555 0.6942026 -0.3743799 0.614754 0.6906316 -0.3691723 0.6218841 0.7671024 -0.3804141 0.5165646 0.7582917 -0.3851931 0.5259469 0.786342 -0.3930571 0.4766261 -0.9113394 -0.4093179 0.04381334 -0.9005392 -0.4293588 0.06841289 -0.7764191 -0.412286 0.4766485 -0.7327229 -0.4017897 0.5492561 -0.6581597 -0.4220899 0.6234308 -0.6036683 -0.4166349 0.6797058 -0.5866012 -0.431662 0.6852496 -0.561149 -0.4273154 0.7088819 -0.3914542 -0.3852332 0.8356789 -0.3817589 -0.4114303 0.8276384 -0.06471097 -0.4127591 0.9085386 -0.03097027 -0.4205096 0.9067593 0.07731354 -0.4019312 0.9124001 0.1895694 -0.4120725 0.8912126 0.2643666 -0.424134 0.8661528 0.2549281 -0.4315752 0.8653061 0.4574041 -0.4294928 0.7786639 0.6322658 -0.3977047 0.6648843 0.7758463 -0.3963199 0.4909104 0.8145852 -0.4162025 0.4040128 0.8285503 -0.4073958 0.3841004 -0.8995598 -0.4320164 0.06445133 -0.8987231 -0.4278829 0.09598541 -0.8607659 -0.4147025 0.2951337 -0.8492091 -0.4040053 0.3400348 -0.8268464 -0.4238026 0.3697518 -0.4734364 -0.4243888 0.7718499 -0.2969097 -0.4372723 0.8489037 -0.3143769 -0.4393526 0.8415085 -0.1454107 -0.4399793 0.8861569 -0.1239062 -0.4417729 0.8885292 0.1069619 -0.458429 0.8822711 0.3472494 -0.4362825 0.8301057 0.5496073 -0.4170392 0.7238855 0.6165232 -0.417491 0.6675332 -0.8891081 -0.4553529 0.04626846 -0.8936806 -0.4358412 0.1066654 -0.8845643 -0.4326151 0.1743282 -0.5036236 -0.4687778 0.7256794 -0.404616 -0.4464713 0.798091 -0.4100413 -0.4479241 0.7944999 -0.2682312 -0.4631069 0.8447391 -0.2110764 -0.4556604 0.8647661 -0.1917457 -0.4610122 0.8664303 -0.00304836 -0.4702564 0.8825246 0.1073762 -0.4565123 0.8832141 0.2556793 -0.4633669 0.8484807 0.4414588 -0.4641655 0.7678962 0.5303569 -0.4630782 0.7101269 0.6186559 -0.4765896 0.6246017 0.6729708 -0.4548206 0.5833083 0.6952455 -0.4646395 0.5484012 -0.8771893 -0.4779531 0.04582631 -0.8560326 -0.4724144 0.2098398 -0.8432902 -0.4665755 0.2667755 -0.8127178 -0.5009096 0.2976233 -0.8080756 -0.5012624 0.3094347 -0.8057572 -0.4593921 0.3737838 -0.7554572 -0.4848396 0.4406986 -0.7535316 -0.478496 0.4508122 -0.692264 -0.4845234 0.5347968 -0.6910765 -0.4854643 0.5354789 -0.6502797 -0.4654891 0.6003801 -0.5751588 -0.5019702 0.6459245 0.130938 -0.5024167 0.8546535 0.3689711 -0.5017948 0.7823441 0.6070531 -0.4907446 0.6250251 0.7369804 -0.4996755 0.4551751 0.7774007 -0.4910905 0.3930373 -0.8638609 -0.4997588 0.06313228 -0.8539626 -0.5140618 0.08055216 -0.5369288 -0.5104559 0.6716713 -0.588788 -0.5194554 0.6192695 -0.5063806 -0.5116612 0.6941048 -0.4962818 -0.5001328 0.7096278 -0.4309126 -0.5168721 0.739701 -0.3368547 -0.4936178 0.801792 0.2804679 -0.4929407 0.8236184 0.3953236 -0.4686035 0.7900191 0.49767 -0.4881119 0.7169879 0.6963739 -0.5174763 0.4972743 0.7027665 -0.5212522 0.4841647 0.7644659 -0.5022157 0.4041922 0.8212559 -0.4839769 0.3021679 0.8678452 -0.4601302 0.187417 0.8780029 -0.4410876 0.1858835 0.8913639 -0.424219 0.1597147 0.8901096 -0.4451082 0.09789633 0.9021697 -0.4017785 0.1570479 0.912838 -0.3606789 0.1914099 0.9246613 -0.3695322 0.09191113 0.9006891 -0.350547 0.2566634 0.9344375 -0.3174262 0.1614538 0.9440541 -0.3110806 0.1095021 0.9395463 -0.3320956 0.08345854 0.9178442 -0.2924328 0.2684123 0.937615 -0.2633162 0.2270306 0.9415383 -0.2679783 0.2041898 0.9600757 -0.2610219 0.1006095 0.9646714 -0.2273818 0.1330657 0.9354251 -0.19318 0.2960768 0.9485393 -0.2017948 0.2440329 0.9705904 -0.1997193 0.1344115 0.9763735 -0.1838908 0.1134862 0.9613457 -0.1798813 0.208464 0.9828331 -0.1526374 0.1036387 0.9709891 -0.1133437 0.2105548 0.9566251 -0.09728378 0.2745984 0.9758054 -0.1011624 0.1938297 0.9855942 -0.1011929 0.1355141 0.9911553 -0.07227295 0.1113011 0.9927463 -0.04633051 0.1109429 -0.8541585 -0.5129492 0.08541935 -0.8270769 -0.5586661 0.06193572 -0.7591825 -0.6494584 0.04296296 -0.6628541 -0.7454409 0.07030254 -0.624426 -0.7749446 0.09773957 -0.5745609 -0.8164642 0.05714952 -0.4788082 -0.8772199 0.03504216 -0.3968212 -0.9161369 0.05679941 -0.3103718 -0.9433438 0.1173536 -0.3701095 -0.9271614 0.0582292 -0.4108269 -0.9078305 0.08405309 -0.3877589 -0.9142356 0.1175435 -0.4759918 -0.8292561 0.292859 -0.6281974 -0.6012795 0.4937925 -0.2770779 -0.5551859 0.7842172 -0.1563565 -0.5725271 0.8048387 -0.07842218 -0.5850774 0.8071768 -0.05647391 -0.5558021 0.8293942 -0.04405677 -0.5499269 0.83405 0.0670244 -0.5983263 0.7984445 0.1297489 -0.509407 0.8506878 0.8128136 -0.5157346 0.2708355 0.8402184 -0.5401596 0.04754811 0.8018221 -0.5963768 0.03763061 0.7439792 -0.6663047 0.05032998 0.7398587 -0.6706135 0.05372881 0.6637809 -0.7464838 0.0464428 0.5811673 -0.8106404 0.07146167 0.5559005 -0.8293545 0.05608785 0.4384123 -0.8979684 0.03804433 0.3333674 -0.9406622 0.06341063 0.3746595 -0.9262176 0.04184776 0.4101761 -0.9078641 0.08682358 0.235743 -0.9678548 0.08764916 -0.2256891 -0.968386 0.1062682 -0.5798928 -0.6456418 0.4968612 -0.4741814 -0.7735401 0.4204612 -0.3312864 -0.9188126 0.2145522 -0.4064247 -0.8121303 0.4186448 -0.3800183 -0.753534 0.5364446 -0.4013971 -0.7543857 0.5194059 -0.4061362 -0.7339178 0.5444431 -0.3403019 -0.6137479 0.712396 -0.2395457 -0.9406048 0.2405838 -0.1587321 -0.9682723 0.1930099 -0.2009461 -0.9211388 0.3333529 -0.09448337 -0.9412121 0.3243346 -0.1504748 -0.8332321 0.5320544 -0.04116195 -0.8083762 0.5872254 -0.07261168 -0.9566587 0.2820138 -0.04330283 -0.806487 0.5896641 -0.01827597 -0.9002779 0.434932 0.06446993 -0.7579965 0.6490647 0.04533153 -0.9423229 0.3316215 0.05894726 -0.9324073 0.3565697 0.1384947 -0.9341925 0.3287911 0.5769551 -0.5648515 0.5899709 0.2857843 -0.861562 0.4195693 0.1513675 -0.9140131 0.376388 0.3860988 -0.8000163 0.4592404 0.5873188 -0.5891869 0.5549015 0.2230477 -0.9274841 0.3000386 0.2303106 -0.9237218 0.3060968 0.4128807 -0.8303303 0.3742744 0.4550833 -0.8058193 0.3788859 0.2739714 -0.9236424 0.2680007 0.4740804 -0.805737 0.3550149 0.5791874 -0.7363122 0.3498377 0.1885201 -0.9698677 0.1543275 0.3433983 -0.9179064 0.1988101 0.3507632 -0.9193787 0.1780678 -0.6563367 -0.6284644 0.4174382 -0.4933771 -0.8190777 0.29273 -0.5586272 -0.7995489 0.2205844 -0.6222292 -0.7525318 0.2157006 -0.7164819 -0.5649021 0.4093159 -0.7335069 -0.5901811 0.3371262 -0.6042506 -0.7632854 0.2286412 -0.7362974 -0.6435691 0.2090094 -0.5377872 -0.8369164 0.1017649 -0.7773088 -0.6085528 0.1595456 -0.6332938 -0.7705687 0.07185482 -0.8111957 -0.5647552 0.1517018 -0.331815 -0.6163354 0.7141636 -0.306331 -0.5613949 0.7687635 -0.260205 -0.8598729 0.4392175 -0.2286474 -0.7969896 0.559042 -0.1894286 -0.5979956 0.7787927 -0.1593677 -0.8250093 0.5421822 0.2274217 -0.6039268 0.7639057 0.2204308 -0.6071103 0.7634314 0.1128507 -0.8139483 0.5698709 0.08914232 -0.8246874 0.5585198 0.3834288 -0.5675572 0.7286024 0.2354238 -0.8481073 0.4746469 0.2844737 -0.7019085 0.6529926 0.4408415 -0.6353202 0.634056 0.2332255 -0.8343224 0.4995118 0.2327945 -0.8344231 0.4995447 0.4741453 -0.6186217 0.626493 0.469697 -0.6238575 0.6246492 0.5959452 -0.7347182 0.3240965 0.4526867 -0.8686833 0.2011567 0.5018577 -0.8570424 0.1166929 0.5087831 -0.8510071 0.1301034 0.5766451 -0.8117581 0.09235519 0.6691675 -0.6724987 0.3161653 0.7278553 -0.6397168 0.2469599 0.7493786 -0.6452182 0.1487457 0.7416038 -0.6253086 0.2429259 0.8247663 -0.5570241 0.09739106 0.8093191 -0.5668551 0.1538766 -0.8341829 -0.5514878 -2.71855e-4 -0.6630252 -0.748597 3.64784e-4 -0.612054 -0.7908161 0 -0.5755002 -0.8178018 2.42583e-4 -0.5561668 -0.8310708 -7.86813e-6 -0.4791006 -0.87776 -1.16512e-6 -0.5000036 -0.8660234 3.63343e-4 -0.4387291 -0.8986195 0 -0.3974593 -0.9176198 2.37921e-4 -0.3765152 -0.9264106 0 -0.312546 -0.9499027 0 -0.5572027 -0.8303766 -2.90555e-4 -0.5852714 -0.8108374 -4.51789e-4 -0.6119492 -0.7908972 4.45618e-5 -0.6390507 -0.7691646 -3.06465e-4 -0.6640002 -0.7477325 1.22394e-4 -0.7095896 -0.7046152 -4.97289e-4 -0.7721089 -0.6354894 -0.001109957 -0.802587 -0.5965352 -1.40273e-4 -0.4981053 -0.8671165 -4.50729e-4 -0.4387335 -0.8986173 -1.666e-4 -0.4097597 -0.9121932 -8.69641e-4 -0.3322802 -0.9431807 -8.22727e-5 -0.3785677 -0.9255736 7.25421e-5 -0.3164281 -0.9486165 6.30611e-5 -0.2963328 -0.9550848 0 -0.008256375 -0.9984347 -0.05531823 -0.6644924 -0.747295 3.99573e-4 -0.7172526 -0.6968133 -2.86276e-5 -0.752718 -0.6583431 2.06891e-4 -0.841171 -0.5407692 0 -0.7598822 -0.6500609 3.99507e-4 -0.8023872 -0.5968039 0 -0.828668 -0.5597406 2.74223e-4 -0.9999183 -0.01279157 0 -0.9999184 -0.01278692 0 -0.9999183 -0.01279157 0 -0.9992638 -0.03836542 0 -0.9979554 -0.06391602 0 -0.9979551 -0.06392073 0 -0.9959936 -0.08942455 0 -0.9959933 -0.08942914 0 -0.9933803 -0.1148726 0 -0.9933803 -0.1148726 0 -0.9901161 -0.1402508 0 -0.990116 -0.1402508 0 -0.9862039 -0.1655353 0 -0.9862039 -0.1655356 0 -0.9816468 -0.1907081 0 -0.9816477 -0.1907036 0 -0.9764476 -0.2157548 0 -0.9764466 -0.2157593 0 -0.9706079 -0.2406664 0 -0.9706079 -0.2406666 0 -0.9641342 -0.2654157 0 -0.964134 -0.2654158 0 -0.9570294 -0.2899911 0 -0.9570268 -0.2899998 0 -0.949297 -0.3143808 0 -0.9492969 -0.314381 0 -0.9409433 -0.3385645 0 -0.9409447 -0.3385603 0 -0.9319741 -0.3625251 0 -0.9319757 -0.3625211 0 -0.9223955 -0.3862469 0 -0.922397 -0.3862433 0 -0.9122121 -0.4097185 0 -0.9122138 -0.4097148 0 -0.9014353 -0.4329138 0 -0.9014334 -0.4329178 0 -0.8900647 -0.4558344 0 -0.8900627 -0.4558384 0 -0.8781116 -0.4784559 0 -0.8655831 -0.5007653 0 -0.8655874 -0.5007582 0 -0.8655833 -0.500765 0 -0.8900628 -0.4558381 0 -0.9122138 -0.4097145 0 -0.9223954 -0.386247 0 -0.9319757 -0.3625208 0 -0.9409418 -0.3385684 0 -0.9570281 -0.2899951 0 -0.9641329 -0.2654201 0 -0.9706079 -0.2406665 0 -0.9862046 -0.1655309 0 -0.9862031 -0.1655399 0 -0.9901167 -0.140246 0 -0.9933797 -0.1148772 0 -0.9959933 -0.08942914 0 -0.9959936 -0.08942449 0 -0.9992638 -0.03836542 0 0.8622426 -0.498824 -0.08781987 0.9560117 -0.05221962 -0.2886432 0.86999 -0.06816303 -0.4883352 0.825125 -0.05257666 -0.5624983 0.6735011 -0.0495814 -0.7375215 0.5308089 -0.03934192 -0.846578 0.4030791 -0.1044278 -0.9091876 0.03969073 -0.008223652 -0.9991782 0.04588925 -0.01950389 -0.9987561 0.2580038 -0.2097226 -0.9431069 0.8513298 -0.4434219 -0.2803831 0.8926326 -0.3815949 -0.2399843 0.9373497 -0.2028899 -0.2832159 0.9409521 -0.1809422 -0.286128 0.9468804 -0.07875591 -0.3117933 0.6770334 -0.09130156 -0.7302671 0.6773947 -0.09200507 -0.7298436 0.7204971 -0.4298001 -0.544202 0.6505888 -0.3986748 -0.6463689 0.6567657 -0.2951578 -0.6939314 0.5730268 -0.123957 -0.8101081 0.5845963 -0.1424393 -0.7987229 0.6262415 -0.4001059 -0.6691315 0.5620326 -0.1931766 -0.8042402 0.4732534 -0.2527242 -0.8438968 0.4916157 -0.2075744 -0.8457109 0.4940211 -0.2103425 -0.8436227 0.4527155 -0.09979134 -0.8860533 0.4950068 -0.03363543 -0.8682379 0.3031334 -0.2645739 -0.915484 0.05014276 -0.02047002 -0.9985323 0.9850606 -0.02840721 -0.1698486 0.9624978 -0.09991413 -0.2522206 0.9517214 -0.1705245 -0.2552406 0.9458471 -0.2812525 -0.1620816 0.9085388 -0.3804405 -0.1726912 0.9227681 -0.3589487 -0.1401964 0.9983 -0.01277476 -0.05686855 0.9934564 -0.0415731 -0.1063773 0.9932414 -0.03813695 -0.109623 0.9917121 -0.06351298 -0.1116837 0.9862327 -0.0885545 -0.1396543 0.985898 -0.08938467 -0.141476 0.9898687 -0.114471 -0.08400321 0.9878563 -0.1399262 -0.06753361 0.9817689 -0.164788 -0.09473615 0.9733397 -0.1805213 -0.1414988 0.9742394 -0.1892647 -0.1226233 0.9716576 -0.2146946 -0.09893292 0.9648426 -0.2392388 -0.1088281 0.9529424 -0.2623331 -0.1519288 0.9390763 -0.2766262 -0.2039942 0.9404417 -0.2849621 -0.1853807 0.9390318 -0.3109854 -0.1466546 0.9327831 -0.335626 -0.1314191 0.9091829 -0.3797693 -0.1707684 0.9079231 -0.4077836 -0.09689307 0.8993554 -0.4319289 -0.0678035 0.8870472 -0.4542696 -0.08238095 0.8759716 -0.4671875 -0.1200404 0.8734424 -0.4759264 -0.1029198 0.2574827 -0.149289 -0.9546809 0.1273384 -0.0514841 -0.9905222 0.1331466 -0.01850074 -0.9909238 0.1608893 -0.01532632 -0.9868535 0.2158721 -0.06890553 -0.9739874 0.221518 -0.05517625 -0.9735941 0.2734315 -0.02213788 -0.9616367 0.3767941 -0.1568589 -0.9129193 0.3148434 -0.05649083 -0.9474611 0.2767958 -0.02159923 -0.960686 0.3332468 -0.119809 -0.9351965 0.4217381 -0.07691144 -0.9034498 0.4843952 -0.02099305 -0.8745975 0.8020953 -0.4150021 -0.4294373 0.7245587 -0.3527057 -0.5921263 0.7767215 -0.2153439 -0.5918875 0.8177995 -0.2730495 -0.5066044 0.7125543 -0.2605817 -0.651432 0.6961127 -0.07141482 -0.7143718 0.7948015 -0.2124174 -0.56848 0.8133516 -0.1430325 -0.5639158 0.8652815 -0.258798 -0.4293153 0.8542111 -0.1333078 -0.502546 0.882153 -0.08059716 -0.4640154 0.8443293 -0.4465112 -0.2962025 0.872659 -0.3315188 -0.358555 0.8826388 -0.3118034 -0.3517495 0.02341622 -0.003110051 -0.9997211 0.03414249 -0.002236843 -0.9994145 0.1022898 -6.8867e-4 -0.9947545 0.156268 -0.002653837 -0.9877111 0.1699271 -0.00164479 -0.9854553 0.2540793 -6.24391e-4 -0.9671833 0.2588217 -1.36115e-4 -0.9659252 0.3797258 -1.99745e-4 -0.9250991 0.3455814 -0.005961179 -0.9383699 0.4499238 5.69512e-7 -0.893067 0.5342599 -0.005081415 -0.8453051 0.5484462 -0.002487301 -0.8361821 0.639884 -5.70672e-4 -0.7684714 0.6856166 -0.005812764 -0.7279397 0.7230215 -7.75891e-4 -0.6908252 0.8125317 -8.7194e-4 -0.5829165 0.7967844 -0.005962312 -0.6042345 0.8602837 0 -0.5098156 0.901196 -0.004547536 -0.4333882 0.9126163 -0.002492427 -0.4088097 0.9443395 -0.003896117 -0.3289496 0.9460095 -0.003185212 -0.3241235 0.9767037 7.9732e-4 -0.2145907 0.9854565 -0.002389609 -0.169911 0.9921718 7.98456e-4 -0.1248783 0.9983801 -0.00159347 -0.05687344 0.9994171 0 -0.03413981 -0.04641389 -0.02125012 -0.9986963 -0.2493698 -0.1909418 -0.9493978 -0.5481923 -0.3963305 -0.7364832 -0.6529998 -0.4483459 -0.6103911 -0.298609 -0.1489702 -0.9426774 -0.8437705 -0.4779259 -0.2442096 -0.9927303 -0.0447027 -0.1117509 -0.9983 -0.01277476 -0.05686855 -0.857192 -0.4959011 -0.1389387 -0.8743303 -0.4763977 -0.09269207 -0.8860645 -0.4537987 -0.09463816 -0.8919559 -0.4283578 -0.1446524 -0.8921366 -0.4337993 -0.1261376 -0.9017172 -0.4049986 -0.1512693 -0.9034605 -0.3926876 -0.171918 -0.9122492 -0.3819993 -0.1479119 -0.9245659 -0.3596445 -0.1258324 -0.9332272 -0.3357871 -0.1278046 -0.9380072 -0.3106386 -0.1537728 -0.9380117 -0.3001364 -0.1733559 -0.9483406 -0.2873534 -0.1344549 -0.9591486 -0.2640479 -0.1015516 -0.9656375 -0.2394301 -0.101082 -0.9677632 -0.2138323 -0.1330799 -0.9669996 -0.2079315 -0.1472289 -0.9773421 -0.1898663 -0.09355902 -0.9839608 -0.1651559 -0.06741482 -0.9865375 -0.1397475 -0.08493828 -0.9830084 -0.1145151 -0.1434605 -0.9835176 -0.1137317 -0.1405639 -0.9914854 -0.08902388 -0.09503382 -0.9936656 -0.06364011 -0.0926221 -0.9903269 -0.03802454 -0.133442 -0.9818091 -0.04421097 -0.1846519 -0.988622 -0.03311109 -0.1467317 -0.9735088 -0.1080099 -0.2015305 -0.9746612 -0.1135417 -0.1927277 -0.9513119 -0.1692235 -0.2576223 -0.9545694 -0.2011924 -0.2198155 -0.913334 -0.2839739 -0.2918558 -0.9137188 -0.2625876 -0.3101061 -0.8848026 -0.3106758 -0.3472822 -0.8858855 -0.3837323 -0.2606845 -0.8299059 -0.4255152 -0.3608229 -0.837208 -0.474282 -0.2722855 -0.9247486 -0.03097033 -0.3793164 -0.9112504 -0.05090433 -0.4086949 -0.9092143 -0.07218664 -0.4100225 -0.8752753 -0.1400857 -0.4628923 -0.8791906 -0.101206 -0.4655979 -0.83337 -0.1690266 -0.5262361 -0.8243857 -0.2043696 -0.5278461 -0.8150092 -0.2936105 -0.4995526 -0.7564907 -0.3837416 -0.529589 -0.814472 -0.01652777 -0.5799674 -0.7455695 -0.3546252 -0.5642404 -0.7127118 -0.09506589 -0.6949852 -0.7304535 -0.05825388 -0.6804736 -0.7873356 -0.2231161 -0.5747364 -0.784201 -0.2312701 -0.5757977 -0.6904992 -0.07673639 -0.7192513 -0.6890491 -0.09179764 -0.7188773 -0.6163235 -0.2836762 -0.7346246 -0.5969977 -0.1341863 -0.7909411 -0.5945585 -0.1190319 -0.7951928 -0.617776 -0.2388557 -0.7492001 -0.5425191 -0.2839807 -0.7905871 -0.5378255 -0.03886365 -0.8421599 -0.5181262 -0.1618278 -0.8398554 -0.4236535 -0.1430255 -0.8944616 -0.3990828 -0.1984141 -0.8951898 -0.3802123 -0.05478614 -0.9232752 -0.3790454 -0.04880976 -0.9240899 -0.3617242 -0.04579937 -0.9311596 -0.2907985 -0.07641929 -0.9537277 -0.2935466 -0.08159524 -0.9524562 -0.2706741 -0.1593906 -0.9493842 -0.2001766 -0.08296793 -0.9762406 -0.2062381 -0.01690542 -0.9783558 -0.02203583 -0.003321647 -0.9997517 -0.08794873 -0.02248555 -0.9958713 -0.03253495 0.008111536 -0.9994377 -0.06022393 -0.02342557 -0.9979101 -0.03422397 -0.002209842 -0.9994118 -0.1022921 -2.4069e-4 -0.9947544 -0.1698936 -0.002532124 -0.9854592 -0.204882 -0.005946278 -0.9787687 -0.2367591 -0.003249704 -0.971563 -0.3241294 -0.001542448 -0.9460116 -0.3887815 -0.006866753 -0.9213045 -0.4294893 -0.003380119 -0.9030656 -0.5292719 -0.007400751 -0.84842 -0.531973 -0.007786035 -0.8467255 -0.6222075 -0.002904772 -0.7828471 -0.6724971 -0.005835771 -0.7400767 -0.7071095 -5.7774e-4 -0.7071039 -0.7967954 -0.003448009 -0.6042394 -0.8130698 -0.007618844 -0.5821166 -0.8716614 0 -0.4901086 -0.9216581 -0.007945597 -0.3879219 -0.9251506 -0.009539067 -0.3794806 -0.9531421 -0.002390682 -0.3025135 -0.9715657 -0.001195311 -0.2367673 -0.9854482 -0.004772782 -0.1699092 -0.9827661 -0.002918541 -0.184831 -0.9947579 -8.53805e-7 -0.1022585 -0.9994143 -0.002389013 -0.03413975 -0.9983814 0 -0.0568735 -0.5386329 -0.8423143 -0.01952505 -0.2381978 -0.9706087 -0.03436255 -0.5225493 -0.8279305 -0.2036507 -0.5915155 -0.8062834 -0.004064083 0.9996902 0.0158708 -0.01917558 -0.6985788 -0.67794 -0.2288776 -0.71121 -0.6441224 -0.2815791 -0.7981366 -0.6024132 -0.008733868 -0.6690309 -0.743106 -0.01383066 -0.8493413 -0.49619 -0.1800414 -0.8596702 -0.4942751 -0.1290708 -0.5634962 -0.7247018 -0.3965846 -0.6782106 -0.5572999 -0.4790065 -0.759254 -0.5576168 -0.3355547 -0.7256869 -0.6803903 -0.1022138 -0.1729502 -0.942963 -0.2844455 -0.01889491 -0.9095379 -0.4151915 -0.4461273 -0.538069 -0.7151588 -0.02188503 -0.0485112 -0.9985828 -0.2614974 -0.5043635 -0.8229439 -0.2022359 -0.8591446 -0.4700759 -0.2133226 -0.8739883 -0.436621 -0.3221772 -0.4294675 -0.8436585 0.7908309 -0.5523464 -0.2636287 -0.9212738 0.3888546 -0.006835758 0.7811936 -0.6239152 -0.02159553 0.7926203 -0.6094214 -0.01893937 -0.514843 0.8569806 -0.02282577 0.7453243 -0.5741816 -0.3388324 0.5506934 -0.8346458 -0.01016426 0.5728272 -0.8196251 -0.009157538 -0.797016 0.6036686 -0.01870208 0.4601054 -0.8877906 -0.0114485 0.4140256 -0.9102131 -0.009746372 0.8649063 -0.5017014 -0.01526463 0.6236893 -0.7055451 -0.3364785 0.1835787 -0.8248029 -0.5347889 -0.02677458 -0.830622 -0.5561926 0.2224323 -0.1875618 -0.9567363 0.202093 -0.2020369 -0.9583004 0.4559714 -0.5814066 -0.6738372 0.1402046 -0.986545 -0.08409368 0.429607 -0.6463264 -0.6306347 0.3288286 -0.07654005 -0.9412829 -0.07422977 -0.2679935 -0.9605569 0.02456068 -0.5616484 -0.8270115 -0.01287329 -0.6764084 -0.7364144 0.0235759 -0.8162932 -0.5771567 -0.005708038 -0.8914168 -0.4531484 0.003090918 -0.9584227 -0.2853355 -0.002418756 -0.970754 -0.2400643 0.002789974 -0.994424 -0.1054196 0 -0.9969845 -0.07760095 0 -0.9969837 -0.07761144 -0.002789974 -0.9944239 -0.1054197 0.002138197 -0.9724994 -0.2328957 -0.01119351 -0.9376514 -0.347397 0.00277245 -0.894321 -0.4474173 -0.02200734 -0.742712 -0.6692494 -0.05688565 -0.8067218 -0.5881872 -7.37618e-4 -0.5630116 -0.8264487 -0.03299969 -0.4131748 -0.9100537 0.1439898 -0.1093927 -0.9835142 -0.002332627 -0.02152675 -0.9997656 0 0.9969845 -0.07760095 0.002790212 0.9944232 -0.1054275 -6.2725e-4 0.9809693 -0.1941621 0.009232759 0.9390861 -0.343558 -0.007870316 0.9035276 -0.4284579 0.001373291 0.8311228 -0.5560873 -0.01177108 0.7654113 -0.6434339 0.003772914 0.694015 -0.7199507 -0.008755385 0.5584673 -0.8294804 0.05609738 0.4009286 -0.9143902 -0.07410907 0.1420511 -0.9870813 0.04483175 0.2710855 -0.9615107 0.05481737 0.2746413 -0.959983 -0.02002269 0.593941 -0.8042595 0.008740425 0.6622278 -0.7492516 -0.01545202 0.8312706 -0.5556532 0.002440452 0.8667201 -0.4987889 -9.4391e-4 0.9584258 -0.2853407 0.003187894 0.9656841 -0.2597 -0.002790212 0.9944231 -0.1054276 0 0.9969837 -0.07761144 0 1 1.56902e-6 0 1 2.61502e-7 0 1 -1.04601e-6 0 1 1.61588e-6 0 1 -1.00992e-6 0 1 -1.04601e-6 0 1 -5.23005e-7 0 1 5.23005e-7 0 -1 1.81361e-7 0 -1 -3.139e-7 0 -1 3.46394e-7 0 -1 0 0 -1 -1.82552e-7 0 -1 1.49044e-7 0 -1 2.97654e-7 0.1370635 -0.7208142 -0.6794413 0.02394986 -0.7549129 -0.6553877 -0.03330808 -0.7347762 -0.6774914 -0.191244 -0.7162358 -0.6711423 -0.3336117 -0.7375863 -0.5870859 -0.3499897 -0.7462699 -0.5662054 -0.4525057 -0.7212942 -0.524379 -0.5473825 -0.7090331 -0.4445723 -0.6031305 -0.7178485 -0.3477458 -0.6152428 -0.7334427 -0.2890294 -0.6498869 -0.7208052 -0.2410125 -0.6859663 -0.7108791 -0.1552457 -0.6973029 -0.7167389 -0.007340312 -0.6890432 -0.724523 0.01691663 -0.6960844 -0.6928247 0.1883096 -0.5798425 -0.7271907 0.3673912 -0.5782367 -0.7236033 0.3768827 -0.4471561 -0.7197084 0.5311038 -0.3051931 -0.747562 0.5899223 -0.3386253 -0.734526 0.5880514 -0.1960267 -0.710301 0.6760519 -0.1050926 -0.7093434 0.6969846 -0.01189917 -0.7185629 0.6953603 -0.02572017 -0.7152093 0.6984369 0.0816704 -0.7052406 0.7042484 0.2019911 -0.7128769 0.67157 0.2241412 -0.7197149 0.6570929 0.3255368 -0.7051292 0.6299355 0.4423936 -0.7188776 0.5361931 0.5206639 -0.7529062 0.4025436 0.5060046 -0.7593331 0.4091122 0.6216343 -0.7261828 0.2936486 0.6777452 -0.7245439 0.1252908 0.6481283 -0.7611293 -0.02474027 0.6509953 -0.7588381 -0.01923215 0.6653441 -0.7279126 -0.1657124 0.6212073 -0.7159286 -0.3186656 0.4850356 -0.7563981 -0.4388649 0.3481582 -0.8021396 -0.4851371 0.507389 -0.725291 -0.4653057 0.2909328 -0.7029699 -0.6489926 0.1977464 -0.001683533 -0.9802518 0.08328109 0.0102604 -0.9964733 -0.04910355 -0.003423392 -0.9987878 -0.2218583 0.005581319 -0.975063 -0.2740435 -0.001702785 -0.9617159 -0.4940457 0.006008386 -0.8694153 -0.4637559 0 -0.885963 -0.6533168 0 -0.7570847 -0.6924757 0.005482614 -0.7214205 -0.7762356 -9.13712e-4 -0.6304425 -0.8137663 0.003086745 -0.5811842 -0.8663141 -0.003204762 -0.4994894 -0.9070106 0.001374125 -0.4211056 -0.937601 -6.87196e-4 -0.3477125 -0.9547114 0.002059936 -0.2975265 -0.975332 -0.002059936 -0.2207336 -0.9952246 0.004405736 -0.09751182 -0.9999404 -0.002909064 -0.01052647 -0.9899895 0.0078637 0.140922 -0.965257 -0.009555637 0.2611278 -0.8830741 0.006319165 0.4691911 -0.8377448 -0.006319284 0.5460254 -0.7218323 0.006913423 0.6920335 -0.6440552 -0.004110991 0.7649681 -0.5286062 0.003273129 0.8488609 -0.4594917 -0.003929376 0.8881735 -0.3539129 0.002059936 0.9352762 -0.2784858 -0.002059996 0.9604382 -0.2271885 6.87157e-4 0.9738507 -0.1490966 -0.001374244 0.9888217 -0.09649324 0.001374304 0.9953328 -0.01710975 -6.87132e-4 0.9998535 0.009412527 6.87132e-4 0.9999555 0.1151965 -0.002059996 0.9933407 0.1414803 0 0.9899411 0.2880287 0 0.9576219 0.271084 -0.002053499 0.9625535 0.4526453 4.68423e-4 0.8916906 0.4590988 -4.68442e-4 0.8883851 0.6364099 0.002278983 0.7713478 0.6381514 0.002570807 0.7699067 0.7776261 -0.002570748 0.6287218 0.8334949 0.009635508 0.5524432 0.9041904 -0.00243932 0.4271226 0.9588169 0.008431375 0.2839 0.9833256 -0.005136907 0.1817817 0.9993584 0.006125211 -0.03528875 0.999256 0.005701303 -0.03814423 0.9703561 -9.5159e-4 -0.2416783 0.9541283 0.004456818 -0.2993648 0.8897347 -0.007619023 -0.4564146 0.8509957 0.002570807 -0.5251665 0.7415167 -0.002151966 -0.670931 0.7289837 0 -0.684531 0.5830458 0 -0.8124393 0.5679206 0.002151966 -0.8230805 0.409061 -0.002570748 -0.9125035 0.3567844 0.004737555 -0.9341748 0 1 3.11308e-6 0 1 1.40697e-6 0 1 -2.29856e-6 0 1 -3.60537e-7 0 1 -4.50543e-7 0 1 -1.60039e-6 0 1 1.46944e-6 0 1 -1.35581e-6 0 1 1.61683e-6 0 1 -1.47308e-6 0 1 1.63685e-6 0.2263054 0.7730983 -0.5925412 0.3557258 0.7795289 -0.5155521 0.3946372 0.8407956 -0.3705729 0.3817213 0.8810775 -0.2792696 0.4468975 0.8510129 -0.2757892 0.6005567 0.7770626 -0.1884289 0.6318725 0.7747511 -0.02231276 0.4602681 0.8772572 0.136283 0.4634569 0.8757088 0.1354322 0.538694 0.763102 0.3570492 0.4152281 0.7593598 0.5009574 0.2531017 0.8290581 0.4986003 0.3276572 0.7794396 0.5339615 0.1898902 0.7136715 0.6742513 0.09809827 0.7205802 0.6863971 0.006148517 0.7572875 0.6530529 -0.02558356 0.7796204 0.6257297 -0.06287848 0.7585499 0.6485741 -0.1546443 0.7325699 0.6628925 -0.2395454 0.736122 0.6330422 -0.3777934 0.8223883 0.4253821 -0.2268298 0.9032545 0.364252 -0.3965774 0.8355654 0.3802062 -0.5354339 0.7952231 0.2844838 -0.4932729 0.8670361 0.07021641 -0.4996496 0.8628829 0.07605034 -0.6334888 0.7712584 -0.06206834 -0.6540843 0.7284393 -0.2038381 -0.6100435 0.740018 -0.2832321 -0.4999136 0.7890583 -0.3570341 -0.3741825 0.8524001 -0.3652419 -0.3765229 0.8392628 -0.3922607 -0.2925841 0.7758623 -0.5589563 -0.1309006 0.8073983 -0.5753025 0.003414273 0.8855946 -0.4644465 0.04344886 0.8531418 -0.5198666 -0.3519609 0 -0.9360148 -0.3519607 0 -0.9360148 -0.9208654 0 -0.3898807 -0.9208656 0 -0.3898802 0.6346321 0 -0.7728145 0.6346325 0 -0.772814 -0.1227864 0 -0.9924331 -0.1227864 0 -0.9924332 0.986593 0 0.1632004 0.986593 0 0.1632003 0.7980791 0 -0.6025527 0.7980794 0 -0.6025524 0.3519609 0 0.9360148 0.3519606 0 0.9360148 0.9208654 0 0.3898807 0.9208656 0 0.3898803 -0.6346319 0 0.7728146 -0.6346325 0 0.772814 0.1227861 0 0.9924331 0.1227864 0 0.9924332 -0.986593 0 -0.1632005 -0.986593 0 -0.1632003 -0.7980791 0 0.6025527 -0.7980794 0 0.6025524 0.03413391 0 -0.9994173 0.1022947 0 -0.9947541 0.1022593 0 -0.9947578 0.1699226 0 -0.9854575 0.2588082 0 -0.9659287 0.2588078 0 -0.9659289 0.3455889 0 -0.9383861 0.3668574 0.003107309 -0.930272 0.4499086 -0.001035034 -0.893074 0.4701576 0.001036465 -0.882582 0.5484483 -0.003106534 -0.8361787 0.5673275 0 -0.8234924 0.6398828 0 -0.7684726 0.6802621 0.007339835 -0.7329323 0.7230213 5.17514e-4 -0.6908257 0.7967941 0.003099322 -0.6042432 0.7875545 0 -0.6162452 0.8602819 0 -0.5098188 0.8864255 0.007339835 -0.4628131 0.9126173 5.18805e-4 -0.4088147 0.9460092 0.002585351 -0.3241297 0.9484426 0.003795087 -0.3169264 0.9767042 -0.00103724 -0.2145876 0.9854543 0.003105938 -0.1699122 0.9921714 -0.001037597 -0.1248795 0.9994123 0.00310558 -0.03413844 0.9983815 0 -0.05687308 0.9998837 0 0.01524984 0.9996749 0.002086579 0.0254122 0.9989537 -4.92076e-7 0.04573369 0.9970894 0.003131508 0.07617801 0.9978171 0 0.06603795 0.9931725 0 0.1166552 0.9931728 0 0.1166532 0.9876086 0 0.1569375 0.9859567 0.00313127 0.1669713 0.9783586 -0.001042604 0.2069137 0.9762032 0.001043319 0.2168555 0.969135 -0.002087891 0.2465223 0.9639242 0.002089142 0.2661688 0.9553566 -0.001044631 0.2954534 0.94915 0.00313127 0.3148089 0.9425553 -0.001044273 0.3340487 0.9243583 0.004175782 0.3815028 0.9319226 -0.00417447 0.3626336 0.9122999 0.001042604 0.4095216 0.9080937 -0.001043558 0.4187659 0.8903057 0.003130555 0.4553526 0.8903108 0.003130257 0.4553427 0.8710626 -0.001044571 0.4911709 0.8660226 0.001044571 0.5000039 0.850372 -0.002087891 0.526178 0.8394971 0.002088546 0.5433602 0.8282737 -4.92083e-7 0.5603238 0.8108055 0.003130495 0.5853075 0.816715 0 0.5770415 0.7863439 0 0.6177891 0.7863358 0 0.6177993 0.7605695 0 0.6492567 0.76057 0 0.6492559 0.7335386 0 0.6796479 0.7266053 0.002087891 0.687052 0.7124707 -7.38122e-7 0.7017019 0.6907531 0.003129541 0.7230839 0.6980608 0 0.7160385 0.6683732 0 0.7438262 0.6607825 0.002086579 0.7505745 0.6453821 -1.23019e-6 0.7638601 0.613789 0.004173815 0.7894591 0.6217827 0 0.7831898 0.5811858 0 0.813771 0.5728762 0.003130555 0.819636 0.5390719 -0.001045107 0.8422591 0.5304976 0.001043617 0.8476858 0.5043977 -0.002087414 0.863469 0.4748464 0.004870891 0.8800553 0.4598651 5.20261e-4 0.8879886 0.4233885 0.002606749 0.9059446 0.4203045 0.003826081 0.9073752 0.3767991 -0.001044273 0.9262944 0.3673885 0.001044273 0.930067 0.3388152 -0.002087473 0.9408507 0.3067674 0.004870951 0.951772 0.2905839 5.2184e-4 0.9568495 0.2514429 0.002608776 0.9678686 0.2481607 0.003825843 0.9687113 0.2019323 -0.001045227 0.979399 0.1919789 0.001042008 0.9813985 0.1619525 -0.002088904 0.9867964 0.128428 0.004871904 0.9917069 0.1116013 5.22432e-4 0.993753 0.07111769 0.002609074 0.9974645 0.06772857 0.003826558 0.9976965 0.0203045 -0.001043975 0.9997933 0.01018369 0.001043975 0.9999476 -0.0203464 -0.00208801 0.9997908 -0.04065078 0.002088308 0.9991713 -0.07111799 -0.001042783 0.9974673 -0.08123892 0.001044392 0.9966942 -0.1116009 -0.002087235 0.9937509 -0.1317793 0.002088367 0.9912769 -0.1619527 -0.001044452 0.986798 -0.1719897 0.001042842 0.9850983 -0.2019317 -0.002088129 0.9793975 -0.2218162 0.002088367 0.9750863 -0.2514436 -0.00104314 0.9678715 -0.2612704 0.00104475 0.9652651 -0.2905827 -0.002087056 0.9568477 -0.309984 0.002088069 0.9507395 -0.3388347 -0.001043677 0.9408454 -0.3483878 0.001043796 0.9373499 -0.3767986 -0.002088725 0.926293 -0.3955678 0.002088367 0.9184344 -0.4141612 1.10717e-6 0.9102035 -0.4508103 0.004174828 0.8926101 -0.4325656 -0.004173159 0.9015929 -0.4778195 0.001044929 0.8784574 -0.4867554 -0.001044988 0.8735377 -0.5304769 0.004172861 0.8476891 -0.5131502 -0.004172503 0.8582887 -0.5560958 0.001045227 0.8311175 -0.5645163 -0.001043617 0.8254214 -0.5976275 0.003131449 0.8017679 -0.589422 0 0.8078253 -0.6217709 0 0.7831992 -0.6217911 0 0.7831832 -0.6531193 0 0.7572551 -0.6531072 0 0.7572655 -0.6833605 0 0.7300811 -0.7124707 0 0.7017019 -0.7195765 0.002088546 0.69441 -0.7404232 -0.001044571 0.6721404 -0.7539242 0.003130316 0.656954 -0.7671352 -0.001045584 0.6414846 -0.7925644 0.003129661 0.6097803 -0.7863445 0 0.6177883 -0.8108085 0 0.5853117 -0.8167126 0.002087891 0.577041 -0.8339317 -0.001043915 0.5518668 -0.8394991 0.001043915 0.5433602 -0.8556748 -0.00208795 0.5175098 -0.8660264 0.002088546 0.499994 -0.8760037 4.92093e-7 0.4823045 -0.8948909 0.004173099 0.4462656 -0.8856285 -0.004173219 0.4643759 -0.9080941 0.001044571 0.4187651 -0.9122997 -0.001042604 0.4095219 -0.9281904 0.003129601 0.3720926 -0.9281926 0.003132224 0.372087 -0.9391126 0 0.3436096 -0.9491465 0.003133535 0.3148193 -0.9459049 0 0.3244442 -0.9583142 0 0.2857169 -0.9611649 0.002087891 0.2759668 -0.9665828 9.84124e-7 0.2563546 -0.9739444 0.003131508 0.2267654 -0.9739443 0.00313133 0.2267662 -0.9804126 -4.92064e-7 0.1969554 -0.9859566 0.003131568 0.1669728 -0.9842132 0 0.1769871 -0.9905958 0 0.1368212 -0.9919328 0.00208795 0.1267482 -0.9943075 4.92068e-7 0.1065487 -0.9970894 0.003131508 0.07617801 -0.9970894 0.00313127 0.07617777 -0.9989537 0 0.04573369 -0.9998789 0.003129601 0.01524972 -0.9996771 0 0.02541232 -0.9994171 0 -0.03413856 -0.9983793 0.002071499 -0.05687296 -0.9947575 1.10998e-6 -0.1022617 -0.985454 0.0031057 -0.1699138 -0.9890712 0 -0.147439 -0.9715662 0 -0.2367683 -0.9659274 0.00207293 -0.2588051 -0.9531395 5.55018e-7 -0.3025313 -0.9216827 0.004138529 -0.3879228 -0.9184325 0.005643248 -0.3955374 -0.8716622 -0.001552939 -0.4901049 -0.8443867 0.00448513 -0.5357155 -0.7968005 -0.003105938 -0.6042346 -0.7329438 0.00592643 -0.6802634 -0.7071052 -3.47272e-7 -0.7071084 -0.6222124 0.002584576 -0.7828443 -0.6162463 0.00379455 -0.7875445 -0.5292744 -0.001036882 -0.8484502 -0.4901122 0.003105938 -0.8716539 -0.4294798 -0.003104567 -0.9030712 -0.387927 0.001036465 -0.9216895 -0.3241249 -0.002072036 -0.946012 -0.2807238 0.002072274 -0.9597864 -0.2367689 5.54983e-7 -0.9715661 -0.1699218 0.003106474 -0.9854527 -0.1923046 0 -0.9813354 -0.1022596 0 -0.9947578 -0.1022945 0 -0.9947541 -0.03422784 0 -0.9994141 -0.03413391 8.56762e-6 -0.9994173 0 -0.9999998 7.70662e-4 0 -1 -5.62511e-4 0 -1 1.61397e-4 0 -1 -3.80105e-5 0 -1 1.24253e-5 0 -1 -1.20082e-5 0 -1 -1.30488e-5 0 -1 2.95796e-5 0 -1 -1.44586e-5 0 -1 -9.40375e-6 0 -1 4.79666e-7 0 -1 8.02854e-6 0 -1 -1.23766e-5 0 -1 2.35286e-5 0 -1 -1.54869e-5 0 -1 2.24446e-5 0 -1 -3.62978e-6 0 -1 -6.50114e-6 0 -1 2.14762e-5 0 -1 2.12704e-5 0 -1 -1.01312e-5 0 -1 2.11224e-5 0 -1 -7.23686e-6 0 -1 5.2603e-6 0 -1 -9.36838e-6 0 -1 8.38286e-6 0 -1 -9.39911e-6 0 -1 9.10823e-6 0 -1 4.94357e-7 0 -1 4.315e-6 0 -1 -9.09791e-6 0 -1 9.86251e-6 0 -1 -9.93532e-6 0 -1 0 0 -1 3.20875e-6 0 -1 -1.03846e-5 0 -1 1.04929e-5 0 -1 -5.37011e-6 0 -1 1.25745e-6 0 -1 -4.57236e-6 0 -1 -7.7698e-6 0 -1 1.27317e-5 0 -1 -1.20896e-5 0 -1 1.41716e-6 0 -1 -1.35652e-7 0 -1 1.50706e-6 0 -1 3.26006e-6 0 -1 1.47201e-5 0 -1 4.90657e-6 0 -1 -1.05118e-5 0 -1 1.35993e-6 0 -1 -4.13329e-7 0 -1 4.09301e-6 0 -1 -6.50333e-6 0 -1 1.10314e-5 0 -1 -7.72166e-6 0 -1 1.62427e-5 0 -1 -8.67632e-6 0 -1 -9.17136e-6 0 -1 1.45707e-5 0 -1 -1.03239e-5 0 -1 -1.52024e-5 0 -1 -1.14196e-5 0 -1 1.46171e-5 0 -1 -1.94684e-5 0 -1 2.33324e-5 0 -1 2.73453e-5 0 -1 -3.40485e-5 0 -1 2.07036e-5 0 1 1.41134e-5 0 1 -2.82217e-6 0 1 -5.40433e-6 0 1 6.2578e-6 0 1 -2.66931e-6 0 1 -7.68763e-7 0 1 0 0 1 -6.51724e-6 0 1 -1.08308e-6 0 1 -2.53965e-6 0 1 3.73036e-6 0 1 -3.2452e-6 0 1 -7.46145e-6 0 1 3.85979e-6 0 1 4.52242e-6 0 1 5.80417e-6 0 1 -8.70912e-6 0 1 4.20492e-7 0 1 1.19056e-6 0 1 -4.32576e-6 0 1 1.06012e-5 0 1 -5.73765e-6 0 1 1.2929e-5 0 1 -1.27368e-5 0 1 1.066e-5 0 1 -8.12136e-6 0 1 5.89534e-6 0 1 -1.04857e-5 0 1 7.75339e-6 0 1 -1.43324e-5 0 1 1.34099e-5 0 1 4.84931e-5 0 1 -2.97615e-5 0 1 2.8996e-5 0 1 -4.50283e-5 0 1 1.04844e-4 0 1 -1.42462e-5 0 1 -3.61654e-6 0 1 1.4656e-5 0 1 -8.63671e-6 0 1 -1.32008e-6 0 1 1.15068e-5 0 1 -2.81799e-6 0 1 1.10649e-5 0 1 -1.39965e-5 0 1 -1.65552e-5 0 1 3.08687e-5 0 1 2.383e-5 0 1 -1.10746e-5 0 1 -4.09024e-5 0 1 2.02208e-5 0 1 3.20438e-5 0 1 -9.01169e-5 0 1 -1.97662e-5 0 1 6.62303e-5 -2.25282e-4 -0.890713 0.4545658 0 -0.8560684 0.5168626 -2.37272e-4 -0.8160802 0.5779389 -3.37221e-4 -0.6387242 0.7694357 0 -0.5979718 0.8015172 0 -0.490001 0.8717219 -3.32538e-4 -0.5178211 0.8554888 6.65409e-5 -0.4153401 0.9096662 -3.0194e-4 -0.3494027 0.9369727 -1.63459e-4 -0.1977521 0.980252 -2.53567e-4 0.08234834 0.9966036 0 0.112783 0.9936197 0 0.2270211 0.9738899 -2.45095e-4 0.5378519 0.8430393 0 0.5616257 0.8273915 0 0.6536094 0.7568321 -7.61415e-4 0.7473636 0.664415 -2.31389e-4 0.7891416 0.6142113 -4.35648e-4 0.8403803 0.5419973 -0.001072287 0.8665491 0.4990909 -2.73239e-4 0.9450853 0.3268238 -2.8009e-4 0.9843814 0.1760489 0 0.9963769 0.08504801 -1.93415e-4 0.9997859 0.02069473 0 0.9999337 -0.01151537 0 0.9941534 -0.1079765 -2.59077e-4 0.947375 -0.3201259 0 0.9217637 -0.3877523 -2.74365e-4 0.8907262 -0.4545401 -3.91264e-4 0.747065 -0.664751 -2.80456e-4 0.6295951 -0.7769235 6.57044e-5 0.5742487 -0.818681 -3.13254e-4 0.4808574 -0.8767988 -2.77107e-4 0.337316 -0.9413915 -3.11797e-4 0.0540449 -0.9985385 -3.03542e-4 -0.3237341 -0.9461482 -4.74774e-4 -0.5627782 -0.8266078 -3.06816e-4 -0.7946773 -0.6070322 -3.5677e-4 -0.9234086 -0.3838183 -4.86984e-4 -0.9782542 -0.2074089 -4.57079e-4 -0.985262 0.171051 -7.26784e-4 -0.9877761 0.1558779 -6.28326e-5 -0.9458708 0.3245436 1.90687e-4 -0.9614694 0.2749121 1.14712e-4 -0.9994951 0.03177523 -2.15765e-4 -0.999646 -0.02660828 1.83456e-4 -0.9944842 -0.1048864 2.85069e-4 -0.9629166 -0.2697995 4.79727e-4 -0.6900982 -0.7237156 8.29916e-4 -0.7032694 -0.710923 4.90974e-4 -0.4311709 -0.9022702 3.24334e-4 -0.2680717 -0.963399 -6.61089e-5 -0.1996338 -0.9798706 3.78123e-4 -0.06409662 -0.9979436 7.26694e-4 -0.08391642 -0.9964726 2.90524e-4 0.1138722 -0.9934954 -6.28321e-5 0.185572 -0.9826307 2.99194e-4 0.2937104 -0.9558944 2.77177e-4 0.4390543 -0.8984605 2.75761e-4 0.6782174 -0.7348613 2.373e-4 0.7872016 -0.6166959 0 0.8301018 -0.5576121 2.53299e-4 0.8697776 -0.493444 2.40574e-4 0.9613586 -0.2752992 0 0.9790962 -0.2033976 2.37646e-4 0.9910246 -0.1336795 2.70837e-4 0.9749076 0.2226101 5.25774e-4 0.9211184 0.3892822 2.14081e-4 0.8953047 0.4454544 4.67327e-4 0.8452259 0.534409 0.001253962 0.8131719 0.5820223 4.18949e-4 0.7826288 0.6224886 0 0.7235987 0.6902209 2.36249e-4 0.6717697 0.7407601 3.84472e-4 0.4280802 0.9037408 3.58004e-4 0.4259795 0.9047328 0 0.3199531 0.9474334 2.38738e-4 0.2512657 0.9679182 4.42909e-4 -0.04597079 0.9989427 4.38802e-4 -0.04624062 0.9989303 5.52504e-4 -0.2683969 0.9633083 1.97418e-4 -0.6917064 0.7221789 -6.66077e-5 -0.7277077 0.6858875 2.4789e-4 -0.7872075 0.6166883 2.29872e-4 -0.9128447 0.408307 -0.01394611 -0.945778 0.3245146 -0.01449143 -0.9508445 0.3093295 -0.03903615 -0.9870176 0.1557962 -0.01040697 -0.980365 -0.196917 -0.009949743 -0.9646479 -0.2633546 -0.01393079 -0.9065919 -0.4217786 -0.006582915 -0.8236037 -0.5671277 -0.01104539 -0.9996991 -0.02190315 -0.01148086 -0.9065561 -0.4219294 -0.02238738 -0.7030956 -0.710743 -0.01840978 -0.7533377 -0.6573762 -0.005029797 -0.3829192 -0.9237682 -0.003763675 -0.6873505 -0.7263162 -0.02308946 -0.1084184 -0.9938372 -0.01293188 -0.3234469 -0.9461579 -0.01742148 -0.4470505 -0.8943392 -0.008934795 -0.0839132 -0.9964331 -0.00840342 0.05404299 -0.9985033 -0.01268166 0.1855575 -0.9825516 -0.01399785 0.2077687 -0.9780779 -0.007459878 0.3373042 -0.9413662 -0.007944643 0.2970302 -0.9548351 -0.01959633 -0.2737751 0.9615942 -0.0195989 0.6934164 -0.7202705 -0.01033961 0.786808 -0.6171113 -0.008585751 0.8531582 -0.5215817 -0.007575571 0.7515196 -0.6596673 -0.01292002 -0.7408599 0.6715354 -0.01008778 0.9207996 -0.3899059 -0.004890263 0.9837424 -0.1795192 -0.005299448 0.929143 -0.3696827 -0.3216933 0.9466414 0.01958924 -0.4881695 0.8665644 0.1037146 -0.009885966 0.8819748 0.4711929 -0.01330578 0.9564852 0.2914775 -0.0126695 0.9677026 0.251776 -0.5522273 0.6586715 0.5110744 -0.009571552 0.5718861 0.8202772 -0.01278883 -0.08227318 -0.9965278 -0.01669132 0.1250342 0.9920121 -0.01229655 0.4766082 0.8790299 -0.03220295 0.02008837 0.9992795 -0.01547032 0.3348006 0.942162 -0.007441282 0.1450961 -0.9893896 -0.006657898 -0.1334354 0.9910352 -0.005908012 0.0202043 0.9997785 -0.01306748 -0.1977357 0.9801683 -0.01513826 -0.22717 0.9737374 -0.02466619 0.8729544 -0.487178 -0.2894062 -0.469029 0.8344194 -0.0160728 0.1603358 -0.9869318 -0.01665043 -0.7561263 0.654214 -0.01939964 -0.7275704 0.6857588 -0.01711583 0.9980883 0.05938762 -0.01570528 -0.999719 -0.01775801 0.9854413 -0.1363257 0.1015918 0.9572718 0.1498642 0.247329 0.9737073 0.2269468 -0.01972991 0.8857033 -0.005154609 -0.4642232 0.9861958 -0.06738263 -0.1512535 0.9828625 0.002099335 -0.1843281 0.9919891 -0.07283079 -0.1032153 0.9654578 0.2533462 0.06088596 0.9547932 0.1816872 0.2352868 0.8894823 -0.3316873 0.3143323 0.7937104 -0.6010643 0.09351801 0.9654834 -0.2139785 0.148509 0.9777532 0.2059072 -0.04001373 -0.9821878 0.1341564 0.1315649 -0.9064185 -0.2697945 0.3249868 -0.6172664 0.5154262 -0.5944057 -0.9789044 0.1529985 -0.1354169 -0.8153381 0.4521538 0.3616363 -0.5215756 0.240539 0.8185964 -0.9277651 -0.3630715 0.08620333 -0.9484584 -0.3168972 0.001749634 -0.9687551 -0.2447214 -0.0403108 -0.4517984 -0.2422861 -0.8585894 -0.7717531 0.1970348 -0.6046277 -0.79767 0.1692737 -0.5788515 -0.9996928 0.01752883 -0.01752233 -0.8501147 0.5258346 -0.0283423 -0.7494444 0.6318002 -0.1978929 -0.7069113 -0.1788417 0.6843187 -0.9023452 -0.2884801 0.3202381 -0.7486427 -0.4455516 -0.4909358 0.02677357 -0.03163844 -0.9991408 0.03087025 -0.1460262 0.988799 0.01692318 -0.8155034 0.5785049 0.01940113 -0.7822091 0.622714 0.0142185 0.4375283 -0.8990923 0.009782373 -0.4516497 0.8921418 0.01093667 -0.518819 0.8548141 0.01094305 -0.5177926 0.8554363 0.01359772 -0.4153022 0.9095819 0.01355248 -0.4162217 0.9091622 0.03857266 -0.2720826 0.9615005 0.04926115 0.4265776 0.9031085 0.03053814 0.03679567 0.9988562 0.02929806 0.02197986 0.999329 0.01605516 -0.6958999 -0.7179594 0.01265925 0.6768559 0.7360067 0.01048696 0.5353765 0.8445485 0.007530272 0.4691603 0.883081 0.5835434 0.5697411 0.5786814 0.3680757 0.7560843 0.5411625 0.02754414 0.9721115 -0.2328959 0.01548093 0.9566969 0.2906742 0.02632361 0.9870468 0.1582583 0.02777904 0.9889597 0.1455581 0.01421332 0.9934711 -0.1131961 0.02458745 0.84039 0.5414241 0.0202791 -0.7818009 -0.6231984 0.01724773 0.8824015 -0.4701811 0.01278674 0.9264834 -0.3761184 0.02299523 0.5495451 0.8351476 0.02688503 -0.4065245 -0.9132443 0.01679128 0.6341369 -0.7730385 0.02118027 0.7206224 -0.6930043 0.01887494 0.5111429 -0.8592886 0.01832789 0.54944 -0.8353321 0.01181429 0.4390248 -0.8983973 0.02066254 0.832741 -0.5532771 0.02659946 -0.8878752 0.4593149 0.01740443 -0.08462715 -0.9962607 0.02444559 0.6473861 0.7617701 0.01607745 -0.6160381 -0.7875523 0.01600986 -0.6290273 -0.7772183 0.009406208 -0.3992865 -0.916778 0.020828 -0.5729196 -0.819347 0.01494234 -0.7106429 -0.7033942 0.01697331 -0.888594 0.4583806 0.005640923 -0.7202123 -0.6937309 0.0183165 -0.9182876 -0.3954902 0.03333449 0.1053032 -0.9938813 0.03854966 -0.7805943 -0.6238481 0.02178156 -0.9223844 -0.3856586 0.03332453 -0.6473094 -0.7614986 0.02433317 0.4995144 0.8659638 0.01217746 -0.9852802 0.170513 0.01286953 -0.9876943 0.1558664 -1 1.06189e-6 0 -1 -1.50228e-6 0 -1 -5.52281e-7 0 -1 1.83424e-6 0 -1 -6.72296e-6 0 -1 -1.68689e-6 0 -1 -4.85698e-7 0 -1 2.32923e-7 0 -1 -4.52488e-7 0 -1 1.3218e-7 0 -1 0 0 -1 2.3686e-7 0 -1 2.74949e-7 0 -1 3.3975e-7 0 -1 2.86461e-7 0 -1 2.62668e-7 0 -1 -3.56535e-7 0 -1 0 0 -1 -4.20216e-7 0 -1 2.79661e-6 0 -1 -6.29121e-6 0 -0.2451718 0.7062697 -0.664134 -1 0 0 -1 1.29535e-7 0 -1 1.95277e-6 0 -1 -1.89386e-6 0 -1 -1.41158e-7 0 -1 -2.14176e-7 0 -1 5.89641e-6 0 1 -2.0966e-7 0 1 9.64839e-7 0 1 -3.00356e-6 0 1 5.04534e-7 0 0.1364391 0.7295736 -0.6701543 1 -7.27472e-7 0 1 1.40543e-7 0 1 6.16435e-7 0 1 -4.95183e-7 0 1 4.83897e-7 0 1 -4.51166e-7 0 1 -4.45849e-7 0 1 3.17771e-7 0 1 -1.53646e-6 0 1 4.23288e-7 0 1 1.08326e-6 0 1 -7.55223e-7 0 1 1.72982e-7 0 1 4.6281e-7 0 1 -8.6874e-7 0 1 -2.53033e-6 0 1 7.21147e-7 0 1 -1.84428e-6 0 1 4.67542e-7 0 1 -5.45668e-7 0 1 4.50992e-7 0 0.0583238 -0.6356514 -0.7697699 -0.04142475 -0.6852154 -0.7271615 0.04355412 -0.8268643 -0.5607126 0.02277982 -0.834064 -0.5511973 0.005847752 -0.9173402 -0.3980613 0 -0.9152601 -0.4028635 0 -0.9552436 -0.2958205 0 -0.9872266 -0.1593229 0.02489614 -0.9895408 -0.142089 5.65903e-4 -0.9998552 -0.017017 0.02960544 -0.9995536 0.004010438 -0.04205369 -0.9680186 0.2473289 0.003117024 -0.9623275 0.2718752 -0.02718645 -0.9151331 0.4022342 0.02789044 -0.893683 0.4478313 -0.007898688 -0.8324539 0.5540381 0.03102868 -0.7932983 0.6080421 -0.03037154 -0.7393311 0.6726568 0.08137375 -0.6330932 0.7697865 -0.0466063 -0.5706613 0.8198621 0.03227084 -0.4438089 0.8955402 -0.04299175 -0.3763738 0.9254699 0.06958079 -0.1911061 0.9791002 -0.009089589 -0.1421937 0.9897971 0.05594265 0.06424391 0.996365 0.03813588 0.05601316 0.9977015 -0.02874833 0.3257728 0.945011 0.05871826 0.3698298 0.9272422 -0.003853917 0.5244633 0.8514243 0.07692158 0.571774 0.8167971 -0.03029423 0.6949436 0.7184259 0.08065646 0.7881459 0.6101807 -0.06918388 0.8559761 0.5123655 0.09180825 0.9091773 0.4061625 -0.04979938 0.956314 0.2880685 0.0329079 0.988161 0.1498495 -0.1043701 0.9944227 0.01517671 0.02352023 0.9962893 -0.08279192 -0.04818207 0.9753246 -0.2154537 0 0.9681885 -0.250222 0 0.9144098 -0.4047898 -0.009473264 0.9186905 -0.3948646 0.002158522 0.8650797 -0.50163 -0.002158105 0.8628466 -0.5054613 0.01278728 0.7751593 -0.6316365 -0.001350879 0.6745606 -0.7382183 0.01204633 0.5666763 -0.8238525 0 0.5751914 -0.8180189 0 0.3717894 -0.9283171 0.02027273 0.3623322 -0.9318286 -0.02145332 0.1776076 -0.9838676 0.08970195 0.1139219 -0.9894319 -0.008616924 -0.0306673 -0.9994926 0.03784435 -0.1495537 -0.9880292 0.05560868 -0.1644987 -0.9848086 -0.008991181 -0.2826578 -0.9591787 0.07930302 -0.4037852 -0.9114103 -0.0696128 -0.4849911 -0.871744 0.05871689 0.600297 0.7976189 -0.06719946 0.3788924 0.9229978 0.07104712 0.2720913 0.9596451 -0.1341714 -0.02633577 0.9906082 0.06780529 -0.1636713 0.984182 -0.07970446 -0.4562999 0.8862493 0 -0.3983969 0.9172132 0 -0.6132571 0.7898834 -0.02991724 -0.6493092 0.759936 0.003392159 -0.7120932 0.7020768 -0.0312094 -0.802474 0.5958704 -0.0217545 -0.7942203 0.6072404 0.02874118 -0.9146577 0.4032065 0.04776018 -0.9071701 0.4180446 -0.007775008 -0.9820123 0.1886574 0.0574522 -0.9911848 0.1193819 -0.06675177 -0.9863071 -0.1508064 0.06099849 -0.966441 -0.2495417 -0.05459022 -0.8630806 -0.5021073 0.0597862 -0.8092916 -0.584357 -0.05731296 -0.6187669 -0.7834812 0.0938726 -0.4946348 -0.8640165 -0.0585193 -0.2852545 -0.9566637 0.1342089 -0.1224228 -0.983362 -0.09342569 0.1042192 -0.9901566 0.1107176 0.3701759 -0.9223402 -0.003820657 0.4764323 -0.8792029 0.04019266 0.6149071 -0.7875748 0 0.6492767 -0.7605524 0 0.7688145 -0.639472 0 0.7688082 -0.6394796 0 0.8309948 -0.5562802 -0.00678426 0.8384963 -0.5448653 0.009818494 0.8963108 -0.4433178 -0.06190198 0.9387044 -0.3391198 0.02150464 0.9766415 -0.2137963 -0.04903399 0.9976205 -0.04846733 0.01816254 0.9996863 0.01725339 -0.05636978 0.9478746 0.313618 -0.08073031 0.9403823 0.3303996 0.02315729 0.8338687 0.5514769 -0.108949 0.737446 0.6665611 0 1 4.18404e-6 0 1 -3.23177e-6 0 1 6.46349e-6 0 1 -1.61588e-6 0 -1 -2.04358e-6 0 -1 2.43669e-6 0 -1 -4.96583e-6 0 -1 9.29863e-6 0 -1 -6.30997e-7 0 -1 3.91659e-6 0.140711 -0.702638 -0.6974958 -0.04140406 -0.7316782 -0.6803917 -0.009224236 -0.7436276 -0.6685304 -0.1364485 -0.7223305 -0.6779532 -0.2743523 -0.7276505 -0.6286935 -0.379298 -0.7514994 -0.5397978 -0.3844411 -0.7556025 -0.5303489 -0.513376 -0.7213137 -0.4649212 -0.6215555 -0.7106018 -0.3297179 -0.6525273 -0.7349641 -0.1844885 -0.6465603 -0.7477213 -0.1512374 -0.6969671 -0.7168495 -0.01907163 -0.6894787 -0.7139617 0.1219748 -0.6234525 -0.7377018 0.2590429 -0.5881977 -0.7547729 0.290416 -0.5590299 -0.7285438 0.3958656 -0.4756989 -0.7229322 0.5010786 -0.3738378 -0.7338092 0.5672472 -0.3329767 -0.7448226 0.5782437 -0.2461084 -0.7079999 0.6619417 -0.07031464 -0.698884 0.7117704 -0.0258429 -0.7121003 0.7016021 0.09429115 -0.703891 0.7040218 0.2066158 -0.7172797 0.6654471 0.2234483 -0.7217929 0.6550465 0.3079972 -0.7079214 0.6355983 0.4269827 -0.7107614 0.5590208 0.4743934 -0.7343785 0.4854267 0.5451792 -0.7130903 0.4407742 0.639271 -0.7105678 0.2939832 0.6518806 -0.7387094 0.1713481 0.6746851 -0.725076 0.1380754 0.7028502 -0.7111746 -0.01524436 0.687963 -0.7129175 -0.1358519 0.5862034 -0.7555411 -0.2924439 0.5850442 -0.76444 -0.270841 0.5221616 -0.7160053 -0.4633398 0.3907573 -0.7275269 -0.5639269 0.3620904 -0.7357519 -0.5723284 0.2640728 -0.7091039 -0.6537869 0.1977511 0.00260663 -0.9802489 0.2142161 0 -0.9767864 -0.01380527 0 -0.9999048 -0.03228461 0.002151846 -0.9994764 -0.1973068 -0.002152144 -0.9803395 -0.215401 0 -0.9765257 -0.399963 0 -0.9165313 -0.4168361 0.002151727 -0.9089791 -0.5749191 -0.002570927 -0.8182063 -0.6202895 0.004737794 -0.7843587 -0.7412191 -0.001683354 -0.6712611 -0.7818126 0.004798054 -0.6234952 -0.8833902 -0.00479865 -0.4686136 -0.9178323 0.003423213 -0.3969537 -0.9622729 -0.003423511 -0.2720648 -0.9753424 0.002058625 -0.2206876 -0.9996214 -0.00299251 -0.02735441 -0.9999987 0 -0.001656413 -0.9847086 0 0.1742101 -0.9810431 0.002570807 0.193773 -0.9234545 -0.002570927 0.3836993 -0.9002636 0.004737257 0.4353197 -0.816101 -0.001683771 0.577907 -0.7782787 0.004798591 0.6279008 -0.6884934 -0.002059936 0.7252397 -0.5866428 0.004798293 0.8098317 -0.5502942 2.2905e-4 0.8349708 -0.3484864 0.00313723 0.9373086 -0.3539091 0.002056896 0.9352775 -0.09830898 -0.003042876 0.9951514 -0.059439 0.003490984 0.9982259 0.1327474 -0.001487612 0.9911489 0.1763959 0.002515733 0.9843161 0.2965275 -6.87401e-4 0.9550241 0.321727 6.86892e-4 0.9468323 0.4360729 -0.002515792 0.8999078 0.4754062 0.001487851 0.8797652 0.6069977 -0.002570629 0.7946994 0.6381577 0.002571165 0.7699015 0.7776229 -0.002570509 0.6287258 0.8247604 0.007619023 0.565431 0.9085288 -0.004456698 0.4177987 0.9453039 0.004456639 0.3261606 0.9796842 -0.004814922 0.2004888 0.9889671 0 0.1481359 0.9997649 0 -0.02168637 0.9992729 0.001487731 -0.03810107 0.9810516 -0.002570629 -0.1937296 0.9725629 0.002570867 -0.2326264 0.9074732 -0.002570569 -0.4201022 0.8900297 0.002570867 -0.4558953 0.7479782 -0.00394845 -0.6637116 0.7698812 -0.01023769 -0.6381053 0.62588 0.001496374 -0.779918 0.5695393 -0.004405558 -0.8219523 0.4151237 0.004798412 -0.9097524 0.374506 2.28596e-4 -0.9272245 0 1 1.78598e-6 0 1 -3.53755e-6 0 1 2.20513e-7 0 1 6.19799e-6 0 1 4.14501e-6 0 1 -2.93889e-6 0 1 -3.53755e-6 0 1 -5.9885e-6 0 1 3.32842e-6 0 1 4.32849e-6 0 1 -2.56847e-6 0.189825 0.8893218 -0.4160209 0.1719989 0.8124833 -0.5570344 0.4432039 0.7060838 -0.5522826 0.5308299 0.7243139 -0.4399877 0.5260048 0.7904897 -0.3137593 0.5831728 0.7554318 -0.2987182 0.6784094 0.7165406 -0.1622661 0.6277757 0.7782359 -0.01570606 0.6185722 0.7853741 -0.02358508 0.6721669 0.7335218 0.1006856 0.6530601 0.7230075 0.2253285 0.5172346 0.8005037 0.3027581 0.5325559 0.7635974 0.3651071 0.4152256 0.7593579 0.5009624 0.2699509 0.8231533 0.4995449 0.2921261 0.8099041 0.508643 0.2138784 0.7470321 0.6294435 0.1229568 0.7170545 0.6860863 -0.03906375 0.7537363 0.6560149 -0.1177409 0.8389294 0.5313517 -0.2237389 0.7748059 0.591284 -0.3752556 0.7686594 0.5180214 -0.4199352 0.8419415 0.3388052 -0.4088386 0.8629928 0.2968069 -0.5489019 0.7926292 0.2654161 -0.6496031 0.7493678 0.1283114 -0.6098828 0.792491 -0.001009583 -0.5899508 0.8071771 -0.02057623 -0.662872 0.7335554 -0.149991 -0.6389197 0.717931 -0.276327 -0.4612486 0.8074309 -0.3678384 -0.5529847 0.7466251 -0.3698092 -0.4340921 0.7143152 -0.5489242 -0.2502903 0.7996606 -0.5458003 -0.2250322 0.8164258 -0.5317984 -0.1404111 0.7583589 -0.6365348 -0.02153217 0.7451263 -0.6665757 0.1246549 0.8132429 -0.5684165 -0.3519563 0 -0.9360164 -0.3519647 0 -0.9360134 -0.9208649 0 -0.3898819 -0.9208657 0 -0.3898802 0.6346306 0 -0.7728158 0.6346334 0 -0.7728134 -0.1227822 0 -0.9924336 -0.1227917 0 -0.9924325 0.9865929 0 0.1632011 0.986593 0 0.1632005 0.7980771 0 -0.6025554 0.7980835 0 -0.602547 0.3519647 0 0.9360134 0.3519563 0 0.9360164 0.9208657 0 0.3898802 -0.6346277 0 0.772818 -0.6346334 0 0.7728134 0.1227822 0 0.9924336 -0.986593 0 -0.1632003 -0.9865929 0 -0.1632011 -0.7980806 0 0.6025508 -0.7980782 0 0.6025539 0.005209445 -0.003494381 -0.9999803 -0.006228983 0.2916038 -0.956519 0.007178723 0.3374758 -0.9413068 -0.006345748 0.6419306 -0.7667365 0.004483282 0.6773988 -0.7356024 -0.01294887 0.8659955 -0.4998841 -0.007791876 0.8569166 -0.5153963 0.001555562 0.9559144 -0.2936417 -0.00466454 0.9764304 -0.2157828 -9.33247e-4 0.9857259 -0.1683552 -9.33123e-4 0.9973725 -0.07243788 -0.009613871 0.9991465 0.04017442 0.006026625 0.9899488 0.1412978 -0.005816519 0.9498751 0.3125756 0.005001544 0.9296495 0.3684115 -0.002690911 0.8379186 0.5457888 0.01894634 0.7396271 0.6727502 -0.002235293 0.6364101 0.7713478 0.01005256 0.4177851 0.9084903 0.005784094 0.40715 0.9133431 0.00216633 0.03460818 0.9993987 0.01626771 -0.03916567 0.9991003 -0.004342615 -0.2634209 0.9646712 0.02735584 -0.4085249 0.9123372 -0.004178464 -0.5680246 0.823001 0.01552146 -0.8126283 0.5825756 0.02241861 -0.7996466 0.6000524 7.59298e-5 -0.9537754 0.3005206 0.01610469 -0.9697077 0.2437369 -0.00217843 -0.9999653 0.008045256 9.34241e-4 -0.9973731 -0.07243043 -9.34535e-4 -0.9927082 -0.1205391 9.33951e-4 -0.9857247 -0.1683625 -0.003833293 -0.9574779 -0.2884811 0.002690911 -0.9424244 -0.3344086 -0.007044255 -0.8282963 -0.5602461 0.01403212 -0.7797614 -0.6259196 -0.01284682 -0.5479672 -0.8364012 0.0209679 -0.4412163 -0.8971559 -0.02313619 -0.1268659 -0.9916501 -0.009689569 0.01603919 -0.9998244 0.02313619 -0.1268658 -0.9916501 -0.0209679 -0.4412159 -0.8971561 0.01284682 -0.547968 -0.8364008 -0.01403212 -0.7797603 -0.6259209 0.007044255 -0.8282969 -0.5602452 -0.002690911 -0.9424244 -0.3344089 0.003833293 -0.9574779 -0.2884811 -9.3401e-4 -0.9857247 -0.1683625 9.34536e-4 -0.9927082 -0.1205393 -9.34242e-4 -0.9973731 -0.07243043 0.00217843 -0.9999653 0.008045256 -0.01158362 -0.9825474 0.1856516 0.008240401 -0.9537426 0.300512 -0.02040356 -0.8905185 0.4544895 0.009963691 -0.7998066 0.6001752 -0.007439911 -0.6448557 0.7642682 0.007439255 -0.5680134 0.8229857 -0.01242196 -0.3388441 0.9407606 0.006531476 -0.2634177 0.9646598 -0.008786201 0 0.9999615 -0.00216633 0.03460818 0.9993987 -0.005784094 0.40715 0.9133431 -0.01005238 0.4177854 0.9084902 0.002235293 0.6364098 0.7713479 -0.02662694 0.7736759 0.6330217 -0.004804909 0.8379118 0.5457847 0.002695262 0.9498876 0.3125799 -7.17618e-4 0.9546207 0.2978236 0.004228055 0.9989517 0.04558223 0.005268275 0.9991788 0.04017567 -0.001555085 0.9906355 -0.1365243 0.00466454 0.9764304 -0.2157828 -0.001555562 0.9559143 -0.2936418 0.007791876 0.8569166 -0.5153963 -0.01495027 0.8133666 -0.5815593 0.001825332 0.6419411 -0.7667519 -0.04119795 0.4621921 -0.8858223 0.00634253 0.2916038 -0.9565182 -1 5.54946e-7 0 -1 4.15658e-7 0 -1 -4.332e-5 0 -1 5.91843e-7 0 -1 3.4255e-7 0 -1 4.03108e-7 0 -1 7.23229e-7 0 -1 -2.32004e-7 0 -1 1.98001e-6 0 -1 -1.85081e-7 0 -1 1.23456e-6 0 -1 1.82415e-7 0 -1 1.0903e-5 0 -1 -3.3938e-6 0 -1 -2.26682e-7 0 -0.5937771 0.01416099 0.8045051 -0.5677536 0.03661847 0.8223838 -0.4944711 0.1859303 0.849075 -0.5142874 0.2341921 0.8250228 -0.4251864 0.3776436 0.8225581 -0.4726606 0.4008544 0.7847979 -0.546012 0.5522761 0.6299698 -0.6054505 0.495438 0.6228731 -0.5245316 0.6698149 0.5255614 -0.6486531 0.6820991 0.3376242 -0.7257331 0.6377484 0.2580474 -0.5916687 0.7827122 0.1931056 -0.5000596 0.8659706 0.005964815 -0.6320457 0.7660461 -0.1170114 -0.5266895 0.8236004 -0.2104299 -0.5290449 0.7585667 -0.380379 -0.6056978 0.670412 -0.4285767 -0.5111512 0.6732938 -0.5342284 -0.5124995 0.5812549 -0.6320499 -0.6138256 0.4460861 -0.6513258 -0.5996834 0.4420244 -0.6670789 -0.5178045 0.3495844 -0.7808133 -0.5789277 0.1842176 -0.7942964 -0.6607376 0.1165958 -0.741506 -0.5587077 0.02554017 -0.8289715 -0.5146667 -0.1077492 -0.850593 -0.6048742 -0.2491676 -0.7563351 -0.6216146 -0.2561086 -0.7402728 -0.5347471 -0.401538 -0.7435138 -0.5955522 -0.5131891 -0.6180247 -0.6308262 -0.5167404 -0.5788244 -0.5222335 -0.6491762 -0.5530302 -0.5075581 -0.7325623 -0.453583 -0.5211371 -0.7372058 -0.4300508 -0.4847201 -0.7995316 -0.3546769 -0.5598592 -0.8130043 -0.1599438 -0.6580142 -0.7248355 -0.2040367 -0.5694295 -0.8171148 -0.08985286 -0.5640531 -0.8248578 0.03812623 -0.6361827 -0.7630499 0.114134 -0.570767 -0.801606 0.177913 -0.5200506 -0.7921634 0.3194129 -0.5705762 -0.7014294 0.4271295 -0.6290268 -0.6403671 0.4407442 -0.5265595 -0.6190819 0.5826429 -0.5969614 -0.4616934 0.656107 -0.5570557 -0.5029082 0.6608876 -0.4878166 -0.389106 0.7814292 -0.5267472 -0.2282044 0.8188163 -0.5569258 -0.2436662 0.7940155 -0.5061771 -0.103947 0.8561425 0.005292475 -0.1306953 0.9914085 0.008495926 -0.1205236 0.9926742 -4.15603e-4 -0.2933756 0.9559972 0.007469475 -0.3324026 0.943108 -0.002495586 -0.4457374 0.8951603 0.005815207 -0.5351049 0.8447657 -0.00203973 -0.5754827 0.8178114 0.005744814 -0.6754387 0.7373938 -0.009236633 -0.7281813 0.6853225 0.005402803 -0.8118704 0.5838127 -0.005403339 -0.8540927 0.5200929 0.007946074 -0.9102084 0.4140744 0 -0.9274445 0.373961 0 -0.9730421 0.230628 -0.00260657 -0.9762412 0.2166711 0.003114879 -0.9970313 0.07693529 -0.003114998 -0.9989287 0.04617124 0.001801431 -0.9971651 -0.07522457 -0.003047227 -0.9940038 -0.1093043 8.31699e-4 -0.9789931 -0.2038915 -0.004759728 -0.962579 -0.2709595 0.003965198 -0.9440755 -0.3297058 -0.00263077 -0.9140923 -0.405498 0.003601372 -0.8873949 -0.4609962 -0.002494454 -0.8502147 -0.5264303 0.002494215 -0.8161945 -0.5777721 -0.004759848 -0.7612177 -0.6484791 5.83457e-7 -0.7390091 -0.6736955 -0.002763926 -0.640169 -0.7682291 -0.003115236 -0.6388355 -0.7693372 0.00529319 -0.4661365 -0.884697 0.008494913 -0.4751681 -0.879854 -4.16642e-4 -0.3128989 -0.9497864 0.00746864 -0.2735977 -0.9618153 -0.00475955 -0.1256695 -0.9920607 0.003965258 -0.06435829 -0.997919 -0.003736555 0.03079497 -0.9995188 0.003737032 0.09226649 -0.9957274 -0.00721842 0.225923 -0.9741184 0.006469786 0.285465 -0.9583674 -0.004149734 0.4086288 -0.9126912 0.005814552 0.4640368 -0.8857968 -0.002494454 0.5523629 -0.8336001 0.002494454 0.6026316 -0.7980158 -0.005339264 0.6769025 -0.7360534 0.005325555 0.7343596 -0.6787398 -0.005325555 0.7833523 -0.6215553 0.01106768 0.8546211 -0.5191343 -0.00203973 0.8939086 -0.4482448 0.005744218 0.943926 -0.3301073 -0.01168692 0.9688096 -0.2475307 0.002956926 0.9904044 -0.138168 -0.01317942 0.9998895 0.006889641 -0.003266394 0.9989283 0.04617226 -0.001390218 0.97344 0.2289384 -0.003919064 0.9708815 0.2395285 0.00529319 0.8916143 0.452765 0.008494436 0.8961874 0.4435944 -0.001869976 0.7867295 0.6172951 0.008777022 0.759938 0.6499365 -0.006681501 0.6224861 0.7826024 0.005133509 0.5731337 0.8194459 -0.009374856 0.4172189 0.9087577 0.009870052 0.3604835 0.9327134 -0.002491712 0.2139099 0.9768503 0.009004533 0.1205233 0.9926697 -0.001801073 0.04448306 0.9990086 0.5195006 0.1029883 0.848241 0.5710616 0.2959377 0.7657087 0.2837496 0.2147727 0.9345367 0.5638122 0.4501129 0.6924697 0.5405495 0.482189 0.6894202 0.6025491 0.6065151 0.5187234 0.7359661 0.5703015 0.3648427 0.6287025 0.6933692 0.352097 0.5385312 0.8202264 0.1929064 0.6075181 0.7934588 0.03667694 0.6583662 0.7526869 -0.004077255 0.5695144 0.8140978 -0.11357 0.5751102 0.7722159 -0.2700572 0.7173203 0.5954877 -0.3617265 0.6155807 0.7020147 -0.3581002 0.4911451 0.6396928 -0.5912442 0.5761177 0.4925702 -0.6522753 0.5850176 0.4826483 -0.6517708 0.4887243 0.4048502 -0.7728162 0.5406518 0.222549 -0.8112754 0.5697434 0.234606 -0.7876247 0.5154629 0.07906454 -0.8532567 0.5884891 -0.07249039 -0.8052489 0.6199983 -0.05049532 -0.7829766 0.4841273 -0.2394028 -0.8416098 0.5478702 -0.3922585 -0.7388989 0.5524004 -0.388567 -0.737475 0.5095346 -0.5508356 -0.6610254 0.5808165 -0.6215783 -0.5256356 0.6237205 -0.5776453 -0.5265916 0.539637 -0.6871532 -0.4864283 0.5114663 -0.762546 -0.3961388 0.5654358 -0.7728493 -0.2880736 0.5449072 -0.7916095 -0.2764607 0.5166229 -0.8382276 -0.1745725 0.5430321 -0.8373328 -0.06316769 0.6575101 -0.7505497 0.06599646 0.6698414 -0.7403036 0.05712497 0.5750296 -0.7960774 0.1886845 0.547094 -0.7619329 0.3466216 0.6810946 -0.5977327 0.4228782 0.6724494 -0.6009074 0.4321138 0.5393349 -0.568791 0.6209629 0.5626161 -0.4423864 0.6983964 0.5341562 -0.4724978 0.7010157 0.4719122 -0.2930691 0.8315103 0.4878641 -0.2747762 0.8285449 0.4516451 -0.01231336 0.8921128 0.6669939 -0.09737759 0.7386723 1 1.2803e-6 0 1 0 0 1 3.93335e-7 0 1 -4.00773e-6 0 1 4.47965e-7 0 1 -2.67269e-7 0 1 2.8778e-7 0 1 7.95792e-7 0 1 -5.28173e-7 0 1 2.21252e-7 0 1 -4.30106e-7 0 1 9.11673e-7 0 1 -8.10934e-7 0 1 8.66401e-5 0 1 1.61638e-7 0 1 -1.4298e-6 0 -0.00312215 -0.1385321 -0.9903531 0.02817165 -0.01725143 -0.9994543 -0.005923449 0.2350245 -0.9719715 0.01391351 0.4754843 -0.8796142 -0.005430877 0.5400722 -0.8416013 0.004154503 0.7324233 -0.6808369 -0.02104866 0.8052807 -0.5925201 0.004145205 0.9150125 -0.4034041 -0.008677005 0.9605066 -0.2781218 -9.29023e-4 0.9749392 -0.2224695 -9.33124e-4 0.997373 -0.07243043 -0.006316125 0.9999763 -0.00273478 0.001596331 0.9968519 0.07926976 -0.004645109 0.9709417 0.2392711 0.007039785 0.9545973 0.2978163 -0.009559154 0.7962232 0.6049275 0.01784223 0.7436712 0.6683074 -0.01237267 0.482842 0.8756201 0.01614618 0.376702 0.9261938 -0.0168817 0.040919 0.9990199 0.02140504 -0.1025818 0.9944943 -0.003291189 -0.3226127 0.9465255 0.02084767 -0.4554829 0.8900004 -0.002894401 -0.6049833 0.7962329 0.005569815 -0.764305 0.644831 0.00455296 -0.7671446 0.6414581 -4.71725e-6 -0.8964272 0.4431911 0.01250606 -0.9336075 0.3580791 -0.001547396 -0.9702836 0.2419659 0.009260356 -0.9983635 0.05643272 -0.02582567 -0.9927083 -0.1177428 0.002164423 -0.96309 -0.2691711 -0.03481471 -0.7865486 -0.6165463 0.009296298 -0.8519704 -0.5235077 -0.004787921 -0.5027851 -0.8643982 0.01791232 -0.4424695 -0.8966047 0.002691149 -0.1385325 -0.9903543 -0.01339459 -0.1905626 -0.9815838 0.008860468 -0.5027704 -0.8643747 -0.03586208 -0.6276592 -0.7776618 0.01924371 -0.8518486 -0.5234345 -0.01689237 -0.9322358 -0.3614572 0.02391117 -0.9927555 -0.1177484 0.004763185 -0.9995106 -0.03091824 -8.56496e-4 -0.9660252 0.2584466 -0.00412786 -0.9702764 0.2419641 4.71724e-6 -0.8964257 0.4431942 -0.01250576 -0.8513712 0.5244147 0.004145205 -0.7671501 0.6414542 -0.01056903 -0.6602737 0.7509508 4.19977e-4 -0.604989 0.7962337 -0.005724132 -0.3226076 0.9465156 -6.25024e-4 -0.3388704 0.9408329 0.005977153 0 0.9999822 0.01688164 0.04091894 0.9990199 -0.01614618 0.3767029 0.9261935 0.01237267 0.4828413 0.8756205 -0.01507216 0.7225913 0.6911113 0.01730984 0.7961403 0.6048645 -0.01298862 0.9448536 0.3272356 0.004645109 0.9709417 0.239271 -0.001596331 0.996852 0.0792697 0.006316125 0.9999763 -0.002731442 9.33123e-4 0.9973725 -0.07243788 9.29022e-4 0.9749394 -0.2224692 0.008677005 0.9605073 -0.2781195 -0.004145205 0.9150117 -0.4034062 0.02104866 0.8052803 -0.5925205 -0.01848089 0.6864416 -0.7269501 0.006334662 0.5400686 -0.8415972 -0.02979534 0.3400908 -0.9399205 -0.004556417 0.2350261 -0.9719784 -1 2.66093e-6 0 -1 2.06334e-7 0 -1 6.47507e-7 0 -1 -6.15396e-7 0 -1 -2.84221e-7 0 -1 -1.04161e-6 0 -1 -3.36524e-7 0 -1 -1.77055e-7 0 -1 -8.0407e-7 0 -1 -8.88913e-6 0 -1 -7.27245e-7 0 -1 6.05588e-6 0 -1 -3.47763e-6 0 -0.6156 0.004465162 0.7880463 -0.5870881 -0.01310366 0.809417 -0.4676956 0.1822535 0.8648958 -0.5140905 0.2342259 0.8251359 -0.4879994 0.3402224 0.8038069 -0.564912 0.4719952 0.6768271 -0.6487634 0.3894711 0.6537724 -0.5520861 0.5326564 0.6414656 -0.5742043 0.644106 0.5053879 -0.6653208 0.6285281 0.4028658 -0.5704462 0.7360973 0.3643515 -0.5445894 0.8101231 0.2170786 -0.6387279 0.7648239 0.08409094 -0.6773111 0.7339189 0.05111503 -0.569818 0.8202132 -0.05057436 -0.512454 0.8352923 -0.1991928 -0.5901998 0.761048 -0.2692029 -0.5193451 0.776342 -0.3571748 -0.5069231 0.7265946 -0.4637772 -0.5782764 0.6249709 -0.5244119 -0.6172839 0.5786291 -0.5330563 -0.5282315 0.5655777 -0.6333195 -0.4959717 0.4235318 -0.7580455 -0.6436255 0.2743985 -0.7144591 -0.5845041 0.2386945 -0.7754868 -0.5400873 0.08387792 -0.8374189 -0.6293036 -0.04305887 -0.7759658 -0.524962 -0.1151125 -0.8433054 -0.4984078 -0.3438463 -0.795839 -0.5858805 -0.3799884 -0.7157883 -0.4719261 -0.5339389 -0.7015661 -0.5952896 -0.6287729 -0.5002748 -0.5866193 -0.6371439 -0.4999257 -0.5157796 -0.7678113 -0.3800492 -0.6327065 -0.7545976 -0.1739686 -0.6131249 -0.7671388 -0.1886156 -0.4837714 -0.8751884 0.003281116 -0.6372407 -0.7428556 0.2051582 -0.6983944 -0.6987107 0.1550761 -0.5459238 -0.7635289 0.3449508 -0.5477434 -0.6930558 0.4686693 -0.6336218 -0.5853164 0.5058934 -0.5945895 -0.5867089 0.5497599 -0.5052108 -0.520088 0.6886731 -0.5210801 -0.4557719 0.7216284 -0.477153 -0.4236735 0.769952 -0.5222924 -0.2507473 0.8150685 -0.5557808 -0.2762961 0.7840716 -0.5194973 -0.1593618 0.8394799 -0.008386015 0.005664706 0.9999488 0.004981338 -0.07691365 0.9970254 -0.003965079 -0.186502 0.9824467 0.004759252 -0.2466279 0.9690986 -0.002494037 -0.3323533 0.9431517 0.005814135 -0.4272373 0.9041209 -0.004149734 -0.4820901 0.8761119 0.004150748 -0.5693778 0.8220655 -0.002493619 -0.6026519 0.7980004 0.003047287 -0.7058826 0.7083224 -0.001802444 -0.7297117 0.6837527 0.003437221 -0.8118768 0.5838187 -0.002677142 -0.8283707 0.5601741 7.09221e-4 -0.9102365 0.4140881 0 -0.9113118 0.4117171 0 -0.973042 0.2306281 -0.00260657 -0.9762413 0.2166709 0.004788637 -0.9993591 0.03547555 -0.004496753 -0.9999829 0.003748893 0.001688659 -0.9888237 -0.1490806 -0.01152014 -0.9743749 -0.224635 0.003965198 -0.9440754 -0.3297059 -0.006032526 -0.8962039 -0.4436015 0.002802908 -0.8736135 -0.4866126 -0.007458627 -0.7790594 -0.6269057 -0.004232585 -0.7867242 -0.6172902 0.004788577 -0.630558 -0.7761274 -0.004496276 -0.6056155 -0.7957448 0.003449082 -0.4380892 -0.898925 -0.008057475 -0.3966068 -0.9179533 0.004149973 -0.2538321 -0.9672394 -0.01539748 -0.1352308 -0.9906945 -2.83905e-4 -0.06435877 -0.9979268 -0.001860797 0.09226691 -0.9957326 -0.003437221 0.09966331 -0.9950153 0.003437221 0.2665072 -0.9638269 -0.002677679 0.2941802 -0.9557462 9.4545e-4 0.4599027 -0.8879688 -0.008307039 0.4877337 -0.872953 0.002039194 0.6291047 -0.7773179 -0.005814135 0.6660794 -0.7458583 0.002494633 0.7390067 -0.6736935 -8.31442e-4 0.7660458 -0.6427856 0.003047287 0.8240194 -0.5665534 -0.001801371 0.8429262 -0.5380265 0.00260657 0.896407 -0.4432244 -0.002489268 0.9084616 -0.417961 1.94486e-7 0.9529421 -0.3031523 -0.01045888 0.9726703 -0.2319551 0.004149973 0.9896762 -0.143261 -0.002491652 0.9981018 -0.06153672 0.009005486 0.9994092 0.03316968 -0.00180155 0.9940092 0.1092821 0.0031147 0.9734357 0.2289395 -0.003114938 0.9659186 0.2588276 0.0031147 0.9147934 0.40391 -0.005744338 0.8962058 0.4436014 0.004481792 0.8090218 0.5877617 -0.004481375 0.7867233 0.6172897 0.005744338 0.671926 0.7405961 -0.003114163 0.6388359 0.7693369 0.001801729 0.540896 0.8410876 -0.003048002 0.5117945 0.8591026 8.32997e-4 0.4272702 0.9041236 -0.002495586 0.389784 0.920903 0.005814194 0.2933709 0.9559811 -0.008753538 0.2061871 0.9784735 0.004401624 0.1205267 0.9927003 0.506428 0.1039291 0.8559963 0.5182152 0.2509092 0.8176171 0.5391366 0.2644521 0.799623 0.512407 0.3669158 0.7764097 0.5393197 0.4554895 0.7082822 0.5898275 0.4786797 0.650361 0.5043151 0.5802311 0.6395297 0.5222741 0.6899231 0.5012343 0.591013 0.6802724 0.4335126 0.50051 0.7919688 0.3496786 0.5475637 0.8145403 0.1915683 0.5829303 0.7967388 0.1593721 0.4817856 0.875807 0.0290656 0.546301 0.8271663 -0.1317243 0.5632923 0.8177347 -0.1183709 0.5042223 0.8229361 -0.261794 0.5390796 0.747186 -0.388724 0.5623167 0.7412605 -0.3665144 0.5126999 0.7074801 -0.4864265 0.5530416 0.6157076 -0.5612925 0.5333951 0.6377636 -0.5556503 0.485336 0.5500449 -0.679632 0.5444768 0.4561989 -0.7038663 0.4707214 0.4057636 -0.7834395 0.5629597 0.2186433 -0.7970393 0.5652633 0.2198464 -0.7950755 0.5154628 0.07906538 -0.8532565 0.5000206 -0.2198246 -0.8376495 0.5484823 -0.4270604 -0.7188788 0.6732414 -0.323936 -0.6646891 0.5240116 -0.5370593 -0.661044 0.6028263 -0.6216073 -0.500205 0.7274058 -0.599483 -0.3339177 0.5660881 -0.6703563 -0.479757 0.494389 -0.8206353 -0.2865961 0.5880948 -0.799754 -0.1205746 0.6077776 -0.7872372 -0.1042311 0.5147732 -0.8567869 0.03041398 0.6235935 -0.7606746 0.1802926 0.6294147 -0.7550481 0.1836838 0.4834235 -0.796809 0.3624879 0.5390681 -0.6573269 0.5266184 0.600122 -0.6494315 0.4670038 0.549939 -0.5895597 0.5915966 0.5963221 -0.4570707 0.659914 0.5715963 -0.4830234 0.6632995 0.472899 -0.3764522 0.7966495 0.5275342 -0.2497152 0.8120037 0.4963653 -0.2141036 0.8412973 0.5334786 -0.06505554 0.8433081 0.6083704 -0.001211702 0.7936525 1 -1.3883e-5 0 1 8.27532e-7 0 1 3.52758e-7 0 1 7.33138e-7 0 1 -1.44047e-7 0 1 -2.21252e-7 0 1 -7.5654e-7 0 1 6.81117e-7 0 1 -2.77518e-6 0 1 3.96145e-7 0 0 1 -2.57992e-6 0 1 2.09177e-6 0 1 3.53189e-6 0 1 3.7738e-6 0 1 -4.3458e-6 0 1 9.51385e-7 0 1 2.65097e-6 -0.697979 0.7161149 -0.002172291 -0.680502 0.7173363 -0.1494848 -0.6264728 0.7450749 -0.2289003 -0.629342 0.7305831 -0.2649095 -0.5686007 0.7046812 -0.4244027 -0.4928219 0.7235625 -0.4833053 -0.4754384 0.7097435 -0.5198294 -0.3675804 0.7030868 -0.6087312 -0.2704735 0.7261456 -0.632105 -0.2546491 0.7198532 -0.6457285 -0.146009 0.7071248 -0.6918497 -0.04016083 0.7257639 -0.6867707 -0.03404134 0.7233686 -0.6896224 0.08296126 0.7072423 -0.7020868 0.1736596 0.7154817 -0.676704 0.1922634 0.7093923 -0.6780836 0.2889554 0.7074169 -0.6450319 0.3809853 0.7193142 -0.5808936 0.3889659 0.7243978 -0.5691691 0.4779394 0.705329 -0.5235313 0.5432431 0.720032 -0.431788 0.5777076 0.7436677 -0.3364703 0.5783936 0.7509423 -0.3186636 0.6432075 0.7224581 -0.2536502 0.6892243 0.7106993 -0.140984 0.678942 0.7341889 -0.002115964 0.68809 0.7253239 -0.02091449 0.6988849 0.702791 0.1328335 0.6378604 0.7239033 0.2628654 0.6378986 0.723373 0.2642288 0.5977593 0.7165302 0.3595391 0.5250509 0.7260937 0.4439702 0.4549075 0.7485901 0.482361 0.4679086 0.742912 0.4786891 0.392771 0.7141445 0.579421 0.3113017 0.7116749 0.6297699 0.1956318 0.7339503 0.6504194 0.1919511 0.7353909 0.6498884 0.07282799 0.7019826 0.7084608 -0.09289294 0.71849 0.6893063 -0.1117545 0.7277712 0.6766536 -0.2296478 0.7057822 0.6701741 -0.3262147 0.7201319 0.6123676 -0.3774791 0.7379471 0.5594136 -0.4063891 0.7272265 0.5531633 -0.4887996 0.7121856 0.5038518 -0.5443594 0.7186802 0.4326335 -0.5777108 0.7355276 0.3539062 -0.5727818 0.7377316 0.3573138 -0.6500873 0.7088783 0.2736386 -0.6852918 0.7145826 0.1405235 -0.6706315 0.7376765 0.07801848 -0.9961932 0 -0.08717399 -0.997985 -0.002759516 -0.06339132 -0.9854588 -1.57075e-7 -0.1699146 -0.9678641 -0.002147734 -0.2514649 -0.9576286 0.001269817 -0.2880032 -0.9102798 -0.002195298 -0.4139878 -0.909479 -0.001947402 -0.4157451 -0.8277708 1.9543e-4 -0.5610665 -0.7967939 -0.005266964 -0.6042283 -0.7287095 0.002874672 -0.684817 -0.6571973 -0.003512501 -0.7537105 -0.5792158 0.00287503 -0.8151693 -0.5169178 -0.002875208 -0.8560302 -0.4431242 0.002537727 -0.8964567 -0.3668615 -0.001758873 -0.930274 -0.3241041 5.86734e-4 -0.9460213 -0.2588195 -0.001172423 -0.9659251 -0.2367962 0 -0.9715594 -0.102292 0 -0.9947545 -0.1173681 -0.001947402 -0.9930866 0.01898062 -1.94752e-4 -0.9998199 0.05692023 -0.0040977 -0.9983703 0.1699247 0.001758515 -0.9854556 0.2514571 -0.002537727 -0.9678652 0.3025125 8.79569e-4 -0.9531451 0.3809363 -0.002344429 -0.9245983 0.4088266 0 -0.9126121 0.5098119 0 -0.8602859 0.5098116 0 -0.8602862 0.6162557 0 -0.7875463 0.6042377 -0.001753807 -0.7968022 0.7071018 4.71767e-7 -0.7071118 0.7329561 -0.003354609 -0.6802677 0.7828451 5.86233e-4 -0.6222163 0.8361808 -0.001758635 -0.5484513 0.8484476 0 -0.5292794 0.9094807 0 -0.4157462 0.9030725 -0.001754164 -0.4294847 0.953145 2.35881e-7 -0.3025138 0.9637468 -0.003354728 -0.2667976 0.9854579 0.001758396 -0.1699109 0.9961901 -0.002538442 -0.08717215 0.9994166 8.79221e-4 -0.03414148 0.9974467 -0.00319451 0.07134455 0.9947573 0 0.1022642 0.9637522 0 0.2667991 0.8890922 0 0.4577284 0.8956032 -0.002404749 0.4448471 0.8197633 -5.01992e-4 0.5727025 0.7740286 -0.006346046 0.633119 0.738548 -0.001463532 0.6741994 0.6741903 -2.93246e-4 0.7385577 0.6456928 -0.002735257 0.7635924 0.5727183 0.00200957 0.8197498 0.503283 -0.001172661 0.8641209 0.476812 0.001171827 0.8790045 0.4028527 -0.002010047 0.9152626 0.36684 0 0.9302841 0.3025028 0 0.9531486 0.2651171 0.002009749 0.9642142 0.1848748 -0.001171946 0.9827614 0.1549338 0.0011729 0.9879242 0.04925996 -0.002928853 0.9987817 0.01137197 0 0.9999353 -0.1330696 0 0.9911067 -0.1330839 0 0.9911049 -0.3187719 0 0.9478315 -0.2880026 -0.004968702 0.9576168 -0.4295002 8.79596e-4 0.9030665 -0.4768273 -0.002538144 0.8789934 -0.5292797 5.86703e-4 0.8484473 -0.6162542 -0.002147674 0.7875444 -0.645684 0.001270413 0.7636038 -0.7177606 -0.001269459 0.6962889 -0.7436621 0.002147853 0.6685523 -0.8103451 -5.86239e-4 0.5859526 -0.8234897 5.86798e-4 0.567331 -0.8716563 -0.001758277 0.4901145 -0.8825956 0 0.4701332 -0.9302762 0 0.3668601 -0.935733 0.001560568 0.3527056 -0.971567 0 0.2367649 -0.9750497 0.00136739 0.2219828 -0.9974484 -0.002555251 0.07134574 -0.9987833 0 0.04931515 -0.9999911 0.002875089 -0.003110587 -0.9987826 -0.001172065 0.04931604 -0.9796062 0.004722833 0.2008717 -0.9750496 0.001948177 0.2219786 -0.935732 1.95431e-4 0.3527119 -0.9216675 0.00409758 0.3879593 -0.8825836 -5.86612e-4 0.4701553 -0.8484542 0.00117284 0.5292674 -0.823472 -0.001172661 0.5673557 -0.7828556 5.86535e-4 0.6222032 -0.7436534 -0.002538502 0.6685606 -0.6963123 0.001853942 0.7177366 -0.645694 -0.001660645 0.7635945 -0.5920646 0.002735853 0.8058859 -0.5292599 -0.001172184 0.848459 -0.4701623 5.86749e-4 0.8825798 -0.4294832 -0.001758873 0.9030731 -0.3241498 0.00409764 0.9459969 -0.2880227 1.96025e-4 0.9576236 -0.1335706 0.002223193 0.9910368 -0.1330692 0.002148151 0.9911045 0.01134514 2.92147e-4 0.9999356 0.1022765 0.006145834 0.994737 0.1549163 0 0.9879276 0.2880228 0 0.9576237 0.2651382 0.002759158 0.9642065 0.3668402 0 0.930284 0.4431242 0.002148032 0.8964577 0.4768117 -0.001269876 0.8790046 0.5610873 0.001270294 0.8277558 0.5727195 0 0.8197515 0.6860867 0 0.7275199 0.6741747 0.001462757 0.7385705 0.7385733 2.92769e-4 0.6741731 0.7636052 0.002735376 0.6456778 0.8197692 -0.00200951 0.5726906 0.8569239 6.27557e-4 0.5154428 0.8955974 -0.003511428 0.4448515 0.9238705 0.003511071 0.3826894 0.9637485 -0.002794861 0.2667981 0.9824015 0.004609704 0.1867245 0.9947569 -8.79291e-4 0.1022642 0.9999901 0.00319457 -0.003110885 0.9994171 0 -0.03414148 0.9797124 0 -0.2004086 0.98545 0.004387676 -0.1699095 0.9531447 -8.79364e-4 -0.3025137 0.9302732 0.003512501 -0.3668506 0.9030772 -8.79199e-4 -0.4294773 0.8641106 0.002344131 -0.5032966 0.7828557 0 -0.6222034 0.7828349 0 -0.6222295 0.6742143 0 -0.7385358 0.7070951 0.007008492 -0.7070838 0.6042387 0 -0.7968034 0.5484228 0.003514707 -0.8361939 0.4088268 0 -0.912612 0.272792 0 -0.962073 0.3024917 0.004386961 -0.9531419 0.169925 -8.7926e-4 -0.9854566 0.1173391 0.002538442 -0.9930887 0.01898056 -0.002538859 -0.9998167 -0.04929572 0.0018543 -0.9987825 -0.117368 -0.001660108 -0.9930872 -0.2064906 0.004154145 -0.9784398 -0.2367959 0.00175774 -0.9715579 -0.3241044 -5.86735e-4 -0.9460212 -0.3668615 0.001758873 -0.930274 -0.4431242 -0.002537727 -0.8964567 -0.5169177 0.002875208 -0.8560304 -0.5792158 -0.00287503 -0.8151693 -0.6748831 0.005034863 -0.7379075 -0.7287119 -0.001277625 -0.6848193 -0.8013706 0.005266249 -0.5981452 -0.8277711 0 -0.5610661 -0.9216733 0 -0.3879672 -0.9094738 0.004674792 -0.4157349 -0.9576292 -5.85845e-4 -0.2880033 -0.9766978 0.005269765 -0.214555 -0.9854585 0.001758337 -0.1699075 -0.9979882 -0.001004695 -0.06339305 0 -1 -5.6503e-7 0 -1 1.20939e-6 0 -1 -5.65784e-6 0 -1 1.23565e-6 0 -1 3.5516e-6 0 -1 -6.81427e-7 0 -1 -9.71269e-7 0 -1 1.22358e-6 -0.6826538 -0.7291088 0.04882949 -0.6013139 -0.7893381 0.123964 -0.6205242 -0.7694691 0.1512185 -0.6358156 -0.7299813 0.2507307 -0.5871658 -0.7390817 0.3301432 -0.5109316 -0.7799856 0.3613469 -0.512714 -0.7743932 0.3707283 -0.4950504 -0.724083 0.4802384 -0.4200212 -0.7317436 0.5367808 -0.2865343 -0.7993258 0.5281821 -0.2206542 -0.8409982 0.4939978 -0.1936749 -0.7942634 0.5758782 -0.08653354 -0.7596608 0.6445366 0.02953296 -0.8004867 0.5986225 0.09620332 -0.8539237 0.5114287 0.08085101 -0.8307558 0.5507341 0.1934815 -0.7687348 0.6095997 0.2758373 -0.7288095 0.6266981 0.3486642 -0.7211464 0.5986495 0.4142831 -0.7892541 0.4532632 0.3762133 -0.8127129 0.4449285 0.510861 -0.7512739 0.4178621 0.5530173 -0.7830172 0.2847033 0.473283 -0.8711118 0.1310244 0.4732249 -0.8711529 0.1309609 0.6215041 -0.7821486 0.04445362 0.6700736 -0.7399753 -0.05863392 0.6273685 -0.7591084 -0.1736756 0.5205115 -0.8234044 -0.2259932 0.5305367 -0.8122262 -0.2425268 0.5506743 -0.7525306 -0.3611865 0.5019098 -0.7287577 -0.4658312 0.3833785 -0.78292 -0.4899565 0.3071298 -0.8281564 -0.4688586 0.3004098 -0.807962 -0.5069039 0.2487587 -0.7573497 -0.603772 0.1653276 -0.7534881 -0.6363354 0.03325706 -0.8115987 -0.583268 0.04465252 -0.8000956 -0.5982085 -0.06835633 -0.744028 -0.6646426 -0.1693549 -0.7561648 -0.6320868 -0.2254292 -0.7889447 -0.5716187 -0.264308 -0.8559048 -0.4444867 -0.27028 -0.8524115 -0.4475974 -0.4016087 -0.7915695 -0.4605739 -0.5106552 -0.7676389 -0.3872492 -0.4912703 -0.8418633 -0.2234276 -0.4724561 -0.8594313 -0.1953538 -0.5886877 -0.7937588 -0.152951 -0.6794729 -0.7312874 -0.05945891 -0.8009697 0 -0.5987049 -0.1180018 0 -0.9930135 -0.118009 0 -0.9930126 -0.9189783 0 0.3943081 -0.9189797 0 0.3943051 -0.9189772 0 -0.3943107 -0.9189785 0 -0.3943077 -0.118009 0 0.9930126 -0.1180162 0 0.9930118 -0.8009723 0 0.5987015 -0.8009672 0 0.5987085 0.8009672 0 0.5987085 0.8009725 0 0.5987012 0.1180162 0 0.9930118 0.118009 0 0.9930126 0.9189785 0 -0.3943077 0.9189772 0 -0.3943107 0.9189797 0 0.3943051 0.9189783 0 0.3943081 0.118009 0 -0.9930126 0.1180018 0 -0.9930135 0.8009697 0 -0.5987049 0.80097 0 -0.5987047 0 -1 4.26943e-6 0 -1 -2.13471e-6 3.57693e-4 -0.7985781 0.6018912 5.58073e-4 -0.9660503 0.2583537 0 -0.9758235 0.2185604 0 -0.9884637 0.1514585 4.2272e-4 -0.9908176 -0.1352046 0 -0.9821107 -0.188305 5.31365e-4 -0.969411 -0.2454425 3.45538e-4 -0.7294049 -0.6840821 0 -0.6937629 -0.7202035 3.71987e-4 -0.6533962 -0.7570161 5.58066e-4 -0.4494989 -0.8932807 0 -0.4125258 -0.910946 0 -0.3279833 -0.9446835 4.64809e-4 -0.3493982 -0.9369743 0 -0.2846431 -0.9586337 3.72019e-4 -0.2318628 -0.9727485 3.71953e-4 0.3331853 -0.9428614 0 0.3841811 -0.9232578 3.71969e-4 0.4340315 -0.9008976 3.71986e-4 0.6296931 -0.776844 0 0.6711783 -0.7412961 3.71952e-4 0.7106628 -0.7035328 3.67105e-4 0.9418992 -0.3358954 0 0.9586336 -0.2846432 3.71975e-4 0.9727483 -0.2318634 3.71971e-4 0.9904401 -0.1379441 0 0.9964953 -0.08364981 3.1003e-4 0.99927 -0.03820252 0 0.9998806 -0.01545447 0 0.9971434 0.07553303 4.64783e-4 0.9986041 0.05281788 0 0.9926714 0.1208458 3.57686e-4 0.9849558 0.1728062 4.22718e-4 0.9631785 0.2688626 0 0.9473227 0.3202809 3.10037e-4 0.9317615 0.3630709 0 0.9232584 0.3841798 0 0.8948878 0.4462913 0 0.8948875 0.4462919 0 0.8623455 0.5063203 3.6708e-4 0.6833399 0.7301003 0 0.6429983 0.7658677 3.71986e-4 0.6002117 0.7998412 3.71953e-4 0.5211189 0.853484 0 0.4737285 0.880671 3.1002e-4 0.4331511 0.9013213 0 0.4125258 0.910946 0 0.3279833 0.9446835 4.64809e-4 0.3493982 0.9369743 0 0.2846433 0.9586336 3.71953e-4 0.2318627 0.9727485 6.24631e-4 0.05517905 0.9984763 0 0.01545161 0.9998806 0 -0.0528199 0.9986041 0 -0.0528199 0.9986041 0 -0.1208426 0.9926717 3.5429e-4 -0.2705712 0.9627 0 -0.320281 0.9473226 3.72002e-4 -0.3715392 0.9284173 3.7197e-4 -0.458469 0.8887104 0 -0.5063204 0.8623455 3.10033e-4 -0.5450479 0.8384048 0 -0.5639882 0.8257829 0 -0.6367412 0.7710776 4.64829e-4 -0.6190267 0.7853699 0 -0.6711803 0.7412943 4.6479e-4 -0.7202023 0.6937639 4.64809e-4 -0.7202028 0.6937636 0 -0.7658678 0.6429982 0 0.8462892 -0.5327239 0 0.846289 -0.532724 0 0.7943425 -0.6074702 -3.40097e-4 0.8079624 -0.5892341 0 0.7658677 -0.6429982 -2.26854e-4 0.7358053 -0.6771931 0 0.7202032 -0.6937633 0 0.654134 -0.7563787 -5.36318e-4 0.6711798 -0.7412945 0 0.6190268 -0.7853699 -2.26854e-4 0.5826368 -0.8127327 0 0.5639878 -0.8257833 0 0.486563 -0.8736456 -3.40104e-4 0.5063206 -0.8623453 0 0.4462919 -0.8948875 -3.57731e-4 0.4050949 -0.9142747 0 0.3841812 -0.9232578 0 0.2986373 -0.9543667 -2.87598e-4 0.3102627 -0.9506509 0 0.2548864 -0.9669711 -3.40121e-4 0.1883035 -0.9821109 -3.40134e-4 0.1883043 -0.9821107 0 0.1208426 -0.9926718 -2.26854e-4 0.07553386 -0.9971432 0 0.0528199 -0.9986041 0 -0.03820413 -0.99927 -3.31005e-4 -0.01403433 -0.9999015 0 -0.0836482 -0.9964954 -3.16917e-4 -0.151457 -0.9884638 -3.52987e-4 -0.1488959 -0.9888528 0 -0.2185596 -0.9758237 -5.36344e-4 -0.2846427 -0.9586336 -5.3627e-4 -0.284643 -0.9586334 0 -0.3493983 -0.9369744 -3.57747e-4 -0.3916861 -0.9200989 0 -0.4125254 -0.9109461 0 -0.4936497 -0.8696609 -2.49067e-4 -0.4844294 -0.8748303 6.8028e-5 -0.5211193 -0.853484 -2.26843e-4 -0.5706928 -0.8211636 0 -0.5892345 -0.8079621 0 -0.6602627 -0.7510349 -7.52745e-4 -0.6215921 -0.7833408 0 -0.6937628 -0.7202035 -5.36296e-4 -0.7412943 -0.67118 -2.44186e-4 -0.7495596 -0.6619368 0 -0.7853708 -0.6190257 -1.95797e-4 -0.812733 -0.5826362 0 -0.8257815 -0.5639902 0 -0.8623455 -0.5063204 0 -0.8623459 -0.5063196 0 -0.9048133 -0.4258087 -3.13359e-4 -0.8952296 -0.4456052 0 -0.9232578 -0.384181 -3.401e-4 -0.9473226 -0.320281 -3.40102e-4 -0.9473223 -0.3202818 0 -0.9669717 -0.2548841 -2.7764e-4 -0.9775708 -0.2106068 0 -0.9821105 -0.1883063 0 -0.992672 -0.1208406 0 -0.9926714 -0.1208448 0 -0.9986042 -0.052818 0 -0.9986041 -0.05281913 0 -0.9998807 0.01544952 0 -0.9998806 0.01545304 0 -0.9943336 0.106305 -3.13365e-4 -0.9964308 0.08441376 0 -0.9884639 0.1514568 -3.57726e-4 -0.9805451 0.1962937 0 -0.9758236 0.2185598 0 -0.9519076 0.306385 -2.49082e-4 -0.9550919 0.29631 6.80493e-5 -0.9416577 0.3365723 -3.40094e-4 -0.9109458 0.412526 -2.99087e-4 -0.9098109 0.415023 0 -0.8806711 0.4737284 -3.24279e-4 -0.8462889 0.5327242 -3.13356e-4 -0.8458808 0.5333721 0 -0.8079631 0.5892332 -3.57723e-4 -0.7803034 0.6254012 0 -0.7658677 0.6429982 0 -0.7042264 0.7099756 -5.36294e-4 -0.7202023 0.693764 0 -0.6711806 0.7412939 -3.57747e-4 -0.6367408 0.7710779 0 -0.6190268 0.7853698 0 -0.5450478 0.8384051 -5.36318e-4 -0.5639885 0.8257825 0 -0.5063201 0.8623458 -3.57715e-4 -0.4665431 0.8844985 0 -0.446292 0.8948874 0 -0.3630689 0.9317623 -7.5278e-4 -0.4095438 0.9122902 0 -0.3202813 0.9473226 -5.3632e-4 -0.2548867 0.9669708 -2.57694e-4 -0.2434349 0.9699173 0 -0.1883043 0.9821108 -2.16283e-4 -0.1434041 0.9896642 0 -0.1208426 0.9926717 0 -0.03007775 0.9995476 -5.16451e-4 -0.05029547 0.9987343 0 0.01545172 0.9998806 -4.64769e-4 0.0836485 0.9964953 -2.40501e-4 0.09458959 0.9955164 6.6093e-5 0.1383323 0.990386 -3.4009e-4 0.2185596 0.9758237 -7.52676e-4 0.191515 0.9814895 0 0.2846432 0.9586336 -3.57731e-4 0.3279834 0.9446835 0 0.349398 0.9369744 0 0.4331511 0.9013214 -5.36294e-4 0.4125256 0.910946 0 0.4737287 0.8806709 -5.36296e-4 0.5327231 0.8462895 -2.87586e-4 0.5416278 0.8406184 0 0.5892338 0.8079627 -5.36297e-4 0.6429988 0.7658671 -5.36294e-4 0.6429978 0.765868 0 0.6937638 0.7202027 -2.21443e-4 0.7258277 0.6878765 0 0.7412945 0.67118 0 0.7853701 0.6190265 0 0.7853696 0.6190273 0 0.8384051 0.5450477 -3.52987e-4 0.824318 0.566127 0 0.8623449 0.5063213 -6.19748e-4 0.894888 0.4462905 -5.63437e-4 0.8958086 0.4444399 0 0.9232568 0.3841834 -3.57729e-4 0.9397878 0.3417587 0 0.9473232 0.3202793 0 0.9725216 0.2328131 -2.73488e-4 0.9693165 0.2458162 0 0.9821106 0.1883054 -5.36313e-4 0.9926715 0.1208432 -5.36289e-4 0.9926716 0.1208419 0 0.998604 0.05282175 -5.3631e-4 0.9998805 -0.01545399 -5.36312e-4 0.9998805 -0.01544976 0 0.9964955 -0.08364778 -3.57716e-4 0.991655 -0.1289203 0 0.9884635 -0.1514595 0 0.9705963 -0.2407135 -7.52725e-4 0.9814911 -0.1915066 0 0.9586338 -0.2846423 -5.36314e-4 0.9369744 -0.349398 -2.78966e-4 0.9331019 -0.3596121 0 0.9109445 -0.4125289 -2.16298e-4 0.8912245 -0.4535624 0 0.8806719 -0.4737269 -0.3383537 -0.796375 0.501302 -0.3891258 -0.8150466 0.4292787 -0.3577886 -0.850644 0.3852172 -0.3401641 -0.8951414 0.2881149 -0.3439962 -0.9015463 0.262452 -0.2933778 -0.9373976 0.1876571 -0.2695187 -0.9575381 0.1023741 -0.2778179 -0.9605192 0.01484173 -0.2995522 -0.9527481 -0.05039358 -0.3314212 -0.9375255 -0.1058591 -0.3286191 -0.9375411 -0.1141323 -0.3175758 -0.9269649 -0.1997045 -0.3474583 -0.8654015 -0.3610444 -0.4175058 -0.8608078 -0.2910308 -0.3514761 -0.8470836 -0.3986403 -0.3241071 -0.8157969 -0.4789887 -0.3153 -0.7712773 -0.5529171 -0.3410879 -0.6968426 -0.6309275 -0.4118182 -0.601672 -0.6843951 -0.4159859 -0.5972031 -0.6857873 -0.3685825 -0.5305146 -0.7633487 -0.3529896 -0.4618689 -0.8136803 -0.3657158 -0.3645523 -0.8563607 -0.3958442 -0.292614 -0.8704507 -0.3640704 -0.2651088 -0.8928439 -0.2953755 -0.1446988 -0.94436 -0.2874989 -0.03659105 -0.9570818 -0.317647 0.07162117 -0.9455003 -0.3365417 0.101031 -0.9362331 -0.283939 0.1805529 -0.9416896 -0.2625881 0.2881548 -0.9208769 -0.2810848 0.3887632 -0.8774135 -0.307124 0.4294833 -0.8492462 -0.2866896 0.4661386 -0.8369731 -0.2679688 0.5613282 -0.7830093 -0.2849657 0.6270128 -0.7250169 -0.3401967 0.6872931 -0.6417901 -0.3348833 0.6933177 -0.6380939 -0.2976828 0.75833 -0.5799316 -0.2906454 0.8097556 -0.5097267 -0.3035594 0.8491696 -0.4321607 -0.3560376 0.875576 -0.3265025 -0.3367466 0.8749943 -0.3478315 -0.2827093 0.9310017 -0.2308926 -0.2741757 0.9536543 -0.1239808 -0.3041664 0.9525052 -0.01471954 -0.3832376 0.9189259 0.09329605 -0.3681737 0.9229434 0.1123548 -0.3272691 0.9189658 0.2199932 -0.3202378 0.8902963 0.3237597 -0.3479881 0.8389562 0.4183979 -0.3673208 0.8196917 0.4395237 -0.315811 0.7954965 0.5171546 -0.287492 0.7522139 0.5928935 -0.2782691 0.6971599 0.6607075 -0.3043999 0.6124839 0.7295233 -0.310311 0.6048807 0.7333666 -0.2663201 0.5134842 0.8157253 -0.2787154 0.4159884 0.8656047 -0.381425 0.1749284 0.9076977 -0.3797704 0.3034096 0.8739091 -0.4063829 0.2222424 0.8862625 -0.3862395 0.201599 0.9000983 -0.3253802 0.07909673 0.9422694 -0.3177965 -0.02851867 0.9477301 -0.3433611 -0.1346861 0.9294961 -0.3693082 -0.1801112 0.9116861 -0.3259155 -0.2409686 0.9141735 -0.2934121 -0.3470894 0.8907516 -0.2969777 -0.4454957 0.8445934 -0.328764 -0.5147495 0.7917999 -0.3736613 -0.5586261 0.7404825 -0.3451936 -0.5976027 0.7236797 -0.3130545 -0.6688295 0.6742878 -0.3080757 -0.7423524 0.594981 0.02452993 -0.8764845 0.4808048 0.02095764 -0.9734998 0.2277256 0.2809754 -0.7429056 0.6075725 0.2460854 -0.6980553 0.672429 0.2954565 -0.6083112 0.7366566 0.3714395 -0.5354326 0.7585148 0.3187248 -0.5166224 0.7946798 0.01301777 -0.1602725 0.9869871 0.009981751 -0.5797467 0.8147357 0.343252 -0.2781884 0.8971006 0.009472608 -0.1054571 0.9943788 0.01080363 -0.142655 0.9897136 0.01046556 -0.4444208 0.895757 0.2962784 -0.05044996 0.9537683 0.2803263 -0.06290638 0.9578413 0.02395135 0.442632 0.8963835 0.02017986 0.2543691 0.9668967 0.01514297 0.1556664 0.9876937 0.0367152 -0.7673472 0.6401799 0.257114 0.3169572 0.9129242 0.3174584 0.3799343 0.8688327 0.2718671 0.4168371 0.8673726 0.02025902 0.8712704 0.4903851 0.007237553 0.4570888 0.8893916 0.280051 0.5681727 0.7737903 0.01499706 0.8882608 0.4590948 0.00737071 0.6810475 0.7322022 0.03764432 0.9159891 0.3994335 0.01280009 0.7706498 0.6371304 0.01697826 0.889518 0.4565845 0.01471221 0.8626669 0.5055586 0.008488059 -0.9771392 -0.212431 0.3055358 0.8520935 0.4249523 0.2584249 0.9001114 0.3507364 0.0307042 -0.6006945 -0.7988889 0.01650196 0.970432 0.2408101 0.05007165 0.02357941 0.9984673 0.2433754 0.9671614 0.07326263 0.3342334 0.9418023 -0.03600686 0.3565797 0.9329589 -0.04938423 0.008312046 0.9446332 -0.3280232 0.009534955 0.9999266 -0.007474482 0.01495325 -0.9997819 -0.01458323 0.01245987 0.9457123 -0.3247662 0.01178163 0.9223975 -0.3860623 0.01295948 0.8951769 -0.4455227 0.02777016 0.7195857 -0.6938481 0.01914834 0.8069287 -0.5903385 0.0191701 0.807814 -0.5891258 0.01986891 0.7657167 -0.642871 0.01438826 0.8537421 -0.5204973 0.01775979 0.9427515 -0.3330229 0.02381032 -0.9666312 0.255063 0.01162767 0.6326223 -0.7743732 0.008469879 0.5639677 -0.8257535 0.007712185 0.5063055 -0.8623197 0.006615638 0.5667297 -0.8238772 0.3203256 0.3829637 -0.866447 0.00838375 0.1415703 -0.9898927 0.008880198 0.2548764 -0.9669329 0.01039391 0.1882942 -0.9820577 0.0120325 0.1546007 -0.9879038 0.01089501 0.1208354 -0.9926128 0.01114296 0.1546483 -0.9879068 0.01678663 -0.08728474 -0.996042 0.01777589 -0.1076447 -0.9940306 0.02180296 -0.03034353 -0.9993018 0.01568579 -0.2642526 -0.964326 0.01361244 0.09654349 -0.9952357 0.3328091 -0.3085137 -0.891099 0.3315093 -0.3094387 -0.8912628 0.01587778 -0.713249 -0.700731 0.01139134 -0.5210842 -0.8534294 0.01566308 -0.5891627 -0.8078625 0.0213924 -0.6474105 -0.7618412 0.03491342 0.3000636 -0.9532801 0.06535273 -0.5705503 0.8186584 0.02510106 -0.6391617 -0.7686627 0.01865667 -0.7635776 -0.6454465 0.01880496 -0.8903654 -0.4548581 0.01963961 -0.9017066 -0.4319022 0.01542776 -0.8684556 -0.4955269 0.01457911 -0.878301 -0.4778859 0.01181036 -0.9530252 -0.3026608 0.01156204 -0.9472599 -0.3202577 0.01321136 -0.9598209 -0.2803026 0.0368551 0.6277645 -0.7775305 0.03665339 -0.790945 0.6107885 0.02004414 -0.9984149 0.052594 0.01827055 -0.9964975 0.08160305 0.02233272 -0.9953284 -0.09392923 0.02270442 -0.9993463 0.02813696 0.01911586 -0.9968041 -0.0775634 0.02612531 0.5173588 -0.8553697 0.02797096 -0.6390276 0.7686751 0.01080739 -0.939731 0.3417438 0.01104009 -0.9415996 0.3365536 0.01124119 -0.9485822 0.3163313 0.01615297 -0.8456783 0.5334484 0.02095818 -0.784162 0.6202024 0.478051 0.5987418 -0.6426318 0.396467 0.5458955 -0.7381139 0.4184593 0.372711 -0.8282381 0.6272953 0.1008802 -0.7722201 0.7157052 0.1634188 -0.6790142 0.5938706 0.003254055 -0.8045541 0.5172498 -0.3196169 -0.7939129 0.5631061 -0.3755496 -0.7361211 0.4267843 -0.7879703 -0.4437999 0.4020351 -0.8793076 -0.2553156 0.4792721 -0.8656479 -0.1447489 0.3761759 -0.906446 0.1919568 0.3447328 -0.8977046 0.274383 0.3918163 -0.8445121 0.3650745 0.5092082 -0.5972949 0.6196336 0.415494 -0.5209485 0.745639 0.5943824 -0.2229483 0.7726601 0.4412412 -0.3502585 0.8262115 0.3658834 -0.08190774 0.9270494 0.4743715 0.1245222 0.8714735 0.4227079 0.165425 0.8910402 0.354762 0.379343 0.8545425 0.4931252 0.5302155 0.6897095 0.5393294 0.5432519 0.6434293 0.5055693 0.5879943 0.6313971 0.36192 0.8135689 0.4551041 0.4932896 0.8375383 0.2349363 0.6108269 0.7800993 0.1354095 0.3996191 0.9151951 -0.05217915 0.4018562 0.8791117 -0.2562701 0.5091407 0.7826144 -0.3581766 0.9994984 -0.03151774 0.003106415 0.999499 -0.03148692 0.003250718 0.9995611 -0.003914117 0.02936613 0.9990473 0.02765494 0.03376013 0.9990484 0.02759808 0.03377789 0.9991644 0.03920477 0.01156151 0.9994203 0.0310992 -0.01385462 0.9996444 0.009838998 -0.02478647 0.9996179 -0.02264845 -0.01585495 0.7520148 0.5460018 -0.3692638 0.7271009 -0.54619 0.4159337 0.6949956 -0.7183688 -0.03045368 0.5279712 -0.6857461 -0.500998 0.8294753 -0.3577786 -0.4289117 -0.9996078 0.02207171 -0.017241 -0.8916595 -0.4521232 0.02298218 -0.7230219 0.07796716 -0.6864113 -0.9973656 0.04654878 0.05563384 -0.8792763 0.2976816 0.3718318 -0.9863761 0.1420356 0.08299452 -0.9980255 0.06258851 0.005285501 -0.9979813 -0.03189384 0.05492126 -0.9974306 -0.04477643 0.05592405 -0.9975278 -0.04064321 0.05732804 -0.9973688 -0.03341919 0.06433373 -0.9982154 -0.05941808 -0.005960762 -0.9800665 -0.157077 -0.1216418 -0.9977143 -0.05233335 -0.04274952 -0.9979676 -0.04305464 -0.04698145 -0.9524944 0.304251 0.01363444 -0.8285769 0.5200461 -0.2073946 -0.9423031 0.2391904 -0.234207 -0.9314876 0.2664046 -0.2477083 -0.682059 0.3300343 -0.6525894 -0.9524753 -0.05655395 -0.2993203 -1 1.19148e-6 0 -1 -7.29067e-7 0 -1 1.2109e-6 0 -1 -7.47351e-7 0 -1 -7.00436e-7 0 -1 1.04853e-5 0 -1 -8.43445e-7 0 -1 -3.69494e-7 0 -1 4.22776e-7 0 -1 -5.61744e-7 0 -1 2.32924e-7 0 -1 0 0 -1 1.32181e-7 0 -1 -2.06022e-7 0 -1 -3.00945e-7 0 -1 -4.37267e-7 0 -1 5.18331e-7 0 -1 -4.0782e-7 0 -1 5.54579e-7 0 -1 4.19953e-7 0 -1 -4.86114e-7 0 -1 3.46369e-7 0 -1 4.30393e-7 0 -1 -5.64283e-7 0 -1 -4.23517e-6 0 -0.2183906 0.4713641 -0.8544715 -1 0 0 -1 3.2485e-7 0 -1 4.99986e-7 0 -1 3.47861e-7 0 -1 -4.12295e-6 0 1 -4.21384e-7 0 1 5.70933e-7 0 1 -3.82716e-7 0 1 7.32507e-7 0 1 -7.98948e-7 0 1 0 0 1 0 0 1 -4.19688e-7 0 1 3.83446e-6 0 1 9.64652e-7 0 1 -7.18995e-6 0 1 3.9587e-6 0 0.06929665 0.5029915 -0.8615089 1 3.40553e-7 0 1 1.12032e-6 0 1 -4.85085e-7 0 1 6.15187e-7 0 1 -3.37804e-7 0 1 5.37743e-7 0 1 -4.1759e-7 0 1 -2.16859e-7 0 1 4.55153e-7 0 1 -4.08465e-7 0 1 -3.1777e-7 0 1 -3.85193e-7 0 1 2.13315e-6 0 1 -1.6916e-6 0 1 5.47869e-7 0 1 -1.3719e-7 0 1 -4.21723e-7 0 1 7.51442e-5 0 1 -1.89483e-5 0 1 2.71672e-6 0 1 -5.75428e-7 0 1 -5.33285e-7 0 0.006424605 -0.900843 -0.4340975 -0.06848061 -0.9130071 -0.4021549 0.04223626 -0.9778212 -0.2051386 -0.003792166 -0.9863178 -0.1648114 0.007897913 -0.9989362 -0.04543346 0 -0.9983736 -0.05700963 0 -0.9998101 0.01949167 0 -0.99981 0.01949161 0 -0.9836673 0.1799968 0.03191262 -0.9800319 0.1962631 -0.01123416 -0.9226818 0.3853988 0.02624189 -0.9136754 0.4055967 -0.02698498 -0.8033761 0.5948603 0.03251683 -0.7768896 0.6287967 -0.01987349 -0.6621097 0.7491434 0 -0.6538996 0.7565815 0 -0.4702033 0.8825582 -0.0341441 -0.4945443 0.8684815 0.02795821 -0.3285424 0.9440754 -0.04660719 -0.283976 0.957698 0.03227198 -0.1397637 0.989659 -0.04299694 -0.06633877 0.9968704 0.02842164 0.05596959 0.9980279 -0.06560015 0.1758177 0.9822347 0.013264 0.2453374 0.9693471 -0.07596725 0.4181188 0.9052103 0.0536465 0.4777911 0.876834 -0.008629322 0.6314226 0.7753909 0.1000751 0.691567 0.7153462 -0.09496569 0.8063052 0.5838265 0.02923923 0.8676532 0.4963095 -0.06444853 0.930144 0.3614947 0.006029129 0.9485362 0.3166116 -0.01988977 0.9894183 0.1437215 0.017264 0.9932649 0.1145721 -0.03813153 0.9928283 -0.113305 -0.06923377 0.9927042 -0.09871792 0.01444625 0.9458571 -0.324262 -0.07884562 0.9234054 -0.3756405 0.0417608 0.8504245 -0.5244373 -0.03036665 0.8115761 -0.5834569 0.003161489 0.7586798 -0.6514562 -0.009484291 0.7147758 -0.6992895 0 0.7033594 -0.7108344 0 0.6434014 -0.7655291 0 0.6434025 -0.7655281 0 0.5344427 -0.8452048 -0.0214802 0.4236049 -0.9055925 0.009484887 0.3503731 -0.9365622 -0.009484887 0.3043594 -0.9525101 0.009484887 0.2576218 -0.9661993 -0.003161489 0.2261255 -0.9740931 0.02916276 0.06147444 -0.9976826 0.02228021 0.06516593 -0.9976257 -0.02871483 -0.1449695 -0.9890194 0.05174154 -0.1916585 -0.9800969 -0.04495358 -0.3392474 -0.9396225 -0.01893615 -0.3640239 -0.9311971 0.003162264 -0.467325 -0.8840799 -0.03109955 -0.5430265 -0.8391395 5.98838e-6 -0.5698993 -0.8217145 -0.05309623 -0.7346507 -0.6763647 -0.05778312 -0.7332252 -0.6775264 -0.07815861 0.8035032 0.5901474 0.09724831 0.7052283 0.702279 -0.0903204 0.4689786 0.8785793 0.08610939 0.3229748 0.9424822 -0.04920518 0.1455463 0.9881271 0.1012928 -0.04390579 0.9938874 -0.003764629 -0.1791427 0.9838159 0.01624828 -0.3601866 0.9327389 0 -0.374014 0.9274231 0 -0.6396204 0.768691 0.09055864 -0.5788903 0.8103612 -0.05723053 -0.8086107 0.5855539 0.07677501 -0.8623148 0.5005185 -0.07280617 -0.9562945 0.2831963 0.1174622 -0.9893195 0.08631235 -0.03501081 -0.994964 -0.09392035 0.0789147 -0.9312936 -0.355619 -0.09545409 -0.880468 -0.4643973 0.1103801 -0.6951165 -0.7103726 -0.09993398 -0.5795174 -0.8088095 0.0388866 -0.3400147 -0.9396159 -0.09343296 -0.2123528 -0.9727161 0.1107164 0.06143659 -0.9919514 -0.003819942 0.1758697 -0.984406 0.04018306 0.3361315 -0.9409575 0 0.3772513 -0.926111 0 0.5287876 -0.8487542 0 0.528789 -0.8487533 0 0.5837268 -0.8119503 0 0.5837252 -0.8119513 0 0.6749386 -0.7378739 0.01877123 0.6528512 -0.7572537 -0.01109898 0.7524098 -0.6586018 0.02667534 0.7943381 -0.60689 -0.0201835 0.867574 -0.4968984 0.07263255 0.9349339 -0.3473086 -0.04265719 0.9734547 -0.2248699 0.07484638 0.9967397 -0.03013586 -0.1809132 0.9631577 0.1989916 0.04703396 0.9136428 0.4037881 1 2.42349e-7 0 1 3.50868e-7 0 1 2.17704e-7 0 1 -8.98537e-7 0 1 2.10595e-7 0 1 -4.56767e-7 0 1 -2.21676e-7 0 1 7.89969e-7 0 1 -2.81262e-7 0 1 -4.18796e-7 0 1 -3.15953e-7 0 1 -6.43363e-7 0 1 4.12044e-7 0 1 -6.01891e-7 0 1 4.6614e-7 0 1 -5.18331e-7 0 1 -3.50694e-7 0 1 6.48307e-7 0 1 -1.35289e-6 0 1 3.94131e-7 0 1 -2.10108e-7 0 1 3.68409e-7 0 1 -5.24359e-7 0 0.2451701 0.4152209 -0.8760613 1 3.45914e-7 0 1 8.57553e-7 0 1 -6.34651e-7 0 1 5.33511e-7 0 1 -5.85232e-7 0 1 -1.34365e-6 0 1 -1.4141e-5 0 -1 -5.31012e-7 0 -1 4.74043e-7 0 -1 -2.82038e-7 0 -1 -4.36102e-7 0 -1 -6.29046e-7 0 -1 0 0 -1 2.10108e-7 0 -1 -3.03163e-6 0 -0.1364378 0.4137958 -0.9000877 -1 2.05697e-7 0 -1 -6.51028e-7 0 -1 2.53963e-7 0 -1 6.2806e-7 0 -1 -1.14897e-6 0 -1 -1.50922e-7 0 -1 4.05933e-7 0 -1 -1.95926e-7 0 -1 -6.37085e-7 0 -1 6.13727e-7 0 -1 -1.23032e-6 0 -1 4.22181e-7 0 -1 -1.06657e-6 0 -0.01895087 0.9067783 0.4211816 0.001053392 0.8958135 0.4444289 -0.01466405 0.8123404 0.5829993 -0.002658426 0.8170496 0.5765612 0.01652157 0.6877051 0.7258021 0 0.681266 0.732036 0 0.4831904 0.8755154 0.08672088 0.5237035 0.8474752 -0.01229768 0.3796917 0.9250314 0.08328449 0.2878899 0.9540352 -0.05019265 0.1609588 0.9856841 0.03949582 0.03848057 0.9984786 -0.03711885 -0.04259645 0.9984027 0.09692806 -0.1904745 0.9768953 -0.03654241 -0.2869437 0.9572502 0.03618669 -0.4267951 0.9036242 -0.0251969 -0.4673316 0.8837231 0.01264476 -0.5778322 0.8160576 0 -0.5954064 0.8034247 0 -0.6585935 0.7524989 -0.01264476 -0.6746701 0.7380112 0.004742324 -0.7174353 0.6966091 -0.01895546 -0.7503749 0.6607407 0.01551175 -0.7953109 0.6060033 -0.02841991 -0.8383951 0.5443216 0.06560206 -0.8964387 0.4382854 -0.01326358 -0.9271015 0.3745759 0.07596701 -0.9774011 0.1972718 -0.05364632 -0.9897488 0.1323606 0.008629739 -0.9986343 -0.05152845 -0.1000745 -0.9857069 -0.1355254 0.09496599 -0.9473502 -0.3057926 -0.02923947 -0.9129651 -0.4069886 0.06444817 -0.8410902 -0.5370417 -0.006030142 -0.8157353 -0.5783941 0.01988953 -0.7003742 -0.7134987 -0.01726478 -0.6791227 -0.7338217 0.02272838 -0.5496638 -0.8350768 -0.04435628 -0.5074019 -0.8605672 0.04525411 -0.3211771 -0.9459373 -0.003220796 -0.2970448 -0.9548581 0.02684682 -0.09446823 -0.9951658 0 -0.079189 -0.9968597 0 0.104503 -0.9945245 0.009474396 0.09373414 -0.9955522 -0.002156853 0.2118106 -0.9773084 0.002157449 0.2161405 -0.9763599 -0.01278728 0.3631449 -0.9316449 0.001350879 0.495464 -0.8686274 -0.0120446 0.6100837 -0.7922454 0 0.6019169 -0.7985588 0 0.7275288 -0.6860772 -0.07145029 0.7647526 -0.6403502 0.05615282 0.8487263 -0.5258427 -0.06542825 0.9033432 -0.4238991 0.06287723 0.9416081 -0.3307879 0 0.966593 -0.2563163 0 0.9957971 -0.09158736 0.03913652 0.9915671 -0.1235433 -0.01100265 0.9996625 0.02353715 0.04956275 0.9954395 0.08150917 -0.06144273 0.9739303 0.2183682 0.03554117 0.9563018 0.2902135 0.02703785 -0.9203942 -0.390056 -0.01523852 -0.9504889 -0.3103849 0.06506478 -0.9940437 -0.08743005 0.02214962 -0.9981864 -0.05597871 0.006801664 -0.9736384 0.2279958 0.05431288 -0.9619135 0.2679041 -0.03825265 -0.8447383 0.533811 0.05762046 -0.8011415 0.5956948 -0.0367155 -0.6502256 0.7588536 0 -0.614109 0.7892214 0 -0.482065 0.8761354 0 -0.4820667 0.8761345 0 -0.403033 0.9151856 0 -0.4030333 0.9151855 0 -0.305928 0.9520547 0.006786346 -0.292894 0.9561209 -0.02705174 -0.05780339 0.9979615 0.06365877 0.005104482 0.9979587 -0.02378922 0.251987 0.9674382 0.07314449 0.336309 0.938907 -0.0600593 0.5748733 0.8160353 0.03501093 0.6634634 0.7473892 -0.07891494 0.8370277 0.5414401 0.09545427 0.8947839 0.4361771 -0.1103798 0.9837903 0.1413262 0.09993362 0.9949429 -0.01009434 -0.03888672 0.9590316 -0.2806177 0.09343308 0.9103379 -0.4031816 -0.040421 0.8258923 -0.562377 0.02110743 0.73654 -0.6760646 -0.02110719 0.6659774 -0.7456733 0.02110743 0.5888253 -0.8079847 -0.06871539 0.4047347 -0.9118487 -0.04342156 0.3849077 -0.9219331 -0.006187438 0.09319221 -0.9956289 -0.0804674 0.04425781 -0.9957743 0.0490337 -0.2601615 -0.9643193 -0.07788556 -0.3772171 -0.9228441 0.0576685 -0.5653642 -0.8228231 -0.05766844 -0.6811643 -0.7298559 0.03666716 -0.7824908 -0.6215816 -0.03631162 -0.8520143 -0.5222579 -1.66077e-7 -0.8079621 0.5892345 3.71889e-4 -0.8389354 0.544231 3.72151e-4 -0.9416573 0.3365733 0 -0.95863 0.2846552 3.71887e-4 -0.9727498 0.2318576 3.71985e-4 -0.9904384 0.1379552 0 -0.9964953 0.08364927 3.72e-4 -0.9995766 0.029096 3.71978e-4 -0.9977902 -0.06644308 0 -0.9926708 -0.1208497 3.72054e-4 -0.9845901 -0.1748782 3.54196e-4 -0.8165043 -0.5773393 0 -0.7853696 -0.6190273 5.09415e-4 -0.7493992 -0.6621183 5.57937e-4 -0.5094136 -0.8605216 0 -0.4737227 -0.8806741 0 -0.3916867 -0.9200986 4.64851e-4 -0.4125284 -0.9109447 0 -0.349402 -0.9369729 3.09947e-4 -0.306385 -0.9519077 0 -0.2846478 -0.9586322 0 -0.1962938 -0.9805452 4.64685e-4 -0.2185567 -0.9758242 0 -0.1514567 -0.9884639 3.61325e-4 -0.09883004 -0.9951043 3.61324e-4 -2.06793e-4 -1 0 0.05282485 -0.9986038 3.11426e-4 0.1053028 -0.9944401 3.0154e-4 0.2038647 -0.9789991 0 0.2548924 -0.9669695 3.04978e-4 0.2986372 -0.9543668 0 0.3202822 -0.9473222 0 0.3841739 -0.9232608 4.96381e-4 0.4584718 -0.888709 -2.21435e-7 0.506323 -0.8623439 5.31412e-4 0.5559089 -0.8312431 3.72152e-4 0.6812356 -0.7320641 -1.6608e-7 0.7202145 -0.6937515 3.10169e-4 0.7510313 -0.6602666 0 0.7658678 -0.6429982 0 0.8211656 -0.5706901 4.64682e-4 0.807962 -0.5892344 1.66078e-7 0.8462885 -0.5327249 3.72018e-4 0.8741177 -0.4857143 3.71952e-4 0.9787178 -0.2052109 0 0.9884647 -0.1514513 3.72004e-4 0.9952589 -0.09726172 3.72003e-4 0.9977897 0.06645154 0 0.9926719 0.1208409 3.71952e-4 0.9845902 0.1748773 4.96205e-4 0.9179296 0.3967432 -2.07595e-7 0.8948819 0.4463031 4.27466e-4 0.8698027 0.4933996 4.96199e-4 0.8179973 0.575222 0 0.7853718 0.6190243 3.77177e-4 0.7499078 0.6615423 3.54194e-4 0.5188943 0.8548384 0 0.4737263 0.8806722 3.71889e-4 0.4249333 0.9052246 4.65063e-4 0.2550513 0.9669275 0 0.2185572 0.9758242 0 0.1514657 0.9884626 0 0.1514643 0.9884628 0 0.08364903 0.9964954 4.28075e-4 -0.334368 0.9424425 0 -0.3841797 0.9232584 4.46258e-4 -0.4350177 0.9004219 3.71887e-4 -0.6296955 0.7768421 0 -0.6711729 0.7413009 3.71889e-4 -0.7106657 0.7035298 3.71883e-4 -0.7745746 0.6324825 -1.91629e-7 0.8462903 -0.532722 -3.57635e-4 0.8211624 -0.5706945 0 0.8079645 -0.5892313 0 0.7510371 -0.6602601 -5.36553e-4 0.7658615 -0.6430053 1.9163e-7 0.7202112 -0.693755 -3.57889e-4 0.6878714 -0.7258326 0 0.6711741 -0.7412999 0 0.6009917 -0.7992554 -3.39888e-4 0.6190216 -0.785374 0 0.5639901 -0.8257817 -4.16324e-4 0.5063239 -0.8623433 -4.16128e-4 0.5063164 -0.8623478 0 0.4463025 -0.8948823 -2.07786e-4 0.4050901 -0.9142768 0 0.3841785 -0.9232589 0 0.2986394 -0.954366 -5.16563e-4 0.3166843 -0.9485309 0 0.2548909 -0.9669698 -6.80091e-4 0.1883026 -0.9821109 -2.64376e-4 0.1746203 -0.9846358 0 0.1208399 -0.992672 -4.32491e-4 0.07553774 -0.9971429 0 0.05282533 -0.9986038 0 -0.03820526 -0.9992699 -2.69011e-4 -0.02680051 -0.9996408 0 -0.08365064 -0.9964952 -5.36223e-4 -0.1514564 -0.9884638 -5.36562e-4 -0.1514589 -0.9884634 -3.83251e-7 -0.2185539 -0.9758249 -5.36223e-4 -0.2846424 -0.9586337 -5.36176e-4 -0.2846466 -0.9586324 0 -0.3493995 -0.9369739 -5.36415e-4 -0.4125272 -0.9109452 -5.35976e-4 -0.4125228 -0.9109472 0 -0.4737299 -0.8806703 -5.36417e-4 -0.5327222 -0.8462901 -2.48843e-4 -0.542996 -0.8397353 6.80772e-5 -0.5781509 -0.81593 -2.26794e-4 -0.6254024 -0.7803024 0 -0.6429967 -0.765869 0 -0.693762 -0.7202045 0 -0.6937649 -0.7202016 0 -0.7563831 -0.654129 -4.86774e-4 -0.7334398 -0.6797544 0 -0.7853828 -0.6190105 -3.57636e-4 -0.812731 -0.5826391 0 -0.8257735 -0.5640019 0 -0.8623473 -0.5063174 0 -0.8948835 -0.4462999 0 -0.8948881 -0.4462906 0 -0.9317644 -0.3630634 -3.89931e-4 -0.9210405 -0.3894665 0 -0.9473228 -0.3202807 -3.59823e-4 -0.9669719 -0.2548828 -3.3101e-4 -0.9674316 -0.2531326 0 -0.9821115 -0.1883008 -5.36292e-4 -0.9926722 -0.1208377 -5.36359e-4 -0.9926707 -0.1208497 0 -0.9986034 -0.05283206 -3.40084e-4 -0.9998806 0.01545202 -7.52787e-4 -0.9999259 -0.01215285 0 -0.996496 0.08364117 -3.5773e-4 -0.9916548 0.1289222 0 -0.9884649 0.1514503 0 -0.9705977 0.2407079 -7.52536e-4 -0.9814848 0.1915389 0 -0.9586306 0.284653 -5.36129e-4 -0.9369747 0.3493968 -2.87727e-4 -0.9332374 0.3592604 0 -0.9109408 0.4125373 -2.26631e-4 -0.8912273 0.4535571 0 -0.8806718 0.473727 0 -0.8339444 0.5518486 -7.52549e-4 -0.8606743 0.5091553 1.91627e-7 -0.8079645 0.5892313 -5.36027e-4 -0.7658665 0.6429994 -2.87524e-4 -0.7590512 0.6510311 -1.48724e-7 -0.7201846 0.6937825 -3.57765e-4 -0.6878731 0.7258309 0 -0.6711778 0.7412965 0 -0.6009953 0.7992526 -2.87934e-4 -0.6107103 0.7918542 0 -0.5639896 0.825782 -3.39921e-4 -0.5063127 0.8623499 -3.28258e-4 -0.5056291 0.862751 0 -0.4462909 0.8948881 -3.04868e-4 -0.4050959 0.9142742 0 -0.3841836 0.9232567 0 -0.3202757 0.9473244 0 -0.3202802 0.9473229 0 -0.2548924 0.9669695 0 -0.2548873 0.9669708 0 -0.1659042 0.9861419 -3.10025e-4 -0.1868135 0.9823954 0 -0.1208453 0.9926714 -2.2647e-4 -0.07553756 0.997143 0 -0.05282485 0.9986038 0 0.03820073 0.9992701 -3.06174e-4 0.0165776 0.9998626 0 0.08365535 0.9964948 -6.47996e-4 0.1514645 0.9884625 -6.48851e-4 0.1514623 0.9884629 4.47855e-7 0.2185594 0.9758237 -6.06164e-4 0.2846421 0.9586338 -2.19677e-4 0.2985317 0.9543998 6.6614e-5 0.3368455 0.94156 -3.40044e-4 0.4125235 0.9109469 -7.52515e-4 0.3872011 0.9219951 0 0.4737246 0.8806731 -5.36415e-4 0.5327171 0.8462933 -2.57648e-4 0.5426915 0.8399321 0 0.589239 0.8079589 -2.16397e-4 0.6253991 0.7803051 0 0.6429949 0.7658705 0 0.7099785 0.7042234 -3.45656e-4 0.694224 0.719759 0 0.741286 0.6711893 -3.57633e-4 0.7710798 0.6367385 0 0.7853795 0.6190146 0 0.8384077 0.5450438 -2.76898e-4 0.8300548 0.5576817 0 0.8623428 0.5063249 -3.04979e-4 0.884498 0.466544 0 0.8948944 0.4462782 0 0.9232568 0.3841834 0 0.9232566 0.384184 0 0.9473227 0.3202808 0 0.9473181 0.3202945 0 0.9669734 0.2548772 0 0.9861414 0.1659078 -7.5267e-4 0.9765264 0.2153962 0 0.9926721 0.1208392 -3.57747e-4 0.9971435 0.07552933 0 0.9986045 0.05281168 0 0.9998808 -0.01544559 0 0.9998805 -0.01546114 0 0.9943338 -0.1063035 -7.52787e-4 0.9984255 -0.05609011 0 0.9884651 -0.1514497 -3.57698e-4 0.9805464 -0.1962873 0 0.9758217 -0.2185681 0 0.9519065 -0.3063889 -2.99022e-4 0.9578482 -0.2872748 0 0.9369763 -0.349393 -2.07787e-4 0.9201021 -0.3916785 0 0.9109371 -0.4125452 0 0.8696624 -0.493647 -7.52825e-4 0.8934366 -0.4491885 -0.3002452 -0.7954691 0.5263856 -0.3530002 -0.8338529 0.4243586 -0.4350898 -0.8436369 0.3146005 -0.3192685 -0.8512695 0.416423 -0.3358951 -0.8851444 0.3220156 -0.2829957 -0.9309201 0.2308706 -0.2637514 -0.9565409 0.1243579 -0.2843054 -0.9586194 0.01481133 -0.3349214 -0.9403097 -0.06037765 -0.3175305 -0.9412993 -0.1145877 -0.3314402 -0.912314 -0.2404801 -0.3322592 -0.9116516 -0.2418581 -0.2807137 -0.8942962 -0.3484743 -0.2685169 -0.8620218 -0.4299038 -0.2747258 -0.8291682 -0.4868327 -0.3081704 -0.7632365 -0.5678918 -0.314045 -0.7716113 -0.5531653 -0.3128978 -0.7183962 -0.6212906 -0.3538765 -0.6088891 -0.7099477 -0.405761 -0.6340845 -0.6582514 -0.3435098 -0.587346 -0.7328203 -0.297909 -0.5085357 -0.8078625 -0.3043454 -0.3929577 -0.8677316 -0.3698575 -0.264459 -0.8906553 -0.3943639 -0.2368327 -0.8879119 -0.3667402 -0.1409049 -0.919591 -0.3793391 -0.03534865 -0.9245823 -0.3720505 -0.05250489 -0.9267264 -0.2997535 0.07206165 -0.9512912 -0.2719174 0.1812079 -0.9451057 -0.2964828 0.2852092 -0.911457 -0.3565973 0.3784632 -0.8541686 -0.3625933 0.3836739 -0.8493059 -0.3100401 0.4813752 -0.8198494 -0.3007657 0.5731651 -0.7622478 -0.3269634 0.6500672 -0.6859357 -0.3751483 0.6972309 -0.610846 -0.3763871 0.6958113 -0.6117021 -0.3256533 0.7764011 -0.5395844 -0.3107704 0.8266014 -0.4692035 -0.3264372 0.8696957 -0.3702272 -0.3109805 0.8613642 -0.4016751 -0.2631173 0.9183654 -0.2955917 -0.2585477 0.947206 -0.1896153 -0.2861741 0.9524233 -0.1048539 -0.2845654 0.9532245 -0.1019105 -0.270802 0.9625199 -0.01489073 -0.2778501 0.9578801 0.07256156 -0.3156265 0.9359943 0.1558673 -0.3145456 0.9360879 0.1574816 -0.2861517 0.9265369 0.2442267 -0.2798413 0.9094728 0.3074867 -0.2891093 0.883835 0.3677656 -0.3212073 0.8376291 0.4418186 -0.3229274 0.8360055 0.4436358 -0.2803052 0.8047884 0.5232064 -0.2640663 0.7437146 0.6141316 -0.2831775 0.6809145 0.6754007 -0.3886538 0.5072259 0.7692011 -0.3763388 0.5794239 0.7229365 -0.3648748 0.6005028 0.7115215 -0.289613 0.5098913 0.8100218 -0.2728543 0.3968716 0.8763809 -0.3216399 0.25376 0.9122245 -0.3355046 0.2681438 0.9030701 -0.2862415 0.1451284 0.9471027 -0.2953416 0.03649574 0.9546945 -0.3407841 -0.07101494 0.9374557 -0.3594578 -0.09513682 0.928299 -0.331692 -0.1565133 0.930314 -0.3191269 -0.2415633 0.9164088 -0.3229489 -0.3031104 0.8965646 -0.3550015 -0.4148762 0.8377659 -0.3861878 -0.3736679 0.8433454 -0.3370807 -0.4766866 0.8118785 -0.3275368 -0.6167843 0.7157492 -0.3908063 -0.5532041 0.7356873 -0.3206859 -0.6515439 0.6874964 -0.2841987 -0.7342873 0.6164847 0.009317994 -0.9378107 0.3470221 0.01357853 0.9437551 -0.3303667 0.01431238 -0.7842209 0.6203166 0.02247428 -0.978475 0.2051381 0.02923631 0.9961825 -0.08225446 0.01253449 -0.6432203 0.7655787 0.01012468 -0.5639591 0.8257407 0.01017469 -0.5276027 0.8494304 0.008112847 -0.5861513 0.810161 0.2394649 -0.4471518 0.8618073 0.04916936 0.702589 0.7098951 0.02511602 -0.08770793 0.9958297 0.01778382 -0.2012432 0.97938 0.02165251 -0.2912718 0.9563953 0.01624166 -0.001608371 0.9998669 0.01497048 -0.1349532 0.9907389 0.01841849 -0.05218315 0.9984678 0.01679748 -0.07252824 0.997225 0.03087794 -0.8910343 -0.4528846 0.2345317 0.1472424 0.9608927 0.02630525 0.2366895 -0.9712292 0.01733738 0.3287695 0.944251 0.01348924 0.391913 0.9199034 0.01944506 -0.04828131 0.9986445 0.03457438 0.1485729 -0.9882969 0.02473819 0.5734836 0.8188434 0.01737302 0.6476185 0.7617667 0.01279407 0.7284106 0.6850214 0.01349323 0.6756591 0.7370908 0.01078379 0.541503 0.8406297 0.3343586 0.7484014 0.5727999 0.01382982 0.9339699 0.3570839 0.02264088 0.592055 0.8055796 0.03092235 -0.5220684 -0.852343 0.01579904 0.8950724 0.4456411 0.007286369 0.9665899 0.2562248 0.007277667 0.9669492 0.2548654 0.006083667 0.9504128 0.3109318 0.3337795 0.9330403 0.1342653 0.02202624 0.8801754 -0.4741373 0.02308893 0.9996137 -0.0154733 0.01320713 0.9565013 0.2914294 0.01152408 0.9838592 0.1785731 0.01640403 -0.9766829 -0.2140597 0.01188647 0.9688848 -0.2472265 0.01474362 0.9882255 -0.1522924 0.01365762 0.9368825 -0.3493777 0.02016735 0.8186869 -0.573886 0.01203149 0.9087295 -0.4172122 0.02361655 0.9946846 0.1002251 0.2524327 0.7945684 -0.5522127 0.3056039 0.7538838 -0.5816061 0.251538 0.726887 -0.6390337 0.03893703 -0.4859051 -0.873144 0.0140165 0.6189598 -0.7852976 0.01445907 0.6133864 -0.7896507 0.0401805 0.7292875 0.6830266 0.04563367 -0.4874532 -0.8719559 0.007913887 0.5760756 -0.8173582 0.3020535 0.3752309 -0.8763364 0.2338067 0.2903605 -0.9279145 0.04005861 -0.9792078 0.1988657 0.02226364 -0.02123767 -0.9995265 0.03045392 0.7629829 -0.6457011 0.04129576 -0.8630949 0.5033506 0.02958124 -0.003354191 -0.9995568 0.03005212 0.7047424 0.7088266 0.2780404 -0.1885554 -0.9418813 0.2953181 -0.2927213 -0.9094512 0.3583729 -0.36567 -0.8589845 0.409067 -0.3936717 -0.8232175 0.007746279 -0.6335 -0.7737039 0.009197473 -0.5781202 -0.8158998 0.0113098 -0.7189742 -0.6949448 0.00709486 -0.6149548 -0.7885306 0.01408129 -0.6859161 -0.7275444 0.0199939 -0.4154841 -0.9093807 0.2793766 -0.7868291 -0.550317 0.008502721 -0.8937017 -0.4485811 0.008253097 -0.8981835 -0.4395433 0.007640123 -0.8613676 -0.5079247 0.03408533 -0.9909601 0.1297549 0.00963813 -0.9266395 -0.3758278 0.008880794 -0.9472848 -0.3202701 0.01026445 -0.9849824 -0.1723495 0.01896041 -0.9349059 -0.354389 0.03017902 -0.5412775 -0.8403022 0.0369631 0.3543556 0.9343799 0.009157896 -0.9823524 -0.1868158 0.2983155 -0.9544672 3.96887e-4 0.02093106 -0.7852361 0.6188427 0.008686602 -0.9995483 0.02877295 0.4092819 -0.8627381 0.2969365 0.007419526 -0.8693603 0.4941231 0.01163041 -0.9108836 0.4124994 0.01029151 -0.8806269 0.4736986 0.5655173 0.6529926 -0.5037766 0.4116494 0.5581343 -0.720438 0.4829357 0.3453158 -0.8046926 0.5398411 0.2870376 -0.791316 0.399748 -0.3939672 -0.8276422 0.4900194 -0.569986 -0.659543 0.5894438 -0.5944607 -0.5469666 0.4367163 -0.7536993 -0.4911379 0.3955219 -0.8235766 -0.4065515 0.4476245 -0.8627317 -0.235216 0.3580197 -0.8837782 0.3012608 0.4591068 -0.7270208 0.5105506 0.5911947 -0.6065505 0.5315877 0.4100394 -0.5612388 0.7189428 0.358644 -0.430963 0.8280371 0.4397988 -0.2418293 0.8649252 0.4946655 0.07398492 0.8659286 0.4419213 0.2338054 0.8660488 0.6137417 0.4201537 0.668425 0.4764428 0.7081333 0.5211041 0.3923435 0.8487216 0.3545957 0.466682 0.8618281 0.1986466 0.4390088 0.8901607 -0.1220048 0.3957054 0.9008101 -0.1787694 0.3949546 0.8362617 -0.3803647 0.5399969 0.655346 -0.5281336 0.6563259 -0.7543832 0.01193499 0.5993338 -0.7993404 0.04306113 0.9985812 -0.03348094 0.04140996 0.9986047 -0.01989477 0.04891771 0.7381152 0.4196548 0.5282764 0.9992965 0.02103894 0.03104829 0.953087 0.08827412 -0.2895391 0.942966 0.1691399 0.2867175 0.9995418 0.009894073 -0.02860897 0.9777313 -0.1585977 -0.137435 0.9830555 0.1632187 -0.08343541 0.6768972 -0.1117818 -0.7275404 0.999674 -0.02091354 -0.01464426 0.9991027 -0.04037141 0.01280891 0.6787711 -0.06544125 0.7314282 -0.9986756 0.02230513 -0.046364 -0.9986704 0.03081578 -0.04132682 -0.9770812 0.06529158 -0.2026063 -0.9969361 -0.003680646 -0.07813501 -0.861762 0.4441534 0.245141 -0.9211782 -0.296374 0.2521772 -0.8660095 -0.4990977 0.03048038 -0.9557448 -0.1414047 -0.2579858 -0.9385711 0.3138775 0.1434066 -0.998415 0.03304833 0.04555606 -0.9981223 0.06101739 -0.005360841 -0.9046611 0.2261319 0.3611825 -0.69116 0.191025 0.6969988 -0.8139591 -0.02804881 0.5802447 -0.9948594 -0.08829671 0.04958426 -0.9968601 -0.04934376 0.06192976 -0.9967241 -0.04162073 0.06934571 -0.9985783 -0.04731076 -0.02455925 -0.9390139 -0.3167032 -0.1339855 -0.9985754 -0.05000132 -0.0186339 -0.7519183 0.6514251 0.101313 -0.7227553 0.6869538 -0.07562714 -0.8615545 0.4842081 -0.1525333 -0.9989293 -0.02613353 -0.03817576 0 1 -2.42951e-6 0 1 3.68215e-6 0 1 -6.87191e-7 0 1 3.77377e-6 0 1 -4.34579e-6 0 1 2.65166e-6 0 1 -2.23004e-6 0 1 -1.68035e-6 0 1 3.64881e-6 -0.6986123 0.7154566 0.007929205 -0.6821707 0.7177541 -0.1395432 -0.6259362 0.7455864 -0.2287027 -0.6294093 0.7320296 -0.2607235 -0.5886788 0.7101881 -0.3861221 -0.5173621 0.7183256 -0.4651289 -0.4895626 0.7278931 -0.4801043 -0.4423055 0.7091401 -0.5490777 -0.3675798 0.7030879 -0.6087303 -0.2428092 0.7312316 -0.6374513 -0.2242828 0.7220504 -0.6544772 -0.07201015 0.7099475 -0.7005634 0.0258162 0.7436849 -0.6680317 0.07027232 0.7268561 -0.6831852 0.1817893 0.7117171 -0.6785363 0.2579071 0.7111631 -0.6540116 0.3518236 0.7326579 -0.5826084 0.3525967 0.7333047 -0.5813258 0.4634466 0.7090173 -0.5315183 0.5348342 0.7137505 -0.4522307 0.5777066 0.7436688 -0.3364697 0.5753384 0.7260721 -0.3765701 0.6451023 0.7093818 -0.2839376 0.6815079 0.7100608 -0.1770895 0.6774242 0.7306429 -0.08519083 0.6718797 0.7344549 -0.09567546 0.6972707 0.716686 0.01322203 0.6815036 0.7223194 0.1175054 0.671077 0.7288592 0.1357205 0.6690414 0.7087979 0.2235825 0.6303337 0.7084023 0.3175622 0.5530918 0.72276 0.414376 0.562025 0.749139 0.3505976 0.5289231 0.7212677 0.4472284 0.4680409 0.7140614 0.5206286 0.3890655 0.7278024 0.5647404 0.3860551 0.728724 0.5656173 0.2959017 0.7029936 0.6467166 0.1926104 0.7123557 0.6748709 0.155285 0.7256728 0.6702877 0.05057084 0.7053618 0.7070413 -0.06077599 0.716854 0.6945694 -0.1106156 0.7342984 0.6697539 -0.164497 0.719273 0.6749719 -0.2892965 0.7065351 0.6458451 -0.3813405 0.7315829 0.5651248 -0.3886245 0.728584 0.5640358 -0.5136403 0.7093495 0.4826977 -0.5849273 0.7276389 0.3583319 -0.5541443 0.7428639 0.3756027 -0.6171659 0.7227931 0.3109284 -0.6564047 0.7146314 0.2417332 -0.683376 0.7176761 0.1339343 -0.6718912 0.736514 0.0781632 -0.9961933 0 -0.08717244 -0.9961933 0 -0.08717238 -0.9637522 0 -0.2667989 -0.9637513 0 -0.2668025 -0.9094807 0 -0.4157462 -0.9094809 0 -0.415746 -0.8141851 0 -0.5806054 -0.8277722 -0.003209173 -0.5610551 -0.7436338 -5.85438e-4 -0.6685869 -0.7175079 -0.004278421 -0.6965372 -0.6571993 0 -0.7537169 -0.5610755 0 -0.8277648 -0.5611003 0 -0.827748 -0.4139958 0 -0.9102789 -0.4430914 -0.004968941 -0.8964627 -0.3025488 8.79061e-4 -0.9531335 -0.2367285 -0.003513038 -0.9715695 -0.169925 8.78657e-4 -0.9854566 -0.05122816 -0.003731727 -0.99868 -0.03413802 -0.001753926 -0.9994156 0.1022732 3.03452e-7 -0.9947564 0.1392528 -0.003354609 -0.9902512 0.2145926 5.86713e-4 -0.9767036 0.3025121 -0.001758098 -0.953144 0.3241285 0 -0.9460131 0.4573011 0 -0.8893119 0.4294465 -0.004388868 -0.9030818 0.5741425 0.002076566 -0.8187529 0.5920879 -1.95723e-4 -0.8058733 0.7177476 0.001947283 -0.6963006 0.6963031 -0.001947999 -0.7177453 0.7828555 -2.9366e-4 -0.6222036 0.8435586 -0.007019162 -0.5369914 0.8569243 -0.00375998 -0.5154288 0.9094954 5.85839e-4 -0.4157137 0.9531077 -0.008766949 -0.3025045 0.9642089 -0.003759741 -0.2651177 0.9879266 5.86253e-4 -0.1549214 0.9947544 -0.003515064 -0.1022323 0.9999862 0.002009689 0.004860699 0.9961951 -0.001172065 0.08714306 0.9882116 0.003950536 0.1530436 0.9673706 -0.003950119 0.2533348 0.9484426 0.001171827 0.3169466 0.9094738 -0.002929091 0.4157511 0.9030897 -0.001758396 0.4294486 0.8602718 5.86458e-4 0.5098355 0.8361868 -0.001758694 0.5484421 0.7875509 0.002537906 0.6162444 0.7436544 -0.001854777 0.6685616 0.6962829 0.001660048 0.7177655 0.6286709 -0.004154562 0.7776604 0.5859322 0 0.8103601 0.5098319 0 0.8602742 0.5098116 0 0.8602862 0.3809374 0 0.9246009 0.2201219 0 0.9754724 0.251505 -0.004970312 0.9678432 0.07132685 0.002076745 0.9974509 0.002646267 -0.004992127 0.9999841 -0.08718544 7.80289e-4 0.9961919 -0.2060375 -0.005399823 0.9785292 -0.2145906 -0.004386484 0.9766943 -0.3241282 -6.80994e-7 0.9460132 -0.4417347 -0.004911363 0.8971323 -0.4431208 -0.004673242 0.8964498 -0.5792275 0.00143814 0.8151647 -0.6331213 -0.005534112 0.774033 -0.7071015 8.79766e-4 0.7071115 -0.7776644 -0.003194034 0.6286717 -0.796807 0 0.6042341 -0.8789923 0 0.4768362 -0.8716611 -0.001754462 0.4901059 -0.9216887 -2.93245e-4 0.3879303 -0.9478242 -0.005049943 0.3187535 -0.9678581 0.001270234 0.2514941 -0.9947538 -0.002633333 0.1022642 -0.9963596 0 0.08525067 -0.9999284 0.003804147 0.01135039 -0.9963556 -0.002851724 0.08525031 -0.9813221 0.004096329 0.1923283 -0.9678579 -0.001367866 0.251494 -0.9383882 0.001172542 0.3455811 -0.9216881 -0.001172721 0.3879301 -0.8930629 5.86293e-4 0.4499315 -0.871661 -0.001758396 0.4901061 -0.8277681 0.002538919 0.5610647 -0.7967996 -8.78592e-4 0.6042432 -0.7287085 0.003194868 0.6848166 -0.7071122 0 0.7071015 -0.5673758 0 0.8234591 -0.5792074 0.002228617 0.8151772 -0.443111 1.95536e-4 0.8964667 -0.4087941 0.004098951 0.9126174 -0.3241044 -5.85818e-4 0.9460212 -0.2367717 0.001758098 0.9715638 -0.214618 0 0.9766981 -0.08718532 0 0.9961922 -0.08714991 0 0.9961952 0.07132703 0 0.997453 0.07135611 0 0.997451 0.2744389 0 0.9616046 0.2514734 0.00320816 0.9678589 0.3809375 5.84711e-4 0.9246006 0.4160451 0.004278302 0.909334 0.5098314 -0.001172959 0.8602735 0.5673392 5.86245e-4 0.823484 0.5859321 -5.86265e-4 0.81036 0.6685587 0.002147912 0.7436562 0.6962834 -0.001270115 0.7177659 0.7636075 0.001270055 0.6456797 0.7875517 -0.002147197 0.616245 0.8484472 5.86808e-4 0.5292796 0.8602716 -5.86458e-4 0.5098358 0.8930733 0.0011729 0.4499098 0.9030761 0 0.4294807 0.9484416 0 0.316952 0.9484398 0 0.3169574 0.9854596 0 0.1699105 0.9882169 -0.002195298 0.1530445 0.9998195 0.001269876 0.0189591 0.9999882 0 0.004860699 0.9900128 0 -0.1409781 0.9879256 -0.001269936 -0.1549242 0.967859 0.001269996 -0.2514901 0.9642157 0 -0.2651194 0.9152633 0 -0.4028562 0.9094917 -0.001269817 -0.4157202 0.864117 0.001269996 -0.5032894 0.856936 0 -0.5154228 0.7636155 0 -0.6456713 0.782851 0.003512501 -0.6221992 0.6962941 -0.001465022 -0.7177551 0.6572083 0.002633452 -0.7537045 0.5741316 -0.002794623 -0.8187583 0.5169168 0.003355324 -0.8560291 0.4294666 -0.001758217 -0.9030811 0.3668619 0.001758158 -0.9302738 0.3241044 -5.86302e-4 -0.9460212 0.2588444 0.001172661 -0.9659183 0.2145921 -0.001173377 -0.9767031 0.1022759 0.001757144 -0.9947546 0.1022731 0.001754105 -0.9947548 -0.03413802 0.001754105 -0.9994156 -0.1022525 0.008767008 -0.9947199 -0.1699053 0.001753866 -0.9854589 -0.3025487 0.001753866 -0.9531323 -0.3241497 0.004097223 -0.945997 -0.4431098 -0.00253874 -0.8964638 -0.5169177 0.002874612 -0.8560304 -0.5610876 -0.001172482 -0.8277557 -0.6273149 0.002009332 -0.7787631 -0.657199 0 -0.7537173 -0.7436497 0 -0.6685696 -0.7436499 0 -0.6685693 -0.836183 0 -0.5484507 -0.8277695 0.001947283 -0.561065 -0.9094839 -1.95428e-4 -0.4157392 -0.9238645 0.003510892 -0.3827039 -0.9637485 -0.002794861 -0.2667979 -0.979707 0.003354728 -0.2004074 -0.9961901 -0.002538442 -0.08717215 0 -1 -1.46867e-6 0 -1 1.58981e-6 0 -1 -3.35518e-6 0 -1 3.33895e-6 0 -1 -4.08624e-7 0 -1 -1.08112e-6 0 -1 -1.10128e-5 0 -1 9.35242e-7 0 -1 3.55161e-6 0 -1 -6.81431e-7 0 -1 -9.71271e-7 0 -1 1.68629e-6 -0.643764 -0.7623572 0.06617867 -0.5433603 -0.8193699 0.1827366 -0.404787 -0.8876518 0.2195945 -0.4771814 -0.8515561 0.2171408 -0.5213724 -0.7419763 0.4214761 -0.4443759 -0.7123024 0.543282 -0.2355387 -0.8163661 0.5273216 -0.2379847 -0.842471 0.4833282 -0.1345046 -0.7575268 0.6387972 0.001665234 -0.7747611 0.632252 0.1108139 -0.8640604 0.4910398 0.08447426 -0.8134641 0.5754479 0.2600599 -0.7306587 0.6312739 0.3488032 -0.7293303 0.5885692 0.4516659 -0.789101 0.4163146 0.285995 -0.890532 0.3537793 0.40836 -0.8357489 0.3671048 0.5094813 -0.7929443 0.3341681 0.5661771 -0.7825971 0.2588147 0.5530756 -0.8204446 0.1448387 0.4669259 -0.8831043 0.04590421 0.4750018 -0.8790034 0.0415492 0.5734756 -0.8171001 -0.05893462 0.5963623 -0.780081 -0.1892768 0.4364593 -0.8557503 -0.2778394 0.4283816 -0.8599404 -0.2774737 0.4502529 -0.7787583 -0.4368156 0.4024031 -0.7335458 -0.5477064 0.3016166 -0.7516517 -0.5865555 0.1690055 -0.8294262 -0.5324373 0.2053837 -0.8014997 -0.5616191 0.09786993 -0.7112442 -0.6960985 -0.03564888 -0.7177554 -0.6953822 -0.1554868 -0.8262421 -0.5414314 -0.124915 -0.8494629 -0.5126491 -0.2589727 -0.7801857 -0.5694239 -0.3545768 -0.7750148 -0.5230941 -0.4042887 -0.8261438 -0.3924757 -0.4011948 -0.8354685 -0.3755466 -0.5207227 -0.7687325 -0.3713467 -0.6278155 -0.7235276 -0.2869768 -0.637662 -0.7498169 -0.1765274 -0.5616253 -0.8243598 -0.07076835 -0.588456 -0.806888 -0.05149209 -0.8009672 0 -0.5987085 -0.8009723 0 -0.5987015 -0.1180162 0 -0.9930118 -0.9189807 0 0.3943029 -0.9189763 0 0.394313 -0.9189783 0 -0.3943081 -0.1180018 0 0.9930135 0.8009673 0 0.5987082 0.1180018 0 0.9930135 0.9189783 0 -0.3943081 0.9189763 0 0.394313 0.9189807 0 0.3943029 0.1180162 0 -0.9930118 0.8009723 0 -0.5987015 0.8009673 0 -0.5987082 0 -1 4.26944e-6 0 -1 -2.13472e-6</float_array>
          <technique_common>
            <accessor source="#inner_finger-mesh-normals-array" count="8705" stride="3">
              <param name="X" type="float"/>
              <param name="Y" type="float"/>
              <param name="Z" type="float"/>
            </accessor>
          </technique_common>
        </source>
        <vertices id="inner_finger-mesh-vertices">
          <input semantic="POSITION" source="#inner_finger-mesh-positions"/>
        </vertices>
        <triangles count="9999">
          <input semantic="VERTEX" source="#inner_finger-mesh-vertices" offset="0"/>
          <input semantic="NORMAL" source="#inner_finger-mesh-normals" offset="1"/>
          <p>0 0 1 0 2 0 0 1 2 1 3 1 3 2 2 2 4 2 4 3 2 3 5 3 4 4 5 4 6 4 6 5 5 5 7 5 6 6 7 6 8 6 8 7 7 7 9 7 9 8 7 8 10 8 9 9 10 9 11 9 11 10 10 10 12 10 11 11 12 11 13 11 13 12 12 12 14 12 13 13 14 13 15 13 15 14 14 14 16 14 16 15 14 15 17 15 16 16 17 16 18 16 18 17 17 17 19 17 18 18 19 18 20 18 20 19 19 19 21 19 20 20 21 20 22 20 22 21 21 21 23 21 22 22 23 22 24 22 24 23 23 23 25 23 25 24 23 24 26 24 25 25 26 25 27 25 27 26 26 26 28 26 28 27 26 27 29 27 28 28 29 28 30 28 30 29 29 29 31 29 31 30 29 30 32 30 31 31 32 31 33 31 33 32 32 32 34 32 33 33 34 33 35 33 35 34 34 34 36 34 35 35 36 35 37 35 37 36 36 36 38 36 38 37 36 37 39 37 38 38 39 38 40 38 40 39 39 39 41 39 40 40 41 40 42 40 42 41 41 41 43 41 43 42 41 42 44 42 43 43 44 43 45 43 45 44 44 44 46 44 45 45 46 45 47 45 47 46 46 46 48 46 47 47 48 47 49 47 49 48 48 48 50 48 49 49 50 49 51 49 51 50 50 50 52 50 52 51 50 51 53 51 52 52 53 52 54 52 54 53 53 53 55 53 54 54 55 54 56 54 56 55 55 55 1 55 56 56 1 56 57 56 57 57 1 57 0 57 30 58 58 58 59 58 30 59 59 59 28 59 28 60 59 60 60 60 28 61 60 61 27 61 27 62 60 62 25 62 25 63 60 63 61 63 25 64 61 64 24 64 24 65 61 65 22 65 22 66 61 66 62 66 22 67 62 67 20 67 20 68 62 68 63 68 20 69 63 69 18 69 18 70 63 70 64 70 18 71 64 71 16 71 16 72 64 72 65 72 16 73 65 73 15 73 15 74 65 74 13 74 13 75 65 75 66 75 13 76 66 76 11 76 11 77 66 77 67 77 11 78 67 78 9 78 9 79 67 79 68 79 9 80 68 80 8 80 8 81 68 81 6 81 6 82 68 82 69 82 6 83 69 83 4 83 4 84 69 84 70 84 4 85 70 85 3 85 3 86 70 86 71 86 3 87 71 87 0 87 0 88 71 88 57 88 57 89 71 89 72 89 57 90 72 90 56 90 56 91 72 91 73 91 56 92 73 92 54 92 54 93 73 93 74 93 54 94 74 94 52 94 52 95 74 95 75 95 52 96 75 96 51 96 51 97 75 97 76 97 51 98 76 98 49 98 49 99 76 99 47 99 47 100 76 100 77 100 47 101 77 101 78 101 47 102 78 102 45 102 45 103 78 103 43 103 43 104 78 104 79 104 43 105 79 105 42 105 42 106 79 106 80 106 42 107 80 107 40 107 40 108 80 108 81 108 40 109 81 109 38 109 38 110 81 110 82 110 38 111 82 111 37 111 37 112 82 112 83 112 37 113 83 113 35 113 35 114 83 114 84 114 35 115 84 115 33 115 33 116 84 116 85 116 33 117 85 117 31 117 31 118 85 118 58 118 31 119 58 119 30 119 86 120 87 120 88 120 88 120 87 120 89 120 88 120 89 120 90 120 90 121 89 121 91 121 92 122 93 122 89 122 93 123 92 123 94 123 94 120 92 120 95 120 94 124 95 124 96 124 96 125 95 125 97 125 96 126 97 126 98 126 98 127 97 127 99 127 98 120 99 120 100 120 100 120 99 120 101 120 100 120 101 120 102 120 102 120 101 120 103 120 103 128 101 128 104 128 103 129 104 129 105 129 103 120 105 120 106 120 106 130 105 130 107 130 106 120 107 120 108 120 106 120 108 120 109 120 109 131 108 131 110 131 109 132 110 132 111 132 109 120 111 120 112 120 112 133 111 133 113 133 112 134 113 134 114 134 114 135 113 135 115 135 116 120 117 120 107 120 107 136 117 136 118 136 119 120 120 120 116 120 116 137 120 137 121 137 120 120 119 120 122 120 122 138 119 138 123 138 119 139 124 139 123 139 123 120 124 120 125 120 125 120 124 120 126 120 125 140 126 140 127 140 127 141 126 141 128 141 127 120 128 120 129 120 127 120 129 120 130 120 130 142 129 142 131 142 131 120 129 120 132 120 131 120 132 120 133 120 133 120 132 120 134 120 133 143 134 143 135 143 135 144 134 144 136 144 135 145 136 145 137 145 137 146 136 146 138 146 138 120 136 120 139 120 139 147 136 147 140 147 140 120 136 120 141 120 140 120 141 120 142 120 140 148 142 148 143 148 140 120 143 120 144 120 144 149 143 149 145 149 144 120 145 120 146 120 146 120 145 120 147 120 147 120 145 120 148 120 147 120 148 120 149 120 149 120 148 120 150 120 149 150 150 150 151 150 151 151 150 151 152 151 151 120 152 120 153 120 151 120 153 120 154 120 154 120 153 120 155 120 154 152 155 152 156 152 154 153 156 153 157 153 157 120 156 120 158 120 157 154 158 154 159 154 159 120 158 120 160 120 159 155 160 155 161 155 161 156 160 156 162 156 161 157 162 157 163 157 163 120 162 120 164 120 163 120 164 120 165 120 165 120 164 120 166 120 165 158 166 158 167 158 167 159 166 159 168 159 167 120 168 120 169 120 169 120 168 120 170 120 170 160 168 160 122 160 170 120 122 120 171 120 171 120 122 120 172 120 172 120 122 120 123 120 173 120 174 120 168 120 168 161 174 161 175 161 174 120 173 120 176 120 176 162 173 162 177 162 177 120 173 120 178 120 177 120 178 120 179 120 179 120 178 120 180 120 180 120 178 120 181 120 181 120 178 120 182 120 182 120 178 120 183 120 183 120 178 120 184 120 184 120 178 120 185 120 185 120 178 120 186 120 186 120 178 120 187 120 187 120 178 120 188 120 187 120 188 120 189 120 189 163 188 163 190 163 189 120 190 120 191 120 191 120 190 120 192 120 192 120 190 120 193 120 193 164 190 164 194 164 194 165 190 165 195 165 194 166 195 166 196 166 196 120 195 120 197 120 197 167 195 167 198 167 197 120 198 120 199 120 199 168 198 168 200 168 200 169 198 169 201 169 200 120 201 120 202 120 202 120 201 120 203 120 203 170 201 170 204 170 203 120 204 120 205 120 205 120 204 120 206 120 206 171 204 171 114 171 206 120 114 120 115 120 207 120 208 120 178 120 178 172 208 172 209 172 210 120 211 120 207 120 207 120 211 120 212 120 211 120 210 120 213 120 213 173 210 173 214 173 213 174 214 174 215 174 213 175 215 175 216 175 216 120 215 120 217 120 217 120 215 120 218 120 218 120 215 120 219 120 218 120 219 120 220 120 220 120 219 120 221 120 213 120 216 120 222 120 222 176 216 176 223 176 222 177 223 177 224 177 222 120 224 120 225 120 225 178 224 178 226 178 225 179 226 179 227 179 225 180 227 180 228 180 225 120 228 120 229 120 229 181 228 181 230 181 229 182 230 182 231 182 231 183 230 183 232 183 231 184 232 184 233 184 231 185 233 185 234 185 234 186 233 186 235 186 234 187 235 187 236 187 234 120 236 120 237 120 237 188 236 188 238 188 237 189 238 189 239 189 237 120 239 120 240 120 240 190 239 190 90 190 240 191 90 191 91 191 107 192 241 192 242 192 107 193 242 193 108 193 175 120 243 120 168 120 243 194 244 194 168 194 168 195 244 195 245 195 168 196 245 196 246 196 168 120 246 120 247 120 168 197 247 197 248 197 248 120 249 120 168 120 168 120 249 120 122 120 116 198 121 198 250 198 250 199 251 199 116 199 251 200 252 200 116 200 252 201 253 201 116 201 116 202 253 202 254 202 254 120 255 120 116 120 116 203 255 203 117 203 118 204 256 204 107 204 107 205 256 205 257 205 107 206 257 206 241 206 93 120 258 120 89 120 89 120 258 120 91 120 212 120 259 120 207 120 207 207 259 207 260 207 207 120 260 120 208 120 209 208 188 208 178 208 261 209 262 209 263 209 263 210 262 210 264 210 263 211 264 211 265 211 265 212 264 212 266 212 265 213 266 213 267 213 267 214 266 214 268 214 267 215 268 215 269 215 269 216 268 216 270 216 269 217 270 217 271 217 262 218 261 218 272 218 272 219 261 219 273 219 272 220 273 220 274 220 274 221 273 221 275 221 274 222 275 222 276 222 276 223 275 223 277 223 276 224 277 224 278 224 278 225 277 225 279 225 278 226 279 226 280 226 280 227 279 227 281 227 280 228 281 228 282 228 282 229 281 229 283 229 283 230 281 230 284 230 283 231 284 231 285 231 285 232 284 232 286 232 285 233 286 233 287 233 287 234 286 234 288 234 287 235 288 235 289 235 289 236 288 236 290 236 289 237 290 237 291 237 291 238 290 238 292 238 291 239 292 239 293 239 293 240 292 240 294 240 293 241 294 241 295 241 295 242 294 242 296 242 295 243 296 243 297 243 297 244 296 244 298 244 297 245 298 245 299 245 299 246 298 246 300 246 299 247 300 247 301 247 301 248 300 248 302 248 302 249 300 249 303 249 302 250 303 250 304 250 304 251 303 251 305 251 304 252 305 252 306 252 306 253 305 253 307 253 307 254 305 254 308 254 307 255 308 255 309 255 309 256 308 256 310 256 309 257 310 257 311 257 311 258 310 258 312 258 311 259 312 259 313 259 313 260 312 260 314 260 313 261 314 261 315 261 315 262 314 262 316 262 316 263 314 263 317 263 316 264 317 264 318 264 318 265 317 265 319 265 318 266 319 266 320 266 320 267 319 267 321 267 320 268 321 268 322 268 322 269 321 269 323 269 322 270 323 270 324 270 324 271 323 271 325 271 325 272 323 272 326 272 325 273 326 273 327 273 327 274 326 274 328 274 327 275 328 275 329 275 329 276 328 276 330 276 330 277 328 277 331 277 330 278 331 278 332 278 332 279 331 279 333 279 332 280 333 280 334 280 334 281 333 281 335 281 334 282 335 282 336 282 336 283 335 283 337 283 336 284 337 284 338 284 338 285 337 285 339 285 339 286 337 286 340 286 339 287 340 287 341 287 341 288 340 288 342 288 342 289 340 289 343 289 342 290 343 290 344 290 344 291 343 291 345 291 344 292 345 292 346 292 346 293 345 293 347 293 347 294 345 294 348 294 347 295 348 295 349 295 349 296 348 296 350 296 349 297 350 297 351 297 351 298 350 298 352 298 351 299 352 299 353 299 353 300 352 300 354 300 353 301 354 301 355 301 355 302 354 302 356 302 355 303 356 303 357 303 357 304 356 304 358 304 357 305 358 305 359 305 359 306 358 306 360 306 359 307 360 307 361 307 361 308 360 308 362 308 362 309 360 309 363 309 362 310 363 310 364 310 364 311 363 311 365 311 365 312 363 312 366 312 365 313 366 313 367 313 367 314 366 314 368 314 367 315 368 315 269 315 269 316 368 316 267 316 369 317 370 317 371 317 369 318 371 318 372 318 372 319 371 319 373 319 373 320 371 320 374 320 373 321 374 321 375 321 375 322 374 322 376 322 376 323 374 323 377 323 376 324 377 324 378 324 370 325 379 325 371 325 371 326 379 326 374 326 374 327 379 327 377 327 376 328 378 328 380 328 376 329 380 329 381 329 381 330 380 330 382 330 381 331 382 331 278 331 381 226 278 226 280 226 383 332 367 332 384 332 384 333 367 333 385 333 385 334 367 334 269 334 385 335 269 335 271 335 278 336 382 336 386 336 278 337 386 337 387 337 278 338 387 338 276 338 276 339 387 339 388 339 276 340 388 340 274 340 274 341 388 341 389 341 274 342 389 342 272 342 272 343 389 343 262 343 262 344 389 344 390 344 262 345 390 345 391 345 262 346 391 346 264 346 264 347 391 347 266 347 266 348 391 348 392 348 266 349 392 349 270 349 266 350 270 350 268 350 367 351 383 351 393 351 367 352 393 352 394 352 367 353 394 353 395 353 395 354 394 354 396 354 396 355 394 355 397 355 396 356 397 356 398 356 398 357 397 357 399 357 398 358 399 358 400 358 400 359 399 359 401 359 400 360 401 360 402 360 402 361 401 361 369 361 402 362 369 362 372 362 393 363 403 363 394 363 394 364 403 364 397 364 403 365 404 365 397 365 397 366 404 366 399 366 404 367 405 367 399 367 399 368 405 368 401 368 401 369 405 369 406 369 401 370 406 370 370 370 401 371 370 371 369 371 407 372 322 372 408 372 408 373 322 373 324 373 408 374 324 374 325 374 408 375 325 375 409 375 409 376 325 376 327 376 409 377 327 377 410 377 410 378 327 378 329 378 410 379 329 379 411 379 411 380 329 380 330 380 411 381 330 381 332 381 411 382 332 382 412 382 412 383 332 383 334 383 412 384 334 384 336 384 412 385 336 385 413 385 413 386 336 386 338 386 413 387 338 387 414 387 414 388 338 388 339 388 414 389 339 389 415 389 415 390 339 390 341 390 415 391 341 391 342 391 415 392 342 392 416 392 416 393 342 393 344 393 416 394 344 394 417 394 417 395 344 395 346 395 417 396 346 396 347 396 417 397 347 397 418 397 418 398 347 398 349 398 418 399 349 399 419 399 419 400 349 400 351 400 419 401 351 401 420 401 420 299 351 299 353 299 420 402 353 402 421 402 421 403 353 403 355 403 421 404 355 404 422 404 422 405 355 405 357 405 422 406 357 406 423 406 423 407 357 407 359 407 423 408 359 408 424 408 424 409 359 409 361 409 424 410 361 410 362 410 424 411 362 411 425 411 425 412 362 412 364 412 425 413 364 413 426 413 426 414 364 414 365 414 426 415 365 415 395 415 395 416 365 416 367 416 322 417 407 417 320 417 320 418 407 418 427 418 320 419 427 419 318 419 318 420 427 420 316 420 316 421 427 421 428 421 316 422 428 422 315 422 315 423 428 423 429 423 315 424 429 424 313 424 313 425 429 425 430 425 313 426 430 426 311 426 311 427 430 427 309 427 309 428 430 428 431 428 309 429 431 429 307 429 307 430 431 430 432 430 307 431 432 431 306 431 306 432 432 432 304 432 304 433 432 433 433 433 304 434 433 434 302 434 302 435 433 435 434 435 302 436 434 436 301 436 301 437 434 437 435 437 301 438 435 438 299 438 299 439 435 439 436 439 299 440 436 440 297 440 297 441 436 441 437 441 297 442 437 442 295 442 295 443 437 443 293 443 293 444 437 444 438 444 293 445 438 445 291 445 291 446 438 446 439 446 291 447 439 447 289 447 289 448 439 448 440 448 289 449 440 449 287 449 287 450 440 450 285 450 285 451 440 451 441 451 285 452 441 452 283 452 283 453 441 453 282 453 282 454 441 454 442 454 282 455 442 455 280 455 280 456 442 456 381 456 381 457 442 457 443 457 381 458 443 458 376 458 376 459 443 459 375 459 444 460 445 460 446 460 446 461 445 461 447 461 446 462 447 462 448 462 448 463 447 463 449 463 448 464 449 464 450 464 450 465 449 465 451 465 450 466 451 466 452 466 452 467 451 467 453 467 452 468 453 468 454 468 454 469 453 469 455 469 455 470 453 470 456 470 455 471 456 471 457 471 445 472 444 472 458 472 458 473 444 473 459 473 458 474 459 474 460 474 460 475 459 475 461 475 460 476 461 476 462 476 462 477 461 477 463 477 463 478 461 478 464 478 463 479 464 479 465 479 465 480 464 480 466 480 465 481 466 481 467 481 467 482 466 482 468 482 467 483 468 483 469 483 469 484 468 484 470 484 470 485 468 485 471 485 470 486 471 486 472 486 472 487 471 487 473 487 472 488 473 488 474 488 474 489 473 489 475 489 474 490 475 490 476 490 476 491 475 491 477 491 476 492 477 492 478 492 478 493 477 493 479 493 478 494 479 494 480 494 480 495 479 495 481 495 480 496 481 496 482 496 482 497 481 497 483 497 482 498 483 498 484 498 484 499 483 499 485 499 484 500 485 500 486 500 486 501 485 501 487 501 487 502 485 502 488 502 487 503 488 503 489 503 489 504 488 504 490 504 489 505 490 505 491 505 491 506 490 506 492 506 491 507 492 507 493 507 493 508 492 508 494 508 493 509 494 509 495 509 495 510 494 510 496 510 496 511 494 511 497 511 496 512 497 512 498 512 496 513 498 513 499 513 499 514 498 514 500 514 500 515 498 515 501 515 500 516 501 516 502 516 502 517 501 517 503 517 503 518 501 518 504 518 503 519 504 519 505 519 505 520 504 520 506 520 505 521 506 521 507 521 507 522 506 522 508 522 507 523 508 523 509 523 509 524 508 524 510 524 510 525 508 525 511 525 510 526 511 526 512 526 512 527 511 527 513 527 512 528 513 528 514 528 514 529 513 529 515 529 514 530 515 530 516 530 516 531 515 531 517 531 517 532 515 532 518 532 517 533 518 533 519 533 519 534 518 534 520 534 520 535 518 535 521 535 520 536 521 536 522 536 522 537 521 537 523 537 522 538 523 538 524 538 524 539 523 539 525 539 524 540 525 540 526 540 526 541 525 541 527 541 526 542 527 542 528 542 528 543 527 543 529 543 529 544 527 544 530 544 529 545 530 545 531 545 531 546 530 546 532 546 532 547 530 547 533 547 532 548 533 548 534 548 534 549 533 549 535 549 534 550 535 550 536 550 536 551 535 551 537 551 536 552 537 552 538 552 538 553 537 553 539 553 538 554 539 554 540 554 540 555 539 555 541 555 540 556 541 556 542 556 542 556 541 556 543 556 542 557 543 557 544 557 544 558 543 558 545 558 544 559 545 559 546 559 546 560 545 560 547 560 547 561 545 561 548 561 547 562 548 562 549 562 549 562 548 562 550 562 549 563 550 563 551 563 551 564 550 564 552 564 551 565 552 565 553 565 553 566 552 566 455 566 455 567 552 567 454 567 554 568 555 568 556 568 554 569 556 569 557 569 558 570 557 570 559 570 559 571 557 571 560 571 559 572 560 572 561 572 561 573 560 573 562 573 557 574 556 574 563 574 557 575 563 575 560 575 560 576 563 576 564 576 560 577 564 577 562 577 562 578 564 578 565 578 562 579 565 579 566 579 562 580 566 580 463 580 567 581 553 581 568 581 568 582 553 582 455 582 568 583 455 583 569 583 569 584 455 584 457 584 570 585 571 585 463 585 463 586 571 586 462 586 571 587 572 587 462 587 462 588 572 588 573 588 462 589 573 589 460 589 460 590 573 590 574 590 460 591 574 591 458 591 458 592 574 592 445 592 445 593 574 593 575 593 445 594 575 594 447 594 447 595 575 595 576 595 447 596 576 596 449 596 449 597 576 597 451 597 451 598 576 598 577 598 451 599 577 599 453 599 453 600 577 600 456 600 553 601 567 601 578 601 553 602 578 602 579 602 553 603 579 603 580 603 580 604 579 604 581 604 581 605 579 605 582 605 581 606 582 606 583 606 583 607 582 607 584 607 583 608 584 608 585 608 585 609 584 609 586 609 585 463 586 463 587 463 587 610 586 610 554 610 587 611 554 611 588 611 588 612 554 612 557 612 588 613 557 613 558 613 579 614 578 614 589 614 579 615 589 615 582 615 589 616 590 616 582 616 582 617 590 617 584 617 584 618 590 618 586 618 586 619 590 619 555 619 586 620 555 620 554 620 591 621 509 621 592 621 592 622 509 622 510 622 592 623 510 623 593 623 593 624 510 624 512 624 593 625 512 625 514 625 593 626 514 626 594 626 594 627 514 627 516 627 594 628 516 628 517 628 594 629 517 629 595 629 595 630 517 630 519 630 595 631 519 631 520 631 595 632 520 632 596 632 596 633 520 633 522 633 596 634 522 634 597 634 597 635 522 635 524 635 597 636 524 636 526 636 597 637 526 637 598 637 598 638 526 638 528 638 598 639 528 639 599 639 599 640 528 640 529 640 599 641 529 641 600 641 600 642 529 642 531 642 600 643 531 643 601 643 601 644 531 644 532 644 601 645 532 645 602 645 602 646 532 646 534 646 602 551 534 551 603 551 603 647 534 647 536 647 603 648 536 648 604 648 604 648 536 648 538 648 604 649 538 649 605 649 605 650 538 650 540 650 605 651 540 651 606 651 606 652 540 652 542 652 606 653 542 653 607 653 607 654 542 654 544 654 607 655 544 655 546 655 607 656 546 656 608 656 608 657 546 657 547 657 608 658 547 658 609 658 609 659 547 659 549 659 609 660 549 660 551 660 609 661 551 661 580 661 580 662 551 662 553 662 509 663 591 663 507 663 507 664 591 664 610 664 507 665 610 665 505 665 505 666 610 666 611 666 505 667 611 667 503 667 503 668 611 668 612 668 503 669 612 669 502 669 502 670 612 670 500 670 500 671 612 671 613 671 500 672 613 672 499 672 499 673 613 673 614 673 499 674 614 674 496 674 496 675 614 675 495 675 495 676 614 676 615 676 495 677 615 677 493 677 493 678 615 678 491 678 491 679 615 679 616 679 491 680 616 680 489 680 489 681 616 681 487 681 487 682 616 682 617 682 487 683 617 683 486 683 486 684 617 684 484 684 484 685 617 685 618 685 484 686 618 686 482 686 482 687 618 687 619 687 482 688 619 688 480 688 480 689 619 689 620 689 480 690 620 690 478 690 478 690 620 690 621 690 478 691 621 691 476 691 476 692 621 692 622 692 476 693 622 693 474 693 474 694 622 694 623 694 474 695 623 695 472 695 472 696 623 696 624 696 472 697 624 697 470 697 470 698 624 698 625 698 470 699 625 699 469 699 469 700 625 700 467 700 467 701 625 701 626 701 467 702 626 702 465 702 465 703 626 703 627 703 465 704 627 704 463 704 463 705 627 705 561 705 463 706 561 706 562 706 628 707 629 707 630 707 628 708 630 708 631 708 628 708 631 708 632 708 632 709 631 709 633 709 632 708 633 708 634 708 634 708 633 708 635 708 634 708 635 708 636 708 636 708 635 708 637 708 637 708 635 708 638 708 637 710 638 710 639 710 639 711 638 711 640 711 640 708 638 708 641 708 640 712 641 712 642 712 642 708 641 708 643 708 643 713 641 713 644 713 643 708 644 708 645 708 645 714 644 714 646 714 645 708 646 708 647 708 647 715 646 715 648 715 647 716 648 716 649 716 649 717 648 717 650 717 649 718 650 718 651 718 652 708 653 708 649 708 654 719 655 719 652 719 652 720 655 720 656 720 652 721 656 721 657 721 656 708 655 708 658 708 658 708 655 708 659 708 658 722 659 722 660 722 660 723 659 723 661 723 660 724 661 724 662 724 662 708 661 708 663 708 662 725 663 725 664 725 664 726 663 726 665 726 665 708 663 708 666 708 665 708 666 708 667 708 667 708 666 708 668 708 667 727 668 727 669 727 669 708 668 708 670 708 670 708 668 708 671 708 670 708 671 708 672 708 672 708 671 708 673 708 673 728 671 728 674 728 628 708 675 708 673 708 632 708 676 708 628 708 628 729 676 729 677 729 628 730 677 730 678 730 677 708 676 708 679 708 677 731 679 731 680 731 680 708 679 708 681 708 680 708 681 708 682 708 682 708 681 708 683 708 682 708 683 708 684 708 684 732 683 732 685 732 684 708 685 708 686 708 686 733 685 733 687 733 686 734 687 734 688 734 688 708 687 708 689 708 688 735 689 735 690 735 690 708 689 708 691 708 690 736 691 736 692 736 692 708 691 708 693 708 692 708 693 708 649 708 649 737 693 737 694 737 649 738 694 738 647 738 653 708 695 708 649 708 649 739 695 739 692 739 628 740 678 740 675 740 675 708 696 708 673 708 673 741 696 741 672 741 657 742 697 742 652 742 652 743 697 743 653 743 698 744 699 744 700 744 701 744 702 744 698 744 698 745 702 745 703 745 701 744 704 744 705 744 701 744 705 744 706 744 706 746 705 746 707 746 706 747 707 747 708 747 706 744 708 744 709 744 709 748 708 748 710 748 709 749 710 749 711 749 711 750 710 750 712 750 711 744 712 744 713 744 713 744 712 744 714 744 713 751 714 751 715 751 715 744 714 744 716 744 715 752 716 752 717 752 717 744 716 744 718 744 717 753 718 753 719 753 719 744 718 744 720 744 719 754 720 754 721 754 721 744 720 744 722 744 721 744 722 744 723 744 723 755 722 755 724 755 723 756 724 756 725 756 723 757 725 757 726 757 723 758 726 758 727 758 723 759 727 759 728 759 728 744 727 744 729 744 728 744 729 744 730 744 730 744 729 744 731 744 730 760 731 760 732 760 732 744 731 744 733 744 732 744 733 744 734 744 734 744 733 744 735 744 734 761 735 761 736 761 736 744 735 744 737 744 736 744 737 744 738 744 738 744 737 744 739 744 738 762 739 762 740 762 740 744 739 744 741 744 740 744 741 744 742 744 742 744 741 744 743 744 742 744 743 744 744 744 744 744 743 744 702 744 744 744 702 744 701 744 700 744 745 744 727 744 727 763 745 763 746 763 701 764 706 764 747 764 747 744 744 744 701 744 698 765 703 765 748 765 698 766 748 766 749 766 698 767 749 767 750 767 750 768 699 768 698 768 699 744 751 744 700 744 700 769 751 769 752 769 700 770 752 770 753 770 753 744 754 744 700 744 754 744 745 744 700 744 727 771 746 771 729 771 755 772 756 772 757 772 757 773 756 773 758 773 757 774 758 774 759 774 756 772 755 772 760 772 760 772 755 772 761 772 760 772 761 772 762 772 762 772 761 772 763 772 762 772 763 772 764 772 764 772 763 772 765 772 764 772 765 772 766 772 766 775 765 775 767 775 766 772 767 772 768 772 768 772 767 772 769 772 769 772 767 772 770 772 769 776 770 776 771 776 771 772 770 772 772 772 771 777 772 777 773 777 773 778 772 778 774 778 773 779 774 779 775 779 770 772 767 772 776 772 776 772 767 772 777 772 776 772 777 772 778 772 773 780 775 780 779 780 779 781 775 781 780 781 779 782 780 782 781 782 779 772 781 772 782 772 782 772 781 772 783 772 782 783 783 783 784 783 782 772 784 772 785 772 785 784 784 784 786 784 785 785 786 785 787 785 787 772 786 772 788 772 787 786 788 786 789 786 787 787 789 787 790 787 787 772 790 772 791 772 791 788 790 788 792 788 791 789 792 789 793 789 792 772 794 772 793 772 793 772 794 772 795 772 793 772 795 772 796 772 796 772 795 772 797 772 797 772 795 772 798 772 791 772 793 772 799 772 799 772 793 772 800 772 799 772 800 772 801 772 802 790 803 790 801 790 804 772 805 772 802 772 802 791 805 791 806 791 805 792 804 792 807 792 807 772 804 772 808 772 808 772 804 772 809 772 808 772 809 772 810 772 810 772 809 772 811 772 811 793 809 793 812 793 812 772 809 772 813 772 813 772 809 772 814 772 814 772 809 772 815 772 815 772 809 772 816 772 816 772 809 772 817 772 818 794 809 794 819 794 819 795 809 795 820 795 819 772 820 772 821 772 821 772 820 772 822 772 821 772 822 772 823 772 823 772 822 772 824 772 823 772 824 772 825 772 825 772 824 772 826 772 825 796 826 796 827 796 827 772 826 772 828 772 828 797 829 797 827 797 827 772 829 772 830 772 830 798 829 798 831 798 830 772 831 772 832 772 830 772 832 772 833 772 833 772 832 772 834 772 833 772 834 772 835 772 835 772 834 772 836 772 836 772 834 772 837 772 836 799 837 799 838 799 838 800 837 800 839 800 838 772 839 772 840 772 840 801 839 801 841 801 840 802 841 802 842 802 842 772 841 772 843 772 843 803 841 803 844 803 843 772 844 772 845 772 843 804 845 804 846 804 846 772 845 772 847 772 847 772 845 772 848 772 848 805 845 805 849 805 848 806 849 806 850 806 848 772 850 772 851 772 851 772 850 772 852 772 852 807 850 807 853 807 852 772 853 772 854 772 854 772 853 772 855 772 854 772 855 772 856 772 854 772 856 772 857 772 857 772 856 772 858 772 857 772 858 772 859 772 859 808 858 808 860 808 859 809 860 809 861 809 861 772 860 772 816 772 816 810 860 810 862 810 816 772 862 772 863 772 863 811 862 811 864 811 865 812 866 812 864 812 864 813 866 813 867 813 864 814 867 814 868 814 869 772 870 772 865 772 865 815 870 815 871 815 870 816 869 816 759 816 759 817 869 817 872 817 759 818 872 818 757 818 865 819 873 819 874 819 865 772 874 772 875 772 875 772 876 772 865 772 865 820 876 820 866 820 864 821 868 821 877 821 864 822 877 822 878 822 864 823 878 823 879 823 864 824 879 824 880 824 864 825 880 825 881 825 864 826 881 826 882 826 864 827 882 827 863 827 806 772 883 772 802 772 802 772 883 772 884 772 884 772 885 772 802 772 802 828 885 828 886 828 802 829 886 829 887 829 802 830 887 830 888 830 802 831 888 831 889 831 802 832 889 832 890 832 890 833 891 833 802 833 802 772 891 772 892 772 892 834 891 834 893 834 892 772 893 772 894 772 894 835 893 835 895 835 894 836 895 836 896 836 894 837 896 837 897 837 894 838 897 838 898 838 894 772 898 772 899 772 899 839 898 839 900 839 899 840 900 840 901 840 899 841 901 841 902 841 899 772 902 772 903 772 903 842 902 842 904 842 903 772 904 772 905 772 903 772 905 772 906 772 906 843 905 843 907 843 906 844 907 844 908 844 906 772 908 772 909 772 909 845 908 845 910 845 909 846 910 846 911 846 911 847 910 847 912 847 911 848 912 848 913 848 911 772 913 772 914 772 914 849 913 849 915 849 914 772 915 772 916 772 914 772 916 772 917 772 917 850 916 850 918 850 917 772 918 772 871 772 871 851 918 851 919 851 871 772 919 772 865 772 919 852 873 852 865 852 809 853 818 853 817 853 817 772 920 772 816 772 816 854 920 854 921 854 816 855 921 855 922 855 816 856 922 856 923 856 816 857 923 857 861 857 802 858 892 858 803 858 803 772 924 772 801 772 801 772 924 772 925 772 925 859 926 859 801 859 801 860 926 860 799 860 778 744 927 744 776 744 776 861 927 861 928 861 929 744 930 744 778 744 778 744 930 744 931 744 931 744 932 744 778 744 778 744 932 744 933 744 778 862 933 862 934 862 778 863 934 863 927 863 928 744 935 744 776 744 776 864 935 864 936 864 776 865 936 865 937 865 937 866 936 866 938 866 938 867 939 867 937 867 937 744 939 744 940 744 940 744 941 744 937 744 937 744 941 744 942 744 943 708 944 708 945 708 945 708 944 708 946 708 946 868 947 868 945 868 945 708 947 708 948 708 948 708 949 708 945 708 945 869 949 869 950 869 945 708 950 708 795 708 795 870 950 870 951 870 951 708 952 708 795 708 795 708 952 708 953 708 795 708 953 708 798 708 798 871 953 871 954 871 954 708 955 708 798 708 798 872 955 872 956 872 798 873 956 873 957 873 798 708 957 708 958 708 798 708 958 708 959 708 942 772 943 772 937 772 937 772 943 772 945 772 937 772 945 772 960 772 960 772 945 772 961 772 960 772 961 772 962 772 962 772 961 772 963 772 962 772 963 772 964 772 964 772 963 772 965 772 964 772 965 772 966 772 966 772 965 772 967 772 967 772 965 772 968 772 968 772 965 772 969 772 966 772 970 772 964 772 970 772 971 772 964 772 964 874 971 874 972 874 973 744 974 744 975 744 975 744 974 744 976 744 976 744 977 744 975 744 975 875 977 875 978 875 978 876 979 876 975 876 975 877 979 877 88 877 88 878 979 878 980 878 88 879 980 879 981 879 88 880 981 880 982 880 88 744 982 744 983 744 88 744 983 744 86 744 86 881 983 881 984 881 86 744 984 744 985 744 86 744 985 744 986 744 86 744 986 744 987 744 86 744 987 744 988 744 220 708 989 708 990 708 220 708 990 708 991 708 220 708 991 708 992 708 220 882 992 882 993 882 220 883 993 883 994 883 220 708 994 708 218 708 218 884 994 884 995 884 218 885 995 885 996 885 218 708 996 708 997 708 218 708 997 708 998 708 998 886 997 886 999 886 999 887 1000 887 998 887 998 888 1000 888 1001 888 998 889 1001 889 1002 889 998 708 1002 708 1003 708 998 708 1003 708 1004 708 973 120 1005 120 1004 120 1004 890 1005 890 1006 890 975 891 1007 891 973 891 973 892 1007 892 1008 892 973 893 1008 893 1009 893 975 894 1010 894 1011 894 1011 120 1012 120 975 120 975 895 1012 895 1013 895 975 896 1013 896 1007 896 973 897 1009 897 1014 897 973 898 1014 898 1015 898 1015 120 1016 120 973 120 973 899 1016 899 1017 899 973 900 1017 900 1005 900 1004 901 1006 901 1018 901 1018 120 1019 120 1004 120 1004 902 1019 902 1020 902 1020 120 1021 120 1004 120 1004 903 1021 903 1022 903 1004 904 1022 904 998 904 998 905 1022 905 1023 905 1023 120 1024 120 998 120 1024 120 1025 120 998 120 654 906 652 906 1026 906 654 907 1026 907 1027 907 1027 908 1026 908 1028 908 1027 909 1028 909 654 909 1028 910 1026 910 1029 910 1028 911 1029 911 1030 911 1030 912 1029 912 1031 912 1030 913 1031 913 1028 913 1031 914 1029 914 1032 914 1032 915 1029 915 1033 915 1032 916 1033 916 1031 916 1031 917 1033 917 1034 917 1031 918 1034 918 1035 918 1035 919 1034 919 1036 919 1035 920 1036 920 1037 920 1038 921 1037 921 1039 921 1038 922 1039 922 1040 922 1040 923 1039 923 1041 923 1040 924 1041 924 1042 924 1042 925 1041 925 1043 925 1033 926 1044 926 1034 926 1034 927 1044 927 1036 927 1044 928 1045 928 1036 928 1036 929 1045 929 1046 929 1046 930 1047 930 1048 930 1048 931 1047 931 1049 931 1049 932 1047 932 1050 932 1049 933 1050 933 1051 933 1051 934 1050 934 1052 934 1051 935 1052 935 1053 935 1053 936 1052 936 1054 936 1053 937 1054 937 1055 937 1053 938 1055 938 1056 938 1056 939 1055 939 1057 939 1056 940 1057 940 1058 940 1058 941 1057 941 1059 941 1058 942 1059 942 1060 942 1060 943 1059 943 1061 943 1060 944 1061 944 1062 944 1062 945 1061 945 1063 945 1062 946 1063 946 1064 946 1064 947 1063 947 1065 947 1064 948 1065 948 1066 948 1066 949 1065 949 1067 949 1066 950 1067 950 1068 950 1066 951 1068 951 1069 951 1069 952 1068 952 1070 952 1070 953 1068 953 1071 953 1071 954 1068 954 1067 954 1071 955 1067 955 1072 955 1072 956 1067 956 1065 956 1072 957 1065 957 1073 957 1073 957 1065 957 1063 957 1073 958 1063 958 1074 958 1074 959 1063 959 1061 959 1074 960 1061 960 1075 960 1075 961 1061 961 1059 961 1075 962 1059 962 1076 962 1076 963 1059 963 1057 963 1076 964 1057 964 1077 964 1077 965 1057 965 1055 965 1077 966 1055 966 1078 966 1078 967 1055 967 1054 967 1078 968 1054 968 1052 968 1078 969 1052 969 1079 969 1079 970 1052 970 1050 970 1079 971 1050 971 1080 971 1080 972 1050 972 1047 972 1080 973 1047 973 1081 973 1081 974 1047 974 1046 974 1081 929 1046 929 1045 929 1048 975 1082 975 1046 975 1046 976 1082 976 1036 976 1036 977 1082 977 1039 977 1036 978 1039 978 1037 978 1041 979 1083 979 1043 979 674 980 1043 980 1083 980 673 981 674 981 1083 981 1042 982 1038 982 1040 982 1084 983 1085 983 1086 983 1086 984 1085 984 1087 984 1086 983 1087 983 1088 983 1086 985 1088 985 1089 985 1089 986 1088 986 1090 986 1089 987 1090 987 1091 987 1091 988 1090 988 1092 988 1091 989 1092 989 1093 989 1093 990 1092 990 1094 990 1093 991 1094 991 1095 991 1095 992 1094 992 1096 992 1095 993 1096 993 1097 993 1097 994 1096 994 1098 994 1097 995 1098 995 1099 995 1099 996 1098 996 1100 996 1100 997 1098 997 1101 997 1100 998 1101 998 698 998 698 999 700 999 1100 999 700 1000 1102 1000 1100 1000 1100 1001 1102 1001 1099 1001 1099 1002 1102 1002 1097 1002 1102 1003 1103 1003 1097 1003 1097 993 1103 993 1095 993 1103 1004 1104 1004 1095 1004 1095 1005 1104 1005 1093 1005 1104 1005 1105 1005 1093 1005 1093 1006 1105 1006 1091 1006 1105 1007 1106 1007 1091 1007 1091 1008 1106 1008 1089 1008 1106 1009 1107 1009 1089 1009 1089 985 1107 985 1086 985 1107 985 1084 985 1086 985 1108 1010 1087 1010 1109 1010 1109 1010 1087 1010 1085 1010 1110 1011 1111 1011 1112 1011 1113 1012 1114 1012 1112 1012 1112 1013 1114 1013 1115 1013 1115 1014 1114 1014 1110 1014 1116 1015 1117 1015 1113 1015 1113 1016 1117 1016 1118 1016 1118 1017 1117 1017 1114 1017 1119 1018 1120 1018 1116 1018 1116 1019 1120 1019 1117 1019 1116 1020 1117 1020 1121 1020 1119 1021 1122 1021 1123 1021 1119 1022 1123 1022 1120 1022 1122 1023 1119 1023 1124 1023 1122 1024 1124 1024 1125 1024 1125 1025 1124 1025 1126 1025 1126 1026 1124 1026 1127 1026 1126 1027 1127 1027 1128 1027 1128 1028 1127 1028 1129 1028 1128 1029 1129 1029 1130 1029 1130 1029 1129 1029 1131 1029 1130 1030 1131 1030 1132 1030 1132 1030 1131 1030 1133 1030 1132 1031 1133 1031 1134 1031 1134 1032 1133 1032 1135 1032 1134 1033 1135 1033 1136 1033 1136 1034 1135 1034 1137 1034 1136 1035 1137 1035 1138 1035 1138 1036 1137 1036 1139 1036 1138 1037 1139 1037 1140 1037 1140 1038 1139 1038 1141 1038 1140 1039 1141 1039 1142 1039 1142 1040 1141 1040 1143 1040 1142 1041 1143 1041 1144 1041 1144 1041 1143 1041 1145 1041 1144 1042 1145 1042 1146 1042 1146 1043 1145 1043 1147 1043 1146 1044 1147 1044 1148 1044 1148 1045 1147 1045 1149 1045 1148 1046 1149 1046 1150 1046 1150 1047 1149 1047 1151 1047 1150 1048 1151 1048 1152 1048 1152 1049 1151 1049 1153 1049 1152 1050 1153 1050 1154 1050 1154 1051 1153 1051 1155 1051 1155 1052 1153 1052 1156 1052 1155 1053 1156 1053 1157 1053 1157 1054 1156 1054 1158 1054 1157 1055 1158 1055 1159 1055 1159 1056 1158 1056 1160 1056 1159 1057 1160 1057 1161 1057 1161 1058 1160 1058 1162 1058 1161 1059 1162 1059 1163 1059 1163 1060 1162 1060 1164 1060 1163 1061 1164 1061 1165 1061 1165 1062 1164 1062 1166 1062 1165 1063 1166 1063 1167 1063 1167 1064 1166 1064 1168 1064 1168 1065 1166 1065 1169 1065 1168 1066 1169 1066 1170 1066 1170 1067 1169 1067 1171 1067 1170 1068 1171 1068 1172 1068 1172 1069 1171 1069 1173 1069 1173 1070 1171 1070 1174 1070 1173 1071 1174 1071 1175 1071 1175 1072 1174 1072 1176 1072 1175 1073 1176 1073 1177 1073 1177 1074 1176 1074 1178 1074 1177 1075 1178 1075 1179 1075 1179 1076 1178 1076 1180 1076 1179 1077 1180 1077 1181 1077 1181 1078 1180 1078 1182 1078 1181 1079 1182 1079 1183 1079 1183 1080 1182 1080 1184 1080 1183 1081 1184 1081 1185 1081 1185 1082 1184 1082 1186 1082 1186 1083 1184 1083 1187 1083 1186 1084 1187 1084 1188 1084 1188 1085 1187 1085 1189 1085 1188 1086 1189 1086 1190 1086 1190 1087 1189 1087 1191 1087 1190 1088 1191 1088 1192 1088 1192 1089 1191 1089 1193 1089 1192 1090 1193 1090 1194 1090 1194 1091 1193 1091 1195 1091 1194 1092 1195 1092 1196 1092 1196 1093 1195 1093 1197 1093 1196 1094 1197 1094 1198 1094 1198 1095 1197 1095 1199 1095 1198 1096 1199 1096 1200 1096 1200 1097 1199 1097 1201 1097 1200 1098 1201 1098 1202 1098 1202 1099 1201 1099 1203 1099 1202 1100 1203 1100 1204 1100 1204 1101 1203 1101 1205 1101 1204 1102 1205 1102 1206 1102 1206 1103 1205 1103 1207 1103 1206 1104 1207 1104 1208 1104 1208 1105 1207 1105 1209 1105 1208 1106 1209 1106 1210 1106 1210 1107 1209 1107 1211 1107 1210 1108 1211 1108 1212 1108 1212 1109 1211 1109 1213 1109 1212 1110 1213 1110 1214 1110 1214 1111 1213 1111 1215 1111 1214 1112 1215 1112 1216 1112 1216 1113 1215 1113 1217 1113 1216 1114 1217 1114 1218 1114 1218 1115 1217 1115 1219 1115 1218 1116 1219 1116 1220 1116 1220 1117 1219 1117 1221 1117 1220 1118 1221 1118 1222 1118 1222 1119 1221 1119 1223 1119 1222 1120 1223 1120 1224 1120 1224 1121 1223 1121 1225 1121 1224 1122 1225 1122 1226 1122 1226 1123 1225 1123 1227 1123 1226 1124 1227 1124 1228 1124 1228 1125 1227 1125 1229 1125 1228 1126 1229 1126 1230 1126 1230 1127 1229 1127 1231 1127 1230 1128 1231 1128 1232 1128 1232 1129 1231 1129 1233 1129 1232 1130 1233 1130 1234 1130 1234 1131 1233 1131 1235 1131 1234 1132 1235 1132 1236 1132 1236 1133 1235 1133 1237 1133 1236 1134 1237 1134 1238 1134 1238 1135 1237 1135 1239 1135 1238 1136 1239 1136 1240 1136 1240 1137 1239 1137 1241 1137 1241 1138 1239 1138 1242 1138 1241 1139 1242 1139 1243 1139 1243 1140 1242 1140 1244 1140 1243 1141 1244 1141 1245 1141 1245 1142 1244 1142 1246 1142 1245 1143 1246 1143 1247 1143 1247 1143 1246 1143 1248 1143 1247 1144 1248 1144 1249 1144 1249 1144 1248 1144 1250 1144 1249 1145 1250 1145 1251 1145 1251 1146 1250 1146 1252 1146 1252 1147 1253 1147 1251 1147 1122 1148 1125 1148 1254 1148 1254 1149 1255 1149 1256 1149 1256 1150 1255 1150 1257 1150 1256 1151 1257 1151 1258 1151 1256 1152 1258 1152 1259 1152 1259 1153 1258 1153 1260 1153 1253 1154 1261 1154 1251 1154 1251 1155 1261 1155 1249 1155 1261 1156 1262 1156 1249 1156 1249 1144 1262 1144 1247 1144 1262 1144 1263 1144 1247 1144 1247 1157 1263 1157 1245 1157 1263 1157 1264 1157 1245 1157 1245 1142 1264 1142 1243 1142 1264 1141 1265 1141 1243 1141 1243 1158 1265 1158 1241 1158 1265 1159 1266 1159 1241 1159 1241 1160 1266 1160 1240 1160 1266 1161 1267 1161 1240 1161 1240 1162 1267 1162 1238 1162 1267 1163 1268 1163 1238 1163 1238 1164 1268 1164 1236 1164 1268 1165 1269 1165 1236 1165 1236 1166 1269 1166 1234 1166 1269 1167 1270 1167 1234 1167 1234 1168 1270 1168 1232 1168 1270 1130 1271 1130 1232 1130 1232 1169 1271 1169 1230 1169 1271 1170 1272 1170 1230 1170 1230 1171 1272 1171 1228 1171 1272 1126 1273 1126 1228 1126 1228 1125 1273 1125 1226 1125 1273 1124 1274 1124 1226 1124 1226 1123 1274 1123 1224 1123 1274 1122 1275 1122 1224 1122 1224 1172 1275 1172 1222 1172 1275 1120 1276 1120 1222 1120 1222 1173 1276 1173 1220 1173 1276 1174 1277 1174 1220 1174 1220 1117 1277 1117 1218 1117 1277 1116 1278 1116 1218 1116 1218 1115 1278 1115 1216 1115 1278 1114 1279 1114 1216 1114 1216 1113 1279 1113 1214 1113 1279 1175 1280 1175 1214 1175 1214 1176 1280 1176 1212 1176 1212 1177 1280 1177 1210 1177 1280 1178 1281 1178 1210 1178 1210 1179 1281 1179 1208 1179 1281 1180 1282 1180 1208 1180 1208 1181 1282 1181 1206 1181 1282 1182 1283 1182 1206 1182 1206 1183 1283 1183 1204 1183 1283 1184 1284 1184 1204 1184 1204 1101 1284 1101 1202 1101 1284 1100 1285 1100 1202 1100 1202 1099 1285 1099 1200 1099 1285 1185 1286 1185 1200 1185 1200 1186 1286 1186 1198 1186 1286 1187 1287 1187 1198 1187 1198 1188 1287 1188 1196 1188 1287 1189 1288 1189 1196 1189 1196 1093 1288 1093 1194 1093 1288 1190 1289 1190 1194 1190 1194 1091 1289 1091 1192 1091 1289 1090 1290 1090 1192 1090 1192 1089 1290 1089 1190 1089 1290 1191 1291 1191 1190 1191 1190 1192 1291 1192 1188 1192 1188 1193 1291 1193 1186 1193 1291 1194 1292 1194 1186 1194 1186 1195 1292 1195 1185 1195 1292 1196 1293 1196 1185 1196 1185 1197 1293 1197 1183 1197 1293 1198 1294 1198 1183 1198 1183 1079 1294 1079 1181 1079 1294 1199 1295 1199 1181 1199 1181 1200 1295 1200 1179 1200 1295 1201 1296 1201 1179 1201 1179 1202 1296 1202 1177 1202 1296 1203 1297 1203 1177 1203 1177 1204 1297 1204 1175 1204 1297 1205 1298 1205 1175 1205 1175 1206 1298 1206 1173 1206 1298 1207 1299 1207 1173 1207 1173 1208 1299 1208 1172 1208 1299 1209 1300 1209 1172 1209 1172 1210 1300 1210 1170 1210 1300 1211 1301 1211 1170 1211 1170 1212 1301 1212 1168 1212 1301 1213 1302 1213 1168 1213 1168 1214 1302 1214 1167 1214 1302 1215 1303 1215 1167 1215 1167 1216 1303 1216 1165 1216 1303 1216 1304 1216 1165 1216 1165 1217 1304 1217 1163 1217 1304 1218 1305 1218 1163 1218 1163 1219 1305 1219 1161 1219 1305 1220 1306 1220 1161 1220 1161 1221 1306 1221 1159 1221 1306 1222 1307 1222 1159 1222 1159 1223 1307 1223 1157 1223 1307 1224 1308 1224 1157 1224 1157 1054 1308 1054 1155 1054 1308 1053 1309 1053 1155 1053 1155 1225 1309 1225 1154 1225 1309 1226 1310 1226 1154 1226 1154 1227 1310 1227 1152 1227 1310 1228 1311 1228 1152 1228 1152 1229 1311 1229 1150 1229 1311 1230 1312 1230 1150 1230 1150 1231 1312 1231 1148 1231 1312 1232 1313 1232 1148 1232 1148 1233 1313 1233 1146 1233 1313 1234 1314 1234 1146 1234 1146 1235 1314 1235 1144 1235 1144 1236 1314 1236 1142 1236 1314 1237 1315 1237 1142 1237 1142 1238 1315 1238 1140 1238 1315 1239 1316 1239 1140 1239 1140 1038 1316 1038 1138 1038 1316 1240 1317 1240 1138 1240 1138 1241 1317 1241 1136 1241 1317 1242 1318 1242 1136 1242 1136 1243 1318 1243 1134 1243 1318 1244 1319 1244 1134 1244 1134 1245 1319 1245 1132 1245 1132 1246 1319 1246 1130 1246 1319 1247 1320 1247 1130 1247 1130 1248 1320 1248 1128 1248 1320 1248 1321 1248 1128 1248 1128 1028 1321 1028 1126 1028 1321 1249 1322 1249 1126 1249 1126 1250 1322 1250 1125 1250 1322 1251 1323 1251 1125 1251 1125 1252 1323 1252 1254 1252 1254 1253 1323 1253 1255 1253 1323 1254 1324 1254 1255 1254 1324 1255 1257 1255 1255 1255 1325 1256 1326 1256 1260 1256 1260 1257 1326 1257 1327 1257 1327 1258 1326 1258 1259 1258 1328 1259 1329 1259 1325 1259 1325 1260 1329 1260 1330 1260 1330 1261 1329 1261 1326 1261 1327 1262 1259 1262 1260 1262 1254 1263 1123 1263 1122 1263 1120 1264 1123 1264 1117 1264 1115 1265 1110 1265 1112 1265 1325 1266 1330 1266 1326 1266 1113 1267 1118 1267 1114 1267 1331 1268 1332 1268 1333 1268 1333 1269 1332 1269 1334 1269 975 1270 88 1270 1010 1270 1010 1271 88 1271 90 1271 1010 1272 90 1272 1011 1272 1011 1273 90 1273 239 1273 1011 1274 239 1274 1012 1274 1012 1275 239 1275 238 1275 1012 1276 238 1276 1013 1276 1013 1277 238 1277 236 1277 1013 1278 236 1278 1007 1278 1007 1279 236 1279 235 1279 1007 1280 235 1280 1008 1280 1008 1281 235 1281 1009 1281 1009 1282 235 1282 233 1282 1009 1283 233 1283 1014 1283 1014 1284 233 1284 1015 1284 1015 1285 233 1285 232 1285 1015 1286 232 1286 1016 1286 1016 1287 232 1287 1017 1287 1017 1288 232 1288 230 1288 1017 1289 230 1289 1005 1289 1005 1290 230 1290 1006 1290 1006 1291 230 1291 228 1291 1006 1292 228 1292 1018 1292 1018 1293 228 1293 227 1293 1018 1294 227 1294 1019 1294 1019 1295 227 1295 1020 1295 1020 1296 227 1296 226 1296 1020 1297 226 1297 1021 1297 1021 1298 226 1298 1022 1298 1022 1299 226 1299 224 1299 1022 1300 224 1300 1023 1300 1023 1301 224 1301 223 1301 1023 1302 223 1302 1024 1302 1024 1303 223 1303 216 1303 1024 1304 216 1304 1025 1304 1025 1305 216 1305 217 1305 1025 1306 217 1306 998 1306 998 1307 217 1307 218 1307 1253 1308 1252 1308 1335 1308 1253 1309 1335 1309 1336 1309 1336 1310 1335 1310 1337 1310 1336 1311 1337 1311 1338 1311 1338 1312 1337 1312 1339 1312 1338 1313 1339 1313 1340 1313 1340 1314 1339 1314 1341 1314 1340 1315 1341 1315 1342 1315 1342 1316 1341 1316 1343 1316 1342 1317 1343 1317 1344 1317 1344 1318 1343 1318 1345 1318 1344 1319 1345 1319 1346 1319 1346 1320 1345 1320 1347 1320 1346 1321 1347 1321 1348 1321 1348 1322 1347 1322 1349 1322 1348 1323 1349 1323 1350 1323 1350 1324 1349 1324 1351 1324 1350 1325 1351 1325 1352 1325 1352 1326 1351 1326 1353 1326 1352 1327 1353 1327 1109 1327 1109 1328 1353 1328 1354 1328 1354 1329 1353 1329 1355 1329 1355 1330 1353 1330 1351 1330 1355 1331 1351 1331 1349 1331 1355 1332 1349 1332 1356 1332 1356 1333 1349 1333 1347 1333 1356 1334 1347 1334 1357 1334 1357 1335 1347 1335 1345 1335 1357 1336 1345 1336 1358 1336 1358 1337 1345 1337 1343 1337 1358 1338 1343 1338 1359 1338 1359 1339 1343 1339 1341 1339 1359 1340 1341 1340 1360 1340 1360 1341 1341 1341 1339 1341 1360 1342 1339 1342 1361 1342 1361 1343 1339 1343 1337 1343 1361 1344 1337 1344 1362 1344 1362 1345 1337 1345 1335 1345 1362 1346 1335 1346 1252 1346 1354 1347 1108 1347 1109 1347 1363 1348 1334 1348 1364 1348 1364 1349 1334 1349 1332 1349 1364 1350 1332 1350 1365 1350 1364 1351 1365 1351 1366 1351 1366 1352 1365 1352 1367 1352 1366 1353 1367 1353 1368 1353 1368 1354 1367 1354 1369 1354 1368 1355 1369 1355 1370 1355 1370 1356 1369 1356 1371 1356 1371 1357 1369 1357 1372 1357 1371 1358 1372 1358 1373 1358 1373 1359 1372 1359 1374 1359 1373 1360 1374 1360 1375 1360 1375 1361 1374 1361 1376 1361 1375 1362 1376 1362 1377 1362 1377 1363 1376 1363 1378 1363 1377 1364 1378 1364 1379 1364 1379 1365 1378 1365 1380 1365 1379 1366 1380 1366 1381 1366 1379 1367 1381 1367 1382 1367 1382 1368 1381 1368 1380 1368 1382 1369 1380 1369 1383 1369 1382 1370 1383 1370 1384 1370 1384 1371 1383 1371 1385 1371 1384 1372 1385 1372 1382 1372 1372 1373 1376 1373 1374 1373 1385 1374 1383 1374 1111 1374 1385 1375 1111 1375 1386 1375 1386 1376 1111 1376 1110 1376 1386 1377 1110 1377 1385 1377 1379 1378 1387 1378 1377 1378 1377 1379 1387 1379 1375 1379 1373 1380 1388 1380 1371 1380 1371 1381 1388 1381 1370 1381 1370 1382 1389 1382 1390 1382 1390 1383 1389 1383 1391 1383 1392 1384 1393 1384 1391 1384 1391 1385 1393 1385 1394 1385 1391 1386 1394 1386 1390 1386 1390 1387 1394 1387 1395 1387 1390 1388 1395 1388 1370 1388 1370 1389 1395 1389 1396 1389 1370 1390 1396 1390 1368 1390 1368 1391 1396 1391 1366 1391 1366 1392 1396 1392 1397 1392 1366 1393 1397 1393 1363 1393 1366 1394 1363 1394 1364 1394 1392 1395 1398 1395 1399 1395 1392 1396 1399 1396 1393 1396 1393 1397 1399 1397 1394 1397 1398 1398 1392 1398 1400 1398 1398 1364 1400 1364 1399 1364 1399 1399 1400 1399 1401 1399 1401 1400 1400 1400 1402 1400 1402 1401 1400 1401 1403 1401 1402 1402 1403 1402 1401 1402 1401 1403 1403 1403 1328 1403 1328 1404 1403 1404 1329 1404 1404 1405 1069 1405 1405 1405 1405 1406 1069 1406 1070 1406 1405 1407 1070 1407 1406 1407 1405 1408 1406 1408 1407 1408 1407 1408 1406 1408 1408 1408 1407 1409 1408 1409 1409 1409 1409 1410 1408 1410 1410 1410 1409 1411 1410 1411 1411 1411 1411 1412 1410 1412 1412 1412 1411 1413 1412 1413 1413 1413 1413 1414 1412 1414 1414 1414 1413 1415 1414 1415 1415 1415 1415 1416 1414 1416 1416 1416 1415 1417 1416 1417 1417 1417 1417 1418 1416 1418 1418 1418 1417 1419 1418 1419 1419 1419 1419 1420 1418 1420 1420 1420 1419 1421 1420 1421 1421 1421 1421 1422 1420 1422 1422 1422 1421 1423 1422 1423 1423 1423 1423 1424 1422 1424 1331 1424 1331 1425 1333 1425 1423 1425 1333 1426 1424 1426 1423 1426 1423 1427 1424 1427 1421 1427 1421 1428 1424 1428 1419 1428 1424 1429 1425 1429 1419 1429 1419 1420 1425 1420 1417 1420 1425 1430 1426 1430 1417 1430 1417 1431 1426 1431 1415 1431 1426 1432 1427 1432 1415 1432 1415 1433 1427 1433 1413 1433 1427 1434 1428 1434 1413 1434 1413 1435 1428 1435 1411 1435 1428 1413 1429 1413 1411 1413 1411 1412 1429 1412 1409 1412 1429 1411 1430 1411 1409 1411 1409 1436 1430 1436 1407 1436 1430 1437 1404 1437 1407 1437 1407 1408 1404 1408 1405 1408 1431 1438 1326 1438 1329 1438 1432 1439 1326 1439 1431 1439 1326 1440 1432 1440 1259 1440 1259 1441 1432 1441 1433 1441 1259 1442 1433 1442 1256 1442 1256 1443 1433 1443 1434 1443 1256 1444 1434 1444 1254 1444 1254 1445 1434 1445 1435 1445 1254 1446 1435 1446 1436 1446 1254 1447 1436 1447 1123 1447 1123 1448 1436 1448 1437 1448 1123 1449 1437 1449 1438 1449 1123 1450 1438 1450 1439 1450 1123 1451 1439 1451 1117 1451 1117 1452 1439 1452 1440 1452 1117 1453 1440 1453 1114 1453 1114 1454 1440 1454 1441 1454 1114 1455 1441 1455 1110 1455 1110 1456 1441 1456 1385 1456 1385 1457 1441 1457 1442 1457 1385 1458 1442 1458 1382 1458 1382 1459 1442 1459 1379 1459 1379 1460 1442 1460 1443 1460 1379 1461 1443 1461 1387 1461 1387 1462 1443 1462 1375 1462 1375 1463 1443 1463 1444 1463 1375 1464 1444 1464 1373 1464 1373 1465 1444 1465 1445 1465 1373 1466 1445 1466 1388 1466 1388 1467 1445 1467 1446 1467 1388 1468 1446 1468 1370 1468 1370 1469 1446 1469 1389 1469 1389 1470 1446 1470 1447 1470 1389 1471 1447 1471 1448 1471 1389 1472 1448 1472 1391 1472 1391 1473 1448 1473 1392 1473 1392 1474 1448 1474 1449 1474 1392 1475 1449 1475 1400 1475 1400 1476 1449 1476 1403 1476 1403 1477 1449 1477 1431 1477 1403 1478 1431 1478 1329 1478 1450 1479 1431 1479 1449 1479 1450 1480 1449 1480 1451 1480 1451 1481 1449 1481 1448 1481 1451 1482 1448 1482 1452 1482 1452 1483 1448 1483 1447 1483 1452 1484 1447 1484 1453 1484 1453 1485 1447 1485 1454 1485 1454 1486 1447 1486 1446 1486 1454 1487 1446 1487 1455 1487 1455 1488 1446 1488 1445 1488 1455 1489 1445 1489 1456 1489 1456 1490 1445 1490 1444 1490 1456 1491 1444 1491 1457 1491 1457 1492 1444 1492 1443 1492 1457 1493 1443 1493 1458 1493 1458 1494 1443 1494 1442 1494 1458 1495 1442 1495 1459 1495 1459 1496 1442 1496 1441 1496 1459 1497 1441 1497 1460 1497 1460 1498 1441 1498 1461 1498 1461 1499 1441 1499 1440 1499 1461 1500 1440 1500 1462 1500 1462 1501 1440 1501 1439 1501 1462 1502 1439 1502 1438 1502 1462 1503 1438 1503 1463 1503 1463 1504 1438 1504 1464 1504 1464 1505 1438 1505 1437 1505 1464 1506 1437 1506 1465 1506 1465 1507 1437 1507 1436 1507 1465 1508 1436 1508 1466 1508 1466 1509 1436 1509 1435 1509 1466 1510 1435 1510 1467 1510 1467 1511 1435 1511 1434 1511 1467 1512 1434 1512 1468 1512 1468 1513 1434 1513 1433 1513 1468 1514 1433 1514 1469 1514 1469 1515 1433 1515 1432 1515 1469 1516 1432 1516 1450 1516 1450 1517 1432 1517 1431 1517 1450 1518 370 1518 406 1518 1450 1519 406 1519 1469 1519 1469 1520 406 1520 405 1520 1469 1521 405 1521 1468 1521 1468 1522 405 1522 404 1522 1468 1523 404 1523 1467 1523 1467 1524 404 1524 403 1524 1467 1525 403 1525 1466 1525 1466 1526 403 1526 393 1526 1466 1527 393 1527 383 1527 1466 1528 383 1528 1465 1528 1465 1529 383 1529 384 1529 1465 1530 384 1530 385 1530 1465 1531 385 1531 1464 1531 1464 1532 385 1532 271 1532 1464 1533 271 1533 1463 1533 1463 1534 271 1534 270 1534 1463 1535 270 1535 1462 1535 1462 1536 270 1536 392 1536 1462 1537 392 1537 1461 1537 1461 1538 392 1538 391 1538 1461 1539 391 1539 1460 1539 1460 1540 391 1540 390 1540 1460 1541 390 1541 1459 1541 1459 1542 390 1542 389 1542 1459 1543 389 1543 1458 1543 1458 1544 389 1544 388 1544 1458 1545 388 1545 1457 1545 1457 1546 388 1546 1456 1546 1456 1547 388 1547 387 1547 1456 1548 387 1548 1455 1548 1455 1549 387 1549 386 1549 1455 1550 386 1550 382 1550 1455 1551 382 1551 1454 1551 1454 1552 382 1552 380 1552 1454 1553 380 1553 1453 1553 1453 1554 380 1554 378 1554 1453 1555 378 1555 1452 1555 1452 1556 378 1556 377 1556 1452 1557 377 1557 1451 1557 1451 1558 377 1558 379 1558 1451 1559 379 1559 370 1559 1451 1560 370 1560 1450 1560 1470 1561 1043 1561 1471 1561 1471 1562 1043 1562 674 1562 1043 1563 1470 1563 1042 1563 1042 1564 1470 1564 1472 1564 1042 1565 1472 1565 1038 1565 1038 1566 1472 1566 1473 1566 1038 1567 1473 1567 1474 1567 1038 1568 1474 1568 1037 1568 1037 1569 1474 1569 1475 1569 1037 1570 1475 1570 1035 1570 1035 1571 1475 1571 1476 1571 1035 1572 1476 1572 1477 1572 1035 1573 1477 1573 1478 1573 1035 1574 1478 1574 1031 1574 1031 1575 1478 1575 1028 1575 1028 1576 1478 1576 1479 1576 1028 1577 1479 1577 654 1577 654 1578 1479 1578 1480 1578 654 1579 1480 1579 1481 1579 654 1580 1481 1580 655 1580 655 1581 1481 1581 1482 1581 655 1582 1482 1582 659 1582 659 1583 1482 1583 1483 1583 659 1584 1483 1584 661 1584 661 1585 1483 1585 1484 1585 661 1586 1484 1586 663 1586 663 1587 1484 1587 1485 1587 663 1588 1485 1588 666 1588 666 1589 1485 1589 1486 1589 666 1590 1486 1590 668 1590 668 1591 1486 1591 1487 1591 668 1592 1487 1592 1488 1592 668 1593 1488 1593 671 1593 671 1594 1488 1594 1489 1594 671 1595 1489 1595 674 1595 674 1596 1489 1596 1471 1596 1490 1597 1471 1597 1489 1597 1490 1598 1489 1598 1491 1598 1491 1599 1489 1599 1488 1599 1491 1600 1488 1600 1492 1600 1492 1601 1488 1601 1487 1601 1492 1602 1487 1602 1493 1602 1493 1603 1487 1603 1486 1603 1493 1604 1486 1604 1494 1604 1494 1605 1486 1605 1495 1605 1495 1606 1486 1606 1485 1606 1495 1607 1485 1607 1496 1607 1496 1608 1485 1608 1484 1608 1496 1609 1484 1609 1497 1609 1497 1610 1484 1610 1483 1610 1497 1611 1483 1611 1498 1611 1498 1612 1483 1612 1482 1612 1498 1613 1482 1613 1499 1613 1499 1614 1482 1614 1481 1614 1499 1615 1481 1615 1500 1615 1500 1616 1481 1616 1480 1616 1500 1617 1480 1617 1501 1617 1501 1618 1480 1618 1502 1618 1502 1619 1480 1619 1479 1619 1502 1620 1479 1620 1503 1620 1503 1621 1479 1621 1478 1621 1503 1622 1478 1622 1504 1622 1504 1623 1478 1623 1477 1623 1504 1624 1477 1624 1505 1624 1505 1625 1477 1625 1506 1625 1506 1626 1477 1626 1476 1626 1506 1627 1476 1627 1507 1627 1507 1628 1476 1628 1508 1628 1508 1629 1476 1629 1475 1629 1508 1630 1475 1630 1509 1630 1509 1631 1475 1631 1474 1631 1509 1632 1474 1632 1473 1632 1509 1633 1473 1633 1510 1633 1510 1634 1473 1634 1511 1634 1511 1635 1473 1635 1472 1635 1511 1636 1472 1636 1512 1636 1512 1637 1472 1637 1470 1637 1512 1638 1470 1638 1513 1638 1513 1639 1470 1639 1471 1639 1513 1640 1471 1640 1490 1640 556 1641 555 1641 1490 1641 1490 1642 555 1642 1513 1642 1513 1643 555 1643 590 1643 1513 1644 590 1644 1512 1644 1512 1645 590 1645 1511 1645 1511 1646 590 1646 589 1646 1511 1647 589 1647 1510 1647 1510 1648 589 1648 578 1648 1510 1649 578 1649 1509 1649 1509 1650 578 1650 567 1650 1509 1651 567 1651 1508 1651 1508 1652 567 1652 568 1652 1508 1653 568 1653 1507 1653 1507 1654 568 1654 569 1654 1507 1655 569 1655 1506 1655 1506 1656 569 1656 457 1656 1506 1657 457 1657 1505 1657 1505 1658 457 1658 456 1658 1505 1659 456 1659 1504 1659 1504 1660 456 1660 577 1660 1504 1661 577 1661 1503 1661 1503 1662 577 1662 576 1662 1503 1663 576 1663 1502 1663 1502 1664 576 1664 1501 1664 1501 1665 576 1665 575 1665 1501 1666 575 1666 1500 1666 1500 1667 575 1667 574 1667 1500 1668 574 1668 1499 1668 1499 1669 574 1669 573 1669 1499 1670 573 1670 1498 1670 1498 1671 573 1671 572 1671 1498 1672 572 1672 1497 1672 1497 1673 572 1673 571 1673 1497 1674 571 1674 1496 1674 1496 1675 571 1675 570 1675 1496 1676 570 1676 1495 1676 1495 1677 570 1677 463 1677 1495 1678 463 1678 566 1678 1495 1679 566 1679 1494 1679 1494 1680 566 1680 565 1680 1494 1681 565 1681 1493 1681 1493 1682 565 1682 564 1682 1493 1683 564 1683 1492 1683 1492 1684 564 1684 563 1684 1492 1685 563 1685 1491 1685 1491 1686 563 1686 556 1686 1491 1687 556 1687 1490 1687 945 1688 795 1688 961 1688 961 1307 795 1307 794 1307 961 1689 794 1689 963 1689 963 1690 794 1690 792 1690 963 1691 792 1691 790 1691 963 1692 790 1692 965 1692 965 1693 790 1693 789 1693 965 1694 789 1694 969 1694 969 1695 789 1695 788 1695 969 1696 788 1696 968 1696 968 1697 788 1697 786 1697 968 1698 786 1698 967 1698 967 1699 786 1699 784 1699 967 1700 784 1700 966 1700 966 1701 784 1701 970 1701 970 1702 784 1702 783 1702 970 1703 783 1703 971 1703 971 1704 783 1704 781 1704 971 1705 781 1705 780 1705 971 1706 780 1706 972 1706 972 1707 780 1707 775 1707 972 1708 775 1708 964 1708 964 1709 775 1709 774 1709 964 1710 774 1710 962 1710 962 1711 774 1711 772 1711 962 1712 772 1712 960 1712 960 1713 772 1713 770 1713 960 1714 770 1714 937 1714 937 1715 770 1715 776 1715 778 1716 777 1716 929 1716 929 1717 777 1717 1514 1717 929 1718 1514 1718 930 1718 930 1719 1514 1719 1515 1719 930 1720 1515 1720 931 1720 931 1721 1515 1721 932 1721 932 1722 1515 1722 1516 1722 932 1723 1516 1723 933 1723 933 1724 1516 1724 1517 1724 933 1725 1517 1725 934 1725 934 1726 1517 1726 927 1726 927 1727 1517 1727 1518 1727 927 1728 1518 1728 928 1728 928 1729 1518 1729 935 1729 935 1730 1518 1730 1519 1730 935 1731 1519 1731 936 1731 936 1732 1519 1732 938 1732 938 1733 1519 1733 1520 1733 938 1734 1520 1734 939 1734 939 1735 1520 1735 940 1735 940 1736 1520 1736 941 1736 941 1737 1520 1737 1521 1737 941 1738 1521 1738 942 1738 942 1739 1521 1739 1522 1739 942 1740 1522 1740 1523 1740 1524 1741 1523 1741 1525 1741 1525 1742 1523 1742 1526 1742 1525 1743 1526 1743 1527 1743 1527 1744 1526 1744 1528 1744 1527 1745 1528 1745 1529 1745 1529 1746 1528 1746 1530 1746 1529 1747 1530 1747 1531 1747 1531 1748 1530 1748 1532 1748 1531 1749 1532 1749 1533 1749 1533 1750 1532 1750 1534 1750 1533 1751 1534 1751 1535 1751 1535 1752 1534 1752 1536 1752 1535 1753 1536 1753 1537 1753 1535 1754 1537 1754 1538 1754 1538 1755 1537 1755 1539 1755 1538 1756 1539 1756 1540 1756 1540 1757 1539 1757 1541 1757 1540 1758 1541 1758 1542 1758 1542 1759 1541 1759 1543 1759 1542 1760 1543 1760 1544 1760 1542 1761 1544 1761 1545 1761 1545 1762 1544 1762 1546 1762 1545 1763 1546 1763 1547 1763 1547 1764 1546 1764 1548 1764 1547 1765 1548 1765 1549 1765 1549 1766 1548 1766 1550 1766 1549 1767 1550 1767 1551 1767 1551 1768 1550 1768 1552 1768 1551 1769 1552 1769 1553 1769 1553 1770 1552 1770 1554 1770 1553 1771 1554 1771 1555 1771 1553 1772 1555 1772 1556 1772 1556 1773 1555 1773 1557 1773 1556 1774 1557 1774 1558 1774 1558 1775 1557 1775 1559 1775 1558 1776 1559 1776 1004 1776 1004 1777 1559 1777 973 1777 973 1778 1559 1778 1560 1778 973 1779 1560 1779 1561 1779 1523 1780 1522 1780 1526 1780 1522 1742 1562 1742 1526 1742 1526 1743 1562 1743 1528 1743 1562 1781 1563 1781 1528 1781 1528 1782 1563 1782 1530 1782 1563 1783 1564 1783 1530 1783 1530 1784 1564 1784 1532 1784 1532 1785 1564 1785 1534 1785 1564 1786 1565 1786 1534 1786 1534 1787 1565 1787 1536 1787 1565 1788 1566 1788 1536 1788 1536 1789 1566 1789 1537 1789 1566 1790 1567 1790 1537 1790 1537 1791 1567 1791 1539 1791 1567 1792 1568 1792 1539 1792 1539 1793 1568 1793 1541 1793 1568 1794 1569 1794 1541 1794 1541 1795 1569 1795 1543 1795 1569 1796 1570 1796 1543 1796 1543 1797 1570 1797 1544 1797 1570 1797 1571 1797 1544 1797 1544 1798 1571 1798 1546 1798 1571 1762 1572 1762 1546 1762 1546 1799 1572 1799 1548 1799 1572 1800 1573 1800 1548 1800 1548 1801 1573 1801 1550 1801 1573 1802 1574 1802 1550 1802 1550 1803 1574 1803 1552 1803 1574 1804 1575 1804 1552 1804 1552 1805 1575 1805 1554 1805 1575 1806 1576 1806 1554 1806 1554 1807 1576 1807 1555 1807 1555 1808 1576 1808 1557 1808 1576 1809 1560 1809 1557 1809 1557 1810 1560 1810 1559 1810 973 1811 1561 1811 974 1811 974 1812 1561 1812 1577 1812 974 1813 1577 1813 976 1813 976 1814 1577 1814 977 1814 977 1815 1577 1815 978 1815 978 1816 1577 1816 1578 1816 978 1817 1578 1817 979 1817 979 1818 1578 1818 980 1818 980 1819 1578 1819 1579 1819 980 1820 1579 1820 981 1820 981 1821 1579 1821 1580 1821 981 1822 1580 1822 982 1822 982 1823 1580 1823 983 1823 983 1824 1580 1824 1581 1824 983 1825 1581 1825 984 1825 984 1826 1581 1826 985 1826 985 1827 1581 1827 1582 1827 985 1828 1582 1828 986 1828 986 1829 1582 1829 987 1829 987 1830 1582 1830 1583 1830 987 1831 1583 1831 988 1831 988 1832 1583 1832 87 1832 988 1833 87 1833 86 1833 1558 1834 1004 1834 1584 1834 1584 1835 1004 1835 1003 1835 1584 1836 1003 1836 1585 1836 1585 1837 1003 1837 1002 1837 1585 1838 1002 1838 1001 1838 1585 1839 1001 1839 1586 1839 1586 1840 1001 1840 1000 1840 1586 1841 1000 1841 999 1841 1586 1842 999 1842 1587 1842 1587 1843 999 1843 997 1843 1587 1844 997 1844 996 1844 1587 1845 996 1845 1588 1845 1588 1846 996 1846 995 1846 1588 1847 995 1847 994 1847 1588 1848 994 1848 1589 1848 1589 1849 994 1849 993 1849 1589 1850 993 1850 1590 1850 1590 1851 993 1851 992 1851 1590 1852 992 1852 1591 1852 1591 1853 992 1853 991 1853 1591 1854 991 1854 990 1854 1591 1855 990 1855 1592 1855 1592 1856 990 1856 989 1856 1592 1857 989 1857 221 1857 221 1858 989 1858 220 1858 1523 1859 1524 1859 943 1859 1523 1860 943 1860 942 1860 1524 1861 1593 1861 943 1861 943 1862 1593 1862 944 1862 944 1863 1593 1863 1594 1863 944 1864 1594 1864 946 1864 946 1865 1594 1865 947 1865 947 1866 1594 1866 1595 1866 947 1867 1595 1867 948 1867 948 1868 1595 1868 1596 1868 948 1869 1596 1869 949 1869 949 1870 1596 1870 950 1870 950 1871 1596 1871 951 1871 951 1872 1596 1872 1597 1872 951 1873 1597 1873 952 1873 952 1874 1597 1874 953 1874 953 1875 1597 1875 1598 1875 953 1876 1598 1876 954 1876 954 1877 1598 1877 955 1877 955 1878 1598 1878 1599 1878 955 1879 1599 1879 956 1879 956 1880 1599 1880 1600 1880 956 1881 1600 1881 957 1881 957 1882 1600 1882 958 1882 958 1883 1600 1883 1601 1883 958 1884 1601 1884 959 1884 959 1885 1601 1885 797 1885 959 1886 797 1886 798 1886 1602 1887 653 1887 697 1887 1602 1888 697 1888 1603 1888 1603 1889 697 1889 657 1889 1603 1890 657 1890 1604 1890 1604 1891 657 1891 656 1891 1604 1892 656 1892 1605 1892 1605 1893 656 1893 658 1893 1605 1894 658 1894 1606 1894 1606 1895 658 1895 660 1895 1606 1896 660 1896 1607 1896 1607 1897 660 1897 1608 1897 1608 1898 660 1898 662 1898 1608 1899 662 1899 1609 1899 1609 1900 662 1900 664 1900 1609 1901 664 1901 1610 1901 1610 1902 664 1902 665 1902 1610 1903 665 1903 1611 1903 1611 1904 665 1904 667 1904 1611 1905 667 1905 1612 1905 1612 1906 667 1906 669 1906 1612 1907 669 1907 1613 1907 1613 1908 669 1908 670 1908 1613 1909 670 1909 1614 1909 1614 1910 670 1910 672 1910 1614 1911 672 1911 1615 1911 1615 1912 672 1912 696 1912 1615 1913 696 1913 1616 1913 1616 1914 696 1914 675 1914 1616 1915 675 1915 1617 1915 1617 1916 675 1916 678 1916 1617 1917 678 1917 1618 1917 1618 1918 678 1918 677 1918 1618 1919 677 1919 1619 1919 1619 1920 677 1920 1620 1920 1620 1921 677 1921 680 1921 1620 1922 680 1922 1621 1922 1621 1923 680 1923 1622 1923 1622 1924 680 1924 682 1924 1622 1925 682 1925 1623 1925 1623 1926 682 1926 684 1926 1623 1927 684 1927 1624 1927 1624 1928 684 1928 1625 1928 1625 1929 684 1929 686 1929 1625 1930 686 1930 1626 1930 1626 1931 686 1931 1627 1931 1627 1932 686 1932 688 1932 1627 1933 688 1933 1628 1933 1628 1934 688 1934 1629 1934 1629 1935 688 1935 690 1935 1629 1936 690 1936 1630 1936 1630 1937 690 1937 692 1937 1630 1938 692 1938 1631 1938 1631 1939 692 1939 1632 1939 1632 1940 692 1940 695 1940 1632 1941 695 1941 653 1941 1632 1942 653 1942 1602 1942 1602 1943 1633 1943 1634 1943 1602 1944 1634 1944 1632 1944 1632 1945 1634 1945 1635 1945 1632 1946 1635 1946 1631 1946 1631 1947 1635 1947 1636 1947 1631 1948 1636 1948 1630 1948 1630 1949 1636 1949 1637 1949 1630 1950 1637 1950 1629 1950 1629 1951 1637 1951 1638 1951 1629 1952 1638 1952 1639 1952 1629 1953 1639 1953 1628 1953 1628 1954 1639 1954 1640 1954 1628 1955 1640 1955 1627 1955 1627 1956 1640 1956 1641 1956 1627 1957 1641 1957 1626 1957 1626 1958 1641 1958 1642 1958 1626 1959 1642 1959 1643 1959 1626 1960 1643 1960 1625 1960 1625 1961 1643 1961 1644 1961 1625 1962 1644 1962 1624 1962 1624 1963 1644 1963 1645 1963 1624 1964 1645 1964 1623 1964 1623 1965 1645 1965 1646 1965 1623 1966 1646 1966 1622 1966 1622 1967 1646 1967 1647 1967 1622 1968 1647 1968 1621 1968 1621 1969 1647 1969 1648 1969 1621 1970 1648 1970 1620 1970 1620 1971 1648 1971 1649 1971 1620 1972 1649 1972 1619 1972 1619 1973 1649 1973 1650 1973 1619 1974 1650 1974 1651 1974 1619 1975 1651 1975 1618 1975 1618 1976 1651 1976 1652 1976 1618 1977 1652 1977 1617 1977 1617 1978 1652 1978 1653 1978 1617 1979 1653 1979 1616 1979 1616 1980 1653 1980 1654 1980 1616 1981 1654 1981 1615 1981 1615 1982 1654 1982 1655 1982 1615 1983 1655 1983 1614 1983 1614 1984 1655 1984 1656 1984 1614 1985 1656 1985 1657 1985 1614 1986 1657 1986 1613 1986 1613 1987 1657 1987 1658 1987 1613 1988 1658 1988 1612 1988 1612 1989 1658 1989 1659 1989 1612 1990 1659 1990 1611 1990 1611 1991 1659 1991 1660 1991 1611 1992 1660 1992 1661 1992 1611 1993 1661 1993 1610 1993 1610 1994 1661 1994 1662 1994 1610 1995 1662 1995 1609 1995 1609 1996 1662 1996 1663 1996 1609 1997 1663 1997 1664 1997 1609 1998 1664 1998 1608 1998 1608 1999 1664 1999 1665 1999 1608 2000 1665 2000 1607 2000 1607 2001 1665 2001 1666 2001 1607 2002 1666 2002 1606 2002 1606 2003 1666 2003 1667 2003 1606 2004 1667 2004 1605 2004 1605 2005 1667 2005 1668 2005 1605 2006 1668 2006 1604 2006 1604 2007 1668 2007 1669 2007 1604 2008 1669 2008 1603 2008 1603 2009 1669 2009 1633 2009 1603 2010 1633 2010 1602 2010 1670 2011 1634 2011 1671 2011 1671 2012 1634 2012 1633 2012 1671 2013 1633 2013 1672 2013 1672 2014 1633 2014 1669 2014 1672 2015 1669 2015 1673 2015 1673 2016 1669 2016 1668 2016 1673 2017 1668 2017 1667 2017 1673 2018 1667 2018 1674 2018 1674 2019 1667 2019 1675 2019 1675 2020 1667 2020 1666 2020 1675 2021 1666 2021 1665 2021 1675 2022 1665 2022 1676 2022 1676 2023 1665 2023 1664 2023 1676 2024 1664 2024 1677 2024 1677 2025 1664 2025 1663 2025 1677 2026 1663 2026 1662 2026 1677 2027 1662 2027 1678 2027 1678 2028 1662 2028 1661 2028 1678 2029 1661 2029 1679 2029 1679 2030 1661 2030 1660 2030 1679 2031 1660 2031 1680 2031 1680 2032 1660 2032 1659 2032 1680 2033 1659 2033 1681 2033 1681 2034 1659 2034 1658 2034 1681 2035 1658 2035 1657 2035 1681 2036 1657 2036 1682 2036 1682 2037 1657 2037 1656 2037 1682 2038 1656 2038 1683 2038 1683 2039 1656 2039 1655 2039 1683 2040 1655 2040 1654 2040 1683 2041 1654 2041 1684 2041 1684 2042 1654 2042 1653 2042 1684 2043 1653 2043 1685 2043 1685 2044 1653 2044 1652 2044 1685 2045 1652 2045 1686 2045 1686 2046 1652 2046 1651 2046 1686 2047 1651 2047 1687 2047 1687 2048 1651 2048 1650 2048 1687 2049 1650 2049 1688 2049 1688 2050 1650 2050 1649 2050 1688 2051 1649 2051 1689 2051 1689 2052 1649 2052 1648 2052 1689 2053 1648 2053 1690 2053 1690 2054 1648 2054 1647 2054 1690 2055 1647 2055 1646 2055 1690 2056 1646 2056 1691 2056 1691 2057 1646 2057 1645 2057 1691 2058 1645 2058 1692 2058 1692 2059 1645 2059 1644 2059 1692 2060 1644 2060 1643 2060 1692 2061 1643 2061 1693 2061 1693 2062 1643 2062 1642 2062 1693 2063 1642 2063 1694 2063 1694 2064 1642 2064 1641 2064 1694 2065 1641 2065 1695 2065 1695 2066 1641 2066 1640 2066 1695 2067 1640 2067 1639 2067 1695 2068 1639 2068 1696 2068 1696 2069 1639 2069 1638 2069 1696 2070 1638 2070 1697 2070 1697 2071 1638 2071 1637 2071 1697 2072 1637 2072 1698 2072 1698 2073 1637 2073 1636 2073 1698 2074 1636 2074 1699 2074 1699 2075 1636 2075 1700 2075 1700 2076 1636 2076 1635 2076 1700 2077 1635 2077 1634 2077 1700 2078 1634 2078 1670 2078 703 2079 1671 2079 748 2079 748 2080 1671 2080 1672 2080 748 2081 1672 2081 1673 2081 748 2082 1673 2082 749 2082 749 2083 1673 2083 1674 2083 749 2084 1674 2084 1675 2084 749 2085 1675 2085 750 2085 750 2086 1675 2086 1676 2086 750 2087 1676 2087 699 2087 699 2088 1676 2088 1677 2088 699 2089 1677 2089 1678 2089 699 2090 1678 2090 751 2090 751 2091 1678 2091 1679 2091 751 2092 1679 2092 1680 2092 751 2093 1680 2093 1681 2093 751 2094 1681 2094 752 2094 752 2095 1681 2095 1682 2095 752 2096 1682 2096 753 2096 753 2097 1682 2097 1683 2097 753 2098 1683 2098 1684 2098 753 2099 1684 2099 754 2099 754 2100 1684 2100 1685 2100 754 2101 1685 2101 745 2101 745 2102 1685 2102 1686 2102 745 2103 1686 2103 1687 2103 745 2104 1687 2104 746 2104 746 2105 1687 2105 1688 2105 746 2106 1688 2106 729 2106 729 2107 1688 2107 1689 2107 729 2108 1689 2108 731 2108 731 2109 1689 2109 1690 2109 731 2110 1690 2110 1691 2110 731 2111 1691 2111 733 2111 733 2112 1691 2112 1692 2112 733 2113 1692 2113 735 2113 735 2114 1692 2114 1693 2114 735 2115 1693 2115 1694 2115 735 2116 1694 2116 737 2116 737 2117 1694 2117 1695 2117 737 2118 1695 2118 1696 2118 737 2119 1696 2119 739 2119 739 2120 1696 2120 1697 2120 739 2121 1697 2121 741 2121 741 2122 1697 2122 1698 2122 741 2123 1698 2123 743 2123 743 2124 1698 2124 1699 2124 743 2125 1699 2125 702 2125 702 2126 1699 2126 1700 2126 702 2127 1700 2127 1670 2127 702 2128 1670 2128 703 2128 703 2129 1670 2129 1671 2129 1701 2130 647 2130 694 2130 1701 2131 694 2131 1702 2131 1702 2132 694 2132 693 2132 1702 2133 693 2133 1703 2133 1703 2134 693 2134 1704 2134 1704 2135 693 2135 691 2135 1704 2136 691 2136 689 2136 1704 2137 689 2137 1705 2137 1705 2138 689 2138 1706 2138 1706 2139 689 2139 687 2139 1706 2140 687 2140 1707 2140 1707 2141 687 2141 1708 2141 1708 2142 687 2142 685 2142 1708 2143 685 2143 1709 2143 1709 2144 685 2144 683 2144 1709 2145 683 2145 1710 2145 1710 2146 683 2146 1711 2146 1711 2147 683 2147 681 2147 1711 2148 681 2148 1712 2148 1712 2149 681 2149 1713 2149 1713 2150 681 2150 679 2150 1713 2151 679 2151 1714 2151 1714 2152 679 2152 676 2152 1714 2153 676 2153 1715 2153 1715 2154 676 2154 632 2154 1715 2155 632 2155 1716 2155 1716 2156 632 2156 1717 2156 1717 2157 632 2157 634 2157 1717 2158 634 2158 1718 2158 1718 2159 634 2159 636 2159 1718 2160 636 2160 1719 2160 1719 2161 636 2161 1720 2161 1720 2162 636 2162 637 2162 1720 2163 637 2163 1721 2163 1721 2164 637 2164 1722 2164 1722 2165 637 2165 639 2165 1722 2166 639 2166 1723 2166 1723 2167 639 2167 1724 2167 1724 2168 639 2168 640 2168 1724 2169 640 2169 1725 2169 1725 2170 640 2170 642 2170 1725 2171 642 2171 1726 2171 1726 2172 642 2172 1727 2172 1727 2173 642 2173 643 2173 1727 2174 643 2174 1728 2174 1728 2175 643 2175 1729 2175 1729 2176 643 2176 645 2176 1729 2177 645 2177 1730 2177 1730 2178 645 2178 647 2178 1730 2179 647 2179 1731 2179 1731 2180 647 2180 1701 2180 1701 2181 1732 2181 1733 2181 1701 2182 1733 2182 1731 2182 1731 2183 1733 2183 1734 2183 1731 2184 1734 2184 1730 2184 1730 2185 1734 2185 1735 2185 1730 2186 1735 2186 1729 2186 1729 2187 1735 2187 1736 2187 1729 2188 1736 2188 1728 2188 1728 2189 1736 2189 1737 2189 1728 2190 1737 2190 1727 2190 1727 2191 1737 2191 1738 2191 1727 2192 1738 2192 1726 2192 1726 2193 1738 2193 1739 2193 1726 2194 1739 2194 1725 2194 1725 2195 1739 2195 1740 2195 1725 2196 1740 2196 1741 2196 1725 2197 1741 2197 1724 2197 1724 2198 1741 2198 1742 2198 1724 2199 1742 2199 1723 2199 1723 2200 1742 2200 1743 2200 1723 2201 1743 2201 1722 2201 1722 2202 1743 2202 1744 2202 1722 2203 1744 2203 1721 2203 1721 2204 1744 2204 1745 2204 1721 2205 1745 2205 1720 2205 1720 2206 1745 2206 1746 2206 1720 2207 1746 2207 1719 2207 1719 2208 1746 2208 1747 2208 1719 2209 1747 2209 1718 2209 1718 2210 1747 2210 1748 2210 1718 2211 1748 2211 1749 2211 1718 2212 1749 2212 1717 2212 1717 2213 1749 2213 1750 2213 1717 2214 1750 2214 1716 2214 1716 2215 1750 2215 1751 2215 1716 2216 1751 2216 1715 2216 1715 2217 1751 2217 1752 2217 1715 2218 1752 2218 1714 2218 1714 2219 1752 2219 1753 2219 1714 2220 1753 2220 1713 2220 1713 2221 1753 2221 1754 2221 1713 2222 1754 2222 1712 2222 1712 2223 1754 2223 1755 2223 1712 2224 1755 2224 1711 2224 1711 2225 1755 2225 1756 2225 1711 2226 1756 2226 1757 2226 1711 2227 1757 2227 1710 2227 1710 2228 1757 2228 1758 2228 1710 2229 1758 2229 1709 2229 1709 2230 1758 2230 1759 2230 1709 2231 1759 2231 1708 2231 1708 2232 1759 2232 1760 2232 1708 2233 1760 2233 1707 2233 1707 2234 1760 2234 1761 2234 1707 2235 1761 2235 1706 2235 1706 2236 1761 2236 1762 2236 1706 2237 1762 2237 1763 2237 1706 2238 1763 2238 1705 2238 1705 2239 1763 2239 1764 2239 1705 2240 1764 2240 1765 2240 1705 2241 1765 2241 1704 2241 1704 2242 1765 2242 1766 2242 1704 2243 1766 2243 1703 2243 1703 2244 1766 2244 1767 2244 1703 2245 1767 2245 1702 2245 1702 2246 1767 2246 1768 2246 1702 2247 1768 2247 1732 2247 1702 2248 1732 2248 1701 2248 1769 2249 1732 2249 1770 2249 1770 2250 1732 2250 1768 2250 1770 2251 1768 2251 1771 2251 1771 2252 1768 2252 1767 2252 1771 2253 1767 2253 1772 2253 1772 2254 1767 2254 1766 2254 1772 2255 1766 2255 1765 2255 1772 2256 1765 2256 1773 2256 1773 2257 1765 2257 1764 2257 1773 2258 1764 2258 1763 2258 1773 2259 1763 2259 1774 2259 1774 2260 1763 2260 1762 2260 1774 2261 1762 2261 1775 2261 1775 2262 1762 2262 1761 2262 1775 2263 1761 2263 1760 2263 1775 2264 1760 2264 1776 2264 1776 2265 1760 2265 1759 2265 1776 2266 1759 2266 1777 2266 1777 2267 1759 2267 1758 2267 1777 2268 1758 2268 1778 2268 1778 2269 1758 2269 1757 2269 1778 2270 1757 2270 1779 2270 1779 2271 1757 2271 1756 2271 1779 2272 1756 2272 1780 2272 1780 2273 1756 2273 1755 2273 1780 2274 1755 2274 1781 2274 1781 2275 1755 2275 1754 2275 1781 2276 1754 2276 1782 2276 1782 2277 1754 2277 1753 2277 1782 2278 1753 2278 1783 2278 1783 2279 1753 2279 1752 2279 1783 2280 1752 2280 1784 2280 1784 2281 1752 2281 1751 2281 1784 2282 1751 2282 1750 2282 1784 2283 1750 2283 1785 2283 1785 2284 1750 2284 1786 2284 1786 2285 1750 2285 1749 2285 1786 2286 1749 2286 1748 2286 1786 2287 1748 2287 1787 2287 1787 2288 1748 2288 1747 2288 1787 2289 1747 2289 1746 2289 1787 2290 1746 2290 1788 2290 1788 2291 1746 2291 1745 2291 1788 2292 1745 2292 1789 2292 1789 2293 1745 2293 1744 2293 1789 2294 1744 2294 1790 2294 1790 2295 1744 2295 1743 2295 1790 2296 1743 2296 1791 2296 1791 2297 1743 2297 1742 2297 1791 2298 1742 2298 1792 2298 1792 2299 1742 2299 1741 2299 1792 2300 1741 2300 1793 2300 1793 2301 1741 2301 1740 2301 1793 2302 1740 2302 1739 2302 1793 2303 1739 2303 1794 2303 1794 2304 1739 2304 1738 2304 1794 2305 1738 2305 1795 2305 1795 2306 1738 2306 1737 2306 1795 2307 1737 2307 1736 2307 1795 2308 1736 2308 1796 2308 1796 2309 1736 2309 1735 2309 1796 2310 1735 2310 1797 2310 1797 2311 1735 2311 1734 2311 1797 2312 1734 2312 1798 2312 1798 2313 1734 2313 1733 2313 1798 2314 1733 2314 1769 2314 1769 2315 1733 2315 1732 2315 706 2316 1769 2316 1770 2316 706 2317 1770 2317 747 2317 747 2318 1770 2318 1771 2318 747 2319 1771 2319 744 2319 744 2320 1771 2320 1772 2320 744 2321 1772 2321 742 2321 742 2322 1772 2322 1773 2322 742 2323 1773 2323 740 2323 740 2324 1773 2324 1774 2324 740 2325 1774 2325 738 2325 738 2326 1774 2326 1775 2326 738 2327 1775 2327 736 2327 736 2328 1775 2328 1776 2328 736 2329 1776 2329 734 2329 734 2330 1776 2330 1777 2330 734 2331 1777 2331 1778 2331 734 2332 1778 2332 732 2332 732 2333 1778 2333 1779 2333 732 2334 1779 2334 730 2334 730 2335 1779 2335 1780 2335 730 2336 1780 2336 1781 2336 730 2337 1781 2337 728 2337 728 2338 1781 2338 1782 2338 728 2339 1782 2339 1783 2339 728 2340 1783 2340 723 2340 723 2341 1783 2341 1784 2341 723 2342 1784 2342 1785 2342 723 2343 1785 2343 721 2343 721 2344 1785 2344 1786 2344 721 2345 1786 2345 719 2345 719 2346 1786 2346 1787 2346 719 2347 1787 2347 717 2347 717 2348 1787 2348 1788 2348 717 2349 1788 2349 1789 2349 717 2350 1789 2350 1790 2350 717 2351 1790 2351 715 2351 715 2352 1790 2352 1791 2352 715 2353 1791 2353 713 2353 713 2354 1791 2354 1792 2354 713 2355 1792 2355 1793 2355 713 2356 1793 2356 711 2356 711 2357 1793 2357 1794 2357 711 2358 1794 2358 1795 2358 711 2359 1795 2359 709 2359 709 2360 1795 2360 1796 2360 709 2361 1796 2361 1797 2361 709 2362 1797 2362 706 2362 706 2363 1797 2363 1798 2363 706 2364 1798 2364 1769 2364 1799 2365 766 2365 1800 2365 1800 2366 766 2366 768 2366 1800 2367 768 2367 1801 2367 1801 2368 768 2368 769 2368 1801 2369 769 2369 1802 2369 1802 2370 769 2370 1803 2370 1803 2371 769 2371 771 2371 1803 2372 771 2372 1804 2372 1804 2373 771 2373 773 2373 1804 2374 773 2374 1805 2374 1805 2375 773 2375 779 2375 1805 2376 779 2376 1806 2376 1806 2377 779 2377 782 2377 1806 2378 782 2378 785 2378 1806 2379 785 2379 1807 2379 1807 2380 785 2380 787 2380 1807 2381 787 2381 791 2381 1807 2382 791 2382 1808 2382 1808 2383 791 2383 799 2383 1808 2384 799 2384 1809 2384 1809 2385 799 2385 926 2385 1809 2386 926 2386 1810 2386 1810 2387 926 2387 925 2387 1810 2388 925 2388 1811 2388 1811 2389 925 2389 924 2389 1811 2390 924 2390 1812 2390 1812 2391 924 2391 803 2391 1812 2392 803 2392 892 2392 1812 2393 892 2393 1813 2393 1813 2394 892 2394 894 2394 1813 2395 894 2395 1814 2395 1814 2396 894 2396 899 2396 1814 2397 899 2397 1815 2397 1815 2398 899 2398 903 2398 1815 2399 903 2399 1816 2399 1816 2400 903 2400 906 2400 1816 2401 906 2401 1817 2401 1817 2402 906 2402 909 2402 1817 2403 909 2403 1818 2403 1818 2404 909 2404 911 2404 1818 2405 911 2405 1819 2405 1819 2406 911 2406 914 2406 1819 2407 914 2407 1820 2407 1820 2408 914 2408 917 2408 1820 2409 917 2409 1821 2409 1821 2410 917 2410 871 2410 1821 2411 871 2411 1822 2411 1822 2412 871 2412 870 2412 1822 2413 870 2413 1823 2413 1823 2414 870 2414 1824 2414 1824 2415 870 2415 759 2415 1824 2416 759 2416 1825 2416 1825 2417 759 2417 758 2417 1825 2418 758 2418 1826 2418 1826 2419 758 2419 756 2419 1826 2420 756 2420 1827 2420 1827 2421 756 2421 1828 2421 1828 2422 756 2422 760 2422 1828 2423 760 2423 1829 2423 1829 2424 760 2424 762 2424 1829 2425 762 2425 1830 2425 1830 2426 762 2426 1831 2426 1831 2427 762 2427 764 2427 1831 2428 764 2428 1832 2428 1832 2429 764 2429 766 2429 1832 2430 766 2430 1799 2430 1800 772 444 772 446 772 1800 772 446 772 1799 772 1799 2431 446 2431 448 2431 444 2432 1800 2432 459 2432 459 772 1800 772 1801 772 459 2433 1801 2433 461 2433 461 772 1801 772 464 772 464 772 1801 772 466 772 466 772 1801 772 1802 772 466 2434 1802 2434 468 2434 468 772 1802 772 471 772 471 772 1802 772 473 772 473 772 1802 772 1803 772 473 2435 1803 2435 475 2435 475 2436 1803 2436 477 2436 477 2437 1803 2437 479 2437 479 772 1803 772 481 772 481 772 1803 772 1804 772 1804 772 1805 772 481 772 481 2438 1805 2438 1806 2438 1806 772 1807 772 481 772 481 772 1807 772 483 772 483 2439 1807 2439 1808 2439 483 2440 1808 2440 485 2440 485 772 1808 772 488 772 488 2441 1808 2441 1809 2441 488 772 1809 772 490 772 490 772 1809 772 492 772 492 2442 1809 2442 1810 2442 492 772 1810 772 494 772 494 772 1810 772 497 772 497 772 1810 772 1811 772 497 772 1811 772 498 772 498 772 1811 772 501 772 501 772 1811 772 1812 772 501 772 1812 772 504 772 504 772 1812 772 506 772 506 772 1812 772 1813 772 506 2443 1813 2443 508 2443 508 772 1813 772 1814 772 508 772 1814 772 511 772 511 772 1814 772 1815 772 511 772 1815 772 513 772 513 772 1815 772 1816 772 513 772 1816 772 515 772 515 2444 1816 2444 1817 2444 515 2445 1817 2445 518 2445 518 772 1817 772 521 772 521 2446 1817 2446 1818 2446 521 772 1818 772 523 772 523 2447 1818 2447 525 2447 525 2448 1818 2448 527 2448 527 2449 1818 2449 530 2449 530 772 1818 772 533 772 533 2450 1818 2450 535 2450 535 2451 1818 2451 1827 2451 535 772 1827 772 1828 772 1827 772 1818 772 1819 772 1827 2452 1819 2452 1826 2452 1826 772 1819 772 1820 772 1826 772 1820 772 1825 772 1825 772 1820 772 1821 772 1825 772 1821 772 1824 772 1824 772 1821 772 1822 772 1824 772 1822 772 1823 772 535 2453 1828 2453 1829 2453 535 2454 1829 2454 1830 2454 535 2455 1830 2455 537 2455 537 2456 1830 2456 539 2456 539 772 1830 772 541 772 541 2457 1830 2457 543 2457 543 772 1830 772 545 772 545 772 1830 772 1831 772 545 2458 1831 2458 548 2458 548 2459 1831 2459 550 2459 550 772 1831 772 552 772 552 2460 1831 2460 1832 2460 552 2461 1832 2461 454 2461 454 2462 1832 2462 452 2462 452 772 1832 772 1799 772 452 772 1799 772 450 772 450 2463 1799 2463 448 2463 1833 2464 857 2464 1834 2464 1834 2465 857 2465 859 2465 1834 2466 859 2466 1835 2466 1835 2467 859 2467 861 2467 1835 2468 861 2468 1836 2468 1836 2469 861 2469 1837 2469 1837 2470 861 2470 923 2470 1837 2471 923 2471 1838 2471 1838 2472 923 2472 922 2472 1838 2473 922 2473 1839 2473 1839 2474 922 2474 921 2474 1839 2475 921 2475 1840 2475 1840 2476 921 2476 920 2476 1840 2477 920 2477 1841 2477 1841 2478 920 2478 817 2478 1841 2479 817 2479 1842 2479 1842 2480 817 2480 818 2480 1842 2481 818 2481 1843 2481 1843 2482 818 2482 1844 2482 1844 2483 818 2483 819 2483 1844 2484 819 2484 1845 2484 1845 2485 819 2485 821 2485 1845 2486 821 2486 1846 2486 1846 2487 821 2487 823 2487 1846 2488 823 2488 1847 2488 1847 2489 823 2489 1848 2489 1848 2490 823 2490 825 2490 1848 2491 825 2491 1849 2491 1849 2492 825 2492 827 2492 1849 2493 827 2493 1850 2493 1850 2494 827 2494 830 2494 1850 2495 830 2495 1851 2495 1851 2496 830 2496 833 2496 1851 2497 833 2497 1852 2497 1852 2498 833 2498 835 2498 1852 2499 835 2499 1853 2499 1853 2500 835 2500 836 2500 1853 2501 836 2501 1854 2501 1854 2502 836 2502 1855 2502 1855 2503 836 2503 838 2503 1855 2504 838 2504 1856 2504 1856 2505 838 2505 1857 2505 1857 2506 838 2506 840 2506 1857 2507 840 2507 1858 2507 1858 2508 840 2508 842 2508 1858 2509 842 2509 1859 2509 1859 2510 842 2510 843 2510 1859 2511 843 2511 1860 2511 1860 2512 843 2512 846 2512 1860 2513 846 2513 1861 2513 1861 2514 846 2514 1862 2514 1862 2515 846 2515 847 2515 1862 2516 847 2516 1863 2516 1863 2517 847 2517 848 2517 1863 2518 848 2518 1864 2518 1864 2519 848 2519 851 2519 1864 2520 851 2520 1865 2520 1865 2521 851 2521 852 2521 1865 2522 852 2522 1866 2522 1866 2523 852 2523 1867 2523 1867 2524 852 2524 854 2524 1867 2525 854 2525 1868 2525 1868 2526 854 2526 1833 2526 1833 2527 854 2527 857 2527 1833 2528 261 2528 263 2528 261 772 1833 772 273 772 273 2529 1833 2529 1834 2529 273 2530 1834 2530 275 2530 275 2531 1834 2531 277 2531 277 772 1834 772 1835 772 277 2532 1835 2532 279 2532 279 772 1835 772 281 772 281 2533 1835 2533 284 2533 284 772 1835 772 1836 772 284 2534 1836 2534 286 2534 286 2535 1836 2535 288 2535 288 772 1836 772 290 772 290 772 1836 772 292 772 292 120 1836 120 294 120 294 2536 1836 2536 1837 2536 1837 772 1838 772 294 772 1838 2537 1839 2537 294 2537 294 2538 1839 2538 1840 2538 294 2539 1840 2539 1841 2539 1841 2540 1842 2540 294 2540 1842 772 1843 772 294 772 294 2541 1843 2541 296 2541 296 2542 1843 2542 1844 2542 296 772 1844 772 298 772 298 772 1844 772 300 772 300 2543 1844 2543 1845 2543 300 772 1845 772 303 772 303 2544 1845 2544 1846 2544 303 772 1846 772 305 772 305 772 1846 772 308 772 308 2545 1846 2545 1847 2545 308 772 1847 772 310 772 310 772 1847 772 312 772 312 2546 1847 2546 1848 2546 312 772 1848 772 314 772 314 2547 1848 2547 1849 2547 314 772 1849 772 317 772 317 2548 1849 2548 319 2548 319 2549 1849 2549 1850 2549 319 772 1850 772 321 772 321 772 1850 772 323 772 323 2550 1850 2550 1851 2550 323 2551 1851 2551 326 2551 326 2552 1851 2552 1852 2552 326 2553 1852 2553 328 2553 328 2554 1852 2554 331 2554 331 2555 1852 2555 1853 2555 331 772 1853 772 333 772 333 772 1853 772 335 772 335 772 1853 772 1854 772 335 772 1854 772 337 772 337 2556 1854 2556 1855 2556 337 772 1855 772 340 772 340 772 1855 772 343 772 343 772 1855 772 345 772 345 772 1855 772 348 772 348 2557 1855 2557 350 2557 350 2558 1855 2558 1863 2558 350 772 1863 772 1864 772 1863 772 1855 772 1856 772 1863 772 1856 772 1862 772 1862 772 1856 772 1857 772 1862 2559 1857 2559 1861 2559 1861 772 1857 772 1858 772 1861 2560 1858 2560 1860 2560 1860 772 1858 772 1859 772 350 2561 1864 2561 1865 2561 350 772 1865 772 352 772 352 2562 1865 2562 354 2562 354 772 1865 772 356 772 356 772 1865 772 358 772 358 772 1865 772 1866 772 358 2563 1866 2563 360 2563 360 772 1866 772 363 772 363 772 1866 772 1867 772 363 772 1867 772 366 772 366 772 1867 772 368 772 368 772 1867 772 267 772 267 772 1867 772 265 772 265 772 1867 772 1868 772 265 772 1868 772 263 772 263 772 1868 772 1833 772 1869 2564 93 2564 1870 2564 1870 2565 93 2565 94 2565 1870 2566 94 2566 1871 2566 1871 2567 94 2567 96 2567 1871 2568 96 2568 1872 2568 1872 2569 96 2569 1873 2569 1873 2570 96 2570 98 2570 1873 2571 98 2571 1874 2571 1874 2572 98 2572 1875 2572 1875 2573 98 2573 100 2573 1875 2574 100 2574 1876 2574 1876 2575 100 2575 102 2575 1876 2576 102 2576 103 2576 1876 2577 103 2577 1877 2577 1877 2578 103 2578 106 2578 1877 2579 106 2579 1878 2579 1878 2580 106 2580 1879 2580 1879 2581 106 2581 109 2581 1879 2582 109 2582 112 2582 1879 2583 112 2583 1880 2583 1880 2584 112 2584 114 2584 1880 2585 114 2585 1881 2585 1881 2586 114 2586 204 2586 1881 2587 204 2587 1882 2587 1882 2588 204 2588 201 2588 1882 2589 201 2589 198 2589 1882 2590 198 2590 1883 2590 1883 2591 198 2591 195 2591 1883 2592 195 2592 1884 2592 1884 2593 195 2593 190 2593 1884 2594 190 2594 1885 2594 1885 2595 190 2595 188 2595 1885 2596 188 2596 209 2596 1885 2597 209 2597 1886 2597 1886 2598 209 2598 208 2598 1886 2599 208 2599 260 2599 1886 2600 260 2600 1887 2600 1887 2601 260 2601 259 2601 1887 2602 259 2602 1888 2602 1888 2603 259 2603 212 2603 1888 2604 212 2604 1889 2604 1889 2605 212 2605 1890 2605 1890 2606 212 2606 211 2606 1890 2607 211 2607 1891 2607 1891 2608 211 2608 213 2608 1891 2609 213 2609 1892 2609 1892 2610 213 2610 1893 2610 1893 2611 213 2611 222 2611 1893 2612 222 2612 1894 2612 1894 2613 222 2613 225 2613 1894 2614 225 2614 229 2614 1894 2615 229 2615 1895 2615 1895 2616 229 2616 1896 2616 1896 2617 229 2617 231 2617 1896 2618 231 2618 1897 2618 1897 2619 231 2619 234 2619 1897 2620 234 2620 1898 2620 1898 2621 234 2621 237 2621 1898 2622 237 2622 1899 2622 1899 2623 237 2623 240 2623 1899 2624 240 2624 1900 2624 1900 2625 240 2625 91 2625 1900 2626 91 2626 1901 2626 1901 2627 91 2627 1902 2627 1902 2628 91 2628 258 2628 1902 2629 258 2629 1903 2629 1903 2630 258 2630 93 2630 1903 2631 93 2631 1869 2631 1869 120 585 120 587 120 1869 120 587 120 588 120 585 120 1869 120 1870 120 585 2632 1870 2632 583 2632 583 120 1870 120 581 120 581 120 1870 120 580 120 580 2633 1870 2633 1871 2633 580 2634 1871 2634 609 2634 609 120 1871 120 608 120 608 120 1871 120 607 120 607 120 1871 120 1872 120 607 2635 1872 2635 606 2635 606 2636 1872 2636 605 2636 605 120 1872 120 604 120 604 120 1872 120 603 120 603 772 1872 772 602 772 602 2637 1872 2637 1873 2637 602 2638 1873 2638 1874 2638 602 2639 1874 2639 1875 2639 602 2640 1875 2640 1876 2640 1876 120 1877 120 602 120 602 120 1877 120 601 120 601 2641 1877 2641 1878 2641 601 120 1878 120 600 120 600 2642 1878 2642 1879 2642 600 2643 1879 2643 599 2643 599 120 1879 120 598 120 598 120 1879 120 1880 120 598 120 1880 120 597 120 597 2644 1880 2644 1881 2644 597 120 1881 120 596 120 596 2645 1881 2645 595 2645 595 2646 1881 2646 1882 2646 595 120 1882 120 594 120 594 120 1882 120 1883 120 594 120 1883 120 593 120 593 2647 1883 2647 592 2647 592 120 1883 120 1884 120 592 2648 1884 2648 591 2648 591 120 1884 120 610 120 610 120 1884 120 1885 120 610 120 1885 120 611 120 611 120 1885 120 1886 120 611 120 1886 120 612 120 612 120 1886 120 613 120 613 120 1886 120 1887 120 613 120 1887 120 614 120 614 2649 1887 2649 1888 2649 614 120 1888 120 615 120 615 2650 1888 2650 616 2650 616 120 1888 120 617 120 617 120 1888 120 618 120 618 120 1888 120 619 120 619 120 1888 120 1898 120 619 2651 1898 2651 1899 2651 1898 120 1888 120 1889 120 1898 2652 1889 2652 1897 2652 1897 120 1889 120 1890 120 1897 2653 1890 2653 1896 2653 1896 2654 1890 2654 1891 2654 1896 2655 1891 2655 1895 2655 1895 120 1891 120 1892 120 1895 2656 1892 2656 1894 2656 1894 120 1892 120 1893 120 619 120 1899 120 1900 120 619 120 1900 120 620 120 620 120 1900 120 621 120 621 120 1900 120 622 120 622 120 1900 120 623 120 623 2657 1900 2657 1901 2657 623 120 1901 120 624 120 624 2658 1901 2658 625 2658 625 120 1901 120 626 120 626 120 1901 120 627 120 627 2659 1901 2659 1902 2659 627 120 1902 120 561 120 561 120 1902 120 559 120 559 120 1902 120 1903 120 559 2660 1903 2660 558 2660 558 120 1903 120 588 120 588 2661 1903 2661 1869 2661 1904 2662 125 2662 127 2662 1904 2663 127 2663 1905 2663 1905 2664 127 2664 130 2664 1905 2665 130 2665 1906 2665 1906 2666 130 2666 1907 2666 1907 2667 130 2667 131 2667 1907 2668 131 2668 1908 2668 1908 2669 131 2669 133 2669 1908 2670 133 2670 1909 2670 1909 2671 133 2671 135 2671 1909 2672 135 2672 1910 2672 1910 2673 135 2673 137 2673 1910 2674 137 2674 1911 2674 1911 2675 137 2675 138 2675 1911 2676 138 2676 1912 2676 1912 2677 138 2677 139 2677 1912 2678 139 2678 140 2678 1912 2679 140 2679 1913 2679 1913 2680 140 2680 144 2680 1913 2681 144 2681 1914 2681 1914 2682 144 2682 146 2682 1914 2683 146 2683 1915 2683 1915 2684 146 2684 147 2684 1915 2685 147 2685 1916 2685 1916 2686 147 2686 149 2686 1916 2687 149 2687 1917 2687 1917 2688 149 2688 1918 2688 1918 2689 149 2689 151 2689 1918 2690 151 2690 1919 2690 1919 2691 151 2691 1920 2691 1920 2692 151 2692 154 2692 1920 2693 154 2693 1921 2693 1921 2694 154 2694 157 2694 1921 2695 157 2695 1922 2695 1922 2696 157 2696 1923 2696 1923 2697 157 2697 159 2697 1923 2698 159 2698 1924 2698 1924 2699 159 2699 161 2699 1924 2700 161 2700 163 2700 1924 2701 163 2701 1925 2701 1925 2702 163 2702 1926 2702 1926 2703 163 2703 165 2703 1926 2704 165 2704 1927 2704 1927 2705 165 2705 167 2705 1927 2706 167 2706 1928 2706 1928 2707 167 2707 1929 2707 1929 2708 167 2708 169 2708 1929 2709 169 2709 1930 2709 1930 2710 169 2710 1931 2710 1931 2711 169 2711 170 2711 1931 2712 170 2712 1932 2712 1932 2713 170 2713 171 2713 1932 2714 171 2714 1933 2714 1933 2715 171 2715 1934 2715 1934 2716 171 2716 172 2716 1934 2717 172 2717 1935 2717 1935 2718 172 2718 1936 2718 1936 2719 172 2719 123 2719 1936 2720 123 2720 1937 2720 1937 2721 123 2721 125 2721 1937 2722 125 2722 1904 2722 1904 120 402 120 372 120 402 120 1904 120 400 120 400 120 1904 120 398 120 398 120 1904 120 1905 120 398 2723 1905 2723 396 2723 396 120 1905 120 395 120 395 120 1905 120 1906 120 395 2724 1906 2724 426 2724 426 2725 1906 2725 425 2725 425 120 1906 120 424 120 424 120 1906 120 423 120 423 2726 1906 2726 1907 2726 423 2727 1907 2727 422 2727 422 120 1907 120 421 120 421 120 1907 120 420 120 420 2728 1907 2728 419 2728 419 2729 1907 2729 1908 2729 419 120 1908 120 1909 120 419 2730 1909 2730 1910 2730 1910 2731 1911 2731 419 2731 419 2732 1911 2732 1912 2732 419 120 1912 120 418 120 418 2733 1912 2733 1913 2733 418 120 1913 120 417 120 417 2734 1913 2734 1914 2734 417 120 1914 120 416 120 416 2735 1914 2735 1915 2735 416 120 1915 120 415 120 415 120 1915 120 414 120 414 2736 1915 2736 1916 2736 414 2737 1916 2737 413 2737 413 120 1916 120 412 120 412 2738 1916 2738 1917 2738 412 2739 1917 2739 1918 2739 412 120 1918 120 411 120 411 2740 1918 2740 410 2740 410 2741 1918 2741 1919 2741 410 120 1919 120 409 120 409 2742 1919 2742 1920 2742 409 2743 1920 2743 408 2743 408 120 1920 120 407 120 407 120 1920 120 1921 120 407 2744 1921 2744 427 2744 427 2745 1921 2745 1922 2745 427 2746 1922 2746 428 2746 428 120 1922 120 1923 120 428 120 1923 120 429 120 429 120 1923 120 430 120 430 2747 1923 2747 1924 2747 430 2748 1924 2748 431 2748 431 120 1924 120 432 120 432 120 1924 120 1925 120 432 120 1925 120 433 120 433 120 1925 120 434 120 434 120 1925 120 435 120 435 120 1925 120 436 120 436 120 1925 120 437 120 437 120 1925 120 438 120 438 2749 1925 2749 1934 2749 438 120 1934 120 1935 120 1934 120 1925 120 1933 120 1933 120 1925 120 1926 120 1933 120 1926 120 1932 120 1932 2750 1926 2750 1927 2750 1932 2751 1927 2751 1931 2751 1931 2752 1927 2752 1928 2752 1931 2753 1928 2753 1930 2753 1930 120 1928 120 1929 120 438 120 1935 120 1936 120 438 120 1936 120 439 120 439 2754 1936 2754 440 2754 440 120 1936 120 441 120 441 120 1936 120 442 120 442 120 1936 120 1937 120 442 2755 1937 2755 443 2755 443 2756 1937 2756 375 2756 375 120 1937 120 373 120 373 120 1937 120 372 120 372 2757 1937 2757 1904 2757 1 772 1938 772 2 772 2 2758 1938 2758 1939 2758 2 772 1939 772 1940 772 2 2759 1940 2759 5 2759 5 2760 1940 2760 1941 2760 5 2761 1941 2761 1942 2761 5 2762 1942 2762 7 2762 7 2763 1942 2763 1943 2763 7 2764 1943 2764 1944 2764 7 772 1944 772 10 772 10 2765 1944 2765 1945 2765 10 772 1945 772 12 772 12 2766 1945 2766 1946 2766 12 2767 1946 2767 1947 2767 12 772 1947 772 14 772 14 2768 1947 2768 1948 2768 14 2769 1948 2769 17 2769 17 2770 1948 2770 1949 2770 17 2771 1949 2771 1950 2771 17 772 1950 772 19 772 19 2772 1950 2772 1951 2772 19 2773 1951 2773 1952 2773 19 2774 1952 2774 21 2774 21 772 1952 772 1953 772 21 2775 1953 2775 1954 2775 21 772 1954 772 23 772 23 2776 1954 2776 1955 2776 23 2777 1955 2777 1956 2777 23 2778 1956 2778 26 2778 26 2779 1956 2779 1957 2779 26 772 1957 772 1958 772 26 772 1958 772 29 772 29 772 1958 772 1959 772 29 2780 1959 2780 32 2780 32 772 1959 772 1960 772 32 2781 1960 2781 34 2781 34 2782 1960 2782 1961 2782 34 772 1961 772 1962 772 34 772 1962 772 36 772 36 2783 1962 2783 1963 2783 36 772 1963 772 1964 772 36 2784 1964 2784 39 2784 39 772 1964 772 1965 772 39 2785 1965 2785 1966 2785 39 772 1966 772 41 772 41 2786 1966 2786 1967 2786 41 772 1967 772 44 772 44 2787 1967 2787 1968 2787 44 2788 1968 2788 1969 2788 44 772 1969 772 46 772 46 2789 1969 2789 1970 2789 46 772 1970 772 48 772 48 2790 1970 2790 1971 2790 48 2791 1971 2791 1972 2791 48 2792 1972 2792 1973 2792 48 772 1973 772 1974 772 48 772 1974 772 50 772 50 772 1974 772 53 772 53 772 1974 772 1975 772 53 2793 1975 2793 55 2793 55 2794 1975 2794 1976 2794 55 772 1976 772 1977 772 55 2795 1977 2795 1 2795 1 2796 1977 2796 1978 2796 1 772 1978 772 1938 772 1938 2797 873 2797 1939 2797 1939 2798 873 2798 919 2798 1939 2799 919 2799 1940 2799 1940 2800 919 2800 918 2800 1940 2801 918 2801 916 2801 1940 2802 916 2802 1941 2802 1941 2803 916 2803 915 2803 1941 2804 915 2804 1942 2804 1942 2805 915 2805 913 2805 1942 2806 913 2806 1943 2806 1943 2807 913 2807 912 2807 1943 2808 912 2808 1944 2808 1944 2809 912 2809 910 2809 1944 2810 910 2810 1945 2810 1945 2811 910 2811 908 2811 1945 2812 908 2812 1946 2812 1946 2813 908 2813 907 2813 1946 2814 907 2814 1947 2814 1947 2815 907 2815 905 2815 1947 2816 905 2816 1948 2816 1948 2817 905 2817 904 2817 1948 2818 904 2818 1949 2818 1949 2819 904 2819 902 2819 1949 2820 902 2820 1950 2820 1950 2821 902 2821 901 2821 1950 2822 901 2822 1951 2822 1951 2823 901 2823 900 2823 1951 2824 900 2824 1952 2824 1952 2825 900 2825 898 2825 1952 2826 898 2826 897 2826 1952 2827 897 2827 1953 2827 1953 2828 897 2828 896 2828 1953 2829 896 2829 1954 2829 1954 2830 896 2830 895 2830 1954 2831 895 2831 893 2831 1954 2832 893 2832 1955 2832 1955 2833 893 2833 891 2833 1955 2834 891 2834 890 2834 1955 2835 890 2835 1956 2835 1956 2836 890 2836 889 2836 1956 2837 889 2837 1957 2837 1957 2838 889 2838 888 2838 1957 2839 888 2839 887 2839 1957 2840 887 2840 1958 2840 1958 2841 887 2841 886 2841 1958 2842 886 2842 885 2842 1958 2843 885 2843 1959 2843 1959 2844 885 2844 884 2844 1959 2845 884 2845 1960 2845 1960 2846 884 2846 883 2846 1960 2847 883 2847 1961 2847 1961 2848 883 2848 806 2848 1961 2849 806 2849 1962 2849 1962 2850 806 2850 805 2850 1962 2851 805 2851 1963 2851 1963 2852 805 2852 807 2852 1963 2853 807 2853 808 2853 1963 2854 808 2854 1964 2854 1964 2855 808 2855 810 2855 1964 2856 810 2856 1965 2856 1965 2857 810 2857 811 2857 1965 2858 811 2858 1966 2858 1966 2859 811 2859 812 2859 1966 2860 812 2860 1967 2860 1967 2861 812 2861 813 2861 1967 2862 813 2862 1968 2862 1968 2863 813 2863 814 2863 1968 2864 814 2864 815 2864 1968 2865 815 2865 1969 2865 1969 2866 815 2866 816 2866 1969 2867 816 2867 1970 2867 1970 2868 816 2868 863 2868 1970 2869 863 2869 882 2869 1970 2870 882 2870 1971 2870 1971 2871 882 2871 881 2871 1971 2872 881 2872 1972 2872 1972 2873 881 2873 880 2873 1972 2874 880 2874 1973 2874 1973 2875 880 2875 879 2875 1973 2876 879 2876 878 2876 1973 2877 878 2877 1974 2877 1974 2878 878 2878 877 2878 1974 2879 877 2879 1975 2879 1975 2880 877 2880 868 2880 1975 2881 868 2881 867 2881 1975 2882 867 2882 1976 2882 1976 2883 867 2883 866 2883 1976 2884 866 2884 876 2884 1976 2885 876 2885 1977 2885 1977 2886 876 2886 875 2886 1977 2887 875 2887 1978 2887 1978 2888 875 2888 874 2888 1978 2889 874 2889 1938 2889 1938 2890 874 2890 873 2890 1979 2891 71 2891 1980 2891 1980 2892 71 2892 70 2892 1980 2893 70 2893 1981 2893 1981 120 70 120 1982 120 1982 120 70 120 1983 120 1983 120 70 120 69 120 1983 120 69 120 1984 120 1984 120 69 120 1985 120 1985 2894 69 2894 68 2894 1985 2895 68 2895 1986 2895 1986 2896 68 2896 67 2896 1986 120 67 120 1987 120 1987 120 67 120 1988 120 1988 2897 67 2897 66 2897 1988 120 66 120 1989 120 1989 2898 66 2898 65 2898 1989 2899 65 2899 1990 2899 1990 120 65 120 1991 120 1991 2900 65 2900 64 2900 1991 120 64 120 1992 120 1992 120 64 120 1993 120 1993 2901 64 2901 1994 2901 1994 2902 64 2902 1995 2902 1995 2903 64 2903 63 2903 71 120 1979 120 72 120 72 120 1979 120 1996 120 72 2904 1996 2904 1997 2904 72 2905 1997 2905 73 2905 73 2906 1997 2906 1998 2906 73 2907 1998 2907 1999 2907 73 120 1999 120 74 120 74 2908 1999 2908 2000 2908 74 2909 2000 2909 75 2909 75 2910 2000 2910 2001 2910 75 120 2001 120 76 120 76 2911 2001 2911 2002 2911 76 2912 2002 2912 2003 2912 76 120 2003 120 77 120 77 2913 2003 2913 2004 2913 77 120 2004 120 78 120 78 2914 2004 2914 2005 2914 78 2915 2005 2915 2006 2915 78 120 2006 120 79 120 79 2916 2006 2916 2007 2916 79 120 2007 120 80 120 80 2917 2007 2917 2008 2917 80 120 2008 120 81 120 81 2918 2008 2918 2009 2918 81 120 2009 120 82 120 82 2919 2009 2919 2010 2919 82 2920 2010 2920 2011 2920 82 2921 2011 2921 83 2921 83 2922 2011 2922 2012 2922 83 120 2012 120 84 120 84 2923 2012 2923 2013 2923 84 120 2013 120 2014 120 84 120 2014 120 85 120 85 120 2014 120 2015 120 85 2924 2015 2924 2016 2924 85 120 2016 120 58 120 58 120 2016 120 2017 120 58 2925 2017 2925 59 2925 59 120 2017 120 2018 120 59 120 2018 120 60 120 60 120 2018 120 2019 120 60 120 2019 120 2020 120 60 2926 2020 2926 61 2926 61 120 2020 120 2021 120 61 2927 2021 2927 1995 2927 63 2928 62 2928 1995 2928 62 120 61 120 1995 120 1980 2929 242 2929 241 2929 1980 2930 241 2930 1979 2930 1979 2931 241 2931 257 2931 1979 2932 257 2932 1996 2932 1996 2933 257 2933 256 2933 1996 2934 256 2934 1997 2934 1997 2935 256 2935 118 2935 1997 2936 118 2936 117 2936 1997 2937 117 2937 1998 2937 1998 2938 117 2938 255 2938 1998 2939 255 2939 1999 2939 1999 2940 255 2940 254 2940 1999 2941 254 2941 253 2941 1999 2942 253 2942 2000 2942 2000 2943 253 2943 252 2943 2000 2944 252 2944 2001 2944 2001 2945 252 2945 251 2945 2001 2946 251 2946 2002 2946 2002 2947 251 2947 250 2947 2002 2948 250 2948 2003 2948 2003 2949 250 2949 121 2949 2003 2950 121 2950 2004 2950 2004 2951 121 2951 120 2951 2004 2952 120 2952 2005 2952 2005 2953 120 2953 122 2953 2005 2954 122 2954 249 2954 2005 2955 249 2955 248 2955 2005 2956 248 2956 2006 2956 2006 2957 248 2957 247 2957 2006 2958 247 2958 2007 2958 2007 2958 247 2958 246 2958 2007 2959 246 2959 2008 2959 2008 2960 246 2960 245 2960 2008 2961 245 2961 244 2961 2008 2962 244 2962 2009 2962 2009 2963 244 2963 243 2963 2009 2964 243 2964 2010 2964 2010 2965 243 2965 175 2965 2010 2966 175 2966 2011 2966 2011 2967 175 2967 174 2967 2011 2968 174 2968 176 2968 2011 2969 176 2969 2012 2969 2012 2970 176 2970 177 2970 2012 2971 177 2971 2013 2971 2013 2972 177 2972 179 2972 2013 2973 179 2973 2014 2973 2014 2974 179 2974 180 2974 2014 2975 180 2975 2015 2975 2015 2976 180 2976 181 2976 2015 2977 181 2977 2016 2977 2016 2978 181 2978 182 2978 2016 2979 182 2979 2017 2979 2017 2980 182 2980 183 2980 2017 2981 183 2981 2018 2981 2018 2982 183 2982 184 2982 2018 2983 184 2983 2019 2983 2019 2984 184 2984 185 2984 2019 2985 185 2985 2020 2985 2020 2986 185 2986 186 2986 2020 2987 186 2987 187 2987 2020 2988 187 2988 2021 2988 2021 2989 187 2989 189 2989 2021 2990 189 2990 1995 2990 1995 2991 189 2991 191 2991 1995 2992 191 2992 192 2992 1995 2993 192 2993 1994 2993 1994 2994 192 2994 193 2994 1994 2995 193 2995 194 2995 1994 2996 194 2996 1993 2996 1993 2997 194 2997 1992 2997 1992 2998 194 2998 196 2998 1992 2999 196 2999 197 2999 1992 3000 197 3000 1991 3000 1991 3001 197 3001 199 3001 1991 3002 199 3002 1990 3002 1990 3003 199 3003 200 3003 1990 3004 200 3004 1989 3004 1989 3005 200 3005 202 3005 1989 3006 202 3006 1988 3006 1988 3007 202 3007 203 3007 1988 3008 203 3008 1987 3008 1987 3009 203 3009 205 3009 1987 3010 205 3010 1986 3010 1986 3011 205 3011 206 3011 1986 3012 206 3012 1985 3012 1985 3013 206 3013 115 3013 1985 3014 115 3014 1984 3014 1984 3015 115 3015 113 3015 1984 3016 113 3016 1983 3016 1983 3017 113 3017 111 3017 1983 3018 111 3018 1982 3018 1982 3019 111 3019 110 3019 1982 3020 110 3020 1981 3020 1981 3021 110 3021 108 3021 1981 3022 108 3022 1980 3022 1980 3023 108 3023 242 3023 797 3024 1601 3024 701 3024 701 3025 1601 3025 704 3025 704 3026 1601 3026 1600 3026 704 3027 1600 3027 1599 3027 704 3028 1599 3028 1598 3028 704 3029 1598 3029 705 3029 705 3030 1598 3030 1597 3030 705 3031 1597 3031 1596 3031 705 3032 1596 3032 707 3032 707 3033 1596 3033 1595 3033 707 3034 1595 3034 1594 3034 707 3035 1594 3035 1593 3035 707 3036 1593 3036 708 3036 708 3037 1593 3037 1524 3037 708 3038 1524 3038 1525 3038 708 3039 1525 3039 710 3039 710 3040 1525 3040 1527 3040 710 3041 1527 3041 1529 3041 710 3042 1529 3042 1531 3042 710 3043 1531 3043 712 3043 712 3044 1531 3044 1533 3044 712 3045 1533 3045 1535 3045 712 3046 1535 3046 1538 3046 712 3047 1538 3047 714 3047 714 3048 1538 3048 1540 3048 714 3049 1540 3049 1542 3049 714 3050 1542 3050 716 3050 716 3051 1542 3051 1545 3051 716 3052 1545 3052 1547 3052 716 3053 1547 3053 1549 3053 716 3054 1549 3054 718 3054 718 3055 1549 3055 1551 3055 718 3056 1551 3056 1553 3056 718 3057 1553 3057 720 3057 720 3058 1553 3058 1556 3058 720 3059 1556 3059 1558 3059 720 3060 1558 3060 1584 3060 720 3061 1584 3061 722 3061 722 3062 1584 3062 1585 3062 722 3063 1585 3063 724 3063 724 3064 1585 3064 1586 3064 724 3065 1586 3065 1587 3065 724 3066 1587 3066 725 3066 725 3067 1587 3067 1588 3067 725 3068 1588 3068 1589 3068 725 3069 1589 3069 1590 3069 725 3070 1590 3070 726 3070 726 3071 1590 3071 1591 3071 726 3072 1591 3072 1592 3072 726 3073 1592 3073 727 3073 727 3074 1592 3074 221 3074 221 3075 219 3075 727 3075 727 3076 219 3076 700 3076 701 3077 698 3077 797 3077 797 3078 698 3078 796 3078 700 3079 219 3079 1102 3079 1102 3080 219 3080 215 3080 1102 3081 215 3081 1103 3081 1103 3082 215 3082 1104 3082 1104 3083 215 3083 214 3083 1104 3084 214 3084 1105 3084 1105 3085 214 3085 1106 3085 1106 3086 214 3086 1107 3086 1107 3087 214 3087 210 3087 1107 3088 210 3088 1084 3088 1084 3089 210 3089 1085 3089 1085 3090 210 3090 207 3090 796 3091 698 3091 793 3091 793 3092 698 3092 1101 3092 793 3093 1101 3093 1098 3093 793 3094 1098 3094 1096 3094 793 3095 1096 3095 800 3095 800 3096 1096 3096 1094 3096 800 3097 1094 3097 1092 3097 800 3098 1092 3098 1090 3098 800 3099 1090 3099 1088 3099 800 3100 1088 3100 801 3100 801 3101 1088 3101 1087 3101 207 3102 178 3102 1085 3102 1085 3103 178 3103 1109 3103 1087 3104 1108 3104 801 3104 801 3105 1108 3105 802 3105 1109 3106 178 3106 1352 3106 1352 3107 178 3107 173 3107 1352 3108 173 3108 1350 3108 1350 3109 173 3109 1348 3109 1348 3110 173 3110 168 3110 1348 3111 168 3111 1346 3111 1346 3112 168 3112 166 3112 1346 3113 166 3113 1344 3113 1344 3114 166 3114 1342 3114 1342 3115 166 3115 1340 3115 1340 3116 166 3116 164 3116 1340 3117 164 3117 1338 3117 1338 3118 164 3118 1336 3118 1336 3119 164 3119 1253 3119 1253 3120 164 3120 162 3120 802 3121 1108 3121 804 3121 804 3122 1108 3122 1354 3122 804 3123 1354 3123 1355 3123 804 3124 1355 3124 1356 3124 804 3125 1356 3125 809 3125 809 3126 1356 3126 1357 3126 809 3127 1357 3127 1358 3127 809 3128 1358 3128 820 3128 820 3129 1358 3129 1359 3129 820 3130 1359 3130 1360 3130 820 3131 1360 3131 1361 3131 820 3132 1361 3132 1362 3132 820 3133 1362 3133 1252 3133 1253 3134 162 3134 1261 3134 1261 3135 162 3135 1262 3135 1262 3136 162 3136 1263 3136 1263 3137 162 3137 1264 3137 1264 3138 162 3138 1265 3138 1265 3139 162 3139 160 3139 1265 3140 160 3140 1266 3140 1266 3141 160 3141 1267 3141 1267 3142 160 3142 1268 3142 1268 3143 160 3143 1269 3143 1269 3144 160 3144 158 3144 1269 3145 158 3145 1270 3145 1270 3146 158 3146 1271 3146 1271 3147 158 3147 1272 3147 1272 3148 158 3148 156 3148 1272 3149 156 3149 1273 3149 1273 3150 156 3150 1274 3150 1274 3151 156 3151 1275 3151 1275 3152 156 3152 155 3152 1275 3153 155 3153 1276 3153 1276 3154 155 3154 1277 3154 1277 3155 155 3155 1278 3155 1278 3156 155 3156 1279 3156 1279 3157 155 3157 153 3157 1279 3158 153 3158 1280 3158 1280 3159 153 3159 1281 3159 1281 3160 153 3160 1282 3160 1282 3161 153 3161 152 3161 1282 3162 152 3162 1283 3162 1283 3163 152 3163 1284 3163 1284 3164 152 3164 1285 3164 1285 3165 152 3165 1286 3165 1286 3166 152 3166 150 3166 1286 3167 150 3167 1287 3167 1287 3168 150 3168 1288 3168 1288 3169 150 3169 1289 3169 1289 3170 150 3170 1290 3170 1290 3171 150 3171 148 3171 1290 3172 148 3172 1291 3172 1291 3173 148 3173 1292 3173 1292 3174 148 3174 1293 3174 1293 3175 148 3175 1294 3175 1294 3176 148 3176 145 3176 1294 3177 145 3177 1295 3177 1295 3178 145 3178 1296 3178 1296 3179 145 3179 1297 3179 1297 3180 145 3180 1298 3180 1298 3181 145 3181 1299 3181 1299 3182 145 3182 1300 3182 1300 3183 145 3183 143 3183 1300 3184 143 3184 1301 3184 1301 3185 143 3185 1302 3185 1302 3186 143 3186 1303 3186 1303 3187 143 3187 1304 3187 1304 3188 143 3188 142 3188 1304 3189 142 3189 1305 3189 1305 3190 142 3190 1306 3190 1306 3191 142 3191 1307 3191 1307 3192 142 3192 141 3192 1307 3193 141 3193 1308 3193 1308 3194 141 3194 1309 3194 1309 3195 141 3195 1310 3195 1310 3196 141 3196 1311 3196 1311 3197 141 3197 136 3197 1311 3198 136 3198 1312 3198 1312 3199 136 3199 134 3199 1312 3200 134 3200 1313 3200 1313 3201 134 3201 1314 3201 1314 3202 134 3202 1315 3202 1315 3203 134 3203 132 3203 1315 3204 132 3204 1316 3204 1316 3205 132 3205 1317 3205 1317 3206 132 3206 1318 3206 1318 3207 132 3207 129 3207 1318 3208 129 3208 1319 3208 1319 3209 129 3209 1320 3209 1320 3210 129 3210 1321 3210 1321 3211 129 3211 1322 3211 1322 3212 129 3212 128 3212 1322 3213 128 3213 1323 3213 1323 3214 128 3214 1324 3214 1324 3215 128 3215 1257 3215 1257 3216 128 3216 126 3216 1257 3217 126 3217 1258 3217 1258 3218 126 3218 1260 3218 1260 3219 126 3219 1325 3219 1325 3220 126 3220 1328 3220 820 3221 1252 3221 1250 3221 820 3222 1250 3222 822 3222 822 3223 1250 3223 1248 3223 822 3224 1248 3224 1246 3224 822 3225 1246 3225 1244 3225 822 3226 1244 3226 1242 3226 822 3227 1242 3227 824 3227 824 3228 1242 3228 1239 3228 824 3229 1239 3229 1237 3229 824 3230 1237 3230 1235 3230 824 3231 1235 3231 1233 3231 824 3232 1233 3232 1231 3232 824 3233 1231 3233 826 3233 826 3234 1231 3234 1229 3234 826 3235 1229 3235 1227 3235 826 3236 1227 3236 1225 3236 826 3237 1225 3237 828 3237 828 3238 1225 3238 1223 3238 828 3239 1223 3239 1221 3239 828 3240 1221 3240 1219 3240 828 3241 1219 3241 829 3241 829 3242 1219 3242 1217 3242 829 3243 1217 3243 831 3243 831 3244 1217 3244 1215 3244 831 3245 1215 3245 1213 3245 831 3246 1213 3246 1211 3246 831 3247 1211 3247 1209 3247 831 3248 1209 3248 832 3248 832 3249 1209 3249 1207 3249 832 3250 1207 3250 1205 3250 832 3251 1205 3251 1203 3251 832 3252 1203 3252 1201 3252 832 3253 1201 3253 1199 3253 832 3254 1199 3254 834 3254 834 3255 1199 3255 1197 3255 834 3256 1197 3256 1195 3256 834 3257 1195 3257 1193 3257 834 3258 1193 3258 1191 3258 834 3259 1191 3259 837 3259 837 3260 1191 3260 1189 3260 837 3261 1189 3261 1187 3261 837 3262 1187 3262 1184 3262 837 3263 1184 3263 1182 3263 837 3264 1182 3264 839 3264 839 3265 1182 3265 1180 3265 839 3266 1180 3266 1178 3266 839 3267 1178 3267 1176 3267 839 3268 1176 3268 1174 3268 839 3269 1174 3269 841 3269 841 3270 1174 3270 1171 3270 841 3271 1171 3271 1169 3271 841 3272 1169 3272 1166 3272 841 3273 1166 3273 844 3273 844 3274 1166 3274 1164 3274 844 3275 1164 3275 1162 3275 844 3276 1162 3276 1160 3276 844 3277 1160 3277 845 3277 845 3278 1160 3278 1158 3278 845 3279 1158 3279 1156 3279 845 3280 1156 3280 1153 3280 845 3281 1153 3281 1151 3281 845 3282 1151 3282 1149 3282 845 3283 1149 3283 849 3283 849 3284 1149 3284 1147 3284 849 3285 1147 3285 1145 3285 849 3286 1145 3286 1143 3286 849 3287 1143 3287 850 3287 850 3288 1143 3288 1141 3288 850 3289 1141 3289 1139 3289 850 3290 1139 3290 1137 3290 850 3291 1137 3291 1135 3291 850 3292 1135 3292 853 3292 853 3293 1135 3293 1133 3293 853 3294 1133 3294 1131 3294 853 3295 1131 3295 1129 3295 853 3296 1129 3296 1127 3296 853 3297 1127 3297 855 3297 855 3298 1127 3298 1124 3298 855 3299 1124 3299 1119 3299 855 3300 1119 3300 856 3300 856 3301 1119 3301 1116 3301 856 3302 1116 3302 1113 3302 856 3303 1113 3303 1112 3303 856 3304 1112 3304 1111 3304 1328 3305 126 3305 1401 3305 1401 3306 126 3306 124 3306 1401 3307 124 3307 1399 3307 1399 3308 124 3308 1394 3308 1394 3309 124 3309 1395 3309 1395 3310 124 3310 1396 3310 1396 3311 124 3311 119 3311 1396 3312 119 3312 1397 3312 1397 3313 119 3313 1363 3313 1363 3314 119 3314 1334 3314 1334 3315 119 3315 116 3315 856 3316 1111 3316 1383 3316 856 3317 1383 3317 858 3317 858 3318 1383 3318 1380 3318 858 3319 1380 3319 1378 3319 858 3320 1378 3320 860 3320 860 3321 1378 3321 1376 3321 860 3322 1376 3322 1372 3322 860 3323 1372 3323 1369 3323 860 3324 1369 3324 1367 3324 860 3325 1367 3325 862 3325 862 3326 1367 3326 1365 3326 862 3327 1365 3327 1332 3327 862 3328 1332 3328 864 3328 116 3329 107 3329 1334 3329 1334 3330 107 3330 1333 3330 1332 3331 1331 3331 864 3331 864 3332 1331 3332 865 3332 107 3333 105 3333 1333 3333 1333 3334 105 3334 1424 3334 1424 3335 105 3335 1425 3335 1425 3336 105 3336 104 3336 1425 3337 104 3337 1426 3337 1426 3338 104 3338 1427 3338 1427 3339 104 3339 101 3339 1427 3340 101 3340 1428 3340 1428 3341 101 3341 1429 3341 1429 3342 101 3342 1430 3342 1430 3343 101 3343 1404 3343 1404 3344 101 3344 1069 3344 1069 3345 101 3345 99 3345 865 3346 1331 3346 869 3346 869 3347 1331 3347 1422 3347 869 3348 1422 3348 1420 3348 869 3349 1420 3349 1418 3349 869 3350 1418 3350 1416 3350 869 3351 1416 3351 872 3351 872 3352 1416 3352 1414 3352 872 3353 1414 3353 1412 3353 872 3354 1412 3354 1410 3354 872 3355 1410 3355 757 3355 757 3356 1410 3356 1408 3356 757 3357 1408 3357 1406 3357 757 3358 1406 3358 1070 3358 1069 3359 99 3359 1066 3359 1066 3360 99 3360 1064 3360 1064 3361 99 3361 1062 3361 1062 3362 99 3362 1060 3362 1060 3363 99 3363 1058 3363 1058 3364 99 3364 97 3364 1058 3365 97 3365 1056 3365 1056 3366 97 3366 1053 3366 1053 3367 97 3367 1051 3367 1051 3368 97 3368 95 3368 1051 3369 95 3369 1049 3369 1049 3370 95 3370 1048 3370 1048 3371 95 3371 1082 3371 1082 3372 95 3372 1039 3372 1039 3373 95 3373 92 3373 1039 3374 92 3374 1041 3374 1041 3375 92 3375 1083 3375 1083 3376 92 3376 673 3376 673 3377 92 3377 89 3377 757 3378 1070 3378 755 3378 755 3379 1070 3379 1071 3379 755 3380 1071 3380 1072 3380 755 3381 1072 3381 1073 3381 755 3382 1073 3382 1074 3382 755 3383 1074 3383 761 3383 761 3384 1074 3384 1075 3384 761 3385 1075 3385 1076 3385 761 3386 1076 3386 1077 3386 761 3387 1077 3387 763 3387 763 3388 1077 3388 1078 3388 763 3389 1078 3389 1079 3389 763 3390 1079 3390 1080 3390 763 3391 1080 3391 1081 3391 763 3392 1081 3392 765 3392 765 3393 1081 3393 1045 3393 765 3394 1045 3394 1044 3394 765 3395 1044 3395 1033 3395 765 3396 1033 3396 1029 3396 765 3397 1029 3397 1026 3397 765 3398 1026 3398 767 3398 767 3399 1026 3399 652 3399 89 3400 87 3400 673 3400 673 3401 87 3401 628 3401 652 3402 649 3402 767 3402 767 3403 649 3403 777 3403 87 3404 1583 3404 628 3404 628 3405 1583 3405 629 3405 629 3406 1583 3406 1582 3406 629 3407 1582 3407 1581 3407 629 3408 1581 3408 630 3408 630 3409 1581 3409 1580 3409 630 3410 1580 3410 1579 3410 630 3411 1579 3411 1578 3411 630 3412 1578 3412 631 3412 631 3413 1578 3413 1577 3413 631 3414 1577 3414 1561 3414 631 3415 1561 3415 1560 3415 631 3416 1560 3416 633 3416 633 3417 1560 3417 1576 3417 633 3418 1576 3418 1575 3418 633 3419 1575 3419 635 3419 635 3420 1575 3420 1574 3420 635 3421 1574 3421 1573 3421 635 3422 1573 3422 1572 3422 635 3423 1572 3423 1571 3423 635 3424 1571 3424 1570 3424 635 3425 1570 3425 638 3425 638 3426 1570 3426 1569 3426 638 3427 1569 3427 1568 3427 638 3428 1568 3428 1567 3428 638 3429 1567 3429 641 3429 641 3430 1567 3430 1566 3430 641 3431 1566 3431 1565 3431 641 3432 1565 3432 1564 3432 641 3433 1564 3433 644 3433 644 3434 1564 3434 1563 3434 644 3435 1563 3435 1562 3435 644 3436 1562 3436 646 3436 646 3437 1562 3437 1522 3437 646 3438 1522 3438 1521 3438 646 3439 1521 3439 648 3439 648 3440 1521 3440 1520 3440 648 3441 1520 3441 1519 3441 648 3442 1519 3442 650 3442 650 3443 1519 3443 1518 3443 650 3444 1518 3444 1517 3444 650 3445 1517 3445 651 3445 651 3446 1517 3446 1516 3446 651 3447 1516 3447 1515 3447 651 3448 1515 3448 1514 3448 651 3449 1514 3449 649 3449 649 3450 1514 3450 777 3450 2022 772 2023 772 2024 772 2023 3451 2022 3451 2025 3451 2025 3452 2022 3452 2026 3452 2026 772 2022 772 2027 772 2026 3453 2027 3453 2028 3453 2028 3454 2027 3454 2029 3454 2029 3455 2027 3455 2030 3455 2029 772 2030 772 2031 772 2031 3456 2030 3456 2032 3456 2032 3457 2030 3457 2033 3457 2032 3458 2033 3458 2034 3458 2034 772 2035 772 2032 772 2032 3459 2035 3459 2036 3459 2036 772 2037 772 2032 772 2032 3460 2037 3460 2038 3460 2038 3461 2037 3461 2039 3461 2038 3462 2039 3462 2040 3462 2038 772 2040 772 2041 772 2041 3463 2040 3463 2042 3463 2041 3464 2042 3464 2043 3464 2041 772 2043 772 2044 772 2044 3465 2043 3465 2045 3465 2044 772 2045 772 2046 772 2046 772 2045 772 2047 772 2046 772 2047 772 2048 772 2046 3466 2048 3466 2049 3466 2049 772 2048 772 2050 772 2049 772 2050 772 2051 772 2049 772 2051 772 2052 772 2052 772 2051 772 2053 772 2052 3467 2053 3467 2054 3467 2052 3468 2054 3468 2055 3468 2055 3469 2054 3469 2056 3469 2055 772 2056 772 2057 772 2057 3470 2056 3470 2058 3470 2057 3471 2058 3471 2059 3471 2059 3472 2058 3472 2060 3472 2059 3473 2060 3473 2061 3473 2059 3474 2061 3474 2062 3474 2062 3475 2061 3475 2063 3475 2062 3476 2063 3476 2064 3476 2063 772 2061 772 2065 772 2063 3477 2065 3477 2066 3477 2062 3478 2064 3478 2067 3478 2062 772 2067 772 2068 772 2069 772 2070 772 2068 772 2069 3479 2071 3479 2070 3479 2072 772 2071 772 2069 772 2071 772 2072 772 2073 772 2073 772 2072 772 2024 772 2073 3480 2024 3480 2023 3480 2068 3481 2070 3481 2062 3481 2074 3482 2075 3482 2076 3482 2076 120 2075 120 2077 120 2076 3483 2077 3483 2078 3483 2078 120 2077 120 2079 120 2078 120 2079 120 2080 120 2080 120 2079 120 2081 120 2080 120 2081 120 2082 120 2082 3484 2081 3484 2083 3484 2083 120 2081 120 2084 120 2084 3485 2085 3485 2083 3485 2083 3486 2085 3486 2086 3486 2083 3487 2086 3487 2087 3487 2087 3488 2086 3488 2088 3488 2088 120 2086 120 2089 120 2088 3489 2089 3489 2066 3489 2087 3490 2090 3490 2083 3490 2090 120 2087 120 2091 120 2090 120 2091 120 2092 120 2092 3491 2091 3491 2093 3491 2092 120 2093 120 2094 120 2094 3492 2093 3492 2095 3492 2094 120 2095 120 2096 120 2096 3493 2095 3493 2097 3493 2096 3494 2097 3494 2098 3494 2096 120 2098 120 2099 120 2099 120 2098 120 2100 120 2099 120 2100 120 2101 120 2099 3495 2101 3495 2102 3495 2102 120 2101 120 2103 120 2102 3496 2103 3496 2104 3496 2104 3497 2103 3497 2105 3497 2104 3498 2105 3498 2106 3498 2104 3499 2106 3499 2107 3499 2107 3500 2106 3500 2108 3500 2107 120 2108 120 2109 120 2109 3501 2108 3501 2110 3501 2109 3502 2110 3502 2111 3502 2111 3503 2110 3503 2112 3503 2111 120 2112 120 2113 120 2113 3504 2112 3504 2114 3504 2113 3505 2114 3505 2115 3505 2115 120 2116 120 2113 120 2113 3506 2116 3506 2117 3506 2117 3507 2118 3507 2113 3507 2113 120 2118 120 2119 120 2119 120 2118 120 2120 120 2119 120 2120 120 2121 120 2121 120 2120 120 2122 120 2122 3508 2120 3508 2123 3508 2123 120 2120 120 2124 120 2123 3509 2124 3509 2125 3509 2125 3510 2124 3510 2126 3510 2125 3511 2126 3511 2074 3511 2074 120 2126 120 2075 120 2024 3512 2075 3512 2022 3512 2022 3513 2075 3513 2126 3513 2022 3514 2126 3514 2124 3514 2022 3515 2124 3515 2027 3515 2027 3516 2124 3516 2120 3516 2027 3517 2120 3517 2030 3517 2030 3518 2120 3518 2033 3518 2033 3519 2120 3519 2118 3519 2033 3520 2118 3520 2117 3520 2033 3521 2117 3521 2034 3521 2034 3522 2117 3522 2116 3522 2034 3523 2116 3523 2035 3523 2035 3524 2116 3524 2115 3524 2035 3525 2115 3525 2036 3525 2036 3526 2115 3526 2114 3526 2036 3527 2114 3527 2037 3527 2037 3528 2114 3528 2112 3528 2037 3529 2112 3529 2039 3529 2039 3530 2112 3530 2110 3530 2039 3531 2110 3531 2040 3531 2040 3532 2110 3532 2108 3532 2040 3533 2108 3533 2042 3533 2042 3534 2108 3534 2106 3534 2042 3535 2106 3535 2043 3535 2043 3536 2106 3536 2105 3536 2043 3537 2105 3537 2045 3537 2045 3538 2105 3538 2047 3538 2047 3539 2105 3539 2103 3539 2047 3540 2103 3540 2048 3540 2048 3541 2103 3541 2101 3541 2048 3542 2101 3542 2050 3542 2050 3543 2101 3543 2100 3543 2050 3544 2100 3544 2051 3544 2051 3545 2100 3545 2098 3545 2051 3546 2098 3546 2053 3546 2053 3547 2098 3547 2097 3547 2053 3548 2097 3548 2054 3548 2054 3549 2097 3549 2095 3549 2054 3550 2095 3550 2056 3550 2056 3551 2095 3551 2093 3551 2056 3552 2093 3552 2058 3552 2058 3553 2093 3553 2091 3553 2058 3554 2091 3554 2060 3554 2060 3555 2091 3555 2087 3555 2060 3556 2087 3556 2061 3556 2061 3557 2087 3557 2088 3557 2061 3558 2088 3558 2065 3558 2065 3559 2088 3559 2066 3559 2066 3560 2089 3560 2063 3560 2063 3561 2089 3561 2086 3561 2063 3562 2086 3562 2064 3562 2064 3563 2086 3563 2085 3563 2064 3564 2085 3564 2067 3564 2067 3565 2085 3565 2084 3565 2067 3566 2084 3566 2068 3566 2068 3567 2084 3567 2081 3567 2068 3568 2081 3568 2069 3568 2069 3569 2081 3569 2079 3569 2069 3570 2079 3570 2072 3570 2072 3571 2079 3571 2077 3571 2072 3572 2077 3572 2024 3572 2024 3573 2077 3573 2075 3573 2023 3574 2074 3574 2076 3574 2023 3575 2076 3575 2073 3575 2073 3576 2076 3576 2078 3576 2073 3577 2078 3577 2071 3577 2071 3578 2078 3578 2080 3578 2071 3579 2080 3579 2070 3579 2070 3580 2080 3580 2082 3580 2070 3581 2082 3581 2062 3581 2062 3582 2082 3582 2083 3582 2062 3583 2083 3583 2090 3583 2062 3584 2090 3584 2059 3584 2059 3585 2090 3585 2092 3585 2059 3586 2092 3586 2057 3586 2057 3587 2092 3587 2094 3587 2057 3588 2094 3588 2055 3588 2055 3589 2094 3589 2096 3589 2055 3590 2096 3590 2052 3590 2052 3591 2096 3591 2099 3591 2052 3592 2099 3592 2049 3592 2049 3593 2099 3593 2102 3593 2049 3594 2102 3594 2046 3594 2046 3595 2102 3595 2104 3595 2046 3596 2104 3596 2044 3596 2044 3597 2104 3597 2107 3597 2044 3598 2107 3598 2041 3598 2041 3599 2107 3599 2109 3599 2041 3600 2109 3600 2038 3600 2038 3601 2109 3601 2111 3601 2038 3602 2111 3602 2032 3602 2032 3603 2111 3603 2113 3603 2032 3604 2113 3604 2119 3604 2032 3605 2119 3605 2031 3605 2031 3606 2119 3606 2121 3606 2031 3607 2121 3607 2029 3607 2029 3608 2121 3608 2122 3608 2029 3609 2122 3609 2028 3609 2028 3610 2122 3610 2123 3610 2028 3611 2123 3611 2026 3611 2026 3612 2123 3612 2125 3612 2026 3613 2125 3613 2025 3613 2025 3614 2125 3614 2074 3614 2025 3615 2074 3615 2023 3615 2127 3616 2128 3616 2129 3616 2129 3617 2128 3617 2130 3617 2129 3617 2130 3617 2131 3617 2131 3618 2130 3618 2132 3618 2133 3619 2132 3619 2134 3619 2128 3620 2127 3620 2135 3620 2135 3621 2127 3621 2136 3621 2135 3622 2136 3622 2137 3622 2138 3623 2137 3623 2136 3623 2137 3624 2138 3624 2139 3624 2138 3625 2140 3625 2139 3625 2139 3626 2140 3626 2141 3626 2141 3627 2140 3627 2142 3627 2141 3628 2142 3628 2143 3628 2144 3629 2145 3629 2146 3629 2146 3630 2147 3630 2148 3630 2148 3631 2147 3631 2149 3631 2148 3631 2149 3631 2150 3631 2150 3632 2149 3632 2151 3632 2150 3633 2151 3633 2152 3633 2152 3634 2151 3634 2153 3634 2152 3635 2153 3635 2154 3635 2154 3636 2153 3636 2155 3636 2154 3637 2155 3637 2156 3637 2155 3638 2157 3638 2156 3638 2156 3639 2157 3639 2158 3639 2157 3640 2159 3640 2158 3640 2158 3641 2159 3641 2160 3641 2161 3642 2162 3642 2128 3642 2128 3643 2162 3643 2163 3643 2128 708 2163 708 2164 708 2165 708 2166 708 2161 708 2161 3644 2166 3644 2167 3644 2161 3645 2167 3645 2168 3645 2165 708 2169 708 2170 708 2165 3646 2170 3646 2171 3646 2165 3647 2171 3647 2172 3647 2165 3648 2172 3648 2173 3648 2165 3649 2173 3649 2166 3649 2168 708 2162 708 2161 708 2128 3650 2164 3650 2174 3650 2128 3651 2174 3651 2175 3651 2128 708 2175 708 2134 708 2134 3652 2175 3652 2176 3652 2134 708 2176 708 2177 708 2134 708 2177 708 2178 708 2134 3653 2132 3653 2130 3653 2130 708 2128 708 2134 708 2149 3654 2179 3654 2180 3654 2180 708 2179 708 2181 708 2180 3655 2181 3655 2182 3655 2147 3656 2145 3656 2149 3656 2149 708 2145 708 2183 708 2149 3657 2183 3657 2184 3657 2145 3658 2147 3658 2146 3658 2185 708 2186 708 2145 708 2145 3659 2186 3659 2187 3659 2187 708 2183 708 2145 708 2149 3660 2184 3660 2188 3660 2149 3661 2188 3661 2179 3661 2180 3662 2182 3662 2189 3662 2180 708 2189 708 2190 708 2190 708 2189 708 2191 708 2191 3663 2192 3663 2190 3663 2190 3664 2192 3664 2193 3664 2193 708 2194 708 2190 708 2190 3665 2194 3665 2195 3665 2196 744 2197 744 2198 744 2198 3666 2197 3666 2199 3666 2129 3667 2200 3667 2196 3667 2196 3668 2200 3668 2201 3668 2131 744 2133 744 2129 744 2129 744 2133 744 2202 744 2133 3669 2131 3669 2132 3669 2203 744 2204 744 2133 744 2133 744 2204 744 2205 744 2205 744 2202 744 2133 744 2202 744 2206 744 2129 744 2129 3670 2206 3670 2207 3670 2207 744 2200 744 2129 744 2201 744 2208 744 2196 744 2196 744 2208 744 2197 744 2198 3671 2199 3671 2209 3671 2198 3672 2209 3672 2210 3672 2198 3673 2210 3673 2211 3673 2198 744 2211 744 2212 744 2133 772 2134 772 2203 772 2203 772 2134 772 2178 772 2144 3674 2146 3674 2148 3674 2148 744 2150 744 2144 744 2144 744 2150 744 2213 744 2144 3675 2213 3675 2214 3675 2215 744 2216 744 2150 744 2150 3676 2216 3676 2217 3676 2218 744 2219 744 2215 744 2215 3677 2219 3677 2220 3677 2218 744 2221 744 2222 744 2218 744 2222 744 2223 744 2218 744 2223 744 2224 744 2218 3678 2224 3678 2225 3678 2218 744 2225 744 2219 744 2220 744 2226 744 2215 744 2215 3679 2226 3679 2216 3679 2217 744 2227 744 2150 744 2150 3680 2227 3680 2213 3680 2214 744 2228 744 2144 744 2144 744 2228 744 2229 744 2145 120 2144 120 2185 120 2185 120 2144 120 2229 120 2230 3681 2231 3681 2215 3681 2215 120 2231 120 2232 120 2231 3682 2230 3682 2233 3682 2231 3683 2233 3683 2234 3683 2231 3684 2234 3684 2235 3684 2231 3685 2235 3685 2236 3685 2231 120 2236 120 2237 120 2237 3686 2236 3686 2238 3686 2237 3687 2238 3687 2239 3687 2239 120 2240 120 2237 120 2237 3688 2240 3688 2241 3688 2237 3689 2241 3689 2180 3689 2237 120 2180 120 2242 120 2242 120 2180 120 2190 120 2215 120 2232 120 2243 120 2232 3690 2244 3690 2243 3690 2243 3691 2245 3691 2215 3691 2215 120 2245 120 2218 120 2237 744 2242 744 2246 744 2246 3692 2242 3692 2247 3692 2246 3693 2247 3693 2248 3693 2242 3694 2195 3694 2249 3694 2242 3695 2249 3695 2250 3695 2242 3696 2250 3696 2251 3696 2242 744 2251 744 2252 744 2242 3697 2252 3697 2253 3697 2242 3698 2253 3698 2254 3698 2242 3699 2254 3699 2255 3699 2242 3700 2255 3700 2256 3700 2242 3701 2256 3701 2257 3701 2242 3702 2257 3702 2258 3702 2242 3703 2258 3703 2259 3703 2242 3704 2259 3704 2260 3704 2242 3705 2260 3705 2261 3705 2242 3706 2261 3706 2262 3706 2242 3707 2262 3707 2263 3707 2242 3708 2263 3708 2264 3708 2242 3709 2264 3709 2265 3709 2242 3710 2265 3710 2266 3710 2242 3711 2266 3711 2267 3711 2242 3712 2267 3712 2268 3712 2242 3713 2268 3713 2269 3713 2242 3714 2269 3714 2270 3714 2242 3715 2270 3715 2271 3715 2271 744 2247 744 2242 744 2248 744 2272 744 2246 744 2246 3716 2272 3716 2273 3716 2273 744 2274 744 2246 744 2246 3717 2274 3717 2275 3717 2275 3718 2276 3718 2246 3718 2246 744 2276 744 2277 744 2246 744 2277 744 2278 744 2276 3719 2279 3719 2277 3719 2277 3720 2279 3720 2280 3720 2277 3721 2280 3721 2281 3721 2277 3722 2281 3722 2282 3722 2282 3723 2281 3723 2283 3723 2282 3724 2283 3724 2284 3724 2284 744 2285 744 2282 744 2282 3725 2285 3725 2286 3725 2286 744 2287 744 2282 744 2282 3726 2287 3726 2288 3726 2282 3727 2288 3727 2289 3727 2282 3728 2289 3728 2290 3728 2282 744 2290 744 2291 744 2282 3729 2291 3729 2292 3729 2282 3730 2292 3730 2293 3730 2282 3731 2293 3731 2294 3731 2282 3732 2294 3732 2295 3732 2282 3733 2295 3733 2296 3733 2296 744 2297 744 2282 744 2282 3734 2297 3734 2298 3734 2298 3735 2299 3735 2282 3735 2278 744 2300 744 2246 744 2246 744 2300 744 2301 744 2302 772 2303 772 2246 772 2302 3736 2246 3736 2304 3736 2304 3737 2246 3737 2305 3737 2305 772 2246 772 2306 772 2306 772 2246 772 2307 772 2307 772 2246 772 2161 772 2161 772 2246 772 2301 772 2161 772 2301 772 2165 772 2302 772 2308 772 2303 772 2303 3738 2308 3738 2309 3738 2309 3739 2310 3739 2303 3739 2303 3740 2310 3740 2311 3740 2303 772 2311 772 2196 772 2198 772 2312 772 2196 772 2196 3741 2312 3741 2313 3741 2196 3742 2313 3742 2314 3742 2314 3743 2313 3743 2315 3743 2196 3744 2314 3744 2303 3744 2316 708 2317 708 2318 708 2318 3745 2317 3745 2319 3745 2318 3746 2319 3746 2320 3746 2320 3747 2319 3747 2321 3747 2320 3748 2321 3748 2322 3748 2322 3749 2321 3749 2323 3749 2323 708 2321 708 2324 708 2324 3750 2321 3750 2325 3750 2325 708 2321 708 2326 708 2326 3751 2321 3751 2327 3751 2327 708 2321 708 2328 708 2328 708 2321 708 2329 708 2329 708 2321 708 2330 708 2330 708 2321 708 2331 708 2331 708 2321 708 2332 708 2332 3752 2321 3752 2333 3752 2332 708 2333 708 2334 708 2334 3753 2333 3753 2335 3753 2335 708 2333 708 2336 708 2336 708 2333 708 2337 708 2337 708 2333 708 2338 708 2338 3754 2333 3754 2339 3754 2339 708 2333 708 2340 708 2340 708 2333 708 2341 708 2341 708 2333 708 2342 708 2342 708 2333 708 2343 708 2343 708 2333 708 2344 708 2344 3755 2333 3755 2345 3755 2345 3756 2333 3756 2346 3756 2346 708 2333 708 2347 708 2347 3757 2333 3757 2348 3757 2349 708 2350 708 2316 708 2316 3758 2350 3758 2351 3758 2351 708 2352 708 2316 708 2316 3759 2352 3759 2353 3759 2353 708 2354 708 2316 708 2316 3760 2354 3760 2355 3760 2316 3761 2355 3761 2356 3761 2316 3762 2356 3762 2357 3762 2316 3763 2357 3763 2358 3763 2358 708 2359 708 2316 708 2316 3764 2359 3764 2360 3764 2360 3765 2361 3765 2316 3765 2316 3766 2361 3766 2362 3766 2316 3767 2362 3767 2363 3767 2363 708 2317 708 2316 708 2321 708 2319 708 2364 708 2364 3768 2319 3768 2365 3768 2364 3769 2365 3769 2366 3769 2366 708 2367 708 2364 708 2364 3770 2367 3770 2368 3770 2364 3771 2368 3771 2369 3771 2364 708 2369 708 2370 708 2370 708 2371 708 2364 708 2364 708 2371 708 2372 708 2364 3772 2373 3772 2321 3772 2321 708 2373 708 2374 708 2374 708 2373 708 2375 708 2375 708 2373 708 2376 708 2375 3773 2376 3773 2377 3773 2377 708 2376 708 2378 708 2378 708 2376 708 2379 708 2378 708 2379 708 2380 708 2380 708 2379 708 2381 708 2380 3774 2381 3774 2382 3774 2382 708 2381 708 2383 708 2382 708 2383 708 2384 708 2384 708 2383 708 2385 708 2384 708 2385 708 2386 708 2386 3775 2385 3775 2387 3775 2386 708 2387 708 2388 708 2388 708 2387 708 2389 708 2318 3776 2320 3776 2390 3776 2318 3777 2390 3777 2391 3777 2318 3778 2391 3778 2392 3778 2318 3779 2392 3779 2393 3779 2318 3780 2393 3780 2394 3780 2318 3781 2394 3781 2395 3781 2318 3782 2395 3782 2396 3782 2318 3783 2396 3783 2397 3783 2318 3784 2397 3784 2398 3784 2318 3785 2398 3785 2399 3785 2318 3786 2399 3786 2400 3786 2318 3787 2400 3787 2401 3787 2318 3788 2401 3788 2402 3788 2318 3789 2402 3789 2403 3789 2318 3790 2403 3790 2404 3790 2318 708 2404 708 2405 708 2318 3791 2405 3791 2406 3791 2318 3792 2406 3792 2407 3792 2318 3793 2407 3793 2408 3793 2318 3794 2408 3794 2409 3794 2409 3795 2410 3795 2318 3795 2318 3796 2410 3796 2411 3796 2318 3797 2411 3797 2412 3797 2412 708 2413 708 2318 708 2318 708 2413 708 2414 708 2414 708 2415 708 2318 708 2318 3798 2415 3798 2416 3798 2318 3799 2416 3799 2417 3799 2417 708 2418 708 2318 708 2318 3800 2418 3800 2419 3800 2419 708 2420 708 2318 708 2318 3801 2420 3801 2421 3801 2421 708 2422 708 2318 708 2318 3802 2422 3802 2423 3802 2423 3803 2424 3803 2318 3803 2318 708 2424 708 2425 708 2425 708 2426 708 2318 708 2318 708 2426 708 2427 708 2427 708 2428 708 2318 708 2318 3804 2428 3804 2429 3804 2318 3805 2429 3805 2430 3805 2246 3806 2319 3806 2317 3806 2246 3806 2317 3806 2237 3806 2237 3806 2317 3806 2431 3806 2237 3806 2431 3806 2231 3806 2303 3806 2432 3806 2246 3806 2432 3806 2319 3806 2246 3806 2190 3807 2195 3807 2242 3807 2195 3808 2194 3808 2193 3808 2195 3809 2193 3809 2249 3809 2249 3810 2193 3810 2192 3810 2249 3811 2192 3811 2250 3811 2250 3812 2192 3812 2191 3812 2250 3813 2191 3813 2251 3813 2251 3814 2191 3814 2189 3814 2251 3815 2189 3815 2252 3815 2252 3816 2189 3816 2182 3816 2252 3817 2182 3817 2253 3817 2253 3818 2182 3818 2181 3818 2253 3819 2181 3819 2254 3819 2254 3820 2181 3820 2179 3820 2254 3821 2179 3821 2255 3821 2255 3822 2179 3822 2188 3822 2255 3823 2188 3823 2256 3823 2256 3824 2188 3824 2184 3824 2256 3825 2184 3825 2257 3825 2257 3826 2184 3826 2183 3826 2257 3827 2183 3827 2258 3827 2258 3828 2183 3828 2187 3828 2258 3829 2187 3829 2259 3829 2259 3830 2187 3830 2186 3830 2259 3831 2186 3831 2260 3831 2260 3832 2186 3832 2185 3832 2260 3833 2185 3833 2261 3833 2261 3834 2185 3834 2433 3834 2261 3835 2433 3835 2262 3835 2262 3836 2433 3836 2434 3836 2262 3837 2434 3837 2263 3837 2263 3837 2434 3837 2435 3837 2263 3838 2435 3838 2264 3838 2264 3839 2435 3839 2436 3839 2264 3840 2436 3840 2265 3840 2265 3841 2436 3841 2437 3841 2265 3842 2437 3842 2266 3842 2266 3843 2437 3843 2438 3843 2266 3844 2438 3844 2267 3844 2267 3845 2438 3845 2439 3845 2267 3846 2439 3846 2268 3846 2268 3847 2439 3847 2440 3847 2268 3848 2440 3848 2269 3848 2269 3849 2440 3849 2441 3849 2269 3850 2441 3850 2270 3850 2270 3851 2441 3851 2442 3851 2270 3852 2442 3852 2271 3852 2271 3853 2442 3853 2443 3853 2271 3854 2443 3854 2247 3854 2248 3855 2247 3855 2444 3855 2248 3856 2444 3856 2272 3856 2272 3857 2444 3857 2445 3857 2272 3858 2445 3858 2273 3858 2273 3858 2445 3858 2446 3858 2273 3859 2446 3859 2274 3859 2274 3860 2446 3860 2447 3860 2274 3861 2447 3861 2275 3861 2275 3861 2447 3861 2448 3861 2275 3862 2448 3862 2276 3862 2279 3863 2276 3863 2449 3863 2279 3864 2449 3864 2280 3864 2280 3865 2449 3865 2450 3865 2280 3866 2450 3866 2281 3866 2281 3867 2450 3867 2451 3867 2281 3868 2451 3868 2283 3868 2283 3868 2451 3868 2452 3868 2283 3869 2452 3869 2284 3869 2284 3870 2452 3870 2453 3870 2284 3871 2453 3871 2285 3871 2285 3872 2453 3872 2454 3872 2285 3873 2454 3873 2286 3873 2286 3873 2454 3873 2455 3873 2286 3874 2455 3874 2287 3874 2287 3875 2455 3875 2456 3875 2287 3876 2456 3876 2178 3876 2178 3877 2456 3877 2203 3877 2203 3878 2456 3878 2457 3878 2203 3879 2457 3879 2458 3879 2185 3880 2229 3880 2433 3880 2433 3881 2229 3881 2459 3881 2433 3882 2459 3882 2434 3882 2434 3883 2459 3883 2460 3883 2434 3837 2460 3837 2435 3837 2435 3884 2460 3884 2461 3884 2435 3885 2461 3885 2436 3885 2436 3886 2461 3886 2462 3886 2436 3887 2462 3887 2437 3887 2437 3888 2462 3888 2438 3888 2438 3889 2462 3889 2463 3889 2438 3890 2463 3890 2439 3890 2439 3891 2463 3891 2464 3891 2439 3892 2464 3892 2440 3892 2440 3893 2464 3893 2465 3893 2440 3894 2465 3894 2441 3894 2441 3895 2465 3895 2466 3895 2441 3896 2466 3896 2442 3896 2442 3897 2466 3897 2467 3897 2442 3898 2467 3898 2443 3898 2443 3899 2467 3899 2468 3899 2443 3900 2468 3900 2247 3900 2247 3901 2468 3901 2469 3901 2247 3902 2469 3902 2444 3902 2444 3903 2469 3903 2470 3903 2444 3904 2470 3904 2445 3904 2445 3856 2470 3856 2471 3856 2445 3858 2471 3858 2446 3858 2446 3905 2471 3905 2472 3905 2446 3906 2472 3906 2447 3906 2447 3860 2472 3860 2473 3860 2447 3907 2473 3907 2448 3907 2448 3908 2473 3908 2474 3908 2448 3909 2474 3909 2276 3909 2276 3910 2474 3910 2449 3910 2449 3911 2474 3911 2475 3911 2449 3912 2475 3912 2450 3912 2450 3913 2475 3913 2451 3913 2451 3914 2475 3914 2476 3914 2451 3868 2476 3868 2452 3868 2452 3915 2476 3915 2477 3915 2452 3869 2477 3869 2453 3869 2453 3916 2477 3916 2478 3916 2453 3917 2478 3917 2454 3917 2454 3918 2478 3918 2479 3918 2454 3873 2479 3873 2455 3873 2455 3919 2479 3919 2457 3919 2455 3920 2457 3920 2456 3920 2459 3921 2229 3921 2480 3921 2480 3922 2229 3922 2228 3922 2480 3923 2228 3923 2481 3923 2481 3924 2228 3924 2214 3924 2481 3925 2214 3925 2213 3925 2481 3926 2213 3926 2482 3926 2482 3927 2213 3927 2227 3927 2482 3928 2227 3928 2217 3928 2482 3929 2217 3929 2483 3929 2483 3930 2217 3930 2216 3930 2483 3931 2216 3931 2226 3931 2483 3932 2226 3932 2484 3932 2484 3933 2226 3933 2220 3933 2484 3934 2220 3934 2219 3934 2484 3935 2219 3935 2485 3935 2485 3936 2219 3936 2225 3936 2485 3937 2225 3937 2224 3937 2485 3938 2224 3938 2486 3938 2486 3939 2224 3939 2223 3939 2486 3940 2223 3940 2222 3940 2486 3941 2222 3941 2487 3941 2487 3942 2222 3942 2221 3942 2487 3943 2221 3943 2245 3943 2245 3944 2221 3944 2218 3944 2203 3945 2458 3945 2204 3945 2204 3946 2458 3946 2205 3946 2205 3947 2458 3947 2488 3947 2205 3948 2488 3948 2202 3948 2202 3949 2488 3949 2206 3949 2206 3950 2488 3950 2489 3950 2206 3951 2489 3951 2207 3951 2207 3952 2489 3952 2490 3952 2207 3953 2490 3953 2200 3953 2200 3954 2490 3954 2201 3954 2201 3955 2490 3955 2491 3955 2201 3956 2491 3956 2208 3956 2208 3957 2491 3957 2197 3957 2197 3958 2491 3958 2492 3958 2197 3959 2492 3959 2199 3959 2199 3960 2492 3960 2493 3960 2199 3961 2493 3961 2209 3961 2209 3962 2493 3962 2494 3962 2209 3963 2494 3963 2210 3963 2210 3964 2494 3964 2211 3964 2211 3965 2494 3965 2495 3965 2211 3966 2495 3966 2212 3966 2212 3967 2495 3967 2312 3967 2212 3968 2312 3968 2198 3968 2287 3969 2178 3969 2288 3969 2288 3970 2178 3970 2177 3970 2288 3971 2177 3971 2289 3971 2289 3972 2177 3972 2176 3972 2289 3973 2176 3973 2290 3973 2290 3974 2176 3974 2175 3974 2290 3975 2175 3975 2174 3975 2290 3976 2174 3976 2291 3976 2291 3977 2174 3977 2164 3977 2291 3978 2164 3978 2292 3978 2292 3979 2164 3979 2163 3979 2292 3980 2163 3980 2293 3980 2293 3981 2163 3981 2162 3981 2293 3982 2162 3982 2294 3982 2294 3983 2162 3983 2168 3983 2294 3984 2168 3984 2295 3984 2295 3985 2168 3985 2167 3985 2295 3986 2167 3986 2296 3986 2296 3987 2167 3987 2166 3987 2296 3988 2166 3988 2297 3988 2297 3989 2166 3989 2173 3989 2297 3990 2173 3990 2298 3990 2298 3991 2173 3991 2172 3991 2298 3992 2172 3992 2299 3992 2299 3993 2172 3993 2171 3993 2299 3994 2171 3994 2282 3994 2282 3995 2171 3995 2277 3995 2277 3996 2171 3996 2170 3996 2277 3997 2170 3997 2278 3997 2278 3998 2170 3998 2169 3998 2278 3999 2169 3999 2300 3999 2300 4000 2169 4000 2301 4000 2301 4001 2169 4001 2165 4001 2496 744 2497 744 2312 744 2312 744 2497 744 2498 744 2312 744 2498 744 2313 744 2313 4002 2498 4002 2499 4002 2312 744 2495 744 2496 744 2496 4003 2495 4003 2494 4003 2496 4004 2494 4004 2493 4004 2496 4005 2493 4005 2492 4005 2496 4006 2492 4006 2500 4006 2500 744 2492 744 2491 744 2500 4007 2491 4007 2490 4007 2500 4008 2490 4008 2489 4008 2500 4009 2489 4009 2488 4009 2500 4010 2488 4010 2458 4010 2500 744 2458 744 2501 744 2501 4011 2458 4011 2457 4011 2501 744 2457 744 2479 744 2501 4012 2479 4012 2478 4012 2501 4013 2478 4013 2477 4013 2501 744 2477 744 2476 744 2501 4014 2476 4014 2475 4014 2501 4015 2475 4015 2474 4015 2474 744 2473 744 2501 744 2501 4016 2473 4016 2472 4016 2501 4017 2472 4017 2502 4017 2502 4018 2472 4018 2471 4018 2471 4019 2470 4019 2502 4019 2502 4020 2470 4020 2503 4020 2469 744 2504 744 2470 744 2470 4021 2504 4021 2503 4021 2469 744 2468 744 2504 744 2504 4022 2468 4022 2467 4022 2504 4023 2467 4023 2466 4023 2466 4024 2465 4024 2504 4024 2504 744 2465 744 2464 744 2464 744 2463 744 2504 744 2504 744 2463 744 2462 744 2504 744 2462 744 2461 744 2504 4025 2461 4025 2460 4025 2504 4026 2460 4026 2459 4026 2504 744 2459 744 2505 744 2505 4027 2459 4027 2480 4027 2505 744 2480 744 2481 744 2505 744 2481 744 2482 744 2505 744 2482 744 2506 744 2506 4028 2482 4028 2483 4028 2506 744 2483 744 2484 744 2506 4029 2484 4029 2485 4029 2506 744 2485 744 2507 744 2507 4030 2485 4030 2486 4030 2507 4031 2486 4031 2487 4031 2507 4032 2487 4032 2245 4032 2507 744 2245 744 2508 744 2508 744 2245 744 2509 744 2509 744 2245 744 2243 744 2509 4033 2243 4033 2244 4033 2510 772 2511 772 2318 772 2318 772 2511 772 2316 772 2512 4034 2513 4034 2514 4034 2514 4035 2513 4035 2515 4035 2514 4036 2515 4036 2516 4036 2514 4037 2516 4037 2517 4037 2517 4038 2516 4038 2518 4038 2517 4039 2518 4039 2519 4039 2519 4040 2518 4040 2520 4040 2519 4041 2520 4041 2521 4041 2521 4042 2520 4042 2522 4042 2521 4043 2522 4043 2523 4043 2523 4044 2522 4044 2524 4044 2523 4045 2524 4045 2525 4045 2525 4046 2524 4046 2526 4046 2525 4047 2526 4047 2527 4047 2527 4048 2526 4048 2528 4048 2527 4049 2528 4049 2529 4049 2529 4050 2528 4050 2530 4050 2529 4051 2530 4051 2531 4051 2531 4052 2530 4052 2532 4052 2531 4053 2532 4053 2533 4053 2533 4054 2532 4054 2534 4054 2533 4055 2534 4055 2535 4055 2535 4056 2534 4056 2536 4056 2535 4057 2536 4057 2537 4057 2537 4058 2536 4058 2538 4058 2537 4059 2538 4059 2539 4059 2539 4060 2538 4060 2540 4060 2539 4061 2540 4061 2541 4061 2541 4062 2540 4062 2542 4062 2541 4063 2542 4063 2543 4063 2543 4064 2542 4064 2544 4064 2543 4065 2544 4065 2545 4065 2545 4066 2544 4066 2546 4066 2545 4067 2546 4067 2547 4067 2547 4068 2546 4068 2548 4068 2547 4069 2548 4069 2549 4069 2549 4070 2548 4070 2550 4070 2549 4071 2550 4071 2551 4071 2551 4072 2550 4072 2552 4072 2551 4073 2552 4073 2553 4073 2553 4073 2552 4073 2554 4073 2553 4074 2554 4074 2511 4074 2511 4075 2510 4075 2553 4075 2510 4076 2555 4076 2553 4076 2553 4077 2555 4077 2551 4077 2555 4078 2556 4078 2551 4078 2551 4072 2556 4072 2549 4072 2556 4079 2557 4079 2549 4079 2549 4080 2557 4080 2547 4080 2557 4081 2558 4081 2547 4081 2547 4082 2558 4082 2545 4082 2558 4083 2559 4083 2545 4083 2545 4084 2559 4084 2543 4084 2559 4065 2560 4065 2543 4065 2543 4085 2560 4085 2541 4085 2560 4063 2561 4063 2541 4063 2541 4086 2561 4086 2539 4086 2561 4061 2562 4061 2539 4061 2539 4087 2562 4087 2537 4087 2562 4059 2563 4059 2537 4059 2537 4088 2563 4088 2535 4088 2563 4089 2564 4089 2535 4089 2535 4090 2564 4090 2533 4090 2564 4056 2565 4056 2533 4056 2533 4091 2565 4091 2531 4091 2565 4053 2566 4053 2531 4053 2531 4092 2566 4092 2529 4092 2566 4051 2567 4051 2529 4051 2529 4050 2567 4050 2527 4050 2567 4093 2568 4093 2527 4093 2527 4094 2568 4094 2525 4094 2568 4048 2569 4048 2525 4048 2525 4095 2569 4095 2523 4095 2569 4096 2570 4096 2523 4096 2523 4097 2570 4097 2521 4097 2570 4098 2571 4098 2521 4098 2521 4042 2571 4042 2519 4042 2571 4041 2572 4041 2519 4041 2519 4099 2572 4099 2517 4099 2572 4099 2573 4099 2517 4099 2517 4100 2573 4100 2514 4100 2573 4037 2512 4037 2514 4037 2509 4101 2574 4101 2508 4101 2574 4102 2575 4102 2576 4102 2576 4103 2575 4103 2577 4103 2577 4104 2575 4104 2578 4104 2577 4105 2578 4105 2579 4105 2577 4106 2579 4106 2580 4106 2580 4107 2579 4107 2581 4107 2580 4108 2581 4108 2582 4108 2580 4109 2582 4109 2583 4109 2583 4110 2582 4110 2584 4110 2583 4111 2584 4111 2585 4111 2583 4112 2585 4112 2586 4112 2586 4113 2585 4113 2587 4113 2586 4114 2587 4114 2588 4114 2588 4115 2587 4115 2589 4115 2588 4116 2589 4116 2513 4116 2584 4117 2582 4117 2590 4117 2590 4118 2582 4118 2581 4118 2591 4119 2509 4119 2244 4119 2584 4120 2590 4120 2585 4120 2585 4121 2590 4121 2587 4121 2515 4122 2513 4122 2589 4122 2574 4123 2576 4123 2508 4123 2591 4124 2574 4124 2509 4124 2574 4125 2591 4125 2575 4125 2388 4126 2592 4126 2386 4126 2386 4127 2592 4127 2593 4127 2386 4128 2593 4128 2384 4128 2384 4129 2593 4129 2382 4129 2382 4130 2593 4130 2594 4130 2382 4131 2594 4131 2380 4131 2380 4132 2594 4132 2378 4132 2378 4133 2594 4133 2595 4133 2378 4134 2595 4134 2377 4134 2377 4135 2595 4135 2375 4135 2375 4136 2595 4136 2596 4136 2375 4137 2596 4137 2374 4137 2374 4138 2596 4138 2321 4138 2321 4139 2596 4139 2597 4139 2321 4140 2597 4140 2333 4140 2333 4141 2597 4141 2598 4141 2333 4142 2598 4142 2348 4142 2348 4143 2598 4143 2347 4143 2347 4144 2598 4144 2599 4144 2347 4145 2599 4145 2346 4145 2346 4146 2599 4146 2345 4146 2345 4147 2599 4147 2600 4147 2345 4148 2600 4148 2344 4148 2344 4149 2600 4149 2343 4149 2343 4150 2600 4150 2601 4150 2343 4151 2601 4151 2342 4151 2342 4152 2601 4152 2602 4152 2342 4153 2602 4153 2341 4153 2341 4154 2602 4154 2340 4154 2340 4155 2602 4155 2339 4155 2339 4156 2602 4156 2603 4156 2339 4157 2603 4157 2338 4157 2338 4158 2603 4158 2337 4158 2337 4159 2603 4159 2604 4159 2337 4160 2604 4160 2336 4160 2336 4161 2604 4161 2335 4161 2335 4162 2604 4162 2605 4162 2335 4163 2605 4163 2334 4163 2334 4164 2605 4164 2332 4164 2332 4165 2605 4165 2606 4165 2332 4166 2606 4166 2331 4166 2331 4167 2606 4167 2330 4167 2330 4168 2606 4168 2607 4168 2330 4169 2607 4169 2329 4169 2329 4170 2607 4170 2608 4170 2329 4171 2608 4171 2328 4171 2328 4172 2608 4172 2327 4172 2327 4173 2608 4173 2609 4173 2327 4174 2609 4174 2326 4174 2326 4175 2609 4175 2325 4175 2325 4176 2609 4176 2610 4176 2325 4177 2610 4177 2324 4177 2324 4178 2610 4178 2323 4178 2323 4179 2610 4179 2611 4179 2323 4180 2611 4180 2322 4180 2322 4181 2611 4181 2612 4181 2322 4182 2612 4182 2320 4182 2320 4183 2612 4183 2390 4183 2390 4184 2612 4184 2613 4184 2390 4185 2613 4185 2391 4185 2391 4186 2613 4186 2614 4186 2391 4187 2614 4187 2392 4187 2392 4188 2614 4188 2393 4188 2393 4189 2614 4189 2615 4189 2393 4190 2615 4190 2394 4190 2394 4191 2615 4191 2395 4191 2395 4192 2615 4192 2616 4192 2395 4193 2616 4193 2396 4193 2396 4194 2616 4194 2617 4194 2396 4195 2617 4195 2397 4195 2397 4196 2617 4196 2618 4196 2397 4197 2618 4197 2398 4197 2398 4198 2618 4198 2399 4198 2399 4199 2618 4199 2619 4199 2399 4200 2619 4200 2400 4200 2400 4201 2619 4201 2620 4201 2400 4202 2620 4202 2401 4202 2401 4203 2620 4203 2402 4203 2402 4204 2620 4204 2621 4204 2402 4205 2621 4205 2403 4205 2403 4206 2621 4206 2404 4206 2404 4207 2621 4207 2622 4207 2404 4208 2622 4208 2405 4208 2405 4209 2622 4209 2406 4209 2406 4210 2622 4210 2623 4210 2406 4211 2623 4211 2407 4211 2407 4212 2623 4212 2624 4212 2407 4213 2624 4213 2408 4213 2408 4214 2624 4214 2409 4214 2409 4215 2624 4215 2625 4215 2409 4216 2625 4216 2410 4216 2410 4217 2625 4217 2411 4217 2411 4218 2625 4218 2626 4218 2411 4219 2626 4219 2412 4219 2412 4220 2626 4220 2413 4220 2413 4221 2626 4221 2627 4221 2413 4222 2627 4222 2414 4222 2414 4223 2627 4223 2415 4223 2415 4224 2627 4224 2628 4224 2415 4225 2628 4225 2416 4225 2416 4226 2628 4226 2629 4226 2416 4227 2629 4227 2417 4227 2417 4228 2629 4228 2418 4228 2418 4229 2629 4229 2630 4229 2418 4230 2630 4230 2419 4230 2419 4231 2630 4231 2420 4231 2420 4232 2630 4232 2631 4232 2420 4233 2631 4233 2421 4233 2421 4234 2631 4234 2632 4234 2421 4235 2632 4235 2422 4235 2422 4236 2632 4236 2633 4236 2422 4237 2633 4237 2423 4237 2423 4238 2633 4238 2424 4238 2424 4239 2633 4239 2634 4239 2424 4240 2634 4240 2425 4240 2425 4241 2634 4241 2426 4241 2426 4242 2634 4242 2635 4242 2426 4243 2635 4243 2427 4243 2427 4244 2635 4244 2428 4244 2428 4245 2635 4245 2636 4245 2428 4246 2636 4246 2429 4246 2429 4247 2636 4247 2430 4247 2430 4248 2636 4248 2637 4248 2430 4249 2637 4249 2318 4249 2318 4250 2637 4250 2510 4250 2592 4251 2638 4251 2593 4251 2594 4252 2593 4252 2639 4252 2594 4253 2639 4253 2595 4253 2596 4254 2595 4254 2640 4254 2596 4255 2640 4255 2597 4255 2598 4256 2597 4256 2641 4256 2598 4257 2641 4257 2599 4257 2599 4258 2641 4258 2642 4258 2599 4259 2642 4259 2600 4259 2600 4260 2642 4260 2601 4260 2601 4261 2642 4261 2643 4261 2601 4262 2643 4262 2602 4262 2602 4263 2643 4263 2644 4263 2602 4264 2644 4264 2603 4264 2603 4265 2645 4265 2604 4265 2604 4266 2645 4266 2646 4266 2604 4267 2646 4267 2647 4267 2604 4268 2647 4268 2605 4268 2605 4269 2647 4269 2606 4269 2609 4270 2608 4270 2648 4270 2609 4271 2648 4271 2649 4271 2609 4272 2649 4272 2610 4272 2610 4273 2649 4273 2611 4273 2611 4274 2649 4274 2650 4274 2611 4275 2650 4275 2612 4275 2613 4276 2612 4276 2651 4276 2613 4277 2651 4277 2614 4277 2614 4278 2651 4278 2652 4278 2614 4279 2652 4279 2615 4279 2615 4280 2652 4280 2616 4280 2616 4281 2652 4281 2653 4281 2616 4282 2653 4282 2617 4282 2617 4283 2653 4283 2618 4283 2620 4284 2619 4284 2654 4284 2620 4285 2654 4285 2655 4285 2620 4286 2655 4286 2621 4286 2621 4287 2655 4287 2656 4287 2621 4288 2656 4288 2622 4288 2622 4289 2656 4289 2623 4289 2624 4290 2623 4290 2657 4290 2624 4291 2657 4291 2625 4291 2626 4292 2625 4292 2658 4292 2626 4293 2658 4293 2627 4293 2627 4294 2659 4294 2628 4294 2628 4295 2659 4295 2660 4295 2628 4296 2660 4296 2629 4296 2629 4297 2660 4297 2661 4297 2629 4298 2661 4298 2630 4298 2630 4299 2661 4299 2631 4299 2633 4300 2632 4300 2662 4300 2633 4301 2662 4301 2634 4301 2634 4302 2662 4302 2663 4302 2634 4303 2663 4303 2664 4303 2634 4304 2664 4304 2635 4304 2636 4305 2635 4305 2665 4305 2636 4306 2665 4306 2637 4306 2510 4307 2637 4307 2555 4307 2555 4308 2637 4308 2665 4308 2555 4309 2665 4309 2556 4309 2556 4310 2665 4310 2557 4310 2557 4311 2665 4311 2666 4311 2557 4312 2666 4312 2558 4312 2558 4313 2666 4313 2559 4313 2559 4314 2666 4314 2667 4314 2559 4315 2667 4315 2560 4315 2560 4316 2667 4316 2561 4316 2561 4317 2667 4317 2562 4317 2562 4318 2667 4318 2668 4318 2562 4319 2668 4319 2563 4319 2563 4320 2668 4320 2564 4320 2564 4321 2668 4321 2669 4321 2564 4322 2669 4322 2565 4322 2565 4323 2669 4323 2566 4323 2566 4324 2669 4324 2670 4324 2566 4325 2670 4325 2567 4325 2567 4326 2670 4326 2568 4326 2568 4327 2670 4327 2569 4327 2569 4328 2670 4328 2570 4328 2570 4329 2670 4329 2671 4329 2570 4330 2671 4330 2571 4330 2571 4331 2671 4331 2672 4331 2571 4332 2672 4332 2572 4332 2572 4333 2672 4333 2573 4333 2573 4334 2672 4334 2512 4334 2512 4335 2672 4335 2513 4335 2513 4336 2672 4336 2673 4336 2673 4337 2672 4337 2674 4337 2675 4338 2676 4338 2677 4338 2677 4339 2676 4339 2678 4339 2677 4340 2678 4340 2679 4340 2680 4341 2681 4341 2662 4341 2638 4342 2682 4342 2593 4342 2593 4343 2682 4343 2639 4343 2597 4344 2640 4344 2641 4344 2647 4345 2683 4345 2606 4345 2606 4346 2683 4346 2607 4346 2653 4347 2654 4347 2618 4347 2618 4348 2654 4348 2619 4348 2656 4349 2684 4349 2623 4349 2623 4350 2684 4350 2657 4350 2625 4351 2657 4351 2658 4351 2627 4352 2658 4352 2659 4352 2631 4353 2661 4353 2632 4353 2682 4354 2685 4354 2639 4354 2595 4355 2639 4355 2686 4355 2595 4356 2686 4356 2640 4356 2642 4357 2641 4357 2687 4357 2603 4358 2644 4358 2645 4358 2646 4359 2688 4359 2647 4359 2647 4360 2688 4360 2683 4360 2607 4361 2683 4361 2689 4361 2607 4362 2689 4362 2608 4362 2608 4363 2689 4363 2648 4363 2648 4364 2690 4364 2691 4364 2648 4365 2691 4365 2649 4365 2649 4366 2691 4366 2650 4366 2650 4367 2692 4367 2612 4367 2612 4368 2692 4368 2651 4368 2652 4369 2651 4369 2693 4369 2652 4370 2693 4370 2694 4370 2652 4371 2694 4371 2653 4371 2653 4372 2695 4372 2654 4372 2654 4373 2696 4373 2655 4373 2658 4374 2697 4374 2659 4374 2632 4375 2661 4375 2698 4375 2685 4376 2699 4376 2639 4376 2639 4377 2699 4377 2700 4377 2639 4378 2700 4378 2686 4378 2640 4379 2701 4379 2641 4379 2641 4380 2701 4380 2687 4380 2642 4381 2687 4381 2702 4381 2642 4382 2702 4382 2643 4382 2643 4383 2702 4383 2703 4383 2643 4384 2703 4384 2644 4384 2648 4385 2689 4385 2690 4385 2651 4386 2692 4386 2704 4386 2651 4387 2704 4387 2693 4387 2654 4388 2695 4388 2696 4388 2655 4389 2696 4389 2705 4389 2655 4390 2705 4390 2656 4390 2657 4391 2684 4391 2706 4391 2657 4392 2706 4392 2658 4392 2658 4393 2706 4393 2697 4393 2659 4394 2697 4394 2707 4394 2659 4395 2707 4395 2660 4395 2661 4396 2660 4396 2708 4396 2661 4397 2708 4397 2709 4397 2661 4398 2709 4398 2698 4398 2632 4399 2698 4399 2662 4399 2699 4400 2710 4400 2700 4400 2640 4401 2686 4401 2701 4401 2644 4402 2703 4402 2645 4402 2645 4403 2703 4403 2711 4403 2645 4404 2711 4404 2646 4404 2691 4405 2712 4405 2650 4405 2650 4406 2712 4406 2692 4406 2692 4407 2712 4407 2713 4407 2653 4408 2694 4408 2714 4408 2653 4409 2714 4409 2695 4409 2696 4410 2715 4410 2705 4410 2656 4411 2705 4411 2684 4411 2660 4412 2707 4412 2708 4412 2710 4413 2716 4413 2700 4413 2700 4414 2716 4414 2717 4414 2701 4415 2686 4415 2718 4415 2646 4416 2711 4416 2719 4416 2646 4417 2719 4417 2688 4417 2688 4418 2720 4418 2683 4418 2683 4419 2720 4419 2689 4419 2712 4420 2691 4420 2721 4420 2692 4421 2713 4421 2704 4421 2694 4422 2722 4422 2714 4422 2684 4423 2705 4423 2723 4423 2684 4424 2724 4424 2706 4424 2698 4425 2709 4425 2680 4425 2698 4426 2680 4426 2662 4426 2716 4427 2725 4427 2717 4427 2700 4428 2718 4428 2686 4428 2701 4429 2718 4429 2726 4429 2701 4430 2726 4430 2687 4430 2687 4431 2726 4431 2702 4431 2703 4432 2727 4432 2711 4432 2689 4433 2728 4433 2690 4433 2690 4434 2728 4434 2691 4434 2712 4435 2721 4435 2713 4435 2704 4436 2729 4436 2693 4436 2693 4437 2729 4437 2694 4437 2694 4438 2729 4438 2722 4438 2696 4439 2695 4439 2730 4439 2696 4440 2730 4440 2715 4440 2715 4441 2731 4441 2705 4441 2705 4442 2731 4442 2723 4442 2684 4443 2723 4443 2724 4443 2706 4444 2724 4444 2732 4444 2706 4445 2732 4445 2697 4445 2697 4446 2732 4446 2707 4446 2708 4447 2707 4447 2733 4447 2708 4448 2733 4448 2734 4448 2708 4449 2734 4449 2709 4449 2709 4450 2734 4450 2735 4450 2709 4451 2735 4451 2680 4451 2725 4452 2736 4452 2717 4452 2718 4453 2700 4453 2737 4453 2702 4454 2738 4454 2703 4454 2703 4455 2738 4455 2739 4455 2703 4456 2739 4456 2727 4456 2711 4457 2727 4457 2719 4457 2719 4458 2727 4458 2740 4458 2719 4459 2741 4459 2688 4459 2688 4460 2741 4460 2720 4460 2689 4461 2720 4461 2742 4461 2689 4462 2742 4462 2728 4462 2691 4463 2728 4463 2743 4463 2691 4464 2743 4464 2721 4464 2721 4465 2744 4465 2713 4465 2695 4466 2714 4466 2730 4466 2715 4467 2730 4467 2731 4467 2723 4468 2745 4468 2724 4468 2707 4469 2732 4469 2746 4469 2707 4470 2746 4470 2733 4470 2733 4471 2747 4471 2734 4471 2736 4472 2748 4472 2717 4472 2700 4473 2717 4473 2737 4473 2718 4474 2749 4474 2726 4474 2702 4475 2726 4475 2750 4475 2702 4476 2750 4476 2738 4476 2719 4477 2740 4477 2741 4477 2704 4478 2713 4478 2751 4478 2704 4479 2751 4479 2729 4479 2729 4480 2751 4480 2752 4480 2722 4481 2729 4481 2752 4481 2730 4482 2753 4482 2731 4482 2723 4483 2731 4483 2754 4483 2723 4484 2754 4484 2745 4484 2724 4485 2755 4485 2732 4485 2732 4486 2755 4486 2756 4486 2732 4487 2756 4487 2746 4487 2733 4488 2746 4488 2747 4488 2680 4489 2735 4489 2757 4489 2748 4490 2758 4490 2717 4490 2717 4491 2758 4491 2759 4491 2717 4492 2759 4492 2737 4492 2718 4493 2737 4493 2760 4493 2718 4494 2760 4494 2749 4494 2726 4495 2749 4495 2750 4495 2727 4496 2739 4496 2740 4496 2720 4497 2741 4497 2761 4497 2720 4498 2761 4498 2742 4498 2721 4499 2743 4499 2744 4499 2751 4500 2762 4500 2752 4500 2722 4501 2763 4501 2714 4501 2714 4502 2763 4502 2730 4502 2731 4503 2753 4503 2764 4503 2731 4504 2764 4504 2754 4504 2724 4505 2745 4505 2755 4505 2758 4506 2765 4506 2759 4506 2737 4507 2759 4507 2766 4507 2737 4508 2766 4508 2767 4508 2737 4509 2767 4509 2760 4509 2749 4510 2760 4510 2768 4510 2749 4511 2768 4511 2750 4511 2740 4512 2769 4512 2741 4512 2761 4513 2741 4513 2770 4513 2742 4514 2771 4514 2728 4514 2728 4515 2771 4515 2743 4515 2743 4516 2771 4516 2772 4516 2743 4517 2772 4517 2744 4517 2744 4518 2773 4518 2713 4518 2713 4519 2773 4519 2751 4519 2722 4520 2752 4520 2774 4520 2722 4521 2774 4521 2763 4521 2730 4522 2763 4522 2775 4522 2730 4523 2775 4523 2753 4523 2754 4524 2764 4524 2776 4524 2754 4525 2776 4525 2745 4525 2745 4526 2777 4526 2755 4526 2747 4527 2778 4527 2734 4527 2735 4528 2734 4528 2779 4528 2735 4529 2779 4529 2679 4529 2735 4530 2679 4530 2757 4530 2765 4531 2780 4531 2759 4531 2759 4532 2780 4532 2766 4532 2738 4533 2750 4533 2781 4533 2738 4534 2781 4534 2739 4534 2741 4535 2769 4535 2770 4535 2761 4536 2770 4536 2782 4536 2761 4537 2782 4537 2742 4537 2742 4538 2782 4538 2771 4538 2744 4539 2772 4539 2783 4539 2744 4540 2783 4540 2773 4540 2752 4541 2762 4541 2784 4541 2752 4542 2784 4542 2774 4542 2763 4543 2774 4543 2775 4543 2745 4544 2776 4544 2777 4544 2756 4545 2785 4545 2746 4545 2734 4546 2778 4546 2779 4546 2780 4547 2786 4547 2766 4547 2760 4548 2787 4548 2768 4548 2740 4549 2739 4549 2788 4549 2740 4550 2788 4550 2769 4550 2771 4551 2782 4551 2789 4551 2771 4552 2789 4552 2772 4552 2773 4553 2790 4553 2751 4553 2751 4554 2790 4554 2762 4554 2762 4555 2790 4555 2791 4555 2764 4556 2792 4556 2776 4556 2777 4557 2776 4557 2793 4557 2755 4558 2777 4558 2794 4558 2755 4559 2794 4559 2756 4559 2756 4560 2794 4560 2785 4560 2746 4561 2785 4561 2747 4561 2747 4562 2785 4562 2778 4562 2779 4563 2778 4563 2795 4563 2786 4564 2796 4564 2766 4564 2766 4565 2796 4565 2797 4565 2767 4566 2798 4566 2760 4566 2750 4567 2768 4567 2799 4567 2750 4568 2799 4568 2781 4568 2781 4569 2800 4569 2739 4569 2739 4570 2800 4570 2788 4570 2769 4571 2788 4571 2770 4571 2773 4572 2783 4572 2801 4572 2773 4573 2801 4573 2790 4573 2762 4574 2791 4574 2784 4574 2774 4575 2784 4575 2802 4575 2774 4576 2802 4576 2803 4576 2774 4577 2803 4577 2775 4577 2753 4578 2775 4578 2792 4578 2753 4579 2792 4579 2764 4579 2776 4580 2792 4580 2804 4580 2776 4581 2804 4581 2793 4581 2777 4582 2793 4582 2805 4582 2777 4583 2805 4583 2794 4583 2779 4584 2795 4584 2677 4584 2779 4585 2677 4585 2679 4585 2796 4586 2806 4586 2797 4586 2766 4587 2797 4587 2767 4587 2767 4588 2797 4588 2798 4588 2768 4589 2787 4589 2799 4589 2781 4590 2799 4590 2800 4590 2788 4591 2807 4591 2770 4591 2770 4592 2807 4592 2808 4592 2770 4593 2808 4593 2782 4593 2789 4594 2782 4594 2809 4594 2789 4595 2810 4595 2772 4595 2772 4596 2810 4596 2783 4596 2801 4597 2783 4597 2811 4597 2801 4598 2812 4598 2790 4598 2790 4599 2812 4599 2791 4599 2775 4600 2813 4600 2792 4600 2806 4601 2814 4601 2797 4601 2760 4602 2798 4602 2815 4602 2760 4603 2815 4603 2787 4603 2799 4604 2816 4604 2800 4604 2788 4605 2800 4605 2817 4605 2788 4606 2817 4606 2807 4606 2782 4607 2808 4607 2818 4607 2782 4608 2818 4608 2809 4608 2810 4609 2819 4609 2783 4609 2783 4610 2819 4610 2811 4610 2801 4611 2811 4611 2812 4611 2791 4612 2820 4612 2784 4612 2775 4613 2803 4613 2813 4613 2792 4614 2813 4614 2821 4614 2792 4615 2821 4615 2804 4615 2804 4616 2822 4616 2793 4616 2793 4617 2822 4617 2805 4617 2794 4618 2823 4618 2785 4618 2785 4619 2823 4619 2824 4619 2785 4620 2824 4620 2825 4620 2785 4621 2825 4621 2778 4621 2795 4622 2778 4622 2826 4622 2814 4623 2827 4623 2797 4623 2797 4624 2827 4624 2828 4624 2800 4625 2816 4625 2829 4625 2800 4626 2829 4626 2817 4626 2807 4627 2817 4627 2830 4627 2807 4628 2830 4628 2808 4628 2808 4629 2830 4629 2831 4629 2808 4630 2831 4630 2818 4630 2789 4631 2809 4631 2810 4631 2810 4632 2809 4632 2832 4632 2791 4633 2812 4633 2833 4633 2791 4634 2833 4634 2820 4634 2784 4635 2820 4635 2802 4635 2803 4636 2802 4636 2834 4636 2803 4637 2834 4637 2835 4637 2803 4638 2835 4638 2813 4638 2804 4639 2821 4639 2822 4639 2794 4640 2805 4640 2823 4640 2778 4641 2825 4641 2826 4641 2795 4642 2826 4642 2675 4642 2795 4643 2675 4643 2677 4643 2827 4644 2836 4644 2828 4644 2797 4645 2828 4645 2798 4645 2815 4646 2837 4646 2787 4646 2787 4647 2837 4647 2799 4647 2799 4648 2837 4648 2816 4648 2818 4649 2838 4649 2809 4649 2832 4650 2839 4650 2810 4650 2810 4651 2839 4651 2819 4651 2812 4652 2811 4652 2840 4652 2812 4653 2840 4653 2833 4653 2802 4654 2820 4654 2834 4654 2813 4655 2835 4655 2821 4655 2822 4656 2841 4656 2805 4656 2805 4657 2841 4657 2823 4657 2836 4658 2842 4658 2828 4658 2798 4659 2828 4659 2843 4659 2798 4660 2843 4660 2815 4660 2818 4661 2831 4661 2838 4661 2809 4662 2838 4662 2844 4662 2809 4663 2844 4663 2832 4663 2819 4664 2839 4664 2845 4664 2819 4665 2845 4665 2811 4665 2811 4666 2845 4666 2840 4666 2820 4667 2833 4667 2846 4667 2820 4668 2846 4668 2834 4668 2835 4669 2834 4669 2847 4669 2821 4670 2848 4670 2822 4670 2841 4671 2822 4671 2849 4671 2823 4672 2841 4672 2850 4672 2823 4673 2850 4673 2824 4673 2824 4674 2850 4674 2825 4674 2842 4675 2851 4675 2828 4675 2815 4676 2843 4676 2852 4676 2815 4677 2852 4677 2837 4677 2837 4678 2852 4678 2853 4678 2837 4679 2853 4679 2854 4679 2837 4680 2854 4680 2816 4680 2816 4681 2854 4681 2855 4681 2816 4682 2855 4682 2829 4682 2829 4683 2855 4683 2817 4683 2817 4684 2855 4684 2856 4684 2817 4685 2856 4685 2830 4685 2831 4686 2830 4686 2857 4686 2834 4687 2846 4687 2847 4687 2821 4688 2835 4688 2848 4688 2841 4689 2849 4689 2850 4689 2825 4690 2858 4690 2826 4690 2675 4691 2826 4691 2859 4691 2851 4692 2860 4692 2828 4692 2828 4693 2861 4693 2843 4693 2830 4694 2856 4694 2862 4694 2830 4695 2862 4695 2857 4695 2857 4696 2863 4696 2831 4696 2831 4697 2863 4697 2838 4697 2838 4698 2863 4698 2844 4698 2844 4699 2839 4699 2832 4699 2835 4700 2847 4700 2864 4700 2835 4701 2864 4701 2848 4701 2822 4702 2848 4702 2849 4702 2850 4703 2865 4703 2825 4703 2825 4704 2865 4704 2858 4704 2826 4705 2858 4705 2859 4705 2675 4706 2859 4706 2676 4706 2676 4707 2866 4707 2674 4707 2678 4708 2676 4708 2674 4708 2671 4709 2678 4709 2674 4709 2671 4710 2674 4710 2672 4710 2867 4711 2678 4711 2671 4711 2868 4712 2678 4712 2867 4712 2867 4713 2671 4713 2670 4713 2679 4714 2678 4714 2868 4714 2869 4715 2868 4715 2867 4715 2869 4716 2867 4716 2669 4716 2669 4717 2867 4717 2670 4717 2757 4718 2679 4718 2868 4718 2870 4719 2757 4719 2868 4719 2870 4720 2868 4720 2869 4720 2668 4721 2869 4721 2669 4721 2870 4722 2869 4722 2668 4722 2681 4723 2680 4723 2757 4723 2681 4724 2757 4724 2870 4724 2871 4725 2870 4725 2668 4725 2871 4726 2668 4726 2667 4726 2871 4727 2681 4727 2870 4727 2666 4728 2871 4728 2667 4728 2663 4729 2681 4729 2871 4729 2663 4730 2662 4730 2681 4730 2664 4731 2663 4731 2871 4731 2664 4732 2871 4732 2666 4732 2664 4733 2666 4733 2665 4733 2635 4734 2664 4734 2665 4734 2828 4735 2860 4735 2861 4735 2861 4736 2860 4736 2872 4736 2861 4737 2872 4737 2873 4737 2861 4738 2873 4738 2874 4738 2861 4739 2874 4739 2875 4739 2875 4740 2874 4740 2876 4740 2875 4741 2876 4741 2877 4741 2875 4742 2877 4742 2878 4742 2875 4743 2878 4743 2497 4743 2875 4744 2497 4744 2496 4744 2875 4745 2496 4745 2879 4745 2879 4746 2496 4746 2880 4746 2881 4747 2880 4747 2882 4747 2855 4748 2881 4748 2856 4748 2839 4749 2883 4749 2845 4749 2845 4750 2884 4750 2840 4750 2840 4751 2884 4751 2885 4751 2840 4752 2885 4752 2833 4752 2833 4753 2885 4753 2846 4753 2846 4754 2885 4754 2886 4754 2846 4755 2886 4755 2847 4755 2676 4756 2859 4756 2866 4756 2513 4757 2673 4757 2588 4757 2588 4758 2673 4758 2586 4758 2586 4759 2673 4759 2583 4759 2583 4760 2673 4760 2887 4760 2583 4761 2887 4761 2580 4761 2580 4762 2887 4762 2888 4762 2580 4763 2888 4763 2577 4763 2577 4764 2888 4764 2576 4764 2576 4765 2888 4765 2508 4765 2508 4766 2888 4766 2507 4766 2507 4767 2888 4767 2889 4767 2507 4768 2889 4768 2506 4768 2496 4769 2500 4769 2880 4769 2881 4770 2862 4770 2856 4770 2881 4771 2882 4771 2862 4771 2880 4772 2500 4772 2882 4772 2862 4773 2882 4773 2890 4773 2862 4774 2890 4774 2857 4774 2857 4775 2890 4775 2891 4775 2857 4776 2891 4776 2863 4776 2863 4777 2891 4777 2844 4777 2882 4778 2500 4778 2890 4778 2890 4779 2500 4779 2501 4779 2890 4780 2501 4780 2892 4780 2892 4781 2501 4781 2893 4781 2892 4782 2893 4782 2884 4782 2884 4783 2893 4783 2885 4783 2501 4784 2502 4784 2893 4784 2893 4785 2894 4785 2885 4785 2893 4786 2502 4786 2894 4786 2885 4787 2894 4787 2886 4787 2894 4788 2502 4788 2503 4788 2894 4789 2503 4789 2895 4789 2895 4790 2503 4790 2896 4790 2849 4791 2897 4791 2850 4791 2898 4792 2896 4792 2899 4792 2503 4793 2504 4793 2896 4793 2898 4794 2899 4794 2897 4794 2897 4795 2865 4795 2850 4795 2504 4796 2505 4796 2896 4796 2896 4797 2505 4797 2899 4797 2899 4798 2900 4798 2897 4798 2897 4799 2900 4799 2865 4799 2899 4800 2505 4800 2900 4800 2865 4801 2900 4801 2901 4801 2865 4802 2901 4802 2858 4802 2900 4803 2505 4803 2506 4803 2900 4804 2506 4804 2901 4804 2901 4805 2506 4805 2889 4805 2881 4806 2855 4806 2902 4806 2881 4807 2902 4807 2880 4807 2880 4808 2902 4808 2879 4808 2902 4809 2853 4809 2879 4809 2855 4810 2854 4810 2902 4810 2902 4811 2854 4811 2853 4811 2853 4812 2903 4812 2879 4812 2853 4813 2852 4813 2903 4813 2879 4814 2903 4814 2875 4814 2903 4815 2852 4815 2861 4815 2903 4816 2861 4816 2875 4816 2852 4817 2843 4817 2861 4817 2891 4818 2883 4818 2844 4818 2844 4819 2883 4819 2839 4819 2890 4820 2892 4820 2891 4820 2891 4821 2892 4821 2883 4821 2845 4822 2883 4822 2884 4822 2883 4823 2892 4823 2884 4823 2886 4824 2904 4824 2847 4824 2847 4825 2904 4825 2864 4825 2894 4826 2895 4826 2886 4826 2895 4827 2904 4827 2886 4827 2864 4828 2905 4828 2848 4828 2904 4829 2895 4829 2905 4829 2904 4830 2905 4830 2864 4830 2905 4831 2898 4831 2848 4831 2895 4832 2896 4832 2905 4832 2905 4833 2896 4833 2898 4833 2849 4834 2848 4834 2897 4834 2897 4835 2848 4835 2898 4835 2901 4836 2906 4836 2858 4836 2906 4837 2901 4837 2889 4837 2907 4838 2889 4838 2888 4838 2906 4839 2889 4839 2907 4839 2887 4840 2907 4840 2888 4840 2859 4841 2858 4841 2906 4841 2859 4842 2906 4842 2907 4842 2866 4843 2907 4843 2887 4843 2866 4844 2859 4844 2907 4844 2674 4845 2866 4845 2887 4845 2674 4846 2887 4846 2673 4846 2908 4847 2909 4847 2910 4847 2911 4848 2912 4848 2874 4848 2874 4849 2912 4849 2913 4849 2874 4850 2913 4850 2876 4850 2876 4851 2913 4851 2914 4851 2876 4852 2914 4852 2877 4852 2877 4853 2914 4853 2915 4853 2877 4854 2915 4854 2916 4854 2877 4855 2916 4855 2878 4855 2878 4856 2916 4856 2917 4856 2878 4857 2917 4857 2497 4857 2914 4858 2913 4858 2918 4858 2918 4859 2913 4859 2919 4859 2919 4860 2913 4860 2912 4860 2919 4861 2912 4861 2920 4861 2920 4862 2912 4862 2911 4862 2920 4863 2911 4863 2921 4863 2921 4864 2922 4864 2908 4864 2908 4865 2922 4865 2909 4865 2914 4866 2923 4866 2915 4866 2915 4867 2923 4867 2916 4867 2916 4868 2923 4868 2924 4868 2925 4869 2917 4869 2924 4869 2924 4870 2917 4870 2916 4870 2917 4871 2925 4871 2497 4871 2497 4872 2925 4872 2498 4872 2498 4873 2925 4873 2499 4873 2874 4874 2873 4874 2911 4874 2911 4875 2873 4875 2921 4875 2921 4876 2873 4876 2922 4876 2909 4877 2860 4877 2910 4877 2873 4878 2872 4878 2922 4878 2922 4879 2872 4879 2909 4879 2909 4880 2872 4880 2860 4880 2388 120 2389 120 2592 120 2592 120 2389 120 2926 120 2638 4881 2592 4881 2927 4881 2927 4882 2592 4882 2926 4882 2927 4883 2926 4883 2928 4883 2927 4884 2928 4884 2929 4884 2929 4884 2928 4884 2930 4884 2929 4885 2930 4885 2931 4885 2931 4886 2930 4886 2932 4886 2931 4887 2932 4887 2933 4887 2933 4888 2932 4888 2934 4888 2933 4889 2934 4889 2935 4889 2935 4890 2934 4890 2936 4890 2935 4891 2936 4891 2937 4891 2937 4892 2936 4892 2938 4892 2937 4893 2938 4893 2939 4893 2939 4894 2938 4894 2940 4894 2939 4895 2940 4895 2941 4895 2941 4896 2940 4896 2942 4896 2941 4897 2942 4897 2943 4897 2943 4898 2942 4898 2944 4898 2943 4899 2944 4899 2945 4899 2945 4900 2944 4900 2946 4900 2945 4901 2946 4901 2947 4901 2947 4902 2946 4902 2948 4902 2947 4903 2948 4903 2949 4903 2949 4904 2948 4904 2950 4904 2949 4905 2950 4905 2951 4905 2951 4906 2950 4906 2952 4906 2951 4907 2952 4907 2953 4907 2953 4908 2952 4908 2954 4908 2953 4909 2954 4909 2955 4909 2955 4910 2954 4910 2956 4910 2955 4911 2956 4911 2957 4911 2957 4912 2956 4912 2958 4912 2957 4913 2958 4913 2959 4913 2959 4914 2958 4914 2960 4914 2959 4915 2960 4915 2961 4915 2961 4916 2960 4916 2962 4916 2961 4917 2962 4917 2963 4917 2963 4918 2962 4918 2964 4918 2963 4919 2964 4919 2965 4919 2965 4919 2964 4919 2966 4919 2965 4920 2966 4920 2910 4920 2910 4921 2860 4921 2965 4921 2860 4922 2851 4922 2965 4922 2965 4919 2851 4919 2963 4919 2851 4919 2842 4919 2963 4919 2963 4923 2842 4923 2961 4923 2842 4917 2836 4917 2961 4917 2961 4916 2836 4916 2959 4916 2836 4915 2827 4915 2959 4915 2959 4924 2827 4924 2957 4924 2827 4913 2814 4913 2957 4913 2957 4925 2814 4925 2955 4925 2814 4925 2806 4925 2955 4925 2955 4926 2806 4926 2953 4926 2806 4910 2796 4910 2953 4910 2953 4908 2796 4908 2951 4908 2796 4927 2786 4927 2951 4927 2951 4905 2786 4905 2949 4905 2786 4905 2780 4905 2949 4905 2949 4928 2780 4928 2947 4928 2780 4903 2765 4903 2947 4903 2947 4901 2765 4901 2945 4901 2765 4929 2758 4929 2945 4929 2945 4930 2758 4930 2943 4930 2758 4930 2748 4930 2943 4930 2943 4898 2748 4898 2941 4898 2748 4897 2736 4897 2941 4897 2941 4896 2736 4896 2939 4896 2736 4895 2725 4895 2939 4895 2939 4931 2725 4931 2937 4931 2725 4932 2716 4932 2937 4932 2937 4933 2716 4933 2935 4933 2716 4891 2710 4891 2935 4891 2935 4934 2710 4934 2933 4934 2710 4890 2699 4890 2933 4890 2933 4935 2699 4935 2931 4935 2699 4936 2685 4936 2931 4936 2931 4886 2685 4886 2929 4886 2685 4885 2682 4885 2929 4885 2929 4884 2682 4884 2927 4884 2682 4937 2638 4937 2927 4937 2516 4938 2515 4938 2967 4938 2968 4939 2969 4939 2970 4939 2971 4940 2970 4940 2972 4940 2971 4941 2972 4941 2973 4941 2973 4942 2974 4942 2975 4942 2975 4943 2974 4943 2976 4943 2976 4944 2974 4944 2977 4944 2431 4945 2978 4945 2979 4945 2431 4946 2979 4946 2980 4946 2981 4947 2980 4947 2982 4947 2983 4948 2967 4948 2984 4948 2983 4949 2984 4949 2985 4949 2986 4950 2987 4950 2988 4950 2988 4951 2987 4951 2989 4951 2969 4952 2989 4952 2970 4952 2972 4953 2990 4953 2991 4953 2972 4954 2991 4954 2974 4954 2992 4955 2993 4955 2994 4955 2994 4956 2993 4956 2995 4956 2994 4957 2995 4957 2996 4957 2990 4958 2997 4958 2998 4958 2990 4959 2998 4959 2991 4959 2993 4960 2999 4960 2995 4960 2996 4961 2998 4961 2997 4961 2999 4962 2982 4962 2995 4962 2995 4963 2982 4963 2996 4963 2996 4964 2982 4964 2998 4964 2998 4965 3000 4965 2991 4965 2991 4966 3001 4966 2974 4966 2980 4967 2232 4967 2231 4967 2980 4968 2231 4968 2431 4968 2968 4969 3002 4969 2969 4969 2989 4970 2969 4970 3003 4970 2989 4971 3003 4971 2988 4971 2986 4972 2988 4972 2985 4972 2985 4973 2526 4973 2524 4973 2985 4974 2528 4974 2526 4974 2511 4975 2554 4975 3002 4975 3002 4976 2554 4976 2969 4976 2554 4977 2552 4977 2969 4977 2552 4978 2550 4978 2969 4978 2550 4979 2548 4979 2969 4979 2969 4980 2548 4980 3003 4980 2548 4981 2546 4981 3003 4981 2546 4982 2544 4982 3003 4982 2544 4983 2542 4983 3003 4983 3003 4984 2542 4984 2988 4984 2542 4985 2540 4985 2988 4985 2540 4986 2538 4986 2988 4986 2538 4987 2536 4987 2988 4987 2536 4988 2534 4988 2988 4988 2988 4989 2534 4989 2985 4989 2534 4990 2532 4990 2985 4990 2532 4991 2530 4991 2985 4991 2530 4992 2528 4992 2985 4992 2985 4993 2524 4993 2983 4993 2983 4994 2524 4994 2522 4994 2983 4995 2522 4995 2520 4995 2983 4996 2520 4996 2518 4996 2983 4997 2518 4997 2967 4997 2967 4998 2518 4998 2516 4998 2980 4999 3004 4999 2982 4999 3004 5000 2980 5000 2979 5000 3005 5001 2979 5001 2978 5001 3005 5002 2978 5002 3006 5002 3004 5003 2979 5003 3000 5003 3000 5004 2979 5004 3005 5004 3001 5005 3005 5005 3006 5005 2998 5006 2982 5006 3004 5006 3000 5007 3005 5007 3001 5007 3001 5008 3006 5008 2977 5008 2998 5009 3004 5009 3000 5009 2991 5010 3000 5010 3001 5010 2974 5011 3001 5011 2977 5011 2984 5012 2992 5012 2994 5012 3007 5013 2984 5013 2996 5013 3007 5014 2997 5014 2990 5014 2984 5015 2994 5015 2996 5015 3007 5016 2996 5016 2997 5016 2972 5017 2974 5017 2973 5017 2987 5018 3007 5018 2990 5018 2987 5019 2990 5019 2972 5019 2986 5020 3007 5020 2987 5020 2989 5021 2987 5021 2972 5021 2989 5022 2972 5022 2970 5022 2967 5023 2992 5023 2984 5023 2985 5024 2984 5024 3007 5024 2985 5025 3007 5025 2986 5025 2431 5026 2317 5026 2978 5026 2978 5027 2317 5027 2363 5027 2978 5028 2363 5028 2362 5028 2978 5029 2362 5029 3006 5029 3006 5030 2362 5030 2361 5030 3006 5031 2361 5031 2977 5031 2977 5032 2361 5032 2360 5032 2977 5033 2360 5033 2976 5033 2976 5034 2360 5034 2359 5034 2976 5035 2359 5035 2358 5035 2976 5036 2358 5036 2975 5036 2975 5037 2358 5037 2357 5037 2975 5038 2357 5038 2356 5038 2975 5039 2356 5039 2973 5039 2973 5040 2356 5040 2355 5040 2973 5041 2355 5041 2971 5041 2971 5042 2355 5042 2354 5042 2971 5043 2354 5043 2353 5043 2971 5044 2353 5044 2970 5044 2970 5045 2353 5045 2352 5045 2970 5046 2352 5046 2968 5046 2968 5047 2352 5047 2351 5047 2968 5048 2351 5048 2350 5048 2968 5049 2350 5049 3002 5049 3002 5050 2350 5050 2349 5050 3002 5051 2349 5051 2511 5051 2511 5052 2349 5052 2316 5052 2432 5053 2303 5053 3008 5053 3008 5054 2303 5054 2314 5054 3009 5055 3010 5055 3011 5055 3009 5056 3011 5056 3012 5056 3013 5057 3010 5057 3008 5057 3014 5058 3015 5058 3016 5058 3017 5059 3018 5059 2928 5059 3017 5060 2928 5060 2926 5060 3015 5061 2910 5061 2966 5061 3015 5062 2966 5062 2964 5062 3015 5063 2964 5063 2962 5063 3015 5064 2962 5064 2960 5064 3015 5065 2960 5065 3016 5065 3016 5066 2960 5066 2958 5066 3016 5067 2958 5067 3019 5067 3019 5068 2958 5068 2956 5068 3019 5069 2956 5069 2954 5069 3019 5070 2954 5070 2952 5070 3019 5071 2952 5071 2950 5071 3019 5072 2950 5072 3020 5072 3020 5073 2950 5073 2948 5073 3020 5074 2948 5074 2946 5074 3020 5075 2946 5075 2944 5075 3020 5076 2944 5076 2942 5076 3020 5077 2942 5077 3021 5077 3021 5078 2942 5078 2940 5078 3021 5079 2940 5079 2938 5079 3021 5080 2938 5080 2936 5080 3021 5081 2936 5081 3018 5081 3018 5082 2936 5082 2934 5082 3018 5083 2934 5083 2932 5083 3018 5084 2932 5084 2930 5084 3018 5085 2930 5085 2928 5085 3017 5086 3022 5086 3018 5086 3018 5087 3022 5087 3023 5087 3018 5088 3023 5088 3024 5088 3018 5089 3024 5089 3021 5089 3021 5090 3024 5090 3025 5090 3021 5091 3025 5091 3020 5091 3020 5092 3026 5092 3019 5092 3020 5093 3025 5093 3026 5093 3019 5094 3026 5094 3027 5094 3019 5095 3027 5095 3016 5095 3016 5096 3027 5096 3012 5096 3016 5097 3012 5097 3014 5097 3022 5098 3028 5098 3023 5098 3023 5099 3028 5099 3029 5099 3023 5100 3029 5100 3024 5100 3024 5101 3030 5101 3025 5101 3024 5102 3029 5102 3030 5102 3025 5103 3030 5103 3031 5103 3025 5104 3031 5104 3026 5104 3027 5105 3026 5105 3032 5105 3027 5106 3009 5106 3012 5106 3029 5107 3028 5107 3033 5107 3027 5108 3032 5108 3009 5108 3029 5109 3033 5109 3034 5109 3029 5110 3034 5110 3030 5110 3031 5111 3035 5111 3026 5111 3026 5112 3035 5112 3032 5112 3030 5113 3034 5113 3036 5113 3030 5114 3036 5114 3031 5114 3009 5115 3032 5115 3037 5115 3036 5116 3038 5116 3031 5116 3031 5117 3038 5117 3035 5117 3035 5118 3037 5118 3032 5118 3009 5119 3037 5119 3010 5119 3034 5120 3039 5120 3036 5120 3035 5121 3038 5121 3037 5121 3037 5122 3038 5122 3040 5122 3037 5123 3040 5123 3010 5123 3036 5124 3039 5124 3041 5124 3036 5125 3041 5125 3038 5125 3039 5126 3042 5126 3041 5126 3038 5127 3041 5127 3043 5127 3038 5128 3043 5128 3040 5128 3010 5129 3040 5129 3008 5129 3040 5130 3043 5130 3008 5130 3042 5131 3044 5131 3041 5131 3044 5132 2319 5132 2432 5132 3044 5133 2432 5133 3041 5133 3041 5134 2432 5134 3043 5134 3043 5135 2432 5135 3008 5135 2365 5136 2319 5136 3044 5136 2365 5137 3044 5137 2366 5137 2366 5138 3044 5138 2367 5138 2367 5139 3044 5139 3042 5139 2367 5140 3042 5140 2368 5140 2368 5141 3042 5141 2369 5141 2369 5142 3042 5142 3039 5142 2369 5143 3039 5143 2370 5143 2370 5144 3039 5144 2371 5144 2371 5145 3039 5145 3034 5145 2371 5146 3034 5146 2372 5146 2372 5147 3034 5147 3033 5147 2372 5148 3033 5148 2364 5148 2364 5149 3033 5149 2373 5149 2373 5150 3033 5150 3028 5150 2373 5151 3028 5151 2376 5151 2376 5152 3028 5152 2379 5152 2379 5153 3028 5153 3022 5153 2379 5154 3022 5154 2381 5154 2381 5155 3022 5155 2383 5155 2383 5156 3022 5156 2385 5156 2385 5157 3022 5157 3017 5157 2385 5158 3017 5158 2387 5158 2387 5159 3017 5159 2389 5159 2389 5160 3017 5160 2926 5160 2925 5161 2924 5161 3045 5161 2924 5162 2923 5162 3045 5162 3045 5163 2923 5163 3046 5163 2923 5164 2914 5164 3046 5164 3046 5165 2914 5165 2918 5165 2919 5166 2920 5166 2918 5166 2918 5167 2920 5167 3014 5167 2920 5168 2921 5168 3014 5168 2921 5169 2908 5169 3014 5169 3014 5170 2908 5170 3015 5170 2908 5171 2910 5171 3015 5171 3046 5172 3011 5172 3045 5172 3012 5173 3011 5173 3046 5173 3014 5174 3012 5174 3046 5174 3014 5175 3046 5175 2918 5175 3045 5176 2499 5176 2925 5176 2499 5177 2315 5177 2313 5177 2315 5178 3010 5178 3013 5178 3013 5179 3008 5179 2314 5179 3013 5180 2314 5180 2315 5180 2499 5181 3011 5181 2315 5181 2499 5182 3045 5182 3011 5182 2315 5183 3011 5183 3010 5183 3047 5184 2992 5184 2967 5184 2515 5185 2589 5185 2967 5185 2967 5186 2589 5186 2587 5186 2967 5187 2587 5187 3047 5187 2587 5188 2590 5188 3047 5188 3047 5189 2993 5189 2992 5189 2590 5190 2581 5190 3047 5190 3047 5191 2581 5191 2579 5191 3047 5192 2579 5192 2578 5192 3047 5193 2578 5193 3048 5193 3048 5194 2578 5194 2575 5194 3048 5195 2575 5195 2591 5195 3048 5196 2993 5196 3047 5196 2244 5197 2981 5197 3048 5197 2244 5198 2232 5198 2981 5198 2981 5199 2982 5199 2999 5199 2981 5200 2232 5200 2980 5200 2993 5201 2981 5201 2999 5201 2591 5202 2244 5202 3048 5202 3048 5203 2981 5203 2993 5203 2236 5204 2235 5204 2160 5204 2160 5205 2235 5205 2158 5205 2158 5206 2235 5206 2234 5206 2158 5207 2234 5207 2156 5207 2156 5208 2234 5208 2233 5208 2156 5209 2233 5209 2154 5209 2154 5210 2233 5210 2230 5210 2154 5211 2230 5211 2152 5211 2152 5212 2230 5212 2215 5212 2152 5213 2215 5213 2150 5213 2129 5214 2196 5214 2127 5214 2127 5215 2196 5215 2311 5215 2127 5216 2311 5216 2136 5216 2136 5217 2311 5217 2310 5217 2136 5218 2310 5218 2138 5218 2138 5219 2310 5219 2309 5219 2138 5220 2309 5220 2140 5220 2140 5221 2309 5221 2142 5221 2142 5222 2309 5222 2308 5222 2142 5223 2308 5223 2143 5223 2143 5224 2308 5224 2302 5224 2149 5225 2180 5225 2151 5225 2151 5226 2180 5226 2241 5226 2151 5227 2241 5227 2153 5227 2153 5228 2241 5228 2240 5228 2153 5229 2240 5229 2155 5229 2155 5230 2240 5230 2239 5230 2155 5231 2239 5231 2157 5231 2157 5232 2239 5232 2238 5232 2157 5233 2238 5233 2159 5233 2159 5234 2238 5234 2236 5234 2159 5235 2236 5235 2160 5235 2143 5236 2302 5236 2304 5236 2143 5237 2304 5237 2141 5237 2141 5238 2304 5238 2305 5238 2141 5239 2305 5239 2139 5239 2139 5240 2305 5240 2306 5240 2139 5241 2306 5241 2137 5241 2137 5242 2306 5242 2307 5242 2137 5243 2307 5243 2135 5243 2135 5244 2307 5244 2161 5244 2135 5245 2161 5245 2128 5245 3049 5246 3050 5246 3051 5246 3051 708 3050 708 3052 708 3051 708 3052 708 3053 708 3053 5247 3052 5247 3054 5247 3055 5248 3056 5248 3050 5248 3050 5249 3056 5249 3057 5249 3050 5250 3057 5250 3052 5250 3052 5251 3057 5251 3058 5251 3056 5252 3059 5252 3057 5252 3053 5253 3060 5253 3051 5253 3061 5254 3062 5254 3063 5254 3061 5255 3063 5255 3064 5255 3061 5256 3064 5256 3065 5256 3065 744 3066 744 3061 744 3061 744 3067 744 3062 744 3062 5257 3067 5257 3068 5257 3068 5258 3067 5258 3069 5258 3068 5259 3069 5259 3070 5259 3070 5260 3069 5260 3071 5260 3072 5261 3062 5261 3073 5261 3073 5262 3062 5262 3068 5262 3073 5263 3068 5263 3074 5263 3074 5264 3068 5264 3075 5264 3075 5265 3068 5265 3076 5265 3076 5266 3068 5266 3070 5266 3076 5267 3070 5267 3077 5267 3077 5268 3070 5268 3078 5268 3078 5269 3070 5269 3079 5269 3079 5270 3070 5270 3071 5270 3079 5271 3071 5271 3080 5271 3080 5272 3071 5272 3081 5272 3081 5273 3071 5273 3082 5273 3082 5274 3071 5274 3069 5274 3082 5275 3069 5275 3083 5275 3083 5276 3069 5276 3067 5276 3083 5277 3067 5277 3084 5277 3084 5278 3067 5278 3085 5278 3085 5279 3067 5279 3086 5279 3086 5280 3067 5280 3061 5280 3086 5281 3061 5281 3087 5281 3087 5282 3061 5282 3088 5282 3088 5283 3061 5283 3089 5283 3089 5284 3061 5284 3066 5284 3089 5285 3066 5285 3090 5285 3090 5286 3066 5286 3091 5286 3091 5287 3066 5287 3065 5287 3091 5288 3065 5288 3092 5288 3092 5289 3065 5289 3093 5289 3093 5290 3065 5290 3064 5290 3093 5291 3064 5291 3094 5291 3094 5292 3064 5292 3095 5292 3095 5293 3064 5293 3096 5293 3096 5294 3064 5294 3097 5294 3097 5295 3064 5295 3063 5295 3097 5296 3063 5296 3098 5296 3098 5297 3063 5297 3099 5297 3099 5298 3063 5298 3100 5298 3100 5299 3063 5299 3101 5299 3101 5300 3063 5300 3062 5300 3101 5301 3062 5301 3072 5301 3102 5302 3072 5302 3073 5302 3102 5303 3073 5303 3103 5303 3103 5304 3073 5304 3074 5304 3103 5305 3074 5305 3104 5305 3104 5306 3074 5306 3075 5306 3104 5307 3075 5307 3076 5307 3104 5308 3076 5308 3105 5308 3105 5309 3076 5309 3077 5309 3105 5310 3077 5310 3106 5310 3106 5311 3077 5311 3078 5311 3106 5312 3078 5312 3107 5312 3107 5313 3078 5313 3079 5313 3107 5314 3079 5314 3108 5314 3108 5315 3079 5315 3080 5315 3108 5316 3080 5316 3109 5316 3109 5317 3080 5317 3081 5317 3109 5318 3081 5318 3110 5318 3110 5319 3081 5319 3082 5319 3110 5320 3082 5320 3111 5320 3111 5321 3082 5321 3083 5321 3111 5322 3083 5322 3112 5322 3112 5323 3083 5323 3084 5323 3112 5324 3084 5324 3113 5324 3113 5325 3084 5325 3085 5325 3113 5326 3085 5326 3114 5326 3114 5327 3085 5327 3086 5327 3114 5328 3086 5328 3115 5328 3115 5329 3086 5329 3087 5329 3115 5330 3087 5330 3116 5330 3116 5331 3087 5331 3088 5331 3116 5332 3088 5332 3117 5332 3117 5333 3088 5333 3089 5333 3117 5334 3089 5334 3118 5334 3118 5335 3089 5335 3090 5335 3118 5336 3090 5336 3119 5336 3119 5337 3090 5337 3091 5337 3119 5338 3091 5338 3120 5338 3120 5339 3091 5339 3121 5339 3121 5340 3091 5340 3092 5340 3121 5341 3092 5341 3093 5341 3121 5342 3093 5342 3122 5342 3122 5343 3093 5343 3094 5343 3122 5344 3094 5344 3123 5344 3123 5345 3094 5345 3095 5345 3123 5346 3095 5346 3124 5346 3124 5347 3095 5347 3096 5347 3124 5348 3096 5348 3125 5348 3125 5349 3096 5349 3097 5349 3125 5350 3097 5350 3098 5350 3125 5351 3098 5351 3126 5351 3126 5352 3098 5352 3099 5352 3126 5353 3099 5353 3127 5353 3127 5354 3099 5354 3100 5354 3127 5355 3100 5355 3128 5355 3128 5356 3100 5356 3101 5356 3128 5357 3101 5357 3129 5357 3129 5358 3101 5358 3072 5358 3129 5359 3072 5359 3102 5359 3130 708 3131 708 3132 708 3132 5360 3131 5360 3133 5360 3132 708 3133 708 3134 708 3134 708 3133 708 3135 708 3135 708 3133 708 3136 708 3135 708 3136 708 3137 708 3135 5361 3137 5361 3138 5361 3138 5362 3137 5362 3139 5362 3137 708 3140 708 3139 708 3139 5363 3140 5363 3141 5363 3141 708 3140 708 3142 708 3140 5364 3143 5364 3142 5364 3142 5365 3143 5365 3144 5365 3142 5366 3144 5366 3145 5366 3145 5367 3144 5367 3146 5367 3144 708 3147 708 3146 708 3146 5368 3147 5368 3148 5368 3148 5369 3147 5369 3149 5369 3149 5370 3147 5370 3131 5370 3149 708 3131 708 3130 708 3102 5371 3131 5371 3129 5371 3129 5372 3131 5372 3128 5372 3128 5373 3131 5373 3127 5373 3127 5374 3131 5374 3147 5374 3127 5375 3147 5375 3126 5375 3126 5376 3147 5376 3125 5376 3125 5377 3147 5377 3124 5377 3124 5378 3147 5378 3123 5378 3123 5379 3147 5379 3144 5379 3123 5380 3144 5380 3122 5380 3122 5381 3144 5381 3121 5381 3121 5382 3144 5382 3120 5382 3120 5383 3144 5383 3143 5383 3120 5384 3143 5384 3119 5384 3119 5385 3143 5385 3118 5385 3118 5386 3143 5386 3117 5386 3117 5387 3143 5387 3140 5387 3117 5388 3140 5388 3116 5388 3116 5389 3140 5389 3115 5389 3115 5390 3140 5390 3114 5390 3114 5391 3140 5391 3137 5391 3114 5392 3137 5392 3113 5392 3113 5393 3137 5393 3112 5393 3112 5394 3137 5394 3111 5394 3111 5395 3137 5395 3110 5395 3110 5396 3137 5396 3136 5396 3110 5397 3136 5397 3109 5397 3109 5398 3136 5398 3108 5398 3108 5399 3136 5399 3107 5399 3107 5400 3136 5400 3106 5400 3106 5401 3136 5401 3133 5401 3106 5402 3133 5402 3105 5402 3105 5403 3133 5403 3104 5403 3104 5404 3133 5404 3103 5404 3103 5405 3133 5405 3131 5405 3103 5406 3131 5406 3102 5406 3145 5407 3146 5407 3051 5407 3051 5408 3146 5408 3049 5408 3142 5409 3145 5409 3060 5409 3060 5410 3145 5410 3051 5410 3141 5411 3142 5411 3053 5411 3053 5412 3142 5412 3060 5412 3139 5413 3141 5413 3054 5413 3054 5414 3141 5414 3053 5414 3138 5415 3139 5415 3052 5415 3052 5416 3139 5416 3054 5416 3135 5417 3138 5417 3058 5417 3058 5418 3138 5418 3052 5418 3134 5419 3135 5419 3057 5419 3057 5420 3135 5420 3058 5420 3132 5421 3134 5421 3059 5421 3059 5422 3134 5422 3057 5422 3130 5423 3132 5423 3056 5423 3056 5424 3132 5424 3059 5424 3149 5425 3130 5425 3055 5425 3055 5426 3130 5426 3056 5426 3148 5427 3149 5427 3050 5427 3050 5428 3149 5428 3055 5428 3146 5429 3148 5429 3049 5429 3049 5430 3148 5430 3050 5430 2317 5431 3150 5431 2363 5431 2363 5431 3150 5431 3151 5431 2363 5432 3151 5432 2362 5432 2362 5433 3151 5433 3152 5433 2362 5434 3152 5434 2361 5434 2361 5434 3152 5434 3153 5434 2361 5435 3153 5435 2360 5435 2360 5436 3153 5436 3154 5436 2360 5437 3154 5437 2359 5437 2359 5438 3154 5438 3155 5438 2359 5439 3155 5439 2358 5439 2358 5440 3155 5440 3156 5440 2358 5441 3156 5441 2357 5441 2357 5442 3156 5442 3157 5442 2357 5443 3157 5443 2356 5443 2356 5444 3157 5444 3158 5444 2356 5445 3158 5445 2355 5445 2355 5446 3158 5446 2354 5446 2354 5447 3158 5447 3159 5447 2354 5448 3159 5448 2353 5448 2353 5449 3159 5449 3160 5449 2353 5450 3160 5450 2352 5450 2352 5451 3160 5451 2351 5451 2351 5452 3160 5452 3161 5452 2351 5453 3161 5453 2350 5453 2350 5454 3161 5454 3162 5454 2350 5455 3162 5455 2349 5455 2349 5456 3162 5456 2316 5456 2316 5457 3162 5457 3163 5457 3163 772 3164 772 2316 772 2316 772 3164 772 2318 772 2318 5458 3164 5458 2430 5458 2430 5459 3164 5459 3165 5459 2430 5460 3165 5460 2429 5460 2429 5461 3165 5461 2428 5461 2428 5462 3165 5462 3166 5462 2428 5463 3166 5463 2427 5463 2427 5464 3166 5464 3167 5464 2427 5465 3167 5465 2426 5465 2426 5466 3167 5466 3168 5466 2426 5467 3168 5467 2425 5467 2425 5468 3168 5468 3169 5468 2425 5469 3169 5469 2424 5469 2424 5470 3169 5470 3170 5470 2424 5471 3170 5471 2423 5471 2423 5472 3170 5472 3171 5472 2423 5473 3171 5473 2422 5473 2422 5474 3171 5474 2421 5474 2421 5475 3171 5475 3172 5475 2421 5476 3172 5476 3173 5476 2421 5477 3173 5477 2420 5477 2420 5478 3173 5478 2419 5478 2419 5479 3173 5479 3174 5479 2419 5480 3174 5480 2418 5480 2418 5481 3174 5481 3175 5481 2418 5482 3175 5482 2417 5482 2417 5483 3175 5483 3176 5483 2417 5484 3176 5484 2416 5484 2416 5485 3176 5485 2415 5485 2415 5486 3176 5486 3177 5486 2415 5487 3177 5487 2414 5487 2414 5488 3177 5488 3178 5488 2414 5489 3178 5489 2413 5489 2413 5490 3178 5490 3179 5490 2413 5491 3179 5491 2412 5491 2412 5492 3179 5492 3180 5492 2412 5493 3180 5493 2411 5493 2411 5494 3180 5494 2410 5494 2410 5495 3180 5495 3181 5495 2410 5496 3181 5496 2409 5496 2409 5497 3181 5497 3182 5497 2409 5498 3182 5498 2408 5498 2408 5499 3182 5499 2407 5499 2407 5500 3182 5500 3183 5500 2407 5501 3183 5501 2406 5501 2406 5502 3183 5502 3184 5502 2406 5503 3184 5503 2405 5503 2405 5504 3184 5504 3185 5504 2405 5505 3185 5505 2404 5505 2404 5506 3185 5506 3186 5506 2404 5507 3186 5507 2403 5507 2403 5508 3186 5508 2402 5508 2402 5509 3186 5509 3187 5509 2402 5510 3187 5510 2401 5510 2401 5511 3187 5511 3188 5511 2401 5512 3188 5512 2400 5512 2400 5513 3188 5513 3189 5513 2400 5514 3189 5514 2399 5514 2399 5515 3189 5515 2398 5515 2398 5516 3189 5516 3190 5516 2398 5517 3190 5517 2397 5517 2397 5518 3190 5518 3191 5518 2397 5519 3191 5519 2396 5519 2396 5520 3191 5520 3192 5520 2396 5521 3192 5521 2395 5521 2395 5522 3192 5522 2394 5522 2394 5523 3192 5523 3193 5523 2394 5524 3193 5524 2393 5524 2393 5525 3193 5525 3194 5525 2393 5526 3194 5526 2392 5526 2392 5527 3194 5527 3195 5527 2392 5528 3195 5528 2391 5528 2391 5529 3195 5529 3196 5529 2391 5530 3196 5530 2390 5530 2390 5531 3196 5531 3197 5531 2390 5532 3197 5532 2320 5532 2320 5533 3197 5533 3198 5533 2320 5534 3198 5534 2322 5534 2322 5535 3198 5535 3199 5535 2322 5536 3199 5536 2323 5536 2323 5537 3199 5537 3200 5537 2323 5538 3200 5538 2324 5538 2324 5539 3200 5539 3201 5539 2324 5540 3201 5540 2325 5540 2325 5541 3201 5541 3202 5541 2325 5542 3202 5542 2326 5542 2326 5543 3202 5543 3203 5543 2326 5544 3203 5544 2327 5544 2327 5545 3203 5545 2328 5545 2328 5546 3203 5546 3204 5546 2328 5547 3204 5547 3205 5547 2328 5548 3205 5548 2329 5548 2329 5549 3205 5549 2330 5549 2330 5550 3205 5550 3206 5550 2330 5551 3206 5551 3207 5551 2330 5552 3207 5552 2331 5552 2331 5553 3207 5553 2332 5553 2332 5554 3207 5554 3208 5554 2332 5555 3208 5555 2334 5555 2334 5556 3208 5556 3209 5556 2334 5557 3209 5557 2335 5557 2335 5558 3209 5558 3210 5558 2335 5559 3210 5559 2336 5559 2336 5559 3210 5559 3211 5559 2336 5560 3211 5560 2337 5560 2337 5561 3211 5561 3212 5561 2337 5562 3212 5562 2338 5562 2338 5563 3212 5563 3213 5563 2338 5564 3213 5564 2339 5564 2339 5565 3213 5565 2340 5565 2340 5566 3213 5566 3214 5566 2340 5567 3214 5567 2341 5567 2341 5568 3214 5568 3215 5568 2341 5569 3215 5569 2342 5569 2342 5570 3215 5570 3216 5570 2342 5571 3216 5571 2343 5571 2343 5572 3216 5572 3217 5572 2343 5573 3217 5573 2344 5573 2344 5574 3217 5574 2345 5574 2345 5575 3217 5575 3218 5575 2345 5576 3218 5576 3219 5576 2345 5577 3219 5577 2346 5577 2346 5578 3219 5578 2347 5578 2347 5579 3219 5579 3220 5579 2347 5580 3220 5580 2348 5580 2348 5581 3220 5581 2333 5581 2333 5582 3220 5582 3221 5582 2333 5583 3221 5583 2321 5583 2321 5584 3221 5584 3222 5584 2321 5585 3222 5585 2374 5585 2374 5586 3222 5586 2375 5586 2375 5587 3222 5587 3223 5587 2375 5588 3223 5588 2377 5588 2377 5589 3223 5589 2378 5589 2378 5590 3223 5590 3224 5590 2378 5591 3224 5591 2380 5591 2380 5592 3224 5592 3225 5592 2380 5593 3225 5593 2382 5593 2382 5594 3225 5594 2384 5594 2384 5595 3225 5595 3226 5595 2384 5596 3226 5596 2386 5596 2386 5597 3226 5597 2388 5597 2388 5598 3226 5598 3227 5598 3227 120 3228 120 2388 120 2388 120 3228 120 2389 120 2389 5599 3228 5599 2387 5599 2387 5600 3228 5600 3229 5600 2387 5601 3229 5601 2385 5601 2385 5602 3229 5602 2383 5602 2383 5603 3229 5603 3230 5603 2383 5604 3230 5604 2381 5604 2381 5605 3230 5605 3231 5605 2381 5606 3231 5606 2379 5606 2379 5607 3231 5607 2376 5607 2376 5608 3231 5608 3232 5608 2376 5609 3232 5609 2373 5609 2373 5610 3232 5610 3233 5610 2373 5611 3233 5611 2364 5611 2364 5612 3233 5612 3234 5612 2364 5613 3234 5613 2372 5613 2372 5614 3234 5614 2371 5614 2371 5615 3234 5615 3235 5615 2371 5616 3235 5616 2370 5616 2370 5617 3235 5617 3236 5617 2370 5618 3236 5618 2369 5618 2369 5619 3236 5619 3237 5619 2369 5620 3237 5620 2368 5620 2368 5621 3237 5621 3238 5621 2368 5622 3238 5622 2367 5622 2367 5623 3238 5623 2366 5623 2366 5624 3238 5624 3239 5624 2366 5625 3239 5625 2365 5625 2365 5626 3239 5626 3240 5626 2365 5627 3240 5627 2319 5627 2319 5628 3240 5628 3241 5628 3241 3806 3150 3806 2319 3806 2319 3806 3150 3806 2317 3806 2319 5629 2317 5629 2365 5629 2365 5630 2317 5630 2363 5630 2365 744 2363 744 2366 744 2366 5631 2363 5631 2362 5631 2366 744 2362 744 2367 744 2367 5632 2362 5632 2361 5632 2367 744 2361 744 2368 744 2368 5633 2361 5633 2360 5633 2368 744 2360 744 2369 744 2369 5634 2360 5634 2359 5634 2369 744 2359 744 2370 744 2370 5635 2359 5635 2358 5635 2370 5636 2358 5636 2371 5636 2371 5637 2358 5637 2357 5637 2371 744 2357 744 2372 744 2372 5638 2357 5638 2356 5638 2372 744 2356 744 2364 744 2364 5639 2356 5639 2355 5639 2364 744 2355 744 2373 744 2373 5640 2355 5640 2354 5640 2373 744 2354 744 2376 744 2376 5641 2354 5641 2353 5641 2376 5642 2353 5642 2352 5642 2376 5643 2352 5643 2379 5643 2379 5644 2352 5644 2381 5644 2381 5645 2352 5645 2351 5645 2381 744 2351 744 2383 744 2383 5646 2351 5646 2350 5646 2383 5647 2350 5647 2385 5647 2385 5648 2350 5648 2387 5648 2387 5649 2350 5649 2349 5649 2387 5650 2349 5650 2389 5650 2389 5651 2349 5651 2316 5651 2389 744 2316 744 2388 744 2388 744 2316 744 2318 744 2388 744 2318 744 2386 744 2386 5652 2318 5652 2430 5652 2386 5653 2430 5653 2384 5653 2384 5654 2430 5654 2429 5654 2384 5655 2429 5655 2382 5655 2382 5656 2429 5656 2428 5656 2382 744 2428 744 2380 744 2380 5657 2428 5657 2427 5657 2380 744 2427 744 2378 744 2378 744 2427 744 2377 744 2377 5658 2427 5658 2426 5658 2377 744 2426 744 2375 744 2375 5659 2426 5659 2425 5659 2375 5660 2425 5660 2374 5660 2374 5661 2425 5661 2321 5661 2321 5662 2425 5662 2424 5662 2321 744 2424 744 2333 744 2333 5663 2424 5663 2423 5663 2333 5664 2423 5664 2348 5664 2348 5665 2423 5665 2347 5665 2347 5666 2423 5666 2422 5666 2347 744 2422 744 2346 744 2346 5667 2422 5667 2421 5667 2346 744 2421 744 2345 744 2345 5668 2421 5668 2420 5668 2345 5669 2420 5669 2344 5669 2344 5670 2420 5670 2419 5670 2344 5671 2419 5671 2343 5671 2343 5672 2419 5672 2418 5672 2343 744 2418 744 2342 744 2342 5673 2418 5673 2417 5673 2342 744 2417 744 2341 744 2341 5674 2417 5674 2416 5674 2341 744 2416 744 2340 744 2340 5675 2416 5675 2415 5675 2340 5676 2415 5676 2339 5676 2339 5677 2415 5677 2414 5677 2339 5678 2414 5678 2338 5678 2338 5679 2414 5679 2413 5679 2338 744 2413 744 2337 744 2337 5680 2413 5680 2412 5680 2337 744 2412 744 2336 744 2336 5681 2412 5681 2411 5681 2336 5682 2411 5682 2335 5682 2335 744 2411 744 2334 744 2334 744 2411 744 2332 744 2332 5683 2411 5683 2331 5683 2331 5684 2411 5684 2330 5684 2330 5685 2411 5685 2329 5685 2329 5686 2411 5686 2328 5686 2328 5687 2411 5687 2327 5687 2327 5688 2411 5688 2326 5688 2326 5689 2411 5689 2325 5689 2325 744 2411 744 2324 744 2324 744 2411 744 2323 744 2323 744 2411 744 2322 744 2322 744 2411 744 2320 744 2320 5690 2411 5690 2390 5690 2390 744 2411 744 2391 744 2391 744 2411 744 2392 744 2392 744 2411 744 2393 744 2393 5691 2411 5691 2394 5691 2394 744 2411 744 2395 744 2395 5692 2411 5692 2396 5692 2396 744 2411 744 2397 744 2397 5693 2411 5693 2398 5693 2398 5694 2411 5694 2399 5694 2399 5695 2411 5695 2400 5695 2400 5696 2411 5696 2401 5696 2401 5697 2411 5697 2402 5697 2402 744 2411 744 2403 744 2403 744 2411 744 2404 744 2404 744 2411 744 2405 744 2405 744 2411 744 2406 744 2406 744 2411 744 2407 744 2407 744 2411 744 2408 744 2408 744 2411 744 2409 744 2409 744 2411 744 2410 744 3162 5698 3229 5698 3163 5698 3163 5699 3229 5699 3228 5699 3163 708 3228 708 3164 708 3164 708 3228 708 3227 708 3164 708 3227 708 3165 708 3165 5700 3227 5700 3226 5700 3165 5701 3226 5701 3166 5701 3166 5702 3226 5702 3225 5702 3166 708 3225 708 3167 708 3167 5703 3225 5703 3224 5703 3167 708 3224 708 3168 708 3168 5704 3224 5704 3223 5704 3168 5705 3223 5705 3169 5705 3169 5706 3223 5706 3222 5706 3169 708 3222 708 3170 708 3170 5707 3222 5707 3221 5707 3170 708 3221 708 3171 708 3171 5708 3221 5708 3220 5708 3171 708 3220 708 3172 708 3172 5709 3220 5709 3219 5709 3172 5710 3219 5710 3173 5710 3173 5711 3219 5711 3218 5711 3173 708 3218 708 3174 708 3174 5712 3218 5712 3217 5712 3174 708 3217 708 3175 708 3175 5713 3217 5713 3216 5713 3175 5714 3216 5714 3176 5714 3176 5715 3216 5715 3215 5715 3176 708 3215 708 3177 708 3177 5716 3215 5716 3214 5716 3177 708 3214 708 3178 708 3178 5717 3214 5717 3213 5717 3178 5718 3213 5718 3179 5718 3179 5719 3213 5719 3212 5719 3179 708 3212 708 3180 708 3180 5720 3212 5720 3211 5720 3180 5721 3211 5721 3181 5721 3181 708 3211 708 3182 708 3182 5722 3211 5722 3183 5722 3183 708 3211 708 3184 708 3184 5723 3211 5723 3185 5723 3185 5724 3211 5724 3186 5724 3186 708 3211 708 3187 708 3187 5725 3211 5725 3188 5725 3188 5726 3211 5726 3189 5726 3189 708 3211 708 3190 708 3190 5727 3211 5727 3191 5727 3191 708 3211 708 3192 708 3192 708 3211 708 3193 708 3193 708 3211 708 3194 708 3194 708 3211 708 3195 708 3195 5728 3211 5728 3196 5728 3196 708 3211 708 3197 708 3197 708 3211 708 3198 708 3198 708 3211 708 3199 708 3199 5729 3211 5729 3200 5729 3200 5730 3211 5730 3201 5730 3201 708 3211 708 3202 708 3202 708 3211 708 3203 708 3203 5731 3211 5731 3204 5731 3204 708 3211 708 3205 708 3205 708 3211 708 3206 708 3206 5732 3211 5732 3207 5732 3207 708 3211 708 3208 708 3208 5733 3211 5733 3209 5733 3209 708 3211 708 3210 708 3229 5734 3162 5734 3230 5734 3230 5735 3162 5735 3161 5735 3230 5736 3161 5736 3231 5736 3231 5737 3161 5737 3160 5737 3231 708 3160 708 3232 708 3232 5738 3160 5738 3159 5738 3232 5739 3159 5739 3233 5739 3233 5740 3159 5740 3158 5740 3233 5741 3158 5741 3234 5741 3234 5742 3158 5742 3157 5742 3234 5743 3157 5743 3235 5743 3235 5744 3157 5744 3156 5744 3235 5745 3156 5745 3236 5745 3236 5746 3156 5746 3155 5746 3236 5747 3155 5747 3237 5747 3237 5748 3155 5748 3154 5748 3237 708 3154 708 3238 708 3238 5749 3154 5749 3153 5749 3238 708 3153 708 3239 708 3239 5750 3153 5750 3152 5750 3239 708 3152 708 3240 708 3240 5751 3152 5751 3151 5751 3240 708 3151 708 3241 708 3241 5752 3151 5752 3150 5752 3242 5753 3243 5753 3244 5753 3242 5754 3244 5754 3245 5754 3242 5755 3245 5755 3246 5755 3247 5756 3248 5756 3249 5756 3249 5757 3248 5757 3250 5757 3249 5758 3250 5758 3251 5758 3251 5759 3250 5759 3252 5759 3251 5760 3252 5760 3253 5760 3251 5761 3253 5761 3254 5761 3254 5762 3255 5762 3256 5762 3257 5763 3258 5763 3259 5763 3259 5764 3258 5764 3260 5764 3259 5765 3260 5765 3261 5765 3262 5766 3263 5766 3264 5766 3264 5767 3263 5767 3265 5767 3264 5768 3265 5768 3266 5768 3267 5769 3266 5769 3268 5769 3267 5770 3268 5770 3269 5770 3267 5771 3269 5771 3270 5771 3267 5772 3270 5772 3271 5772 3272 5773 3271 5773 3273 5773 3274 5774 3272 5774 3275 5774 3274 5775 3275 5775 3276 5775 3274 5776 3276 5776 3277 5776 3277 5777 3276 5777 3278 5777 3277 5778 3278 5778 3279 5778 3280 5779 3281 5779 3282 5779 3280 5780 3282 5780 3283 5780 3280 5781 3283 5781 3284 5781 3285 5782 3286 5782 3287 5782 3288 5783 3285 5783 3289 5783 3288 5784 3289 5784 3290 5784 3288 5785 3290 5785 3291 5785 3291 5786 3292 5786 3293 5786 3294 5787 3295 5787 3296 5787 3297 5788 3298 5788 3299 5788 3300 5789 3301 5789 3302 5789 3303 5790 3304 5790 3305 5790 3306 5791 3307 5791 3308 5791 3309 5792 3306 5792 3310 5792 3311 5793 3312 5793 3313 5793 3313 5794 3312 5794 3314 5794 3315 5795 3243 5795 3313 5795 3315 5796 3313 5796 3314 5796 3316 5797 3312 5797 3311 5797 3316 5798 3311 5798 3309 5798 3316 5799 3309 5799 3310 5799 3308 5800 3310 5800 3306 5800 3304 5801 3303 5801 3301 5801 3301 5802 3303 5802 3302 5802 3298 5803 3300 5803 3299 5803 3317 5804 3298 5804 3297 5804 3317 5805 3297 5805 3318 5805 3317 5806 3318 5806 3295 5806 3295 5807 3318 5807 3296 5807 3319 5808 3295 5808 3294 5808 3319 5809 3294 5809 3293 5809 3319 5810 3293 5810 3292 5810 3292 5811 3291 5811 3290 5811 3289 5812 3285 5812 3287 5812 3320 5813 3287 5813 3286 5813 3320 5814 3286 5814 3284 5814 3320 5815 3284 5815 3283 5815 3321 5816 3282 5816 3281 5816 3321 5817 3281 5817 3279 5817 3321 5818 3279 5818 3278 5818 3273 5819 3275 5819 3272 5819 3322 5820 3273 5820 3271 5820 3322 5821 3271 5821 3270 5821 3322 5822 3270 5822 3269 5822 3322 5823 3269 5823 3323 5823 3323 5824 3269 5824 3268 5824 3323 5825 3268 5825 3266 5825 3323 5826 3266 5826 3265 5826 3263 5827 3262 5827 3324 5827 3324 5828 3262 5828 3325 5828 3324 5829 3325 5829 3261 5829 3324 5830 3261 5830 3260 5830 3258 5831 3257 5831 3255 5831 3255 5832 3257 5832 3256 5832 3253 5833 3255 5833 3254 5833 3326 5834 3248 5834 3247 5834 3326 5835 3247 5835 3246 5835 3326 5836 3246 5836 3245 5836 3315 5837 3244 5837 3243 5837 3243 5838 3327 5838 3313 5838 3313 5839 3327 5839 3311 5839 3311 5840 3327 5840 3328 5840 3311 5841 3328 5841 3309 5841 3309 5842 3328 5842 3306 5842 3306 5843 3328 5843 3329 5843 3306 5844 3329 5844 3307 5844 3307 5845 3329 5845 3305 5845 3305 5846 3329 5846 3303 5846 3303 5847 3329 5847 3302 5847 3302 5848 3329 5848 3330 5848 3302 5849 3330 5849 3300 5849 3300 5850 3330 5850 3299 5850 3299 5851 3330 5851 3297 5851 3297 5852 3330 5852 3331 5852 3297 5853 3331 5853 3318 5853 3318 5854 3331 5854 3296 5854 3296 5855 3331 5855 3294 5855 3294 5856 3331 5856 3293 5856 3293 5857 3331 5857 3332 5857 3293 5858 3332 5858 3291 5858 3291 5859 3332 5859 3288 5859 3288 5860 3332 5860 3285 5860 3285 5861 3332 5861 3333 5861 3285 5862 3333 5862 3286 5862 3286 5863 3333 5863 3284 5863 3284 5864 3333 5864 3280 5864 3280 5865 3333 5865 3281 5865 3281 5866 3333 5866 3334 5866 3281 5867 3334 5867 3279 5867 3279 5868 3334 5868 3277 5868 3277 5869 3334 5869 3274 5869 3274 5870 3334 5870 3335 5870 3274 5871 3335 5871 3272 5871 3272 5872 3335 5872 3271 5872 3271 5873 3335 5873 3267 5873 3267 5874 3335 5874 3336 5874 3267 5875 3336 5875 3266 5875 3266 5876 3336 5876 3264 5876 3264 5877 3336 5877 3262 5877 3262 5878 3336 5878 3325 5878 3325 5879 3336 5879 3261 5879 3261 5880 3336 5880 3337 5880 3261 5881 3337 5881 3259 5881 3259 5882 3337 5882 3257 5882 3257 5883 3337 5883 3256 5883 3256 5884 3337 5884 3254 5884 3254 5885 3337 5885 3338 5885 3254 5886 3338 5886 3251 5886 3251 5887 3338 5887 3249 5887 3249 5888 3338 5888 3247 5888 3247 5889 3338 5889 3327 5889 3247 5890 3327 5890 3246 5890 3246 5891 3327 5891 3242 5891 3242 5892 3327 5892 3243 5892 3339 5893 3340 5893 3341 5893 3341 5894 3340 5894 3342 5894 3343 5895 3340 5895 3344 5895 3345 5896 3346 5896 3347 5896 3346 5897 3340 5897 3347 5897 3347 5898 3340 5898 3348 5898 3348 5899 3340 5899 3339 5899 3340 5900 3343 5900 3349 5900 3340 5901 3349 5901 3342 5901 3341 5902 3350 5902 3351 5902 3339 5903 3351 5903 3352 5903 3339 5904 3341 5904 3351 5904 3340 5905 3346 5905 3344 5905 3353 5906 3354 5906 3335 5906 3338 5907 3354 5907 3327 5907 3332 5908 3353 5908 3333 5908 3335 5909 3354 5909 3355 5909 3335 5910 3355 5910 3336 5910 3336 5911 3355 5911 3337 5911 3327 5912 3354 5912 3328 5912 3328 5913 3354 5913 3329 5913 3329 5914 3354 5914 3356 5914 3330 5915 3356 5915 3331 5915 3331 5916 3356 5916 3353 5916 3331 5917 3353 5917 3332 5917 3356 5918 3354 5918 3353 5918 3335 5919 3334 5919 3353 5919 3353 5920 3334 5920 3333 5920 3337 5921 3355 5921 3338 5921 3355 5922 3354 5922 3338 5922 3330 5923 3329 5923 3356 5923 3314 5924 3351 5924 3315 5924 3315 5925 3351 5925 3244 5925 3244 5926 3351 5926 3245 5926 3245 5927 3351 5927 3350 5927 3245 5928 3350 5928 3326 5928 3326 5929 3350 5929 3248 5929 3248 5930 3350 5930 3250 5930 3250 5931 3350 5931 3252 5931 3252 5932 3350 5932 3253 5932 3253 5933 3350 5933 3255 5933 3255 5934 3350 5934 3341 5934 3255 5935 3341 5935 3258 5935 3258 5936 3341 5936 3260 5936 3260 5937 3341 5937 3342 5937 3260 5938 3342 5938 3324 5938 3324 5939 3342 5939 3263 5939 3263 5940 3342 5940 3265 5940 3265 5941 3342 5941 3323 5941 3323 5942 3342 5942 3349 5942 3323 5943 3349 5943 3322 5943 3322 5944 3349 5944 3273 5944 3273 5945 3349 5945 3275 5945 3275 5946 3349 5946 3276 5946 3276 5947 3349 5947 3343 5947 3276 5948 3343 5948 3278 5948 3278 5949 3343 5949 3321 5949 3321 5950 3343 5950 3282 5950 3282 5951 3343 5951 3283 5951 3283 5952 3343 5952 3344 5952 3283 5953 3344 5953 3320 5953 3320 5954 3344 5954 3287 5954 3287 5955 3344 5955 3346 5955 3287 5956 3346 5956 3289 5956 3289 5957 3346 5957 3290 5957 3290 5958 3346 5958 3345 5958 3290 5959 3345 5959 3292 5959 3292 5960 3345 5960 3319 5960 3319 5961 3345 5961 3295 5961 3295 5962 3345 5962 3347 5962 3295 5963 3347 5963 3317 5963 3317 5964 3347 5964 3298 5964 3298 5965 3347 5965 3300 5965 3300 5966 3347 5966 3301 5966 3301 5967 3347 5967 3348 5967 3301 5968 3348 5968 3304 5968 3304 5969 3348 5969 3305 5969 3305 5970 3348 5970 3307 5970 3307 5971 3348 5971 3339 5971 3307 5972 3339 5972 3308 5972 3308 5973 3339 5973 3352 5973 3308 5974 3352 5974 3310 5974 3310 5975 3352 5975 3316 5975 3316 5976 3352 5976 3312 5976 3312 5977 3352 5977 3351 5977 3312 5978 3351 5978 3314 5978 3357 5979 3358 5979 3359 5979 3358 120 3357 120 3360 120 3358 5980 3360 5980 3361 5980 3361 120 3360 120 3362 120 3362 5981 3360 5981 3363 5981 3362 120 3363 120 3364 120 3364 120 3363 120 3365 120 3365 5982 3363 5982 3366 5982 3365 5983 3366 5983 3367 5983 3367 120 3366 120 3368 120 3368 5984 3366 5984 3369 5984 3368 120 3369 120 3370 120 3370 5985 3369 5985 3371 5985 3370 120 3371 120 3372 120 3370 120 3372 120 3373 120 3370 120 3373 120 3374 120 3374 120 3375 120 3370 120 3375 120 3376 120 3370 120 3370 120 3376 120 3377 120 3377 5986 3376 5986 3378 5986 3377 5987 3378 5987 3379 5987 3377 120 3379 120 3380 120 3380 5988 3379 5988 3381 5988 3380 120 3381 120 3382 120 3382 5989 3381 5989 3383 5989 3382 5990 3383 5990 3384 5990 3382 5991 3384 5991 3385 5991 3382 120 3385 120 3386 120 3386 5992 3385 5992 3387 5992 3386 120 3387 120 3388 120 3388 120 3387 120 3389 120 3388 120 3389 120 3390 120 3388 5993 3390 5993 3391 5993 3391 120 3390 120 3392 120 3391 5994 3392 5994 3393 5994 3393 120 3392 120 3394 120 3393 5995 3394 5995 3395 5995 3395 5996 3394 5996 3396 5996 3396 5997 3394 5997 3397 5997 3396 120 3397 120 3398 120 3397 5998 3394 5998 3399 5998 3397 120 3399 120 3400 120 3400 5999 3399 5999 3401 5999 3400 6000 3401 6000 3402 6000 3396 6001 3398 6001 3403 6001 3396 6002 3403 6002 3404 6002 3405 6003 3406 6003 3404 6003 3404 6004 3406 6004 3407 6004 3408 120 3409 120 3405 120 3405 6005 3409 6005 3410 6005 3409 120 3408 120 3359 120 3359 6006 3408 6006 3357 6006 3410 120 3406 120 3405 120 3404 6007 3407 6007 3396 6007 3411 772 3412 772 3413 772 3413 6008 3412 6008 3414 6008 3413 6009 3414 6009 3415 6009 3415 6010 3414 6010 3416 6010 3416 6011 3414 6011 3417 6011 3416 772 3417 772 3418 772 3418 772 3417 772 3419 772 3418 772 3419 772 3420 772 3418 772 3420 772 3421 772 3421 772 3420 772 3422 772 3422 772 3420 772 3423 772 3422 772 3423 772 3424 772 3424 6012 3423 6012 3402 6012 3421 772 3425 772 3418 772 3426 6013 3427 6013 3421 6013 3427 772 3426 772 3428 772 3428 772 3426 772 3429 772 3428 772 3429 772 3430 772 3428 6014 3430 6014 3431 6014 3431 772 3430 772 3432 772 3431 6015 3432 6015 3433 6015 3433 6016 3432 6016 3434 6016 3433 772 3434 772 3435 772 3435 6017 3434 6017 3436 6017 3435 6018 3436 6018 3437 6018 3435 772 3437 772 3438 772 3438 6019 3437 6019 3439 6019 3438 772 3439 772 3440 772 3440 772 3439 772 3441 772 3440 6020 3441 6020 3442 6020 3440 6021 3442 6021 3443 6021 3443 6022 3442 6022 3444 6022 3443 6023 3444 6023 3445 6023 3444 6024 3446 6024 3445 6024 3446 6025 3447 6025 3445 6025 3447 772 3448 772 3445 772 3445 6026 3448 6026 3449 6026 3449 6027 3450 6027 3445 6027 3445 772 3450 772 3451 772 3451 6028 3450 6028 3452 6028 3451 772 3452 772 3453 772 3453 772 3452 772 3454 772 3454 6029 3452 6029 3455 6029 3454 6030 3455 6030 3456 6030 3456 772 3455 772 3457 772 3457 6031 3455 6031 3458 6031 3457 6032 3458 6032 3411 6032 3411 6033 3458 6033 3412 6033 3427 772 3425 772 3421 772 3357 6034 3412 6034 3458 6034 3357 6035 3458 6035 3360 6035 3360 6036 3458 6036 3455 6036 3360 6037 3455 6037 3363 6037 3363 6038 3455 6038 3366 6038 3366 6039 3455 6039 3452 6039 3366 6040 3452 6040 3369 6040 3369 6040 3452 6040 3450 6040 3369 6041 3450 6041 3371 6041 3371 6042 3450 6042 3449 6042 3371 6043 3449 6043 3372 6043 3372 6044 3449 6044 3448 6044 3372 6045 3448 6045 3373 6045 3373 6046 3448 6046 3447 6046 3373 6047 3447 6047 3374 6047 3374 6048 3447 6048 3446 6048 3374 6049 3446 6049 3375 6049 3375 6050 3446 6050 3444 6050 3375 6051 3444 6051 3376 6051 3376 6052 3444 6052 3442 6052 3376 6053 3442 6053 3378 6053 3378 6054 3442 6054 3441 6054 3378 6055 3441 6055 3379 6055 3379 6056 3441 6056 3439 6056 3379 6057 3439 6057 3381 6057 3381 6058 3439 6058 3383 6058 3383 6059 3439 6059 3437 6059 3383 6060 3437 6060 3384 6060 3384 6061 3437 6061 3436 6061 3384 6062 3436 6062 3385 6062 3385 6063 3436 6063 3434 6063 3385 6064 3434 6064 3387 6064 3387 6065 3434 6065 3432 6065 3387 6066 3432 6066 3389 6066 3389 6067 3432 6067 3430 6067 3389 6068 3430 6068 3390 6068 3390 6069 3430 6069 3429 6069 3390 6070 3429 6070 3392 6070 3392 6071 3429 6071 3426 6071 3392 6072 3426 6072 3394 6072 3394 6073 3426 6073 3421 6073 3394 6074 3421 6074 3399 6074 3399 6075 3421 6075 3422 6075 3399 6076 3422 6076 3424 6076 3399 6077 3424 6077 3401 6077 3401 6078 3424 6078 3402 6078 3402 6079 3423 6079 3400 6079 3400 6080 3423 6080 3397 6080 3397 6081 3423 6081 3420 6081 3397 6082 3420 6082 3398 6082 3398 6083 3420 6083 3419 6083 3398 6084 3419 6084 3403 6084 3403 6085 3419 6085 3417 6085 3403 6086 3417 6086 3404 6086 3404 6087 3417 6087 3405 6087 3405 6088 3417 6088 3414 6088 3405 6089 3414 6089 3408 6089 3408 6090 3414 6090 3412 6090 3408 6091 3412 6091 3357 6091 3358 6092 3411 6092 3359 6092 3359 6093 3411 6093 3413 6093 3359 6094 3413 6094 3409 6094 3409 6095 3413 6095 3415 6095 3409 6096 3415 6096 3410 6096 3410 6097 3415 6097 3406 6097 3406 6098 3415 6098 3416 6098 3406 6099 3416 6099 3407 6099 3407 6100 3416 6100 3418 6100 3407 6101 3418 6101 3396 6101 3396 6102 3418 6102 3395 6102 3395 6103 3418 6103 3425 6103 3395 6104 3425 6104 3393 6104 3393 6105 3425 6105 3427 6105 3393 6106 3427 6106 3428 6106 3393 6107 3428 6107 3391 6107 3391 6108 3428 6108 3431 6108 3391 6109 3431 6109 3388 6109 3388 6110 3431 6110 3433 6110 3388 6111 3433 6111 3386 6111 3386 6112 3433 6112 3435 6112 3386 6113 3435 6113 3382 6113 3382 6114 3435 6114 3438 6114 3382 6115 3438 6115 3380 6115 3380 6116 3438 6116 3440 6116 3380 6117 3440 6117 3377 6117 3377 6118 3440 6118 3443 6118 3377 6119 3443 6119 3370 6119 3370 6120 3443 6120 3445 6120 3370 6121 3445 6121 3368 6121 3368 6122 3445 6122 3451 6122 3368 6123 3451 6123 3367 6123 3367 6124 3451 6124 3453 6124 3367 6125 3453 6125 3365 6125 3365 6126 3453 6126 3454 6126 3365 6127 3454 6127 3364 6127 3364 6128 3454 6128 3456 6128 3364 6129 3456 6129 3362 6129 3362 6130 3456 6130 3361 6130 3361 6131 3456 6131 3457 6131 3361 6132 3457 6132 3358 6132 3358 6133 3457 6133 3411 6133 3459 6134 3460 6134 3461 6134 3461 708 3460 708 3462 708 3461 6135 3462 6135 3463 6135 3463 708 3462 708 3464 708 3465 708 3466 708 3460 708 3460 6136 3466 6136 3467 6136 3460 6137 3467 6137 3462 6137 3462 708 3467 708 3468 708 3466 708 3469 708 3467 708 3463 708 3470 708 3461 708 3471 6138 3472 6138 3473 6138 3471 6139 3473 6139 3474 6139 3471 6140 3474 6140 3475 6140 3471 6141 3475 6141 3476 6141 3476 744 3477 744 3471 744 3471 744 3478 744 3472 744 3472 744 3478 744 3479 744 3479 6142 3478 6142 3480 6142 3479 6143 3480 6143 3481 6143 3482 6144 3472 6144 3483 6144 3483 6145 3472 6145 3479 6145 3483 6146 3479 6146 3484 6146 3484 6147 3479 6147 3485 6147 3485 6148 3479 6148 3486 6148 3486 6149 3479 6149 3487 6149 3487 6150 3479 6150 3481 6150 3487 6151 3481 6151 3488 6151 3488 6152 3481 6152 3489 6152 3489 6153 3481 6153 3490 6153 3490 6154 3481 6154 3480 6154 3490 6155 3480 6155 3491 6155 3491 6156 3480 6156 3492 6156 3492 6157 3480 6157 3493 6157 3493 6158 3480 6158 3478 6158 3493 6159 3478 6159 3494 6159 3494 6160 3478 6160 3495 6160 3495 6161 3478 6161 3496 6161 3496 6162 3478 6162 3471 6162 3496 6163 3471 6163 3497 6163 3497 6164 3471 6164 3498 6164 3498 6165 3471 6165 3477 6165 3498 6166 3477 6166 3499 6166 3499 6167 3477 6167 3500 6167 3500 6168 3477 6168 3476 6168 3500 6169 3476 6169 3501 6169 3501 6170 3476 6170 3502 6170 3502 6171 3476 6171 3475 6171 3502 6172 3475 6172 3503 6172 3503 6173 3475 6173 3504 6173 3504 6174 3475 6174 3474 6174 3504 6175 3474 6175 3505 6175 3505 6176 3474 6176 3506 6176 3506 6177 3474 6177 3507 6177 3507 6178 3474 6178 3473 6178 3507 6179 3473 6179 3508 6179 3508 6180 3473 6180 3509 6180 3509 6181 3473 6181 3510 6181 3510 6182 3473 6182 3472 6182 3510 6183 3472 6183 3482 6183 3511 6184 3482 6184 3483 6184 3511 6185 3483 6185 3512 6185 3512 6186 3483 6186 3484 6186 3512 6187 3484 6187 3513 6187 3513 6188 3484 6188 3485 6188 3513 6189 3485 6189 3514 6189 3514 6190 3485 6190 3486 6190 3514 6191 3486 6191 3515 6191 3515 6192 3486 6192 3487 6192 3515 6193 3487 6193 3516 6193 3516 6194 3487 6194 3488 6194 3516 6195 3488 6195 3517 6195 3517 6196 3488 6196 3489 6196 3517 6197 3489 6197 3518 6197 3518 6198 3489 6198 3490 6198 3518 6199 3490 6199 3519 6199 3519 6200 3490 6200 3491 6200 3519 6201 3491 6201 3520 6201 3520 6202 3491 6202 3492 6202 3520 6203 3492 6203 3521 6203 3521 6204 3492 6204 3493 6204 3521 6205 3493 6205 3522 6205 3522 6206 3493 6206 3494 6206 3522 6207 3494 6207 3523 6207 3523 6208 3494 6208 3495 6208 3523 6209 3495 6209 3524 6209 3524 6210 3495 6210 3496 6210 3524 6211 3496 6211 3497 6211 3524 6212 3497 6212 3525 6212 3525 6213 3497 6213 3498 6213 3525 6214 3498 6214 3526 6214 3526 6215 3498 6215 3499 6215 3526 6216 3499 6216 3527 6216 3527 6217 3499 6217 3500 6217 3527 6218 3500 6218 3528 6218 3528 6219 3500 6219 3501 6219 3528 6220 3501 6220 3529 6220 3529 6221 3501 6221 3502 6221 3529 6222 3502 6222 3530 6222 3530 6223 3502 6223 3503 6223 3530 6224 3503 6224 3531 6224 3531 6225 3503 6225 3504 6225 3531 6226 3504 6226 3532 6226 3532 6227 3504 6227 3505 6227 3532 6228 3505 6228 3533 6228 3533 6229 3505 6229 3506 6229 3533 6230 3506 6230 3534 6230 3534 6231 3506 6231 3507 6231 3534 6232 3507 6232 3535 6232 3535 6233 3507 6233 3508 6233 3535 6234 3508 6234 3536 6234 3536 6235 3508 6235 3509 6235 3536 6236 3509 6236 3537 6236 3537 6237 3509 6237 3538 6237 3538 6238 3509 6238 3510 6238 3538 6239 3510 6239 3511 6239 3511 6240 3510 6240 3482 6240 3539 708 3540 708 3541 708 3541 708 3540 708 3542 708 3541 708 3542 708 3543 708 3543 6241 3542 6241 3544 6241 3544 6242 3542 6242 3545 6242 3544 6243 3545 6243 3546 6243 3544 6244 3546 6244 3547 6244 3547 708 3546 708 3548 708 3548 708 3546 708 3549 708 3548 6245 3549 6245 3550 6245 3550 708 3549 708 3551 708 3551 708 3549 708 3552 708 3551 708 3552 708 3553 708 3551 6246 3553 6246 3554 6246 3554 708 3553 708 3555 708 3553 708 3556 708 3555 708 3556 6247 3557 6247 3555 6247 3555 708 3557 708 3558 708 3558 6248 3557 6248 3559 6248 3559 6249 3557 6249 3560 6249 3560 6250 3540 6250 3559 6250 3559 6251 3540 6251 3539 6251 3511 6252 3540 6252 3538 6252 3538 6253 3540 6253 3560 6253 3538 6254 3560 6254 3537 6254 3537 6255 3560 6255 3536 6255 3536 6256 3560 6256 3557 6256 3536 6257 3557 6257 3535 6257 3535 6258 3557 6258 3534 6258 3534 6259 3557 6259 3556 6259 3534 6260 3556 6260 3533 6260 3533 6261 3556 6261 3532 6261 3532 6262 3556 6262 3531 6262 3531 6263 3556 6263 3553 6263 3531 6264 3553 6264 3530 6264 3530 6265 3553 6265 3529 6265 3529 6266 3553 6266 3528 6266 3528 6267 3553 6267 3552 6267 3528 6268 3552 6268 3527 6268 3527 6269 3552 6269 3526 6269 3526 6270 3552 6270 3525 6270 3525 6271 3552 6271 3549 6271 3525 6272 3549 6272 3524 6272 3524 6273 3549 6273 3523 6273 3523 6274 3549 6274 3522 6274 3522 6275 3549 6275 3546 6275 3522 6276 3546 6276 3521 6276 3521 6277 3546 6277 3520 6277 3520 6278 3546 6278 3519 6278 3519 6279 3546 6279 3545 6279 3519 6280 3545 6280 3518 6280 3518 6281 3545 6281 3517 6281 3517 6282 3545 6282 3516 6282 3516 6283 3545 6283 3542 6283 3516 6284 3542 6284 3515 6284 3515 6285 3542 6285 3514 6285 3514 6286 3542 6286 3540 6286 3514 6287 3540 6287 3513 6287 3513 6288 3540 6288 3512 6288 3512 6289 3540 6289 3511 6289 3554 6290 3555 6290 3461 6290 3461 6291 3555 6291 3459 6291 3551 6292 3554 6292 3470 6292 3470 6293 3554 6293 3461 6293 3550 6294 3551 6294 3463 6294 3463 6295 3551 6295 3470 6295 3548 6296 3550 6296 3464 6296 3464 6297 3550 6297 3463 6297 3547 6298 3548 6298 3462 6298 3462 6299 3548 6299 3464 6299 3544 6300 3547 6300 3468 6300 3468 6301 3547 6301 3462 6301 3543 6302 3544 6302 3467 6302 3467 6303 3544 6303 3468 6303 3541 6304 3543 6304 3469 6304 3469 6304 3543 6304 3467 6304 3539 6305 3541 6305 3466 6305 3466 6306 3541 6306 3469 6306 3559 6307 3539 6307 3465 6307 3465 6307 3539 6307 3466 6307 3558 6308 3559 6308 3460 6308 3460 6309 3559 6309 3465 6309 3555 6310 3558 6310 3459 6310 3459 6311 3558 6311 3460 6311 3561 6312 3562 6312 3563 6312 3563 6313 3562 6313 3564 6313 3563 6314 3564 6314 3565 6314 3565 6315 3564 6315 3566 6315 3565 6316 3566 6316 3567 6316 3567 6317 3566 6317 3568 6317 3568 6318 3566 6318 3569 6318 3568 6319 3569 6319 3570 6319 3570 6320 3569 6320 3571 6320 3570 6321 3571 6321 3572 6321 3572 6322 3571 6322 3573 6322 3573 6323 3571 6323 3574 6323 3573 6324 3574 6324 3575 6324 3575 6325 3574 6325 3576 6325 3575 6326 3576 6326 3577 6326 3577 6327 3576 6327 3578 6327 3577 6328 3578 6328 3579 6328 3579 6329 3578 6329 3580 6329 3579 6330 3580 6330 3581 6330 3581 6331 3580 6331 3582 6331 3581 6332 3582 6332 3583 6332 3581 6333 3583 6333 3584 6333 3584 6334 3583 6334 3585 6334 3584 6335 3585 6335 3586 6335 3586 6336 3585 6336 3587 6336 3586 6337 3587 6337 3588 6337 3588 6338 3587 6338 3589 6338 3588 6339 3589 6339 3590 6339 3588 6340 3590 6340 3591 6340 3591 6341 3590 6341 3592 6341 3591 6342 3592 6342 3593 6342 3593 6343 3592 6343 3594 6343 3593 6344 3594 6344 3595 6344 3595 6345 3594 6345 3596 6345 3595 6346 3596 6346 3597 6346 3597 6347 3596 6347 3598 6347 3597 6348 3598 6348 3599 6348 3599 6349 3598 6349 3600 6349 3599 6350 3600 6350 3561 6350 3561 6351 3600 6351 3562 6351 3601 6352 3562 6352 3602 6352 3602 6353 3562 6353 3600 6353 3602 6354 3600 6354 3603 6354 3603 6355 3600 6355 3598 6355 3603 6356 3598 6356 3604 6356 3604 6357 3598 6357 3596 6357 3604 6358 3596 6358 3605 6358 3605 6359 3596 6359 3594 6359 3605 6360 3594 6360 3606 6360 3606 6361 3594 6361 3592 6361 3606 6362 3592 6362 3607 6362 3607 6363 3592 6363 3590 6363 3607 6364 3590 6364 3608 6364 3608 6365 3590 6365 3589 6365 3608 6366 3589 6366 3609 6366 3609 6367 3589 6367 3587 6367 3609 6368 3587 6368 3610 6368 3610 6369 3587 6369 3585 6369 3610 6370 3585 6370 3611 6370 3611 6371 3585 6371 3583 6371 3611 6372 3583 6372 3612 6372 3612 6373 3583 6373 3582 6373 3612 6374 3582 6374 3580 6374 3612 6375 3580 6375 3613 6375 3613 6376 3580 6376 3578 6376 3613 6377 3578 6377 3614 6377 3614 6378 3578 6378 3576 6378 3614 6379 3576 6379 3574 6379 3614 6380 3574 6380 3615 6380 3615 6381 3574 6381 3616 6381 3616 6382 3574 6382 3571 6382 3616 6383 3571 6383 3617 6383 3617 6384 3571 6384 3569 6384 3617 6385 3569 6385 3618 6385 3618 6386 3569 6386 3566 6386 3618 6387 3566 6387 3619 6387 3619 6388 3566 6388 3564 6388 3619 6389 3564 6389 3601 6389 3601 6390 3564 6390 3562 6390 3620 120 3561 120 3621 120 3621 6391 3561 6391 3563 6391 3561 120 3620 120 3599 120 3599 6392 3620 6392 3622 6392 3599 120 3622 120 3597 120 3597 120 3622 120 3595 120 3595 6393 3622 6393 3593 6393 3593 120 3622 120 3591 120 3591 6394 3622 6394 3623 6394 3591 120 3623 120 3624 120 3591 120 3624 120 3625 120 3591 120 3625 120 3588 120 3588 6395 3625 6395 3626 6395 3588 6396 3626 6396 3627 6396 3588 120 3627 120 3586 120 3586 120 3627 120 3628 120 3586 6397 3628 6397 3584 6397 3584 6398 3628 6398 3629 6398 3584 6399 3629 6399 3581 6399 3581 6400 3629 6400 3630 6400 3581 120 3630 120 3579 120 3579 120 3630 120 3631 120 3579 120 3631 120 3577 120 3577 120 3631 120 3632 120 3577 6401 3632 6401 3575 6401 3575 120 3632 120 3633 120 3575 120 3633 120 3573 120 3573 120 3633 120 3634 120 3573 120 3634 120 3635 120 3573 6402 3635 6402 3636 6402 3573 120 3636 120 3572 120 3572 120 3636 120 3570 120 3570 6403 3636 6403 3568 6403 3568 6404 3636 6404 3567 6404 3567 6405 3636 6405 3621 6405 3567 120 3621 120 3565 120 3565 120 3621 120 3563 120 3621 6406 3637 6406 3620 6406 3620 6407 3637 6407 3638 6407 3620 6408 3638 6408 3639 6408 3620 6409 3639 6409 3622 6409 3622 6410 3639 6410 3640 6410 3622 6411 3640 6411 3623 6411 3623 6412 3640 6412 3624 6412 3624 6413 3640 6413 3641 6413 3624 6414 3641 6414 3642 6414 3624 6415 3642 6415 3643 6415 3624 6416 3643 6416 3625 6416 3625 6417 3643 6417 3644 6417 3625 6418 3644 6418 3645 6418 3625 6419 3645 6419 3626 6419 3626 6420 3645 6420 3646 6420 3626 6421 3646 6421 3647 6421 3626 6422 3647 6422 3627 6422 3627 6423 3647 6423 3648 6423 3627 6424 3648 6424 3649 6424 3627 6425 3649 6425 3628 6425 3628 6426 3649 6426 3650 6426 3628 6427 3650 6427 3651 6427 3628 6428 3651 6428 3652 6428 3628 6429 3652 6429 3629 6429 3629 6430 3652 6430 3653 6430 3629 6431 3653 6431 3654 6431 3629 6432 3654 6432 3655 6432 3629 6433 3655 6433 3630 6433 3630 6434 3655 6434 3656 6434 3630 6435 3656 6435 3657 6435 3630 6436 3657 6436 3631 6436 3631 6437 3657 6437 3658 6437 3631 6438 3658 6438 3659 6438 3631 6439 3659 6439 3632 6439 3632 6440 3659 6440 3660 6440 3632 6441 3660 6441 3633 6441 3633 6442 3660 6442 3661 6442 3633 6443 3661 6443 3662 6443 3633 6444 3662 6444 3663 6444 3633 6445 3663 6445 3634 6445 3634 6446 3663 6446 3664 6446 3634 6447 3664 6447 3665 6447 3634 6448 3665 6448 3666 6448 3634 6449 3666 6449 3635 6449 3635 6450 3666 6450 3667 6450 3635 6451 3667 6451 3668 6451 3635 6452 3668 6452 3636 6452 3636 6453 3668 6453 3669 6453 3636 6454 3669 6454 3621 6454 3621 6455 3669 6455 3670 6455 3621 6456 3670 6456 3637 6456 3671 6457 3637 6457 3672 6457 3672 6458 3637 6458 3670 6458 3672 6459 3670 6459 3669 6459 3672 6460 3669 6460 3673 6460 3673 6461 3669 6461 3668 6461 3673 6462 3668 6462 3674 6462 3674 6463 3668 6463 3667 6463 3674 6464 3667 6464 3675 6464 3675 6465 3667 6465 3666 6465 3675 6466 3666 6466 3676 6466 3676 6467 3666 6467 3665 6467 3676 6468 3665 6468 3677 6468 3677 6469 3665 6469 3664 6469 3677 6470 3664 6470 3678 6470 3678 6471 3664 6471 3663 6471 3678 6472 3663 6472 3679 6472 3679 6473 3663 6473 3662 6473 3679 6474 3662 6474 3680 6474 3680 6475 3662 6475 3661 6475 3680 6476 3661 6476 3681 6476 3681 6477 3661 6477 3660 6477 3681 6478 3660 6478 3682 6478 3682 6479 3660 6479 3659 6479 3682 6480 3659 6480 3683 6480 3683 6481 3659 6481 3658 6481 3683 6482 3658 6482 3684 6482 3684 6483 3658 6483 3657 6483 3684 6484 3657 6484 3685 6484 3685 6485 3657 6485 3686 6485 3686 6486 3657 6486 3656 6486 3686 6487 3656 6487 3687 6487 3687 6488 3656 6488 3655 6488 3687 6489 3655 6489 3654 6489 3687 6490 3654 6490 3688 6490 3688 6491 3654 6491 3653 6491 3688 6492 3653 6492 3689 6492 3689 6493 3653 6493 3652 6493 3689 6494 3652 6494 3690 6494 3690 6495 3652 6495 3651 6495 3690 6496 3651 6496 3691 6496 3691 6497 3651 6497 3650 6497 3691 6498 3650 6498 3692 6498 3692 6499 3650 6499 3649 6499 3692 6500 3649 6500 3693 6500 3693 6501 3649 6501 3648 6501 3693 6502 3648 6502 3694 6502 3694 6503 3648 6503 3647 6503 3694 6504 3647 6504 3695 6504 3695 6505 3647 6505 3646 6505 3695 6506 3646 6506 3696 6506 3696 6507 3646 6507 3645 6507 3696 6508 3645 6508 3697 6508 3697 6509 3645 6509 3644 6509 3697 6510 3644 6510 3698 6510 3698 6511 3644 6511 3699 6511 3699 6512 3644 6512 3643 6512 3699 6513 3643 6513 3700 6513 3700 6514 3643 6514 3642 6514 3700 6515 3642 6515 3641 6515 3700 6516 3641 6516 3701 6516 3701 6517 3641 6517 3640 6517 3701 6518 3640 6518 3702 6518 3702 6519 3640 6519 3639 6519 3702 6520 3639 6520 3703 6520 3703 6521 3639 6521 3638 6521 3703 6522 3638 6522 3671 6522 3671 6523 3638 6523 3637 6523 3671 6524 3704 6524 3703 6524 3703 6525 3704 6525 3702 6525 3702 6526 3704 6526 3705 6526 3702 6527 3705 6527 3706 6527 3702 6528 3706 6528 3701 6528 3701 6529 3706 6529 3700 6529 3700 6530 3706 6530 3707 6530 3700 6531 3707 6531 3699 6531 3699 6532 3707 6532 3698 6532 3698 6533 3707 6533 3697 6533 3697 6534 3707 6534 3708 6534 3697 6535 3708 6535 3696 6535 3696 6536 3708 6536 3695 6536 3695 6537 3708 6537 3694 6537 3694 6538 3708 6538 3709 6538 3694 6539 3709 6539 3693 6539 3693 6540 3709 6540 3692 6540 3692 6541 3709 6541 3710 6541 3692 6542 3710 6542 3691 6542 3691 6543 3710 6543 3711 6543 3691 6544 3711 6544 3690 6544 3690 6545 3711 6545 3689 6545 3689 6546 3711 6546 3712 6546 3689 6547 3712 6547 3688 6547 3688 6548 3712 6548 3687 6548 3687 6549 3712 6549 3713 6549 3687 6550 3713 6550 3686 6550 3686 6551 3713 6551 3685 6551 3685 6552 3713 6552 3714 6552 3685 6553 3714 6553 3684 6553 3684 6554 3714 6554 3683 6554 3683 6555 3714 6555 3682 6555 3682 6556 3714 6556 3715 6556 3682 6557 3715 6557 3681 6557 3681 6558 3715 6558 3680 6558 3680 6559 3715 6559 3679 6559 3679 6560 3715 6560 3716 6560 3679 6561 3716 6561 3678 6561 3678 6562 3716 6562 3677 6562 3677 6563 3716 6563 3676 6563 3676 6564 3716 6564 3717 6564 3676 6565 3717 6565 3675 6565 3675 6566 3717 6566 3674 6566 3674 6567 3717 6567 3673 6567 3673 6568 3717 6568 3718 6568 3673 6569 3718 6569 3672 6569 3672 6570 3718 6570 3719 6570 3672 6571 3719 6571 3704 6571 3672 6572 3704 6572 3671 6572 3704 6573 3601 6573 3602 6573 3601 6574 3704 6574 3719 6574 3601 772 3719 772 3619 772 3619 6575 3719 6575 3718 6575 3619 6576 3718 6576 3618 6576 3618 772 3718 772 3617 772 3617 772 3718 772 3616 772 3616 6577 3718 6577 3717 6577 3717 6578 3716 6578 3616 6578 3616 772 3716 772 3715 772 3616 772 3715 772 3615 772 3615 6579 3715 6579 3614 6579 3614 772 3715 772 3714 772 3614 772 3714 772 3613 772 3613 772 3714 772 3713 772 3613 6580 3713 6580 3712 6580 3613 772 3712 772 3612 772 3612 6581 3712 6581 3711 6581 3612 772 3711 772 3611 772 3611 6582 3711 6582 3710 6582 3611 772 3710 772 3610 772 3610 6583 3710 6583 3709 6583 3610 772 3709 772 3609 772 3609 772 3709 772 3608 772 3608 772 3709 772 3708 772 3608 772 3708 772 3607 772 3607 772 3708 772 3707 772 3707 6584 3706 6584 3607 6584 3607 6585 3706 6585 3705 6585 3607 772 3705 772 3606 772 3606 6586 3705 6586 3605 6586 3605 772 3705 772 3604 772 3604 772 3705 772 3603 772 3603 6587 3705 6587 3704 6587 3603 6588 3704 6588 3602 6588 3720 6589 3721 6589 3722 6589 3720 6590 3722 6590 3723 6590 3723 6591 3722 6591 3724 6591 3723 6592 3724 6592 3725 6592 3725 6593 3724 6593 3726 6593 3725 6594 3726 6594 3727 6594 3727 6595 3726 6595 3728 6595 3727 6596 3728 6596 3729 6596 3729 6597 3728 6597 3730 6597 3729 6598 3730 6598 3731 6598 3731 6599 3730 6599 3732 6599 3732 6600 3730 6600 3733 6600 3732 6601 3733 6601 3734 6601 3734 6602 3733 6602 3735 6602 3734 6603 3735 6603 3736 6603 3736 6604 3735 6604 3737 6604 3736 6605 3737 6605 3738 6605 3738 6606 3737 6606 3739 6606 3738 6607 3739 6607 3740 6607 3740 6608 3739 6608 3741 6608 3740 6609 3741 6609 3742 6609 3742 6610 3741 6610 3743 6610 3742 6611 3743 6611 3744 6611 3744 6612 3743 6612 3745 6612 3744 6613 3745 6613 3746 6613 3746 6614 3745 6614 3747 6614 3746 6615 3747 6615 3748 6615 3746 6616 3748 6616 3749 6616 3749 6617 3748 6617 3750 6617 3749 6618 3750 6618 3751 6618 3751 6619 3750 6619 3752 6619 3751 6620 3752 6620 3753 6620 3753 6621 3752 6621 3754 6621 3754 6622 3752 6622 3755 6622 3754 6623 3755 6623 3721 6623 3754 6624 3721 6624 3720 6624 3756 6625 3722 6625 3721 6625 3756 6626 3721 6626 3757 6626 3757 6627 3721 6627 3755 6627 3757 6628 3755 6628 3758 6628 3758 6629 3755 6629 3752 6629 3758 6630 3752 6630 3759 6630 3759 6631 3752 6631 3750 6631 3759 6632 3750 6632 3760 6632 3760 6633 3750 6633 3761 6633 3761 6634 3750 6634 3748 6634 3761 6635 3748 6635 3747 6635 3761 6636 3747 6636 3762 6636 3762 6637 3747 6637 3745 6637 3762 6638 3745 6638 3763 6638 3763 6639 3745 6639 3743 6639 3763 6640 3743 6640 3741 6640 3763 6641 3741 6641 3764 6641 3764 6642 3741 6642 3765 6642 3765 6643 3741 6643 3739 6643 3765 6644 3739 6644 3766 6644 3766 6645 3739 6645 3737 6645 3766 6646 3737 6646 3767 6646 3767 6647 3737 6647 3735 6647 3767 6648 3735 6648 3768 6648 3768 6649 3735 6649 3733 6649 3768 6650 3733 6650 3769 6650 3769 6651 3733 6651 3730 6651 3769 6652 3730 6652 3770 6652 3770 6653 3730 6653 3771 6653 3771 6654 3730 6654 3728 6654 3771 6655 3728 6655 3772 6655 3772 6656 3728 6656 3726 6656 3772 6657 3726 6657 3773 6657 3773 6658 3726 6658 3724 6658 3773 6659 3724 6659 3756 6659 3756 6660 3724 6660 3722 6660 3774 120 3720 120 3775 120 3775 6661 3720 6661 3723 6661 3720 120 3774 120 3754 120 3754 6662 3774 6662 3776 6662 3754 120 3776 120 3753 120 3753 120 3776 120 3751 120 3751 6663 3776 6663 3777 6663 3751 6664 3777 6664 3778 6664 3751 120 3778 120 3779 120 3751 120 3779 120 3749 120 3749 6665 3779 6665 3746 6665 3746 120 3779 120 3780 120 3746 6666 3780 6666 3744 6666 3744 120 3780 120 3781 120 3744 120 3781 120 3742 120 3742 6667 3781 6667 3782 6667 3742 120 3782 120 3740 120 3740 6668 3782 6668 3783 6668 3740 120 3783 120 3738 120 3738 6669 3783 6669 3784 6669 3738 120 3784 120 3785 120 3738 120 3785 120 3736 120 3736 120 3785 120 3734 120 3734 120 3785 120 3786 120 3734 120 3786 120 3732 120 3732 120 3786 120 3787 120 3732 120 3787 120 3788 120 3732 120 3788 120 3789 120 3732 120 3789 120 3731 120 3731 120 3789 120 3729 120 3729 6670 3789 6670 3727 6670 3727 6671 3789 6671 3775 6671 3727 6672 3775 6672 3725 6672 3725 6673 3775 6673 3723 6673 3790 6674 3791 6674 3775 6674 3775 6675 3791 6675 3774 6675 3774 6676 3791 6676 3792 6676 3774 6677 3792 6677 3776 6677 3776 6678 3792 6678 3793 6678 3776 6679 3793 6679 3777 6679 3777 6680 3793 6680 3794 6680 3777 6681 3794 6681 3795 6681 3777 6682 3795 6682 3796 6682 3777 6683 3796 6683 3778 6683 3778 6684 3796 6684 3797 6684 3778 6685 3797 6685 3798 6685 3778 6686 3798 6686 3799 6686 3778 6687 3799 6687 3779 6687 3779 6688 3799 6688 3800 6688 3779 6689 3800 6689 3801 6689 3779 6690 3801 6690 3780 6690 3780 6691 3801 6691 3802 6691 3780 6692 3802 6692 3803 6692 3780 6693 3803 6693 3804 6693 3780 6694 3804 6694 3781 6694 3781 6695 3804 6695 3805 6695 3781 6696 3805 6696 3806 6696 3781 6697 3806 6697 3782 6697 3782 6698 3806 6698 3807 6698 3782 6699 3807 6699 3808 6699 3782 6700 3808 6700 3783 6700 3783 6701 3808 6701 3809 6701 3783 6702 3809 6702 3810 6702 3783 6703 3810 6703 3784 6703 3784 6704 3810 6704 3811 6704 3784 6705 3811 6705 3785 6705 3785 6706 3811 6706 3812 6706 3785 6707 3812 6707 3813 6707 3785 6708 3813 6708 3814 6708 3785 6709 3814 6709 3786 6709 3786 6710 3814 6710 3815 6710 3786 6711 3815 6711 3787 6711 3787 6712 3815 6712 3816 6712 3787 6713 3816 6713 3817 6713 3787 6714 3817 6714 3818 6714 3787 6715 3818 6715 3788 6715 3788 6716 3818 6716 3819 6716 3788 6717 3819 6717 3820 6717 3788 6718 3820 6718 3789 6718 3789 6719 3820 6719 3821 6719 3789 6720 3821 6720 3775 6720 3775 6721 3821 6721 3822 6721 3775 6722 3822 6722 3790 6722 3823 6723 3791 6723 3790 6723 3823 6724 3790 6724 3824 6724 3824 6725 3790 6725 3822 6725 3824 6726 3822 6726 3825 6726 3825 6727 3822 6727 3821 6727 3825 6728 3821 6728 3826 6728 3826 6729 3821 6729 3820 6729 3826 6730 3820 6730 3827 6730 3827 6731 3820 6731 3819 6731 3827 6732 3819 6732 3828 6732 3828 6733 3819 6733 3818 6733 3828 6734 3818 6734 3829 6734 3829 6735 3818 6735 3817 6735 3829 6736 3817 6736 3830 6736 3830 6737 3817 6737 3816 6737 3830 6738 3816 6738 3831 6738 3831 6739 3816 6739 3815 6739 3831 6740 3815 6740 3832 6740 3832 6741 3815 6741 3814 6741 3832 6742 3814 6742 3833 6742 3833 6743 3814 6743 3813 6743 3833 6744 3813 6744 3834 6744 3834 6745 3813 6745 3812 6745 3834 6746 3812 6746 3835 6746 3835 6747 3812 6747 3836 6747 3836 6748 3812 6748 3811 6748 3836 6749 3811 6749 3837 6749 3837 6750 3811 6750 3810 6750 3837 6751 3810 6751 3838 6751 3838 6752 3810 6752 3809 6752 3838 6753 3809 6753 3839 6753 3839 6754 3809 6754 3808 6754 3839 6755 3808 6755 3840 6755 3840 6756 3808 6756 3841 6756 3841 6757 3808 6757 3807 6757 3841 6758 3807 6758 3842 6758 3842 6759 3807 6759 3806 6759 3842 6760 3806 6760 3843 6760 3843 6761 3806 6761 3805 6761 3843 6762 3805 6762 3844 6762 3844 6763 3805 6763 3804 6763 3844 6764 3804 6764 3845 6764 3845 6765 3804 6765 3803 6765 3845 6766 3803 6766 3846 6766 3846 6767 3803 6767 3802 6767 3846 6768 3802 6768 3847 6768 3847 6769 3802 6769 3801 6769 3847 6770 3801 6770 3848 6770 3848 6771 3801 6771 3800 6771 3848 6772 3800 6772 3849 6772 3849 6773 3800 6773 3799 6773 3849 6774 3799 6774 3850 6774 3850 6775 3799 6775 3798 6775 3850 6776 3798 6776 3851 6776 3851 6777 3798 6777 3797 6777 3851 6778 3797 6778 3852 6778 3852 6779 3797 6779 3796 6779 3852 6780 3796 6780 3853 6780 3853 6781 3796 6781 3795 6781 3853 6782 3795 6782 3854 6782 3854 6783 3795 6783 3794 6783 3854 6784 3794 6784 3855 6784 3855 6785 3794 6785 3793 6785 3855 6786 3793 6786 3856 6786 3856 6787 3793 6787 3792 6787 3856 6788 3792 6788 3857 6788 3857 6789 3792 6789 3791 6789 3857 6790 3791 6790 3823 6790 3823 6791 3858 6791 3857 6791 3857 6792 3858 6792 3856 6792 3856 6793 3858 6793 3859 6793 3856 6794 3859 6794 3855 6794 3855 6795 3859 6795 3854 6795 3854 6796 3859 6796 3860 6796 3854 6797 3860 6797 3853 6797 3853 6798 3860 6798 3852 6798 3852 6799 3860 6799 3861 6799 3852 6800 3861 6800 3851 6800 3851 6801 3861 6801 3850 6801 3850 6802 3861 6802 3862 6802 3850 6803 3862 6803 3849 6803 3849 6804 3862 6804 3863 6804 3849 6805 3863 6805 3848 6805 3848 6806 3863 6806 3847 6806 3847 6807 3863 6807 3864 6807 3847 6808 3864 6808 3846 6808 3846 6809 3864 6809 3845 6809 3845 6810 3864 6810 3844 6810 3844 6811 3864 6811 3865 6811 3844 6812 3865 6812 3843 6812 3843 6813 3865 6813 3866 6813 3843 6814 3866 6814 3842 6814 3842 6815 3866 6815 3867 6815 3842 6816 3867 6816 3841 6816 3841 6817 3867 6817 3840 6817 3840 6546 3867 6546 3868 6546 3840 6547 3868 6547 3839 6547 3839 6818 3868 6818 3838 6818 3838 6819 3868 6819 3869 6819 3838 6820 3869 6820 3837 6820 3837 6821 3869 6821 3836 6821 3836 6822 3869 6822 3835 6822 3835 6823 3869 6823 3834 6823 3834 6824 3869 6824 3870 6824 3834 6825 3870 6825 3833 6825 3833 6826 3870 6826 3832 6826 3832 6827 3870 6827 3871 6827 3832 6828 3871 6828 3831 6828 3831 6829 3871 6829 3830 6829 3830 6830 3871 6830 3872 6830 3830 6831 3872 6831 3829 6831 3829 6832 3872 6832 3873 6832 3829 6833 3873 6833 3828 6833 3828 6834 3873 6834 3827 6834 3827 6835 3873 6835 3826 6835 3826 6836 3873 6836 3874 6836 3826 6837 3874 6837 3825 6837 3825 6838 3874 6838 3875 6838 3825 6839 3875 6839 3824 6839 3824 6840 3875 6840 3823 6840 3823 6841 3875 6841 3858 6841 3875 772 3756 772 3858 772 3858 772 3756 772 3757 772 3756 772 3875 772 3773 772 3773 772 3875 772 3874 772 3773 772 3874 772 3772 772 3772 772 3874 772 3771 772 3771 6842 3874 6842 3770 6842 3770 772 3874 772 3769 772 3769 6843 3874 6843 3873 6843 3873 772 3872 772 3769 772 3769 6844 3872 6844 3871 6844 3769 772 3871 772 3768 772 3768 772 3871 772 3870 772 3768 772 3870 772 3767 772 3767 772 3870 772 3869 772 3767 6845 3869 6845 3766 6845 3766 772 3869 772 3868 772 3766 772 3868 772 3765 772 3765 6846 3868 6846 3867 6846 3765 772 3867 772 3764 772 3764 6847 3867 6847 3866 6847 3764 772 3866 772 3763 772 3763 772 3866 772 3865 772 3763 772 3865 772 3762 772 3762 772 3865 772 3864 772 3762 772 3864 772 3761 772 3761 772 3864 772 3863 772 3761 772 3863 772 3760 772 3760 772 3863 772 3862 772 3760 772 3862 772 3759 772 3862 772 3861 772 3759 772 3861 6848 3860 6848 3759 6848 3860 6849 3859 6849 3759 6849 3759 6850 3859 6850 3758 6850 3758 6851 3859 6851 3858 6851 3758 772 3858 772 3757 772 3876 6852 3877 6852 3878 6852 3876 708 3878 708 3879 708 3879 6853 3878 6853 3880 6853 3879 708 3880 708 3881 708 3881 6854 3880 6854 3882 6854 3881 708 3882 708 3883 708 3883 708 3882 708 3884 708 3885 6855 3886 6855 3876 6855 3876 6856 3886 6856 3887 6856 3888 708 3886 708 3885 708 3876 708 3887 708 3889 708 3876 6857 3889 6857 3890 6857 3876 6858 3890 6858 3877 6858 3876 6859 3891 6859 3892 6859 3891 6860 3876 6860 3893 6860 3893 6861 3876 6861 3879 6861 3893 6862 3879 6862 3894 6862 3894 6863 3879 6863 3895 6863 3895 6864 3879 6864 3881 6864 3895 6865 3881 6865 3896 6865 3896 6866 3881 6866 3897 6866 3897 6867 3881 6867 3883 6867 3897 6868 3883 6868 3898 6868 3898 6869 3883 6869 3899 6869 3899 6870 3883 6870 3884 6870 3899 6871 3884 6871 3900 6871 3900 6872 3884 6872 3901 6872 3901 6873 3884 6873 3882 6873 3901 6874 3882 6874 3902 6874 3902 6875 3882 6875 3903 6875 3903 6876 3882 6876 3904 6876 3904 6877 3882 6877 3880 6877 3904 6878 3880 6878 3905 6878 3905 6879 3880 6879 3906 6879 3906 6880 3880 6880 3907 6880 3907 6881 3880 6881 3878 6881 3907 6882 3878 6882 3908 6882 3908 6883 3878 6883 3909 6883 3909 6884 3878 6884 3910 6884 3910 6885 3878 6885 3877 6885 3910 6886 3877 6886 3911 6886 3911 6887 3877 6887 3890 6887 3911 6888 3890 6888 3912 6888 3912 6889 3890 6889 3913 6889 3913 6890 3890 6890 3914 6890 3914 6891 3890 6891 3915 6891 3915 6892 3890 6892 3889 6892 3915 6893 3889 6893 3916 6893 3916 6894 3889 6894 3917 6894 3917 6895 3889 6895 3918 6895 3918 6896 3889 6896 3887 6896 3918 6897 3887 6897 3919 6897 3919 6898 3887 6898 3920 6898 3920 6899 3887 6899 3886 6899 3920 6900 3886 6900 3921 6900 3921 6901 3886 6901 3922 6901 3922 6902 3886 6902 3888 6902 3922 6903 3888 6903 3923 6903 3923 6904 3888 6904 3924 6904 3924 6905 3888 6905 3925 6905 3925 6906 3888 6906 3885 6906 3925 6907 3885 6907 3926 6907 3926 6908 3885 6908 3927 6908 3927 6909 3885 6909 3892 6909 3892 6910 3885 6910 3876 6910 3928 6911 3929 6911 3930 6911 3930 6912 3929 6912 3931 6912 3930 6913 3931 6913 3932 6913 3930 6914 3932 6914 3933 6914 3933 6915 3932 6915 3934 6915 3933 6916 3934 6916 3935 6916 3935 6917 3934 6917 3936 6917 3935 6918 3936 6918 3937 6918 3935 6919 3937 6919 3938 6919 3938 6920 3937 6920 3939 6920 3938 6921 3939 6921 3940 6921 3940 6922 3939 6922 3941 6922 3940 6923 3941 6923 3942 6923 3942 6924 3941 6924 3943 6924 3942 6925 3943 6925 3944 6925 3944 6926 3943 6926 3945 6926 3944 6927 3945 6927 3946 6927 3946 6928 3945 6928 3947 6928 3946 6929 3947 6929 3948 6929 3948 6930 3947 6930 3949 6930 3948 6931 3949 6931 3950 6931 3948 6932 3950 6932 3951 6932 3951 6933 3950 6933 3952 6933 3951 6934 3952 6934 3953 6934 3953 6935 3952 6935 3954 6935 3953 6936 3954 6936 3955 6936 3955 6937 3954 6937 3956 6937 3955 6938 3956 6938 3957 6938 3957 6939 3956 6939 3958 6939 3957 6940 3958 6940 3959 6940 3959 6941 3958 6941 3960 6941 3959 6942 3960 6942 3961 6942 3959 6943 3961 6943 3962 6943 3962 6944 3961 6944 3963 6944 3962 6945 3963 6945 3964 6945 3964 6946 3963 6946 3965 6946 3964 6947 3965 6947 3966 6947 3966 6948 3965 6948 3967 6948 3966 6949 3967 6949 3968 6949 3966 6950 3968 6950 3969 6950 3969 6951 3968 6951 3970 6951 3969 6952 3970 6952 3971 6952 3971 6953 3970 6953 3972 6953 3971 6954 3972 6954 3973 6954 3973 6955 3972 6955 3974 6955 3973 6956 3974 6956 3975 6956 3975 6956 3974 6956 3976 6956 3975 6957 3976 6957 3977 6957 3977 6958 3976 6958 3978 6958 3977 6959 3978 6959 3979 6959 3977 6960 3979 6960 3980 6960 3980 6961 3979 6961 3981 6961 3980 6962 3981 6962 3982 6962 3980 6963 3982 6963 3983 6963 3983 6964 3982 6964 3984 6964 3983 6965 3984 6965 3985 6965 3985 6966 3984 6966 3986 6966 3985 6967 3986 6967 3987 6967 3987 6968 3986 6968 3988 6968 3987 6969 3988 6969 3989 6969 3989 6970 3988 6970 3990 6970 3989 6971 3990 6971 3991 6971 3991 6972 3990 6972 3992 6972 3991 6973 3992 6973 3993 6973 3993 6974 3992 6974 3994 6974 3993 6975 3994 6975 3995 6975 3995 6976 3994 6976 3996 6976 3995 6977 3996 6977 3997 6977 3997 6978 3996 6978 3998 6978 3997 6979 3998 6979 3999 6979 3997 6980 3999 6980 4000 6980 4000 6981 3999 6981 4001 6981 4000 6982 4001 6982 4002 6982 4002 6983 4001 6983 4003 6983 4002 6984 4003 6984 4004 6984 4004 6985 4003 6985 4005 6985 4004 6986 4005 6986 4006 6986 4006 6987 4005 6987 4007 6987 4006 6988 4007 6988 4008 6988 4008 6989 4007 6989 4009 6989 4008 6990 4009 6990 4010 6990 4010 6991 4009 6991 4011 6991 4010 6992 4011 6992 4012 6992 4012 6993 4011 6993 4013 6993 4012 6994 4013 6994 3928 6994 3928 6995 4013 6995 3929 6995 3891 6996 3929 6996 3892 6996 3892 6997 3929 6997 4013 6997 3892 6998 4013 6998 3927 6998 3927 6999 4013 6999 4011 6999 3927 7000 4011 7000 4009 7000 3927 7001 4009 7001 3926 7001 3926 7002 4009 7002 4007 7002 3926 7003 4007 7003 3925 7003 3925 7004 4007 7004 4005 7004 3925 7005 4005 7005 3924 7005 3924 7006 4005 7006 4003 7006 3924 7007 4003 7007 3923 7007 3923 7008 4003 7008 4001 7008 3923 7009 4001 7009 3922 7009 3922 7010 4001 7010 3999 7010 3922 7011 3999 7011 3921 7011 3921 7012 3999 7012 3998 7012 3921 7013 3998 7013 3920 7013 3920 7014 3998 7014 3996 7014 3920 7015 3996 7015 3919 7015 3919 7016 3996 7016 3994 7016 3919 7017 3994 7017 3992 7017 3919 7018 3992 7018 3918 7018 3918 7019 3992 7019 3990 7019 3918 7020 3990 7020 3917 7020 3917 7021 3990 7021 3988 7021 3917 7022 3988 7022 3986 7022 3917 7023 3986 7023 3916 7023 3916 7024 3986 7024 3984 7024 3916 7025 3984 7025 3915 7025 3915 7026 3984 7026 3982 7026 3915 7027 3982 7027 3914 7027 3914 7028 3982 7028 3981 7028 3914 7029 3981 7029 3979 7029 3914 7030 3979 7030 3913 7030 3913 7031 3979 7031 3978 7031 3913 7032 3978 7032 3912 7032 3912 7033 3978 7033 3976 7033 3912 7034 3976 7034 3911 7034 3911 7035 3976 7035 3974 7035 3911 7036 3974 7036 3910 7036 3910 7037 3974 7037 3972 7037 3910 7038 3972 7038 3909 7038 3909 7039 3972 7039 3970 7039 3909 7040 3970 7040 3908 7040 3908 7041 3970 7041 3968 7041 3908 7042 3968 7042 3967 7042 3908 7043 3967 7043 3907 7043 3907 7044 3967 7044 3965 7044 3907 7045 3965 7045 3906 7045 3906 6946 3965 6946 3963 6946 3906 7046 3963 7046 3905 7046 3905 7047 3963 7047 3961 7047 3905 7048 3961 7048 3904 7048 3904 7049 3961 7049 3960 7049 3904 7050 3960 7050 3958 7050 3904 7051 3958 7051 3903 7051 3903 6938 3958 6938 3956 6938 3903 7052 3956 7052 3902 7052 3902 7052 3956 7052 3954 7052 3902 7053 3954 7053 3901 7053 3901 7054 3954 7054 3952 7054 3901 7055 3952 7055 3950 7055 3901 7056 3950 7056 3900 7056 3900 7057 3950 7057 3949 7057 3900 7058 3949 7058 3899 7058 3899 7059 3949 7059 3947 7059 3899 7060 3947 7060 3898 7060 3898 7061 3947 7061 3945 7061 3898 7062 3945 7062 3943 7062 3898 7063 3943 7063 3897 7063 3897 7064 3943 7064 3941 7064 3897 7065 3941 7065 3896 7065 3896 7066 3941 7066 3939 7066 3896 7067 3939 7067 3895 7067 3895 7068 3939 7068 3937 7068 3895 7069 3937 7069 3894 7069 3894 7070 3937 7070 3936 7070 3894 7071 3936 7071 3893 7071 3893 7072 3936 7072 3934 7072 3893 7073 3934 7073 3932 7073 3893 7074 3932 7074 3891 7074 3891 7075 3932 7075 3931 7075 3891 7076 3931 7076 3929 7076 4014 744 4015 744 4016 744 4016 744 4015 744 4017 744 4016 744 4017 744 4018 744 4017 7077 4019 7077 4018 7077 4018 744 4019 744 4020 744 4020 744 4019 744 4021 744 4020 744 4021 744 4022 744 4022 744 4021 744 4023 744 4022 7078 4023 7078 4024 7078 4024 744 4023 744 4025 744 4024 744 4025 744 4026 744 4026 744 4025 744 4027 744 4027 744 4025 744 4028 744 4027 7079 4028 7079 4029 7079 4029 7080 4028 7080 4030 7080 4029 744 4030 744 4031 744 4031 7081 4030 7081 4032 7081 4031 7082 4032 7082 4033 7082 4033 744 4032 744 4034 744 4033 7083 4034 7083 4035 7083 4035 7084 4034 7084 4036 7084 4035 744 4036 744 4015 744 4035 744 4015 744 4014 744 3928 7085 4015 7085 4012 7085 4012 7086 4015 7086 4036 7086 4012 7087 4036 7087 4010 7087 4010 7088 4036 7088 4008 7088 4008 7089 4036 7089 4006 7089 4006 7090 4036 7090 4034 7090 4006 7091 4034 7091 4004 7091 4004 7092 4034 7092 4002 7092 4002 7093 4034 7093 4000 7093 4000 7094 4034 7094 3997 7094 3997 7095 4034 7095 4032 7095 3997 7096 4032 7096 3995 7096 3995 7097 4032 7097 3993 7097 3993 7098 4032 7098 3991 7098 3991 7099 4032 7099 3989 7099 3989 7100 4032 7100 4030 7100 3989 7101 4030 7101 3987 7101 3987 7102 4030 7102 3985 7102 3985 7103 4030 7103 3983 7103 3983 7104 4030 7104 4028 7104 3983 7105 4028 7105 3980 7105 3980 7106 4028 7106 3977 7106 3977 7107 4028 7107 3975 7107 3975 7108 4028 7108 3973 7108 3973 7109 4028 7109 4025 7109 3973 7110 4025 7110 3971 7110 3971 7111 4025 7111 3969 7111 3969 7112 4025 7112 3966 7112 3966 7113 4025 7113 4023 7113 3966 7114 4023 7114 3964 7114 3964 7115 4023 7115 3962 7115 3962 7116 4023 7116 3959 7116 3959 7117 4023 7117 3957 7117 3957 7118 4023 7118 4021 7118 3957 7119 4021 7119 3955 7119 3955 7120 4021 7120 3953 7120 3953 7121 4021 7121 3951 7121 3951 7122 4021 7122 3948 7122 3948 7123 4021 7123 4019 7123 3948 7124 4019 7124 3946 7124 3946 7125 4019 7125 3944 7125 3944 7126 4019 7126 3942 7126 3942 7127 4019 7127 4017 7127 3942 7128 4017 7128 3940 7128 3940 7129 4017 7129 3938 7129 3938 7130 4017 7130 3935 7130 3935 7131 4017 7131 3933 7131 3933 7132 4017 7132 4015 7132 3933 7133 4015 7133 3930 7133 3930 7134 4015 7134 3928 7134 4029 7135 4031 7135 4037 7135 4037 7135 4031 7135 4038 7135 4027 7136 4029 7136 4039 7136 4039 7137 4029 7137 4037 7137 4026 7138 4027 7138 4040 7138 4040 7139 4027 7139 4039 7139 4024 7140 4026 7140 4041 7140 4041 7141 4026 7141 4040 7141 4022 7142 4024 7142 4042 7142 4042 7143 4024 7143 4041 7143 4020 7144 4022 7144 4043 7144 4043 7145 4022 7145 4042 7145 4018 7146 4020 7146 4044 7146 4044 7147 4020 7147 4043 7147 4016 7148 4018 7148 4045 7148 4045 7149 4018 7149 4044 7149 4014 7150 4016 7150 4046 7150 4046 7151 4016 7151 4045 7151 4035 7152 4014 7152 4047 7152 4047 7153 4014 7153 4046 7153 4033 7154 4035 7154 4048 7154 4048 7155 4035 7155 4047 7155 4031 7156 4033 7156 4038 7156 4038 7157 4033 7157 4048 7157 4038 7158 4048 7158 4037 7158 4037 744 4048 744 4042 744 4037 744 4042 744 4040 744 4040 744 4042 744 4041 744 4047 744 4046 744 4048 744 4048 744 4046 744 4044 744 4048 744 4044 744 4042 744 4042 7159 4044 7159 4043 7159 4046 744 4045 744 4044 744 4040 744 4039 744 4037 744 4049 7160 4050 7160 4051 7160 4052 7161 4053 7161 4054 7161 4054 7162 4053 7162 4055 7162 4054 7163 4055 7163 4056 7163 4057 7164 4058 7164 4059 7164 4057 7165 4059 7165 4060 7165 4057 7166 4060 7166 4061 7166 4062 7167 4063 7167 4064 7167 4062 7168 4064 7168 4065 7168 4062 7169 4065 7169 4066 7169 4067 7170 4068 7170 4069 7170 4069 7171 4068 7171 4070 7171 4069 7172 4070 7172 4071 7172 4071 7173 4070 7173 4072 7173 4071 7174 4072 7174 4073 7174 4071 7175 4073 7175 4074 7175 4075 7176 4076 7176 4077 7176 4075 7177 4077 7177 4078 7177 4075 7178 4078 7178 4079 7178 4080 7179 4081 7179 4082 7179 4080 7180 4082 7180 4083 7180 4080 7181 4083 7181 4084 7181 4085 7182 4086 7182 4087 7182 4085 7183 4087 7183 4088 7183 4085 7184 4088 7184 4089 7184 4090 7185 4089 7185 4091 7185 4090 7186 4091 7186 4092 7186 4090 7187 4092 7187 4093 7187 4093 7188 4092 7188 4094 7188 4093 7189 4094 7189 4095 7189 4095 7190 4094 7190 4096 7190 4095 7191 4096 7191 4097 7191 4095 7192 4097 7192 4098 7192 4099 7193 4098 7193 4100 7193 4099 7194 4100 7194 4101 7194 4099 7195 4101 7195 4102 7195 4102 7196 4101 7196 4103 7196 4102 7197 4103 7197 4104 7197 4104 7198 4103 7198 4105 7198 4104 7199 4105 7199 4106 7199 4107 7200 4108 7200 4109 7200 4107 7201 4109 7201 4110 7201 4107 7202 4110 7202 4111 7202 4112 7203 4111 7203 4113 7203 4112 7204 4113 7204 4114 7204 4112 7205 4114 7205 4115 7205 4115 7206 4114 7206 4116 7206 4115 7207 4116 7207 4117 7207 4117 7208 4116 7208 4118 7208 4117 7209 4118 7209 4119 7209 4117 7210 4119 7210 4120 7210 4121 7211 4122 7211 4123 7211 4123 7212 4122 7212 4124 7212 4123 7213 4124 7213 4125 7213 4125 7214 4124 7214 4126 7214 4125 7215 4126 7215 4127 7215 4128 7216 4129 7216 4130 7216 4128 7217 4130 7217 4131 7217 4128 7218 4131 7218 4132 7218 4133 7219 4132 7219 4134 7219 4133 7220 4134 7220 4135 7220 4133 7221 4135 7221 4136 7221 4136 7222 4135 7222 4137 7222 4136 7223 4137 7223 4138 7223 4138 7224 4137 7224 4139 7224 4138 7225 4139 7225 4140 7225 4138 7226 4140 7226 4049 7226 4049 7227 4140 7227 4141 7227 4049 7228 4141 7228 4050 7228 4142 7229 4143 7229 4144 7229 4144 7230 4143 7230 4145 7230 4144 7231 4145 7231 4146 7231 4146 7232 4145 7232 4147 7232 4146 7233 4147 7233 4084 7233 4146 7234 4084 7234 4148 7234 4148 7235 4084 7235 4083 7235 4148 7236 4083 7236 4149 7236 4149 7237 4083 7237 4082 7237 4149 7238 4082 7238 4081 7238 4149 7239 4081 7239 4150 7239 4150 7240 4081 7240 4151 7240 4150 7241 4151 7241 4152 7241 4152 7242 4151 7242 4079 7242 4152 7243 4079 7243 4078 7243 4152 7244 4078 7244 4153 7244 4153 7245 4078 7245 4077 7245 4153 7246 4077 7246 4154 7246 4154 7247 4077 7247 4076 7247 4154 7248 4076 7248 4155 7248 4154 7249 4155 7249 4156 7249 4156 7250 4155 7250 4157 7250 4156 7251 4157 7251 4158 7251 4156 7252 4158 7252 4159 7252 4159 7253 4158 7253 4160 7253 4159 7254 4160 7254 4161 7254 4161 7255 4160 7255 4162 7255 4161 7256 4162 7256 4163 7256 4161 7257 4163 7257 4164 7257 4164 7258 4163 7258 4074 7258 4164 7259 4074 7259 4073 7259 4164 7260 4073 7260 4165 7260 4165 7261 4073 7261 4072 7261 4165 7262 4072 7262 4070 7262 4165 7263 4070 7263 4166 7263 4166 7264 4070 7264 4068 7264 4166 7265 4068 7265 4167 7265 4167 7266 4068 7266 4067 7266 4167 7267 4067 7267 4168 7267 4167 7268 4168 7268 4169 7268 4169 7269 4168 7269 4066 7269 4169 7270 4066 7270 4170 7270 4170 7271 4066 7271 4065 7271 4170 7272 4065 7272 4064 7272 4170 7273 4064 7273 4171 7273 4171 7274 4064 7274 4063 7274 4171 7275 4063 7275 4172 7275 4171 7276 4172 7276 4173 7276 4173 7277 4172 7277 4174 7277 4173 7278 4174 7278 4175 7278 4175 7279 4174 7279 4176 7279 4175 7280 4176 7280 4177 7280 4177 7281 4176 7281 4178 7281 4177 7282 4178 7282 4179 7282 4177 7283 4179 7283 4180 7283 4180 7284 4179 7284 4061 7284 4180 7285 4061 7285 4060 7285 4180 7286 4060 7286 4181 7286 4181 7287 4060 7287 4059 7287 4181 7288 4059 7288 4182 7288 4182 7289 4059 7289 4058 7289 4182 7290 4058 7290 4183 7290 4183 7291 4058 7291 4184 7291 4183 7292 4184 7292 4185 7292 4185 7293 4184 7293 4186 7293 4185 7294 4186 7294 4187 7294 4187 7295 4186 7295 4056 7295 4187 7296 4056 7296 4055 7296 4187 7297 4055 7297 4188 7297 4188 7298 4055 7298 4053 7298 4188 7299 4053 7299 4189 7299 4189 7300 4053 7300 4052 7300 4189 7301 4052 7301 4190 7301 4189 7302 4190 7302 4191 7302 4191 7303 4190 7303 4192 7303 4191 7304 4192 7304 4193 7304 4191 7305 4193 7305 4194 7305 4194 7306 4193 7306 4051 7306 4194 7307 4051 7307 4050 7307 4194 7308 4050 7308 4195 7308 4195 7309 4050 7309 4141 7309 4195 7310 4141 7310 4196 7310 4196 7311 4141 7311 4140 7311 4196 7312 4140 7312 4139 7312 4196 7313 4139 7313 4197 7313 4197 7314 4139 7314 4137 7314 4197 7315 4137 7315 4198 7315 4198 7316 4137 7316 4135 7316 4198 7317 4135 7317 4134 7317 4198 7318 4134 7318 4199 7318 4199 7319 4134 7319 4132 7319 4199 7320 4132 7320 4200 7320 4200 7321 4132 7321 4131 7321 4200 7322 4131 7322 4130 7322 4200 7323 4130 7323 4201 7323 4201 7324 4130 7324 4129 7324 4201 7325 4129 7325 4127 7325 4201 7326 4127 7326 4202 7326 4202 7327 4127 7327 4126 7327 4202 7328 4126 7328 4203 7328 4203 7329 4126 7329 4124 7329 4203 7330 4124 7330 4122 7330 4203 7331 4122 7331 4204 7331 4204 7332 4122 7332 4121 7332 4204 7333 4121 7333 4120 7333 4204 7334 4120 7334 4205 7334 4205 7335 4120 7335 4119 7335 4205 7336 4119 7336 4118 7336 4205 7337 4118 7337 4206 7337 4206 7338 4118 7338 4116 7338 4206 7339 4116 7339 4207 7339 4207 7340 4116 7340 4114 7340 4207 7341 4114 7341 4113 7341 4207 7342 4113 7342 4208 7342 4208 7343 4113 7343 4111 7343 4208 7344 4111 7344 4110 7344 4208 7345 4110 7345 4209 7345 4209 7346 4110 7346 4109 7346 4209 7347 4109 7347 4108 7347 4209 7348 4108 7348 4210 7348 4210 7349 4108 7349 4211 7349 4210 7350 4211 7350 4212 7350 4212 7351 4211 7351 4213 7351 4212 7352 4213 7352 4214 7352 4214 7353 4213 7353 4106 7353 4214 7354 4106 7354 4105 7354 4214 7355 4105 7355 4215 7355 4215 7356 4105 7356 4103 7356 4215 7357 4103 7357 4101 7357 4215 7358 4101 7358 4216 7358 4216 7359 4101 7359 4100 7359 4216 7360 4100 7360 4217 7360 4217 7361 4100 7361 4098 7361 4217 7362 4098 7362 4097 7362 4217 7363 4097 7363 4218 7363 4218 7364 4097 7364 4096 7364 4218 7365 4096 7365 4094 7365 4218 7366 4094 7366 4219 7366 4219 7367 4094 7367 4092 7367 4219 7368 4092 7368 4091 7368 4219 7369 4091 7369 4220 7369 4220 7370 4091 7370 4089 7370 4220 7371 4089 7371 4221 7371 4221 7372 4089 7372 4088 7372 4221 7373 4088 7373 4087 7373 4221 7374 4087 7374 4222 7374 4222 7375 4087 7375 4086 7375 4222 7376 4086 7376 4223 7376 4222 7377 4223 7377 4142 7377 4142 7378 4223 7378 4143 7378 4224 7379 4191 7379 4194 7379 4191 7380 4224 7380 4225 7380 4191 7381 4225 7381 4189 7381 4189 7382 4225 7382 4188 7382 4188 7383 4225 7383 4226 7383 4188 7384 4226 7384 4187 7384 4187 7385 4226 7385 4185 7385 4185 7386 4226 7386 4183 7386 4183 7387 4226 7387 4182 7387 4182 7388 4226 7388 4227 7388 4182 7389 4227 7389 4181 7389 4181 7390 4227 7390 4180 7390 4180 7391 4227 7391 4228 7391 4180 7392 4228 7392 4177 7392 4177 7393 4228 7393 4175 7393 4175 7394 4228 7394 4173 7394 4173 7395 4228 7395 4171 7395 4171 7396 4228 7396 4170 7396 4170 7397 4228 7397 4169 7397 4169 7398 4228 7398 4229 7398 4169 7399 4229 7399 4167 7399 4167 7400 4229 7400 4166 7400 4166 7401 4229 7401 4165 7401 4165 7402 4229 7402 4230 7402 4165 7403 4230 7403 4164 7403 4164 7404 4230 7404 4161 7404 4161 7405 4230 7405 4159 7405 4159 7406 4230 7406 4156 7406 4156 7407 4230 7407 4231 7407 4156 7408 4231 7408 4154 7408 4154 7409 4231 7409 4153 7409 4153 7410 4231 7410 4152 7410 4152 7411 4231 7411 4232 7411 4152 7412 4232 7412 4150 7412 4150 7413 4232 7413 4149 7413 4149 7414 4232 7414 4148 7414 4148 7415 4232 7415 4233 7415 4148 7416 4233 7416 4146 7416 4146 7417 4233 7417 4144 7417 4144 7418 4233 7418 4142 7418 4142 7419 4233 7419 4222 7419 4222 7420 4233 7420 4221 7420 4221 7421 4233 7421 4234 7421 4221 7422 4234 7422 4220 7422 4220 7423 4234 7423 4219 7423 4219 7424 4234 7424 4218 7424 4218 7425 4234 7425 4235 7425 4218 7426 4235 7426 4217 7426 4217 7427 4235 7427 4216 7427 4216 7428 4235 7428 4215 7428 4215 7429 4235 7429 4214 7429 4214 7430 4235 7430 4236 7430 4214 7431 4236 7431 4212 7431 4212 7432 4236 7432 4210 7432 4210 7433 4236 7433 4209 7433 4209 7434 4236 7434 4208 7434 4208 7435 4236 7435 4237 7435 4208 7436 4237 7436 4207 7436 4207 7437 4237 7437 4206 7437 4206 7438 4237 7438 4238 7438 4206 7439 4238 7439 4205 7439 4205 7440 4238 7440 4239 7440 4205 7441 4239 7441 4204 7441 4204 7442 4239 7442 4203 7442 4203 7443 4239 7443 4202 7443 4202 7444 4239 7444 4201 7444 4201 7445 4239 7445 4240 7445 4201 7446 4240 7446 4200 7446 4200 7447 4240 7447 4199 7447 4199 7448 4240 7448 4198 7448 4198 7449 4240 7449 4197 7449 4197 7450 4240 7450 4224 7450 4197 7451 4224 7451 4196 7451 4196 7452 4224 7452 4195 7452 4195 7453 4224 7453 4194 7453 4193 7454 4241 7454 4051 7454 4051 7455 4241 7455 4049 7455 4049 7456 4241 7456 4242 7456 4049 7457 4242 7457 4138 7457 4138 7458 4242 7458 4136 7458 4136 7459 4242 7459 4243 7459 4136 7460 4243 7460 4133 7460 4133 7461 4243 7461 4132 7461 4132 7462 4243 7462 4128 7462 4128 7463 4243 7463 4244 7463 4128 7464 4244 7464 4129 7464 4129 7465 4244 7465 4127 7465 4127 7466 4244 7466 4125 7466 4125 7467 4244 7467 4123 7467 4123 7468 4244 7468 4245 7468 4123 7469 4245 7469 4121 7469 4121 7470 4245 7470 4120 7470 4120 7471 4245 7471 4246 7471 4120 7472 4246 7472 4117 7472 4117 7473 4246 7473 4115 7473 4115 7474 4246 7474 4247 7474 4115 7475 4247 7475 4112 7475 4112 7476 4247 7476 4111 7476 4111 7477 4247 7477 4107 7477 4107 7478 4247 7478 4248 7478 4107 7479 4248 7479 4108 7479 4108 7480 4248 7480 4211 7480 4211 7481 4248 7481 4213 7481 4213 7482 4248 7482 4249 7482 4213 7483 4249 7483 4106 7483 4106 7484 4249 7484 4250 7484 4106 7485 4250 7485 4104 7485 4104 7486 4250 7486 4102 7486 4102 7487 4250 7487 4099 7487 4099 7488 4250 7488 4098 7488 4098 7489 4250 7489 4251 7489 4098 7490 4251 7490 4095 7490 4095 7491 4251 7491 4093 7491 4093 7492 4251 7492 4090 7492 4090 7493 4251 7493 4252 7493 4090 7494 4252 7494 4089 7494 4089 7495 4252 7495 4085 7495 4085 7496 4252 7496 4086 7496 4086 7497 4252 7497 4253 7497 4086 7498 4253 7498 4223 7498 4223 7499 4253 7499 4143 7499 4143 7500 4253 7500 4145 7500 4145 7501 4253 7501 4254 7501 4145 7502 4254 7502 4147 7502 4147 7503 4254 7503 4084 7503 4084 7504 4254 7504 4255 7504 4084 7505 4255 7505 4080 7505 4080 7506 4255 7506 4081 7506 4081 7507 4255 7507 4256 7507 4081 7508 4256 7508 4151 7508 4151 7509 4256 7509 4079 7509 4079 7510 4256 7510 4075 7510 4075 7511 4256 7511 4257 7511 4075 7512 4257 7512 4076 7512 4076 7513 4257 7513 4155 7513 4155 7514 4257 7514 4157 7514 4157 7515 4257 7515 4258 7515 4157 7516 4258 7516 4158 7516 4158 7517 4258 7517 4160 7517 4160 7518 4258 7518 4162 7518 4162 7519 4258 7519 4259 7519 4162 7520 4259 7520 4163 7520 4163 7521 4259 7521 4074 7521 4074 7522 4259 7522 4071 7522 4071 7523 4259 7523 4260 7523 4071 7524 4260 7524 4069 7524 4069 7525 4260 7525 4067 7525 4067 7526 4260 7526 4168 7526 4168 7527 4260 7527 4066 7527 4066 7528 4260 7528 4261 7528 4066 7529 4261 7529 4062 7529 4062 7530 4261 7530 4063 7530 4063 7531 4261 7531 4262 7531 4063 7532 4262 7532 4172 7532 4172 7533 4262 7533 4174 7533 4174 7534 4262 7534 4176 7534 4176 7535 4262 7535 4263 7535 4176 7536 4263 7536 4178 7536 4178 7537 4263 7537 4179 7537 4179 7538 4263 7538 4061 7538 4061 7539 4263 7539 4264 7539 4061 7540 4264 7540 4057 7540 4057 7541 4264 7541 4058 7541 4058 7542 4264 7542 4265 7542 4058 7543 4265 7543 4184 7543 4184 7544 4265 7544 4186 7544 4186 7545 4265 7545 4056 7545 4056 7546 4265 7546 4266 7546 4056 7547 4266 7547 4054 7547 4054 7548 4266 7548 4052 7548 4052 7549 4266 7549 4267 7549 4052 7550 4267 7550 4190 7550 4190 7551 4267 7551 4192 7551 4192 7552 4267 7552 4193 7552 4193 7553 4267 7553 4241 7553 4255 7554 4254 7554 4268 7554 4255 7555 4268 7555 4256 7555 4256 7556 4268 7556 4257 7556 4257 7557 4268 7557 4269 7557 4257 7558 4269 7558 4258 7558 4258 7559 4269 7559 4259 7559 4259 7560 4269 7560 4260 7560 4260 7561 4269 7561 4261 7561 4262 7562 4270 7562 4263 7562 4263 7563 4270 7563 4264 7563 4264 7564 4270 7564 4265 7564 4266 7565 4265 7565 4271 7565 4266 7566 4271 7566 4267 7566 4267 7567 4271 7567 4241 7567 4242 7568 4241 7568 4272 7568 4242 7569 4272 7569 4243 7569 4243 7570 4272 7570 4244 7570 4244 7571 4272 7571 4273 7571 4244 7572 4273 7572 4245 7572 4245 7573 4273 7573 4274 7573 4245 7574 4274 7574 4246 7574 4246 7575 4274 7575 4247 7575 4247 7576 4274 7576 4248 7576 4248 7577 4274 7577 4275 7577 4248 7578 4275 7578 4249 7578 4249 7579 4275 7579 4250 7579 4250 7580 4275 7580 4251 7580 4251 7581 4275 7581 4276 7581 4251 7582 4276 7582 4252 7582 4252 7583 4276 7583 4253 7583 4253 7584 4276 7584 4254 7584 4277 7585 4272 7585 4271 7585 4277 7586 4271 7586 4270 7586 4272 7587 4277 7587 4273 7587 4273 7588 4277 7588 4274 7588 4274 7589 4277 7589 4275 7589 4275 7590 4277 7590 4276 7590 4276 7591 4277 7591 4268 7591 4268 7592 4277 7592 4269 7592 4269 7593 4277 7593 4270 7593 4268 7594 4254 7594 4276 7594 4272 7595 4241 7595 4271 7595 4270 7596 4271 7596 4265 7596 4270 7597 4262 7597 4261 7597 4269 7598 4270 7598 4261 7598 4278 7599 4279 7599 4280 7599 4226 7600 4225 7600 4227 7600 4230 7601 4280 7601 4231 7601 4279 7602 4278 7602 4235 7602 4236 7603 4238 7603 4237 7603 4235 7604 4238 7604 4236 7604 4235 7605 4278 7605 4238 7605 4238 7606 4278 7606 4239 7606 4239 7607 4278 7607 4240 7607 4240 7608 4278 7608 4224 7608 4224 7609 4278 7609 4225 7609 4225 7610 4278 7610 4227 7610 4227 7611 4229 7611 4228 7611 4227 7612 4278 7612 4229 7612 4229 7613 4278 7613 4280 7613 4279 7614 4235 7614 4234 7614 4234 7615 4233 7615 4279 7615 4233 7616 4232 7616 4279 7616 4279 7617 4232 7617 4280 7617 4232 7618 4231 7618 4280 7618 4229 7619 4280 7619 4230 7619 4281 7620 4282 7620 4283 7620 4283 7621 4282 7621 4284 7621 4283 7622 4284 7622 4285 7622 4285 7623 4284 7623 4286 7623 4285 120 4286 120 4287 120 4287 7624 4286 7624 4288 7624 4287 120 4288 120 4289 120 4289 7625 4288 7625 4290 7625 4290 120 4288 120 4291 120 4291 7626 4288 7626 4292 7626 4291 120 4292 120 4293 120 4293 7627 4292 7627 4294 7627 4293 7628 4294 7628 4295 7628 4295 7629 4296 7629 4293 7629 4293 120 4296 120 4297 120 4297 120 4298 120 4293 120 4293 120 4298 120 4299 120 4299 7630 4298 7630 4300 7630 4299 7631 4300 7631 4301 7631 4299 120 4301 120 4302 120 4302 7632 4301 7632 4303 7632 4302 120 4303 120 4304 120 4304 7633 4303 7633 4305 7633 4304 7634 4305 7634 4306 7634 4304 120 4306 120 4307 120 4307 7635 4306 7635 4308 7635 4307 120 4308 120 4309 120 4307 7636 4309 7636 4310 7636 4310 120 4309 120 4311 120 4310 7637 4311 7637 4312 7637 4310 7638 4312 7638 4313 7638 4313 7639 4312 7639 4314 7639 4313 7640 4314 7640 4315 7640 4315 7641 4314 7641 4316 7641 4315 120 4316 120 4317 120 4317 7642 4316 7642 4318 7642 4317 7643 4318 7643 4319 7643 4318 7644 4316 7644 4320 7644 4320 120 4316 120 4321 120 4320 120 4321 120 4322 120 4322 120 4321 120 4323 120 4322 7645 4323 7645 4324 7645 4317 7646 4319 7646 4325 7646 4317 7647 4325 7647 4326 7647 4327 120 4328 120 4326 120 4326 7648 4328 7648 4329 7648 4328 120 4327 120 4330 120 4330 7649 4327 7649 4282 7649 4330 120 4282 120 4281 120 4326 7650 4329 7650 4317 7650 4331 772 4332 772 4333 772 4333 7651 4332 7651 4334 7651 4333 7652 4334 7652 4335 7652 4335 7653 4334 7653 4336 7653 4335 7654 4336 7654 4337 7654 4337 772 4336 772 4338 772 4338 7655 4336 7655 4339 7655 4338 772 4339 772 4340 772 4340 7656 4339 7656 4341 7656 4341 772 4342 772 4340 772 4340 7657 4342 7657 4343 7657 4340 7658 4343 7658 4344 7658 4344 7659 4343 7659 4345 7659 4345 7660 4343 7660 4346 7660 4345 7661 4346 7661 4347 7661 4347 7662 4346 7662 4348 7662 4347 772 4348 772 4349 772 4349 7663 4348 7663 4324 7663 4344 7664 4350 7664 4340 7664 4351 7665 4352 7665 4344 7665 4352 7666 4351 7666 4353 7666 4352 772 4353 772 4354 772 4354 772 4353 772 4355 772 4354 772 4355 772 4356 772 4356 772 4355 772 4357 772 4356 7667 4357 7667 4358 7667 4356 7668 4358 7668 4359 7668 4359 7669 4358 7669 4360 7669 4359 7670 4360 7670 4361 7670 4359 772 4361 772 4362 772 4362 7671 4361 7671 4363 7671 4362 7672 4363 7672 4364 7672 4362 772 4364 772 4365 772 4365 7673 4364 7673 4366 7673 4365 7674 4366 7674 4367 7674 4365 772 4367 772 4368 772 4368 7675 4367 7675 4369 7675 4368 7676 4369 7676 4370 7676 4370 7677 4369 7677 4371 7677 4371 7678 4372 7678 4370 7678 4372 7679 4373 7679 4370 7679 4370 772 4373 772 4374 772 4374 772 4375 772 4370 772 4370 772 4375 772 4376 772 4376 7680 4375 7680 4377 7680 4376 7681 4377 7681 4378 7681 4378 7682 4377 7682 4379 7682 4379 7683 4377 7683 4380 7683 4380 772 4377 772 4381 772 4380 772 4381 772 4382 772 4382 772 4381 772 4383 772 4383 7684 4381 7684 4384 7684 4383 772 4384 772 4331 772 4331 772 4384 772 4332 772 4352 7685 4350 7685 4344 7685 4282 7686 4332 7686 4384 7686 4282 7687 4384 7687 4284 7687 4284 7688 4384 7688 4381 7688 4284 7689 4381 7689 4286 7689 4286 7690 4381 7690 4288 7690 4288 7691 4381 7691 4377 7691 4288 7692 4377 7692 4292 7692 4292 7693 4377 7693 4375 7693 4292 7694 4375 7694 4294 7694 4294 7695 4375 7695 4374 7695 4294 7696 4374 7696 4295 7696 4295 7697 4374 7697 4373 7697 4295 7698 4373 7698 4296 7698 4296 7699 4373 7699 4372 7699 4296 7700 4372 7700 4297 7700 4297 7701 4372 7701 4371 7701 4297 7702 4371 7702 4298 7702 4298 7703 4371 7703 4369 7703 4298 7704 4369 7704 4367 7704 4298 7705 4367 7705 4300 7705 4300 7706 4367 7706 4366 7706 4300 7707 4366 7707 4301 7707 4301 7708 4366 7708 4364 7708 4301 7709 4364 7709 4303 7709 4303 7710 4364 7710 4363 7710 4303 7711 4363 7711 4305 7711 4305 7712 4363 7712 4361 7712 4305 7713 4361 7713 4306 7713 4306 7714 4361 7714 4360 7714 4306 7715 4360 7715 4308 7715 4308 7716 4360 7716 4358 7716 4308 7717 4358 7717 4309 7717 4309 7718 4358 7718 4357 7718 4309 7719 4357 7719 4311 7719 4311 7720 4357 7720 4355 7720 4311 7721 4355 7721 4312 7721 4312 7722 4355 7722 4353 7722 4312 7723 4353 7723 4351 7723 4312 7724 4351 7724 4314 7724 4314 7725 4351 7725 4344 7725 4314 7726 4344 7726 4316 7726 4316 7727 4344 7727 4345 7727 4316 7728 4345 7728 4321 7728 4321 7729 4345 7729 4347 7729 4321 7730 4347 7730 4323 7730 4323 7731 4347 7731 4349 7731 4323 7732 4349 7732 4324 7732 4324 7733 4348 7733 4322 7733 4322 7734 4348 7734 4346 7734 4322 7735 4346 7735 4320 7735 4320 7736 4346 7736 4343 7736 4320 7737 4343 7737 4318 7737 4318 7738 4343 7738 4319 7738 4319 7739 4343 7739 4342 7739 4319 7740 4342 7740 4325 7740 4325 7741 4342 7741 4341 7741 4325 7742 4341 7742 4326 7742 4326 7743 4341 7743 4339 7743 4326 7744 4339 7744 4336 7744 4326 7745 4336 7745 4327 7745 4327 7746 4336 7746 4334 7746 4327 7747 4334 7747 4282 7747 4282 7748 4334 7748 4332 7748 4281 7749 4331 7749 4333 7749 4281 7750 4333 7750 4330 7750 4330 7751 4333 7751 4335 7751 4330 7752 4335 7752 4328 7752 4328 7753 4335 7753 4337 7753 4328 7754 4337 7754 4329 7754 4329 7755 4337 7755 4338 7755 4329 7756 4338 7756 4317 7756 4317 7757 4338 7757 4340 7757 4317 7758 4340 7758 4315 7758 4315 7759 4340 7759 4350 7759 4315 7760 4350 7760 4352 7760 4315 7761 4352 7761 4313 7761 4313 7762 4352 7762 4354 7762 4313 7763 4354 7763 4310 7763 4310 7764 4354 7764 4356 7764 4310 7765 4356 7765 4307 7765 4307 7766 4356 7766 4359 7766 4307 7767 4359 7767 4304 7767 4304 7768 4359 7768 4362 7768 4304 7769 4362 7769 4302 7769 4302 7770 4362 7770 4365 7770 4302 7771 4365 7771 4299 7771 4299 7772 4365 7772 4368 7772 4299 7773 4368 7773 4293 7773 4293 7774 4368 7774 4370 7774 4293 7775 4370 7775 4291 7775 4291 7776 4370 7776 4376 7776 4291 7777 4376 7777 4290 7777 4290 7778 4376 7778 4378 7778 4290 7779 4378 7779 4289 7779 4289 7780 4378 7780 4379 7780 4289 7781 4379 7781 4380 7781 4289 7782 4380 7782 4287 7782 4287 7783 4380 7783 4382 7783 4287 7784 4382 7784 4285 7784 4285 7785 4382 7785 4383 7785 4285 7786 4383 7786 4283 7786 4283 7787 4383 7787 4331 7787 4283 7788 4331 7788 4281 7788 4385 772 4386 772 4387 772 4386 7789 4385 7789 4388 7789 4388 772 4385 772 4389 772 4388 7790 4389 7790 4390 7790 4388 772 4390 772 4391 772 4391 772 4390 772 4392 772 4392 7791 4390 7791 4393 7791 4392 7792 4393 7792 4394 7792 4394 772 4393 772 4395 772 4394 7793 4395 7793 4396 7793 4394 7794 4396 7794 4397 7794 4394 7795 4397 7795 4398 7795 4394 7796 4398 7796 4399 7796 4394 772 4399 772 4400 772 4400 7797 4399 7797 4401 7797 4400 7798 4401 7798 4402 7798 4400 772 4402 772 4403 772 4403 7799 4402 7799 4404 7799 4403 772 4404 772 4405 772 4403 772 4405 772 4406 772 4406 772 4405 772 4407 772 4406 7800 4407 7800 4408 7800 4408 7801 4407 7801 4409 7801 4408 7802 4409 7802 4410 7802 4408 772 4410 772 4411 772 4411 772 4410 772 4412 772 4411 7803 4412 7803 4413 7803 4411 7804 4413 7804 4414 7804 4414 7805 4413 7805 4415 7805 4414 772 4415 772 4416 772 4414 772 4416 772 4417 772 4417 7806 4416 7806 4418 7806 4417 7807 4418 7807 4419 7807 4419 7808 4418 7808 4420 7808 4419 772 4420 772 4421 772 4421 772 4420 772 4422 772 4422 7809 4420 7809 4423 7809 4422 7810 4423 7810 4424 7810 4423 7811 4420 7811 4425 7811 4423 772 4425 772 4426 772 4426 772 4425 772 4427 772 4426 7812 4427 7812 4428 7812 4422 772 4424 772 4429 772 4422 7813 4429 7813 4430 7813 4431 772 4432 772 4430 772 4430 772 4432 772 4433 772 4431 7814 4434 7814 4432 7814 4434 7815 4431 7815 4435 7815 4435 7816 4431 7816 4436 7816 4435 772 4436 772 4387 772 4387 7817 4436 7817 4385 7817 4430 7818 4433 7818 4437 7818 4430 7819 4437 7819 4422 7819 4438 7820 4439 7820 4440 7820 4439 7821 4438 7821 4441 7821 4439 7822 4441 7822 4442 7822 4442 120 4441 120 4443 120 4443 120 4441 120 4444 120 4443 120 4444 120 4445 120 4445 7823 4444 7823 4446 7823 4445 120 4446 120 4447 120 4447 120 4446 120 4448 120 4448 120 4446 120 4449 120 4449 7824 4446 7824 4450 7824 4450 7825 4451 7825 4449 7825 4449 120 4451 120 4452 120 4449 7826 4452 7826 4453 7826 4453 7827 4452 7827 4454 7827 4454 120 4452 120 4455 120 4454 120 4455 120 4456 120 4456 7828 4455 7828 4428 7828 4453 7829 4457 7829 4449 7829 4458 120 4459 120 4453 120 4459 120 4458 120 4460 120 4459 120 4460 120 4461 120 4461 120 4460 120 4462 120 4461 120 4462 120 4463 120 4463 7830 4462 7830 4464 7830 4463 120 4464 120 4465 120 4463 120 4465 120 4466 120 4466 120 4465 120 4467 120 4466 120 4467 120 4468 120 4466 7831 4468 7831 4469 7831 4469 120 4468 120 4470 120 4469 120 4470 120 4471 120 4469 120 4471 120 4472 120 4472 120 4471 120 4473 120 4472 120 4473 120 4474 120 4472 120 4474 120 4475 120 4475 120 4474 120 4476 120 4475 7832 4476 7832 4477 7832 4475 7833 4477 7833 4478 7833 4478 7834 4477 7834 4479 7834 4478 120 4479 120 4480 120 4480 7835 4479 7835 4481 7835 4480 7836 4481 7836 4482 7836 4480 7837 4482 7837 4483 7837 4480 7838 4483 7838 4484 7838 4484 120 4485 120 4480 120 4480 7839 4485 7839 4486 7839 4486 120 4485 120 4487 120 4487 120 4485 120 4488 120 4487 120 4488 120 4489 120 4489 120 4488 120 4490 120 4489 120 4490 120 4440 120 4440 7840 4490 7840 4438 7840 4459 7841 4457 7841 4453 7841 4385 7842 4438 7842 4490 7842 4385 7843 4490 7843 4389 7843 4389 7844 4490 7844 4390 7844 4390 7845 4490 7845 4488 7845 4390 7846 4488 7846 4393 7846 4393 7847 4488 7847 4485 7847 4393 7848 4485 7848 4395 7848 4395 7849 4485 7849 4484 7849 4395 7850 4484 7850 4483 7850 4395 7851 4483 7851 4396 7851 4396 7852 4483 7852 4482 7852 4396 7853 4482 7853 4397 7853 4397 7854 4482 7854 4481 7854 4397 7855 4481 7855 4398 7855 4398 7856 4481 7856 4479 7856 4398 7857 4479 7857 4399 7857 4399 7858 4479 7858 4477 7858 4399 7859 4477 7859 4401 7859 4401 7860 4477 7860 4476 7860 4401 7861 4476 7861 4402 7861 4402 7862 4476 7862 4474 7862 4402 7863 4474 7863 4404 7863 4404 7864 4474 7864 4473 7864 4404 7865 4473 7865 4405 7865 4405 7866 4473 7866 4471 7866 4405 7867 4471 7867 4407 7867 4407 7868 4471 7868 4470 7868 4407 7869 4470 7869 4409 7869 4409 7870 4470 7870 4468 7870 4409 7871 4468 7871 4410 7871 4410 7872 4468 7872 4467 7872 4410 7873 4467 7873 4412 7873 4412 7874 4467 7874 4465 7874 4412 7875 4465 7875 4413 7875 4413 7876 4465 7876 4464 7876 4413 7877 4464 7877 4415 7877 4415 7878 4464 7878 4462 7878 4415 7879 4462 7879 4416 7879 4416 7880 4462 7880 4460 7880 4416 7881 4460 7881 4418 7881 4418 7882 4460 7882 4458 7882 4418 7883 4458 7883 4420 7883 4420 7884 4458 7884 4453 7884 4420 7885 4453 7885 4425 7885 4425 7886 4453 7886 4454 7886 4425 7887 4454 7887 4456 7887 4425 7888 4456 7888 4427 7888 4427 7889 4456 7889 4428 7889 4428 7890 4455 7890 4426 7890 4426 7891 4455 7891 4423 7891 4423 7892 4455 7892 4452 7892 4423 7893 4452 7893 4424 7893 4424 7894 4452 7894 4451 7894 4424 7895 4451 7895 4429 7895 4429 7896 4451 7896 4450 7896 4429 7897 4450 7897 4430 7897 4430 7898 4450 7898 4446 7898 4430 7899 4446 7899 4431 7899 4431 7900 4446 7900 4444 7900 4431 7901 4444 7901 4441 7901 4431 7902 4441 7902 4436 7902 4436 7903 4441 7903 4438 7903 4436 7904 4438 7904 4385 7904 4386 7905 4440 7905 4439 7905 4386 7906 4439 7906 4387 7906 4387 7907 4439 7907 4442 7907 4387 7908 4442 7908 4435 7908 4435 7909 4442 7909 4434 7909 4434 7910 4442 7910 4443 7910 4434 7911 4443 7911 4432 7911 4432 7912 4443 7912 4445 7912 4432 7913 4445 7913 4433 7913 4433 7914 4445 7914 4447 7914 4433 7915 4447 7915 4437 7915 4437 7916 4447 7916 4448 7916 4437 7917 4448 7917 4422 7917 4422 7918 4448 7918 4449 7918 4422 7919 4449 7919 4421 7919 4421 7920 4449 7920 4457 7920 4421 7921 4457 7921 4419 7921 4419 7922 4457 7922 4459 7922 4419 7923 4459 7923 4417 7923 4417 7924 4459 7924 4461 7924 4417 7925 4461 7925 4414 7925 4414 7926 4461 7926 4463 7926 4414 7927 4463 7927 4411 7927 4411 7928 4463 7928 4466 7928 4411 7929 4466 7929 4408 7929 4408 7930 4466 7930 4469 7930 4408 7931 4469 7931 4406 7931 4406 7932 4469 7932 4472 7932 4406 7933 4472 7933 4403 7933 4403 7934 4472 7934 4475 7934 4403 7935 4475 7935 4400 7935 4400 7936 4475 7936 4478 7936 4400 7937 4478 7937 4394 7937 4394 7938 4478 7938 4480 7938 4394 7939 4480 7939 4486 7939 4394 7940 4486 7940 4392 7940 4392 7941 4486 7941 4487 7941 4392 7942 4487 7942 4391 7942 4391 7943 4487 7943 4489 7943 4391 7944 4489 7944 4388 7944 4388 7945 4489 7945 4440 7945 4388 7946 4440 7946 4386 7946 4491 7947 4492 7947 4493 7947 4491 7948 4493 7948 4494 7948 4495 7949 4496 7949 4497 7949 4495 7950 4497 7950 4498 7950 4495 7951 4498 7951 4499 7951 4500 7952 4499 7952 4501 7952 4500 7953 4501 7953 4502 7953 4500 7954 4502 7954 4503 7954 4504 7955 4503 7955 4505 7955 4504 7956 4505 7956 4506 7956 4504 7957 4506 7957 4507 7957 4508 7958 4509 7958 4510 7958 4508 7959 4510 7959 4511 7959 4508 7960 4511 7960 4512 7960 4513 7961 4514 7961 4515 7961 4515 7962 4514 7962 4516 7962 4515 7963 4516 7963 4517 7963 4517 7964 4516 7964 4518 7964 4517 7965 4518 7965 4519 7965 4517 7966 4519 7966 4520 7966 4520 7967 4519 7967 4521 7967 4520 7968 4521 7968 4522 7968 4522 7969 4521 7969 4523 7969 4522 7970 4523 7970 4524 7970 4522 7971 4524 7971 4525 7971 4526 7972 4525 7972 4527 7972 4526 7973 4527 7973 4528 7973 4526 7974 4528 7974 4529 7974 4530 7975 4529 7975 4531 7975 4530 7976 4531 7976 4532 7976 4530 7977 4532 7977 4533 7977 4533 7978 4532 7978 4534 7978 4533 7979 4534 7979 4535 7979 4536 7980 4535 7980 4537 7980 4536 7981 4537 7981 4538 7981 4536 7982 4538 7982 4539 7982 4540 7983 4541 7983 4542 7983 4540 7984 4542 7984 4543 7984 4540 7985 4543 7985 4544 7985 4544 7986 4543 7986 4545 7986 4544 7987 4545 7987 4546 7987 4546 7988 4545 7988 4547 7988 4546 7989 4547 7989 4548 7989 4546 7990 4548 7990 4549 7990 4550 7991 4551 7991 4552 7991 4550 7992 4552 7992 4553 7992 4550 7993 4553 7993 4554 7993 4555 7994 4556 7994 4557 7994 4555 7995 4557 7995 4558 7995 4555 7996 4558 7996 4559 7996 4560 7997 4561 7997 4562 7997 4560 7998 4562 7998 4563 7998 4560 7999 4563 7999 4564 7999 4565 8000 4564 8000 4566 8000 4565 8001 4566 8001 4567 8001 4565 8002 4567 8002 4568 8002 4569 8003 4570 8003 4571 8003 4569 8004 4571 8004 4572 8004 4569 8005 4572 8005 4573 8005 4574 8006 4575 8006 4576 8006 4576 8007 4575 8007 4577 8007 4576 8008 4577 8008 4578 8008 4578 8009 4577 8009 4579 8009 4578 8010 4579 8010 4580 8010 4581 8011 4582 8011 4583 8011 4581 8012 4583 8012 4584 8012 4581 8013 4584 8013 4585 8013 4586 8014 4587 8014 4588 8014 4586 8015 4588 8015 4589 8015 4586 8016 4589 8016 4590 8016 4491 8017 4590 8017 4492 8017 4591 8018 4548 8018 4547 8018 4591 8019 4547 8019 4592 8019 4592 8020 4547 8020 4545 8020 4592 8021 4545 8021 4593 8021 4593 8022 4545 8022 4543 8022 4593 8023 4543 8023 4542 8023 4593 8024 4542 8024 4594 8024 4594 8025 4542 8025 4541 8025 4594 8026 4541 8026 4595 8026 4595 8027 4541 8027 4539 8027 4595 8028 4539 8028 4538 8028 4595 8029 4538 8029 4596 8029 4596 8030 4538 8030 4537 8030 4596 8031 4537 8031 4535 8031 4596 8032 4535 8032 4597 8032 4597 8033 4535 8033 4534 8033 4597 8034 4534 8034 4598 8034 4598 8035 4534 8035 4532 8035 4598 8036 4532 8036 4531 8036 4598 8037 4531 8037 4599 8037 4599 8038 4531 8038 4529 8038 4599 8039 4529 8039 4528 8039 4599 8040 4528 8040 4600 8040 4600 8041 4528 8041 4527 8041 4600 8042 4527 8042 4601 8042 4601 8043 4527 8043 4525 8043 4601 8044 4525 8044 4524 8044 4601 8045 4524 8045 4602 8045 4602 8046 4524 8046 4523 8046 4602 8047 4523 8047 4521 8047 4602 8048 4521 8048 4603 8048 4603 8049 4521 8049 4519 8049 4603 8050 4519 8050 4518 8050 4603 8051 4518 8051 4604 8051 4604 8052 4518 8052 4516 8052 4604 8053 4516 8053 4514 8053 4604 8054 4514 8054 4605 8054 4605 8055 4514 8055 4513 8055 4605 8056 4513 8056 4606 8056 4605 8057 4606 8057 4607 8057 4607 8058 4606 8058 4608 8058 4607 8059 4608 8059 4609 8059 4609 8060 4608 8060 4512 8060 4609 8061 4512 8061 4610 8061 4610 8062 4512 8062 4511 8062 4610 8063 4511 8063 4510 8063 4610 8064 4510 8064 4611 8064 4611 8065 4510 8065 4509 8065 4611 7278 4509 7278 4612 7278 4612 8066 4509 8066 4613 8066 4612 8067 4613 8067 4614 8067 4614 8068 4613 8068 4615 8068 4614 8069 4615 8069 4616 8069 4616 8070 4615 8070 4617 8070 4616 8071 4617 8071 4618 8071 4616 8072 4618 8072 4619 8072 4619 8073 4618 8073 4507 8073 4619 8074 4507 8074 4506 8074 4619 8075 4506 8075 4620 8075 4620 8076 4506 8076 4505 8076 4620 8077 4505 8077 4503 8077 4620 8078 4503 8078 4621 8078 4621 8079 4503 8079 4502 8079 4621 8080 4502 8080 4501 8080 4621 8081 4501 8081 4622 8081 4622 8082 4501 8082 4499 8082 4622 8083 4499 8083 4623 8083 4623 8084 4499 8084 4498 8084 4623 8085 4498 8085 4497 8085 4623 8086 4497 8086 4624 8086 4624 8087 4497 8087 4496 8087 4624 8088 4496 8088 4625 8088 4624 8089 4625 8089 4626 8089 4626 8090 4625 8090 4494 8090 4626 8091 4494 8091 4627 8091 4627 8092 4494 8092 4493 8092 4627 8093 4493 8093 4492 8093 4627 8094 4492 8094 4628 8094 4628 8095 4492 8095 4590 8095 4628 8096 4590 8096 4589 8096 4628 8097 4589 8097 4629 8097 4629 8098 4589 8098 4588 8098 4629 8099 4588 8099 4630 8099 4630 8100 4588 8100 4587 8100 4630 8101 4587 8101 4631 8101 4630 8102 4631 8102 4632 8102 4632 8103 4631 8103 4585 8103 4632 8104 4585 8104 4584 8104 4632 8105 4584 8105 4633 8105 4633 8106 4584 8106 4583 8106 4633 8107 4583 8107 4634 8107 4634 8108 4583 8108 4582 8108 4634 8109 4582 8109 4635 8109 4635 8110 4582 8110 4636 8110 4635 8111 4636 8111 4637 8111 4637 8112 4636 8112 4638 8112 4637 8113 4638 8113 4639 8113 4637 8114 4639 8114 4640 8114 4640 8115 4639 8115 4641 8115 4640 8116 4641 8116 4642 8116 4642 8117 4641 8117 4580 8117 4642 8118 4580 8118 4579 8118 4642 8119 4579 8119 4643 8119 4643 8120 4579 8120 4577 8120 4643 8121 4577 8121 4575 8121 4643 8122 4575 8122 4644 8122 4644 8123 4575 8123 4574 8123 4644 8124 4574 8124 4573 8124 4644 8125 4573 8125 4645 8125 4645 8126 4573 8126 4572 8126 4645 8127 4572 8127 4571 8127 4645 8128 4571 8128 4646 8128 4646 8129 4571 8129 4570 8129 4646 8130 4570 8130 4647 8130 4646 8131 4647 8131 4648 8131 4648 8132 4647 8132 4649 8132 4648 8133 4649 8133 4650 8133 4650 8134 4649 8134 4568 8134 4650 8135 4568 8135 4567 8135 4650 8136 4567 8136 4651 8136 4651 8137 4567 8137 4566 8137 4651 8138 4566 8138 4652 8138 4652 8139 4566 8139 4564 8139 4652 8140 4564 8140 4563 8140 4652 8141 4563 8141 4653 8141 4653 8142 4563 8142 4562 8142 4653 8143 4562 8143 4654 8143 4654 8144 4562 8144 4561 8144 4654 8145 4561 8145 4655 8145 4655 8146 4561 8146 4656 8146 4655 8147 4656 8147 4657 8147 4657 8147 4656 8147 4559 8147 4657 8148 4559 8148 4658 8148 4658 8149 4559 8149 4558 8149 4658 8150 4558 8150 4557 8150 4658 8151 4557 8151 4659 8151 4659 8152 4557 8152 4556 8152 4659 8153 4556 8153 4660 8153 4660 8154 4556 8154 4554 8154 4660 8155 4554 8155 4661 8155 4661 8156 4554 8156 4553 8156 4661 8157 4553 8157 4552 8157 4661 8158 4552 8158 4662 8158 4662 8159 4552 8159 4551 8159 4662 8160 4551 8160 4663 8160 4663 8161 4551 8161 4664 8161 4663 8162 4664 8162 4665 8162 4663 8163 4665 8163 4666 8163 4666 8164 4665 8164 4549 8164 4666 8165 4549 8165 4591 8165 4591 8166 4549 8166 4548 8166 4667 8167 4626 8167 4627 8167 4626 8168 4667 8168 4624 8168 4624 8169 4667 8169 4623 8169 4623 8170 4667 8170 4668 8170 4623 8171 4668 8171 4669 8171 4623 8172 4669 8172 4622 8172 4622 8173 4669 8173 4621 8173 4621 8174 4669 8174 4620 8174 4620 8175 4669 8175 4670 8175 4620 8176 4670 8176 4619 8176 4619 8177 4670 8177 4616 8177 4616 8178 4670 8178 4671 8178 4616 8179 4671 8179 4614 8179 4614 8180 4671 8180 4612 8180 4612 8181 4671 8181 4611 8181 4611 8182 4671 8182 4672 8182 4611 8183 4672 8183 4610 8183 4610 8184 4672 8184 4609 8184 4609 8185 4672 8185 4673 8185 4609 8186 4673 8186 4607 8186 4607 8187 4673 8187 4605 8187 4605 8188 4673 8188 4604 8188 4604 8189 4673 8189 4603 8189 4603 8190 4673 8190 4602 8190 4602 8191 4673 8191 4674 8191 4602 8192 4674 8192 4601 8192 4601 8193 4674 8193 4600 8193 4600 8194 4674 8194 4675 8194 4600 8195 4675 8195 4599 8195 4599 8196 4675 8196 4598 8196 4598 8197 4675 8197 4597 8197 4597 8198 4675 8198 4596 8198 4596 8199 4675 8199 4676 8199 4596 8200 4676 8200 4595 8200 4595 8201 4676 8201 4594 8201 4594 8202 4676 8202 4593 8202 4593 8203 4676 8203 4677 8203 4593 8204 4677 8204 4592 8204 4592 8205 4677 8205 4591 8205 4591 8206 4677 8206 4666 8206 4666 8207 4677 8207 4663 8207 4663 8208 4677 8208 4678 8208 4663 8209 4678 8209 4662 8209 4662 8210 4678 8210 4661 8210 4661 8211 4678 8211 4679 8211 4661 8212 4679 8212 4660 8212 4660 8213 4679 8213 4659 8213 4659 8214 4679 8214 4658 8214 4658 8215 4679 8215 4680 8215 4658 8216 4680 8216 4657 8216 4657 8217 4680 8217 4655 8217 4655 8218 4680 8218 4654 8218 4654 8219 4680 8219 4653 8219 4653 8220 4680 8220 4652 8220 4652 8221 4680 8221 4681 8221 4652 8222 4681 8222 4651 8222 4651 8223 4681 8223 4650 8223 4650 8224 4681 8224 4648 8224 4648 8225 4681 8225 4682 8225 4648 8226 4682 8226 4646 8226 4646 8227 4682 8227 4683 8227 4646 8228 4683 8228 4645 8228 4645 8229 4683 8229 4644 8229 4644 8230 4683 8230 4684 8230 4644 8231 4684 8231 4643 8231 4643 8232 4684 8232 4642 8232 4642 8233 4684 8233 4640 8233 4640 8234 4684 8234 4637 8234 4637 8235 4684 8235 4685 8235 4637 8236 4685 8236 4635 8236 4635 8237 4685 8237 4634 8237 4634 8238 4685 8238 4633 8238 4633 8239 4685 8239 4686 8239 4633 8240 4686 8240 4632 8240 4632 8241 4686 8241 4630 8241 4630 8242 4686 8242 4667 8242 4630 8243 4667 8243 4629 8243 4629 8244 4667 8244 4628 8244 4628 8245 4667 8245 4627 8245 4494 8246 4687 8246 4491 8246 4491 8247 4687 8247 4590 8247 4590 8248 4687 8248 4688 8248 4590 8249 4688 8249 4586 8249 4586 8250 4688 8250 4587 8250 4587 8251 4688 8251 4689 8251 4587 8252 4689 8252 4631 8252 4631 8253 4689 8253 4585 8253 4585 8254 4689 8254 4581 8254 4581 8255 4689 8255 4690 8255 4581 8256 4690 8256 4582 8256 4582 8257 4690 8257 4636 8257 4636 8258 4690 8258 4691 8258 4636 8259 4691 8259 4638 8259 4638 8260 4691 8260 4639 8260 4639 8261 4691 8261 4641 8261 4641 8262 4691 8262 4580 8262 4580 8263 4691 8263 4692 8263 4580 8264 4692 8264 4578 8264 4578 8265 4692 8265 4576 8265 4576 8266 4692 8266 4574 8266 4574 8267 4692 8267 4693 8267 4574 8268 4693 8268 4573 8268 4573 8269 4693 8269 4569 8269 4569 8270 4693 8270 4570 8270 4570 8271 4693 8271 4694 8271 4570 8272 4694 8272 4647 8272 4647 8273 4694 8273 4649 8273 4649 8274 4694 8274 4568 8274 4568 8275 4694 8275 4565 8275 4565 8276 4694 8276 4695 8276 4565 8277 4695 8277 4564 8277 4564 8278 4695 8278 4560 8278 4560 8279 4695 8279 4561 8279 4561 8280 4695 8280 4696 8280 4561 8281 4696 8281 4656 8281 4656 8282 4696 8282 4559 8282 4559 8283 4696 8283 4555 8283 4555 8284 4696 8284 4697 8284 4555 8285 4697 8285 4556 8285 4556 8286 4697 8286 4554 8286 4554 8287 4697 8287 4698 8287 4554 8288 4698 8288 4550 8288 4550 8289 4698 8289 4551 8289 4551 8290 4698 8290 4699 8290 4551 8291 4699 8291 4664 8291 4664 8292 4699 8292 4665 8292 4665 8293 4699 8293 4549 8293 4549 8294 4699 8294 4700 8294 4549 8295 4700 8295 4546 8295 4546 8296 4700 8296 4544 8296 4544 8297 4700 8297 4701 8297 4544 8298 4701 8298 4540 8298 4540 8299 4701 8299 4541 8299 4541 8300 4701 8300 4539 8300 4539 8301 4701 8301 4702 8301 4539 8302 4702 8302 4536 8302 4536 8303 4702 8303 4535 8303 4535 8304 4702 8304 4533 8304 4533 8305 4702 8305 4703 8305 4533 8306 4703 8306 4530 8306 4530 8307 4703 8307 4529 8307 4529 8308 4703 8308 4704 8308 4529 8309 4704 8309 4526 8309 4526 8310 4704 8310 4525 8310 4525 8311 4704 8311 4705 8311 4525 8312 4705 8312 4522 8312 4522 8313 4705 8313 4520 8313 4520 8314 4705 8314 4517 8314 4517 8315 4705 8315 4515 8315 4515 8316 4705 8316 4706 8316 4515 8317 4706 8317 4513 8317 4513 8318 4706 8318 4606 8318 4606 8319 4706 8319 4608 8319 4608 8320 4706 8320 4512 8320 4512 8321 4706 8321 4707 8321 4512 8322 4707 8322 4508 8322 4508 8323 4707 8323 4708 8323 4508 8324 4708 8324 4509 8324 4509 8325 4708 8325 4613 8325 4613 8326 4708 8326 4615 8326 4615 8327 4708 8327 4617 8327 4617 8328 4708 8328 4709 8328 4617 8329 4709 8329 4618 8329 4618 8330 4709 8330 4710 8330 4618 8331 4710 8331 4507 8331 4507 8332 4710 8332 4504 8332 4504 8333 4710 8333 4503 8333 4503 8334 4710 8334 4500 8334 4500 8335 4710 8335 4711 8335 4500 8336 4711 8336 4499 8336 4499 8337 4711 8337 4495 8337 4495 8338 4711 8338 4687 8338 4495 8339 4687 8339 4496 8339 4496 8340 4687 8340 4625 8340 4625 8341 4687 8341 4494 8341 4700 8342 4712 8342 4701 8342 4701 8343 4712 8343 4702 8343 4702 8344 4712 8344 4703 8344 4703 8345 4712 8345 4704 8345 4705 8346 4713 8346 4706 8346 4706 8347 4713 8347 4707 8347 4707 8348 4713 8348 4714 8348 4707 8349 4714 8349 4708 8349 4708 8350 4714 8350 4709 8350 4709 8351 4714 8351 4710 8351 4711 8352 4715 8352 4687 8352 4687 8353 4715 8353 4688 8353 4688 8354 4715 8354 4716 8354 4688 8355 4716 8355 4689 8355 4689 8356 4716 8356 4690 8356 4690 8357 4716 8357 4691 8357 4691 8358 4717 8358 4692 8358 4692 8359 4717 8359 4693 8359 4693 8360 4717 8360 4694 8360 4695 8361 4694 8361 4718 8361 4695 8362 4718 8362 4696 8362 4696 8363 4718 8363 4697 8363 4698 8364 4697 8364 4719 8364 4698 8365 4719 8365 4699 8365 4699 8366 4719 8366 4700 8366 4700 8367 4719 8367 4712 8367 4714 8368 4715 8368 4710 8368 4710 8369 4715 8369 4711 8369 4715 8370 4720 8370 4716 8370 4716 8371 4720 8371 4717 8371 4717 8372 4718 8372 4694 8372 4717 8373 4720 8373 4718 8373 4718 8374 4720 8374 4697 8374 4697 8375 4720 8375 4719 8375 4719 8376 4720 8376 4712 8376 4712 8377 4720 8377 4704 8377 4704 8378 4720 8378 4713 8378 4704 8379 4713 8379 4705 8379 4714 8380 4713 8380 4720 8380 4714 8381 4720 8381 4715 8381 4717 8382 4691 8382 4716 8382 4721 8383 4677 8383 4676 8383 4721 8384 4676 8384 4674 8384 4674 8385 4676 8385 4675 8385 4677 8386 4721 8386 4722 8386 4680 8387 4682 8387 4681 8387 4667 8388 4686 8388 4668 8388 4669 8389 4668 8389 4670 8389 4673 8390 4672 8390 4674 8390 4722 8391 4682 8391 4680 8391 4722 8392 4721 8392 4682 8392 4682 8393 4721 8393 4723 8393 4682 8394 4723 8394 4683 8394 4683 8395 4723 8395 4684 8395 4684 8396 4723 8396 4685 8396 4723 8397 4721 8397 4685 8397 4685 8398 4721 8398 4686 8398 4686 8399 4721 8399 4668 8399 4668 8400 4721 8400 4670 8400 4670 8401 4672 8401 4671 8401 4670 8402 4721 8402 4672 8402 4680 8403 4679 8403 4722 8403 4679 8404 4678 8404 4722 8404 4722 8405 4678 8405 4677 8405 4672 8406 4721 8406 4674 8406 4724 8407 4725 8407 4726 8407 4724 8408 4726 8408 4727 8408 4727 8409 4726 8409 4728 8409 4727 708 4728 708 4729 708 4729 708 4728 708 4730 708 4729 708 4730 708 4731 708 4732 8410 4733 8410 4724 8410 4724 8411 4733 8411 4734 8411 4735 708 4733 708 4732 708 4724 8412 4734 8412 4736 8412 4724 8413 4736 8413 4737 8413 4724 8414 4737 8414 4738 8414 4724 8415 4738 8415 4725 8415 4724 8416 4739 8416 4740 8416 4739 8417 4724 8417 4741 8417 4741 8418 4724 8418 4727 8418 4741 8419 4727 8419 4742 8419 4742 8420 4727 8420 4743 8420 4743 8421 4727 8421 4744 8421 4744 8422 4727 8422 4729 8422 4744 8423 4729 8423 4745 8423 4745 8424 4729 8424 4746 8424 4746 8425 4729 8425 4731 8425 4746 8426 4731 8426 4747 8426 4747 8427 4731 8427 4748 8427 4748 8428 4731 8428 4730 8428 4748 8429 4730 8429 4749 8429 4749 8430 4730 8430 4750 8430 4750 8431 4730 8431 4751 8431 4751 8432 4730 8432 4752 8432 4752 8433 4730 8433 4728 8433 4752 8434 4728 8434 4753 8434 4753 8435 4728 8435 4754 8435 4754 8436 4728 8436 4755 8436 4755 8437 4728 8437 4726 8437 4755 8438 4726 8438 4756 8438 4756 8439 4726 8439 4757 8439 4757 8440 4726 8440 4725 8440 4757 8441 4725 8441 4758 8441 4758 8442 4725 8442 4759 8442 4759 8443 4725 8443 4760 8443 4760 8444 4725 8444 4738 8444 4760 8445 4738 8445 4761 8445 4761 8446 4738 8446 4762 8446 4762 8447 4738 8447 4737 8447 4762 8448 4737 8448 4763 8448 4763 8449 4737 8449 4764 8449 4764 8450 4737 8450 4765 8450 4765 8451 4737 8451 4766 8451 4766 8452 4737 8452 4736 8452 4766 8453 4736 8453 4767 8453 4767 8454 4736 8454 4768 8454 4768 8455 4736 8455 4734 8455 4768 8456 4734 8456 4769 8456 4769 8457 4734 8457 4770 8457 4770 8458 4734 8458 4733 8458 4770 8459 4733 8459 4771 8459 4771 8460 4733 8460 4772 8460 4772 8461 4733 8461 4735 8461 4772 8462 4735 8462 4773 8462 4773 8463 4735 8463 4774 8463 4774 8464 4735 8464 4732 8464 4774 8465 4732 8465 4775 8465 4775 8466 4732 8466 4776 8466 4776 8467 4732 8467 4777 8467 4777 8468 4732 8468 4740 8468 4740 8469 4732 8469 4724 8469 4778 8470 4779 8470 4780 8470 4780 8471 4779 8471 4781 8471 4780 8472 4781 8472 4782 8472 4782 8473 4781 8473 4783 8473 4782 8474 4783 8474 4784 8474 4784 8475 4783 8475 4785 8475 4784 8476 4785 8476 4786 8476 4786 8477 4785 8477 4787 8477 4786 8478 4787 8478 4788 8478 4786 8479 4788 8479 4789 8479 4789 8480 4788 8480 4790 8480 4789 8481 4790 8481 4791 8481 4791 8482 4790 8482 4792 8482 4791 8483 4792 8483 4793 8483 4793 8484 4792 8484 4794 8484 4793 8485 4794 8485 4795 8485 4793 8486 4795 8486 4796 8486 4796 8487 4795 8487 4797 8487 4796 8488 4797 8488 4798 8488 4798 8489 4797 8489 4799 8489 4798 8490 4799 8490 4800 8490 4798 8491 4800 8491 4801 8491 4801 8492 4800 8492 4802 8492 4801 8493 4802 8493 4803 8493 4803 8494 4802 8494 4804 8494 4803 8495 4804 8495 4805 8495 4805 8496 4804 8496 4806 8496 4805 8497 4806 8497 4807 8497 4805 8498 4807 8498 4808 8498 4808 8499 4807 8499 4809 8499 4809 8500 4807 8500 4810 8500 4809 8501 4810 8501 4811 8501 4809 8502 4811 8502 4812 8502 4812 8503 4811 8503 4813 8503 4812 8504 4813 8504 4814 8504 4812 8505 4814 8505 4815 8505 4815 8506 4814 8506 4816 8506 4815 8507 4816 8507 4817 8507 4815 8508 4817 8508 4818 8508 4818 8509 4817 8509 4819 8509 4818 8510 4819 8510 4820 8510 4820 8511 4819 8511 4821 8511 4820 8512 4821 8512 4822 8512 4822 8513 4821 8513 4823 8513 4822 8514 4823 8514 4824 8514 4824 8515 4823 8515 4825 8515 4824 8516 4825 8516 4826 8516 4824 8517 4826 8517 4827 8517 4827 8518 4826 8518 4828 8518 4827 8519 4828 8519 4829 8519 4829 8520 4828 8520 4830 8520 4829 8521 4830 8521 4831 8521 4831 8522 4830 8522 4832 8522 4831 8523 4832 8523 4833 8523 4833 8524 4832 8524 4834 8524 4833 8525 4834 8525 4835 8525 4835 8525 4834 8525 4836 8525 4835 8526 4836 8526 4837 8526 4837 8527 4836 8527 4838 8527 4837 8528 4838 8528 4839 8528 4837 8529 4839 8529 4840 8529 4840 8530 4839 8530 4841 8530 4840 8531 4841 8531 4842 8531 4842 8532 4841 8532 4843 8532 4842 8533 4843 8533 4844 8533 4842 8534 4844 8534 4845 8534 4845 8535 4844 8535 4846 8535 4845 8536 4846 8536 4847 8536 4845 8537 4847 8537 4848 8537 4848 8538 4847 8538 4849 8538 4848 8539 4849 8539 4850 8539 4850 8540 4849 8540 4851 8540 4850 8541 4851 8541 4852 8541 4852 8542 4851 8542 4853 8542 4852 8543 4853 8543 4854 8543 4852 8544 4854 8544 4855 8544 4855 8545 4854 8545 4856 8545 4855 8546 4856 8546 4778 8546 4778 8547 4856 8547 4779 8547 4739 8548 4779 8548 4740 8548 4740 8549 4779 8549 4856 8549 4740 8550 4856 8550 4777 8550 4777 8551 4856 8551 4854 8551 4777 8552 4854 8552 4776 8552 4776 8553 4854 8553 4853 8553 4776 8554 4853 8554 4775 8554 4775 8555 4853 8555 4851 8555 4775 8556 4851 8556 4774 8556 4774 8557 4851 8557 4849 8557 4774 8558 4849 8558 4773 8558 4773 8559 4849 8559 4847 8559 4773 8560 4847 8560 4772 8560 4772 8561 4847 8561 4846 8561 4772 8562 4846 8562 4844 8562 4772 8563 4844 8563 4771 8563 4771 8564 4844 8564 4843 8564 4771 8565 4843 8565 4770 8565 4770 8566 4843 8566 4841 8566 4770 8567 4841 8567 4769 8567 4769 8568 4841 8568 4839 8568 4769 8569 4839 8569 4768 8569 4768 8570 4839 8570 4838 8570 4768 8571 4838 8571 4767 8571 4767 8572 4838 8572 4836 8572 4767 8573 4836 8573 4834 8573 4767 8574 4834 8574 4766 8574 4766 8575 4834 8575 4832 8575 4766 8576 4832 8576 4765 8576 4765 8577 4832 8577 4830 8577 4765 8578 4830 8578 4764 8578 4764 8579 4830 8579 4828 8579 4764 8580 4828 8580 4763 8580 4763 8581 4828 8581 4826 8581 4763 8582 4826 8582 4762 8582 4762 8583 4826 8583 4825 8583 4762 8584 4825 8584 4761 8584 4761 8585 4825 8585 4823 8585 4761 8586 4823 8586 4760 8586 4760 8587 4823 8587 4821 8587 4760 8588 4821 8588 4759 8588 4759 8589 4821 8589 4819 8589 4759 8590 4819 8590 4758 8590 4758 8591 4819 8591 4817 8591 4758 8592 4817 8592 4757 8592 4757 8593 4817 8593 4816 8593 4757 8594 4816 8594 4756 8594 4756 8595 4816 8595 4814 8595 4756 8596 4814 8596 4755 8596 4755 8597 4814 8597 4813 8597 4755 8598 4813 8598 4754 8598 4754 8599 4813 8599 4811 8599 4754 8600 4811 8600 4753 8600 4753 8601 4811 8601 4810 8601 4753 8602 4810 8602 4807 8602 4753 8603 4807 8603 4752 8603 4752 8604 4807 8604 4806 8604 4752 8605 4806 8605 4751 8605 4751 8606 4806 8606 4804 8606 4751 8607 4804 8607 4750 8607 4750 8608 4804 8608 4802 8608 4750 8609 4802 8609 4749 8609 4749 8610 4802 8610 4800 8610 4749 8611 4800 8611 4748 8611 4748 8612 4800 8612 4799 8612 4748 8613 4799 8613 4797 8613 4748 8614 4797 8614 4747 8614 4747 8615 4797 8615 4795 8615 4747 8616 4795 8616 4794 8616 4747 8617 4794 8617 4746 8617 4746 8618 4794 8618 4792 8618 4746 8619 4792 8619 4745 8619 4745 8620 4792 8620 4790 8620 4745 8621 4790 8621 4744 8621 4744 8622 4790 8622 4788 8622 4744 8623 4788 8623 4743 8623 4743 8624 4788 8624 4787 8624 4743 8625 4787 8625 4742 8625 4742 8626 4787 8626 4785 8626 4742 8627 4785 8627 4783 8627 4742 8628 4783 8628 4741 8628 4741 8629 4783 8629 4781 8629 4741 8630 4781 8630 4739 8630 4739 8631 4781 8631 4779 8631 4857 8632 4858 8632 4859 8632 4859 744 4858 744 4860 744 4859 744 4860 744 4861 744 4859 8633 4861 8633 4862 8633 4862 744 4861 744 4863 744 4863 8634 4861 8634 4864 8634 4863 8635 4864 8635 4865 8635 4863 744 4865 744 4866 744 4866 8636 4865 8636 4867 8636 4867 744 4865 744 4868 744 4867 744 4868 744 4869 744 4869 744 4868 744 4870 744 4870 8637 4868 8637 4871 8637 4870 8638 4871 8638 4872 8638 4872 8639 4871 8639 4873 8639 4872 744 4873 744 4874 744 4874 8640 4873 8640 4875 8640 4874 8641 4875 8641 4876 8641 4876 744 4875 744 4877 744 4876 8642 4877 8642 4878 8642 4878 8643 4877 8643 4858 8643 4878 744 4858 744 4857 744 4778 8644 4858 8644 4855 8644 4855 8645 4858 8645 4852 8645 4852 8646 4858 8646 4850 8646 4850 8647 4858 8647 4877 8647 4850 8648 4877 8648 4848 8648 4848 8649 4877 8649 4845 8649 4845 8650 4877 8650 4875 8650 4845 8651 4875 8651 4842 8651 4842 8652 4875 8652 4840 8652 4840 8653 4875 8653 4837 8653 4837 8654 4875 8654 4835 8654 4835 8655 4875 8655 4873 8655 4835 8656 4873 8656 4833 8656 4833 8657 4873 8657 4831 8657 4831 8658 4873 8658 4871 8658 4831 8659 4871 8659 4829 8659 4829 8660 4871 8660 4827 8660 4827 8661 4871 8661 4824 8661 4824 8662 4871 8662 4822 8662 4822 8663 4871 8663 4820 8663 4820 8664 4871 8664 4868 8664 4820 8665 4868 8665 4818 8665 4818 8666 4868 8666 4815 8666 4815 8667 4868 8667 4812 8667 4812 8668 4868 8668 4809 8668 4809 8669 4868 8669 4865 8669 4809 8670 4865 8670 4808 8670 4808 8671 4865 8671 4805 8671 4805 8672 4865 8672 4803 8672 4803 8673 4865 8673 4801 8673 4801 8674 4865 8674 4864 8674 4801 8675 4864 8675 4798 8675 4798 8676 4864 8676 4796 8676 4796 8677 4864 8677 4861 8677 4796 8678 4861 8678 4793 8678 4793 8679 4861 8679 4791 8679 4791 8680 4861 8680 4789 8680 4789 8681 4861 8681 4786 8681 4786 8682 4861 8682 4860 8682 4786 8683 4860 8683 4784 8683 4784 8684 4860 8684 4782 8684 4782 8685 4860 8685 4780 8685 4780 8686 4860 8686 4858 8686 4780 8687 4858 8687 4778 8687 4872 8688 4874 8688 4879 8688 4879 8689 4874 8689 4880 8689 4870 7136 4872 7136 4881 7136 4881 8690 4872 8690 4879 8690 4869 8691 4870 8691 4882 8691 4882 8692 4870 8692 4881 8692 4867 8693 4869 8693 4883 8693 4883 7141 4869 7141 4882 7141 4866 7143 4867 7143 4884 7143 4884 8694 4867 8694 4883 8694 4863 7145 4866 7145 4885 7145 4885 7145 4866 7145 4884 7145 4862 7146 4863 7146 4886 7146 4886 8695 4863 8695 4885 8695 4859 8696 4862 8696 4887 8696 4887 7148 4862 7148 4886 7148 4857 7150 4859 7150 4888 7150 4888 8697 4859 8697 4887 8697 4878 8698 4857 8698 4889 8698 4889 8699 4857 8699 4888 8699 4876 8700 4878 8700 4890 8700 4890 7155 4878 7155 4889 7155 4874 8701 4876 8701 4880 8701 4880 8702 4876 8702 4890 8702 4880 8703 4890 8703 4879 8703 4879 744 4890 744 4884 744 4879 744 4884 744 4882 744 4882 744 4884 744 4883 744 4889 744 4888 744 4890 744 4890 744 4888 744 4886 744 4890 744 4886 744 4884 744 4884 8704 4886 8704 4885 8704 4888 744 4887 744 4886 744 4882 744 4881 744 4879 744</p>
        </triangles>
      </mesh>
    </geometry>
  </library_geometries>
  <library_visual_scenes>
    <visual_scene id="Scene" name="Scene">
      <node id="inner_finger" name="inner_finger" type="NODE">
        <matrix sid="transform">1 0 0 0 0 1 0 0 0 0 1 0 0 0 0 1</matrix>
        <instance_geometry url="#inner_finger-mesh" name="inner_finger"/>
      </node>
      <node id="Camera" name="Camera" type="NODE">
        <matrix sid="transform">0.6859207 -0.3240135 0.6515582 7.358891 0.7276763 0.3054208 -0.6141704 -6.925791 0 0.8953956 0.4452714 4.958309 0 0 0 1</matrix>
        <instance_camera url="#Camera-camera"/>
      </node>
      <node id="Light" name="Light" type="NODE">
        <matrix sid="transform">-0.2908646 -0.7711008 0.5663932 4.076245 0.9551712 -0.1998834 0.2183912 1.005454 -0.05518906 0.6045247 0.7946723 5.903862 0 0 0 1</matrix>
        <instance_light url="#Light-light"/>
      </node>
    </visual_scene>
  </library_visual_scenes>
  <scene>
    <instance_visual_scene url="#Scene"/>
  </scene>
</COLLADA>