<?xml version="1.0" encoding="utf-8"?>
<COLLADA xmlns="http://www.collada.org/2005/11/COLLADASchema" version="1.4.1" xmlns:xsi="http://www.w3.org/2001/XMLSchema-instance">
  <asset>
    <contributor>
      <author>Blender User</author>
      <authoring_tool>Blender 3.0.1</authoring_tool>
    </contributor>
    <created>2025-08-29T10:27:18</created>
    <modified>2025-08-29T10:27:18</modified>
    <unit name="meter" meter="1"/>
    <up_axis>Z_UP</up_axis>
  </asset>
  <library_cameras>
    <camera id="Camera-camera" name="Camera">
      <optics>
        <technique_common>
          <perspective>
            <xfov sid="xfov">39.59775</xfov>
            <aspect_ratio>1.777778</aspect_ratio>
            <znear sid="znear">0.1</znear>
            <zfar sid="zfar">100</zfar>
          </perspective>
        </technique_common>
      </optics>
      <extra>
        <technique profile="blender">
          <shiftx sid="shiftx" type="float">0</shiftx>
          <shifty sid="shifty" type="float">0</shifty>
          <dof_distance sid="dof_distance" type="float">10</dof_distance>
        </technique>
      </extra>
    </camera>
  </library_cameras>
  <library_lights>
    <light id="Light-light" name="Light">
      <technique_common>
        <point>
          <color sid="color">1000 1000 1000</color>
          <constant_attenuation>1</constant_attenuation>
          <linear_attenuation>0</linear_attenuation>
          <quadratic_attenuation>0.00111109</quadratic_attenuation>
        </point>
      </technique_common>
      <extra>
        <technique profile="blender">
          <type sid="type" type="int">0</type>
          <flag sid="flag" type="int">0</flag>
          <mode sid="mode" type="int">1</mode>
          <gamma sid="blender_gamma" type="float">1</gamma>
          <red sid="red" type="float">1</red>
          <green sid="green" type="float">1</green>
          <blue sid="blue" type="float">1</blue>
          <shadow_r sid="blender_shadow_r" type="float">0</shadow_r>
          <shadow_g sid="blender_shadow_g" type="float">0</shadow_g>
          <shadow_b sid="blender_shadow_b" type="float">0</shadow_b>
          <energy sid="blender_energy" type="float">1000</energy>
          <dist sid="blender_dist" type="float">29.99998</dist>
          <spotsize sid="spotsize" type="float">75</spotsize>
          <spotblend sid="spotblend" type="float">0.15</spotblend>
          <att1 sid="att1" type="float">0</att1>
          <att2 sid="att2" type="float">1</att2>
          <falloff_type sid="falloff_type" type="int">2</falloff_type>
          <clipsta sid="clipsta" type="float">0.04999995</clipsta>
          <clipend sid="clipend" type="float">30.002</clipend>
          <bias sid="bias" type="float">1</bias>
          <soft sid="soft" type="float">3</soft>
          <bufsize sid="bufsize" type="int">2880</bufsize>
          <samp sid="samp" type="int">3</samp>
          <buffers sid="buffers" type="int">1</buffers>
          <area_shape sid="area_shape" type="int">1</area_shape>
          <area_size sid="area_size" type="float">0.1</area_size>
          <area_sizey sid="area_sizey" type="float">0.1</area_sizey>
          <area_sizez sid="area_sizez" type="float">1</area_sizez>
        </technique>
      </extra>
    </light>
  </library_lights>
  <library_images/>
  <library_geometries>
    <geometry id="finger-mesh" name="finger">
      <mesh>
        <source id="finger-mesh-positions">
          <float_array id="finger-mesh-positions-array" count="6372">12.47326 8.165001 4.938499 12.47326 10.065 4.938499 13.09737 10.065 3.762748 12.47326 0.1650009 4.938498 13.09737 0.1650009 3.762747 13.9078 10.065 2.706758 13.9078 0.1650009 2.706757 14.88212 10.065 1.799768 14.88212 0.1650009 1.799767 15.99333 10.065 1.066891 15.99333 0.1650018 1.066891 17.21069 10.065 0.5284119 17.21069 0.1650018 0.5284119 18.50048 10.065 0.1992454 18.50048 0.1650018 0.1992454 19.827 10.065 0.08850097 19.827 0.1650018 0.08850097 40.32699 0.1650018 0.08850097 40.32699 10.065 0.08850097 40.32699 10.065 14.7885 40.32699 10.065 17.7885 40.32699 3.115 14.7885 40.32699 0.1649999 17.7885 40.32699 3.115001 3.088499 40.32699 10.065 3.0885 19.827 0.1649999 17.7885 19.827 10.065 17.7885 18.50048 10.065 17.67776 13.09737 10.065 14.11425 12.47326 10.065 12.9385 12.47326 8.165 12.9385 18.50048 0.1649999 17.67776 17.21069 10.065 17.34859 17.21069 0.1649999 17.34859 15.99333 10.065 16.81011 15.99333 0.1649999 16.81011 14.88212 10.065 16.07723 14.88212 0.1649999 16.07723 13.9078 10.065 15.17024 13.9078 0.1649999 15.17024 13.09737 0.1649999 14.11425 12.47326 0.1649999 12.9385 -8.185995 0.1649999 12.9385 -8.185995 0.1650009 4.938498 35.70428 0.1650009 12.31155 36.29591 0.1650009 11.71992 36.77582 0.1650009 11.03453 37.12942 0.1650009 10.27623 37.12942 0.1650009 6.992838 36.77582 0.1650009 6.234534 36.29591 0.1650009 5.549153 35.70428 0.1650009 4.957521 35.0189 0.1650009 4.477612 34.2606 0.1650009 4.12401 37.34598 0.1650009 9.468046 37.4189 0.1650009 8.634534 37.34598 0.1650009 7.801023 15.89182 0.1650009 7.801023 15.8189 0.1650009 8.634534 15.89182 0.1650009 9.468046 16.10837 0.1650009 10.27623 23.70428 0.1650009 12.31155 24.29591 0.1650009 11.71992 24.77582 0.1650009 11.03453 25.12942 0.1650009 10.27623 16.46198 0.1650009 11.03453 16.94189 0.1650009 11.71992 17.53352 0.1650009 12.31155 18.2189 0.1649999 12.79146 30.9772 0.1650009 4.12401 30.2189 0.1650009 4.477612 22.2606 0.1650009 4.12401 21.45241 0.1650009 3.907457 20.6189 0.1650009 3.834535 19.78539 0.1650009 3.907457 18.9772 0.1650009 4.12401 18.2189 0.1650009 4.477612 17.53352 0.1650009 4.957521 16.94189 0.1650009 5.549153 16.46198 0.1650009 6.234534 16.10837 0.1650009 6.992838 33.45241 0.1650009 3.907457 32.6189 0.1650009 3.834535 31.78539 0.1650009 3.907457 29.53352 0.1650009 4.957521 28.94189 0.1650009 5.549153 28.46198 0.1650009 6.234534 18.9772 0.1649999 13.14506 19.78539 0.1649999 13.36161 20.6189 0.1649999 13.43453 21.45241 0.1649999 13.36161 22.2606 0.1649999 13.14506 23.0189 0.1649999 12.79146 28.10837 0.1650009 10.27623 28.46198 0.1650009 11.03453 28.94189 0.1650009 11.71992 33.45241 0.1649999 13.36161 32.6189 0.1649999 13.43453 31.78539 0.1649999 13.36161 34.2606 0.1649999 13.14506 35.0189 0.1649999 12.79146 29.53352 0.1650009 12.31155 30.2189 0.1649999 12.79146 30.9772 0.1649999 13.14506 27.89182 0.1650009 7.801023 25.12942 0.1650009 6.992838 28.10837 0.1650009 6.992838 24.77582 0.1650009 6.234534 27.89182 0.1650009 9.468046 25.34598 0.1650009 9.468046 27.8189 0.1650009 8.634534 25.4189 0.1650009 8.634534 25.34598 0.1650009 7.801023 24.29591 0.1650009 5.549153 23.70428 0.1650009 4.957521 23.0189 0.1650009 4.477612 19.827 10.065 14.7885 18.95876 10.065 14.71254 18.1169 10.065 14.48696 17.327 10.065 14.11863 16.61306 10.065 13.61872 15.99678 10.065 13.00244 15.49687 10.065 12.2885 15.12854 10.065 11.4986 14.90296 10.065 10.65674 14.827 10.065 9.7885 14.827 10.065 8.0885 14.88856 10.065 7.306328 19.827 10.065 3.0885 19.04483 10.065 3.150058 18.28192 10.065 3.333218 17.55705 10.065 3.633468 16.88807 10.065 4.043415 16.29147 10.065 4.552966 15.78192 10.065 5.149573 15.37197 10.065 5.818547 15.07172 10.065 6.543415 19.827 3.115 14.7885 14.827 3.115 9.788499 14.90296 3.115 10.65674 15.12854 3.115 11.4986 15.49687 3.115 12.2885 15.99678 3.115 13.00244 16.61306 3.115 13.61872 17.327 3.115 14.11863 18.1169 3.115 14.48696 18.95876 3.115 14.71254 14.827 3.115001 8.0885 19.827 3.115001 3.088499 19.04483 3.115001 3.150057 18.28192 3.115001 3.333217 17.55705 3.115001 3.633467 16.88807 3.115001 4.043414 16.29147 3.115001 4.552965 15.78192 3.115001 5.149572 15.37197 3.115001 5.818546 15.07172 3.115001 6.543414 14.88856 3.115001 7.306327 34.83472 3.115001 8.243826 34.8689 3.115001 8.634534 33.7439 3.115 10.58309 33.38844 3.115 10.74884 31.84935 3.115 10.74884 31.4939 3.115 10.58309 31.17263 3.115 10.35813 30.8953 3.115 10.08081 34.73321 3.115001 9.40408 34.56746 3.115 9.759535 33.0096 3.115 10.85035 32.6189 3.115 10.88453 32.22819 3.115 10.85035 22.06517 3.115001 6.910934 22.3425 3.115001 7.188262 30.50459 3.115001 9.40408 22.56746 3.115001 7.509534 22.73321 3.115001 7.864989 33.0096 3.115001 6.418716 33.38844 3.115001 6.520226 34.83472 3.115001 9.025243 34.3425 3.115 10.08081 34.06517 3.115 10.35813 21.38845 3.115 10.74884 21.00961 3.115 10.85035 30.8953 3.115001 7.188262 31.17263 3.115001 6.910934 31.4939 3.115001 6.685977 22.56746 3.115 9.759535 22.3425 3.115 10.08081 22.06517 3.115 10.35813 21.7439 3.115 10.58309 30.40308 3.115001 9.025243 21.38845 3.115001 6.520226 21.7439 3.115001 6.685977 22.83472 3.115001 8.243826 22.8689 3.115001 8.634534 30.67034 3.115 9.759535 22.83472 3.115001 9.025243 22.73321 3.115001 9.40408 20.6189 3.115 10.88453 20.22819 3.115 10.85035 19.84935 3.115 10.74884 18.67034 3.115 9.759535 31.84935 3.115001 6.520226 32.22819 3.115001 6.418716 32.6189 3.115001 6.384534 33.7439 3.115001 6.685977 34.06517 3.115001 6.910934 34.3425 3.115001 7.188262 18.8953 3.115 10.08081 19.17263 3.115 10.35813 19.4939 3.115 10.58309 18.50459 3.115001 9.40408 18.40308 3.115001 9.025243 18.3689 3.115001 8.634534 18.40308 3.115001 8.243826 18.50459 3.115001 7.864989 18.67034 3.115001 7.509534 18.8953 3.115001 7.188262 34.56746 3.115001 7.509534 34.73321 3.115001 7.864989 19.17263 3.115001 6.910934 19.4939 3.115001 6.685977 19.84935 3.115001 6.520226 20.22819 3.115001 6.418716 20.6189 3.115001 6.384534 21.00961 3.115001 6.418716 30.3689 3.115001 8.634534 30.40308 3.115001 8.243826 30.50459 3.115001 7.864989 30.67034 3.115001 7.509534 9.473259 5.165 4.938499 -12.373 5.165 4.938499 9.473259 5.165 12.9385 -12.373 5.165 12.9385 -10.01945 1.998452 4.938498 -10.01945 1.998451 12.9385 -10.73087 1.998451 12.9385 -12.58669 0.1649999 12.9385 -10.73087 1.998452 4.938498 -12.58669 0.1650009 4.938498 -17.373 0.1650009 4.938498 -17.373 0.1649999 12.9385 10.49932 5.345922 4.938499 10.97326 5.566925 4.938499 11.40162 5.866867 4.938499 11.77139 6.236638 4.938499 12.07133 6.665001 4.938499 12.29234 7.13894 4.938499 12.42768 7.644056 4.938499 9.994204 5.210577 4.938499 11.40162 5.866867 12.9385 11.77139 6.236637 12.9385 12.07133 6.665 12.9385 10.97326 5.566924 12.9385 10.49932 5.345922 12.9385 9.994204 5.210577 12.9385 12.42768 7.644055 12.9385 12.29234 7.13894 12.9385 20.6189 2.715001 6.384534 21.00961 2.715001 6.418716 21.38845 2.715001 6.520226 21.7439 2.715001 6.685977 22.06517 2.715001 6.910934 22.3425 2.715001 7.188262 22.56746 2.715001 7.509534 22.73321 2.715001 7.864989 22.83472 2.715001 8.243826 22.8689 2.715001 8.634534 22.83472 2.715001 9.025243 22.73321 2.715001 9.40408 22.56746 2.715 9.759535 22.3425 2.715 10.08081 22.06517 2.715 10.35813 21.7439 2.715 10.58309 21.38845 2.715 10.74884 21.00961 2.715 10.85035 20.6189 2.715 10.88453 20.22819 2.715 10.85035 19.84935 2.715 10.74884 19.4939 2.715 10.58309 19.17263 2.715 10.35813 18.8953 2.715 10.08081 18.67034 2.715 9.759535 18.50459 2.715001 9.40408 18.40308 2.715001 9.025243 18.3689 2.715001 8.634534 18.40308 2.715001 8.243826 18.50459 2.715001 7.864989 18.67034 2.715001 7.509534 18.8953 2.715001 7.188262 19.17263 2.715001 6.910934 19.4939 2.715001 6.685977 19.84935 2.715001 6.520226 20.22819 2.715001 6.418716 32.6189 2.715001 6.384534 33.0096 2.715001 6.418716 33.38844 2.715001 6.520226 33.7439 2.715001 6.685977 34.06517 2.715001 6.910934 34.3425 2.715001 7.188262 34.56746 2.715001 7.509534 34.73321 2.715001 7.864989 34.83472 2.715001 8.243826 34.8689 2.715001 8.634534 34.83472 2.715001 9.025243 34.73321 2.715001 9.40408 34.56746 2.715 9.759535 34.3425 2.715 10.08081 34.06517 2.715 10.35813 33.7439 2.715 10.58309 33.38844 2.715 10.74884 33.0096 2.715 10.85035 32.6189 2.715 10.88453 32.22819 2.715 10.85035 31.84935 2.715 10.74884 31.4939 2.715 10.58309 31.17263 2.715 10.35813 30.8953 2.715 10.08081 30.67034 2.715 9.759535 30.50459 2.715001 9.40408 30.40308 2.715001 9.025243 30.3689 2.715001 8.634534 30.40308 2.715001 8.243826 30.50459 2.715001 7.864989 30.67034 2.715001 7.509534 30.8953 2.715001 7.188262 31.17263 2.715001 6.910934 31.4939 2.715001 6.685977 31.84935 2.715001 6.520226 32.22819 2.715001 6.418716 32.827 3.574499 10.5885 32.827 3.124499 11.0385 32.54048 3.574499 10.56343 32.46234 3.124499 11.0066 32.26266 3.574499 10.48899 32.10876 3.124499 10.91185 32.002 3.574499 10.36744 31.777 3.124499 10.75715 31.7664 3.574499 10.20247 31.47715 3.124499 10.54719 31.56303 3.574499 9.9991 31.21831 3.124499 10.28835 31.39806 3.574499 9.7635 31.00835 3.124499 9.9885 31.27651 3.574499 9.502834 30.85365 3.124499 9.656743 31.20207 3.574499 9.22502 30.7589 3.124499 9.303161 31.177 3.574499 8.9385 30.727 3.124499 8.9385 31.20207 3.574499 8.651981 30.7589 3.124499 8.573839 31.27651 3.574499 8.374167 30.85365 3.124499 8.220258 31.39806 3.574499 8.1135 31.00835 3.124499 7.8885 31.56303 3.574499 7.8779 31.21831 3.124499 7.588646 31.7664 3.574499 7.674526 31.47715 3.124499 7.329806 32.002 3.574499 7.509558 31.777 3.124499 7.119846 32.26266 3.574499 7.388007 32.10876 3.124499 6.965145 32.54048 3.574499 7.313567 32.46234 3.124499 6.870403 32.827 3.574499 7.2885 32.827 3.124499 6.8385 33.11352 3.574499 7.313567 33.19166 3.124499 6.870403 33.39133 3.574499 7.388007 33.54524 3.124499 6.965145 33.652 3.574499 7.509558 33.877 3.124499 7.119846 33.8876 3.574499 7.674526 34.17685 3.124499 7.329806 34.09097 3.574499 7.8779 34.43569 3.124499 7.588646 34.25594 3.574499 8.1135 34.64565 3.124499 7.8885 34.37749 3.574499 8.374167 34.80035 3.124499 8.220258 34.45193 3.574499 8.651981 34.89509 3.124499 8.573839 34.477 3.574499 8.9385 34.927 3.124499 8.9385 34.45193 3.574499 9.22502 34.89509 3.124499 9.303161 34.37749 3.574499 9.502834 34.80035 3.124499 9.656743 34.25594 3.574499 9.7635 34.64565 3.124499 9.9885 34.09097 3.574499 9.9991 34.43569 3.124499 10.28835 33.8876 3.574499 10.20247 34.17685 3.124499 10.54719 33.652 3.574499 10.36744 33.877 3.124499 10.75715 33.39133 3.574499 10.48899 33.54524 3.124499 10.91185 33.11352 3.574499 10.56343 33.19166 3.124499 11.0066 32.827 9.6745 10.5885 33.11352 9.6745 10.56343 33.39133 9.6745 10.48899 33.652 9.6745 10.36744 33.8876 9.6745 10.20247 34.09097 9.6745 9.9991 34.25594 9.6745 9.7635 34.37749 9.6745 9.502834 34.45193 9.6745 9.22502 34.477 9.6745 8.9385 34.45193 9.6745 8.651981 34.37749 9.6745 8.374167 34.25594 9.6745 8.1135 34.09097 9.6745 7.8779 33.8876 9.6745 7.674526 33.652 9.6745 7.509558 33.39133 9.6745 7.388007 33.11352 9.6745 7.313567 32.827 9.6745 7.2885 32.54048 9.6745 7.313567 32.26266 9.6745 7.388007 32.002 9.6745 7.509558 31.7664 9.6745 7.674526 31.56303 9.6745 7.8779 31.39806 9.6745 8.1135 31.27651 9.6745 8.374167 31.20207 9.6745 8.651981 31.177 9.6745 8.9385 31.20207 9.6745 9.22502 31.27651 9.6745 9.502834 31.39806 9.6745 9.7635 31.56303 9.6745 9.9991 31.7664 9.6745 10.20247 32.002 9.6745 10.36744 32.26266 9.6745 10.48899 32.54048 9.6745 10.56343 32.827 10.1245 6.8385 32.46234 10.1245 6.870403 32.10876 10.1245 6.965145 31.777 10.1245 7.119846 31.47715 10.1245 7.329806 31.21831 10.1245 7.588646 31.00835 10.1245 7.8885 30.85365 10.1245 8.220258 30.7589 10.1245 8.573839 30.727 10.1245 8.9385 30.7589 10.1245 9.303161 30.85365 10.1245 9.656743 31.00835 10.1245 9.9885 31.21831 10.1245 10.28835 31.47715 10.1245 10.54719 31.777 10.1245 10.75715 32.10876 10.1245 10.91185 32.46234 10.1245 11.0066 32.827 10.1245 11.0385 33.19166 10.1245 11.0066 33.54524 10.1245 10.91185 33.877 10.1245 10.75715 34.17685 10.1245 10.54719 34.43569 10.1245 10.28835 34.64565 10.1245 9.9885 34.80035 10.1245 9.656743 34.89509 10.1245 9.303161 34.927 10.1245 8.9385 34.89509 10.1245 8.573839 34.80035 10.1245 8.220258 34.64565 10.1245 7.8885 34.43569 10.1245 7.588646 34.17685 10.1245 7.329806 33.877 10.1245 7.119846 33.54524 10.1245 6.965145 33.19166 10.1245 6.870403 20.827 3.574499 10.5885 20.827 3.124499 11.0385 20.54048 3.574499 10.56343 20.46234 3.124499 11.0066 20.26267 3.574499 10.48899 20.10876 3.124499 10.91185 20.002 3.574499 10.36744 19.777 3.124499 10.75715 19.7664 3.574499 10.20247 19.47715 3.124499 10.54719 19.56303 3.574499 9.9991 19.21831 3.124499 10.28835 19.39806 3.574499 9.7635 19.00835 3.124499 9.9885 19.27651 3.574499 9.502834 18.85365 3.124499 9.656743 19.20207 3.574499 9.22502 18.7589 3.124499 9.303161 19.177 3.574499 8.9385 18.727 3.124499 8.9385 19.20207 3.574499 8.651981 18.7589 3.124499 8.573839 19.27651 3.574499 8.374167 18.85365 3.124499 8.220258 19.39806 3.574499 8.1135 19.00835 3.124499 7.8885 19.56303 3.574499 7.8779 19.21831 3.124499 7.588646 19.7664 3.574499 7.674526 19.47715 3.124499 7.329806 20.002 3.574499 7.509558 19.777 3.124499 7.119846 20.26267 3.574499 7.388007 20.10876 3.124499 6.965145 20.54048 3.574499 7.313567 20.46234 3.124499 6.870403 20.827 3.574499 7.2885 20.827 3.124499 6.8385 21.11352 3.574499 7.313567 21.19166 3.124499 6.870403 21.39133 3.574499 7.388007 21.54524 3.124499 6.965145 21.652 3.574499 7.509558 21.877 3.124499 7.119846 21.8876 3.574499 7.674526 22.17686 3.124499 7.329806 22.09097 3.574499 7.8779 22.43569 3.124499 7.588646 22.25594 3.574499 8.1135 22.64565 3.124499 7.8885 22.37749 3.574499 8.374167 22.80035 3.124499 8.220258 22.45193 3.574499 8.651981 22.8951 3.124499 8.573839 22.477 3.574499 8.9385 22.927 3.124499 8.9385 22.45193 3.574499 9.22502 22.8951 3.124499 9.303161 22.37749 3.574499 9.502834 22.80035 3.124499 9.656743 22.25594 3.574499 9.7635 22.64565 3.124499 9.9885 22.09097 3.574499 9.9991 22.43569 3.124499 10.28835 21.8876 3.574499 10.20247 22.17686 3.124499 10.54719 21.652 3.574499 10.36744 21.877 3.124499 10.75715 21.39133 3.574499 10.48899 21.54524 3.124499 10.91185 21.11352 3.574499 10.56343 21.19166 3.124499 11.0066 20.827 9.6745 10.5885 21.11352 9.6745 10.56343 21.39133 9.6745 10.48899 21.652 9.6745 10.36744 21.8876 9.6745 10.20247 22.09097 9.6745 9.9991 22.25594 9.6745 9.7635 22.37749 9.6745 9.502834 22.45193 9.6745 9.22502 22.477 9.6745 8.9385 22.45193 9.6745 8.651981 22.37749 9.6745 8.374167 22.25594 9.6745 8.1135 22.09097 9.6745 7.8779 21.8876 9.6745 7.674526 21.652 9.6745 7.509558 21.39133 9.6745 7.388007 21.11352 9.6745 7.313567 20.827 9.6745 7.2885 20.54048 9.6745 7.313567 20.26267 9.6745 7.388007 20.002 9.6745 7.509558 19.7664 9.6745 7.674526 19.56303 9.6745 7.8779 19.39806 9.6745 8.1135 19.27651 9.6745 8.374167 19.20207 9.6745 8.651981 19.177 9.6745 8.9385 19.20207 9.6745 9.22502 19.27651 9.6745 9.502834 19.39806 9.6745 9.7635 19.56303 9.6745 9.9991 19.7664 9.6745 10.20247 20.002 9.6745 10.36744 20.26267 9.6745 10.48899 20.54048 9.6745 10.56343 20.827 10.1245 6.8385 20.46234 10.1245 6.870403 20.10876 10.1245 6.965145 19.777 10.1245 7.119846 19.47715 10.1245 7.329806 19.21831 10.1245 7.588646 19.00835 10.1245 7.8885 18.85365 10.1245 8.220258 18.7589 10.1245 8.573839 18.727 10.1245 8.9385 18.7589 10.1245 9.303161 18.85365 10.1245 9.656743 19.00835 10.1245 9.9885 19.21831 10.1245 10.28835 19.47715 10.1245 10.54719 19.777 10.1245 10.75715 20.10876 10.1245 10.91185 20.46234 10.1245 11.0066 20.827 10.1245 11.0385 21.19166 10.1245 11.0066 21.54524 10.1245 10.91185 21.877 10.1245 10.75715 22.17686 10.1245 10.54719 22.43569 10.1245 10.28835 22.64565 10.1245 9.9885 22.80035 10.1245 9.656743 22.8951 10.1245 9.303161 22.927 10.1245 8.9385 22.8951 10.1245 8.573839 22.80035 10.1245 8.220258 22.64565 10.1245 7.8885 22.43569 10.1245 7.588646 22.17686 10.1245 7.329806 21.877 10.1245 7.119846 21.54524 10.1245 6.965145 21.19166 10.1245 6.870403 38.827 10.1245 14.5385 38.827 10.1245 3.3385 20.627 10.1245 14.5385 20.627 10.1245 3.3385 19.65457 10.1245 14.45342 18.71169 10.1245 14.20078 17.827 10.1245 13.78824 17.02739 10.1245 13.22835 16.33715 10.1245 12.53811 15.77726 10.1245 11.7385 15.36472 10.1245 10.85381 15.11208 10.1245 9.91093 15.027 10.1245 8.9385 15.11208 10.1245 7.96607 15.36472 10.1245 7.023187 15.77726 10.1245 6.1385 16.33715 10.1245 5.338889 17.02739 10.1245 4.648651 17.827 10.1245 4.088757 18.71169 10.1245 3.676221 19.65457 10.1245 3.423576 63.327 12.62456 7.413601 63.327 12.8995 7.6885 63.30736 12.8995 7.688654 63.19302 12.62629 7.421199 63.09277 12.8995 7.71064 63.12316 12.6277 7.430412 63.05368 12.62816 7.44191 62.88515 12.8995 7.769195 62.75512 12.61958 7.519302 62.6907 12.8995 7.862572 62.47525 12.59589 7.639142 62.51519 12.8995 7.987992 62.21907 12.56075 7.799808 62.36386 12.8995 8.14172 62.00407 12.52113 7.988919 62.24121 12.8995 8.319177 61.83267 12.48278 8.20016 62.1509 12.8995 8.515078 61.7215 12.45462 8.395447 62.09561 12.8995 8.723588 61.64318 12.43321 8.605305 61.60489 12.42226 8.803275 62.077 12.8995 8.9385 61.59921 12.42061 9.000676 62.09561 12.8995 9.153411 61.62322 12.42754 9.188509 61.67907 12.44318 9.381002 62.1509 12.8995 9.361923 61.77185 12.46769 9.579023 62.24121 12.8995 9.557824 61.90506 12.49972 9.775176 62.36386 12.8995 9.73528 62.09125 12.53832 9.972747 62.51519 12.8995 9.889008 62.32776 12.57724 10.15257 62.6907 12.8995 10.01443 62.60514 12.60878 10.29979 62.88515 12.8995 10.10781 62.7866 12.6213 10.36814 62.90369 12.626 10.40211 63.09277 12.8995 10.16636 63.05368 12.62816 10.43509 63.327 12.8995 10.1885 63.32697 12.62452 10.46347 63.30736 12.8995 10.18835 63.19302 12.62629 10.4558 63.12316 12.6277 10.44659 63.53941 12.8995 10.17032 63.51598 12.62807 10.44826 63.6848 12.63732 10.40777 63.56122 12.8995 10.16636 63.86756 12.65381 10.33313 63.74925 12.8995 10.11502 63.76884 12.8995 10.10781 64.04695 12.6766 10.22369 63.94637 12.8995 10.02426 63.9633 12.8995 10.01443 64.2125 12.70353 10.08164 64.12483 12.8995 9.900777 64.13881 12.8995 9.889008 64.37383 12.73531 9.889966 64.27923 12.8995 9.748291 64.29014 12.8995 9.73528 64.50078 12.76423 9.674428 64.40493 12.8995 9.571399 64.41279 12.8995 9.557824 64.59855 12.78888 9.42331 64.49815 12.8995 9.375432 64.5031 12.8995 9.361923 64.65527 12.80416 9.153446 64.55607 12.8995 9.166296 64.55839 12.8995 9.153411 64.66774 12.80761 8.880222 64.57695 12.8995 8.950293 64.57701 12.8995 8.9385 64.65469 12.804 8.718139 64.56015 12.8995 8.733936 64.55839 12.8995 8.723588 64.6359 12.79886 8.604046 64.50619 12.8995 8.523744 64.6082 12.79143 8.487688 64.5031 12.8995 8.515078 64.56166 12.77933 8.344317 64.41668 12.8995 8.326052 64.41279 12.8995 8.319177 64.44858 12.75192 8.104001 64.29434 12.8995 8.14682 64.29014 12.8995 8.14172 64.30013 12.72011 7.891529 64.14284 12.8995 7.991447 64.13881 12.8995 7.987992 64.15677 12.69383 7.742506 63.96675 12.8995 7.864619 63.97344 12.66646 7.603825 63.9633 12.8995 7.862572 63.85912 12.65289 7.539735 63.77138 12.8995 7.770156 63.81058 12.64794 7.517009 63.56262 12.8995 7.710906 63.62528 12.6334 7.451952 63.34675 12.8995 7.688656 63.45083 12.62603 7.420064 64.0351 15.75407 9.968596 64.13897 15.79678 9.888869 64.34652 15.90386 9.661738 64.41264 15.94473 9.558088 63.49925 15.63208 7.700425 63.327 15.6245 7.6885 63.76909 15.67401 7.769288 63.70215 15.6601 7.746124 63.67974 15.65597 7.739301 63.56145 15.63846 7.710683 63.83136 15.68916 7.794769 63.96351 15.72852 7.862696 64.13893 15.79682 7.988097 64.03529 15.75413 7.908533 63.99856 15.74063 7.88422 64.16659 15.80933 8.01244 64.41033 15.94331 8.314883 64.34706 15.90398 8.216018 64.30867 15.8818 8.164666 64.29014 15.87154 8.141721 64.41277 15.94489 8.319143 64.49693 16.00238 8.498311 64.50305 16.00681 8.514945 64.54758 16.03992 8.668875 64.55835 16.04826 8.723382 64.57275 16.05976 8.835456 64.57701 16.06329 8.93847 64.57592 16.06234 8.990684 64.55838 16.0482 9.153432 64.55754 16.04753 9.158267 64.51625 16.01641 9.323434 64.50299 16.00675 9.362237 64.44284 15.96462 9.50188 64.17793 15.81455 9.854155 64.29013 15.87168 9.735291 64.32968 15.89399 9.68491 64.00653 15.74348 9.987664 63.96355 15.72851 10.01428 63.83975 15.69137 10.07849 63.76915 15.67401 10.10769 63.70238 15.66012 10.1308 63.66971 15.65418 10.1406 63.50202 15.6323 10.17619 63.327 15.6245 10.1885 62.61891 15.75407 7.908394 62.51502 15.79678 7.988131 63.18284 15.62982 10.18016 62.88486 15.67402 10.10769 62.95138 15.66019 10.13073 63.00287 15.65109 10.14575 63.09255 15.63846 10.16632 62.82596 15.6883 10.08369 62.6905 15.72851 10.01431 62.65871 15.73947 9.994857 62.61862 15.75417 9.968401 62.48954 15.80834 9.866494 62.51507 15.79682 9.888908 62.24124 15.94488 9.55787 62.24467 15.94267 9.563845 62.30656 15.90421 9.660445 62.35446 15.87671 9.723786 62.36386 15.87154 9.735279 62.1576 16.00199 9.380094 62.15095 16.00681 9.362065 62.10674 16.03968 9.209566 62.09565 16.04826 9.153622 62.08137 16.05967 9.042952 62.077 16.06329 8.938531 62.07804 16.06238 8.887416 62.09561 16.04821 8.723573 62.13702 16.01695 8.555822 62.09626 16.04771 8.719907 62.30759 15.90379 8.215094 62.24137 15.94472 8.318902 62.20981 15.96552 8.377789 62.15102 16.00675 8.514752 62.47579 15.81468 8.023101 62.36387 15.87168 8.141708 62.32272 15.89492 8.194234 62.69045 15.72851 7.862718 62.64719 15.74359 7.889518 63.09258 15.63844 7.710677 62.98477 15.65411 7.73626 62.95161 15.66013 7.746199 62.88484 15.67401 7.769311 62.81447 15.69131 7.798404 63.152 15.6323 7.70081 63.327 21.7245 3.6385 63.327 21.7245 3.1385 64.03896 21.66221 3.6385 64.03896 21.66221 3.1385 64.72929 21.47724 3.6385 64.72929 21.47724 3.1385 65.377 21.1752 3.6385 65.377 21.1752 3.1385 65.96243 20.76528 3.6385 65.96243 20.76528 3.1385 66.46778 20.25993 3.6385 66.46778 20.25993 3.1385 66.8777 19.6745 3.6385 66.8777 19.6745 3.1385 67.17974 19.02678 3.6385 67.17974 19.02678 3.1385 67.36471 18.33646 3.6385 67.36471 18.33646 3.1385 67.427 17.6245 3.6385 67.427 17.6245 3.1385 67.36471 16.91254 3.6385 67.36471 16.91254 3.1385 67.17974 16.22222 3.6385 67.17974 16.22222 3.1385 66.8777 15.5745 3.6385 66.8777 15.5745 3.1385 66.46778 14.98907 3.6385 66.46778 14.98907 3.1385 65.96243 14.48372 3.6385 65.96243 14.48372 3.1385 65.377 14.0738 3.6385 65.377 14.0738 3.1385 64.72929 13.77176 3.6385 64.72929 13.77176 3.1385 64.03896 13.58679 3.6385 64.03896 13.58679 3.1385 63.327 13.5245 3.6385 63.327 13.5245 3.1385 62.61504 13.58679 3.6385 62.61504 13.58679 3.1385 61.92472 13.77176 3.6385 61.92472 13.77176 3.1385 61.277 14.0738 3.6385 61.277 14.0738 3.1385 60.69157 14.48372 3.6385 60.69157 14.48372 3.1385 60.18622 14.98907 3.6385 60.18622 14.98907 3.1385 59.77629 15.5745 3.6385 59.77629 15.5745 3.1385 59.47426 16.22222 3.6385 59.47426 16.22222 3.1385 59.28929 16.91254 3.6385 59.28929 16.91254 3.1385 59.227 17.6245 3.6385 59.227 17.6245 3.1385 59.28929 18.33646 3.6385 59.28929 18.33646 3.1385 59.47426 19.02678 3.6385 59.47426 19.02678 3.1385 59.77629 19.6745 3.6385 59.77629 19.6745 3.1385 60.18622 20.25993 3.6385 60.18622 20.25993 3.1385 60.69157 20.76528 3.6385 60.69157 20.76528 3.1385 61.277 21.1752 3.6385 61.277 21.1752 3.1385 61.92472 21.47724 3.6385 61.92472 21.47724 3.1385 62.61504 21.66221 3.6385 62.61504 21.66221 3.1385 63.35841 19.62425 3.6385 63.70176 19.58907 3.6385 64.03395 19.49539 3.6385 64.34509 19.34598 3.6385 64.6259 19.14531 3.6385 64.86803 18.89935 3.6385 65.06427 18.61542 3.6385 65.20877 18.30198 3.6385 65.29722 17.96836 3.6385 65.32701 17.6245 3.6385 65.29722 17.28064 3.6385 65.20877 16.94702 3.6385 65.06427 16.63358 3.6385 64.86803 16.34965 3.6385 64.6259 16.10369 3.6385 64.34509 15.90301 3.6385 64.03395 15.75361 3.6385 63.70176 15.65992 3.6385 63.35841 15.62475 3.6385 63.327 15.6245 3.6385 63.327 19.6245 3.6385 63.29558 19.62425 3.6385 62.95223 19.58907 3.6385 62.62005 19.49539 3.6385 62.30892 19.34598 3.6385 62.0281 19.14531 3.6385 61.78597 18.89935 3.6385 61.58974 18.61542 3.6385 61.44524 18.30198 3.6385 61.35678 17.96836 3.6385 61.327 17.6245 3.6385 61.35678 17.28064 3.6385 61.44524 16.94702 3.6385 61.58974 16.63358 3.6385 61.78597 16.34965 3.6385 62.0281 16.10369 3.6385 62.30892 15.90301 3.6385 62.62005 15.75361 3.6385 62.95223 15.65992 3.6385 63.29558 15.62475 3.6385 62.0281 16.10369 14.2385 62.30892 15.90301 14.2385 62.62005 15.75361 14.2385 62.95223 15.65992 14.2385 63.29558 15.62475 14.2385 63.327 15.6245 14.2385 63.327 19.6245 14.2385 63.29558 19.62425 14.2385 62.95223 19.58907 14.2385 62.62005 19.49539 14.2385 62.30892 19.34598 14.2385 62.0281 19.14531 14.2385 61.78597 18.89935 14.2385 61.58974 18.61542 14.2385 61.44524 18.30198 14.2385 61.35678 17.96836 14.2385 61.327 17.6245 14.2385 61.35678 17.28064 14.2385 61.44524 16.94702 14.2385 61.58974 16.63358 14.2385 61.78597 16.34965 14.2385 63.35841 15.62475 14.2385 63.70176 15.65992 14.2385 64.03395 15.75361 14.2385 64.34509 15.90301 14.2385 64.6259 16.10369 14.2385 64.86803 16.34965 14.2385 65.06427 16.63358 14.2385 65.20877 16.94702 14.2385 65.29722 17.28064 14.2385 65.32701 17.6245 14.2385 65.29722 17.96836 14.2385 65.20877 18.30198 14.2385 65.06427 18.61542 14.2385 64.86803 18.89935 14.2385 64.6259 19.14531 14.2385 64.34509 19.34598 14.2385 64.03395 19.49539 14.2385 63.70176 19.58907 14.2385 63.35841 19.62425 14.2385 63.327 13.5245 14.2385 64.03896 13.58679 14.2385 64.72929 13.77176 14.2385 65.377 14.0738 14.2385 65.96243 14.48372 14.2385 66.46778 14.98907 14.2385 66.8777 15.5745 14.2385 67.17974 16.22222 14.2385 67.36471 16.91254 14.2385 67.427 17.6245 14.2385 67.36471 18.33646 14.2385 67.17974 19.02678 14.2385 66.8777 19.6745 14.2385 66.46778 20.25993 14.2385 65.96243 20.76528 14.2385 65.377 21.1752 14.2385 64.72929 21.47724 14.2385 64.03896 21.66221 14.2385 63.327 21.7245 14.2385 62.61504 13.58679 14.2385 61.92472 13.77176 14.2385 61.277 14.0738 14.2385 60.69157 14.48372 14.2385 60.18622 14.98907 14.2385 59.77629 15.5745 14.2385 59.47426 16.22222 14.2385 59.28929 16.91254 14.2385 59.227 17.6245 14.2385 59.28929 18.33646 14.2385 59.47426 19.02678 14.2385 59.77629 19.6745 14.2385 60.18622 20.25993 14.2385 60.69157 20.76528 14.2385 61.277 21.1752 14.2385 61.92472 21.47724 14.2385 62.61504 21.66221 14.2385 63.327 13.5245 14.7385 64.03896 13.58679 14.7385 64.72929 13.77176 14.7385 65.377 14.0738 14.7385 65.96243 14.48372 14.7385 66.46778 14.98907 14.7385 66.8777 15.5745 14.7385 67.17974 16.22222 14.7385 67.36471 16.91254 14.7385 67.427 17.6245 14.7385 67.36471 18.33646 14.7385 67.17974 19.02678 14.7385 66.8777 19.6745 14.7385 66.46778 20.25993 14.7385 65.96243 20.76528 14.7385 65.377 21.1752 14.7385 64.72929 21.47724 14.7385 64.03896 21.66221 14.7385 63.327 21.7245 14.7385 62.61504 21.66221 14.7385 61.92472 21.47724 14.7385 61.277 21.1752 14.7385 60.69157 20.76528 14.7385 60.18622 20.25993 14.7385 59.77629 19.6745 14.7385 59.47426 19.02678 14.7385 59.28929 18.33646 14.7385 59.227 17.6245 14.7385 59.28929 16.91254 14.7385 59.47426 16.22222 14.7385 59.77629 15.5745 14.7385 60.18622 14.98907 14.7385 60.69157 14.48372 14.7385 61.277 14.0738 14.7385 61.92472 13.77176 14.7385 62.61504 13.58679 14.7385 46.56219 3.124499 7.436668 46.827 3.124499 7.4135 46.827 3.399499 7.6885 46.60994 3.399499 7.70749 46.59277 3.399499 7.71064 46.30542 3.124499 7.505468 46.39947 3.399499 7.763884 46.38515 3.399499 7.769195 46.0645 3.124499 7.617811 46.202 3.399499 7.855968 46.1907 3.399499 7.862572 45.84675 3.124499 7.770282 46.02351 3.399499 7.980944 46.01519 3.399499 7.987992 45.65878 3.124499 7.958249 45.86944 3.399499 8.135016 45.86386 3.399499 8.14172 45.50631 3.124499 8.176 45.74447 3.399499 8.3135 45.74121 3.399499 8.319177 45.39397 3.124499 8.416919 45.65238 3.399499 8.510975 45.6509 3.399499 8.515078 45.32517 3.124499 8.673686 45.59599 3.399499 8.72144 45.302 3.124499 8.9385 45.577 3.399499 8.9385 45.32517 3.124499 9.203313 45.59599 3.399499 9.15556 45.39397 3.124499 9.460081 45.6509 3.399499 9.361923 45.65238 3.399499 9.366025 45.50631 3.124499 9.701 45.74121 3.399499 9.557824 45.74447 3.399499 9.5635 45.65878 3.124499 9.918751 45.86386 3.399499 9.73528 45.86944 3.399499 9.741985 45.84675 3.124499 10.10672 46.01519 3.399499 9.889008 46.02351 3.399499 9.896056 46.0645 3.124499 10.25919 46.1907 3.399499 10.01443 46.202 3.399499 10.02103 46.30542 3.124499 10.37153 46.38515 3.399499 10.10781 46.39947 3.399499 10.11312 46.56219 3.124499 10.44033 46.827 3.399499 10.1885 46.827 3.124499 10.4635 46.60994 3.399499 10.16951 46.59277 3.399499 10.16636 46.84663 3.399499 10.18835 47.01612 3.128077 10.44828 47.06122 3.399499 10.16636 47.18297 3.137187 10.40841 47.26884 3.399499 10.10781 47.36618 3.153655 10.33384 47.4633 3.399499 10.01443 47.54643 3.176528 10.22405 47.63881 3.399499 9.889008 47.7122 3.203481 10.08195 47.79014 3.399499 9.73528 47.87421 3.235393 9.889451 47.91279 3.399499 9.557824 48.00096 3.264273 9.674015 48.0031 3.399499 9.361923 48.09848 3.288868 9.423548 48.05839 3.399499 9.153411 48.15522 3.304144 9.153905 48.077 3.399499 8.9385 48.16777 3.307618 8.881052 48.05839 3.399499 8.723588 48.15318 3.303582 8.706924 48.13607 3.298909 8.605026 48.0031 3.399499 8.515078 48.10548 3.290714 8.478029 47.91279 3.399499 8.319177 48.0619 3.279396 8.344942 47.79014 3.399499 8.14172 47.94912 3.252042 8.104864 47.63881 3.399499 7.987992 47.80099 3.220283 7.892547 47.4633 3.399499 7.862572 47.65611 3.19372 7.741632 47.49065 3.168738 7.614451 47.26884 3.399499 7.769195 47.35622 3.152586 7.53826 47.30973 3.147857 7.516617 47.06122 3.399499 7.71064 47.12726 3.133523 7.452425 46.84663 3.399499 7.688654 46.95055 3.126026 7.419944 47.5351 6.254073 9.968596 47.63897 6.29678 9.888869 46.99925 6.132075 7.700425 46.827 6.124499 7.6885 47.26909 6.174008 7.769288 47.20215 6.160099 7.746124 47.17974 6.155973 7.739301 47.06145 6.138464 7.710683 47.33136 6.189163 7.794769 47.46351 6.228518 7.862696 47.49856 6.240634 7.88422 47.53528 6.254131 7.908533 47.66659 6.309329 8.01244 47.63893 6.296819 7.988097 47.91277 6.444885 8.319143 47.91033 6.443312 8.314883 47.84706 6.403982 8.216018 47.80867 6.381796 8.164666 47.79014 6.37154 8.141721 47.99693 6.502378 8.498311 48.00305 6.506809 8.514945 48.04757 6.539914 8.668875 48.05835 6.548258 8.723382 48.07275 6.559761 8.835456 48.077 6.563286 8.93847 48.07591 6.562341 8.990684 48.05838 6.548196 9.153432 48.01625 6.516406 9.323434 48.05753 6.547529 9.158267 47.84652 6.403863 9.661738 47.91264 6.444726 9.558088 47.94284 6.464617 9.50188 48.00299 6.506745 9.362237 47.67792 6.314548 9.854155 47.79013 6.371684 9.735291 47.82968 6.393994 9.68491 47.46355 6.228509 10.01428 47.50652 6.243481 9.987664 47.06142 6.138437 10.16632 47.16971 6.154184 10.1406 47.20238 6.160117 10.1308 47.26915 6.174009 10.10769 47.33975 6.191367 10.07849 47.00202 6.132302 10.17619 46.827 6.124499 10.1885 45.97579 6.31468 8.023101 45.86387 6.371683 8.141708 46.50287 6.151087 10.14575 46.59255 6.138464 10.16632 46.68284 6.129821 10.18016 46.15871 6.239475 9.994857 46.1905 6.228515 10.01431 46.32596 6.1883 10.08369 46.38486 6.174021 10.10769 46.45138 6.16019 10.13073 45.98954 6.308344 9.866494 46.01507 6.296816 9.888908 46.11862 6.254173 9.968401 45.74467 6.442669 9.563845 45.80656 6.404213 9.660445 45.85446 6.376709 9.723786 45.86386 6.371544 9.735279 45.74124 6.444879 9.55787 45.6576 6.501994 9.380094 45.65095 6.506806 9.362065 45.60674 6.539675 9.209566 45.59565 6.548262 9.153622 45.58137 6.559666 9.042952 45.577 6.563288 8.938531 45.57804 6.562384 8.887416 45.59561 6.548211 8.723573 45.63702 6.516948 8.555822 45.59626 6.547706 8.719907 45.82272 6.394917 8.194234 45.80759 6.403791 8.215094 45.74137 6.444723 8.318902 45.70981 6.465517 8.377789 45.65102 6.506743 8.514752 46.01502 6.296782 7.988131 46.19045 6.228515 7.862718 46.14719 6.243587 7.889518 46.11891 6.254073 7.908394 46.31447 6.191311 7.798404 46.38484 6.174015 7.769311 46.45161 6.160126 7.746199 46.48477 6.154109 7.73626 46.652 6.132305 7.70081 46.827 12.2245 3.6385 46.827 12.2245 3.1385 47.53895 12.16221 3.6385 47.53895 12.16221 3.1385 48.22928 11.97724 3.6385 48.22928 11.97724 3.1385 48.877 11.6752 3.6385 48.877 11.6752 3.1385 49.46243 11.26528 3.6385 49.46243 11.26528 3.1385 49.96778 10.75993 3.6385 49.96778 10.75993 3.1385 50.3777 10.1745 3.6385 50.3777 10.1745 3.1385 50.67974 9.526782 3.6385 50.67974 9.526782 3.1385 50.86471 8.836458 3.6385 50.86471 8.836458 3.1385 50.927 8.1245 3.6385 50.927 8.1245 3.1385 50.86471 7.412542 3.6385 50.86471 7.412542 3.1385 50.67974 6.722217 3.6385 50.67974 6.722217 3.1385 50.3777 6.074499 3.6385 50.3777 6.074499 3.1385 49.96778 5.48907 3.6385 49.96778 5.48907 3.1385 49.46243 4.983717 3.6385 49.46243 4.983717 3.1385 48.877 4.573795 3.6385 48.877 4.573795 3.1385 48.22928 4.271759 3.6385 48.22928 4.271759 3.1385 47.53895 4.086788 3.6385 47.53895 4.086788 3.1385 46.827 4.024499 3.6385 46.827 4.024499 3.1385 46.11504 4.086788 3.6385 46.11504 4.086788 3.1385 45.42472 4.271759 3.6385 45.42472 4.271759 3.1385 44.777 4.573795 3.6385 44.777 4.573795 3.1385 44.19157 4.983717 3.6385 44.19157 4.983717 3.1385 43.68622 5.48907 3.6385 43.68622 5.48907 3.1385 43.27629 6.074499 3.6385 43.27629 6.074499 3.1385 42.97426 6.722217 3.6385 42.97426 6.722217 3.1385 42.78929 7.412542 3.6385 42.78929 7.412542 3.1385 42.727 8.1245 3.6385 42.727 8.1245 3.1385 42.78929 8.836458 3.6385 42.78929 8.836458 3.1385 42.97426 9.526782 3.6385 42.97426 9.526782 3.1385 43.27629 10.1745 3.6385 43.27629 10.1745 3.1385 43.68622 10.75993 3.6385 43.68622 10.75993 3.1385 44.19157 11.26528 3.6385 44.19157 11.26528 3.1385 44.777 11.6752 3.6385 44.777 11.6752 3.1385 45.42472 11.97724 3.6385 45.42472 11.97724 3.1385 46.11504 12.16221 3.6385 46.11504 12.16221 3.1385 46.85841 10.12425 3.6385 47.20176 10.08907 3.6385 47.53395 9.995388 3.6385 47.84508 9.845984 3.6385 48.1259 9.645312 3.6385 48.36803 9.399348 3.6385 48.56426 9.115417 3.6385 48.70876 8.801976 3.6385 48.79722 8.468358 3.6385 48.827 8.1245 3.6385 48.79722 7.780641 3.6385 48.70876 7.447023 3.6385 48.56426 7.133582 3.6385 48.36803 6.849651 3.6385 48.1259 6.603687 3.6385 47.84508 6.403015 3.6385 47.53395 6.253611 3.6385 47.20176 6.159925 3.6385 46.85841 6.124746 3.6385 46.827 6.124499 3.6385 46.827 10.1245 3.6385 46.79558 10.12425 3.6385 46.45223 10.08907 3.6385 46.12005 9.995388 3.6385 45.80892 9.845984 3.6385 45.5281 9.645312 3.6385 45.28597 9.399348 3.6385 45.08974 9.115417 3.6385 44.94524 8.801976 3.6385 44.85678 8.468358 3.6385 44.827 8.1245 3.6385 44.85678 7.780641 3.6385 44.94524 7.447023 3.6385 45.08974 7.133582 3.6385 45.28597 6.849651 3.6385 45.5281 6.603687 3.6385 45.80892 6.403015 3.6385 46.12005 6.253611 3.6385 46.45223 6.159925 3.6385 46.79558 6.124746 3.6385 45.5281 6.603687 14.2385 45.80892 6.403015 14.2385 46.12005 6.253611 14.2385 46.45223 6.159925 14.2385 46.79558 6.124746 14.2385 46.827 6.124499 14.2385 46.827 10.1245 14.2385 46.79558 10.12425 14.2385 46.45223 10.08907 14.2385 46.12005 9.995388 14.2385 45.80892 9.845984 14.2385 45.5281 9.645312 14.2385 45.28597 9.399348 14.2385 45.08974 9.115417 14.2385 44.94524 8.801976 14.2385 44.85678 8.468358 14.2385 44.827 8.1245 14.2385 44.85678 7.780641 14.2385 44.94524 7.447023 14.2385 45.08974 7.133582 14.2385 45.28597 6.849651 14.2385 46.85841 6.124746 14.2385 47.20176 6.159925 14.2385 47.53395 6.253611 14.2385 47.84508 6.403015 14.2385 48.1259 6.603687 14.2385 48.36803 6.849651 14.2385 48.56426 7.133582 14.2385 48.70876 7.447023 14.2385 48.79722 7.780641 14.2385 48.827 8.1245 14.2385 48.79722 8.468358 14.2385 48.70876 8.801976 14.2385 48.56426 9.115417 14.2385 48.36803 9.399348 14.2385 48.1259 9.645312 14.2385 47.84508 9.845984 14.2385 47.53395 9.995388 14.2385 47.20176 10.08907 14.2385 46.85841 10.12425 14.2385 46.827 4.024499 14.2385 47.53895 4.086788 14.2385 48.22928 4.271759 14.2385 48.877 4.573795 14.2385 49.46243 4.983717 14.2385 49.96778 5.48907 14.2385 50.3777 6.074499 14.2385 50.67974 6.722217 14.2385 50.86471 7.412542 14.2385 50.927 8.1245 14.2385 50.86471 8.836458 14.2385 50.67974 9.526782 14.2385 50.3777 10.1745 14.2385 49.96778 10.75993 14.2385 49.46243 11.26528 14.2385 48.877 11.6752 14.2385 48.22928 11.97724 14.2385 47.53895 12.16221 14.2385 46.827 12.2245 14.2385 46.11504 4.086788 14.2385 45.42472 4.271759 14.2385 44.777 4.573795 14.2385 44.19157 4.983717 14.2385 43.68622 5.48907 14.2385 43.27629 6.074499 14.2385 42.97426 6.722217 14.2385 42.78929 7.412542 14.2385 42.727 8.1245 14.2385 42.78929 8.836458 14.2385 42.97426 9.526782 14.2385 43.27629 10.1745 14.2385 43.68622 10.75993 14.2385 44.19157 11.26528 14.2385 44.777 11.6752 14.2385 45.42472 11.97724 14.2385 46.11504 12.16221 14.2385 46.827 4.024499 14.7385 47.53895 4.086788 14.7385 48.22928 4.271759 14.7385 48.877 4.573795 14.7385 49.46243 4.983717 14.7385 49.96778 5.48907 14.7385 50.3777 6.074499 14.7385 50.67974 6.722217 14.7385 50.86471 7.412542 14.7385 50.927 8.1245 14.7385 50.86471 8.836458 14.7385 50.67974 9.526782 14.7385 50.3777 10.1745 14.7385 49.96778 10.75993 14.7385 49.46243 11.26528 14.7385 48.877 11.6752 14.7385 48.22928 11.97724 14.7385 47.53895 12.16221 14.7385 46.827 12.2245 14.7385 46.11504 12.16221 14.7385 45.42472 11.97724 14.7385 44.777 11.6752 14.7385 44.19157 11.26528 14.7385 43.68622 10.75993 14.7385 43.27629 10.1745 14.7385 42.97426 9.526782 14.7385 42.78929 8.836458 14.7385 42.727 8.1245 14.7385 42.78929 7.412542 14.7385 42.97426 6.722217 14.7385 43.27629 6.074499 14.7385 43.68622 5.48907 14.7385 44.19157 4.983717 14.7385 44.777 4.573795 14.7385 45.42472 4.271759 14.7385 46.11504 4.086788 14.7385 55.077 15.3745 5.6385 55.077 15.3745 3.1385 55.51112 15.33652 5.6385 55.51112 15.33652 3.1385 55.93205 15.22373 5.6385 55.93205 15.22373 3.1385 56.327 15.03956 5.6385 56.327 15.03956 3.1385 56.68397 14.78961 5.6385 56.68397 14.78961 3.1385 56.99211 14.48147 5.6385 56.99211 14.48147 3.1385 57.24206 14.1245 5.6385 57.24206 14.1245 3.1385 57.42623 13.72955 5.6385 57.42623 13.72955 3.1385 57.53902 13.30862 5.6385 57.53902 13.30862 3.1385 57.577 12.8745 5.6385 57.577 12.8745 3.1385 57.53902 12.44038 5.6385 57.53902 12.44038 3.1385 57.42623 12.01945 5.6385 57.42623 12.01945 3.1385 57.24206 11.6245 5.6385 57.24206 11.6245 3.1385 56.99211 11.26753 5.6385 56.99211 11.26753 3.1385 56.68397 10.95939 5.6385 56.68397 10.95939 3.1385 56.327 10.70944 5.6385 56.327 10.70944 3.1385 55.93205 10.52527 5.6385 55.93205 10.52527 3.1385 55.51112 10.41248 5.6385 55.51112 10.41248 3.1385 55.077 10.3745 5.6385 55.077 10.3745 3.1385 54.64288 10.41248 5.6385 54.64288 10.41248 3.1385 54.22195 10.52527 5.6385 54.22195 10.52527 3.1385 53.827 10.70944 5.6385 53.827 10.70944 3.1385 53.47003 10.95939 5.6385 53.47003 10.95939 3.1385 53.16189 11.26753 5.6385 53.16189 11.26753 3.1385 52.91194 11.6245 5.6385 52.91194 11.6245 3.1385 52.72777 12.01945 5.6385 52.72777 12.01945 3.1385 52.61498 12.44038 5.6385 52.61498 12.44038 3.1385 52.577 12.8745 5.6385 52.577 12.8745 3.1385 52.61498 13.30862 5.6385 52.61498 13.30862 3.1385 52.72777 13.72955 5.6385 52.72777 13.72955 3.1385 52.91194 14.1245 5.6385 52.91194 14.1245 3.1385 53.16189 14.48147 5.6385 53.16189 14.48147 3.1385 53.47003 14.78961 5.6385 53.47003 14.78961 3.1385 53.827 15.03956 5.6385 53.827 15.03956 3.1385 54.22195 15.22373 5.6385 54.22195 15.22373 3.1385 54.64288 15.33652 5.6385 54.64288 15.33652 3.1385 54.452 11.79197 5.6385 54.27351 11.91694 5.6385 54.11944 12.07101 5.6385 53.99447 12.2495 5.6385 53.90238 12.44697 5.6385 53.84599 12.65744 5.6385 53.827 12.8745 5.6385 53.84599 13.09156 5.6385 53.90238 13.30202 5.6385 53.99447 13.4995 5.6385 54.11944 13.67798 5.6385 54.27351 13.83205 5.6385 54.452 13.95703 5.6385 54.64947 14.04911 5.6385 54.85994 14.10551 5.6385 55.077 14.1245 5.6385 55.29406 14.10551 5.6385 55.50452 14.04911 5.6385 55.702 13.95703 5.6385 55.88048 13.83205 5.6385 56.03455 13.67798 5.6385 56.15953 13.4995 5.6385 56.25161 13.30202 5.6385 56.30801 13.09156 5.6385 56.327 12.8745 5.6385 56.30801 12.65744 5.6385 56.25161 12.44697 5.6385 56.15953 12.2495 5.6385 56.03455 12.07101 5.6385 55.88048 11.91694 5.6385 55.702 11.79197 5.6385 55.50452 11.69988 5.6385 55.29406 11.64349 5.6385 55.077 11.6245 5.6385 54.85994 11.64349 5.6385 54.64947 11.69988 5.6385 55.077 11.6245 12.2385 54.85994 11.64349 12.2385 54.64947 11.69988 12.2385 54.452 11.79197 12.2385 54.27351 11.91694 12.2385 54.11944 12.07101 12.2385 53.99447 12.2495 12.2385 53.90238 12.44697 12.2385 53.84599 12.65744 12.2385 53.827 12.8745 12.2385 53.84599 13.09156 12.2385 53.90238 13.30202 12.2385 53.99447 13.4995 12.2385 54.11944 13.67798 12.2385 54.27351 13.83205 12.2385 54.452 13.95703 12.2385 54.64947 14.04911 12.2385 54.85994 14.10551 12.2385 55.077 14.1245 12.2385 55.29406 14.10551 12.2385 55.50452 14.04911 12.2385 55.702 13.95703 12.2385 55.88048 13.83205 12.2385 56.03455 13.67798 12.2385 56.15953 13.4995 12.2385 56.25161 13.30202 12.2385 56.30801 13.09156 12.2385 56.327 12.8745 12.2385 56.30801 12.65744 12.2385 56.25161 12.44697 12.2385 56.15953 12.2495 12.2385 56.03455 12.07101 12.2385 55.88048 11.91694 12.2385 55.702 11.79197 12.2385 55.50452 11.69988 12.2385 55.29406 11.64349 12.2385 52.72777 12.01945 12.2385 52.91194 11.6245 12.2385 53.16189 11.26753 12.2385 53.47003 10.95939 12.2385 53.827 10.70944 12.2385 54.22195 10.52527 12.2385 54.64288 10.41248 12.2385 55.077 10.3745 12.2385 55.51112 10.41248 12.2385 55.93205 10.52527 12.2385 56.327 10.70944 12.2385 56.68397 10.95939 12.2385 56.99211 11.26753 12.2385 57.24206 11.6245 12.2385 57.42623 12.01945 12.2385 57.53902 12.44038 12.2385 57.577 12.8745 12.2385 57.53902 13.30862 12.2385 57.42623 13.72955 12.2385 57.24206 14.1245 12.2385 56.99211 14.48147 12.2385 56.68397 14.78961 12.2385 56.327 15.03956 12.2385 55.93205 15.22373 12.2385 55.51112 15.33652 12.2385 55.077 15.3745 12.2385 54.64288 15.33652 12.2385 54.22195 15.22373 12.2385 53.827 15.03956 12.2385 53.47003 14.78961 12.2385 53.16189 14.48147 12.2385 52.91194 14.1245 12.2385 52.72777 13.72955 12.2385 52.61498 13.30862 12.2385 52.577 12.8745 12.2385 52.61498 12.44038 12.2385 55.077 10.3745 14.7385 55.51112 10.41248 14.7385 55.93205 10.52527 14.7385 56.327 10.70944 14.7385 56.68397 10.95939 14.7385 56.99211 11.26753 14.7385 57.24206 11.6245 14.7385 57.42623 12.01945 14.7385 57.53902 12.44038 14.7385 57.577 12.8745 14.7385 57.53902 13.30862 14.7385 57.42623 13.72955 14.7385 57.24206 14.1245 14.7385 56.99211 14.48147 14.7385 56.68397 14.78961 14.7385 56.327 15.03956 14.7385 55.93205 15.22373 14.7385 55.51112 15.33652 14.7385 55.077 15.3745 14.7385 54.64288 15.33652 14.7385 54.22195 15.22373 14.7385 53.827 15.03956 14.7385 53.47003 14.78961 14.7385 53.16189 14.48147 14.7385 52.91194 14.1245 14.7385 52.72777 13.72955 14.7385 52.61498 13.30862 14.7385 52.577 12.8745 14.7385 52.61498 12.44038 14.7385 52.72777 12.01945 14.7385 52.91194 11.6245 14.7385 53.16189 11.26753 14.7385 53.47003 10.95939 14.7385 53.827 10.70944 14.7385 54.22195 10.52527 14.7385 54.64288 10.41248 14.7385 38.827 5.124499 12.7385 38.827 5.124499 14.7385 39.07389 5.144958 12.7385 39.07389 5.144958 14.7385 39.31405 5.205773 12.7385 39.31405 5.205773 14.7385 39.54092 5.305289 12.7385 39.54092 5.305289 14.7385 39.74832 5.440788 12.7385 39.74832 5.440788 14.7385 39.93058 5.608577 12.7385 39.93058 5.608577 14.7385 40.08275 5.804077 12.7385 40.08275 5.804077 14.7385 40.20066 6.021956 12.7385 40.20066 6.021956 14.7385 40.2811 6.256271 12.7385 40.2811 6.256271 14.7385 40.32188 6.50063 12.7385 40.32188 6.50063 14.7385 40.32188 6.748368 12.7385 40.32188 6.748368 14.7385 40.2811 6.992728 12.7385 40.2811 6.992728 14.7385 40.20066 7.227042 12.7385 40.20066 7.227042 14.7385 40.08275 7.444921 12.7385 40.08275 7.444921 14.7385 39.93058 7.640422 12.7385 39.93058 7.640422 14.7385 39.74832 7.80821 12.7385 39.74832 7.80821 14.7385 39.54092 7.94371 12.7385 39.54092 7.94371 14.7385 39.31405 8.043226 12.7385 39.31405 8.043226 14.7385 39.07389 8.104042 12.7385 39.07389 8.104042 14.7385 38.827 8.1245 12.7385 38.827 8.1245 14.7385 16.24522 8.1245 12.7385 20.627 8.1245 14.7385 16.3598 8.1245 12.86673 18.74374 8.1245 14.42424 17.86651 8.1245 14.03945 17.06457 8.1245 13.51551 19.67235 8.1245 14.65939 16.24522 5.124499 12.7385 20.627 5.124499 14.7385 16.3598 5.124499 12.86673 17.06457 5.124499 13.51551 17.86651 5.124499 14.03945 18.74374 5.124499 14.42424 19.67235 5.124499 14.65939 66.8229 14.33532 14.7385 67.32508 14.9683 14.7385 56.81549 17.86403 14.7385 67.47835 15.21487 14.7385 67.71397 15.67655 14.7385 67.97856 16.43999 14.7385 68.11134 17.237 14.7385 68.10855 18.04499 14.7385 67.97028 18.84106 14.7385 67.70043 19.60266 14.7385 67.30667 20.30821 14.7385 66.80014 20.93771 14.7385 66.19519 21.47333 14.7385 65.50897 21.8999 14.7385 64.76093 22.20531 14.7385 63.97225 22.38093 14.7385 57.5221 18.26619 14.7385 58.16034 18.76987 14.7385 58.71572 19.36367 14.7385 53.08789 7.921367 14.7385 59.17565 20.03413 14.7385 59.63864 20.69631 14.7385 60.20615 21.27145 14.7385 60.86208 21.74326 14.7385 61.58786 22.09836 14.7385 62.36292 22.32669 14.7385 63.16529 22.42178 14.7385 63.327 22.4245 14.7385 66.22166 13.79554 14.7385 65.53841 13.36425 14.7385 64.79248 13.05368 14.7385 64.00504 12.87263 14.7385 63.327 12.8245 14.7385 63.19838 12.82622 14.7385 60.35927 12.10792 14.7385 61.02515 12.43266 14.7385 61.7292 12.66321 14.7385 62.45819 12.79523 14.7385 63.05368 12.82816 14.7385 41.1371 10.44357 14.7385 20.627 9.9245 14.7385 38.827 9.9245 14.7385 46.827 3.324499 14.7385 20.627 3.324499 14.7385 39.61982 9.983017 14.7385 40.39546 10.1573 14.7385 49.58599 4.196651 14.7385 50.15267 4.663303 14.7385 50.64158 5.210911 14.7385 51.04125 5.826667 14.7385 51.43969 6.451243 14.7385 51.91986 7.015408 14.7385 52.47273 7.508544 14.7385 47.55895 3.380635 14.7385 48.27378 3.547728 14.7385 48.95476 3.821871 14.7385 16.24522 5.124499 5.1385 16.24522 8.1245 5.1385 38.827 5.124499 5.1385 38.827 8.1245 5.1385 39.07389 8.104042 5.1385 39.31405 8.043226 5.1385 39.54092 7.94371 5.1385 39.74832 7.80821 5.1385 39.93058 7.640422 5.1385 40.08275 7.444921 5.1385 40.20066 7.227042 5.1385 40.2811 6.992728 5.1385 40.32188 6.748368 5.1385 40.32188 6.50063 5.1385 40.2811 6.256271 5.1385 40.20066 6.021956 5.1385 39.54092 5.305289 5.1385 39.31405 5.205773 5.1385 39.74832 5.440788 5.1385 39.93058 5.608577 5.1385 40.08275 5.804077 5.1385 39.07389 5.144958 5.1385 19.67235 8.1245 3.217604 20.627 8.1245 3.1385 16.3598 8.1245 5.010267 38.827 8.1245 3.1385 18.74374 8.1245 3.45276 17.06457 8.1245 4.361485 17.86651 8.1245 3.837552 39.07389 8.104042 3.1385 39.31405 8.043226 3.1385 39.54092 7.94371 3.1385 39.74832 7.80821 3.1385 39.93058 7.640422 3.1385 40.08275 7.444921 3.1385 40.20066 7.227042 3.1385 40.2811 6.992728 3.1385 40.32188 6.748368 3.1385 40.32188 6.50063 3.1385 40.2811 6.256271 3.1385 40.20066 6.021956 3.1385 40.08275 5.804077 3.1385 39.93058 5.608577 3.1385 39.74832 5.440788 3.1385 39.54092 5.305289 3.1385 39.31405 5.205773 3.1385 39.07389 5.144958 3.1385 38.827 5.124499 3.1385 20.627 5.124499 3.1385 16.3598 5.124499 5.010267 19.67235 5.124499 3.217604 18.74374 5.124499 3.45276 17.86651 5.124499 3.837552 17.06457 5.124499 4.361485 19.61984 9.9245 14.65038 20.627 3.324499 3.1385 19.67235 3.324499 3.217604 18.74374 3.324499 3.45276 17.86651 3.324499 3.837552 17.06457 3.324499 4.361485 16.3598 3.324499 5.010267 15.77143 3.324499 5.766201 16.89883 9.9245 4.495442 17.06457 9.9245 4.361485 17.727 9.9245 3.915553 17.86651 9.9245 3.837552 18.64328 9.9245 3.488283 18.74374 9.9245 3.45276 19.61984 9.9245 3.226614 20.627 9.9245 3.1385 18.74374 9.9245 14.42424 18.64328 9.9245 14.38872 17.86651 9.9245 14.03945 17.727 9.9245 13.96145 17.06457 9.9245 13.51551 16.89883 9.9245 13.38156 15.77143 3.324499 12.1108 16.3598 9.9245 12.86673 16.18394 9.9245 12.66667 15.77143 9.9245 12.1108 16.3598 3.324499 12.86673 17.06457 3.324499 13.51551 17.86651 3.324499 14.03945 18.74374 3.324499 14.42424 19.67235 3.324499 14.65939 15.60405 9.9245 11.8385 15.31551 3.324499 11.26833 15.31551 9.9245 11.26833 15.17678 9.9245 10.92222 15.00448 3.324499 10.36231 15.00448 9.9245 10.36231 14.91512 9.9245 9.94566 14.84681 3.324499 9.41746 14.84681 9.9245 9.41746 14.827 3.324499 8.9385 14.827 9.9245 8.9385 14.84681 3.324499 8.45954 14.84681 9.9245 8.45954 14.91512 9.9245 7.93134 15.00448 3.324499 7.514684 15.00448 9.9245 7.514684 15.17678 9.9245 6.954783 15.31551 3.324499 6.608666 15.31551 9.9245 6.608666 15.60405 9.9245 6.0385 15.77143 9.9245 5.766201 16.18394 9.9245 5.210331 16.3598 9.9245 5.010267 46.827 3.324499 3.1385 20.627 3.124499 3.3385 46.827 3.124499 3.3385 41.05154 10.62435 3.3385 41.1371 10.44357 3.1385 40.33737 10.34868 3.3385 40.39546 10.1573 3.1385 39.59046 10.18085 3.3385 39.61982 9.983017 3.1385 38.827 9.9245 3.1385 56.81549 17.86403 3.1385 56.72993 18.04481 3.3385 59.00268 20.13453 3.3385 59.17565 20.03413 3.1385 58.55978 19.48891 3.3385 58.71572 19.36367 3.1385 58.02497 18.9171 3.3385 58.16034 18.76987 3.1385 57.41038 18.43207 3.3385 57.5221 18.26619 3.1385 59.37261 20.68438 3.3385 59.63864 20.69631 3.1385 59.48496 20.8243 3.3385 59.95339 21.31486 3.3385 60.20615 21.27145 3.1385 60.07611 21.42341 3.3385 60.63331 21.83687 3.3385 60.86208 21.74326 3.1385 60.75938 21.91487 3.3385 61.39242 22.23507 3.3385 61.58786 22.09836 3.1385 61.51539 22.28477 3.3385 62.20838 22.49776 3.3385 62.36292 22.32669 3.1385 63.91399 22.58992 3.3385 63.97225 22.38093 3.1385 63.327 22.4245 3.1385 62.32275 22.52261 3.3385 63.05722 22.61722 3.3385 63.16529 22.42178 3.1385 63.15856 22.62166 3.3385 63.327 22.6245 3.3385 63.99914 22.57912 3.3385 64.75352 22.41669 3.3385 64.76093 22.20531 3.1385 64.82067 22.39618 3.3385 65.5511 22.1026 3.3385 65.50897 21.8999 3.1385 65.59989 22.07804 3.3385 66.28333 21.65689 3.3385 66.19519 21.47333 3.1385 66.3147 21.6337 3.3385 66.92865 21.09266 3.3385 66.80014 20.93771 3.1385 66.94485 21.07576 3.3385 67.46812 20.42649 3.3385 67.30667 20.30821 3.1385 67.47248 20.42003 3.3385 67.88266 19.68508 3.3385 67.70043 19.60266 3.1385 67.88587 19.67797 3.3385 67.97028 18.84106 3.1385 68.16374 18.89175 3.3385 68.16963 18.86909 3.3385 68.10855 18.04499 3.1385 68.30778 18.0625 3.3385 68.31105 18.02363 3.3385 68.11134 17.237 3.1385 68.31068 17.22085 3.3385 68.30597 17.16644 3.3385 67.97856 16.43999 3.1385 68.17237 16.39064 3.3385 68.15457 16.32271 3.3385 67.71397 15.67655 3.1385 67.89676 15.59538 3.3385 67.86126 15.51725 3.3385 67.32508 14.9683 3.1385 67.49166 14.85763 3.3385 67.43469 14.77372 3.3385 66.8229 14.33532 3.1385 66.96856 14.19827 3.3385 66.88738 14.11398 3.3385 66.22166 13.79554 3.1385 66.34227 13.636 3.3385 66.23542 13.55742 3.3385 65.53841 13.36425 3.1385 65.63055 13.18674 3.3385 65.49798 13.1204 3.3385 64.79248 13.05368 3.1385 64.85355 12.86323 3.3385 64.69673 12.81577 3.3385 64.00504 12.87263 3.1385 64.03329 12.67463 3.3385 63.327 12.8245 3.1385 63.327 12.6245 3.3385 63.19838 12.82622 3.1385 63.19302 12.62629 3.3385 63.05368 12.82816 3.1385 63.05368 12.62816 3.3385 62.45819 12.79523 3.1385 62.48024 12.59645 3.3385 61.7292 12.66321 3.1385 61.77826 12.46932 3.3385 61.02515 12.43266 3.1385 60.45907 11.9346 3.3385 60.35927 12.10792 3.1385 61.0343 12.22004 3.3385 61.10028 12.24731 3.3385 53.08789 7.921367 3.1385 53.18768 7.748043 3.3385 51.21685 5.730924 3.3385 51.04125 5.826667 3.1385 51.60053 6.332368 3.3385 51.43969 6.451243 3.1385 52.06291 6.875638 3.3385 51.91986 7.015408 3.1385 52.59531 7.350509 3.3385 52.47273 7.508544 3.1385 50.80052 5.089511 3.3385 50.64158 5.210911 3.1385 50.37311 4.599579 3.3385 50.15267 4.663303 3.1385 50.29124 4.519086 3.3385 49.73218 4.055109 3.3385 49.58599 4.196651 3.1385 49.70094 4.03299 3.3385 49.04342 3.642595 3.3385 48.95476 3.821871 3.1385 49.00905 3.625761 3.3385 48.27378 3.547728 3.1385 48.33406 3.357029 3.3385 48.2242 3.323682 3.3385 47.55895 3.380635 3.1385 47.58945 3.182974 3.3385 39.59046 10.18085 14.5385 40.33737 10.34868 14.5385 41.05154 10.62435 14.5385 56.72993 18.04481 14.5385 57.41038 18.43207 14.5385 58.02497 18.9171 14.5385 58.55978 19.48891 14.5385 59.00268 20.13453 14.5385 63.19302 12.62629 14.5385 63.327 12.6245 14.5385 64.03329 12.67463 14.5385 64.69673 12.81577 14.5385 64.85355 12.86323 14.5385 65.49798 13.1204 14.5385 65.63055 13.18674 14.5385 66.23542 13.55742 14.5385 66.34227 13.636 14.5385 66.88738 14.11398 14.5385 67.49166 14.85763 14.5385 67.43469 14.77372 14.5385 66.96856 14.19827 14.5385 67.86126 15.51725 14.5385 67.89676 15.59538 14.5385 68.15457 16.32271 14.5385 68.17237 16.39064 14.5385 68.30597 17.16644 14.5385 68.31068 17.22085 14.5385 68.31105 18.02363 14.5385 68.30778 18.0625 14.5385 68.16963 18.86909 14.5385 68.16374 18.89175 14.5385 67.88587 19.67797 14.5385 67.88266 19.68508 14.5385 67.47248 20.42003 14.5385 67.46812 20.42649 14.5385 66.94485 21.07576 14.5385 66.92865 21.09266 14.5385 66.3147 21.6337 14.5385 66.28333 21.65689 14.5385 65.59989 22.07804 14.5385 65.5511 22.1026 14.5385 64.82067 22.39618 14.5385 64.75352 22.41669 14.5385 63.99914 22.57912 14.5385 63.91399 22.58992 14.5385 63.327 22.6245 14.5385 63.15856 22.62166 14.5385 63.05722 22.61722 14.5385 62.32275 22.52261 14.5385 62.20838 22.49776 14.5385 61.51539 22.28477 14.5385 61.39242 22.23507 14.5385 60.75938 21.91487 14.5385 60.63331 21.83687 14.5385 60.07611 21.42341 14.5385 59.95339 21.31486 14.5385 59.37261 20.68438 14.5385 59.48496 20.8243 14.5385 60.45907 11.9346 14.5385 63.05368 12.62816 14.5385 62.48024 12.59645 14.5385 61.77826 12.46932 14.5385 61.10028 12.24731 14.5385 61.0343 12.22004 14.5385 53.18768 7.748043 14.5385 52.59531 7.350509 14.5385 52.06291 6.875638 14.5385 51.60053 6.332368 14.5385 51.21685 5.730924 14.5385 46.827 3.124499 14.5385 47.58945 3.182974 14.5385 48.2242 3.323682 14.5385 48.33406 3.357029 14.5385 49.00905 3.625761 14.5385 49.04342 3.642595 14.5385 49.70094 4.03299 14.5385 49.73218 4.055109 14.5385 50.29124 4.519086 14.5385 50.37311 4.599579 14.5385 50.80052 5.089511 14.5385 20.627 3.124499 14.5385 19.70527 3.124499 14.46212 18.80868 3.124499 14.23508 17.9617 3.124499 13.86355 17.18741 3.124499 13.35769 16.50695 3.124499 12.73128 15.93887 3.124499 12.00141 15.49867 3.124499 11.18799 15.19836 3.124499 10.31322 15.04613 3.124499 9.400944 15.027 3.124499 8.9385 15.04613 3.124499 8.476056 15.19836 3.124499 7.563781 15.49867 3.124499 6.689005 15.93887 3.124499 5.87559 16.50695 3.124499 5.145723 17.18741 3.124499 4.519313 17.9617 3.124499 4.013447 18.80868 3.124499 3.641923 19.70527 3.124499 3.414876</float_array>
          <technique_common>
            <accessor source="#finger-mesh-positions-array" count="2124" stride="3">
              <param name="X" type="float"/>
              <param name="Y" type="float"/>
              <param name="Z" type="float"/>
            </accessor>
          </technique_common>
        </source>
        <source id="finger-mesh-normals">
          <float_array id="finger-mesh-normals-array" count="9810">-0.883273 0 -0.4688593 -0.883273 1.7911e-7 -0.4688594 -0.8832728 0 -0.4688594 -0.7933018 1.44735e-7 -0.6088287 -0.7933015 0 -0.608829 -0.6813667 0 -0.7319422 -0.6813668 1.27673e-7 -0.7319422 -0.550567 0 -0.834791 -0.5505666 0 -0.8347914 -0.4045273 0 -0.914526 -0.2472825 0 -0.9689435 -0.2472825 0 -0.9689435 -0.0831958 0 -0.9965332 -0.0831958 0 -0.9965333 0 0 -1 1 0 0 0 0 1 -0.08319616 0 0.9965332 -0.8832735 0 0.4688584 -0.247281 0 0.9689438 -0.2472854 0 0.9689427 -0.4045249 0 0.914527 -0.4045268 0 0.9145262 -0.5505673 0 0.8347909 -0.5505673 -1.78859e-7 0.8347909 -0.6813678 -2.8947e-7 0.7319412 -0.6813678 0 0.7319413 -0.7933011 -1.44735e-7 0.6088296 -0.7933011 0 0.6088296 -0.8832732 0 0.4688588 -0.8832731 0 0.468859 -1 0 0 0 -1 0 0 -1 -1.21175e-7 2.24576e-7 -1 -1.19379e-7 1.48595e-7 -1 0 0 -1 0 0 -1 0 0 -1 0 -1.42326e-7 -1 0 1.48613e-7 -1 0 1.21415e-7 -1 0 0 -1 0 0 -1 0 0 -1 -1.20234e-7 0 -1 0 0 -1 0 0 -1 0 -1.83029e-7 -1 0 -2.57129e-7 -1 0 0 -1 0 2.60867e-7 -1 0 1.88936e-7 -1 0 0 -1 0 0 -1 0 0 -1 0 0 -1 0 0 -1 0 0 -1 0 9.04648e-7 -1 -6.12147e-7 0 -1 0 6.99094e-7 -1 -4.46254e-7 2.99571e-7 -1 -2.92731e-7 -1.79618e-6 -1 5.78488e-7 0 -1 -1.36183e-7 0 -1 -2.83371e-7 0 -1 -2.62566e-7 0 -1 -2.47524e-7 0 -1 -2.62037e-7 0 -1 -2.40443e-7 0 -1 -2.35631e-7 0 -1 -2.1254e-7 0 -1 -2.20868e-7 4.71082e-7 -1 -5.93724e-7 0 -1 0 0 -1 0 0 -1 0 0 -1 0 0 -1 0 0 -1 0 0 -1 -1.56334e-7 0 -1 -2.34573e-7 0 -1 -2.60792e-7 0 -1 -1.9108e-7 0 -1 0 0 -1 0 0 -1 0 0 -1 0 0 -1 0 0 -1 0 0 -1 0 0 -1 0 4.0623e-7 -1 -1.41375e-6 0 -1 0 0 -1 0 0 -1 0 0 -1 0 7.97944e-7 -1 -8.40832e-7 0 -1 0 2.70115e-6 -1 -5.90992e-6 -5.78361e-4 -0.9999991 0.001186311 0 -1 8.3164e-7 0 -1 -1.20727e-7 0 -1 0 0 -1 0 0 -1 0 0 -1 0 0 -1 0 0 -1 0 0 -1 0 0 -1 -2.48707e-7 3.09997e-7 -1 -4.33998e-7 1.53309e-7 -1 -3.38722e-7 0 1 0 0 1 7.30972e-7 0 1 3.64381e-7 0 1 -3.63924e-7 0 1 -9.62629e-7 4.03805e-7 1 3.26875e-6 -2.83103e-7 1 0 -2.86672e-7 1 -7.25843e-7 -3.13595e-7 1 0 -3.62705e-7 1 -4.69966e-7 -2.45637e-7 1 0 0 1 0 0 1 4.96221e-7 0 1 0 0 1 9.59775e-7 0 1 0 0 1 4.80412e-7 1.21601e-7 1 2.025e-7 1.29469e-7 1 4.80869e-7 1.65798e-7 1 0 -5.39881e-7 1 0 0 1 -8.07958e-7 0 1 -4.81802e-7 0 1 2.40985e-7 0 1.37219e-7 -1 0 1.37219e-7 -1 0.9961947 -3.14883e-7 -0.08715671 0.9961947 0 -0.08715671 0.965925 0 -0.258822 0.9659252 0 -0.2588215 0.9063082 0 -0.4226174 0.9063078 0 -0.4226185 0.8191522 0 -0.5735765 0.8191525 0 -0.5735757 0.7071058 0 -0.7071079 0.7071096 3.14882e-7 -0.707104 0.5735772 0 -0.8191515 0.5735774 0 -0.8191515 0.4226173 1.57441e-7 -0.9063082 0.4226173 0 -0.9063082 0.258817 1.57442e-7 -0.9659264 0.2588194 1.57442e-7 -0.9659258 0.08715713 0 -0.9961946 0.08715713 1.57442e-7 -0.9961946 1 -3.22869e-7 0 1 1.89363e-7 0 0.0784586 -1.3117e-7 0.9969175 0.0784586 -1.74894e-7 0.9969175 0.2334461 0 0.9723697 0.2334462 -1.74893e-7 0.9723697 0.3826831 -1.74893e-7 0.9238797 0.3826826 -1.74893e-7 0.92388 0.5224974 0 0.852641 0.5224971 -1.74893e-7 0.8526412 0.649451 0 0.7604035 0.6494505 -3.49787e-7 0.7604039 0.7604051 0 0.6494491 0.7604054 0 0.6494487 0.8526387 -3.49785e-7 0.5225009 0.8526387 0 0.522501 0.9238808 0 0.3826806 0.9238809 0 0.3826801 0.97237 0 0.2334449 0.97237 0 0.2334452 0.9969171 0 0.07846325 0.9969171 0 0.07846325 0 -1.37219e-7 1 0 -1.37219e-7 1 0 1 -1.64279e-6 0 1 -1.47515e-6 0 1 2.2252e-6 0 1 -1.49926e-6 0 1 8.99152e-7 -8.32406e-7 1 7.0347e-7 0 1 2.6657e-7 0 1 2.1867e-6 0 1 -2.42688e-6 0 1 -7.29697e-7 0 1 6.65633e-7 0 1 -8.32636e-7 0 1 1.19471e-7 0 1 -3.05291e-7 0 1 4.91913e-7 0 1 0 0 1 8.41874e-7 0 1 0 0 1 -5.04547e-7 0 1 0 0 1 0 0 1 5.18373e-7 0 1 -2.02549e-7 0 1 -4.4158e-6 0 1 8.68924e-7 0 1 0 -1.41865e-7 1 2.94959e-6 0 1 0 0 1 -1.62177e-6 0 1 4.14865e-7 0 1 6.72509e-7 0 1 2.99519e-7 0 1 -2.0803e-7 0 1 0 0 1 -4.72972e-7 0 1 0 0 1 3.02586e-6 0 1 -4.61078e-7 0 1 0 0 1 3.61695e-7 0 1 -1.27878e-7 0 1 1.20076e-6 0 1 -4.05256e-7 0 1 2.65879e-7 2.87543e-7 1 7.21096e-7 -1.28485e-7 1 0 -1.26127e-7 1 -4.16167e-7 0 1 3.13743e-7 0 1 1.20066e-7 0 1 6.80226e-7 0 1 0 0 1 4.15465e-7 0 1 5.74418e-7 0 1 2.45143e-7 0 1 -6.58548e-7 0 1 0 0 1 -7.71849e-7 0 1 9.61371e-7 -4.33461e-7 1 6.57931e-7 0 1 4.17162e-7 0 1 0 0 1 0 0 1 1.70652e-7 0 1 1.71199e-7 0 1 0 0 1 1.75513e-7 0 1 0 0 1 0 0 1 5.6734e-7 0 1 0 0 1 6.68667e-7 0 1 0 0 1 1.81915e-7 0 1 5.05777e-7 0 1 1.74616e-7 -0.7071063 -0.7071073 0 -0.7071067 -0.707107 0 0.7028055 -0.7113821 0 0.7028052 -0.7113824 0 0 -1 0 0 -1 -1.21418e-7 -0.707107 0.7071067 0 -0.7071068 0.7071068 0 3.29798e-7 1.56305e-7 -1 0 1.47805e-7 -1 -9.51904e-7 1.40795e-7 -1 -6.74199e-7 1.34814e-7 -1 0 1.29541e-7 -1 -9.21177e-7 1.24677e-7 -1 3.92341e-6 0 -1 0 1.90735e-7 -1 -9.45776e-7 1.81222e-7 -1 1.23999e-7 1.67023e-7 -1 0 2.63458e-7 -1 0 3.01172e-7 -1 0 3.20595e-7 -1 -3.29798e-7 0 1 0 0 1 -3.68471e-6 0 1 7.61999e-6 0 1 -4.29229e-7 0 1 0 0 1 -0.9961949 0.0871545 0 -0.9961949 0.0871545 0 -0.9659258 0.2588194 0 -0.9659258 0.2588191 0 -0.9063073 0.4226195 0 -0.9063071 0.4226198 0 -0.8191528 0.5735754 0 -0.8191528 0.5735753 0 -0.7071053 0.7071082 0 -0.7071059 0.7071077 0 -0.5735768 0.8191518 0 -0.4226188 0.9063076 0 -0.2588194 0.9659258 0 -0.2588193 0.9659258 0 -0.0871554 0.9961948 0 -0.0871554 0.9961948 0 0 -1 -1.25674e-7 -0.08715438 0 0.9961948 -0.08715736 0 0.9961946 -0.2588188 0 0.965926 -0.4226183 0 0.9063079 -0.4226217 0 0.9063062 -0.5735746 0 0.8191534 -0.573575 0 0.8191531 -0.7071053 0 0.7071083 -0.8191532 0 0.5735749 -0.8191522 0 0.5735763 -0.9063109 0 0.4226115 -0.9659255 0 0.2588202 -0.9659258 0 0.2588191 -0.9961946 0 0.0871579 -0.9961946 0 0.08715862 -0.9961946 0 -0.0871579 -0.9961945 0 -0.08715808 -0.9659258 0 -0.2588195 -0.9659258 0 -0.2588191 -0.9063104 0 -0.4226127 -0.9063109 0 -0.4226118 -0.8191536 0 -0.5735744 -0.8191532 0 -0.5735749 -0.7071068 0 -0.7071068 -0.5735709 0 -0.819156 -0.573575 0 -0.8191531 -0.4226239 0 -0.9063052 -0.4226139 0 -0.9063099 -0.2588184 0 -0.9659261 -0.2588188 0 -0.965926 -0.08715438 0 -0.9961948 -0.0871604 0 -0.9961944 0.0871604 0 -0.9961944 0.08715438 0 -0.9961948 0.2588184 0 -0.9659261 0.2588188 0 -0.965926 0.4226139 0 -0.9063099 0.4226239 0 -0.9063052 0.5735793 0 -0.8191501 0.5735751 0 -0.819153 0.7071068 0 -0.7071068 0.8191536 0 -0.5735744 0.8191532 0 -0.5735749 0.9063067 0 -0.4226209 0.9063071 0 -0.4226198 0.965926 0 -0.2588188 0.9659257 0 -0.2588199 0.9961945 0 -0.08715814 0.9961946 0 -0.08715778 0.9961946 0 0.08715867 0.9961946 0 0.08715778 0.965926 0 0.2588188 0.9659254 0 0.2588206 0.9063073 0 0.4226194 0.9063072 0 0.4226197 0.8191522 0 0.5735763 0.8191532 0 0.5735749 0.7071053 0 0.7071083 0.5735793 0 0.8191501 0.5735796 0 0.8191499 0.4226208 0 0.9063066 0.4226192 0 0.9063074 0.2588188 0 0.965926 0.08715736 0 0.9961946 0.08715438 0 0.9961948 -0.1833611 -0.7057573 0.6843138 -0.1833613 -0.705758 0.684313 -0.2994073 -0.705756 0.6420776 -0.2994042 -0.7057588 0.6420761 -0.4063513 -0.7057567 0.5803328 -0.4063535 -0.7057567 0.5803312 -0.5009498 -0.7057604 0.5009509 -0.5009519 -0.7057572 0.5009533 -0.5803313 -0.705758 0.4063511 -0.5803328 -0.7057562 0.4063524 -0.6420803 -0.705756 0.2994019 -0.6420762 -0.705758 0.2994056 -0.6843144 -0.7057566 0.1833616 -0.6843125 -0.7057585 0.1833612 -0.7057575 -0.7057575 0.06174725 -0.7057576 -0.7057576 0.06174498 -0.7057575 -0.7057575 -0.06174761 -0.7057576 -0.7057576 -0.06174474 -0.6843126 -0.7057583 -0.1833622 -0.6843138 -0.7057573 -0.1833608 -0.6420777 -0.7057585 -0.2994014 -0.6420761 -0.705758 -0.2994061 -0.5803326 -0.7057569 -0.4063513 -0.5803314 -0.7057574 -0.4063522 -0.5009527 -0.7057573 -0.5009523 -0.500952 -0.705758 -0.500952 -0.4063502 -0.705757 -0.5803331 -0.4063525 -0.7057572 -0.5803314 -0.299405 -0.7057591 -0.6420755 -0.2994049 -0.7057583 -0.6420763 -0.1833598 -0.7057575 -0.684314 -0.1833619 -0.7057579 -0.684313 -0.06174588 -0.7057574 -0.7057577 -0.0617451 -0.7057577 -0.7057576 0.06174588 -0.7057574 -0.7057577 0.06174522 -0.7057568 -0.7057585 0.1833617 -0.7057599 -0.684311 0.183361 -0.7057566 -0.6843145 0.299405 -0.7057591 -0.6420755 0.2994065 -0.7057574 -0.6420766 0.4063533 -0.7057571 -0.5803309 0.4063505 -0.7057582 -0.5803317 0.5009526 -0.7057572 -0.5009525 0.5009519 -0.705758 -0.5009519 0.5803317 -0.7057564 -0.4063533 0.5803312 -0.7057581 -0.406351 0.6420763 -0.705757 -0.2994078 0.6420761 -0.705758 -0.2994061 0.6843116 -0.7057593 -0.1833615 0.6843138 -0.7057573 -0.1833609 0.7057569 -0.7057582 -0.06174719 0.7057579 -0.7057573 -0.06174492 0.7057572 -0.7057579 0.06174778 0.7057579 -0.7057573 0.06174474 0.6843121 -0.7057588 0.183362 0.6843135 -0.7057576 0.183361 0.6420759 -0.7057579 0.2994066 0.6420765 -0.7057577 0.2994057 0.5803313 -0.705758 0.4063511 0.5803317 -0.7057575 0.4063516 0.5009506 -0.7057581 0.5009533 0.5009517 -0.7057579 0.5009523 0.4063529 -0.7057595 0.5803284 0.4063517 -0.7057574 0.5803316 0.2994073 -0.705756 0.6420776 0.2994056 -0.7057584 0.6420759 0.1833611 -0.7057574 0.6843137 0.1833613 -0.7057579 0.6843131 0.06174457 -0.7057576 0.7057577 0.06174582 -0.7057567 0.7057584 -0.06174594 -0.7057576 0.7057576 -0.0617451 -0.705758 0.7057572 -0.8191485 0 0.5735815 -0.8191476 0 0.573583 -0.9961954 0 0.08714818 -0.9961953 0 0.08714896 -0.9961954 0 -0.08714818 -0.9961954 0 -0.08714848 -0.8191485 0 -0.5735815 0.2588199 0 -0.9659256 0.2588199 0 0.9659256 -0.1833609 -0.7057566 0.6843147 -0.2994062 -0.7057588 0.6420752 -0.2994059 -0.7057577 0.6420765 -0.4063528 -0.705758 0.5803301 -0.5009516 -0.7057577 0.5009528 -0.500949 -0.7057589 0.5009536 -0.5803297 -0.7057561 0.4063568 -0.580333 -0.7057578 0.4063491 -0.6420802 -0.7057559 0.2994022 -0.6420751 -0.705758 0.2994083 -0.6843131 -0.705758 0.1833612 -0.6843131 -0.7057579 0.1833614 -0.7057578 -0.7057578 0.06174051 -0.705757 -0.7057582 0.06174492 -0.7057571 -0.7057585 -0.06174081 -0.705757 -0.7057583 -0.06174468 -0.6843119 -0.7057589 -0.183362 -0.642076 -0.7057567 -0.2994093 -0.5803275 -0.7057589 -0.4063549 -0.5803332 -0.705757 -0.4063502 -0.50095 -0.7057585 -0.5009533 -0.4063527 -0.7057569 -0.5803317 -0.2994071 -0.705756 -0.6420779 -0.1833583 -0.7057629 -0.6843087 -0.1833615 -0.7057563 -0.6843147 -0.06174516 -0.7057576 -0.7057576 0.06174516 -0.7057588 -0.7057564 0.1833628 -0.7057588 -0.6843118 0.2994059 -0.7057588 -0.6420753 0.4063549 -0.7057544 -0.5803331 0.5009526 -0.7057571 -0.5009526 0.5803295 -0.7057592 -0.4063518 0.6420766 -0.7057574 -0.2994064 0.684309 -0.705762 -0.1833609 0.6843145 -0.7057567 -0.1833611 0.7057562 -0.7057589 -0.06174713 0.7057576 -0.7057576 -0.06174486 0.7057568 -0.7057582 0.06174778 0.7057582 -0.705757 0.0617448 0.6843115 -0.7057594 0.1833618 0.6843138 -0.7057573 0.1833611 0.6420769 -0.7057575 0.2994059 0.5803312 -0.705758 0.4063512 0.4063525 -0.7057561 0.5803327 0.2994062 -0.7057588 0.6420752 0.1833615 -0.7057591 0.6843118 0.1833617 -0.7057566 0.6843144 0.06174582 -0.7057588 0.7057563 0.06174463 -0.7057622 -0.705753 0.06174618 -0.7057479 -0.7057673 0.18336 -0.7057523 -0.6843193 0.1833608 -0.7057637 -0.6843073 0.299398 -0.7057679 -0.6420691 0.2994077 -0.7057533 -0.6420805 0.4063522 -0.7057642 -0.5803231 0.4063557 -0.7057535 -0.5803336 0.5009553 -0.7057558 -0.5009517 0.5009477 -0.7057605 -0.5009528 0.5803338 -0.7057552 -0.4063525 0.580333 -0.7057562 -0.4063518 0.6420709 -0.7057628 -0.2994061 0.6420761 -0.7057579 -0.2994064 0.6843184 -0.7057527 -0.1833615 0.6843155 -0.7057546 -0.1833652 0.7057525 -0.7057629 -0.06174337 0.7057598 -0.7057557 -0.06174355 0.7057538 -0.7057616 0.06174325 0.7057598 -0.7057557 0.06174355 0.6843118 -0.7057591 0.1833618 0.6843173 -0.7057525 0.1833668 0.6420765 -0.7057577 0.2994058 0.6420798 -0.7057552 0.2994047 0.5803285 -0.7057598 0.4063519 0.5803319 -0.7057573 0.4063515 0.5009541 -0.7057567 0.5009515 0.5009492 -0.7057598 0.5009523 0.4063526 -0.7057585 0.5803296 0.4063526 -0.7057557 0.5803331 0.2994053 -0.7057623 0.6420717 0.2994078 -0.705757 0.6420763 0.1833562 -0.7057578 0.6843146 0.183362 -0.7057601 0.6843107 0.0617451 -0.705757 0.7057583 0.06174558 -0.7057545 0.7057607 -0.06174677 -0.7057673 0.7057478 -0.06174415 -0.7057474 0.7057679 -0.1833574 -0.7057628 0.6843093 -0.1833598 -0.7057598 0.6843115 -0.2994095 -0.7057558 0.642077 -0.2994059 -0.7057575 0.6420767 -0.4063478 -0.7057657 0.5803242 -0.4063563 -0.7057499 0.5803375 -0.5009533 -0.7057567 0.5009524 -0.5009517 -0.7057605 0.5009486 -0.580333 -0.7057574 0.4063497 -0.5803276 -0.7057603 0.4063525 -0.6420706 -0.7057643 0.299403 -0.6420796 -0.705755 0.2994056 -0.6843042 -0.705767 0.1833598 -0.6843178 -0.705753 0.1833628 -0.7057525 -0.7057629 0.06174337 -0.7057567 -0.7057587 0.06174308 -0.7057551 -0.7057603 -0.06174314 -0.7057536 -0.7057618 -0.06174337 -0.6843159 -0.7057553 -0.1833608 -0.6843081 -0.7057633 -0.1833591 -0.6420755 -0.7057573 -0.2994089 -0.642076 -0.7057577 -0.2994068 -0.580327 -0.7057659 -0.4063438 -0.5803323 -0.7057554 -0.4063544 -0.5009551 -0.7057554 -0.5009524 -0.5009487 -0.7057619 -0.5009497 -0.406357 -0.705757 -0.5803284 -0.4063543 -0.7057551 -0.5803326 -0.2994053 -0.7057623 -0.6420717 -0.299403 -0.7057563 -0.6420794 -0.18336 -0.7057523 -0.6843193 -0.1833609 -0.7057642 -0.6843068 -0.06175076 -0.7057515 -0.7057632 -0.06174105 -0.7057598 -0.7057557 -0.08715522 0 -0.9961948 -0.2588177 0 -0.9659262 -0.2588137 0 -0.9659273 -0.422624 0 -0.9063051 -0.4226133 0 -0.9063102 -0.573577 0 -0.8191518 -0.5735799 0 -0.8191497 -0.7071075 0 -0.7071061 -0.7071076 0 -0.7071061 -0.8191552 0 -0.5735719 -0.8191567 0 -0.5735699 -0.9063068 0 -0.4226205 -0.906306 0 -0.4226222 -0.9659262 0 -0.2588181 -0.9659259 0 -0.2588192 -0.996195 0 -0.08715271 -0.996195 0 -0.08715271 -0.9961949 0 0.08715343 -0.996195 0 0.08715271 -0.9659262 0 0.2588181 -0.9063068 0 0.4226205 -0.9063076 0 0.4226188 -0.8191552 0 0.5735719 -0.7071097 0 0.7071039 -0.7071076 0 0.7071061 -0.573577 0 0.8191518 -0.5735769 0 0.8191517 -0.4226204 0 0.9063068 -0.4226168 0 0.9063085 -0.2588137 0 0.9659273 -0.2588177 0 0.9659262 -0.08715522 0 0.9961948 -0.08715951 0 0.9961944 0.08715951 0 0.9961944 0.08715522 0 0.9961948 0.2588177 0 0.9659262 0.2588137 0 0.9659273 0.4226169 0 0.9063085 0.4226204 0 0.9063068 0.573577 0 0.8191518 0.5735769 0 0.8191517 0.7071075 0 0.7071061 0.7071098 0 0.7071039 0.8191522 0 0.5735765 0.9063076 0 0.4226188 0.9063068 0 0.4226205 0.9659255 0 0.2588202 0.9659262 0 0.2588181 0.996195 0 0.08715271 0.9961949 0 0.08715343 0.996195 0 -0.08715271 0.996195 0 -0.08715271 0.9659259 0 -0.2588192 0.9659262 0 -0.2588181 0.906306 0 -0.4226222 0.9063068 0 -0.4226205 0.8191535 0 -0.5735744 0.7071075 0 -0.7071061 0.7071076 0 -0.7071061 0.5735799 0 -0.8191497 0.5735769 0 -0.8191517 0.4226133 0 -0.9063102 0.422624 0 -0.9063051 0.2588137 0 -0.9659273 0.2588177 0 -0.9659262 0.08715522 0 -0.9961948 0.06174719 0.7057614 0.7057536 0.06174403 0.705752 0.7057633 0.1833597 0.705751 0.6843207 0.1833592 0.7057654 0.684306 0.2994047 0.7057652 0.6420689 0.2994083 0.7057548 0.6420786 0.4063532 0.7057545 0.5803341 0.4063508 0.7057608 0.5803281 0.5009454 0.7057664 0.5009467 0.5009544 0.705756 0.5009523 0.5803315 0.7057555 0.4063552 0.5803353 0.7057533 0.4063538 0.6420751 0.7057588 0.2994064 0.6420798 0.7057551 0.2994049 0.6843145 0.7057567 0.1833612 0.6843135 0.7057567 0.1833647 0.7057524 0.7057628 0.06174468 0.7057608 0.7057546 0.06174343 0.705755 0.7057603 -0.06174445 0.7057577 0.7057577 -0.06174373 0.6843155 0.7057548 -0.1833646 0.6843159 0.705755 -0.1833623 0.642071 0.7057629 -0.2994055 0.6420757 0.7057575 -0.299408 0.5803322 0.7057594 -0.4063473 0.5803328 0.705756 -0.4063527 0.5009534 0.7057558 -0.5009534 0.5009514 0.7057575 -0.5009534 0.4063564 0.705756 -0.5803301 0.4063537 0.7057582 -0.5803292 0.2994077 0.7057576 -0.6420758 0.299402 0.7057579 -0.6420782 0.1833595 0.7057504 -0.6843214 0.1833611 0.7057652 -0.6843057 0.06175071 0.7057508 -0.7057639 0.06174147 0.7057577 -0.7057577 -0.06174415 0.7057668 -0.7057485 -0.06174635 0.7057489 -0.7057663 -0.1833597 0.705751 -0.6843207 -0.1833611 0.7057652 -0.6843057 -0.2994019 0.7057564 -0.6420798 -0.2994056 0.705761 -0.6420731 -0.4063516 0.7057634 -0.5803244 -0.4063585 0.70575 -0.580336 -0.5009547 0.705755 -0.5009534 -0.5009489 0.7057623 -0.5009489 -0.5803262 0.7057669 -0.4063432 -0.5803294 0.7057601 -0.4063504 -0.6420658 0.7057675 -0.2994057 -0.642084 0.7057502 -0.2994077 -0.6843082 0.7057631 -0.18336 -0.6843162 0.7057553 -0.1833602 -0.7057524 0.7057628 -0.06174468 -0.7057557 0.7057598 -0.06174319 -0.7057538 0.7057616 0.06174457 -0.7057598 0.7057557 0.06174355 -0.6843113 0.7057586 0.1833655 -0.68431 0.7057614 0.1833597 -0.6420768 0.705758 0.2994046 -0.6420761 0.7057593 0.2994032 -0.5803282 0.7057633 0.4063464 -0.5803309 0.7057562 0.4063549 -0.5009534 0.7057558 0.5009534 -0.5009534 0.7057575 0.5009514 -0.406352 0.7057574 0.5803313 -0.4063532 0.7057567 0.5803314 -0.2994077 0.7057576 0.6420758 -0.2994076 0.7057566 0.642077 -0.1833557 0.7057559 0.6843167 -0.1833611 0.7057652 0.6843057 -0.06174552 0.7057511 0.7057641 -0.06174528 0.7057611 0.705754 0.06174445 -0.7057603 -0.705755 0.06174546 -0.705756 -0.7057591 0.1833626 -0.7057514 -0.6843195 0.183362 -0.7057591 -0.6843118 0.2994003 -0.7057629 -0.6420733 0.2994059 -0.7057575 -0.6420767 0.4063542 -0.7057574 -0.5803299 0.4063534 -0.7057576 -0.5803303 0.5009516 -0.7057579 -0.5009526 0.5803337 -0.7057551 -0.406353 0.5803322 -0.7057552 -0.4063549 0.6420779 -0.7057558 -0.2994072 0.684316 -0.7057551 -0.1833612 0.7057523 -0.7057627 -0.06174862 0.7057576 -0.7057576 -0.06174641 0.7057562 -0.7057588 0.06174743 0.7057555 -0.7057596 0.06174725 0.6843105 -0.7057604 0.1833614 0.6843138 -0.7057571 0.1833617 0.5803287 -0.7057598 0.4063519 0.5803292 -0.7057582 0.4063537 0.5009537 -0.7057574 0.5009511 0.5009531 -0.7057571 0.5009521 0.4063496 -0.7057585 0.5803318 0.4063528 -0.7057561 0.5803325 0.2994061 -0.7057591 0.6420749 0.2994069 -0.7057591 0.6420745 0.183358 -0.7057596 0.6843123 0.1833625 -0.705757 0.6843138 0.06174445 -0.7057603 0.705755 -0.06174725 -0.7057621 0.7057529 -0.06174397 -0.7057536 0.7057618 -0.1833593 -0.70576 0.6843115 -0.1833588 -0.7057599 0.6843118 -0.2994087 -0.7057537 0.6420797 -0.2994047 -0.7057566 0.6420782 -0.4063519 -0.7057626 0.5803253 -0.4063514 -0.7057577 0.5803315 -0.5009484 -0.7057603 0.5009523 -0.5009545 -0.7057563 0.500952 -0.5803321 -0.7057563 0.406353 -0.58033 -0.7057591 0.4063512 -0.6420803 -0.705754 0.2994068 -0.6420797 -0.7057551 0.2994052 -0.6843097 -0.7057622 0.1833573 -0.6843119 -0.7057592 0.1833612 -0.7057575 -0.7057575 0.06174772 -0.7057565 -0.7057586 0.06174719 -0.7057601 -0.7057548 -0.0617488 -0.7057535 -0.7057617 -0.06174641 -0.6843139 -0.7057585 -0.1833563 -0.684316 -0.7057551 -0.1833612 -0.6420731 -0.70576 -0.2994078 -0.6420762 -0.705758 -0.2994059 -0.5803301 -0.7057591 -0.4063511 -0.5803332 -0.7057565 -0.406351 -0.5009531 -0.7057554 -0.5009545 -0.50095 -0.7057597 -0.5009515 -0.4063569 -0.7057595 -0.5803256 -0.4063534 -0.7057576 -0.5803303 -0.2994052 -0.7057567 -0.642078 -0.2994014 -0.7057565 -0.64208 -0.1833592 -0.7057594 -0.6843122 -0.1833614 -0.7057581 -0.6843129 -0.06174123 -0.7057619 -0.7057537 -0.2588194 0 -0.9659258 -0.2588153 0 -0.9659269 -0.4226214 0 -0.9063063 -0.4226107 0 -0.9063114 -0.5735801 0 -0.8191496 -0.5735829 0 -0.8191475 -0.7071042 0 -0.7071094 -0.8191522 0 -0.5735765 -0.8191535 0 -0.5735744 -0.9659278 0 -0.2588118 -0.9659275 0 -0.258813 -0.9961944 0 -0.08715927 -0.9961944 0 -0.08715927 -0.9961944 0 0.08716005 -0.9961944 0 0.08715927 -0.9659278 0 0.2588118 -0.9659273 0 0.258814 -0.8191522 0 0.5735765 -0.7071064 0 0.7071073 -0.7071042 0 0.7071094 -0.5735801 0 0.8191496 -0.57358 0 0.8191497 -0.4226179 0 0.906308 -0.4226143 0 0.9063097 -0.2588154 0 0.9659269 -0.2588194 0 0.9659258 0.08715891 0 0.9961944 0.08715462 0 0.9961948 0.258821 0 0.9659253 0.258817 0 0.9659264 0.5735739 0 0.819154 0.5735738 0 0.819154 0.9961944 0 0.08715927 0.9961944 0 0.08716005 0.9961944 0 -0.08715927 0.9961944 0 -0.08715927 0.5735768 0 -0.8191519 0.5735738 0 -0.819154 0.258817 0 -0.9659264 0.2588211 0 -0.9659253 0.08715462 0 -0.9961948 0.08715462 0 -0.9961948 0.06174695 0.7057588 0.7057562 0.06174367 0.7057561 0.7057592 0.1833608 0.7057554 0.6843159 0.1833603 0.7057608 0.6843104 0.2994067 0.7057594 0.6420744 0.2994065 0.7057589 0.642075 0.4063497 0.7057586 0.5803316 0.4063532 0.7057567 0.5803314 0.5009528 0.705756 0.500954 0.5009534 0.7057588 0.5009493 0.5803318 0.705756 0.4063541 0.5803281 0.7057608 0.4063508 0.6843137 0.705757 0.1833627 0.7057585 0.7057564 0.06174939 0.7057574 0.7057574 -0.06174987 0.7057535 0.7057617 -0.0617454 0.6843142 0.7057561 -0.1833642 0.6843162 0.7057553 -0.1833602 0.6420733 0.7057603 -0.2994066 0.5803323 0.7057554 -0.4063544 0.5009539 0.7057552 -0.5009539 0.5009518 0.7057582 -0.5009518 0.4063529 0.7057578 -0.5803304 0.4063554 0.705757 -0.5803296 0.2994067 0.7057552 -0.6420788 0.2994015 0.7057609 -0.6420751 0.1833608 0.7057605 -0.6843106 0.1833637 0.7057534 -0.6843172 0.06174957 0.7057588 -0.7057561 -0.06174457 0.7057616 -0.7057538 -0.06174618 0.705755 -0.7057601 -0.183359 0.7057587 -0.6843129 -0.1833614 0.7057621 -0.6843088 -0.2994012 0.7057546 -0.6420821 -0.2994045 0.7057582 -0.6420767 -0.4063591 0.7057555 -0.5803288 -0.4063513 0.7057623 -0.5803259 -0.5009502 0.7057591 -0.5009522 -0.5009537 0.7057569 -0.5009517 -0.580329 0.7057597 -0.4063516 -0.5803332 0.7057565 -0.406351 -0.6420705 0.7057623 -0.2994079 -0.6420761 0.7057579 -0.2994061 -0.6843142 0.7057588 -0.1833538 -0.6843142 0.7057573 -0.1833598 -0.7057574 0.7057574 -0.06175035 -0.7057556 0.7057597 -0.06174522 -0.7057613 0.7057535 0.06175047 -0.7057556 0.7057597 0.06174522 -0.6843076 0.7057652 0.1833541 -0.684316 0.7057552 0.1833613 -0.642078 0.7057567 0.2994052 -0.6420794 0.7057547 0.2994068 -0.5803325 0.705758 0.4063494 -0.5803298 0.7057588 0.4063521 -0.5009526 0.7057572 0.5009526 -0.500952 0.7057595 0.5009499 -0.4063513 0.7057588 0.5803303 -0.4063525 0.7057597 0.5803284 -0.2994046 0.7057555 0.6420795 -0.299408 0.7057555 0.6420779 -0.1833563 0.7057585 0.6843139 -0.1833611 0.7057611 0.6843098 -0.06174558 0.7057524 0.7057628 -0.06174534 0.7057622 0.705753 0 1 1.2791e-6 0 1 -1.51094e-6 0 1 1.33741e-6 0 1 -1.65219e-6 0 1 -2.52796e-7 0 1 4.98509e-6 0 1 -4.76572e-6 0 1 2.52796e-7 0 1 -2.28038e-7 0 1 -1.27909e-6 0 1 8.77679e-7 0 1 1.94926e-6 0 1 -2.39541e-7 0 1 -2.86296e-6 0 1 5.43206e-6 0 1 6.88807e-6 0 1 -4.06454e-7 0 1 3.32785e-6 0 1 3.69177e-6 0 1 4.39523e-6 0 1 -1.67459e-7 0 1 -2.47456e-6 0 1 1.81066e-6 0 1 -3.75483e-7 0 1 -5.57617e-7 0 1 7.43491e-7 0 1 -1.10442e-6 0 1 1.10442e-6 0 1 -3.64764e-7 0 1 1.08511e-6 0 1 -1.44681e-6 0 1 1.07713e-6 0 1 -2.15425e-6 0 1 -3.21153e-6 0 1 -3.55143e-7 0 1 2.12395e-6 0 1 3.53991e-7 0 1 1.41364e-6 0 1 -2.12046e-6 0 1 4.24091e-6 0 1 -3.53993e-7 0 1 1.06543e-6 0 1 -2.48599e-6 0 1 3.56838e-7 0 1 -7.18085e-7 0 1 -1.44682e-6 0 1 5.47144e-7 0 1 3.64762e-7 0 1 3.68141e-7 0 1 3.75484e-7 0 1 -2.68744e-6 0 1 5.51762e-6 0 1 -1.18849e-6 0 1 -1.54149e-7 0 1 2.67712e-6 0 1 -2.40091e-6 0 1 -2.17936e-6 0 1 2.16168e-6 0 1 2.40092e-6 0.005496859 -0.7070345 0.7071577 0.03099286 -0.7058312 0.7077018 0.07148373 -0.7128631 0.6976506 0.0778039 -0.7114506 0.6984159 0.1108232 -0.7073492 0.6981227 0.1926848 -0.7043523 0.6831986 0.197461 -0.7023102 0.6839369 0.305195 -0.7091616 0.6355674 0.3302986 -0.700208 0.632939 0.4088001 -0.7110808 0.5720549 0.4459671 -0.6998156 0.5580068 0.500725 -0.7115448 0.4929284 0.5393628 -0.7011753 0.4663057 0.5782748 -0.7112452 0.3996606 0.6096452 -0.7025446 0.367102 0.6389787 -0.7105826 0.2945819 0.6550699 -0.7052016 0.2712458 0.6828525 -0.7077643 0.1810585 0.6821545 -0.7081151 0.1823135 0.7019526 -0.7056214 0.09675323 0.7009502 -0.7106225 0.06070077 0.7087841 -0.7052766 0.01449519 0.7026479 -0.7089309 -0.06085228 0.7029775 -0.7083511 -0.06372874 0.6940404 -0.7053811 -0.1440323 0.6800296 -0.7106678 -0.1803081 0.6721583 -0.7045241 -0.2277038 0.6396919 -0.7098056 -0.2949073 0.6346232 -0.7053299 -0.3158531 0.5814555 -0.7074028 -0.4018594 0.5793339 -0.705572 -0.4080936 0.5041305 -0.7067984 -0.4962747 0.4997708 -0.7037041 -0.5050047 0.4103825 -0.7083808 -0.5742673 0.395234 -0.7000769 -0.5947121 0.3042259 -0.7113833 -0.633546 0.2916113 -0.7066187 -0.6447115 0.2230315 -0.7070038 -0.6711205 0.1902912 -0.7131304 -0.6747106 0.1617657 -0.7060871 -0.6894005 0.005621135 -0.7070176 -0.7071737 0.0311461 -0.7058565 -0.7076699 0.07147258 -0.7128651 -0.6976497 0.07784307 -0.7114376 -0.6984247 0.1108428 -0.7073539 -0.6981149 -0.06041836 -0.7057747 -0.7058554 -0.04292511 -0.7129693 -0.6998801 -0.1289149 -0.7040193 -0.6983823 -0.1269438 -0.7037355 -0.699029 -0.2086233 -0.7138689 -0.6684816 -0.1878242 -0.7010835 -0.6878983 -0.244417 -0.7069649 -0.6636724 -0.3004063 -0.7074219 -0.6397737 -0.3008422 -0.7076992 -0.6392619 -0.3550463 -0.7073701 -0.6112036 -0.3934581 -0.7033997 -0.5919625 -0.404424 -0.7114025 -0.5747588 -0.4565832 -0.7050771 -0.5425848 -0.486024 -0.6987601 -0.5248954 -0.4962083 -0.7131587 -0.4951586 -0.5427217 -0.7059743 -0.4550313 -0.5724951 -0.6976165 -0.4307907 -0.5741689 -0.7131447 -0.4021875 -0.6132611 -0.7056125 -0.3549956 -0.6447581 -0.6945366 -0.3192273 -0.6386466 -0.7090841 -0.2988819 -0.6633946 -0.707642 -0.2432089 -0.6910001 -0.6988404 -0.1847726 -0.6932147 -0.6958597 -0.187704 -0.695851 -0.7071964 -0.1251581 -0.7009409 -0.7120392 -0.04101252 -0.734778 -0.6749787 -0.06712049 -0.7125294 -0.7016326 -0.003691315 -0.6867256 -0.7233961 0.07145643 -0.7046447 -0.7071815 0.05805391 -0.695715 -0.7084712 0.1185296 -0.6923804 -0.7066426 0.1458274 -0.6688347 -0.7225914 0.1747052 -0.6763583 -0.7071313 0.2061669 -0.6656218 -0.7075674 0.2372681 -0.6545431 -0.7053977 0.2720067 -0.6322034 -0.7188742 0.2890308 -0.6230551 -0.6981274 0.352733 -0.6204671 -0.6910423 0.3707848 -0.5753299 -0.7159956 0.3954062 -0.5482947 -0.7042991 0.4509277 -0.5350273 -0.6965351 0.4781054 -0.5009124 -0.712741 0.4910063 -0.4620426 -0.7045883 0.5385834 -0.4480503 -0.7011433 0.5546611 -0.4077594 -0.7143855 0.5686701 -0.3615524 -0.6998399 0.6160389 -0.3659147 -0.697885 0.615681 -0.2721583 -0.7203329 0.638005 -0.307367 -0.705752 0.63831 -0.2394322 -0.7069498 0.665503 -0.192036 -0.7108422 0.6766281 -0.1840838 -0.7074376 0.6823821 -0.07278627 -0.7043338 0.7061275 -0.09616237 -0.7158536 0.6915971 -0.005598306 -0.7015999 0.7125492 -0.02848243 -0.7067853 0.7068546 -0.6088606 -3.90823e-6 -0.7932774 -0.8430427 -2.18479e-4 -0.5378465 -0.1025342 0.001437902 0.9947285 -0.06904298 -4.43494e-4 0.9976137 -0.007866442 0 0.9999691 -0.3270376 2.4261e-5 0.9450113 -0.2913817 0.001024305 0.9566064 -0.2730271 0.00169152 0.962005 -0.2351505 -2.14559e-5 0.971959 -0.1627272 1.1047e-5 0.9866712 -0.3787222 -2.17075e-5 0.9255104 -0.4338502 0.001378536 0.9009841 -0.4571588 -5.64104e-6 0.8893852 -0.6089323 -5.03833e-6 0.7932224 -0.5527942 0.003154754 0.8333119 -0.5233052 2.04903e-6 0.8521454 -0.5107153 -2.01593e-4 0.8597499 -0.5827136 9.16366e-4 0.8126771 -0.6606773 0 0.7506702 -0.6511018 -1.64026e-4 0.7589904 -0.7141327 7.75642e-4 0.70001 -0.842708 0.002383828 0.5383658 -0.8009761 2.7004e-4 0.5986964 -0.772204 -8.47352e-5 0.6353748 -0.7779477 0 0.6283292 -0.7229475 0 0.690903 -0.8692083 0.005873024 0.4944112 -0.8241351 0 0.5663933 -0.9051204 0 0.4251554 -0.8702722 -0.00488764 0.4925467 -0.938801 0.005141556 0.3444216 -0.9094626 8.85996e-6 0.4157859 -0.9606203 -3.83062e-6 0.2778646 -0.9419237 -0.003143548 0.335812 -0.981132 0.003985702 0.1932983 -0.9675379 8.79809e-6 0.2527257 -0.9918501 0 0.1274111 -0.9858016 -0.001495003 0.1679077 -0.9991474 0.002666354 0.04120004 -0.9966235 2.93715e-6 0.08210879 -0.9997818 -2.88587e-6 -0.02089005 -0.9999867 -2.49306e-4 -0.005175888 -0.9942568 0.001048743 -0.1070164 -0.9958536 -2.96995e-6 -0.09097111 -0.9849986 -3.85729e-6 -0.1725628 -0.9841853 5.78443e-6 -0.1771424 -0.9701476 -1.67345e-4 -0.2425157 -0.9652404 8.45415e-4 -0.2613623 -0.9462729 0 -0.3233695 -0.9184225 8.07411e-6 -0.3956011 -0.9389186 -0.0027408 -0.3441284 -0.8813859 0.003577768 -0.4723833 -0.9057229 -6.22058e-6 -0.4238705 -0.865477 0 -0.5009487 -0.7078552 3.3116e-6 -0.7063575 -0.6662812 0.003933072 -0.7456903 -0.7662401 -0.003294765 -0.6425459 -0.7271883 -1.96296e-6 -0.686438 -0.8190526 3.20732e-6 -0.5737185 -0.7873415 0.003580629 -0.6165068 -0.8093797 0.001921117 -0.5872826 -0.5558691 0.002982616 -0.8312646 -0.6438834 -0.003423869 -0.765116 -0.5276 0.004005074 -0.8494836 -0.5754435 8.53439e-6 -0.8178417 -0.4604323 -4.83454e-6 -0.8876948 -0.5023238 -0.002374887 -0.8646764 -0.3828195 0.003316938 -0.9238172 -0.4258001 1.05113e-5 -0.9048174 -0.3271532 -4.8643e-6 -0.9449713 -0.3455508 -5.02687e-4 -0.9383999 -0.2874062 5.98258e-4 -0.9578086 -0.2633931 0.001351654 -0.9646877 -0.1785907 -0.00216186 -0.9839211 -0.207497 -7.39442e-4 -0.9782354 -0.0852698 9.72733e-4 -0.9963575 -0.07018154 0 -0.9975343 0.6088614 -3.99601e-6 0.7932767 0.10192 0.001665949 -0.9947913 0.05774796 -3.6012e-4 -0.9983311 0.007771253 0 -0.9999699 0.327245 -2.4414e-6 -0.9449396 0.2801947 0.001249611 -0.9599424 0.2714275 0.001658499 -0.9624576 0.223587 1.89216e-6 -0.974684 0.1515579 -2.38238e-6 -0.9884485 0.3773697 2.7026e-6 -0.9260627 0.4328817 0.001391828 -0.9014497 0.4558432 -4.15309e-6 -0.8900602 0.5219548 2.26119e-6 -0.8529731 0.5814163 9.41806e-4 -0.8136057 0.5515894 0.003223776 -0.8341096 0.7126357 8.54524e-4 -0.7015339 0.6598185 0 -0.7514251 0.6089496 -5.04307e-6 -0.7932089 0.8673506 0 -0.4976976 0.8420124 1.11909e-4 -0.5394582 0.7982508 0.003208279 -0.6023166 0.8226429 4.00936e-4 -0.5685582 0.7743512 0 -0.6327561 0.7221539 0 -0.6917325 0.9048616 0 -0.4257059 0.9081402 4.9019e-4 -0.418666 0.9382222 4.39866e-6 -0.3460336 0.9604562 -3.86592e-6 -0.2784311 0.9665988 0.001154422 -0.2562919 0.9809018 1.22389e-6 -0.1945041 0.99178 -2.71414e-6 -0.1279547 0.9962699 0.001474499 -0.08627986 0.9991248 -2.36595e-7 -0.0418291 0.999791 0 0.02044481 0.9962704 0.001065075 0.08627957 0.9942991 -1.72855e-6 0.1066283 0.9665984 9.55832e-4 0.2562944 0.9705141 8.24007e-5 0.2410447 0.9848849 -2.54299e-6 0.1732104 0.8430449 5.13616e-6 0.5378434 0.8814464 -4.68761e-6 0.4722843 0.9081408 0.001294791 0.418663 0.9188992 4.11819e-6 0.3944926 0.94652 0 0.322645 0.7126389 6.10355e-6 0.7015312 0.6665868 0.004734396 0.7454124 0.727289 1.96753e-6 0.6863314 0.8226425 0 0.5685591 0.7881354 0.004230797 0.6154875 0.8099952 0.002417206 0.5864316 0.5814135 7.81369e-6 0.8136082 0.527877 0.004907548 0.8493067 0.5559595 0.002972185 0.8312041 0.2313333 0.003266274 0.9728691 0.2872427 0.001065492 0.9578573 0.3271338 -4.86516e-6 0.9449781 0.4328751 9.56053e-6 0.901454 0.3829243 0.004251599 0.9237701 0.4603621 -4.8261e-6 0.8877313 0.2714403 6.38626e-6 0.9624553 0.101922 -6.05295e-6 0.9947925 0.1643237 0.004952967 0.9863941 0.007820069 -0.004001975 0.9999614 0.07016378 0 0.9975355 -0.08715653 -0.9961947 0 -0.08715552 -0.9961947 0 -0.2588129 -0.9659275 0 -0.2588183 -0.9659261 0 -0.4226175 -0.9063082 0 -0.4226257 -0.9063044 0 -0.5735836 -0.8191471 0 -0.5735731 -0.8191545 0 -0.7071058 -0.7071078 0 -0.7071055 -0.7071081 0 -0.8191485 -0.5735816 0 -0.8191581 -0.5735679 0 -0.9063096 -0.4226147 0 -0.9063011 -0.4226327 0 -0.9659277 -0.258812 0 -0.9961932 -0.08717417 0 -0.996195 -0.08715313 0 -0.996195 0.08715325 0 -0.9961931 0.08717453 0 -0.9659276 0.2588126 0 -0.9063019 0.4226312 0 -0.9063098 0.4226142 0 -0.8191587 0.5735669 0 -0.8191485 0.5735816 0 -0.7071052 0.7071085 0 -0.7071048 0.7071088 0 -0.5735735 0.8191542 0 -0.5735831 0.8191474 0 -0.4226257 0.9063044 0 -0.4226175 0.9063082 0 -0.2588198 0.9659257 0 -0.2588142 0.9659271 0 -0.08715564 0.9961947 0 -0.08715647 0.9961947 0 0.08715653 0.9961947 0 0.08715552 0.9961947 0 0.2588198 0.9659257 0 0.2588168 0.9659265 0 0.4226216 0.9063063 0 0.4226175 0.9063082 0 0.5735735 0.8191542 0 0.5735781 0.8191509 0 0.7071105 0.7071031 0 0.7071048 0.7071088 0 0.8191437 0.5735884 0 0.8191535 0.5735744 0 0.906306 0.4226225 0 0.9063098 0.4226142 0 0.9659276 0.2588126 0 0.965925 0.2588226 0 0.996195 0.08715325 0 0.9961949 0.08715337 0 0.996195 -0.08715301 0 0.996195 -0.08715313 0 0.9659251 -0.2588219 0 0.9659277 -0.258812 0 0.9063096 -0.4226147 0 0.9063051 -0.4226239 0 0.8191535 -0.5735744 0 0.8191431 -0.5735893 0 0.7071058 -0.7071078 0 0.7071108 -0.7071028 0 0.5735785 -0.8191506 0 0.5735731 -0.8191545 0 0.4226175 -0.9063082 0 0.4226216 -0.9063063 0 0.2588156 -0.9659268 0 0.2588183 -0.9659261 0 0.08715564 -0.9961947 0 0.08715647 -0.9961947 0 0 0 -1 4.77873e-7 0 -1 -1.59369e-7 0 -1 3.18835e-7 0 -1 -6.60746e-7 0 -1 0 0 -1 -3.19023e-7 0 -1 3.29976e-7 0 -1 3.19067e-7 0 -1 -1.31918e-6 0 -1 3.1915e-7 0 -1 0 0 -1 0 0 -1 -1.44563e-5 0 -1 6.73579e-6 0 -1 0 0 -1 -8.23849e-7 0 -1 4.94439e-7 0 -1 4.94562e-7 0 -1 -4.94701e-7 0 -1 -1.59532e-7 0 -1 -3.29981e-7 0 -1 1.7945e-7 0 -1 1.59488e-7 0 -1 3.30371e-7 0 -1 -6.37672e-7 0 -1 6.37475e-7 0 -1 -4.96027e-7 0 -1 4.96188e-7 0 -1 1.65454e-7 0 -1 0 0 -1 -4.13913e-7 0 -1 1.07416e-5 0 -1 0.04455173 0.9990072 0 0.007861852 0.9999679 -0.001583158 0.103085 0.9946711 0.001791417 0.1019212 0.994791 0.001735627 0.1438657 0.9895972 2.62523e-4 0.3290857 0.9443002 1.24378e-4 0.2877134 0.9577162 8.93469e-4 0.2399948 0.9707686 0.003323972 0.2714437 0.9624537 0.001145482 0.2036828 0.9790369 -1.70247e-5 0.1784932 0.9839412 -2.06642e-5 0.4917517 0.8707356 5.79205e-5 0.4543699 0.8908129 6.53101e-4 0.416954 0.9089244 0.002449274 0.4328663 0.9014568 0.001504838 0.3802214 0.9248956 9.94362e-7 0.3477047 0.9376041 -8.79743e-6 0.5670021 0.8237137 -0.002126753 0.5891392 0.8080307 -0.001246094 0.5984197 0.8011823 -8.37825e-4 0.6135119 0.7896855 -4.61364e-4 0.6250212 0.7806078 -2.03637e-4 0.6481167 0.7615411 -2.02825e-4 0.6287583 0.7776008 1.37601e-4 0.6233839 0.7819159 3.75097e-4 0.6040909 0.7969151 6.7714e-4 0.5907862 0.8068274 0.001135051 0.5767856 0.8168938 0.001702964 0.5542247 0.8323616 0.003015279 0.5814093 0.8136105 0.001141428 0.5256863 0.8506786 8.03217e-6 0.5061821 0.8624268 0 0.4498686 0.8930945 -7.53351e-4 0.4822648 0.8760256 -2.4095e-4 0.4979245 0.8672204 -2.97166e-5 0.5814117 0.8136096 -8.69117e-5 0.532729 0.8462742 -0.00446701 0.5458179 0.8378962 -0.003590285 0.2850186 0.9585216 -9.40816e-4 0.3261042 0.9453338 -1.78653e-4 0.3441385 0.938919 7.84567e-6 0.4328759 0.9014535 -2.65307e-5 0.3836923 0.9234507 -0.004364371 0.4134711 0.9105134 -0.002631843 0.09558498 0.9954194 -0.001951873 0.1394644 0.9902271 -4.12398e-4 0.1740567 0.9847357 2.66383e-5 0.2714507 0.9624524 4.70872e-6 0.2054508 0.978651 -0.005681514 0.2369819 0.9715077 -0.003527343 0.101922 0.9947912 -0.001588225 0.007861614 0.9999686 0.001033067 0.03689163 0.9993193 0 0.007831692 -0.9999694 0 0.007831692 -0.9999694 0 0.1019245 -0.9947922 0 0.1019244 -0.9947922 0 0.2714416 -0.9624549 0 0.2714329 -0.9624574 0 0.4328908 -0.9014464 0 0.4328647 -0.9014589 0 0.5814049 -0.8136144 0 0.5814208 -0.8136031 0 0.7126293 -0.7015408 0 0.7126461 -0.7015238 0 0.8226436 -0.5685576 0 0.908138 -0.4186711 0 0.9666019 -0.2562831 0 0.9666018 -0.2562831 0 0.9962707 -0.08628392 0 0.9962706 -0.08628392 0 0.9962707 0.08628439 0 0.9962706 0.08628439 0 0.9666019 0.2562831 0 0.9666018 0.2562831 0 0.908138 0.4186711 0 0.8226436 0.5685576 0 0.712646 0.7015239 0 0.7126294 0.7015407 0 0.6369395 0.7709138 0 0.6380279 0.7700134 1.62412e-5 -0.04454088 0.9990076 0 -0.007861793 0.9999679 0.001579403 -0.1299698 0.9915142 -0.00274825 -0.1019201 0.9947924 -5.96717e-4 -0.3291374 0.9442821 -1.27701e-4 -0.2877992 0.9576904 -8.94337e-4 -0.2400324 0.9707592 -0.003318071 -0.2714438 0.9624537 -0.001146972 -0.203718 0.9790297 1.44695e-5 -0.1786272 0.9839169 1.83536e-5 -0.4914304 0.8709169 -6.37233e-5 -0.4542911 0.8908532 -6.53985e-4 -0.4168768 0.9089598 -0.00244987 -0.4328662 0.901457 -0.001504719 -0.3802421 0.9248871 -1.989e-6 -0.3475268 0.9376701 8.24538e-6 -0.5671887 0.8235852 0.0021196 -0.588595 0.8084271 0.001238644 -0.5985521 0.8010836 8.38346e-4 -0.6139034 0.7893811 4.5092e-4 -0.6250131 0.7806143 2.04967e-4 -0.6507124 0.7593243 1.85382e-4 -0.6285237 0.7777904 -1.38822e-4 -0.6197313 0.7848141 -2.82365e-4 -0.603858 0.7970917 -6.89351e-4 -0.5905215 0.8070212 -0.001136422 -0.5763242 0.8172193 -0.001721918 -0.5539851 0.8325212 -0.003035545 -0.581428 0.8135971 -0.001141011 -0.5257127 0.8506623 -7.37558e-6 -0.5059167 0.8625824 1.33574e-6 -0.450366 0.8928438 7.45772e-4 -0.4844257 0.8748325 2.04349e-4 -0.5004301 0.865777 3.34986e-5 -0.5814031 0.8136156 7.96772e-5 -0.5329763 0.8461185 0.004453122 -0.5452706 0.8382532 0.00344789 -0.2858656 0.9582694 9.26041e-4 -0.3268608 0.9450726 1.64243e-4 -0.3448707 0.9386503 -5.70784e-6 -0.4328706 0.9014562 2.52366e-5 -0.3837754 0.9234161 0.004362225 -0.4138426 0.9103447 0.002601444 -0.1024651 0.9947352 0.001711428 -0.1464385 0.9892199 1.6665e-4 -0.1812075 0.9834449 -2.42155e-5 -0.2714417 0.9624549 -1.47989e-5 -0.2052837 0.978686 0.005691945 -0.2378163 0.971304 0.003470122 -0.1019226 0.9947909 0.001739382 -0.007861077 0.999968 -0.001530826 -0.04394263 0.9990341 0 -0.6377627 0.770233 -9.9847e-6 -0.6370019 0.7708622 0 -0.7126293 0.7015408 0 -0.7126294 0.7015407 0 -0.8226591 0.568535 0 -0.822628 0.5685802 0 -0.908138 0.4186711 0 -0.9081506 0.4186437 0 -0.9666019 0.2562831 0 -0.9666018 0.2562831 0 -0.9962677 0.08631753 0 -0.9962706 0.08628439 0 -0.9962707 -0.08628392 0 -0.9962678 -0.08631706 0 -0.9666019 -0.2562831 0 -0.9666018 -0.2562831 0 -0.9081506 -0.4186437 0 -0.908138 -0.4186711 0 -0.822628 -0.5685802 0 -0.8226591 -0.568535 0 -0.7126293 -0.7015408 0 -0.7126294 -0.7015407 0 -0.5814207 -0.8136031 0 -0.5814208 -0.8136031 0 -0.4328648 -0.9014589 0 -0.4328778 -0.9014527 0 -0.2714416 -0.9624549 0 -0.2714329 -0.9624574 0 -0.1019278 -0.9947918 0 -0.1019211 -0.9947926 0 -0.007831692 -0.9999694 0 -0.007834553 -0.9999693 0 7.96328e-7 0 1 -9.55745e-7 0 1 1.91183e-6 0 1 -5.29278e-6 0 1 6.37378e-7 0 1 1.27495e-6 0 1 -5.28933e-6 0 1 4.9511e-7 0 1 1.27609e-6 0 1 -1.31992e-6 0 1 -1.27644e-6 0 1 2.63838e-6 0 1 -6.38303e-7 0 1 5.27543e-6 0 1 -1.91517e-6 0 1 1.91541e-6 0 1 -6.38542e-7 0 1 7.98278e-7 0 1 6.60699e-6 0 1 2.5545e-6 0 1 -4.1182e-6 0 1 6.59077e-7 0 1 -2.55387e-6 0 1 1.31851e-6 0 1 2.55353e-6 0 1 -2.63768e-6 0 1 -2.63839e-6 0 1 1.27644e-6 0 1 1.31956e-6 0 1 2.39268e-7 0 1 6.37954e-7 0 1 -2.64299e-6 0 1 3.96694e-6 0 1 2.64634e-6 0 1 -2.54909e-6 0 1 6.61814e-7 0 1 1.98611e-6 0 1 6.62261e-7 0 1 1.35033e-5 0 1 -0.08715552 0.9961947 0 -0.2588195 0.9659258 0 -0.5735731 0.8191545 0 -0.7071055 0.7071081 0 -0.7071042 0.7071095 0 -0.8191489 0.5735809 0 -0.819159 0.5735666 0 -0.9063093 0.4226152 0 -0.9063021 0.4226307 0 -0.9659274 0.2588133 0 -0.9659277 0.258812 0 -0.9961949 0.08715337 0 -0.9961949 -0.08715337 0 -0.9961932 -0.08717405 0 -0.9063093 -0.4226152 0 -0.8191572 -0.5735691 0 -0.8191489 -0.5735809 0 -0.5735831 -0.8191474 0 -0.08715647 -0.9961947 0 0.08715552 -0.9961947 0 0.5735781 -0.8191509 0 0.7071055 -0.7071081 0 0.8191472 -0.5735835 0 0.819154 -0.5735738 0 0.9063093 -0.4226152 0 0.9961949 -0.08715337 0 0.996195 -0.08715289 0 0.9659247 0.2588232 0 0.9659277 0.258812 0 0.9063093 0.4226152 0 0.9063061 0.4226219 0 0.819154 0.5735738 0 0.8191489 0.5735809 0 0.7071055 0.7071081 0 0.7071095 0.7071042 0 0.5735731 0.8191545 0 0.2588195 0.9659258 0 0.08715647 0.9961947 0 0.06174415 -0.7057536 0.7057617 0.06174516 -0.7057623 0.7057529 0.1276409 -0.7071397 0.6954576 0.1838275 -0.7039356 0.6860628 0.1880815 -0.7059717 0.6828099 0.2459128 -0.7070245 0.663056 0.3000779 -0.7041527 0.6435234 0.3032415 -0.7059557 0.6400557 0.3567329 -0.7069901 0.6106609 0.407148 -0.7043655 0.5814636 0.4092953 -0.705911 0.5780718 0.4568912 -0.7072119 0.5395385 0.5017788 -0.7045839 0.5017765 0.5030469 -0.7058829 0.4986715 0.5430683 -0.7071757 0.4527464 0.5810981 -0.7048131 0.406895 0.5816662 -0.7058578 0.4042639 0.6134398 -0.7070011 0.3519106 0.6427223 -0.7050415 0.2997076 0.6427854 -0.7058355 0.2976966 0.664604 -0.7074414 0.2404754 0.6847707 -0.7052839 0.183477 0.6845915 -0.7058 0.1821566 0.7057528 -0.705762 0.06175136 0.7057633 -0.705752 0.06174391 0.7057528 -0.705762 -0.06175136 0.7057745 -0.7057407 -0.06174492 0.6842927 -0.7057806 -0.1833501 0.6851786 -0.7051904 -0.1823095 0.6647608 -0.7073093 -0.2404305 0.6420728 -0.7057616 -0.2994047 0.6436032 -0.7049298 -0.2980754 0.6131249 -0.7072572 -0.3519449 0.5803197 -0.7057682 -0.4063499 0.5826603 -0.7046409 -0.4049547 0.5432663 -0.7070679 -0.4526773 0.5009419 -0.7057725 -0.5009415 0.5041058 -0.7043806 -0.4997255 0.4568957 -0.7072049 -0.5395439 0.4063534 -0.7057533 -0.5803356 0.4103342 -0.7041101 -0.5795299 0.3568146 -0.7069665 -0.6106405 0.2994076 -0.7057496 -0.6420845 0.3041347 -0.7038435 -0.6419552 0.2458487 -0.7070059 -0.6630997 0.1833694 -0.7057505 -0.6843186 0.06174516 -0.7057625 -0.7057527 0.0617538 -0.7057486 -0.7057659 0.1276302 -0.7071995 -0.6953988 0.1887052 -0.7035655 -0.6851175 -0.005558192 -0.7070246 -0.7071672 -0.04362845 -0.7050733 -0.7077912 -0.07148498 -0.7128078 -0.6977069 -0.1284609 -0.7040827 -0.6984021 -0.1905819 -0.7120404 -0.6757789 -0.2118085 -0.7055949 -0.6762196 -0.3060596 -0.7071737 -0.6373642 -0.2981203 -0.7104569 -0.6374758 -0.414905 -0.7005427 -0.5805979 -0.3828961 -0.7168617 -0.5826663 -0.5147795 -0.6915208 -0.5067557 -0.466958 -0.7206613 -0.5124428 -0.5947659 -0.6908567 -0.4110605 -0.5508955 -0.7207494 -0.4207547 -0.6578192 -0.6894224 -0.3032667 -0.6256825 -0.714205 -0.3137397 -0.6916807 -0.6985293 -0.1833977 -0.6890913 -0.7007439 -0.1846925 -0.7001871 -0.7113798 -0.06063777 -0.7238127 -0.6887139 -0.04205262 -0.6911938 -0.7201862 0.05985885 -0.7026721 -0.7075214 0.07526904 -0.6903643 -0.7080869 0.1483584 -0.6670996 -0.7236654 0.1768803 -0.6757861 -0.7070227 0.2084036 -0.6430523 -0.7061158 0.2964529 -0.6319658 -0.7268911 0.268791 -0.6116684 -0.6686928 0.4227432 -0.5885999 -0.7243333 0.3590146 -0.5182878 -0.6863333 0.51022 -0.5168644 -0.7169193 0.4678439 -0.4195364 -0.6923373 0.587076 -0.4312083 -0.7220137 0.541069 -0.3646748 -0.7015493 0.6122425 -0.3029589 -0.7142643 0.6309061 -0.2827154 -0.706679 0.6485961 -0.2380799 -0.7070042 0.6659303 -0.1909675 -0.7106603 0.6771215 -0.184307 -0.7078117 0.6819337 -0.07238799 -0.7039312 0.7065698 -0.09668684 -0.716032 0.6913392 -0.005628824 -0.7019854 0.7121691 -0.02813351 -0.70683 0.7068238 -0.6088672 -2.6562e-6 -0.7932722 -0.1019264 0.001407325 0.994791 -0.0690425 -4.41215e-4 0.9976137 -0.007771253 0 0.9999698 -0.3270248 -2.42643e-6 0.9450159 -0.2914113 9.54049e-4 0.9565975 -0.2714335 0.001662731 0.9624558 -0.2351465 3.57626e-6 0.97196 -0.1627585 -1.72617e-6 0.986666 -0.378707 2.55441e-6 0.9255167 -0.4328757 0.001435756 0.9014524 -0.4571484 -4.50652e-6 0.8893905 -0.5233468 2.04919e-6 0.8521199 -0.581416 0.00101608 0.8136059 -0.5527873 0.003149151 0.8333166 -0.7126368 9.10068e-4 0.7015326 -0.6606306 0 0.7507112 -0.6089307 -2.51917e-6 0.7932235 -0.8675904 0 0.4972795 -0.8422964 8.00358e-5 0.5390146 -0.8015692 0.002987861 0.5978947 -0.8226435 7.375e-4 0.5685572 -0.7780115 0 0.62825 -0.7229474 -1.7944e-6 0.6909031 -0.9051195 0 0.4251574 -0.9081417 4.50232e-4 0.4186629 -0.9384348 1.80948e-6 0.3454566 -0.9606265 -1.91532e-6 0.2778432 -0.9665988 0.001137435 0.256292 -0.9810105 1.17112e-6 0.1939547 -0.9918502 -2.68039e-6 0.1274098 -0.99627 0.001471638 0.08627915 -0.9991487 2.26276e-6 0.04125541 -0.9997818 -2.88581e-6 -0.02088958 -0.9962704 0.001079082 -0.08627986 -0.9942525 7.97325e-7 -0.1070614 -0.966599 9.16275e-4 -0.2562921 -0.9701709 1.08514e-4 -0.2424225 -0.9847298 -1.92834e-6 -0.1740896 -0.8430845 6.73119e-6 -0.5377812 -0.8808856 0 -0.4733293 -0.9081412 0.001259148 -0.4186622 -0.9184312 8.0742e-6 -0.3955809 -0.9462181 -1.87101e-6 -0.3235296 -0.7126332 7.62951e-6 -0.7015368 -0.6665275 0.004737854 -0.7454655 -0.7271879 0 -0.6864385 -0.8226426 -2.97492e-6 -0.5685589 -0.7874897 0.00430721 -0.6163129 -0.8094153 0.002453029 -0.5872316 -0.5814147 9.37645e-6 -0.8136073 -0.5277858 0.004907488 -0.8493633 -0.5558085 0.002984821 -0.831305 -0.2315317 0.003249287 -0.972822 -0.2874372 0.001058816 -0.957799 -0.3271369 -4.86433e-6 -0.9449771 -0.4328706 9.56057e-6 -0.9014561 -0.3830412 0.004249095 -0.9237216 -0.4604349 -4.83454e-6 -0.8876935 -0.2714409 6.71532e-6 -0.9624552 -0.1019222 -6.45649e-6 -0.9947925 -0.1643193 0.004953503 -0.9863948 -0.007749021 -0.004002511 -0.999962 -0.07018947 0 -0.9975337 0.7272883 1.06159e-6 0.6863321 0.3476546 -0.001951575 -0.9376208 0.223995 0.00313878 -0.9745853 0.2655574 6.67853e-6 -0.9640951 0.151551 -2.38238e-6 -0.9884495 0.1805978 -9.84392e-4 -0.9835566 0.05783516 0.002349138 -0.9983234 0.08715212 0 -0.996195 0.6460453 -0.004249453 -0.7632873 0.5231572 0.004755854 -0.8522229 0.5778628 4.73121e-6 -0.816134 0.4558442 -5.53745e-6 -0.8900597 0.5045552 -0.003016948 -0.8633742 0.3782152 0.003983199 -0.9257091 0.4281531 1.08003e-5 -0.9037062 0.3272272 -2.44141e-6 -0.9449458 0.2801946 0.001249611 -0.9599424 0.768229 -0.004281282 -0.640161 0.6610021 0.004820108 -0.7503685 0.7101913 4.48889e-6 -0.7040088 0.6089495 -3.7823e-6 -0.7932091 0.5515977 0.003222048 -0.8341042 0.8419944 5.46288e-6 -0.5394863 0.7981926 0.002946376 -0.6023951 0.8211528 3.8434e-4 -0.5707083 0.7743316 0 -0.6327803 0.7221537 -1.76601e-6 -0.6917327 0.867352 0 -0.4976952 0.8672844 0 -0.4978132 0.9048615 -3.18784e-6 -0.4257062 0.9074059 3.81021e-4 -0.4202555 0.9382379 -8.48724e-6 -0.3459908 0.9403171 2.19947e-6 -0.3402997 0.9604561 -1.93296e-6 -0.2784314 0.9663763 0.001112103 -0.2571297 0.9809004 -1.37757e-5 -0.1945111 0.9917801 2.98582e-5 -0.1279537 0.9961939 0.001501321 -0.08715212 0.9991248 -2.36593e-7 -0.04182863 0.999791 0 0.02044528 0.9961944 0.001076579 0.08715248 0.9942996 4.66424e-5 0.1066226 0.9663751 9.41207e-4 0.2571347 0.9705116 3.2248e-5 0.2410544 0.9848911 -2.5427e-6 0.1731746 0.7881352 0.004230797 0.6154878 0.867263 -0.006116628 0.4978129 0.8211535 -3.06765e-6 0.5707074 0.810001 0.002417206 0.5864236 0.8430456 5.08648e-6 0.5378423 0.9074053 -1.18531e-5 0.4202569 0.8820254 0.00394839 0.4711852 0.9403913 -0.002851366 0.3400827 0.9188982 8.23643e-6 0.3944948 0.9465209 0 0.3226424 0.6665993 0.004728257 0.7454013 0.7681801 -0.006103873 0.6402048 0.7101861 6.36003e-6 0.7040141 0.5278759 0.00490427 0.8493074 0.5559614 0.002968609 0.8312029 0.6088582 -2.51347e-6 0.7932792 0.6461995 -0.006243169 0.7631431 0.577854 8.22826e-6 0.8161402 0.4603513 -6.03249e-6 0.8877369 0.382942 0.004253983 0.9237626 0.5045261 -0.006301283 0.8633735 0.4281483 1.18719e-5 0.9037085 0.3271334 -4.86516e-6 0.9449783 0.3477684 -5.54838e-4 0.9375803 0.2871247 7.13536e-4 0.957893 0.2655612 0.001444399 0.964093 0.1805156 -0.00206983 0.98357 0.2072882 -7.98545e-4 0.9782796 0.08715295 0.001093447 0.9961944 0.07017177 0 0.9975349 -0.2588211 -0.9659253 0 -0.2588181 -0.9659262 0 -0.4226205 -0.9063068 0 -0.4226167 -0.9063086 0 -0.5735735 -0.8191542 0 -0.5735781 -0.8191509 0 -0.7071105 -0.7071031 0 -0.7071048 -0.7071088 0 -0.8191488 -0.5735813 0 -0.8191535 -0.5735744 0 -0.9063054 -0.4226235 0 -0.9659276 -0.2588126 0 -0.965925 -0.2588226 0 -0.996195 -0.08715301 0 -0.996195 0.08715313 0 -0.9659251 0.2588219 0 -0.9063096 0.4226147 0 -0.9063054 0.4226235 0 -0.8191538 0.5735741 0 -0.7071102 0.7071035 0 -0.5735785 0.8191506 0 -0.4226211 0.9063066 0 -0.2588171 0.9659263 0 0.422617 0.9063084 0 0.7071052 0.7071085 0 0.8191488 0.5735813 0 0.9063054 0.4226235 0 0.9063096 0.4226147 0 0.996195 0.08715313 0 0.965925 -0.2588226 0 0.9659276 -0.2588126 0 0.9063054 -0.4226235 0 0.8191538 -0.5735741 0 0.8191485 -0.5735816 0 0.7071052 -0.7071085 0 0.7071048 -0.7071088 0 0.4226164 -0.9063087 0 0.4226208 -0.9063067 0 0.2588184 -0.9659261 0 0.2588208 -0.9659255 0 0 0 -1 2.38937e-7 0 -1 -1.59318e-7 0 -1 -3.18739e-7 0 -1 1.32232e-6 0 -1 -3.18788e-7 0 -1 6.60743e-7 0 -1 -3.18883e-7 0 -1 2.06298e-7 0 -1 3.19021e-7 0 -1 -1.3192e-6 0 -1 3.19152e-7 0 -1 -3.19234e-7 0 -1 0 0 -1 -4.1182e-7 0 -1 0 0 -1 1.64814e-7 0 -1 4.94564e-7 0 -1 8.24502e-7 0 -1 -3.29891e-7 0 -1 1.59532e-7 0 -1 1.59489e-7 0 -1 -3.18884e-7 0 -1 3.30474e-7 0 -1 -9.91738e-7 0 -1 6.37477e-7 0 -1 -4.96028e-7 0 -1 4.96189e-7 0 -1 -6.37273e-7 0 -1 9.92722e-7 0 -1 -4.96525e-7 0 -1 0 0 -1 1.51057e-6 0 -1 0.04455447 0.999007 0 0.007848501 0.999968 -0.001583516 0.1298588 0.9915288 0.002745211 0.1019259 0.9947919 6.02824e-4 0.3290857 0.9443002 1.25293e-4 0.2877287 0.9577116 8.93517e-4 0.2399785 0.9707726 0.003322422 0.2714412 0.9624544 0.001145422 0.2036949 0.9790345 -1.66007e-5 0.1785073 0.9839386 -2.08778e-5 0.4917064 0.8707611 5.7637e-5 0.4543857 0.8908048 6.5355e-4 0.4168456 0.9089741 0.002445042 0.4328755 0.9014524 0.001504719 0.3802105 0.9249001 9.94356e-7 0.3476826 0.9376123 -9.02796e-6 0.5670049 0.8237118 -0.002127885 0.5887244 0.8083329 -0.001236379 0.5985198 0.8011077 -8.37557e-4 0.6135422 0.789662 -4.56499e-4 0.625084 0.7805575 -2.05401e-4 0.6481167 0.7615411 -1.85923e-4 0.6286129 0.7777183 1.38382e-4 0.6227116 0.7824514 4.02165e-4 0.6041292 0.7968862 6.76313e-4 0.5909942 0.8066751 0.001130938 0.5768162 0.8168722 0.001703739 0.5541219 0.8324301 0.003017187 0.5814093 0.8136105 0.001140952 0.5257472 0.8506408 7.69839e-6 0.506084 0.8624842 0 0.4498614 0.8930981 -7.53339e-4 0.4820353 0.8761518 -2.40813e-4 0.4979475 0.8672073 -2.97185e-5 0.5814117 0.8136096 -8.64591e-5 0.5327476 0.8462624 -0.004467129 0.5462664 0.8376039 -0.003558993 0.2850245 0.9585199 -9.40836e-4 0.3260512 0.9453521 -1.79447e-4 0.3441332 0.9389209 8.17245e-6 0.432877 0.901453 -2.62071e-5 0.3836679 0.9234609 -0.004363656 0.4135003 0.9105002 -0.002632379 0.09559023 0.9954189 -0.001951515 0.1394706 0.9902261 -4.12752e-4 0.174059 0.9847353 2.69161e-5 0.2714424 0.9624547 5.38129e-6 0.2054629 0.9786485 -0.005685508 0.2370014 0.971503 -0.003525674 0.1019246 0.994791 -0.001587629 0.007846474 0.9999687 0.001032114 0.007863521 -0.9999691 0 0.0078606 -0.9999691 0 0.1019217 -0.9947925 0 0.1019234 -0.9947922 0 0.271438 -0.962456 0 0.2714467 -0.9624535 0 0.4328755 -0.9014537 0 0.432869 -0.9014568 0 0.5814128 -0.8136088 0 0.5814129 -0.8136087 0 0.8226444 -0.5685564 0 0.8226367 -0.5685675 0 0.9081438 -0.4186584 0 0.9081376 -0.4186722 0 0.9962707 -0.08628416 0 0.9962707 -0.08628416 0 0.9962707 0.08628404 0 0.9962706 0.08628404 0 0.9666017 0.2562834 0 0.9666018 0.2562834 0 0.9081375 0.4186722 0 0.9081439 0.4186584 0 0.8226366 0.5685676 0 0.8226445 0.5685562 0 0.6369618 0.7708955 0 0.637579 0.770385 1.29852e-5 -0.04453897 0.9990077 0 -0.007848501 0.999968 0.001583516 -0.1030246 0.9946773 -0.001792192 -0.1019239 0.9947907 -0.001736283 -0.1439549 0.9895843 -2.60353e-4 -0.3290491 0.9443129 -1.27356e-4 -0.2878145 0.9576858 -8.94384e-4 -0.2400358 0.9707584 -0.003318011 -0.2714412 0.9624544 -0.001146674 -0.2036793 0.9790377 1.51055e-5 -0.1786781 0.9839076 1.92315e-5 -0.4913675 0.8709524 -6.37151e-5 -0.4543398 0.8908283 -6.54459e-4 -0.4167789 0.9090046 -0.002448916 -0.4328753 0.9014526 -0.001505136 -0.380231 0.9248916 -1.98895e-6 -0.3476176 0.9376364 8.01844e-6 -0.5671314 0.8236247 0.002118229 -0.5885748 0.8084418 0.001239538 -0.5985474 0.801087 8.35922e-4 -0.6135261 0.7896745 4.5663e-4 -0.6253628 0.7803342 2.02497e-4 -0.6495991 0.760277 1.90374e-4 -0.6288791 0.7775031 -1.36238e-4 -0.617227 0.7867851 -4.01749e-4 -0.6037737 0.7971556 -6.85845e-4 -0.590961 0.8066993 -0.00114572 -0.5763621 0.8171927 -0.001718282 -0.5539245 0.8325614 -0.003036081 -0.5814102 0.8136099 -0.00114125 -0.5257795 0.8506209 -8.21467e-6 -0.5054047 0.8628825 6.67225e-7 -0.4503444 0.8928546 7.46297e-4 -0.4845421 0.874768 2.03485e-4 -0.5003833 0.865804 3.32016e-5 -0.5814123 0.8136091 7.90749e-5 -0.5329179 0.8461554 0.004451692 -0.5466039 0.8373838 0.003562927 -0.2858476 0.9582747 9.25801e-4 -0.3268721 0.9450687 1.64053e-4 -0.3449484 0.9386217 -6.42277e-6 -0.4328717 0.9014556 2.55601e-5 -0.3837363 0.9234325 0.004361569 -0.4139676 0.9102879 0.002604544 -0.1024969 0.9947319 0.001711368 -0.1464515 0.9892179 1.66599e-4 -0.1811043 0.983464 -2.45258e-5 -0.2714391 0.9624556 -1.47989e-5 -0.2053069 0.9786811 0.005692243 -0.2377912 0.9713101 0.003470003 -0.1019232 0.9947909 0.001739144 -0.007845878 0.9999681 -0.001532733 -0.04393798 0.9990344 0 -0.6378466 0.7701635 -1.49757e-5 -0.6369752 0.7708845 0 -0.7126461 0.7015238 0 -0.8226444 0.5685564 0 -0.8226445 0.5685562 0 -0.9081375 0.4186722 0 -0.9081502 0.4186446 0 -0.9665935 0.2563145 0 -0.9666018 0.2562834 0 -0.9962707 0.08628404 0 -0.9962706 0.08628404 0 -0.9962707 -0.08628416 0 -0.9962707 -0.08628416 0 -0.9665936 -0.2563142 0 -0.9081502 -0.4186447 0 -0.9081376 -0.4186722 0 -0.8226444 -0.5685564 0 -0.8226445 -0.5685562 0 -0.712646 -0.7015239 0 -0.5814128 -0.8136088 0 -0.5814129 -0.8136087 0 -0.432869 -0.9014568 0 -0.4328821 -0.9014506 0 -0.2714424 -0.9624547 0 -0.271438 -0.962456 0 -0.1019234 -0.9947922 0 -0.1019217 -0.9947924 0 -0.007862031 -0.9999691 0 -0.007863521 -0.9999691 0 7.96329e-7 0 1 -9.5575e-7 0 1 6.37273e-7 0 1 -5.29268e-6 0 1 6.37375e-7 0 1 1.27495e-6 0 1 1.27534e-6 0 1 -1.65038e-7 0 1 1.31993e-6 0 1 -1.27644e-6 0 1 2.63841e-6 0 1 5.27535e-6 0 1 -1.91515e-6 0 1 1.9154e-6 0 1 -1.27709e-6 0 1 5.27129e-6 0 1 -1.75622e-6 0 1 -1.88539e-5 0 1 6.58913e-7 0 1 1.31816e-6 0 1 -1.97776e-6 0 1 2.55354e-6 0 1 -2.63768e-6 0 1 -2.6384e-6 0 1 1.27644e-6 0 1 -6.38132e-7 0 1 -1.31992e-6 0 1 3.98777e-7 0 1 -1.32031e-6 0 1 2.64463e-6 0 1 -2.54991e-6 0 1 2.64634e-6 0 1 -3.97089e-6 0 1 2.54867e-6 0 1 6.62034e-7 0 1 1.15896e-6 0 1 -0.2588168 0.9659265 0 -0.4226216 0.9063063 0 -0.5735781 0.8191509 0 -0.7071108 0.7071028 0 -0.819154 0.5735738 0 -0.9063061 0.4226219 0 -0.9659247 0.2588232 0 -0.996195 0.08715289 0 -0.996195 -0.08715289 0 -0.9659247 -0.2588232 0 -0.9063102 -0.4226131 0 -0.9063051 -0.4226239 0 -0.819154 -0.5735738 0 -0.7071095 -0.7071042 0 -0.4226194 -0.9063073 0 -0.2588208 -0.9659255 0 0.2588181 -0.9659262 0 0.4226153 -0.9063092 0 0.7071042 -0.7071095 0 0.8191489 -0.5735809 0 0.9063061 -0.4226219 0 0.9659274 -0.2588133 0 0.996195 0.08715289 0 0.9659251 0.2588219 0 0.9659274 0.2588133 0 0.9063102 0.4226131 0 0.9063051 0.4226239 0 -0.08715486 -0.9961948 0 -0.2588239 -0.9659246 0 -0.2588169 -0.9659265 0 -0.4226208 -0.9063066 0 -0.4226101 -0.9063116 0 -0.5735765 -0.819152 0 -0.5735898 -0.8191428 0 -0.7071064 -0.7071072 0 -0.7070924 -0.7071212 0 -0.8191534 -0.5735747 0 -0.8191664 -0.5735559 0 -0.9063084 -0.4226171 0 -0.9062977 -0.42264 0 -0.965923 -0.2588301 0 -0.9659299 -0.2588039 0 -0.9961956 -0.08714544 0 -0.9961932 -0.08717322 0 -0.9961932 0.08717322 0 -0.9961956 0.08714544 0 -0.9659299 0.258804 0 -0.965923 0.2588301 0 -0.9062977 0.4226401 0 -0.9063084 0.422617 0 -0.8191664 0.5735559 0 -0.8191534 0.5735747 0 -0.7070935 0.7071202 0 -0.7071074 0.7071062 0 -0.5735882 0.8191439 0 -0.5735751 0.819153 0 -0.4226101 0.9063116 0 -0.4226208 0.9063066 0 -0.2588148 0.965927 0 -0.2588219 0.9659252 0 -0.08715701 0.9961947 0 0.08715462 0.9961948 0 0.08715701 0.9961947 0 0.2588219 0.9659252 0 0.2588148 0.965927 0 0.4226208 0.9063066 0 0.5735619 0.8191623 0 0.5735883 0.8191438 0 0.7071075 0.7071062 0 0.7071074 0.7071062 0 0.8191534 0.5735747 0 0.9063084 0.4226171 0 0.9063084 0.422617 0 0.965923 0.2588301 0 0.965923 0.2588301 0 0.9961956 0.08714544 0 0.9961956 -0.08714544 0 0.965923 -0.2588301 0 0.965923 -0.2588301 0 0.9063084 -0.4226171 0 0.9063084 -0.422617 0 0.8191534 -0.5735747 0 0.7071064 -0.7071072 0 0.5735897 -0.8191428 0 0.5735634 -0.8191612 0 0.4226208 -0.9063066 0 0.2588169 -0.9659265 0 0.2588239 -0.9659246 0 0.08715486 -0.9961948 0 0.08715242 -0.9961951 0 8.78714e-7 0 -1 -1.75743e-6 0 -1 -1.6476e-7 0 -1 8.78722e-7 0 -1 -8.78723e-7 0 -1 1.75744e-6 0 -1 4.39357e-7 0 -1 -4.3936e-7 0 -1 -8.78715e-7 0 -1 2.19679e-7 0 -1 8.78719e-7 0 -1 -8.78719e-7 0 -1 -2.1968e-7 0 -1 8.78716e-7 0 -1 4.39362e-7 0 -1 -1.31807e-6 0 -1 3.51489e-6 0 -1 -8.78715e-7 0 -1 1.75742e-6 0 -1 1.64758e-7 0 -1 -8.78716e-7 0 -1 -6.59039e-7 0 -1 -3.8444e-7 0 -1 3.84439e-7 0 -1 6.59041e-7 0 -1 0.08715552 0.9961948 0 0.08715915 0.9961944 0 0.2588231 0.9659247 0 0.2588126 0.9659277 0 0.4226151 0.9063094 0 0.5735827 0.8191477 0 0.5735825 0.8191478 0 0.7070932 0.7071204 0 0.7071144 0.7070992 0 0.8191573 0.5735691 0 0.8191573 0.5735691 0 0.9062987 0.422638 0 0.9063148 0.4226032 0 0.9659274 0.2588137 0 0.9659166 0.2588533 0 0.9961966 0.08713448 0 0.9961929 0.08717662 0 0.9961929 -0.08717662 0 0.9961966 -0.08713448 0 0.9659166 -0.2588533 0 0.9659273 -0.2588137 0 0.9063149 -0.4226031 0 0.9062986 -0.4226381 0 0.8191559 -0.5735711 0 0.8191557 -0.5735712 0 0.7071166 -0.7070971 0 0.7070955 -0.7071182 0 0.5735827 -0.8191477 0 0.5735825 -0.8191478 0 0.4226151 -0.9063094 0 0.2588125 -0.9659277 0 0.2588231 -0.9659247 0 0.08715915 -0.9961944 0 0.08715546 -0.9961948 0 -0.08715182 -0.9961951 0 -0.08715915 -0.9961944 0 -0.2588231 -0.9659247 0 -0.2588126 -0.9659277 0 -0.4226151 -0.9063094 0 -0.4226312 -0.9063018 0 -0.5735628 -0.8191617 0 -0.5735825 -0.8191478 0 -0.7071166 -0.7070971 0 -0.7071166 -0.707097 0 -0.8191359 -0.5735995 0 -0.8191557 -0.5735712 0 -0.9062987 -0.422638 0 -0.9063148 -0.4226032 0 -0.9659274 -0.2588137 0 -0.9659166 -0.2588533 0 -0.9961966 -0.08713448 0 -0.9961966 -0.08713448 0 -0.9961966 0.08713448 0 -0.9961966 0.08713448 0 -0.9659166 0.2588533 0 -0.9659273 0.2588137 0 -0.9063149 0.4226031 0 -0.9062986 0.4226381 0 -0.8191573 0.5735691 0 -0.8191373 0.5735976 0 -0.7071144 0.7070991 0 -0.7071144 0.7070992 0 -0.5735827 0.8191477 0 -0.5735626 0.8191618 0 -0.4226312 0.9063018 0 -0.4226151 0.9063094 0 -0.2588125 0.9659277 0 -0.2588231 0.9659247 0 -0.08715915 0.9961944 0 -0.08715182 0.9961951 0 -3.51491e-6 0 1 8.78715e-7 0 1 -7.02973e-6 0 1 8.78722e-7 0 1 -1.75743e-6 0 1 1.31808e-6 0 1 1.75744e-6 0 1 -1.75744e-6 0 1 -1.31808e-6 0 1 1.75743e-6 0 1 2.63616e-6 0 1 8.78714e-7 0 1 1.75744e-6 0 1 -7.02983e-6 0 1 1.75743e-6 0 1 3.51486e-6 0 1 -1.75743e-6 0 1 -1.6476e-7 0 1 1.75745e-6 0 1 -3.51489e-6 0 1 -2.19679e-6 0 1 -8.78719e-7 0 1 8.78719e-7 0 1 2.1968e-6 0 1 -1.75745e-6 0 1 -1.75743e-6 0 1 7.02983e-6 0 1 -1.75743e-6 0 1 -3.51484e-6 0 1 1.75744e-6 0 1 1.64758e-7 0 1 -0.573575 0.8191531 0 -0.7071075 0.7071062 0 -0.7070937 0.70712 0 -0.8191534 0.5735745 0 -0.8191663 0.5735561 0 -0.9063085 0.4226168 0 -0.9062977 0.4226402 0 -0.9659228 0.2588301 0 -0.9659299 0.2588038 0 -0.9659299 -0.258804 0 -0.965923 -0.25883 0 -0.9062978 -0.4226398 0 -0.9063084 -0.4226171 0 -0.8191666 -0.5735557 0 -0.8191532 -0.573575 0 -0.5735897 -0.8191428 0 0.5735633 -0.8191613 0 0.8191534 -0.5735745 0 0.8191532 -0.573575 0 0.9063085 -0.4226168 0 0.9063084 -0.4226171 0 0.9659228 -0.2588301 0 0.965923 -0.25883 0 0.9659228 0.2588301 0 0.965923 0.25883 0 0.9063085 0.4226168 0 0.9063084 0.4226171 0 0.8191534 0.5735745 0 0.8191532 0.573575 0 0.7071077 0.7071059 0 0.5735882 0.8191439 0 -0.08257907 0.9965845 0 -0.08258157 0.9965844 0 -0.2454836 0.9694007 0 -0.4017024 0.9157703 0 -0.4016911 0.9157754 0 -0.5469481 0.8371667 0 -0.6772829 0.7357227 0 -0.7891324 0.6142234 0 -0.7891471 0.6142042 0 -0.8794701 0.4759542 0 -0.9458124 0.3247137 0 -0.9458219 0.3246861 0 -0.9863595 0.1646053 0 -0.9863646 0.1645753 0 -0.9863646 -0.1645753 0 -0.9863595 -0.1646053 0 -0.9458217 -0.3246867 0 -0.9458123 -0.3247143 0 -0.8794705 -0.4759534 0 -0.7891471 -0.6142042 0 -0.7891324 -0.6142234 0 -0.6772819 -0.7357237 0 -0.5469495 -0.8371658 0 -0.4016911 -0.9157754 0 -0.4017024 -0.9157703 0 -0.2454836 -0.9694007 0 -0.08258157 -0.9965844 0 -0.08257907 -0.9965845 0 0 -1 1.07673e-6 -5.9558e-6 0 1 -8.84048e-6 0 1 2.57516e-6 0 1 3.08459e-6 0 1 -7.63919e-6 0 1 2.46464e-6 0 1 -3.49878e-7 0 1 -3.3333e-6 0 1 -8.71404e-7 0 1 1.9423e-6 0 1 0 1 -7.16562e-7 0 1 1.31603e-6 0 1 -1.07673e-6 3.73699e-6 0 1 8.17778e-6 0 1 4.76676e-6 0 1 -9.32467e-7 0 1 -4.66394e-7 0 1 1.16667e-6 0 1 3.45199e-6 0 1 -9.34105e-7 0 1 1.87022e-6 0 1 -1.72273e-6 0 1 -2.57695e-6 0 1 1.1396e-5 0 1 -1.89155e-7 0 1 -1.93783e-7 0 1 1.07599e-6 0 1 -2.95312e-6 0 1 -1.91442e-6 0 1 4.63059e-6 0 1 -1.00193e-6 0 1 -3.39032e-6 0 1 1.90314e-6 0 1 -1.89732e-6 0 1 1.89203e-6 0 1 1.88719e-6 0 1 -1.41215e-6 0 1 -1.4634e-6 0 1 -4.10532e-7 0 1 -8.92961e-7 0 1 1.99189e-6 0 1 1.98043e-6 0 1 -1.96962e-6 0 1 9.79674e-7 0 1 -3.95229e-6 0 1 1.43519e-6 0 1 -2.11848e-5 0 1 6.88053e-7 0 1 1.94687e-7 0 1 3.349e-6 0 1 -3.24203e-6 0 1 2.37995e-6 0 1 3.3268e-6 0 1 -1.61624e-6 0 1 6.95133e-6 0 1 -1.47744e-6 0 1 4.89116e-7 0 1 -2.8299e-6 0 1 -9.63886e-7 0 1 7.96143e-7 0 1 -4.52785e-7 0 1 6.70946e-7 0 1 -8.36076e-7 0 1 8.45208e-7 0 1 -4.69497e-7 0 1 -9.17875e-7 0 1 3.01063e-6 0 1 -2.93155e-6 0 1 8.7046e-7 0 1 -1.91973e-6 0 1 -1.45047e-6 0 1 9.37443e-7 0 1 9.4496e-6 0 1 -1.53765e-6 0 1 3.82718e-6 0 1 -1.2086e-6 0 1 0 0 1 5.34862e-7 0 1 -2.64595e-6 0 1 7.37322e-6 0 1 -3.35653e-7 0 1 -4.13239e-7 0 1 -2.00162e-6 0 1 6.87859e-7 0 1 8.03347e-7 0 1 1.82786e-6 0 1 1.89341e-6 0 1 -3.73448e-6 0 1 3.75104e-6 0 1 -3.31866e-6 0 1 -3.82718e-6 0 1 2.76166e-6 0 1 -3.88324e-6 0 1 1.81655e-6 0 1 3.95382e-6 0 1 -1.89305e-6 0 1 4.7314e-6 0 1 -5.68217e-6 0 1 -8.43739e-6 0 1 4.36742e-6 0 1 -7.26602e-7 0 1 7.67268e-7 0 1 3.26343e-7 0 -1 -3.35496e-7 0 -1 -1.85184e-7 0 -1 1.45674e-6 0 -1 -3.31518e-6 0 -1 2.57516e-6 0 -1 1.54229e-6 0 -1 -1.58788e-5 0 -1 -3.35585e-6 0 -1 8.04907e-6 0 -1 0 -1 -5.26407e-6 0 -1 1.07484e-5 -0.8794707 -0.4759533 0 -0.9863646 -0.1645753 0 -0.9863595 0.1646052 0 0 1 6.58011e-7 0 1 -2.15346e-6 -0.08715611 0 0.9961947 -0.08257949 0 -0.9965845 -0.08257836 0 -0.9965846 -0.2454859 0 -0.9694002 -0.4016957 0 -0.9157732 -0.546948 0 -0.8371667 -0.5469481 0 -0.8371666 -0.6772819 0 -0.7357236 -0.6772812 0 -0.7357243 -0.7456884 0 -0.666295 -0.7891238 -0.006475448 -0.6142001 -0.7981593 0 -0.6024466 -0.6772622 -0.007608115 -0.7357025 -0.6286033 0 -0.7777262 -0.5584318 0 -0.8295505 -0.5469371 -0.006111502 -0.8371515 -0.4880198 0 -0.8728325 -0.4100912 0 -0.9120446 -0.4016915 -0.004345297 -0.9157648 -0.3333734 0 -0.9427949 -0.2499355 0 -0.9682626 -0.2454846 -0.002308309 -0.9693978 -0.08715534 0.002444505 -0.9961917 -0.08257943 0 -0.9965845 -0.08257859 0.002579808 0.9965813 -0.2499353 -0.002444088 0.9682596 -0.2454847 0 0.9694005 -0.3333602 0 0.9427996 -0.4016919 -0.004345595 0.9157646 -0.4100912 0 0.9120446 -0.4880274 0 0.8728283 -0.5469382 -0.006111502 0.8371507 -0.5584308 0 0.8295511 -0.6286048 0 0.777725 -0.6772608 -0.007608115 0.7357038 -0.7452031 -0.03604823 0.6658626 -0.690684 0 0.7231568 -0.7510834 0 0.6602074 -0.7456933 0.001205384 0.6662884 -0.803031 -0.003557562 0.5959269 -0.7981597 0 0.6024459 -0.7891414 0 0.6142117 -0.6772816 0 0.7357239 -0.6772806 0 0.7357249 -0.5469488 0 0.8371662 -0.5469489 0 0.837166 -0.4016943 0 0.9157739 -0.4016961 0 0.915773 -0.2454849 0 0.9694004 -0.08258116 0 0.9965844 -0.08257895 0 0.9965846 -0.7981585 0 0.6024476 -0.8519187 0 0.5236741 -0.8794704 -0.002667784 0.4759463 -0.8922541 0 0.4515339 -0.9282149 0 0.3720446 -0.9458141 -0.002852678 0.3246962 -0.9557651 0 0.2941311 -0.9777643 0 0.2097073 -0.986357 -0.002964198 0.164594 -0.9917416 0 0.1282521 -0.9991456 0 0.04132854 -0.9991457 0 0.04132843 -0.9991456 0 -0.04132854 -0.9991457 0 -0.04132843 -0.9917415 0 -0.1282526 -0.986357 -0.002964198 -0.1645942 -0.9777647 0 -0.2097056 -0.9557651 0 -0.2941311 -0.9458138 -0.002852737 -0.3246969 -0.9282153 0 -0.3720435 -0.8922536 0 -0.4515346 -0.8794702 -0.002667605 -0.4759468 -0.8519207 0 -0.5236709 -0.7981588 0 -0.6024472 -0.803031 -0.003557562 -0.5959269 -0.7456849 0.001204609 -0.6662977 -0.7510852 0 -0.6602054 -0.690684 0 -0.7231568 0 -0.7071068 -0.7071067 0 -0.7071081 -0.7071055 -0.2549792 0.6605613 -0.7061477 -0.254976 0.6605611 -0.706149 -0.1552306 0.690846 -0.7061412 -0.1552311 0.6908402 -0.7061467 -0.05211997 0.7061501 -0.7061413 -0.05211955 0.7061457 -0.7061457 -0.3024984 0.6391366 -0.7071063 -0.3024973 0.6391359 -0.7071074 -0.5839226 0.400578 -0.7060962 -0.5839198 0.4005662 -0.7061051 -0.5171591 0.4836993 -0.7061032 -0.5171617 0.4837014 -0.7060998 -0.4386767 0.5558553 -0.7061074 -0.4386793 0.5558629 -0.7060998 -0.3502514 0.6154183 -0.7061051 -0.350255 0.6154317 -0.7060915 -0.5873354 0.3951478 -0.7063254 -0.5635393 0.3940265 -0.7260625 -0.5514312 0.4426999 -0.7070646 -0.5119883 0.4888989 -0.7062903 -0.4904156 0.4839009 -0.7247982 -0.4685132 0.5297017 -0.7070442 -0.4218742 0.5685384 -0.706248 -0.4031332 0.5604579 -0.7234437 -0.3720772 0.6013828 -0.7070342 -0.319561 0.6317766 -0.7062147 -0.3040788 0.6214957 -0.7219968 -0.2649311 0.6556149 -0.7070931 -0.2080176 0.6767902 -0.7061754 -0.1959733 0.6652386 -0.7204527 0.04709208 0.6974434 -0.7150911 -0.1501186 0.6910147 -0.7070807 -0.09046024 0.7022673 -0.7061427 -0.0818147 0.6903501 -0.7188346 -0.03098428 0.7064681 -0.7070664 -0.01190793 0.7070671 -0.7070462 -0.01191455 0.7070466 -0.7070666 0.04161286 0.7065001 -0.7064886 0.08903717 0.7014937 -0.707092 0.1490635 0.6923071 -0.706039 0.1518917 0.6821061 -0.7153042 0.206497 0.6763674 -0.7070263 0.2641134 0.6571044 -0.7060155 0.2648993 0.6488021 -0.7133613 0.3179677 0.6316297 -0.7070648 0.3715558 0.6029618 -0.7059627 0.3710486 0.5969064 -0.7113549 0.420298 0.5686506 -0.7070971 0.4682869 0.5313892 -0.7059271 0.4673325 0.5278239 -0.7092265 0.5105175 0.4891979 -0.7071474 0.5515155 0.44449 -0.7058748 0.550987 0.4433463 -0.707006 0.5860151 0.3958627 -0.7070212 0.6185529 0.3452237 -0.705842 0.6185461 0.3452145 -0.7058525 0.6446297 0.2904962 -0.7071524 0.6666141 0.2361788 -0.7069974 0.6678593 0.2360466 -0.7058654 0.6844331 0.1774595 -0.7071489 0.6945787 0.1206447 -0.7092287 0.6981359 0.1195742 -0.7059096 0.7046291 0.05929237 -0.7070944 0.7028436 0.002430617 -0.7113404 0.7082594 -3.28141e-4 -0.7059523 0.7044891 -0.06099569 -0.7070888 0.6912789 -0.1151655 -0.7133516 0.6979277 -0.1201807 -0.7060125 0.6839914 -0.1793906 -0.707089 0.660297 -0.2288401 -0.7152903 0.6674697 -0.2365891 -0.7060523 0.6437933 -0.2924545 -0.7071072 0.610921 -0.3354486 -0.7171121 0.6177515 -0.3461366 -0.7060967 0.5850109 -0.3972061 -0.7070995 0.544609 -0.4320719 -0.7188289 0.5502144 -0.4456881 -0.7061347 0.5093165 -0.4905527 -0.7070748 0.4632941 -0.5160386 -0.7204601 0.4668037 -0.5323537 -0.7061827 0.4188854 -0.5697643 -0.7070388 0.3693227 -0.5850788 -0.7219998 0.3699398 -0.6036686 -0.7062073 0.3164574 -0.6323689 -0.7070816 0.2653643 -0.6373419 -0.723448 0.2624019 -0.6575382 -0.7062498 0.2048246 -0.6768556 -0.7070456 0.1543818 -0.6714436 -0.7247964 0.147307 -0.6924208 -0.7062961 0.05013078 -0.7062177 -0.7062177 0.05013 -0.7062225 -0.706213 -0.009476065 -0.7070783 -0.7070718 -0.009475886 -0.7070531 -0.7070971 -0.009474754 -0.7070925 -0.7070576 -0.009475111 -0.707066 -0.7070842 0.03907656 -0.7065724 -0.7065611 0.03908008 -0.7065637 -0.7065696 0.1261526 -0.6966155 -0.7062665 0.1261513 -0.6966051 -0.706277 0.2203065 -0.6727851 -0.7062758 0.3146128 -0.6340162 -0.7064293 0.3137584 -0.6433513 -0.698323 0.2701101 -0.6535015 -0.7070902 0.2203087 -0.672784 -0.706276 0.3528228 -0.6127972 -0.7071037 0.3528225 -0.612797 -0.7071041 0.5968375 -0.3807427 -0.706272 0.5968381 -0.3807403 -0.7062728 0.5391059 -0.4588448 -0.7062764 0.53911 -0.4588398 -0.7062765 0.4712368 -0.5283126 -0.7062732 0.4712327 -0.5283163 -0.7062731 0.394492 -0.5878414 -0.7062709 0.3944883 -0.5878447 -0.7062702 0.5939853 -0.3855499 -0.7060686 0.5939887 -0.3855459 -0.7060679 0.5334123 -0.465329 -0.7063571 0.5184801 -0.4629043 -0.7189561 0.4957635 -0.5042052 -0.7071039 0.4521771 -0.5448514 -0.7061678 0.4470332 -0.5428685 -0.7109538 0.4086569 -0.5770465 -0.7071188 0.3615303 -0.6089033 -0.7060685 0.3615276 -0.6089055 -0.706068 0.3110467 -0.6349316 -0.7071858 0.2626191 -0.6523615 -0.7109541 0.261895 -0.6578287 -0.7061675 0.2053834 -0.6766468 -0.7070834 0.158206 -0.6768062 -0.7189605 0.1531947 -0.6910822 -0.7063546 0.05415099 -0.7060693 -0.7060693 0.05415105 -0.7060682 -0.7060705 0 0 -1 -4.28641e-7 0 -1 -4.69882e-7 0 -1 4.29385e-7 0 -1 -4.69022e-7 0 -1 4.30041e-7 0 -1 4.68277e-7 0 -1 -4.30598e-7 0 -1 4.67639e-7 0 -1 -5.38845e-7 0 -1 -2.15726e-7 0 -1 -2.1587e-7 0 -1 -4.31928e-7 0 -1 9.32365e-7 0 -1 -4.32036e-7 0 -1 1.60515e-6 0 -1 -1.01617e-6 0 -1 4.98415e-7 0 -1 -8.1873e-7 0 -1 4.92789e-7 0 -1 1.196e-7 0 -1 0 0 -1 -8.31606e-7 0 -1 4.69916e-7 0 -1 -1.45581e-7 0 -1 2.83488e-6 0 -1 -2.84152e-7 0 -1 9.37439e-7 0 -1 -1.53105e-7 0 -1 0 0 -1 -2.46323e-7 0 -1 0 0 -1 -8.71019e-6 0 -1 3.55279e-7 0 -1 -1.50813e-7 0 -1 -3.70997e-7 0 -1 7.86198e-7 0 -1 -1.82861e-7 0 -1 -1.88036e-7 0 -1 3.60926e-7 0 -1 -1.83222e-7 0 -1 -1.31487e-6 0 -1 9.29893e-7 0 -1 -1.91776e-7 0 -1 0 0 -1 0 0 -1 0 0 -1 -1.5784e-7 0 -1 -4.79473e-7 0 -1 2.11124e-7 0 -1 6.29507e-7 0 -1 1.86987e-7 0 -1 0 0 -1 -3.8032e-7 0 -1 0 0 -1 0 0 -1 5.5657e-6 0 -1 0 0 -1 0 0 -1 5.2595e-7 0 -1 -2.11302e-7 0 -1 0 0 -1 2.56257e-7 0 -1 -2.54044e-7 0 -1 1.98678e-7 0 -1 -3.87047e-7 0 -1 -1.68565e-7 0 -1 -1.54158e-6 0 -1 -1.30817e-7 0 -1 2.45455e-7 0 -1 3.95212e-7 0 -1 3.09215e-7 0 -1 9.63904e-7 0 -1 -6.32128e-7 0 -1 7.80075e-7 0 -1 1.89216e-7 0 -1 -1.19599e-7 0 -1 9.30659e-7 0 -1 -8.2785e-7 0 -1 4.69218e-7 0 -1 -4.69283e-7 0 -1 4.73263e-7 0 -1 4.66188e-7 0 -1 -4.73353e-7 0 -1 7.79169e-7 0 -1 -1.82916e-7 0 -1 2.1085e-7 0 -1 -2.48154e-6 0 -1 0 0 -1 3.99498e-7 0 -1 0 0 -1 0 0 -1 3.3495e-7 0 -1 0 0 -1 -5.69798e-7 0 -1 -1.81651e-7 0 -1 3.84323e-7 0 -1 1.66455e-7 0 -1 -7.86196e-7 0 -1 1.82861e-7 0 -1 1.88037e-7 0 -1 -4.58625e-7 0 -1 3.60926e-7 0 -1 -4.68527e-7 0 -1 4.09097e-7 0 -1 2.22973e-7 0 -1 4.95596e-7 0 -1 -5.94669e-7 0 -1 2.41675e-7 0 -1 0 0 -1 0 0.7071059 -0.7071077 0 0.7071088 -0.7071048 -0.0617454 0.7057551 -0.7057601 -0.06174552 0.7057595 -0.7057556 -0.1770002 0.706025 -0.685711 -0.179591 0.7200824 -0.6702452 -0.2357358 0.7071085 -0.666653 -0.2903688 0.7061436 -0.6457919 -0.2907547 0.7257314 -0.6235188 -0.3451012 0.7070693 -0.6172181 -0.4063511 0.7057597 -0.5803292 -0.3780274 0.7360315 -0.5615629 -0.4445179 0.7070608 -0.5499718 -0.5009495 0.7057628 -0.5009477 -0.4622964 0.7429619 -0.4840348 -0.5311666 0.7070152 -0.4668956 -0.5803297 0.7057593 -0.4063513 -0.5314697 0.7496579 -0.3944022 -0.6025161 0.706968 -0.3703656 -0.642072 0.7057629 -0.2994031 -0.583926 0.7561138 -0.2955037 -0.6565173 0.7069233 -0.2631437 -0.6843152 0.7057562 -0.1833605 -0.6185277 0.7623589 -0.1903487 -0.6916174 0.7068678 -0.1483353 -0.7057627 0.7057523 -0.06174683 -0.6346926 0.7683933 -0.08207857 -0.7068045 0.7068045 -0.02923756 -0.7068054 0.7068037 0.02923691 -0.6680365 0.7418297 0.05844616 -0.7016374 0.7067332 0.09073728 -0.6916153 0.7068698 0.1483357 -0.6485264 0.7410924 0.1737694 -0.6762636 0.7066501 0.2081181 -0.6565241 0.7069166 0.2631446 -0.609981 0.7396066 0.2844388 -0.6314005 0.7065668 0.3195259 -0.6025099 0.7069745 0.3703634 -0.5533407 0.7373587 0.3874484 -0.5683344 0.7064768 0.4217661 -0.5311667 0.7070133 0.4668985 -0.47999 0.7343188 0.479985 -0.488888 0.7063772 0.5118786 -0.4445147 0.707062 0.5499727 -0.3917319 0.7304549 0.5594478 -0.3953378 0.7062654 0.5872796 -0.3450999 0.707072 0.6172158 -0.2907541 0.7257327 0.6235176 -0.2903688 0.7061464 0.6457889 -0.2357409 0.7071039 0.6666561 -0.1795899 0.720086 0.6702414 -0.1770015 0.7060264 0.6857092 -0.06174373 0.7057552 0.7057602 -0.06174665 0.7057576 0.7057576 0 0.707108 0.7071056 0 0.7071051 0.7071086 -0.05212229 0.7061479 0.7061434 -0.05211842 0.7061479 0.7061437 -0.1552344 0.6908388 0.7061474 -0.1552286 0.6908426 0.7061449 -0.2549746 0.6605646 0.7061462 -0.2549768 0.6605631 0.7061468 -0.3025001 0.6391353 0.7071067 -0.3024967 0.6391351 0.7071083 -0.3502593 0.6154206 0.7060992 -0.3502492 0.6154291 0.7060968 -0.438678 0.5558538 0.7061079 -0.4386735 0.5558607 0.7061052 -0.5171559 0.4836983 0.7061061 -0.5171546 0.4836981 0.7061071 -0.5839197 0.400579 0.706098 -0.5839185 0.4005666 0.706106 -0.009476423 -0.7070521 0.707098 -0.009474694 -0.7070782 0.7070719 0.05012804 -0.7062129 0.7062228 0.05013144 -0.7062222 0.7062132 0.1473055 -0.6924209 0.7062962 0.1543815 -0.6714403 0.7247995 0.2048264 -0.6768553 0.7070453 0.2623996 -0.6575438 0.7062454 0.2653641 -0.6373366 0.7234529 0.3164483 -0.6323962 0.7070613 0.3699417 -0.603665 0.7062095 0.3693192 -0.5850814 0.7219994 0.418886 -0.5697672 0.707036 0.4668081 -0.5323534 0.7061799 0.4632942 -0.5160327 0.7204643 0.5850005 -0.3972585 0.7070786 0.544602 -0.4320664 0.7188375 0.5502142 -0.4456881 0.7061349 0.5092968 -0.4905983 0.7070574 0.6071326 -0.3401877 0.7180963 0.6715569 -0.3427459 0.6569145 0.6006766 -0.3733537 0.7069616 0.6437897 -0.292454 0.7071108 0.6674697 -0.2365891 0.7060523 0.6602979 -0.2288404 0.7152893 0.6839893 -0.1793897 0.7070913 0.6979325 -0.1201799 0.7060078 0.6912719 -0.1151666 0.7133582 0.7044888 -0.0609948 0.7070894 0.7082614 -3.2814e-4 0.7059502 0.7028392 0.002430617 0.7113447 0.7046273 0.05929195 0.707096 0.698138 0.1195742 0.7059075 0.6945764 0.1206452 0.7092308 0.6844211 0.1774564 0.7071613 0.6678552 0.2360472 0.7058691 0.6666131 0.2361788 0.7069984 0.6446087 0.2904792 0.7071785 0.6185472 0.3452194 0.7058492 0.6185467 0.3452193 0.7058496 0.5862407 0.3950958 0.7072631 0.5509782 0.4433535 0.7070084 0.5515178 0.4444903 0.705873 0.5106026 0.4889827 0.7072347 0.4673284 0.5278252 0.7092282 0.4682878 0.5313879 0.7059274 0.4202879 0.5686588 0.7070965 0.3710445 0.5969049 0.7113583 0.3715549 0.6029621 0.705963 0.3179994 0.6315616 0.7071113 0.2648949 0.6488032 0.7133618 0.2641171 0.6571024 0.7060161 0.2064913 0.6763682 0.7070271 0.1518896 0.6821101 0.7153009 0.1490636 0.6922988 0.7060471 0.08903956 0.7014935 0.7070918 0.04709047 0.6974434 0.7150911 0.04161417 0.7064943 0.7064943 -0.01191568 0.7070618 0.7070514 -0.01191926 0.7070697 0.7070434 -0.03097301 0.706435 0.7070999 -0.08181035 0.6903482 0.7188369 -0.09046131 0.702271 0.706139 -0.1501225 0.6910161 0.7070785 -0.1959738 0.6652405 0.7204508 -0.2080186 0.6767841 0.7061811 -0.2649341 0.6556144 0.7070925 -0.3040754 0.6215031 0.7219918 -0.3195615 0.6317753 0.7062156 -0.3720923 0.6013525 0.7070521 -0.4031328 0.5604599 0.7234422 -0.4218722 0.5685391 0.7062488 -0.4685072 0.5297036 0.7070468 -0.4904147 0.4839012 0.7247987 -0.587338 0.3951545 0.7063193 -0.563535 0.3940216 0.7260684 -0.5514304 0.4427003 0.7070651 -0.5119827 0.4889008 0.7062929 0.3103178 -0.6363012 0.7062746 -0.009472906 -0.7071174 0.7070327 -0.009465992 -0.7070664 0.7070839 0.03907757 -0.7065697 0.7065638 0.0390762 -0.7065611 0.7065724 0.1261513 -0.6966051 0.706277 0.1261522 -0.6966156 0.7062665 0.2203049 -0.6727823 0.7062789 0.2203065 -0.6727896 0.7062714 0.270143 -0.6534439 0.7071308 0.318641 -0.6421257 0.6972393 0.3528209 -0.6127936 0.7071078 0.3528231 -0.6127996 0.7071015 0.3944954 -0.5878393 0.7062707 0.3944847 -0.5878403 0.7062759 0.4712337 -0.5283185 0.7062708 0.4712305 -0.5283111 0.7062785 0.5391068 -0.4588455 0.7062752 0.5391091 -0.4588401 0.706277 0.5968357 -0.3807423 0.7062736 0.5968412 -0.3807401 0.7062702 0.0541498 -0.7060683 0.7060705 0.05415111 -0.7060689 0.7060697 0.1531933 -0.6910818 0.7063552 0.1582058 -0.676806 0.7189608 0.2053874 -0.6766462 0.7070828 0.2618982 -0.6578232 0.7061715 0.2626162 -0.6523621 0.7109547 0.3109995 -0.6350381 0.707111 0.3615329 -0.6089004 0.7060696 0.3615298 -0.6089019 0.7060699 0.4086256 -0.5770567 0.7071285 0.4470336 -0.5428683 0.7109535 0.4521793 -0.5448513 0.7061665 0.4957621 -0.5042056 0.7071045 0.5184761 -0.4628993 0.7189624 0.533416 -0.4653277 0.7063551 0.5939866 -0.3855521 0.7060662 0.5939837 -0.3855453 0.7060725 0 -0.7071071 0.7071065 0 -0.7071061 0.7071075 -0.05849254 -0.705897 0.7058953 -0.05849266 -0.7058962 0.7058961 -0.173879 -0.7058963 0.6866415 -0.1738822 -0.7058982 0.6866387 -0.2845258 -0.7058978 0.6486552 -0.2845282 -0.7058966 0.6486554 -0.3874099 -0.7058997 0.592975 -0.387413 -0.7058924 0.5929816 -0.4797299 -0.705896 0.5211238 -0.4797282 -0.7058971 0.5211241 -0.5589575 -0.7058998 0.4350541 -0.5589614 -0.705894 0.4350585 -0.6229483 -0.7058914 0.3371241 -0.6229432 -0.7058982 0.3371195 -0.6699371 -0.7058959 0.2299898 -0.6699384 -0.7058947 0.22999 -0.6986548 -0.7058961 0.1165856 -0.698656 -0.7058953 0.1165835 -0.7068027 -0.7068064 0.02923768 -0.7068054 -0.7068037 0.02923613 -0.7068064 -0.7068027 -0.0292378 -0.7068015 -0.7068076 -0.02923572 -0.6986518 -0.7058992 -0.1165849 -0.6986587 -0.7058925 -0.1165841 -0.6699371 -0.7058959 -0.2299898 -0.6699373 -0.7058957 -0.2299896 -0.622945 -0.7058959 -0.3371211 -0.622945 -0.7058957 -0.3371214 -0.5589577 -0.7059001 -0.4350534 -0.5589597 -0.7058962 -0.4350569 -0.4797289 -0.7058964 -0.5211242 -0.4797266 -0.7059008 -0.5211205 -0.3874118 -0.7058961 -0.592978 -0.3874115 -0.7058962 -0.592978 -0.2845269 -0.7058984 -0.648654 -0.2845264 -0.7058973 -0.6486554 -0.1738807 -0.7058995 -0.6866378 -0.1738811 -0.7058957 -0.6866416 -0.058492 -0.7058984 -0.7058939 -0.0584917 -0.7058961 -0.7058961 0 -1 -2.30559e-7 0 -1 1.09775e-6 0 -1 -6.08847e-7 0 -1 5.25987e-7 0 -1 -1.09775e-6 0 -1 -5.25984e-7 0 -1 5.48771e-6 0 -1 -2.67385e-7 0 -1 -1.41764e-6 0 -1 1.66054e-6 0 -1 0 0 -1 1.32945e-6 0 -1 8.78675e-7 0 -1 -4.16652e-7 0 -1 -3.02051e-7 0 -1 -9.0941e-7 0 -1 1.32242e-7 0 -1 1.36798e-7 0 -1 2.24689e-7 0 -1 2.30559e-7 0 -1 -2.52213e-7 0 -1 -1.48826e-6 0 -1 2.11728e-6 0 -1 1.66399e-7 0 -1 9.76773e-7 0 -1 -2.0076e-6 0 -1 5.80331e-7 0 -1 2.18315e-6 0 -1 -9.76773e-7 0 -1 -3.70124e-7 0 -1 -1.22645e-7 0 -1 2.45814e-7 0 -1 2.11436e-7 0 -1 0 0 -1 1.42478e-7 0 -1 1.44115e-6 0 -1 -1.43473e-7 0 -1 1.44594e-7 0 -1 -1.07258e-6 0 -1 1.19754e-7 0 -1 -1.93764e-6 0 -1 0 0 -1 -4.38513e-7 0 -1 2.52213e-7 0 -1 -1.20034e-6 0 -1 9.05343e-7 0 -1 -1.11728e-6 0 -1 3.80944e-6 0 -1 -2.32917e-7 0 -1 -1.27163e-6 0 -1 1.17221e-6 0 -1 3.42988e-7 0 -1 -8.38216e-7 0 -1 1.34115e-6 0 -1 -4.98849e-7 0 -1 -3.42987e-7 0 -1 2.05217e-7 0 -1 0 0 -1 -7.31559e-7 0 -1 1.44255e-7 0 -1 -1.43004e-7 0 -1 1.41885e-7 0 -1 -7.19246e-7 0 -1 3.52293e-7 0 -1 -1.43439e-6 0 -1 3.50302e-7 0 -1 -2.44137e-7 0 -1 1.22645e-7 0.1019015 -0.9947934 -0.001537978 0.01235556 -0.9999238 0 0.07646793 -0.9970703 -0.0019418 0.04368895 -0.99902 -0.007099926 0.07938551 -0.9968393 -0.003063917 0.1975524 -0.9802852 0.003744781 0.2247149 -0.9744234 0.00158894 0.2458869 -0.9692984 5.53998e-4 0.2607095 -0.9654173 1.63252e-4 0.2642023 -0.9644674 -1.16355e-4 0.2674005 -0.9635856 -6.93403e-5 0.2594844 -0.9657473 -1.99745e-4 0.2524135 -0.9676195 -3.76867e-4 0.2375289 -0.9713801 -8.93244e-4 0.2129139 -0.9770681 -0.002397239 0.185442 -0.9826422 -0.005077958 0.2164213 -0.9762997 -8.93651e-4 0.1491759 -0.9888107 1.54856e-4 0.1196005 -0.9928221 -5.41968e-4 0.07646888 -0.997072 0 0.01976883 -0.9997479 0.01064676 0.05584579 -0.9984239 0.005572378 0.09039413 -0.9959038 0.002144157 0.2164187 -0.9762895 -0.004684746 0.1335527 -0.9909588 0.01281821 0.1666914 -0.9859811 0.007443368 0.8387914 -0.5444531 0 0.8387979 -0.544443 0 0.7535527 -0.6573876 0 0.2679675 -0.963428 6.11285e-5 0.2737912 -0.9617892 0 0.2904461 -0.9568915 0 0.290446 -0.9568915 0 0.3698933 -0.9290743 0 0.3698881 -0.9290763 0 0.4397912 -0.8981001 0 0.4399037 -0.898045 0 0.5105307 -0.8598597 0 0.5780114 -0.8160287 0 0.5778771 -0.8161239 0 0.6386273 -0.7695162 0 0.6386346 -0.7695102 0 0.7010658 -0.7130967 0 0.7535609 -0.6573782 0 0.5572344 -0.8303553 0 0.5572416 -0.8303505 0 0.665636 -0.7462766 0 0.6656513 -0.746263 0 0.7615126 -0.6481502 0 0.7615202 -0.6481412 0 0.843068 -0.5378072 0 0.8430611 -0.537818 0 0.4989649 -0.8666222 0 0.4989643 -0.8666226 0 0.08434391 -0.9964368 -3.12636e-5 0.4444996 -0.8957791 0 0.4445064 -0.8957757 0 0.04095357 -0.9991568 -0.002945423 0.01562601 -0.9998626 -0.005543828 -0.005242109 -0.9999505 -0.008462667 0.0552237 -0.9984735 0.001051366 -0.02005213 -0.9997989 -2.27196e-4 -0.01339918 -0.9999102 0 0.2337073 -0.972307 1.68747e-5 0.2038544 -0.9790009 -8.20591e-4 0.165039 -0.9862806 -0.003590047 0.1781947 -0.9839934 -0.001887083 0.1127427 -0.9936242 4.30884e-4 0.06915014 -0.997606 -8.65578e-4 0.2799087 -0.9600048 0.006497561 0.3819695 -0.9241307 -0.00904119 0.2584534 -0.9659919 0.007852733 0.3111934 -0.9503462 -8.51839e-4 0.2186591 -0.9758014 2.53362e-4 0.2960543 -0.9551608 0.004438579 0.3224622 -0.9465814 0.001357793 0.3345748 -0.9423692 0 0.3032541 -0.952903 -0.003594219 0.2873285 -0.9578163 -0.005517899 0.2554774 -0.9668151 -1.30627e-5 0.3111943 -0.9503456 -0.001168906 0.381956 -0.924148 0.007769227 0.1781951 -0.9839951 8.01959e-5 0.1398952 -0.9901452 0.006468772 0.1829692 -0.9831166 0.002067506 -0.01339918 -0.9999102 0 -0.02005207 -0.9997989 2.27196e-4 0.0552237 -0.9984735 -0.001051008 -0.005255639 -0.9999505 0.008459687 0.02964454 -0.9995541 0.00358355 -0.8296958 0.5582159 0 0.1019851 -0.9947856 -9.1956e-4 -0.01295375 -0.9999162 0 -0.01340258 -0.9999102 1.48463e-5 0.01189672 -0.9999293 1.4645e-5 0.07080656 -0.9974886 -0.001772701 0.04326438 -0.9990473 -0.005721092 0.07895451 -0.996876 -0.002161085 0.1970151 -0.980395 0.003283441 0.2241614 -0.9745513 0.001298844 0.2454973 -0.9693973 3.84089e-4 0.2603449 -0.9655157 7.85237e-5 0.2638827 -0.9645549 -4.88619e-5 0.2670066 -0.9636947 -2.38444e-5 0.2594891 -0.9657461 -1.05418e-4 0.252306 -0.9676476 -2.36353e-4 0.2369767 -0.9715151 -6.77619e-4 0.2122979 -0.9772029 -0.00204128 0.1848587 -0.9827546 -0.004543721 0.208087 -0.9781091 -0.001571059 0.1475044 -0.9890615 1.7545e-4 0.11801 -0.9930124 -2.46656e-4 0.01950341 -0.9997701 0.008915007 0.0708059 -0.9974902 -6.61031e-6 -0.0132485 -0.9999123 -5.67783e-6 -0.0134021 -0.9999102 0 0.05572026 -0.9984372 0.004321694 0.09041595 -0.9959032 0.001369416 0.2080774 -0.9781066 -0.003355324 0.1332042 -0.9910172 0.011904 0.1662173 -0.986066 0.006773173 0.2670584 -0.9636803 2.04586e-5 0.2711692 -0.9625317 0 0.2896685 -0.9571272 0 0.28965 -0.9571327 0 0.3706389 -0.9287771 0 0.3706496 -0.9287728 0 0.4475077 -0.8942801 0 0.4474782 -0.8942949 0 0.5225145 -0.8526304 0 0.5225212 -0.8526263 0 0.5924206 -0.805629 0 0.5924205 -0.805629 0 0.6592932 -0.751886 0 0.6592932 -0.7518861 0 0.7202895 -0.6936736 0 0.7202429 -0.693722 0 0.7770566 -0.6294308 0 0.7770565 -0.629431 0 0.8272846 -0.5617833 0 0.8272844 -0.5617833 0 0.8723914 -0.4888081 0 0.8723852 -0.4888191 0 0.9104019 -0.4137251 0 0.9104975 -0.4135147 0 0.9425359 -0.334105 0 0.9425448 -0.3340799 0 0.9673044 -0.2536184 0 0.9673425 -0.2534732 0 0.985496 -0.1696992 0 0.9854913 -0.1697261 0 0.9962943 -0.08601129 0 0.9962599 -0.08640742 0 1 -4.48033e-4 0 0.9999999 -4.6161e-4 0 0.9964813 0.08381599 0 0.9965046 0.08353853 0 0.9856455 0.168828 0 0.9856455 0.1688281 0 0.9679918 0.2509819 0 0.9678786 0.2514182 0 0.9428461 0.3332287 0 0.942842 0.3332403 0 0.9117018 0.4108527 0 0.9117017 0.4108527 0 0.8732044 0.4873543 0 0.8732153 0.4873346 0 0.8291362 0.5590467 0 0.8284883 0.5600064 0 0.7786093 0.6275089 0 0.7786093 0.6275089 0 0.7219641 0.6919306 0 0.721964 0.6919307 0 0.6611487 0.7502549 0 0.6611552 0.7502492 0 0.5943357 0.8042171 0 0.5944692 0.8041184 0 0.5246116 0.8513417 0 0.5246115 0.8513417 0 0.4496824 0.8931886 0 0.4496823 0.8931887 0 0.3729338 0.9278581 0 0.3729432 0.9278542 0 0.2920187 0.9564127 0 0.2920619 0.9563995 0 0.2104907 0.9775959 0 0.2104936 0.9775953 0 0.1259163 0.9920409 0 0.1259163 0.9920409 0 0.05879896 0.9982699 0 0.05879896 0.9982699 0 -0.01684647 0.9998582 0 -0.01684761 0.9998582 0 -0.04381138 0.9990398 0 -0.04381608 0.9990397 0 -0.1277559 0.9918056 0 -0.1277541 0.991806 0 -0.212293 0.9772061 0 -0.2122929 0.9772061 0 -0.2937938 0.9558689 0 -0.2937937 0.9558688 0 -0.3746647 0.9271604 0 -0.4513567 0.8923437 0 -0.4513566 0.8923437 0 -0.5261896 0.8503673 0 -0.5261896 0.8503674 0 -0.5958932 0.8030637 0 -0.5958932 0.8030638 0 -0.6625303 0.7490351 0 -0.6625632 0.749006 0 -0.7232266 0.6906109 0 -0.7232265 0.690611 0 -0.7797833 0.6260496 0 -0.7797536 0.6260867 0 -0.8296957 0.558216 0 -0.4946317 0.8691028 0 -0.4946257 0.8691061 0 -0.61951 0.7849889 0 -0.6195101 0.7849887 0 -0.7303387 0.6830853 0 -0.7303388 0.6830852 0 -0.8246179 0.5656902 0 -0.824618 0.56569 0 -0.4277969 0.903875 0 -0.07360839 0.9972873 0 -0.2192314 0.9756729 0 -0.219233 0.9756726 0 -0.3601003 0.9329137 0 -0.3601052 0.9329118 0</float_array>
          <technique_common>
            <accessor source="#finger-mesh-normals-array" count="3270" stride="3">
              <param name="X" type="float"/>
              <param name="Y" type="float"/>
              <param name="Z" type="float"/>
            </accessor>
          </technique_common>
        </source>
        <vertices id="finger-mesh-vertices">
          <input semantic="POSITION" source="#finger-mesh-positions"/>
        </vertices>
        <triangles count="4276">
          <input semantic="VERTEX" source="#finger-mesh-vertices" offset="0"/>
          <input semantic="NORMAL" source="#finger-mesh-normals" offset="1"/>
          <p>0 0 1 0 2 0 0 1 2 1 3 1 3 2 2 2 4 2 4 3 2 3 5 3 4 4 5 4 6 4 6 5 5 5 7 5 6 6 7 6 8 6 8 7 7 7 9 7 8 8 9 8 10 8 10 9 9 9 11 9 10 9 11 9 12 9 12 10 11 10 13 10 12 11 13 11 14 11 14 12 13 12 15 12 14 13 15 13 16 13 17 14 16 14 18 14 18 14 16 14 15 14 19 15 20 15 21 15 21 15 20 15 22 15 21 15 22 15 23 15 23 15 22 15 17 15 23 15 17 15 24 15 24 15 17 15 18 15 25 16 22 16 26 16 26 16 22 16 20 16 25 17 26 17 27 17 28 18 29 18 30 18 25 17 27 17 31 17 31 19 27 19 32 19 31 20 32 20 33 20 33 21 32 21 34 21 33 22 34 22 35 22 35 23 34 23 36 23 35 24 36 24 37 24 37 25 36 25 38 25 37 26 38 26 39 26 39 27 38 27 28 27 39 28 28 28 40 28 40 29 28 29 30 29 40 30 30 30 41 30 30 31 29 31 0 31 0 31 29 31 1 31 42 32 43 32 41 32 41 33 43 33 3 33 41 34 3 34 40 34 40 35 3 35 39 35 3 36 31 36 33 36 44 37 45 37 22 37 22 38 45 38 46 38 22 39 46 39 47 39 48 40 49 40 17 40 17 41 49 41 50 41 50 42 51 42 17 42 17 43 51 43 52 43 17 44 52 44 53 44 33 45 35 45 3 45 3 46 35 46 37 46 3 47 37 47 39 47 47 48 54 48 22 48 22 49 54 49 55 49 22 50 55 50 17 50 17 51 55 51 56 51 17 52 56 52 48 52 57 53 58 53 3 53 3 54 58 54 59 54 3 55 59 55 60 55 61 56 62 56 22 56 22 57 62 57 63 57 22 58 63 58 64 58 60 53 65 53 3 53 3 59 65 59 25 59 3 60 25 60 31 60 65 61 66 61 25 61 25 62 66 62 67 62 25 63 67 63 68 63 69 64 70 64 16 64 71 65 72 65 16 65 16 66 72 66 73 66 16 67 73 67 14 67 14 68 73 68 74 68 14 69 74 69 12 69 12 70 74 70 75 70 12 71 75 71 10 71 10 72 75 72 76 72 10 73 76 73 8 73 8 74 76 74 77 74 8 75 77 75 6 75 6 76 77 76 78 76 6 53 78 53 4 53 4 77 78 77 79 77 4 53 79 53 3 53 3 78 79 78 80 78 3 79 80 79 57 79 53 80 81 80 17 80 17 81 81 81 82 81 17 82 82 82 16 82 16 83 82 83 83 83 16 84 83 84 69 84 70 85 84 85 16 85 16 86 84 86 85 86 16 87 85 87 86 87 68 53 87 53 25 53 25 88 87 88 88 88 25 53 88 53 89 53 89 53 90 53 25 53 25 89 90 89 91 89 25 90 91 90 22 90 22 91 91 91 92 91 22 92 92 92 61 92 93 53 94 53 64 53 64 93 94 93 95 93 96 94 22 94 97 94 97 95 22 95 98 95 96 53 99 53 22 53 22 96 99 96 100 96 22 97 100 97 44 97 95 98 101 98 64 98 64 99 101 99 102 99 64 100 102 100 22 100 22 101 102 101 103 101 22 102 103 102 98 102 104 53 105 53 106 53 106 103 105 103 107 103 106 53 107 53 86 53 93 53 64 53 108 53 108 104 64 104 109 104 108 105 109 105 110 105 110 106 109 106 111 106 110 53 111 53 104 53 104 107 111 107 112 107 104 108 112 108 105 108 107 53 113 53 86 53 86 109 113 109 114 109 86 110 114 110 16 110 16 111 114 111 115 111 16 112 115 112 71 112 20 113 19 113 26 113 26 113 19 113 116 113 26 113 116 113 27 113 27 114 116 114 117 114 27 113 117 113 32 113 32 113 117 113 118 113 32 113 118 113 34 113 34 115 118 115 119 115 34 113 119 113 36 113 36 116 119 116 120 116 36 113 120 113 38 113 38 113 120 113 121 113 38 117 121 117 28 117 28 118 121 118 122 118 28 119 122 119 29 119 29 120 122 120 123 120 123 121 124 121 29 121 29 122 124 122 125 122 29 123 125 123 1 123 1 113 125 113 126 113 1 124 126 124 127 124 24 113 18 113 128 113 128 125 18 125 15 125 128 126 15 126 129 126 129 127 15 127 13 127 129 128 13 128 130 128 130 129 13 129 11 129 130 130 11 130 131 130 131 131 11 131 9 131 131 132 9 132 132 132 132 133 9 133 7 133 132 134 7 134 133 134 133 113 7 113 5 113 133 113 5 113 134 113 134 135 5 135 2 135 134 113 2 113 135 113 135 136 2 136 1 136 135 113 1 113 136 113 136 113 1 113 127 113 21 137 137 137 19 137 19 138 137 138 116 138 138 139 125 139 139 139 139 140 125 140 124 140 139 141 124 141 140 141 140 142 124 142 123 142 140 143 123 143 141 143 141 144 123 144 122 144 141 145 122 145 142 145 142 146 122 146 121 146 142 147 121 147 143 147 143 148 121 148 120 148 143 149 120 149 144 149 144 150 120 150 119 150 144 151 119 151 145 151 145 152 119 152 118 152 145 153 118 153 146 153 146 154 118 154 117 154 146 155 117 155 137 155 137 156 117 156 116 156 138 157 147 157 125 157 125 158 147 158 126 158 148 159 128 159 149 159 149 160 128 160 129 160 149 161 129 161 150 161 150 162 129 162 130 162 150 163 130 163 151 163 151 164 130 164 131 164 151 165 131 165 152 165 152 166 131 166 132 166 152 167 132 167 153 167 153 168 132 168 133 168 153 169 133 169 154 169 154 170 133 170 134 170 154 171 134 171 155 171 155 172 134 172 135 172 155 173 135 173 156 173 156 174 135 174 136 174 156 175 136 175 157 175 157 176 136 176 127 176 157 177 127 177 147 177 147 178 127 178 126 178 148 179 23 179 128 179 128 180 23 180 24 180 158 181 159 181 23 181 160 182 161 182 21 182 162 183 163 183 137 183 137 184 163 184 164 184 137 185 164 185 165 185 21 186 166 186 167 186 161 113 168 113 21 113 21 187 168 187 169 187 21 113 169 113 137 113 137 188 169 188 170 188 137 189 170 189 162 189 171 113 172 113 173 113 173 190 172 190 174 190 173 191 174 191 175 191 23 192 176 192 177 192 23 193 159 193 21 193 21 194 159 194 178 194 21 195 178 195 166 195 167 113 179 113 21 113 21 196 179 196 180 196 21 197 180 197 160 197 137 113 181 113 182 113 183 198 184 198 148 198 148 199 184 199 185 199 186 113 187 113 165 113 165 200 187 200 188 200 165 201 188 201 137 201 137 202 188 202 189 202 137 203 189 203 181 203 190 113 191 113 173 113 173 204 191 204 192 204 173 205 192 205 171 205 175 113 193 113 173 113 173 206 193 206 194 206 173 207 194 207 195 207 195 208 194 208 196 208 195 209 196 209 165 209 165 210 196 210 197 210 165 211 197 211 186 211 182 113 198 113 137 113 137 113 198 113 199 113 137 113 199 113 146 113 146 212 199 212 200 212 201 213 140 213 141 213 185 214 202 214 148 214 148 215 202 215 203 215 148 216 203 216 23 216 23 217 203 217 204 217 23 218 204 218 176 218 177 219 205 219 23 219 23 220 205 220 206 220 23 221 206 221 207 221 201 222 141 222 208 222 208 223 141 223 142 223 208 113 142 113 209 113 209 224 142 224 143 224 209 113 143 113 210 113 210 113 143 113 144 113 210 113 144 113 200 113 200 113 144 113 145 113 200 113 145 113 146 113 140 113 201 113 139 113 139 225 201 225 211 225 139 226 211 226 138 226 138 227 211 227 212 227 138 228 212 228 147 228 147 229 212 229 213 229 147 230 213 230 157 230 157 231 213 231 214 231 157 113 214 113 156 113 156 232 214 232 215 232 156 113 215 113 155 113 155 233 215 233 216 233 155 113 216 113 154 113 154 234 216 234 217 234 154 235 217 235 153 235 207 236 218 236 23 236 23 237 218 237 219 237 23 238 219 238 158 238 153 239 217 239 152 239 152 240 217 240 220 240 152 241 220 241 151 241 151 242 220 242 221 242 151 243 221 243 150 243 150 244 221 244 222 244 150 245 222 245 149 245 149 246 222 246 223 246 149 247 223 247 148 247 148 248 223 248 224 248 148 249 224 249 225 249 190 113 226 113 191 113 191 250 226 250 227 250 191 113 227 113 225 113 225 251 227 251 228 251 225 252 228 252 148 252 148 253 228 253 229 253 148 254 229 254 183 254 230 255 231 255 232 255 232 113 231 113 233 113 234 256 43 256 235 256 235 257 43 257 42 257 236 258 237 258 238 258 238 259 237 259 239 259 240 260 239 260 241 260 241 261 239 261 237 261 231 262 240 262 233 262 233 263 240 263 241 263 3 264 242 264 243 264 243 265 244 265 3 265 3 266 244 266 245 266 3 267 245 267 246 267 246 268 247 268 3 268 3 269 247 269 248 269 3 270 248 270 0 270 231 271 230 271 3 271 3 272 230 272 249 272 3 273 249 273 242 273 239 14 240 14 238 14 238 274 240 274 231 274 238 275 231 275 234 275 234 276 231 276 3 276 234 14 3 14 43 14 250 16 41 16 251 16 251 16 41 16 252 16 250 16 253 16 41 16 41 277 253 277 254 277 41 278 254 278 255 278 30 16 256 16 41 16 41 279 256 279 257 279 41 280 257 280 252 280 241 16 237 16 233 16 233 281 237 281 236 281 233 16 236 16 232 16 232 16 236 16 235 16 232 16 235 16 255 16 255 282 235 282 42 282 255 16 42 16 41 16 30 283 0 283 256 283 256 284 0 284 248 284 256 285 248 285 257 285 257 286 248 286 247 286 257 287 247 287 252 287 252 288 247 288 246 288 252 289 246 289 251 289 251 290 246 290 245 290 251 291 245 291 250 291 250 292 245 292 244 292 250 293 244 293 253 293 253 293 244 293 243 293 253 294 243 294 254 294 254 294 243 294 242 294 254 295 242 295 255 295 255 296 242 296 249 296 255 297 249 297 232 297 232 298 249 298 230 298 235 299 236 299 234 299 234 299 236 299 238 299 224 300 258 300 225 300 225 301 258 301 259 301 225 302 259 302 191 302 191 302 259 302 260 302 191 303 260 303 192 303 192 304 260 304 261 304 192 305 261 305 171 305 171 306 261 306 262 306 171 307 262 307 172 307 172 307 262 307 263 307 172 308 263 308 174 308 174 309 263 309 264 309 174 310 264 310 175 310 175 310 264 310 265 310 175 311 265 311 193 311 193 312 265 312 266 312 193 313 266 313 194 313 194 314 266 314 267 314 194 315 267 315 196 315 196 316 267 316 268 316 196 317 268 317 197 317 197 318 268 318 269 318 197 319 269 319 186 319 186 320 269 320 270 320 186 321 270 321 187 321 187 322 270 322 271 322 187 323 271 323 188 323 188 323 271 323 272 323 188 324 272 324 189 324 189 325 272 325 273 325 189 326 273 326 181 326 181 327 273 327 274 327 181 328 274 328 182 328 182 329 274 329 275 329 182 330 275 330 198 330 198 331 275 331 276 331 198 332 276 332 199 332 199 333 276 333 277 333 199 334 277 334 200 334 200 335 277 335 278 335 200 336 278 336 210 336 210 337 278 337 279 337 210 338 279 338 209 338 209 339 279 339 280 339 209 340 280 340 208 340 208 340 280 340 281 340 208 341 281 341 201 341 201 342 281 342 282 342 201 343 282 343 211 343 211 344 282 344 283 344 211 345 283 345 212 345 212 346 283 346 284 346 212 347 284 347 213 347 213 348 284 348 285 348 213 349 285 349 214 349 214 350 285 350 286 350 214 351 286 351 215 351 215 352 286 352 287 352 215 353 287 353 216 353 216 354 287 354 288 354 216 355 288 355 217 355 217 356 288 356 289 356 217 357 289 357 220 357 220 357 289 357 290 357 220 358 290 358 221 358 221 359 290 359 291 359 221 360 291 360 222 360 222 361 291 361 292 361 222 362 292 362 223 362 223 362 292 362 293 362 223 363 293 363 224 363 224 364 293 364 258 364 259 365 72 365 260 365 260 366 72 366 71 366 260 367 71 367 261 367 261 368 71 368 115 368 261 369 115 369 262 369 262 370 115 370 114 370 262 371 114 371 263 371 263 372 114 372 113 372 263 373 113 373 264 373 264 374 113 374 107 374 264 375 107 375 265 375 265 376 107 376 105 376 265 377 105 377 266 377 266 378 105 378 112 378 266 379 112 379 267 379 267 380 112 380 111 380 267 381 111 381 268 381 268 382 111 382 109 382 268 383 109 383 269 383 269 384 109 384 64 384 269 385 64 385 270 385 270 386 64 386 63 386 270 387 63 387 271 387 271 388 63 388 62 388 271 389 62 389 272 389 272 390 62 390 61 390 272 391 61 391 273 391 273 392 61 392 92 392 273 393 92 393 274 393 274 394 92 394 91 394 274 395 91 395 275 395 275 396 91 396 90 396 275 397 90 397 276 397 276 398 90 398 89 398 276 399 89 399 277 399 277 400 89 400 88 400 277 401 88 401 278 401 278 402 88 402 87 402 278 403 87 403 279 403 279 404 87 404 68 404 279 405 68 405 280 405 280 406 68 406 67 406 280 407 67 407 281 407 281 408 67 408 66 408 281 409 66 409 282 409 282 410 66 410 65 410 282 411 65 411 283 411 283 412 65 412 60 412 283 413 60 413 284 413 284 414 60 414 59 414 284 415 59 415 285 415 285 416 59 416 58 416 285 417 58 417 286 417 286 418 58 418 57 418 286 419 57 419 287 419 287 420 57 420 80 420 287 421 80 421 288 421 288 422 80 422 79 422 288 423 79 423 289 423 289 424 79 424 78 424 289 425 78 425 290 425 290 426 78 426 77 426 290 427 77 427 291 427 291 428 77 428 76 428 291 429 76 429 292 429 292 430 76 430 75 430 292 431 75 431 293 431 293 432 75 432 74 432 293 433 74 433 258 433 258 434 74 434 73 434 258 435 73 435 259 435 259 436 73 436 72 436 204 300 294 300 176 300 176 301 294 301 295 301 176 302 295 302 177 302 177 302 295 302 296 302 177 303 296 303 205 303 205 304 296 304 297 304 205 305 297 305 206 305 206 306 297 306 298 306 206 307 298 307 207 307 207 307 298 307 299 307 207 437 299 437 218 437 218 438 299 438 300 438 218 310 300 310 219 310 219 310 300 310 301 310 219 311 301 311 158 311 158 312 301 312 302 312 158 439 302 439 159 439 159 440 302 440 303 440 159 441 303 441 178 441 178 442 303 442 304 442 178 317 304 317 166 317 166 318 304 318 305 318 166 319 305 319 167 319 167 320 305 320 306 320 167 443 306 443 179 443 179 443 306 443 307 443 179 323 307 323 180 323 180 323 307 323 308 323 180 324 308 324 160 324 160 325 308 325 309 325 160 326 309 326 161 326 161 327 309 327 310 327 161 328 310 328 168 328 168 329 310 329 311 329 168 330 311 330 169 330 169 331 311 331 312 331 169 332 312 332 170 332 170 333 312 333 313 333 170 444 313 444 162 444 162 444 313 444 314 444 162 336 314 336 163 336 163 337 314 337 315 337 163 338 315 338 164 338 164 339 315 339 316 339 164 340 316 340 165 340 165 340 316 340 317 340 165 341 317 341 195 341 195 342 317 342 318 342 195 343 318 343 173 343 173 344 318 344 319 344 173 345 319 345 190 345 190 346 319 346 320 346 190 347 320 347 226 347 226 348 320 348 321 348 226 349 321 349 227 349 227 350 321 350 322 350 227 351 322 351 228 351 228 352 322 352 323 352 228 353 323 353 229 353 229 354 323 354 324 354 229 355 324 355 183 355 183 356 324 356 325 356 183 357 325 357 184 357 184 357 325 357 326 357 184 358 326 358 185 358 185 359 326 359 327 359 185 360 327 360 202 360 202 361 327 361 328 361 202 445 328 445 203 445 203 445 328 445 329 445 203 363 329 363 204 363 204 364 329 364 294 364 295 365 81 365 296 365 296 446 81 446 53 446 296 447 53 447 297 447 297 448 53 448 52 448 297 369 52 369 298 369 298 449 52 449 51 449 298 450 51 450 299 450 299 451 51 451 50 451 299 452 50 452 300 452 300 453 50 453 49 453 300 454 49 454 301 454 301 455 49 455 48 455 301 456 48 456 302 456 302 457 48 457 56 457 302 458 56 458 303 458 303 459 56 459 55 459 303 460 55 460 304 460 304 461 55 461 54 461 304 462 54 462 305 462 305 384 54 384 47 384 305 385 47 385 306 385 306 463 47 463 46 463 306 464 46 464 307 464 307 465 46 465 45 465 307 389 45 389 308 389 308 466 45 466 44 466 308 391 44 391 309 391 309 467 44 467 100 467 309 393 100 393 310 393 310 468 100 468 99 468 310 469 99 469 311 469 311 470 99 470 96 470 311 397 96 397 312 397 312 471 96 471 97 471 312 399 97 399 313 399 313 472 97 472 98 472 313 473 98 473 314 473 314 402 98 402 103 402 314 403 103 403 315 403 315 474 103 474 102 474 315 475 102 475 316 475 316 406 102 406 101 406 316 407 101 407 317 407 317 476 101 476 95 476 317 477 95 477 318 477 318 410 95 410 94 410 318 411 94 411 319 411 319 478 94 478 93 478 319 479 93 479 320 479 320 480 93 480 108 480 320 481 108 481 321 481 321 482 108 482 110 482 321 483 110 483 322 483 322 484 110 484 104 484 322 485 104 485 323 485 323 486 104 486 106 486 323 421 106 421 324 421 324 487 106 487 86 487 324 423 86 423 325 423 325 488 86 488 85 488 325 425 85 425 326 425 326 426 85 426 84 426 326 427 84 427 327 427 327 489 84 489 70 489 327 490 70 490 328 490 328 430 70 430 69 430 328 491 69 491 329 491 329 492 69 492 83 492 329 433 83 433 294 433 294 493 83 493 82 493 294 435 82 435 295 435 295 436 82 436 81 436 330 494 331 494 332 494 332 495 331 495 333 495 332 496 333 496 334 496 334 497 333 497 335 497 334 498 335 498 336 498 336 499 335 499 337 499 336 500 337 500 338 500 338 501 337 501 339 501 338 502 339 502 340 502 340 503 339 503 341 503 340 504 341 504 342 504 342 505 341 505 343 505 342 506 343 506 344 506 344 507 343 507 345 507 344 508 345 508 346 508 346 509 345 509 347 509 346 510 347 510 348 510 348 511 347 511 349 511 348 512 349 512 350 512 350 513 349 513 351 513 350 514 351 514 352 514 352 515 351 515 353 515 352 516 353 516 354 516 354 517 353 517 355 517 354 518 355 518 356 518 356 519 355 519 357 519 356 520 357 520 358 520 358 521 357 521 359 521 358 522 359 522 360 522 360 523 359 523 361 523 360 524 361 524 362 524 362 525 361 525 363 525 362 526 363 526 364 526 364 527 363 527 365 527 364 528 365 528 366 528 366 529 365 529 367 529 366 530 367 530 368 530 368 531 367 531 369 531 368 532 369 532 370 532 370 533 369 533 371 533 370 534 371 534 372 534 372 535 371 535 373 535 372 536 373 536 374 536 374 537 373 537 375 537 374 538 375 538 376 538 376 539 375 539 377 539 376 540 377 540 378 540 378 541 377 541 379 541 378 542 379 542 380 542 380 543 379 543 381 543 380 544 381 544 382 544 382 545 381 545 383 545 382 546 383 546 384 546 384 547 383 547 385 547 384 548 385 548 386 548 386 549 385 549 387 549 386 550 387 550 388 550 388 551 387 551 389 551 388 552 389 552 390 552 390 553 389 553 391 553 390 554 391 554 392 554 392 555 391 555 393 555 392 556 393 556 394 556 394 557 393 557 395 557 394 558 395 558 396 558 396 559 395 559 397 559 396 560 397 560 398 560 398 561 397 561 399 561 398 562 399 562 400 562 400 563 399 563 401 563 400 564 401 564 330 564 330 565 401 565 331 565 330 566 402 566 400 566 400 566 402 566 403 566 400 567 403 567 398 567 398 568 403 568 404 568 398 569 404 569 396 569 396 570 404 570 405 570 396 571 405 571 394 571 394 572 405 572 406 572 394 573 406 573 392 573 392 574 406 574 407 574 392 575 407 575 390 575 390 576 407 576 408 576 390 577 408 577 388 577 388 578 408 578 409 578 388 579 409 579 386 579 386 580 409 580 410 580 386 581 410 581 384 581 384 582 410 582 411 582 384 583 411 583 382 583 382 584 411 584 412 584 382 585 412 585 380 585 380 311 412 311 413 311 380 586 413 586 378 586 378 587 413 587 414 587 378 588 414 588 376 588 376 588 414 588 415 588 376 589 415 589 374 589 374 590 415 590 416 590 374 591 416 591 372 591 372 592 416 592 417 592 372 593 417 593 370 593 370 594 417 594 418 594 370 595 418 595 368 595 368 596 418 596 419 596 368 597 419 597 366 597 366 598 419 598 420 598 366 599 420 599 364 599 364 600 420 600 421 600 364 601 421 601 362 601 362 602 421 602 422 602 362 603 422 603 360 603 360 604 422 604 423 604 360 605 423 605 358 605 358 606 423 606 424 606 358 607 424 607 356 607 356 608 424 608 425 608 356 609 425 609 354 609 354 609 425 609 426 609 354 610 426 610 352 610 352 611 426 611 427 611 352 612 427 612 350 612 350 613 427 613 428 613 350 614 428 614 348 614 348 615 428 615 429 615 348 616 429 616 346 616 346 617 429 617 430 617 346 618 430 618 344 618 344 619 430 619 431 619 344 620 431 620 342 620 342 621 431 621 432 621 342 622 432 622 340 622 340 145 432 145 433 145 340 623 433 623 338 623 338 624 433 624 434 624 338 625 434 625 336 625 336 626 434 626 435 626 336 627 435 627 334 627 334 628 435 628 436 628 334 629 436 629 332 629 332 630 436 630 437 630 332 631 437 631 330 631 330 631 437 631 402 631 420 632 438 632 421 632 421 633 438 633 439 633 421 634 439 634 422 634 422 635 439 635 440 635 422 636 440 636 423 636 423 637 440 637 441 637 423 638 441 638 424 638 424 639 441 639 442 639 424 640 442 640 425 640 425 641 442 641 443 641 425 642 443 642 426 642 426 643 443 643 444 643 426 644 444 644 427 644 427 645 444 645 445 645 427 646 445 646 428 646 428 647 445 647 446 647 428 648 446 648 429 648 429 649 446 649 447 649 429 650 447 650 430 650 430 651 447 651 448 651 430 652 448 652 431 652 431 653 448 653 449 653 431 654 449 654 432 654 432 655 449 655 450 655 432 656 450 656 433 656 433 657 450 657 451 657 433 658 451 658 434 658 434 659 451 659 452 659 434 660 452 660 435 660 435 661 452 661 453 661 435 662 453 662 436 662 436 663 453 663 454 663 436 664 454 664 437 664 437 665 454 665 455 665 437 666 455 666 402 666 402 667 455 667 456 667 402 668 456 668 403 668 403 669 456 669 457 669 403 670 457 670 404 670 404 671 457 671 458 671 404 672 458 672 405 672 405 673 458 673 459 673 405 674 459 674 406 674 406 675 459 675 460 675 406 676 460 676 407 676 407 677 460 677 461 677 407 678 461 678 408 678 408 679 461 679 462 679 408 680 462 680 409 680 409 681 462 681 463 681 409 682 463 682 410 682 410 683 463 683 464 683 410 684 464 684 411 684 411 685 464 685 465 685 411 686 465 686 412 686 412 687 465 687 466 687 412 688 466 688 413 688 413 689 466 689 467 689 413 690 467 690 414 690 414 691 467 691 468 691 414 692 468 692 415 692 415 693 468 693 469 693 415 694 469 694 416 694 416 695 469 695 470 695 416 696 470 696 417 696 417 697 470 697 471 697 417 698 471 698 418 698 418 699 471 699 472 699 418 700 472 700 419 700 419 701 472 701 473 701 419 702 473 702 420 702 420 703 473 703 438 703 474 704 475 704 476 704 476 705 475 705 477 705 476 706 477 706 478 706 478 707 477 707 479 707 478 708 479 708 480 708 480 709 479 709 481 709 480 710 481 710 482 710 482 711 481 711 483 711 482 502 483 502 484 502 484 712 483 712 485 712 484 713 485 713 486 713 486 714 485 714 487 714 486 506 487 506 488 506 488 715 487 715 489 715 488 508 489 508 490 508 490 716 489 716 491 716 490 717 491 717 492 717 492 718 491 718 493 718 492 719 493 719 494 719 494 720 493 720 495 720 494 721 495 721 496 721 496 722 495 722 497 722 496 516 497 516 498 516 498 517 497 517 499 517 498 723 499 723 500 723 500 724 499 724 501 724 500 725 501 725 502 725 502 726 501 726 503 726 502 727 503 727 504 727 504 728 503 728 505 728 504 729 505 729 506 729 506 730 505 730 507 730 506 731 507 731 508 731 508 732 507 732 509 732 508 733 509 733 510 733 510 529 509 529 511 529 510 734 511 734 512 734 512 735 511 735 513 735 512 736 513 736 514 736 514 737 513 737 515 737 514 738 515 738 516 738 516 739 515 739 517 739 516 740 517 740 518 740 518 741 517 741 519 741 518 742 519 742 520 742 520 743 519 743 521 743 520 744 521 744 522 744 522 745 521 745 523 745 522 746 523 746 524 746 524 747 523 747 525 747 524 748 525 748 526 748 526 749 525 749 527 749 526 750 527 750 528 750 528 751 527 751 529 751 528 752 529 752 530 752 530 753 529 753 531 753 530 754 531 754 532 754 532 755 531 755 533 755 532 756 533 756 534 756 534 757 533 757 535 757 534 758 535 758 536 758 536 759 535 759 537 759 536 760 537 760 538 760 538 761 537 761 539 761 538 762 539 762 540 762 540 763 539 763 541 763 540 764 541 764 542 764 542 765 541 765 543 765 542 766 543 766 544 766 544 767 543 767 545 767 544 564 545 564 474 564 474 768 545 768 475 768 474 566 546 566 544 566 544 566 546 566 547 566 544 769 547 769 542 769 542 770 547 770 548 770 542 771 548 771 540 771 540 772 548 772 549 772 540 773 549 773 538 773 538 774 549 774 550 774 538 775 550 775 536 775 536 775 550 775 551 775 536 776 551 776 534 776 534 777 551 777 552 777 534 577 552 577 532 577 532 578 552 578 553 578 532 778 553 778 530 778 530 779 553 779 554 779 530 780 554 780 528 780 528 781 554 781 555 781 528 782 555 782 526 782 526 783 555 783 556 783 526 784 556 784 524 784 524 785 556 785 557 785 524 586 557 586 522 586 522 587 557 587 558 587 522 786 558 786 520 786 520 786 558 786 559 786 520 787 559 787 518 787 518 788 559 788 560 788 518 789 560 789 516 789 516 790 560 790 561 790 516 791 561 791 514 791 514 792 561 792 562 792 514 793 562 793 512 793 512 794 562 794 563 794 512 597 563 597 510 597 510 598 563 598 564 598 510 795 564 795 508 795 508 796 564 796 565 796 508 797 565 797 506 797 506 798 565 798 566 798 506 603 566 603 504 603 504 604 566 604 567 604 504 799 567 799 502 799 502 800 567 800 568 800 502 607 568 607 500 607 500 608 568 608 569 608 500 609 569 609 498 609 498 609 569 609 570 609 498 610 570 610 496 610 496 611 570 611 571 611 496 612 571 612 494 612 494 613 571 613 572 613 494 801 572 801 492 801 492 802 572 802 573 802 492 803 573 803 490 803 490 804 573 804 574 804 490 618 574 618 488 618 488 619 574 619 575 619 488 620 575 620 486 620 486 621 575 621 576 621 486 622 576 622 484 622 484 145 576 145 577 145 484 623 577 623 482 623 482 624 577 624 578 624 482 805 578 805 480 805 480 806 578 806 579 806 480 627 579 627 478 627 478 628 579 628 580 628 478 807 580 807 476 807 476 808 580 808 581 808 476 809 581 809 474 809 474 810 581 810 546 810 564 811 582 811 565 811 565 812 582 812 583 812 565 813 583 813 566 813 566 814 583 814 584 814 566 815 584 815 567 815 567 816 584 816 585 816 567 817 585 817 568 817 568 818 585 818 586 818 568 819 586 819 569 819 569 820 586 820 587 820 569 821 587 821 570 821 570 822 587 822 588 822 570 644 588 644 571 644 571 645 588 645 589 645 571 646 589 646 572 646 572 823 589 823 590 823 572 648 590 648 573 648 573 824 590 824 591 824 573 825 591 825 574 825 574 826 591 826 592 826 574 827 592 827 575 827 575 828 592 828 593 828 575 829 593 829 576 829 576 655 593 655 594 655 576 656 594 656 577 656 577 830 594 830 595 830 577 831 595 831 578 831 578 832 595 832 596 832 578 833 596 833 579 833 579 834 596 834 597 834 579 835 597 835 580 835 580 836 597 836 598 836 580 837 598 837 581 837 581 838 598 838 599 838 581 839 599 839 546 839 546 667 599 667 600 667 546 840 600 840 547 840 547 841 600 841 601 841 547 842 601 842 548 842 548 843 601 843 602 843 548 844 602 844 549 844 549 845 602 845 603 845 549 846 603 846 550 846 550 847 603 847 604 847 550 848 604 848 551 848 551 849 604 849 605 849 551 850 605 850 552 850 552 851 605 851 606 851 552 852 606 852 553 852 553 853 606 853 607 853 553 854 607 854 554 854 554 855 607 855 608 855 554 856 608 856 555 856 555 857 608 857 609 857 555 858 609 858 556 858 556 859 609 859 610 859 556 860 610 860 557 860 557 861 610 861 611 861 557 862 611 862 558 862 558 863 611 863 612 863 558 864 612 864 559 864 559 865 612 865 613 865 559 866 613 866 560 866 560 867 613 867 614 867 560 868 614 868 561 868 561 869 614 869 615 869 561 870 615 870 562 870 562 871 615 871 616 871 562 872 616 872 563 872 563 873 616 873 617 873 563 874 617 874 564 874 564 875 617 875 582 875 459 113 458 113 618 113 614 113 613 113 619 113 471 113 470 113 619 113 619 876 470 876 469 876 619 877 469 877 468 877 452 113 620 113 453 113 453 113 620 113 454 113 438 113 473 113 619 113 619 878 473 878 472 878 619 879 472 879 471 879 468 113 467 113 619 113 619 880 467 880 466 880 619 113 466 113 618 113 618 881 466 881 465 881 465 882 464 882 618 882 618 883 464 883 463 883 618 884 463 884 462 884 462 113 461 113 618 113 618 885 461 885 460 885 618 886 460 886 459 886 458 113 457 113 618 113 618 887 457 887 456 887 618 888 456 888 620 888 620 889 456 889 455 889 620 890 455 890 454 890 617 113 616 113 621 113 443 113 442 113 613 113 621 113 616 113 619 113 619 891 616 891 615 891 619 892 615 892 614 892 442 113 441 113 613 113 613 893 441 893 440 893 613 113 440 113 619 113 619 894 440 894 439 894 619 895 439 895 438 895 612 113 611 113 445 113 445 896 611 896 610 896 612 113 445 113 613 113 613 897 445 897 444 897 613 898 444 898 443 898 602 113 601 113 620 113 620 899 601 899 600 899 620 900 600 900 622 900 622 901 600 901 599 901 622 902 599 902 623 902 623 903 599 903 598 903 623 113 598 113 624 113 624 904 598 904 597 904 624 905 597 905 625 905 625 906 597 906 596 906 625 907 596 907 626 907 626 908 596 908 595 908 626 113 595 113 627 113 627 909 595 909 594 909 627 113 594 113 628 113 628 910 594 910 593 910 628 911 593 911 629 911 629 912 593 912 592 912 629 113 592 113 630 113 630 913 592 913 591 913 630 914 591 914 631 914 631 915 591 915 590 915 631 113 590 113 632 113 632 916 590 916 589 916 632 917 589 917 633 917 633 918 589 918 588 918 633 113 588 113 634 113 634 919 588 919 587 919 634 113 587 113 635 113 635 920 587 920 586 920 635 905 586 905 636 905 636 921 586 921 585 921 636 922 585 922 637 922 637 923 585 923 584 923 637 113 584 113 638 113 638 924 584 924 583 924 638 113 583 113 621 113 621 113 583 113 582 113 621 925 582 925 617 925 451 113 607 113 452 113 452 926 607 926 606 926 606 927 605 927 452 927 452 928 605 928 604 928 452 929 604 929 620 929 620 113 604 113 603 113 620 113 603 113 602 113 451 113 450 113 607 113 607 930 450 930 449 930 607 113 449 113 608 113 608 931 449 931 448 931 608 113 448 113 609 113 609 932 448 932 447 932 609 113 447 113 610 113 610 933 447 933 446 933 610 934 446 934 445 934 639 935 640 935 641 935 639 936 641 936 642 936 642 937 641 937 643 937 642 938 643 938 644 938 644 939 643 939 645 939 645 940 643 940 646 940 645 941 646 941 647 941 647 942 646 942 648 942 647 943 648 943 649 943 649 944 648 944 650 944 649 945 650 945 651 945 651 946 650 946 652 946 651 947 652 947 653 947 653 948 652 948 654 948 653 949 654 949 655 949 655 950 654 950 656 950 655 951 656 951 657 951 657 952 656 952 658 952 657 953 658 953 659 953 659 954 658 954 660 954 660 955 658 955 661 955 660 956 661 956 662 956 662 957 661 957 663 957 662 958 663 958 664 958 664 959 663 959 665 959 665 960 663 960 666 960 665 961 666 961 667 961 667 962 666 962 668 962 667 963 668 963 669 963 669 964 668 964 670 964 669 965 670 965 671 965 671 966 670 966 672 966 671 967 672 967 673 967 673 968 672 968 674 968 673 969 674 969 675 969 675 970 674 970 676 970 675 971 676 971 677 971 677 972 676 972 678 972 678 973 676 973 679 973 678 974 679 974 680 974 681 975 682 975 683 975 683 976 682 976 684 976 683 977 684 977 679 977 679 978 684 978 685 978 679 979 685 979 680 979 681 980 686 980 682 980 682 981 686 981 687 981 687 982 686 982 688 982 688 983 686 983 689 983 688 984 689 984 690 984 689 985 691 985 690 985 690 986 691 986 692 986 690 987 692 987 693 987 692 988 694 988 693 988 693 989 694 989 695 989 693 990 695 990 696 990 695 991 697 991 696 991 696 992 697 992 698 992 696 993 698 993 699 993 698 994 700 994 699 994 699 995 700 995 701 995 699 996 701 996 702 996 701 997 703 997 702 997 702 998 703 998 704 998 702 999 704 999 705 999 704 1000 706 1000 705 1000 705 1001 706 1001 707 1001 705 1002 707 1002 708 1002 707 1003 709 1003 708 1003 708 1004 709 1004 710 1004 708 1005 710 1005 711 1005 710 1006 712 1006 711 1006 711 1007 712 1007 713 1007 711 1008 713 1008 714 1008 713 1009 715 1009 714 1009 714 1010 715 1010 716 1010 714 1011 716 1011 717 1011 717 1012 716 1012 718 1012 717 1013 718 1013 719 1013 719 1014 718 1014 720 1014 719 1015 720 1015 721 1015 720 1016 722 1016 721 1016 721 1017 722 1017 723 1017 721 1018 723 1018 724 1018 723 1019 725 1019 724 1019 724 1020 725 1020 726 1020 724 1021 726 1021 727 1021 726 1022 728 1022 727 1022 727 1023 728 1023 729 1023 727 1024 729 1024 730 1024 730 1025 729 1025 731 1025 730 1026 731 1026 732 1026 732 1027 731 1027 733 1027 732 1028 733 1028 734 1028 734 1029 733 1029 735 1029 734 1030 735 1030 736 1030 736 1031 735 1031 737 1031 736 1032 737 1032 738 1032 738 1033 737 1033 739 1033 738 1034 739 1034 740 1034 740 1035 739 1035 640 1035 740 1036 640 1036 639 1036 741 1037 742 1037 698 1037 743 1038 744 1038 703 1038 737 1039 745 1039 739 1039 739 1040 745 1040 746 1040 739 1041 746 1041 640 1041 747 1042 748 1042 735 1042 735 1043 748 1043 749 1043 735 1044 749 1044 737 1044 737 1045 749 1045 750 1045 737 1046 750 1046 745 1046 747 1047 735 1047 751 1047 751 1048 735 1048 733 1048 751 1049 733 1049 752 1049 753 1050 754 1050 729 1050 729 1051 754 1051 755 1051 752 1052 733 1052 755 1052 755 1053 733 1053 731 1053 755 1054 731 1054 729 1054 753 1055 729 1055 756 1055 756 1056 729 1056 728 1056 756 1057 728 1057 726 1057 757 1058 758 1058 725 1058 725 1059 758 1059 759 1059 725 1060 759 1060 726 1060 726 1061 759 1061 760 1061 726 1062 760 1062 756 1062 757 1063 725 1063 761 1063 761 1064 725 1064 723 1064 761 1065 723 1065 762 1065 762 1066 723 1066 722 1066 762 1067 722 1067 763 1067 763 1068 722 1068 720 1068 763 1069 720 1069 764 1069 764 1070 720 1070 718 1070 764 1071 718 1071 765 1071 765 1072 718 1072 716 1072 765 1073 716 1073 766 1073 766 1074 716 1074 715 1074 766 1075 715 1075 767 1075 767 1076 715 1076 713 1076 767 1077 713 1077 768 1077 768 1078 713 1078 712 1078 768 1079 712 1079 769 1079 769 1080 712 1080 710 1080 769 1081 710 1081 770 1081 770 1082 710 1082 709 1082 770 1083 709 1083 771 1083 771 1084 709 1084 707 1084 771 1085 707 1085 772 1085 772 1086 707 1086 773 1086 773 1087 707 1087 706 1087 773 1088 706 1088 744 1088 744 1089 706 1089 704 1089 744 1090 704 1090 703 1090 698 1091 742 1091 700 1091 700 1092 742 1092 774 1092 700 1093 774 1093 701 1093 701 1094 774 1094 775 1094 701 1095 775 1095 703 1095 703 1096 775 1096 776 1096 703 1097 776 1097 743 1097 741 1098 698 1098 777 1098 777 1099 698 1099 697 1099 777 1100 697 1100 778 1100 778 1101 697 1101 695 1101 778 1102 695 1102 779 1102 779 1103 695 1103 694 1103 779 1104 694 1104 780 1104 780 1105 694 1105 692 1105 780 1106 692 1106 781 1106 781 1107 692 1107 691 1107 781 1108 691 1108 782 1108 691 1109 689 1109 782 1109 782 1110 689 1110 686 1110 782 1111 686 1111 783 1111 783 1112 686 1112 681 1112 783 1113 681 1113 784 1113 785 1114 786 1114 650 1114 679 1115 787 1115 683 1115 683 1116 787 1116 784 1116 683 1117 784 1117 681 1117 788 1118 789 1118 676 1118 676 1119 789 1119 790 1119 676 1120 790 1120 679 1120 679 1121 790 1121 791 1121 679 1122 791 1122 787 1122 788 1123 676 1123 792 1123 792 1124 676 1124 674 1124 792 1125 674 1125 793 1125 793 1126 674 1126 794 1126 794 1127 674 1127 672 1127 794 1128 672 1128 795 1128 670 1129 796 1129 672 1129 672 1130 796 1130 797 1130 672 1131 797 1131 795 1131 668 1132 798 1132 799 1132 799 1133 800 1133 668 1133 668 1134 800 1134 801 1134 668 1135 801 1135 670 1135 670 1136 801 1136 802 1136 670 1137 802 1137 796 1137 798 1138 668 1138 803 1138 803 1139 668 1139 666 1139 803 1140 666 1140 804 1140 804 1141 666 1141 805 1141 805 1142 666 1142 663 1142 805 1143 663 1143 806 1143 806 1144 663 1144 807 1144 807 1145 663 1145 661 1145 807 1146 661 1146 808 1146 808 1147 661 1147 809 1147 809 1148 661 1148 658 1148 809 1149 658 1149 810 1149 656 1150 811 1150 658 1150 658 1151 811 1151 812 1151 658 1152 812 1152 810 1152 813 1153 814 1153 654 1153 654 1154 814 1154 815 1154 654 1155 815 1155 656 1155 656 1156 815 1156 816 1156 656 1157 816 1157 811 1157 650 1158 786 1158 652 1158 786 1159 817 1159 652 1159 652 1160 817 1160 818 1160 652 1161 818 1161 654 1161 654 1162 818 1162 819 1162 654 1163 819 1163 813 1163 648 1164 820 1164 650 1164 650 1165 820 1165 821 1165 650 1166 821 1166 785 1166 822 1167 823 1167 646 1167 823 1168 824 1168 646 1168 646 1169 824 1169 825 1169 646 1170 825 1170 648 1170 648 1171 825 1171 826 1171 648 1172 826 1172 820 1172 646 1173 643 1173 822 1173 822 1174 643 1174 641 1174 822 1175 641 1175 827 1175 827 1176 641 1176 640 1176 827 1177 640 1177 746 1177 828 1178 829 1178 830 1178 830 1179 829 1179 831 1179 830 1180 831 1180 832 1180 832 1181 831 1181 833 1181 832 1182 833 1182 834 1182 834 1183 833 1183 835 1183 834 1184 835 1184 836 1184 836 1185 835 1185 837 1185 836 1186 837 1186 838 1186 838 1187 837 1187 839 1187 838 1188 839 1188 840 1188 840 1189 839 1189 841 1189 840 1190 841 1190 842 1190 842 1191 841 1191 843 1191 842 1192 843 1192 844 1192 844 1192 843 1192 845 1192 844 1193 845 1193 846 1193 846 1194 845 1194 847 1194 846 1195 847 1195 848 1195 848 1196 847 1196 849 1196 848 1197 849 1197 850 1197 850 1197 849 1197 851 1197 850 1198 851 1198 852 1198 852 1199 851 1199 853 1199 852 1200 853 1200 854 1200 854 1201 853 1201 855 1201 854 1202 855 1202 856 1202 856 1203 855 1203 857 1203 856 1204 857 1204 858 1204 858 1205 857 1205 859 1205 858 1206 859 1206 860 1206 860 1207 859 1207 861 1207 860 1208 861 1208 862 1208 862 1209 861 1209 863 1209 862 1210 863 1210 864 1210 864 1211 863 1211 865 1211 864 1212 865 1212 866 1212 866 1213 865 1213 867 1213 866 1214 867 1214 868 1214 868 1215 867 1215 869 1215 868 1216 869 1216 870 1216 870 1217 869 1217 871 1217 870 1218 871 1218 872 1218 872 1219 871 1219 873 1219 872 1220 873 1220 874 1220 874 1221 873 1221 875 1221 874 1222 875 1222 876 1222 876 1223 875 1223 877 1223 876 1224 877 1224 878 1224 878 1225 877 1225 879 1225 878 1226 879 1226 880 1226 880 1227 879 1227 881 1227 880 1228 881 1228 882 1228 882 1229 881 1229 883 1229 882 1230 883 1230 884 1230 884 1231 883 1231 885 1231 884 1232 885 1232 886 1232 886 1233 885 1233 887 1233 886 1234 887 1234 888 1234 888 1235 887 1235 889 1235 888 1236 889 1236 890 1236 890 1237 889 1237 891 1237 890 1238 891 1238 892 1238 892 1239 891 1239 893 1239 892 1240 893 1240 894 1240 894 1241 893 1241 895 1241 894 1242 895 1242 896 1242 896 1243 895 1243 897 1243 896 1244 897 1244 898 1244 898 1245 897 1245 899 1245 898 1246 899 1246 828 1246 828 1247 899 1247 829 1247 900 14 828 14 901 14 901 1248 828 1248 830 1248 901 14 830 14 902 14 902 1249 830 1249 832 1249 902 14 832 14 903 14 903 14 832 14 834 14 903 14 834 14 904 14 904 14 834 14 836 14 904 14 836 14 905 14 905 1250 836 1250 838 1250 905 14 838 14 906 14 906 14 838 14 840 14 906 14 840 14 907 14 907 1251 840 1251 842 1251 907 1252 842 1252 908 1252 908 14 842 14 844 14 908 14 844 14 909 14 909 14 844 14 846 14 909 14 846 14 910 14 910 14 846 14 848 14 910 1253 848 1253 911 1253 911 1254 848 1254 850 1254 911 1255 850 1255 912 1255 912 1256 850 1256 852 1256 912 14 852 14 913 14 913 14 852 14 854 14 913 1257 854 1257 914 1257 914 1258 854 1258 856 1258 914 14 856 14 915 14 915 14 856 14 858 14 915 14 858 14 916 14 916 14 858 14 860 14 916 14 860 14 917 14 917 1259 860 1259 862 1259 917 14 862 14 918 14 918 1260 862 1260 864 1260 918 1261 864 1261 919 1261 900 14 920 14 828 14 828 1262 920 1262 921 1262 828 14 921 14 898 14 898 1263 921 1263 922 1263 898 14 922 14 896 14 896 1264 922 1264 923 1264 896 14 923 14 894 14 894 1265 923 1265 924 1265 894 14 924 14 892 14 892 1266 924 1266 925 1266 892 14 925 14 890 14 890 1267 925 1267 926 1267 890 14 926 14 888 14 888 14 926 14 927 14 888 1268 927 1268 886 1268 886 1269 927 1269 928 1269 886 1270 928 1270 884 1270 884 14 928 14 929 14 884 1271 929 1271 882 1271 882 14 929 14 930 14 882 14 930 14 880 14 880 14 930 14 931 14 880 14 931 14 878 14 878 1272 931 1272 932 1272 878 1273 932 1273 876 1273 876 14 932 14 933 14 876 14 933 14 874 14 874 14 933 14 934 14 874 1274 934 1274 872 1274 872 1275 934 1275 935 1275 872 14 935 14 870 14 870 1276 935 1276 936 1276 870 14 936 14 868 14 868 1277 936 1277 937 1277 868 14 937 14 866 14 866 1278 937 1278 938 1278 866 14 938 14 864 14 864 1279 938 1279 939 1279 864 1280 939 1280 919 1280 746 1281 919 1281 827 1281 827 1282 919 1282 939 1282 827 1283 939 1283 822 1283 822 1284 939 1284 938 1284 822 1285 938 1285 823 1285 821 1286 820 1286 937 1286 820 1287 826 1287 937 1287 937 1288 826 1288 825 1288 937 1289 825 1289 938 1289 938 1290 825 1290 824 1290 938 1291 824 1291 823 1291 819 1292 818 1292 936 1292 818 1293 817 1293 936 1293 936 1294 817 1294 786 1294 936 1295 786 1295 937 1295 937 1296 786 1296 785 1296 937 1297 785 1297 821 1297 798 1298 803 1298 940 1298 940 1299 803 1299 804 1299 804 1300 805 1300 940 1300 940 1301 805 1301 806 1301 940 1302 806 1302 807 1302 808 1303 809 1303 935 1303 935 1304 809 1304 810 1304 810 1305 812 1305 935 1305 935 1306 812 1306 811 1306 935 1307 811 1307 816 1307 816 1308 815 1308 935 1308 935 1309 815 1309 814 1309 935 1310 814 1310 936 1310 936 1311 814 1311 813 1311 936 1312 813 1312 819 1312 941 1313 796 1313 802 1313 802 1314 801 1314 941 1314 941 1315 801 1315 800 1315 941 1316 800 1316 940 1316 940 1317 800 1317 799 1317 940 1318 799 1318 798 1318 942 1319 792 1319 793 1319 793 1320 794 1320 942 1320 942 1321 794 1321 795 1321 942 1322 795 1322 941 1322 941 1323 795 1323 797 1323 941 1324 797 1324 796 1324 787 1325 791 1325 943 1325 791 1326 790 1326 943 1326 943 1327 790 1327 789 1327 943 1328 789 1328 942 1328 942 1329 789 1329 788 1329 942 1330 788 1330 792 1330 943 1331 944 1331 787 1331 787 1332 944 1332 945 1332 787 1333 945 1333 784 1333 920 1334 946 1334 921 1334 921 1335 946 1335 947 1335 921 1336 947 1336 922 1336 922 1337 947 1337 948 1337 922 1338 948 1338 923 1338 923 1339 948 1339 949 1339 923 1340 949 1340 924 1340 924 1341 949 1341 950 1341 924 1342 950 1342 925 1342 925 1343 950 1343 951 1343 925 1344 951 1344 926 1344 926 1345 951 1345 952 1345 926 1346 952 1346 927 1346 927 1346 952 1346 953 1346 927 1347 953 1347 928 1347 928 1347 953 1347 954 1347 928 1348 954 1348 929 1348 929 1349 954 1349 955 1349 929 1350 955 1350 930 1350 930 1351 955 1351 956 1351 930 1352 956 1352 931 1352 931 1353 956 1353 957 1353 931 1354 957 1354 932 1354 932 1355 957 1355 958 1355 932 1356 958 1356 933 1356 933 1356 958 1356 959 1356 933 1357 959 1357 934 1357 934 1357 959 1357 960 1357 934 1358 960 1358 935 1358 935 1359 960 1359 940 1359 935 1360 940 1360 808 1360 808 1361 940 1361 807 1361 784 1362 945 1362 783 1362 783 1363 945 1363 961 1363 783 1364 961 1364 782 1364 782 1365 961 1365 962 1365 777 1366 778 1366 963 1366 778 1367 779 1367 963 1367 963 1368 779 1368 780 1368 963 1369 780 1369 962 1369 962 1370 780 1370 781 1370 962 1371 781 1371 782 1371 776 1372 775 1372 964 1372 775 1373 774 1373 964 1373 964 1374 774 1374 742 1374 964 1375 742 1375 963 1375 963 1376 742 1376 741 1376 963 1377 741 1377 777 1377 761 1378 762 1378 914 1378 914 1379 762 1379 763 1379 763 1380 764 1380 914 1380 914 1381 764 1381 765 1381 914 1382 765 1382 766 1382 767 1383 768 1383 965 1383 965 1384 768 1384 769 1384 769 1385 770 1385 965 1385 965 1386 770 1386 771 1386 965 1387 771 1387 772 1387 772 1388 773 1388 965 1388 965 1389 773 1389 744 1389 965 1390 744 1390 964 1390 964 1391 744 1391 743 1391 964 1392 743 1392 776 1392 915 1393 756 1393 760 1393 760 1394 759 1394 915 1394 915 1395 759 1395 758 1395 915 1396 758 1396 914 1396 914 1397 758 1397 757 1397 914 1398 757 1398 761 1398 916 1399 751 1399 752 1399 752 1400 755 1400 916 1400 916 1401 755 1401 754 1401 916 1402 754 1402 915 1402 915 1403 754 1403 753 1403 915 1404 753 1404 756 1404 745 1405 750 1405 917 1405 750 1406 749 1406 917 1406 917 1407 749 1407 748 1407 917 1408 748 1408 916 1408 916 1409 748 1409 747 1409 916 1410 747 1410 751 1410 917 1411 918 1411 745 1411 745 1412 918 1412 919 1412 745 1413 919 1413 746 1413 766 1414 767 1414 914 1414 914 1415 767 1415 965 1415 914 1416 965 1416 913 1416 913 1417 965 1417 966 1417 913 1418 966 1418 912 1418 912 1419 966 1419 967 1419 912 1420 967 1420 911 1420 911 1421 967 1421 968 1421 911 1422 968 1422 910 1422 910 1423 968 1423 969 1423 910 1424 969 1424 909 1424 909 1425 969 1425 970 1425 909 1426 970 1426 908 1426 908 1427 970 1427 971 1427 908 1428 971 1428 907 1428 907 1429 971 1429 972 1429 907 1430 972 1430 906 1430 906 1431 972 1431 973 1431 906 1432 973 1432 905 1432 905 1433 973 1433 974 1433 905 1434 974 1434 904 1434 904 1435 974 1435 975 1435 904 1436 975 1436 903 1436 903 1437 975 1437 976 1437 903 1438 976 1438 902 1438 902 1439 976 1439 977 1439 902 1440 977 1440 901 1440 901 1441 977 1441 978 1441 901 1442 978 1442 900 1442 900 1443 978 1443 979 1443 900 1444 979 1444 920 1444 920 1445 979 1445 946 1445 961 16 980 16 962 16 962 1446 980 1446 981 1446 962 16 981 16 963 16 963 1447 981 1447 982 1447 963 16 982 16 964 16 964 1448 982 1448 983 1448 964 1449 983 1449 965 1449 965 1450 983 1450 984 1450 965 16 984 16 966 16 966 1451 984 1451 985 1451 966 1452 985 1452 967 1452 967 16 985 16 986 16 967 16 986 16 968 16 968 16 986 16 987 16 968 16 987 16 969 16 969 16 987 16 988 16 969 16 988 16 970 16 970 16 988 16 989 16 970 16 989 16 971 16 971 16 989 16 990 16 971 1453 990 1453 972 1453 972 1454 990 1454 991 1454 972 1455 991 1455 973 1455 973 16 991 16 992 16 973 16 992 16 974 16 974 1456 992 1456 993 1456 974 1457 993 1457 975 1457 975 1458 993 1458 994 1458 975 1459 994 1459 976 1459 976 1460 994 1460 995 1460 976 16 995 16 977 16 977 1461 995 1461 996 1461 977 16 996 16 978 16 978 1462 996 1462 997 1462 978 16 997 16 979 16 979 1463 997 1463 998 1463 979 16 998 16 946 16 961 16 945 16 980 16 980 1464 945 1464 944 1464 980 1465 944 1465 999 1465 999 1466 944 1466 943 1466 999 16 943 16 1000 16 1000 1467 943 1467 942 1467 1000 1468 942 1468 1001 1468 1001 1469 942 1469 941 1469 1001 1470 941 1470 1002 1470 1002 1471 941 1471 940 1471 1002 16 940 16 1003 16 1003 1472 940 1472 960 1472 1003 1473 960 1473 1004 1473 1004 1474 960 1474 959 1474 1004 16 959 16 1005 16 1005 16 959 16 958 16 1005 1475 958 1475 1006 1475 1006 16 958 16 957 16 1006 1476 957 1476 1007 1476 1007 16 957 16 956 16 1007 16 956 16 1008 16 1008 16 956 16 955 16 1008 16 955 16 1009 16 1009 1477 955 1477 954 1477 1009 16 954 16 1010 16 1010 16 954 16 953 16 1010 16 953 16 1011 16 1011 1478 953 1478 952 1478 1011 16 952 16 1012 16 1012 16 952 16 951 16 1012 16 951 16 1013 16 1013 1479 951 1479 950 1479 1013 1480 950 1480 1014 1480 1014 1481 950 1481 949 1481 1014 16 949 16 1015 16 1015 1482 949 1482 948 1482 1015 16 948 16 998 16 998 1483 948 1483 947 1483 998 1484 947 1484 946 1484 980 1211 1016 1211 981 1211 981 1485 1016 1485 1017 1485 981 1209 1017 1209 982 1209 982 1486 1017 1486 1018 1486 982 1207 1018 1207 983 1207 983 1206 1018 1206 1019 1206 983 1205 1019 1205 984 1205 984 1487 1019 1487 1020 1487 984 1488 1020 1488 985 1488 985 1489 1020 1489 1021 1489 985 1490 1021 1490 986 1490 986 1491 1021 1491 1022 1491 986 1492 1022 1492 987 1492 987 1493 1022 1493 1023 1493 987 1494 1023 1494 988 1494 988 1495 1023 1495 1024 1495 988 1196 1024 1196 989 1196 989 1496 1024 1496 1025 1496 989 1497 1025 1497 990 1497 990 1498 1025 1498 1026 1498 990 1192 1026 1192 991 1192 991 1192 1026 1192 1027 1192 991 1191 1027 1191 992 1191 992 1499 1027 1499 1028 1499 992 1500 1028 1500 993 1500 993 1501 1028 1501 1029 1501 993 1187 1029 1187 994 1187 994 1187 1029 1187 1030 1187 994 1185 1030 1185 995 1185 995 1502 1030 1502 1031 1502 995 1183 1031 1183 996 1183 996 1182 1031 1182 1032 1182 996 1181 1032 1181 997 1181 997 1180 1032 1180 1033 1180 997 1179 1033 1179 998 1179 998 1503 1033 1503 1034 1503 998 1247 1034 1247 1015 1247 1015 1504 1034 1504 1035 1504 1015 1245 1035 1245 1014 1245 1014 1244 1035 1244 1036 1244 1014 1243 1036 1243 1013 1243 1013 1242 1036 1242 1037 1242 1013 1241 1037 1241 1012 1241 1012 1505 1037 1505 1038 1505 1012 1239 1038 1239 1011 1239 1011 1506 1038 1506 1039 1506 1011 1507 1039 1507 1010 1507 1010 1508 1039 1508 1040 1508 1010 1235 1040 1235 1009 1235 1009 1509 1040 1509 1041 1509 1009 1233 1041 1233 1008 1233 1008 1232 1041 1232 1042 1232 1008 1510 1042 1510 1007 1510 1007 1511 1042 1511 1043 1511 1007 1229 1043 1229 1006 1229 1006 1229 1043 1229 1044 1229 1006 1512 1044 1512 1005 1512 1005 1513 1044 1513 1045 1513 1005 1514 1045 1514 1004 1514 1004 1515 1045 1515 1046 1515 1004 1516 1046 1516 1003 1516 1003 1517 1046 1517 1047 1517 1003 1518 1047 1518 1002 1518 1002 1519 1047 1519 1048 1519 1002 1219 1048 1219 1001 1219 1001 1520 1048 1520 1049 1520 1001 1217 1049 1217 1000 1217 1000 1216 1049 1216 1050 1216 1000 1215 1050 1215 999 1215 999 1521 1050 1521 1051 1521 999 1213 1051 1213 980 1213 980 1522 1051 1522 1016 1522 1052 1523 1053 1523 1054 1523 1054 1524 1055 1524 1052 1524 1052 1525 1055 1525 1056 1525 1052 1526 1056 1526 1057 1526 1056 1527 1058 1527 1057 1527 1057 1528 1058 1528 1059 1528 1057 1529 1059 1529 1060 1529 1059 1530 1061 1530 1060 1530 1060 1531 1061 1531 1062 1531 1060 1532 1062 1532 1063 1532 1062 1533 1064 1533 1063 1533 1063 1534 1064 1534 1065 1534 1063 1535 1065 1535 1066 1535 1065 1536 1067 1536 1066 1536 1066 1537 1067 1537 1068 1537 1066 1538 1068 1538 1069 1538 1068 1539 1070 1539 1069 1539 1069 1540 1070 1540 1071 1540 1069 1541 1071 1541 1072 1541 1071 1542 1073 1542 1072 1542 1072 1543 1073 1543 1074 1543 1072 1544 1074 1544 1075 1544 1075 1545 1074 1545 1076 1545 1075 1546 1076 1546 1077 1546 1077 1547 1076 1547 1078 1547 1077 1548 1078 1548 1079 1548 1079 1549 1078 1549 1080 1549 1079 1550 1080 1550 1081 1550 1080 1551 1082 1551 1081 1551 1081 1552 1082 1552 1083 1552 1081 1553 1083 1553 1084 1553 1083 1554 1085 1554 1084 1554 1084 1555 1085 1555 1086 1555 1084 1556 1086 1556 1087 1556 1086 1557 1088 1557 1087 1557 1087 1558 1088 1558 1089 1558 1087 1559 1089 1559 1090 1559 1089 1560 1091 1560 1090 1560 1090 1561 1091 1561 1092 1561 1090 1562 1092 1562 1093 1562 1092 1563 1094 1563 1093 1563 1093 1564 1094 1564 1095 1564 1093 1565 1095 1565 1096 1565 1095 1566 1097 1566 1096 1566 1096 1567 1097 1567 1098 1567 1096 1568 1098 1568 1099 1568 1100 1569 1101 1569 1102 1569 1102 1570 1101 1570 1099 1570 1102 1571 1099 1571 1103 1571 1103 1572 1099 1572 1098 1572 1101 1573 1100 1573 1104 1573 1101 1574 1104 1574 1105 1574 1105 1575 1104 1575 1106 1575 1105 1576 1106 1576 1107 1576 1107 1577 1106 1577 1108 1577 1107 1578 1108 1578 1109 1578 1109 1579 1108 1579 1110 1579 1109 1580 1110 1580 1111 1580 1111 1581 1110 1581 1112 1581 1111 1582 1112 1582 1113 1582 1113 1583 1112 1583 1114 1583 1113 1584 1114 1584 1115 1584 1115 1585 1114 1585 1116 1585 1115 1586 1116 1586 1117 1586 1117 1587 1116 1587 1118 1587 1117 1588 1118 1588 1119 1588 1119 1589 1118 1589 1120 1589 1119 1590 1120 1590 1121 1590 1121 1591 1120 1591 1122 1591 1121 1592 1122 1592 1123 1592 1123 1593 1122 1593 1124 1593 1123 1594 1124 1594 1125 1594 1125 1595 1124 1595 1126 1595 1126 1596 1124 1596 1127 1596 1126 1597 1127 1597 1128 1597 1128 1598 1127 1598 1129 1598 1128 1599 1129 1599 1130 1599 1130 1600 1129 1600 1131 1600 1130 1601 1131 1601 1132 1601 1132 1602 1131 1602 1133 1602 1132 1603 1133 1603 1134 1603 1134 1604 1133 1604 1135 1604 1134 1605 1135 1605 1136 1605 1136 1606 1135 1606 1137 1606 1137 1607 1135 1607 1138 1607 1137 1608 1138 1608 1139 1608 1139 1609 1138 1609 1140 1609 1140 1610 1138 1610 1141 1610 1140 1611 1141 1611 1142 1611 1142 1612 1141 1612 1143 1612 1142 1613 1143 1613 1144 1613 1144 1614 1143 1614 1054 1614 1144 1615 1054 1615 1053 1615 1145 1616 1146 1616 1112 1616 1141 1617 1147 1617 1143 1617 1143 1618 1147 1618 1148 1618 1143 1619 1148 1619 1054 1619 1149 1620 1150 1620 1138 1620 1138 1621 1150 1621 1151 1621 1138 1622 1151 1622 1141 1622 1141 1623 1151 1623 1152 1623 1141 1624 1152 1624 1147 1624 1149 1625 1138 1625 1153 1625 1153 1626 1138 1626 1135 1626 1153 1627 1135 1627 1154 1627 1154 1628 1135 1628 1155 1628 1155 1629 1135 1629 1133 1629 1155 1630 1133 1630 1156 1630 1131 1631 1157 1631 1133 1631 1133 1632 1157 1632 1158 1632 1133 1633 1158 1633 1156 1633 1129 1634 1159 1634 1160 1634 1160 1635 1161 1635 1129 1635 1129 1636 1161 1636 1162 1636 1129 1637 1162 1637 1131 1637 1131 1638 1162 1638 1163 1638 1131 1639 1163 1639 1157 1639 1159 1640 1129 1640 1164 1640 1164 1641 1129 1641 1127 1641 1164 1642 1127 1642 1165 1642 1165 1643 1127 1643 1166 1643 1166 1644 1127 1644 1124 1644 1166 1645 1124 1645 1167 1645 1167 1646 1124 1646 1168 1646 1168 1647 1124 1647 1122 1647 1168 1648 1122 1648 1169 1648 1169 1649 1122 1649 1170 1649 1170 1650 1122 1650 1120 1650 1170 1651 1120 1651 1171 1651 1118 1652 1172 1652 1120 1652 1120 1653 1172 1653 1173 1653 1120 1654 1173 1654 1171 1654 1174 1655 1175 1655 1116 1655 1116 1656 1175 1656 1176 1656 1116 1657 1176 1657 1118 1657 1118 1658 1176 1658 1177 1658 1118 1659 1177 1659 1172 1659 1112 1660 1146 1660 1114 1660 1146 1661 1178 1661 1114 1661 1114 1662 1178 1662 1179 1662 1114 1663 1179 1663 1116 1663 1116 1664 1179 1664 1180 1664 1116 1665 1180 1665 1174 1665 1110 1666 1181 1666 1112 1666 1112 1667 1181 1667 1182 1667 1112 1668 1182 1668 1145 1668 1183 1669 1184 1669 1108 1669 1184 1670 1185 1670 1108 1670 1108 1671 1185 1671 1186 1671 1108 1672 1186 1672 1110 1672 1110 1673 1186 1673 1187 1673 1110 1674 1187 1674 1181 1674 1108 1675 1106 1675 1183 1675 1183 1676 1106 1676 1104 1676 1183 1677 1104 1677 1188 1677 1188 1678 1104 1678 1100 1678 1188 1679 1100 1679 1189 1679 1190 1680 1191 1680 1068 1680 1097 1681 1192 1681 1098 1681 1098 1682 1192 1682 1193 1682 1098 1683 1193 1683 1103 1683 1103 1684 1193 1684 1194 1684 1103 1685 1194 1685 1102 1685 1102 1686 1194 1686 1189 1686 1102 1687 1189 1687 1100 1687 1091 1688 1195 1688 1092 1688 1092 1689 1195 1689 1196 1689 1092 1690 1196 1690 1094 1690 1094 1691 1196 1691 1197 1691 1094 1692 1197 1692 1095 1692 1095 1693 1197 1693 1198 1693 1095 1694 1198 1694 1097 1694 1097 1695 1198 1695 1199 1695 1097 1696 1199 1696 1192 1696 1088 1697 1200 1697 1089 1697 1089 1698 1200 1698 1201 1698 1089 1699 1201 1699 1091 1699 1091 1700 1201 1700 1202 1700 1091 1701 1202 1701 1195 1701 1203 1702 1204 1702 1086 1702 1086 1703 1204 1703 1205 1703 1086 1704 1205 1704 1088 1704 1088 1705 1205 1705 1206 1705 1088 1706 1206 1706 1200 1706 1203 1707 1086 1707 1207 1707 1207 1708 1086 1708 1085 1708 1207 1709 1085 1709 1208 1709 1208 1710 1085 1710 1083 1710 1208 1711 1083 1711 1209 1711 1209 1712 1083 1712 1082 1712 1209 1713 1082 1713 1210 1713 1210 1714 1082 1714 1080 1714 1210 1715 1080 1715 1211 1715 1211 1716 1080 1716 1212 1716 1212 1717 1080 1717 1078 1717 1212 1718 1078 1718 1213 1718 1213 1719 1078 1719 1214 1719 1214 1720 1078 1720 1076 1720 1214 1721 1076 1721 1215 1721 1074 1722 1216 1722 1076 1722 1076 1723 1216 1723 1217 1723 1076 1724 1217 1724 1215 1724 1218 1725 1071 1725 1191 1725 1191 1726 1071 1726 1070 1726 1191 1727 1070 1727 1068 1727 1218 1728 1219 1728 1071 1728 1071 1729 1219 1729 1220 1729 1071 1730 1220 1730 1073 1730 1073 1731 1220 1731 1221 1731 1073 1732 1221 1732 1074 1732 1074 1733 1221 1733 1222 1733 1074 1734 1222 1734 1216 1734 1190 1735 1068 1735 1223 1735 1223 1736 1068 1736 1067 1736 1223 1737 1067 1737 1065 1737 1224 1738 1225 1738 1065 1738 1065 1739 1225 1739 1226 1739 1065 1740 1226 1740 1223 1740 1065 1741 1064 1741 1224 1741 1224 1742 1064 1742 1062 1742 1224 1743 1062 1743 1227 1743 1227 1744 1062 1744 1228 1744 1062 1745 1061 1745 1228 1745 1228 1746 1061 1746 1059 1746 1228 1747 1059 1747 1229 1747 1229 1748 1059 1748 1058 1748 1229 1749 1058 1749 1230 1749 1058 1750 1056 1750 1230 1750 1230 1751 1056 1751 1055 1751 1230 1752 1055 1752 1231 1752 1231 1753 1055 1753 1054 1753 1231 1754 1054 1754 1148 1754 1232 1178 1233 1178 1234 1178 1234 1179 1233 1179 1235 1179 1234 1755 1235 1755 1236 1755 1236 1756 1235 1756 1237 1756 1236 1757 1237 1757 1238 1757 1238 1758 1237 1758 1239 1758 1238 1759 1239 1759 1240 1759 1240 1760 1239 1760 1241 1760 1240 1761 1241 1761 1242 1761 1242 1762 1241 1762 1243 1762 1242 1763 1243 1763 1244 1763 1244 1764 1243 1764 1245 1764 1244 1765 1245 1765 1246 1765 1246 1190 1245 1190 1247 1190 1246 1766 1247 1766 1248 1766 1248 1767 1247 1767 1249 1767 1248 1768 1249 1768 1250 1768 1250 1194 1249 1194 1251 1194 1250 1769 1251 1769 1252 1769 1252 1769 1251 1769 1253 1769 1252 1770 1253 1770 1254 1770 1254 1197 1253 1197 1255 1197 1254 1771 1255 1771 1256 1771 1256 1772 1255 1772 1257 1772 1256 1773 1257 1773 1258 1773 1258 1201 1257 1201 1259 1201 1258 1202 1259 1202 1260 1202 1260 1774 1259 1774 1261 1774 1260 1775 1261 1775 1262 1775 1262 1487 1261 1487 1263 1487 1262 1207 1263 1207 1264 1207 1264 1776 1263 1776 1265 1776 1264 1777 1265 1777 1266 1777 1266 1486 1265 1486 1267 1486 1266 1210 1267 1210 1268 1210 1268 1211 1267 1211 1269 1211 1268 1212 1269 1212 1270 1212 1270 1213 1269 1213 1271 1213 1270 1214 1271 1214 1272 1214 1272 1215 1271 1215 1273 1215 1272 1216 1273 1216 1274 1216 1274 1778 1273 1778 1275 1778 1274 1218 1275 1218 1276 1218 1276 1219 1275 1219 1277 1219 1276 1779 1277 1779 1278 1779 1278 1221 1277 1221 1279 1221 1278 1780 1279 1780 1280 1780 1280 1223 1279 1223 1281 1223 1280 1781 1281 1781 1282 1781 1282 1782 1281 1782 1283 1782 1282 1513 1283 1513 1284 1513 1284 1227 1283 1227 1285 1227 1284 1783 1285 1783 1286 1783 1286 1783 1285 1783 1287 1783 1286 1230 1287 1230 1288 1230 1288 1231 1287 1231 1289 1231 1288 1784 1289 1784 1290 1784 1290 1785 1289 1785 1291 1785 1290 1234 1291 1234 1292 1234 1292 1786 1291 1786 1293 1786 1292 1787 1293 1787 1294 1787 1294 1788 1293 1788 1295 1788 1294 1789 1295 1789 1296 1789 1296 1790 1295 1790 1297 1790 1296 1240 1297 1240 1298 1240 1298 1241 1297 1241 1299 1241 1298 1791 1299 1791 1300 1791 1300 1792 1299 1792 1301 1792 1300 1793 1301 1793 1302 1793 1302 1794 1301 1794 1303 1794 1302 1246 1303 1246 1232 1246 1232 1247 1303 1247 1233 1247 1304 14 1232 14 1305 14 1305 1795 1232 1795 1234 1795 1305 14 1234 14 1306 14 1306 1796 1234 1796 1236 1796 1306 14 1236 14 1307 14 1307 1797 1236 1797 1238 1797 1307 14 1238 14 1308 14 1308 14 1238 14 1240 14 1308 14 1240 14 1309 14 1309 1798 1240 1798 1242 1798 1309 1799 1242 1799 1310 1799 1310 1800 1242 1800 1244 1800 1310 14 1244 14 1311 14 1311 14 1244 14 1246 14 1311 1801 1246 1801 1312 1801 1312 1802 1246 1802 1248 1802 1312 14 1248 14 1313 14 1313 14 1248 14 1250 14 1313 14 1250 14 1314 14 1314 14 1250 14 1252 14 1314 1803 1252 1803 1315 1803 1315 1804 1252 1804 1254 1804 1315 14 1254 14 1316 14 1316 14 1254 14 1256 14 1316 14 1256 14 1317 14 1317 14 1256 14 1258 14 1317 1805 1258 1805 1318 1805 1318 1806 1258 1806 1260 1806 1318 14 1260 14 1319 14 1319 14 1260 14 1262 14 1319 14 1262 14 1320 14 1320 1807 1262 1807 1264 1807 1320 14 1264 14 1321 14 1321 1808 1264 1808 1266 1808 1321 14 1266 14 1322 14 1322 1260 1266 1260 1268 1260 1322 14 1268 14 1323 14 1304 1261 1324 1261 1232 1261 1232 1280 1324 1280 1325 1280 1232 14 1325 14 1302 14 1302 1809 1325 1809 1326 1809 1302 14 1326 14 1300 14 1300 1810 1326 1810 1327 1810 1300 14 1327 14 1298 14 1298 1811 1327 1811 1328 1811 1298 14 1328 14 1296 14 1296 1812 1328 1812 1329 1812 1296 14 1329 14 1294 14 1294 1813 1329 1813 1330 1813 1294 14 1330 14 1292 14 1292 1814 1330 1814 1331 1814 1292 1815 1331 1815 1290 1815 1290 14 1331 14 1332 14 1290 14 1332 14 1288 14 1288 14 1332 14 1333 14 1288 1816 1333 1816 1286 1816 1286 14 1333 14 1334 14 1286 14 1334 14 1284 14 1284 14 1334 14 1335 14 1284 1817 1335 1817 1282 1817 1282 14 1335 14 1336 14 1282 14 1336 14 1280 14 1280 1818 1336 1818 1337 1818 1280 14 1337 14 1278 14 1278 1819 1337 1819 1338 1819 1278 1820 1338 1820 1276 1820 1276 1821 1338 1821 1339 1821 1276 14 1339 14 1274 14 1274 1822 1339 1822 1340 1822 1274 1823 1340 1823 1272 1823 1272 1824 1340 1824 1341 1824 1272 14 1341 14 1270 14 1270 1825 1341 1825 1342 1825 1270 14 1342 14 1268 14 1268 1826 1342 1826 1343 1826 1268 1827 1343 1827 1323 1827 1148 1828 1323 1828 1231 1828 1231 1829 1323 1829 1343 1829 1231 1830 1343 1830 1230 1830 1230 1831 1343 1831 1342 1831 1225 1832 1224 1832 1341 1832 1224 1833 1227 1833 1341 1833 1341 1834 1227 1834 1228 1834 1341 1835 1228 1835 1342 1835 1342 1836 1228 1836 1229 1836 1342 1837 1229 1837 1230 1837 1218 1838 1191 1838 1340 1838 1191 1839 1190 1839 1340 1839 1340 1840 1190 1840 1223 1840 1340 1841 1223 1841 1341 1841 1341 1842 1223 1842 1226 1842 1341 1843 1226 1843 1225 1843 1207 1844 1208 1844 1344 1844 1344 1845 1208 1845 1209 1845 1209 1846 1210 1846 1344 1846 1344 1847 1210 1847 1211 1847 1344 1848 1211 1848 1212 1848 1213 1849 1214 1849 1339 1849 1339 1850 1214 1850 1215 1850 1215 1851 1217 1851 1339 1851 1339 1852 1217 1852 1216 1852 1339 1853 1216 1853 1222 1853 1222 1854 1221 1854 1339 1854 1339 1855 1221 1855 1220 1855 1339 1856 1220 1856 1340 1856 1340 1857 1220 1857 1219 1857 1340 1858 1219 1858 1218 1858 1345 1859 1200 1859 1206 1859 1206 1860 1205 1860 1345 1860 1345 1861 1205 1861 1204 1861 1345 1862 1204 1862 1344 1862 1344 1863 1204 1863 1203 1863 1344 1864 1203 1864 1207 1864 1346 1865 1197 1865 1196 1865 1196 1866 1195 1866 1346 1866 1346 1867 1195 1867 1202 1867 1346 1868 1202 1868 1345 1868 1345 1869 1202 1869 1201 1869 1345 1870 1201 1870 1200 1870 1194 1871 1193 1871 1347 1871 1193 1872 1192 1872 1347 1872 1347 1873 1192 1873 1199 1873 1347 1874 1199 1874 1346 1874 1346 1875 1199 1875 1198 1875 1346 1876 1198 1876 1197 1876 1347 1877 1348 1877 1194 1877 1194 1878 1348 1878 1349 1878 1194 1333 1349 1333 1189 1333 1324 1879 1350 1879 1325 1879 1325 1880 1350 1880 1351 1880 1325 1881 1351 1881 1326 1881 1326 1882 1351 1882 1352 1882 1326 1883 1352 1883 1327 1883 1327 1884 1352 1884 1353 1884 1327 1885 1353 1885 1328 1885 1328 1886 1353 1886 1354 1886 1328 1887 1354 1887 1329 1887 1329 1888 1354 1888 1355 1888 1329 1344 1355 1344 1330 1344 1330 1345 1355 1345 1356 1345 1330 1889 1356 1889 1331 1889 1331 1890 1356 1890 1357 1890 1331 1891 1357 1891 1332 1891 1332 1892 1357 1892 1358 1892 1332 1348 1358 1348 1333 1348 1333 1349 1358 1349 1359 1349 1333 1893 1359 1893 1334 1893 1334 1894 1359 1894 1360 1894 1334 1895 1360 1895 1335 1895 1335 1896 1360 1896 1361 1896 1335 1897 1361 1897 1336 1897 1336 1898 1361 1898 1362 1898 1336 1899 1362 1899 1337 1899 1337 1900 1362 1900 1363 1900 1337 1901 1363 1901 1338 1901 1338 1902 1363 1902 1364 1902 1338 1358 1364 1358 1339 1358 1339 1359 1364 1359 1344 1359 1339 1903 1344 1903 1213 1903 1213 1904 1344 1904 1212 1904 1189 1905 1349 1905 1188 1905 1188 1906 1349 1906 1365 1906 1188 1907 1365 1907 1183 1907 1183 1908 1365 1908 1366 1908 1183 1909 1366 1909 1184 1909 1182 1910 1181 1910 1367 1910 1181 1911 1187 1911 1367 1911 1367 1912 1187 1912 1186 1912 1367 1913 1186 1913 1366 1913 1366 1914 1186 1914 1185 1914 1366 1915 1185 1915 1184 1915 1180 1916 1179 1916 1368 1916 1179 1917 1178 1917 1368 1917 1368 1918 1178 1918 1146 1918 1368 1919 1146 1919 1367 1919 1367 1920 1146 1920 1145 1920 1367 1921 1145 1921 1182 1921 1159 1922 1164 1922 1318 1922 1318 1923 1164 1923 1165 1923 1165 1924 1166 1924 1318 1924 1318 1925 1166 1925 1167 1925 1318 1926 1167 1926 1168 1926 1169 1927 1170 1927 1369 1927 1369 1928 1170 1928 1171 1928 1171 1929 1173 1929 1369 1929 1369 1930 1173 1930 1172 1930 1369 1931 1172 1931 1177 1931 1177 1932 1176 1932 1369 1932 1369 1933 1176 1933 1175 1933 1369 1934 1175 1934 1368 1934 1368 1935 1175 1935 1174 1935 1368 1936 1174 1936 1180 1936 1319 1937 1157 1937 1163 1937 1163 1938 1162 1938 1319 1938 1319 1939 1162 1939 1161 1939 1319 1940 1161 1940 1318 1940 1318 1941 1161 1941 1160 1941 1318 1942 1160 1942 1159 1942 1320 1943 1153 1943 1154 1943 1154 1944 1155 1944 1320 1944 1320 1945 1155 1945 1156 1945 1320 1946 1156 1946 1319 1946 1319 1947 1156 1947 1158 1947 1319 1948 1158 1948 1157 1948 1147 1949 1152 1949 1321 1949 1152 1950 1151 1950 1321 1950 1321 1951 1151 1951 1150 1951 1321 1952 1150 1952 1320 1952 1320 1953 1150 1953 1149 1953 1320 1954 1149 1954 1153 1954 1321 1955 1322 1955 1147 1955 1147 1956 1322 1956 1323 1956 1147 1957 1323 1957 1148 1957 1168 1958 1169 1958 1318 1958 1318 1959 1169 1959 1369 1959 1318 1416 1369 1416 1317 1416 1317 1960 1369 1960 1370 1960 1317 1961 1370 1961 1316 1961 1316 1962 1370 1962 1371 1962 1316 1963 1371 1963 1315 1963 1315 1964 1371 1964 1372 1964 1315 1965 1372 1965 1314 1965 1314 1966 1372 1966 1373 1966 1314 1967 1373 1967 1313 1967 1313 1968 1373 1968 1374 1968 1313 1969 1374 1969 1312 1969 1312 1970 1374 1970 1375 1970 1312 1428 1375 1428 1311 1428 1311 1971 1375 1971 1376 1971 1311 1972 1376 1972 1310 1972 1310 1973 1376 1973 1377 1973 1310 1974 1377 1974 1309 1974 1309 1975 1377 1975 1378 1975 1309 1976 1378 1976 1308 1976 1308 1435 1378 1435 1379 1435 1308 1977 1379 1977 1307 1977 1307 1978 1379 1978 1380 1978 1307 1979 1380 1979 1306 1979 1306 1980 1380 1980 1381 1980 1306 1981 1381 1981 1305 1981 1305 1982 1381 1982 1382 1982 1305 1983 1382 1983 1304 1983 1304 1984 1382 1984 1383 1984 1304 1985 1383 1985 1324 1985 1324 1986 1383 1986 1350 1986 1365 16 1384 16 1366 16 1366 1987 1384 1987 1385 1987 1366 16 1385 16 1367 16 1367 1988 1385 1988 1386 1988 1367 16 1386 16 1368 16 1368 1989 1386 1989 1387 1989 1368 1990 1387 1990 1369 1990 1369 1991 1387 1991 1388 1991 1369 16 1388 16 1370 16 1370 1992 1388 1992 1389 1992 1370 16 1389 16 1371 16 1371 16 1389 16 1390 16 1371 16 1390 16 1372 16 1372 1993 1390 1993 1391 1993 1372 16 1391 16 1373 16 1373 16 1391 16 1392 16 1373 16 1392 16 1374 16 1374 16 1392 16 1393 16 1374 16 1393 16 1375 16 1375 16 1393 16 1394 16 1375 1994 1394 1994 1376 1994 1376 16 1394 16 1395 16 1376 1995 1395 1995 1377 1995 1377 16 1395 16 1396 16 1377 16 1396 16 1378 16 1378 1996 1396 1996 1397 1996 1378 1997 1397 1997 1379 1997 1379 16 1397 16 1398 16 1379 1998 1398 1998 1380 1998 1380 1999 1398 1999 1399 1999 1380 16 1399 16 1381 16 1381 2000 1399 2000 1400 2000 1381 16 1400 16 1382 16 1382 2001 1400 2001 1401 2001 1382 2002 1401 2002 1383 2002 1383 2003 1401 2003 1402 2003 1383 16 1402 16 1350 16 1365 16 1349 16 1384 16 1384 2004 1349 2004 1348 2004 1384 16 1348 16 1403 16 1403 2005 1348 2005 1347 2005 1403 16 1347 16 1404 16 1404 2006 1347 2006 1346 2006 1404 16 1346 16 1405 16 1405 2007 1346 2007 1345 2007 1405 2008 1345 2008 1406 2008 1406 2009 1345 2009 1344 2009 1406 16 1344 16 1407 16 1407 2010 1344 2010 1364 2010 1407 2011 1364 2011 1408 2011 1408 16 1364 16 1363 16 1408 2012 1363 2012 1409 2012 1409 2013 1363 2013 1362 2013 1409 2014 1362 2014 1410 2014 1410 2015 1362 2015 1361 2015 1410 16 1361 16 1411 16 1411 16 1361 16 1360 16 1411 16 1360 16 1412 16 1412 16 1360 16 1359 16 1412 16 1359 16 1413 16 1413 16 1359 16 1358 16 1413 16 1358 16 1414 16 1414 16 1358 16 1357 16 1414 16 1357 16 1415 16 1415 2016 1357 2016 1356 2016 1415 2017 1356 2017 1416 2017 1416 16 1356 16 1355 16 1416 16 1355 16 1417 16 1417 2018 1355 2018 1354 2018 1417 16 1354 16 1418 16 1418 2019 1354 2019 1353 2019 1418 2020 1353 2020 1419 2020 1419 2021 1353 2021 1352 2021 1419 16 1352 16 1402 16 1402 2022 1352 2022 1351 2022 1402 1464 1351 1464 1350 1464 1384 1211 1420 1211 1385 1211 1385 1485 1420 1485 1421 1485 1385 1486 1421 1486 1386 1486 1386 2023 1421 2023 1422 2023 1386 2024 1422 2024 1387 2024 1387 1207 1422 1207 1423 1207 1387 1487 1423 1487 1388 1487 1388 2025 1423 2025 1424 2025 1388 2026 1424 2026 1389 2026 1389 1489 1424 1489 1425 1489 1389 1490 1425 1490 1390 1490 1390 2027 1425 2027 1426 2027 1390 2028 1426 2028 1391 2028 1391 1492 1426 1492 1427 1492 1391 1495 1427 1495 1392 1495 1392 2029 1427 2029 1428 2029 1392 1496 1428 1496 1393 1496 1393 2030 1428 2030 1429 2030 1393 1497 1429 1497 1394 1497 1394 2031 1429 2031 1430 2031 1394 2032 1430 2032 1395 2032 1395 1192 1430 1192 1431 1192 1395 2033 1431 2033 1396 2033 1396 2034 1431 2034 1432 2034 1396 2035 1432 2035 1397 2035 1397 1501 1432 1501 1433 1501 1397 1187 1433 1187 1398 1187 1398 2036 1433 2036 1434 2036 1398 1760 1434 1760 1399 1760 1399 1185 1434 1185 1435 1185 1399 1182 1435 1182 1400 1182 1400 2037 1435 2037 1436 2037 1400 1756 1436 1756 1401 1756 1401 2038 1436 2038 1437 2038 1401 1179 1437 1179 1402 1179 1402 1503 1437 1503 1438 1503 1402 1247 1438 1247 1419 1247 1419 1504 1438 1504 1439 1504 1419 1794 1439 1794 1418 1794 1418 2039 1439 2039 1440 2039 1418 1243 1440 1243 1417 1243 1417 2040 1440 2040 1441 2040 1417 1241 1441 1241 1416 1241 1416 1505 1441 1505 1442 1505 1416 1239 1442 1239 1415 1239 1415 2041 1442 2041 1443 2041 1415 2042 1443 2042 1414 2042 1414 1508 1443 1508 1444 1508 1414 2043 1444 2043 1413 2043 1413 1509 1444 1509 1445 1509 1413 2044 1445 2044 1412 2044 1412 1232 1445 1232 1446 1232 1412 1510 1446 1510 1411 1510 1411 1511 1446 1511 1447 1511 1411 1229 1447 1229 1410 1229 1410 2045 1447 2045 1448 2045 1410 2046 1448 2046 1409 2046 1409 2047 1448 2047 1449 2047 1409 2048 1449 2048 1408 2048 1408 2049 1449 2049 1450 2049 1408 1516 1450 1516 1407 1516 1407 1517 1450 1517 1451 1517 1407 1518 1451 1518 1406 1518 1406 1519 1451 1519 1452 1519 1406 1219 1452 1219 1405 1219 1405 1520 1452 1520 1453 1520 1405 1217 1453 1217 1404 1217 1404 1216 1453 1216 1454 1216 1404 1215 1454 1215 1403 1215 1403 1521 1454 1521 1455 1521 1403 1213 1455 1213 1384 1213 1384 1522 1455 1522 1420 1522 1456 2050 1457 2050 1458 2050 1458 2050 1457 2050 1459 2050 1458 2051 1459 2051 1460 2051 1460 2052 1459 2052 1461 2052 1460 2053 1461 2053 1462 2053 1462 2054 1461 2054 1463 2054 1462 2055 1463 2055 1464 2055 1464 2056 1463 2056 1465 2056 1464 2057 1465 2057 1466 2057 1466 2058 1465 2058 1467 2058 1466 2059 1467 2059 1468 2059 1468 2060 1467 2060 1469 2060 1468 2061 1469 2061 1470 2061 1470 2062 1469 2062 1471 2062 1470 2063 1471 2063 1472 2063 1472 2064 1471 2064 1473 2064 1472 2065 1473 2065 1474 2065 1474 2066 1473 2066 1475 2066 1474 2067 1475 2067 1476 2067 1476 2068 1475 2068 1477 2068 1476 2069 1477 2069 1478 2069 1478 2070 1477 2070 1479 2070 1478 2071 1479 2071 1480 2071 1480 2072 1479 2072 1481 2072 1480 2073 1481 2073 1482 2073 1482 2074 1481 2074 1483 2074 1482 2075 1483 2075 1484 2075 1484 2076 1483 2076 1485 2076 1484 2077 1485 2077 1486 2077 1486 2078 1485 2078 1487 2078 1486 2079 1487 2079 1488 2079 1488 2080 1487 2080 1489 2080 1488 2081 1489 2081 1490 2081 1490 2082 1489 2082 1491 2082 1490 2083 1491 2083 1492 2083 1492 2083 1491 2083 1493 2083 1492 2084 1493 2084 1494 2084 1494 2085 1493 2085 1495 2085 1494 2086 1495 2086 1496 2086 1496 2087 1495 2087 1497 2087 1496 2088 1497 2088 1498 2088 1498 2088 1497 2088 1499 2088 1498 2089 1499 2089 1500 2089 1500 2090 1499 2090 1501 2090 1500 2091 1501 2091 1502 2091 1502 2092 1501 2092 1503 2092 1502 2093 1503 2093 1504 2093 1504 2093 1503 2093 1505 2093 1504 2094 1505 2094 1506 2094 1506 2095 1505 2095 1507 2095 1506 2096 1507 2096 1508 2096 1508 2097 1507 2097 1509 2097 1508 2098 1509 2098 1510 2098 1510 2098 1509 2098 1511 2098 1510 2099 1511 2099 1512 2099 1512 2099 1511 2099 1513 2099 1512 2100 1513 2100 1514 2100 1514 2101 1513 2101 1515 2101 1514 2102 1515 2102 1516 2102 1516 2103 1515 2103 1517 2103 1516 2104 1517 2104 1518 2104 1518 2104 1517 2104 1519 2104 1518 2105 1519 2105 1520 2105 1520 2105 1519 2105 1521 2105 1520 2106 1521 2106 1522 2106 1522 2107 1521 2107 1523 2107 1522 2108 1523 2108 1524 2108 1524 2108 1523 2108 1525 2108 1524 2109 1525 2109 1526 2109 1526 2110 1525 2110 1527 2110 1526 2111 1527 2111 1456 2111 1456 2112 1527 2112 1457 2112 1528 14 1498 14 1529 14 1529 14 1498 14 1500 14 1529 14 1500 14 1530 14 1530 2113 1500 2113 1502 2113 1530 14 1502 14 1531 14 1531 14 1502 14 1504 14 1531 14 1504 14 1532 14 1532 2113 1504 2113 1506 2113 1532 2114 1506 2114 1533 2114 1533 14 1506 14 1508 14 1533 14 1508 14 1534 14 1534 14 1508 14 1510 14 1534 14 1510 14 1535 14 1535 14 1510 14 1512 14 1535 2115 1512 2115 1536 2115 1536 14 1512 14 1514 14 1536 2116 1514 2116 1537 2116 1537 14 1514 14 1516 14 1537 14 1516 14 1538 14 1538 2117 1516 2117 1518 2117 1538 2118 1518 2118 1539 2118 1539 2119 1518 2119 1520 2119 1539 14 1520 14 1540 14 1540 2120 1520 2120 1522 2120 1540 14 1522 14 1541 14 1541 2121 1522 2121 1524 2121 1541 14 1524 14 1542 14 1542 2122 1524 2122 1526 2122 1542 14 1526 14 1543 14 1543 2123 1526 2123 1456 2123 1543 14 1456 14 1544 14 1544 2124 1456 2124 1458 2124 1544 14 1458 14 1545 14 1545 2125 1458 2125 1460 2125 1545 14 1460 14 1546 14 1546 2126 1460 2126 1462 2126 1546 14 1462 14 1547 14 1547 2127 1462 2127 1464 2127 1547 14 1464 14 1548 14 1548 2128 1464 2128 1466 2128 1548 2129 1466 2129 1549 2129 1549 14 1466 14 1468 14 1549 14 1468 14 1550 14 1550 2130 1468 2130 1470 2130 1550 2131 1470 2131 1551 2131 1551 14 1470 14 1472 14 1551 14 1472 14 1552 14 1552 14 1472 14 1474 14 1552 14 1474 14 1553 14 1553 14 1474 14 1476 14 1553 2132 1476 2132 1554 2132 1554 14 1476 14 1478 14 1554 2133 1478 2133 1555 2133 1555 14 1478 14 1480 14 1555 2118 1480 2118 1556 2118 1556 14 1480 14 1482 14 1556 14 1482 14 1557 14 1557 14 1482 14 1484 14 1557 14 1484 14 1558 14 1558 14 1484 14 1486 14 1558 14 1486 14 1559 14 1559 2126 1486 2126 1488 2126 1559 14 1488 14 1560 14 1560 2134 1488 2134 1490 2134 1560 14 1490 14 1561 14 1561 2135 1490 2135 1492 2135 1561 14 1492 14 1562 14 1562 2136 1492 2136 1494 2136 1562 14 1494 14 1563 14 1563 2137 1494 2137 1496 2137 1563 14 1496 14 1528 14 1528 2121 1496 2121 1498 2121 1564 2138 1561 2138 1565 2138 1565 2139 1561 2139 1562 2139 1565 2140 1562 2140 1566 2140 1566 2141 1562 2141 1563 2141 1566 2142 1563 2142 1567 2142 1567 2142 1563 2142 1528 2142 1567 2143 1528 2143 1568 2143 1568 2144 1528 2144 1529 2144 1568 2145 1529 2145 1569 2145 1569 2146 1529 2146 1530 2146 1569 2147 1530 2147 1570 2147 1570 2148 1530 2148 1531 2148 1570 2149 1531 2149 1571 2149 1571 2150 1531 2150 1532 2150 1571 2151 1532 2151 1572 2151 1572 2152 1532 2152 1533 2152 1572 2153 1533 2153 1573 2153 1573 2154 1533 2154 1534 2154 1573 2155 1534 2155 1574 2155 1574 2156 1534 2156 1535 2156 1574 2157 1535 2157 1575 2157 1575 2158 1535 2158 1536 2158 1575 2159 1536 2159 1576 2159 1576 2160 1536 2160 1537 2160 1576 2161 1537 2161 1577 2161 1577 2162 1537 2162 1538 2162 1577 2163 1538 2163 1578 2163 1578 2164 1538 2164 1539 2164 1578 2165 1539 2165 1579 2165 1579 2166 1539 2166 1540 2166 1579 2167 1540 2167 1580 2167 1580 2167 1540 2167 1541 2167 1580 2168 1541 2168 1581 2168 1581 2169 1541 2169 1542 2169 1581 2170 1542 2170 1582 2170 1582 2171 1542 2171 1543 2171 1582 2172 1543 2172 1583 2172 1583 2173 1543 2173 1544 2173 1583 2174 1544 2174 1584 2174 1584 2175 1544 2175 1545 2175 1584 2176 1545 2176 1585 2176 1585 2177 1545 2177 1546 2177 1585 2178 1546 2178 1586 2178 1586 2179 1546 2179 1547 2179 1586 2180 1547 2180 1587 2180 1587 2181 1547 2181 1548 2181 1587 2182 1548 2182 1588 2182 1588 2183 1548 2183 1549 2183 1588 2184 1549 2184 1589 2184 1589 2185 1549 2185 1550 2185 1589 2186 1550 2186 1590 2186 1590 2187 1550 2187 1551 2187 1590 2188 1551 2188 1591 2188 1591 2189 1551 2189 1552 2189 1591 2190 1552 2190 1592 2190 1592 2191 1552 2191 1553 2191 1592 2192 1553 2192 1593 2192 1593 2193 1553 2193 1554 2193 1593 2194 1554 2194 1594 2194 1594 2195 1554 2195 1555 2195 1594 2196 1555 2196 1595 2196 1595 2197 1555 2197 1556 2197 1595 2198 1556 2198 1596 2198 1596 2199 1556 2199 1557 2199 1596 2200 1557 2200 1597 2200 1597 2201 1557 2201 1558 2201 1597 2202 1558 2202 1598 2202 1598 2203 1558 2203 1559 2203 1598 2204 1559 2204 1599 2204 1599 2205 1559 2205 1560 2205 1599 2206 1560 2206 1564 2206 1564 2207 1560 2207 1561 2207 1571 16 1600 16 1570 16 1570 16 1600 16 1601 16 1570 16 1601 16 1569 16 1569 16 1601 16 1602 16 1569 2208 1602 2208 1568 2208 1568 2209 1602 2209 1603 2209 1568 2210 1603 2210 1567 2210 1567 2211 1603 2211 1604 2211 1567 16 1604 16 1566 16 1566 2212 1604 2212 1605 2212 1566 16 1605 16 1565 16 1565 2213 1605 2213 1606 2213 1565 16 1606 16 1564 16 1564 2214 1606 2214 1607 2214 1564 16 1607 16 1599 16 1599 2215 1607 2215 1608 2215 1599 16 1608 16 1598 16 1598 2216 1608 2216 1609 2216 1598 16 1609 16 1597 16 1597 2217 1609 2217 1610 2217 1597 16 1610 16 1596 16 1596 2218 1610 2218 1611 2218 1596 16 1611 16 1595 16 1595 2219 1611 2219 1612 2219 1595 16 1612 16 1594 16 1594 2220 1612 2220 1613 2220 1594 2221 1613 2221 1593 2221 1593 2222 1613 2222 1614 2222 1593 2223 1614 2223 1592 2223 1592 2224 1614 2224 1615 2224 1592 16 1615 16 1591 16 1591 16 1615 16 1616 16 1591 16 1616 16 1590 16 1590 16 1616 16 1617 16 1590 2225 1617 2225 1589 2225 1589 16 1617 16 1618 16 1589 16 1618 16 1588 16 1588 16 1618 16 1619 16 1588 16 1619 16 1587 16 1587 2226 1619 2226 1620 2226 1587 2227 1620 2227 1586 2227 1586 16 1620 16 1621 16 1586 16 1621 16 1585 16 1585 2214 1621 2214 1622 2214 1585 16 1622 16 1584 16 1584 2217 1622 2217 1623 2217 1584 16 1623 16 1583 16 1583 2228 1623 2228 1624 2228 1583 16 1624 16 1582 16 1582 2229 1624 2229 1625 2229 1582 16 1625 16 1581 16 1581 2230 1625 2230 1626 2230 1581 16 1626 16 1580 16 1580 2231 1626 2231 1627 2231 1580 16 1627 16 1579 16 1579 2212 1627 2212 1628 2212 1579 16 1628 16 1578 16 1578 2232 1628 2232 1629 2232 1578 16 1629 16 1577 16 1577 2217 1629 2217 1630 2217 1577 16 1630 16 1576 16 1576 2233 1630 2233 1631 2233 1576 2234 1631 2234 1575 2234 1575 2235 1631 2235 1632 2235 1575 2236 1632 2236 1574 2236 1574 2237 1632 2237 1633 2237 1574 16 1633 16 1573 16 1573 16 1633 16 1634 16 1573 16 1634 16 1572 16 1572 16 1634 16 1635 16 1572 2238 1635 2238 1571 2238 1571 16 1635 16 1600 16 1607 2083 1636 2083 1608 2083 1608 2083 1636 2083 1637 2083 1608 2082 1637 2082 1609 2082 1609 2081 1637 2081 1638 2081 1609 2080 1638 2080 1610 2080 1610 2079 1638 2079 1639 2079 1610 2239 1639 2239 1611 2239 1611 2077 1639 2077 1640 2077 1611 2240 1640 2240 1612 2240 1612 2241 1640 2241 1641 2241 1612 2242 1641 2242 1613 2242 1613 2243 1641 2243 1642 2243 1613 2244 1642 2244 1614 2244 1614 2245 1642 2245 1643 2245 1614 2246 1643 2246 1615 2246 1615 2247 1643 2247 1644 2247 1615 2068 1644 2068 1616 2068 1616 2067 1644 2067 1645 2067 1616 2066 1645 2066 1617 2066 1617 2065 1645 2065 1646 2065 1617 2248 1646 2248 1618 2248 1618 2249 1646 2249 1647 2249 1618 2250 1647 2250 1619 2250 1619 2251 1647 2251 1648 2251 1619 2252 1648 2252 1620 2252 1620 2253 1648 2253 1649 2253 1620 2058 1649 2058 1621 2058 1621 2057 1649 2057 1650 2057 1621 2254 1650 2254 1622 2254 1622 2055 1650 2055 1651 2055 1622 2054 1651 2054 1623 2054 1623 2053 1651 2053 1652 2053 1623 2052 1652 2052 1624 2052 1624 2051 1652 2051 1653 2051 1624 2050 1653 2050 1625 2050 1625 2050 1653 2050 1654 2050 1625 2112 1654 2112 1626 2112 1626 2111 1654 2111 1655 2111 1626 2110 1655 2110 1627 2110 1627 2109 1655 2109 1656 2109 1627 2108 1656 2108 1628 2108 1628 2108 1656 2108 1657 2108 1628 2255 1657 2255 1629 2255 1629 2106 1657 2106 1658 2106 1629 2105 1658 2105 1630 2105 1630 2105 1658 2105 1659 2105 1630 2256 1659 2256 1631 2256 1631 2257 1659 2257 1660 2257 1631 2258 1660 2258 1632 2258 1632 2259 1660 2259 1661 2259 1632 2260 1661 2260 1633 2260 1633 2261 1661 2261 1662 2261 1633 2099 1662 2099 1634 2099 1634 2099 1662 2099 1663 2099 1634 2098 1663 2098 1635 2098 1635 2098 1663 2098 1664 2098 1635 2262 1664 2262 1600 2262 1600 2263 1664 2263 1665 2263 1600 2264 1665 2264 1601 2264 1601 2265 1665 2265 1666 2265 1601 2266 1666 2266 1602 2266 1602 2267 1666 2267 1667 2267 1602 2091 1667 2091 1603 2091 1603 2268 1667 2268 1668 2268 1603 2269 1668 2269 1604 2269 1604 2089 1668 2089 1669 2089 1604 2088 1669 2088 1605 2088 1605 2088 1669 2088 1670 2088 1605 2087 1670 2087 1606 2087 1606 2086 1670 2086 1671 2086 1606 2085 1671 2085 1607 2085 1607 2084 1671 2084 1636 2084 1672 2270 1673 2270 1674 2270 1674 2271 1673 2271 1675 2271 1674 2272 1675 2272 1676 2272 1676 2272 1675 2272 1677 2272 1676 2273 1677 2273 1678 2273 1678 2274 1677 2274 1679 2274 1678 2275 1679 2275 1680 2275 1680 2275 1679 2275 1681 2275 1680 2276 1681 2276 1682 2276 1682 2276 1681 2276 1683 2276 1682 2277 1683 2277 1684 2277 1684 2278 1683 2278 1685 2278 1684 2279 1685 2279 1686 2279 1686 2279 1685 2279 1687 2279 1686 2280 1687 2280 1688 2280 1688 2281 1687 2281 1689 2281 1688 2282 1689 2282 1690 2282 1690 2283 1689 2283 1691 2283 1690 31 1691 31 1692 31 1692 31 1691 31 1693 31 1692 2284 1693 2284 1694 2284 1694 2285 1693 2285 1695 2285 1694 2286 1695 2286 1696 2286 1696 2287 1695 2287 1697 2287 1696 2288 1697 2288 1698 2288 1698 2288 1697 2288 1699 2288 1698 2289 1699 2289 1700 2289 1700 2290 1699 2290 1701 2290 1700 2291 1701 2291 1702 2291 1702 2291 1701 2291 1703 2291 1702 2292 1703 2292 1704 2292 1704 2292 1703 2292 1705 2292 1704 2293 1705 2293 1706 2293 1706 2294 1705 2294 1707 2294 1706 2295 1707 2295 1708 2295 1708 2295 1707 2295 1709 2295 1708 2296 1709 2296 1710 2296 1710 2297 1709 2297 1711 2297 1710 53 1711 53 1712 53 1712 53 1711 53 1713 53 1712 53 1713 53 1714 53 1715 53 1716 53 1717 53 1714 53 1713 53 1717 53 1717 2298 1713 2298 1718 2298 1717 53 1718 53 1715 53 1712 16 1719 16 1710 16 1710 16 1719 16 1672 16 1710 16 1672 16 1708 16 1708 2299 1672 2299 1674 2299 1686 2300 1688 2300 1708 2300 1708 2301 1688 2301 1690 2301 1708 2302 1690 2302 1692 2302 1692 2303 1694 2303 1708 2303 1708 2304 1694 2304 1696 2304 1708 16 1696 16 1706 16 1706 16 1696 16 1704 16 1674 16 1676 16 1708 16 1708 2305 1676 2305 1678 2305 1708 2306 1678 2306 1680 2306 1680 16 1682 16 1708 16 1708 2307 1682 2307 1684 2307 1708 2308 1684 2308 1686 2308 1698 16 1700 16 1696 16 1696 16 1700 16 1702 16 1696 16 1702 16 1704 16 1720 113 1673 113 1672 113 1672 113 1719 113 1720 113 1720 2309 1719 2309 1721 2309 1720 2310 1721 2310 1722 2310 1723 113 1724 113 1722 113 1722 113 1724 113 1725 113 1722 2311 1725 2311 1720 2311 1021 16 1726 16 1727 16 1655 16 1654 16 1728 16 1021 2312 1727 2312 1022 2312 1022 16 1727 16 1729 16 1022 16 1729 16 1023 16 1023 16 1729 16 1730 16 1023 16 1730 16 1024 16 1024 16 1730 16 1731 16 1024 2313 1731 2313 1025 2313 1025 16 1731 16 1732 16 1025 16 1732 16 1026 16 1732 2314 1733 2314 1026 2314 1026 16 1733 16 1734 16 1026 2315 1734 2315 1027 2315 1027 16 1734 16 1735 16 1027 2316 1735 2316 1028 2316 1028 16 1735 16 1736 16 1028 2317 1736 2317 1029 2317 1029 2318 1736 2318 1737 2318 1029 2319 1737 2319 1030 2319 1030 16 1737 16 1738 16 1030 2320 1738 2320 1031 2320 1031 2321 1738 2321 1739 2321 1031 16 1739 16 1032 16 1032 16 1739 16 1740 16 1032 16 1740 16 1033 16 1033 2322 1740 2322 1741 2322 1033 16 1741 16 1034 16 1662 16 1439 16 1663 16 1663 2323 1439 2323 1438 2323 1663 2324 1438 2324 1664 2324 1664 2325 1438 2325 1665 2325 1665 2326 1438 2326 1437 2326 1665 16 1437 16 1436 16 1654 16 1653 16 1728 16 1728 2327 1653 2327 1652 2327 1728 16 1652 16 1742 16 1742 2328 1652 2328 1651 2328 1742 16 1651 16 1743 16 1743 16 1651 16 1744 16 1430 16 1429 16 1745 16 1650 2329 1043 2329 1651 2329 1651 2330 1043 2330 1042 2330 1651 16 1042 16 1744 16 1744 16 1042 16 1041 16 1744 16 1041 16 1746 16 1746 16 1041 16 1040 16 1746 16 1040 16 1747 16 1747 16 1040 16 1039 16 1747 2331 1039 2331 1748 2331 1748 2332 1039 2332 1038 2332 1748 16 1038 16 1749 16 1749 2333 1038 2333 1037 2333 1749 16 1037 16 1750 16 1750 2334 1037 2334 1036 2334 1750 16 1036 16 1751 16 1751 2335 1036 2335 1035 2335 1751 16 1035 16 1752 16 1752 2336 1035 2336 1034 2336 1752 16 1034 16 1753 16 1753 16 1034 16 1741 16 1662 2337 1661 2337 1439 2337 1439 2338 1661 2338 1660 2338 1439 16 1660 16 1440 16 1440 2339 1660 2339 1659 2339 1726 16 1021 16 1754 16 1754 2340 1021 2340 1020 2340 1754 16 1020 16 1755 16 1755 2341 1020 2341 1019 2341 1755 16 1019 16 1756 16 1756 2342 1019 2342 1018 2342 1756 16 1018 16 1757 16 1757 2343 1018 2343 1017 2343 1757 2344 1017 2344 1758 2344 1758 2345 1017 2345 1016 2345 1758 2346 1016 2346 1759 2346 1436 2347 1435 2347 1665 2347 1665 16 1435 16 1434 16 1665 16 1434 16 1666 16 1666 16 1434 16 1433 16 1644 2348 1643 2348 1760 2348 1760 16 1643 16 1642 16 1760 16 1642 16 1641 16 1670 16 1669 16 1431 16 1049 2349 1761 2349 1050 2349 1050 2350 1761 2350 1762 2350 1050 2351 1762 2351 1051 2351 1051 16 1762 16 1763 16 1051 2352 1763 2352 1016 2352 1016 2353 1763 2353 1764 2353 1016 2354 1764 2354 1759 2354 1646 16 1645 16 1048 16 1048 2355 1645 2355 1644 2355 1048 16 1644 16 1049 16 1049 2356 1644 2356 1760 2356 1049 2357 1760 2357 1761 2357 1745 2358 1637 2358 1636 2358 1431 2359 1669 2359 1432 2359 1432 2360 1669 2360 1668 2360 1432 2361 1668 2361 1433 2361 1433 2362 1668 2362 1667 2362 1433 16 1667 16 1666 16 1685 16 1683 16 1449 16 1765 2363 1443 2363 1442 2363 1646 16 1048 16 1647 16 1647 2364 1048 2364 1047 2364 1647 16 1047 16 1648 16 1648 2365 1047 2365 1046 2365 1648 2366 1046 2366 1649 2366 1649 16 1046 16 1045 16 1649 2367 1045 2367 1650 2367 1650 2368 1045 2368 1044 2368 1650 2369 1044 2369 1043 2369 1431 2370 1430 2370 1670 2370 1670 16 1430 16 1745 16 1670 16 1745 16 1671 16 1671 16 1745 16 1636 16 1766 16 1713 16 1767 16 1767 16 1713 16 1711 16 1641 16 1640 16 1760 16 1760 2371 1640 2371 1639 2371 1760 16 1639 16 1745 16 1745 2372 1639 2372 1638 2372 1745 2373 1638 2373 1637 2373 1420 2374 1455 2374 1768 2374 1768 2375 1455 2375 1454 2375 1768 16 1454 16 1769 16 1769 2376 1454 2376 1453 2376 1673 16 1720 16 1769 16 1673 16 1769 16 1675 16 1770 16 1767 16 1446 16 1446 2377 1767 2377 1711 2377 1446 16 1711 16 1447 16 1447 16 1711 16 1709 16 1447 16 1709 16 1707 16 1770 2378 1446 2378 1771 2378 1771 16 1446 16 1445 16 1771 16 1445 16 1765 16 1765 16 1445 16 1444 16 1765 16 1444 16 1443 16 1679 16 1677 16 1450 16 1450 2379 1677 2379 1675 2379 1450 2380 1675 2380 1451 2380 1451 16 1675 16 1769 16 1451 16 1769 16 1452 16 1452 16 1769 16 1453 16 1449 2381 1683 2381 1450 2381 1450 2382 1683 2382 1681 2382 1450 2383 1681 2383 1679 2383 1691 16 1689 16 1449 16 1449 2384 1689 2384 1687 2384 1449 2385 1687 2385 1685 2385 1423 16 1772 16 1424 16 1424 2386 1772 2386 1773 2386 1424 2387 1773 2387 1425 2387 1425 16 1773 16 1774 16 1425 2388 1774 2388 1426 2388 1426 16 1774 16 1775 16 1426 16 1775 16 1427 16 1427 16 1775 16 1776 16 1427 2389 1776 2389 1428 2389 1428 16 1776 16 1777 16 1428 16 1777 16 1429 16 1429 16 1777 16 1778 16 1429 16 1778 16 1745 16 1420 2390 1768 2390 1421 2390 1421 2391 1768 2391 1779 2391 1421 2392 1779 2392 1422 2392 1422 2393 1779 2393 1780 2393 1422 2394 1780 2394 1423 2394 1423 16 1780 16 1781 16 1423 2395 1781 2395 1772 2395 1442 16 1441 16 1765 16 1765 16 1441 16 1440 16 1765 16 1440 16 1728 16 1659 2396 1658 2396 1440 2396 1440 2397 1658 2397 1657 2397 1440 16 1657 16 1728 16 1728 2398 1657 2398 1656 2398 1728 2399 1656 2399 1655 2399 1701 16 1699 16 1447 16 1447 2400 1699 2400 1697 2400 1447 16 1697 16 1448 16 1448 2401 1697 2401 1695 2401 1448 16 1695 16 1449 16 1449 16 1695 16 1693 16 1449 16 1693 16 1691 16 1707 16 1705 16 1447 16 1447 16 1705 16 1703 16 1447 16 1703 16 1701 16 1782 14 1783 14 1784 14 1784 14 1783 14 1785 14 1785 14 1786 14 1784 14 1784 2402 1786 2402 1787 2402 1784 2403 1787 2403 1788 2403 1788 14 1789 14 1784 14 1784 2404 1789 2404 1790 2404 1784 14 1790 14 1791 14 1791 14 1792 14 1784 14 1784 2405 1792 2405 1793 2405 1784 2406 1793 2406 1794 2406 1794 2407 1795 2407 1784 2407 1784 2408 1795 2408 1796 2408 1784 14 1796 14 1797 14 1798 14 1799 14 1800 14 1800 2409 1799 2409 1801 2409 1797 14 1802 14 1784 14 1784 2410 1802 2410 1801 2410 1784 14 1801 14 1803 14 1803 2411 1801 2411 1799 2411 1804 2412 1805 2412 1806 2412 1807 53 1785 53 1805 53 1805 53 1785 53 1783 53 1805 2413 1783 2413 1806 2413 1804 53 1806 53 1808 53 1808 53 1806 53 1809 53 1808 53 1809 53 1810 53 1785 2297 1807 2297 1786 2297 1786 2296 1807 2296 1811 2296 1786 2295 1811 2295 1787 2295 1787 2295 1811 2295 1812 2295 1787 2294 1812 2294 1788 2294 1788 2293 1812 2293 1813 2293 1788 2292 1813 2292 1789 2292 1789 2292 1813 2292 1814 2292 1789 2291 1814 2291 1790 2291 1790 2291 1814 2291 1815 2291 1790 2290 1815 2290 1791 2290 1791 2289 1815 2289 1816 2289 1791 2414 1816 2414 1792 2414 1792 2288 1816 2288 1817 2288 1792 2287 1817 2287 1793 2287 1793 2286 1817 2286 1818 2286 1793 2285 1818 2285 1794 2285 1794 2415 1818 2415 1819 2415 1794 31 1819 31 1795 31 1795 31 1819 31 1820 31 1795 2283 1820 2283 1796 2283 1796 2416 1820 2416 1821 2416 1796 2281 1821 2281 1797 2281 1797 2280 1821 2280 1822 2280 1797 2279 1822 2279 1802 2279 1802 2279 1822 2279 1823 2279 1802 2278 1823 2278 1801 2278 1801 2277 1823 2277 1824 2277 1801 2276 1824 2276 1800 2276 1800 2276 1824 2276 1825 2276 1800 2275 1825 2275 1798 2275 1798 2275 1825 2275 1826 2275 1798 2274 1826 2274 1799 2274 1799 2273 1826 2273 1827 2273 1799 2272 1827 2272 1803 2272 1803 2272 1827 2272 1828 2272 1803 2271 1828 2271 1784 2271 1784 2270 1828 2270 1829 2270 1784 113 1829 113 1782 113 1782 113 1829 113 1830 113 1782 113 1830 113 1831 113 1831 2417 1830 2417 1832 2417 1832 2418 1833 2418 1831 2418 1831 113 1833 113 1834 113 1831 113 1834 113 1835 113 1713 2419 1766 2419 1836 2419 1830 2420 1837 2420 1838 2420 1830 2421 1838 2421 1832 2421 1832 2422 1838 2422 1839 2422 1832 2422 1839 2422 1833 2422 1833 2423 1839 2423 1840 2423 1833 2423 1840 2423 1834 2423 1834 2424 1840 2424 1841 2424 1834 2425 1841 2425 1835 2425 1835 2426 1841 2426 1842 2426 1835 2427 1842 2427 1831 2427 1831 2428 1842 2428 1782 2428 1782 2429 1842 2429 1843 2429 1782 2430 1843 2430 1783 2430 1844 2431 1809 2431 1806 2431 1844 2432 1845 2432 1809 2432 1809 2433 1845 2433 1846 2433 1809 2434 1846 2434 1810 2434 1846 2435 1847 2435 1810 2435 1810 2436 1847 2436 1848 2436 1810 2437 1848 2437 1808 2437 1848 2438 1849 2438 1808 2438 1808 2439 1849 2439 1850 2439 1808 2440 1850 2440 1804 2440 1804 2441 1850 2441 1851 2441 1804 2442 1851 2442 1805 2442 1713 2443 1836 2443 1718 2443 1718 2444 1836 2444 1852 2444 1718 2445 1852 2445 1715 2445 1715 2446 1852 2446 1853 2446 1715 2447 1853 2447 1716 2447 1853 2448 1854 2448 1716 2448 1716 2449 1854 2449 1855 2449 1716 2450 1855 2450 1717 2450 1855 2451 1856 2451 1717 2451 1717 2452 1856 2452 1857 2452 1717 2453 1857 2453 1714 2453 1721 2454 1719 2454 1858 2454 1857 2455 1859 2455 1714 2455 1714 2456 1859 2456 1860 2456 1714 2457 1860 2457 1712 2457 1712 2458 1860 2458 1861 2458 1712 2459 1861 2459 1719 2459 1858 2460 1862 2460 1721 2460 1721 2461 1862 2461 1863 2461 1721 2462 1863 2462 1722 2462 1722 2463 1863 2463 1864 2463 1722 2464 1864 2464 1723 2464 1723 2465 1864 2465 1865 2465 1723 2466 1865 2466 1724 2466 1724 2467 1865 2467 1866 2467 1724 2467 1866 2467 1725 2467 1725 2468 1866 2468 1769 2468 1725 2469 1769 2469 1720 2469 1719 2470 1861 2470 1858 2470 1858 2471 1861 2471 1867 2471 1858 2472 1867 2472 1868 2472 1867 2473 1869 2473 1868 2473 1868 2474 1869 2474 1870 2474 1868 2475 1870 2475 1871 2475 1870 2476 1872 2476 1871 2476 1871 2477 1872 2477 1873 2477 1871 2478 1873 2478 1874 2478 1874 2479 1873 2479 1875 2479 1874 2480 1875 2480 1876 2480 1876 2481 1875 2481 1877 2481 1876 2482 1877 2482 1878 2482 1877 2483 1879 2483 1878 2483 1878 2484 1879 2484 1880 2484 1878 2485 1880 2485 1881 2485 1880 2486 1882 2486 1881 2486 1881 2487 1882 2487 1883 2487 1881 2488 1883 2488 1884 2488 1883 2489 1885 2489 1884 2489 1884 2490 1885 2490 1886 2490 1884 2491 1886 2491 1843 2491 1843 2492 1886 2492 1887 2492 1843 2493 1887 2493 1783 2493 1783 2494 1887 2494 1888 2494 1783 2495 1888 2495 1806 2495 1806 2496 1888 2496 1889 2496 1806 2497 1889 2497 1844 2497 1837 2498 1890 2498 1891 2498 1891 2499 1890 2499 1892 2499 1893 2500 1894 2500 1895 2500 1895 2501 1894 2501 1896 2501 1895 2502 1896 2502 1897 2502 1897 2503 1896 2503 1898 2503 1897 2504 1898 2504 619 2504 619 2505 1898 2505 1899 2505 1900 2506 1894 2506 1901 2506 1901 2507 1894 2507 1893 2507 1902 2508 1903 2508 1904 2508 1904 2509 1903 2509 1905 2509 1904 2510 1905 2510 1906 2510 1906 2511 1905 2511 1907 2511 1906 2512 1907 2512 1908 2512 1908 2513 1907 2513 1909 2513 1908 2514 1909 2514 1901 2514 1901 2515 1909 2515 1900 2515 1902 2516 1910 2516 1903 2516 1903 2517 1910 2517 1911 2517 1910 2518 1912 2518 1911 2518 1911 2519 1912 2519 1913 2519 1911 2520 1913 2520 1914 2520 1913 2521 1915 2521 1914 2521 1914 2522 1915 2522 1916 2522 1914 2523 1916 2523 1917 2523 1916 2524 1918 2524 1917 2524 1917 2525 1918 2525 1919 2525 1917 2526 1919 2526 1920 2526 1919 2527 1921 2527 1920 2527 1920 2528 1921 2528 1922 2528 1920 2529 1922 2529 1923 2529 1924 2530 1925 2530 1926 2530 1922 2531 1927 2531 1923 2531 1923 2532 1927 2532 1928 2532 1923 2533 1928 2533 1929 2533 1929 2534 1928 2534 1930 2534 1929 2535 1930 2535 1926 2535 1926 2536 1930 2536 1931 2536 1926 2537 1931 2537 1924 2537 1924 2538 1932 2538 1925 2538 1925 2539 1932 2539 1933 2539 1925 2540 1933 2540 1934 2540 1933 2541 1935 2541 1934 2541 1934 2542 1935 2542 1936 2542 1934 2543 1936 2543 1937 2543 1936 2544 1938 2544 1937 2544 1937 2545 1938 2545 1939 2545 1937 2546 1939 2546 1940 2546 1939 2547 1941 2547 1940 2547 1940 2548 1941 2548 1942 2548 1940 2549 1942 2549 1943 2549 1942 2550 1944 2550 1943 2550 1943 2551 1944 2551 1945 2551 1943 2552 1945 2552 1946 2552 1945 2553 1947 2553 1946 2553 1946 2554 1947 2554 1948 2554 1946 2555 1948 2555 1949 2555 1949 2556 1948 2556 1950 2556 1949 2557 1950 2557 1951 2557 1950 2558 1952 2558 1951 2558 1951 2559 1952 2559 1953 2559 1951 2560 1953 2560 1954 2560 1953 2561 1955 2561 1954 2561 1954 2562 1955 2562 1956 2562 1954 2563 1956 2563 1957 2563 1956 2564 1958 2564 1957 2564 1957 2565 1958 2565 1959 2565 1957 2566 1959 2566 1960 2566 1959 2567 1961 2567 1960 2567 1960 2568 1961 2568 1962 2568 1960 2569 1962 2569 1963 2569 1962 2570 1964 2570 1963 2570 1963 2571 1964 2571 1965 2571 1963 2572 1965 2572 1966 2572 1965 2573 1967 2573 1966 2573 1966 2574 1967 2574 1968 2574 1966 2575 1968 2575 1969 2575 1968 2576 1970 2576 1969 2576 1969 2577 1970 2577 1971 2577 1969 2578 1971 2578 1972 2578 1971 2579 1973 2579 1972 2579 1972 2580 1973 2580 1974 2580 1972 2581 1974 2581 1975 2581 1974 2582 1976 2582 1975 2582 1975 2583 1976 2583 1977 2583 1975 2584 1977 2584 1978 2584 1977 2585 1979 2585 1978 2585 1978 2586 1979 2586 1980 2586 1978 2587 1980 2587 1981 2587 1981 2588 1980 2588 1982 2588 1981 2589 1982 2589 1983 2589 1983 2590 1982 2590 1984 2590 1983 2591 1984 2591 1985 2591 1985 2592 1984 2592 1986 2592 1985 2593 1986 2593 1987 2593 1987 2594 1986 2594 1988 2594 1987 2595 1988 2595 1989 2595 1989 2596 1988 2596 1990 2596 1989 2597 1990 2597 1991 2597 1991 2598 1990 2598 1992 2598 1991 2599 1992 2599 1993 2599 1994 2600 1995 2600 1996 2600 1996 2601 1995 2601 1993 2601 1996 2602 1993 2602 1997 2602 1997 2603 1993 2603 1992 2603 1998 2604 1995 2604 1999 2604 1999 2605 1995 2605 1994 2605 2000 2606 2001 2606 2002 2606 2002 2607 2001 2607 2003 2607 2002 2608 2003 2608 2004 2608 2004 2609 2003 2609 2005 2609 2004 2610 2005 2610 2006 2610 2006 2611 2005 2611 2007 2611 2006 2612 2007 2612 1999 2612 1999 2613 2007 2613 1998 2613 2001 2614 2000 2614 2008 2614 2001 2615 2008 2615 2009 2615 2009 2616 2008 2616 2010 2616 2009 2617 2010 2617 2011 2617 2010 2618 2012 2618 2011 2618 2011 2619 2012 2619 2013 2619 2011 2620 2013 2620 2014 2620 2013 2621 2015 2621 2014 2621 2014 2622 2015 2622 2016 2622 2014 2623 2016 2623 2017 2623 2017 2624 2016 2624 2018 2624 2017 2625 2018 2625 2019 2625 2018 2626 2020 2626 2019 2626 2019 2627 2020 2627 2021 2627 2019 2628 2021 2628 2022 2628 2021 2629 2023 2629 2022 2629 2022 2630 2023 2630 1892 2630 2022 2631 1892 2631 1890 2631 1983 14 865 14 1981 14 1981 2632 865 2632 863 2632 1981 2633 863 2633 1978 2633 1978 2634 863 2634 861 2634 1978 2635 861 2635 1975 2635 1975 2636 861 2636 859 2636 1975 2637 859 2637 1972 2637 1972 2638 859 2638 857 2638 1972 2639 857 2639 1969 2639 1969 2640 857 2640 855 2640 1969 2641 855 2641 1966 2641 1966 14 855 14 853 14 1966 2642 853 2642 1963 2642 1963 14 853 14 851 14 1963 2643 851 2643 1960 2643 1960 14 851 14 849 14 1960 2644 849 2644 1957 2644 1957 14 849 14 847 14 1957 14 847 14 1954 14 1954 2645 847 2645 845 2645 1954 2646 845 2646 1951 2646 1951 14 845 14 1949 14 1949 14 845 14 843 14 1949 2647 843 2647 1946 2647 1946 2648 843 2648 841 2648 1946 14 841 14 1943 14 1943 14 841 14 839 14 1943 14 839 14 1940 14 1940 14 839 14 837 14 1940 14 837 14 1937 14 1937 2649 837 2649 835 2649 1937 2650 835 2650 1934 2650 1934 14 835 14 833 14 1934 14 833 14 1925 14 1925 2651 833 2651 831 2651 1925 14 831 14 1926 14 1926 2652 831 2652 829 2652 1926 14 829 14 1929 14 1929 2653 829 2653 899 2653 1929 14 899 14 1923 14 1465 14 1463 14 879 14 1459 2654 1457 2654 1900 2654 1900 2655 1457 2655 1527 2655 1900 2656 1527 2656 1525 2656 1491 14 1489 14 1998 14 1998 2657 1489 2657 1487 2657 1998 2658 1487 2658 1995 2658 1487 2659 1485 2659 1995 2659 1995 2660 1485 2660 1483 2660 1995 14 1483 14 1993 14 1479 2661 1477 2661 1991 2661 1303 2662 1519 2662 1517 2662 1517 14 1515 14 1303 14 1303 2663 1515 2663 1513 2663 1303 14 1513 14 1511 14 1993 2664 1483 2664 1991 2664 1991 2665 1483 2665 1481 2665 1991 2666 1481 2666 1479 2666 1477 14 1475 14 875 14 879 14 1463 14 881 14 881 2667 1463 2667 1461 2667 881 14 1461 14 883 14 1475 2668 1473 2668 875 2668 875 2669 1473 2669 1471 2669 875 14 1471 14 877 14 877 2670 1471 2670 1469 2670 877 14 1469 14 879 14 879 2671 1469 2671 1467 2671 879 2672 1467 2672 1465 2672 1983 14 1985 14 865 14 865 2673 1985 2673 1987 2673 865 2674 1987 2674 867 2674 867 2675 1987 2675 1989 2675 867 14 1989 14 869 14 869 14 1989 14 1991 14 869 14 1991 14 871 14 871 2676 1991 2676 1477 2676 871 14 1477 14 873 14 873 14 1477 14 875 14 1837 2677 1279 2677 1277 2677 1923 14 899 14 1920 14 1920 14 899 14 897 14 1920 14 897 14 1917 14 1917 14 897 14 895 14 1917 2678 895 2678 1914 2678 1914 14 895 14 893 14 1914 2679 893 2679 1911 2679 1911 2680 893 2680 891 2680 1911 2681 891 2681 1903 2681 1903 14 891 14 889 14 1903 2682 889 2682 1905 2682 1905 14 889 14 887 14 1905 2683 887 2683 1907 2683 1907 14 887 14 885 14 1907 2684 885 2684 1909 2684 1909 2685 885 2685 883 2685 1909 2686 883 2686 1900 2686 1900 14 883 14 1461 14 1900 2687 1461 2687 1459 2687 1826 2688 1825 2688 1283 2688 1277 2689 1275 2689 1837 2689 1837 2690 1275 2690 1273 2690 1837 14 1273 14 1890 14 1519 14 1303 14 1521 14 1521 2691 1303 2691 1301 2691 1521 14 1301 14 1523 14 1297 2692 1295 2692 1894 2692 1894 14 1295 14 1293 14 1894 2693 1293 2693 1896 2693 1896 2694 1293 2694 1291 2694 1896 2695 1291 2695 1898 2695 1898 2696 1291 2696 1289 2696 1898 14 1289 14 1899 14 1899 14 1289 14 1287 14 1899 14 1287 14 1851 14 1283 2697 1825 2697 1285 2697 1285 14 1825 14 1824 14 1285 14 1824 14 1823 14 1826 14 1283 14 1827 14 1827 2698 1283 2698 1281 2698 1827 14 1281 14 1828 14 1499 2699 1497 2699 1998 2699 1525 14 1523 14 1900 14 1900 2700 1523 2700 1301 2700 1900 2701 1301 2701 1894 2701 1894 2702 1301 2702 1299 2702 1894 2703 1299 2703 1297 2703 1823 14 1822 14 1285 14 1285 2704 1822 2704 1821 2704 1285 2705 1821 2705 1820 2705 1820 2706 1819 2706 1285 2706 1285 2707 1819 2707 1818 2707 1285 14 1818 14 1287 14 1273 14 1271 14 1890 14 1890 2708 1271 2708 1269 2708 1890 2709 1269 2709 2022 2709 2022 2710 1269 2710 1267 2710 2022 2711 1267 2711 2019 2711 2019 2712 1267 2712 1265 2712 2019 14 1265 14 2017 14 2017 14 1265 14 1263 14 2017 2713 1263 2713 2014 2713 2014 2714 1263 2714 1261 2714 2014 2715 1261 2715 2011 2715 1497 2716 1495 2716 1998 2716 1998 2717 1495 2717 1493 2717 1998 2718 1493 2718 1491 2718 1830 14 1829 14 1837 14 1837 2719 1829 2719 1828 2719 1837 2720 1828 2720 1279 2720 1279 14 1828 14 1281 14 1243 2721 1241 2721 1511 2721 1511 2722 1241 2722 1239 2722 1511 2723 1239 2723 1237 2723 1237 2724 1235 2724 1511 2724 1511 2725 1235 2725 1233 2725 1511 2726 1233 2726 1303 2726 1818 14 1817 14 1287 14 1287 2727 1817 2727 1816 2727 1287 2728 1816 2728 1815 2728 1815 14 1814 14 1287 14 1287 14 1814 14 1813 14 1287 2729 1813 2729 1812 2729 1511 2730 1509 2730 1243 2730 1243 2731 1509 2731 1507 2731 1243 14 1507 14 1245 14 1245 2732 1507 2732 1505 2732 1245 2733 1505 2733 1247 2733 1247 2734 1505 2734 1503 2734 1247 2735 1503 2735 1249 2735 1249 2736 1503 2736 1501 2736 1249 14 1501 14 1251 14 2011 2737 1261 2737 2009 2737 2009 2738 1261 2738 1259 2738 2009 14 1259 14 2001 14 2001 14 1259 14 1257 14 2001 14 1257 14 2003 14 2003 14 1257 14 1255 14 2003 14 1255 14 2005 14 2005 2739 1255 2739 1253 2739 2005 2740 1253 2740 2007 2740 2007 14 1253 14 1251 14 2007 14 1251 14 1998 14 1998 14 1251 14 1501 14 1998 2741 1501 2741 1499 2741 1812 14 1811 14 1287 14 1287 14 1811 14 1807 14 1287 14 1807 14 1851 14 1851 14 1807 14 1805 14 1899 2742 1851 2742 619 2742 619 2743 1851 2743 621 2743 621 2744 1851 2744 1850 2744 621 2745 1850 2745 638 2745 638 2746 1850 2746 1849 2746 638 2747 1849 2747 637 2747 1849 2748 1848 2748 637 2748 637 2749 1848 2749 1847 2749 637 2750 1847 2750 636 2750 636 2751 1847 2751 1846 2751 636 2752 1846 2752 635 2752 1846 2753 1845 2753 635 2753 635 2754 1845 2754 1844 2754 635 2755 1844 2755 634 2755 1844 2756 1889 2756 634 2756 634 2757 1889 2757 1888 2757 634 2758 1888 2758 633 2758 1888 2759 1887 2759 633 2759 633 2760 1887 2760 1886 2760 633 2761 1886 2761 632 2761 1886 2762 1885 2762 632 2762 632 2763 1885 2763 1883 2763 632 2764 1883 2764 631 2764 1883 2765 1882 2765 631 2765 631 2766 1882 2766 1880 2766 631 2767 1880 2767 630 2767 630 2768 1880 2768 1879 2768 1879 2769 1877 2769 630 2769 630 2770 1877 2770 1875 2770 630 2771 1875 2771 629 2771 1875 2772 1873 2772 629 2772 629 2773 1873 2773 1872 2773 629 2774 1872 2774 628 2774 1872 2775 1870 2775 628 2775 628 2776 1870 2776 1869 2776 628 2777 1869 2777 627 2777 1869 2778 1867 2778 627 2778 627 2779 1867 2779 1861 2779 627 2780 1861 2780 626 2780 1861 2781 1860 2781 626 2781 626 2782 1860 2782 1859 2782 626 2783 1859 2783 625 2783 1859 2784 1857 2784 625 2784 625 2785 1857 2785 1856 2785 625 2786 1856 2786 624 2786 1856 2787 1855 2787 624 2787 624 2788 1855 2788 1854 2788 624 2789 1854 2789 623 2789 1854 2790 1853 2790 623 2790 623 2791 1853 2791 1852 2791 623 2792 1852 2792 622 2792 1852 2793 1836 2793 622 2793 622 2794 1836 2794 1766 2794 622 2795 1766 2795 620 2795 618 2796 620 2796 1767 2796 1767 2797 620 2797 1766 2797 618 2798 1767 2798 2024 2798 2024 2799 1767 2799 1770 2799 2024 2800 1770 2800 2025 2800 2025 2801 1770 2801 1771 2801 2025 2802 1771 2802 2026 2802 2026 2803 1771 2803 1765 2803 2027 2804 2026 2804 1728 2804 1728 2805 2026 2805 1765 2805 2027 2806 1728 2806 2028 2806 2028 2807 1728 2807 1742 2807 2028 2808 1742 2808 2029 2808 2029 2809 1742 2809 1743 2809 2029 2810 1743 2810 2030 2810 2030 2811 1743 2811 1744 2811 2030 2812 1744 2812 2031 2812 2031 2813 1744 2813 1746 2813 1759 2814 2032 2814 1758 2814 1758 2815 2032 2815 2033 2815 1758 2816 2033 2816 1757 2816 2033 2817 2034 2817 1757 2817 1757 2818 2034 2818 2035 2818 1757 2819 2035 2819 1756 2819 2035 2820 2036 2820 1756 2820 1756 2821 2036 2821 2037 2821 1756 2822 2037 2822 1755 2822 2037 2823 2038 2823 1755 2823 1755 2824 2038 2824 2039 2824 1755 2825 2039 2825 1754 2825 2039 2826 2040 2826 1754 2826 1754 2827 2040 2827 2041 2827 1754 2828 2041 2828 1726 2828 2042 2829 1727 2829 2043 2829 2043 2830 1727 2830 1726 2830 2043 2831 1726 2831 2044 2831 2044 2832 1726 2832 2041 2832 2045 2833 1730 2833 2042 2833 2042 2834 1730 2834 1729 2834 2042 2835 1729 2835 1727 2835 2045 2836 2046 2836 1730 2836 1730 2837 2046 2837 2047 2837 1730 2838 2047 2838 1731 2838 2047 2839 2048 2839 1731 2839 1731 2840 2048 2840 2049 2840 1731 2841 2049 2841 1732 2841 2049 2842 2050 2842 1732 2842 1732 2843 2050 2843 2051 2843 1732 2844 2051 2844 1733 2844 2051 2845 2052 2845 1733 2845 1733 2846 2052 2846 2053 2846 1733 2847 2053 2847 1734 2847 2053 2848 2054 2848 1734 2848 1734 2849 2054 2849 2055 2849 1734 2850 2055 2850 1735 2850 2055 2851 2056 2851 1735 2851 1735 2852 2056 2852 2057 2852 1735 2853 2057 2853 1736 2853 1736 2854 2057 2854 2058 2854 1736 2855 2058 2855 1737 2855 2058 2856 2059 2856 1737 2856 1737 2857 2059 2857 2060 2857 1737 2858 2060 2858 1738 2858 2060 2859 2061 2859 1738 2859 1738 2860 2061 2860 2062 2860 1738 2861 2062 2861 1739 2861 2062 2862 2063 2862 1739 2862 1739 2863 2063 2863 2064 2863 1739 2864 2064 2864 1740 2864 2064 2865 2065 2865 1740 2865 1740 2866 2065 2866 2066 2866 1740 2867 2066 2867 1741 2867 2066 2868 2067 2868 1741 2868 1741 2869 2067 2869 2068 2869 1741 2870 2068 2870 1753 2870 1753 2871 2068 2871 2069 2871 1753 2872 2069 2872 1752 2872 2069 2873 2070 2873 1752 2873 1752 2874 2070 2874 2071 2874 1752 2875 2071 2875 1751 2875 2071 2876 2072 2876 1751 2876 1751 2877 2072 2877 2073 2877 1751 2878 2073 2878 1750 2878 2073 2879 2074 2879 1750 2879 1750 2880 2074 2880 2075 2880 1750 2881 2075 2881 1749 2881 2075 2882 2076 2882 1749 2882 1749 2883 2076 2883 2077 2883 1749 2884 2077 2884 1748 2884 2077 2885 2078 2885 1748 2885 1748 2886 2078 2886 2079 2886 1748 2887 2079 2887 1747 2887 2031 2888 1746 2888 2080 2888 2080 2889 1746 2889 1747 2889 2080 2890 1747 2890 2081 2890 2081 2891 1747 2891 2079 2891 1761 2892 1760 2892 2082 2892 2032 2893 1759 2893 2083 2893 2083 2894 1759 2894 1764 2894 2083 2895 1764 2895 2084 2895 2084 2896 1764 2896 1763 2896 2084 2897 1763 2897 2085 2897 2085 2898 1763 2898 1762 2898 2085 2899 1762 2899 2086 2899 2086 2900 1762 2900 1761 2900 2086 2901 1761 2901 2087 2901 2087 2902 1761 2902 2082 2902 2088 2903 2082 2903 1745 2903 1745 2904 2082 2904 1760 2904 2088 2905 1745 2905 2089 2905 2089 2906 1745 2906 1778 2906 2089 2907 1778 2907 2090 2907 2090 2908 1778 2908 1777 2908 2090 2909 1777 2909 2091 2909 2091 2910 1777 2910 1776 2910 2091 2911 1776 2911 2092 2911 2092 2912 1776 2912 1775 2912 1768 2913 2093 2913 2094 2913 1768 2914 2094 2914 1779 2914 1779 2915 2094 2915 2095 2915 1779 2916 2095 2916 1780 2916 2095 2917 2096 2917 1780 2917 1780 2918 2096 2918 2097 2918 1780 2919 2097 2919 1781 2919 2097 2920 2098 2920 1781 2920 1781 2921 2098 2921 2099 2921 1781 2922 2099 2922 1772 2922 1772 2923 2099 2923 2100 2923 1772 2924 2100 2924 1773 2924 2100 2925 2101 2925 1773 2925 1773 2926 2101 2926 2102 2926 1773 2927 2102 2927 1774 2927 2102 2928 2103 2928 1774 2928 1774 2929 2103 2929 2092 2929 1774 2930 2092 2930 1775 2930 2104 2931 2093 2931 1769 2931 1769 2932 2093 2932 1768 2932 2104 2933 1769 2933 1866 2933 2104 2934 1866 2934 2105 2934 2105 2935 1866 2935 1865 2935 2105 2936 1865 2936 2106 2936 2106 2937 1865 2937 1864 2937 2106 2938 1864 2938 2107 2938 2107 2939 1864 2939 1863 2939 2107 2940 1863 2940 2108 2940 2108 2941 1863 2941 1862 2941 2108 2942 1862 2942 2109 2942 2109 2943 1862 2943 1858 2943 2109 2944 1858 2944 2110 2944 2110 2945 1858 2945 1868 2945 2110 2946 1868 2946 2111 2946 2111 2947 1868 2947 1871 2947 2111 2948 1871 2948 2112 2948 2112 2949 1871 2949 1874 2949 2112 2950 1874 2950 2113 2950 2113 2951 1874 2951 2114 2951 2114 2952 1874 2952 1876 2952 2114 2953 1876 2953 2115 2953 1876 2954 1878 2954 2115 2954 2115 2955 1878 2955 1881 2955 2115 2956 1881 2956 2116 2956 2116 2957 1881 2957 1884 2957 2116 2958 1884 2958 2117 2958 2117 2959 1884 2959 1843 2959 2117 2960 1843 2960 2118 2960 2118 2961 1843 2961 1842 2961 2118 2962 1842 2962 2119 2962 2119 2963 1842 2963 1841 2963 2119 2964 1841 2964 2120 2964 2120 2965 1841 2965 1840 2965 2120 2966 1840 2966 2121 2966 2121 2967 1840 2967 1839 2967 2121 2968 1839 2968 2122 2968 2122 2969 1839 2969 1838 2969 2122 2970 1838 2970 2123 2970 2123 2971 1838 2971 1837 2971 2123 2972 1837 2972 1891 2972 1101 53 2093 53 1099 53 1099 2973 2093 2973 1096 2973 1892 2974 373 2974 371 2974 379 53 377 53 1892 53 1892 2975 377 2975 375 2975 1892 2976 375 2976 373 2976 401 53 399 53 2093 53 2093 2977 399 2977 397 2977 2093 2978 397 2978 395 2978 389 53 387 53 1081 53 525 53 365 53 527 53 527 2979 365 2979 363 2979 527 2980 363 2980 361 2980 2113 53 493 53 491 53 1892 53 1053 53 1052 53 1066 53 1069 53 379 53 379 2981 1069 2981 1072 2981 379 53 1072 53 381 53 371 53 369 53 1892 53 1892 2982 369 2982 367 2982 1892 2983 367 2983 1891 2983 395 2984 1081 2984 1084 2984 361 53 359 53 527 53 527 2985 359 2985 357 2985 527 2986 357 2986 355 2986 539 53 537 53 345 53 525 53 523 53 365 53 365 2987 523 2987 521 2987 365 53 521 53 367 53 367 2988 521 2988 519 2988 367 2989 519 2989 1891 2989 1891 2990 519 2990 517 2990 1891 2991 517 2991 515 2991 1052 2992 1057 2992 1892 2992 1892 2993 1057 2993 1060 2993 1892 53 1060 53 379 53 379 2994 1060 2994 1063 2994 379 2995 1063 2995 1066 2995 401 53 2093 53 331 53 331 2996 2093 2996 2104 2996 331 53 2104 53 333 53 381 53 1072 53 383 53 383 2997 1072 2997 1075 2997 383 2998 1075 2998 385 2998 385 2999 1075 2999 1077 2999 385 53 1077 53 387 53 387 3000 1077 3000 1079 3000 387 3001 1079 3001 1081 3001 343 53 341 53 545 53 545 53 341 53 475 53 2113 53 2114 53 493 53 493 3002 2114 3002 2115 3002 493 53 2115 53 495 53 495 3003 2115 3003 2116 3003 495 53 2116 53 497 53 497 3004 2116 3004 2117 3004 497 53 2117 53 499 53 499 3005 2117 3005 2118 3005 499 53 2118 53 501 53 501 3006 2118 3006 2119 3006 501 53 2119 53 503 53 503 3007 2119 3007 2120 3007 503 3008 2120 3008 505 3008 505 3009 2120 3009 2121 3009 505 53 2121 53 507 53 507 3010 2121 3010 2122 3010 507 53 2122 53 509 53 509 53 2122 53 2123 53 509 53 2123 53 511 53 511 53 2123 53 1891 53 511 53 1891 53 513 53 513 53 1891 53 515 53 395 53 393 53 1081 53 1081 3011 393 3011 391 3011 1081 3012 391 3012 389 3012 1084 53 1087 53 395 53 395 3013 1087 3013 1090 3013 395 3014 1090 3014 2093 3014 2093 3015 1090 3015 1093 3015 2093 3016 1093 3016 1096 3016 539 53 345 53 541 53 339 53 337 53 2104 53 2104 3017 337 3017 335 3017 2104 3018 335 3018 333 3018 343 3019 545 3019 345 3019 345 3020 545 3020 543 3020 345 3021 543 3021 541 3021 537 53 535 53 345 53 345 3022 535 3022 533 3022 345 3023 533 3023 531 3023 355 53 353 53 527 53 527 3024 353 3024 351 3024 527 53 351 53 529 53 529 3025 351 3025 349 3025 529 3026 349 3026 531 3026 531 3027 349 3027 347 3027 531 3028 347 3028 345 3028 341 53 339 53 475 53 475 3029 339 3029 2104 3029 475 3030 2104 3030 477 3030 477 53 2104 53 2105 53 477 53 2105 53 479 53 479 53 2105 53 2106 53 479 3031 2106 3031 481 3031 481 3032 2106 3032 2107 3032 481 53 2107 53 483 53 483 3033 2107 3033 2108 3033 483 53 2108 53 485 53 485 3034 2108 3034 2109 3034 485 3035 2109 3035 487 3035 487 3036 2109 3036 2110 3036 487 3037 2110 3037 489 3037 489 3038 2110 3038 2111 3038 489 53 2111 53 491 53 491 3039 2111 3039 2112 3039 491 3040 2112 3040 2113 3040 1139 3041 1140 3041 2023 3041 1053 3042 1892 3042 1144 3042 1144 3043 1892 3043 2023 3043 1144 3044 2023 3044 1142 3044 1142 3045 2023 3045 1140 3045 1113 3046 1115 3046 2095 3046 1115 3047 1117 3047 2095 3047 2095 3048 1117 3048 1119 3048 2095 3049 1119 3049 1121 3049 1126 3050 2021 3050 1125 3050 1125 3051 2021 3051 1123 3051 1126 3052 1128 3052 2021 3052 2021 3053 1128 3053 1130 3053 2021 3054 1130 3054 1132 3054 1132 3055 1134 3055 2021 3055 2021 3056 1134 3056 1136 3056 2021 3057 1136 3057 2023 3057 2023 3058 1136 3058 1137 3058 2023 3059 1137 3059 1139 3059 2093 3060 1101 3060 2094 3060 2094 3061 1101 3061 1105 3061 1105 3062 1107 3062 2094 3062 2094 3063 1107 3063 1109 3063 2094 3064 1109 3064 2095 3064 2095 3065 1109 3065 1111 3065 2095 3066 1111 3066 1113 3066 2000 3067 2092 3067 2008 3067 2008 3068 2092 3068 2103 3068 2008 3069 2103 3069 2102 3069 1121 3070 1123 3070 2095 3070 2095 3071 1123 3071 2021 3071 2095 3072 2021 3072 2096 3072 2096 3073 2021 3073 2020 3073 2096 3074 2020 3074 2097 3074 2097 3075 2020 3075 2018 3075 2097 3076 2018 3076 2098 3076 2098 3077 2018 3077 2016 3077 2098 3078 2016 3078 2099 3078 2099 3078 2016 3078 2015 3078 2099 3079 2015 3079 2100 3079 2100 3080 2015 3080 2013 3080 2100 3081 2013 3081 2101 3081 2101 3082 2013 3082 2012 3082 2101 3083 2012 3083 2102 3083 2102 3083 2012 3083 2010 3083 2102 3084 2010 3084 2008 3084 1999 3085 2088 3085 2006 3085 2006 3086 2088 3086 2089 3086 2006 3087 2089 3087 2004 3087 2004 3088 2089 3088 2090 3088 2004 3089 2090 3089 2002 3089 2002 3090 2090 3090 2091 3090 2002 3091 2091 3091 2000 3091 2000 3092 2091 3092 2092 3092 2082 3093 2088 3093 1994 3093 1994 3094 2088 3094 1999 3094 647 3095 649 3095 1990 3095 1996 3096 2087 3096 1994 3096 1994 3097 2087 3097 2082 3097 2084 3098 677 3098 678 3098 678 3099 680 3099 2084 3099 2084 3100 680 3100 685 3100 2084 3101 685 3101 2083 3101 2083 3102 685 3102 684 3102 2083 3103 684 3103 2032 3103 2085 3104 667 3104 669 3104 669 3105 671 3105 2085 3105 2085 3106 671 3106 673 3106 2085 3107 673 3107 2084 3107 2084 3108 673 3108 675 3108 2084 3109 675 3109 677 3109 659 3110 1996 3110 657 3110 657 3111 1996 3111 1997 3111 657 3112 1997 3112 655 3112 655 3113 1997 3113 1992 3113 655 3114 1992 3114 653 3114 659 3115 660 3115 1996 3115 1996 3116 660 3116 662 3116 1996 3117 662 3117 2087 3117 2087 3118 662 3118 664 3118 2087 3119 664 3119 665 3119 667 3120 2085 3120 665 3120 665 3121 2085 3121 2086 3121 665 3122 2086 3122 2087 3122 1990 3123 649 3123 1992 3123 1992 3124 649 3124 651 3124 1992 3125 651 3125 653 3125 1986 3126 642 3126 1988 3126 1988 3127 642 3127 644 3127 1988 3128 644 3128 1990 3128 1990 3129 644 3129 645 3129 1990 3130 645 3130 647 3130 1902 3131 2031 3131 2080 3131 734 3132 736 3132 1982 3132 642 3133 1986 3133 639 3133 639 3134 1986 3134 1984 3134 639 3135 1984 3135 740 3135 740 3136 1984 3136 1982 3136 740 3137 1982 3137 738 3137 738 3138 1982 3138 736 3138 696 3139 699 3139 2035 3139 699 3140 702 3140 2035 3140 2035 3141 702 3141 705 3141 2035 3142 705 3142 708 3142 717 3143 1980 3143 714 3143 714 3144 1980 3144 711 3144 717 3145 719 3145 1980 3145 1980 3146 719 3146 721 3146 1980 3147 721 3147 724 3147 724 3148 727 3148 1980 3148 1980 3149 727 3149 730 3149 1980 3150 730 3150 1982 3150 1982 3151 730 3151 732 3151 1982 3152 732 3152 734 3152 687 3153 2034 3153 682 3153 682 3154 2034 3154 2033 3154 682 3155 2033 3155 684 3155 684 3156 2033 3156 2032 3156 687 3157 688 3157 2034 3157 2034 3158 688 3158 690 3158 2034 3159 690 3159 2035 3159 2035 3160 690 3160 693 3160 2035 3161 693 3161 696 3161 708 3162 711 3162 2035 3162 2035 3163 711 3163 1980 3163 2035 3164 1980 3164 2036 3164 2036 3165 1980 3165 1979 3165 2036 3166 1979 3166 2037 3166 2037 3167 1979 3167 1977 3167 2037 3168 1977 3168 2038 3168 2038 3169 1977 3169 1976 3169 2038 3170 1976 3170 2039 3170 2039 3171 1976 3171 1974 3171 2039 3172 1974 3172 2040 3172 2040 3173 1974 3173 1973 3173 2040 3174 1973 3174 2041 3174 2041 3175 1973 3175 1971 3175 2041 3176 1971 3176 2044 3176 2044 3177 1971 3177 1970 3177 2044 3178 1970 3178 2043 3178 2043 3179 1970 3179 1968 3179 2043 3180 1968 3180 2042 3180 2042 3181 1968 3181 1967 3181 2042 3182 1967 3182 2045 3182 2045 3183 1967 3183 1965 3183 2045 3184 1965 3184 2046 3184 2046 3185 1965 3185 1964 3185 2046 3186 1964 3186 2047 3186 2047 3187 1964 3187 1962 3187 2047 3188 1962 3188 2048 3188 2048 3189 1962 3189 1961 3189 2048 3190 1961 3190 2049 3190 2049 3191 1961 3191 1959 3191 2049 3192 1959 3192 2050 3192 2050 3193 1959 3193 1958 3193 2050 3194 1958 3194 2051 3194 2051 3195 1958 3195 1956 3195 2051 3196 1956 3196 2052 3196 2052 3197 1956 3197 1955 3197 2052 3198 1955 3198 2053 3198 2053 3199 1955 3199 1953 3199 2053 3200 1953 3200 2054 3200 2054 3201 1953 3201 1952 3201 2054 3202 1952 3202 2055 3202 2055 3203 1952 3203 1950 3203 2055 3204 1950 3204 2056 3204 2056 3205 1950 3205 1948 3205 2056 3206 1948 3206 2057 3206 2057 3207 1948 3207 1947 3207 2057 3208 1947 3208 2058 3208 2058 3209 1947 3209 1945 3209 2058 3210 1945 3210 2059 3210 2059 3211 1945 3211 1944 3211 2059 3212 1944 3212 2060 3212 2060 3213 1944 3213 1942 3213 2060 3214 1942 3214 2061 3214 2061 3215 1942 3215 1941 3215 2061 3216 1941 3216 2062 3216 2062 3217 1941 3217 1939 3217 2062 3218 1939 3218 2063 3218 2063 3219 1939 3219 1938 3219 2063 3220 1938 3220 2064 3220 2064 3221 1938 3221 1936 3221 2064 3222 1936 3222 2065 3222 2065 3223 1936 3223 1935 3223 2065 3224 1935 3224 2066 3224 2066 3225 1935 3225 1933 3225 2066 3226 1933 3226 2067 3226 2067 3227 1933 3227 1932 3227 2067 3228 1932 3228 2068 3228 2068 3229 1932 3229 1924 3229 2068 3230 1924 3230 2069 3230 2069 3231 1924 3231 1931 3231 2069 3232 1931 3232 2070 3232 2070 3233 1931 3233 1930 3233 2070 3234 1930 3234 2071 3234 2071 3235 1930 3235 1928 3235 2071 3236 1928 3236 2072 3236 2072 3237 1928 3237 1927 3237 2072 3238 1927 3238 2073 3238 2073 3239 1927 3239 1922 3239 2073 3240 1922 3240 2074 3240 2074 3241 1922 3241 1921 3241 2074 3242 1921 3242 2075 3242 2075 3242 1921 3242 1919 3242 2075 3243 1919 3243 2076 3243 2076 3244 1919 3244 1918 3244 2076 3245 1918 3245 2077 3245 2077 3246 1918 3246 1916 3246 2077 3247 1916 3247 2078 3247 2078 3248 1916 3248 1915 3248 2078 3249 1915 3249 2079 3249 2079 3250 1915 3250 1913 3250 2079 3251 1913 3251 2081 3251 2081 3252 1913 3252 1912 3252 2081 3253 1912 3253 2080 3253 2080 3254 1912 3254 1910 3254 2080 3255 1910 3255 1902 3255 1901 3256 2027 3256 1908 3256 1908 3257 2027 3257 2028 3257 1908 3258 2028 3258 1906 3258 1906 3259 2028 3259 2029 3259 1906 3260 2029 3260 1904 3260 1904 3261 2029 3261 2030 3261 1904 3262 2030 3262 1902 3262 1902 3263 2030 3263 2031 3263 2026 3264 2027 3264 1893 3264 1893 3264 2027 3264 1901 3264 619 3265 618 3265 1897 3265 1897 3265 618 3265 2024 3265 1897 3266 2024 3266 1895 3266 1895 3267 2024 3267 2025 3267 1895 3268 2025 3268 1893 3268 1893 3269 2025 3269 2026 3269</p>
        </triangles>
      </mesh>
    </geometry>
  </library_geometries>
  <library_visual_scenes>
    <visual_scene id="Scene" name="Scene">
      <node id="finger" name="finger" type="NODE">
        <matrix sid="transform">4.37114e-11 8.74228e-11 -0.001 0.00895 0 -0.001 -8.74228e-11 0.01763 -0.001 0 -4.37114e-11 0.0633 0 0 0 1</matrix>
        <instance_geometry url="#finger-mesh" name="finger"/>
      </node>
      <node id="Camera" name="Camera" type="NODE">
        <matrix sid="transform">0.6859207 -0.3240135 0.6515582 7.358891 0.7276763 0.3054208 -0.6141704 -6.925791 0 0.8953956 0.4452714 4.958309 0 0 0 1</matrix>
        <instance_camera url="#Camera-camera"/>
      </node>
      <node id="Light" name="Light" type="NODE">
        <matrix sid="transform">-0.2908646 -0.7711008 0.5663932 4.076245 0.9551712 -0.1998834 0.2183912 1.005454 -0.05518906 0.6045247 0.7946723 5.903862 0 0 0 1</matrix>
        <instance_light url="#Light-light"/>
      </node>
    </visual_scene>
  </library_visual_scenes>
  <scene>
    <instance_visual_scene url="#Scene"/>
  </scene>
</COLLADA>