<?xml version="1.0" encoding="utf-8"?>
<COLLADA xmlns="http://www.collada.org/2005/11/COLLADASchema" version="1.4.1" xmlns:xsi="http://www.w3.org/2001/XMLSchema-instance">
  <asset>
    <contributor>
      <author>Blender User</author>
      <authoring_tool>Blender 3.0.1</authoring_tool>
    </contributor>
    <created>2025-05-21T13:13:58</created>
    <modified>2025-05-21T13:13:58</modified>
    <unit name="meter" meter="1"/>
    <up_axis>Z_UP</up_axis>
  </asset>
  <library_cameras>
    <camera id="Camera-camera" name="Camera">
      <optics>
        <technique_common>
          <perspective>
            <xfov sid="xfov">39.59775</xfov>
            <aspect_ratio>1.777778</aspect_ratio>
            <znear sid="znear">0.1</znear>
            <zfar sid="zfar">100</zfar>
          </perspective>
        </technique_common>
      </optics>
      <extra>
        <technique profile="blender">
          <shiftx sid="shiftx" type="float">0</shiftx>
          <shifty sid="shifty" type="float">0</shifty>
          <dof_distance sid="dof_distance" type="float">10</dof_distance>
        </technique>
      </extra>
    </camera>
  </library_cameras>
  <library_lights>
    <light id="Light-light" name="Light">
      <technique_common>
        <point>
          <color sid="color">1000 1000 1000</color>
          <constant_attenuation>1</constant_attenuation>
          <linear_attenuation>0</linear_attenuation>
          <quadratic_attenuation>0.00111109</quadratic_attenuation>
        </point>
      </technique_common>
      <extra>
        <technique profile="blender">
          <type sid="type" type="int">0</type>
          <flag sid="flag" type="int">0</flag>
          <mode sid="mode" type="int">1</mode>
          <gamma sid="blender_gamma" type="float">1</gamma>
          <red sid="red" type="float">1</red>
          <green sid="green" type="float">1</green>
          <blue sid="blue" type="float">1</blue>
          <shadow_r sid="blender_shadow_r" type="float">0</shadow_r>
          <shadow_g sid="blender_shadow_g" type="float">0</shadow_g>
          <shadow_b sid="blender_shadow_b" type="float">0</shadow_b>
          <energy sid="blender_energy" type="float">1000</energy>
          <dist sid="blender_dist" type="float">29.99998</dist>
          <spotsize sid="spotsize" type="float">75</spotsize>
          <spotblend sid="spotblend" type="float">0.15</spotblend>
          <att1 sid="att1" type="float">0</att1>
          <att2 sid="att2" type="float">1</att2>
          <falloff_type sid="falloff_type" type="int">2</falloff_type>
          <clipsta sid="clipsta" type="float">0.04999995</clipsta>
          <clipend sid="clipend" type="float">30.002</clipend>
          <bias sid="bias" type="float">1</bias>
          <soft sid="soft" type="float">3</soft>
          <bufsize sid="bufsize" type="int">2880</bufsize>
          <samp sid="samp" type="int">3</samp>
          <buffers sid="buffers" type="int">1</buffers>
          <area_shape sid="area_shape" type="int">1</area_shape>
          <area_size sid="area_size" type="float">0.1</area_size>
          <area_sizey sid="area_sizey" type="float">0.1</area_sizey>
          <area_sizez sid="area_sizez" type="float">1</area_sizez>
        </technique>
      </extra>
    </light>
  </library_lights>
  <library_images/>
  <library_geometries>
    <geometry id="outer_knuckle-mesh" name="outer_knuckle">
      <mesh>
        <source id="outer_knuckle-mesh-positions">
          <float_array id="outer_knuckle-mesh-positions-array" count="14907">-0.006896078 -0.01069027 0.00259006 -0.008996069 -0.01069027 0.00259006 -0.006896078 -0.01070863 0.002512872 -0.008896112 -0.01072651 0.002435564 -0.006896078 -0.01072651 0.002435564 -0.008996069 -0.0108112 0.002017617 -0.008896112 -0.01081973 0.001974701 -0.008896112 -0.01089537 0.00151056 -0.008996069 -0.0109049 0.001440107 -0.006896078 -0.01089537 0.00151056 -0.006744921 -0.01090794 0.001416921 -0.006896078 -0.0108844 0.001587331 -0.006596088 -0.01093167 0.001220464 -0.008996069 -0.01094913 0.001052498 -0.004359841 -0.01093167 0.001220464 -0.003146111 -0.01096588 8.60308e-4 -0.003146111 -0.01088786 0.001530766 -0.008996069 -0.01097953 6.63617e-4 -0.006896078 -0.01098167 6.27161e-4 -0.003146111 -0.0109893 4.75186e-4 -0.006896078 -0.01099687 2.4339e-4 -0.003146111 -0.01099741 -1.0343e-4 -0.006896078 -0.01099288 -3.32626e-4 -0.003146111 -0.01097846 -6.81791e-4 -0.006896078 -0.01096206 -9.07831e-4 -0.003146111 -0.01092571 -0.001258015 -0.006896078 -0.01089787 -0.001480221 -0.003146111 -0.01084613 -0.001831173 -0.006896078 -0.01080709 -0.002049088 -0.003146111 -0.01073318 -0.002398729 -0.006896078 -0.01068335 -0.002611637 -0.003146111 -0.01059377 -0.002960383 -0.006896078 -0.01047509 -0.003350794 -0.003146111 -0.01042181 -0.003512918 -0.006896078 -0.01021575 -0.00407356 -0.003146111 -0.01014995 -0.00423485 -0.006896078 -0.009990036 -0.004603505 -0.003146111 -0.009914696 -0.004763543 -0.006896078 -0.009733855 -0.005119442 -0.003146111 -0.009648978 -0.005277574 -0.006896078 -0.009453892 -0.005622923 -0.003146111 -0.009359538 -0.00577867 -0.006896078 -0.009251832 -0.005949556 -0.003146111 -0.009151101 -0.006103396 -0.006896078 -0.008926331 -0.006424784 -0.003146111 -0.008816123 -0.006575226 -0.006896078 -0.008579075 -0.006884336 -0.003146111 -0.008459389 -0.007030844 -0.006896078 -0.008205652 -0.007322967 -0.003146111 -0.008076727 -0.007464885 -0.006896078 -0.007674694 -0.007877707 -0.003146111 -0.00753355 -0.008012712 -0.006896078 -0.007106304 -0.008394062 -0.003146111 -0.006953358 -0.008521139 -0.006896078 -0.006658136 -0.008755922 -0.003146111 -0.006496608 -0.008876442 -0.006896078 -0.006348371 -0.008983016 -0.003146111 -0.006181299 -0.009098827 -0.006896078 -0.005868494 -0.009301662 -0.003146111 -0.005693376 -0.009409904 -0.006896078 -0.005374312 -0.009597659 -0.003146111 -0.005191385 -0.009697794 -0.006896078 -0.005035996 -0.009779393 -0.003146111 -0.004848122 -0.009873926 -0.006396114 -0.004848122 -0.009873926 -0.006896078 -0.004293024 -0.01011592 -0.006396114 -0.003916978 -0.01026642 -0.006896078 -0.002704262 -0.01065379 -0.006396114 -0.002068281 -0.01079195 -0.006896078 -0.001480996 -0.01089525 -0.006396114 -7.81852e-4 -0.01097226 -0.006896078 -6.21586e-4 -0.01098251 -0.006396114 -3.97138e-4 -0.01099294 -0.008996069 -3.86596e-4 -0.0109933 -0.006396114 -1.19363e-5 -0.01100009 -0.008996069 3.45486e-6 -0.01100009 -3.96115e-4 1.71575e-4 -0.01099878 -0.008996069 3.93502e-4 -0.01099312 -3.96115e-4 5.64034e-4 -0.01098567 -0.008996069 7.83054e-4 -0.01097226 -3.96115e-4 9.55774e-4 -0.01095855 -0.008996069 0.001171588 -0.01093757 -3.96115e-4 0.00134629 -0.01091748 -0.008996069 0.001558661 -0.01088917 -3.96115e-4 0.001735091 -0.01086246 -0.008996069 0.001943826 -0.01082706 -3.96115e-4 0.002121686 -0.01079362 -0.008996069 0.002326488 -0.01075136 -3.96115e-4 0.00250554 -0.01071107 -0.008996069 0.002706289 -0.01066213 -3.96115e-4 0.002886295 -0.01061481 -0.008996069 0.003082633 -0.01055943 -3.96115e-4 0.003263294 -0.01050502 -0.008996069 0.003455102 -0.0104435 -3.96115e-4 0.003636181 -0.01038187 -0.008996069 0.00382328 -0.01031446 -3.96115e-4 0.004004418 -0.0102455 -0.008996069 0.00418657 -0.01017242 -3.96115e-4 0.00436753 -0.01009607 -0.008996069 0.004544675 -0.01001757 -3.96115e-4 0.004725098 -0.009933769 -0.008996069 0.004896998 -0.009850144 -3.96115e-4 0.005076646 -0.00975877 -0.008996069 0.005243182 -0.009670317 -3.96115e-4 0.005421698 -0.009571373 -0.008996069 0.005582809 -0.00947833 -3.96115e-4 0.005759894 -0.009371757 -0.008996069 0.005915403 -0.009274423 -3.96115e-4 0.0060907 -0.00916022 -0.008996069 0.006240487 -0.009058833 -3.96115e-4 0.006413757 -0.008937001 -0.008996069 0.006557822 -0.008831858 -3.96115e-4 0.006728649 -0.008702397 -0.008996069 0.006866872 -0.008593797 -3.96115e-4 0.007034957 -0.008456707 -0.008996069 0.007167279 -0.008344888 -3.96115e-4 0.007332324 -0.008200228 -0.008996069 0.007458627 -0.008085548 -3.96115e-4 0.007620334 -0.007933318 -0.008996069 0.007740676 -0.007816016 -3.96115e-4 0.007898628 -0.007656276 -0.008996069 0.00801295 -0.00753659 -3.96115e-4 0.008166849 -0.007369518 -0.008996069 0.008275151 -0.007247745 -3.96115e-4 0.008424699 -0.007073342 -0.008996069 0.008526921 -0.006949782 -3.96115e-4 0.00867182 -0.006768167 -0.008996069 0.008767962 -0.006643056 -3.96115e-4 0.008907854 -0.006454348 -0.008996069 0.008998036 -0.006327986 -3.96115e-4 0.009132504 -0.006132304 -0.008996069 0.009216725 -0.006004989 -3.96115e-4 0.009345591 -0.005802452 -0.008996069 0.009423851 -0.005674362 -3.96115e-4 0.009546697 -0.005465209 -0.008996069 0.009619176 -0.005336701 -3.96115e-4 0.009735703 -0.005120992 -0.008996069 0.009802341 -0.004992246 -3.96115e-4 0.009912252 -0.004770219 -0.008996069 0.009973168 -0.004641532 -3.96115e-4 0.01007622 -0.004413425 -0.008996069 0.01013147 -0.004284977 -3.96115e-4 0.01022732 -0.00405097 -0.008996069 0.01027703 -0.003923058 -3.96115e-4 0.01036536 -0.003683388 -0.008996069 0.01040971 -0.003556191 -3.96115e-4 0.01049023 -0.003311038 -0.008996069 0.01052922 -0.003184854 -3.96115e-4 0.01060175 -0.002934515 -0.008996069 0.01063555 -0.002809524 -3.96115e-4 0.01069968 -0.002554297 -0.008996069 0.01072847 -0.002430617 -3.96115e-4 0.01078402 -0.002170801 -0.008996069 0.01080793 -0.002048671 -3.96115e-4 0.01085466 -0.001784503 -0.008996069 0.01087373 -0.001664161 -3.96115e-4 0.01091146 -0.00139594 -0.008996069 0.01092594 -0.001277565 -3.96115e-4 0.01095432 -0.001005589 -0.008996069 0.01096433 -8.89381e-4 -3.96115e-4 0.01098322 -6.14028e-4 -0.008996069 0.01098901 -5.00049e-4 -3.96115e-4 0.01099812 -2.21633e-4 -0.008996069 0.01099979 -1.10089e-4 -3.96115e-4 0.01099902 1.71044e-4 -0.008996069 0.01099675 2.80009e-4 -3.96115e-4 0.01098591 5.63503e-4 -0.008996069 0.01097995 6.69755e-4 -3.96115e-4 0.01095879 9.55244e-4 -0.008996069 0.01094925 0.001058638 -3.96115e-4 0.01091772 0.001345753 -0.008996069 0.01090484 0.001446187 -3.96115e-4 0.0108627 0.001734554 -0.008996069 0.01084667 0.001831948 -3.96115e-4 0.01079386 0.00212115 -0.008996069 0.01077491 0.002215385 -3.96115e-4 0.01071125 0.002505064 -0.008996069 0.01068955 0.00259608 -3.96115e-4 0.01061505 0.002885758 -0.008996069 0.01059079 0.002973437 -3.96115e-4 0.01050525 0.003262758 -0.008996069 0.01047867 0.003347098 -3.96115e-4 0.01038211 0.003635644 -0.008996069 0.01035338 0.003716588 -3.96115e-4 0.01024574 0.004003882 -0.008996069 0.0102151 0.004081308 -3.96115e-4 0.01009631 0.004366993 -0.008996069 0.01006394 0.004440963 -3.96115e-4 0.009933948 0.004724562 -0.008996069 0.009900152 0.004795014 -3.96115e-4 0.009759008 0.00507611 -0.008996069 0.009723901 0.005143046 -3.96115e-4 0.009571611 0.005421161 -0.008996069 0.009535431 0.00548458 -3.96115e-4 0.009371995 0.005759358 -0.008996069 0.009334921 0.005819261 -3.96115e-4 0.009160459 0.006090164 -0.008996069 0.009122729 0.006146609 -3.96115e-4 0.008937239 0.006413221 -0.008996069 0.008899033 0.006466209 -3.96115e-4 0.008702635 0.006728112 -0.008996069 0.008664131 0.006777644 -3.96115e-4 0.008456945 0.00703442 -0.008996069 0.008418321 0.007080614 -3.96115e-4 0.008200466 0.007331788 -0.008996069 0.008161962 0.007374644 -3.96115e-4 0.007933557 0.007619798 -0.008996069 0.00789535 0.007659435 -3.96115e-4 0.007656514 0.007898092 -0.008996069 0.007618784 0.00793457 -3.96115e-4 0.007369756 0.008166313 -0.008996069 0.007332623 0.008199691 -3.96115e-4 0.007073581 0.008424162 -0.008996069 0.007037222 0.008454561 -3.96115e-4 0.006768345 0.008671283 -0.008996069 0.006733 0.008698761 -3.96115e-4 0.006454586 0.008907318 -0.008996069 0.006420314 0.008931994 -3.96115e-4 0.006132543 0.009131968 -0.008996069 0.006099581 0.009154021 -3.96115e-4 0.00580269 0.009345054 -0.008996069 0.00577116 0.009364545 -3.96115e-4 0.005465388 0.00954616 -0.008996069 0.005435466 0.009563267 -3.96115e-4 0.005121171 0.009735167 -0.008996069 0.005092918 0.009750008 -3.96115e-4 0.004770457 0.009911715 -0.008996069 0.004743993 0.009924411 -0.003731489 0.004439651 0.01006424 -0.008996069 0.004389107 0.01008641 -0.004144549 0.004179239 0.01017439 -0.008996069 0.004028677 0.01023566 -0.004205405 0.003829419 0.01031106 -0.007482349 0.003751158 0.01034051 -0.008896112 -0.01098167 6.27161e-4 -0.008996069 -0.01098173 -3.59544e-4 -0.008896112 -0.01099246 -2.36609e-4 -0.008896112 -0.01083761 -0.001762211 -0.008996069 -0.01066046 -0.002595961 -0.008896112 -0.01029366 -0.003846585 -0.008996069 -0.0100491 -0.004468858 -0.008896112 -0.009906589 -0.004776537 -0.008996069 -0.009581983 -0.00537908 -0.008896112 -0.009268581 -0.005903363 -0.008996069 -0.008637428 -0.006796956 -0.008896112 -0.008195638 -0.007314026 -0.008996069 -0.007412195 -0.008117079 -0.008896112 -0.006511569 -0.00884056 -0.008996069 -0.005980372 -0.009207904 -0.008896112 -0.005158245 -0.009702324 -0.008996069 -0.003853738 -0.01027613 -0.008896112 -0.003210186 -0.0105046 -0.008996069 -0.001694738 -0.01085656 -0.008896112 -0.001575469 -0.0108782 -0.008896112 -6.21586e-4 -0.01098251 -0.008996069 0.003478109 0.01043373 -0.008332848 0.003327846 0.01048016 -0.008996069 0.002729892 0.01065403 -0.008396089 0.001811325 0.01083326 -0.008996069 0.001436769 0.01089441 -0.008996069 4.18234e-4 0.01099014 -0.008396089 4.12374e-4 0.01099038 -0.008996069 -4.59038e-4 0.01098549 -0.008396089 -6.56301e-4 0.01097548 -0.008996069 -0.001527011 0.01089149 -0.008396089 -0.001814544 0.01084429 -0.008996069 -0.002579689 0.01068806 -0.008396089 -0.002952396 0.0105912 -0.008996069 -0.003424406 0.01045125 -0.008287429 -0.003820478 0.01031315 -0.008996069 -0.003975927 0.01025599 -0.008996069 -0.004337131 0.01010853 -0.007708668 -0.004100501 0.01020681 -0.006625294 -0.004063487 0.01022017 -0.006731748 -0.003851115 0.01030784 -0.00699836 -0.003636121 0.01038128 -0.00439608 -0.003797113 0.01032793 -0.004195511 -0.003458976 0.01044124 -0.008996069 -0.004867732 0.009862005 -0.00675714 -0.004635751 0.009971678 -0.008996069 -0.005554437 0.009492218 -0.006896078 -0.005510568 0.009516179 -0.008996069 -0.006052315 0.009184837 -0.006896078 -0.006114482 0.009143531 -0.008996069 -0.00637418 0.008964419 -0.006896078 -0.00637418 0.008964419 -0.004293382 -0.004235625 0.01014536 -0.004158735 -0.00549066 0.009506821 -0.00439608 -0.005768954 0.009352982 -0.00439608 -0.006569743 0.008822143 -3.96115e-4 -0.006410241 0.008938729 0.003603875 -0.006569743 0.008822143 0.003228425 -0.006235539 0.009059607 0.003603875 -0.005809366 0.009331464 0.003397524 -0.005160927 0.009697437 0.003603875 -0.004603207 0.009985506 0.003440737 -0.003529012 0.01041579 0.006154 -0.003460884 0.01043784 0.003403842 -0.003007352 0.01058059 0.00620383 -0.00285989 0.01062142 0.003403842 -0.002646446 0.01067662 0.00620383 -0.002482652 0.0107159 0.003403842 -0.002099215 0.01079595 0.00620383 -0.001910805 0.01083076 0.003403842 -0.001547157 0.01089042 0.00620383 -0.00133419 0.01091855 0.003403842 -0.001176536 0.01093667 0.00620383 -7.53469e-4 0.01097226 0.003403842 -6.18223e-4 0.01098084 0.00620383 -1.70815e-4 0.01099848 0.003403842 -5.84318e-5 0.01099967 0.00620383 2.18068e-4 0.01099765 0.003403842 5.01528e-4 0.0109868 0.00620383 8.00606e-4 0.01096898 0.003403842 0.001060307 0.01094865 0.00620383 0.001381099 0.01091283 0.003403842 0.001431345 0.01090633 0.00620383 0.001766026 0.01085716 0.003403842 0.001800775 0.0108515 0.00620383 0.002338647 0.01074665 0.003403842 0.002168059 0.01078408 0.003405094 0.002660572 0.01067197 0.006213665 0.003135204 0.01054066 0.003408968 0.003308653 0.01048916 0.005895614 -0.004383623 0.01008528 0.007154822 -0.004051029 0.0102263 0.008203864 -0.004424691 0.01006531 0.007586717 -0.003684997 0.01036357 0.008203864 -0.003424406 0.01045125 0.007603883 -0.002952396 0.0105912 0.008203864 -0.002389729 0.01073217 0.007603883 -0.001525819 0.01088476 0.008203864 -0.001236438 0.01092529 0.007603883 -2.67929e-4 0.01099181 0.008203864 -6.92093e-5 0.01099485 0.007603883 6.06679e-4 0.0109831 0.008203864 8.07677e-4 0.01096844 0.007603883 0.001187801 0.01093381 0.008203864 0.00138998 0.0109117 0.007603883 0.002242982 0.01076394 0.008203864 0.002254426 0.01076155 0.007588684 0.003144443 0.0105375 0.008203864 0.00338459 0.01046127 0.006997406 0.003750085 0.01034086 0.008203864 0.004028677 0.01023566 0.0034132 0.003829419 0.01031106 0.006070852 -0.004946172 0.009824216 0.008203864 -0.005042672 0.009775698 0.006103873 -0.005510568 0.009516179 0.008203864 -0.005803406 0.009338498 0.006103873 -0.006114482 0.009143531 0.008203864 -0.00637418 0.008964419 0.006103873 -0.00637418 0.008964419 0.008203864 0.004389107 0.01008641 0.003366053 0.00416702 0.01017957 0.008203864 0.004743993 0.009924411 0.001269638 0.004407227 0.01007843 0.008203864 0.005092918 0.009750008 0.008203864 0.005435466 0.009563267 0.008203864 0.00577116 0.009364545 0.008203864 0.006099581 0.009154021 0.008203864 0.006420314 0.008931994 0.008203864 0.006733 0.008698761 0.008203864 0.007037222 0.008454561 0.008203864 0.007332623 0.008199691 0.008203864 0.007618784 0.00793457 0.008203864 0.00789535 0.007659435 0.008203864 0.008161962 0.007374644 0.008203864 0.008418321 0.007080614 0.008203864 0.008664131 0.006777644 0.008203864 0.008899033 0.006466209 0.008203864 0.009122729 0.006146609 0.008203864 0.009334921 0.005819261 0.008203864 0.009535431 0.00548458 0.008203864 0.009723901 0.005143046 0.008203864 0.009900152 0.004795014 0.008203864 0.01006394 0.004440963 0.008203864 0.0102151 0.004081308 0.008203864 0.01035338 0.003716588 0.008203864 0.01047867 0.003347098 0.008203864 0.01059079 0.002973437 0.008203864 0.01068955 0.00259608 0.008203864 0.01077491 0.002215385 0.008203864 0.01084667 0.001831948 0.008203864 0.01090484 0.001446187 0.008203864 0.01094925 0.001058638 0.008203864 0.01097995 6.69755e-4 0.008203864 0.01099675 2.80009e-4 0.008203864 0.01099979 -1.10089e-4 0.008203864 0.01098901 -5.00049e-4 0.008203864 0.01096433 -8.89381e-4 0.008203864 0.01092594 -0.001277565 0.008203864 0.01087373 -0.001664161 0.008203864 0.01080793 -0.002048671 0.008203864 0.01072847 -0.002430617 0.008203864 0.01063555 -0.002809524 0.008203864 0.01052922 -0.003184854 0.008203864 0.01040971 -0.003556191 0.008203864 0.01027703 -0.003923058 0.008203864 0.01013147 -0.004284977 0.008203864 0.009973168 -0.004641532 0.008203864 0.009802341 -0.004992246 0.008203864 0.009619176 -0.005336701 0.008203864 0.009423851 -0.005674362 0.008203864 0.009216725 -0.006004989 0.008203864 0.008998036 -0.006327986 0.008203864 0.008767962 -0.006643056 0.008203864 0.008526921 -0.006949782 0.008203864 0.008275151 -0.007247745 0.008203864 0.00801295 -0.00753659 0.008203864 0.007740676 -0.007816016 0.008203864 0.007458627 -0.008085548 0.008203864 0.007167279 -0.008344888 0.008203864 0.006866872 -0.008593797 0.008203864 0.006557822 -0.008831858 0.008203864 0.006240487 -0.009058833 0.008203864 0.005915403 -0.009274423 0.008203864 0.005582809 -0.00947833 0.008203864 0.005243182 -0.009670317 0.008203864 0.004896998 -0.009850144 0.008203864 0.004544675 -0.01001757 0.008203864 0.00418657 -0.01017242 0.008203864 0.00382328 -0.01031446 0.008203864 0.003455102 -0.0104435 0.008203864 0.003082633 -0.01055943 0.008203864 0.002706289 -0.01066213 0.008203864 0.002326488 -0.01075136 0.008203864 0.001943826 -0.01082706 0.008203864 0.001558661 -0.01088917 0.008203864 0.001171588 -0.01093757 0.008203864 7.83054e-4 -0.01097226 0.008203864 3.93502e-4 -0.01099312 0.008203864 3.45486e-6 -0.01100009 5.28885e-4 -1.19363e-5 -0.01100009 0.005603849 -1.19363e-5 -0.01100009 0.008203864 -3.86596e-4 -0.0109933 0.005603849 -3.97138e-4 -0.01099294 0.008103847 -6.21586e-4 -0.01098251 0.006103873 -6.21586e-4 -0.01098251 0.008203864 -0.001211881 -0.01092189 0.008103847 -0.0012905 -0.01091945 0.008103847 -0.00274986 -0.01063877 0.008203864 -0.003212749 -0.01050782 0.008103847 -0.004572033 -0.0099774 0.008203864 -0.005292654 -0.009621977 0.008103847 -0.006030917 -0.009199202 0.008203864 -0.00647068 -0.008889436 0.008103847 -0.006992161 -0.00848186 0.008203864 -0.007412195 -0.008117079 0.008103847 -0.00810486 -0.007425785 0.008203864 -0.008637428 -0.006796956 0.008103847 -0.008696615 -0.006732463 0.008103847 -0.009587585 -0.00533992 0.008203864 -0.009815514 -0.004923999 0.008103847 -0.01029366 -0.003846585 0.008203864 -0.01050186 -0.003234028 0.008103847 -0.01083761 -0.001762211 0.008203864 -0.01081913 -0.001957952 0.008203864 -0.01098173 -3.59544e-4 0.008103847 -0.01099246 -2.36609e-4 0.008103847 -0.01098167 6.27161e-4 0.008203864 -0.01097953 6.63617e-4 0.006103873 -0.01098167 6.27161e-4 0.002353847 -0.01096588 8.60308e-4 0.002353847 -0.0109893 4.75186e-4 0.008203864 -0.01094913 0.001052498 0.003567636 -0.01093167 0.001220464 0.002353847 -0.01088786 0.001530766 0.003731071 -0.01081657 0.00196582 0.005803883 -0.01093167 0.001220464 0.008203864 -0.0109049 0.001440107 0.005952715 -0.01090794 0.001416921 0.006103873 -0.01089537 0.00151056 0.006103873 -0.0108844 0.001587331 0.008103847 -0.01089537 0.00151056 0.008203864 -0.0108112 0.002017617 0.008103847 -0.01081973 0.001974701 0.008103847 -0.01072651 0.002435564 0.008203864 -0.01069027 0.00259006 0.006103873 -0.01070863 0.002512872 0.006103873 -0.01069027 0.00259006 0.006103873 -0.01072651 0.002435564 0.002353847 -0.01073777 0.002385437 0.003800868 -0.01068127 0.00262618 0.002353847 -0.01064753 0.002760589 0.003803849 -0.01063138 0.002822041 0.002300918 -0.01061129 0.002896428 0.003803849 -0.01055741 0.003087222 0.002199411 -0.01059114 0.002969503 0.002153873 -0.0105893 0.002976 0.001553833 -0.0105893 0.002976 -9.61148e-5 -0.0105893 0.002976 0.001516103 -0.01059079 0.002970814 -5.10265e-5 -0.01059162 0.002967894 0.001394808 -0.01061749 0.002873182 7.10496e-5 -0.01061969 0.002865254 -3.96115e-4 -0.01048946 0.003310739 0.003803849 -0.01047688 0.003350436 -3.96115e-4 -0.01037716 0.003647327 0.003103852 -0.01038974 0.003611564 0.003103852 -0.01026594 0.003949761 -3.96115e-4 -0.01022654 0.004050672 0.003103852 -0.01013112 0.004283726 -0.003896057 -0.01013112 0.004283726 -3.96115e-4 -0.01007544 0.004413127 -0.003896057 -0.009985446 0.004613101 0.003103852 -0.009985446 0.004613101 -3.96115e-4 -0.009911537 0.004769921 0.003103852 -0.009829103 0.004937529 -0.003896057 -0.009829103 0.004937529 -3.96115e-4 -0.009734928 0.005120694 -0.003896057 -0.00966221 0.005256652 0.003103852 -0.00966221 0.005256652 -3.96115e-4 -0.009545981 0.005464851 0.003103852 -0.009484946 0.005570173 -0.003896057 -0.009484946 0.005570173 0.003803849 -0.01038974 0.003611564 -0.003896057 -0.01026594 0.003949761 -0.003896057 -0.01038974 0.003611564 -0.004596114 -0.01038974 0.003611564 -0.004596114 -0.01047688 0.003350436 -0.004596114 -0.01055741 0.003087222 -6.96115e-4 -0.0105893 0.002976 -0.002346098 -0.0105893 0.002976 -7.38833e-4 -0.01059126 0.002969145 -0.002300977 -0.01059162 0.002967894 -8.5515e-4 -0.01061749 0.002873182 -0.002178907 -0.01061969 0.002865254 -0.004596114 -0.01063138 0.002822041 -0.003083825 -0.01061415 0.002885401 -0.004593074 -0.01068127 0.00262618 -0.003146111 -0.01064753 0.002760589 -0.003146111 -0.01073777 0.002385437 -0.004523336 -0.01081657 0.00196582 -3.96115e-4 -0.001901626 0.01083415 0.001993656 -0.001979053 0.01090675 0.002281606 -0.001641392 0.01087552 -3.96115e-4 -0.001734316 0.01086217 -0.003177642 -0.001534938 0.01089197 -0.002844929 -0.001828432 0.01084649 -3.96115e-4 -0.001345515 0.01091718 0.00255388 -0.001133799 0.01094055 -0.003315031 -0.001240909 0.01092898 -3.96115e-4 -9.55014e-4 0.01095825 0.002600193 -8.69021e-4 0.01096534 0.002603828 -7.61361e-4 0.01097339 -0.003396093 -7.61361e-4 0.01097339 -0.003386497 -9.26213e-4 0.01096051 -3.96115e-4 -5.63274e-4 0.01098537 0.002603828 -3.85975e-4 0.01099306 -0.003396093 -3.85975e-4 0.01099306 -3.96115e-4 -1.70815e-4 0.01099848 -0.003396093 -1.01371e-5 0.01099979 0.002603828 -1.01371e-5 0.01099979 -3.96115e-4 2.21862e-4 0.01099759 0.002603828 3.65713e-4 0.01099377 -0.003396093 3.65713e-4 0.01099377 -3.96115e-4 6.14257e-4 0.01098269 -0.003396093 7.41136e-4 0.01097488 0.002603828 7.41136e-4 0.01097488 -3.96115e-4 0.001005828 0.01095378 0.002603828 0.001115679 0.01094311 -0.003396093 0.001115679 0.01094311 -3.96115e-4 0.001396179 0.01091092 -0.003396093 0.001488924 0.01089864 0.002603828 0.001488924 0.01089864 -3.96115e-4 0.001784741 0.01085412 0.002603828 0.001860439 0.01084142 -3.96115e-4 0.002362787 0.01074135 0.002603828 0.002413153 0.01073032 -3.96115e-4 0.002934753 0.01060122 0.002603828 0.002960264 0.01059412 -3.96115e-4 0.003311276 0.0104897 0.002603828 0.003498673 0.01042699 -3.96115e-4 0.003683567 0.01036483 0.002625465 0.004120767 0.01019835 -0.001926124 0.004141986 0.01018971 -0.006996095 -0.003046691 0.01056754 -0.004196107 -0.003007352 0.01058059 -0.004196107 -0.002646505 0.01067662 -0.006996095 -0.002292454 0.01075643 -0.004196107 -0.002099275 0.01079595 -0.006996095 -0.001526772 0.01089155 -0.004196107 -0.001547157 0.01089042 -0.004196107 -9.90674e-4 0.01095348 -0.006996095 -7.53469e-4 0.01097226 -0.004196107 -4.31858e-4 0.01099133 -0.006996095 -1.70815e-4 0.01099848 -0.004196107 1.28203e-4 0.01099747 -0.006996095 4.12374e-4 0.01099038 -0.004196107 8.74102e-4 0.01096349 -0.006996095 0.001187801 0.01093381 -0.004196107 0.001431226 0.01090633 -0.006996095 0.001766026 0.01085716 -0.004196107 0.001984298 0.01081782 -0.006996095 0.002338647 0.01074665 -0.004197299 0.002660512 0.01067197 -0.006996095 0.00309211 0.01055461 -0.004201233 0.003308653 0.01048922 -0.007062673 0.003489255 0.01043111 -0.003396093 0.003586709 0.01039409 -0.003396093 0.002960264 0.01059412 -0.003396093 0.002596497 0.01068907 -0.003396093 0.002045094 0.0108065 0.005603849 -0.001069307 -0.01094335 0.006103873 -0.001480996 -0.01089525 0.005603849 -0.002399504 -0.01073038 0.006103873 -0.002332091 -0.01074826 0.006103873 -0.0034855 -0.01042091 0.005603849 -0.003916978 -0.01026642 0.006103873 -0.004691541 -0.009949266 0.005603849 -0.004848122 -0.009873926 0.006103873 -0.005205154 -0.009688496 0.002353847 -0.004848122 -0.009873926 0.002353847 -0.005359828 -0.009603798 0.006103873 -0.005706131 -0.009404122 0.002353847 -0.00601983 -0.009204447 0.006103873 -0.006189644 -0.009091138 0.002353847 -0.006496608 -0.008876442 0.006103873 -0.006658136 -0.008755922 0.002353847 -0.006953358 -0.008521139 0.006103873 -0.007106304 -0.008394062 0.002353847 -0.00753355 -0.008012712 0.006103873 -0.007674694 -0.007877707 0.002353847 -0.008076727 -0.007464885 0.006103873 -0.008205652 -0.007322967 0.002353847 -0.008459389 -0.007030844 0.006103873 -0.008579075 -0.006884336 0.002353847 -0.008816123 -0.006575226 0.006103873 -0.008926331 -0.006424784 0.002353847 -0.009151101 -0.006103396 0.006103873 -0.009251832 -0.005949556 0.002353847 -0.009458005 -0.00561279 0.006103873 -0.0095492 -0.005456149 0.002353847 -0.009741544 -0.005108356 0.006103873 -0.009823203 -0.00494951 0.002353847 -0.009995222 -0.004588186 0.006103873 -0.01006734 -0.004427731 0.002353847 -0.01022422 -0.004056811 0.006103873 -0.01028686 -0.003895223 0.002353847 -0.01042181 -0.003512918 0.006103873 -0.01047509 -0.003350794 0.002353847 -0.01059377 -0.002960383 0.006103873 -0.01068335 -0.002611637 0.002353847 -0.01073318 -0.002398729 0.006103873 -0.01080709 -0.002049088 0.002353847 -0.01084613 -0.001831173 0.006103873 -0.01089787 -0.001480221 0.002353847 -0.01092571 -0.001258015 0.006103873 -0.01096206 -9.07831e-4 0.002353847 -0.01097846 -6.81791e-4 0.006103873 -0.01099288 -3.32626e-4 0.002353847 -0.01099741 -1.0343e-4 0.006103873 -0.01099687 2.4339e-4 0.00137192 -1.77127e-4 -0.01099848 0.003103852 -2.40871e-4 -0.01099747 -3.96115e-4 -6.13498e-4 -0.01098299 0.003103852 -8.17099e-4 -0.01096802 -3.96115e-4 -0.001008868 -0.01095372 0.003103852 -0.001391291 -0.0109117 -3.96115e-4 -0.001589715 -0.01088279 0.003103852 -0.00196129 -0.01082205 -3.96115e-4 -0.002170264 -0.01078385 0.003103852 -0.002526462 -0.01070594 -3.96115e-4 -0.002553761 -0.01069951 0.003100037 -0.003102004 -0.01055139 -3.96115e-4 -0.003121137 -0.01054608 0.002970039 -0.003461956 -0.010441 -3.96115e-4 -0.003482222 -0.01043426 -0.003790736 -0.003879487 -0.01081955 -0.003864943 -0.003349184 -0.01047748 -0.003896057 -0.002899289 -0.01061105 -0.003896057 -0.002338469 -0.01074689 -0.003896057 -0.001581668 -0.01088404 -0.003896057 -0.001008868 -0.01095372 -0.003896057 -6.25278e-4 -0.01098233 -0.003940224 -1.59871e-4 -0.01099854 -0.002946078 -0.0105893 0.002976 -0.002146065 -0.01069265 0.002573013 -8.96115e-4 -0.01069265 0.002573013 -0.002146065 -0.01084673 0.001817166 -8.96115e-4 -0.01084673 0.001817166 -0.002146065 -0.01092898 0.001244366 -8.96115e-4 -0.01092898 0.001244366 -0.002146065 -0.01097762 6.67747e-4 -8.96115e-4 -0.01098841 3.78613e-4 -0.002146065 -0.01099312 -1.99793e-4 -8.96115e-4 -0.01098704 -4.89065e-4 -0.002146065 -0.01094782 -0.001066386 -8.96115e-4 -0.01092571 -0.001258015 -0.002146065 -0.01087486 -0.001640439 -8.96115e-4 -0.01084613 -0.001831173 -0.002146065 -0.01073318 -0.002398729 -8.96115e-4 -0.01066344 -0.002679526 -0.002146065 -0.01050782 -0.003236651 -8.96115e-4 -0.01042181 -0.003512918 -0.002146065 -0.01022422 -0.004056811 -8.96115e-4 -0.01022422 -0.004056811 -0.002146065 -0.01007568 -0.004412889 -8.96115e-4 -0.01007568 -0.004412889 -0.002146065 -0.00982815 -0.00493592 -8.96115e-4 -0.00982815 -0.00493592 -0.002146065 -0.009405851 -0.005693912 -8.96115e-4 -0.009458005 -0.00561279 -8.96115e-4 -0.009041249 -0.006261944 -0.002146065 -0.008755743 -0.006650447 -8.96115e-4 -0.008517146 -0.006953477 -0.002146065 -0.008008778 -0.007533431 -8.96115e-4 -0.007809937 -0.007743597 -0.002146065 -0.007393002 -0.008144915 -8.96115e-4 -0.00717318 -0.008333027 -0.002146065 -0.006953358 -0.008521139 -0.002146065 -0.006338953 -0.008987605 -8.96115e-4 -0.006338953 -0.008987605 -0.002146065 -0.005858421 -0.009310007 -8.96115e-4 -0.005858421 -0.009310007 -0.002146065 -0.005359828 -0.009603798 -8.96115e-4 -0.005359828 -0.009603798 -0.002146065 -0.004848122 -0.009873926 -8.96115e-4 -0.004848122 -0.009873926 1.03885e-4 -0.01069265 0.002573013 0.001353859 -0.01069265 0.002573013 1.03885e-4 -0.01084673 0.001817166 0.001353859 -0.01084673 0.001817166 1.03885e-4 -0.01092898 0.001244366 0.001353859 -0.01092898 0.001244366 1.03885e-4 -0.01097762 6.67747e-4 0.001353859 -0.01098841 3.78613e-4 1.03885e-4 -0.01099312 -1.99793e-4 0.001353859 -0.01098704 -4.89065e-4 1.03885e-4 -0.01094782 -0.001066386 0.001353859 -0.01092571 -0.001258015 1.03885e-4 -0.01087486 -0.001640439 0.001353859 -0.01084613 -0.001831173 1.03885e-4 -0.01073318 -0.002398729 0.001353859 -0.01066344 -0.002679526 1.03885e-4 -0.01050782 -0.003236651 0.001353859 -0.01042181 -0.003512918 1.03885e-4 -0.01022422 -0.004056811 0.001353859 -0.01022422 -0.004056811 1.03885e-4 -0.01007568 -0.004412889 0.001353859 -0.01007568 -0.004412889 1.03885e-4 -0.00982815 -0.00493592 0.001353859 -0.00982815 -0.00493592 1.03885e-4 -0.009405851 -0.005693912 0.001353859 -0.009458005 -0.00561279 0.001353859 -0.009041249 -0.006261944 1.03885e-4 -0.008755743 -0.006650447 0.001353859 -0.008517146 -0.006953477 1.03885e-4 -0.008008778 -0.007533431 0.001353859 -0.007809937 -0.007743597 1.03885e-4 -0.007393002 -0.008144915 0.001353859 -0.00717318 -0.008333027 1.03885e-4 -0.006953358 -0.008521139 1.03885e-4 -0.006338953 -0.008987605 0.001353859 -0.006338953 -0.008987605 1.03885e-4 -0.005858421 -0.009310007 0.001353859 -0.005858421 -0.009310007 1.03885e-4 -0.005359828 -0.009603798 0.001353859 -0.005359828 -0.009603798 1.03885e-4 -0.004848122 -0.009873926 0.001353859 -0.004848122 -0.009873926 -0.008996069 -0.003221929 0.005908846 -0.008996069 -0.006582736 0.002441763 -0.008996069 -0.007566928 0.002690255 -0.008996069 -0.006797671 0.002540409 -0.008996069 -0.007214486 0.002656221 -0.008996069 -0.008253931 0.00268805 -0.008996069 -0.008818805 0.00265187 -0.008996069 -0.008579015 0.00270152 -0.008896112 -0.01198422 0.00239402 -0.008896112 -0.01277178 -1.72512e-4 -0.008896112 -0.01275855 9.63814e-4 -0.008896112 -0.01237112 -6.19156e-4 -0.008896112 -0.01279354 -3.93899e-4 -0.009546101 -0.01279807 -8.02869e-5 -0.008896112 -0.01275718 -0.001019954 -0.008896112 -0.01266336 -0.001850724 -0.008896112 -0.01251554 -0.002673625 -0.008896112 -0.01231426 -0.003485083 -0.008896112 -0.01206046 -0.004281699 -0.008896112 -0.01162493 -0.005345284 -0.008896112 -0.01120364 -0.006186008 -0.008896112 -0.01077586 -0.006904363 -0.008896112 -0.01011061 -0.007841527 -0.008896112 -0.009294807 -0.008793234 -0.008896112 -0.00838977 -0.009660601 -0.008896112 -0.007404267 -0.01043522 -0.008896112 -0.006619453 -0.01095336 -0.008896112 -0.00589019 -0.01136219 -0.008896112 -0.005135774 -0.01172256 -0.008896112 -0.004359424 -0.01203292 -0.008896112 -0.003463208 -0.01231771 -0.008896112 -0.002833604 -0.01262003 -0.009871065 -0.003641307 -0.01341843 -0.008896112 -0.01265627 0.001898586 -0.008896112 -0.01254969 0.002516627 -0.008896112 -0.01211786 0.002542912 -0.008896112 -0.01246082 0.002925217 -0.006896078 -0.00255531 -0.01254236 -0.00439608 -0.004405379 -0.0140348 -0.006396114 -0.00255531 -0.01254236 -0.00409609 -0.004125654 -0.01380914 -0.004086494 -0.004333794 -0.01391774 -0.006396114 -0.002007603 -0.01210057 -0.00409609 -0.002007603 -0.01210057 -0.006896078 -0.01277178 -1.72512e-4 -0.006896078 -0.01279658 -2.77171e-4 -0.006896078 -0.01237112 -6.19156e-4 -0.006896078 -0.01278054 -6.97729e-4 -0.006896078 -0.01275074 -0.001117527 -0.006896078 -0.01267844 -0.001744568 -0.006896078 -0.0125364 -0.002573966 -0.006896078 -0.01239591 -0.003189384 -0.006896078 -0.01222193 -0.00379616 -0.006896078 -0.01202154 -0.00439471 -0.006896078 -0.01187056 -0.004787564 -0.006896078 -0.01161855 -0.005366265 -0.006896078 -0.01124078 -0.006118237 -0.006896078 -0.01092696 -0.006665885 -0.006896078 -0.01279878 1.43687e-4 -0.006896078 -0.0127744 7.74434e-4 -0.006896078 -0.01272237 0.00140345 -0.006896078 -0.01266938 0.001820981 -0.006896078 -0.01260262 0.002236545 -0.006896078 -0.01198422 0.00239402 -0.006896078 -0.0125004 0.0027709 -0.006896078 -0.01211786 0.002542912 -0.006896078 -0.01247543 0.002941489 -0.006896078 -0.01159292 0.002406954 -0.006896078 -0.01070189 -0.007021546 -0.006896078 -0.01034134 -0.007539629 -0.006896078 -0.009958386 -0.008041441 -0.006896078 -0.009548544 -0.008521497 -0.006896078 -0.008967876 -0.009130597 -0.006896078 -0.008507966 -0.009562909 -0.006896078 -0.008025109 -0.009969413 -0.006896078 -0.006866514 -0.01078903 -0.006896078 -0.00563234 -0.01148885 -0.006896078 -0.004473447 -0.01198774 -0.006896078 -0.0037781 -0.01222974 -0.006896078 -0.003170132 -0.01239943 -0.00314331 -0.01283049 0.00471723 -0.003146111 -0.01268005 0.004401206 -0.003146111 -0.0125606 0.004045307 -0.003146111 -0.01248645 0.003677308 -0.003146111 -0.01246142 0.003255963 -0.003146111 -0.01250576 0.002742111 -0.003146111 -0.01260298 0.002234518 -0.003146111 -0.01266998 0.001816987 -0.003146111 -0.01274269 0.001186907 -0.003146111 -0.01278758 5.54285e-4 -0.003146111 -0.01279759 -7.98867e-5 -0.003146111 -0.01277965 -7.13885e-4 -0.003146111 -0.0127269 -0.001345932 -0.003146111 -0.01264631 -0.001974999 -0.003146111 -0.01253128 -0.002598762 -0.003146111 -0.01238882 -0.003216803 -0.003146111 -0.01221257 -0.003826081 -0.003146111 -0.01200968 -0.004427015 -0.003146111 -0.01177406 -0.00501585 -0.003146111 -0.01151269 -0.005593717 -0.003146111 -0.01121991 -0.006156384 -0.003146111 -0.01090264 -0.006705582 -0.003146111 -0.01055562 -0.00723648 -0.003146111 -0.01018559 -0.007751584 -0.003146111 -0.009787738 -0.008245527 -0.003146111 -0.009221971 -0.008873879 -0.003146111 -0.008772194 -0.009321093 -0.003146111 -0.008459508 -0.009605824 -0.003146111 -0.008218228 -0.009795129 -0.003146111 -0.007870137 -0.01000928 -0.003146111 -0.007496178 -0.01017409 -0.003146111 -0.007103264 -0.01028656 -0.003146111 -0.006698727 -0.0103445 -0.003146111 -0.006290018 -0.01034694 -0.003146111 -0.005985081 -0.01031392 -0.003146111 -0.005685865 -0.01024657 -0.003146111 -0.005393981 -0.01015228 -0.003146111 -0.005114734 -0.01002556 -0.006396114 -0.005114734 -0.01002556 -0.006396114 -0.005490601 -0.01018595 -0.006396114 -0.005784571 -0.01027351 -0.006396114 -0.006086528 -0.01032721 -0.006396114 -0.006494402 -0.01035267 -0.006396114 -0.006901979 -0.01032245 -0.006396114 -0.007301628 -0.01023703 -0.006396114 -0.007685959 -0.01009809 -0.006396114 -0.007960677 -0.009961724 -0.006396114 -0.008218228 -0.009795129 -0.006396114 -0.008459508 -0.009605824 -0.006396114 -0.003465354 -0.01231712 -0.006396114 -0.00450325 -0.01197361 -0.006396114 -0.005975723 -0.01131409 -0.006396114 -0.007050812 -0.01067721 -0.006396114 -0.007816433 -0.01013606 -0.006396114 -0.008142292 -0.009876191 -0.006396114 -0.001657724 -0.01186197 -0.006396114 -0.001148462 -0.01162022 -0.006396114 -7.4223e-4 -0.01150149 -0.006396114 -4.6359e-4 -0.01145488 -0.006396114 -4.03139e-4 -0.01143658 -0.006396114 -2.22173e-4 -0.01130008 -0.006396114 -1.83132e-5 -0.01106804 -0.004671096 -3.16575e-5 -0.01110833 -0.004581212 -3.07734e-4 -0.01136642 -0.003969073 -2.95704e-4 -0.01123595 -0.003901362 -0.001238822 -0.01147705 -0.003896057 -0.004006743 -0.01211881 -0.00372368 -0.007162451 -0.0118677 -0.002046108 -0.006995081 -0.01186972 0.001253843 -0.007254421 -0.01186263 0.001666367 -0.007546782 -0.01183742 -0.003763914 -0.007751464 -0.01181828 -0.002046108 -0.007769703 -0.01180833 -0.002055644 -0.008094191 -0.01174604 -0.003957688 -0.009267747 -0.01132029 -0.001260876 -0.009037554 -0.01143044 0.00139147 -0.009347379 -0.01127809 -0.001277685 -0.009471595 -0.01120835 -0.0013659 -0.01020693 -0.01069581 5.89019e-4 -0.01043754 -0.01048928 -0.004373013 -0.01048183 -0.01044595 4.28885e-4 -0.004074454 -0.0109328 0.002903878 -0.004284143 -0.01107531 -0.002046108 -0.00429213 -0.01108044 0.002903878 -0.004503905 -0.01120877 -0.002046108 -0.004514217 -0.01121467 0.002903878 -0.004730224 -0.01133078 -0.002046108 -0.004860281 -0.01139241 0.002903878 -0.005081295 -0.01148998 -0.002046108 -0.005217909 -0.01154577 0.002903878 -0.0054425 -0.01162481 -0.002046108 -0.005587339 -0.01166766 0.002903878 -0.005813896 -0.01172822 -0.002046108 -0.005964398 -0.01176375 0.002903878 -0.006191551 -0.01180595 -0.002046108 -0.006219625 -0.0118103 4.28885e-4 -0.00646162 -0.01184195 0.002903878 -0.00683099 -0.01186573 -0.002046108 -0.006735682 -0.01186335 0.002920806 -0.00790745 -0.01178395 0.002931773 -0.008200407 -0.01172012 -0.002064466 -0.008302748 -0.01169407 4.46387e-4 -0.008515834 -0.01163059 0.003121316 -0.009038567 -0.0114336 0.003507137 -0.01011168 -0.01078623 0.003603875 -0.01055443 -0.01037484 0.003103852 -0.003100216 -0.01211649 0.003143489 -0.00129944 -0.01160901 0.003303885 -2.22173e-4 -0.01130008 0.003170013 -2.37995e-4 -0.01119983 0.004022598 -4.34636e-5 -0.01114159 0.003878831 -1.14241e-5 -0.0110526 0.005603849 -2.16683e-4 -0.01129496 0.005603849 -2.16146e-5 -0.01108455 0.005603849 -6.57198e-4 -0.0114867 0.005603849 -0.001236438 -0.01165384 0.005603849 -0.001618444 -0.01183599 0.005603849 -0.001932442 -0.01204377 0.005603849 -0.003164231 -0.01240098 0.005603849 -0.004259645 -0.01206547 0.005603849 -0.005299925 -0.01011216 0.005603849 -0.005023598 -0.009979069 0.005603849 -0.005132675 -0.01172393 0.005603849 -0.00558722 -0.01021957 0.005603849 -0.005884826 -0.01029372 0.005603849 -0.005975723 -0.01131409 0.005603849 -0.006187915 -0.01034057 0.005603849 -0.006494402 -0.01035267 0.005603849 -0.007050812 -0.01067721 0.005603849 -0.006800711 -0.01033693 0.005603849 -0.007103264 -0.01028656 0.005603849 -0.007496178 -0.01017409 0.005603849 -0.007816433 -0.01013606 0.005603849 -0.007870137 -0.01000928 0.005603849 -0.008259534 -0.009768068 0.005603849 -0.00255531 -0.01254236 0.002353847 -0.005114734 -0.01002556 0.002353847 -0.005393981 -0.01015228 0.002353847 -0.005685865 -0.01024657 0.002353847 -0.005985081 -0.01031392 0.002353847 -0.006290018 -0.01034694 0.002353847 -0.006596684 -0.01035207 0.002353847 -0.006901979 -0.01032245 0.002353847 -0.007301628 -0.01023703 0.002353847 -0.007685959 -0.01009809 0.002353847 -0.007960677 -0.009961724 0.002353847 -0.008218228 -0.009795129 0.002353847 -0.008615851 -0.009463489 0.002353847 -0.009221971 -0.008873879 0.002353847 -0.009787738 -0.008245527 0.002353847 -0.01018559 -0.007751584 0.002353847 -0.01055562 -0.00723648 0.002353847 -0.01090264 -0.006705582 0.002353847 -0.01121991 -0.006156384 0.002353847 -0.01151269 -0.005593717 0.002353847 -0.01177406 -0.00501585 0.002353847 -0.01200968 -0.004427015 0.002353847 -0.01221257 -0.003826081 0.002353847 -0.01238882 -0.003216803 0.002353847 -0.01253128 -0.002598762 0.002353847 -0.01264631 -0.001974999 0.002353847 -0.0127269 -0.001345932 0.002353847 -0.01277965 -7.13885e-4 0.002353847 -0.01279759 -7.98867e-5 0.002353847 -0.01278758 5.54285e-4 0.002353847 -0.01274269 0.001186907 0.002353847 -0.01266998 0.001816987 0.002353847 -0.01260298 0.002234518 0.002353847 -0.01250576 0.002742111 0.002353847 -0.01246142 0.003255963 0.002353847 -0.01248645 0.003677308 0.002353847 -0.0125606 0.004045307 0.002353847 -0.01268005 0.004401206 0.002353847 -0.01279711 0.004657506 0.006103873 -0.01159292 0.002406954 0.006103873 -0.01198422 0.00239402 0.006103873 -0.01260262 0.002236545 0.006103873 -0.01266938 0.001820981 0.006103873 -0.01272237 0.00140345 0.006103873 -0.0127744 7.74434e-4 0.006103873 -0.01279878 1.43687e-4 0.006103873 -0.01277178 -1.72512e-4 0.006103873 -0.01279658 -2.77171e-4 0.006103873 -0.01237112 -6.19156e-4 0.006103873 -0.01278054 -6.97729e-4 0.006103873 -0.01275074 -0.001117527 0.006103873 -0.01267844 -0.001744568 0.006103873 -0.01257872 -0.002367854 0.006103873 -0.01244497 -0.002984762 0.006103873 -0.01228433 -0.003595173 0.006103873 -0.01209056 -0.004195928 0.006103873 -0.01187056 -0.004787564 0.006103873 -0.01161855 -0.005366265 0.006103873 -0.01124078 -0.006118237 0.006103873 -0.01092696 -0.006665885 0.006103873 -0.01070189 -0.007021546 0.006103873 -0.01034134 -0.007539629 0.006103873 -0.009958386 -0.008041441 0.006103873 -0.009548544 -0.008521497 0.006103873 -0.008967876 -0.009130597 0.006103873 -0.008507966 -0.009562909 0.006103873 -0.008025109 -0.009969413 0.006103873 -0.006866514 -0.01078903 0.006103873 -0.00563234 -0.01148885 0.006103873 -0.004768848 -0.01187658 0.006103873 -0.003877043 -0.01219367 0.006103873 -0.002966225 -0.01245158 0.006103873 -0.00255531 -0.01254236 0.006103873 -0.0125004 0.0027709 0.006103873 -0.01211786 0.002542912 0.006103873 -0.01247543 0.002941489 0.008103847 -0.002875149 -0.01280039 0.009403884 -0.00364232 -0.01341921 0.003463089 -0.004295587 -0.01394623 0.003303885 -0.002007603 -0.01210057 0.008103847 -0.01198422 0.00239402 0.008103847 -0.01260298 0.002207636 0.008103847 -0.01211786 0.002542912 0.008103847 -0.01246082 0.002925217 0.008103847 -0.01275318 0.001068174 0.008103847 -0.01279193 4.42272e-4 0.008103847 -0.01277178 -1.72512e-4 0.008103847 -0.01279956 2.41994e-5 0.008103847 -0.01279354 -3.93899e-4 0.008103847 -0.01237112 -6.19156e-4 0.008103847 -0.01272541 -0.001331925 0.008103847 -0.01263314 -0.002057611 0.008103847 -0.01251554 -0.002673625 0.008103847 -0.01231426 -0.003485083 0.008103847 -0.01206046 -0.004281699 0.008103847 -0.01183784 -0.00486797 0.008103847 -0.01158362 -0.005441308 0.008103847 -0.01104617 -0.006457149 0.008103847 -0.01054459 -0.007252633 0.008103847 -0.009849071 -0.008167624 0.008103847 -0.009224832 -0.008870959 0.008103847 -0.008546471 -0.009522259 0.008103847 -0.007659494 -0.01025307 0.008103847 -0.006884217 -0.01078534 0.008103847 -0.006075799 -0.01126599 0.008103847 -0.005704581 -0.01145845 0.008103847 -0.005135774 -0.01172256 0.008103847 -0.004359424 -0.01203292 0.008103847 -0.003164708 -0.01241815 0.008103847 -0.002824008 -0.01271182 0.008203864 -0.008818805 0.00265187 0.008203864 -0.007909655 0.00268191 0.008203864 -0.006582736 0.002441763 0.008203864 -0.003221929 0.005908846 0.008203864 -0.006909489 0.002578735 0.008203864 -0.007292211 0.002668321 0.008653879 -0.008355855 0.002686381 -0.009896099 -0.003221929 0.005908846 -0.009896099 -0.006582736 0.002441763 -0.006896078 -0.007741153 0.01028949 -0.008696079 -0.007707118 0.01025652 -0.009896099 -0.007196307 0.009761333 -0.009896099 -0.006505846 0.009092032 -0.01019608 -0.006505846 0.009092032 -0.01019608 -0.01660054 0.01887732 -0.006355345 -0.008765876 0.0112828 -0.005796074 -0.01660054 0.01887732 -0.005796074 -0.009447813 0.01194381 -0.005789935 -0.009329259 0.01182895 -0.005771458 -0.009211421 0.01171469 -0.005719423 -0.009037613 0.01154619 -0.005757749 -0.008336842 0.01086694 -0.005643546 -0.008868396 0.01138222 -0.005577564 -0.008759737 0.01127684 -0.005456566 -0.008604764 0.01112663 -0.005166232 -0.008038461 0.01057767 -0.005314707 -0.00845921 0.01098555 -0.005148768 -0.008327484 0.01085788 -0.004965424 -0.008208394 0.01074242 -0.004832684 -0.00813812 0.01067429 -0.004642724 -0.00789839 0.01044195 -0.004620134 -0.008047521 0.0105865 -0.00439608 -0.007870852 0.01041519 -0.00439608 -0.007972657 0.0105139 -0.006725072 -0.008215427 0.01074922 -0.009896099 -0.008818805 0.00265187 -0.009896099 -0.01211792 0.002542912 -0.006896078 -0.01172649 0.002555847 -0.006596088 -0.01211792 0.002542912 -0.009896099 -0.00791043 0.002689182 -0.009896099 -0.008579015 0.00270152 -0.009896099 -0.006797671 0.002540409 -0.009896099 -0.007137119 0.002641141 -0.009840607 -0.002842545 -0.01260298 -0.01019608 -0.003463208 -0.01231771 -0.009896099 -0.01246082 0.002925276 -0.01019608 -0.01258748 0.00231111 -0.01022011 -0.01246356 0.002928376 -0.01019608 -0.01271152 0.001484274 -0.01019608 -0.01278132 6.51153e-4 -0.01019608 -0.01277387 -8.11504e-4 -0.01019608 -0.01271706 -0.001436054 -0.01019608 -0.01259618 -0.002263307 -0.01019608 -0.01242154 -0.003080964 -0.01023602 -0.01217794 -0.003960549 -0.01019608 -0.01206046 -0.00428164 -0.01019608 -0.01183784 -0.00486797 -0.01019608 -0.01158362 -0.005441248 -0.01019608 -0.01120364 -0.006186008 -0.01019608 -0.01071661 -0.006990432 -0.01019608 -0.01004856 -0.007925629 -0.01023292 -0.009678781 -0.008387565 -0.01019608 -0.009224832 -0.008870899 -0.01019608 -0.008625984 -0.009454309 -0.01019608 -0.0079903 -0.009997367 -0.01023739 -0.007213532 -0.0105828 -0.01019608 -0.006347656 -0.01110965 -0.01019608 -0.005515933 -0.01154857 -0.01019608 -0.004651844 -0.01191967 -0.004419505 -4.49706e-4 -0.01145225 -0.00409609 -7.4223e-4 -0.01150149 -0.00409609 -0.001236438 -0.01165384 -0.00409609 -0.001737892 -0.01191145 -0.004002571 -0.002805352 -0.01269906 -0.004266321 -0.004959285 -0.01391804 -0.007296085 -0.004593014 -0.01406925 -0.007160127 -0.004542231 -0.01407712 -0.007472276 -0.00445199 -0.01406067 -0.003917694 -0.003439307 -0.01310235 -0.003910362 -0.005962908 -0.01305973 -0.004004359 -0.00508064 -0.01366484 -0.0102517 -0.004472136 -0.01404678 -0.01031273 -0.003421008 -0.01315122 0.001353859 -0.01251775 0.00386244 0.001353859 -0.01266515 0.004356682 0.001353859 -0.01246851 0.003373146 0.001353859 -0.01250576 0.002742111 0.001353859 -0.01267975 0.001711606 0.001353859 -0.01277494 7.65349e-4 0.001353859 -0.01279759 -7.98867e-5 0.001353859 -0.01277965 -7.13885e-4 0.001353859 -0.0127269 -0.001345932 0.001353859 -0.01261025 -0.002183377 0.001353859 -0.0124883 -0.002805769 0.001353859 -0.01238882 -0.003216803 0.001353859 -0.01227581 -0.00362432 0.001353859 -0.01207953 -0.004227399 0.001353859 -0.01164335 -0.005304813 0.001353859 -0.0113216 -0.005971014 0.001353859 -0.0108428 -0.006792902 0.001353859 -0.01031082 -0.007581233 0.001353859 -0.009578168 -0.008483529 0.001353859 -0.008923768 -0.009173691 0.001353859 -0.008338868 -0.009700477 0.001353859 -0.007870137 -0.01000928 0.001353859 -0.007225096 -0.01024806 0.001353859 -0.00636667 -0.01034474 0.001353859 -0.005735993 -0.01025664 0.001353859 -0.005299925 -0.01011216 0.001353859 -0.005023598 -0.009979069 0.001358807 -0.01284009 0.004732012 1.03885e-4 -0.008923768 -0.009173691 1.03885e-4 -0.008274495 -0.00974214 1.03885e-4 -0.007493793 -0.01016753 1.03885e-4 -0.006850957 -0.0103262 1.03885e-4 -0.006290018 -0.01034694 1.03885e-4 -0.005735993 -0.01025664 1.03885e-4 -0.005299925 -0.01011216 1.03885e-4 -0.005023598 -0.009979069 1.03885e-4 -0.009716987 -0.008324086 1.03885e-4 -0.01031082 -0.007581233 1.03885e-4 -0.01095354 -0.006612777 1.03885e-4 -0.0113216 -0.005971014 1.03885e-4 -0.01172941 -0.005111694 1.03885e-4 -0.01207953 -0.004227399 1.03885e-4 -0.01227581 -0.00362432 1.03885e-4 -0.01238882 -0.003216803 1.03885e-4 -0.0124883 -0.002805769 1.03885e-4 -0.01265746 -0.001869797 1.03885e-4 -0.01274913 -0.001135647 1.03885e-4 -0.01278799 -5.02605e-4 1.03885e-4 -0.0127989 1.31552e-4 1.03885e-4 -0.01274901 0.001081407 1.03885e-4 -0.01263648 0.002025783 1.03885e-4 -0.01250576 0.002742111 1.03885e-4 -0.01246333 0.003162086 1.03885e-4 -0.01249575 0.003723323 1.03885e-4 -0.01263248 0.004268646 1.01088e-4 -0.01283049 0.00471723 -8.96115e-4 -0.01251775 0.00386244 -8.96115e-4 -0.01273113 0.004507124 -8.96115e-4 -0.01246851 0.003373146 -8.96115e-4 -0.01250576 0.002742111 -8.96115e-4 -0.01267975 0.001711606 -8.96115e-4 -0.01277494 7.65349e-4 -8.96115e-4 -0.01279759 -7.98867e-5 -8.96115e-4 -0.01277965 -7.13885e-4 -8.96115e-4 -0.0127269 -0.001345932 -8.96115e-4 -0.01261025 -0.002183377 -8.96115e-4 -0.0124883 -0.002805769 -8.96115e-4 -0.01238882 -0.003216803 -8.96115e-4 -0.01227581 -0.00362432 -8.96115e-4 -0.01207953 -0.004227399 -8.96115e-4 -0.01164335 -0.005304813 -8.96115e-4 -0.0113216 -0.005971014 -8.96115e-4 -0.0108428 -0.006792902 -8.96115e-4 -0.01031082 -0.007581233 -8.96115e-4 -0.009578168 -0.008483529 -8.96115e-4 -0.008923768 -0.009173691 -8.96115e-4 -0.008338868 -0.009700477 -8.96115e-4 -0.007870137 -0.01000928 -8.96115e-4 -0.007225096 -0.01024806 -8.96115e-4 -0.00636667 -0.01034474 -8.96115e-4 -0.005735993 -0.01025664 -8.96115e-4 -0.005299925 -0.01011216 -8.96115e-4 -0.005023598 -0.009979069 -0.002146065 -0.008923768 -0.009173691 -0.002146065 -0.008274495 -0.00974214 -0.002146065 -0.007493793 -0.01016753 -0.002146065 -0.006850957 -0.0103262 -0.002146065 -0.006290018 -0.01034694 -0.002146065 -0.005735993 -0.01025664 -0.002146065 -0.005299925 -0.01011216 -0.002146065 -0.005023598 -0.009979069 -0.002146065 -0.009716987 -0.008324086 -0.002146065 -0.01031082 -0.007581233 -0.002146065 -0.01095354 -0.006612777 -0.002146065 -0.0113216 -0.005971014 -0.002146065 -0.01172941 -0.005111694 -0.002146065 -0.01207953 -0.004227399 -0.002146065 -0.01227581 -0.00362432 -0.002146065 -0.01238882 -0.003216803 -0.002146065 -0.0124883 -0.002805769 -0.002146065 -0.01265746 -0.001869797 -0.002146065 -0.01274913 -0.001135647 -0.002146065 -0.01278799 -5.02605e-4 -0.002146065 -0.0127989 1.31552e-4 -0.002146065 -0.01274901 0.001081407 -0.002146065 -0.01263648 0.002025783 -0.002146065 -0.01250576 0.002742111 -0.002146065 -0.01246333 0.003162086 -0.002146065 -0.01249575 0.003723323 -0.002146065 -0.01263248 0.004268646 -0.002148866 -0.01283049 0.00471723 -0.004515826 -0.01124203 0.001566469 -0.004596114 -0.01159387 0.001958727 -0.004596114 -0.01215255 0.002581536 -0.0048334 -0.01219207 0.002625644 -0.005279064 -0.01232415 0.002772867 -0.005616843 -0.01247543 0.002941548 -0.003896057 -0.01265615 0.006138205 -0.003896057 -0.00954616 0.00592184 -0.003896057 -0.009585022 0.006276786 -0.003896057 -0.009595572 0.006633639 -0.003896057 -0.009590625 0.007162332 -0.003896057 -0.009598016 0.007571995 -0.003896057 -0.009617328 0.00798124 -0.003896057 -0.009648621 0.008389711 -0.003896057 -0.009691834 0.008797109 -3.96115e-4 -0.00954616 0.00592184 0.003103852 -0.00954616 0.00592184 -3.96115e-4 -0.009585022 0.006276786 0.003103852 -0.009590387 0.006395697 -3.96115e-4 -0.009595811 0.006514608 0.003103852 -0.009595274 0.006752669 0.003103852 -0.009691834 0.008797109 0.003103852 -0.009648621 0.008389711 0.003103852 -0.01265615 0.006138205 0.003103852 -0.009617328 0.00798124 0.003103852 -0.009598016 0.007571995 0.003103852 -0.009590625 0.007162332 0.003803849 -0.01159387 0.001958727 0.003723621 -0.01124203 0.001566469 0.004486799 -0.01232415 0.002772867 0.005803883 -0.01211792 0.002542912 0.004824638 -0.01247543 0.002941548 0.004041135 -0.01219207 0.002625644 0.003803849 -0.01215255 0.002581536 0.006103873 -0.01172649 0.002555847 0.009103834 -0.008818805 0.00265187 0.009103834 -0.01211792 0.002542912 -0.002984404 -0.01331096 0.005370736 -0.003104925 -0.01212769 0.004198193 -0.003085851 -0.01307106 0.005077481 -0.002949833 -0.01334053 0.005403697 -0.002980828 -0.01178884 0.004030406 -0.006243109 -0.01268291 0.004401266 -0.006294071 -0.01285344 0.004759013 -0.006296098 -0.01303899 0.005043625 -0.004596114 -0.01321703 0.005265951 -0.006079971 -0.01252859 0.003904283 -0.005844473 -0.01246458 0.003451585 -0.005563557 -0.0124678 0.003058552 -0.006296098 -0.01320999 0.005258083 4.28885e-4 -0.00367093 -0.01061058 -0.003811895 -0.005783498 -0.01174521 -0.003891527 -0.006787061 -0.01241838 -0.003938138 -0.008420169 -0.01180577 4.28885e-4 -0.00386852 -0.01077693 -0.007296085 -0.005017101 -0.01392364 -0.00439608 -0.008168339 -0.01234155 -0.004252076 -0.008408129 -0.01214373 -0.00439608 -0.008533716 -0.01209181 -0.00439608 -0.008891403 -0.01183128 -0.004279911 -0.009478747 -0.01133799 -0.00439608 -0.009241104 -0.01156014 -0.00439608 -0.009582579 -0.01127868 -0.00439608 -0.00991553 -0.01098716 -0.007296085 -0.0103023 -0.01062494 -0.004033863 -0.007107079 -0.01276588 -0.004252076 -0.00720328 -0.01289439 -0.004149019 -0.009331762 -0.01138824 -0.00439608 -0.007795751 -0.01258027 -0.004218518 -0.006029427 -0.01346284 -0.00439608 -0.007416129 -0.01280772 -0.00439608 -0.007029891 -0.01302373 -0.00439608 -0.006637394 -0.01322811 -0.007296085 -0.006260097 -0.0134108 -0.007296085 -0.00585097 -0.01359426 -0.007296085 -0.005436539 -0.01376527 -0.003995716 -0.001122355 -0.01160079 0.003042519 -0.004000365 -0.01095134 0.003060281 -0.005460739 -0.01169168 0.003103375 -0.006341695 -0.01262789 0.003009676 -0.00668174 -0.01188611 0.003096699 -0.007962822 -0.01195257 0.005062043 -0.004485905 -0.01406234 0.007339596 -0.004584968 -0.01407116 0.003344357 -0.005348026 -0.01368856 0.003603875 -0.005011618 -0.01392561 0.003603875 -0.005425691 -0.01376956 0.003451466 -0.006239712 -0.01337933 0.003603875 -0.005834937 -0.01360118 0.003603875 -0.006238937 -0.01342064 0.003603875 -0.006637394 -0.01322811 0.003383934 -0.007549285 -0.01264321 0.003603875 -0.007029891 -0.01302373 0.003603875 -0.007416129 -0.01280772 0.003603875 -0.007795751 -0.01258027 0.003603875 -0.008168339 -0.01234155 0.003338992 -0.008913815 -0.01169633 0.003603875 -0.008533716 -0.01209181 0.003603875 -0.008891403 -0.01183128 0.003435134 -0.009392499 -0.01139032 0.003603875 -0.009241104 -0.01156014 0.003603875 -0.009582579 -0.01127868 0.003603875 -0.00991553 -0.01098716 0.003603875 -0.01023954 -0.01068574 0.003164231 -0.006621062 -0.01290774 0.003176927 -0.00477308 -0.01369982 0.00315994 -0.003443121 -0.01314842 0.003303885 -0.001778721 -0.01193493 0.003303885 -0.001452326 -0.0117473 0.003280282 -9.92321e-4 -0.01156514 0.002251207 -0.01318663 0.005225598 0.002302944 -0.01220005 0.004294216 0.002209365 -0.01198732 0.00419712 0.002153873 -0.013341 0.005404233 0.002335965 -0.01292091 0.004865705 0.00549978 -0.01282095 0.004701972 0.005503833 -0.01301425 0.00500518 0.005459547 -0.01269423 0.004432678 0.005304515 -0.01254266 0.003952383 0.005052685 -0.0124647 0.00345242 0.004771173 -0.0124678 0.003058314 0.003803849 -0.01321703 0.005265951 0.005503833 -0.01320999 0.005258083 0.009403884 -0.003463208 -0.01231771 0.009245574 -0.002881824 -0.01254528 0.008997619 -0.002829372 -0.01271426 0.009543895 -0.004534423 -0.01397705 0.009516656 -0.003738343 -0.01342213 0.009603857 -0.003767848 -0.01326358 0.003618299 -4.83226e-4 -0.01145386 0.009103834 -0.01246082 0.002925276 0.009433925 -0.01246535 0.002930402 0.009428858 -0.01261287 0.002198755 0.009415626 -0.01274698 0.001161038 0.009403884 -0.01279574 2.33314e-4 0.009403884 -0.01279354 -3.93823e-4 0.009403884 -0.01274544 -0.001123785 0.009403884 -0.01263314 -0.002057552 0.009418725 -0.01250123 -0.002748191 0.009403884 -0.01231426 -0.003485023 0.009403884 -0.01213043 -0.004084646 0.009403884 -0.01191419 -0.004673302 0.009452402 -0.01184219 -0.00487858 0.009403884 -0.01139974 -0.005816698 0.009403884 -0.01099562 -0.006548643 0.009403884 -0.01054459 -0.007252633 0.009403884 -0.01017808 -0.007761478 0.009403884 -0.00978434 -0.00824964 0.009403884 -0.00936979 -0.008720219 0.009403884 -0.008930206 -0.009167492 0.009403884 -0.008312582 -0.009731054 0.009403884 -0.007826983 -0.0101279 0.009433567 -0.007338106 -0.01049059 0.009403884 -0.006619513 -0.01095336 0.009403884 -0.006075799 -0.01126599 0.009403884 -0.005704581 -0.01145845 0.009403884 -0.005135774 -0.01172256 0.009403884 -0.004556 -0.01196169 0.009403884 -0.004162907 -0.01210415 0.006703853 -0.007196307 0.009761333 0.009103834 -0.007196307 0.009761333 0.009103834 -0.006505846 0.009092032 0.009403884 -0.006505846 0.009092032 0.009103834 -0.007877409 0.01042157 0.009403884 -0.01660054 0.01887732 0.006703853 -0.007877409 0.01042157 0.005917727 -0.008328735 0.01085907 0.006103873 -0.007741153 0.01028949 0.005137383 -0.008508682 0.01103347 0.005003869 -0.009447813 0.01194381 0.005003869 -0.01660054 0.01887732 0.004988431 -0.00927037 0.01177179 0.00487858 -0.008924365 0.01143646 0.004948556 -0.009094893 0.01160174 0.004785358 -0.008759737 0.01127684 0.004664361 -0.008604764 0.01112663 0.004240632 -0.008006989 0.01054722 0.004522442 -0.00845921 0.01098555 0.004356503 -0.008327484 0.01085788 0.004106819 -0.008173227 0.01070833 0.00379014 -0.008035719 0.01057505 0.003850877 -0.00780797 0.01052355 0.003603875 -0.007870852 0.01041519 0.009103834 -0.003221929 0.005908846 0.009103834 -0.008660256 0.002692103 0.009103834 -0.008416056 0.002706885 0.009103834 -0.00740993 0.002677738 0.009103834 -0.006582736 0.002441763 0.009103834 -0.006909489 0.002578735 0.005652964 -0.008552134 0.01113337 0.004648208 -0.008053898 0.01079791 0.005803883 -0.008093178 0.01081889 0.005803883 -0.007749617 0.01062715 0.003645002 -0.007665395 0.01058566 0.005803883 -0.00751239 0.01051497 0.003603875 -0.007613778 0.0105611 0.003603875 -0.007119655 0.01036381 0.005803883 -0.006958663 0.01031148 0.003603875 -0.006609797 0.01021236 0.005803883 -0.006387412 0.01016491 0.003603875 -0.006132185 0.01012253 0.005803883 -0.005868017 0.01009225 0.003603875 -0.005609035 0.0100758 0.005803883 -0.005475163 0.01007068 0.003603875 -0.005214989 0.01007384 0.005803883 -0.005081832 0.01008218 0.003603875 -0.004627287 0.01013386 0.005803883 -0.004560708 0.01014149 0.003603875 -0.004048824 0.01025283 0.005803883 -0.004048287 0.01025295 0.003603875 -0.006526827 0.01019275 0.003603875 -0.006945133 0.01030695 0.003603875 -0.008036196 0.01045697 -0.003896057 -0.007949352 0.01036012 0.003103852 -0.007949352 0.01036012 0.003357231 -0.007984042 0.0103988 -0.00439608 -0.008036196 0.01045697 -0.004149496 -0.007984042 0.0103988 -0.00439608 -0.006945133 0.01030695 -0.00439608 -0.006584763 0.01020777 -0.00439608 -0.005674481 0.01008164 -0.00439608 -0.005018591 0.01008945 -0.00439608 -0.004303991 0.01019054 -0.00439608 -0.007520914 0.01052069 -0.006596088 -0.004174888 0.01021862 -0.006596088 -0.004560708 0.01014149 -0.006596088 -0.005278468 0.0100764 -0.006596088 -0.005868017 0.01009225 -0.006596088 -0.006579279 0.01020848 -0.00439608 -0.007064521 0.01034247 -0.006596088 -0.007146179 0.01037102 -0.006596088 -0.007631003 0.01057106 -0.004961788 -0.007813155 0.01066064 -0.006596088 -0.008093178 0.01081889 -0.005667388 -0.008196473 0.01088279 -0.006445229 -0.008552134 0.01113337 0.002603828 -2.43012e-4 0.01137322 0.002512633 -0.001781582 0.01123636 -3.96115e-4 -0.002197027 0.01100772 0.002205908 -0.003057956 0.01140165 -3.96115e-4 -0.002508044 0.0111646 -3.96114e-4 -0.002805233 0.01129174 0.002503395 -0.002993524 0.01146441 -0.002931714 -0.002533793 0.01118671 -0.00329107 -0.001775503 0.01125633 -0.003801941 -0.002367496 0.01222455 -0.003329932 -0.003316879 0.01154422 -0.003390133 -0.00117284 0.01121211 -0.003420889 0.004160404 0.01077312 -0.003401935 0.002824962 0.0110976 -0.003396093 1.48493e-5 0.01139473 -0.003997683 0.004914164 0.01040261 -0.003486275 0.004605174 0.01040905 -0.00426054 -0.004548728 0.01073557 -0.005563676 -0.00588268 0.01022779 -0.004403054 -0.005333542 0.01052391 -0.006714522 -0.004892766 0.01073503 -0.004325211 -0.003081738 0.01128047 -0.005470991 -0.004289686 0.01098978 -0.005681455 -0.003391385 0.01129817 -0.005472302 -0.002569317 0.01151436 -0.00446856 -0.001181483 0.01165121 -0.005506038 -0.001778006 0.01166301 -0.00554043 -0.001006543 0.01175522 -0.004609584 6.8544e-4 0.01170819 -0.004372 0.001079797 0.01148498 -0.004214882 9.23285e-4 0.01117581 -0.004330635 0.003599405 0.01073557 -0.00557667 -2.29383e-4 0.01179552 -0.00551778 6.91627e-4 0.01177352 -0.004680395 0.002136588 0.01150751 -0.006034672 0.001714348 0.01167339 -0.005700707 0.002476155 0.01153469 -0.004756689 0.003664255 0.01110315 -0.005777418 0.003610432 0.01122802 -0.006947278 0.004500925 0.01090699 -0.004906773 0.004765152 0.01075053 -0.00515592 0.004633784 0.01085203 -0.005169153 0.004931151 0.01072025 -0.004368245 0.004704892 0.01046317 -0.004215717 0.003289341 0.01057189 -0.004203379 -0.0016523 0.01128023 -0.004195213 -0.004754245 0.01010334 -0.004199445 -0.006977438 0.01002717 -0.004309833 -0.006353259 0.01013213 -0.003641307 -0.006942749 0.009537518 -0.00385195 -0.006748318 0.00937128 -0.004107117 -0.006593942 0.00948286 0.002836048 -0.006878197 0.009465515 4.69039e-4 -0.007754623 0.01043617 -0.001201212 -0.007836103 0.01047432 -0.003146111 -0.007753729 0.01049047 0.003423213 -0.006901323 0.01003557 0.003266096 -0.006643772 0.009488821 0.003403246 -0.004781484 0.01013022 0.003028094 -0.00661832 0.009206891 0.003403842 -0.00236231 0.01113611 0.003404974 4.48543e-4 0.0111497 0.004707932 -0.002037703 0.01162028 0.003520786 -0.002514421 0.01137828 0.003777265 -9.69771e-4 0.01172703 0.004734873 -0.001442253 0.01171052 0.004773497 -5.88595e-4 0.01178103 0.004811465 2.50882e-4 0.01179563 0.003765463 3.13693e-4 0.0117135 0.004669189 -0.002901613 0.01143509 0.003534436 -0.003996074 0.01100122 0.005005776 -0.003566563 0.01124608 0.004720032 -0.00434786 0.01096767 0.003526926 -0.005239367 0.01052337 0.004371583 -0.005033254 0.0106703 0.003607928 -0.005472838 0.0104531 0.007329225 -0.005917251 0.01021015 0.003450334 -8.43742e-4 0.01141774 0.003457546 9.37025e-4 0.01129823 0.004853904 0.001140594 0.01173979 0.003871917 0.001627027 0.01160401 0.00352621 0.002836942 0.01098269 0.003847301 0.003148078 0.01121819 0.00342077 0.002591907 0.01079273 0.003725469 0.004276692 0.01068735 0.004186689 0.00440216 0.01091343 0.004376947 0.004931151 0.01072025 0.00544697 0.004574894 0.01087641 0.005069613 0.004144489 0.01104736 0.004953682 0.003386676 0.01130002 0.004915893 0.002659976 0.01149493 0.005246758 0.00205034 0.01161915 0.003303408 0.004897356 0.0104143 0.002680838 0.004451215 0.01028972 0.002605617 0.00233972 0.01110118 0.006198525 0.00222826 0.01100903 0.006239473 0.003512978 0.0107488 0.006780922 0.003807067 0.01055324 0.00620383 -0.003095984 0.01074302 0.00619626 -5.29997e-4 0.01123344 0.006200134 -0.003580391 0.01078259 0.007611453 -0.002528607 0.01095163 0.007659137 -0.003100395 0.0109716 0.007468879 -0.004117906 0.01063066 0.007611453 -4.8163e-4 0.01122093 0.007621884 0.001778423 0.01113587 0.007667005 0.003034353 0.01099175 0.007083058 0.004030644 0.01084065 -0.006988465 -0.002013623 0.01105904 -0.006948351 -0.003664135 0.01091879 -0.007332682 -0.004106223 0.01048892 -0.006993055 -3.49344e-4 0.01120674 -0.006992995 0.002686917 0.01089292 -0.007133722 0.003738462 0.01070499 -0.00838238 0.003177464 0.01089078 -0.008451998 0.001550734 0.01128298 -0.008402943 -6.12122e-4 0.01122897 -0.008411288 -0.002777218 0.01093584 -0.008068084 -0.004160523 0.01057505 -0.009896099 -0.01247173 0.002937495 -0.006896078 -0.007509052 0.01018726 -0.006896078 -0.006998956 0.01001513 -0.006896078 -0.005881965 0.009800851 -0.01039606 -0.006645023 0.008948445 -0.01039606 -0.01673978 0.01873373 -0.01019608 -0.01842069 0.01988577 -0.005796074 -0.01861226 0.01993417 -0.005796074 -0.01820725 0.01982641 -0.01019608 -0.01799744 0.01975536 -0.005796074 -0.01789355 0.01971691 -0.01019608 -0.01759123 0.01957893 -0.005796074 -0.01759123 0.01957893 -0.01019608 -0.01729995 0.01941907 -0.005796074 -0.01729995 0.01941907 -0.01019608 -0.01702469 0.01923298 -0.005796074 -0.0171141 0.01929837 -0.005796074 -0.01693522 0.0191676 -0.01019608 -0.01676386 0.01902711 -0.005796074 -0.01676386 0.01902711 -0.005796074 -0.01572388 0.008060634 -0.005796074 -0.01959729 0.02046138 -0.005796074 -0.03186011 0.02604997 -0.005796074 -0.01972192 0.02058219 -0.005796074 -0.01983726 0.02071183 -0.005796074 -0.01565062 0.007978975 -0.005796074 -0.01917487 0.02015846 -0.005796074 -0.01939356 0.02029949 -0.005796074 -0.01485574 0.007092952 -0.005796074 -0.01894056 0.02004539 -0.005796074 -0.01999026 0.0209223 -0.005796074 -0.02008563 0.02107524 -0.005796074 -0.02777773 0.02971184 -0.005796074 -0.02019441 0.02130442 -0.005796074 -0.02027952 0.02155035 -0.005796074 -0.02139842 0.02352815 -0.005796074 -0.0203998 0.02195173 -0.005796074 -0.02051901 0.02226191 -0.005796074 -0.02061355 0.0224623 -0.005796074 -0.02077716 0.02275156 -0.005796074 -0.02096164 0.02302795 -0.005796074 -0.02109789 0.02320265 -0.005796074 -0.02124369 0.02336955 -0.005779147 -0.0146833 0.006900668 -0.005789101 -0.01198154 0.009435892 -0.005768239 -0.01186537 0.009306371 -0.005709409 -0.01169443 0.009115815 -0.005623817 -0.01152861 0.008930981 -0.005506157 -0.01137185 0.00875622 -0.005364179 -0.01122432 0.008591711 -0.005194246 -0.01109057 0.00844264 -0.005004048 -0.01096963 0.008307814 -0.00486505 -0.01089841 0.008228361 -0.004717946 -0.01083481 0.008157432 -0.004563808 -0.0107792 0.008095443 -0.004403531 -0.01073193 0.008042812 -0.004153311 -0.01067852 0.007983267 -0.005735397 -0.01451301 0.006710827 -0.005658686 -0.01434797 0.006526827 -0.005514383 -0.01413887 0.006293714 -0.005376398 -0.01399272 0.006130754 -0.005210995 -0.0138598 0.005982637 -0.005025684 -0.01373916 0.005848109 -0.004818439 -0.01363575 0.005732774 -0.004596114 -0.0135473 0.005634188 -0.004596114 -0.01280295 0.006301879 -0.004462599 -0.01276117 0.006255269 -0.004148125 -0.01269173 0.006177902 -0.007024824 -0.006816029 0.01002341 -0.006996333 -0.00686419 0.01028138 -0.007051706 -0.007555127 0.01054137 -0.007242262 -0.007450163 0.01013517 -0.01008939 -0.007458627 0.01008474 -0.008396089 -0.007113277 0.009701192 -0.01028168 -0.003081083 -0.01246821 -0.01033419 -0.004661619 -0.01197689 -0.01039606 -0.005424618 -0.01290911 -0.01039606 -0.008261024 -0.009398698 -0.01034402 -0.006528615 -0.01108103 -0.01034224 -0.008970022 -0.009222507 -0.0103082 -0.01064431 -0.007173418 -0.01036328 -0.01167339 -0.005480587 -0.01039606 -0.01263725 -7.2392e-4 -0.01033937 -0.0125153 -0.002996683 -0.01033991 -0.01284611 -6.62012e-4 -0.01032692 -0.01267993 0.002043485 -0.01039606 -0.01317328 0.003719627 -0.01028436 -0.005275368 -0.01378709 -0.01033377 -0.005802214 -0.01350569 0.009403884 -0.01422643 0.004078745 0.004874885 -0.01427727 0.0039016 0.009403884 -0.01434487 0.003640294 -3.96115e-4 -0.01434975 0.003621041 -3.96115e-4 -0.01444983 0.003198385 0.009403884 -0.01444983 0.003198385 -0.005769789 -0.01425951 0.003958821 -0.01019608 -0.01434487 0.003640294 -0.01019608 -0.01444983 0.003198385 -3.96115e-4 -0.01454114 0.002753496 0.009403884 -0.01454114 0.002753496 0.009403884 -0.01461881 0.002305984 -3.96115e-4 -0.01461881 0.002305984 0.009403884 -0.01468271 0.001856327 -3.96115e-4 -0.01468271 0.001856327 0.009403884 -0.01473271 0.001404941 -3.96115e-4 -0.01473271 0.001404941 0.009403884 -0.01476889 9.52236e-4 -3.96115e-4 -0.01476889 9.52236e-4 0.009403884 -0.01479119 4.98608e-4 -3.96115e-4 -0.01479119 4.98608e-4 0.009403884 -0.01479953 4.45107e-5 -3.96115e-4 -0.01479953 4.45107e-5 0.009403884 -0.01479393 -4.09629e-4 -3.96115e-4 -0.01479393 -4.09629e-4 0.009403884 -0.01477438 -8.63383e-4 -3.96115e-4 -0.01477438 -8.63383e-4 0.009403884 -0.01474094 -0.001316308 -3.96115e-4 -0.01474094 -0.001316308 0.009403884 -0.01469361 -0.001767992 -3.96115e-4 -0.01469361 -0.001767992 0.009403884 -0.01463246 -0.002218008 -3.96115e-4 -0.01463246 -0.002218008 0.009403884 -0.01455754 -0.002665996 -3.96115e-4 -0.01455754 -0.002665996 0.009403884 -0.01446884 -0.003111422 -3.96115e-4 -0.01446884 -0.003111422 0.009403884 -0.01436656 -0.003553926 -3.96115e-4 -0.01436656 -0.003553926 0.009403884 -0.01425075 -0.003993093 -3.96115e-4 -0.01425075 -0.003993093 0.009403884 -0.01412153 -0.004428505 -3.96115e-4 -0.01412153 -0.004428505 0.009403884 -0.01397901 -0.004859745 -3.96115e-4 -0.01397901 -0.004859745 0.009403884 -0.01382333 -0.005286395 -3.96115e-4 -0.01382333 -0.005286395 0.009403884 -0.01365458 -0.005708038 -3.96115e-4 -0.01365458 -0.005708038 0.009403884 -0.01347303 -0.006124377 -3.96115e-4 -0.01347303 -0.006124377 0.009403884 -0.01327878 -0.006534874 -3.96115e-4 -0.01327878 -0.006534874 0.009403884 -0.01307201 -0.006939232 -3.96115e-4 -0.01307201 -0.006939232 0.009403884 -0.01285296 -0.007337093 -3.96115e-4 -0.01285296 -0.007337093 0.009403884 -0.01262176 -0.00772804 -3.96115e-4 -0.01262176 -0.00772804 0.009403884 -0.01237869 -0.008111715 -3.96115e-4 -0.01237869 -0.008111715 0.009403884 -0.012124 -0.008487701 -3.96115e-4 -0.012124 -0.008487701 0.009403884 -0.01185786 -0.00885576 -3.96115e-4 -0.01185786 -0.00885576 0.009403884 -0.01158052 -0.009215414 -3.96115e-4 -0.01158052 -0.009215414 0.009403884 -0.01129233 -0.009566426 -3.96115e-4 -0.01129233 -0.009566426 0.009403884 -0.01099348 -0.009908437 -3.96115e-4 -0.01099348 -0.009908437 0.009403884 -0.01068425 -0.01024109 -3.96115e-4 -0.01068425 -0.01024109 -0.01019608 -0.01068425 -0.01024109 -0.008976578 -0.01421689 0.004100441 -0.01019608 -0.01454114 0.002753496 -0.01019608 -0.01461881 0.002305984 -0.01019608 -0.01468271 0.001856327 -0.01019608 -0.01473271 0.001404941 -0.01019608 -0.01476889 9.52236e-4 -0.01019608 -0.01479119 4.98608e-4 -0.01019608 -0.01479953 4.45107e-5 -0.01019608 -0.01479393 -4.09629e-4 -0.01019608 -0.01477438 -8.63383e-4 -0.01019608 -0.01474094 -0.001316308 -0.01019608 -0.01469361 -0.001767992 -0.01019608 -0.01463246 -0.002218008 -0.01019608 -0.01455754 -0.002665996 -0.01019608 -0.01446884 -0.003111422 -0.01019608 -0.01436656 -0.003553926 -0.01019608 -0.01425075 -0.003993093 -0.01019608 -0.01412153 -0.004428505 -0.01019608 -0.01397901 -0.004859745 -0.01019608 -0.01382333 -0.005286395 -0.01019608 -0.01365458 -0.005708038 -0.01019608 -0.01347303 -0.006124377 -0.01019608 -0.01327878 -0.006534874 -0.01019608 -0.01307201 -0.006939232 -0.01019608 -0.01285296 -0.007337093 -0.01019608 -0.01262176 -0.00772804 -0.01019608 -0.01237869 -0.008111715 -0.01019608 -0.012124 -0.008487701 -0.01019608 -0.01185786 -0.00885576 -0.01019608 -0.01158052 -0.009215414 -0.01019608 -0.01129233 -0.009566426 -0.01019608 -0.01099348 -0.009908437 -0.01019608 -0.01003599 -0.01087719 -0.01019608 -0.009697496 -0.01118004 -0.01019608 -0.009349882 -0.01147234 -0.01019608 -0.008993446 -0.01175385 -0.01019608 -0.008628606 -0.01202428 -0.01019608 -0.0082556 -0.01228338 -0.01019608 -0.007874786 -0.01253092 -0.01019608 -0.007486581 -0.01276665 -0.01019608 -0.007091343 -0.01299041 -0.01019608 -0.006689429 -0.01320189 0.009403884 -0.010365 -0.01056414 0.009403884 -0.01003599 -0.01087719 0.009403884 -0.009697496 -0.01118004 0.009403884 -0.009349882 -0.01147234 0.009403884 -0.008993446 -0.01175385 0.009403884 -0.008628606 -0.01202428 0.009403884 -0.0082556 -0.01228338 0.009403884 -0.007874786 -0.01253092 0.009403884 -0.007486581 -0.01276665 0.009403884 -0.007091343 -0.01299041 0.009403884 -0.006689429 -0.01320189 0.009403884 -0.006281197 -0.01340091 0.009403884 -0.005867063 -0.01358735 0.009403884 -0.005447387 -0.01376098 0.009403884 -0.005022585 -0.01392167 -0.01039606 -0.01422029 0.001192569 -0.01039606 -0.01229619 -0.007726132 0.001517176 -0.01331132 0.005371093 0.001482307 -0.01200056 0.004199922 0.001439332 -0.01314967 0.00518167 0.001378715 -0.01198613 0.004047155 0.001553833 -0.013341 0.005404233 5.46013e-5 -0.01304107 0.005040824 -3.04283e-5 -0.01326429 0.005318701 4.08433e-5 -0.01196777 0.004112422 -4.45479e-5 -0.01214504 0.004338741 -3.96115e-4 -0.013341 0.005404233 9.63353e-5 -0.01213228 0.004139602 -7.71724e-4 -0.0132305 0.005276381 -8.01367e-4 -0.01218092 0.004333734 -8.86215e-4 -0.01288306 0.004806518 -8.8054e-4 -0.01193666 0.00398755 -0.002210795 -0.01307958 0.005087018 -0.00218141 -0.01205003 0.004126012 -0.00229454 -0.01214504 0.004338741 -0.002346098 -0.013341 0.005404233 0.003803849 -0.01280295 0.006301879 0.003803849 -0.0135473 0.005634188 0.00392574 -0.01083481 0.008157432 0.004026174 -0.01363575 0.005732774 0.004142284 -0.01093405 0.008268117 0.004296839 -0.01377832 0.005891799 0.004402041 -0.01109057 0.00844264 0.004530727 -0.01394742 0.006080329 0.004621267 -0.01127266 0.008645594 0.004680037 -0.01408863 0.006237685 0.004757285 -0.01142269 0.008812844 0.004800438 -0.01424157 0.006408154 0.004831612 -0.01152861 0.008930981 0.004917204 -0.01169443 0.009115815 0.004919707 -0.01445752 0.006648957 0.004975974 -0.01186537 0.009306371 0.004976809 -0.01462608 0.006836891 0.004996895 -0.01198154 0.009435892 0.004997074 -0.01474058 0.006964504 0.005003869 -0.01485574 0.007092952 0.003691434 -0.01075559 0.008069157 0.003361105 -0.01067852 0.007983267 0.003426909 -0.0127049 0.006192564 0.003670394 -0.01276117 0.006255269 0.009103834 -0.01247173 0.002937495 -0.006047546 -0.01296854 0.003491401 -0.006260812 -0.01335018 0.003916859 -0.006296098 -0.01376122 0.004437088 -0.001083672 -0.009921908 -0.0109182 -0.001305758 -0.009704709 -0.01106733 3.25673e-5 -0.008804142 -0.01152753 0.005503833 -0.01376122 0.004434287 0.005423784 -0.01323348 0.003786742 0.005131721 -0.0128203 0.003326117 0.009538829 -0.003838956 -0.01227152 0.009603857 -0.00851345 -0.009414255 0.009603857 -0.007227718 -0.01257401 0.009603857 -0.01256114 -0.006849169 0.009603857 -0.01209831 -0.004469275 0.009603857 -0.01365059 9.96651e-4 0.009457111 -0.005294263 -0.01164919 0.009568452 -0.006063163 -0.01135545 0.009548485 -0.008147835 -0.009968161 0.009542226 -0.009624421 -0.008542537 0.009550809 -0.01062917 -0.007280111 0.009548842 -0.01164686 -0.005445182 0.009540796 -0.01247888 -0.003105342 0.009493827 -0.01275604 -0.001215755 0.009570479 -0.01285326 3.13222e-4 0.009603857 -0.01317328 0.003719627 0.006103873 -0.005881965 0.009800851 0.006103873 -0.007254004 0.01010119 0.005003869 -0.01565062 0.007978975 0.005003869 -0.01572388 0.008060634 0.005003869 -0.01917487 0.02015846 0.005003869 -0.01932305 0.02024894 0.005003869 -0.01946407 0.02035009 0.005003869 -0.01959729 0.02046138 0.005003869 -0.03186011 0.02604997 0.005003869 -0.01972192 0.02058219 0.005003869 -0.01989001 0.02078074 0.005003869 -0.02003777 0.0209949 0.005003869 -0.02012181 0.02114677 0.005003869 -0.02777773 0.02971184 0.005003869 -0.02019441 0.02130442 0.005003869 -0.02027952 0.02155035 0.005003869 -0.02139842 0.02352815 0.005003869 -0.02036392 0.02184695 0.005003869 -0.02043569 0.02205657 0.005003869 -0.02056628 0.02236211 0.005003869 -0.02071905 0.02265721 0.005003869 -0.02083522 0.02284592 0.005003869 -0.02096164 0.02302795 0.005003869 -0.02109789 0.02320265 0.005003869 -0.02124369 0.02336955 0.005003869 -0.01902049 0.02007919 0.005003869 -0.01886063 0.02001154 0.005003869 -0.01869624 0.01995587 0.005003869 -0.01842069 0.01988577 0.005003869 -0.01810139 0.0197938 0.005003869 -0.01779192 0.01967281 0.005003869 -0.01749223 0.01952928 0.005003869 -0.01720702 0.01935869 0.005003869 -0.01693522 0.0191676 0.005003869 -0.01676386 0.01902711 0.009403884 -0.01684957 0.01909732 0.009403884 -0.0171141 0.01929837 0.009403884 -0.01739609 0.01947414 0.009403884 -0.01779192 0.01967281 0.009403884 -0.01810139 0.0197938 0.009403884 -0.01842069 0.01988577 0.009603857 -0.006645023 0.008948445 0.009603857 -0.01673978 0.01873373 0.009329438 -0.00761348 0.01027178 0.008158087 -0.007949054 0.01051175 0.006583094 -0.007524073 0.01010411 0.006363272 -0.00752747 0.01028108 0.006231904 -0.007405817 0.01047617 0.006364166 -0.006964266 0.009855866 0.006301939 -0.00666511 0.009983777 0.007753849 -0.007120788 0.009705424 -0.002946078 -0.004604578 0.01202207 0.002153873 -0.004604578 0.01202207 -0.003702282 0.005101084 0.0108602 -0.003620326 0.004244685 0.01131862 -0.003447651 0.002692401 0.01140612 -0.003637254 0.002862095 0.01178312 -0.00388503 0.001645505 0.01250976 -0.003644764 9.84021e-4 0.01209706 -0.003428578 8.05562e-4 0.01161843 -0.003810703 1.48121e-4 0.01247715 -0.003427743 -4.70992e-4 0.01161557 -0.003894805 -9.97871e-4 0.01259648 -0.009996056 0.004931151 0.01072025 -0.009996056 -0.005215167 0.01058459 -0.009996056 -0.005573928 0.01040011 -0.009996056 -0.005926191 0.01020354 -0.009141862 -0.006390571 0.009917676 -0.009423613 -0.004740476 0.01080292 -0.009057462 -0.001827955 0.01164329 -0.01007902 -9.6996e-4 0.01177132 -0.009496092 -8.11471e-4 0.01176869 -0.009627699 0.004419684 0.01093935 -0.006109952 -0.006089985 0.01014578 -0.003701746 -0.006770253 0.01111388 -0.004221618 -0.007690072 0.01060843 -0.003146111 -0.007166624 0.01089483 -0.002995014 -0.007948458 0.01047974 -1.96896e-4 -0.007964313 0.01046591 -0.002946078 -0.008016109 0.01043456 -0.003017902 -0.008723556 0.00982058 -0.0031147 -0.008805215 0.009865581 -0.003146111 -0.009000718 0.01036888 0.002153873 -0.008016109 0.01043456 0.002247095 -0.008003294 0.01048952 0.002353847 -0.00865519 0.01090955 0.002287447 -0.009164869 0.009514749 0.002642452 -0.007689058 0.01041376 0.003028452 -0.007411777 0.0107302 0.002353847 -0.007302582 0.0108183 0.003597438 -0.006759643 0.01025301 0.00435388 -0.00622785 0.01013773 0.005366921 -0.006122112 0.01014459 0.009203851 -0.005573928 0.01040011 0.009203851 -0.005215167 0.01058459 0.009203851 0.004931151 0.01072025 0.009251236 0.004614412 0.01086473 0.008496701 0.004249811 0.01100707 0.008443176 0.002637267 0.01149636 0.008678734 0.003669738 0.01121264 0.009280681 0.003225266 0.01135534 0.008703827 -0.001646459 0.01168239 0.009286761 -0.001831769 0.01167148 0.008698523 -0.002910196 0.01142925 0.008342266 -0.004692435 0.01082348 0.008065462 -0.006388664 0.009917855 0.009327888 -0.006555855 0.009884357 0.007753849 -0.00672084 0.009702146 0.002637982 -2.33669e-4 0.0116325 0.002642154 0.002201735 0.01144427 0.002644717 0.004063069 0.01094377 0.002803802 0.004974722 0.01079189 0.003018438 -0.001761198 0.01235228 0.003095686 -5.6396e-4 0.01261287 0.002956032 8.96707e-4 0.01230913 0.002840399 0.003143489 0.01168996 0.00288254 0.004672229 0.0112701 0.00306791 -0.002682983 0.01228427 0.006105065 -0.001869142 0.01133847 0.006152868 0.001129329 0.01135343 0.005862176 -0.00356096 0.01118552 0.005826115 -0.00207597 0.01155126 0.00578624 -5.68495e-4 0.01174312 0.005881965 3.00087e-4 0.01170969 0.005761563 0.001649558 0.01165437 0.005842804 0.002497911 0.01145952 0.005949914 0.003688812 0.01114195 0.005981802 0.001442551 0.01155894 0.006110668 0.002943873 0.01110702 0.00606656 -1.18658e-4 0.0115571 0.008546829 -0.003911852 0.01112723 0.007907271 -0.003122508 0.01127368 0.007996857 -0.001338779 0.01167672 0.009011507 -6.68052e-4 0.01178199 0.008380234 -3.70051e-4 0.01177978 0.00788474 -1.66822e-4 0.011671 0.008703827 5.19941e-4 0.01178652 0.008026719 0.001072764 0.01171261 0.008703827 0.001308619 0.01172524 0.008703827 0.001896798 0.01164633 0.007996857 0.002477765 0.01148271 0.007543921 0.004082858 0.01103234 0.007698953 3.70536e-4 0.01147425 0.00771296 -0.001384615 0.0114395 0.007782816 0.001675069 0.01149094 -0.006654381 -0.003212571 0.01125836 -0.006870329 -0.001834213 0.011406 -0.006637215 -3.68834e-5 0.01172542 -0.006603121 0.00107187 0.01169991 -0.006652176 0.002999007 0.01133847 -0.006590783 -0.001660883 0.01162481 -0.006887614 -7.24563e-4 0.01148349 -0.00689727 0.001072049 0.01144391 -0.006835997 0.002346277 0.0113185 -0.009167253 -0.002834618 0.01143741 -0.008602261 -0.003597319 0.01105904 -0.009224116 -0.003750681 0.01118248 -0.009896874 -0.003284633 0.01133286 -0.008718371 -6.38567e-4 0.01169449 -0.009496092 1.24489e-4 0.01179724 -0.008748412 8.524e-4 0.01169055 -0.009496092 9.14815e-4 0.01176249 -0.009746074 0.001578807 0.01169258 -0.008761823 0.002121031 0.01154184 -0.009508967 0.002586603 0.01150882 -0.008585214 0.003507792 0.01114386 -0.009790837 0.003692865 0.0112068 -0.008613824 -0.002070426 0.01145464 -0.008483767 -3.42358e-4 0.01147162 -0.01019614 -0.01247173 0.002937495 -0.01039606 -0.01233226 0.003081381 -0.01039606 -0.01714086 0.01905131 -0.01039606 -0.01824373 0.01961928 -0.01039606 -0.01913869 0.01993668 -0.01039606 -0.01982998 0.02041345 -0.01039606 -0.02019017 0.02087545 -0.01039606 -0.02125215 0.02307534 -0.01039606 -0.02097743 0.02268999 -0.01039606 -0.03836715 0.03210616 -0.01039606 -0.03373605 0.03535413 -0.01039606 -0.03357976 0.03513932 -0.01039606 -0.03332489 0.03483319 -0.01039606 -0.03901809 0.03269523 -0.01039606 -0.03408396 0.03595709 -0.01039606 -0.03455537 0.03726279 -0.01039606 -0.0346871 0.0383104 -0.01039606 -0.03985261 0.0332688 -0.01039606 -0.03472638 0.03886204 -0.01039606 -0.03733694 0.03619265 -0.01039606 -0.03719949 0.03634452 -0.01039606 -0.04040753 0.03351956 -0.01039606 -0.03764134 0.03591883 -0.01039606 -0.03748446 0.03605055 -0.01039606 -0.03825384 0.03554964 -0.01039606 -0.03798019 0.03568893 -0.01039606 -0.0388354 0.03535503 -0.01039606 -0.03853911 0.03543573 -0.01039606 -0.04115831 0.03378468 -0.01039606 -0.03913784 0.03530156 -0.01039606 -0.03964906 0.03528666 -0.01039606 -0.03934192 0.03528439 -0.01039606 -0.03995466 0.03531676 -0.01039606 -0.04015588 0.03535532 -0.01039606 -0.04182767 0.03410065 -0.01039606 -0.04045099 0.03544032 -0.01039606 -0.04073715 0.03555178 -0.01039606 -0.04092049 0.03564316 -0.01039606 -0.04118174 0.03580462 -0.01039606 -0.04142719 0.03598916 -0.01039606 -0.04398715 0.0366137 -0.01039606 -0.0441966 0.03735768 -0.01039606 -0.04285085 0.03487563 -0.01039606 -0.04350465 0.03566849 -0.01039606 -0.04157906 0.03612667 -0.01039606 -0.04178708 0.03635257 -0.01039606 -0.04426723 0.03780359 -0.01039606 -0.04197365 0.03659653 -0.01039606 -0.0421313 0.03686004 -0.01039606 -0.04230016 0.03723281 -0.01039606 -0.04239434 0.03752517 -0.01039606 -0.04245465 0.03782629 -0.01039606 -0.04248732 0.03813165 -0.01039606 -0.04248511 0.03843873 -0.01039606 -0.04245495 0.03874439 -0.01039606 -0.04239034 0.03904461 -0.01039606 -0.04229867 0.03933769 -0.01039606 -0.04217427 0.03961849 -0.01039606 -0.04202485 0.03988683 -0.01039606 -0.04190933 0.04005599 -0.01039606 -0.04178255 0.04021692 -0.01039606 -0.0416451 0.04036879 -0.01039606 -0.04426872 0.0384311 -0.01039606 -0.04408544 0.03965377 -0.01039606 -0.04372799 0.040497 -0.01039606 -0.0430532 0.04149538 -0.01039606 -0.04278373 0.04177325 -0.01039606 -0.04228752 0.04215741 -0.01039606 -0.04141914 0.04057675 -0.01039606 -0.04117524 0.04076337 -0.01039606 -0.04100185 0.04087251 -0.01039606 -0.04072821 0.04101181 -0.01039606 -0.04044294 0.04112571 -0.01039606 -0.04014664 0.04120641 -0.01039606 -0.04111409 0.04278522 -0.01039606 -0.03974217 0.0412684 -0.01039606 -0.03933298 0.04127478 -0.01039606 -0.03892678 0.04122537 -0.01039606 -0.04027605 0.04301607 -0.01039606 -0.03853106 0.04112112 -0.01039606 -0.03947263 0.04307299 -0.01039606 -0.0382449 0.04100966 -0.01039606 -0.03797322 0.04086643 -0.01039606 -0.03771573 0.04069906 -0.01039606 -0.03755486 0.04057228 -0.01039606 -0.03898954 0.04305446 -0.01039606 -0.03740298 0.04043477 -0.01039606 -0.03813922 0.04287391 -0.01039606 -0.034994 0.03990566 -0.01039606 -0.03732901 0.04256093 -0.01039606 -0.03550004 0.04092592 -0.01039606 -0.03634637 0.04189127 -0.01039606 -0.03719496 0.04020887 -0.01039606 -0.0370084 0.03996491 -0.01039606 -0.03689926 0.03979158 -0.01039606 -0.03675991 0.03951787 -0.01039606 -0.03664606 0.03923267 -0.01039606 -0.03658771 0.03903627 -0.01039606 -0.03652739 0.03873515 -0.01039606 -0.03649473 0.03842979 -0.01039606 -0.03649693 0.03812271 -0.01039606 -0.03652709 0.03781706 -0.01039606 -0.0365917 0.03751683 -0.01039606 -0.03668338 0.03722375 -0.01039606 -0.03680777 0.03694289 -0.01039606 -0.03695714 0.03667461 -0.01039606 -0.03707265 0.03650546 -0.01039606 -0.03305047 0.03454446 -0.01039606 -0.02153766 0.02338457 -0.01039606 -0.02139061 0.02323389 -0.01039606 -0.02044498 0.02140396 -0.01039606 -0.02066087 0.02205657 -0.01039606 -0.0378068 0.03579807 -0.007996082 -0.01869624 0.01995587 -0.01019608 -0.01877844 0.0199837 -0.007996082 -0.01894056 0.02004539 -0.01019608 -0.01909768 0.02011883 -0.007996082 -0.01939356 0.02029949 -0.01019608 -0.01939356 0.02029949 -0.01019608 -0.01959729 0.02046138 -0.007996082 -0.01972192 0.02058219 -0.01019608 -0.01977962 0.02064698 -0.007996082 -0.01989001 0.02078074 -0.01019608 -0.0200113 0.02096027 -0.007996082 -0.0202248 0.02138572 -0.01019608 -0.0202248 0.02138572 -0.01019608 -0.02030378 0.02163362 -0.005757212 -0.03211784 0.02633732 -0.005656063 -0.03186011 0.02604997 -0.005656063 -0.01572388 0.008060634 -0.005619704 -0.03210145 0.02631902 -0.005658507 -0.03236818 0.02661639 -0.005527257 -0.03233581 0.02658033 -0.005514085 -0.03257733 0.02684956 -0.005392014 -0.03253173 0.02679872 -0.005322456 -0.03276884 0.02706307 -0.005185127 -0.03273087 0.02702075 -0.005088269 -0.032938 0.02725166 -0.004933953 -0.03290605 0.02721607 -0.004706144 -0.0331248 0.02745991 -0.004635512 -0.03304433 0.02737021 -0.00435698 -0.03323727 0.02758526 -0.004308521 -0.0331496 0.02748757 -0.003982067 -0.03330314 0.02765876 -0.003957509 -0.03321135 0.02755635 -0.003596067 -0.03332912 0.02768766 -0.003596067 -0.0332356 0.02758347 0.002803862 -0.0332356 0.02758347 0.002803862 -0.03332912 0.02768766 0.003165304 -0.03321135 0.02755635 0.003189861 -0.03330314 0.02765876 0.003516316 -0.0331496 0.02748757 0.003564715 -0.03323727 0.02758526 0.003739058 -0.0330857 0.02741634 0.003877997 -0.03314083 0.02747774 0.003947436 -0.03300291 0.02732402 0.004096984 -0.03304857 0.02737492 0.004141747 -0.03290605 0.02721607 0.004296064 -0.032938 0.02725166 0.004392921 -0.03273087 0.02702075 0.004530191 -0.03276884 0.02706307 0.004599809 -0.03253173 0.02679872 0.004721879 -0.03257733 0.02684956 0.004746019 -0.03230983 0.02655136 0.004877984 -0.0323404 0.02658545 0.004838466 -0.03207528 0.02628988 0.004986941 -0.03203266 0.02624231 0.00485748 -0.03196805 0.02617031 0.004863858 -0.03186011 0.02604997 0.004863858 -0.01572388 0.008060634 -0.003768682 -0.02935636 0.03124213 -0.003596067 -0.02936124 0.03124684 -0.003768682 -0.03128337 0.02951359 -0.004024982 -0.03125858 0.02948594 -0.0043962 -0.03118395 0.02940273 -0.004745602 -0.03107142 0.02927732 -0.00495702 -0.03097164 0.02916604 -0.00521034 -0.0308153 0.02899175 -0.005375921 -0.03068238 0.02884352 -0.005514085 -0.03053611 0.0286805 -0.005628645 -0.03038108 0.02850764 -0.005711853 -0.03021734 0.02832514 -0.005779147 -0.02999144 0.02807325 -0.005779147 -0.02796369 0.02989214 -0.005735278 -0.02814739 0.03007018 -0.005658507 -0.02832537 0.03024274 -0.005556285 -0.02849662 0.03040874 -0.005423903 -0.02865678 0.03056401 -0.00521034 -0.02885174 0.03075301 -0.00495702 -0.0290203 0.03091639 -0.004745602 -0.02912789 0.03102064 -0.004516422 -0.02921468 0.03110474 -0.00415045 -0.02930665 0.03119397 -0.01019608 -0.02139842 0.02352815 -0.01019608 -0.0329113 0.03468811 -0.005483269 -0.03254097 0.03432911 -0.005208015 -0.03241902 0.03421086 -0.006015479 -0.03293871 0.03471612 -0.005788683 -0.03273135 0.03451371 -0.005672752 -0.03265005 0.03443485 -0.004910886 -0.03232735 0.03412204 -0.004558026 -0.03226488 0.03406149 -0.004196107 -0.03224033 0.0340377 0.003403842 -0.03224033 0.0340377 0.002803862 -0.02936124 0.03124684 0.003062248 -0.02934902 0.03123503 0.003565609 -0.03224462 0.03404188 0.003400564 -0.02930057 0.03118807 0.003806054 -0.0322681 0.03406465 0.003645777 -0.02924066 0.03113001 0.004042088 -0.03230845 0.03410369 0.003877997 -0.02915823 0.03105008 0.00426954 -0.03236925 0.03416264 0.004096984 -0.02905881 0.0309537 0.004487633 -0.03244578 0.0342369 0.004232645 -0.0289818 0.03087908 0.004691064 -0.03254097 0.03432911 0.009403884 -0.0329113 0.03468811 0.004880547 -0.03265005 0.03443485 0.004996418 -0.03273135 0.03451371 0.005152761 -0.03286492 0.03464317 0.009403884 -0.02139842 0.02352815 0.004986941 -0.02796369 0.02989214 0.004943072 -0.02814739 0.03007018 0.004866302 -0.02832537 0.03024274 0.00476408 -0.02849662 0.03040874 0.004631698 -0.02865678 0.03056401 0.004418134 -0.02885174 0.03075301 -0.01019608 -0.02124369 0.02336955 -0.01019608 -0.02109789 0.02320265 -0.01019608 -0.02096164 0.02302795 -0.01019608 -0.02077716 0.02275156 -0.01019608 -0.02061355 0.0224623 -0.01019608 -0.02051901 0.02226191 -0.01019608 -0.0203998 0.02195173 0.004863858 -0.01565062 0.007978975 0.004863858 -0.01485574 0.007092952 0.00482589 -0.01460921 0.006818115 0.00472939 -0.01437008 0.006551504 0.004588425 -0.01417082 0.006329357 0.004401504 -0.01398921 0.00612688 0.004173576 -0.01382982 0.005949199 0.003910422 -0.01369684 0.005800902 0.003618776 -0.01359367 0.005685865 0.00330621 -0.01352292 0.005607008 0.003063082 -0.01349115 0.005571663 0.002898395 -0.01348167 0.005561053 0.002901136 -0.01565062 0.007978975 -0.0036906 -0.01565057 0.007979035 -0.0036906 -0.01348167 0.005561053 -0.003936767 -0.01350033 0.005581796 -0.004486918 -0.01361548 0.005710244 -0.004335105 -0.01357179 0.005661547 -0.004178583 -0.01353639 0.005622029 -0.004702627 -0.01369684 0.005800902 -0.004965782 -0.01382982 0.005949199 -0.005193769 -0.01398921 0.00612688 -0.00538063 -0.01417082 0.006329357 -0.005521655 -0.01437008 0.006551504 -0.005613148 -0.01458185 0.006787538 -0.005649447 -0.01474547 0.006969988 -0.005656063 -0.01485574 0.007092952 -0.005656063 -0.01565062 0.007978975 -0.008950352 -0.007952988 0.01052093 -0.007299304 -0.007949948 0.01070022 -0.008865594 -0.008018732 0.01068359 -0.008865594 -0.00802344 0.01083368 -0.007495224 -0.007987082 0.01097643 -0.007260084 -0.006757378 0.0097934 -0.008696079 -0.006782889 0.009673595 -0.008396089 -0.006933867 0.009652912 -0.006133854 -0.007919013 0.01108616 -0.007445216 -0.007823824 0.01118427 -0.01005333 -0.007841408 0.01112222 -0.01029628 -0.007570147 0.01043617 -0.01032638 -0.007507503 0.01102727 -0.01039433 -0.007065236 0.01030308 -0.01028478 -0.006859362 0.01155322 -0.01006478 -0.007965981 0.01075124 -0.005014121 -0.007457792 0.01143211 -0.009896099 -0.007453262 0.01143509 -0.005014121 -0.007092416 0.01166236 -0.009896099 -0.007083117 0.01166796 -0.005014121 -0.006719946 0.01188087 -0.009896099 -0.00670576 0.01188886 -0.005014121 -0.006340801 0.01208752 -0.009896099 -0.006321549 0.01209759 -0.005014121 -0.005955219 0.01228201 -0.009896099 -0.005930781 0.01229387 -0.005014121 -0.005563735 0.01246428 -0.009896099 -0.005533993 0.01247751 -0.005014121 -0.005166649 0.01263403 -0.009896099 -0.005131483 0.0126484 -0.005014121 -0.004764437 0.01279115 -0.009896099 -0.004723727 0.01280629 -0.005014121 -0.004357397 0.01293551 -0.009896099 -0.004311084 0.01295101 -0.005014121 -0.003946065 0.01306688 -0.009896099 -0.003894031 0.01308244 -0.005014121 -0.00353074 0.0131852 -0.009896099 -0.003472983 0.01320052 -0.005014121 -0.003111898 0.01329028 -0.009896099 -0.003048419 0.013305 -0.005014121 -0.002689898 0.01338207 -0.009896099 -0.002620697 0.01339578 -0.005014121 -0.002265274 0.01346045 -0.009896099 -0.002190232 0.01347291 -0.005014121 -0.001838326 0.01352542 -0.009896099 -0.001757562 0.01353615 -0.005014121 -0.00140959 0.0135768 -0.009896099 -0.001323103 0.0135855 -0.005014121 -9.7941e-4 0.01361459 -0.009896099 -8.87317e-4 0.01362091 -0.005014121 -5.4825e-4 0.01363879 -0.009896099 -4.50576e-4 0.01364237 -0.005014121 -1.16541e-4 0.01364934 -0.009896099 -1.33724e-5 0.01364982 -0.00745511 3.69565e-4 0.01364469 -0.009896099 0.002163887 0.01347726 -0.007702767 0.001757383 0.01353496 -0.005740523 0.002446651 0.01342827 -0.009896099 0.002594411 0.01340109 -0.005801975 0.003050506 0.01330322 -0.009896099 0.003234744 0.01325929 -0.007853209 0.003775715 0.01311695 -0.004794597 -0.00750786 0.01135593 -0.004551947 -0.007892072 0.0108006 -0.00560522 -0.00797224 0.01079148 -0.0103386 -0.004908382 0.0109297 -0.01019781 -0.00700134 0.009799599 -0.01020944 -0.005897879 0.01031035 -0.01011961 -0.006799638 0.009756505 -0.005528211 -0.0143308 0.004015326 -0.001055598 -0.01432913 0.003985285 -0.00115031 -0.01437854 0.00420016 -0.005712389 -0.01443809 0.004345417 0.001856207 -0.01446515 0.00438416 0.001598298 -0.01451915 0.004464387 0.004931569 -0.01445591 0.004375398 0.004711925 -0.01432716 0.003985941 -0.00224477 -0.01432192 0.003804326 -0.005713224 -0.01457494 0.00453341 0.004921019 -0.01457494 0.00453341 0.007020652 -0.01416641 0.004169046 0.009506762 -0.005909442 -0.01350563 0.009518146 -0.007377088 -0.01276189 0.00958532 -0.008892953 -0.0116477 0.009529888 -0.01051014 -0.01030963 0.009519934 -0.011366 -0.009369969 0.009511291 -0.0120576 -0.008492767 0.009587764 -0.01271766 -0.007276356 0.009518384 -0.01399087 -0.004609107 0.009559035 -0.01452922 -0.00205779 0.00959587 -0.01460182 7.86651e-4 0.009526252 -0.01440095 0.003094196 0.009535491 -0.01405256 0.004174113 0.00948435 -0.01331025 -0.006392836 0.009492337 -0.01466542 0.001612424 0.009489297 -0.01475977 -5.22258e-4 0.009492874 -0.009307086 -0.01146459 0.009486615 -0.01446181 -0.002994179 0.009506821 -0.01267576 -0.007561981 0.009471118 -0.008245348 -0.01226818 -0.01033633 -0.007064759 -0.01289492 -0.01032 -0.00831604 -0.01215702 -0.01033693 -0.00976938 -0.01097553 -0.01028078 -0.01042318 -0.01046162 -0.0103414 -0.01128906 -0.009435236 -0.01030951 -0.01208645 -0.008436024 -0.01032423 -0.01293861 -0.007012188 -0.01029294 -0.01362925 -0.005636334 -0.01025551 -0.0140708 -0.004501938 -0.01033139 -0.01453155 -0.002303183 -0.01031374 -0.01471096 -6.2123e-4 -0.01025944 -0.01477533 2.71192e-4 -0.01033508 -0.01465219 0.001340925 -0.01031178 -0.01437664 0.003203153 -0.01037365 -0.01392734 -0.004581093 -0.006144464 -0.01404309 0.004375576 -0.01033717 -0.01398175 0.004243075 -0.0102719 -0.0138458 0.004469335 -0.01019614 -0.0138573 0.00448209 -0.00823158 -0.01412051 0.004219889 -0.004596114 -0.01140815 0.003249228 0.003803849 -0.01140815 0.003249228 0.009603857 -0.01233226 0.003081381 0.009403944 -0.01247173 0.002937495 -0.006396114 -0.01387029 0.004496574 -0.006392657 -0.01353901 0.004127383 -0.006254851 -0.01310205 0.003640174 -0.005949795 -0.01272225 0.003216803 0.005603849 -0.01387029 0.004496574 0.005603849 -0.01359701 0.004191994 0.005497872 -0.01449793 0.005220711 0.005562126 -0.01335299 0.003919959 0.005397975 -0.01297926 0.003503322 0.00515753 -0.01272225 0.003216803 0.009486794 -0.01384246 0.004465579 0.009403884 -0.0138573 0.00448209 0.009403884 -0.02027952 0.02155035 0.007203876 -0.0202248 0.02138572 0.009403884 -0.02015811 0.02122563 0.007203876 -0.01996392 0.02088785 0.009403884 -0.01996392 0.02088785 0.007203876 -0.01972192 0.02058219 0.009403884 -0.01972192 0.02058219 0.009403884 -0.01953071 0.0204057 0.007203876 -0.01946407 0.02035009 0.007203876 -0.01932305 0.02024894 0.009403884 -0.01924896 0.0202037 0.007203876 -0.01902049 0.02007919 0.009403884 -0.0188995 0.02003145 0.007203876 -0.01877844 0.0199837 0.009403884 -0.02036392 0.02184695 0.009403884 -0.02043569 0.02205657 0.009403884 -0.02051901 0.02226191 0.009403884 -0.0206663 0.02255976 0.009403884 -0.02083522 0.02284592 0.009403884 -0.02096164 0.02302795 0.009403884 -0.02117079 0.0232861 0.004986941 -0.02999144 0.02807325 0.004919648 -0.03021734 0.02832514 0.00483638 -0.03038108 0.02850764 0.004721879 -0.03053611 0.0286805 0.004583716 -0.03068238 0.02884352 0.004418134 -0.0308153 0.02899175 0.004232645 -0.03093594 0.02912622 0.004096984 -0.03100734 0.02920585 0.003877997 -0.03109961 0.02930873 0.003645777 -0.03117609 0.02939397 0.003400564 -0.03123164 0.0294559 0.003062248 -0.03127658 0.02950602 0.009603857 -0.017102 0.0190382 0.009603857 -0.01774573 0.01941651 0.009603857 -0.01886129 0.01981174 0.009603857 -0.019598 0.02021515 0.009603857 -0.02004873 0.02065926 0.009603857 -0.02031689 0.02110081 0.009603857 -0.02050983 0.02162015 0.009603857 -0.02094113 0.02261996 0.009603857 -0.02132135 0.02315461 0.009603857 -0.02153766 0.02338457 0.009603857 -0.03305047 0.03454446 0.009603857 -0.03345233 0.03498625 0.009603857 -0.03373605 0.03535413 0.009603857 -0.03836715 0.03210616 0.009603857 -0.03394871 0.03569096 0.009603857 -0.03413879 0.03604102 0.009603857 -0.03442752 0.03683412 0.009603857 -0.03901809 0.03269523 0.009603857 -0.0346871 0.0383104 0.009603857 -0.03985261 0.0332688 0.009603857 -0.03472638 0.03886204 0.009603857 -0.034994 0.03990566 0.009603857 -0.03740298 0.04043477 0.009603857 -0.03726083 0.04028725 0.009603857 -0.0371291 0.04013043 0.009603857 -0.03813922 0.04287391 0.009603857 -0.03732901 0.04256093 0.009603857 -0.03550004 0.04092592 0.009603857 -0.03634637 0.04189127 0.009603857 -0.03923106 0.0430637 0.009603857 -0.03763526 0.04063564 0.009603857 -0.03788489 0.04081457 0.009603857 -0.03815323 0.04096394 0.009603857 -0.03843402 0.04108834 0.009603857 -0.04027605 0.04301607 0.009603857 -0.0386281 0.0411539 0.009603857 -0.03882616 0.04120612 0.009603857 -0.04111409 0.04278522 0.009603857 -0.03912901 0.04125702 0.009603857 -0.03953766 0.0412786 0.009603857 -0.03994548 0.04124432 0.009603857 -0.0402466 0.041184 0.009603857 -0.04228752 0.04215741 0.009603857 -0.0405389 0.04108989 0.009603857 -0.04082149 0.04096955 0.009603857 -0.04100185 0.04087251 0.009603857 -0.04125797 0.04070299 0.009603857 -0.0429185 0.04163432 0.009603857 -0.04149758 0.04051089 0.009603857 -0.0416451 0.04036879 0.009603857 -0.04372799 0.040497 0.009603857 -0.04408544 0.03965377 0.009603857 -0.0442515 0.03880113 0.009603857 -0.04426848 0.03786826 0.009603857 -0.04165011 0.0362004 0.009603857 -0.04185295 0.03643101 0.009603857 -0.04197365 0.03659653 0.009603857 -0.04406911 0.03690886 0.009603857 -0.04142719 0.03598916 0.009603857 -0.04224318 0.03434807 0.009603857 -0.04360681 0.0358327 0.009603857 -0.04274308 0.03477853 0.009603857 -0.04174596 0.03404879 0.009603857 -0.04092049 0.03564316 0.009603857 -0.04118174 0.03580462 0.009603857 -0.04064255 0.03551244 0.009603857 -0.04035395 0.03540748 0.009603857 -0.04005527 0.03533601 0.009603857 -0.04098379 0.0337246 0.009603857 -0.03964906 0.03528666 0.009603857 -0.03934192 0.03528439 0.009603857 -0.03903657 0.03531712 0.009603857 -0.03873544 0.03537744 0.009603857 -0.03844314 0.03547155 0.009603857 -0.04009491 0.03338986 0.009603857 -0.03816056 0.0355919 0.009603857 -0.03798019 0.03568893 0.009603857 -0.0378068 0.03579807 0.009603857 -0.03764134 0.03591883 0.009603857 -0.03748446 0.03605055 0.009603857 -0.03733694 0.03619265 0.009603857 -0.03719949 0.03634452 0.009603857 -0.03707265 0.03650546 0.009603857 -0.03695714 0.03667461 0.009603857 -0.03685349 0.03685128 0.009603857 -0.03672271 0.03712916 0.009603857 -0.0365917 0.03751683 0.009603857 -0.03652709 0.03781706 0.009603857 -0.03650236 0.03802043 0.009603857 -0.03649151 0.03822499 0.009603857 -0.03650331 0.03853183 0.009603857 -0.03654295 0.03883641 0.009603857 -0.03658771 0.03903627 0.009603857 -0.03668183 0.03932863 0.009603857 -0.03680217 0.03961116 0.009603857 -0.0369538 0.03987824 0.009603857 -0.0421313 0.03686004 0.009603857 -0.0422644 0.03713685 0.009603857 -0.04236513 0.03742694 0.009603857 -0.0424391 0.03772503 0.009603857 -0.04247015 0.0379275 0.009603857 -0.04248732 0.03813165 0.009603857 -0.04248511 0.03843873 0.009603857 -0.04245495 0.03874439 0.009603857 -0.04239034 0.03904461 0.009603857 -0.04225933 0.03943228 0.009603857 -0.04212856 0.03971016 0.009603857 -0.04202485 0.03988683 0.009603857 -0.04190933 0.04005599 0.009603857 -0.04178255 0.04021692 0.009264647 -0.007863342 0.01109349 0.007082521 -0.007827877 0.01118063 0.007399976 -0.007949829 0.01104837 0.0065943 -0.008003413 0.01089245 0.009228289 -0.007981956 0.01072221 0.007794559 -0.008019685 0.01076543 0.009547173 -0.007173299 0.01125085 0.009477794 -0.007793784 0.01087582 0.009600102 -0.007169008 0.01044148 0.00947231 -0.00712198 0.009992003 0.00957483 -0.005623281 0.01063251 0.008316338 -0.006925404 0.009657323 0.006423413 -0.007913172 0.01070475 0.006504535 -0.007907092 0.01055067 0.004224419 -0.007866322 0.01069539 0.00394994 -0.007884204 0.01103073 0.004221916 -0.007457792 0.01143211 0.009103834 -0.007453262 0.01143509 0.004221916 -0.007092416 0.01166236 0.009103834 -0.007083117 0.01166796 0.004221916 -0.006719946 0.01188087 0.009103834 -0.00670576 0.01188886 0.004221916 -0.006340801 0.01208752 0.009103834 -0.006321549 0.01209759 0.004221916 -0.005955219 0.01228201 0.009103834 -0.005930781 0.01229387 0.004221916 -0.005563735 0.01246428 0.009103834 -0.005533993 0.01247751 0.004221916 -0.005166649 0.01263403 0.009103834 -0.005131483 0.0126484 0.004221916 -0.004764437 0.01279115 0.009103834 -0.004723727 0.01280629 0.004221916 -0.004357397 0.01293551 0.009103834 -0.004311084 0.01295101 0.004221916 -0.003946065 0.01306688 0.009103834 -0.003894031 0.01308244 0.004221916 -0.00353074 0.0131852 0.009103834 -0.003472983 0.01320052 0.004221916 -0.003111898 0.01329028 0.009103834 -0.003048419 0.013305 0.004221916 -0.002689898 0.01338207 0.009103834 -0.002620697 0.01339578 0.004221916 -0.002265274 0.01346045 0.009103834 -0.002190232 0.01347291 0.004221916 -0.001838326 0.01352542 0.009103834 -0.001757562 0.01353615 0.004221916 -0.00140959 0.0135768 0.009103834 -0.001323103 0.0135855 0.004221916 -9.7941e-4 0.01361459 0.009103834 -8.87317e-4 0.01362091 0.004221916 -5.4825e-4 0.01363879 0.009103834 -4.50576e-4 0.01364237 0.004221916 -1.16541e-4 0.01364934 0.009103834 -1.33724e-5 0.01364982 0.004221916 3.15285e-4 0.01364618 0.009103834 4.23845e-4 0.01364326 0.004221916 7.46797e-4 0.01362937 0.009103834 8.60628e-4 0.0136227 0.005516052 0.00127542 0.01358956 0.009103834 0.001947462 0.01350843 0.004890799 0.002219617 0.01346641 0.009103834 0.002594411 0.01340109 0.00500071 0.002898156 0.01333713 0.009103834 0.003234744 0.01325929 0.005018055 0.00348854 0.01319509 0.009103834 0.00386846 0.01309031 0.005018055 0.004068851 0.01302939 0.009103834 0.004285752 0.01295965 0.005018055 0.004640281 0.01283544 0.009103834 0.00490266 0.01273721 0.005018055 0.005203723 0.01261913 0.009103834 0.005509555 0.01248866 0.005018055 0.005755782 0.01237547 0.009103834 0.00590676 0.01230579 0.007060945 0.006297886 0.01211029 0.006243705 -0.006543755 0.01020157 -0.003144383 -0.00459975 0.01171177 -0.003065228 -0.004793822 0.01201945 -0.002999663 -0.003783285 0.01167941 -0.002946078 -0.009353876 0.0114842 -3.96115e-4 -0.009564638 0.01132816 0.002153873 -0.009353876 0.0114842 -0.002946078 -0.009135186 0.01162898 0.002153873 -0.009135186 0.01162898 -0.002946078 -0.008909225 0.01176208 0.002153873 -0.008909225 0.01176208 -0.002946078 -0.008676648 0.01188319 0.002153873 -0.008676648 0.01188319 -0.002946078 -0.008437991 0.01199191 0.002153873 -0.008437991 0.01199191 -0.002946078 -0.008193969 0.012088 0.002153873 -0.008193969 0.012088 -0.002946078 -0.007945239 0.01217114 0.002153873 -0.007945239 0.01217114 -0.002946078 -0.007692515 0.01224112 0.002153873 -0.007692515 0.01224112 -0.002946078 -0.007436454 0.01229774 0.002153873 -0.007436454 0.01229774 -0.002946078 -0.00717777 0.0123409 0.002153873 -0.00717777 0.0123409 -0.002946078 -0.006917178 0.0123704 0.002153873 -0.006917178 0.0123704 -0.002946078 -0.006655395 0.0123862 0.002153873 -0.006655395 0.0123862 -0.002946078 -0.006393134 0.01238828 0.002153873 -0.006393134 0.01238828 -0.002946078 -0.006131172 0.0123766 0.002153873 -0.006131172 0.0123766 -0.002946078 -0.005870163 0.01235115 0.002153873 -0.005870163 0.01235115 -0.002946078 -0.005610823 0.01231211 0.002153873 -0.005610823 0.01231211 -0.002946078 -0.005353927 0.01225948 0.002153873 -0.005353927 0.01225948 -0.002946078 -0.005100131 0.0121935 0.002153873 -0.005100131 0.0121935 -0.002946078 -0.004850089 0.01211428 0.002153873 -0.004850089 0.01211428 0.002271652 -0.004904806 0.01205629 0.002341926 -0.004149079 0.01164579 -0.0102272 0.004981338 0.01083934 -0.01032286 0.003020882 0.01159071 -0.01018792 0.001005351 0.01181977 -0.01019471 -0.002375066 0.0116139 -0.01013058 -0.004693567 0.01084619 -0.01039606 -0.004010915 0.01141172 -0.01037186 -0.002209901 0.0118311 -0.01039606 -1.89059e-4 0.01216334 -0.01035702 3.3809e-4 0.01200646 -0.01039606 0.002512753 0.0119183 -0.01039606 0.004600346 0.01189786 -0.005231499 0.00560379 0.01089292 -0.006375849 0.005358934 0.01072579 -0.009996056 0.005433201 0.01076942 -0.009392738 0.005298435 0.01070326 -0.005606591 0.005221068 0.01067489 -0.008185982 0.005044281 0.01068663 -0.007763504 0.003858983 0.01060467 -0.007673263 0.004296839 0.01088678 -0.00780791 -0.004554867 0.01074177 -0.005252838 -0.006392717 0.01016658 -0.00439608 -0.007286906 0.010423 -0.00439608 -0.006838619 0.01027238 0.003603875 -0.007450342 0.01049208 0.006834149 -0.004174113 0.01043558 0.006700336 -0.004453659 0.01070719 0.009387314 -0.005161464 0.01066505 0.009319126 -0.004055082 0.01109027 0.009376108 -0.002610921 0.01155167 0.009350478 0.001085996 0.01177835 0.009420156 0.002902925 0.01150077 0.009507894 0.004796087 0.01098108 0.009503066 0.001542627 0.01183545 0.009540259 -2.84759e-4 0.01199191 0.009476363 -0.00348258 0.0113905 0.009564518 0.004083931 0.01131707 0.009568214 -0.001821637 0.01189804 0.009588479 0.002137124 0.01189631 0.009588479 -0.003169417 0.01165109 0.009603857 0.003987014 0.01148551 0.009603857 1.12456e-4 0.01215219 0.009603857 -0.004318356 0.01129448 0.006790399 0.005040585 0.01068669 0.007997095 0.005351483 0.01072257 0.007695436 0.005193412 0.01067858 0.004928767 0.005281865 0.01069808 0.009203851 0.005845189 0.01106756 0.004533648 0.005724787 0.01098084 0.003333866 0.005369484 0.01080626 -0.01019608 -0.03851598 0.03197264 -0.01019608 -0.03869497 0.03216236 -0.01019608 -0.03898173 0.03242826 -0.01019608 -0.03928565 0.03267443 -0.01019608 -0.03949886 0.03282469 -0.01019608 -0.03971934 0.03296405 -0.01019608 -0.04006314 0.03315049 -0.01019608 -0.04041862 0.03331351 -0.01019608 -0.04066246 0.03340619 -0.01019608 -0.04103541 0.03352701 -0.01019608 -0.04152518 0.03371512 -0.01019608 -0.04187893 0.0338878 -0.01019608 -0.04221624 0.03409075 -0.01019608 -0.04253852 0.03431677 -0.01019608 -0.04283982 0.03457015 -0.01019608 -0.04321032 0.03494161 -0.01019608 -0.04346287 0.03524357 -0.01019608 -0.04368805 0.03556638 -0.01019608 -0.04389011 0.03590422 -0.01019608 -0.04400879 0.03613841 -0.01019608 -0.04416173 0.0365011 -0.01019608 -0.04428893 0.03687363 -0.01019608 -0.04435616 0.03712737 -0.01019608 -0.04443013 0.03751403 -0.01019608 -0.04447686 0.03790491 -0.01019608 -0.04448974 0.03816705 -0.01019608 -0.04448145 0.03856062 -0.01019608 -0.04444569 0.03895264 -0.01019608 -0.04440355 0.03921175 -0.01019608 -0.04431343 0.03959494 -0.01019608 -0.04419666 0.03997087 -0.01019608 -0.04404753 0.04033517 -0.01019608 -0.04387331 0.04068815 -0.01019608 -0.04374086 0.04091483 -0.01019608 -0.0435968 0.04113423 -0.01019608 -0.0433582 0.04144734 -0.01019608 -0.04309833 0.04174304 -0.01019608 -0.04291164 0.04192757 -0.01019608 -0.04271548 0.04210209 -0.01019608 -0.04240381 0.04234254 -0.01019608 -0.04207611 0.04256057 -0.01019608 -0.04184794 0.04269039 -0.01019608 -0.04161322 0.04280799 -0.01019608 -0.04124987 0.04295933 -0.01019608 -0.04074972 0.04311794 -0.01019608 -0.04036551 0.04320365 -0.01019608 -0.03997528 0.0432555 -0.01019608 -0.03958243 0.04327988 -0.01019608 -0.03918892 0.04326987 -0.01019608 -0.03879708 0.04323232 -0.01019608 -0.03841 0.04316067 -0.01019608 -0.03790438 0.04302048 -0.01019608 -0.03753572 0.04288256 -0.01019608 -0.03718048 0.04271292 -0.01019608 -0.03683799 0.04251885 -0.01019608 -0.0365138 0.04229557 -0.01019608 -0.036206 0.04205018 -0.01019608 -0.0360127 0.04187256 -0.01019608 -0.03574216 0.04158663 -0.01019608 -0.0354923 0.04128241 -0.01019608 -0.03526997 0.04095757 -0.01019608 -0.03507095 0.040618 -0.01019608 -0.03490233 0.04026228 -0.01019608 -0.03475898 0.03989565 -0.01019608 -0.03468078 0.03964507 -0.01019608 -0.03459 0.03926205 -0.01019608 -0.03452628 0.03887355 -0.01019608 -0.03449428 0.03841716 -0.01019608 -0.03445929 0.03783947 -0.01019608 -0.03442442 0.03758609 -0.01019608 -0.03434729 0.03721034 -0.01019608 -0.03424572 0.03684043 -0.01019608 -0.03411418 0.03648012 -0.01019608 -0.03395932 0.03612917 -0.01019608 -0.03377622 0.03579211 -0.01019608 -0.03357142 0.03546774 -0.01019608 -0.03342097 0.03526091 -0.01019608 -0.03317552 0.03496611 -0.006396114 -0.03719496 0.04020887 -0.006396114 -0.03740298 0.04043477 -0.006396114 -0.03755486 0.04057228 -0.006396114 -0.03771573 0.04069906 -0.006396114 -0.03797322 0.04086643 -0.006396114 -0.0382449 0.04100966 -0.006396114 -0.03853106 0.04112112 -0.006396114 -0.03882616 0.04120612 -0.006396114 -0.03912901 0.04125702 -0.006396114 -0.03953766 0.0412786 -0.006396114 -0.03994548 0.04124432 -0.006396114 -0.0402466 0.041184 -0.006396114 -0.0405389 0.04108989 -0.006396114 -0.04082149 0.04096955 -0.006396114 -0.04100185 0.04087251 -0.006396114 -0.04125797 0.04070299 -0.006396114 -0.04149758 0.04051089 -0.006396114 -0.0416451 0.04036879 -0.006396114 -0.04178255 0.04021692 -0.006396114 -0.04190933 0.04005599 -0.006396114 -0.04202485 0.03988683 -0.006396114 -0.04217427 0.03961849 -0.006396114 -0.04229867 0.03933769 -0.006396114 -0.04239034 0.03904461 -0.006396114 -0.04245495 0.03874439 -0.006396114 -0.04248511 0.03843873 -0.006396114 -0.04247874 0.03802961 -0.006396114 -0.0424391 0.03772503 -0.006396114 -0.04236513 0.03742694 -0.006396114 -0.0422644 0.03713685 -0.006396114 -0.0421313 0.03686004 -0.006396114 -0.04197365 0.03659653 -0.006396114 -0.04178708 0.03635257 -0.006396114 -0.04157906 0.03612667 -0.006396114 -0.04134672 0.0359258 -0.006396114 -0.04109716 0.03574687 -0.006396114 -0.04092049 0.03564316 -0.006396114 -0.04064255 0.03551244 -0.006396114 -0.04035395 0.03540748 -0.006396114 -0.04015588 0.03535532 -0.006396114 -0.03995466 0.03531676 -0.006396114 -0.03964906 0.03528666 -0.006396114 -0.03934192 0.03528439 -0.006396114 -0.03913784 0.03530156 -0.006396114 -0.0388354 0.03535503 -0.006396114 -0.03853911 0.03543573 -0.006396114 -0.03825384 0.03554964 -0.006396114 -0.03798019 0.03568893 -0.006396114 -0.0378068 0.03579807 -0.006396114 -0.03764134 0.03591883 -0.006396114 -0.03748446 0.03605055 -0.006396114 -0.03733694 0.03619265 -0.006396114 -0.03719949 0.03634452 -0.006396114 -0.03707265 0.03650546 -0.006396114 -0.03695714 0.03667461 -0.006396114 -0.03680777 0.03694289 -0.006396114 -0.03668338 0.03722375 -0.006396114 -0.0365917 0.03751683 -0.006396114 -0.03652709 0.03781706 -0.006396114 -0.03649693 0.03812271 -0.006396114 -0.03650331 0.03853183 -0.006396114 -0.03654295 0.03883641 -0.006396114 -0.03658771 0.03903627 -0.006396114 -0.03668183 0.03932863 -0.006396114 -0.03680217 0.03961116 -0.006396114 -0.03689926 0.03979158 -0.006396114 -0.0370084 0.03996491 -0.005656063 -0.01344984 0.009269535 -0.005656063 -0.01378375 0.009641706 -0.005656063 -0.01558417 0.01193982 -0.005656063 -0.01944482 0.01595294 -0.005656063 -0.01620697 0.01242458 -0.005656063 -0.02770441 0.02977997 -0.005656063 -0.02817314 0.0256837 -0.005656063 -0.02717161 0.02456706 -0.005656063 -0.02448874 0.02157616 -0.005656063 -0.02176326 0.02402091 -0.005656063 -0.02465516 0.02682423 -0.005656063 -0.02573484 0.02787083 -0.005656063 -0.01632606 0.01875042 -0.005656063 -0.01557427 0.01446962 -0.005656063 -0.01022368 0.01283508 -0.005656063 -0.01432418 0.01437097 -0.005656063 -0.01406759 0.01226425 -0.005656063 -0.01368582 0.01313555 -0.005656063 -0.01075923 0.01168298 -0.005656063 -0.01026868 0.01120746 -0.005656063 -0.01388615 0.01395022 -0.005656063 -0.01492857 0.01459145 -0.005656063 -0.01626658 0.01381772 -0.005656063 -0.01641386 0.01288056 -0.005656063 -0.01476407 0.01185965 -0.005638539 -0.02995169 0.02810382 -0.005568742 -0.03017383 0.02835148 -0.005445182 -0.03038525 0.02858728 -0.005243659 -0.03060197 0.02882879 -0.004991292 -0.03079366 0.02904254 -0.0048936 -0.02885478 0.03089511 -0.0048936 -0.03106749 0.02891033 -0.004601597 -0.03119653 0.02905422 -0.004171967 -0.03131693 0.02918851 -0.00382936 -0.03136479 0.0292418 -0.003596067 -0.03137463 0.02925276 -0.005157947 -0.02866482 0.03071093 -0.005376279 -0.02844685 0.03049969 -0.005489647 -0.02828699 0.03034472 -0.005572199 -0.02811765 0.03018057 -0.005639076 -0.02788347 0.02995353 -0.003596067 -0.02932471 0.03109151 0.002803862 -0.02932471 0.03109151 0.002803862 -0.03137463 0.02925276 0.00484687 -0.02788347 0.02995353 0.004856824 -0.02989524 0.02804094 0.004863858 -0.02770441 0.02977997 0.004835784 -0.03000807 0.02816671 0.004733443 -0.030254 0.02844089 0.004571974 -0.03048515 0.02869862 0.004429459 -0.03062653 0.02885621 0.004259228 -0.03075349 0.02899771 0.004101395 -0.03106749 0.02891033 0.003910899 -0.03115791 0.02901118 0.003707766 -0.03123509 0.02909725 0.003379702 -0.03131693 0.02918851 0.003037154 -0.03136479 0.0292418 0.004765152 -0.02814561 0.03020769 0.004584014 -0.02844685 0.03049969 0.00444746 -0.02859699 0.03064525 0.004284083 -0.02873259 0.03077667 0.004101395 -0.02885478 0.03089511 0.004863858 -0.01344984 0.009269535 0.004863858 -0.01026868 0.01120746 0.004863858 -0.01075923 0.01168298 0.004863858 -0.01378375 0.009641706 0.004863858 -0.01581573 0.01205366 0.004863858 -0.01022368 0.01283508 0.004863858 -0.01414674 0.0121743 0.004863858 -0.01632606 0.01875042 0.004863858 -0.01400274 0.01406639 0.004863858 -0.01944482 0.01595294 0.004863858 -0.01565307 0.01445609 0.004863858 -0.0148198 0.01455348 0.004863858 -0.02448874 0.02157616 0.004863858 -0.01629012 0.0125761 0.004863858 -0.02717161 0.02456706 0.004863858 -0.02176326 0.02402091 0.004863858 -0.02465516 0.02682423 0.004863858 -0.02817314 0.0256837 0.004863858 -0.02573484 0.02787083 0.004863858 -0.01613742 0.01407235 0.004863858 -0.01370787 0.01299101 0.004863858 -0.0148313 0.01184678 0.004863858 -0.01642644 0.01336258 -0.006231665 -0.03321379 0.03500872 -0.006323516 -0.03338795 0.03521949 -0.00637114 -0.03352493 0.03540211 -0.006389856 -0.03361934 0.03553867 -0.006396114 -0.03377318 0.03578692 -0.006396114 -0.033957 0.03612452 -0.006396114 -0.03411257 0.03647613 -0.006396114 -0.03424465 0.03683716 -0.006396114 -0.03434669 0.03720784 -0.006396114 -0.03442412 0.03758436 -0.006396114 -0.03445917 0.03783833 -0.006396114 -0.03448164 0.03809368 -0.006396114 -0.03449678 0.03848105 -0.004499554 -0.03601723 0.03068453 -0.004196107 -0.03600001 0.03066533 -0.004454851 -0.03413093 0.03236466 -0.004792809 -0.03417587 0.03241473 -0.004881918 -0.0360732 0.03074693 -0.005154132 -0.03426969 0.03251928 -0.005239665 -0.03617942 0.03086531 -0.00555706 -0.03443586 0.03270459 -0.005665183 -0.03637981 0.0310887 -0.005751729 -0.03454989 0.03283166 -0.005946457 -0.03470385 0.03300333 -0.006008088 -0.03664153 0.03138047 -0.006156325 -0.0349217 0.03324621 -0.006201922 -0.03686839 0.03163343 -0.006258487 -0.03508055 0.0334233 -0.006296098 -0.03703117 0.03181487 -0.006335318 -0.03524565 0.03360742 -0.006339669 -0.0371384 0.03193444 -0.006368994 -0.03535878 0.03373354 -0.006370961 -0.03724753 0.03205609 -0.006389319 -0.03547334 0.03386121 -0.006389796 -0.03735798 0.03217923 -0.006396114 -0.03746902 0.03230303 0.003403842 -0.03600001 0.03066533 0.005603849 -0.03746902 0.03230303 0.005603849 -0.03370821 0.03567641 0.005597531 -0.03735798 0.03217923 0.005586922 -0.03541606 0.03379738 0.005578696 -0.03724753 0.03205609 0.005547404 -0.0371384 0.03193444 0.005543053 -0.03524565 0.03360742 0.005503833 -0.03703117 0.03181487 0.005415201 -0.03500109 0.03333479 0.005349993 -0.03679078 0.03154689 0.005231678 -0.03477311 0.03308057 0.005141377 -0.03656983 0.03130054 0.005076766 -0.03463459 0.03292614 0.00497061 -0.03643774 0.03115332 0.004959464 -0.03454989 0.03283166 0.00466901 -0.03627109 0.03096753 0.004764795 -0.03443586 0.03270459 0.004477977 -0.03430789 0.03256195 0.004332065 -0.03613841 0.03081965 0.004164755 -0.03421145 0.03245443 0.004005849 -0.03605729 0.03072917 0.003917455 -0.03416019 0.03239727 0.003664612 -0.03601151 0.03067815 0.003662645 -0.03413093 0.03236466 0.005588293 -0.03357213 0.03547042 0.005531311 -0.03338795 0.03521949 0.005366623 -0.03311312 0.03489893 0.005603849 -0.03448659 0.03822177 0.009403884 -0.03447294 0.0380308 0.005603849 -0.03445917 0.03783833 0.009403884 -0.03442442 0.03758609 0.005603849 -0.03442412 0.03758436 0.009403884 -0.03437709 0.03733468 0.005603849 -0.03437662 0.03733247 0.009403884 -0.03428161 0.03696316 0.005603849 -0.03428071 0.03696018 0.009403884 -0.03416192 0.03659874 0.005603849 -0.03416055 0.03659498 0.009403884 -0.03401285 0.03624534 0.005603849 -0.03401082 0.03624087 0.009403884 -0.03384089 0.03590244 0.005603849 -0.03383815 0.03589743 0.009403884 -0.03364145 0.03557479 0.009403884 -0.03342097 0.03526091 0.009403884 -0.03317552 0.03496611 0.002803862 -0.008796334 0.009760856 0.002962946 -0.009971797 0.008715212 0.00287348 -0.01347941 0.005561769 0.004849672 -0.01123797 0.01003873 0.004801213 -0.01104521 0.009838223 0.004722416 -0.01087492 0.009660184 0.004623293 -0.01072442 0.009502053 0.004532217 -0.01061689 0.009389996 0.004434406 -0.00994575 0.009807288 0.004247307 -0.01037663 0.009139358 0.004088401 -0.01027858 0.009035527 0.003940105 -0.009623229 0.009480297 0.003683686 -0.01010489 0.008854985 0.003406524 -0.0100311 0.008776962 0.003160953 -0.009404182 0.00925821 0.002808749 -0.01345258 0.005584597 0.002738416 -0.01496267 0.007374346 0.002869129 -0.01431936 0.00649935 0.002817869 -0.01570415 0.008076488 0.002703845 -0.01556795 0.00818634 0.002703845 -0.01333141 0.005692958 0.005253851 -0.0166248 0.007193148 -0.006046056 -0.0166248 0.007193148 0.004921019 -0.01681965 0.00703597 -0.005713224 -0.01681965 0.00703597 -0.005788624 -0.01680558 0.007047295 -0.006272435 -0.01643216 0.007348537 0.00548911 -0.01641535 0.007362067 -0.006296098 -0.0163654 0.00740236 -0.003693819 -0.01565062 0.007978975 0.005503833 -0.01565062 0.007978975 0.005503833 -0.0163654 0.00740236 -0.006296098 -0.01565062 0.007978975 0.004994451 -0.01601344 0.006163477 -0.003583252 -0.01344883 0.005587816 -0.003517031 -0.01440668 0.006771981 -0.003613173 -0.01443135 0.006652832 -0.003613173 -0.01570659 0.008074522 -0.003696084 -0.01572388 0.008060634 -0.00349611 -0.01333141 0.005692958 -0.00349611 -0.01556795 0.00818634 -0.003644049 -0.008797168 0.009761631 -0.003801465 -0.009974956 0.008718311 -0.005632162 -0.01090568 0.01024156 -0.004024207 -0.009999334 0.008743941 -0.004243433 -0.01003962 0.008786439 -0.004398882 -0.0100798 0.008828639 -0.004547894 -0.01012855 0.00887984 -0.00473231 -0.009623289 0.009480297 -0.004932582 -0.01030892 0.009067714 -0.005152881 -0.01046067 0.009227454 -0.005302548 -0.01059341 0.009366869 -0.005388677 -0.01068997 0.009468197 -0.00549823 -0.0108478 0.009633541 -0.005584359 -0.01101958 0.00981301 -0.004750907 -0.006584107 0.01189768 -0.00474292 -0.005543768 0.01242166 -0.004697859 -0.004503607 0.01281517 -0.00474292 -0.003239631 0.01320827 -0.004592955 -0.002500653 0.0132969 -0.004849076 -0.001364111 0.01356154 -0.00474292 -4.61719e-4 0.01359087 -0.004749059 5.2712e-4 0.01358973 -0.00745511 8.03713e-4 0.01362603 -0.004339575 9.37045e-4 0.01330208 -0.004320681 -7.87801e-5 0.0133382 -0.004275202 -0.006820201 0.01141482 -0.003890693 -0.004238188 0.0119543 -0.004310011 -0.004418671 0.01257938 -0.004247367 -0.002605974 0.01300495 -0.007499933 0.001272737 0.01359021 -0.004481077 -0.001350045 0.01341378 -0.004447638 -0.005768001 0.01215112 -0.01039606 -0.00445646 0.0122444 -0.01037472 -0.005694806 0.01198774 -0.01038306 -0.003520727 0.01275676 -0.01039606 6.3621e-5 0.0130698 -0.01032978 -0.001034736 0.01331853 -0.01032102 6.5494e-4 0.01335597 -0.01033979 0.002577364 0.0131002 -0.0103808 0.004109799 0.01259678 -0.01032477 0.005542278 0.01217716 -0.0100969 0.005986869 0.01218855 -0.007853209 0.005922496 0.01229822 -0.007853209 0.006297886 0.01211029 -0.01015746 -0.005117237 0.01253914 -0.01027733 -0.003719806 0.01291829 -0.01019644 -0.002380967 0.01329731 -0.01026725 0.004357159 0.01274329 -0.01017981 -0.006145894 0.01205611 -0.01011943 0.002513587 0.01333743 -0.01008117 0.004214763 0.01291698 -0.01005297 -0.006970942 0.0116924 -0.01006436 -0.003383696 0.01318049 -0.01004844 -0.001645207 0.01351493 -0.0100575 -2.31634e-4 0.01360511 -0.0100665 0.001238167 0.01355147 -0.01003056 -0.004509866 0.01285713 -0.007853209 0.004177272 0.01299452 -0.007853209 0.004574894 0.01285982 -0.007853209 0.005061686 0.01267588 -0.007853209 0.005541503 0.01247447 0.005276679 -0.01411646 0.004280924 -0.002209961 -0.01433318 0.003701865 -0.006159305 -0.01480126 0.005332291 -0.005810201 -0.01508092 0.005137979 0.00569266 -0.0138573 0.00448209 -0.006459474 -0.01385968 0.004484713 -0.005413353 -0.01163262 0.003499507 -0.006396114 -0.01285266 0.004859626 -0.006379783 -0.01268321 0.004670798 -0.006199419 -0.01226401 0.004203438 -0.006296098 -0.01572388 0.008060634 -0.005780816 -0.01184386 0.003735005 -0.004962027 -0.01147872 0.003327965 0.005503833 -0.01572388 0.008060634 0.005603849 -0.01285266 0.004859626 0.005587518 -0.01268321 0.004670798 0.005482494 -0.01238071 0.004333555 0.005331814 -0.0121473 0.004073321 0.004988551 -0.01184386 0.003735005 0.004621088 -0.01163262 0.003499507 0.004169762 -0.01147872 0.003327965 -0.006286919 -0.01450091 0.005243301 0.005641818 -0.01386201 0.004487335 0.009403884 -0.03450202 0.03861218 0.009403884 -0.03452628 0.03887355 0.009403884 -0.03459 0.03926205 0.009403884 -0.03468078 0.03964507 0.009403884 -0.03475898 0.03989565 0.009403884 -0.03485029 0.04014176 0.009403884 -0.03501266 0.0405004 0.009403884 -0.0351997 0.04084676 0.009403884 -0.0354163 0.04117542 0.009403884 -0.03565537 0.04148817 0.009403884 -0.03592085 0.0417788 0.009403884 -0.036206 0.04205018 0.009403884 -0.0365138 0.04229557 0.009403884 -0.03683799 0.04251885 0.009403884 -0.03718048 0.04271292 0.009403884 -0.03753572 0.04288256 0.009403884 -0.03777992 0.04297882 0.009403884 -0.03815537 0.04309725 0.009403884 -0.03853815 0.0431891 0.009403884 -0.03892749 0.0432471 0.009403884 -0.03945118 0.04327881 0.009403884 -0.03984469 0.0432682 0.009403884 -0.04023575 0.0432232 0.009403884 -0.04062271 0.04315096 0.009403884 -0.04087674 0.04308485 0.009403884 -0.04124987 0.04295933 0.009403884 -0.04161322 0.04280799 0.009403884 -0.04184794 0.04269039 0.009403884 -0.04207611 0.04256057 0.009403884 -0.04240381 0.04234254 0.009403884 -0.04271548 0.04210209 0.009403884 -0.04291164 0.04192757 0.009403884 -0.04318666 0.04164594 0.009403884 -0.04344135 0.04134583 0.009403884 -0.04366886 0.04102456 0.009403884 -0.04387331 0.04068815 0.009403884 -0.04399359 0.04045486 0.009403884 -0.04410147 0.04021555 0.009403884 -0.04423779 0.03984624 0.009403884 -0.04434794 0.03946834 0.009403884 -0.04440355 0.03921175 0.009403884 -0.04445987 0.03882217 0.009403884 -0.04448878 0.03842961 0.009403884 -0.0444833 0.03803598 0.009403884 -0.04445028 0.03764373 0.009403884 -0.04440999 0.03738433 0.009403884 -0.04432255 0.03700053 0.009403884 -0.04420846 0.03662377 0.009403884 -0.04406189 0.03625839 0.009403884 -0.04382473 0.03579044 0.009403884 -0.04361677 0.03545618 0.009403884 -0.04346287 0.03524357 0.009403884 -0.04321032 0.03494161 0.009403884 -0.04293721 0.03465807 0.009403884 -0.04264044 0.0343995 0.009403884 -0.04232627 0.03416228 0.009403884 -0.0419926 0.03395348 0.009403884 -0.0416451 0.03376853 0.009403884 -0.04128277 0.03361463 0.009403884 -0.0407865 0.03344631 0.009403884 -0.04041862 0.03331351 0.009403884 -0.04017978 0.03320878 0.009403884 -0.03983289 0.03302812 0.009403884 -0.03939229 0.03274959 0.009403884 -0.03908026 0.03251367 0.009403884 -0.03878909 0.0322526 0.009403884 -0.03851598 0.03197264 0.005603849 -0.03733187 0.04036104 0.005603849 -0.03755486 0.04057228 0.005603849 -0.03780031 0.04075682 0.005603849 -0.03806155 0.04091829 0.005603849 -0.03833943 0.041049 0.005603849 -0.0386281 0.0411539 0.005603849 -0.03882616 0.04120612 0.005603849 -0.03902739 0.04124468 0.005603849 -0.03933298 0.04127478 0.005603849 -0.03974217 0.0412684 0.005603849 -0.04014664 0.04120641 0.005603849 -0.04044294 0.04112571 0.005603849 -0.04072821 0.04101181 0.005603849 -0.04100185 0.04087251 0.005603849 -0.04117524 0.04076337 0.005603849 -0.04141914 0.04057675 0.005603849 -0.0416451 0.04036879 0.005603849 -0.04178255 0.04021692 0.005603849 -0.04190933 0.04005599 0.005603849 -0.04202485 0.03988683 0.005603849 -0.04212856 0.03971016 0.005603849 -0.04225933 0.03943228 0.005603849 -0.04236423 0.03914368 0.005603849 -0.0424357 0.038845 0.005603849 -0.04247969 0.03854101 0.005603849 -0.04248893 0.03823405 0.005603849 -0.04247015 0.0379275 0.005603849 -0.0424391 0.03772503 0.005603849 -0.04239434 0.03752517 0.005603849 -0.04230016 0.03723281 0.005603849 -0.04217988 0.03695029 0.005603849 -0.04202824 0.0366832 0.005603849 -0.04185295 0.03643101 0.005603849 -0.04165011 0.0362004 0.005603849 -0.04142719 0.03598916 0.005603849 -0.04126632 0.03586238 0.005603849 -0.04100883 0.03569501 0.005603849 -0.04073715 0.03555178 0.005603849 -0.04045099 0.03544032 0.005603849 -0.04015588 0.03535532 0.005603849 -0.03985303 0.03530442 0.005603849 -0.03944438 0.03528285 0.005603849 -0.03913784 0.03530156 0.005603849 -0.0388354 0.03535503 0.005603849 -0.03853911 0.03543573 0.005603849 -0.03825384 0.03554964 0.005603849 -0.03798019 0.03568893 0.005603849 -0.0378068 0.03579807 0.005603849 -0.03764134 0.03591883 0.005603849 -0.03748446 0.03605055 0.005603849 -0.03733694 0.03619265 0.005603849 -0.03719949 0.03634452 0.005603849 -0.03707265 0.03650546 0.005603849 -0.03695714 0.03667461 0.005603849 -0.03685349 0.03685128 0.005603849 -0.03672271 0.03712916 0.005603849 -0.03661781 0.03741776 0.005603849 -0.03654634 0.03771644 0.005603849 -0.03650236 0.03802043 0.005603849 -0.03649151 0.03822499 0.005603849 -0.03649473 0.03842979 0.005603849 -0.03652739 0.03873515 0.005603849 -0.03658771 0.03903627 0.005603849 -0.03664606 0.03923267 0.005603849 -0.03675991 0.03951787 0.005603849 -0.03689926 0.03979158 0.005603849 -0.03706872 0.04004764 0.009224832 0.00637871 0.01199674 0.009330689 0.005675137 0.01232969 0.009346783 0.004284024 0.01286405 0.009292244 0.003487706 0.01314574 0.009256243 0.002534508 0.01337742 0.009331107 0.001261889 0.01351511 0.009387552 2.03575e-4 0.01353585 0.009246706 -8.31053e-4 0.01359224 0.009238362 -0.001754462 0.01350998 0.009220242 -0.002937376 0.01330929 0.009339928 -0.004615843 0.01275348 0.009210705 -0.00481975 0.0127514 0.009312391 -0.005960941 0.01220047 0.009292244 -0.007150471 0.01156818 0.009600758 -0.005167007 0.01202344 0.009548127 -0.005415916 0.01219898 0.009476184 -0.003427624 0.01300597 0.009390592 -0.001906156 0.01341247 0.009575724 -0.001545369 0.01318156 0.009533107 -4.43596e-4 0.0133717 0.009603857 0.001431047 0.01299947 0.009557783 0.001676321 0.01322078 0.00948286 0.002771198 0.01318025 0.009581029 0.003684401 0.01275247 0.009557425 0.005583107 0.01208543 0.009603857 0.005261838 0.01178324 0.00347048 0.001793384 0.01286691 0.003473997 2.59014e-4 0.01329559 0.003878712 0.001105964 0.01350945 0.003759443 1.72428e-4 0.01352202 0.004056811 2.26984e-4 0.01363098 0.003983616 -8.86108e-4 0.01358079 0.003938257 -0.002382516 0.01337826 0.004003763 -0.003552436 0.01314622 0.003950715 -0.004459798 0.01285117 0.003926455 -0.005463182 0.01243418 0.003954529 -0.007041931 0.01163113 0.003414928 -0.001169383 0.01317483 0.003580808 -0.001029372 0.01336807 0.003618597 -0.002510964 0.01319813 0.003723442 -0.003776192 0.01296555 0.003370642 -0.003296434 0.01271587 0.003523409 -0.004596531 0.0125311 0.003473937 -0.006135404 0.011783 0.003124058 -0.004171133 0.01202839 0.003625333 -0.007545053 0.01111412 0.002278923 -0.006233215 0.0123018 0.002275109 -0.00763899 0.01215344 0.002217829 -0.008440494 0.01195538 0.002289891 -0.009613394 0.01113986 -3.96115e-4 -0.009766936 0.01116126 0.002353847 -0.005218505 0.01197642 -0.00307852 -0.005952656 0.01227146 -0.003066062 -0.007259845 0.01224839 -0.003055214 -0.008297801 0.01199597 -0.003066778 -0.009124577 0.0115543 -0.003011107 -0.009767293 0.01112955 -0.00305736 -0.01007568 0.01061379 -0.003142595 -0.007816314 0.0119245 -0.003701269 -0.005491197 0.01158082 -0.004056096 0.003026604 0.0122357 -0.004514455 0.001773416 0.01298856 -0.003896772 0.004770457 0.01158243 -0.004525005 0.005224287 0.01156365 -0.004307448 0.004013538 0.01198345 -0.01009064 0.006069123 0.01125514 -0.0103411 0.005820393 0.01134777 -0.008924663 0.006302475 0.01139855 -0.005363523 0.006075143 0.01134353 0.002153873 -0.009609758 0.009005129 -0.002946078 -0.009609758 0.009005129 0.009386777 0.005201637 0.01075416 0.009543538 0.005730986 0.01125717 0.009362578 0.005822122 0.01109945 0.007060945 0.006384313 0.01146656 0.009340167 0.006374776 0.01159983 0.003234088 0.004871428 0.01160144 0.003137171 0.003206133 0.01213908 0.003618776 0.003862738 0.01204389 0.003853142 0.002737224 0.01243585 -0.006396114 -0.03851598 0.03197264 -0.006396114 -0.0407865 0.03344631 -0.006396114 -0.04041862 0.03331351 -0.006396114 -0.04017978 0.03320878 -0.006396114 -0.03983289 0.03302812 -0.006396114 -0.03949886 0.03282469 -0.006396114 -0.03928565 0.03267443 -0.006396114 -0.03898173 0.03242826 -0.006396114 -0.03869497 0.03216236 -0.006396114 -0.03452628 0.03887355 -0.006396114 -0.03456425 0.03913331 -0.006396114 -0.03461581 0.03939074 -0.006396114 -0.03468078 0.03964507 -0.006396114 -0.03475898 0.03989565 -0.006396114 -0.03485029 0.04014176 -0.006396114 -0.03495436 0.0403828 -0.006396114 -0.03507095 0.040618 -0.006396114 -0.0351997 0.04084676 -0.006396114 -0.0353403 0.04106843 -0.006396114 -0.0354923 0.04128241 -0.006396114 -0.03565537 0.04148817 -0.006396114 -0.035829 0.04168504 -0.006396114 -0.0360127 0.04187256 -0.006396114 -0.036206 0.04205018 -0.006396114 -0.03640836 0.04221737 -0.006396114 -0.03661924 0.04237377 -0.006396114 -0.03683799 0.04251885 -0.006396114 -0.03706413 0.04265224 -0.006396114 -0.03729689 0.0427736 -0.006396114 -0.03753572 0.04288256 -0.006396114 -0.03777992 0.04297882 -0.006396114 -0.03802889 0.04306215 -0.006396114 -0.03828185 0.0431323 -0.006396114 -0.03866761 0.04321068 -0.006396114 -0.03905791 0.04326194 -0.006396114 -0.03931993 0.0432778 -0.006396114 -0.03958243 0.04327988 -0.006396114 -0.03997528 0.0432555 -0.006396114 -0.04036551 0.04320365 -0.006396114 -0.04062271 0.04315096 -0.006396114 -0.04100185 0.04304516 -0.006396114 -0.04149299 0.04286056 -0.006396114 -0.04184794 0.04269039 -0.006396114 -0.04207611 0.04256057 -0.006396114 -0.04229718 0.04241901 -0.006396114 -0.04261302 0.04218405 -0.006396114 -0.04291164 0.04192757 -0.006396114 -0.04309833 0.04174304 -0.006396114 -0.04327505 0.0415489 -0.006396114 -0.04351907 0.04124003 -0.006396114 -0.04374086 0.04091483 -0.006396114 -0.04387331 0.04068815 -0.006396114 -0.04399359 0.04045486 -0.006396114 -0.0441491 0.04009324 -0.006396114 -0.04427891 0.0397216 -0.006396114 -0.04437577 0.03934001 -0.006396114 -0.04444569 0.03895264 -0.006396114 -0.04447412 0.03869169 -0.006396114 -0.04448926 0.03829836 -0.006396114 -0.04447686 0.03790491 -0.006396114 -0.04445028 0.03764373 -0.006396114 -0.04440999 0.03738433 -0.006396114 -0.04435616 0.03712737 -0.006396114 -0.04428893 0.03687363 -0.006396114 -0.04420846 0.03662377 -0.006396114 -0.04406189 0.03625839 -0.006396114 -0.04389011 0.03590422 -0.006396114 -0.04375934 0.03567659 -0.006396114 -0.04353982 0.03534984 -0.006396114 -0.043298 0.0350393 -0.006396114 -0.0430299 0.03475099 -0.006396114 -0.04264044 0.0343995 -0.006396114 -0.04232627 0.03416228 -0.006396114 -0.0419926 0.03395348 -0.006396114 -0.0416451 0.03376853 -0.006396114 -0.04128277 0.03361463 -0.005714535 -0.0287739 0.03081667 -0.005548596 -0.02885478 0.03089511 -0.006082594 -0.028198 0.03025847 -0.006196081 -0.02679347 0.02889698 -0.006050467 -0.02574419 0.02787983 -0.006004154 -0.02544027 0.02823364 -0.004296064 -0.02817314 0.0256837 -0.004296064 -0.02523851 0.02831602 -0.005848467 -0.02536982 0.02819824 -0.004296064 -0.02717161 0.02456706 -0.004296064 -0.0241068 0.02731615 -0.005830883 -0.02425372 0.02718436 -0.006037533 -0.02464723 0.02681648 -0.006037533 -0.02177119 0.02402865 -0.006196081 -0.02320921 0.02542257 -0.006135821 -0.02434927 0.02696943 -0.006098747 -0.02160823 0.02427136 -0.004296064 -0.02448874 0.02157616 -0.004296064 -0.02126693 0.02446615 -0.005848467 -0.02139818 0.02434837 -0.003748357 -0.02453851 0.02163159 -0.00349611 -0.02425664 0.02131742 -0.003996074 -0.02459055 0.02168959 -0.004296064 -0.01944482 0.01595294 -0.003567337 -0.02487713 0.02109855 -0.003525733 -0.02617019 0.01980942 -0.00349611 -0.01940989 0.01591396 -0.004296064 -0.01893651 0.01527309 -0.004296064 -0.02459055 0.02168959 -0.004296064 -0.01577764 0.01924228 -0.005830883 -0.01592457 0.01911056 -0.006075859 -0.0163052 0.01873022 -0.006075859 -0.01024448 0.01285529 -0.006196081 -0.01036763 0.01297461 -0.006196081 -0.01618212 0.01861083 -0.00612998 -0.01607286 0.0188775 -0.006125628 -0.01006925 0.01314401 -0.005848467 -0.009858608 0.01316249 -0.004296064 -0.009727299 0.01328027 -0.004058599 -0.01286804 0.01046311 -0.004296064 -0.01378375 0.009641706 -0.003821074 -0.01393824 0.009503126 -0.004296064 -0.01393824 0.009503126 -0.004976093 -0.01060998 0.01181685 -0.005550563 -0.01034945 0.0115112 -0.004296064 -0.01344984 0.009269535 -0.004296064 -0.01075923 0.01168298 -0.004370808 -0.01065891 0.01177293 -0.004410982 -0.009598851 0.01083672 -0.005356073 -0.01425898 0.01245105 -0.005356073 -0.01449793 0.01225978 -0.005356073 -0.01480984 0.01213181 -0.005356073 -0.01505416 0.01210379 -0.005356073 -0.01532769 0.01214104 -0.005356073 -0.01574468 0.01235961 -0.005356073 -0.01604479 0.01272374 -0.005356073 -0.01614046 0.01307785 -0.005356073 -0.01610028 0.01353281 -0.005356073 -0.0159325 0.01385909 -0.005356073 -0.01571643 0.01407593 -0.005356073 -0.01533162 0.01426213 -0.005356073 -0.01505821 0.01430034 -0.005356073 -0.01469761 0.01423287 -0.005356073 -0.01435118 0.01404023 -0.005356073 -0.01412731 0.0137881 -0.005356073 -0.01398563 0.01337039 -0.005356073 -0.01399511 0.01293051 -0.005356073 -0.01409244 0.01267176 -0.004296064 -0.03106749 0.02891033 -0.004296064 -0.02827316 0.03141212 -0.005157589 -0.02826786 0.03141075 -0.005725204 -0.028517 0.03102117 -0.004296064 -0.02999907 0.02771931 -0.004219412 -0.03019613 0.02793896 -0.00386995 -0.03041291 0.02818059 -0.003596067 -0.03046649 0.02824038 0.002803862 -0.02893739 0.03097039 0.002803862 -0.02905195 0.03108626 0.002803862 -0.02910619 0.03111934 0.001448273 -0.02927917 0.03112 0.002803862 -0.02882927 0.03083229 0.002803862 -0.02874207 0.03064763 0.002803862 -0.02900528 0.02955108 0.002803862 -0.02867776 0.03039318 0.002803862 -0.02867317 0.03027617 0.002803862 -0.02868229 0.03015941 0.002803862 -0.02875638 0.0299077 0.002803862 -0.02888673 0.02968043 0.002803862 -0.03046649 0.02824038 -0.003596067 -0.02910619 0.03111934 -0.001162767 -0.02909219 0.03111565 -0.003596067 -0.02905195 0.03108626 -0.001471102 -0.0292297 0.0311318 -0.003596067 -0.02897697 0.03101354 -0.003596067 -0.02881789 0.03080487 -0.003596067 -0.02900528 0.02955108 -0.003596067 -0.02870726 0.03053635 -0.003596067 -0.02867317 0.03027617 -0.003596067 -0.02868229 0.03015941 -0.003596067 -0.028705 0.03004449 -0.003596067 -0.02880799 0.02980315 -0.001196086 -0.02890479 0.02965736 0.003503859 -0.03106749 0.02891033 0.003503859 -0.02830642 0.03138697 0.004416227 -0.02830034 0.03137558 0.004785656 -0.02885097 0.03089141 0.005092084 -0.02857202 0.03062099 0.005340158 -0.0281043 0.03016763 0.005392849 -0.02786678 0.02993738 0.005403876 -0.02679347 0.02889698 0.005221247 -0.02573597 0.02787184 0.00525856 -0.02553212 0.02813106 0.002972066 -0.03044825 0.02822005 0.003503859 -0.02999907 0.02771931 0.003488957 -0.03009009 0.02782076 0.003304839 -0.03031295 0.02806919 0.004791855 -0.01050561 0.01162791 0.004555761 -0.009576559 0.01068705 0.004663884 -0.01060998 0.01181685 0.003792107 -0.009315609 0.01056218 0.003703832 -0.01060998 0.01181685 0.003503859 -0.01344984 0.009269535 0.003503859 -0.01075923 0.01168298 0.00355798 -0.01047295 0.01157498 0.003503859 -0.009727299 0.01328027 0.005061447 -0.009851336 0.01317113 0.005289137 -0.01024693 0.01285767 0.003266334 -0.01286804 0.01046311 0.003503859 -0.01378375 0.009641706 0.003240466 -0.01394659 0.009508132 0.00525397 -0.01631337 0.01873815 0.005403876 -0.01618212 0.01861083 0.005403876 -0.01036763 0.01297461 0.005367279 -0.01010739 0.01308345 0.005343317 -0.0160337 0.01889973 0.003503859 -0.01944482 0.01595294 0.003503859 -0.01577764 0.01924228 0.005038678 -0.01592457 0.01911056 0.002763032 -0.02519172 0.02076637 0.002753615 -0.02439522 0.02147185 0.002703845 -0.02425664 0.02131742 0.002992153 -0.02454847 0.02164268 0.003203868 -0.02459055 0.02168959 0.003503859 -0.02459055 0.02168959 0.003503859 -0.02448874 0.02157616 0.002703845 -0.01940989 0.01591396 0.003503859 -0.01921874 0.01568132 0.003503859 -0.02126693 0.02446615 0.005007982 -0.02134239 0.02440094 0.005245327 -0.02177119 0.02402865 0.005245327 -0.02464723 0.02681648 0.005403876 -0.02320921 0.02542257 0.005364537 -0.02163678 0.02429121 0.005365014 -0.02438902 0.02691316 0.003503859 -0.02717161 0.02456706 0.003503859 -0.0241068 0.02731615 0.005038678 -0.02425372 0.02718436 0.003503859 -0.02817314 0.0256837 0.003503859 -0.02523851 0.02831602 0.004942357 -0.02525633 0.02832156 0.004563868 -0.0157907 0.01402091 0.004563868 -0.0159325 0.01385909 0.004563868 -0.01610028 0.01353281 0.004563868 -0.01614046 0.01307785 0.004563868 -0.01604479 0.01272374 0.004563868 -0.01589173 0.01249396 0.004563868 -0.01556795 0.01224094 0.004563868 -0.01517713 0.01211047 0.004563868 -0.01484048 0.01212829 0.004563868 -0.0145778 0.01221346 0.004563868 -0.01428306 0.0124318 0.004563868 -0.0140658 0.01272737 0.004563868 -0.01397144 0.0130819 0.004563868 -0.01399612 0.0134775 0.004563868 -0.01415753 0.01382309 0.004563868 -0.01450139 0.01414638 0.004563868 -0.01485985 0.01427662 0.004563868 -0.01530253 0.01427233 0.004563868 -0.01556062 0.01417422 0.005343973 -0.0369324 0.03170478 0.005401074 -0.0370357 0.03181993 0.005466759 -0.03722298 0.03202873 0.005168735 -0.03671461 0.03146195 0.004944741 -0.03651791 0.03124266 0.004767715 -0.03640276 0.03111428 0.004463434 -0.03626179 0.03095716 0.004130125 -0.03615444 0.03083753 0.00389409 -0.03610551 0.03078293 0.003650486 -0.03607755 0.03075176 0.003403842 -0.03606677 0.03073978 -0.004196107 -0.03606677 0.03073978 -0.004442751 -0.03607755 0.03075176 -0.004765689 -0.03612047 0.03079962 -0.00507462 -0.03619658 0.03088444 -0.005460917 -0.0363534 0.03105926 -0.005736947 -0.03651791 0.03124266 -0.005940854 -0.03669059 0.03143519 -0.006147503 -0.03695905 0.03173446 -0.006238043 -0.03714168 0.03193807 -0.006279945 -0.03730434 0.03211939 -0.006296098 -0.03746902 0.03230303 0.005501747 -0.03502315 0.03442651 0.005603849 -0.03851598 0.03197264 0.005603849 -0.03878909 0.0322526 0.005603849 -0.03908026 0.03251367 0.005603849 -0.03928565 0.03267443 0.005603849 -0.03960907 0.03289437 0.005603849 -0.03450202 0.03861218 0.005603849 -0.03994649 0.0330922 0.005603849 -0.03452628 0.03887355 0.005603849 -0.04017978 0.03320878 0.005603849 -0.04041862 0.03331351 0.005603849 -0.04440999 0.03738433 0.005603849 -0.04435616 0.03712737 0.005603849 -0.04066246 0.03340619 0.005603849 -0.04428893 0.03687363 0.005603849 -0.04103541 0.03352701 0.005603849 -0.04416173 0.0365011 0.005603849 -0.04140532 0.03366166 0.005603849 -0.04400879 0.03613841 0.005603849 -0.0416451 0.03376853 0.005603849 -0.04389011 0.03590422 0.005603849 -0.04187893 0.0338878 0.005603849 -0.04375934 0.03567659 0.005603849 -0.04210621 0.03401917 0.005603849 -0.04361677 0.03545618 0.005603849 -0.04232627 0.03416228 0.005603849 -0.04346287 0.03524357 0.005603849 -0.04253852 0.03431677 0.005603849 -0.043298 0.0350393 0.005603849 -0.04274237 0.03448218 0.005603849 -0.04312264 0.03484392 0.005603849 -0.04293721 0.03465807 0.005603849 -0.04445028 0.03764373 0.005603849 -0.04447686 0.03790491 0.005603849 -0.04448926 0.03829836 0.005603849 -0.04447412 0.03869169 0.005603849 -0.04442459 0.03908222 0.005603849 -0.04434794 0.03946834 0.005603849 -0.04427891 0.0397216 0.005603849 -0.0441491 0.04009324 0.005603849 -0.04399359 0.04045486 0.005603849 -0.04387331 0.04068815 0.005603849 -0.04374086 0.04091483 0.005603849 -0.04351907 0.04124003 0.005603849 -0.04327505 0.0415489 0.005603849 -0.04300498 0.0418353 0.005603849 -0.04271548 0.04210209 0.005603849 -0.0425105 0.04226607 0.005603849 -0.04218661 0.04248982 0.005603849 -0.04184794 0.04269039 0.005603849 -0.04161322 0.04280799 0.005603849 -0.04137271 0.04291313 0.005603849 -0.04100185 0.04304516 0.005603849 -0.04062271 0.04315096 0.005603849 -0.04036551 0.04320365 0.005603849 -0.03997528 0.0432555 0.005603849 -0.03958243 0.04327988 0.005603849 -0.03918892 0.04326987 0.005603849 -0.03866761 0.04321068 0.005603849 -0.03828185 0.0431323 0.005603849 -0.03790438 0.04302048 0.005603849 -0.03753572 0.04288256 0.005603849 -0.03729689 0.0427736 0.005603849 -0.03695106 0.04258555 0.005603849 -0.03661924 0.04237377 0.005603849 -0.03630721 0.0421338 0.005603849 -0.0360127 0.04187256 0.005603849 -0.03574216 0.04158663 0.005603849 -0.0354923 0.04128241 0.005603849 -0.03526997 0.04095757 0.005603849 -0.03507095 0.040618 0.005603849 -0.03490233 0.04026228 0.005603849 -0.03475898 0.03989565 0.005603849 -0.03468078 0.03964507 0.005603849 -0.03461581 0.03939074 0.005603849 -0.03456425 0.03913331 0.00350666 -0.008878707 0.01002842 0.002703845 -0.008778274 0.009785234 0.002703845 -0.02606642 0.01969408 0.002703845 -0.01770091 0.01160538 0.002703845 -0.01565092 0.008119463 0.002703845 -0.01688885 0.01073825 0.002703845 -0.01820629 0.0132122 0.002703845 -0.01924675 0.01572269 0.002703845 -0.01909345 0.01552343 0.002703845 -0.01879024 0.01504647 0.002776443 -0.0185734 0.01462924 0.002703845 -0.01799196 0.01222079 0.002703845 -0.0157392 0.0101872 0.002703845 -0.0145722 0.009811699 0.002703845 -0.0125274 0.008241117 0.002703845 -0.01388555 0.009468436 0.002703845 -0.01291793 0.00867176 0.002703845 -0.01342719 0.009138047 0.002703845 -0.009726703 0.01074391 0.002703845 -0.009136199 0.01038825 0.002966523 -0.009655058 0.01078796 -0.00349611 -0.02606642 0.01969408 -0.00349611 -0.01822435 0.01331508 -0.00349611 -0.01565092 0.008119463 -0.00349611 -0.01779955 0.01178151 -0.00349611 -0.01710802 0.01090669 -0.00349611 -0.0125274 0.008241117 -0.00349611 -0.0149334 0.009964466 -0.00349611 -0.0160467 0.01028227 -0.00349611 -0.008796334 0.009760856 -0.00349611 -0.009754419 0.01072841 -0.00349611 -0.009072065 0.0102241 -0.00349611 -0.0130518 0.00880444 -0.00349611 -0.01404827 0.009563684 -0.00349611 -0.0134747 0.009179174 -0.00349611 -0.01804983 0.01241463 -0.00349611 -0.0187295 0.01493656 -0.00349611 -0.01906025 0.01546984 -0.005424559 -0.009736835 0.01088249 -0.004650831 -0.009003579 0.01012933 -0.00389564 -0.008781433 0.009888052 -0.01003205 0.006436288 0.01183933 -0.007853209 0.006380319 0.01205134 -0.007725536 0.00648123 0.01189833 -0.006959438 0.006505489 0.0116921 -0.008108556 0.006441473 0.01153355 -0.005631685 0.005384206 0.01248478 -0.005596041 0.004333555 0.01287114 -0.005678892 0.003150045 0.0132575 -0.005451917 0.002827942 0.01322162 -0.005341231 0.004725694 0.01242977 -0.005014836 0.002084374 0.01303631 -0.005194962 0.003237426 0.01267731 0.005271017 -0.01431328 0.004642426 -0.005744516 -0.01552712 0.005598664 -0.006296098 -0.03653562 0.03398054 -0.006296098 -0.01643872 0.007483959 -0.006296098 -0.0392251 0.03288722 -0.006293237 -0.03433996 0.03499698 -0.006253361 -0.03413915 0.03556424 0.005443394 -0.03421413 0.03558725 0.005503118 -0.03668969 0.03390634 0.005503833 -0.0392251 0.03288722 0.005503833 -0.01643872 0.007483959 0.006805598 0.006499767 0.01168471 0.006550252 0.006482601 0.01189863 0.00731635 0.006374061 0.012057 0.002906739 -0.005859375 0.01147705 0.004342138 0.001813471 0.0133593 0.004026234 0.001969754 0.01296412 0.004864752 0.003391325 0.01318275 0.004557013 0.003234148 0.01294189 0.004837572 0.005920231 0.01224613 0.004703581 0.004410624 0.01278531 0.004477679 0.004959046 0.01218926 0.004665017 0.005520343 0.01229488 0.004904031 0.004728734 0.01278465 0.002353847 -0.006415784 0.01127189 0.002353847 -0.005207955 0.01156181 -0.001671075 -0.01027786 0.01012217 -0.001033604 -0.01027774 0.00991255 0.002153873 -0.01027786 0.01012217 -0.001033604 -0.01025193 0.0103302 -0.003146111 -0.005941212 0.01142418 -0.004386484 0.005559146 0.01108586 -0.005663871 0.00643897 0.01189917 -0.005376696 0.006189227 0.0117737 -0.005009591 0.004649341 0.01199156 -0.003010749 -0.009696602 0.008992254 -8.49337e-4 -0.009821891 0.00897926 -1.68436e-4 -0.009659588 0.00897473 0.002208113 -0.009774208 0.00900948 0.003638029 0.005439758 0.01137888 0.004681706 0.006264567 0.01155102 0.004839301 0.006428837 0.01189005 -0.006117939 -0.02784699 0.03040301 -0.006189465 -0.0264554 0.02907067 -0.004296064 -0.02514809 0.02843803 -0.004296064 -0.02517044 0.02898555 -0.004296064 -0.02762454 0.03137379 -0.004483699 -0.02806329 0.03149908 -0.004674851 -0.02777779 0.03146761 -0.004629015 -0.02507948 0.02873414 -0.004983603 -0.02663052 0.03041028 -0.004296064 -0.03181898 0.02608686 -0.004296064 -0.02640086 0.02006572 -0.004296064 -0.02118766 0.02455961 -0.004296064 -0.02125275 0.02519732 -0.004296064 -0.02342492 0.02730292 -0.004296064 -0.02392482 0.02741122 -0.004774272 -0.02366048 0.0274232 -0.004440426 -0.02112436 0.02490496 -0.005214631 -0.02119261 0.02507585 -0.005506217 -0.02515238 0.02887517 -0.005603075 -0.02513247 0.0284838 -0.006182432 -0.02282965 0.02558428 -0.005696952 -0.02399277 0.02733826 -0.005897223 -0.0223242 0.02561676 -0.005431532 -0.02233886 0.02625012 -0.005533456 -0.02111929 0.02481716 -0.005749344 -0.02124691 0.02454262 -0.004296064 -0.01750189 0.01569288 -0.004296064 -0.01657009 0.01600497 -0.003933548 -0.01719403 0.0155645 -0.004296064 -0.01572871 0.01633059 -0.004296064 -0.01507645 0.01639437 -0.004296064 -0.01442462 0.01633429 -0.004296064 -0.01509577 0.01922911 -0.004296064 -0.01360434 0.01603055 -0.004296064 -0.01305669 0.01569825 -0.004296064 -0.009713172 0.0140115 -0.004296064 -0.01281952 0.01549059 -0.004296064 -0.01257544 0.01521587 -0.004296064 -0.01216816 0.01453161 -0.004296064 -0.01188516 0.01359504 -0.004296064 -0.01188355 0.01288878 -0.004296064 -0.01207661 0.01204806 -0.004296064 -0.01245129 0.01135832 -0.004296004 -0.0128296 0.01054948 -0.004296064 -0.009614229 0.01344776 -0.004808545 -0.009589135 0.01377314 -0.004870951 -0.01523643 0.0193184 -0.004296064 -0.01552522 0.0193513 -0.004296064 -0.01861232 0.01471394 -0.006196081 -0.01593792 0.01882988 -0.005843341 -0.01570647 0.01918166 -0.006058275 -0.01286619 0.01618248 -0.005668103 -0.01396131 0.01789152 -0.005565166 -0.01558321 0.0193327 -0.005431532 -0.01509577 0.01922911 -0.006196081 -0.01012343 0.0131936 -0.005937099 -0.009865343 0.01321548 -0.005431532 -0.009713172 0.0140115 -0.0055269 -0.009564638 0.01360368 -0.005621194 -0.0096336 0.01340997 -0.003803789 -0.01286727 0.01063734 -0.003632962 -0.01312243 0.01053369 -0.003621101 -0.01444655 0.009758472 -0.003693044 -0.01400172 0.009541034 -0.003721892 -0.01320564 0.01020687 -0.004296064 -0.01026868 0.01120746 -0.004325211 -0.01008754 0.01121973 -0.004296064 -0.01363897 0.009302496 -0.004296064 -0.0133531 0.009083092 -0.004294693 -0.01302063 0.008777499 -0.003621101 -0.01581013 0.01399648 -0.003621101 -0.01544857 0.01422458 -0.003621101 -0.01518118 0.01429319 -0.003621101 -0.01481533 0.01426655 -0.003621101 -0.01444941 0.0141139 -0.003621101 -0.01419878 0.01388841 -0.003621101 -0.01406759 0.01368039 -0.003621101 -0.01396489 0.01324975 -0.003621101 -0.01401209 0.01287132 -0.003621101 -0.01409244 0.01267176 -0.003621101 -0.01436454 0.01236212 -0.003621101 -0.01472157 0.01215916 -0.003621101 -0.01505416 0.01210379 -0.003621101 -0.0152986 0.01213091 -0.003621101 -0.01553088 0.01221168 -0.003621101 -0.01587313 0.01248997 -0.003621101 -0.01611971 0.01295727 -0.003621101 -0.01614099 0.0133531 -0.003621101 -0.0160005 0.01375687 -0.005242943 -0.02813059 0.03140306 0.002803862 -0.03228724 0.02660721 -0.003596067 -0.03228724 0.02660721 0.003503859 -0.03181898 0.02608686 0.003503859 -0.02640086 0.02006572 0.003503859 -0.02762454 0.03137379 0.003503859 -0.02811396 0.03148186 0.004041492 -0.02786755 0.03147464 0.003503859 -0.02522438 0.02904725 0.003503859 -0.02517044 0.02898555 0.004363179 -0.02514272 0.02893739 0.004267215 -0.02508085 0.0287131 0.003503859 -0.02510368 0.02855074 0.003503859 -0.02342492 0.02730292 0.003503859 -0.02125275 0.02519732 0.003503859 -0.02392482 0.02741122 0.003938496 -0.02362811 0.02741384 0.004365324 -0.02117669 0.02509409 0.004436075 -0.02112334 0.02483391 0.003503859 -0.0211119 0.02481919 0.003503859 -0.02118766 0.02455961 0.00457853 -0.02620434 0.02999711 0.004785656 -0.02840596 0.03115618 0.005208313 -0.02809971 0.03069019 0.005386948 -0.02763807 0.03019267 0.005389392 -0.02630823 0.02895414 0.005477786 -0.01651126 0.007425427 -0.006269991 -0.01651126 0.007425427 0.005445301 -0.01654893 0.007395088 0.00506246 -0.01684731 0.007154345 -0.006237506 -0.01654893 0.007395088 0.004978179 -0.01688426 0.007124543 0.004921019 -0.01689296 0.007117509 -0.005854666 -0.01684731 0.007154345 -0.005713224 -0.01689296 0.007117509 -0.005770385 -0.01688426 0.007124543 0.003503859 -0.01363897 0.009302496 0.003503859 -0.01321947 0.008962333 0.003503859 -0.01026868 0.01120746 0.003500521 -0.009842097 0.01107245 0.003417313 -0.009916245 0.01102155 0.004221022 -0.009629607 0.01389932 0.003503859 -0.009713172 0.0140115 0.004639327 -0.009713172 0.0140115 0.00478214 -0.00960046 0.01353389 0.003577172 -0.009604573 0.01353615 0.005402743 -0.01176971 0.01480907 0.002935051 -0.01327544 0.01014417 0.0028342 -0.01409626 0.00959599 0.002832055 -0.01319539 0.01040631 0.002991616 -0.01303398 0.01090466 0.003503859 -0.01282173 0.01057374 0.002953648 -0.01285529 0.01056253 0.003503859 -0.01244568 0.01135432 0.003488719 -0.01273614 0.01099008 0.003503859 -0.01217579 0.01183372 0.003503859 -0.01188486 0.01283627 0.003503859 -0.01188302 0.01354253 0.003503859 -0.01205831 0.01430767 0.003503859 -0.01238089 0.01493597 0.003503859 -0.01289707 0.01556158 0.003503859 -0.01509577 0.01922911 0.003503859 -0.01335793 0.01590865 0.003503859 -0.01367765 0.01608991 0.003503859 -0.01396912 0.01620995 0.003503859 -0.01442462 0.01633429 0.003503859 -0.01507645 0.01639437 0.003503859 -0.01588076 0.01628911 0.003503859 -0.01650303 0.01604515 0.003503859 -0.01745021 0.01571327 0.003191351 -0.0172075 0.01560312 0.003503859 -0.01754212 0.01567393 0.003503859 -0.01887375 0.01518845 0.003503859 -0.01861232 0.01471394 0.003503859 -0.01558524 0.01933717 0.004171192 -0.01532113 0.01934176 0.005403876 -0.01593792 0.01882988 0.004639327 -0.01509577 0.01922911 0.004807412 -0.01566332 0.01931536 0.005050837 -0.01572149 0.019185 0.005403041 -0.02320098 0.02588695 0.004639327 -0.02233886 0.02625012 0.004924416 -0.0212292 0.02458715 0.004784464 -0.02394133 0.02740299 0.005066454 -0.02404278 0.02723979 0.00489819 -0.02518683 0.02866524 0.005156636 -0.02678894 0.02986001 0.002828836 -0.01437413 0.01235008 0.002828836 -0.01469153 0.01216608 0.002828836 -0.01496201 0.01211088 0.002828836 -0.01545476 0.01219433 0.002828836 -0.0158506 0.01244813 0.002828836 -0.01601797 0.01266819 0.002828836 -0.01611971 0.01295727 0.002828836 -0.01614779 0.013323 0.002828836 -0.01605671 0.01364761 0.002828836 -0.0158534 0.01395308 0.002828836 -0.01564222 0.01413094 0.002828836 -0.01542085 0.01423805 0.002828836 -0.01518118 0.01429319 0.002828836 -0.01474076 0.01424789 0.002828836 -0.01447361 0.01413309 0.002828836 -0.01417809 0.01384598 0.002828836 -0.01401329 0.01353669 0.002828836 -0.01399177 0.01297658 0.002828836 -0.01412516 0.01261949 0.005454182 -0.03451406 0.03435599 0.005393326 -0.03435796 0.03419208 0.005339682 -0.03425955 0.03408855 0.005246043 -0.0339092 0.03414571 0.005106866 -0.03397339 0.03378838 0.004968166 -0.03363519 0.03386324 0.004784941 -0.03372931 0.03353255 0.004660189 -0.03365999 0.03346002 0.004410564 -0.03355044 0.03334659 0.004179596 -0.03347355 0.03326618 0.003963828 -0.03342407 0.03321403 0.003768324 -0.03339314 0.0331813 0.003573596 -0.03337609 0.03316366 0.003403842 -0.03247201 0.03396421 -0.004196107 -0.03247201 0.03396421 -0.00433439 -0.03292489 0.03356474 -0.006275713 -0.03462332 0.03446692 -0.006238341 -0.03448706 0.03432589 -0.006185531 -0.03435796 0.03419208 -0.004583537 -0.03339678 0.0331856 -0.004888832 -0.03345322 0.03324496 -0.005150496 -0.03352999 0.03332471 -0.005321264 -0.03359735 0.03339445 -0.005539417 -0.03371036 0.033513 -0.005798339 -0.03388494 0.03369581 -0.005960583 -0.03403866 0.03385555 -0.006102085 -0.03421503 0.03404152 0.003203868 -0.02640086 0.02006572 0.00308752 -0.02639061 0.02005434 0.002928495 -0.02634215 0.02000051 0.003055751 -0.03224575 0.02656114 0.002769052 -0.0262221 0.01986712 -0.0037207 -0.02634215 0.02000051 -0.003848016 -0.03224575 0.02656114 -0.004121243 -0.03212708 0.02642923 -0.004246771 -0.03157675 0.02661699 -0.0039379 -0.02639573 0.02006006 0.003379642 -0.03207635 0.02637284 0.003383338 -0.03127282 0.02707904 0.003488957 -0.03122788 0.02680015 0.00308752 -0.02548545 0.02086627 0.002896845 -0.02542173 0.02079522 0.002828836 -0.01829302 0.01367503 0.002994716 -0.01860845 0.01470565 0.002828836 -0.01506119 0.009999215 0.002828836 -0.01650708 0.0104978 0.002828836 -0.01750963 0.01133912 0.002828836 -0.01800405 0.01226997 0.003493547 -0.01292395 0.008680045 0.00334078 -0.01270645 0.008440732 0.002874076 -0.01253265 0.008247017 0.003121554 -0.0125795 0.008299171 0.002843856 -0.01010322 0.01041871 -0.003623843 -0.0184915 0.01441949 -0.003709614 -0.01858991 0.01466542 -0.003821074 -0.01861232 0.01471394 -0.003621101 -0.01814973 0.01298427 -0.003784418 -0.02545362 0.02083075 -0.003767251 -0.009644031 0.01079231 -0.003596067 -0.009754419 0.01072841 -0.003666281 -0.01253265 0.008247017 -0.00391376 -0.0125795 0.008299171 -0.004083156 -0.01266318 0.008392512 -0.004239201 -0.01281809 0.008564889 -0.003621101 -0.01558798 0.010145 -0.003621101 -0.01784241 0.0119006 -0.003621101 -0.01686191 0.01073336 -0.004817128 0.00293678 0.01243543 -0.006258547 -0.03627175 0.03407835 -0.006188929 -0.03488302 0.03523248 -0.005846083 -0.03538358 0.03488814 -0.005283594 -0.03443038 0.03562384 -0.005596101 -0.03421348 0.03569829 -0.005596041 -0.03394114 0.03564357 -0.006117463 -0.03351706 0.03518337 -0.005326688 -0.03664213 0.03392833 -0.006219804 -0.03745913 0.0334475 -0.005596101 -0.03733736 0.03355479 -0.005326747 -0.03814566 0.03325718 -0.003944337 -0.03843462 0.03318852 -0.006222605 -0.03875529 0.03306901 -0.003246068 -0.03871703 0.03313863 -0.003246068 -0.03898113 0.03310573 -0.006096065 -0.03923493 0.03308695 -0.005761265 -0.0399357 0.03299635 -0.006278038 -0.03928118 0.03283691 -0.006257891 -0.02895361 0.02126008 -0.006237506 -0.03933036 0.0327928 -0.006280303 -0.03044992 0.02298998 -0.006293594 -0.02732813 0.01957708 0.005339443 -0.03646826 0.03404712 0.005389571 -0.03514045 0.03504705 0.004553854 -0.03538358 0.03488814 0.005393326 -0.03361451 0.03522419 0.004540026 -0.03387188 0.03560596 0.004803836 -0.03408491 0.03569161 0.004678845 -0.03434783 0.03566551 0.005481064 -0.03610247 0.03421127 0.005465686 -0.02717679 0.01927918 0.005445301 -0.03933036 0.0327928 0.00548911 -0.03927284 0.03284442 0.005488038 -0.02820461 0.02048683 0.005501389 -0.02860653 0.02100235 0.005409002 -0.0386579 0.03311848 0.004985511 -0.03969621 0.03308373 0.002453863 -0.03924661 0.03308641 0.005303859 -0.03897053 0.0331068 0.005303859 -0.03870737 0.03314006 0.004803836 -0.03842544 0.03319108 0.004803836 -0.03804343 0.033288 0.005333244 -0.03755283 0.03345364 0.004678845 -0.0373634 0.03354066 0.005053877 -0.03678762 0.03384393 0.002643465 -0.00434637 0.01163142 0.004404962 0.00264579 0.01286673 0.004229307 0.004403293 0.01207995 0.00225991 -0.01010406 0.009478211 2.41385e-4 -0.009913921 0.01101177 2.41385e-4 -0.01007646 0.01078486 0.002271413 -0.01014924 0.01039296 2.41385e-4 -0.01019406 0.01053166 -0.001033604 -0.01026034 0.009773731 -0.001033604 -0.01020866 0.009570598 -7.73648e-5 -0.01009875 0.009314 -7.14865e-4 -0.009951233 0.009094834 -0.003076255 -0.0101493 0.009851634 -0.003019273 -0.0100429 0.009291052 -0.005749285 -0.0277692 0.03086221 -0.005894899 -0.02726036 0.03039568 -0.005900621 -0.02582633 0.02900695 -0.003687441 -0.0313729 0.02741932 -0.003870427 -0.03133249 0.02737432 -0.004121243 -0.03121697 0.02724558 -0.005431056 -0.02682733 0.03056722 -0.005508601 -0.02282285 0.02668827 -0.003797411 -0.01773869 0.01549077 -0.003943383 -0.01304012 0.01112306 -0.00376904 -0.01655954 0.0153979 -0.003659546 -0.0158618 0.01560932 -0.003679692 -0.01519817 0.01577699 -0.003679692 -0.01463502 0.01574629 -0.003679692 -0.01405012 0.01557236 -0.003679692 -0.01355493 0.01530259 -0.003679692 -0.01326519 0.01506167 -0.003679692 -0.01298749 0.01474189 -0.003679692 -0.01265174 0.01412349 -0.003679692 -0.01248824 0.01339191 -0.003669381 -0.01253163 0.01279985 -0.00366342 -0.01271003 0.01219975 -0.00366944 -0.01296597 0.01171654 -0.006191194 -0.01295363 0.01599264 -0.006165742 -0.01345932 0.0165742 -0.00548309 -0.01261579 0.01681458 -0.005566298 -0.01529365 0.01929551 -0.005551159 -0.01195961 0.01613259 -0.005577623 -0.009617626 0.01373255 -0.003759622 -0.01046556 0.01012259 -0.004218757 -0.01089709 0.01023524 -0.004066884 -0.01057869 0.01023733 -0.004291355 -0.01088386 0.01054811 -0.003950774 -0.01051712 0.01017498 -0.003621816 -0.01712626 0.01536291 -0.003621101 -0.01307481 0.01177281 -0.003630161 -0.01263582 0.01364111 -0.003621101 -0.01417464 0.01517331 -3.96115e-4 -0.02886354 0.03087973 -3.96115e-4 -0.02877229 0.03072994 -3.96115e-4 -0.02871185 0.03056526 -3.96115e-4 -0.02867776 0.03039318 -3.96115e-4 -0.02867317 0.03027617 -3.96115e-4 -0.02868229 0.03015941 -3.96115e-4 -0.028705 0.03004449 -3.96115e-4 -0.02876538 0.0298798 0.003171384 -0.031304 0.02734261 0.002940118 -0.03136688 0.02741271 0.004579961 -0.02735656 0.03106838 0.004909217 -0.02754598 0.03081464 -0.005713224 -0.03887432 0.0316233 0.004921019 -0.03887432 0.0316233 0.003492057 -0.01085638 0.0105198 0.003385245 -0.01084828 0.01018381 0.003225147 -0.01054799 0.01020687 0.003100037 -0.01084202 0.00984323 0.002979397 -0.0104649 0.01012206 0.004690885 -0.01232564 0.01653337 0.004739165 -0.01137959 0.01558202 0.004982769 -0.01116865 0.01500707 0.005071163 -0.009766101 0.01339262 0.005382597 -0.01274955 0.01586037 0.00302726 -0.01751542 0.01568973 0.002939045 -0.01759976 0.01554095 0.002944409 -0.01658815 0.01534795 0.002972483 -0.01309347 0.01140987 0.002887427 -0.01278275 0.01200926 0.002887427 -0.01251178 0.01278209 0.002883851 -0.01249378 0.01339507 0.002887427 -0.01258426 0.01394754 0.002887427 -0.01274222 0.01434051 0.002883195 -0.01311624 0.01488822 0.002887427 -0.01367384 0.01537913 0.002887427 -0.01404744 0.01557868 0.002887427 -0.01440411 0.01570022 0.002887427 -0.01491588 0.01577711 0.002887427 -0.01533931 0.01576834 0.002887427 -0.01595389 0.01561284 0.005155742 -0.01565593 0.01906979 0.004757285 -0.01532095 0.01931351 0.005378723 -0.02257388 0.02539438 0.005075931 -0.0229538 0.02627635 0.0047459 -0.02186906 0.02573841 0.004715621 -0.02318733 0.02702963 0.004718184 -0.02616608 0.02993124 0.002828836 -0.01613748 0.01539516 0.002828836 -0.01324641 0.01445025 0.002828836 -0.01308673 0.01155936 0.002837121 -0.01739585 0.01536911 0.004390835 -0.03314369 0.03491324 0.003601849 -0.03243452 0.03413307 0.001298725 -0.03244036 0.03400158 -4.77081e-4 -0.03241449 0.03406757 0.004342794 -0.03261971 0.03424805 -0.00116527 -0.0324248 0.03418976 -3.96115e-4 -0.03246635 0.03425669 0.004928827 -0.03304928 0.03479015 0.005112111 -0.03308135 0.0346778 -0.005369305 -0.03273999 0.03439283 -6.32731e-4 -0.03319621 0.0349642 -0.004449605 -0.03244292 0.03414022 0.004241526 -0.03632891 0.0341323 -0.001780569 -0.03946101 0.03308123 -0.005016505 -0.03746336 0.03347486 -0.004656255 -0.0402643 0.03313833 0.004504621 -0.04032337 0.03314769 8.7534e-4 -0.04002034 0.03310847 -0.003061115 -0.03975248 0.03308761 -0.005854666 -0.03883075 0.0316624 -0.005712211 -0.0398637 0.03260129 0.00506246 -0.03883075 0.0316624 0.004926443 -0.03974467 0.03247761 0.005171239 -0.03971427 0.03292477 -0.003655493 -0.01775157 0.01534521 -0.003640294 -0.0130828 0.0147041 -0.003638625 -0.01436573 0.01555562 -0.004378139 -0.03904211 0.03179967 0.004908621 -0.03908622 0.03184169 -0.001718759 -0.03926378 0.03200882 -0.001675724 -0.03997874 0.03252893 0.004622638 -0.04016482 0.03263342 -0.004125952 -0.04025959 0.03268212 6.65087e-4 -0.04041755 0.03275924 -0.005788624 -0.03886091 0.03163534 -0.005744516 -0.02910095 0.02073121 -0.005830824 -0.02894777 0.0206139 -0.005789518 -0.02526575 0.01647555 0.004968345 -0.03911858 0.03188377 0.005038559 -0.02743357 0.0189259 0.004952311 -0.02975946 0.02146536 0.004997313 -0.02851885 0.0201022 0.002846896 -0.01553279 0.01564878 0.002848505 -0.01402926 0.0154435 0.002845168 -0.01280391 0.01425451 0.0028463 -0.01265895 0.01259404 -0.005017101 -0.0346325 0.03540015 -0.004904568 -0.03378087 0.03540331 -0.004918098 -0.03538054 0.03474557 -0.004896104 -0.03668498 0.03376799 0.004177331 -0.03760939 0.0333839 0.004239439 -0.03833901 0.03319215 0.004151761 -0.03824323 0.03315967 0.004111588 -0.03816741 0.03308159 0.004106521 -0.03598612 0.03426617 -8.40054e-5 -0.03831791 0.033194 -0.004963457 -0.03826582 0.03317236 -0.001244127 -0.03825402 0.03316682 -0.004910051 -0.03818559 0.03310191 0.004530727 -0.04047501 0.03280717 0.001370549 -0.04054516 0.03289377 -4.94567e-4 -0.04050475 0.03281843 5.25509e-4 -0.04038637 0.03314679 3.12196e-4 -0.04054886 0.03298056 -0.005328357 -0.04049873 0.03283095 0.004633247 -0.04038727 0.03306567 -0.005656301 -0.0395599 0.0322324 9.12963e-4 -0.0394271 0.03214657 8.96756e-4 -0.03960919 0.03228551 -0.001696288 -0.03978484 0.03240728 0.004215538 -0.0346055 0.03542309 0.004137158 -0.03405725 0.03554672 0.003902494 -0.03351289 0.03518098 0.004737734 -0.0400483 0.03257888 -0.004436492 -0.03342485 0.03502899 -0.00434488 -0.03480088 0.03378164 -0.004224479 -0.03344905 0.03496849 -0.004783928 -0.03479206 0.03420293 -0.004576742 -0.03509074 0.03365778 -0.004881203 -0.03517448 0.03418177 -0.004895925 -0.03396594 0.03543126 -5.69517e-4 -0.03323841 0.03498715 0.001109838 -0.03339582 0.03499418 0.003403842 -0.03345888 0.03495967 0.003555178 -0.03601729 0.03268891 0.003723323 -0.03440117 0.03422248 0.003884494 -0.03469693 0.03411132 0.003994166 -0.03457176 0.03439831 0.004059135 -0.03466874 0.03449636 0.004097998 -0.03477257 0.03460121 0.00410372 -0.03396594 0.03543126 -0.004896104 -0.03746902 0.03230303 0.004103839 -0.03746902 0.03230303 -0.004196107 -0.0370016 0.03178191 -0.004398167 -0.03702437 0.0318073 -0.004652678 -0.03712135 0.03191542 -0.004829883 -0.03727722 0.03208917 0.003403842 -0.0370016 0.03178191 0.004037678 -0.03727722 0.03208917 0.003929018 -0.03716146 0.03196018 -0.004890084 -0.03740799 0.03223502 0.004097878 -0.03740799 0.03223502 0.003771364 -0.03707444 0.03186315 -3.31847e-4 -0.04048901 0.03309088 -0.01039606 -0.04137521 0.0406152 -0.01039606 -0.04112565 0.04079419 -0.01039606 -0.04060125 0.03993862 -0.01039606 -0.04086083 0.04094976 -0.01039606 -0.0403527 0.04008561 -0.01039606 -0.04067552 0.04103696 -0.01039606 -0.04000276 0.04020929 -0.01039606 -0.04048466 0.0411114 -0.01039606 -0.04018956 0.04119646 -0.01039606 -0.03988796 0.04125434 -0.01039606 -0.0395137 0.04027587 -0.01039606 -0.03958171 0.04127758 -0.01039606 -0.03927463 0.04127293 -0.01039606 -0.03902322 0.04022037 -0.01039606 -0.03897011 0.04123336 -0.01039606 -0.03867036 0.0411663 -0.01039606 -0.03847539 0.0411036 -0.01039606 -0.03867137 0.04010319 -0.01039606 -0.0381928 0.04098331 -0.01039606 -0.03835022 0.0399177 -0.01039606 -0.03792232 0.04083788 -0.01039606 -0.03767007 0.04066264 -0.01039606 -0.03736269 0.04039251 -0.01039606 -0.03806376 0.03968173 -0.01039606 -0.03783309 0.03939092 -0.01039606 -0.03709495 0.04008305 -0.01039606 -0.03692173 0.03982949 -0.01039606 -0.03682202 0.03965055 -0.01039606 -0.0376113 0.03894996 -0.01039606 -0.03669756 0.03936976 -0.01039606 -0.03657525 0.03897923 -0.01039606 -0.03750455 0.03846806 -0.01039606 -0.03651738 0.03867763 -0.01039606 -0.03649723 0.03847378 -0.01039606 -0.03649103 0.03826904 -0.01039606 -0.03750115 0.0380972 -0.01039606 -0.03650969 0.03796249 -0.01039606 -0.0365808 0.0375595 -0.01039606 -0.03763741 0.03755944 -0.01039606 -0.03670608 0.03716993 -0.01039606 -0.03688329 0.03680109 -0.01039606 -0.03790265 0.03707313 -0.01039606 -0.03710907 0.0364598 -0.01039606 -0.0373792 0.03615242 -0.01039606 -0.03815132 0.036798 -0.01039606 -0.03768867 0.03588467 -0.01039606 -0.03852146 0.03653681 -0.01039606 -0.03794229 0.0357114 -0.01039606 -0.03821384 0.03556805 -0.01039606 -0.03878134 0.03641086 -0.01039606 -0.03849738 0.03545004 -0.01039606 -0.03914028 0.03631651 -0.01039606 -0.03879249 0.03536498 -0.01039606 -0.03919601 0.03529703 -0.01039606 -0.03963321 0.03629046 -0.01039606 -0.03960508 0.03528463 -0.01039606 -0.03991109 0.03531026 -0.01039606 -0.03999954 0.03634822 -0.01039606 -0.04021221 0.03537052 -0.01039606 -0.04050666 0.03545784 -0.01039606 -0.04034686 0.03647828 -0.01039606 -0.04069691 0.03553378 -0.01039606 -0.04097068 0.03567302 -0.01039606 -0.04123061 0.03583657 -0.01039606 -0.04076313 0.03674352 -0.01039606 -0.04147028 0.03602856 -0.01039606 -0.04175847 0.03631907 -0.01039606 -0.04110157 0.03710281 -0.01039606 -0.04200446 0.03664612 -0.01039606 -0.04216003 0.03691089 -0.01039606 -0.04129588 0.03741908 -0.01039606 -0.04228448 0.03719168 -0.01039606 -0.04141956 0.03776895 -0.01039606 -0.04238289 0.03748255 -0.01039606 -0.04244762 0.03778278 -0.01039606 -0.04148393 0.03813421 -0.01039606 -0.04248791 0.03819 -0.01039606 -0.04147368 0.03850489 -0.01039606 -0.04247236 0.03859895 -0.01039606 -0.04242587 0.03890252 -0.01039606 -0.04237657 0.03910136 -0.01039606 -0.04135799 0.03898477 -0.01039606 -0.0422759 0.03939151 -0.01039606 -0.0421493 0.0396713 -0.01039606 -0.04112803 0.03942155 -0.01039606 -0.04199171 0.03993487 -0.01039606 -0.04181075 0.040183 -0.01039606 -0.04160284 0.04040902 -0.01039606 -0.04089206 0.03970801 -0.00834608 -0.04073566 0.0398401 -0.00834608 -0.04095357 0.03964483 -0.00834608 -0.04111158 0.03944975 -0.00834608 -0.04129916 0.03912413 -0.00834608 -0.04142987 0.03877151 -0.00834608 -0.04148268 0.03839921 -0.00834608 -0.0414834 0.03810662 -0.00834608 -0.04143196 0.03781861 -0.00834608 -0.04131531 0.03746104 -0.00834608 -0.04124033 0.03731125 -0.00834608 -0.04110366 0.03710073 -0.00834608 -0.04085189 0.03682172 -0.00834608 -0.04055696 0.03658843 -0.00834608 -0.04021912 0.03642314 -0.00834608 -0.03994113 0.03633201 -0.00834608 -0.0397765 0.03630119 -0.00834608 -0.0395261 0.03628277 -0.00834608 -0.03915166 0.0363146 -0.00834608 -0.03878754 0.03640854 -0.00834608 -0.03863334 0.03647398 -0.00834608 -0.03841459 0.03659719 -0.00834608 -0.03812032 0.0368309 -0.00834608 -0.0378229 0.03718054 -0.00834608 -0.03764915 0.03751373 -0.00834608 -0.03753334 0.03787153 -0.00834608 -0.03750598 0.03803676 -0.00834608 -0.03749644 0.03832918 -0.00834608 -0.03753614 0.0387032 -0.00834608 -0.03765439 0.03906017 -0.00834608 -0.03790593 0.03949242 -0.00834608 -0.03809654 0.03971439 -0.00834608 -0.0383926 0.03994631 -0.00834608 -0.03864562 0.04009324 -0.00834608 -0.03880023 0.04015761 -0.00834608 -0.03916501 0.0402491 -0.00834608 -0.03953963 0.04027837 -0.00834608 -0.03978991 0.04025828 -0.00834608 -0.04015362 0.04016268 -0.00834608 -0.04042363 0.04004997 -0.006296098 -0.0406689 0.03989124 -0.006296098 -0.0403527 0.04008561 -0.006296098 -0.04000276 0.04020929 -0.006296098 -0.03971993 0.04026758 -0.006296098 -0.03947246 0.04027891 -0.006296098 -0.03902322 0.04022037 -0.006296098 -0.03867137 0.04010319 -0.006296098 -0.03828346 0.03986912 -0.006296098 -0.03790819 0.03948926 -0.006296098 -0.03764063 0.03902721 -0.006296098 -0.03750491 0.03842675 -0.006296098 -0.03750878 0.03801494 -0.006296098 -0.03759658 0.03765434 -0.006296098 -0.03780835 0.03720843 -0.006296098 -0.03812307 0.03682816 -0.006296098 -0.03852146 0.03653681 -0.006296098 -0.03878134 0.03641086 -0.006296098 -0.03905928 0.03633266 -0.006296098 -0.03955072 0.03628629 -0.006296098 -0.03991961 0.03632718 -0.006296098 -0.04030787 0.03646451 -0.006296098 -0.04082566 0.03679746 -0.006296098 -0.04107928 0.03706806 -0.006296098 -0.0412572 0.037346 -0.006296098 -0.04139673 0.03768962 -0.006296098 -0.04148393 0.03813421 -0.006296098 -0.04147368 0.03850489 -0.006296098 -0.04132723 0.03906142 -0.006296098 -0.04115372 0.03938919 -0.006296098 -0.04094856 0.03964769 -0.006296098 -0.04097068 0.04078865 -0.006296098 -0.04183304 0.03997969 -0.006296098 -0.04231882 0.03889322 -0.006296098 -0.04232615 0.03770315 -0.006296098 -0.04185384 0.03661078 -0.006296098 -0.04098176 0.03580093 -0.006296098 -0.0401929 0.03545826 -0.006296098 -0.03925973 0.03538876 -0.006296098 -0.03814512 0.03570342 -0.006296098 -0.03721839 0.03650814 -0.006296098 -0.03666883 0.03764289 -0.006296098 -0.03665083 0.0388329 -0.006296098 -0.0371133 0.03992944 -0.006296098 -0.03797811 0.04074704 -0.006296098 -0.03876262 0.04110622 -0.006296098 -0.03943508 0.04118859 -0.006296098 -0.04018104 0.04110521 -0.006596088 -0.04103976 0.04085004 -0.006596088 -0.04129338 0.04067677 -0.006596088 -0.04086083 0.04094976 -0.006596088 -0.04067552 0.04103696 -0.006596088 -0.04038691 0.04114198 -0.006596088 -0.04008996 0.0412203 -0.006596088 -0.03978604 0.04126441 -0.006596088 -0.03947931 0.04128068 -0.006596088 -0.03917276 0.04126203 -0.006596088 -0.0388692 0.04121559 -0.006596088 -0.03867036 0.0411663 -0.006596088 -0.03838026 0.04106563 -0.006596088 -0.03810048 0.04093897 -0.006596088 -0.03783684 0.04078137 -0.006596088 -0.03751176 0.04053282 -0.006596088 -0.03722351 0.04024237 -0.006596088 -0.03703337 0.04000121 -0.006596088 -0.03692173 0.03982949 -0.006596088 -0.03677839 0.03955787 -0.006596088 -0.03662973 0.03917658 -0.006596088 -0.03655141 0.03887963 -0.006596088 -0.03651738 0.03867763 -0.006596088 -0.03649723 0.03847378 -0.006596088 -0.03649491 0.0381667 -0.006596088 -0.03653836 0.03775978 -0.006596088 -0.03663682 0.03736257 -0.006596088 -0.0367884 0.03698247 -0.006596088 -0.03699034 0.03662657 -0.006596088 -0.03723889 0.03630149 -0.006596088 -0.03752934 0.03601324 -0.006596088 -0.0377705 0.0358231 -0.006596088 -0.03803175 0.03566157 -0.006596088 -0.03830653 0.03552442 -0.006596088 -0.03859513 0.03541946 -0.006596088 -0.03899312 0.03532409 -0.006596088 -0.03940033 0.03528386 -0.006596088 -0.03970742 0.03528851 -0.006596088 -0.04001194 0.03532809 -0.006596088 -0.04031163 0.03539514 -0.006596088 -0.04050666 0.03545784 -0.006596088 -0.04078924 0.03557813 -0.006596088 -0.04105973 0.03572356 -0.006596088 -0.04131197 0.03589874 -0.006596088 -0.04161936 0.03616893 -0.006596088 -0.0418871 0.0364784 -0.006596088 -0.04206031 0.03673195 -0.006596088 -0.04220366 0.03700357 -0.006596088 -0.04232168 0.03728711 -0.006596088 -0.04240673 0.03758221 -0.006596088 -0.04247474 0.03798574 -0.006596088 -0.04248708 0.03839474 -0.006596088 -0.04246145 0.03870081 -0.006596088 -0.04242587 0.03890252 -0.006596088 -0.04234522 0.03919887 -0.006596088 -0.04223799 0.03948664 -0.006596088 -0.04209876 0.03976035 -0.006596088 -0.0419352 0.04002028 -0.006596088 -0.04174315 0.04025995 -0.006596088 -0.04153013 0.0404812 -0.002818942 -0.01444697 0.01399445 5.04292e-4 -0.01456791 0.01407331 0.001226723 -0.01440101 0.01395708 0.003827512 -0.01429843 0.01385205 -0.003396928 -0.01431709 0.01387506 -0.003396928 -0.01422709 0.01375967 0.001226723 -0.01416748 0.0136587 -0.003396928 -0.0141201 0.01355141 0.001226723 -0.01408559 0.01343929 0.001226723 -0.01405674 0.01317781 -0.002096474 -0.01406496 0.01307886 -0.005419731 -0.01406592 0.01332873 0.001226723 -0.01406079 0.01329511 0.004124581 -0.01506412 0.01408302 0.003969371 -0.01466852 0.01407462 0.003953874 -0.0151726 0.01416033 2.15313e-4 -0.01577568 0.01250761 0.004055917 -0.01579481 0.01267027 5.04292e-4 -0.01585179 0.01259624 -0.00180751 -0.015917 0.01269316 0.003944814 -0.01598888 0.0129742 -0.00180751 -0.01599097 0.01285177 -0.00180751 -0.01603943 0.01301991 -0.00180751 -0.01605397 0.01313585 5.04292e-4 -0.01605486 0.01325267 0.003974139 -0.01599282 0.01340186 -5.07135e-4 -0.01604151 0.0133726 -0.002096474 -0.01599472 0.01354205 -5.07135e-4 -0.01594841 0.0136497 0.00397861 -0.0158047 0.01379412 2.15313e-4 -0.01587545 0.01377326 -5.07135e-4 -0.01578187 0.01388996 -5.07135e-4 -0.01569628 0.01397025 -5.07135e-4 -0.01560187 0.01403993 0.003970324 -0.01547074 0.01407217 -5.07135e-4 -0.01549988 0.0140981 -5.07135e-4 -0.01539182 0.01414388 -5.07135e-4 -0.01527917 0.01417672 -5.07135e-4 -0.01516342 0.01419609 -5.07135e-4 -0.01504617 0.01420181 5.04292e-4 -0.01491129 0.01419037 -0.001157283 -0.01473546 0.01414775 0.004082441 -0.01444357 0.01382422 0.003995656 -0.01412671 0.01329016 -0.001085042 -0.01408982 0.01294583 0.004089295 -0.01425385 0.01282167 -0.001085042 -0.01412647 0.01283437 -0.001085042 -0.01417595 0.01272791 -0.001085042 -0.01423752 0.01262801 0.004008412 -0.01450979 0.01245617 -0.001085042 -0.01431041 0.01253604 -0.001085042 -0.01439362 0.01245325 -0.001085042 -0.01448595 0.01238071 -0.001085042 -0.01461273 0.01230728 -0.001085042 -0.01474857 0.01225244 5.04292e-4 -0.014862 0.01222294 0.00397861 -0.01503789 0.01225042 -0.001085042 -0.01503658 0.01220232 -0.001085042 -0.01515382 0.01220691 -0.001590788 -0.01532793 0.01224142 2.15313e-4 -0.01543962 0.01228022 0.004071533 -0.01539778 0.01238286 2.15313e-4 -0.01556986 0.01234555 2.15313e-4 -0.01568979 0.0124284 -0.005558907 -0.01490509 0.01415514 -0.005661249 -0.01475781 0.01403385 -0.005588173 -0.01529008 0.01412248 -0.005592584 -0.0159896 0.01338064 -0.005758762 -0.01573294 0.01290208 -0.00557512 -0.01593875 0.01284939 -0.005546212 -0.01560068 0.0124107 -0.005634069 -0.01445996 0.01251238 -0.005657136 -0.01416224 0.01327455 -0.005564868 -0.0141496 0.01291072 -0.005782604 -0.01508653 0.01286596 -0.005590498 -0.01429253 0.01374453 -0.005651235 -0.01551795 0.01399147 -0.005659639 -0.01575982 0.0137698 -0.005593061 -0.01485663 0.01227402 -0.005560934 -0.01524901 0.01225852 0.004203498 -0.01519608 0.01325029 0.00416398 -0.01576799 0.01354032 0.009603857 -0.04161208 0.04039984 0.009603857 -0.04181903 0.04017293 0.009603857 -0.04112124 0.03942024 0.009603857 -0.04199886 0.03992396 0.009603857 -0.04215532 0.03965967 0.009603857 -0.04133689 0.03904622 0.009603857 -0.04228073 0.03937935 0.009603857 -0.04144364 0.0386911 0.009603857 -0.04238015 0.03908878 0.009603857 -0.04244589 0.03878879 0.009603857 -0.0424841 0.03848409 0.009603857 -0.04149055 0.03832292 0.009603857 -0.0424875 0.03817695 0.009603857 -0.04145926 0.03795313 0.009603857 -0.04246288 0.03787082 0.009603857 -0.04240369 0.03756952 0.009603857 -0.04136753 0.03759378 0.009603857 -0.04231733 0.03727477 0.009603857 -0.04219806 0.03699177 0.009603857 -0.04120558 0.03726017 0.009603857 -0.04205358 0.03672081 0.009603857 -0.04187923 0.03646796 0.009603857 -0.04099071 0.0369575 0.009603857 -0.04161012 0.03615963 0.009603857 -0.04071718 0.03670662 0.009603857 -0.0413832 0.03595268 0.009603857 -0.04113423 0.03577286 0.009603857 -0.04029327 0.03645378 0.009603857 -0.04077744 0.03557246 0.009603857 -0.04049438 0.03545349 0.009603857 -0.03982025 0.03631275 0.009603857 -0.04029905 0.03539156 0.009603857 -0.03999906 0.03532582 0.009603857 -0.03969436 0.03528761 0.009603857 -0.03945058 0.03628283 0.009603857 -0.03938728 0.03528428 0.009603857 -0.03898024 0.0353263 0.009603857 -0.03890448 0.03638017 0.009603857 -0.03858268 0.03542339 0.009603857 -0.03820204 0.03557366 0.009603857 -0.03840035 0.03660988 0.009603857 -0.03784549 0.0357744 0.009603857 -0.03751951 0.03602182 0.009603857 -0.03810817 0.03683823 0.009603857 -0.03729754 0.03623408 0.009603857 -0.03782105 0.0371887 0.009603857 -0.03710114 0.03647017 0.009603857 -0.03692704 0.03672313 0.009603857 -0.03682672 0.03690177 0.009603857 -0.03767681 0.03743886 0.009603857 -0.03670132 0.03718209 0.009603857 -0.03755694 0.03779011 0.009603857 -0.0365777 0.0375722 0.009603857 -0.03651875 0.03787356 0.009603857 -0.03749573 0.03827989 0.009603857 -0.03649795 0.03807735 0.009603857 -0.03649455 0.03838443 0.009603857 -0.03752702 0.03864943 0.009603857 -0.03653657 0.03879153 0.009603857 -0.03660261 0.03909146 0.009603857 -0.03763186 0.03900516 0.009603857 -0.03670233 0.03938192 0.009603857 -0.03682798 0.03966212 0.009603857 -0.03692847 0.03984063 0.009603857 -0.03786659 0.03943938 0.009603857 -0.03710281 0.04009348 0.009603857 -0.03729945 0.04032939 0.009603857 -0.03820073 0.03980273 0.009603857 -0.0375216 0.04054147 0.009603857 -0.03784775 0.04078859 0.009603857 -0.03850221 0.04001921 0.009603857 -0.03820455 0.04098898 0.009603857 -0.03884238 0.04016762 0.009603857 -0.03848767 0.04110795 0.009603857 -0.03878247 0.04119402 0.009603857 -0.03920203 0.04025799 0.009603857 -0.03908389 0.04125297 0.009603857 -0.03939002 0.04127728 0.009603857 -0.03957253 0.04027438 0.009603857 -0.03969711 0.04127365 0.009603857 -0.03990089 0.04125261 0.009603857 -0.04010272 0.04121768 0.009603857 -0.04005944 0.04019331 0.009603857 -0.04039937 0.04113805 0.009603857 -0.04077994 0.04098778 0.009603857 -0.0405116 0.03999525 0.009603857 -0.04113656 0.04078704 0.009603857 -0.04138535 0.04060697 0.009603857 -0.04081422 0.03978043 0.007553875 -0.04111528 0.03943938 0.007553875 -0.04087269 0.03972673 0.007553875 -0.04074686 0.0398373 0.007553875 -0.04054093 0.03998094 0.007553875 -0.04020267 0.04014468 0.007553875 -0.03984159 0.04024976 0.007553875 -0.03946644 0.04027575 0.007553875 -0.03917455 0.04025554 0.007553875 -0.03889095 0.04018354 0.007553875 -0.03854274 0.04004162 0.007553875 -0.03839868 0.03995609 0.007553875 -0.03819847 0.03980463 0.007553875 -0.03793823 0.03953355 0.007553875 -0.0377267 0.03922259 0.007553875 -0.03758603 0.03887385 0.007553875 -0.0375151 0.03859001 0.007553875 -0.03749591 0.03829807 0.007553875 -0.03755426 0.03780132 0.007553875 -0.03767406 0.03744488 0.007553875 -0.03775036 0.03729575 0.007553875 -0.03788894 0.03708642 0.007553875 -0.03814315 0.03680968 0.007553875 -0.03851324 0.03653806 0.007553875 -0.03885799 0.03638863 0.007553875 -0.03922319 0.03629875 0.007553875 -0.03938996 0.03628325 0.007553875 -0.03968232 0.03629475 0.007553875 -0.04005247 0.03636115 0.007553875 -0.04040008 0.03650468 0.007553875 -0.04071861 0.036704 0.007553875 -0.0409078 0.0368691 0.007553875 -0.04102092 0.0369926 0.007553875 -0.04123103 0.03730446 0.007553875 -0.04135948 0.03756737 0.007553875 -0.04143893 0.03784894 0.007553875 -0.04149013 0.03822153 0.007553875 -0.04148006 0.03847241 0.007553875 -0.04142022 0.03880143 0.007553875 -0.04130637 0.03911584 0.005503833 -0.041013 0.03957098 0.005503833 -0.04135107 0.03898519 0.005503833 -0.04147088 0.03852844 0.005503833 -0.04145926 0.03795313 0.005503833 -0.04136753 0.03759378 0.005503833 -0.04116189 0.03719007 0.005503833 -0.04093354 0.03689783 0.005503833 -0.04068624 0.03667926 0.005503833 -0.04036819 0.03648859 0.005503833 -0.039779 0.03631019 0.005503833 -0.03936797 0.0362845 0.005503833 -0.039002 0.03634625 0.005503833 -0.03854209 0.03652548 0.005503833 -0.03814023 0.03681218 0.005503833 -0.03782105 0.0371887 0.005503833 -0.03767681 0.03743886 0.005503833 -0.03757894 0.03771048 0.005503833 -0.03749746 0.03819733 0.005503833 -0.03751176 0.03856819 0.005503833 -0.0376209 0.03896534 0.005503833 -0.03791594 0.0395056 0.005503833 -0.03816765 0.03977799 0.005503833 -0.03843212 0.0399754 0.005503833 -0.03876483 0.04013919 0.005503833 -0.03920203 0.04025799 0.005503833 -0.03957253 0.04027438 0.005503833 -0.04013812 0.04016816 0.005503833 -0.04047745 0.04001855 0.005503833 -0.04075002 0.03983247 0.005503833 -0.04188644 0.0399363 0.005503833 -0.04101777 0.04073852 0.005503833 -0.03989928 0.04114514 0.005503833 -0.03871172 0.04106718 0.005503833 -0.03765606 0.0405178 0.005503833 -0.03691077 0.03958994 0.005503833 -0.03660207 0.03844058 0.005503833 -0.03666752 0.03758299 0.005503833 -0.0370168 0.03675359 0.005503833 -0.0378859 0.03588694 0.005503833 -0.03905713 0.03542006 0.005503833 -0.04024529 0.03548735 0.005503833 -0.04130589 0.03602731 0.005503833 -0.04205942 0.03694844 0.005503833 -0.04237842 0.03809499 0.005503833 -0.04225879 0.03917133 0.005803883 -0.0418809 0.04009127 0.005803883 -0.04168444 0.04032737 0.005803883 -0.04205501 0.03983831 0.005803883 -0.04219925 0.03956717 0.005803883 -0.04231828 0.03928405 0.005803883 -0.04240435 0.03898924 0.005803883 -0.04246324 0.03868782 0.005803883 -0.04248756 0.03838169 0.005803883 -0.04248392 0.03807461 0.005803883 -0.04244542 0.03776991 0.005803883 -0.04237937 0.03746998 0.005803883 -0.04227972 0.03717952 0.005803883 -0.04215401 0.03689932 0.005803883 -0.04199737 0.03663516 0.005803883 -0.04174995 0.03630924 0.005803883 -0.04153764 0.03608727 0.005803883 -0.04130154 0.03589087 0.005803883 -0.04095929 0.03566658 0.005803883 -0.04068493 0.03552854 0.005803883 -0.04049438 0.03545349 0.005803883 -0.04019957 0.03536736 0.005803883 -0.03989815 0.03530848 0.005803883 -0.03959202 0.03528416 0.005803883 -0.03918302 0.03529834 0.005803883 -0.03877979 0.03536802 0.005803883 -0.0383898 0.035492 0.005803883 -0.03802037 0.03566795 0.005803883 -0.03767824 0.03589254 0.005803883 -0.03744232 0.03608918 0.005803883 -0.03723031 0.03631132 0.005803883 -0.03703933 0.03655183 0.005803883 -0.03692704 0.03672313 0.005803883 -0.0367828 0.03699427 0.005803883 -0.03663283 0.03737503 0.005803883 -0.0365535 0.03767168 0.005803883 -0.03651875 0.03787356 0.005803883 -0.03649449 0.03817975 0.005803883 -0.03650861 0.0385887 0.005803883 -0.03655403 0.03889244 0.005803883 -0.03663367 0.03918904 0.005803883 -0.03673994 0.03947716 0.005803883 -0.03682798 0.03966212 0.005803883 -0.03698468 0.03992629 0.005803883 -0.03716474 0.04017508 0.005803883 -0.03737193 0.04040175 0.005803883 -0.03768044 0.04067057 0.005803883 -0.03802275 0.04089486 0.005803883 -0.03829711 0.04103291 0.005803883 -0.0385853 0.04113888 0.005803883 -0.03888201 0.04121828 0.005803883 -0.03918576 0.0412634 0.005803883 -0.03949242 0.04128074 0.005803883 -0.03969711 0.04127365 0.005803883 -0.03990089 0.04125261 0.005803883 -0.04020226 0.04119342 0.005803883 -0.04059225 0.04106944 0.005803883 -0.04096168 0.04089349 0.005803883 -0.04122221 0.04073083 0.005803883 -0.04146254 0.04053962</float_array>
          <technique_common>
            <accessor source="#outer_knuckle-mesh-positions-array" count="4969" stride="3">
              <param name="X" type="float"/>
              <param name="Y" type="float"/>
              <param name="Z" type="float"/>
            </accessor>
          </technique_common>
        </source>
        <source id="outer_knuckle-mesh-normals">
          <float_array id="outer_knuckle-mesh-normals-array" count="26568">0 -0.9728168 0.2315763 -1.23901e-4 -0.9735708 0.2283855 0 -0.9742789 0.2253457 -0.03543347 -0.9777984 0.2065305 0.001328527 -0.9801585 0.198211 -0.01531219 -0.9868675 0.1608049 -0.01871544 -0.9869162 0.1601446 0 -0.9909624 0.1341401 3.4188e-5 -0.9910983 0.1331324 0.005189418 -0.9899529 0.1413026 -1.05364e-4 -0.9927946 0.1198281 -7.07565e-4 -0.9935564 0.1133362 0 -0.9946471 0.1033309 2.84687e-4 -0.995424 0.09555661 0.006298899 -0.9932731 0.1156233 -2.95603e-4 -0.9969512 0.07802826 1.21884e-4 -0.9978392 0.06570315 4.31026e-4 -0.9981549 0.06071686 -4.2768e-4 -0.9992158 0.03959596 0.001155793 -0.9999014 0.01399517 -7.81855e-4 -0.9999755 -0.006955564 7.96574e-4 -0.9994626 -0.03277164 -0.001135706 -0.998568 -0.05348557 0.001143991 -0.9958403 -0.09110945 -7.78135e-4 -0.9937666 -0.111478 7.92591e-4 -0.9904916 -0.1375712 -0.001123428 -0.9875013 -0.1576071 0.001131474 -0.9807612 -0.1952083 -7.73451e-4 -0.9766642 -0.214771 7.88255e-4 -0.9705616 -0.2408518 -0.002227604 -0.9625164 -0.2712148 7.15329e-4 -0.9548313 -0.2971479 -0.001231491 -0.9412469 -0.3377172 0.001265585 -0.9358379 -0.3524287 -7.09242e-4 -0.9200102 -0.3918938 9.9923e-4 -0.9136469 -0.4065075 -9.93025e-4 -0.8956608 -0.4447368 7.32879e-4 -0.8883333 -0.4591986 -7.19558e-4 -0.8739913 -0.4859411 0.001017689 -0.8658928 -0.5002288 -4.45664e-4 -0.8504292 -0.5260895 4.50229e-4 -0.841561 -0.540162 -0.001016974 -0.825024 -0.5650969 7.45557e-4 -0.8153832 -0.5789213 -7.31768e-4 -0.7978296 -0.6028828 0.001040697 -0.7874276 -0.6164063 -0.001033842 -0.761415 -0.648264 7.54464e-4 -0.7500646 -0.6613642 -0.00133562 -0.72242 -0.6914533 0.001368343 -0.7101396 -0.7040596 -0.001352071 -0.6724112 -0.7401766 0.001384556 -0.6590409 -0.752106 -7.51135e-4 -0.6282212 -0.7780346 0.001078486 -0.6139684 -0.7893299 -4.46138e-4 -0.5913314 -0.8064287 4.49599e-4 -0.5763946 -0.8171713 -0.001076996 -0.5531618 -0.8330732 7.74425e-4 -0.5375582 -0.8432264 -7.59978e-4 -0.5137884 -0.8579168 0.001098275 -0.4975474 -0.8674362 -4.43611e-4 -0.4733069 -0.8808976 4.47398e-4 -0.4564484 -0.8897498 0 -0.4493356 -0.8933632 -0.01713472 -0.4125019 -0.9107957 0.01475387 -0.3883866 -0.9213785 -0.04390698 -0.3203592 -0.9462782 0.0817362 -0.2725154 -0.9586734 -0.02473431 -0.1936068 -0.9807674 0.04155224 -0.1387023 -0.989462 -0.01198059 -0.1010084 -0.9948135 0.003281295 -0.05363309 -0.9985554 -4.24301e-5 -0.04624485 -0.9989302 6.80965e-5 -0.01863276 -0.9998264 -1.01325e-4 -0.01745378 -0.9998478 3.79298e-5 0.005981862 -0.9999821 -1.97083e-4 0.0180124 -0.9998378 2.00238e-4 0.03340798 -0.9994419 -1.97896e-4 0.05345475 -0.9985703 2.00776e-4 0.06905972 -0.9976125 -1.98709e-4 0.08882784 -0.9960471 2.01584e-4 0.1046212 -0.9945122 -1.99252e-4 0.1240912 -0.9922709 2.02123e-4 0.1400523 -0.9901441 -1.99523e-4 0.1591968 -0.9872469 2.02662e-4 0.175301 -0.984515 -2.00065e-4 0.1941068 -0.9809805 2.02931e-4 0.2103313 -0.9776303 -2.00336e-4 0.228766 -0.9734814 2.03066e-4 0.2450912 -0.9695001 -2.00336e-4 0.2631413 -0.9647573 2.03537e-4 0.2795379 -0.9601346 -2.00878e-4 0.2971868 -0.9548194 2.03537e-4 0.3136292 -0.9495456 -2.00878e-4 0.3308559 -0.9436813 2.03739e-4 0.3473214 -0.9377462 -2.00878e-4 0.3641093 -0.9313561 2.03806e-4 0.3805705 -0.924752 -2.01013e-4 0.3969054 -0.9178595 2.03874e-4 0.4133343 -0.9105794 -2.01149e-4 0.4292045 -0.9032074 2.03738e-4 0.4455714 -0.8952464 -2.00743e-4 0.4609596 -0.8874212 2.03335e-4 0.477239 -0.8787735 -2.00743e-4 0.4921378 -0.8705173 2.032e-4 0.508303 -0.8611784 -2.00337e-4 0.5226958 -0.8525193 2.02864e-4 0.5387157 -0.8424876 -2.00064e-4 0.5525947 -0.8334502 2.0246e-4 0.5684449 -0.8227214 -1.99522e-4 0.5818013 -0.813331 2.02055e-4 0.5974445 -0.8019102 -1.98981e-4 0.6102768 -0.7921884 2.01382e-4 0.625687 -0.7800743 -1.98574e-4 0.6379826 -0.7700508 2.00776e-4 0.6531317 -0.7572444 -1.97896e-4 0.6648846 -0.746946 2.00238e-4 0.6797431 -0.7334503 -1.97218e-4 0.6909527 -0.7229 1.99497e-4 0.7054894 -0.7087205 -1.96677e-4 0.7161519 -0.6979445 1.98756e-4 0.7303333 -0.6830911 -1.95863e-4 0.7404516 -0.6721097 1.97881e-4 0.7542501 -0.6565874 -1.94847e-4 0.7638182 -0.6454315 1.96938e-4 0.777203 -0.6292501 -1.9383e-4 0.7862251 -0.6179402 1.95861e-4 0.7991683 -0.6011074 -1.92678e-4 0.807642 -0.5896731 1.94885e-4 0.8201147 -0.5721991 -1.91525e-4 0.8280411 -0.5606673 1.93605e-4 0.8400143 -0.5425644 -1.90441e-4 0.8474019 -0.5309518 1.92428e-4 0.8588458 -0.5122343 -1.89221e-4 0.8656951 -0.5005717 1.91115e-4 0.8765842 -0.4812485 -1.87764e-4 0.8828992 -0.4695626 1.89801e-4 0.8931993 -0.449661 -1.86375e-4 0.8989959 -0.4379569 1.88371e-4 0.9086795 -0.4174942 -1.85019e-4 0.9139605 -0.4058032 1.86839e-4 0.9230014 -0.3847965 -1.83494e-4 0.9277743 -0.373142 1.8524e-4 0.9361502 -0.3516003 -1.81868e-4 0.9404224 -0.3400083 1.83641e-4 0.9481016 -0.3179674 -1.8014e-4 0.951887 -0.3064494 1.81958e-4 0.9588475 -0.2839215 -1.78445e-4 0.9621546 -0.2725044 1.80148e-4 0.9683692 -0.2495217 -1.76599e-4 0.971212 -0.238217 1.78339e-4 0.9766583 -0.2147991 -1.74743e-4 0.9790497 -0.2036216 1.76374e-4 0.9837023 -0.179805 -1.72778e-4 0.9856532 -0.1687831 1.74396e-4 0.9894934 -0.1445783 -1.70796e-4 0.9910187 -0.1337236 1.72283e-4 0.9940235 -0.1091663 -1.68695e-4 0.9951372 -0.09849917 1.70206e-4 0.9972866 -0.07361638 -1.66468e-4 0.9980036 -0.06315755 1.68026e-4 0.9992785 -0.03798025 -1.64303e-4 0.9996157 -0.02772063 1.65706e-4 0.9999974 -0.002288103 -1.61969e-4 0.9999701 0.007737994 1.63426e-4 0.9994417 0.03341257 -1.59558e-4 0.999067 0.04318797 1.6105e-4 0.9976128 0.06905734 -1.57089e-4 0.996907 0.07859021 1.58578e-4 0.9945123 0.1046202 -1.54604e-4 0.9934927 0.113897 1.56032e-4 0.9901446 0.1400495 -1.52035e-4 0.9888294 0.149052 1.53351e-4 0.9845155 0.1752979 -1.49473e-4 0.9829232 0.1840163 1.50616e-4 0.9776304 0.2103307 -1.46719e-4 0.9757809 0.2187508 1.47897e-4 0.9695 0.2450919 -1.43864e-4 0.9674087 0.25322 1.45146e-4 0.9601356 0.2795347 -1.41018e-4 0.9578226 0.2873603 1.42234e-4 0.9495459 0.3136283 -1.38104e-4 0.9470302 0.3211447 1.3922e-4 0.937745 0.3473245 -1.35105e-4 0.9350492 0.3545179 1.36207e-4 0.9247524 0.3805696 -1.31987e-4 0.9218884 0.3874556 1.33178e-4 0.9105787 0.4133358 -1.28904e-4 0.9075722 0.4198961 1.29979e-4 0.8952443 0.4455757 -1.25684e-4 0.8921081 0.4518223 1.26748e-4 0.8787751 0.4772364 -1.22398e-4 0.8755287 0.4831663 1.23415e-4 0.8611761 0.5083068 -1.19009e-4 0.8578464 0.5139063 1.20049e-4 0.8424887 0.5387141 -1.1562e-4 0.8390812 0.5440062 1.16614e-4 0.8227214 0.568445 -1.12164e-4 0.8192668 0.5734125 1.13046e-4 0.8019098 0.5974453 -1.08639e-4 0.7984163 0.6021059 1.0941e-4 0.780074 0.6256875 -1.04912e-4 0.7765653 0.6300368 1.05708e-4 0.7572461 0.6531297 -1.01252e-4 0.7537351 0.6571784 1.02004e-4 0.7334517 0.6797416 -9.73215e-5 0.7299591 0.6834909 9.83684e-5 0.7087216 0.7054883 -9.37974e-5 0.7052652 0.7089437 9.45302e-5 0.6830886 0.7303356 -8.97313e-5 0.6796852 0.733504 9.03559e-5 0.6565854 0.7542517 -8.58004e-5 0.6532472 0.7571448 8.63161e-5 0.6292464 0.7772058 -8.15983e-5 0.6259878 0.7798329 8.24111e-5 0.6011046 0.7991704 -7.76676e-5 0.597944 0.801538 7.81021e-5 0.5721985 0.8201152 -7.33301e-5 0.5691432 0.8222385 7.3793e-5 0.5425639 0.8400146 -6.91282e-5 0.5396307 0.8419019 6.96185e-5 0.5122336 0.8588462 -6.47906e-5 0.5094398 0.8605063 6.54441e-5 0.4812546 0.8765809 -6.07243e-5 0.4786053 0.8780301 6.10005e-5 0.4496593 0.8932002 -5.59802e-5 0.447169 0.8944496 5.36445e-5 0.418208 0.9083514 -1.58758e-4 0.4151713 0.9097433 1.37456e-4 0.3893287 0.9210989 -2.02309e-4 0.3826529 0.9238921 4.74511e-4 0.3639165 0.9314315 -2.81456e-5 0.3533436 0.9354937 0 -0.9982799 0.05862963 -0.02065205 -0.9997845 0.0021196 -0.1215936 -0.9925032 0.01235228 0.0174663 -0.9947372 -0.10096 -0.4937021 -0.8607967 -0.1236417 0.3646506 -0.9009714 -0.235118 -0.3663632 -0.8845327 -0.2887559 0.132009 -0.9151576 -0.3808678 -0.1358871 -0.88143 -0.452345 0.1423439 -0.8613387 -0.4876822 -0.2860676 -0.7974677 -0.531235 0.3603714 -0.7424508 -0.5647118 -0.2689772 -0.7059241 -0.655227 0.5669193 -0.5532436 -0.6103476 -0.284429 -0.580997 -0.7625895 0.2387284 -0.5216047 -0.8191077 -0.5883188 -0.362968 -0.7225893 0.3205553 -0.3607193 -0.8758573 -0.4719561 -0.2288803 -0.8513938 0.05501723 -0.2224461 -0.9733915 -0.08478558 -0.1083382 -0.990492 -0.1357111 -0.1029908 -0.9853808 0 -0.04586189 -0.9989478 -0.003119647 0.3385505 0.9409431 0.00312674 0.3075537 0.9515256 -0.003122329 0.2823716 0.9593001 0.05276 0.2243853 0.9730713 -0.01394844 0.1827614 0.9830584 0.04295992 0.09350341 0.9946917 7.0499e-4 0.111595 0.9937536 -4.35421e-4 -0.005344033 0.9999856 0.01206719 -0.01395422 0.9998299 -0.01221448 -0.08762425 0.9960788 0.02429652 -0.1125197 0.9933524 -0.01362234 -0.1897419 0.9817396 0.02274191 -0.2170577 0.9758939 -0.01220464 -0.2699062 0.9628094 0.0162701 -0.3031328 0.9528095 -0.002833962 -0.3337764 0.9426481 0.008215963 -0.3779493 0.9257898 -0.004418194 -0.3629943 0.9317809 0.002079188 -0.3932156 0.919444 0.001593589 -0.3809041 0.9246132 -6.29548e-4 -0.3238049 0.9461237 -2.06116e-4 -0.3176611 0.9482043 -7.68232e-4 -0.4213042 0.9069191 0.002843677 -0.3988465 0.9170134 -1.32708e-4 -0.4741469 0.8804459 0.004483282 -0.4624081 0.8866559 0.00127536 -0.5253327 0.850896 0.001181364 -0.5250704 0.851058 -5.10682e-4 -0.5649664 0.8251137 0 -0.567763 0.8231921 0.09082359 -0.3644829 0.9267704 -0.04066455 -0.4565607 0.8887624 0.1070792 -0.5493689 0.8286905 -0.003274321 -0.5352454 0.8446904 6.87153e-4 -0.5787688 0.8154915 0.03020811 -0.5562464 0.8304682 -0.05274009 -0.5035222 0.8623712 0.06099027 -0.4758291 0.8774206 -0.1998446 -0.3903368 0.898721 -1.65754e-4 -0.3012799 0.9535357 0.001455605 -0.2923167 0.9563206 -5.47957e-4 -0.2570675 0.9663934 6.03059e-4 -0.2429155 0.9700474 -0.001241028 -0.2130718 0.9770358 0.001064777 -0.1969358 0.9804159 -9.0468e-4 -0.1686366 0.9856779 0.001511991 -0.1505153 0.9886066 -5.52959e-4 -0.1238577 0.9922999 0.001260817 -0.09203755 0.9957548 -7.49551e-4 -0.07882791 0.9968881 8.90511e-4 -0.04501038 0.9989862 -9.30921e-4 -0.03363251 0.9994339 5.04497e-4 0.002114653 0.9999977 -0.0015527 0.02294433 0.9997356 0.001112699 0.04923391 0.9987868 -9.16568e-4 0.06816297 0.9976738 0.001704156 0.09624344 0.9953565 -2.65281e-4 0.1132416 0.9935675 2.78142e-4 0.1430424 0.9897166 -1.92492e-4 0.1469031 0.9891509 3.50858e-4 0.1895205 0.9818767 0.002168715 0.1803943 0.983592 -4.82382e-4 0.2220158 0.975043 0.002960383 0.2503499 0.9681509 -8.73516e-4 0.2714591 0.9624497 0 -0.5900574 0.8073613 -0.01122009 -0.3541359 0.9351267 9.48509e-4 -0.3934981 0.919325 0.0130732 -0.3645406 0.9310958 0.01943027 -0.3599152 0.9327828 -0.01051825 -0.2964653 0.9549858 0.0189616 -0.2619343 0.9648994 -0.04104799 -0.2013884 0.978651 0.01303976 -0.1651545 0.9861816 -0.0263915 -0.08478122 0.99605 0.01467525 -0.05948644 0.9981213 -0.008340895 0.00997138 0.9999156 0.01435703 0.03011548 0.9994434 -0.003937363 0.08450639 0.9964151 0.004018247 0.09695929 0.9952803 -0.01715576 0.1589032 0.9871452 7.08323e-4 0.1711386 0.9852468 -7.304e-4 0.2436043 0.9698745 0.01953464 0.2567119 0.9662905 -0.001946151 0.3071048 0.9516738 0.00596255 0.3305905 0.9437555 3.77195e-5 0.3531553 0.9355647 -0.001038551 0.3101981 0.9506715 0.002648055 0.3235902 0.9461937 3.56513e-4 -0.4208648 0.9071234 0.001397848 -0.4243672 0.9054892 -0.001710116 -0.4791471 0.877733 0.003866851 -0.4982451 0.8670277 -0.001224815 -0.5250704 0.851058 0.003554344 -0.5481296 0.8363859 0 -0.5677628 0.8231922 2.36136e-4 0.382654 0.9238917 3.85909e-5 0.4151701 0.9097439 5.59294e-5 0.447169 0.8944496 -5.90567e-5 0.4168323 0.9089834 -6.095e-5 0.4496593 0.8932002 6.07243e-5 0.4786053 0.8780301 -6.54778e-5 0.4812546 0.8765809 6.47906e-5 0.5094398 0.8605063 -6.96017e-5 0.5122336 0.8588462 6.91282e-5 0.5396307 0.8419019 -7.38267e-5 0.5425639 0.8400146 7.33301e-5 0.5691432 0.8222385 -7.81189e-5 0.5721985 0.8201152 7.76676e-5 0.597944 0.801538 -8.24111e-5 0.6011046 0.7991704 8.15983e-5 0.6259878 0.7798329 -8.63834e-5 0.6292464 0.7772058 8.58004e-5 0.6532472 0.7571448 -9.03896e-5 0.6565854 0.7542517 8.97313e-5 0.6796851 0.7335041 -9.44629e-5 0.6830886 0.7303356 9.37974e-5 0.7052651 0.7089437 -9.83347e-5 0.7087216 0.7054883 9.73215e-5 0.7299591 0.6834909 -1.02021e-4 0.7334517 0.6797416 1.01252e-4 0.7537351 0.6571784 -1.05724e-4 0.757246 0.6531298 1.04912e-4 0.7765654 0.6300368 -1.09427e-4 0.780074 0.6256874 1.08639e-4 0.7984163 0.6021059 -1.13029e-4 0.8019098 0.5974453 1.12164e-4 0.8192669 0.5734125 -1.16631e-4 0.8227214 0.568445 1.1562e-4 0.8390812 0.5440062 -1.20057e-4 0.8424887 0.5387141 1.19009e-4 0.8578464 0.5139063 -1.23415e-4 0.8611761 0.5083067 1.22398e-4 0.8755287 0.4831663 -1.26765e-4 0.8787751 0.4772364 1.25684e-4 0.892108 0.4518223 -1.29971e-4 0.8952443 0.4455757 1.28904e-4 0.9075722 0.4198961 -1.33169e-4 0.9105787 0.4133358 1.31987e-4 0.9218885 0.3874556 -1.36191e-4 0.9247523 0.3805696 1.35105e-4 0.9350492 0.3545179 -1.39229e-4 0.937745 0.3473245 1.38104e-4 0.9470301 0.3211448 -1.42229e-4 0.9495459 0.3136283 1.41018e-4 0.9578226 0.2873603 -1.45146e-4 0.9601356 0.2795347 1.43864e-4 0.9674087 0.25322 -1.47902e-4 0.9695 0.2450919 1.46719e-4 0.9757808 0.2187508 -1.5062e-4 0.9776304 0.2103307 1.49473e-4 0.9829232 0.1840162 -1.53353e-4 0.9845155 0.1752979 1.52035e-4 0.9888294 0.149052 -1.5603e-4 0.9901446 0.1400495 1.54604e-4 0.9934927 0.113897 -1.58578e-4 0.9945123 0.1046202 1.57089e-4 0.9969071 0.07859021 -1.6105e-4 0.9976128 0.06905734 1.59558e-4 0.999067 0.04318797 -1.63426e-4 0.9994418 0.03341257 1.61969e-4 0.9999701 0.007737994 -1.65706e-4 0.9999974 -0.002288103 1.64303e-4 0.9996158 -0.02772063 -1.68026e-4 0.9992785 -0.03798025 1.66468e-4 0.9980037 -0.06315755 -1.70206e-4 0.9972866 -0.07361638 1.68695e-4 0.9951372 -0.09849917 -1.72284e-4 0.9940235 -0.1091663 1.70796e-4 0.9910188 -0.1337236 -1.74396e-4 0.9894934 -0.1445783 1.72778e-4 0.9856532 -0.1687831 -1.76374e-4 0.9837023 -0.179805 1.74743e-4 0.9790497 -0.2036216 -1.78335e-4 0.9766583 -0.2147991 1.76599e-4 0.971212 -0.238217 -1.80152e-4 0.9683692 -0.2495217 1.78445e-4 0.9621546 -0.2725044 -1.81958e-4 0.9588475 -0.2839215 1.8014e-4 0.951887 -0.3064494 -1.83641e-4 0.9481016 -0.3179673 1.81868e-4 0.9404224 -0.3400083 -1.8524e-4 0.9361502 -0.3516003 1.83494e-4 0.9277743 -0.373142 -1.86839e-4 0.9230015 -0.3847966 1.85019e-4 0.9139605 -0.4058032 -1.88371e-4 0.9086795 -0.4174942 1.86375e-4 0.8989959 -0.4379569 -1.89818e-4 0.8931993 -0.449661 1.87764e-4 0.8828992 -0.4695626 -1.91115e-4 0.8765842 -0.4812485 1.89221e-4 0.8656951 -0.5005717 -1.92411e-4 0.8588458 -0.5122343 1.90441e-4 0.8474019 -0.5309518 -1.93605e-4 0.8400142 -0.5425643 1.91525e-4 0.8280411 -0.5606673 -1.94885e-4 0.8201147 -0.5721991 1.92678e-4 0.8076421 -0.5896731 -1.95861e-4 0.7991683 -0.6011074 1.9383e-4 0.7862251 -0.6179402 -1.96905e-4 0.777203 -0.6292501 1.94847e-4 0.7638182 -0.6454315 -1.97881e-4 0.7542501 -0.6565874 1.95863e-4 0.7404516 -0.6721097 -1.98756e-4 0.7303333 -0.6830911 1.96677e-4 0.7161519 -0.6979444 -1.99464e-4 0.7054893 -0.7087205 1.97218e-4 0.6909527 -0.7229 -2.00238e-4 0.6797431 -0.7334503 1.97896e-4 0.6648848 -0.746946 -2.00776e-4 0.6531317 -0.7572444 1.98574e-4 0.6379826 -0.7700508 -2.01382e-4 0.625687 -0.7800743 1.98981e-4 0.6102768 -0.7921884 -2.02055e-4 0.5974445 -0.8019102 1.99522e-4 0.5818013 -0.813331 -2.0246e-4 0.5684449 -0.8227214 2.00064e-4 0.5525947 -0.8334502 -2.02864e-4 0.5387157 -0.8424876 2.00337e-4 0.5226958 -0.8525193 -2.032e-4 0.508303 -0.8611784 2.00743e-4 0.4921377 -0.8705173 -2.03335e-4 0.477239 -0.8787736 2.00743e-4 0.4609595 -0.8874212 -2.03738e-4 0.4455715 -0.8952464 2.01149e-4 0.4292045 -0.9032074 -2.03874e-4 0.4133343 -0.9105794 2.01013e-4 0.3969054 -0.9178595 -2.03806e-4 0.3805705 -0.924752 2.00878e-4 0.3641094 -0.9313561 -2.03739e-4 0.3473214 -0.9377462 2.00878e-4 0.3308559 -0.9436813 -2.0347e-4 0.3136292 -0.9495456 2.00878e-4 0.2971868 -0.9548194 -2.03469e-4 0.2795379 -0.9601346 2.00336e-4 0.2631413 -0.9647573 -2.03066e-4 0.2450912 -0.9695001 2.00336e-4 0.228766 -0.9734814 -2.02931e-4 0.2103313 -0.9776303 2.00065e-4 0.1941068 -0.9809805 -2.02662e-4 0.175301 -0.984515 1.99523e-4 0.1591969 -0.9872469 -2.02123e-4 0.1400523 -0.9901441 1.99252e-4 0.1240912 -0.9922709 -2.01584e-4 0.1046212 -0.9945122 1.98709e-4 0.08882784 -0.9960471 -2.00776e-4 0.06905972 -0.9976125 1.97896e-4 0.05345475 -0.9985703 -2.00238e-4 0.03340798 -0.9994419 1.97083e-4 0.0180124 -0.9998378 -1.51626e-5 0.007145047 -0.9999746 0 -4.23571e-4 -1 1.01325e-4 -0.01745378 -0.9998478 -6.84511e-5 -0.01863276 -0.9998264 4.0964e-5 -0.04587948 -0.998947 0 -0.04634034 -0.9989258 0.09460717 -0.08580058 -0.9918105 0.04934787 -0.09373062 -0.9943739 0.1235046 -0.1874464 -0.9744797 0.3252405 -0.1916409 -0.9260089 -0.3291754 -0.3221668 -0.8876104 0.4072991 -0.3578656 -0.8402616 -0.2478501 -0.4559543 -0.854796 0.2944762 -0.5046444 -0.8115528 -0.146094 -0.5916528 -0.7928453 0.1546409 -0.6266287 -0.7638211 -0.2382232 -0.6685889 -0.7044421 0.3506678 -0.6864014 -0.6370912 0.03140485 -0.7602468 -0.6488749 0.1491729 -0.8329136 -0.5329189 0.2744106 -0.8139865 -0.5119813 -0.2719392 -0.8699808 -0.4113183 0.3518919 -0.8672518 -0.3522023 -0.423631 -0.8764817 -0.2287283 -0.2812743 -0.9312714 -0.2315567 -0.01432234 -0.9947642 -0.1011886 -0.01746654 -0.9947372 -0.1009601 0.1215949 -0.992503 0.01235246 0.02065169 -0.9997846 0.002119541 0 -0.99828 0.05862653 -1.21882e-4 -0.9978392 0.06570315 -4.31027e-4 -0.998155 0.06071686 2.95604e-4 -0.9969512 0.07802826 -2.84687e-4 -0.9954236 0.09556043 -0.006298899 -0.9932731 0.1156233 0.003160297 -0.9883854 0.1519348 7.07565e-4 -0.9935564 0.1133362 1.05362e-4 -0.9927946 0.1198281 -3.41923e-5 -0.9910984 0.1331324 -0.005189776 -0.9899528 0.1413033 0 -0.9909626 0.1341385 0.01871514 -0.9869166 0.1601421 0.01531261 -0.9868668 0.160809 -0.001328527 -0.9801591 0.1982077 0.0354337 -0.977798 0.2065321 1.23901e-4 -0.9735692 0.2283924 0 -0.9742841 0.2253237 -0.003648161 -0.9849298 0.1729168 0.004951477 -0.9797484 0.2001717 -9.62788e-4 -0.9722452 0.2339627 3.11786e-4 -0.9690442 0.2468872 -1.77223e-4 -0.9662306 0.2576791 4.05596e-4 -0.9632409 0.2686389 7.01532e-4 -0.9638429 0.2664705 2.59951e-4 -0.9623038 0.271977 0 -0.9612544 0.275663 0 -0.9612695 0.2756102 0 -0.9626196 0.2708572 -1.33177e-6 -0.9629813 0.2695682 9.97027e-6 -0.9644472 0.2642757 6.31114e-6 -0.9644695 0.2641944 -3.07251e-4 -0.958362 0.285556 1.05116e-4 -0.9562153 0.2926643 -1.43054e-4 -0.9485906 0.3165059 -1.77699e-4 -0.9487354 0.3160713 1.39976e-4 -0.9390602 0.3437532 -4.58161e-4 -0.9368041 0.349854 3.5427e-4 -0.9273031 0.3743113 0 -0.9254449 0.3788825 0 -0.918538 0.3953326 -4.01215e-4 -0.9145532 0.4044654 0 -0.9119437 0.4103153 0 -0.9044709 0.4265353 4.20469e-4 -0.9008207 0.4341913 0 -0.8973712 0.4412768 0 -0.8893534 0.4572206 -4.12532e-4 -0.8861202 0.4634554 0 -0.8817515 0.4717141 0 -0.8731853 0.4873884 3.76817e-4 -0.8704776 0.492208 0 -0.8650865 0.5016228 0 -0.9485923 0.316501 4.01214e-4 -0.9145511 0.4044703 4.12532e-4 -0.8861202 0.4634554 -3.76906e-4 -0.8704751 0.4922124 -4.20514e-4 -0.9008207 0.4341912 -3.54293e-4 -0.9273031 0.3743113 4.58143e-4 -0.9368057 0.3498498 -1.39976e-4 -0.93906 0.3437532 1.777e-4 -0.9487386 0.3160617 1.43044e-4 -0.9485892 0.3165103 -1.05116e-4 -0.9562171 0.2926585 2.79222e-4 -0.958217 0.286042 0 -0.9612267 0.2757599 0 -0.9612746 0.2755926 0 -0.9628748 0.2699488 -1.00775e-6 -0.9628493 0.2700393 4.0284e-6 -0.9644763 0.2641693 6.31111e-6 -0.964465 0.2642108 -2.6913e-4 -0.9632402 0.2686418 -3.11763e-4 -0.969046 0.24688 2.00799e-4 -0.9660895 0.2582073 9.62813e-4 -0.9722451 0.2339625 -0.004951477 -0.9797481 0.200173 0.003648161 -0.9849298 0.1729168 -0.003160297 -0.9883854 0.1519348 -0.02645546 0.1143009 0.993094 8.13837e-4 -0.1651828 0.9862627 1.3058e-4 -0.1459476 0.9892923 -4.27141e-4 -0.153554 0.9881402 3.18e-4 -0.1365335 0.9906354 0.001307547 -0.1277419 0.9918067 5.63398e-5 -0.1105307 0.9938728 -1.2691e-4 -0.1006049 0.9949265 3.21168e-4 -0.09328866 0.9956391 0 -0.07474792 0.9972025 -5.6701e-5 -0.07789766 0.9969614 -2.35889e-5 -0.08138459 0.9966828 -2.02847e-4 -0.09984278 0.9950032 0 -0.06024909 0.9981835 5.33907e-4 -0.05219286 0.9986369 -2.5321e-7 -0.04317998 0.9990674 3.52142e-7 -0.02534824 0.9996787 -5.24027e-4 -0.01804423 0.9998372 0 -0.008259296 0.9999659 -3.26672e-7 0.009589791 0.9999541 5.04873e-4 0.01613157 0.9998698 1.65595e-7 0.02667731 0.9996441 0 0.04451262 0.9990089 -4.79468e-4 0.05028259 0.998735 2.98109e-7 0.06157046 0.9981028 0 0.07938116 0.9968444 4.44385e-4 0.08437919 0.9964337 0 0.09639996 0.9953427 -2.68428e-7 0.1141524 0.9934633 -4.00229e-4 0.1183767 0.9929688 0 0.1311122 0.9913676 -2.5337e-7 0.1487835 0.9888699 3.48411e-4 0.1522353 0.9883443 -6.71774e-4 0.191496 0.9814932 3.02748e-4 0.1970929 0.9803848 -4.18507e-4 0.2379802 0.9712699 2.4037e-4 0.2415485 0.9703887 -1.46688e-4 0.2839252 0.9588465 0.001443266 0.2963956 0.9550642 -4.86388e-5 0.3179672 0.9481018 0.001809895 0.3449271 0.9386278 5.23221e-4 -0.01804423 0.9998371 4.79266e-4 0.05028259 0.998735 4.0043e-4 0.1183767 0.9929688 -1.20217e-4 0.3565999 0.9342573 4.14432e-5 0.3864201 0.9223229 -9.74139e-5 0.3878465 0.921724 1.32454e-4 0.4175555 0.9086515 -4.68702e-5 0.3878894 0.921706 -4.23076e-4 0.3628342 0.9318536 -0.001349866 -0.3013828 0.9535024 -3.0994e-4 -0.2949426 0.955515 -8.92408e-4 -0.2570683 0.9663928 -0.003057122 -0.2429158 0.9700427 9.15139e-4 -0.213072 0.9770361 -0.001906216 -0.1737735 0.9847838 -8.25249e-4 -0.1686403 0.9856773 -4.15234e-4 -0.1126258 0.9936374 -0.002131819 -0.1037643 0.9945996 9.56314e-4 -0.06754595 0.9977158 -0.001640379 -0.04501038 0.9989852 0.001531004 -0.01101261 0.9999382 -0.001129388 0.01389849 0.9999029 0.002088069 0.04555732 0.9989596 -0.002414226 0.07275915 0.9973466 8.86722e-4 0.1019823 0.9947859 -0.001701653 0.1313681 0.9913323 0.001560568 0.1580781 0.9874255 -9.69594e-4 0.1895202 0.9818764 0.001835882 0.2108121 0.9775249 -0.002553999 0.2470128 0.9690089 0.001490533 0.271458 0.9624491 -6.51716e-4 0.2968482 0.9549245 0.001215517 0.3236184 0.946187 6.66177e-4 0.3277292 0.9447715 -0.002190887 0.350562 0.936537 -0.001024842 0.3179665 0.9481015 -0.002436399 0.3041532 0.9526201 1.46736e-4 0.2839252 0.9588465 -1.39526e-4 0.2525853 0.9675746 0.001615047 0.23798 0.9712688 -8.20592e-4 0.2082517 0.9780749 0.001028239 0.191496 0.9814929 -0.001483619 0.1634808 0.9865455 -4.43982e-4 0.08437925 0.9964337 -5.05276e-4 0.01613157 0.9998698 -5.33101e-4 -0.05219286 0.9986369 -4.73176e-4 -0.1251115 0.9921426 3.20172e-5 -0.1651831 0.9862629 -0.01227045 -0.07359933 -0.9972125 0.01245635 -0.1010083 -0.9948077 -0.03521716 -0.1579737 -0.9868151 -0.01230651 -0.1701803 -0.9853361 0.00239706 -0.2730301 -0.9620025 -0.04312545 -0.2921101 -0.9554119 0.02652412 -0.3640735 -0.9309924 -0.0172407 -0.3883712 -0.9213417 0.007366895 -0.4526616 -0.8916519 0 -0.4608176 -0.8874949 -7.2675e-4 -0.4668198 -0.8843522 7.13243e-4 -0.493682 -0.8696422 -0.002253055 -0.5176936 -0.8555632 7.57453e-4 -0.5434266 -0.8394563 -7.72224e-4 -0.566801 -0.8238545 0.001071512 -0.5819053 -0.813256 -0.001078367 -0.6139685 -0.7893298 7.51135e-4 -0.6282211 -0.7780346 -0.001384556 -0.659041 -0.7521059 0.001352071 -0.6724113 -0.7401765 -0.001368343 -0.7101395 -0.7040597 0.00133562 -0.7224201 -0.6914531 -7.54516e-4 -0.7500646 -0.6613642 0.001033842 -0.761415 -0.648264 -0.001040637 -0.7874276 -0.6164063 7.31768e-4 -0.7978296 -0.6028828 -7.45609e-4 -0.8153832 -0.5789213 0.001016974 -0.825024 -0.5650969 -0.001023471 -0.8478184 -0.5302857 7.22715e-4 -0.8564934 -0.5161576 -7.36182e-4 -0.8716845 -0.4900671 9.99232e-4 -0.8795867 -0.4757377 -0.00100547 -0.8988284 -0.4382998 7.12822e-4 -0.9057699 -0.4237691 -7.2586e-4 -0.9183372 -0.3957985 9.80551e-4 -0.9245102 -0.3811562 -9.86917e-4 -0.9398935 -0.3414667 7.02033e-4 -0.9451149 -0.3267378 -7.15329e-4 -0.9548313 -0.2971479 0.002227604 -0.9625164 -0.2712148 -7.88268e-4 -0.9705616 -0.2408518 7.73451e-4 -0.9766642 -0.214771 -0.001131474 -0.9807612 -0.1952083 0.001123428 -0.9875013 -0.1576071 -7.92591e-4 -0.9904916 -0.1375712 7.78135e-4 -0.9937666 -0.1114779 -0.001143991 -0.9958403 -0.09110951 0.001135706 -0.9985681 -0.05348557 -7.96574e-4 -0.9994626 -0.03277164 7.81855e-4 -0.9999755 -0.006955564 -0.001155793 -0.9999014 0.01399517 4.2768e-4 -0.9992158 0.03959596 -6.19628e-4 -0.03306591 -0.9994531 0.001298367 -0.05105656 -0.998695 -2.91639e-5 -0.0737912 -0.9972738 0.001281261 -0.09755808 -0.9952291 -0.001330971 -0.1211811 -0.9926296 6.46734e-4 -0.1553716 -0.9878559 -7.39282e-4 -0.1680838 -0.9857724 0.001309633 -0.2012549 -0.9795382 -1.32971e-4 -0.2147991 -0.9766582 2.35022e-4 -0.2593693 -0.9657782 -2.97363e-5 -0.2609456 -0.9653535 1.60624e-4 -0.2933185 -0.9560148 -1.23313e-4 -0.295885 -0.9552236 0.03133445 0.5448977 -0.8379169 5.52188e-4 -0.295885 -0.9552235 -2.55263e-4 -0.2846286 -0.9586379 0.001370906 -0.2609454 -0.9653526 -0.001317739 -0.2353826 -0.971902 1.24078e-5 -0.2147991 -0.9766584 -0.002329647 -0.1680834 -0.9857701 -6.01349e-5 -0.1783614 -0.9839651 7.46111e-5 -0.1211811 -0.9926305 0 -0.1207355 -0.9926847 0 -0.07432556 -0.9972341 5.89013e-5 -0.0737912 -0.9972738 -7.25171e-5 -0.03485274 -0.9993925 -1.08374e-4 -0.0351333 -0.9993827 -2.63461e-5 -0.009842455 -0.9999516 0 0.007221519 -0.999974 -7.5357e-4 -0.964179 0.2652513 0 -0.9612579 0.2756509 1.48382e-4 -0.9702325 0.2421758 0 -0.9700828 0.2427746 0 -0.9798527 0.1997214 0 -0.9798524 0.1997233 0 -0.9898479 0.1421312 0 -0.9898486 0.1421263 0 -0.9964612 0.08405405 0.007216334 -0.9976247 0.06850546 -0.004509687 -0.9998299 0.01789116 0.004509687 -0.9999886 -0.00159657 -0.007216632 -0.9986087 -0.05223679 0.005412042 -0.9968233 -0.07946145 -0.001804828 -0.992031 -0.1259816 0.001804292 -0.9904902 -0.1375719 -0.00541228 -0.9829626 -0.1837263 0.007216572 -0.9775738 -0.2104696 -0.004509329 -0.9656759 -0.259711 0.004510283 -0.9604302 -0.2784845 -0.007215797 -0.9450782 -0.3267648 0 -0.9398955 -0.3414623 0 -0.9229026 -0.3850337 0 -0.9229026 -0.3850338 0 -0.9038926 -0.4277595 0 -0.9038917 -0.4277616 0 -0.873587 -0.4866681 -0.005408942 -0.8773406 -0.4798378 0 -0.8415593 -0.5401648 -0.01420146 -0.826977 -0.5620564 0.005711913 -0.7969288 -0.6040462 -0.01082015 -0.7633973 -0.6458386 0.006396114 -0.7451069 -0.6669144 -0.00721538 -0.7046115 -0.7095567 0.009018898 -0.6792867 -0.7338176 0 -0.6502027 -0.7597609 0.01352483 -0.6046437 -0.7963813 0 -0.6173195 -0.7867126 0 -0.5571281 -0.8304267 0 -0.557128 -0.8304268 0 -0.5076568 -0.8615595 0 -0.5076566 -0.8615595 0 -0.4668195 -0.8843528 0 -0.4668205 -0.8843522 1.48382e-4 -0.970232 0.2421777 0 -0.9700828 0.2427746 0 -0.9798528 0.1997215 0 -0.9798524 0.1997233 0 -0.9898478 0.1421312 0 -0.9898486 0.1421263 0 -0.9964613 0.08405411 0.007216334 -0.9976246 0.06850546 -0.004509687 -0.9998299 0.01789116 0.004509687 -0.9999886 -0.00159657 -0.007216632 -0.9986087 -0.05223679 0.001804292 -0.9904901 -0.1375719 -0.00541228 -0.9829626 -0.1837263 -0.007215797 -0.9450782 -0.3267648 0 -0.9398955 -0.3414623 0 -0.9229025 -0.3850337 0 -0.9229026 -0.3850339 0 -0.8735869 -0.4866681 -0.005408942 -0.8773406 -0.4798378 0 -0.8415594 -0.5401648 0.005711913 -0.7969288 -0.6040463 -0.01082015 -0.7633973 -0.6458387 0.006396114 -0.745107 -0.6669143 -0.00721538 -0.7046115 -0.7095566 0.009018898 -0.6792868 -0.7338175 0 -0.6502026 -0.7597609 0 -0.6173196 -0.7867126 0 -0.557128 -0.8304268 0 -0.557128 -0.8304267 0 -0.5076567 -0.8615595 -1 0 0 -1 1.81834e-7 0 -1 -2.68042e-7 0 -1 -7.04712e-7 0 -1 5.39231e-7 0 -1 -3.91005e-7 0 -1 7.8127e-7 0 -1 -3.74172e-7 0 -1 -1.90556e-6 0 -1 2.15166e-6 0 -1 -1.25605e-6 0 -1 -1.58549e-6 0 -1 1.8515e-6 0 -1 -7.30964e-7 0 -1 5.69411e-7 0 -1 2.70171e-7 0 -1 -7.89924e-7 0 -1 1.02685e-6 0 -1 1.22141e-7 0 -1 0 0 -1 0 0 -1 0 0 -1 0 0 -1 -4.16199e-7 0 -1 2.03764e-7 0 -1 1.99614e-7 0 -1 -7.82573e-7 0 -1 -2.87771e-7 0 -1 7.38984e-7 0 -1 -1.8143e-7 0 -1 3.56528e-7 0 -1 9.47947e-7 0 -1 -2.03521e-6 0 -1 1.3358e-6 0 -1 -4.9342e-7 0 -1 8.10451e-7 0 -1 0 0 -1 -1.24491e-6 0 -1 1.74591e-6 0 -1 -4.50204e-7 0 -1 -2.37458e-6 0 -1 -1.46846e-7 0 -1 -5.81472e-7 0 -1 1.28401e-6 0 -1 -4.95044e-7 0 -1 1.11378e-6 0 -1 -1.17493e-6 0 -1 1.63747e-6 0 -1 -2.71356e-7 0 -1 -7.38808e-7 0 -1 -4.68145e-7 0 -1 -8.63253e-7 0 -1 2.18513e-6 0 -1 3.95618e-7 0 -1 -1.75091e-7 0 -1 -7.6914e-7 0 -1 2.78704e-6 0 -1 -4.55909e-6 0 -1 2.51848e-6 0 -1 5.45415e-7 0 -1 -2.35307e-6 0 -1 3.01287e-6 0 -1 -1.09184e-6 0 -1 -2.44022e-6 0 -1 -5.79505e-7 0 -1 3.13327e-6 0 -1 -2.54246e-6 0 -1 5.03944e-7 0 -1 2.72219e-6 0 -1 -8.03128e-7 0 -1 2.50941e-6 0 -1 -2.79941e-6 0 -1 7.61153e-7 0 -1 5.62407e-7 0 -1 -4.52278e-7 0 -1 2.27045e-7 0 -1 -1.03703e-6 0 -1 2.84963e-7 0 -1 6.78897e-7 0 -1 5.83142e-7 0 -1 -5.34324e-7 0 -1 -1.58961e-6 0 -1 -8.62104e-7 0 -1 -9.24133e-6 0 -0.0540542 0.9937478 -0.09769028 -0.04205948 0.9990473 -0.01164001 -1 -2.29909e-6 0 -1 -8.41114e-7 0 -1 2.98169e-7 0 -1 -2.90215e-7 0 -1 4.01872e-7 0 -1 -2.70977e-7 0 -1 -1.58722e-6 0 -1 4.28178e-7 0 -1 -8.03761e-7 0 -1 2.43509e-7 0 -1 -2.98674e-6 0 -1 6.85378e-7 0 -1 -8.87758e-7 0 -0.1630365 -0.5870252 0.7929821 -1 5.39501e-7 0 -1 8.02645e-7 0 -1 -4.19043e-7 0 0 0.6278506 -0.7783339 -5.35954e-7 0.6278509 -0.7783337 0 0.6278507 -0.7783339 0 0.6278521 -0.7783328 2.5406e-6 0.6278505 -0.778334 0.219271 0.4592438 -0.8608225 0 0.6278511 -0.7783336 0 0.6278507 -0.7783339 1 8.5774e-6 0 1 0 0 1 -5.52348e-7 0 1 7.65358e-7 0 1 -1.4057e-6 0 1 5.68671e-7 0 1 5.52361e-7 0 1 -7.43879e-7 0 1 5.59851e-7 0 1 3.73563e-7 0 1 -4.25953e-5 0 1 2.84757e-6 0 1 -7.79174e-7 0 1 -1.26704e-6 0 1 -1.44667e-6 0 1 9.75477e-6 0 1 9.5917e-7 0 1 -5.54613e-7 0 1 -5.03845e-7 0 1 -8.01086e-7 0 1 -3.52763e-7 0 1 1.84371e-6 0 1 3.42541e-7 0 1 -7.52662e-7 0 1 -9.44725e-7 0 1 6.22836e-7 0 1 -7.99804e-7 0 1 1.20518e-6 0 1 1.19692e-6 0 1 5.67297e-7 0 -0.9998294 0.01160019 0.01437276 -1 -7.46826e-7 0 -1 2.94298e-7 0 -1 2.83536e-7 0 -1 -5.13816e-7 0 -1 4.84259e-7 0 -1 3.77421e-7 0 -1 -5.86332e-7 0 -1 -1.00506e-6 0 -1 3.93212e-7 0 -1 -4.45707e-7 0 -1 2.22286e-7 0 -1 2.23666e-7 0 -1 -1.95062e-7 0 -1 4.46134e-7 0 -1 -5.86454e-7 0 -1 -2.33678e-7 0 -1 3.75238e-7 0 -1 -4.71405e-7 0 -1 3.75668e-7 0 -1 3.67106e-7 0 -1 -1.91929e-7 0 -1 -2.28663e-7 0 -1 2.30251e-7 0 -1 0 0 -1 2.29897e-7 0 -1 -1.90116e-7 0 -1 -1.20481e-7 0 -1 -3.9346e-7 0 -1 3.26534e-7 0 -1 1.13386e-6 0 -1 -2.06611e-7 0 -1 4.51692e-7 0 -1 5.60137e-7 0 -1 -1.85392e-6 0 -1 1.59642e-6 0 -1 -1.14834e-6 0 0 -0.4942913 0.8692963 0 -0.4942945 0.8692945 0 -0.4132991 0.9105954 0.002144932 -0.3924945 0.9197519 -7.15783e-4 -0.3073503 0.9515963 7.1487e-4 -0.2856272 0.9583406 -0.00143063 -0.2196475 0.9755783 0.001431107 -0.1750839 0.9845525 -7.15325e-4 -0.1075765 0.9941965 0.00214529 -0.06227147 0.998057 -0.002144932 0.005893051 0.9999803 0.002144575 0.07403045 0.9972537 -0.002144932 0.141828 0.9898891 0.002144575 0.2089639 0.9779211 -0.002144932 0.275124 0.9614064 0.00214529 0.3400071 0.9404205 -0.002144932 0.4033111 0.9150605 7.15326e-4 0.4444932 0.895782 -0.002144932 0.5240024 0.8517141 0 0.5432277 0.8395854 0 0.6172373 0.786777 0 0.6172337 0.7867799 -1 -4.32718e-7 0 -1 -1.90481e-7 0 -1 8.32094e-7 0 -1 -2.19064e-6 0 -1 5.48436e-7 0 -1 -2.99222e-6 0 -1 2.24373e-6 0 -1 3.38522e-6 0 -1 -8.05678e-6 0 -1 1.38314e-5 0 -1 4.38673e-5 0 -1 1.84996e-6 0 -1 1.92576e-6 0 -1 -1.41177e-6 0 -1 3.04586e-6 0 -1 -1.29941e-5 0 -1 3.35121e-6 0 -1 -3.22546e-6 0 -1 2.2028e-6 0 -1 1.08477e-6 0 0 0.9956189 -0.09350472 0.00158441 0.9676037 -0.252469 -0.009613394 0.7512663 -0.6599292 0.005582332 0.6838309 -0.7296192 0.135669 0.6997632 -0.7013741 0.01657503 0.4705458 -0.88222 0.02894431 -0.8691433 0.4937127 0.9817417 0.08727651 -0.1690152 0.9838049 0.1073217 -0.1435624 0.9999524 -7.24937e-4 -0.009731411 0.9999538 -0.001159608 -0.009540319 0.9999705 0.003489136 -0.006852686 1 -5.38292e-7 0 0.9975229 0.05669319 -0.04164212 6.69417e-4 -0.0187878 -0.9998233 -5.90693e-4 -0.08679425 -0.9962261 0.00371927 -0.1884785 -0.9820704 5.85965e-4 -0.4373597 -0.8992865 -3.06217e-4 -0.4843431 -0.8748781 -5.24457e-4 -0.6695919 -0.7427291 -5.13528e-5 0.5616436 -0.8273794 4.53811e-5 0.5190946 -0.8547168 -6.2039e-5 0.5172509 -0.8558338 5.57435e-5 0.4744676 -0.880273 -9.31239e-4 0.456829 -0.889554 4.82778e-4 0.4130486 -0.910709 -5.21343e-4 0.3942236 -0.9190144 9.08362e-4 0.3496785 -0.9368695 -9.43522e-4 0.3133512 -0.9496369 4.96121e-4 0.2682024 -0.9633625 -5.46493e-4 0.2469348 -0.969032 9.07887e-4 0.2015631 -0.9794752 -1.48842e-4 0.1793312 -0.9837888 1.32319e-4 0.1310061 -0.9913817 8.70705e-4 0.07006329 -0.9975422 -6.01924e-6 0.0245949 -0.9996976 0.001206219 -0.01196342 -0.9999278 8.69104e-4 -0.1437575 -0.9896126 -4.05042e-4 -0.1883617 -0.9820997 5.51213e-4 -0.2128269 -0.9770898 -1.04708e-4 -0.241971 -0.9702835 6.82847e-4 -0.27797 -0.9605896 -7.51665e-4 -0.446573 -0.894747 -6.6202e-4 -0.6702302 -0.742153 -7.40005e-6 -0.6997551 -0.7143829 -1 -4.60634e-7 0 -0.999979 0.006006777 -0.002443373 -1 4.06085e-7 0 -1 0 0 -0.9938647 0.04970163 -0.09880703 -0.9982302 -0.003035306 -0.0593912 -0.01894587 -0.5006715 0.86543 -0.2120969 0.9685326 -0.1302294 -0.1515303 0.8264186 -0.5422829 -0.01292455 0.5729333 -0.8195002 -0.1103877 -0.5712773 -0.8133001 -0.09173649 0.3601957 -0.9283552 0 0.9999524 0.00976026 9.52962e-5 0.6633394 -0.7483187 0.01439547 0.7332427 -0.6798146 -7.35562e-4 0.9405027 -0.3397859 0.003759801 0.993485 -0.1139007 1 -1.74443e-6 0 1 1.42829e-6 0 1 -4.63704e-7 0 1 2.56008e-7 0 1 -5.8166e-7 0 1 1.00305e-6 0 1 1.34741e-6 0 1 4.72703e-7 0 1 -1.29881e-6 0 1 -1.01334e-6 0 1 1.49082e-6 0 1 -1.13332e-6 0 1 1.31374e-7 0 1 4.91917e-7 0 1 -2.31061e-6 0 1 -1.97129e-7 0 1 -2.94853e-6 0 0 -0.5139216 0.8578372 0.001431107 -0.4942924 0.8692946 -7.15555e-4 -0.4338991 0.9009613 7.14416e-4 -0.4133004 0.9105945 -0.001431047 -0.3502791 0.9366443 0.001431107 -0.3073501 0.9515954 -7.15328e-4 -0.2417778 0.9703314 7.14871e-4 -0.2196477 0.9755791 -0.001430153 -0.1526499 0.9882793 0.00143063 -0.1075768 0.9941958 -7.15783e-4 -0.03956848 0.9992167 7.15785e-4 -0.01683735 0.999858 -0.001430153 0.05134379 0.9986801 0.001430153 0.09667909 0.9953147 -7.15328e-4 0.1642925 0.9864114 0.002144575 0.2089639 0.9779211 -0.002144932 0.275124 0.9614064 0.00214529 0.3400072 0.9404205 7.15326e-4 0.4444931 0.895782 -0.002239525 0.5265797 0.8501228 -8.12044e-5 0.5432295 0.8395844 0.001752018 0.6405026 0.7679541 1 6.05262e-7 0 1 2.93547e-7 0 1 -9.78818e-7 0 1 -3.80051e-7 0 1 1.04641e-6 0 1 1.63267e-7 0 1 0 0 1 -1.91506e-7 0 1 -2.26869e-7 0 1 2.37366e-7 0 1 2.35216e-7 0 1 4.67357e-7 0 1 -2.24546e-7 0 1 4.46134e-7 0 1 3.92131e-7 0 1 -2.22286e-7 0 1 2.22854e-7 0 1 -5.86332e-7 0 1 1.8871e-7 0 1 -4.84259e-7 0 1 1.02763e-6 0 1 -2.83536e-7 0 1 1.47149e-7 0 1 -7.46826e-7 0 -1 1.82902e-6 0 -1 6.00019e-7 0 -1 3.0031e-7 0 -1 -1.55835e-6 0 -1 2.84757e-6 0 -1 -2.12976e-5 0 -1 6.55447e-7 0 -1 -2.5679e-6 0 -1 4.82196e-7 0 -1 1.14396e-6 0 -1 5.77044e-7 0 -1 -4.73581e-7 0 -1 -9.5798e-7 0 -1 7.45708e-7 0 -1 -1.43076e-6 0 -1 7.47952e-7 0 -1 -9.65213e-7 0 -1 7.41599e-7 0 -1 -4.80445e-7 0 -1 3.7194e-7 0 -1 -4.86421e-7 0 -1 -1.39963e-7 0 -1 -4.75079e-7 0 -1 1.86781e-7 0 -1 -5.54612e-7 0 -1 -7.81745e-7 0 -1 7.05527e-7 0 -1 -2.91374e-6 0 -1 -1.00814e-6 0 -1 2.59186e-7 0 -1 -9.671e-7 0 -1 4.12618e-7 0 -1 -2.31023e-6 0 -1 6.3679e-7 0 -1 -5.83077e-7 0 -1 6.02589e-7 0 0 0.6278507 -0.778334 0 0.6278508 -0.7783337 0 0.6278508 -0.7783338 6.54648e-7 0.6278504 -0.778334 0 0.6278508 -0.7783337 -5.47131e-7 0.627851 -0.7783337 -0.001134932 0.6249599 -0.7806562 1 -1.94253e-6 0 1 1.51358e-6 0 1 -2.2178e-7 0 1 -7.93777e-7 0 1 7.65861e-7 0 1 -4.62067e-6 0 1 6.07129e-7 0 1 -1.18675e-6 0 1 7.38981e-7 0 1 -5.8043e-7 0 1 5.34595e-7 0 1 8.73602e-7 0 1 -1.50254e-7 0 1 -5.2544e-7 0 1 -1.43088e-7 0 1 -5.38227e-7 0 1 1.0639e-6 0 1 -6.49857e-7 0 1 -1.05248e-6 0 1 -5.0239e-7 0 1 2.91794e-6 0 1 -7.58629e-7 0 1 6.09433e-7 0 1 5.94519e-7 0 1 -3.83117e-7 0 1 -4.26137e-6 0 1 -2.10279e-7 0 1 8.3348e-7 0 1 -5.83142e-7 0 1 -4.85905e-7 0 1 2.67425e-7 0 1 1.7293e-7 0 1 7.40813e-7 0 1 -2.07405e-6 0 1 6.01643e-7 0 1 8.91205e-7 0 1 -3.41788e-7 0 1 8.32956e-7 0 1 -2.06675e-6 0 1 2.75122e-6 0 1 -4.68139e-6 0 1 2.59914e-6 0 1 2.61985e-6 0 1 -1.79404e-6 0 1 -3.2178e-6 0 1 2.50661e-6 0 1 1.73852e-7 0 1 -3.33624e-6 0 1 3.08727e-6 0 1 -2.206e-6 0 1 2.19468e-6 0 1 -2.9919e-6 0 1 2.25785e-6 0 1 0 0 1 1.64841e-7 0 1 -9.24843e-7 0 1 1.26168e-6 0 1 -9.32745e-7 0 1 -1.34329e-6 0 1 2.36196e-6 0 1 -2.17085e-6 0 1 9.55193e-7 0 1 1.85363e-6 0 1 -2.21163e-6 0 1 4.17667e-7 0 1 2.80586e-7 0 1 7.84675e-7 0 1 0 0 1 -6.60805e-7 0 1 5.93645e-7 0 1 6.07274e-7 0 1 -1.45983e-6 0 1 -3.9416e-7 0 1 -5.59376e-7 0 1 1.23355e-6 0 1 6.67901e-7 0 1 -1.35681e-6 0 1 -3.44708e-7 0 1 1.40192e-6 0 1 2.72146e-7 0 1 -2.87771e-7 0 1 3.91286e-7 0 1 2.03764e-7 0 1 -2.081e-7 0 1 2.27453e-7 0 1 0 0 1 2.5037e-7 0 1 -3.85067e-7 0 1 5.40343e-7 0 1 -5.546e-7 0 1 -9.76118e-7 0 1 7.1347e-7 0 1 -9.77677e-7 0 1 2.67956e-6 0 1 -1.97952e-6 0 1 0 0 1 3.18967e-7 0 1 -7.25083e-7 0 1 2.29169e-6 0 1 -1.00095e-6 0 1 3.1815e-7 0 1 3.78825e-7 0 1 -1.24276e-6 0 1 2.95176e-7 0 1 -3.11803e-7 0 1 6.08337e-7 0 1 9.33338e-7 0 1 -8.50599e-7 0 0.04251819 0.03298097 -0.9985512 0 0.7180256 -0.6960167 0 0.6960163 0.7180261 0 0.6960169 0.7180255 0 0.6960161 0.7180263 0 0.6960158 0.7180264 0 0.6960183 0.7180241 0 0.6960163 0.718026 0 0.6960164 0.7180259 1.93407e-6 -0.6960173 -0.7180251 0 0.6960167 0.7180256 -2.61196e-6 0.6960163 0.7180261 -2.31606e-6 0.6960227 0.7180199 -4.23786e-6 0.6960119 0.7180304 0 0.6960186 0.7180238 0 0.6960164 0.7180259 -1.6423e-5 0.696017 0.7180253 6.87596e-6 0.6960171 0.7180253 6.19221e-6 0.6960145 0.7180278 0 0.6960176 0.7180248 -8.57505e-6 0.6960107 0.7180314 3.24807e-6 0.69602 0.7180225 -2.96407e-6 0.6960201 0.7180224 -6.67865e-6 0.6960113 0.7180308 0 0.6960216 0.7180209 0 0.696016 0.7180264 0 0.6960139 0.7180284 3.57734e-6 0.6960137 0.7180286 0 0.6960152 0.7180271 1.9256e-7 0.6960167 0.7180256 0 0.03301113 -0.999455 1.53072e-7 0.03301107 -0.999455 3.18364e-7 0.03301084 -0.999455 -1.5703e-7 0.0330109 -0.999455 0 0.03301042 -0.9994551 0 0.03301048 -0.999455 0 0.03301101 -0.999455 -0.008312225 -0.01849585 -0.9997944 0 -0.04148453 -0.9991393 0 0.2026349 -0.9792544 0 0.2026347 -0.9792544 -1.83868e-7 0.00328499 -0.9999947 0 -0.4171746 -0.9088264 0 -0.4171726 -0.9088274 0 -0.2844435 -0.9586928 -0.00687313 -0.2676458 -0.9634929 0.01138567 -0.06196188 -0.9980136 0.03794336 -0.09614509 -0.9946439 0 0.6677253 -0.7444079 0 0.6677252 -0.7444079 0 -0.6677255 0.7444077 0 -0.6677247 0.7444083 -0.01939719 0.7146099 -0.6992543 0.01223325 0.4328421 0.9013867 0 0.417563 0.9086481 5.43771e-7 0.9771372 -0.2126101 0.003793418 0.9790174 -0.2037416 -0.01025199 0.9803194 -0.1971518 -0.001750349 0.985466 -0.1698638 0.005253136 0.9889184 -0.1483674 -0.007585763 0.9940385 -0.1087657 0.002625823 0.9965059 -0.08348113 -0.009883761 0.9994491 -0.03168588 0.006302714 0.9996021 0.02749598 -0.003502547 0.9983128 0.05795967 0.001752018 0.9958927 0.09052485 -0.005253076 0.9936715 0.1122027 0.00525242 0.9894775 0.1445919 -0.005253136 0.9842258 0.176839 0.005252957 0.9779258 0.2088866 -0.005253493 0.9705799 0.2407222 0.00339806 0.963762 0.2667422 -0.02528232 0.93983 0.340706 -1.67359e-6 0.9528052 0.3035824 1.11555e-6 0.9348717 0.3549861 -0.01241409 0.9253551 0.3788981 -8.75466e-4 0.9141692 0.4053321 -0.005247831 0.8907429 0.4544773 -1.11593e-6 0.8940292 0.4480089 1.4879e-6 0.8554452 0.5178936 0.005248308 0.8591671 0.5116683 -0.001193702 0.8154327 0.5788507 0.001193225 0.81371 0.5812699 -0.003230392 0.7804951 0.6251537 -0.02056896 0.7590837 0.6506682 -0.001670062 0.7290201 0.6844903 -0.005249083 0.6977864 0.7162867 -0.01115828 0.6918761 0.72193 0.002626657 0.6495358 0.7603265 -0.01378303 0.6178954 0.7861396 -0.002301335 0.6017806 0.7986582 -0.01992446 0.5204201 0.8536779 0.01487141 0.5509353 0.8344154 -0.002627491 0.4890155 0.8722712 0.007585048 0.4666833 0.884392 -0.005251586 0.431016 0.902329 0.007587254 0.3946502 0.9188002 -0.002625823 0.3711847 0.9285554 0.01115822 0.3175064 0.9481906 0 0.3028591 0.9530354 -3.74115e-5 -0.7444525 -0.6676754 3.72955e-5 -0.7443611 -0.6677774 1.30299e-4 0.1650097 -0.986292 0 0.1658676 -0.9861481 0 0.2805981 -0.9598254 -0.002686798 0.2945814 -0.9556227 0.003211021 0.4288365 -0.9033765 -0.003211021 0.4570155 -0.8894529 0.001857399 0.5634279 -0.8261631 0 0.5740954 -0.8187885 0.3512601 0.5878436 -0.7287361 0.0230329 -0.2127314 -0.9768393 0.9164999 0.21744 -0.3357794 0.05276554 -0.01464319 -0.9984996 0.03071159 0.2805876 -0.9593371 0.008832395 -0.8632611 0.5046804 0.5637657 0.4957709 -0.6605902 0.9793618 -5.79993e-4 -0.2021143 0.9997867 0.002548873 -0.02049386 0.9935974 0.1125549 0.009777009 0.6381447 -0.1830796 -0.7478324 -0.008364498 0.6056318 -0.7957012 -0.002701401 0.6160501 -0.7877024 -0.1405186 0.63738 -0.7576288 -2.41522e-4 0.6732379 0.739426 0 0.6628416 0.7487597 0.00322169 0.6439971 0.7650212 0.01008683 0.6485939 0.7610679 3.38209e-4 0.6235011 0.7818225 0.03102904 0.5772432 0.8159826 0.0301755 0.5769557 0.816218 -0.004492223 0.5096712 0.8603576 0.03476196 0.4929469 0.8693647 -0.03816336 0.4084597 0.9119783 -0.002383708 0.395416 0.9184991 -0.007089972 0.3286541 0.9444239 -0.03052049 0.3140811 0.9489055 2.26214e-4 0.2689083 0.9631658 -0.02663481 0.2263536 0.973681 0 0.2402515 0.9707108 0.001280605 0.684938 0.7286002 -7.66884e-4 0.7051485 0.7090594 0.001803338 0.7238179 0.6899887 -0.001832127 0.7431026 0.669175 7.40984e-4 0.7605271 0.6493058 -0.001290738 0.7788068 0.6272627 0.001278281 0.7949497 0.6066742 -7.4901e-4 0.8121531 0.5834441 7.29841e-4 0.8207749 0.5712514 -0.001288712 0.8370563 0.5471152 1.81382e-4 0.8450229 0.5347302 -3.19105e-4 0.8659005 0.5002161 2.30153e-4 0.867648 0.497179 -2.40046e-4 0.8870906 0.4615954 0.0020051 0.893576 0.4489076 -7.24918e-4 0.9111502 0.4120739 7.05346e-4 0.9168247 0.3992893 -0.001281499 0.9284125 0.371549 1.3845e-4 0.9334442 0.3587228 -2.40141e-4 0.9474548 0.3198897 1.68484e-4 0.9482693 0.3174675 -1.78481e-4 0.960624 0.2778515 1.98598e-4 0.9612727 0.2755993 -1.99465e-4 0.9744593 0.2245643 1.36785e-4 0.9749253 0.2225326 -1.46121e-4 0.9834038 0.1814307 0.00193715 0.9856491 0.1687965 -6.83058e-4 0.9918986 0.1270303 6.62805e-4 0.9934164 0.1145583 -0.001265227 0.9965301 0.08322346 6.81578e-5 0.9974831 0.07090461 -1.16098e-4 0.9996008 0.02825409 -0.001735508 0.9992734 0.03807538 -6.0943e-6 0.9999865 0.005204856 -0.001258134 0.9998744 -0.01579731 0.00124371 0.9992529 -0.03862869 -6.51185e-4 0.9974902 -0.07080346 6.30662e-4 0.9966002 -0.08238762 -0.001250445 0.9934042 -0.1146591 1.74953e-5 0.992032 -0.1259871 -1.77253e-5 0.9873918 -0.1582953 8.98624e-6 0.9873534 -0.1585348 -7.24437e-6 0.9821329 -0.1881889 -3.56633e-5 0.9821721 -0.1879846 0 -0.6677249 0.7444082 0 -0.6677255 0.7444076 -1 -4.79003e-7 0 -1 0 0 -1 0 0 -1 1.47305e-7 0 -1 -1.4768e-7 0 -1 0 0 -1 0 0 -1 0 0 -1 0 0 -1 1.51334e-7 0 -1 1.89479e-7 0 -1 -1.75989e-7 0 -1 2.81601e-7 0 -1 0 0 -1 0 0 -1 0 0 -1 0 0 -1 0 0 -1 0 0 -1 0 0 -1 -4.54315e-7 0 -1 2.75779e-7 0 -1 -1.97667e-7 0 -0.9995279 0.02060848 0.02278906 1 0 0 1 0 0 1 0 0 1 0 0 1 0 0 1 0 0 1 0 0 1 0 0 1 0 0 1 0 0 1 0 0 1 0 0 1 0 0 1 0 0 1 0 0 1 0 0 1 0 0 0.9999091 0.008875191 0.01015335 -1 1.26117e-7 0 -1 0 0 -1 -1.37035e-7 0 -1 0 0 -1 0 0 -1 0 0 -1 0 0 -1 -1.46732e-7 0 -1 0 0 -1 0 0 -1 0 0 -1 0 0 -1 0 0 -1 0 0 -1 0 0 -1 1.75989e-7 0 -1 -1.40801e-7 0 -1 0 0 -1 0 0 -1 0 0 -1 0 0 -1 0 0 -1 -2.73654e-7 0 -1 2.64082e-7 0 -1 -5.61626e-7 0 1 2.95647e-7 0 1 -1.2956e-7 0 1 -5.598e-7 0 1 1.87606e-7 0 1 -5.28164e-7 0 1 2.80813e-7 0 1 -2.89737e-7 0 1 0 0 1 0 0 1 -1.35069e-7 0 1 -1.29246e-7 0 1 1.51365e-7 0 1 1.68465e-7 0 1 -3.89709e-7 0 1 2.23952e-7 0 1 2.64479e-7 0 1 1.59092e-7 0 0.9999091 0.008875846 0.01015329 -1 1.71409e-6 0 0 -0.03301101 0.999455 1.80685e-7 -0.03301119 0.999455 0 -0.03301119 0.999455 0 -0.7444093 -0.6677236 8.02461e-7 -0.7444075 -0.6677256 -2.29049e-6 -0.7444071 -0.6677261 9.67981e-7 -0.7444069 -0.6677263 -1.58741e-7 -0.7444078 -0.6677252 -4.37293e-7 -0.7444081 -0.6677249 -2.87913e-5 -0.7444898 -0.6676339 2.90741e-5 -0.7444196 -0.6677122 -1.23144e-4 -0.7443614 -0.6677771 0.9480411 -0.2087153 0.2401167 0.9871675 -0.09972345 0.1247221 0.9885259 -0.09127789 0.1203529 0.9996443 -0.01780909 0.0198574 1 -2.07977e-7 0 1 -6.14445e-6 0 1 -1.77742e-7 0 1 1.75033e-7 0 0 -0.9851696 -0.1715838 0 -0.98517 -0.171581 0 -0.9940714 -0.1087291 0.00161904 -0.9956706 -0.09293925 1.36438e-7 -0.9989671 -0.04544138 0.001079618 -0.9999056 -0.01370102 0 -0.9999977 0.002165496 -0.001618921 -0.9989657 -0.04544132 0 -0.9995627 -0.02957403 0 -0.9940708 -0.1087349 0 -0.994072 -0.1087234 0 -0.9851691 -0.1715866 -1 1.75033e-7 0 -1 -1.77742e-7 0 -1 -1.81741e-7 0 -1 2.07519e-7 0 -1 1.55313e-7 0 -1 6.14445e-6 0 -1 -6.19095e-7 0 -1 2.07977e-7 0 -0.9996441 -0.01781618 0.0198605 -0.9885259 -0.09127789 0.120353 -0.9871675 -0.09972345 0.1247216 -0.9480407 -0.2087176 0.2401166 0 -0.7444092 -0.6677237 -8.0246e-7 -0.7444064 -0.6677269 1.58741e-7 -0.7444078 -0.6677252 4.37293e-7 -0.7444081 -0.667725 2.87913e-5 -0.7444898 -0.6676339 -2.92122e-5 -0.7444196 -0.6677122 1.22773e-4 -0.7443609 -0.6677775 -1.29064e-6 -0.7444075 -0.6677256 1.86103e-6 -0.7444083 -0.6677247 0 0.6677254 -0.7444077 0 -0.03301113 0.999455 -2.25857e-7 -0.03301119 0.999455 0 -0.03301101 0.999455 1 -4.27514e-7 0 0 0.03301107 -0.999455 0 0.0330109 -0.999455 0 0.03301048 -0.9994551 0 0.03301107 -0.999455 0 0.03301107 -0.999455 -2.00863e-7 0.0330109 -0.999455 -0.468805 0.5971873 0.6508373 -0.1471891 0.654551 0.7415513 -0.04092973 0.660364 0.7498294 -0.6219359 0.518312 0.5869826 -0.5201033 0.5723565 0.6339564 -0.6211998 0.5183938 0.5876893 -0.9032959 0.2857061 0.3200449 -0.8793613 0.3189258 0.3535677 -0.8891532 0.3022878 0.3435533 -8.2832e-4 0.9029116 0.4298258 -8.67264e-4 0.9027606 0.4301424 0.001309156 0.8317365 0.5551692 0.002610921 0.8377006 0.5461235 0.00132054 0.7854238 0.6189572 -8.70308e-4 0.9479884 0.3183038 -0.003785848 0.9553454 0.2954674 0.001203835 0.980332 0.1973522 -0.003523409 0.9904103 0.1381132 0.003121376 0.9982276 0.05943071 -0.001878201 0.9999531 -0.009505987 0.004377484 0.996287 -0.08598315 5.40246e-4 0.9933703 -0.1149581 1.35281e-6 0.9894811 -0.1446623 0.01149874 -0.9981475 0.05974525 3.38639e-4 0.7817826 0.6235511 0.9748005 0.2000774 -0.09865581 0.002007842 0.6873082 -0.7263633 0.9896712 0.01696813 -0.1423491 0.8170635 -0.2228059 -0.5317565 0.004913091 -0.08391553 -0.9964609 -0.001681208 -0.1019715 -0.994786 -0.003660738 0.02459478 -0.9996909 -0.01959806 0.08721029 -0.9959971 -0.004191696 0.1154494 -0.9933046 -0.002939283 -0.1591811 0.9872452 0.008044362 0.1793258 -0.9837569 0.0151239 0.2469067 -0.9689213 0.006896734 0.3133425 -0.9496152 -0.02246165 0.3941261 -0.9187819 -0.049097 0.4371469 -0.8980491 -0.03521889 0.4565472 -0.8890019 -0.005623519 0.5172427 -0.8558203 0.002476811 0.5418003 -0.8405036 0.006493985 0.6036076 -0.7972551 0.006063878 0.6439796 -0.7650188 0.9960529 0.02960562 -0.08368051 0.9676384 0.08306032 -0.2382791 0.9329931 -0.09293216 -0.3476889 0.9997033 0.004230558 -0.02398985 0.007939755 -0.3247238 -0.9457756 0.1907047 -0.5539932 -0.8103847 0.2165012 -0.5748115 -0.7891255 0.2958832 -0.5793152 -0.7595046 0.2498603 -0.5932459 -0.7652641 0.171998 -0.6265524 -0.7601637 0.2006678 -0.6454214 -0.7369964 0.3410348 -0.6421903 -0.6865033 0.001846849 -0.6908769 -0.7229701 0.8751336 -0.2068016 -0.4374635 0.5912244 -0.4264668 -0.6845289 0.6605751 -0.4111477 -0.6281705 0.6518993 -0.4352293 -0.6209692 0.3532596 -0.5684121 -0.7430447 0.989112 -0.07559484 -0.1262651 0.9175739 -0.1888796 -0.3498324 0.2502157 -0.5222544 -0.8152561 0.3082337 -0.5030392 -0.8074302 0.7046431 -0.2962722 -0.6447486 0.2365757 -0.4994096 -0.8334399 0.1925522 -0.4789912 -0.856441 0.5868476 -0.3664376 -0.7220342 0.2339748 -0.4489906 -0.8623592 0.3166522 -0.420741 -0.8501226 0.01144742 -0.3630877 -0.9316846 0.5907539 -0.2933245 -0.7516453 0.01523083 -0.4091988 -0.9123182 0.01735502 -0.3813623 -0.9242628 0.01514971 -0.3908114 -0.9203462 0.008465051 -0.3532264 -0.9354996 0.9933943 0.1074845 0.04018604 0.992274 0.02980792 -0.1204323 0.8574532 0.18435 -0.4804054 -0.1055775 -0.277355 0.954949 0.870744 0.2662258 -0.4134352 -0.5583704 0.4549667 -0.6937059 -0.7021375 0.4087821 -0.5830097 -0.04937714 0.4564617 -0.8883719 0.1677432 0.2904092 -0.9420853 -0.005505144 0.6696705 -0.7426381 -0.008051693 0.6873553 -0.7262768 -0.9077107 0.2177743 -0.3586582 -0.9978874 0.06492412 -0.002369642 -0.9989538 0.01042538 -0.044528 -0.9984958 0.008688449 -0.05413568 -0.986648 -0.05914533 -0.1517485 0.01822626 -0.08437502 -0.9962674 0.01009637 -0.07181322 -0.9973671 -0.03998565 0.1629688 0.9858207 -0.02692574 -0.1164954 -0.9928263 -0.003180503 0.1607739 -0.9869862 0.1880658 0.1979663 -0.9619983 -0.1359311 0.1612817 -0.9775025 -0.3557273 0.2506592 -0.9003489 -0.3385497 0.329029 -0.8815464 -0.169839 0.407046 -0.8974789 0.05685782 0.4519975 -0.8902053 -0.08820289 0.4726184 -0.8768421 -0.2856724 0.4974621 -0.8190988 -0.01802229 0.407687 -0.9129438 -0.02275168 0.6034655 -0.7970646 -0.01856696 0.6438798 -0.7649013 -0.9934172 0.05700117 -0.09936428 -0.6936526 -0.009748339 -0.7202438 -0.01947331 -0.3647589 -0.9308984 -0.0365687 0.5942795 0.8034269 -0.3693732 -0.3277394 -0.8695691 -0.3719019 -0.3437232 -0.8622897 -0.3180249 -0.360743 -0.8767695 -0.2382676 -0.3962247 -0.8866988 -0.2349888 -0.4229062 -0.8751746 -0.3452646 -0.4462974 -0.8255975 -0.4059395 -0.4220508 -0.8106085 -0.3365985 -0.4596428 -0.8218455 -0.3138819 -0.4880237 -0.8144391 -0.3417035 -0.5069484 -0.7913547 -0.4035265 -0.512606 -0.7578929 -0.3893267 -0.5198223 -0.7604009 -0.3402885 -0.55364 -0.7600569 -0.3401289 -0.5540592 -0.7598229 -0.2386575 -0.594976 -0.7674936 -0.1729813 -0.6435914 -0.7455653 -0.4102887 -0.580039 -0.7037172 -0.2209954 -0.6425315 -0.7336991 -0.1385906 -0.6744452 -0.725201 -0.1866577 -0.6902621 -0.6990688 -0.6501318 -0.3465794 -0.6761742 -0.6780523 -0.3122297 -0.6654005 -0.9984189 0.008903861 -0.05550229 -0.778318 -0.3404296 -0.527569 -0.9861703 -0.06024932 -0.154396 -0.7847245 -0.2396355 -0.5716487 -0.9861148 -0.05965358 -0.1549811 -0.7819278 -0.3349062 -0.5257632 -0.3363385 0.5769846 -0.7442885 0.08856952 0.5814419 -0.8087525 0.105109 0.5830197 -0.8056303 -0.9968531 0.04103684 -0.06782394 -0.2627835 0.4808731 -0.8364843 -0.4311722 0.3130369 -0.846226 0.00200957 0.6391384 0.7690892 0.006091773 0.6439871 0.7650122 0.01023709 0.6388238 0.7692851 -0.03102904 0.5772424 0.8159832 -0.03017449 0.5769568 0.8162172 0.004492223 0.5096712 0.8603576 -0.03476321 0.4929471 0.8693645 0.01400643 0.4371625 0.8992735 -0.01960605 0.4095511 0.9120765 0.01916772 0.3642411 0.9311074 -0.01472693 0.3350303 0.9420922 0.02113103 0.2928071 0.9559381 -0.01051026 0.2724084 0.9621244 0.01337116 0.2157257 0.9763625 0 0.2261785 0.9740859 -3.82115e-4 0.6849385 0.7286008 0.00182712 0.6972965 0.7167806 -0.001803159 0.7238179 0.6899888 0.001832008 0.7431026 0.669175 -7.4108e-4 0.7605272 0.6493058 0.001290738 0.7788068 0.6272627 -0.001278221 0.7949496 0.6066743 7.49105e-4 0.8121531 0.5834441 -7.29745e-4 0.8207749 0.5712515 0.001288831 0.8370563 0.5471152 -1.81454e-4 0.8450228 0.5347302 3.19105e-4 0.8659005 0.5002161 -2.30057e-4 0.867648 0.497179 2.40046e-4 0.8870906 0.4615954 -0.0020051 0.893576 0.4489076 7.24918e-4 0.9111503 0.4120739 -7.05346e-4 0.9168247 0.3992894 0.001281559 0.9284125 0.371549 -0.001268029 0.9373192 0.3484699 7.11725e-4 0.9474556 0.3198869 -6.91994e-4 0.9516921 0.3070533 0.001276791 0.9606225 0.2778542 -0.001263141 0.9670817 0.2544634 6.97552e-4 0.9744591 0.2245642 -6.77916e-4 0.9773051 0.2118355 0.001271307 0.9834035 0.1814276 -0.0012573 0.9874408 0.1579852 6.83058e-4 0.9918987 0.1270303 -6.62808e-4 0.9934164 0.1145583 0.001265227 0.9965301 0.08322346 -6.81578e-5 0.9974831 0.07090461 1.16098e-4 0.9996008 0.02825409 0.001735508 0.9992734 0.03807538 6.09431e-6 0.9999865 0.005204856 0.001258134 0.9998745 -0.01579731 -0.00124371 0.9992529 -0.03862869 6.51185e-4 0.9974901 -0.07080346 -6.30662e-4 0.9966002 -0.08238768 0.001250445 0.9934042 -0.1146591 -1.74981e-5 0.992032 -0.1259871 1.77253e-5 0.9873918 -0.1582953 -8.98111e-6 0.9873535 -0.1585348 7.24437e-6 0.9821329 -0.1881889 3.56676e-5 0.9821721 -0.1879846 0.5944364 0.5353323 0.600054 0.320881 0.6229801 0.7133942 0.7592354 0.4252889 0.4926369 0.9217898 0.2567282 0.2905068 0.8785187 0.320818 0.3539505 0.9720298 0.1553956 0.1760978 0.5865974 0.535367 0.6076889 0.5566311 0.550805 0.621913 0.1316529 0.6559067 0.7432724 0.1903823 0.6490064 0.7365768 0.001162707 0.8431836 0.5376245 -7.19016e-4 0.8594672 0.5111904 8.35996e-4 0.9049139 0.425594 -6.08904e-5 0.9096508 0.4153738 0.001302838 0.9537456 0.3006124 0.004262745 0.9479801 0.3183012 2.569e-4 0.9803327 0.197352 0.004669547 0.9884188 0.1516787 -0.003096401 0.9982283 0.05942082 0.00190109 0.9999558 -0.009202122 -0.01148414 -0.9981409 0.05985689 -5.39591e-4 0.9933607 -0.1150403 -0.004385709 0.9962869 -0.08598309 -1.35281e-6 0.9894812 -0.1446622 -0.002428829 0.8048197 0.5935144 -4.14969e-4 0.7907066 0.6121953 -4.29114e-4 0.7907473 0.6121426 0.01253116 0.3674393 0.9299631 0.0377919 0.6654189 -0.745513 0.003853082 0.8660866 -0.4998793 0.006047368 0.6528427 0.7574694 -0.1566057 0.8546383 0.4950437 0.8549882 0.3159303 -0.411319 0.009181201 0.5759257 -0.8174505 -0.998252 0.01128947 -0.05801481 -0.1137148 -0.4009562 -0.9090121 -0.816503 0.2121902 -0.5369342 -0.1779185 -0.07101893 -0.9814792 8.57314e-4 0.5862674 -0.8101173 -0.002571761 0.5518323 -0.8339512 0.002571225 0.4983892 -0.8669496 -0.003712713 0.430435 -0.9026139 0.003216207 0.3683456 -0.9296835 -0.007547318 0.2771967 -0.9607837 0.002412259 0.2119955 -0.9772677 3.74116e-5 -0.7444535 -0.6676743 -3.719e-5 -0.7443595 -0.6677792 0.01665663 0.9801241 -0.1976847 0.005947053 0.9793049 -0.2023032 -1.32096e-6 0.9809346 -0.1943387 0.006533503 0.9917193 -0.1282588 0.004538536 0.9914096 -0.1307148 -0.001033067 0.9986209 -0.05249041 -0.007000207 0.9980671 -0.06175142 -3.27398e-7 0.9998338 -0.01823723 -0.003503084 0.9999877 0.003534018 1.30626e-6 0.9998958 0.01443582 -1.69602e-6 0.9978387 0.06571251 0.003794074 0.9973654 0.07244288 -0.003795444 0.9928379 0.1194095 1.26478e-6 0.9920175 0.1261008 -1.98997e-6 0.9822386 0.1876363 -4.8478e-5 0.9822552 0.1875497 0.003398954 0.969302 0.2458496 1.54774e-6 0.9705933 0.2407256 -9.76111e-7 0.9560555 0.2931858 0.005253374 0.9527921 0.3035785 -0.001751244 0.9386813 0.3447818 0.001752495 0.9348705 0.3549845 0.005664467 0.9432141 0.3321374 0.006146073 0.9141501 0.4053292 -0.00467664 0.9043529 0.42676 0.01002591 0.8838629 0.4676387 8.36789e-7 0.8754348 0.4833362 0.005248248 0.8419975 0.539456 1.62935e-6 0.8459014 0.5333394 0 0.8114037 0.5844863 0.01241409 0.7960301 0.6051298 8.75708e-4 0.7783915 0.6277787 0.004375159 0.7503105 0.6610712 0.006419956 0.7478951 0.6637859 -0.001752495 0.7132273 0.7009306 0.007586181 0.6925559 0.7213244 -0.002624988 0.6740255 0.7387035 0.01050233 0.6327903 0.774252 0.007638871 0.6358672 0.7717608 -5.42815e-4 0.5958065 0.8031278 0.01044219 0.5660222 0.8243239 -0.001610398 0.5413923 0.8407686 0.01050567 0.4984587 0.8668498 -1.07459e-6 0.5110193 0.8595693 -1.67314e-6 0.4602673 0.8877804 5.63398e-7 0.460264 0.887782 0 0.4211717 0.9069809 0 0.4211722 0.9069808 -1.11555e-6 0.3812764 0.9244611 0.005252063 0.3711807 0.9285458 0 0.3406599 0.9401866 0.00825107 0.2919599 0.956395 -0.003057956 0.3068838 0.9517422 0 0.6960162 0.7180262 0 0.6960161 0.7180262 -3.19603e-6 0.696018 0.7180243 6.90042e-6 0.6960148 0.7180275 0 0.6960164 0.7180259 -2.26419e-6 0.6960164 0.7180259 1.7281e-6 0.6960148 0.7180274 0 0.6960173 0.7180252 1.59245e-6 0.6960161 0.7180262 0 0.6960162 0.7180261 3.19681e-6 0.6960165 0.7180258 0 0.6960165 0.7180259 0 0.6960276 0.7180151 -8.91958e-6 0.6960138 0.7180284 5.77536e-6 0.696018 0.7180244 0 0.6960192 0.7180232 1.92191e-6 0.6960163 0.7180261 -2.01885e-6 0.6960144 0.718028 0 0.6960189 0.7180235 0 0.6960209 0.7180216 2.62652e-6 0.6960161 0.7180263 2.87222e-6 0.6960195 0.7180229 0.04709535 0.2082984 0.9769308 -0.4469044 0.3089895 0.8395249 0 0.6960158 0.7180265 0 0.245616 -0.9693672 0.03799194 0.03738182 -0.9985786 0.05362415 0.06052464 -0.9967253 5.49499e-4 -0.009361684 -0.9999561 0 -0.3866062 -0.9222449 0 -0.3866052 -0.9222453 0 -0.2279411 -0.973675 -0.01513397 -0.1940371 -0.9808775 0.0075652 -0.02199482 -0.9997295 0 0.7180263 -0.6960159 0.04934209 -0.7972067 -0.6016868 0.004187464 0.5642494 0.8255938 7.10044e-4 0.4873863 0.8731863 -0.05959415 0.651038 0.7567021 -0.03442549 -0.440408 0.8971375 -6.96008e-4 0.4275756 0.9039794 -8.09618e-4 0.4288688 0.9033665 0.002400279 0.370783 0.9287164 -0.002908885 0.3448632 0.9386485 0.001957833 0.2848373 0.9585739 -0.004253506 0.2485213 0.9686171 0.002497375 0.1847621 0.9827802 -0.003007948 0.138565 0.9903489 0.003017067 0.08903169 0.9960243 -0.001022279 0.05487668 0.9984927 0.002021133 0.004934966 0.9999858 -0.00201404 -0.0291956 0.9995717 0.002384841 -0.1015782 0.9948248 -1.81301e-5 -0.1130724 0.9935868 0.002704679 -0.201451 0.9794949 -9.45916e-6 -0.2126076 0.9771376 1.29003e-5 -0.2991843 0.9541954 -2.00049e-4 -0.3000652 0.9539187 -0.4355536 -0.3909288 0.810844 -1 -1.28219e-6 0 -1 6.4148e-7 0 -1 2.22836e-7 0 -0.7511337 -0.3258628 0.574118 -1 8.15662e-7 0 -0.523996 0.2085946 0.8257825 0 0.744408 0.6677251 0 0.7444078 0.6677253 0 0.7444075 0.6677256 0 0.7444087 0.6677243 0 0.7444083 0.6677247 1.46947e-6 0.7444084 0.6677246 1 -2.35467e-6 0 1 -4.35021e-6 0 0.9802085 -0.1386696 0.1412876 0.4675071 -0.1238424 0.8752716 0.5136765 -0.2243817 0.8281241 1 -8.38684e-7 0 -0.002106428 -0.2664796 0.9638382 -0.003024935 -0.2615222 0.9651927 0.001007556 -0.1961428 0.9805749 -0.005746304 -0.1400933 0.9901217 0.004764497 -0.09025388 0.9959075 -0.004512667 -0.01191127 0.9999189 0.002468824 0.02687424 0.9996359 -0.009412825 0.1612364 0.986871 6.51012e-4 0.1372767 0.9905326 9.75663e-4 0.2702818 0.9627808 0.002237498 0.2755901 0.9612727 -0.001422464 0.3637986 0.9314766 0.002061307 0.3814291 0.9243959 -0.001084029 0.4336439 0.9010837 0.004347324 0.4726263 0.8812522 -0.003095686 0.5056123 0.8627553 0.006359577 0.5666021 0.823967 -0.9980934 0.03769505 -0.04887503 -0.9932636 0.06729292 -0.09433585 -0.7369772 0.3190286 0.5958905 -0.9689415 0.1510998 0.1957584 -0.5861815 0.554399 0.5907903 -0.009767889 0.506548 0.8621565 -0.5839787 0.240746 0.7752485 -0.003350615 0.4503913 0.892825 0.005541205 0.4178584 0.9084953 -6.4444e-4 0.3932928 0.919413 -0.2403346 0.1812707 0.9536143 0.01747465 0.4326556 0.90139 -0.006401538 0.5065615 0.8621801 0.003220856 0.4503917 0.8928253 0.00403279 0.3932898 0.9194058 0.6705172 0.2537677 0.6971433 0.5878258 0.578889 0.5651093 0.8634565 0.07150447 0.4993295 0.8210355 0.324431 0.4697289 0.950886 0.1914998 0.2431948 0.9678667 0.1724496 0.1830177 0.9963983 0.0529164 0.0662592 0.9992414 0.02199721 0.03213894 0.9999108 0.004064023 0.01272845 0.9999164 0.003268241 0.01251447 0.9999142 0.002727866 0.01281541 0.9999002 0.002309739 0.01393765 0.9999546 0.003040492 0.009033441 0.9998916 0.007023334 -0.01293838 0.1567429 0.6301763 -0.7604667 0.2501378 0.4321137 0.8664346 0.9935971 0.08898144 -0.06962186 0.1385864 -0.002297878 0.9903478 -0.1343712 -0.2351711 0.9626209 -0.03714281 0.2664603 -0.96313 -0.04828864 0.3459181 -0.9370213 -0.1605982 -0.08430308 0.9834131 -0.0823149 0.3062868 -0.9483737 -0.0744726 0.2712986 -0.9596098 -0.1179477 0.1815837 -0.9762765 -0.1138216 0.1786983 -0.9772981 -0.07733732 0.1149847 -0.9903523 -0.6602049 -0.02698284 -0.7506007 -0.9072166 -0.1061882 -0.4070406 -0.08880293 0.04744857 -0.9949185 -0.1105262 0.02197009 -0.9936304 -0.07183784 -0.01927125 -0.9972302 -0.5433742 -0.1409398 -0.8275752 -0.07196533 -0.140068 -0.9875231 -0.0784412 -0.1363204 -0.9875545 -0.07505351 -0.1466987 -0.9863299 -0.1118707 -0.2594897 -0.9592446 -0.103224 -0.2660569 -0.9584147 -0.08653867 -0.436546 -0.8955103 -0.032884 -0.3089643 -0.950505 -0.02383351 0.6392415 0.7686368 -0.1529693 -0.4062252 -0.9008783 -0.473082 -0.3266031 -0.8182445 -0.6572716 -0.2012866 -0.7262766 -0.656009 -0.2235754 -0.7208788 -0.7055732 -0.191371 -0.6823077 -0.8986866 -0.1087573 -0.4248933 -0.9793054 -0.07251805 -0.1889505 -0.9808334 -0.05834549 -0.1859079 -0.9547834 -0.0738343 -0.287988 -0.9867302 -0.03591239 -0.1583474 -0.8906292 0.004606366 -0.4547072 -0.8288154 -0.02637726 -0.5589002 -0.7705841 0.06556403 -0.633957 -0.9414054 0.08017766 -0.3276088 -0.992398 0.04137545 -0.1159066 -0.9949032 -0.01593947 -0.09956747 -0.9962313 -0.00884521 -0.08628475 -0.9961652 -0.003985941 -0.08740216 -0.9938906 0.001215517 -0.1103639 -0.9985629 -0.00663203 -0.05318075 -0.9998072 0.001326143 -0.01958942 -0.9998338 0.002053022 -0.01811718 -0.9998362 0.00305438 -0.01784753 -0.9998146 0.004102766 -0.01881635 -0.9997733 0.005213916 -0.0206449 0.9975965 -0.01781064 0.06696349 -0.9997242 0.005733251 -0.02277892 -0.5992647 0.02855342 -0.8000416 -0.6772192 -0.1858444 0.7119241 -0.9628652 -0.1971566 0.1844446 -0.02796578 -0.666868 -0.7446509 -0.4000522 0.001184523 -0.9164917 -0.9798274 -0.04155933 -0.195477 -0.9977954 0.004166245 -0.06623399 -0.1310344 0.07457196 -0.9885692 6.75102e-5 -0.7474162 -0.6643561 -4.98771e-5 -0.7421659 -0.6702162 0.01785832 -0.6999368 -0.7139815 -0.03792011 -0.7706526 -0.6361263 0.9634509 0.02101075 -0.2670597 0.9924873 -0.03248101 -0.1179575 0.6173292 -0.5423195 -0.5699073 0.0491569 -0.3809056 -0.9233064 0.01201653 -0.7098249 -0.7042757 0.9993011 -0.03363013 0.01632708 0.9265212 -0.288883 0.2410504 0.9856799 0.1100368 -0.1277779 0.9856544 -0.06501305 0.1557519 1 1.64099e-6 0 1 2.61283e-7 0 1 -5.34611e-7 0 0.9999906 -3.86848e-4 -0.004342973 0.9999629 2.90557e-4 -0.008617937 0.9999749 -1.63252e-4 -0.007088303 0.999974 -4.91791e-4 -0.007195293 0.9999614 -9.93219e-4 -0.008725583 0.9999293 -0.00174576 -0.01176619 0.9997308 -0.00418657 -0.02282208 0.1179555 0.1999979 -0.9726702 0.05558389 0.1471316 -0.9875539 0.02294754 0.08130264 -0.9964253 0.04837948 0.01516711 -0.9987139 0.07767283 -0.009754121 -0.9969312 0.1165792 0.2031763 -0.9721774 0.1303198 0.2456333 -0.960563 0.06905233 0.3049163 -0.9498726 0.06614673 0.3134082 -0.9473119 0.0796222 0.3572254 -0.9306184 0.07209151 0.3659231 -0.9278486 0.08758533 0.314751 -0.9451248 0.02941095 -0.2786183 0.9599515 0.9676988 0.09658354 -0.2328751 0.919699 0.1047598 -0.3783904 0.9109279 0.04810434 -0.4097518 0.9863054 3.93494e-4 -0.1649295 0.9630294 -0.02190834 -0.268504 0.07414633 -0.06600123 -0.995061 0.7070694 -0.1154757 -0.6976519 0.09242498 -0.0901643 -0.9916291 0.7265543 -0.1380602 -0.6730961 0.9778693 -0.04288339 -0.2047752 0.6841154 -0.1689056 -0.7095471 0.9816814 -0.03538542 -0.1872155 0.9881285 -0.03641289 -0.1492525 0.9863463 -0.0501846 -0.1568526 0.9289261 -0.1313192 -0.3461959 0.9323478 -0.1237137 -0.3397391 0.8613799 -0.2137233 -0.4608113 0.02038443 -0.3494368 -0.9367382 0.02623873 -0.3887735 -0.9209597 0.04921227 -0.322667 -0.9452324 0.1281546 -0.2668319 -0.9551844 0.1274397 -0.2631428 -0.9563028 0.1384599 -0.2413964 -0.9604981 0.06214672 -0.1667547 -0.984038 0.05892252 -0.1562168 -0.9859637 0.7681562 -0.04596042 -0.6386108 0.6957883 0.04628342 -0.7167541 0.686902 -0.001315176 -0.7267489 0.9180543 -0.09702998 -0.3843978 0.7123034 -0.2342844 -0.6616153 0.4862188 -0.3283929 -0.8097836 -0.1454908 -0.0725038 0.9866994 -0.1362607 -0.2426631 0.9604935 -0.9747403 0.1095334 0.1946376 -0.98149 0.0951873 0.1661832 -0.9999831 0.001725494 0.005558729 -0.999987 0.001233816 0.004957854 -0.9999875 9.8655e-4 0.004908919 -0.9999859 8.07263e-4 0.00524038 -0.9999833 6.85539e-4 0.005751132 -0.9999944 0.001014471 0.003204464 -1 -1.5655e-6 0 -1 1.35639e-6 0 -1 -5.36977e-7 0 -1 -2.00258e-7 0 -1 7.10957e-7 0 -0.9979705 0.04156261 0.04824298 -0.5072759 0.4421992 -0.739683 -0.5487794 0.4762474 -0.6870442 -0.9935872 0.05175399 0.1005287 -0.9996782 0.001873254 -0.02530074 -0.9992024 0.00601238 -0.03947979 -0.9994967 0.002918601 -0.03159117 -0.9995411 0.001362264 -0.03026115 -0.9994735 -6.73782e-5 -0.03244769 -0.9992684 -0.001884698 -0.03819918 -0.9991309 -0.002560734 -0.04160511 -0.9995489 -0.002891421 -0.02989822 -0.9996971 -0.003519475 -0.02435928 -0.9997469 -0.004264831 -0.0220955 -0.9998247 0.007914543 -0.01697164 -0.9900926 0.01899403 0.1391251 0.9791547 0.07504695 -0.1887434 0.9735325 -0.2112632 0.08719205 0.6277417 -0.5253348 -0.5744248 0.9995985 -0.02648919 0.0100615 0.9995968 0.005723416 -0.02781355 0.999257 0.005027115 -0.03821533 0.9995244 0.002615571 -0.03073096 0.9994394 -3.33784e-4 -0.03347986 0.9986279 -0.00442785 -0.05217993 0.9976494 -0.007176935 -0.06814903 0.9981123 -0.009761333 -0.06063598 0.9991762 0.006794571 -0.04001021 0.9815295 -0.05621033 -0.1828669 0.5841004 0.7023321 0.4068862 0.3847205 0.487576 -0.7837473 0.864228 0.5023608 -0.02726966 0.9953477 0.031924 -0.09090548 0.7988879 -0.5922132 -0.1051743 0.2805253 0.02023905 0.9596333 0.9995428 0.005372941 -0.02975332 0.9998728 0.00165683 -0.01587277 0.9999002 6.35929e-4 -0.01411545 0.9998899 -2.06803e-4 -0.0148372 0.9998188 -0.001384794 -0.01898705 0.9996337 -0.002794981 -0.0269218 0.999805 -0.002595663 -0.01957786 0.9998915 -0.002793133 -0.0144689 0.9999081 -0.003349602 -0.01314222 0.9995363 0.005291938 -0.02998733 0.9994338 0.008172392 -0.03264099 0.9997517 0.00314027 -0.02206355 0.5354933 0.689127 -0.4882121 0.981531 0.1520773 0.1160585 0.9275322 0.2436903 0.2833709 -0.9933107 0.01476645 -0.1145249 -0.9932631 0.01478302 -0.1149352 -0.9911631 -0.01480317 -0.1318209 -0.9933809 -0.01970797 -0.113165 -0.9996329 3.78986e-4 -0.02709507 -0.999615 0.003123104 -0.0275731 -0.9986023 0.01085644 -0.05172759 -0.9987035 0.0110535 -0.04969096 -0.9910526 -0.1314599 0.02308702 -0.8874626 -0.3093035 0.3416749 -1 1.40791e-7 0 -1 4.14232e-7 0 -1 -5.18376e-5 0 -1 -2.95584e-6 0 -1 -1.51217e-7 0 -1 1.00498e-6 0 -1 -5.30792e-7 0 -1 -2.36374e-6 0 -1 2.90011e-7 0 -0.9881306 0.09344798 0.1219233 -0.7071014 0.4921626 0.5077241 -0.7071109 0.4921547 0.5077185 5.60332e-4 0.2571078 0.9663827 -0.001394152 0.2944466 0.955667 4.65929e-4 0.3295412 0.9441412 -0.001394152 0.3983308 0.9172408 0 0.4152065 0.9097273 0 0.4812093 0.8766058 0 0.4812052 0.876608 0 0.5600024 0.828491 -0.00139445 0.5445985 0.8386957 0 0.5902093 0.8072504 -9.30304e-4 0.6196193 0.7849019 0 0.6340076 0.7733268 0 0.6758618 0.7370285 0 0.6758543 0.7370353 1 0 0 1 2.75171e-6 0 1 7.23209e-7 0 1 2.42267e-6 0 1 1.13887e-6 0 1 -3.75572e-6 0 1 8.364e-5 0 1 -1.39486e-5 0 1 1.39743e-5 0 1 -3.0151e-6 0 1 2.69079e-6 0 1 -5.08743e-6 0 1 -1.71373e-7 0 1 1.10507e-6 0 1 1.78039e-6 0 1 -2.15271e-6 0 1 1.86654e-6 0 1 1.20681e-5 0 1 -8.3612e-5 0 0.997861 -0.04274326 0.04946231 0.9991177 -0.02796471 0.03133744 0.9992985 -0.02500689 0.02787685 0.9928683 -0.07961452 0.08873653 0.9928684 -0.07944971 0.08888238 0.9775639 -0.1408994 0.1565772 0.9746336 -0.1490612 0.1669439 0.9516834 -0.2053185 0.228349 0.9454081 -0.2170171 0.24312 0.9163185 -0.2676677 0.2978499 0.8939473 -0.2983126 0.3344666 0.8718298 -0.3275704 0.3641573 0.8413866 -0.3602043 0.4028915 0.818645 -0.3842022 0.4268598 0.7624413 -0.4312635 0.4823848 0.7407442 -0.4489934 0.499703 0.6895304 -0.4830567 0.5396333 0.6700546 -0.4961743 0.5521215 0.6088572 -0.5294074 0.5907799 0.5926779 -0.5380405 0.599371 0.5437983 -0.5601204 0.6249389 0.5094395 -0.5754432 0.6397942 0.4752852 -0.5874724 0.6549658 0.4037626 -0.611885 0.6801269 0.421046 -0.6057515 0.6751189 0.3596221 -0.6226292 0.6949856 0.3044964 -0.6359113 0.7091537 0.3020022 -0.6365785 0.7096214 0.2014334 -0.6539856 0.7291964 0.2007938 -0.6541255 0.7292474 0.9855708 -0.1120987 0.1268234 0.9746327 -0.1503945 0.1657482 0.9550725 -0.1974071 0.2210592 0.9454076 -0.2181387 0.2421158 0.9082434 -0.2779473 0.3127928 0.8939471 -0.299432 0.3334653 0.8458943 -0.3559789 0.397167 0.841386 -0.3611173 0.4020745 0.7690966 -0.4265137 0.4760007 0.762441 -0.4323001 0.4814566 0.6981108 -0.4778643 0.5331859 0.689529 -0.4839466 0.5388371 0.5987527 -0.5344679 0.5965226 0.6088669 -0.528762 0.5913476 0.5437924 -0.5603308 0.6247553 0.511792 -0.5727046 0.6403737 0.4824858 -0.5848597 0.6520327 0.4752897 -0.5877989 0.6546695 0.4244529 -0.6043395 0.6742504 0.4037566 -0.6113263 0.6806327 0.3138336 -0.6327397 0.7079187 0.3044955 -0.6354898 0.7095317 0.1993464 -0.6539448 0.7298064 0.2070605 -0.6532538 0.7282757 0.9936939 -0.0749461 0.08340084 0.1348163 -0.2861078 0.9486658 0.4238768 -0.4419688 0.7905644 0.3466366 -0.5846264 0.7335224 0.5283367 -0.6709485 0.5202774 0.5640322 -0.4419922 0.6975032 0.4344265 -0.3723894 0.8201218 0.1176784 0.6017882 0.7899385 -0.6376523 -0.03440767 0.7695556 -0.7098104 -0.06357491 0.7015179 -0.6857586 -0.1427589 0.7136912 -0.6387957 -0.1778448 0.7485394 -0.8379327 -0.2125914 -0.5026667 -0.6970993 0.01926851 0.7167158 -0.6948398 0.1159594 0.7097543 -0.6675383 0.1402672 0.731244 -0.7089099 0.194375 0.6779861 -0.6951897 0.2298377 0.6810918 -0.7166585 0.2660176 0.6446979 -0.7095332 0.2840988 0.6448648 -0.706597 0.3443864 0.6181576 -0.6787356 0.3470919 0.6471826 -0.6459004 0.2754739 0.711988 -0.7222808 0.1657819 0.6714364 0.9827709 -0.1286706 -0.1326847 0.8057311 -0.3592433 -0.4708947 -0.05539298 -0.7589868 -0.6487454 0.008734822 -0.6853343 -0.7281762 0 0.7442812 0.6678664 0 0.7442815 0.6678661 0 0.7444069 0.6677263 0 0.7444087 0.6677243 0.07604354 0.3800671 0.9218277 -0.06558966 0.7140694 -0.6969957 -0.5265374 0.7703958 -0.3595119 -0.9988489 0.04094392 0.02499514 -0.9985502 0.0450977 0.02938818 -0.9986257 0.04076474 0.03293848 0.9985499 0.01893079 0.05039781 0.9833546 0.1105046 0.1442314 0.9943644 0.08958548 0.05669265 0.9804372 0.1524261 0.1245363 0.9996727 0.02284234 0.01152372 0.9922459 0.1203053 0.03122144 0.9620256 0.2702293 0.03850895 0.9669635 0.254109 -0.02025264 -0.9725393 0.2310635 0.02787292 -0.089221 0.943032 0.3205157 0.2106646 0.7587087 0.6164265 -0.2592956 0.9449187 -0.1997364 -0.3677669 0.919626 -0.1379702 -0.1155107 0.9898386 -0.08292704 0.1143754 0.9915355 -0.06144797 -0.02643704 0.9985741 -0.04637646 -0.2296613 0.9443688 0.2354217 -0.3762997 0.9226937 0.08387547 -0.1087719 0.98362 0.1437371 -0.1570509 0.9778309 0.1384983 -0.4594753 0.8685965 0.1855331 -0.4170953 0.8708532 0.2600889 0.1035901 0.9298447 0.3530694 -0.3010749 0.8972148 0.3230475 -0.5055372 0.7887501 0.349722 -0.5029613 0.7457214 0.436955 0.4036831 0.8149453 0.4158173 -0.2813985 0.8208786 0.496964 -0.3900284 0.7492715 0.5352292 0.0296688 0.7814299 0.6232875 -0.3072636 0.7052559 0.6389079 -0.4518105 0.6225105 0.6390211 0.1709083 0.5968819 0.7839148 -0.3074133 0.6180843 0.7235115 0.1447902 0.6004112 0.7864747 -0.4424875 0.4814742 0.7565628 -0.3711037 0.4333671 0.8212645 -0.1155474 0.43022 0.8952987 -0.3781486 0.3653566 0.8505988 -0.3834798 0.2932527 0.8757546 -0.2935065 0.2926368 0.9100648 -7.86046e-4 0.6020709 -0.7984423 0.005520284 0.5221089 -0.852861 -7.83404e-4 0.2897063 -0.9571153 -0.01246428 -0.1201686 -0.9926753 -0.01978629 -0.3068102 -0.9515651 -0.9688453 -0.03967291 -0.244469 -0.9923463 0.0267226 -0.1205607 -0.9952447 0.0228942 -0.09467774 -0.006090521 0.1583815 -0.9873592 6.38342e-4 -0.9653878 0.2608184 -1.03701e-5 -0.9681693 0.2502964 0 -0.9730908 0.2304221 2.97441e-5 -0.9729357 0.2310765 2.7451e-5 -0.9660256 0.2584468 -2.97441e-5 -0.9729357 0.2310765 0 -0.9730908 0.2304221 0 -0.9795688 0.2011093 0 -0.9795675 0.2011156 0 -0.9852783 0.1709584 0 -0.9852772 0.1709647 0 -0.9900593 0.1406508 0 -0.9900602 0.1406443 0 -0.9939089 0.1102058 0 -0.9939096 0.1101993 0 -0.9968219 0.07966279 0 -0.996823 0.0796498 0 -0.9987971 0.04903483 0 -0.9987974 0.04902833 0 -0.9998314 0.01836109 0 -0.9999241 -0.0123257 0 -0.9999241 -0.0123257 0 -0.9990749 -0.043006 0 -0.9990752 -0.0429995 0 -0.9972849 -0.07364058 0 -0.9972854 -0.07363408 0 -0.9945561 -0.1042032 0 -0.9945561 -0.1042032 0 -0.99089 -0.1346742 0 -0.9908909 -0.1346678 0 -0.9862922 -0.1650081 0 -0.9862911 -0.1650145 0 -0.980764 -0.1951979 0 -0.9807639 -0.1951978 0 -0.974313 -0.2251982 0 -0.974313 -0.2251982 0 -0.966944 -0.2549892 0 -0.9586647 -0.2845385 0 -0.9494828 -0.3138191 0 -0.9494829 -0.3138191 0 -0.9394063 -0.3428062 0 -0.9394063 -0.3428062 0 -0.9284465 -0.3714662 0 -0.9284442 -0.3714719 0 -0.9166114 -0.3997794 0 -0.916609 -0.3997849 0 -0.9039115 -0.4277197 0 -0.903914 -0.4277144 0 -0.8903643 -0.4552488 0 -0.8903617 -0.455254 0 -0.8759738 -0.4823587 0 -0.8607607 -0.50901 0 -0.8607606 -0.50901 0 -0.8447383 -0.5351797 0 -0.8447368 -0.535182 0 -0.8279157 -0.5608527 0 -0.8279187 -0.5608482 0 -0.8103206 -0.5859869 0 -0.810319 -0.585989 0 -0.7919575 -0.6105762 0 -0.7728502 -0.6345886 0 -0.7728485 -0.6345905 0 -0.7530153 -0.658003 0 -0.7530137 -0.6580049 0 -0.7324695 -0.6808 0 -0.7324711 -0.6807982 0 -0.7175667 -0.6964898 -2.5847e-4 -0.7136995 -0.700452 0 -0.7111898 -0.7030002 -2.26377e-4 -0.7079669 -0.7062456 -8.72625e-4 -0.9628321 0.2700995 0 -0.9852783 0.1709584 0 -0.9852772 0.1709648 0 -0.9900593 0.1406508 0 -0.9939089 0.1102058 0 -0.9968219 0.07966279 0 -0.9987972 0.04903483 0 -0.9987975 0.04902833 0 -0.9998315 0.01836109 0 -0.9990751 -0.0429995 0 -0.9972853 -0.07363408 0 -0.99089 -0.1346742 0 -0.9908908 -0.1346678 0 -0.974313 -0.2251982 0 -0.9586647 -0.2845385 0 -0.9284465 -0.3714662 0 -0.9284443 -0.3714718 0 -0.9166114 -0.3997795 0 -0.9039115 -0.4277197 0 -0.8903643 -0.4552489 0 -0.8759738 -0.4823587 0 -0.8447384 -0.5351797 0 -0.8447369 -0.535182 0 -0.8103206 -0.5859869 0 -0.7530153 -0.6580031 4.28273e-4 -0.6852395 -0.7283177 -2.76728e-4 -0.666778 -0.7452564 2.5655e-4 -0.6588211 -0.7522997 -2.66889e-4 -0.6435953 -0.7653659 2.46273e-4 -0.6360371 -0.7716585 -2.56185e-4 -0.6198098 -0.784752 2.34845e-4 -0.6126803 -0.7903309 -2.43411e-4 -0.5954382 -0.8034011 2.2129e-4 -0.5887758 -0.8082964 -2.29255e-4 -0.5705077 -0.8212922 2.06232e-4 -0.5643505 -0.8255353 -2.13372e-4 -0.5450347 -0.8384134 1.89577e-4 -0.5394147 -0.8420403 -1.95764e-4 -0.5190572 -0.8547396 1.71195e-4 -0.5139997 -0.8577905 -1.76775e-4 -0.4925839 -0.870265 1.51617e-4 -0.4881254 -0.8727735 -1.56404e-4 -0.4656473 -0.8849704 1.30356e-4 -0.4618129 -0.8869774 -1.5179e-4 -0.4367045 -0.8996051 2.90884e-4 -0.7112361 -0.7029532 -2.72671e-4 -0.7026025 -0.7115825 2.84669e-4 -0.6893306 -0.7244468 -2.65586e-4 -0.6810207 -0.7322642 2.76728e-4 -0.6667781 -0.7452563 -2.5655e-4 -0.6588211 -0.7522997 2.66889e-4 -0.6435969 -0.7653647 -2.46273e-4 -0.6360356 -0.7716597 2.56185e-4 -0.6198099 -0.784752 -2.34934e-4 -0.6126803 -0.790331 2.43411e-4 -0.5954382 -0.8034011 -2.21468e-4 -0.5887758 -0.8082964 2.29427e-4 -0.5705078 -0.8212922 -2.06232e-4 -0.5643504 -0.8255353 2.13372e-4 -0.5450347 -0.8384134 -1.89577e-4 -0.5394146 -0.8420404 1.95764e-4 -0.5190572 -0.8547396 -1.71151e-4 -0.5139997 -0.8577905 1.76775e-4 -0.4925839 -0.8702651 -1.51661e-4 -0.4881254 -0.8727735 1.56404e-4 -0.4656474 -0.8849704 -1.30401e-4 -0.4618129 -0.8869774 1.34307e-4 -0.4382746 -0.8988412 -1.07722e-4 -0.4350898 -0.900387 1.1083e-4 -0.4104889 -0.9118657 -8.25636e-5 -0.4079747 -0.9129934 8.52797e-5 -0.3823162 -0.9240316 -5.70505e-5 -0.3804981 -0.9247818 5.83492e-5 -0.3537822 -0.9353278 -2.94111e-5 -0.3526796 -0.9357442 3.38758e-5 -0.323113 -0.9463604 -0.4182436 0.5989976 0.6828428 -0.7073304 0.4742546 0.5241817 -0.8674423 0.3234399 0.3780614 -0.2461443 0.6421382 0.725997 -0.139769 0.6551697 0.7424401 -0.1274343 0.6535392 0.7460878 -0.5982711 0.5346809 0.596815 -0.7138827 0.4607341 0.5273477 -0.9846827 0.1224844 0.1240872 -0.9885352 0.1048341 0.1086642 0 -0.5139232 0.8578363 0 -0.433899 0.9009616 0 -0.4338999 0.9009612 0 -0.3145643 0.9492363 0 -0.1383094 0.9903892 -0.01159137 -0.160801 0.9869189 5.06825e-4 0.03688174 0.9993196 -0.0286318 0.1118623 0.9933112 0.01101344 0.2396147 0.9708056 -0.01422297 0.3471123 0.9377157 0.03286397 0.4782365 0.877616 5.07148e-4 0.5501473 0.8350675 0.009705841 0.6692011 0.743018 0 0.6587194 0.7523888 0 0.7256641 0.6880492 0.005840957 0.7309128 0.682446 -0.005840957 0.7762782 0.6303634 0 0.7811068 0.6243975 0 0.8289329 0.5593481 0.005840361 0.8331879 0.5529593 -0.00403577 0.8640515 0.5033872 0 0.8674729 0.4974845 0 0.9004876 0.4348819 0.004035413 0.9034261 0.428725 -0.005840837 0.9269029 0.3752561 0 0.929771 0.3681384 0 0.9509217 0.3094317 0 0.9509204 0.3094359 0 0.9636254 0.2672567 0 0.9636254 0.2672566 0 0.9719288 0.2352752 0 0.9719273 0.2352817 0 0.9813455 0.1922523 0.007450222 0.9840353 0.1778176 -0.00279361 0.9904363 0.1379427 0.003192782 0.9922887 0.123907 -0.003725945 0.9965239 0.08322447 0.003724992 0.9981151 0.06125861 -0.001863062 0.9995992 0.02825248 0.001863062 0.9998497 0.01724427 -0.005587458 0.999625 -0.02680963 0.007449567 0.9985943 -0.05247998 -0.004655897 0.9949709 -0.100057 0.004655838 0.9929662 -0.1183075 -0.007698357 0.9860104 -0.1665061 0 0.9837532 -0.1795268 0 0.9949385 -0.1004863 0.01409441 0.9981673 -0.05885064 -0.005579888 0.9983206 0.05766302 0.006378054 0.9949585 0.1000856 -0.009986281 0.9699372 0.2431506 0.004916608 0.9582983 0.2857275 -0.004539787 0.9148112 0.4038563 0.001936733 0.9063639 0.4224936 -2.95486e-5 0.8381545 0.5454331 0.00704801 0.8242058 0.5662465 -0.002475261 0.77998 0.6257995 0.5869944 0.5339496 0.608552 0.5196099 0.5665204 0.6395782 0.03763848 0.6585302 0.7516126 0.8491889 0.3516762 0.3939572 0.9918697 0.09128415 0.08866721 0.9217668 0.2508628 0.2956584 0.9979264 0.04492568 0.04609447 0.8460198 0.3517193 0.4006798 0.6143033 0.5283876 0.5860359 0.5194928 0.5666049 0.6395985 0.1669769 0.64208 0.7482326 0.02108651 0.6615806 0.7495777 -0.7533544 0.4275094 0.4996927 -0.7827923 0.4098788 0.468226 -0.3366634 0.6239059 0.7052654 -0.06268864 0.6565128 0.7517056 -0.1489643 0.6474484 0.7474089 -0.6072624 0.5311148 0.5908888 -0.7817608 0.4111167 0.4688638 -0.995825 0.06282925 0.06622052 -0.9881433 0.1097326 0.107385 -0.9960473 0.06146389 0.06412589 0 -0.5139232 0.8578362 0 -0.3145643 0.9492363 0 -0.3145644 0.9492362 -0.01159137 -0.1608011 0.9869189 5.06825e-4 0.03688174 0.9993196 -0.0286318 0.1118623 0.9933112 0.01101344 0.2396147 0.9708056 -0.01422297 0.3471123 0.9377158 0.03286397 0.4782366 0.877616 5.07148e-4 0.5501472 0.8350676 0.009705841 0.6692011 0.743018 0.005840957 0.7309128 0.682446 0 0.7811068 0.6243975 0 0.828933 0.5593481 0.005840361 0.8331879 0.5529591 -0.00403577 0.8640515 0.5033873 0 0.8674729 0.4974845 0.004035413 0.9034261 0.428725 -0.005840837 0.9269029 0.3752561 0 0.9297711 0.3681383 0 0.9509217 0.3094317 0 0.9509204 0.3094359 0 0.9636255 0.2672566 0 0.9719289 0.2352752 0 0.9719272 0.2352817 0.007450222 0.9840353 0.1778176 -0.00279361 0.9904363 0.1379427 0.003192782 0.9922887 0.123907 -0.003725945 0.9965239 0.08322453 0.003724992 0.998115 0.06125855 -0.001863062 0.9995992 0.02825248 0.001863062 0.9998497 0.01724421 -0.005587458 0.999625 -0.02680963 -0.004655897 0.9949709 -0.100057 0.004655838 0.9929661 -0.1183075 -0.007698357 0.9860104 -0.1665061 0 0.9949385 -0.1004862 -0.005579888 0.9983206 0.05766302 0.006378054 0.9949585 0.1000856 -0.009986221 0.9699372 0.2431506 0.01498693 0.9492506 0.3141635 -0.004840552 0.91481 0.4038556 0.005130589 0.8917911 0.4524183 -0.004928231 0.8297508 0.5581123 0.006278932 0.8047749 0.5935471 0.6408211 0.5139693 0.5702491 0.4579696 0.5802428 0.6734851 0.9926268 0.07918393 0.0917716 0.884661 0.3043757 0.3531717 0.9708427 0.1691215 0.1698894 0.616627 0.5199645 0.5911075 0.6474024 0.505814 0.5701074 0.1659142 0.6524966 0.7394057 0.1317712 0.6562181 0.7429766 -0.7071091 -0.5263764 -0.472149 -0.7071065 -0.5263748 -0.4721546 -0.7071079 -0.5263755 -0.4721518 -0.6498981 -0.5749664 -0.4970375 0 -0.744408 -0.6677251 3.11693e-6 -0.7444071 -0.667726 -4.25218e-6 -0.7444077 -0.6677255 0 -0.7444077 -0.6677255 -1.20881e-4 -0.999957 0.009271085 0 -0.9999357 0.01134562 0 -0.9998395 -0.01792162 0 -0.998887 -0.04716861 0 -0.9988867 -0.04717367 0 -0.9970789 -0.07637989 0 -0.9944171 -0.1055205 -0.4824824 -0.5848668 0.6520288 -0.5117915 -0.5727039 0.6403748 -0.5658867 -0.5511307 0.6132106 -0.6194953 -0.5228525 0.5855347 -0.6700601 -0.497034 0.5513408 -0.734607 -0.451722 0.5062608 -0.7793491 -0.4197777 0.4651901 -0.8168457 -0.3846543 0.4298885 -0.855445 -0.3467779 0.3846542 -0.8851134 -0.3098046 0.3472685 -0.9055289 -0.2833071 0.3158396 -0.9454056 -0.2160404 0.2439976 -0.9382596 -0.2308602 0.2576286 -0.9746341 -0.1495434 0.166509 -0.9753718 -0.147212 0.1642516 -0.9928687 -0.07963979 0.08870929 -0.9930762 -0.07842087 0.08746433 -0.9991847 -0.02697855 0.03003394 -0.9992299 -0.02619856 0.02920973 -0.9980565 -0.04242932 0.04564064 -0.9928686 -0.07957071 0.08877259 -0.9868675 -0.1087443 0.1194462 -0.9746329 -0.1484386 0.1675016 -0.9590636 -0.1896009 0.2103536 -0.9454069 -0.2169311 0.2432009 -0.9260497 -0.2528522 0.2801748 -0.9055297 -0.2829759 0.316134 -0.8718363 -0.3276682 0.3640537 -0.8554448 -0.345204 0.3860677 -0.8186332 -0.3839579 0.4271017 -0.779347 -0.4166158 0.4680276 -0.7407452 -0.448992 0.4997027 -0.6700598 -0.4947578 0.5533849 -0.6513133 -0.5072176 0.564377 -0.5658853 -0.5501002 0.6141364 -0.5166472 -0.5738559 0.6354252 -0.4517657 -0.5955827 0.6642206 -0.4253184 -0.6048546 0.6732423 -0.3296689 -0.6288985 0.7041344 -0.3020033 -0.6365784 0.709621 -0.2024898 -0.6538397 0.7290348 -0.2007916 -0.654126 0.7292476 -0.2007967 -0.6541255 0.7292466 -0.220578 -0.649887 0.7273185 -0.3296751 -0.6311534 0.702111 -0.3269382 -0.6320118 0.7026183 -0.4244506 -0.6048909 0.6737573 -0.4517654 -0.5970314 0.662919 -3.11055e-7 -0.7444078 -0.6677253 0 -0.7444084 -0.6677246 7.13792e-7 -0.7444071 -0.6677261 0.7071091 -0.5263764 -0.472149 0.7071065 -0.5263748 -0.4721546 0.6498981 -0.5749664 -0.4970375 0.7071077 -0.526376 -0.4721516 1 8.93153e-7 0 1 -5.18376e-5 0 1 7.24906e-7 0 1 1.84112e-7 0 1 -7.83813e-6 0 1 -1.09545e-6 0 0.04173761 -0.02894526 -0.9987093 1 -1.00734e-6 0 1 7.13528e-7 0 0 0.6616473 0.7498152 -1.43571e-4 0.6616652 0.7497995 -0.7821369 0.2708451 -0.5611637 -0.8595936 0.3145657 -0.402675 -0.9504826 0.1725425 -0.2584802 -0.9367851 0.2214732 -0.2708936 -0.9908318 0.09557622 -0.09548652 -0.9984623 0.02049893 -0.05150616 0.2924349 0.3781702 -0.8783332 0.1497677 0.6309825 -0.7612036 -0.001370847 -0.664484 -0.7473013 0.015913 -0.6247449 -0.7806668 0.06902277 -0.3770846 -0.9236034 0.02199274 -0.5504575 -0.8345735 0.1586433 0.4557856 -0.8758378 -0.003613233 -0.5173405 -0.855772 0.006980359 -0.4971318 -0.8676469 0.01721465 -0.4637842 -0.8857809 0.02890366 -0.3730369 -0.9273663 0.03926557 -0.0289846 -0.9988083 -0.008157014 0.195866 0.9805968 -0.007451057 -0.2416669 -0.9703307 0.4294504 -0.4562993 -0.7793352 -0.01620292 0.7309615 0.6822264 -0.028342 -0.5149528 -0.85675 -0.02159243 -0.5415791 -0.8403725 -0.01752227 -0.5780053 -0.815845 -0.004593133 -0.6434469 -0.7654771 -0.002655088 -0.6134399 -0.7897369 0.00143814 -0.6804823 -0.7327632 -0.1370137 0.9339379 0.3301321 -7.57686e-4 -0.3804151 -0.9248155 0.002769649 -0.3401746 -0.9403583 -0.01866042 -0.4347559 -0.9003551 -0.06666696 0.7210363 0.6896827 -0.7095506 -0.1753048 -0.6825 -0.6342805 -0.3476406 -0.690532 -0.4722177 0.3273492 -0.8184454 -0.596924 0.277348 -0.7528347 -0.1839255 0.3248825 -0.9276976 0 0.6616654 0.7497993 0 0.661665 0.7497997 0.9999361 0.006872475 -0.008990168 0.9947686 0.03192114 -0.09703898 0.9908519 0.0714091 -0.1145136 0.9465118 0.2199622 -0.2360765 0.9027965 0.241191 -0.3560697 0.8632754 0.3279829 -0.3836441 0.7573595 0.3613671 -0.5438937 0.8893264 0.3549691 0.2882629 0.9456788 0.3139394 0.08446109 0.7634579 0.5639381 -0.3148108 0.5601604 0.6724908 -0.4837113 0.4987951 0.6965593 -0.5157604 0.4292735 0.5262984 -0.7339853 0.02186888 0.5324974 -0.8461492 0.02179431 0.573796 -0.8187084 1 -1.16897e-6 0 7.19377e-4 0.5081614 -0.8612616 0.01980453 0.3990538 -0.9167137 0.4366373 0.2626643 0.8604391 0.22267 0.3727104 0.9008358 -0.6217213 0.2668254 0.7363877 -0.1374403 0.3776507 0.9156911 0.003973782 0.4211671 0.9069745 -0.3436107 0.4322352 0.8337293 0.4200713 0.3762969 0.8257972 0.3973583 0.4574448 0.7955192 0.1919512 0.5369657 0.8214758 0.3619691 0.541087 0.7590805 0.4810068 0.5548107 0.6788355 0.4053079 0.6161811 0.6753121 0.2249342 0.6762884 0.7014547 0.381437 0.6593019 0.6479405 0.4697036 0.6623979 0.583616 0.394344 0.7153108 0.5769085 0.3476686 0.7347804 0.5824297 0.4992239 0.7030599 0.506441 0.5051629 0.7266728 0.4655719 0.2282826 0.8513135 0.4723899 0.2455875 0.8486207 0.4685401 0.4631929 0.8105852 0.3583351 0.06571054 0.9366572 0.3440285 -0.03343665 0.9401109 0.3392249 0.3187713 0.9061786 0.2778943 0.4565631 0.8645222 0.2101229 -0.3261407 0.9298002 0.1705988 0.2322003 0.965709 0.1161437 0.1813613 0.9812909 0.06462508 0.1115513 0.9920952 0.05747628 0.3246397 0.9458318 0.003341794 0.3484888 0.9357779 -0.053622 0.9960124 0.05620193 0.06928741 0.9993191 0.03634136 -0.006370782 0.9983524 0.05519777 0.01567631 -0.9505321 0.3077805 0.04195404 0.8596145 0.4804723 0.1738085 -0.8140638 0.5082585 0.2810221 -0.9934257 0.09268581 0.06719237 -0.9784218 0.1583759 0.1326947 -0.9295747 0.2580807 0.2632213 -0.9739164 0.1320918 0.1844959 -0.9999228 -0.01205468 0.003029823 0.205087 0.3750603 0.9040295 0.1111143 0.5498474 0.8278415 0.2538017 0.9560922 0.1465346 -0.01988208 0.9915874 -0.1279036 0.06096309 0.9403802 0.3346173 -0.7400696 0.667809 0.07954978 0.9984281 0.03409701 0.04448688 1 7.02016e-7 0 1 -1.17185e-6 0 0.1914089 -0.3966149 0.897808 0.7103088 -0.1496542 0.6877973 0.6373165 -0.08713388 0.7656601 0.7166504 -0.09722447 0.6906228 0.6931216 0.006463706 0.7207918 0.651785 -0.02214187 0.7580804 0.6971713 0.03934073 0.7158244 0.6956869 0.09953892 0.7114154 0.636516 0.1649177 0.7534252 0.6785528 0.1825535 0.7115058 0.7062558 0.2441498 0.6645252 0.698432 0.2580526 0.6675339 0.7090041 0.3015279 0.6374906 0.6858521 0.3827519 0.6189572 0.5735983 0.3992365 0.7152588 0.4965113 0.3735926 0.7835211 -0.185588 -0.6051179 0.7742024 -0.411075 -0.7420617 0.5294921 -0.5304069 -0.1372027 0.8365668 -0.154312 0.3184607 0.9352918 -1 -4.20696e-7 0 -1 -5.70823e-7 0 -1 1.19203e-5 0 -1 0 0 -1 2.03809e-6 0 -1 -1.24347e-5 0 -1 6.33024e-6 0 -1 9.45859e-6 0 -1 -8.91679e-6 0 -1 1.34938e-5 0 -1 -1.67999e-5 0 -1 -2.78956e-5 0 -1 4.26811e-6 0 -1 -8.07834e-6 0 -1 4.53817e-6 0 -1 -5.88249e-6 0 -1 5.57314e-6 0 -1 -3.35895e-6 0 -1 4.1813e-5 0 0 0.6621361 0.7493836 0.00139451 0.6758611 0.7370277 0 0.6340003 0.7733329 9.3031e-4 0.605015 0.7962135 -9.30008e-4 0.5752044 0.8180092 4.64997e-4 0.5290163 0.8486117 -4.65312e-4 0.513258 0.8582344 0.001394629 0.4485085 0.8937775 0 0.4319266 0.9019088 0 0.3641889 0.9313252 0 0.3641856 0.9313265 0 0.2767479 0.9609426 0 0.2767506 0.9609418 0.7071014 0.4921627 0.5077241 0.7071112 0.4921538 0.5077188 0.3197918 -0.6594639 -0.6803238 0 -0.782836 -0.6222281 -0.1472437 -0.6884294 -0.7102001 -0.8674229 -0.298941 -0.3977584 -0.960143 -0.08598303 -0.2659553 0 -0.5950478 -0.8036904 0 -0.667725 0.7444081 0 -0.6677256 0.7444075 0 0.37608 0.9265872 0.9215947 0.2480353 0.2985661 0.9380877 0.1225963 0.323978 0.9077575 0.1235581 0.4008862 0.9033671 0.06883996 0.4233074 0.9046355 0.06593596 0.4210547 0.9121142 0.005320072 0.409902 0.9137297 -2.94394e-4 0.4063227 0.9073613 -0.02288848 0.4197281 0.9117498 -0.04895275 0.4078188 0.8916916 -0.03094178 0.4515847 0.9748844 0.1479505 -0.1664668 0.9933309 -0.01262134 0.1146055 0.9897736 3.54335e-4 0.142647 0.9174212 0.05363452 0.3942865 0.9949119 0.01264256 0.09995329 0.9870145 0.02777159 0.1582125 0.9839787 0.05516666 0.1695364 -3.18596e-6 -0.4053091 -0.9141798 9.21193e-4 -0.3926998 -0.9196662 -7.22474e-4 0.4288283 -0.9033857 3.18443e-5 0.4572674 -0.8893293 -0.001010358 0.4763447 -0.879258 -4.57775e-6 0.4873996 -0.8731791 -4.75571e-4 0.5235567 -0.8519907 6.79605e-4 0.4171124 -0.9088547 -0.03384786 0.10796 -0.9935789 8.19052e-4 -0.393311 -0.9194051 -0.9898349 0.0687043 -0.1245257 0.04617083 0.3156702 -0.9477451 0.03473502 0.2871376 -0.9572594 -0.5965664 -0.6049277 -0.5274193 0.001429855 -0.4821945 0.8760632 0.05667257 -0.5662673 0.8222711 -0.1132734 -0.7849394 -0.6091299 -0.004787027 0.02774542 -0.9996036 0.1822142 0.6338612 -0.7516769 -0.6719157 0.4912335 -0.5542734 0.5241868 0.4466158 -0.7250949 -0.9981811 0.005849599 -0.06000226 -0.00618565 0.05012792 -0.9987238 -9.64768e-4 0.5549643 -0.8318736 0 0.517953 -0.8554092 0.01205295 0.158816 -0.9872347 0.01786881 0.9664897 -0.2560828 0.9905553 0.1066895 -0.08612614 -0.008818805 -0.2694814 -0.9629653 -0.003097176 -0.230718 -0.9730159 0.2364863 -0.4986186 -0.8339387 0.01627391 -0.7615454 -0.6479073 -0.03009951 -0.7333567 0.6791775 0.426318 -0.7286283 -0.536054 0.4467688 -0.7750011 -0.4469576 0.9605644 0.02143728 -0.2772303 0.9732767 0.07722622 -0.2162605 -0.2562133 0.1577362 -0.9536636 -0.02928775 0.3419492 -0.939262 -0.008673608 0.3789603 -0.9253724 4.2463e-4 0.4824931 -0.8758998 -1.58132e-4 0.457267 -0.8893294 7.31837e-4 0.4418923 -0.8970679 0.001521646 -0.4148935 -0.9098687 9.42007e-4 -0.3652926 -0.9308923 0.02806538 -0.27081 -0.9622237 0.04397553 0.1960154 -0.9796144 -5.08158e-4 0.4149722 -0.909834 2.95016e-6 -0.4015049 -0.9158569 0.04532015 0.5137803 -0.856724 -0.195599 0.656522 -0.7285054 -0.9905644 0.04729259 0.1286294 -0.9914194 0.01435852 0.129929 -0.9923198 0.03338694 0.1191083 -0.4429486 -0.0715661 -0.8936862 -0.9101169 -0.03203219 0.4131118 -0.909676 -0.03144443 0.4141265 -0.9059159 0.001454591 0.4234551 -0.9235615 0.03112268 0.3821852 -0.8960613 0.07448476 0.437637 -0.92551 0.09952545 0.3654121 -0.9041631 0.1361262 0.4049182 -0.9074025 -0.07915174 0.4127418 -0.9938848 0.01020205 0.1099502 -0.9881073 -0.00496757 -0.1536856 -0.9659582 0.04580062 -0.2546116 -0.9848659 -0.01324617 -0.1728115 -0.07004296 0.2397457 -0.9683057 -0.07174801 0.2368847 -0.9688848 -0.05299103 0.2115904 -0.9759209 -0.05569499 0.1520541 -0.9868018 -0.07237648 0.1240394 -0.9896343 -0.03894418 0.08404076 -0.995701 -0.03778481 0.01907122 -0.999104 -0.07864898 -0.029715 -0.9964594 -0.07721793 -0.05879563 -0.9952791 -0.06750488 -0.04686391 -0.9966177 -0.02582824 -0.1204724 -0.9923807 -0.09973919 -0.2136263 -0.9718106 -0.07886946 -0.2399182 -0.9675841 -0.08054161 -0.2500796 -0.9648696 -0.0757035 -0.2546654 -0.9640615 -0.4564033 -0.07704895 -0.8864309 -0.7108093 -0.1208636 -0.692923 -0.5060881 -0.1467182 -0.849911 -0.684404 -0.03625619 -0.7282009 -0.5899704 0.0339716 -0.8067101 -0.638669 0.08150649 -0.7651527 -0.6414833 0.08013129 -0.7629407 -0.755399 0.13934 -0.6402787 -0.6811701 0.1916749 -0.7065892 -0.7195791 -0.1098595 -0.6856653 -0.864266 -0.1587908 -0.4773151 -0.7988973 -0.04262572 -0.5999552 -0.9372213 -0.06824934 -0.3419916 -0.926947 0.002906739 -0.3751811 -0.9138315 0.03046166 -0.4049494 -0.9086648 -0.05489605 -0.4139021 0.1152794 0.2707142 -0.9557325 0.1389184 0.1939156 -0.9711326 0.1010744 0.2144386 -0.9714938 0.04576832 0.08691358 -0.995164 0.04502993 0.08801883 -0.9951005 0.1897612 -0.06158727 -0.9798968 0.1238258 0.01911324 -0.99212 0.04551231 -0.07732027 -0.995967 0.06467914 -0.1327122 -0.989042 0.09694993 -0.1587083 -0.982554 0.08974552 -0.1672661 -0.9818186 0.05214434 -0.2756487 -0.9598432 0.9595873 -0.0150094 -0.2810106 0.9349097 0.06576538 -0.3487389 0.9569082 0.03787344 -0.2879105 0.9287495 0.01473885 -0.3704151 0.752463 0.01904046 -0.6583594 0.9037 -0.05265671 -0.424916 0.8986112 -0.08171308 -0.4310696 0.7696831 0.1453686 -0.621656 0.62098 0.1429605 -0.7706791 0.6347765 0.05697864 -0.7705922 0.6549438 -0.04970735 -0.7540411 0.6299439 -0.03057831 -0.7760385 0.6988172 -0.1933345 -0.6886772 0.2207146 0.01637887 -0.975201 0.4661405 -0.1331984 -0.8746263 0.1145871 -0.2382742 -0.9644145 0.6138637 0.178536 -0.768958 0.06095087 -0.02777248 -0.9977544 0.05898189 -0.02473461 -0.9979526 0.04054033 -0.0770415 -0.9962034 0.1560581 -0.1782345 -0.971534 0.08323305 -0.213715 -0.9733438 0.05773651 -0.2568754 -0.9647184 0.07739239 0.06382608 -0.9949556 0.58968 0.06544119 -0.8049813 0.08876591 0.05571156 -0.9944933 0.5385897 0.1727104 -0.8246772 0.04791063 0.1207078 -0.9915313 0.05464684 0.1865674 -0.9809212 0.08739054 0.2255927 -0.9702942 0.08263117 0.2337372 -0.9687823 0.5924645 0.06664985 -0.8028348 0.9367567 0.05218249 -0.3460691 0.9396641 0.03840333 -0.339936 0.65598 -0.0374847 -0.753847 0.9472757 0.03089034 -0.3189274 0.7110883 -0.01165759 -0.703006 0.5738057 -0.1368226 -0.8074817 0.6527722 -0.1052504 -0.7502073 0.9331931 -0.002893686 -0.3593639 0.9700143 -0.02499884 -0.2417593 0.9113505 -0.08351796 -0.4030698 -0.2517505 0.2739363 -0.9282137 -0.0283882 0.2696235 -0.9625473 -0.1111 0.07431286 -0.9910269 -0.1016354 0.03032517 -0.9943594 -0.1361663 -0.005363106 -0.9906715 -0.09932601 -0.04370069 -0.9940949 -0.1066918 -0.1437189 -0.9838505 -0.08714765 -0.1168628 -0.9893172 -0.05959761 -0.165508 -0.9844061 -0.1195021 -0.2597891 -0.9582427 -0.09344738 -0.284304 -0.9541693 -0.3254349 0.133064 -0.936155 -0.2766927 0.2214345 -0.9350979 -0.2987865 0.2371906 -0.9243741 -0.7378675 -0.0976988 -0.6678373 -0.7284811 -0.08731293 -0.679479 -0.6781294 -0.01562058 -0.7347766 -0.7270667 0.06147652 -0.6838089 -0.8338657 -0.09540617 -0.5436596 -0.7637545 -0.05131894 -0.6434637 -0.8922439 0.07156544 -0.4458467 -0.8556454 0.123684 -0.5025667 -0.9532763 -0.01408737 -0.3017712 -0.9280915 0.0534746 -0.3684926 0 0.7180277 -0.6960146 0 0.7180235 -0.6960189 2.98533e-6 0.7180297 -0.6960125 -8.34801e-7 0.7180265 -0.6960158 -1 -2.53348e-7 0 -1 -2.25182e-6 0 -1 3.46159e-6 0 -1 -9.32192e-6 0 -1 4.81344e-5 0 -1 -1.77266e-5 0 -1 9.1174e-7 0 -1 -3.80533e-7 0 -1 7.71177e-6 0 -1 -1.82745e-6 0 -1 -1.23305e-5 0 -1 -7.11805e-6 0 -1 1.90867e-6 0 -1 2.72456e-6 0 -1 -4.10266e-6 0 -1 0 0 -1 6.09821e-6 0 -1 -7.21074e-6 0 -1 9.94787e-6 0 -1 -1.0254e-6 0 -1 4.05236e-6 0 -1 2.59703e-7 0 -1 1.00511e-5 0 -1 -1.25257e-5 0 -1 5.51455e-7 0 -1 -6.37618e-7 0 -1 -6.54377e-7 0 -1 1.62714e-6 0 -1 -1.64116e-6 0 -1 -3.32177e-6 0 -1 5.01012e-6 0 -1 4.00102e-6 0 -1 -6.92233e-6 0 -1 1.00371e-6 0 -1 -3.50527e-7 0 -1 -2.28477e-5 0 -1 2.18164e-7 0 -1 7.02821e-7 0 -1 -1.32623e-6 0 -1 9.60445e-7 0 -1 2.38172e-6 0 -1 6.55171e-6 0 -1 -1.95514e-6 0 -1 6.39871e-7 0 -1 9.27503e-7 0 -1 -2.22944e-6 0 -1 1.30964e-5 0 -1 3.27354e-5 0 1.09159e-4 0.2473593 0.9689238 0.002340376 0.2640526 0.9645054 -9.71582e-4 0.3440267 0.9389594 0.002912163 0.3898399 0.9208781 -5.82493e-4 0.4302648 0.9027026 0.001662969 0.530142 0.8479073 0 0.52116 0.853459 0 0.622033 0.782991 -7.94419e-7 0.6220313 0.7829925 0 0.6960243 0.7180183 0.001942336 0.7134758 0.7006773 -9.70783e-4 0.7632524 0.6460998 0.004201531 0.8039845 0.5946354 -4.79071e-4 0.8313475 0.5557528 0.003939628 0.9017627 0.4322137 0 0.8937516 0.4485623 0 0.9528044 0.3035849 5.82739e-4 0.951294 0.3082848 -9.70798e-4 0.9450408 0.3269509 0.003370046 0.9033443 0.4289027 0.004639446 0.8486212 0.5289808 -9.69987e-4 0.8088524 0.588011 0.001942336 0.7632577 0.6460914 0 0.7471048 0.6647064 0 0.6220331 0.7829909 0 0.5420077 0.8403735 0 0.4347118 0.9005697 0 0.344031 0.9389584 -0.002910971 0.3208057 0.9471406 -0.7069774 0.4779872 0.5212592 -0.7322347 0.422779 0.5339384 -0.7315168 0.4224756 0.5351611 -0.7330728 0.3808827 0.5635005 -0.7756636 0.3037094 0.5532692 -0.7958322 0.2772431 0.538319 -0.7442801 0.2660328 0.6125959 -0.7115405 0.2068895 0.671496 0 0.7444033 0.6677303 -1.12342e-5 0.7444077 0.6677255 0 0.7444151 0.6677172 1.5744e-5 0.7444092 0.6677238 0 0.7444186 0.6677133 3.02858e-5 0.744412 0.6677207 3.7811e-5 0.7444092 0.6677237 4.31219e-6 0.7444155 0.6677168 1.89057e-5 0.7444207 0.6677109 2.16488e-6 0.7443979 0.6677362 0 0.7443971 0.6677373 0 0.7444337 0.6676965 8.42441e-6 0.744444 0.667685 -2.6989e-5 0.7443983 0.6677359 0 0.7444109 0.6677218 8.99644e-6 0.7444003 0.6677337 4.20783e-6 0.7444316 0.6676988 0 0.7444138 0.6677187 0 0.7444099 0.667723 -4.20773e-6 0.7444154 0.6677168 0 0.7443947 0.6677399 2.68493e-5 0.7443678 0.66777 0 0.7443895 0.6677458 0 0.744419 0.6677129 0 0.7444199 0.6677118 0 0.7443885 0.6677467 -2.59289e-5 0.7444349 0.6676951 0 0.7444028 0.6677309 -1.89057e-5 0.7444207 0.6677109 0 0.7444164 0.6677156 -3.7811e-5 0.7444092 0.6677237 -3.59867e-5 0.7444155 0.6677167 0 0.7444049 0.6677286 0 0.7444088 0.6677243 2.95976e-5 0.7444048 0.6677286 1.00483e-5 0.7444013 0.6677325 -4.22414e-5 0.744421 0.6677106 0 0.7444015 0.6677324 0 0.7444097 0.6677232 0.03926134 0.6672117 -0.7438328 0.03927314 0.6672076 -0.7438358 0.1001826 0.6672244 -0.7380889 0.1434864 0.6611233 -0.7364289 0.2881684 0.6414332 -0.711001 0.2546182 0.6436797 -0.7216967 0.4344208 0.6016325 -0.670311 0.4344687 0.6016105 -0.6702997 0.5771293 0.5474397 -0.6059965 0.5906677 0.5422974 -0.597516 0.6787992 0.4884843 -0.5482835 0.7343257 0.4550871 -0.5036482 0.7688513 0.4263502 -0.4765429 0.8457212 0.3587577 -0.3950299 0.8314682 0.3709697 -0.4135726 0.8968736 0.2953268 -0.3292413 0.9081398 0.2813898 -0.3100033 0.9469285 0.2140212 -0.2398361 0.9670329 0.1726768 -0.1871637 0.980785 0.1293451 -0.1460503 0.9949647 0.06934076 -0.07236915 0.9978593 0.04366755 -0.04868245 0.9978592 0.0436691 -0.04868191 0.9855546 0.1130854 -0.1260704 0.980782 0.1321312 -0.1435549 0.9550061 0.1974135 -0.2213402 0.9469274 0.2152642 -0.2387256 0.9187438 0.2623967 -0.2950558 0.8968725 0.2965854 -0.3281113 0.8593864 0.3407948 -0.3812007 0.8457262 0.3569428 -0.3966599 0.7852254 0.4115561 -0.4626474 0.7688487 0.4269638 -0.4759976 0.6787967 0.4903281 -0.5466383 0.6788017 0.4903247 -0.5466351 0.5771359 0.545297 -0.6079189 0.5771426 0.5452914 -0.6079176 0.4656218 0.590925 -0.6587898 0.4344654 0.6039931 -0.6681558 0.3296482 0.6287838 -0.7042465 0.2881792 0.6410155 -0.7113733 0.1778861 0.6544775 -0.7348577 0.1434766 0.6608155 -0.7367071 0 0.6960167 0.7180256 0 0.6960163 0.7180261 -2.30853e-5 0.6960211 0.7180214 2.03222e-5 0.6960167 0.7180257 1.80183e-5 0.6960142 0.7180281 -1.67744e-5 0.6960129 0.7180293 0 0.6960188 0.7180237 -1.13628e-5 0.6960178 0.7180246 1.11835e-5 0.696018 0.7180244 1.11512e-6 0.6960163 0.7180261 7.21635e-6 0.6960166 0.7180258 -2.17616e-4 0.69877 0.7153464 0 0.695985 0.7180564 0 0.6960157 0.7180266 -1.40122e-5 0.6960145 0.7180277 -5.93301e-6 0.6960169 0.7180255 0 0.6960182 0.7180242 -5.47451e-6 0.6960161 0.7180262 -9.32762e-6 0.6960163 0.718026 6.15652e-7 0.6960174 0.7180249 0 0.6960155 0.7180268 4.18034e-5 0.6960164 0.7180259 0 0.6960167 0.7180257 -1.39087e-5 0.6960158 0.7180264 2.39455e-5 0.6960169 0.7180255 0 0.6960161 0.7180262 -9.04489e-6 0.6960151 0.7180271 1.38961e-5 0.6960158 0.7180265 -1.10649e-5 0.6960164 0.718026 -1.4023e-5 0.6960166 0.7180258 -5.54583e-6 0.6960169 0.7180254 1.40795e-5 0.696015 0.7180274 1.61252e-5 0.6960197 0.7180228 -4.2687e-5 0.6960145 0.7180277 1.43968e-5 0.6960158 0.7180265 -1.10125e-6 0.6960164 0.7180259 1.47129e-6 0.6960242 0.7180184 0 0.696 0.7180418 -1.16496e-6 0.6960055 0.7180365 0 0.6960163 0.7180261 3.17419e-5 0.696019 0.7180234 -2.03223e-5 0.6960141 0.7180282 -1.01352e-5 0.6960129 0.7180294 1.67745e-5 0.6960118 0.7180303 -3.44317e-6 0.6960174 0.718025 1.13628e-5 0.6960163 0.7180261 -1.86404e-6 0.6960206 0.7180219 0 0.7156344 0.6984751 0 0.715627 0.6984828 0 0.7532258 0.6577621 0 0.7532184 0.6577705 0 0.7884994 0.6150356 0 0.7884851 0.615054 0 0.8317325 0.5551766 0 0.8317281 0.5551834 0 0.8704463 0.4922635 0 0.8704506 0.4922559 0 0.9043956 0.4266952 0 0.9044013 0.4266831 0 0.9334261 0.3587697 0 0.9334262 0.3587698 0 0.9573621 0.2888907 1.44276e-4 0.9579137 0.2870565 0 0.7443871 0.6677485 0 0.744403 0.6677307 -4.03085e-6 0.7444102 0.6677227 -4.4819e-6 0.7444081 0.667725 0 0.7444111 0.6677216 -2.04754e-6 0.7444072 0.6677259 -4.94907e-6 0.7444094 0.6677235 0 0.7444012 0.6677328 0 0.7444091 0.6677239 -2.37143e-6 0.7444145 0.6677178 6.20411e-6 0.7444094 0.6677235 0 0.7444184 0.6677135 0 0.7444005 0.6677334 -2.5351e-6 0.7444075 0.6677257 2.29659e-6 0.7444124 0.6677201 0 0.7444052 0.6677283 2.84565e-6 0.7444162 0.6677159 -6.87947e-7 0.7444159 0.6677163 3.69503e-6 0.7444574 0.66767 1.34699e-5 0.7444516 0.6676765 8.73044e-6 0.7444683 0.6676579 -0.00257343 0.7483799 0.6632654 0.004651188 0.7552721 0.6553948 0 0.7444107 0.6677221 -2.18093e-6 -0.7443882 -0.6677471 -5.72757e-7 0.744411 0.6677218 7.48679e-7 0.7444035 0.6677301 0.001145482 0.7609971 0.6487543 -6.79958e-7 0.7444 0.667734 5.74419e-6 0.7444037 0.6677299 0 0.7444079 0.6677252 -0.001024305 0.7550104 0.6557122 -0.003682136 0.7682461 0.6401441 0.006917417 -0.7731412 -0.6341964 0 0.7443958 0.6677387 1.41795e-6 0.7444278 0.667703 -1.9117e-5 0.7444462 0.6676824 0.004036426 0.7746495 0.6323781 -9.06447e-6 0.744458 0.6676694 -8.67756e-6 0.7444608 0.6676662 0 0.7444025 0.6677313 2.50959e-6 0.7444211 0.6677106 -1.45038e-6 0.7443826 0.6677534 0 0.7444117 0.667721 3.07974e-6 0.7444092 0.6677238 0 0.7444067 0.6677266 0 0.7444132 0.6677193 0 0.7444056 0.6677277 0 0.7444038 0.6677298 2.89648e-6 0.7444031 0.6677305 4.38886e-6 0.7444142 0.6677182 4.66035e-6 0.7444073 0.6677259 6.23813e-7 0.7444044 0.6677291 0 0.7444128 0.6677197 2.35909e-6 0.7444071 0.6677261 0 0.7444015 0.6677323 0 0.7444171 0.667715 0 0.7444044 0.667729 0 0.7444112 0.6677215 3.05584e-6 0.7444406 0.6676887 0.07107239 -0.763687 -0.6416627 0.07792383 -0.7506486 -0.6560904 0.04449039 -0.9179086 -0.3942897 0.04417127 -0.9985265 -0.031524 0.03750336 -0.9935454 -0.1070575 0.6557443 -0.5971308 -0.4619894 0.003350436 -0.4423772 -0.8968229 0.2787547 -0.7272935 -0.6271684 0.05795115 0.5740044 -0.8167991 0.1577894 -0.2566668 -0.9535327 0.07488518 0.279894 -0.9571058 0.6141737 -0.3363901 -0.7138854 -0.009664952 -0.7791503 0.6267629 -0.979794 -0.1979082 -0.02891325 -0.7079964 -0.4170114 0.5699497 -0.1464238 -0.6503362 -0.7454013 -0.06749176 -0.7950562 -0.602769 -0.4962146 -0.6995458 -0.514205 -0.06070148 -0.9359804 -0.3467796 -0.8662057 -0.4996091 0.008859992 -0.04565972 -0.9984595 -0.03152507 -0.08237308 -0.4287775 0.8996469 -0.03575837 -0.9469958 0.3192498 -0.7848834 -0.5796754 0.2189395 -0.009983599 -0.7892915 0.6139376 -1.90755e-5 -0.5606368 0.8280619 1.76876e-5 -0.5330716 0.8460702 -3.47961e-5 -0.5325649 0.8463892 3.45124e-5 -0.5060409 0.8625096 -5.16451e-5 -0.5051849 0.8630112 5.09057e-5 -0.4785064 0.8780841 -6.83408e-5 -0.4772811 0.8787507 6.64363e-5 -0.4504896 0.8927817 -8.34789e-5 -0.4488922 0.8935859 8.19668e-5 -0.4220214 0.906586 -9.83639e-5 -0.4200384 0.9075064 9.74973e-5 -0.393135 0.9194808 -1.13782e-4 -0.390755 0.9204947 1.12165e-4 -0.3638527 0.9314566 -1.28347e-4 -0.3610722 0.9325379 1.26402e-4 -0.3342052 0.9425004 -1.4246e-4 -0.3310166 0.9436249 1.39775e-4 -0.3042255 0.9526001 -1.55774e-4 -0.3006229 0.9537431 1.54011e-4 -0.2739375 0.9617476 -1.68822e-4 -0.2699208 0.9628826 1.66954e-4 -0.2433801 0.969931 -1.81869e-4 -0.2389396 0.9710345 1.79464e-4 -0.2125787 0.977144 -1.94598e-4 -0.2077158 0.9781892 1.91544e-4 -0.1815598 0.9833799 -2.06527e-4 -0.1762765 0.9843407 2.0276e-4 -0.1503637 0.9886308 -2.17817e-4 -0.1446588 0.9894816 2.14408e-4 -0.1190147 0.9928925 -2.28681e-4 -0.1128917 0.9936074 2.25193e-4 -0.08754914 0.9961603 -2.38906e-4 -0.08100748 0.9967135 2.35116e-4 -0.05599308 0.9984312 -2.49664e-4 -0.04904025 0.9987968 2.45038e-4 -0.02438092 0.9997028 -2.59037e-4 -0.01702404 0.9998552 3.36968e-4 0.0111553 0.9999377 0.001544535 0.1486089 0.9888949 -2.52765e-4 0.1742937 0.9846937 8.022e-4 0.2029384 0.9791913 -7.41646e-4 0.2161823 0.9763528 9.22711e-4 0.2511435 0.9679494 0.01777648 -0.5883219 0.8084316 0.03950393 -0.9913269 0.1253417 0.04415363 -0.3966262 -0.9169178 -0.005655109 -0.9905185 -0.1372635 -0.9295268 0.1248207 -0.3469866 -0.8843022 -0.2717994 -0.379651 -0.6661751 -0.5019596 -0.5515862 -0.4437376 -0.5476015 -0.7093867 -0.04652673 0.1226457 -0.9913594 -0.8406908 0.2201678 -0.4947375 -0.7781143 0.2570927 -0.5730983 -0.05837047 0.02065515 -0.9980813 -0.07543432 0.516407 -0.8530144 -0.05662566 0.4802385 -0.8753083 -0.07802885 -0.2591301 -0.9626855 -0.06502228 -0.1844781 -0.9806834 -0.001141846 -0.9744766 -0.2244862 -0.001164197 -0.9119265 -0.4103522 -1.12619e-4 -0.8296866 -0.5582296 0.001423537 -0.8955628 -0.4449328 3.55573e-4 -0.9746199 -0.2238659 3.42721e-4 -0.9991145 -0.04207473 0 -0.7775871 -0.6287752 -0.006560325 -0.9040889 0.4272944 0.9975163 -0.01376676 -0.06907719 0.9572098 -0.1166496 -0.2648442 0.6381753 -0.2650481 -0.7228291 0.04518455 -0.1253932 -0.9910777 0.9390827 -0.1495179 -0.3094643 0.9407643 -0.1727523 -0.2917518 0.9995029 -0.02306914 -0.02149105 0.9915543 -0.1011604 -0.0811575 0.9917928 -0.09956121 -0.08021652 0.9860243 -0.1354321 -0.09702825 0.998475 0.02769362 -0.04775792 0.9971135 -0.07526755 -0.009985506 0.9911902 -0.1255162 -0.04228061 0.9993968 -0.03439849 -0.004776537 0.9998991 -0.005531847 -0.0130878 0.9993869 -0.01536327 0.03146481 0.997687 -0.06671601 0.01302993 0.8905761 -0.419043 -0.176854 0.6908088 -0.7223742 0.0309633 0.9054777 -0.4237951 -0.02254164 0.8350144 -0.3674779 -0.4095254 0.8627795 -0.5007677 0.06959474 0.9102783 -0.4019088 -0.09931159 0.8324375 -0.4634175 -0.3037961 0.7216743 -0.4082834 -0.5590088 0.8155819 -0.3187961 -0.4829031 0.7581436 -0.5791264 -0.2997182 0.7220973 -0.6601462 0.2068392 0.5848225 -0.7830859 0.2115636 0.5048377 -0.8398536 0.199462 0.4703739 -0.870542 0.1445859 0.7729084 -0.6215532 0.1276096 0.6345994 -0.7614631 0.1321275 0.5023316 -0.8560801 0.121614 0.4455883 -0.8897845 0.09866446 0.4962596 -0.8654159 0.06915169 0.6258814 -0.7789803 0.03824007 0.6605166 -0.7501195 0.03223079 0.505966 -0.8624081 0.01583969 0.3577725 -0.9337379 -0.0115087 0.3239009 -0.9452158 -0.0406872 0.5434464 -0.8334088 -0.1004782 0.7102829 -0.7020053 -0.05183434 0.6516993 -0.7543484 -0.07903617 0.6252796 -0.7734383 -0.1040135 0.615108 -0.7812611 -0.1061766 0.4371933 -0.8870383 -0.1484092 0.3387086 -0.9227927 -0.183658 0.3729439 -0.9040187 -0.2089569 0.5728707 -0.7898239 -0.2190834 0.6355331 -0.7465522 -0.1968696 0.5422552 -0.8054847 -0.2390688 0.5073295 -0.8182168 -0.2704406 0.5468649 -0.7864925 -0.2869989 0.6391037 -0.7144569 -0.2847769 0.630072 -0.720968 -0.2884693 0.4613333 -0.8132441 -0.354691 0.3723243 -0.8389185 -0.3969767 0.4141777 -0.810404 -0.4143701 0.492516 -0.7688497 -0.4077968 0.4132833 -0.7976629 -0.4392391 0.3465882 -0.807411 -0.4774559 0.4121503 -0.7598956 -0.5026836 0.5308051 -0.7159107 -0.4535613 0.4363805 -0.7449238 -0.5046391 0.427542 -0.7325259 -0.5297299 0.5228961 -0.6718701 -0.5245669 0.5453855 -0.663808 -0.5117751 0.5039103 -0.6675572 -0.5481258 0.5364269 -0.6355093 -0.5553146 0.5839939 -0.6032047 -0.5432267 0.5401153 -0.6164358 -0.5729593 0.5147435 -0.6097694 -0.6026777 0.5560507 -0.5729376 -0.6021214 0.5941663 -0.5474507 -0.5892912 0.4766052 -0.5861721 -0.6551716 0.3521293 -0.6023753 -0.7163442 0.3441033 -0.5819559 -0.7368313 0.4502651 -0.5329615 -0.7163892 0.4325078 -0.5368623 -0.7243728 0.2631427 -0.5503903 -0.792355 0.2631154 -0.5258287 -0.8088724 0.4550356 -0.4586655 -0.7632619 0.4704626 -0.4580263 -0.7542393 0.4532175 -0.439093 -0.7757521 0.55532 -0.3724908 -0.7435525 0.675935 -0.3431602 -0.652191 0.5558958 -0.3643167 -0.7471635 0.4853076 -0.3589048 -0.7972853 0.4993476 -0.3312373 -0.8005835 0.5909434 -0.2854025 -0.7545406 -0.01514714 -0.3246967 -0.945697 -0.01221674 -0.3532127 -0.9354634 -0.01381635 -0.381383 -0.9243139 -0.03326976 -0.4684725 -0.8828515 -0.03316223 -0.4090223 -0.9119217 -0.01971399 -0.3266354 -0.9449448 -0.6292544 -0.3374078 -0.7001392 -0.5682191 -0.3831742 -0.7282202 -0.5654811 -0.4062647 -0.7177605 -0.6147679 -0.4093853 -0.6741396 -0.6006478 -0.4119206 -0.6852326 -0.5074051 -0.4696661 -0.7224637 -0.4878924 -0.4979981 -0.7169093 -0.5396467 -0.5012929 -0.6763778 -0.6580433 -0.4703587 -0.587998 -0.6778314 -0.455688 -0.576969 -0.6163436 -0.506815 -0.60271 -0.6042612 -0.5238563 -0.6003691 -0.5199338 -0.5695663 -0.6366028 -0.007747471 -0.7308562 -0.6824875 -0.01542162 -0.6480619 -0.7614316 -0.4367886 -0.6588997 -0.6124271 -0.549445 -0.6223523 -0.5574836 -0.5213733 -0.6425631 -0.5615004 -0.4957254 -0.6864694 -0.5319925 -0.6744897 -0.5705857 -0.4685036 -0.5527543 -0.659978 -0.5088141 -0.4719325 -0.7144102 -0.5166216 -0.4680446 -0.7316343 -0.4956263 -0.5428367 -0.7094412 -0.4494683 -0.6197578 -0.670556 -0.4077438 -0.581698 -0.70015 -0.414026 -0.5375101 -0.738672 -0.4067512 -0.5671936 -0.7411507 -0.359148 -0.7076089 -0.6291399 -0.3216719 -0.5718393 -0.7415381 -0.3508862 -0.4723118 -0.8079309 -0.3523766 -0.4494669 -0.8373769 -0.3110941 -0.7199307 -0.6443786 -0.2578298 -0.5226393 -0.8008982 -0.2922506 -0.3895109 -0.8744938 -0.2890361 -0.4230852 -0.8686355 -0.2578203 -0.5974892 -0.7753703 -0.2044689 -0.7152982 -0.6785964 -0.1668995 -0.6663373 -0.7264974 -0.1679172 -0.579722 -0.7991405 -0.1590503 -0.5340032 -0.8338931 -0.1395097 -0.5474141 -0.8292384 -0.1127014 -0.6273123 -0.775042 -0.07608765 -0.6559301 -0.7507122 -0.07865685 -0.5674269 -0.8211887 -0.06062942 -0.5211175 -0.852964 -0.02981752 -0.6025996 -0.7973054 -0.0343194 -0.3916547 -0.9200424 -0.01134234 -0.301173 -0.9534088 0.01750844 -0.391671 -0.9189987 0.04511302 -0.541422 -0.8387281 0.05828875 -0.5235339 -0.8492974 0.06786912 -0.5311267 -0.8421317 0.09337419 -0.6226385 -0.7729163 0.1221548 -0.7005616 -0.7064986 0.1003661 -0.5931398 -0.7932466 0.1376412 -0.5216575 -0.8357238 0.171579 -0.5182787 -0.8320667 0.1976163 -0.08573406 0.9950854 -0.04954659 -0.8182247 -0.5748385 0.008323192 -0.7139172 -0.6799903 -0.1671392 -0.6764811 -0.6935817 -0.2476242 -0.8748046 -0.3436038 -0.3415457 -0.8959442 -0.4047927 -0.1828306 -0.9911278 -0.1291243 0.03150594 -0.9898449 -0.1420028 -0.006520509 -0.9891824 -0.1465977 -0.005248069 -0.9945392 -0.1039634 -0.009143054 -0.9997095 -0.02356445 -0.005083382 -0.9646685 -0.2366352 -0.1158385 -0.9170712 -0.3378712 -0.2117159 -0.9370057 -0.2870059 -0.1991177 -0.9945428 -0.07280212 -0.07472938 -0.9984817 -0.03317171 -0.04397869 -0.9966886 -0.04400539 -0.06837707 -0.9985148 -0.03673332 -0.04023742 -0.9960587 -0.03699332 -0.08061379 -0.04501634 0.741653 -0.6692715 0.004658341 -0.8857685 0.464104 -0.01977914 -0.9986556 -0.04791492 -0.5926899 -0.6080036 -0.5282521 -0.9980723 -0.05733567 0.02375578 -0.2152822 -0.808383 0.5478783 -0.0521835 -0.8728498 0.485191 0 0.6616653 0.7497994 1 9.59473e-7 0 1 -3.35713e-7 0 1 -2.75841e-6 3.89905e-7 1 -5.43521e-7 0 -1 2.51665e-7 0 -1 -9.57155e-7 0 -1 -4.20373e-7 0 -1 5.43521e-7 0 0 0.7180265 -0.6960158 -2.98534e-6 0.7180276 -0.6960147 0 0.7180249 -0.6960175 0.6394901 0.5693 0.5166721 -0.8843937 -0.4633019 -0.05656164 -0.1495341 0.7807587 0.6066757 9.61193e-6 0.7444105 0.6677223 5.99576e-6 0.7444093 0.6677236 7.98935e-6 0.7444074 0.6677257 1.57416e-4 0.744378 0.6677585 -0.5980398 0.7700557 0.2221774 0.1523211 0.7356625 0.6599993 0.422092 0.659973 0.6215094 0.2845776 0.7349246 0.6155498 0.06969851 0.7774999 0.625009 -4.73038e-6 0.7444108 0.6677219 -1.19338e-6 0.7444097 0.6677232 2.51149e-6 0.7444071 0.6677261 -9.53023e-5 0.7444238 0.6677074 0.5930655 0.7742777 0.220834 0.9973899 -0.07111996 0.01246684 0.2549594 -0.7637051 0.5930854 0.03679162 -0.8368178 0.546244 0 0.9489907 0.3153042 -0.002911567 0.9366964 0.3501307 5.83217e-4 0.9202744 0.3912733 -0.001999378 0.8612059 0.5082525 0 0.8668947 0.4984914 0 0.7840428 0.6207067 0 0.696027 0.7180157 -9.71588e-4 0.6781283 0.734943 -3.96976e-7 0.6411192 0.7674413 -0.002912878 0.5827239 0.8126651 -0.002910971 0.5827364 0.8126561 0 0.5211559 0.8534616 -0.001165688 0.4698296 0.8827565 -0.004847705 0.4420925 0.8969564 7.94413e-7 0.367051 0.9302009 -0.004752933 0.2911248 0.9566733 0 0.2640511 0.9645088 -0.003052949 0.2465445 0.9691268 0 0.3208138 0.9471424 -0.001943111 0.3670546 0.9301974 0 0.3898349 0.9208848 0 0.4567437 0.8895984 0 0.5211672 0.8534547 0 0.5827356 0.8126618 0 0.5827266 0.8126684 0 0.6411182 0.7674422 -0.005815863 0.7632399 0.6460892 7.94424e-7 0.8230943 0.5679048 -0.005815267 0.8749358 0.4842042 -0.002912819 0.9082919 0.4183269 9.70798e-4 0.9450408 0.3269509 0 0.9618266 0.2736601 0 0.9618237 0.27367 0 0.9460416 0.3240453 0 0.9460371 0.3240587 0 0.9266402 0.3759495 -9.30315e-4 0.9195454 0.3929828 4.64688e-4 0.8963665 0.4433137 -4.64996e-4 0.8880258 0.4597935 9.29693e-4 0.8612082 0.5082514 0 0.8516627 0.5240905 0 0.8213352 0.5704459 0 0.8213422 0.5704358 0 0.7770017 0.6294986 0.00139451 0.7884915 0.6150441 -4.66393e-7 0.7532184 0.6577705 9.30306e-4 0.7284081 0.6851429 0 0.7156344 0.6984751 -0.9978592 0.04367065 -0.04868221 -0.9978593 0.04366755 -0.04868245 -0.9978594 0.04366707 -0.04868209 -0.9807853 0.1302673 -0.1452267 -0.9731891 0.1568934 -0.1681883 -0.9469287 0.214636 -0.2392851 -0.8968582 0.2999066 -0.3251176 -0.9153017 0.2689384 -0.299825 -0.8457254 0.3563104 -0.3972299 -0.8314656 0.3728083 -0.4119213 -0.7688523 0.4263483 -0.4765433 -0.7343257 0.455087 -0.5036483 -0.6977806 0.4776849 -0.5337784 -0.619097 0.5262109 -0.5829418 -0.6394233 0.5133846 -0.5723409 -0.5336341 0.5647068 -0.6295562 -0.533617 0.5647135 -0.6295646 -0.4422751 0.5988696 -0.6676436 -0.4186699 0.6082239 -0.6743733 -0.3214438 0.631673 -0.7054525 -0.2546176 0.6483703 -0.7174858 -0.1950902 0.6539738 -0.7309297 -0.100176 0.6668163 -0.7384585 -0.06539994 0.6662951 -0.7428148 -0.06538879 0.6662967 -0.7428143 -0.1950976 0.654894 -0.7301033 -0.1950895 0.654896 -0.7301037 -0.3214398 0.6322887 -0.7049024 -0.321448 0.6322875 -0.7048999 -0.4422851 0.5988663 -0.66764 -0.4422787 0.5988674 -0.6676433 -0.5336267 0.5647097 -0.6295598 -0.533622 0.5647091 -0.6295644 -0.6191006 0.524371 -0.5845935 -0.6190873 0.5243797 -0.5845997 -0.6977801 0.4782995 -0.5332285 -0.6977849 0.4782969 -0.5332246 -0.7688487 0.4269638 -0.4759976 -0.7852255 0.411556 -0.4626475 -0.8457232 0.3569459 -0.3966638 -0.8593861 0.3407958 -0.3812006 -0.8968718 0.2965878 -0.3281111 -0.9187445 0.262394 -0.295056 -0.9469274 0.2152642 -0.2387256 -0.9550058 0.1974145 -0.2213402 -0.980782 0.1321312 -0.1435549 -0.9855548 0.1130837 -0.1260704 0.7062261 0.4555802 0.5419331 0.726484 0.455007 0.5149658 0.706734 0.4280338 0.5633065 0.7370857 0.3423846 0.582647 0.7600091 0.3438131 0.5515242 0.7213953 0.3106059 0.6189611 0.7427406 0.2438559 0.6235949 0.7972305 0.1670615 0.5800984 0.7351781 0.226376 0.6389579 1 -2.53348e-7 0 1 1.6813e-6 0 1 -2.14819e-7 0 1 0 0 1 -2.63024e-6 0 1 5.85617e-5 0 1 -7.99768e-7 0 1 0 0 1 -4.54298e-5 0 1 0 0 1 -1.61648e-6 0 1 -2.02584e-7 0 1 5.96868e-7 0 1 7.6673e-7 0 1 -9.29008e-6 0 1 3.25105e-6 0 1 -2.56119e-6 0 1 4.76345e-6 0 1 -1.05461e-6 0 1 4.9119e-7 0 1 6.24563e-7 0 1 -3.67807e-7 0 1 7.56421e-7 0 1 6.84849e-6 0 1 -8.34569e-7 0 1 5.15294e-6 0 1 1.17272e-5 0 1 1.74936e-6 0 1 -1.64798e-6 0 1 -3.30123e-6 0 1 3.37957e-6 0 1 -3.59971e-6 0 1 1.1895e-6 0 1 -2.59676e-6 0 1 3.76864e-6 0 1 -3.78434e-7 0 1 -2.16863e-5 0 1 2.97442e-5 0 1 -1.74952e-6 0 1 2.92398e-5 0 1 -4.93194e-5 0 1 2.91715e-5 0 1 -1.1084e-5 0 1 3.32606e-6 0 1 2.56758e-6 0 1 -8.28012e-7 0 1 4.10245e-7 0 1 6.24201e-7 0 1 -4.74239e-6 0 1 -9.94237e-7 0 1 8.50486e-7 0 1 -3.10649e-7 0 1 -8.61497e-7 0 1 9.3218e-7 0 1 1.58451e-6 0 1 4.8628e-6 0 1 -1.39787e-5 0 1 -3.3279e-5 0 0.01629298 -0.7152619 0.6986666 0.04319727 -0.9921172 0.1176326 0.02726984 -0.9529538 0.3018867 0.03725558 -0.8845089 0.4650333 0.01815044 -0.9696438 -0.243847 0.03849017 -0.9387568 -0.3424242 0.5250162 -0.7127445 -0.465138 0.9868063 -0.1488428 0.06371259 0.881145 -0.3737751 -0.2896131 0.8364234 -0.4338107 -0.3349689 0.6924964 -0.6267735 -0.3572167 0.4977297 -0.8391153 0.2194331 0.5239804 -0.5312458 -0.6657496 0.0677545 0.9129319 -0.4024484 0.8775104 0.1364626 -0.4597322 0.1626905 -0.1440792 -0.9761009 0.3317579 -0.9417613 0.05497628 0.06633627 0.3841754 -0.920874 0.962072 0.04890048 -0.2683774 -0.05395811 -0.9182156 -0.3923885 -0.0737816 -0.9942287 -0.07788145 -0.03139406 -0.9503837 -0.309492 -0.03075355 -0.9626197 -0.2691048 -0.3172389 -0.691522 -0.6489661 -0.486866 -0.6188334 -0.6164469 -0.7256348 -0.5569221 -0.404094 -0.8453151 -0.4492826 -0.2891153 -0.0175445 -0.9072314 -0.4202659 -0.01944023 -0.9104369 0.4131911 -0.01773285 -0.7558931 0.654455 2.10837e-5 -0.561901 0.8272046 -1.76876e-5 -0.5330716 0.8460702 3.49359e-5 -0.5325648 0.8463894 -3.45125e-5 -0.5060423 0.8625088 5.15517e-5 -0.5051835 0.863012 -5.09057e-5 -0.4785063 0.8780841 6.81678e-5 -0.477281 0.8787507 -6.64363e-5 -0.4504896 0.8927817 8.35055e-5 -0.4488921 0.893586 -8.19668e-5 -0.4220215 0.9065859 9.84171e-5 -0.4200382 0.9075065 -9.74975e-5 -0.3931357 0.9194805 1.13755e-4 -0.3907549 0.9204948 -1.12165e-4 -0.3638527 0.9314566 1.2824e-4 -0.3610723 0.9325379 -1.26402e-4 -0.3342052 0.9425004 1.423e-4 -0.3310166 0.9436249 -1.39775e-4 -0.3042255 0.9526001 1.55934e-4 -0.3006228 0.9537431 -1.54011e-4 -0.2739376 0.9617475 1.68715e-4 -0.2699207 0.9628826 -1.66954e-4 -0.2433806 0.969931 1.81922e-4 -0.2389394 0.9710345 -1.79464e-4 -0.2125786 0.977144 1.94704e-4 -0.2077156 0.9781892 -1.91544e-4 -0.1815598 0.9833799 2.06633e-4 -0.1762766 0.9843407 -2.0276e-4 -0.1503637 0.9886308 2.17711e-4 -0.1446588 0.9894816 -2.14408e-4 -0.1190147 0.9928925 2.28788e-4 -0.1128917 0.9936073 -2.25193e-4 -0.0875492 0.9961603 2.39013e-4 -0.08100748 0.9967135 -2.35116e-4 -0.05599308 0.9984312 2.49664e-4 -0.04904025 0.9987968 -2.45038e-4 -0.02438092 0.9997028 2.59037e-4 -0.01702404 0.9998552 -2.5496e-4 0.007252812 0.9999737 2.67984e-4 0.01500916 0.9998874 -2.63157e-4 0.03888005 0.9992439 2.76505e-4 0.04702752 0.9988936 -4.04706e-4 0.07615929 0.9970956 -0.001612186 0.1282581 0.9917396 7.33379e-4 0.163769 0.9864985 -0.001435935 0.1874178 0.9822793 7.86148e-4 0.2161822 0.9763528 -7.49041e-4 0.2339439 0.9722498 8.20037e-4 0.257676 0.9662311 -8.66076e-4 0.2745206 0.9615809 4.27619e-4 0.2987018 0.9543464 -9.04439e-4 0.3214141 0.9469383 8.26145e-4 0.3391792 0.9407215 -5.78369e-4 0.3583764 0.9335771 0.00118184 0.3790392 0.9253799 -0.001007676 0.403791 0.9148508 4.07256e-5 0.4182091 0.9083509 -0.00106126 0.4426503 0.8966937 -0.5353211 -0.5084185 -0.6744939 -0.5350577 -0.5084124 -0.6747075 -0.07141268 0.2849453 -0.9558799 -0.09326249 0.3749299 -0.9223502 -0.09990155 -0.05707156 -0.9933592 -0.1020368 0.04920506 -0.9935631 -0.9720799 -0.05902564 -0.2271054 -0.9771329 -0.1182407 0.1767217 -0.0070616 0.3846461 0.9230372 0.05727744 0.315107 0.9473262 0 -0.5950514 0.8036877 0 -0.5520972 0.8337798 0 -0.5520923 0.8337831 0 -0.5076144 0.8615844 0 -0.5076167 0.861583 0 -0.461746 0.8870123 0 -0.4145988 0.9100044 0 -0.4146028 0.9100025 0 -0.3663191 0.9304893 0 -0.3663173 0.93049 0 -0.3170263 0.9484168 0 -0.3170279 0.9484163 0 -0.266864 0.9637342 0 -0.2668653 0.9637339 0 -0.2159641 0.9764014 0 -0.164478 0.9863808 0 -0.1644771 0.9863809 0 -0.1125297 0.9936484 0 -0.1125297 0.9936484 0 -0.06027579 0.9981818 0 -0.06027609 0.9981818 0 -0.007858932 0.9999691 0 -0.007858991 0.9999691 0 0.04458284 0.9990057 0 0.09690374 0.9952937 0 0.1489517 0.9888445 0 0.1489512 0.9888445 0 0.2005983 0.9796736 0 0.2005978 0.9796738 0 0.2516832 0.9678097 0 0.2516825 0.9678099 0 0.3020862 0.9532806 0 0.302087 0.9532804 0 0.3516484 0.9361323 0 0.3516483 0.9361323 0.5331134 0.299456 0.7912752 0.80563 0.223192 0.5487675 -0.003042995 0.3723729 0.9280782 0.9498519 0.2694371 0.1586988 0.4316831 0.7026538 -0.5656212 -0.4873738 -0.3881323 -0.7821894 0.05968505 -0.356471 -0.9323981 -0.1715464 -0.1375505 -0.9755265 -0.1271282 -0.120419 -0.9845495 -0.1000762 -0.1413372 -0.9848902 -0.08814638 -0.04374712 -0.9951465 -0.001471102 0.02444607 -0.9997001 -0.01280874 0.03048038 -0.9994533 -0.02900546 0.1136538 -0.993097 -0.07468485 0.2076455 -0.975349 -0.03770917 0.2837188 -0.9581658 0.0133602 0.3244823 -0.9457975 -0.03286457 0.3636351 -0.9309616 -0.02548068 0.4428555 -0.8962308 0.04377722 0.4568307 -0.8884758 -0.2485831 0.4072752 -0.878825 -0.3491665 0.4567234 -0.8182216 -0.4572259 -0.3337121 -0.8243669 -0.9324415 0.1228139 -0.3398082 -0.6358937 0.3480932 -0.6888182 -0.9666627 0.07034248 -0.2462013 -0.5679143 0.2445351 -0.7859237 0.06988197 0.315318 -0.9464097 -0.6608676 0.2304579 -0.7142431 0.9350434 0.06841236 -0.3478702 -0.7552804 0.0493735 -0.6535394 -0.2219793 0.1265981 -0.966798 -0.9828942 0.018332 -0.1832571 -0.7020102 -0.02124685 -0.71185 -0.9409505 -0.03057682 -0.3371606 -0.4562585 -0.1306002 -0.8802113 -0.9654946 -0.02784687 -0.2589301 -0.260117 -0.3154218 -0.9126052 -0.9752102 -0.002167761 -0.2212703 -0.2308918 -0.3383576 -0.9122518 0.001470625 0.5589803 -0.8291798 -0.001962006 0.4338051 -0.9010047 -0.00680679 0.03294527 -0.999434 6.50174e-5 0.3465389 -0.9380357 -3.01372e-6 -0.2844846 -0.9586806 0.2110362 0.9628836 -0.1682825 0.2281326 0.4936497 -0.8392053 0.736308 0.6475675 0.196232 0.09895783 -0.2567698 -0.9613932 0.06308501 -0.2641138 -0.9624263 0.9536252 0.07552295 -0.2913683 0.6793234 -0.1693983 -0.7140196 -0.6135661 0.2415834 -0.7517806 -0.3920301 0.8781051 0.2743065 -0.09884983 -0.3240066 -0.9408765 -0.6132929 0.5132183 -0.6003989 -0.04255604 -0.264705 -0.96339 -0.01668238 0.1571743 -0.98743 -0.5993752 0.2213639 -0.7692513 -0.443668 -0.7086519 -0.5486085 0.06134754 -0.9928856 -0.1020529 -0.7855047 -0.5930511 -0.176841 -0.02915787 -0.07444071 -0.9967992 -0.2710894 0.3918035 -0.8792046 -0.6492938 0.03701215 -0.7596367 -0.06668633 0.2635605 -0.9623351 0.2655375 -0.8894006 -0.3720974 0.7080622 -0.7006974 0.08758503 0.04200184 0.1556122 -0.9869249 0.1014835 0.3442034 -0.9333945 0.242628 0.4771488 -0.844666 0.1185504 0.1689169 -0.9784749 -0.07373809 -0.4292687 -0.9001618 -0.02975445 -0.1522307 -0.987897 0.0203256 0.4127868 -0.910601 0.113847 -0.6101669 0.7840505 0.1244558 0.2870025 -0.9498107 0.2411093 -0.8524782 -0.46384 0.2430074 -0.9483417 -0.2039498 -0.5152998 -0.5320197 -0.6718788 -0.8698191 -0.0717442 -0.4881265 0.2435342 -0.308938 -0.9193739 -0.02370989 -0.2736355 -0.9615412 -0.7369072 -0.4133823 -0.5348672 -0.1959477 -0.7511652 -0.6303614 0.6992582 -0.6600555 -0.2745264 0.2597197 -0.8426683 -0.4716523 0.7197922 0.1537705 -0.6769445 0.8215414 -0.1796624 -0.5411018 -0.716709 -0.6830102 -0.1408023 -0.3995537 -0.3784018 -0.8349664 -0.06821686 0.3569617 -0.9316248 -0.1398929 -0.5664688 0.8121227 0.008864939 0.3222972 -0.946597 -0.1462125 0.4553756 -0.8782113 -0.6704403 -0.3264802 -0.6662737 -0.7224594 -0.3629943 -0.5884621 0.1110044 0.3022332 -0.9467487 0.3382888 -0.6112151 0.7155257 0.2580838 -0.733943 -0.6282678 0.1723744 -0.9414873 -0.2896357 0.7733612 0.06662863 -0.6304547 0.1769453 0.3162782 -0.9320185 0.05652588 0.5883681 -0.8066151 0.01369911 0.4880474 -0.8727097 0.01484459 -0.5450479 0.8382735 0.2481906 0.4429633 -0.8615015 0.2847117 0.3591401 -0.8887957 -0.0110774 0.4004825 -0.9162374 0.02164363 0.357609 -0.9336206 0.007509231 0.2876303 -0.9577121 0.03833192 0.3027338 -0.9523041 0.1052865 0.1628842 -0.9810115 0.01234954 0.09742033 -0.9951667 0.006037712 0.005375921 -0.9999673 -0.01298946 4.50527e-4 -0.9999155 0.05512386 -0.0772826 -0.9954842 0.0355584 -0.1329064 -0.9904906 0.0118559 -0.1514664 -0.9883913 0.05339443 -0.18014 -0.9821908 0.1050159 -0.3709313 -0.9227035 -0.03024196 -0.3423447 -0.9390876 -0.01676398 -0.3332545 -0.9426879 0.5486997 -0.2680064 -0.7918973 0.6781604 -0.1363447 -0.7221556 0.2666009 0.1534242 -0.9515173 0.6422705 0.210143 -0.7371083 0.3339012 -0.2638687 -0.9049217 0.4190635 -0.08284682 -0.9041694 0.3596174 0.3539817 -0.8633495 0.8287095 -0.1835337 -0.5287306 0.5098013 -0.06308233 -0.8579763 0.6247527 0.05891615 -0.7785969 0.6118039 0.1882554 -0.7682813 0.4349334 -0.1900576 -0.8801767 0.9273636 -0.09617584 -0.3615897 0.5649808 0.2123824 -0.7973021 0.7766053 0.2147338 -0.5922614 0.6123644 0.3001741 -0.7313722 0.6964317 0.3277434 -0.63841 0.8622286 0.1038094 -0.4957675 0.7528969 -0.04091662 -0.6568654 0.9675214 -0.04076206 -0.2494812 0.9624813 -0.06643873 -0.263089 -0.9860287 -0.02824658 -0.1641637 0.9529458 -0.03086769 -0.3015654 0.8861306 0.04428142 -0.4613153 -0.957275 0.0549581 -0.2839091 -0.9997668 -0.01738107 0.01282322 0.9816971 0.06832736 -0.17777 0.9945666 0.02863377 -0.1000874 -0.4241175 -0.8345307 0.3516859 0.001998603 0.2871506 -0.9578834 -0.098073 0.4092467 -0.9071378 0.01709282 -0.09879755 -0.9949609 3.70403e-6 -0.2929518 -0.9561272 0.001681029 0.2651524 -0.9642051 4.87965e-4 0.5720106 -0.8202462 -0.005388021 0.5346586 -0.8450511 0.03184169 -0.3250158 -0.9451725 0.01610398 -0.239106 -0.97086 0.8820653 0.121136 -0.4552878 0.3751071 0.07977229 -0.9235427 -0.827202 -0.1531125 -0.5406417 -0.05729377 -0.3078632 -0.949704 -0.06380075 -0.3195483 -0.9454197 -0.3729578 0.7131322 -0.5935865 -0.1384733 -0.3556114 -0.924319 0.212489 0.6845653 -0.697294 -0.5086039 0.8514818 -0.1276753 -0.9343376 0.2109329 0.2872638 -0.4787486 0.663726 -0.5746892 -0.9850561 0.09124177 0.1460804 -0.2998064 0.6207158 -0.7244502 -0.7071059 -0.5263787 -0.4721512 -0.7071117 -0.5263722 -0.4721497 -0.7071062 -0.5263756 -0.4721543 -0.7051854 -0.475728 -0.5257343 -0.5467393 -0.6090851 -0.5745361 -0.6499156 -0.5167567 -0.5572902 -0.6781641 -0.4625613 -0.5710784 -0.650114 -0.437725 -0.6210867 -0.593468 -0.4300924 -0.680306 -0.6598702 -0.4256072 -0.6192172 -0.7146834 -0.3334235 -0.6148629 -0.6971691 -0.29522 -0.6532996 -0.6923714 -0.3007815 -0.6558601 -0.7009134 -0.2533352 -0.6667395 -0.6921594 -0.24032 -0.6805599 -0.7195284 -0.2140623 -0.6606484 -0.7007977 -0.2557225 -0.6659495 -0.7392363 -0.2874766 -0.6090048 -0.7302475 -0.2997139 -0.6139301 -0.7221858 -0.3566022 -0.592691 -0.7563605 -0.3756449 -0.5355463 -0.789071 -0.3709025 -0.4896921 -0.7498902 -0.4257797 -0.5063363 -0.720674 -0.4908538 -0.4895829 -0.7593111 -0.4991347 -0.4175061 -0.7657353 -0.496214 -0.4091712 -0.7222463 -0.5672561 -0.395703 -0.7238545 -0.5921171 -0.3541639 -0.7646541 -0.574833 -0.2913265 -0.7620729 -0.576693 -0.2943977 -0.7151412 -0.6440672 -0.2715704 -0.7099452 -0.6664797 -0.227558 -0.740047 -0.6473972 -0.1822291 -0.7294419 -0.6612234 -0.1752092 -0.7071778 -0.6944442 -0.1328414 -0.717851 -0.6876133 -0.1089863 -0.7001428 -0.7089541 -0.08476006 -0.7231325 -0.6907075 -0.00164175 -0.7596982 -0.6494963 -0.03183382 -0.7328106 -0.6802824 0.0143063 -0.7453631 -0.6638979 0.06060987 -0.79066 -0.6043337 0.09817057 -0.7797328 -0.6191947 0.09281641 -0.7215452 -0.6739669 0.1585597 -0.7075673 -0.674865 0.2095371 -0.7491314 -0.6098805 0.2585496 -0.7607399 -0.600665 0.2459195 -0.7320388 -0.6108679 0.3015953 -0.7427677 -0.5781708 0.3376607 -0.7684386 -0.5348851 0.3512837 -0.8155593 -0.4602729 0.3507306 -0.7485681 -0.5493563 0.3712864 -0.7023831 -0.5346032 0.4699548 -0.7153621 -0.5016245 0.4864462 -0.7064547 -0.4975835 0.5033214 -0.7076144 -0.4325402 0.5587405 -0.7723031 -0.4222769 0.4745845 -0.7362716 -0.4133583 0.5357602 -0.7377204 -0.3739802 0.5620564 -0.7758384 -0.3119218 0.5484337 -0.8132513 -0.2607311 0.5202324 -0.7875224 -0.2907177 0.5434074 -0.7288972 -0.2631931 0.6320114 -0.7191822 -0.2100229 0.6623197 -0.7751482 -0.1376031 0.6166124 -0.7150781 -0.1856764 0.6739345 -0.7030298 -0.09363991 0.7049686 -0.7361704 -0.04780757 0.6751056 -0.7294948 -0.04240465 0.6826707 -0.7141391 0.01782745 0.6997768 -0.7201852 0.02659678 0.6932719 -0.6988695 0.0681951 0.7119908 -0.7305581 0.1418307 0.6679588 -0.7584186 0.1186064 0.6408851 -0.7140808 0.1870788 0.6746038 -0.7393193 0.2359592 0.6306586 -0.7482078 0.2390885 0.6188876 -0.7091473 0.3038368 0.6362338 -0.716591 0.3438805 0.6068309 -0.770492 0.3589814 0.5267586 -0.7656283 0.3648524 0.5298075 -0.7270265 0.4280224 0.5368701 -0.7274068 0.4642698 0.5053048 -0.7539695 0.4771862 0.451468 -0.7850989 0.4657316 0.4083061 -0.7578462 0.5041492 0.4141291 -0.7204611 0.5722992 0.3916751 -0.7314358 0.5882996 0.3448265 -0.7779345 0.562896 0.2792238 -0.7623319 0.5848046 0.2772252 -0.7325164 0.6340362 0.2478263 -0.7419267 0.6400032 0.1998518 -0.7742883 0.6157884 0.1458852 -0.7566004 0.6333827 0.1624263 -0.7058404 0.6990278 0.1146716 -0.7077722 0.7046588 0.05014604 -0.7067326 0.7057499 0.04945892 -0.705155 0.7077541 0.04290157 -0.6415899 0.7610563 0.09568661 -0.6560631 0.7476531 0.1029376 -0.6949669 0.7043608 0.1445581 -0.6825285 0.7047658 0.1935463 -0.5944534 0.7563424 0.2730778 -0.6024376 0.7497777 0.273683 -0.6760959 0.6740911 0.2974821 -0.691908 0.6344323 0.3446145 -0.6772218 0.6372871 0.3677442 -0.7068169 0.5981456 0.3776662 -0.7070094 0.5719401 0.4159597 -0.7070118 0.5719537 0.4159366 -0.7068098 0.5436061 0.4526726 -0.7068019 0.5436164 0.4526726 -0.7068051 0.512767 0.4873362 -0.7068225 0.5127696 0.4873085 -0.7071117 0.4921532 0.5077188 -0.7071032 0.4921597 0.5077242 -0.739445 0.6445129 0.1944845 -0.7176468 0.6500452 0.2498487 -0.733646 0.6145697 0.2899442 -0.7694339 0.5559749 0.3144257 -0.718625 0.6220542 0.3108485 -0.708441 0.5870103 0.3918296 -0.7404047 0.5300005 0.4134012 -0.7062206 0.5764828 0.4109988 -0.7069678 0.5327127 0.4652029 -0.7069689 0.5327035 0.4652118 -0.7069746 0.5061271 0.4939864 -0.7069751 0.5061291 0.4939835 -0.7177879 0.6610326 0.2186698 -0.7145133 0.6665999 0.2124037 -0.6895378 0.6523709 0.3145629 -0.7034027 0.6352713 0.3188341 -0.6948137 0.5672096 0.4421623 -0.66776 0.5984749 0.4426336 -0.7064385 0.5049775 0.4959258 -0.6511076 0.4308866 0.6248165 -0.5316725 0.5268396 0.6631474 -0.6623861 0.3904334 0.6393798 -0.6765272 0.2870835 0.678155 -0.5747736 0.216078 0.7892691 -0.6924936 0.2411148 0.6799384 0 -0.7357301 -0.6772749 0 -0.7357303 -0.6772747 0 -0.6711014 -0.7413656 0 -0.6710838 -0.7413815 0 -0.6189388 -0.7854393 0 -0.6189391 -0.7854391 0 -0.5449544 -0.8384658 0 -0.4664402 -0.8845527 0 -0.4664403 -0.8845527 0 -0.3629725 -0.9317999 0 -0.3629646 -0.931803 0 -0.2547799 -0.9669992 0.00233066 -0.276728 -0.9609454 -5.8339e-4 -0.1657899 -0.9861609 0.001748025 -0.1207319 -0.9926837 -0.001746833 -0.05269908 -0.998609 0.001747965 0.0155667 -0.9998774 -0.001749098 0.08376187 -0.9964843 0.00174576 0.1515649 -0.9884458 -5.81938e-4 0.196403 -0.9805232 0.00116676 0.2628514 -0.9648357 -0.00116533 0.3064957 -0.9518713 5.81915e-4 0.3707258 -0.9287422 -5.83414e-4 0.3917955 -0.9200522 0.001166045 0.4536607 -0.8911737 0 0.4738417 -0.8806101 0 0.5328174 -0.8462304 -0.00116533 0.5519472 -0.8338783 5.81179e-4 0.607555 -0.7942775 -5.81935e-4 0.625499 -0.7802249 0.00116527 0.6772665 -0.7357369 0 0.6938486 -0.720121 0 0.7413477 -0.6711211 0 0.7413656 -0.6711015 0 0.7854499 -0.6189253 0 0.78545 -0.6189252 0 0.8258621 -0.5638723 0 0.8258291 -0.5639205 0 0.8737039 -0.4864581 0 0.873704 -0.4864581 0 0.914312 -0.4050106 0 0.914321 -0.4049906 0 0.9543988 -0.2985349 0 0.9544056 -0.2985132 0 0.9775937 -0.2105009 0 0.9775937 -0.2105008 0 0.9951736 -0.09813022 0 0.9951759 -0.09810668 0 0.9999743 -0.007178544 -0.001747369 0.9998775 0.01555776 5.82853e-4 0.9943208 0.1064231 -5.82852e-4 0.9916381 0.1290484 0.001165688 0.9805226 0.1964031 -0.00116527 0.970574 0.2408004 5.82664e-4 0.9518713 0.3064978 -5.82294e-4 0.9446414 0.3281042 0.001748025 0.9108981 0.4126278 0 0.9012639 0.4332707 0 0.8581565 0.5133883 0 0.8581357 0.5134229 0 0.7942818 0.6075497 0 0.7942705 0.6075644 0 0.7357301 0.6772749 0 0.7357303 0.6772747 0 0.6710661 0.7413976 -0.00116682 0.6540584 0.7564432 5.83398e-4 0.6009048 0.7993204 -5.8489e-4 0.5825522 0.8127932 0.00116384 0.5257145 0.8506603 0 0.5062199 0.8624045 0 0.4461885 0.8949391 -0.00116676 0.4257088 0.9048595 5.82674e-4 0.3629619 0.9318038 -5.83394e-4 0.3416497 0.9398273 0.001164555 0.2767285 0.9609475 0 0.2547805 0.966999 0 0.1881854 0.9821336 0 0.1881855 0.9821335 0 0.09810918 0.9951757 0 0.09810692 0.995176 0 0.007205426 0.9999741 0 0.007205247 0.9999741 0 -0.08376342 0.9964857 0 -0.08376348 0.9964857 0 -0.1740303 0.9847403 0 -0.2628576 0.9648346 0 -0.2628638 0.964833 0 -0.370734 0.9287391 0 -0.3707342 0.928739 0 -0.4536612 0.8911744 0 -0.4536709 0.8911694 0 -0.5328043 0.8462386 0 -0.5328044 0.8462384 0 -0.5893169 0.807902 0 -0.589334 0.8078896 0 -0.6431043 0.7657787 0 -0.6430693 0.7658081 0 -0.6938484 0.7201212 0 -0.6938308 0.7201381 0 -0.7413736 0.6710926 0 -0.7413737 0.6710925 0 -0.7854499 0.6189253 0 -0.7854328 0.6189471 0 -0.8258455 0.5638965 0 -0.8258457 0.5638963 0 -0.8736981 0.4864685 0 -0.8736984 0.4864683 0 -0.914316 0.4050015 0 -0.9143248 0.4049816 0 -0.9544045 0.2985168 0 -0.9543977 0.2985383 0 -0.9775986 0.2104783 0 -0.9775888 0.2105235 0 -0.9951759 0.0981068 0 -0.9951759 0.09810668 0 -0.9999741 0.007202267 -0.00174731 -0.9998769 -0.01559317 5.82662e-4 -0.9943234 -0.1063984 -5.82853e-4 -0.9916412 -0.1290251 0.001165688 -0.9805221 -0.1964054 0 -0.9758018 -0.2186571 0 -0.9586006 -0.2847542 -0.001166045 -0.9518709 -0.3064975 5.82291e-4 -0.9287337 -0.370747 -5.82665e-4 -0.9200554 -0.3917878 0.001166045 -0.8911794 -0.4536497 0 -0.8806213 -0.473821 0 -0.8462255 -0.5328251 0 -0.7942703 -0.6075646 0 -0.7942819 -0.6075494 0 0.6677255 -0.7444076 0 0.6677243 -0.7444088 -1 3.05633e-7 0 -1 -1.24411e-6 0 -1 2.40866e-7 0 -1 1.48857e-7 0 -1 0 0 -1 -2.02949e-7 1.26682e-7 -1 2.44437e-7 0 -1 7.38424e-7 0 -1 -3.2947e-7 0 -1 -4.3209e-7 0 -1 -5.15448e-7 0 -1 1.59242e-7 0 -1 5.12372e-7 0 -1 2.76201e-7 0 -1 -3.65524e-6 0 -1 -1.63299e-7 0 -0.9976119 -0.04613649 0.05140024 -0.9949662 -0.06902664 0.07264858 -0.9787158 -0.136095 0.1536025 -0.9670352 -0.1722201 0.1875719 -0.9315886 -0.2408965 0.2722344 -0.9081417 -0.281053 0.310303 -0.849518 -0.3499761 0.3947609 -0.8216584 -0.3819276 0.4230943 -0.7510691 -0.4392638 0.4928921 -0.7223473 -0.4634173 0.5132825 -0.6574091 -0.5029841 0.5610884 -0.6396897 -0.5132424 0.5721709 -0.5700139 -0.549992 0.6104039 -0.5519109 -0.5561596 0.621354 -0.4344096 -0.602352 0.6696718 -0.3870744 -0.6115801 0.6900312 -0.2546302 -0.6475854 0.7181899 -0.2046228 -0.6520984 0.7299982 -0.1001619 -0.6669552 0.7383349 -0.06305402 -0.666396 0.7429271 -0.7064032 -0.470048 0.529197 -0.7510678 -0.4426882 0.4898208 -0.8111096 -0.3887317 0.4370229 -0.8495126 -0.3549066 0.3903458 -0.8906125 -0.3029491 0.3391629 -0.9315882 -0.2448138 0.2687187 -0.9436045 -0.2209253 0.2465823 -0.9787167 -0.137305 0.1525159 -0.9795068 -0.134421 0.149992 -0.9976789 -0.04555052 0.05061757 0 -0.6677258 0.7444074 0 -0.667725 0.7444081 0 -0.6677259 0.7444073 0.9976695 -0.04435586 0.05184775 0.9990481 -0.02904713 0.03254491 0.9992291 -0.02622437 0.02921736 0.9923209 -0.08260869 0.0920608 0.9923208 -0.08242172 0.09222888 0.9670496 -0.1704307 0.1891258 0.9635121 -0.1779109 0.1999807 0.9153003 -0.2695063 0.2993187 0.9062947 -0.2808742 0.3158157 0.8216627 -0.3817543 0.4232426 0.829542 -0.3751991 0.4136254 0.7449892 -0.4457932 0.4962454 0.7223489 -0.4639105 0.5128344 0.6744983 -0.4922435 0.5502259 0.5983386 -0.5358333 0.5957128 0.5796517 -0.5436204 0.6070263 0.5112726 -0.5744299 0.6392423 0.4945748 -0.5797761 0.6474995 0.3947402 -0.6140949 0.6834235 0.3499678 -0.623106 0.6994723 0.2546313 -0.6475854 0.7181895 0.2046244 -0.6520974 0.7299985 0.1001591 -0.6669554 0.7383351 0.06305325 -0.6663959 0.7429273 0.9756904 -0.1440235 0.1651834 0.9635104 -0.1802843 0.197852 0.9176746 -0.2632165 0.2976418 0.9062956 -0.2828462 0.3140481 0.8365721 -0.3655287 0.408088 0.8295494 -0.373381 0.4152523 0.7554789 -0.4369863 0.4881542 0.7449876 -0.4459004 0.4961514 0.6806635 -0.4887531 0.5457268 0.6754671 -0.4923761 0.5489171 0.9930683 -0.07856822 0.08742111 1 0 0 1 -3.43186e-7 0 1 2.94983e-7 0 1 1.33928e-7 0 1 -1.21266e-7 0 1 0 0 1 -2.02949e-7 1.26682e-7 1 0 0 1 -2.45753e-7 0 1 -9.81779e-7 0 1 9.30927e-7 0 1 -9.0012e-7 0 1 1.573e-7 0 1.3158e-4 0.7248576 0.6888988 -3.32901e-4 0.7287382 0.6847923 5.82007e-4 0.7706058 0.6373119 2.92662e-4 0.7684506 0.6399091 -4.06019e-4 0.8001701 0.5997731 2.56567e-4 0.8087478 0.5881556 -2.44744e-4 0.8225353 0.568714 6.94582e-4 0.8455617 0.5338775 3.51657e-5 0.8500084 0.5267692 -5.35405e-5 0.8782134 0.478269 5.61566e-5 0.8787372 0.477306 -5.47861e-5 0.91452 0.4045408 3.55657e-5 0.914871 0.4037466 -3.73537e-5 0.939111 0.3436141 3.68134e-5 0.9393696 0.3429065 -3.67316e-5 0.9641538 0.2653443 1.99666e-5 0.9642988 0.2648168 -2.42801e-5 0.9794982 0.2014528 1.77831e-5 0.9795856 0.2010277 -1.16698e-5 0.9906116 0.1367067 7.95333e-6 0.9906559 0.1363855 -6.76859e-6 0.9961485 0.08768355 0.001822888 0.9981662 0.06050682 -1.04293e-5 0.9992391 0.03900372 0.0848155 -0.6638332 0.7430558 0.06541711 -0.6662954 0.742813 0.09387648 -0.6669575 0.7391582 0.1952063 -0.6548891 0.7300786 0.2141005 -0.6505515 0.7286589 0.3624202 -0.6248678 0.6915142 0.4061941 -0.6085683 0.6816532 0.5255427 -0.57031 0.6313093 0.5763487 -0.5411054 0.6123946 0.6593531 -0.5019495 0.5597323 0.763994 -0.4256977 0.4848657 0.7526261 -0.4366816 0.4928116 0.8410512 -0.3628085 0.4012517 0.8686058 -0.3280263 0.3713795 0.9187864 -0.2643846 0.2931421 0.9327925 -0.2398176 0.2690463 0.9550207 -0.1993914 0.2194963 0.9651375 -0.1745835 0.1950133 0.980786 -0.1304582 0.1450503 0.9821622 -0.1254268 0.140092 0.9930684 -0.07861876 0.08737492 0.9935656 -0.07555842 0.08437019 0.9992845 -0.02532821 0.02808946 0.9991971 -0.02670985 0.02986079 0.9997644 -0.01489269 0.01579654 0.1952297 -0.6539007 0.7309579 0.2389377 -0.6505776 0.7208728 0.3624104 -0.619786 0.6960777 0.3937782 -0.6138855 0.6841662 0.5241891 -0.5661807 0.6361331 0.5255461 -0.565442 0.6356703 0.624576 -0.5221832 0.5807147 0.6593499 -0.5006927 0.5608606 0.6980537 -0.4785113 0.5326801 0.7640119 -0.4296715 0.4813193 0.7868531 -0.4136413 0.4579989 0.8410478 -0.3594149 0.4043013 0.8805603 -0.3209897 0.3486823 0.918782 -0.2631469 0.2942676 0.9477936 -0.214242 0.2361943 0.9550244 -0.1977761 0.2209372 0.9807843 -0.1313755 0.1442313 0.9787697 -0.1373134 0.1521671 0.9930679 -0.07847005 0.08751481 0.9935876 -0.07568824 0.08399415 0 -0.6677249 0.7444082 -0.9992845 -0.02525556 0.0281561 -0.9969185 -0.05337035 0.05749177 -0.9935659 -0.07566362 0.08427321 -0.9821586 -0.1272438 0.1384687 -0.9855553 -0.1134234 0.1257617 -0.9651368 -0.1745865 0.1950144 -0.9440875 -0.223033 0.2428072 -0.9195235 -0.2605099 0.2942979 -0.8808752 -0.3180966 0.3505331 -0.8459258 -0.3532717 0.3995107 -0.8012458 -0.4002982 0.4447097 -0.7569471 -0.434934 0.4877127 -0.7343103 -0.4534271 0.5051656 -0.6375604 -0.5139608 0.5739 -0.6593386 -0.4983921 0.5629193 -0.5555658 -0.5560859 0.6181547 -0.507915 -0.5722916 0.6438205 -0.4186571 -0.6083717 0.6742479 -0.3491609 -0.6236585 0.6993831 -0.2965276 -0.6383909 0.7103018 -0.196844 -0.6525708 0.731713 -0.1695077 -0.6580806 0.7336192 -0.06599575 -0.6662257 0.7428243 -0.07839053 -0.6646757 0.7430082 -0.03679746 -0.6672728 0.7439039 -0.9979724 -0.04236799 0.04750049 -0.9834914 -0.1211974 0.1343725 -0.9855536 -0.1145221 0.1247751 -0.9440944 -0.2194647 0.2460103 -0.9315688 -0.2458608 0.267829 -0.880876 -0.3152188 0.3531213 -0.8573694 -0.3468661 0.3802654 -0.8012461 -0.3985787 0.4462509 -0.764867 -0.4313719 0.4784318 -0.7343146 -0.4528245 0.5056995 -0.6980572 -0.4785095 0.532677 -0.6593506 -0.5006904 0.5608619 -0.6245791 -0.5221811 0.5807133 -0.5555649 -0.5535469 0.6204302 -0.5449786 -0.5591605 0.6247704 -0.4383796 -0.5998176 0.6693596 -0.4186446 -0.6045652 0.6776708 -0.3482399 -0.6266476 0.697167 -0.2965382 -0.6363123 0.7121599 -0.2309359 -0.6508923 0.7231928 -0.1694892 -0.6571782 0.734432 -0.1344751 -0.6622936 0.7370778 5.68088e-6 0.9974563 0.07128089 -0.001890897 0.9940954 0.1084937 1.17829e-5 0.9906116 0.1367067 -1.02927e-5 0.9827526 0.1849251 1.49813e-5 0.9826736 0.1853446 -2.46464e-5 0.9685178 0.2489444 2.94648e-5 0.968379 0.249484 -2.43346e-5 0.9501141 0.3119025 4.36625e-5 0.9498981 0.3125597 -4.11806e-5 0.9213624 0.388705 4.16143e-5 0.9210376 0.389474 -4.05582e-5 0.8939223 0.4482219 6.10505e-5 0.8934591 0.4491446 -6.23962e-5 0.8542057 0.5199353 -0.00157535 0.8619993 0.506907 9.19049e-5 0.8344362 0.5511046 -8.50092e-4 0.8182787 0.574821 5.47688e-4 0.8062674 0.5915511 -2.92662e-4 0.7684508 0.639909 9.0892e-4 0.7593663 0.6506628 -2.60759e-4 0.7248636 0.6888924 4.69508e-4 0.7178716 0.6961754 0.7071117 0.4921532 0.5077188 0.707102 0.4921624 0.5077233 0.04398202 0.6673151 -0.7434757 0.03986215 0.6673824 -0.7436476 0.9979832 0.04238802 -0.0472536 0.9947464 0.06695175 -0.07744151 0.985139 0.1149579 -0.1276165 0.9655882 0.1719915 -0.1950854 0.9524275 0.2036049 -0.2267751 0.9041479 0.2849318 -0.3183245 0.910446 0.2751193 -0.3088652 0.862506 0.3379847 -0.3766297 0.824243 0.3769281 -0.4225504 0.813043 0.3882739 -0.4338255 0.745225 0.4455309 -0.496127 0.7231494 0.4602941 -0.5149605 0.6683344 0.4970181 -0.5534457 0.6034618 0.5312613 -0.594639 0.5820074 0.5427243 -0.6055723 0.4885124 0.5828977 -0.6492965 0.4682603 0.5893225 -0.658355 0.3612384 0.6232888 -0.6935545 0.321017 0.6315106 -0.7057921 0.2406677 0.6486018 -0.7220768 0.1918438 0.6548204 -0.731031 0.1241413 0.6629756 -0.7382767 0.08592832 0.6650612 -0.7418287 0.01404029 0.6676354 -0.744356 -0.5943292 -0.6029994 -0.5321322 -0.4774754 -0.6533248 -0.5875237 -0.1080209 -0.740211 -0.6636408 -0.08761537 -0.7415925 -0.6651045 -0.0121864 -0.8719093 -0.4895159 -0.2860608 -0.7154043 -0.6374683 -0.6691303 -0.5475028 -0.5024993 -0.9355781 -0.2628657 -0.2357869 0 -0.6278434 0.7783397 0 -0.6278509 0.7783337 -1.76993e-5 -0.6278381 0.778344 0 -0.627844 0.7783393 0 -0.6278612 0.7783254 0 -0.6278544 0.7783309 0 -0.6278512 0.7783335 -1.02107e-4 -0.6291788 0.7772607 -1.40423e-7 -0.6278532 0.7783318 4.71601e-7 -0.6278531 0.7783319 0 -0.6278522 0.7783326 0 -0.627851 0.7783337 6.72396e-5 -0.62785 0.7783344 -2.30345e-7 -0.6278502 0.7783342 0 -0.6278468 0.778337 -1.73363e-7 -0.6278511 0.7783336 0.6010107 -0.6115738 -0.5145519 0.7119045 -0.5260427 -0.4652646 0.366505 -0.6889827 -0.6252816 0.2743375 -0.715848 -0.6421064 0.7137246 -0.5214021 -0.4676934 0.2743535 -0.7158467 -0.6421011 0.2584547 -0.7272271 -0.6358789 0.01690083 -0.7444513 -0.6674629 0.9672431 -0.1889688 -0.1695042 -0.05794996 0.6663036 -0.7434254 -0.9963002 0.0582959 -0.06314653 -0.999195 0.02678918 -0.02986425 -0.01960879 0.6686312 -0.7433357 -0.1125423 0.6628838 -0.7402157 -0.1567147 0.6598351 -0.7348867 -0.2180365 0.6511468 -0.726958 -0.2581902 0.6456099 -0.7186972 -0.3210207 0.6321988 -0.705174 -0.350825 0.6255905 -0.6968201 -0.3959149 0.612937 -0.6837834 -0.4284172 0.6036644 -0.6723452 -0.4917227 0.5809704 -0.6486002 -0.5101584 0.5744476 -0.6401159 -0.6001166 0.533757 -0.5957882 -0.6034618 0.5318837 -0.5940822 -0.7070037 0.4726321 -0.5260843 -0.7231484 0.460626 -0.5146651 -0.7892734 0.4104554 -0.4566992 -0.8242427 0.3768333 -0.4226355 -0.8516 0.3499517 -0.3902708 -0.9016716 0.2884294 -0.3221752 -0.9041467 0.2847137 -0.3185231 -0.9447765 0.2193329 -0.2434961 -0.9608049 0.1839233 -0.207428 -0.9810065 0.1301063 -0.1438708 -0.9891957 0.09763652 -0.1093578 0.04934722 -0.763687 0.643698 0.1696991 -0.5253405 0.8337984 0.2196735 -0.5012621 0.8369469 0.2018072 -0.4956294 0.8447635 0.1874464 -0.470024 0.8625204 0.2216773 -0.4392817 0.8705694 0.2196474 -0.4401723 0.8706339 0.1710387 -0.4158025 0.8932268 0.1709426 -0.387349 0.9059467 0.2204799 -0.353493 0.9090828 0.2235819 -0.3546413 0.9078771 0.1999691 -0.3274544 0.9234641 0.2165352 -0.2970078 0.9299994 0.2452143 -0.2799156 0.9281795 0.2075318 -0.2679738 0.9408085 0.1758522 -0.2395876 0.9548161 0.1917051 -0.2086365 0.9590203 0.2674394 -0.1680466 0.9488079 0.2700807 -0.1748126 0.9468353 0.2873418 -0.144023 0.9469383 0.2600783 -0.163002 0.9517299 0.1237285 -0.1180999 0.9852633 0.1155526 -0.08696311 0.9894874 0.1872365 -0.05500257 0.9807739 0.1905151 -0.05428278 0.9801824 0.1813654 -0.0239762 0.9831235 0.04133218 0.1982774 -0.9792742 0.02023577 0.001267194 0.9997944 0.01779127 0.0429728 0.9989178 0.5473221 0.03993505 0.8359687 0.8662445 0.002975761 0.4996116 0.8377252 -0.2283873 0.4960402 0.8405443 -0.1511955 0.5202165 0.8773004 -0.1091452 0.4673665 0.8754584 -0.07050549 0.4781231 0.8400541 -0.04690653 0.5404711 0.8615559 -0.01037985 0.5075566 0.8559125 0.03428351 0.5159829 0.8639916 0.05601412 0.5003809 0.02135372 0.07811295 0.9967158 0.5949801 -0.2031475 0.7776437 0.6140736 -0.1386483 0.776975 0.5321775 -0.4251195 0.7321615 0.5426941 -0.3038619 0.7830398 0.5152376 -0.4515952 0.7284175 0.4914852 -0.3267238 0.8072755 0.5419704 -0.2318847 0.8077734 0.5738683 -0.2113355 0.7912096 0.5236554 -0.01545602 0.85179 0.5106732 0.004137098 0.8597649 0.4276722 -0.4092146 0.8060025 0.3737324 -0.1296398 0.9184322 0.374037 -0.07405197 0.9244527 0.7936622 -0.2560826 0.5518351 0.7752134 -0.06043589 0.6288019 -0.9967777 -0.04831266 0.06403189 -0.9995115 -0.01119029 -0.02917921 -0.9951844 -0.03605484 0.09114927 -0.9992492 -0.00696069 0.03811311 -0.9838665 -0.01911032 0.1778809 -0.9669378 -6.25381e-4 0.2550116 -0.9761281 0.01925349 0.2163409 -0.996359 0.02132499 0.082547 -0.9996687 -0.02541512 0.004066288 -0.9964473 0.05710011 0.06190788 -0.0308479 0.4474246 0.8937895 -0.9352184 -0.1849241 0.3019431 -0.8299525 -0.1888481 0.5248954 -0.9097757 -0.1795922 0.3742391 -0.8768075 -0.08118563 0.4739384 -0.8637856 -0.09337186 0.4951326 -0.8772292 0.1284941 0.4625563 -0.8921237 0.1587826 0.4229698 -0.7990755 -0.2634081 0.5404577 -0.7815141 -0.2511743 0.571093 -0.7186158 0.08480036 0.6902176 -0.6941247 0.1874001 0.6950339 -0.5931715 0.1814565 0.7843604 -0.6054466 -0.3971127 0.6897362 -0.6454461 -0.1717031 0.7442564 -0.6800976 -0.07885432 0.7288685 -0.708015 -0.01196551 0.706096 -0.6430298 0.02403205 0.765464 -0.7223103 0.08516126 0.6863057 -0.4737185 0.3608115 0.8033715 -0.6134199 0.2955934 0.7323529 -0.6081967 -0.4348102 0.6641061 -0.6290523 -0.2533625 0.7349154 -0.6460905 -0.05270653 0.7614389 -0.5787768 -0.2410765 0.7790375 -0.01621252 -0.5478884 0.8363944 -0.02017986 0.4654701 -0.8848336 -0.2416974 -0.5167728 0.8212967 -0.2213054 -0.4926567 0.8416135 -0.3384945 -0.4226376 0.8407134 -0.3902806 -0.4394318 0.8090617 -0.3781646 -0.4155555 0.8272275 -0.406871 -0.3810032 0.8302366 -0.4148135 -0.3821966 0.8257455 -0.3762686 -0.3620396 0.8528478 -0.3757486 -0.3670164 0.8509477 -0.2164071 -0.3525147 0.9104402 -0.1672577 -0.3263539 0.9303322 -0.243929 -0.2744148 0.9301587 -0.3355123 -0.2831958 0.8984608 -0.2496004 -0.2613761 0.9324067 -0.2354843 -0.2322204 0.9437271 -0.3685521 -0.155314 0.9165408 -0.4375292 -0.1867784 0.879592 -0.4303671 -0.1753938 0.8854497 -0.3376323 -0.1659253 0.9265384 -0.2372193 -0.1405299 0.961238 -0.2160971 -0.1102259 0.9701301 -0.3073918 -0.06253188 0.9495262 -0.3923422 -0.07451218 0.9167964 -0.2846406 -0.04701155 0.9574809 -0.2459558 -0.01650154 0.9691407 -0.03766149 0.2271128 -0.97314 -0.02359408 0.0363329 0.9990612 -0.02137935 0.04296982 0.9988477 -0.01607155 0.07456594 0.9970867 -0.01646012 0.1065729 0.9941686 -0.02917981 0.1642217 0.9859918 -0.04966169 -0.3979203 -0.9160749 -0.3248441 0.1648419 0.9312913 -0.3355886 0.2036454 0.9197331 -0.4237178 0.2263151 0.877066 -0.02055042 0.3262131 0.9450729 -0.02837949 0.2915282 0.9561412 -0.02755713 0.3208486 0.9467296 -0.0330888 0.3532009 0.9349623 -0.04424929 0.3794831 0.92414 -0.04063653 0.3867452 0.9212908 -0.03229612 0.4196594 0.907107 0.0593183 -0.8404641 0.5386106 -0.001089394 -0.2327792 -0.9725291 -1.60532e-4 -0.3185337 -0.9479116 -0.006197154 -0.3517012 -0.9360918 0.001641988 -0.4172638 -0.9087839 -0.004979014 -0.5268451 -0.8499467 -0.6652386 -0.5744236 -0.4769645 -9.21087e-4 -0.7988075 -0.6015862 9.12366e-4 -0.8312047 -0.5559659 -0.003090918 -0.9499821 -0.3122895 0.5231348 -0.6762913 -0.5186137 0.3208911 -0.9451693 0.060696 0.01217979 -0.8706265 -0.4917941 0.004719793 -0.993824 0.1108685 0.001266896 -0.973722 0.2277366 0 -0.7444078 -0.6677253 0.004263579 0.9941594 -0.1078389 1.0433e-4 -0.9991797 -0.04049819 0.002621054 -0.9514756 -0.3077131 -0.6932812 -0.5154651 -0.5036437 6.15867e-4 -0.8084827 -0.5885196 -0.001251161 -0.9202295 0.3913774 0.02056425 -0.4928436 0.8698748 2.78513e-7 -0.7115541 0.7026314 -0.1312745 0.9911656 0.01891267 -0.05765253 -0.9337811 0.35317 -0.9891999 -0.1434039 0.0303151 -9.41854e-4 -0.7092932 0.704913 -0.6025916 -0.6208912 -0.5013757 -0.02940988 -0.6802936 0.7323495 0.008872091 -0.8841748 0.4670721 2.21421e-5 -0.7444134 -0.6677191 1.86619e-6 -0.7444101 -0.6677227 -6.66645e-6 -0.7444157 -0.6677165 2.33413e-6 -0.744407 -0.6677262 7.67114e-5 -0.7441666 -0.6679942 0 -0.7444139 -0.6677185 0 -0.7444127 -0.6677198 -1.5789e-5 -0.7444046 -0.6677289 3.08977e-4 -0.7444793 -0.6676455 0 -0.7443851 -0.6677505 -5.84089e-5 -0.7444216 -0.66771 4.18738e-5 -0.7444114 -0.6677213 -1.70897e-6 -0.7444077 -0.6677254 -1.93081e-7 -0.7444075 -0.6677256 7.22217e-6 -0.7444165 -0.6677156 3.66983e-6 -0.7444171 -0.667715 0 -0.7441835 -0.6679754 -7.60907e-5 -0.7443974 -0.667737 0 -0.7442648 -0.6678848 0 -0.7444097 -0.6677232 1.33331e-5 -0.7444122 -0.6677204 7.531e-6 -0.7444094 -0.6677235 -1.01243e-5 -0.7444084 -0.6677246 3.88586e-6 -0.7444065 -0.6677268 0 -0.7444106 -0.6677221 -2.20909e-5 -0.7444131 -0.6677194 -7.22217e-6 -0.7444165 -0.6677156 -3.66983e-6 -0.7444162 -0.6677159 1.5789e-5 -0.7444061 -0.6677272 -2.6553e-4 -0.7444732 -0.6676524 2.67414e-5 -0.7443867 -0.6677488 5.84102e-5 -0.7444087 -0.6677243 -4.58e-5 -0.7444105 -0.6677224 0.2422132 -0.6478418 0.7222423 0.2776397 -0.6481249 0.7091194 0.4056291 -0.6031017 0.6868286 0.454663 -0.6016985 0.6566891 0.5570378 -0.5477387 0.6242526 0.6523044 -0.5215668 0.54997 0.7430531 -0.440275 0.5040138 0.8322599 -0.3916006 0.3924185 0.8811205 -0.3025644 0.3634302 0.9610189 -0.1951917 0.1958134 0.9783054 -0.1213555 0.1679028 0.9979344 -0.04447126 0.04636019 -0.2398743 -0.766368 0.5959368 -0.04082667 -0.5616307 0.8263802 -0.8562158 -0.385477 -0.3439509 0.7049401 -0.5837667 -0.402835 0.1366765 -0.7349614 0.6641923 0.03065514 -0.6431478 0.7651283 0.2971354 -0.8213481 0.4869271 -0.9979366 -0.04287385 0.04779636 -0.9934591 -0.06642073 0.09288406 -0.9741627 -0.1511526 0.1678092 -0.9594136 -0.1732243 0.2225288 -0.9182808 -0.2708935 0.288751 -0.8480361 -0.3437857 0.4032943 -0.7979258 -0.4126752 0.4393332 -0.7430534 -0.4402742 0.504014 -0.6523041 -0.5215675 0.5499697 -0.5570368 -0.5477388 0.6242533 -0.4546629 -0.6016986 0.656689 -0.4056291 -0.6031017 0.6868286 -0.2776397 -0.6481248 0.7091195 -0.2422138 -0.6478415 0.7222422 0.6912249 0.6768965 0.2530204 0.6930357 0.6757631 0.2510893 0.7067911 0.6132582 0.3526483 0.6909233 0.6179118 0.3752467 0.7214608 0.5429118 0.4298154 0.6573712 0.5289362 0.53674 0.6805021 0.4968944 0.5385286 0.6964862 0.4181503 0.5831444 0.6189814 0.3772066 0.6888957 0.6693642 0.3284471 0.6663889 0.7054767 0.2063326 0.6780336 0.7113692 0.6759889 0.1923357 0.7266827 0.6499025 0.2226186 0.7694525 0.5864601 0.2529969 0.7886952 0.5696872 0.2311198 0.7394394 0.6034535 0.2984514 0.7176417 0.5997551 0.3539553 0.7336425 0.5581247 0.387641 0.7395878 0.5485072 0.3900638 0.7067324 0.5497141 0.445358 0.7067307 0.5153436 0.4847192 0.7067316 0.5153364 0.4847257 0.674168 0.7342165 0.08014726 0.5545926 0.819549 0.1441061 0.5793047 0.8010513 0.1507414 0.6552143 0.7316574 0.1880741 0.666709 0.708132 0.2324831 0.6081148 0.7314299 0.308556 0.6854021 0.6842448 0.2490645 0.7143953 0.6255086 0.3136534 0.6992757 0.6281625 0.3412118 0.7106422 0.6009827 0.3657972 0.7030684 0.6012906 0.3796638 0.7144022 0.5725854 0.4022131 0.6935364 0.5705011 0.4399271 0.7068089 0.5436055 0.4526747 0.6825432 0.5297603 0.503477 0.7063986 0.5236089 0.4762717 0.7069745 0.7063557 0.03533655 0.7276888 0.6829709 0.06340229 0.7077732 0.7046577 0.0501461 0.7058404 0.6990278 0.1146716 0.7565979 0.6333853 0.162427 0.7742865 0.6157906 0.1458848 0.7419267 0.6400032 0.1998518 0.7350667 0.6356974 0.235724 0.7521904 0.6002839 0.2717882 0.7778785 0.5629562 0.2792587 0.7498818 0.5821124 0.3143607 0.7196083 0.5797985 0.3820964 0.7370465 0.5369356 0.4104419 0.7977091 0.4452473 0.4067126 0.7757452 0.474511 0.4160034 0.7272338 0.473169 0.4972346 0.7270265 0.4280224 0.5368701 0.7656304 0.364846 0.5298089 0.7704923 0.3589802 0.5267589 0.7165914 0.3438787 0.6068313 0.7091469 0.3038386 0.6362334 0.7482048 0.2390893 0.6188909 0.7537628 0.2410193 0.6113522 0.7210704 0.2084059 0.6607757 0.7296472 0.1595569 0.6649487 0.7843717 0.09147 0.6135097 0.7583873 0.1116401 0.6421723 0.7096157 0.04258412 0.703301 0.7414535 -0.01813393 0.6707592 0.8069751 -0.06750518 0.5867148 0.7158855 -0.03179031 0.6974937 0.6867788 -0.1930681 0.7007565 0.8028994 -0.1093922 0.5859915 0.7549309 -0.1651539 0.6346681 0.7213772 -0.2208561 0.6563822 0.7288975 -0.2631912 0.6320117 0.7875226 -0.2907176 0.5434076 0.8132502 -0.2607358 0.5202317 0.7758377 -0.3119243 0.5484333 0.7377204 -0.3739802 0.5620564 0.7362728 -0.4133551 0.5357611 0.7723031 -0.4222769 0.4745845 0.7420083 -0.4278596 0.5161007 0.707091 -0.5058603 0.4940929 0.7274314 -0.523212 0.4439513 0.7911319 -0.4983118 0.3546772 0.7887132 -0.5017237 0.3552533 0.7451049 -0.5699427 0.3463873 0.7349314 -0.602722 0.3108087 0.7471126 -0.6059495 0.2732182 0.7844032 -0.5818805 0.2147716 0.7327843 -0.6264895 0.2655904 0.7072915 -0.6786925 0.197776 0.7356328 -0.6619933 0.1435593 0.7514185 -0.6476619 0.1261121 0.7229159 -0.683829 0.09884661 0.7231109 -0.6888651 0.05074924 0.7714551 -0.6362218 -0.008894085 0.7366304 -0.6761835 0.01231485 0.7071123 -0.7046086 -0.0593208 0.7307471 -0.6745676 -0.1047256 0.7642928 -0.6313822 -0.1311988 0.7499841 -0.6449312 -0.1469272 0.7337921 -0.6502156 -0.1968981 0.7622381 -0.6007574 -0.2410058 0.7809953 -0.5738385 -0.2464864 0.7297632 -0.6098565 -0.3090646 0.7197356 -0.5894659 -0.366757 0.7529425 -0.5330826 -0.3858765 0.7949179 -0.4692863 -0.3845466 0.7854174 -0.474767 -0.3971348 0.7451174 -0.4803854 -0.4626339 0.7374782 -0.4436369 -0.5092271 0.7403506 -0.4386489 -0.5093802 0.7041471 -0.4278389 -0.5666841 0.7106582 -0.3628487 -0.6027485 0.7267215 -0.3644043 -0.5823104 0.7070865 -0.3322612 -0.6242045 0.7375053 -0.2643364 -0.6214599 0.7370113 -0.2642241 -0.6220934 0.7073726 -0.2270205 -0.6693921 0.6976446 -0.2432463 -0.6738867 0.6800707 -0.2583421 -0.6861219 0.7069938 -0.2840232 -0.6476809 0.7069993 -0.3161429 -0.6326183 0.7146806 -0.3230863 -0.6203603 0.6833043 -0.4135759 -0.6017062 0.6101297 -0.4233813 -0.669694 0.6736588 -0.4457073 -0.5895159 0.6620369 -0.5003358 -0.5580065 0.6575471 -0.5055129 -0.5586489 0.7068023 -0.506401 -0.4939522 0.7071071 -0.5263764 -0.4721519 0.7071117 -0.5263722 -0.4721497 0.7071051 -0.5263768 -0.4721546 -1.11e-6 -0.7201563 -0.6938118 0.00116533 -0.6877884 -0.7259104 -0.00116676 -0.6540464 -0.7564536 5.82662e-4 -0.6008973 -0.7993261 -5.81918e-4 -0.5825408 -0.8128014 0.001166045 -0.5257233 -0.8506549 -0.00116676 -0.4864563 -0.8737043 5.83397e-4 -0.4256999 -0.9048643 -5.8193e-4 -0.4050036 -0.914315 0.00116533 -0.3416571 -0.939824 0 -0.3201763 -0.9473581 0 -0.2547893 -0.9669967 0 -0.2547805 -0.966999 0 -0.1881855 -0.9821336 -0.00116527 -0.1657898 -0.9861605 5.83425e-4 -0.09811151 -0.9951753 -0.001746833 -0.05269908 -0.998609 0.001747965 0.01556676 -0.9998774 -0.001749098 0.08376187 -0.9964843 0.00116676 0.2628514 -0.9648356 -0.00116533 0.3064957 -0.9518713 -5.83414e-4 0.3917956 -0.9200522 0.001166045 0.4536609 -0.8911737 0 0.4738414 -0.8806102 -0.00116533 0.5519471 -0.8338783 -5.81935e-4 0.6254989 -0.7802249 0.00116527 0.6772665 -0.7357369 0 0.7413478 -0.671121 0 0.7413654 -0.6711016 0 0.8258291 -0.5639206 0 0.8624056 -0.506218 0 0.8623901 -0.5062444 0 0.9048666 -0.4256953 0 0.9048575 -0.4257148 0 0.9398329 -0.3416347 -0.001746833 0.9473539 -0.3201835 5.82669e-4 0.9725484 -0.2327002 -5.83408e-4 0.9775935 -0.2105008 0.001165688 0.9896806 -0.1432865 -0.001164555 0.9951753 -0.09810668 5.83363e-4 0.9995507 -0.02997004 -5.82761e-4 0.9999739 -0.007202267 0.001165509 0.9981338 0.06105303 0 0.9964836 0.08378905 0 0.9884477 0.1515622 0 0.9884478 0.1515622 0 0.975795 0.2186871 -0.00116527 0.970574 0.2408004 5.82664e-4 0.9518713 0.3064976 -5.82294e-4 0.9446414 0.3281041 0.001165688 0.9200531 0.3917919 -0.00116533 0.9012725 0.4332513 5.81921e-4 0.8696017 0.4937536 -5.82675e-4 0.8581459 0.5134056 0.00116533 0.821102 0.5707805 0 0.8078948 0.5893269 0 0.7509686 0.6603379 0 0.7509452 0.6603648 0 0.6877889 0.7259109 0 0.6878007 0.7258996 0 0.6189501 0.7854304 -0.00116527 0.6009047 0.7993199 5.8343e-4 0.5449674 0.8384572 -5.81923e-4 0.5257043 0.8506672 0.001164555 0.4664397 0.8845523 5.82674e-4 0.3629619 0.9318038 -5.83394e-4 0.3416497 0.9398273 0.001164555 0.2767286 0.9609475 -0.00116676 0.2327053 0.9725466 5.8191e-4 0.1657899 0.9861609 -0.001746892 0.1207298 0.9926839 0.001746892 0.05271005 0.9986084 -5.83405e-4 0.007205247 0.9999739 0.001166045 -0.06106328 0.9981333 -0.00116533 -0.1064302 0.9943196 5.81184e-4 -0.1740303 0.9847401 -5.81925e-4 -0.1963984 0.9805241 0.00116527 -0.2628574 0.964834 -0.00116384 -0.3064888 0.9518736 5.81941e-4 -0.3707422 0.9287357 -5.84894e-4 -0.3917956 0.9200522 0.00116676 -0.4536609 0.8911737 0 -0.4738267 0.8806182 0 -0.5328043 0.8462385 0 -0.589317 0.8079019 0 -0.6431042 0.7657788 0 -0.6938485 0.7201211 0 -0.7413736 0.6710925 0 -0.78545 0.6189252 0 -0.7854327 0.6189472 0 -0.8258455 0.5638964 0 -0.8624009 0.506226 0 -0.862401 0.5062258 0 -0.9048597 0.42571 0 -0.9048689 0.4256905 0 -0.9398239 0.3416596 -0.001746892 -0.9473531 0.3201863 5.82857e-4 -0.9725537 0.2326778 -5.81555e-4 -0.9775886 0.2105235 0.001165747 -0.9896839 0.1432633 0 -0.9926813 0.120764 0 -0.9986099 0.05270993 0 -0.99861 0.05270993 0 -0.9998785 -0.01559293 -0.001165509 -0.9992644 -0.03833293 -5.82854e-4 -0.9916412 -0.1290252 0.001165688 -0.9805222 -0.1964053 0 -0.9758018 -0.2186573 -0.001166045 -0.9518708 -0.3064975 5.8229e-4 -0.9287338 -0.3707469 0.001166045 -0.8911795 -0.4536495 -0.001166045 -0.8696011 -0.4937536 5.83418e-4 -0.8338893 -0.5519314 -5.81928e-4 -0.8211023 -0.5707808 0.001746833 -0.7657929 -0.643085 0.001747071 -0.7657778 -0.6431029 -1.83205e-4 -0.3271513 -0.9449719 0.006248772 -0.3036233 -0.9527717 -0.001940429 -0.2092197 -0.9778668 0.001948177 -0.4367339 -0.8995887 -0.004918992 -0.4122542 -0.9110557 -0.04973608 -0.9943565 -0.09371036 0.02373683 0.5434036 0.8391361 0.3654862 0.4425366 0.8188902 0.3144113 0.3969964 0.8622873 0.3484312 0.3552851 0.8673917 0.4012292 0.3324608 0.8535133 0.3493486 0.3178086 0.8814496 0.3523655 0.2905736 0.8896098 0.3072447 0.2842499 0.9081866 0.2301249 0.2507603 0.9402988 0.2728913 0.2174838 0.9371399 0.2301596 0.2103766 0.9501413 0.2125204 0.1600283 0.9639637 0.3372588 0.1208719 0.9336201 0.01955485 0.01621299 0.9996773 0.01976901 0.2483652 0.9684647 0.3718819 0.03799223 0.9275023 0.3830404 0.04344123 0.9227096 0.3634914 0.01398295 0.9314926 0.3728891 -2.22622e-4 0.9278759 0.2923862 -0.01627987 0.9561617 0.214942 -0.04789358 0.9754518 0.2262639 -0.07890707 0.9708647 0.2579095 -0.08798211 0.9621549 0.1920349 -0.1107906 0.9751145 0.1919617 -0.1419677 0.9710798 0.2729736 -0.1649726 0.9477708 0.2441458 -0.1709411 0.9545533 0.1595695 -0.2050534 0.9656556 0.1882942 -0.2346656 0.9536653 0.3910322 -0.2640902 0.8816747 0.4589728 -0.2398117 0.8554731 0.4054157 -0.2660249 0.8745679 0.3312014 -0.2836514 0.8999153 0.1841593 -0.3253553 0.9274855 0.1528549 -0.3568298 0.9215791 0.3062212 -0.3915897 0.8676901 0.3895683 -0.3598849 0.8477732 0.3267843 -0.3969789 0.8576828 0.317951 -0.4255983 0.8472151 0.3601984 -0.4426079 0.8211916 0.3465098 -0.4477106 0.8243096 0.2667213 -0.4868823 0.8317484 0.249961 -0.5156623 0.8195194 0.04644346 0.3775182 -0.9248368 0.02421122 -0.5547066 0.8316938 0.7142595 -0.4068511 0.5694784 0.6885006 -0.4299554 0.5840421 0.9965592 -0.05160021 0.0648638 0.981921 -0.09030228 0.1663631 0.7698686 -0.215887 0.600579 0.5230243 -0.2341001 0.8195382 0.9746838 -0.05288285 0.2172438 0.5930038 -0.1765633 0.7856029 0.4159061 -0.1582986 0.8955242 0.9641568 -0.07473522 0.2545906 0.8433109 -0.09396016 0.5291486 0.478223 -0.08216357 0.8743866 0.8255984 -0.06479489 0.5605255 0.6441854 -0.04145514 0.7637453 0.6485031 -0.0469039 0.7597656 0.9990536 -0.006820499 0.04295945 0.8080173 0.03246313 0.5882638 0.7536866 0.0530374 0.6550907 0.9794403 0.003077566 0.2017109 0.7360222 0.07524651 0.6727624 0.5762842 0.1213601 0.8081883 0.9796312 0.002886056 0.2007844 0.5309224 0.1811628 0.8278293 0.6593305 0.2102166 0.7218672 0.9232698 0.07707929 0.3763401 0.7805874 0.1944035 0.5940459 0.9845075 0.02892726 0.17294 0.7999345 0.2077377 0.5629832 0.7549816 0.2427098 0.6091755 0.9986962 0.01544731 0.0486558 0.9936577 0.04808193 0.1016499 0.6778764 -0.2913895 0.6749635 0.5154321 -0.3348602 0.7887955 0.7412405 -0.3190303 0.5905779 0.7230248 -0.3337447 0.604855 -0.8335216 0.1468592 0.5326108 -0.7298728 0.1823554 0.6588113 -0.6027399 0.08770197 0.7931035 -0.07330143 0.2521871 0.9648983 -0.3527717 0.0576688 0.9339308 -0.2506722 0.08259195 0.9645424 -0.1119611 0.03863579 0.9929613 -0.09536439 0.007219672 0.9954163 -0.1772037 -0.03272277 0.9836301 -0.2043703 -0.02386641 0.9786027 -0.1614935 -0.05525797 0.9853256 -0.1730297 -0.08622902 0.9811348 -0.2525316 -0.1222515 0.9598346 -0.2756592 -0.1144036 0.9544233 -0.2189817 -0.1467142 0.9646357 -0.2055141 -0.1776835 0.962389 -0.2366055 -0.2065424 0.9493988 -0.2227056 -0.2016627 0.9538 -0.1474546 -0.2407189 0.9593288 -0.1430986 -0.2711172 0.95185 -0.1890742 -0.2936095 0.9370403 -0.1784284 -0.2993445 0.9373133 -0.1646029 -0.3296473 0.9296443 -0.2160349 -0.3702722 0.9034531 -0.2562304 -0.3517056 0.9003607 -0.2219078 -0.3833339 0.8965558 -0.2297784 -0.410731 0.8823275 -0.2790805 -0.4325905 0.8573095 -0.3020108 -0.4364469 0.847528 -0.2369381 -0.4648823 0.8530797 -0.1925119 -0.4965761 0.8463754 -0.1955215 -0.5227835 0.8297402 -0.2824958 -0.5557819 0.7818586 -0.0230084 -0.6774136 0.7352425 -0.8815696 0.01384717 0.4718511 -0.7495488 -0.02489507 0.6614809 -0.4529128 -0.1129873 0.8843665 -0.8719295 -0.005310297 0.4896027 -0.7192671 -0.09725439 0.6878928 -0.4190978 -0.199182 0.8858237 -0.3605749 -0.2692686 0.8930174 -0.8876913 -0.04251557 0.458472 -0.4146553 -0.197659 0.8882521 -0.7986991 -0.110989 0.5914062 -0.7212262 -0.1826041 0.6681981 -0.8733095 -0.08229559 0.4801645 -0.8694112 -0.08685511 0.4863955 -0.5070697 -0.3035285 0.8066914 -0.4992909 -0.3222204 0.8042901 -0.7193943 -0.1798438 0.6709158 -0.5641636 -0.3462692 0.7495446 -0.8370701 -0.1721289 0.5193123 -0.5085299 -0.3975222 0.763789 -0.8446129 -0.2118818 0.4916658 -0.5364238 -0.4081094 0.7387126 -0.6229933 -0.007612287 0.7821902 -0.3407258 -0.02000111 0.9399499 -0.4534192 -0.0466395 0.8900763 -0.4339382 -0.1078976 0.8944585 0.529396 0.2983301 0.7941908 0.520417 0.2579565 0.8140175 0.5788784 0.2052255 0.7891657 0.7006714 0.1333634 0.7009093 0.7334762 0.1363492 0.6658992 0.6353892 0.115019 0.7635779 0.5590497 0.08034628 0.825232 0.5353326 0.03765612 0.8438015 0.5742809 -0.006434023 0.8186331 0.6594582 -0.04531198 0.7503744 0.7506253 -0.07135814 0.6568635 0.7424007 -0.0753901 0.6657008 0.6686849 -0.1222968 0.7334194 0.6253599 -0.1685249 0.7619216 0.6345834 -0.2278573 0.7385019 0.764108 -0.172152 0.6216934 0.5972308 -0.254276 0.7606964 0.4595513 -0.325345 0.826416 0.4499797 -0.3702545 0.8126685 0.5755456 -0.3776007 0.7253723 0.7739281 -0.3287663 0.5412468 0.7956318 -0.3075042 0.5219304 0.7264396 -0.3794162 0.5729998 0.02827244 -0.7928155 0.6088057 0.04246991 -0.6357935 0.7706901 0.9052774 0.1346864 0.4029049 0.9496444 -0.1374357 0.2815793 0.9942682 -0.0428375 0.09795808 0.9973849 -0.01026034 0.0715416 0.9925743 -0.03606349 0.1161709 0.8594123 0.09745818 0.5019089 -0.5122547 0.3020153 0.8039789 -0.5004896 0.3051288 0.8101894 -0.5243393 0.2572308 0.811727 -0.6083741 0.1997466 0.7681032 -0.7176841 0.1396893 0.6822144 -0.6572747 0.1673482 0.7348364 -0.5666279 0.1227332 0.8147819 -0.5503311 0.0809102 0.8310171 -0.590978 0.03596311 0.8058856 -0.6721795 -0.005818426 0.7403653 -0.7108144 -0.01918751 0.7031179 -0.6443894 -0.04609352 0.7633072 -0.5672746 -0.09267151 0.818298 -0.5436254 -0.1380513 0.827897 -0.583974 -0.1753138 0.7926157 -0.6705011 -0.1979894 0.7150024 -0.6094107 -0.1933786 0.7689106 -0.4457675 -0.2837857 0.8489741 -0.3996039 -0.3357988 0.8529689 -0.4462869 -0.3710222 0.8143528 -0.5699734 -0.3809406 0.728021 -0.5752778 -0.3776913 0.7255376 -0.5002143 -0.4395466 0.746046 -0.4915072 -0.4808043 0.7261184 -0.03608286 0.2748429 -0.9608119 -0.02045464 -0.5524483 0.8332962 -0.009249329 -0.6363406 0.7713528 -0.9478939 -0.2286928 0.2218036 -0.9112261 -0.1063181 0.397949 -0.952885 -0.1324399 0.2728918 -0.953458 0.07448905 0.2921805 -0.9905211 0.008523583 0.1370964 -0.9675979 -0.01368063 0.2521253 -0.9954956 -0.07434076 0.05883902 7.40228e-4 0.3667627 0.9303143 0.1267553 0.3578634 0.9251308 0.4819146 0.1491062 0.8634383 0.7178682 -0.1327879 0.6833978 0.6951916 -0.1067634 0.7108518 0.6184462 0.2259562 0.7526407 0.606782 0.3870937 0.6942436 0.7545099 0.2163994 0.6195856 0.8863496 0.2815853 0.3675517 0.2296321 0.3553999 0.9060685 0.3092997 0.3086755 0.8994739 0.8096188 0.1395885 0.5701163 0.7543004 0.2007595 0.6250813 -0.06343793 0.8694516 -0.4899283 -0.06482249 -0.2445592 -0.9674652 -0.2857412 0.3732392 -0.8826349 -0.04972255 -0.6108433 0.7901887 -0.989943 -0.01860499 -0.1402379 -0.9828009 -0.02229923 -0.1833168 -0.6097151 0.3486232 -0.7118353 -0.9999999 -4.73709e-4 -2.5397e-4 -1 5.55476e-7 0 0 0.5862553 -0.8101264 0.03332144 0.6955239 -0.7177299 0 0.6677248 -0.7444083 -0.5569337 -0.4041017 0.7256216 0.2111915 0.6650924 0.7162753 0.9999962 -0.001918971 0.001988232 0.9999939 -6.67322e-4 0.003445863 0.9999994 -6.06571e-4 9.43159e-4 1 1.68985e-7 0 0.5518764 -0.2756032 -0.7870676 0.03747087 -0.1932302 -0.9804377 0.006218135 0.4158445 0.9094145 0.9900464 0.03200995 -0.1370528 0.993142 -0.003392875 -0.1168664 0.04395955 -0.3108037 -0.9494571 0.927968 0.07252091 -0.3655356 0.04290831 0.1910697 -0.9806382 0.06902813 0.4525575 -0.8890596 0.2392376 0.4792237 -0.8444585 0.7092859 0.3637057 -0.6038475 -3.67721e-4 0.5938963 -0.8045415 0.04448151 0.7024462 -0.7103456 -0.7350553 0.2466812 0.6315396 -0.8331248 0.1677117 0.5270445 -0.2421193 0.3108332 0.9191089 -0.2022626 0.2842203 0.9371813 -0.8364018 0.1051932 0.537928 -0.8100611 0.1059813 0.5766881 -0.08144789 0.441192 0.893709 8.81498e-5 0.7459077 0.6660494 0 0.7444754 0.6676499 1.81076e-5 0.7444415 0.6676877 -2.94121e-6 0.7444026 0.6677311 -0.9694694 0.07955819 0.231948 -0.9567012 0.2875484 0.04515302 4.85913e-4 0.7443963 0.667738 -1.01236e-5 -0.7444072 -0.6677259 5.94755e-4 -0.7444092 -0.6677235 -1.34299e-5 -0.3082486 -0.9513059 -0.001145541 -0.3395202 -0.9405981 0 -0.3551861 -0.9347957 0 -0.4016025 -0.9158142 0.001146733 -0.4168547 -0.9089724 -5.74017e-4 -0.4619252 -0.8869187 5.72796e-4 -0.4766912 -0.8790706 -0.001147985 -0.5201473 -0.8540759 0 -0.5343805 -0.8452442 0 -0.5760805 -0.817393 0 -0.5760802 -0.8173933 0 -0.6294087 -0.7770745 0 -0.6799442 -0.7332639 0 -0.6799537 -0.7332551 0 -0.7274117 -0.6862013 0 -0.727441 -0.6861703 -6.17438e-4 0.9971817 0.07502406 0 0.9975528 0.06991744 0 0.9894912 0.1445934 -0.001208662 0.9868073 0.1618953 4.55867e-7 0.9805395 0.196322 -0.00181204 0.9688795 0.2475263 0 0.9730676 0.23052 0 0.9545488 0.2980548 0 0.954557 0.2980284 0 0.9376004 0.3477149 -0.001209318 0.9313712 0.3640691 9.11739e-7 0.9180612 0.3964388 -0.001812517 0.8959833 0.4440841 0 0.9036137 0.4283484 0 0.8714538 0.4904777 -0.001208722 0.8627153 0.5056886 9.11747e-7 0.8445018 0.5355529 -0.001812517 0.8152299 0.5791346 0 0.825233 0.5647925 0 0.7837148 0.6211209 -0.001209914 0.7727208 0.6347451 -4.5586e-7 0.7500093 0.6614274 -0.001810669 0.7142751 0.6998628 0 0.726424 0.6872469 0 0.6765637 0.7363842 0 0.6765635 0.7363844 0 0.6369801 0.7708804 -0.00120747 0.6234009 0.7819015 9.11743e-7 0.5956575 0.8032386 -0.001810669 0.5526448 0.8334149 0 0.5671702 0.8236007 0 0.5081512 0.8612679 -0.00120747 0.4930257 0.870014 0 0.462262 0.8867434 -0.001816213 0.4150971 0.9097754 0 0.43094 0.9023807 0 0.3667736 0.9303103 -0.001208722 0.3504264 0.9365896 0 0.3174213 0.9482846 -0.001812517 0.2672359 0.9636295 -0.001813769 0.2672297 0.9636312 6.05573e-4 0.1991587 0.9799671 -6.05578e-4 0.1819747 0.9833031 0.001209914 0.1301243 0.991497 -0.001208722 0.09534525 0.9954435 -9.11726e-7 0.06043875 0.998172 -0.001812517 0.007975339 0.9999666 0 0.02546668 0.9996757 0 -0.06199491 0.9980765 0 -0.06199729 0.9980763 0 -0.1316657 0.9912942 0 -0.1316682 0.9912939 0 -0.2006886 0.9796551 -0.001208662 -0.2178005 0.9759926 6.03141e-4 -0.2687252 0.9632167 -0.001811921 -0.3022737 0.9532195 0.001812815 -0.3518812 0.9360429 -6.03152e-4 -0.3844323 0.9231531 0.001208722 -0.4323525 0.9017039 0 -0.4480556 0.8940057 0 -0.4943692 0.8692521 0 -0.4943814 0.8692451 0 -0.5393192 0.8421015 -0.00120747 -0.553953 0.832547 6.05581e-4 -0.5968884 0.8023241 -6.04375e-4 -0.6108662 0.7917336 0.00120747 -0.6515606 0.7585958 0 -0.6647251 0.7470881 0 -0.7030215 0.7111686 0 -0.7030504 0.71114 0 -0.7393817 0.6732865 -0.001208722 -0.7510593 0.6602337 6.03144e-4 -0.7846685 0.6199154 -6.05582e-4 -0.7953976 0.6060877 0.001208722 -0.8261169 0.5634976 0 -0.8358588 0.5489446 0 -0.8635108 0.5043304 0 -0.863498 0.5043524 0 -0.8888015 0.4582924 -0.001209318 -0.8966755 0.4426868 6.03753e-4 -0.9186636 0.3950404 -6.04974e-4 -0.9254474 0.3788756 0.001208364 -0.9440556 0.3297845 -0.001209318 -0.955021 0.2965359 6.05278e-4 -0.9692728 0.2459877 -6.04058e-4 -0.9734215 0.2290204 0.001209139 -0.9840992 0.1776155 0 -0.9870607 0.1603476 0 -0.9941151 0.1083297 -0.001208841 -0.9958576 0.09091925 6.04096e-4 -0.9992576 0.03852355 -6.04787e-4 -0.9997791 0.02101302 0.001208603 -0.9995043 -0.03146088 0 -0.9988009 -0.04895639 0 -0.9948532 -0.1013274 -0.001208245 -0.9929268 -0.1187226 5.69831e-7 -0.9881682 -0.1533747 -0.00181204 -0.9787509 -0.2050454 0 -0.9821903 -0.1878891 0 -0.9666413 -0.2561342 0 -0.9666413 -0.2561343 0 -0.9518644 -0.3065196 -0.001209318 -0.9463598 -0.3231126 6.03752e-4 -0.9280984 -0.3723347 -6.05574e-4 -0.9214316 -0.3885402 0.001208066 -0.899768 -0.436367 0 -0.8920053 -0.4520252 0 -0.8670436 -0.4982322 -0.001209914 -0.8581973 -0.5133188 6.05573e-4 -0.8300611 -0.5576723 -6.03144e-4 -0.8201756 -0.5721117 0.001208066 -0.7890281 -0.614356 -0.001209914 -0.7670392 -0.641599 6.03759e-4 -0.732305 -0.6809766 -0.001813709 -0.7080199 -0.7061902 0.001812398 -0.669989 -0.7423689 -6.04362e-4 -0.6435875 -0.7653725 0.001208126 -0.6025413 -0.7980868 -0.001208722 -0.5742562 -0.8186748 6.05571e-4 -0.5304732 -0.8477015 -6.05571e-4 -0.5155397 -0.8568655 0.00120747 -0.4698827 -0.882728 -0.001208722 -0.4387028 -0.8986314 6.0193e-4 -0.3909302 -0.9204202 -0.001813769 -0.3584727 -0.9335385 9.24422e-4 -0.3211808 -0.9470174 1 -1.17605e-6 0 1 -3.50398e-7 0 1 -2.64405e-6 0 1 -1.4526e-6 0 1 5.66636e-5 0 1 3.22564e-6 0 1 3.91078e-7 0 1 -3.59666e-6 0 1 5.19815e-6 0 1 -1.36968e-6 0 1 6.30557e-7 0 1 -5.54099e-7 0 1 -2.78961e-7 0 1 -4.07074e-7 0 0.9999722 -0.002510249 0.00703454 1 -1.03866e-5 0 1 7.80056e-6 0 1 2.82492e-6 0 1 -1.27182e-6 0 1 -8.4724e-7 0 1 6.36391e-6 0 1 -9.03017e-7 0 1 -1.49736e-6 0 1 3.14112e-6 0 1 -8.35107e-7 0 1 5.85922e-6 0 1 -3.5499e-6 0 1 1.20837e-5 0 1 -1.68759e-5 0 1 6.3117e-6 0 1 2.09749e-5 0 1 -6.28457e-5 0 1 1.80232e-5 0 1 -1.7322e-6 0 1 -1.2184e-6 0 1 -1.03306e-5 0 1 -5.18076e-7 0 1 5.0219e-6 0 1 4.04426e-6 0 1 -1.06457e-6 0 1 -3.89282e-7 0 1 5.99469e-7 0 1 1.06232e-6 0 1 -8.37863e-7 0 1 2.86804e-7 0 1 5.75756e-7 0 1 -8.65441e-7 0 1 -4.07262e-7 0 1 5.27139e-7 0 1 -4.82608e-7 0 1 -9.87738e-7 0 1 -4.18221e-7 0 1 1.19179e-6 0 1 -1.41213e-6 0 1 -1.63653e-6 0 1 6.00644e-6 0 1 -3.62203e-7 0 1 1.49396e-6 0 1 -1.52319e-6 0 1 2.7599e-6 0 1 -1.10013e-6 0 1 2.91368e-6 0 1 -3.13169e-6 0 1 5.62084e-7 0 1 2.98529e-6 0 1 -1.73143e-6 0 1 2.96437e-6 0 1 -2.88689e-7 0 1 -1.48852e-6 0 1 4.33411e-7 0 1 -8.64171e-7 0 1 -2.83467e-7 0 1 3.07461e-6 0 1 -5.53826e-7 0 1 4.47496e-7 0 1 -6.16893e-7 0 1 -3.76764e-7 0 1 1.67008e-6 0 1 -7.58965e-7 0 1 -6.04067e-7 0 1 3.85315e-6 0 1 -3.90724e-6 0 1 5.64683e-6 0 1 -1.60052e-6 0 1 7.18553e-6 0 1 3.8126e-6 0 2.63939e-5 -0.6960174 -0.718025 0 -0.696017 -0.7180253 0 -0.696015 -0.7180273 0 -0.6960164 -0.7180259 -7.03813e-6 -0.6960162 -0.7180262 0 -0.6960121 -0.7180301 0 -0.6960173 -0.718025 0 -0.696017 -0.7180254 -0.9896398 0.1434357 0.006261169 6.7264e-6 -0.6960157 -0.7180266 -1.03159e-5 -0.6960134 -0.7180289 0 -0.6960254 -0.7180173 0 0.6677256 -0.7444075 0 0.6677253 -0.7444078 2.28749e-6 0.6677237 -0.7444093 -0.03285402 0.6577146 -0.7525505 0 0.7444091 0.6677238 0 0.7444071 0.667726 0 -0.6677243 0.7444087 0 -0.6677254 0.7444077 -1.05477e-6 -0.6677281 0.7444052 -0.02906757 -0.6744261 0.7377699 9.4715e-6 -0.6960176 -0.7180247 -2.97627e-7 -0.6960158 -0.7180266 -1.14579e-5 -0.6960183 -0.718024 -0.9594309 -0.2435179 -0.1420968 -0.9779149 -0.07953774 -0.1932777 0 0.6677259 -0.7444073 -9.27077e-7 0.6677254 -0.7444077 -2.28749e-6 0.6677243 -0.7444087 -0.02901834 0.6589246 -0.7516492 -1.07146e-5 0.744401 0.6677328 -3.63509e-6 0.7444081 0.667725 6.42132e-6 0.7444072 0.6677259 0 0.7444078 0.6677253 0 0.7444077 0.6677255 0.853041 -0.2579467 0.4536347 0.9577488 -0.1870326 0.2184861 2.70173e-6 0.7444076 0.6677255 -0.005822062 0.8008971 0.5987739 0 -0.6677259 0.7444072 2.17203e-6 -0.6677253 0.7444079 1.05476e-6 -0.6677219 0.7444109 -0.06888806 -0.6825906 0.7275469 0 -0.6960164 -0.718026 -4.6044e-6 -0.6960164 -0.7180259 2.86768e-5 -0.6960158 -0.7180266 -2.61549e-5 -0.696017 -0.7180254 -0.8184567 -0.4312895 0.3796288 -0.8187513 0.4172725 -0.3943732 -0.06863993 0.6458662 -0.7603588 -2.85938e-7 0.667727 -0.7444063 1.23399e-6 0.6677257 -0.7444075 -7.14271e-7 0.6677252 -0.7444079 0 0.667725 -0.7444081 -2.87085e-6 0.6677249 -0.7444082 0 0.6677232 -0.7444097 1.01761e-6 -0.6677254 0.7444077 -0.2643174 0.4299513 0.863295 0 -0.6677254 0.7444078 -1.48016e-6 -0.6677254 0.7444077 -2.96665e-6 -0.6677209 0.7444118 -0.05178761 0.7098537 0.7024427 -0.8377155 0.3801003 0.3921181 -0.6626295 -0.468047 0.5846831 -0.5776306 -0.4100524 0.7058328 -0.6677705 -0.2825962 0.6886378 -0.6764869 -0.08381587 0.7316696 -0.5600643 0.111674 0.8208879 -0.6003588 0.07776874 0.7959405 -0.7039028 0.3297644 0.6291076 -0.6128641 0.4853742 0.6235459 -0.7245742 0.5318426 0.4383329 -0.6707009 0.6754566 0.3064615 -0.7245585 0.6653705 0.1797142 -0.6238281 0.7720894 -0.121311 -0.5364969 0.8406339 -0.07420235 -0.6799736 0.6520371 -0.3353856 -0.5688614 0.5826247 -0.58047 -0.5333412 0.5798722 -0.6158697 -0.6980379 0.311881 -0.6445724 -0.6232397 0.1082807 -0.7744984 -0.6578149 0.1396497 -0.7401199 -0.7185816 -0.1279275 -0.6835752 -0.6516706 -0.2599139 -0.71258 -0.70969 -0.3423343 -0.6157495 -0.6509495 -0.5258584 -0.547483 -0.6925712 -0.5394414 -0.4789031 -0.6829937 -0.691696 -0.2346835 -0.6167169 -0.7644268 -0.1879151 -0.712668 -0.7013372 0.01518338 -0.5566421 -0.7609209 0.3333901 -0.4857725 -0.8181384 0.3076927 -0.6624295 -0.5980094 0.4511896 0 -0.6677247 0.7444083 0.004597067 -0.6670297 0.7450169 -0.005290806 -0.661347 0.7500616 0 -0.6600127 0.7512546 -0.3430175 -0.480553 0.8070984 0 0.7444077 0.6677254 0 0.7444108 0.6677221 -5.62056e-6 0.7444078 0.6677254 0 0.7444065 0.6677267 0 0.7444149 0.6677175 0 0.7444031 0.6677305 9.58971e-6 0.7444096 0.6677233 -9.76728e-6 0.7444074 0.6677257 1 -1.7194e-7 0 1 -1.62684e-6 0 0.01658129 -0.1261919 0.9918673 1 1.3537e-7 0 1 -6.27463e-6 0 1 1.12704e-5 0 -0.001700758 0.5208323 0.8536574 8.46781e-4 0.1149553 0.9933704 0 -0.529717 0.8481745 -0.002127587 -0.3496602 0.9368742 0.003632009 -0.02467572 0.9996889 0 0.5898032 0.807547 -5.08566e-4 0.1179536 0.993019 0.001043319 0.5208282 0.8536609 -0.01316207 -0.1261966 0.991918 -1 1.62684e-6 0 -1 -8.83681e-6 0 -1 9.75953e-6 0 -1 -5.25342e-6 0 -0.005696535 0.7875104 -0.6162752 -1 1.70341e-7 0 0 -0.6677245 0.7444086 4.92438e-6 -0.6677256 0.7444075 0.01376813 -0.659312 0.7517435 0.00771743 -0.6574018 0.7535007 5.88638e-6 -0.6960154 -0.7180268 -9.75236e-6 -0.696015 -0.7180273 0 -0.6960194 -0.718023 1.86905e-5 -0.6960129 -0.7180293 -4.92347e-7 -0.696019 -0.7180234 0 -0.6960164 -0.7180259 -6.86229e-6 -0.6960181 -0.7180243 -7.09199e-6 -0.6960096 -0.7180325 4.86621e-6 -0.6960237 -0.7180189 4.58627e-6 -0.6960152 -0.7180271 0 -0.6960172 -0.7180252 0.9874544 0.01852542 -0.1568146 -3.18215e-6 -0.6960164 -0.7180259 0 0.7443897 0.6677455 -1.21948e-5 0.7444192 0.6677126 8.4711e-6 0.7444148 0.6677175 0 0.7444023 0.6677314 5.43309e-6 0.7444117 0.667721 -1.13279e-5 0.7444101 0.6677228 1.68963e-5 0.7444067 0.6677265 0 0.7444167 0.6677154 1.65687e-5 0.74441 0.6677229 -6.55362e-6 0.7444028 0.6677309 1.05637e-6 -0.7441932 -0.6679644 0.885122 0.3238972 0.3341404 0.3333352 0.7113425 0.6187726 0.143825 0.7370172 0.6603938 -5.03254e-6 -0.6677252 0.7444079 0 -0.667725 0.744408 0 -0.6677253 0.7444078 3.45987e-6 -0.6677267 0.7444065 -0.6906127 0.3658969 0.6238378 0.683825 0.3349217 0.6482367 0.001260519 0.6696363 -0.7426882 0.07571035 0.6456472 -0.7598734 -1.23399e-6 0.6677256 -0.7444075 9.52361e-7 0.6677252 -0.7444079 0 0.667725 -0.7444081 -0.03057044 0.6630072 -0.7479887 4.38933e-6 -0.6960166 -0.7180258 4.26981e-7 -0.6960161 -0.7180262 -2.30957e-5 -0.6960196 -0.7180229 2.35022e-5 -0.6960138 -0.7180284 0.8195808 0.3153086 -0.4784014 0.7726448 -0.4841614 0.4106187 0 -0.6677258 0.7444074 -1.08601e-6 -0.6677253 0.7444078 -1.05476e-6 -0.6677227 0.7444101 0.04508489 -0.6778531 0.7338137 -0.9724271 -0.160962 0.1687507 0 0.7444177 0.6677142 7.64721e-6 0.7444038 0.6677298 0 0.7443999 0.6677342 -6.42131e-6 0.7444078 0.6677253 3.63509e-6 0.7444081 0.667725 -2.70173e-6 0.7444077 0.6677254 0.002414345 0.7685683 0.6397631 0.001427292 0.6698862 -0.7424625 0.02903687 0.6643794 -0.7468313 0 -0.696017 -0.7180253 -8.38936e-6 -0.696016 -0.7180263 1.14579e-5 -0.6960183 -0.718024 0.9264605 -0.2042923 -0.3161262 0.9119135 -0.3330122 -0.2398263 -3.24865e-7 -0.6677246 0.7444084 0 -0.6677272 0.7444061 0.02906531 -0.6744279 0.7377684 0 0.7444074 0.6677258 0 0.7444089 0.667724 0 0.6677254 -0.7444078 0.01126521 0.6846178 -0.7288152 0.004266083 0.6852636 -0.7282826 0.6485769 0.4726718 -0.5965983 0.7007483 0.5365723 -0.4701511 0.6820354 0.6503374 -0.3344982 0.6212909 0.7257073 -0.2955446 0.718512 0.6928204 -0.06115949 0.6136412 0.7779828 0.1348601 0.676132 0.7112923 0.1921167 0.690011 0.6023588 0.401309 0.6242583 0.5783793 0.5251468 0.7072898 0.4352748 0.5570252 0.6492829 0.2408158 0.7214149 0.5288892 0.1745526 0.8305467 0.6843989 -0.03849267 0.728091 0.6697843 -0.2290623 0.7063424 0.5937317 -0.3472925 0.7258585 0.6925739 -0.4293457 0.5796583 0.658254 -0.6065878 0.4458173 0.5360668 -0.743613 0.3995899 0.6798306 -0.7087026 0.1886026 0.6511996 -0.7574335 -0.04726088 0.4456875 -0.8633202 -0.23673 0.6297643 -0.7038031 -0.328722 0.6865864 -0.4980521 -0.5296632 0.5282162 -0.4348174 -0.7293295 0.6742774 -0.252144 -0.6940991 0.677697 0.00709486 -0.7353072 0.5968946 0.0931611 -0.7968926 0.7027071 0.2528377 -0.6650382 0.6897683 0.4015153 -0.6024992 2.61443e-5 0.7444072 0.6677259 -2.79178e-5 0.7444213 0.6677102 -3.10644e-5 0.7444041 0.6677294 2.3246e-5 0.7444154 0.6677168 2.51418e-5 0.7444167 0.6677154 1.12274e-5 0.7444148 0.6677175 0 0.7444164 0.6677157 0 0.7444031 0.6677306 -2.61101e-5 0.7444416 0.6676877 2.17745e-5 0.7444258 0.6677052 -8.42889e-6 0.7444073 0.6677258 -1.11084e-5 0.7443875 0.6677479 0 0.7444368 0.6676931 -5.10279e-6 0.7444399 0.6676895 6.54758e-6 0.7443867 0.6677489 0 0.7444257 0.6677054 -2.18016e-6 0.7444102 0.6677227 0 0.7444181 0.6677138 0 0.7444239 0.6677073 -9.79988e-6 0.7443379 0.6678032 5.7844e-6 0.7443845 0.6677513 7.49863e-6 0.7443965 0.667738 0 0.7443991 0.667735 1.27471e-5 0.744392 0.6677428 0 0.7443969 0.6677375 2.04534e-5 0.7444477 0.6676809 2.30775e-5 0.7444083 0.6677247 0 0.7444016 0.6677321 0 0.7444332 0.667697 4.9036e-5 0.7444096 0.6677234 0 0.7444152 0.6677171 0 0.7444136 0.667719 0 0.7444054 0.667728 0 0.7444086 0.6677244 1.71618e-4 0.7443919 0.6677431 -0.9915016 0.1027487 -0.07979637 -1 1.62822e-6 0 -1 -1.83233e-7 0 -1 0 0 -1 -1.2703e-7 0 -1 2.58622e-6 0 -1 2.49716e-7 0 -1 -3.09415e-7 0 -1 0 0 -1 4.75366e-6 0 -1 -1.00725e-4 0 -1 2.00546e-5 0 -1 -1.28048e-5 0 -1 4.88548e-6 0 -1 2.86221e-6 0 -1 -3.26778e-6 0 -1 3.62745e-6 0 -1 2.02815e-7 0 -1 5.58879e-7 0 -1 -3.4204e-6 0 -1 2.6592e-7 0 -1 -4.62629e-6 0 -1 3.51559e-6 0 -1 -3.21626e-6 0 -1 7.20195e-7 0 -1 2.94446e-6 0 -1 -6.41464e-6 0 -1 1.41973e-5 0 -1 -7.95693e-6 0 -1 1.20855e-5 0 -1 -8.43782e-6 0 -1 6.28457e-5 0 -1 5.55647e-7 0 -1 2.57573e-6 0 -1 -1.92735e-7 0 -1 -1.40135e-7 0 -1 -1.6257e-6 0 -1 3.52609e-6 0 -1 -4.09018e-6 0 -1 -1.76678e-5 0 -1 -2.54184e-6 0 -1 1.19179e-6 0 -1 -8.36442e-7 0 -1 7.30613e-7 0 -1 4.07262e-7 0 -1 -4.15378e-7 0 -1 5.6655e-7 0 -1 -2.8728e-7 0 -1 1.15512e-6 0 -1 -1.48139e-6 0 -1 2.15724e-7 0 -1 5.76438e-7 0 -1 -2.99322e-6 0 -1 -5.60184e-7 0 -1 2.48774e-6 0 -1 -5.72145e-7 0 -1 1.40711e-6 0 -1 -1.06465e-6 0 -1 1.30518e-6 0 -1 -5.75377e-7 0 -1 -4.86151e-7 0 -1 1.91168e-7 0 -1 1.30988e-6 0 -1 1.02658e-6 0 -1 -4.66044e-6 0 -1 1.12222e-6 0 -1 -1.4142e-6 0 -1 1.1542e-6 0 -1 -2.95477e-6 0 -1 5.78449e-7 0 -1 8.65577e-7 0 -1 8.65076e-7 0 -1 -3.08886e-6 0 -1 5.60941e-7 0 -1 -5.64044e-7 0 -1 -3.33049e-6 0 -1 5.0503e-6 0 -1 3.89632e-7 0 -1 7.58163e-7 0 -1 -9.07883e-7 0 -1 1.66179e-5 0 -1 -3.12032e-5 0 -1 -1.21734e-6 0 -1 5.37324e-7 0 -6.05572e-4 -0.3420756 -0.9396723 0.001810729 -0.4069844 -0.9134333 0 -0.390923 -0.9204234 0 -0.4543778 -0.8908092 0.00120747 -0.4698826 -0.8827282 9.1171e-7 -0.5004595 -0.86576 0.001814365 -0.5452372 -0.8382799 0 -0.5304732 -0.8477018 0 -0.5884974 -0.8084992 0.001208722 -0.6025411 -0.798087 4.55862e-7 -0.6300855 -0.7765258 0.001812517 -0.6699853 -0.7423722 0 -0.65689 -0.7539865 0 -0.7080392 -0.7061731 0.00120747 -0.7202737 -0.693689 -9.11737e-7 -0.7441052 -0.6680625 0.001814365 -0.7781562 -0.6280683 0 -0.76704 -0.6415994 0 -0.8100407 -0.5863737 0 -0.8396921 -0.5430628 0.001209318 -0.8490732 -0.528274 0 -0.8670563 -0.4982104 0.001812517 -0.891992 -0.4520477 0.001812875 -0.8919968 -0.4520382 -6.05574e-4 -0.9214317 -0.3885401 6.03753e-4 -0.9280983 -0.3723349 -0.00120902 -0.9463598 -0.3231126 0.001208066 -0.9570798 -0.289822 -4.55872e-7 -0.9666412 -0.2561343 0.001812517 -0.9787567 -0.2050174 0 -0.975012 -0.2221524 0 -0.9881638 -0.1534032 0 -0.9881682 -0.1533748 0 -0.9948531 -0.1013275 0.00120902 -0.9964754 -0.08387702 -6.04381e-4 -0.9995036 -0.0314998 6.04382e-4 -0.9999023 -0.01396965 -0.001209139 -0.9992563 0.03854292 0.001208841 -0.9972969 0.07346701 -6.03908e-4 -0.9920672 0.1257076 6.04665e-4 -0.9897164 0.1430427 -0.00120902 -0.9808391 0.1948158 0 -0.9772843 0.2119328 0 -0.964815 0.2629295 0.001208722 -0.9600685 0.2797625 -6.0497e-4 -0.944056 0.3297847 6.04977e-4 -0.9381427 0.3462488 -0.001208662 -0.9186559 0.3950567 0 -0.9116225 0.4110286 0 -0.8887895 0.4583155 0 -0.8888015 0.4582925 0 -0.8634981 0.5043523 0.001209914 -0.8545502 0.5193674 -6.04981e-4 -0.8261265 0.5634846 6.04373e-4 -0.8161333 0.5778634 -0.001208662 -0.784649 0.6199392 0.001208722 -0.762502 0.6469848 -6.03149e-4 -0.727496 0.6861116 6.05583e-4 -0.715375 0.6987406 -0.001208662 -0.6776953 0.7353419 0 -0.6647396 0.7470752 0 -0.6246256 0.7809244 0.001208662 -0.6108474 0.7917474 -6.05582e-4 -0.5684515 0.8227166 6.0314e-4 -0.5539533 0.8325475 -0.001208722 -0.5095208 0.8604575 0 -0.4943691 0.8692521 0 -0.4480559 0.8940057 0 -0.4480676 0.8939998 0 -0.4005256 0.9162856 0.001211166 -0.3844321 0.9231525 -6.04364e-4 -0.3354464 0.9420591 6.05585e-4 -0.3189063 0.9477861 -0.00120747 -0.2687249 0.9632163 0 -0.2518375 0.9677696 0 -0.2006829 0.9796563 0.001211106 -0.1835089 0.9830173 -6.0437e-4 -0.1316682 0.9912937 6.03138e-4 -0.1142992 0.9934462 -0.001208722 -0.06199729 0.9980757 0.001206219 -0.02702701 0.999634 -6.0438e-4 0.02546715 0.9996755 0.001813769 0.06043845 0.9981704 -0.001814663 0.112753 0.9936214 6.05581e-4 0.1474619 0.9890676 -0.001209914 0.1991623 0.9799658 0.001211106 0.2333308 0.9723967 -6.04363e-4 0.2840492 0.9588096 6.03146e-4 0.3007897 0.9536904 -0.001209914 0.3504264 0.9365896 0 0.3667734 0.9303103 0 0.4150867 0.9097819 0.001211166 0.4309474 0.9023763 -6.04355e-4 0.477705 0.8785201 6.04366e-4 0.4930258 0.8700144 -0.00120747 0.5379862 0.8429529 0.00120747 0.5671607 0.8236063 -6.04376e-4 0.6096276 0.7926879 6.03145e-4 0.6233919 0.7819095 -0.001208662 0.663572 0.7481116 0.001208662 0.6893473 0.72443 -6.03755e-4 0.7264143 0.6872569 6.04365e-4 0.7383317 0.6744377 -0.001209318 0.7727208 0.6347451 0.001208722 0.7944648 0.6073091 -6.04971e-4 0.8252421 0.5647789 6.04363e-4 0.8349902 0.5502646 -0.001209318 0.8627154 0.5056886 0.001209318 0.8798943 0.4751681 -6.04364e-4 0.9036211 0.4283323 6.0436e-4 0.9109785 0.4124535 -0.00120902 0.9313712 0.364069 0 0.9376003 0.3477149 0 0.9545571 0.2980283 0 0.9545488 0.2980548 0 0.9688811 0.2475268 0.001208424 0.9730669 0.2305197 -4.55867e-7 0.9805395 0.196322 0.001812517 0.9894896 0.1445932 0 0.986808 0.1618953 0 0.9957166 0.09245783 0 0.9957166 0.09245789 0 0.9992173 0.0395599 -0.001070797 0.9987502 0.04996877 0.3355016 0.651062 -0.6808502 0.183671 0.8065143 0.5619606 0.9091995 0.3237667 -0.261785 0.9798176 0.1932691 -0.05103373 0.628876 0.6263369 0.4606702 0.9418486 0.2529583 -0.2212087 0.9503028 0.2588306 -0.173007 0.8613749 0.3885221 -0.3272367 0.924207 0.2895537 -0.2489981 -0.8410367 0.5303782 -0.1065653 0.6723673 0.5943391 -0.4412291 0.6633478 0.5963193 -0.4520764 0.1347361 -0.5353881 0.8337901 0.3314693 0.6768413 -0.6572778 0.3610144 0.6714411 -0.647175 0.4206374 0.6503605 -0.6325309 -0.8385187 -0.1944239 0.5090047 -0.06076425 0.6664237 -0.7430931 0.004071712 0.6684612 -0.743736 -0.8401878 -0.3977523 -0.3686159 -1 -2.89194e-7 0 -1 4.31813e-7 0 -1 0 0 -0.6728394 -0.6019956 -0.4299866 -0.9575846 0.2632169 0.1172545 -1 0 0 -1 4.88264e-7 0 -1 -3.03098e-6 0 -1 3.0921e-7 0 -1 -3.01956e-7 0 -1 4.9996e-6 0 -1 0 0 -0.04698008 0.8589702 0.5098656 -0.2736488 0.4962418 0.8239299 -9.50915e-6 -0.7441701 -0.6679902 0 -0.7443048 -0.66784 1 0 0 1 2.8381e-7 0 1 0 0 1 0 0 1 -1.79527e-7 0 1 1.28407e-6 0 1 -4.05242e-7 0 1 -1.39333e-6 0 1 -5.74911e-6 0 -0.001425266 0.6677247 -0.7444069 -0.007624506 0.6677699 -0.7443287 0.8750507 -0.3512644 -0.3330158 -0.9369673 0.2805666 -0.2082659 -0.7247696 0.5604081 0.400814 -0.06707763 0.7213099 0.6893568 -0.07258141 0.7508291 0.6564965 -0.01730668 0.7620933 0.647236 -0.1889265 0.721989 -0.6656115 -0.2582461 0.6758139 -0.690351 -0.1567724 0.6849728 -0.7115017 -0.306742 0.6537664 -0.6917362 -0.3507515 0.6698935 -0.6543824 -0.3974831 0.6676717 -0.6294615 -0.4281588 0.6537744 -0.6239063 -0.848523 0.4318447 -0.3058087 -0.7056918 0.5324554 -0.4674296 -0.7848646 0.4983621 -0.3682699 -0.800121 0.4923316 -0.3426602 -0.8477336 0.4296378 -0.3110615 -0.8992151 0.3518895 -0.259973 -0.9426359 0.2750961 -0.1891028 -0.9480924 0.2648494 -0.1759987 0.4103224 -0.6062408 0.6812545 0.2766903 -0.2358357 0.9315708 0.4633116 -0.3040509 0.8324034 0.1217973 -0.7905259 0.6001953 0.602916 -0.5081127 0.6150722 0.6430551 -0.4989402 0.580981 0.06215023 -0.7394878 -0.6702949 -0.0582875 0.6177747 0.784192 -0.06407815 0.580517 0.8117229 -0.03008997 0.8458954 0.5324995 -0.02051258 0.9989271 0.04152005 -0.0305792 0.9839772 -0.1756529 -0.0855742 0.8474243 -0.5239744 -0.2282811 0.7970569 0.559096 -0.9971511 0.06338256 0.04089707 -0.8791752 0.4462885 0.1669663 -0.9307505 0.2984898 0.2112047 -0.7251421 0.6134757 -0.3127565 0.03334158 0.4473903 0.8937172 0.02550131 0.4197406 0.9072859 0.02311426 0.386962 0.921806 0.03045684 0.3458623 0.9377908 0.03306984 0.3532011 0.9349628 0.02955001 0.3208302 0.9466757 0.03064543 0.3082534 0.9508107 0.02210402 0.2915744 0.9562928 0.04619115 0.3689953 0.9282827 0.4773524 0.2423099 0.8446424 0.7165642 0.2620279 0.6464341 0.7492507 0.2173468 0.6256068 0.246211 -0.0956152 0.9644885 0.1513301 -0.557147 -0.8165088 0.4012439 0.182789 0.8975476 0.1806019 0.2171095 0.9592949 0.06992834 0.141961 0.9873992 0.7560107 0.2993225 0.5821115 0.6684712 -0.5533301 -0.496963 0.6434319 -0.5658773 -0.515537 0.2330604 -0.7239093 -0.6493368 -0.6954313 -0.53393 -0.4809306 -0.233092 -0.7255933 -0.6474431 -0.4054327 -0.6848301 -0.6055015 0.9837799 -0.1471201 -0.102629 -0.07844692 -0.742108 -0.6656739 -0.3471253 -0.6978918 -0.6264592 -0.6693673 -0.5550637 -0.4938137 0.4368709 -0.7929669 -0.4246732 9.76823e-6 -0.7444073 -0.6677259 0 -0.744408 -0.6677252 0 -0.744401 -0.667733 -9.55456e-4 -0.7444042 -0.6677286 -1 2.41088e-7 0 -1 1.7586e-6 0 -0.9999819 0.003868401 -0.004606306 -0.999998 0.001754045 -9.76368e-4 -0.9958407 -0.03720521 0.08316946 0.9978049 -0.01900112 0.06343781 0.9999998 7.22522e-4 2.45127e-4 1 1.6447e-4 3.36303e-4 1 -5.90445e-7 0 1 7.56284e-7 0 0 -0.7158532 -0.698251 0 -0.7158533 -0.6982508 0 -0.6675972 -0.7445227 0 -0.6675874 -0.7445315 0 -0.6163255 -0.7874915 -0.001146733 -0.6030737 -0.7976847 5.72798e-4 -0.5623421 -0.8269046 -0.00172168 -0.5343669 -0.8452509 5.72483e-4 -0.5058027 -0.8626491 -0.001721501 -0.4470217 -0.8945215 0 -0.461917 -0.8869231 0 -0.4016132 -0.9158094 0 -0.3551862 -0.9347956 -0.001145541 -0.3395202 -0.9405981 -1.34299e-5 -0.3082488 -0.9513058 -6.55649e-5 0.7459397 0.6660135 0 0.7445312 0.6675878 1.45914e-5 0.7444264 0.6677046 1.54462e-6 0.7444061 0.6677272 0.9815117 0.1861948 -0.04434269 0.9334078 0.3579806 0.0244928 -4.44085e-4 0.7443922 0.6677426 0.9870352 0.00614947 0.1603869 -0.5135493 -0.6337433 0.5784779 -0.367806 -0.5384293 0.7581641 -0.3438907 -0.8797231 -0.3283694 0.9906806 0.1359869 0.00772202 0.2390642 0.6570163 -0.7149671 0.6989029 0.4953988 -0.5158632 0.02951496 0.8973134 -0.4404063 0.0494154 0.9987686 0.004412949 0.0341221 0.9921393 0.1203972 0.01424932 0.8555307 0.517556 0.02582705 0.513511 0.8576943 0.9581216 0.2842472 0.03473573 0.7459312 0.3732746 0.5515913 0.8824403 0.3969877 0.2523884 -0.5382478 -0.1982308 0.8191422 -0.5769253 -0.3903945 0.7174603 -0.07335042 0.2527667 0.9647428 -0.3092226 0.5448934 0.7794054 -0.1233408 0.1506095 0.9808689 -0.1670888 -0.2354977 -0.9574039 -0.2626774 0.2215113 0.9391131 -0.2244564 0.2341865 0.9459261 -0.678232 0.2997193 0.670947 -0.049564 0.5833668 0.8106951 -0.8586912 0.1712697 0.4830283 -0.8475411 0.189628 0.4956969 -0.661523 0.1793277 0.7281683 -0.4251987 0.2696537 0.8639983 -0.5209574 0.3298336 0.7872822 -0.5304819 0.3244073 0.7831659 -0.2437068 0.2662443 0.9325884 -0.3269202 0.2784089 0.9031122 -0.169619 0.3167562 0.9332175 -0.1362082 0.3550363 0.9248766 -0.3056819 0.3779645 0.8739002 -0.2765704 0.3880398 0.8791667 0.830095 0.03755038 0.5563563 1 1.98765e-7 0 1 2.25624e-7 0 0.9999366 0.01126188 2.87229e-4 0 -1 -3.90197e-4 0 -0.9923194 0.1237028 -0.9999787 -1.16837e-4 0.006543457 -0.9999958 -0.001151502 0.002665638 -0.9999959 -0.001627802 0.002364695 -0.999997 -2.36639e-4 0.002425372 0.3407179 0.772737 -0.5355268 0.5935816 0.6592322 0.4615993 0.4587222 0.6596778 0.5953144 -0.3383979 0.0735799 0.9381221 0.1052598 -0.2085928 0.9723217 -0.01290506 -0.3428838 0.9392892 0.07881063 -0.3953206 0.9151561 0.09439969 0.3476327 0.9328668 0.2646421 0.3627128 0.8935346 0.3250086 0.3907629 0.8612049 -0.02306824 0.6046041 -0.7961921 0.02689176 0.4746836 -0.8797456 -0.0433768 0.5261852 -0.8492631 -0.4705101 0.3909891 0.7910423 -0.9017562 -0.1141084 -0.4169111 -0.3624292 0.3977426 -0.8428796 -0.4157034 0.2957181 -0.8600824 -0.8887231 -0.1379312 -0.4372029 -0.3942729 -0.7033287 -0.5915046 -0.004485666 0.172602 0.9849815 0.006088078 -0.1544598 -0.9879804 -0.1654713 0.007529318 -0.9861859 0.1234243 0.859484 -0.4960381 0.5961342 0.7803844 -0.1887443 0.02680736 0.6112167 -0.7910093 0.05181294 0.7375273 -0.6733269 0.02003318 0.9815549 0.190128 0.0167365 0.8283303 0.5599901 0.04091846 0.5812259 0.8127129 0.0528084 0.4859747 0.8723761 0.6321853 0.3907569 0.6690671 0.7547745 0.2834658 0.5915764 0.1929658 0.7057663 -0.6816584 0.1816236 0.7646007 -0.618384 0.4734771 0.2330377 0.8494191 0.7234001 0.6725167 -0.1562488 0.4931017 0.6387634 0.5906202 -0.2087292 0.6530193 -0.7280096 -0.581544 0.5248417 -0.6215688 0.5244863 0.5685134 -0.6338034 0.3370945 0.612041 -0.7153832 0.01100087 -0.07395178 -0.9972012 0 0.5203483 -0.8539541 -0.2815753 -0.6898186 -0.6669825 0.01627403 0.5482855 -0.8361329 -0.007356524 -0.009595036 -0.999927 -0.03332275 -0.2110102 -0.9769158 -0.002548873 0.3438557 0.939019 0.8222416 -0.1031992 -0.5597043 0.7619401 0.2564639 -0.5947047 0.08136659 0.311271 -0.9468316 0.2524089 -0.425622 -0.8689854 0.4561086 -0.07977688 -0.8863412 -0.586965 0.780245 0.2160787 -0.6503157 0.6290448 0.4259017 -0.7221813 0.5246459 0.4507781 0.001020133 0.6386935 -0.7694606 -0.1980571 0.7369629 -0.6462654 -0.6259072 0.7415605 0.2415126 -0.9326364 0.2653078 0.2445425 -0.4767932 0.445082 0.7580043 -0.08774155 0.7516763 0.6536697 -0.04248243 0.573078 0.818399 -0.02710437 0.7585073 0.6511008 -0.0315966 0.9985974 0.04248601 -0.07528901 0.9106912 -0.4061688 -0.0613476 0.8506795 -0.5220929 -0.06094115 0.7326927 -0.6778257 -0.7411601 0.3866943 0.5487707 -0.9124186 0.2993582 0.2790643 -0.5596344 -0.5302659 0.6368889 -0.9086003 -0.2825651 0.3075751 -0.914729 -0.2291806 0.3327868 -0.9954348 -0.09436035 -0.01434838 -0.998823 -0.005155205 0.04822921 -0.9893865 0.08129686 -0.1204377 -0.4449268 0.7072562 -0.5493896 1 5.4078e-7 0 0.4673978 0.05213367 0.8825086 0.1542852 0.2096962 0.9655174 0.2352622 0.9711244 0.03961288 0.003946602 0.6974174 0.7166543 1 0 0 1 -1.36043e-7 0 1 2.48012e-7 0 1 0 0 1 0 0 1 -2.16233e-7 0 0.1400961 0.209621 0.9676943 0.5619161 0.8229213 0.08397066 0.00726372 0.9169003 0.3990504 1 0 0 -0.05346769 0.71016 0.7020071 -0.01918071 0.9318617 0.3623064 0.003870606 0.9751557 -0.2214872 -0.01129239 0.8032891 -0.5954824 -0.01788353 0.7764704 -0.6298999 -0.998655 0.01468622 0.04972559 -0.3780768 -0.5184569 0.7669813 -0.513176 -0.2250489 0.8282532 -0.7591533 0.4210314 0.496406 -0.02681154 -0.49756 0.8670151 -0.02369028 -0.4629563 0.8860645 -0.04544496 -0.1270967 0.9908488 -0.1149732 0.6268201 0.7706347 -0.9987466 0.04511153 -0.02168601 -0.4133483 0.7042492 -0.5772143 -0.04465156 0.7189989 0.6935755 0.0184468 0.9847807 -0.1728199 -0.0326637 0.9158962 -0.400084 -0.02354288 0.7627084 -0.646314 -0.0210675 0.7940387 -0.6075022 1 3.82573e-7 0 0.51792 -0.2716497 0.8111507 1 0 0 1 -4.7809e-7 0 1 1.00261e-6 0 1 -4.18992e-7 0 1 1.08605e-6 0 1 -7.7267e-7 0 1 5.04575e-7 0 1 -3.92459e-7 0 1 -6.77747e-5 9.62425e-5 0.1639328 -0.6517944 0.7404662 0.1560053 0.9728778 0.1707955 0.08218139 0.272756 0.9585669 1 7.32013e-7 0 1 -4.84679e-7 0 -0.8848124 -0.3111277 0.3468523 -0.3187867 -0.5593718 0.7651655 -0.4917947 -0.2952827 0.819113 -0.7979325 0.4080578 0.4436135 -0.02151077 -0.5336366 0.8454404 0.004693686 -0.3963783 0.9180753 -0.01812493 0.0774458 0.9968319 0 0.5360717 0.8441726 -0.7200905 0.4633197 -0.5165312 -0.5396903 0.6752112 -0.5028164 -0.4031012 0.7035398 -0.5852703 0 0.8871182 0.4615425 0.03809875 0.9991306 -0.01693505 -0.00429058 0.9427095 -0.3335873 0.003829956 0.8287042 -0.5596738 -0.01249778 0.7455072 -0.6663803 0.1027234 0.9826242 -0.1545886 0.9859303 0.09097027 -0.140236 0.06168609 0.6416623 -0.7645028 0.4920351 0.6392723 -0.5909589 0.8980285 0.3009415 -0.3209038 0 0.7444084 0.6677246 0.8739942 0.3382194 0.3489149 0.9644809 0.1399396 0.2240393 0.1076721 0.6871069 0.7185339 0.1910495 0.6260609 0.7560078 1 -3.13636e-6 0 1 9.57227e-7 0 0.9999954 -0.002157628 0.002153038 1 2.61144e-4 2.69847e-4 -0.009900271 0.5335743 -0.8456953 0.009900271 0.4355309 -0.9001193 -0.004190325 0.2484749 -0.9686293 0.005741596 0.1384593 -0.9903515 -0.009253561 -0.07274252 -0.9973079 0.006595969 -0.1839504 -0.9829134 -0.008203625 -0.3849897 -0.9228845 0.009586632 -0.4858913 -0.8739668 -0.006316304 -0.6687783 -0.7434352 0.007586479 -0.7478004 -0.6638802 -0.003980219 -0.8457329 -0.5335917 0.01268261 -0.9469009 -0.3212754 -0.004504263 -0.9727261 -0.2319132 0.01344525 -0.9996755 0.02164047 -0.005465328 -0.9923017 0.123724 0.002874851 -0.935988 0.3520205 0 -0.9275804 0.3736237 0 -0.7982764 0.6022913 -0.01187992 -0.7510914 0.6600914 0.001977324 -0.6249389 0.7806713 -0.01330184 -0.4941495 0.8692753 0.004699409 -0.3796479 0.9251192 -0.009901225 -0.1138007 0.9934543 0 -0.1642771 0.9864143 0 0.1347976 0.9908732 0.003955304 0.1101289 0.9939095 -1.06574e-6 0.3285304 0.9444935 0.01828545 0.4641851 0.8855494 -0.01160854 0.6308469 0.7758206 0.009321868 0.7716509 0.6359781 -0.02462446 0.8841148 0.4666206 0.006595611 0.9653877 0.2607363 -0.008203566 0.9985308 0.0535646 0.01423972 0.996025 -0.08793002 -0.01188975 0.9444246 -0.3285132 0.007925927 0.889236 -0.45738 -0.005945146 0.7829725 -0.622028 0.005945563 0.7083978 -0.7057885 -0.4725461 -0.2464374 0.8461495 -0.003854751 -0.3857038 0.9226148 -0.08401608 0.6629887 0.7439001 0 0.6677258 -0.7444074 3.43614e-4 0.7109738 0.7032185 0 0.6960212 0.7180212 -1 0 0 -1 0 0 -1 2.75792e-6 0 -1 3.06509e-7 0 -1 -7.71598e-7 0 -0.08535271 0.2148298 0.9729148 -1 7.55469e-7 0 -0.0157727 0.9621191 0.2721733 -0.06176012 0.9865487 0.1513512 -1 -1.53049e-6 0 -1 0 0 -1 -8.45371e-7 0 -0.1487618 0.2093521 0.9664583 -0.06463241 0.9808885 0.1835225 0.005988538 0.9370834 0.3490542 -1 7.02935e-6 0 0.142396 0.6312654 0.7623828 0.08344602 -0.1531258 0.9846773 0.01414698 -0.4422394 0.8967854 0.3422293 -0.4804537 0.8074921 0.7743386 -0.3235655 0.5437878 0.7951386 -0.274844 0.5405697 0.9344431 -0.2647992 0.238112 0.9635236 -0.1097642 0.2440783 0.9874963 -0.1053603 0.1172621 0.999829 0.006517291 0.01730883 0.9992034 0.02618241 0.03011995 0.9921964 0.04329031 -0.1169294 0.2703288 0.7374511 -0.6189412 0 0.6278501 -0.7783343 0 0.627853 -0.7783319 -3.39112e-5 0.6275643 -0.7785648 1.49654e-7 0.6278513 -0.7783334 -2.74621e-7 0.6278488 -0.7783353 1.29095e-7 0.6278263 -0.7783536 0 0.6278454 -0.7783381 0.5201513 -0.6234129 -0.58378 0.9999345 0.007190406 -0.008917748 -0.9994168 0.02143877 -0.02657938 -0.5131282 -0.6184966 -0.5951147 0 0.6278592 -0.7783269 0 0.6278533 -0.7783318 0 0.6278512 -0.7783335 0 0.6278682 -0.7783198 0 0.6278333 -0.7783479 0 0.6278679 -0.77832 0 0.6278536 -0.7783316 0 0.6278156 -0.7783622 0 0.6278979 -0.7782958 0 0.6278548 -0.7783305 0 0.6278482 -0.7783359 0 0.6278626 -0.7783242 8.03483e-6 0.6279101 -0.7782859 0 0.6278527 -0.7783322 0 0.7444083 0.6677248 -0.6089847 0.7295422 0.3112972 -1 -1.81574e-7 0 -0.7071102 0.3866357 0.5920373 -0.6041169 0.4798355 0.6362395 -0.9137569 0.2827656 0.2917055 0 0.8018189 0.5975671 -0.003888309 0.8210631 -0.5708244 0.04041159 0.8963258 -0.4415507 0.9911186 0.1053667 0.08112883 0.4202281 0.699685 -0.5777969 -0.0966674 0.6611018 -0.744043 -0.3645848 0.5477122 -0.7530534 -0.8094559 0.3916344 -0.4374971 -0.06336188 0.8817402 0.4674609 -0.05249333 0.9563309 -0.2875341 -0.2170475 -0.6426604 0.7347639 -1 3.2538e-7 0 -0.9895128 0.1301315 -0.06269329 -1 -1.16102e-6 0 -1 2.23587e-7 0 -1 -1.32272e-7 0 -1 7.35772e-7 0 -1 -1.52284e-7 0 -1 -1.52647e-6 0 -1 5.98269e-7 0 -1 0 0 -1 0 0 -1 -6.52552e-7 1.39703e-7 -1 0 0 -0.5077838 -0.2848654 0.8130236 -1 1.69803e-6 0 -1 -2.81888e-7 0 -1 -5.99285e-7 0 -0.09160333 0.2147154 0.9723715 -0.08069336 0.9743364 0.2101361 -0.8490098 0.5282784 -0.01022028 0.8864788 -0.3090074 0.344485 0.3333749 -0.549297 0.7662466 0.9999901 0.003233134 0.003076672 0 0.4470629 0.8945025 0.01362311 -0.05164009 0.9985729 -0.01147079 -0.4422564 0.8968154 0.009341537 -0.6118547 0.7909151 0.4539994 -0.3306527 0.8273774 0.999663 0.02592962 0.001312434 0.4199264 0.7162545 -0.5573521 0.022161 0.7076916 0.7061739 0.01616811 0.9598171 -0.28016 0.03404414 0.941067 -0.3365024 0.03481787 0.7624471 -0.6461132 0.02087306 0.858546 -0.5123115 0.9995477 -0.02998417 0.002306282 0.4311778 -0.484886 0.7609016 0.1017923 0.6354943 0.7653663 0.006192028 -0.01796507 0.9998195 -2.90523e-4 -0.4630795 0.8863167 0.01688492 -0.5640995 0.8255342 0.5422825 -0.2797424 0.7922587 0.7755547 0.4529844 0.4396819 0.01265066 0.7524441 0.6585348 0.02278441 0.7086046 0.7052379 0.04485726 0.938221 -0.3431171 0.01263695 0.8670887 -0.4979936 -0.006595194 -0.5951828 0.8035634 0.009255111 -0.5014599 0.8651314 -0.005739688 -0.3084722 0.9512161 0.004190385 -0.200035 0.9797799 -0.006317019 -0.05279278 0.9985855 0.02091723 0.1669067 0.9857509 -0.004839897 0.3166294 0.9485371 0.01257967 0.5397234 0.8417484 -0.006227254 0.6157197 0.7879408 0.002872467 0.7960463 0.6052289 -0.004856467 0.8322053 0.5544465 0.003974437 0.9432122 0.3321673 -0.006595551 0.9653875 0.2607363 0.006595909 0.9970535 0.07642555 -0.01662212 0.9959892 -0.08791768 0.006315529 0.9628086 -0.2701105 -0.007926583 0.8892315 -0.4573892 0.007925927 0.832433 -0.5540691 -0.001419484 0.7521321 -0.659011 0.006623446 0.6441322 -0.7648857 -0.005304098 0.5545479 -0.8321349 0.001990735 0.4355491 -0.9001628 -0.005739688 0.3553658 -0.9347097 0.003979384 0.2243233 -0.9745067 -0.01134473 0.009648621 -0.9998891 0.009451746 -0.1023678 -0.9947018 -0.007864177 -0.3414258 -0.9398759 7.30063e-4 -0.3947769 -0.9187768 -0.005660533 -0.6968238 -0.71722 -0.001506924 -0.6850309 -0.7285125 0.004247009 -0.8825563 -0.4701877 -0.005465686 -0.9060301 -0.423178 0.008571207 -0.9992248 -0.03842371 0.01545798 -0.9979403 -0.06226015 -0.004293799 -0.9663592 0.2571607 0.01029455 -0.9367235 0.3499187 -0.009254992 -0.8057407 0.5921962 0.006595253 -0.7343908 0.6786949 0.9928207 0.08056539 -0.0884099 0.9656491 0.1718962 -0.1948684 0.9736583 0.1527711 -0.1692649 0.9361883 0.2345973 -0.2617548 0.9381949 0.2312085 -0.2575522 0.8981516 0.2934578 -0.3274239 0.8808955 0.3142809 -0.3539078 0.848385 0.3535458 -0.3940156 0.7713506 0.4218344 -0.4765231 0.7959884 0.4036164 -0.4511059 0.7069012 0.4726286 -0.5262253 0.6977689 0.4780505 -0.5334663 0.6265408 0.5206138 -0.5800068 0.5700227 0.5468175 -0.6132413 0.5338231 0.5649134 -0.6292105 0.433832 0.6004498 -0.6717513 0.4344195 0.6003038 -0.6715022 0.3159414 0.6337839 -0.7060446 0.2965505 0.6372164 -0.711346 0.2243999 0.6513368 -0.7248484 0.1693722 0.6572352 -0.7344079 0.1249209 0.6627501 -0.7383475 0.06538802 0.6656001 -0.7434386 0.0455507 0.6670331 -0.7436343 0 0.667725 -0.7444081 0 0.6677258 -0.7444074 -0.03629612 0.667285 -0.7439177 -0.9978592 0.04319202 -0.04910707 -0.9963393 0.05720078 -0.06353014 -0.9855543 0.1124461 -0.1266429 -0.9823403 0.125065 -0.1391631 -0.9618914 0.1828005 -0.2033448 -0.06543487 0.6655834 -0.7434494 -0.1325621 0.6624159 -0.7373145 -0.1950868 0.6536243 -0.7312431 -0.2590042 0.6461942 -0.7178788 -0.346105 0.6252781 -0.699456 -0.3894677 0.6157422 -0.6849647 -0.4934042 0.5795235 -0.6486177 -0.5194336 0.5675649 -0.6387948 -0.6002435 0.5345281 -0.5949686 -0.6659064 0.4968643 -0.5565022 -0.6984685 0.4790573 -0.5316446 -0.8067983 0.3925811 -0.441539 -0.7853205 0.4141507 -0.4601642 -0.8753015 0.3224247 -0.3604021 -0.8893749 0.302743 -0.3425772 -0.9277836 0.2489931 -0.2778853 -0.9493157 0.2084247 -0.2352843 1.04449e-6 0.696017 0.7180254 0.02908045 0.7810443 0.6237982 0.153352 0.9830727 -0.1002559 0 0.7433472 0.6689057 8.48457e-6 0.7433494 0.6689034 0 0.7433477 0.6689053 0 0.7433476 0.6689054 2.22367e-5 0.7433462 0.6689069 -9.16158e-6 0.7433478 0.6689052 1.63337e-7 0.743348 0.6689049 3.11409e-7 0.7433538 0.6688985 0 0.743347 0.668906 0 0.743348 0.6689049 0 0.7433478 0.6689052 2.31897e-6 0.7433483 0.6689046 0 0.743348 0.668905 -2.73685e-5 0.7433533 0.6688991 0 0.743341 0.6689127 0.9327573 0.2871614 -0.2179499 -1.68024e-5 0.7433481 0.6689049 1.00314e-5 0.743348 0.668905 -1.95226e-5 0.7433504 0.6689022 -0.9516553 0.2052242 -0.2285505 -0.9005212 0.3253464 -0.288464 -0.1304795 -0.6620174 0.7380434 -0.2852981 -0.6285553 0.7235491 -0.4475496 -0.5971199 0.665693 -0.7784219 -0.3913286 0.4908373 -0.6932613 -0.4824059 0.5354189 -0.9639121 -0.1777624 0.1981764 -0.9629436 -0.1805243 0.2003763 -0.7924445 -0.4036939 0.457234 -0.7475919 -0.4485881 0.4897705 -0.4475388 -0.5931959 0.6691993 -0.4145286 -0.6076545 0.6774379 -0.1304737 -0.6620153 0.7380463 -0.3009439 0.9193156 0.2535577 -0.01777189 0.8884345 0.4586595 -9.26438e-4 0.8826801 0.4699735 0.005814135 0.8758587 0.4825328 -0.007114231 0.8438512 0.5365303 0.01507377 0.8191776 0.573342 0.003733038 0.7926082 0.60972 0.006862342 0.7609425 0.6487831 -0.3274589 0.3080496 0.8932392 0.3826085 0.3993269 0.8331559 -0.4401324 0.5772001 0.6878398 0.3209773 0.6912879 0.6473752 -0.3323475 0.8329471 0.4424301 -0.08060336 0.90105 0.4261597 0.01132959 0.9773564 0.2112962 -0.06612861 0.9773535 0.2010151 0.001537144 0.5548851 0.8319256 -0.01195347 0.5846781 0.8111773 0.007068157 0.6297833 0.7767387 -0.0133599 0.6752355 0.7374812 -0.002328515 0.6906924 0.723145 -0.001431703 0.7395994 0.6730458 -0.150573 0.4420542 0.8842601 0.1208543 0.3821817 0.9161503 -0.2238598 0.2985274 0.9277759 -0.004770338 0.5156153 0.856807 -2.57377e-4 0.7407668 0.6717623 -0.001433491 0.741001 0.6715025 -0.003170073 0.7419608 0.6704359 -0.04651129 -0.6660565 0.7444498 -0.06015622 -0.6651309 0.7442997 0.04705983 -0.6427884 0.7645969 -0.2634087 0.5015271 0.8240671 0.4983755 0.8277249 0.2578631 0.09198576 0.9129685 0.3975266 0.01523375 0.8938404 0.4481266 0 0.8849505 0.4656852 -0.01289659 0.8650331 0.501549 0.001777648 0.8498149 0.5270782 -0.03061813 0.7853789 0.6182578 -0.03198975 0.9723134 0.2314806 0.9822003 -0.1254228 0.1398274 0.6668141 -0.5054547 0.5476081 0.3001182 -0.6348501 0.7119652 0.30838 -0.6319125 0.7110474 0.345958 -0.627204 0.6978025 0.7964457 -0.3813907 0.4692711 0.685739 -0.5027067 0.5263535 0.001360595 0.7572116 0.6531683 0.2685422 0.8633313 0.4272521 -0.001944243 0.859331 0.5114164 0.09783935 0.6776559 0.7288416 0.3961506 0.5457302 0.738406 0 -0.5010786 0.8654018 0 -0.6661414 0.7458255 0.0465092 -0.6670027 0.7436022 8.47078e-4 0.7319517 0.6813561 0.004972636 0.7325657 0.6806783 0.01050657 0.7348121 0.6781894 0.01410782 0.7373011 0.675417 5.42988e-4 0.4392606 0.8983596 0.1048408 0.41023 0.905936 -0.2974708 0.3062425 0.9042825 -0.04850387 0.2741895 0.9604517 0.04100859 0.5722759 0.8190352 0 -0.482308 -0.8760017 0.0136699 0.5567372 0.8305763 0.01366609 0.5567367 0.8305767 -0.002778828 0.6088398 0.7932884 0.01087123 0.6631728 0.7483875 0.001549422 0.6766993 0.7362579 0.004924714 0.7234404 0.6903694 0.0823332 0.978393 0.1896534 0.4285268 0.8692591 0.246482 0.03129911 0.9295358 0.3674014 0.3305383 0.7226606 0.607047 0.5649555 0.647309 0.51168 -0.1930907 0.4975337 0.845681 0.4762966 0.3686608 0.7982675 0.7903438 0.2664463 0.5516911 0.8361103 0.1689992 0.5218801 0.7995763 0.174201 0.574745 0.6578805 0.2574102 0.7077665 0.2546305 0.2693696 0.9287644 0.3377472 0.3619266 0.8688706 0.3717023 0.4757204 0.7971998 0.2104334 0.2920523 0.9329648 0.1743978 0.4594377 0.8709204 0.6761348 0.3132384 0.6668758 0.5949412 -0.709883 -0.3769764 -0.7375578 -0.5041919 -0.4492205 -0.7871652 -0.4571667 -0.4139682 -0.9332633 -0.2698963 -0.2370145 -0.9639379 -0.1993795 -0.1762714 -0.8092387 -0.4542633 -0.3725289 0.8856176 -0.2669436 0.3800296 -0.9181513 -0.2250036 0.3261467 -0.05296057 -0.5903678 0.805395 -0.1309622 -0.485417 0.8644185 -0.226581 -0.4130239 0.8820841 -0.1749011 0.1939476 0.9652948 -0.2603226 0.5448815 0.7970799 -0.1295163 -0.6345341 0.761966 -0.1487789 -0.6276143 0.7641761 -0.04480993 -0.4698675 0.8815988 -0.06455743 -0.4527913 0.8892763 -0.08695697 -0.3696208 0.9251049 0.01094573 0.2803713 -0.9598293 -0.01090347 -0.2802799 0.9598564 -0.01994919 -0.2216335 0.974926 -0.02161282 -0.1234729 0.9921126 -0.009684085 0.03488546 0.9993444 -0.6037135 -0.1882399 -0.7746586 0.9551128 -0.08493012 0.2838072 0.6341868 -0.3465542 0.6911638 0.1152188 -0.3740748 0.9202135 -0.8524385 -0.3894119 -0.3488654 -0.8297063 -0.4154039 -0.3728635 -0.8799792 -0.3535606 -0.3172249 -0.9523522 -0.2268978 -0.2038205 -0.9629394 -0.2005322 -0.1803737 -0.87448 -0.3611983 -0.3237599 -0.9638328 -0.1985186 -0.1778107 -0.9724587 -0.173688 -0.1554242 -0.996918 -0.0584008 -0.0523827 -0.7604487 -0.4834104 -0.4336267 0.02331328 -0.6019738 0.7981755 0.9967918 0.07984942 -0.005508601 0.2460334 0.6079838 0.7548665 0.1278992 -0.1579098 0.9791355 0.1747075 -0.5035384 0.8461243 0.02329486 -0.6019141 0.7982211 0.8376958 -0.3106079 0.4492086 -0.9932364 -0.08066153 0.08351844 0.8297093 -0.415372 -0.3728925 0.869822 -0.3674826 -0.3291906 0.8739129 -0.3620471 -0.3243425 0.9582399 -0.2129749 -0.1908354 0.9746113 -0.1668676 -0.1492919 0.8797602 -0.3538705 -0.3174869 0.9599859 -0.2082656 -0.187223 0.9629399 -0.2005558 -0.1803442 0.9969177 -0.0583992 -0.05239117 0.7604781 -0.4833909 -0.4335969 0.7838093 -0.2627255 0.5626887 -0.004546761 -0.03156059 0.9994915 0.003646433 0.03607177 -0.9993426 0.2543476 -0.1213318 0.9594718 0.155689 0.09824645 0.9829083 0.02185314 -0.2458657 0.9690576 -0.02857643 -0.2919318 0.9560121 -0.01459515 -0.4585523 0.8885477 -0.08755052 -0.4778163 0.8740862 0.565128 -0.509801 0.6486396 0.03164774 -0.3727608 0.9273877 0.2208847 -0.4691538 0.8550466 -0.7674396 -0.2336768 0.597019 0.9857309 -0.1265244 -0.1110237 0.9746384 -0.16868 -0.1470614 0.7524709 -0.4921934 -0.4376453 0.7384594 -0.5021101 -0.4500703 0.04242467 -0.4550044 0.889478 0.09431147 -0.4255797 0.899993 -0.1249936 -0.2315449 0.9647609 0.04128623 -0.09430879 0.9946866 -0.004369318 -0.07913196 0.9968547 -0.2406674 0.1832548 0.9531511 0.1351127 0.1351972 0.9815633 -0.8813983 -0.1121329 0.4588718 -0.6426681 0.02800619 0.7656328 -0.4711301 0.1665752 0.8661924 -0.912719 -0.1024249 0.3955416 -0.5857593 -0.1824909 0.7896728 -0.5639142 0.5075964 0.6514191 -0.5216691 0.4007667 0.7531585 -0.9467818 0.2138777 0.2405428 -0.299554 0.4941898 0.8161152 -0.6103224 0.4371017 0.6606426 -0.8392603 0.1500559 0.5226141 -0.5581158 0.2919101 0.776721 -0.7686424 0.2257944 0.598503 -0.2859254 0.2614698 0.9218896 -0.6448063 0.1403923 0.751342 -0.03963232 0.3886714 0.9205237 -0.3729987 0.3643948 0.853281 0.9989134 -0.02786165 -0.03736001 0.04156798 -0.6180068 0.7850732 0.08256393 -0.810198 0.5803123 0.08280974 -0.8107105 0.5795612 0.04876834 -0.905802 0.4208854 0.02894508 -0.9943416 0.1022118 0.02014881 -0.9064851 0.4217567 0.02889478 0.8980117 -0.4390218 0.04604524 -0.9976929 -0.0498892 0.0359016 -0.9915887 -0.1243507 0.02386146 -0.9688487 -0.2465016 0.02083986 -0.9448061 -0.3269668 0.03876245 -0.8151773 -0.577913 0.02966731 -0.7870398 -0.6161885 0.9986406 -0.04991513 -0.01501923 0.9978886 -0.06188523 0.01971852 -0.008167803 -0.7301543 0.6832335 -0.01555418 -0.8128783 0.5822259 -0.02688807 -0.8569019 0.5147778 -0.02205187 -0.9066589 0.4212876 -0.02268892 -0.9136804 0.4057996 -0.04690915 -0.9634181 0.2638656 -0.109411 -0.9891352 0.0981878 -0.05670076 -0.983321 -0.1728147 -0.0586031 -0.9905218 -0.1242268 -0.06198441 -0.9672631 -0.2460901 -0.05484163 -0.9799587 -0.191503 -0.01368117 -0.899702 -0.4362905 -0.01188045 -0.8451289 -0.5344306 -0.9966745 -0.07496756 0.03193545 -0.9958686 -0.06863105 0.05946052 -0.9969483 -0.02773487 -0.07297348 -0.9905505 -0.0748372 -0.1149306 -0.995527 -0.0275141 -0.09038239 -0.668506 0.4792208 -0.5687242 -0.008070349 0.1522476 -0.9883095 -0.006129801 -0.002167165 -0.9999789 -0.04233014 -0.652105 -0.7569461 -0.03464198 -0.685577 -0.7271754 0.8484865 0.2679468 -0.4563719 0.01354086 -0.02203309 -0.9996656 0.01767408 -0.6558005 -0.7547274 0.9916664 -0.02417933 -0.1265429 -0.6781565 0.1318296 0.722997 -0.7682121 0.299112 0.5660233 -0.85829 0.3311859 0.3919876 -0.7841031 0.1047583 0.6117254 -0.8035639 0.4124212 0.429178 -0.8469214 0.4216679 0.3239142 0.02137029 -0.669534 0.742474 0 -0.6677239 0.744409 0.06539946 0.6662957 -0.7428143 0.2390122 0.6580686 -0.714016 0.3138287 0.6356961 -0.7052674 0.5445876 0.5651673 -0.6196857 0.5677403 0.5496785 -0.6128006 0.8756874 0.3224278 -0.3594606 0.978326 0.1382667 -0.154145 0.967853 0.163673 -0.1909763 0.8711754 0.330435 -0.3631339 0.6799387 0.4556298 -0.5745302 0.5677173 0.5425629 -0.6191307 0.3138173 0.6258828 -0.7139954 0.2812572 0.6285348 -0.7251471 -0.4495229 0.8377812 -0.3099228 -0.7710658 0.5224184 0.3640557 -0.6834991 0.5033653 0.5286327 -0.06450635 0.7077854 0.7034763 -0.07169467 0.9950811 0.06836318 -0.6725307 0.7118018 0.2025853 -0.7791023 0.4090966 0.4750156 0.02001827 0.6692355 0.7427807 -0.256394 0.5006303 0.8268201 -0.7937017 0.388053 0.4684576 -0.8228253 0.4412783 0.3580951 -0.7909671 0.4830468 0.375549 -0.5488952 0.7718464 -0.3208852 -0.5901261 0.6092106 0.5297299 -0.6105715 0.6098458 0.5052629 -0.9674422 -0.06697797 -0.2440692 -0.01922291 0.9554762 0.2944411 -0.6341573 -0.3780651 0.6744712 0.3606482 -0.03608965 0.9320034 0 -0.6644718 0.7473134 -0.009964168 -0.6612592 0.7500914 0.01155102 0.9409934 0.3382276 0.7550985 -0.02375167 0.6551811 0.7224742 -0.3018452 0.6220293 0.7003916 -0.2576382 0.6656383 0.7279921 -0.1471254 0.6696131 0.6990329 -0.0695579 0.7116985 0.7108843 0.03829765 0.7022655 0.7003589 0.06549608 0.7107797 0.7111755 0.2003684 0.673856 0.6880474 0.251981 0.680512 0.7066399 0.3385007 0.6213513 0.6955303 0.3727102 0.6142676 0.7107187 0.4497173 0.5409559 0.7070073 0.4658842 0.5320646 0.70802 0.5278955 0.4690779 0.710244 0.5315819 0.4614914 0.6954175 0.6175269 0.3674985 0.7089621 0.6197705 0.3365373 0.6858288 0.696653 0.2105083 0.7163264 0.6809682 0.1521804 0.6995738 0.7145586 0.001627147 0.7156662 0.6973659 -0.03876453 0.6985239 0.6974416 -0.1601238 0.7169732 0.6701279 -0.1920366 0.7050556 0.6231403 -0.3385156 0.7051954 0.622882 -0.3387 0.7073304 0.5832945 -0.3993135 0.7758086 0.5715612 -0.2672806 0.6613906 0.5162322 0.5441201 -0.9853486 0.1049733 0.1344204 -0.8533275 0.3380987 0.3968896 -0.7465338 0.4555624 0.484923 -0.5495669 0.5769013 0.6042856 -0.0599029 0.3539013 0.9333626 -0.04314154 0.1272557 0.9909313 -0.5187258 0.5896379 0.6190725 -0.6844252 0.503412 0.5273884 -0.7949176 0.4102503 0.4469909 -0.3445087 -0.3088833 0.8865129 -0.5108254 0.1076847 0.8529135 -0.8214429 0.4104 0.3959843 -0.839008 0.391884 0.3774818 -0.03959602 0.7025983 0.7104843 -0.9925644 0.08471363 0.0874046 -0.3315811 0.8294174 -0.4495784 -0.8292853 0.4094789 0.3802801 -0.7223684 0.5007196 0.4769318 -0.8286996 0.3959844 0.3955419 -0.1096786 0.710785 0.6948059 -0.6682782 0.5228825 0.5291486 -0.05299764 0.9358499 0.3483912 -0.05350714 0.9308003 0.3615909 -0.6562778 0.7527773 0.051243 -0.6078829 0.7928768 0.04271656 0.7071498 0.614981 -0.3489091 0.3619173 0.7650914 -0.532589 -0.1178402 -0.6281108 0.7691493 0.09728693 0.6244676 0.774968 0.8209661 -0.3942848 0.4129823 0.9747072 0.1668562 -0.1486771 0.9612827 -0.1526219 0.2294386 0.7408717 -0.5022735 0.4459043 0.602141 -0.5414415 0.5867431 0.3573271 -0.5881388 0.7255413 0.1483978 -0.660846 0.7357042 0.9987219 -0.03317224 0.03813344 0.9825223 -0.1196868 0.1425665 0.9505224 -0.2095343 0.2293528 0.8295722 -0.3713979 0.4169816 0.8121643 -0.3902129 0.4337318 0.594783 -0.5353741 0.5996731 0.6018553 -0.5314073 0.5961346 0.3584716 -0.6246045 0.6938064 0.2725308 -0.6397575 0.7186357 0.9999992 -0.001295149 -2.56862e-4 0.9999983 -3.3943e-4 0.001849114 1 0 0 1 4.26768e-7 0 1 1.87655e-6 0 1 -1.84386e-6 0 1 -2.7931e-7 0 1 2.23564e-6 0 1 -2.3641e-7 0 0.9998365 0.01495206 -0.01018172 1 -8.12509e-7 0 0.9999771 0.005807459 0.003499567 0.9999784 0.006389319 0.001523315 0.9999797 0.006359577 4.5619e-4 1 5.23765e-6 1.75957e-7 1 0 1.7819e-7 1 0 1.98313e-7 1 0 2.44179e-7 1 -2.73433e-6 3.74393e-7 1 -2.36622e-4 3.18325e-4 1 -2.18721e-4 3.45835e-4 1 -3.16048e-4 2.5131e-4 1 -4.50677e-4 1.5689e-4 -0.03606039 0.6719998 0.7396729 -0.5132387 0.4096053 0.7541946 -0.1235662 -0.02130192 0.9921077 -0.1275092 0.02393567 0.9915485 -0.377366 0.4607265 0.803322 -4.28787e-4 0.7677303 0.640773 -0.002851307 0.7953034 0.6062052 0 0.8540713 0.520156 -0.004265189 0.924587 0.3809472 -0.001775801 0.9387621 0.3445613 -3.57682e-4 0.9809561 0.194229 -0.003329157 0.9915117 0.1299747 0 0.9992293 0.03925448 0 0.9969622 -0.0778883 0 0.9969651 -0.07784968 0 0.9810279 -0.1938668 0 0.9810205 -0.1939041 0 0.9197323 -0.3925465 -0.004266142 0.9388971 -0.3441715 0.001556634 0.8448714 -0.5349673 0 0.7264491 -0.6872204 5.7212e-4 0.7371049 -0.6757782 -0.001043975 0.8674597 -0.4975064 0.00230205 0.8436692 -0.5368585 3.57678e-4 0.9389057 -0.3441745 0.003329336 0.9593086 -0.2823402 0 0.981028 -0.1938668 0 0.9969651 -0.07784968 0 0.9969622 -0.07788825 0 0.9695237 0.2449978 0.004266619 0.9809473 0.1942273 -4.0507e-7 0.9387636 0.3445619 0.002445995 0.9042638 0.4269673 -0.001428246 0.8540704 0.5201556 7.14556e-4 0.7873989 0.6164434 -0.9940593 0.07267379 -0.08102256 -0.7169664 0.4620457 -0.5219895 -0.6157143 0.5465846 -0.5675749 -0.3771332 0.6184203 -0.6894395 -0.2389993 0.6593075 -0.7128766 -0.1088593 0.6637575 -0.7399836 -0.1604156 0.654725 -0.7386488 -0.3771478 0.6187459 -0.6891394 -0.5198611 0.5495201 -0.654043 -0.7123924 0.4748 -0.5167806 -0.9194399 0.2433877 -0.3088573 -0.8756299 0.3224994 -0.3595365 -0.9940593 0.07267755 -0.08102059 0 -0.6677259 0.7444073 0 -0.6677247 0.7444084 -2.02541e-6 0.696017 0.7180253 0.5488647 0.2963045 0.7816337 0.4876765 0.167282 0.856848 -0.0931738 0.6778847 0.72924 0.6601014 0.1934566 0.7258379 0.7782229 0.2958931 0.55391 0.7525529 0.40693 0.5177571 0.8229525 0.3863602 0.4165033 0.8489001 0.4452266 0.2848541 0 -0.7444079 -0.6677252 0 -0.744408 -0.6677252 -0.9950693 -0.06632727 0.07374191 -0.9996736 -0.01547116 0.02033424 -0.9041538 -0.2843498 0.3188278 -0.9249008 -0.2481142 0.2880936 -0.7541695 -0.4395804 0.4878501 -0.6552482 -0.4990924 0.5670598 -0.5092872 -0.575176 0.6401556 -0.2725404 -0.6410011 0.717523 -0.3201222 -0.627398 0.7098547 -0.1498695 -0.6599618 0.7361995 0.9912543 0.09144657 -0.09514522 -0.4846015 -0.0556432 0.8729635 -0.7411612 -0.4344848 0.5117646 -0.612644 -0.5480321 0.5694983 -0.2050905 -0.6235432 0.7544084 -0.004391491 -0.6351329 0.7723906 -0.5226016 -0.5661704 0.6374471 -0.9837141 -0.1002417 0.1491925 -0.8095645 -0.5336808 0.2445201 0.3771415 0.6470806 0.6626093 0.05881172 -0.6828012 -0.7282333 0.3642467 0.6992739 0.6150938 -0.003297507 0.9972146 0.07451397 0.6804077 0.5461122 0.4886786 0.6013017 0.58659 0.542539 0.330206 0.8759824 -0.3515946 0.4961334 0.6303741 0.5970596 0.8411071 0.3941537 0.3703806 0.8032022 0.4272229 0.415147 0.552455 0.7694995 -0.3204125 -0.9454234 0.233762 0.227002 -0.759789 0.4753707 -0.4435577 -0.1914185 0.6968135 -0.6912379 -0.4795715 0.8559406 -0.1933307 0 0.6960166 0.7180258 -0.01284611 -0.6688131 0.7433196 -0.01719498 -0.6676267 0.7442976 0.008419394 -0.393285 0.9193782 -0.09971606 0.8897535 -0.445416 -0.3019862 0.04332554 0.9523274 -0.7759493 -0.05031841 0.6287852 -0.7210451 0.5560106 -0.4134565 -0.7267244 0.5622907 -0.3945895 -0.7063053 0.6168749 -0.3472726 -0.7152445 0.659505 -0.2312538 -0.6895936 0.6955031 -0.2018319 -0.711751 0.7019957 -0.02475172 -0.7015506 0.7126173 -0.001861929 -0.7109811 0.6932113 0.1181693 -0.6933571 0.7024001 0.1609043 -0.7104799 0.6529526 0.2624335 -0.6935362 0.6408839 0.3290522 -0.7160213 0.5790821 0.3898428 -0.6935629 0.5556702 0.458477 -0.7242242 0.452517 0.5203151 -0.7051571 0.4265665 0.5663872 -0.7071246 0.3487344 0.6151091 -0.7120561 0.3308443 0.6192885 -0.7054249 0.2698726 0.6553966 -0.710712 0.2268685 0.6658973 -0.7012144 0.1877678 0.6877803 -0.7114012 0.1043881 0.6949902 -0.6974487 0.06575781 0.7136114 -0.7094011 -0.01454055 0.7046551 -0.6893596 -0.09399873 0.718295 -0.7189695 -0.1704876 0.6738077 -0.6992197 -0.2609406 0.6655839 -0.7188571 -0.3219116 0.6161311 -0.2811159 -0.7013763 -0.6550154 0.8211922 0.3822801 0.4236806 0.9974444 0.04173481 0.05799037 -0.2583209 0.6706644 0.695327 0.7742838 0.4408792 0.4539937 0.380061 -0.3384948 0.8607991 0.6456618 0.240604 0.7247279 0.7429932 0.4619517 0.4843158 0.608188 0.5472098 0.5750381 0.6238482 0.5390691 0.5658781 0.04453265 0.3710557 0.9275423 0.04809182 0.01242864 0.9987656 0.4847603 0.0756511 0.8713693 0.9944797 0.08591747 0.06023555 0.670123 0.5699115 0.4755377 0.5813418 0.7845097 -0.2158389 0.7514705 0.4941817 0.4371232 0.1399549 0.7146954 0.6852906 0.5015022 0.7208656 0.478381 0.3347624 0.9010348 0.2758086 0.8228276 0.432907 0.368166 0.8089113 0.3856223 0.4437994 0.8452051 0.3392071 0.4129974 0.6483002 0.4857196 0.5863304 0.4024827 -0.2819974 0.8709107 0.7547283 0.4310172 0.4945801 0.7318454 0.4682031 0.4951649 -0.01872748 0.6755052 0.7371174 0.261277 0.3300135 0.9070973 0.3473741 0.9375622 0.01756197 0.07647824 0.7833793 0.6168209 0.3716289 0.6925559 0.6182703 0.1767096 0.9656037 0.1907438 0.7459378 0.4712737 0.4706144 0.6292413 0.7735348 -0.07549434 0.1499843 0.9726625 -0.1772924 -1 1.43516e-6 0 -1 -2.27708e-7 0 -1 -8.87683e-7 0 -0.9999831 0.00360769 -0.004566073 -0.9999961 1.76019e-4 -0.002801299 -1 -1.52723e-7 0 -1 9.68984e-7 0 -1 -3.19547e-7 0 -1 -2.93462e-7 0 -1 1.36559e-7 0 -0.9999419 -0.006725549 0.008428096 0.2138066 0.5189262 0.8276488 0.1072191 0.6967415 0.7092639 0.4220421 0.6441395 -0.637938 0.01059263 0.9734585 -0.2286184 0.007695019 0.9839459 -0.1783015 0.1013998 0.7850586 0.6110656 0.007331013 0.8852261 0.4651033 0.0145967 0.7471999 0.6644391 0.003601491 0.785688 0.6186126 0.06290459 0.6398151 0.7659502 0.936695 0.2836288 -0.2053225 0.9364972 0.2838694 -0.2058916 0.9956831 0.08984434 -0.02330392 0.9645493 0.2141292 -0.1542514 0.9341943 0.2894763 -0.2085294 0.8329942 0.3881866 -0.3942485 0.7987715 0.4224309 -0.4283882 0.6337969 0.5829604 -0.5083885 0.6292991 0.5824959 -0.5144718 0.6254271 0.5833552 -0.5182064 0.5338567 0.6080129 -0.5876372 0.433858 0.6429259 -0.6312001 0.3156415 0.6894184 -0.6519761 0.2775911 0.7063232 -0.6511919 0.2241377 0.705966 -0.671844 0.1249807 0.7098809 -0.6931443 0.3499718 0.8806105 0.3194447 0.4382626 0.7456096 0.5019883 -0.00237739 0.907652 -0.4197171 0.003240942 0.9947463 0.1023199 0 0.7629812 -0.6464208 -0.01437395 0.7198472 0.6939838 -0.01506394 0.7267094 0.6867799 -0.02169591 0.6857877 0.7274782 -0.01385682 0.7705833 0.6371887 -0.4927024 0.6483267 -0.5804454 -0.006250202 0.9987694 0.04920083 -0.2559709 0.7694221 -0.5852081 -0.3901032 0.6781412 -0.6228516 -0.01029276 0.9840835 -0.177409 -0.3664265 0.6759232 -0.6394212 -0.3280603 0.690867 -0.6442666 -0.3880527 0.7011953 -0.598114 -0.5994113 0.5927852 -0.5378772 -0.6968032 0.5449829 -0.466325 -0.7999652 0.5008848 -0.3304093 -0.8197415 0.493469 -0.2907102 -0.8691681 0.4166433 -0.2663746 -0.9241675 0.320264 -0.2081957 -0.9590213 0.2451422 -0.1420678 -0.9789528 0.1893484 -0.07614845 -0.957225 0.2408084 -0.1604105 -0.9776579 0.2101263 -0.005650997 0.02519643 -0.3440901 0.9385986 -0.002419948 -0.535224 0.8447067 -0.01800912 -0.6207564 0.7837967 -3.58953e-5 -0.0733211 0.9973084 3.04332e-5 -0.02482283 0.9996919 0.01711595 -0.4783703 0.8779914 -2.04984e-4 0.1259558 0.9920359 -5.49378e-5 0.07678788 0.9970475 3.39994e-4 0.02045875 0.9997907 -3.11363e-5 -0.07322168 0.9973158 3.19715e-5 -0.1234994 0.9923447 -2.80774e-5 -0.1254543 0.9920995 2.88535e-5 -0.1739799 0.9847492 -9.84978e-5 -0.178214 0.9839918 -0.7818639 -0.6230042 -0.02355194 -0.7800268 -0.5379242 0.3196809 -0.4955006 -0.2449412 0.8333564 -0.7071036 -0.5263781 -0.4721553 -0.707107 -0.5263762 -0.4721524 -0.7068371 -0.5266941 -0.4722018 0.7071036 -0.5263781 -0.4721553 0.7071068 -0.5263763 -0.4721527 0.7071102 -0.5263721 -0.4721522 0.8084346 -0.5877521 -0.03132468 0.609895 -0.2736298 0.7437438 0.7983842 -0.5195172 0.3044415 0.4790976 -0.2614645 0.8379151 -0.6316516 0.4179148 0.6529653 -0.6746788 0.5120886 0.5315768 0.7170917 0.08556145 0.6917072 0.5504781 -0.05317878 0.8331542 0.416247 -0.6104494 0.673862 0.9953455 -0.05577498 0.07859206 0.5807271 -0.5350441 0.6135829 0.9414506 -0.2469431 0.2295429 -0.1448725 0.6886706 0.710454 0.9511792 0.3085779 -0.006159007 0.8755018 0.4715826 0.1053879 0.9667701 0.2322443 0.1068559 0.932606 0.3171545 0.1722184 0.9261673 0.2847709 0.2472242 0.9704591 0.1542363 0.1855275 0.9860156 0.09303313 0.1382688 0.9707008 0.1149555 0.2110103 0.9326252 0.1028466 0.34588 0.9738236 0.01237779 0.2269681 0.9883849 -0.008346498 0.1517424 -0.4928998 -0.1805461 0.851148 0.9933152 0.007144212 0.1152135 0.999136 -0.01251983 0.03962999 0.9964609 0.04736447 0.069444 0.9994378 0.02643746 0.02062362 0.9894511 0.1420242 -0.02856135 0.9867597 0.1578939 -0.03708016 0.9301115 0.3196389 -0.1808968 -0.7506864 0.4649919 0.4693107 0.5280675 0.08497208 0.8449406 0.9181868 0.3954191 -0.02402049 0.8204981 0.5694533 -0.05005717 -0.5347715 0.8328516 0.142751 0.3608204 0.6483625 0.670399 0.7129108 0.4393409 0.5465692 0.1569853 0.6725704 0.7231907 0.6657876 0.1908476 0.721321 0.692528 0.4669925 0.5498391 0 -0.7245255 -0.6892481 -2.56743e-4 -0.7177079 -0.6963443 3.37444e-5 -0.6861148 -0.7274934 3.30042e-4 -0.4810901 -0.8766711 -1.86483e-4 -0.4434273 -0.8963103 -0.233022 -0.7241392 -0.6490941 -0.4901961 -0.6486108 -0.5822473 -0.2979909 -0.710663 -0.6373066 -0.464732 -0.6592189 -0.591147 -0.5228306 -0.6347816 -0.5689468 -0.6494053 -0.5660818 -0.5077639 -0.5274919 -0.632084 -0.5676461 -0.2760251 -0.7154442 -0.6418331 -0.1919845 -0.7304327 -0.6554464 -0.07845389 -0.7421149 -0.6656655 0.5773472 -0.6079196 -0.5450724 0.191989 -0.730438 -0.6554393 0.4628378 -0.6595588 -0.5922528 0.2461885 -0.7208278 -0.6479187 -0.1604253 -0.734402 -0.6594828 0.07848268 -0.7421068 -0.6656711 0.2818314 -0.7142 -0.6406946 0.4687972 -0.6573515 -0.5900155 0.4901869 -0.6485807 -0.5822886 0.6494242 -0.5660666 -0.5077568 -0.5777722 0.8124471 -0.07816159 -0.5223605 0.8489473 0.08017563 0.1449095 0.6886646 0.7104523 -0.5387266 -0.5547816 0.6340276 -0.9968175 0.07235229 -0.03346669 -0.9227945 -0.1698071 0.3458554 -0.34756 -0.6093454 0.7126713 -0.6302249 0.2913715 0.719666 -0.9950643 -0.09737753 0.01909345 -0.8606138 -0.1249182 0.4936997 -0.9436854 -0.006824314 0.3307743 -0.9825327 0.026205 0.1842357 -0.9812738 0.02861094 0.1904814 -0.9528214 0.09788763 0.2873145 -0.9434313 0.1562359 0.2924515 -0.9770187 0.1365904 0.1636386 -0.9196242 0.3276863 0.2165943 -0.9039925 0.3967051 0.1594449 -0.9664521 0.2523977 0.04760152 -0.9581935 0.2857799 -0.0139724 -0.8810294 0.4464128 -0.1565333 -0.9736187 -0.2272691 -0.02038079 -0.3296877 0.8744003 -0.3559921 -0.9993528 0.03591841 0.001983821 -0.9870329 0.1599649 0.01331937 -0.9992711 0.03808218 0.002669513 -0.9918218 0.08045047 0.09908252 -0.9909577 0.09514147 0.09460872 -0.9996065 0.008714556 0.02666217 -0.9986277 0.008130967 0.05173546 -0.7158482 -0.2517787 0.6512826 0.7153202 0.4839569 0.5040859 0.3188756 -0.01751029 0.9476349 -0.5844609 0.09879064 0.8053857 0.1722407 0.9775171 0.1216281 -0.01651036 0.6986756 0.7152481 4.95939e-6 0.6960178 0.7180246 0.5535475 0.8280765 -0.08873844 0.5433996 0.1652714 0.8230445 0.3377552 -0.04814279 0.9400021 0.9964355 -0.03915852 0.07472026 0.9492343 -0.1264691 0.2880275 0.1309611 -0.6530038 0.7459459 0.02088838 -0.5052631 0.8627126 -0.07175821 -0.4278831 0.900981 -0.1105574 -0.363935 0.9248396 -0.02202093 -0.2458645 0.9690541 -0.03747785 -0.2569583 0.9656956 -0.5674962 -0.2541046 0.7831852 -0.9203574 -0.09684479 0.3788974 0.009355127 -0.4771991 0.8787454 -0.3557534 -0.4582317 0.8145325 -2.7725e-4 -0.01439529 0.9998964 0.004928469 -0.2087317 0.9779606 0.009918689 0.5963106 -0.8026925 1.26514e-4 0.3932031 0.9194517 -9.68048e-4 0.6604442 0.7508747 1.65395e-4 -0.05217897 0.9986377 0.002473652 0.4290366 0.9032838 6.08726e-4 0.3215768 0.9468833 1.18848e-4 0.7174229 0.696638 -3.85275e-4 0.6773668 0.7356454 0.04286295 -0.5945973 0.8028805 0.05884027 -0.327617 0.9429767 0.3612208 -0.5865396 0.7249075 0.1036753 -0.3448022 0.9329324 -0.1158012 -0.5133146 0.8503519 0.8564739 -0.131523 0.4991536 0.3890979 -0.3767473 0.8406333 0.8705751 -0.2855722 0.4006838 -0.7331761 -0.6470966 -0.2090901 -0.0191487 -0.2052496 0.9785224 -0.01107627 0.3649722 0.9309526 -0.04880428 0.2357439 0.970589 -0.005534946 -0.1308505 0.9913867 0.003757655 -0.8396767 -0.5430736 0.001583039 -0.5756086 -0.8177239 -7.92547e-4 0.03591251 0.9993547 -0.005825757 -0.9935685 -0.1130826 -0.00224024 -0.9033275 -0.4289458 -0.002862691 -0.5349687 -0.8448671 -7.19739e-4 -0.01001656 0.9999496 -0.002141058 0.1030821 0.9946706 0.7045266 -0.6209631 -0.3435801 0.5969206 -0.3234228 0.7342231 -0.003244936 -0.5166283 -0.8562036 -0.6044889 -0.5675323 -0.5590172 -0.5492463 -0.6022936 -0.5792849 -0.5224124 -0.6088433 -0.5969884 0.005667805 -0.6495095 -0.7603323 -0.2320137 -0.6567973 -0.7174866 0.01544743 -0.6634244 -0.7480838 0.002343356 -0.6222754 -0.7827949 0.001872301 -0.6068012 -0.7948516 0.002096056 -0.5903845 -0.8071196 0.007251739 -0.5309031 -0.8474015 0.007560253 -0.5288714 -0.8486684 0.002358973 -0.5369771 -0.8435935 -0.1162749 -0.596539 0.7941168 -0.2050117 0.1356475 0.9693142 -0.2156187 -0.2440335 0.9454926 -0.5292124 0.1691859 0.8314507 -0.09094661 -0.5907486 0.8017138 -0.6011312 -0.4848533 0.6352626 -0.91983 -0.2067438 0.3334217 -0.3214639 0.4287235 0.8443088 0.09776628 -0.7170491 -0.6901322 0.4395594 -0.6334368 -0.6368245 0.6127206 -0.5650674 -0.5525146 8.36134e-4 -0.5314114 -0.8471136 0.003534317 -0.4895651 -0.8719596 0.1138397 -0.5110556 -0.8519757 0.002430737 -0.4257941 -0.9048168 -8.80276e-4 -0.560839 -0.8279244 -0.00709021 -0.5976508 -0.8017253 -0.005391359 -0.6063678 -0.7951661 -2.21148e-4 -0.6467173 -0.7627298 0.005635559 -0.7888709 -0.6145331 0.09001243 -0.9284137 -0.3604798 0.1354556 -0.6604668 0.7385361 0.7409061 -0.4750897 0.4747083 0.685925 -0.496003 0.532436 0.9192439 -0.2506662 0.303574 0.9986806 0.04228907 -0.02913242 -0.01271688 0.46296 0.8862881 0.03340899 -0.7447701 -0.6664844 0.005687534 0.1053704 0.9944168 0.007284224 -0.9195585 0.3928858 4.15233e-4 -0.4682667 0.8835871 0.002103924 0.5852263 0.8108673 -0.009698152 0.4664018 0.8845199 -0.0747134 -0.7687404 0.635182 0.7193533 0.437309 -0.5397146 -0.0296815 -0.9844169 -0.1733278 -0.3713442 -0.6285445 0.6833999 -0.5756585 -0.5433092 0.6110913 -0.7714675 -0.420031 0.4779247 -0.9045588 -0.301281 0.3016676 -0.965653 -0.2162322 0.144076 -0.9403595 -0.2514454 0.2291273 0.9748542 0.1564491 -0.1586912 -0.1082705 0.6734756 0.7312374 1 -8.55458e-5 4.5243e-5 -0.9974239 -0.03739333 0.06121629 0.9999042 -0.01220893 0.006534457 -0.9999725 -0.0052042 0.005279302 -0.9999837 -0.003835141 0.004245698 -0.9746667 -0.1127524 0.1931627 4.40075e-5 0.7444471 0.6676815 0 0.7443895 0.6677457 0 0.7444027 0.6677309 0 0.7444105 0.6677222 0 0.7443703 0.6677671 0 0.7443914 0.6677437 0 0.7444235 0.6677079 0 0.7444333 0.6676969 0 0.7443948 0.6677398 0 0.7444084 0.6677246 -1.48067e-5 0.7444619 0.667665 -0.2844926 -0.6255983 0.7264232 -0.008413732 -0.420322 -0.9073361 -0.1004524 -0.9938058 -0.04753482 -0.02795886 -0.3014764 0.9530636 -0.03849911 -0.2109563 0.9767371 -0.804183 -0.5590569 -0.2018542 0.6779137 -0.5743692 -0.4588388 0.738939 -0.5655831 -0.3661763 0.7686572 -0.6333258 -0.08980345 0.001850247 -0.1028637 -0.9946938 0.01972246 -0.03614187 0.9991521 0.01598387 -0.5782599 0.8156961 0.01977717 -0.8258991 0.5634711 0.02922207 -0.9482228 0.3162588 0.02960073 -0.9500518 0.3106855 -3.19782e-6 -0.6677213 0.7444114 0 -0.6677252 0.7444078 0.9932932 -0.07703447 0.08622223 0.3851696 -0.6055982 0.6963442 0.1445201 -0.6600723 0.7371693 0.1663975 -0.6569396 0.7353518 0.4033927 -0.6129375 0.6793983 0.4955496 -0.5762161 0.6499274 0.6998003 -0.4800694 0.5289735 0.796446 -0.4002765 0.4532686 0.9279397 -0.251308 0.2752673 0.9558969 -0.1951343 0.2195078 0.997857 -0.04520714 0.04730427 -0.9975755 -0.0463773 0.05188828 -0.9978591 -0.04366022 0.04869532 -0.9559033 -0.1961686 0.2185564 -0.9668708 -0.1687734 0.1915109 -0.9043745 -0.2853676 0.3172888 -0.8472074 -0.3527213 0.3972748 -0.7628281 -0.4329582 0.4802506 -0.6372897 -0.5132508 0.5748353 -0.5815743 -0.5441476 0.6047105 -0.376023 -0.616936 0.6913731 -0.1174769 -0.6631028 0.7392522 -1 2.95168e-6 0 -1 5.00365e-6 0 -1 -2.22046e-6 0 -1 3.68451e-6 0 -1 -4.24016e-6 0 -1 3.86171e-6 0 -1 2.92815e-6 0 -1 -3.7014e-7 0 -1 -7.70436e-6 0 -1 4.85119e-6 0 -1 7.42399e-7 0 -1 -4.89733e-6 0 -1 1.4616e-6 0 -1 1.48095e-6 0 -1 -1.10185e-6 0 -1 2.19822e-6 0 -1 -1.48084e-6 0 -1 1.80657e-6 0 -1 -1.46756e-6 0 -1 -2.20449e-6 0 -1 -6.06055e-7 0 -1 0 0 -1 -1.11097e-6 0 -1 1.11861e-6 0 -1 -1.98167e-6 0 -1 2.93715e-6 0 -1 -2.96054e-6 0 -1 -1.09889e-6 0 -1 1.39458e-6 0 -1 0 0 -1 5.55282e-7 0 -1 3.70017e-7 0 -1 3.30676e-6 0 -1 -2.95975e-6 0 -1 7.30277e-7 0 -1 -1.48059e-6 0 -1 -1.10516e-6 0 -1 1.46625e-6 0 -1 -2.44494e-6 0 -1 1.48681e-6 0 -1 -2.43139e-6 0 -1 1.47439e-6 0 -1 -1.47769e-6 0 -1 2.23685e-6 0 -1 1.47871e-6 0 -1 -9.05364e-7 0 -1 -1.48031e-6 0 -1 2.90901e-6 0 -1 -2.46446e-6 0 -1 -1.45023e-6 0 0.003078043 0.621368 -0.7835128 -0.002908349 0.6672394 -0.7448377 0.003588497 0.7718365 -0.6358112 0.002443909 0.7770737 -0.6294049 -6.61162e-5 0.8665328 -0.4991204 0.006282448 0.8848313 -0.4658692 -0.003277242 0.9376536 -0.3475559 0.009701848 0.9720926 -0.2343969 -0.002903282 0.9900857 -0.1404356 0.002956748 0.9996142 -0.02762007 -2.81765e-4 0.9999967 -0.002571642 0.002125859 0.9843937 0.1759682 0.001737415 0.9848275 0.1735281 -0.001771926 0.9507187 0.3100498 0.00212115 0.9428214 0.3332917 -6.8469e-4 0.8942076 0.4476521 0.004447877 0.8519626 0.5235837 0.001420736 0.8387376 0.5445341 0.001454532 0.7424524 0.6698973 0.0053761 0.7279344 0.6856258 -0.003053128 0.6203002 0.7843586 0.009751379 0.5373334 0.8433136 -0.003223001 0.4395298 0.8982222 0.003339946 0.3506971 0.9364831 -0.001373767 0.3114519 0.950261 0.002513587 0.1840652 0.9829109 0.005720555 0.155655 0.9877949 -8.83561e-5 0.073345 0.9973067 0.00816977 -0.08469915 0.9963731 6.22022e-4 -0.05267047 0.9986118 -5.02578e-4 -0.2497552 0.9683089 3.37134e-4 -0.2542958 0.9671264 -1.29785e-4 -0.3906285 0.9205484 0.003791868 -0.436121 0.8998801 -7.06867e-5 -0.4908297 0.8712556 0.005996704 -0.5765647 0.8170295 -0.003157079 -0.6219499 0.7830507 4.59376e-4 -0.7418249 0.6705935 -0.004329562 -0.76168 0.6479389 0.009052872 -0.8778778 0.4787993 0.005221962 -0.8866673 0.4623786 0.001407384 -0.9513928 0.307977 0.01182687 -0.9693182 0.2455252 0.002516806 -0.9865554 0.1634079 -0.001370847 -0.9994696 0.03253501 0.003337323 -0.9999536 -0.009034395 -0.003224432 -0.9944047 -0.1055889 0.009751021 -0.976274 -0.2163195 -0.003050804 -0.9492804 -0.3144161 0.005376458 -0.8933262 -0.4493768 -0.005801439 -0.8642965 -0.5029494 0.002929866 -0.7835109 -0.6213712 -0.001763463 -0.7586619 -0.6514822 0.002120554 -0.6358187 -0.7718355 -0.001771926 -0.6166781 -0.7872135 0.001739382 -0.5000559 -0.8659915 0.002125918 -0.502213 -0.8647414 3.65527e-4 -0.3844131 -0.9231612 0.005335211 -0.3161045 -0.9487095 -0.003253638 -0.2431609 -0.9699805 0.006122529 -0.1124191 -0.9936421 2.19604e-4 -0.07795256 -0.9969571 0.002219498 0.08011239 -0.9967834 0.009657859 0.134948 -0.9908056 -0.003291368 0.254205 -0.9671449 0.003079295 0.3332962 -0.9428172 -0.002698957 0.3851329 -0.9228572 0.002659678 0.5089596 -0.8607863 -0.003288984 0.5581181 -0.8297551 0.0025388 0.5581364 -0.8297454 -0.003317177 0.5235717 -0.8519753 0.002699077 0.3851412 -0.9228538 -0.003079295 0.3332905 -0.9428192 0.003291428 0.2542092 -0.9671437 -0.002438306 0.2018766 -0.9794079 0.001795411 0.08011245 -0.9967843 -0.001232802 0.0458123 -0.9989494 0.002824187 -0.07795369 -0.9969531 -0.004939198 -0.1291661 -0.9916108 0.003253579 -0.2431563 -0.9699817 -0.005334138 -0.3161106 -0.9487074 -3.65527e-4 -0.3844128 -0.9231613 -0.002125859 -0.5022025 -0.8647475 -0.004736483 -0.5166127 -0.8562062 0.003187596 -0.6166759 -0.7872108 -0.01181775 -0.7113498 -0.7027388 -0.00184077 -0.7586612 -0.6514829 -0.001727998 -0.8643033 -0.5029683 -0.002243697 -0.8653841 -0.5011042 0.001322448 -0.9492782 -0.3144347 -0.01486253 -0.9752951 -0.2204055 9.09266e-4 -0.9944074 -0.1056082 -0.00568366 -0.9994537 0.03255879 -0.001270353 -0.9999558 0.009324729 3.91332e-4 -0.9865585 0.1634084 -0.004909396 -0.9715836 0.2366461 0.003271341 -0.951383 0.3079931 -0.006257295 -0.9033035 0.4289566 1.53488e-5 -0.8866868 0.4623705 -0.003395974 -0.7616752 0.6479502 -1.71181e-4 -0.7703859 0.6375778 2.196e-4 -0.6219434 0.7830622 -0.006998777 -0.5902655 0.8071789 7.06867e-5 -0.4908292 0.8712559 -0.003791868 -0.4361212 0.8998801 1.29779e-4 -0.3906133 0.9205549 -2.76571e-4 -0.2707819 0.9626407 0.002715706 -0.2497497 0.9683066 -0.00454241 -0.09393668 0.9955679 -0.002734363 -0.08470326 0.9964026 -8.37615e-4 0.073345 0.9973064 -0.00491172 0.1101179 0.9939064 3.92013e-4 0.1840656 0.9829139 -0.001271128 0.3334034 0.9427834 -0.005677163 0.3114468 0.9502467 9.08401e-4 0.4395313 0.8982269 -0.01486051 0.5408507 0.8409873 0.001325964 0.6202929 0.7843693 -0.001260876 0.7295745 0.6839003 0.00185126 0.7424517 0.6698971 -0.001418173 0.8421998 0.5391638 -0.002325534 0.8387358 0.5445336 -2.2646e-4 0.8941906 0.4476863 -0.005151748 0.9265059 0.3762453 0.003189921 0.9507208 0.3100321 -0.004735469 0.9812967 0.1924434 -0.002125918 0.9843978 0.1759448 2.81765e-4 0.9999967 -0.002571642 -0.002956688 0.9996142 -0.02762007 0.002903282 0.9900882 -0.1404172 -0.01241862 0.9669996 -0.2544754 0.00221318 0.9376623 -0.3475407 -0.002208292 0.8837437 -0.4679661 0.003038942 0.8665366 -0.4991044 -0.002285182 0.783395 -0.6215199 -0.001023113 0.7770752 -0.6294069 -5.94406e-4 0.6672298 -0.7448518 -0.002560019 0.6566952 -0.7541519 1 -9.01704e-7 0 1 1.4773e-6 0 1 -5.86317e-7 0 1 1.53288e-6 0 1 -6.02787e-7 0 1 4.17286e-7 0 1 -2.00074e-6 0 1 3.68655e-6 0 1 -9.19868e-7 0 1 3.44571e-6 0 1 -8.58758e-7 0 1 -1.35522e-6 0 1 -2.6184e-6 0 1 9.0133e-7 0 1 -9.37509e-7 0 1 3.65076e-7 0 1 2.20735e-6 0 1 -1.4773e-6 0 1 5.76728e-7 0 1 1.84201e-7 0 1 -4.04717e-6 0 1 5.14226e-7 0 1 -6.05649e-7 0 1 2.6562e-6 0 0.2863132 -0.5405046 0.7911255 0.2792161 -0.4673651 0.8388137 0.3131611 -0.4045514 0.8592254 0.3731556 -0.3452215 0.8611487 0.3302265 -0.3227483 0.8870085 0.2816613 -0.2447269 0.92778 0.3186249 -0.1361001 0.9380592 0.3561015 -0.1038101 0.9286631 0.2998835 -0.05054521 0.9526359 0.2850991 0.05824899 0.9567265 0.3505114 0.1416911 0.9257783 0.3035673 0.1158719 0.9457381 0.2591611 0.232309 0.9374796 0.2785122 0.3148354 0.9073642 0.3774013 0.3854905 0.8420009 0.3830356 0.3809201 0.8415366 0.3217273 0.4858909 0.8126509 0.3526175 0.5683206 0.7434196 0.4813061 0.602202 0.6369437 0.4282639 0.6414619 0.6364878 0.3365193 0.7394754 0.5830361 0.3334916 0.7903211 0.5139805 0.3788494 0.8184819 0.4319267 0.4801463 0.8082353 0.3409039 0.4338765 0.8394334 0.3272656 0.3388146 0.9097394 0.2399565 0.3325187 0.9299994 0.1566288 0.3646602 0.9266229 0.09161287 0.4492942 0.8933587 0.006720066 0.4839935 0.8749716 -0.01323652 0.3641347 0.9260846 -0.09885972 0.3119134 0.9222115 -0.2285521 0.406737 0.8485385 -0.3384489 0.5149866 0.7714762 -0.3736487 0.4226427 0.7882402 -0.4472702 0.3421863 0.7464895 -0.5706679 0.4034631 0.6444767 -0.6495132 0.4925707 0.5706059 -0.657102 0.4178283 0.562524 -0.7134327 0.3025921 0.5013125 -0.8106318 0.2816955 0.4283661 -0.8585746 0.3524823 0.319981 -0.8794137 0.4496657 0.242673 -0.8595991 0.3845807 0.2150687 -0.8976877 0.2890051 0.09418338 -0.9526834 0.3360342 -0.0143826 -0.94174 0.4057925 -0.06789338 -0.9114401 0.3325885 -0.1214065 -0.9352248 0.2800905 -0.2096544 -0.9368001 0.3060399 -0.2915257 -0.9062849 0.3855609 -0.3676134 -0.846288 0.3966966 -0.3594074 -0.8446646 0.3305779 -0.446947 -0.831238 0.3388133 -0.5367945 -0.7726949 0.4338675 -0.5947656 -0.6767665 0.4801385 -0.596913 -0.6427767 0.3490419 -0.7086961 -0.6131229 0.3222441 -0.7816461 -0.5340301 0.3873495 -0.8153706 -0.430269 0.4823278 -0.8040501 -0.3476541 0.4608053 -0.8193336 -0.3411028 0.3468379 -0.9012209 -0.2598159 0.3149583 -0.9359241 -0.1576303 0.4227119 -0.9058496 -0.02740645 0.4823428 -0.8759659 0.005404531 0.387411 -0.9186883 0.07697254 0.3360211 -0.9275336 0.1636196 0.3323532 -0.9100551 0.2476716 0.4013858 -0.8582402 0.3198645 0.4894595 -0.796077 0.3559366 0.4162538 -0.8104209 0.4122507 0.3388529 -0.7963044 0.5010769 0.3305648 -0.7365608 0.590089 0.3966782 -0.6612209 0.6367366 0.4671301 -0.6049255 0.6448679 0.3693299 -0.5918453 0.7164598 6.1412e-4 -0.564143 0.8256769 -6.10994e-4 -0.5827906 0.8126222 0.001227438 -0.6368781 0.7709636 -0.001228213 -0.6713013 0.7411836 6.11762e-4 -0.7203091 0.6936529 -6.12552e-4 -0.7359321 0.6770551 0.001226663 -0.7804278 0.6252447 -0.001227378 -0.8080482 0.5891153 6.13339e-4 -0.8463871 0.5325681 -6.13334e-4 -0.8582919 0.5131615 0.001228213 -0.8913037 0.4534053 -0.001226663 -0.9110206 0.4123594 6.14109e-4 -0.937034 0.3492376 -6.14107e-4 -0.9447333 0.3278394 0.001227021 -0.964923 0.2625306 0 -0.9706355 0.2405548 0 -0.984784 0.1737829 -0.001227259 -0.9884905 0.1512784 6.13233e-4 -0.9965103 0.08346909 -0.001839458 -0.9992742 0.03804945 0.001839458 -0.9995409 -0.030245 -0.001839101 -0.9951462 -0.09839099 0.001839399 -0.9861096 -0.1660864 -6.12549e-4 -0.9775336 -0.210779 0.001227438 -0.9608716 -0.2769916 -0.001226246 -0.9472616 -0.3204594 6.13338e-4 -0.923195 -0.3843316 -6.1411e-4 -0.9141947 -0.4052752 0.001226603 -0.8844157 -0.4666986 -0.001226603 -0.8622537 -0.5064753 6.14119e-4 -0.8256947 -0.5641169 -0.001839995 -0.7991473 -0.6011325 0.001840531 -0.7562619 -0.6542666 -0.001838862 -0.7098657 -0.7043347 0.001839399 -0.6601298 -0.7511494 -6.12549e-4 -0.6252539 -0.7804212 0.001225888 -0.5705482 -0.8212633 -0.001226603 -0.5325785 -0.8463798 6.12553e-4 -0.4735718 -0.880755 -6.12558e-4 -0.4533909 -0.8913116 0.001226603 -0.3915181 -0.9201697 0 -0.3704924 -0.9288355 0 -0.3062219 -0.9519602 -0.001225054 -0.2844849 -0.9586797 6.14886e-4 -0.2183886 -0.9758618 -6.12567e-4 -0.196112 -0.9805814 0.001227438 -0.1287364 -0.9916782 -0.001226663 -0.08346855 -0.9965097 6.1411e-4 -0.01527172 -0.9998833 -0.001839995 0.03024148 -0.999541 0.001839399 0.09838098 -0.9951472 -0.001839995 0.166066 -0.986113 0.001841187 0.232988 -0.9724779 -6.10985e-4 0.2770107 -0.9608667 0.001225888 0.3419291 -0.9397249 -0.001226603 0.3843387 -0.9231914 6.1333e-4 0.4464347 -0.8948161 -6.12566e-4 0.4667033 -0.8844138 0.001225054 0.5259607 -0.850508 -0.001226663 0.5641225 -0.8256902 6.12566e-4 0.6191703 -0.7852566 -0.001838803 0.654259 -0.7562683 0.001839399 0.704356 -0.7098446 -0.00183767 0.7511462 -0.6601333 0.001839399 0.7944431 -0.6073358 -0.001838803 0.8340446 -0.551694 0.001839399 0.8697426 -0.4935023 -0.001838803 0.9013935 -0.4329971 0.001840293 0.9288384 -0.3704807 -0.001838207 0.9519619 -0.3062109 0.001839995 0.9706332 -0.2405576 -0.001838266 0.9847897 -0.1737414 0.001839518 0.9943478 -0.1061566 -6.13821e-4 0.9981529 -0.06075042 0.001226305 0.9999713 0.007481575 0 0.9995425 0.03024721 0 0.9951426 0.09844386 0 0.9951499 0.09836977 0 0.9861127 0.1660779 -0.001226246 0.9820754 0.1884851 6.13727e-4 0.9669348 0.2550234 -0.001838803 0.9543139 0.2988003 0.001840293 0.9317002 0.3632239 -6.14116e-4 0.9142039 0.4052543 0.001226603 0.8844053 0.466718 0 0.8735597 0.4867171 0 0.8383074 0.5451978 -0.001226663 0.8256943 0.5641166 6.13326e-4 0.7852586 0.6191677 -0.001839995 0.756267 0.6542605 0.00183767 0.7098564 0.704344 -0.001838803 0.6601296 0.7511495 0.001838207 0.6073246 0.7944518 -6.12546e-4 0.5705448 0.8212664 0.001228213 0.5131663 0.8582884 -0.001226663 0.4735817 0.8807491 6.12544e-4 0.4123691 0.9110167 -6.15676e-4 0.3915271 0.9201665 0.001226603 0.3278034 0.9447452 0 0.3062161 0.9519621 0 0.2405421 0.9706388 -0.001226603 0.2183884 0.9758613 6.10995e-4 0.1512867 0.9884898 -6.10992e-4 0.1287484 0.9916771 0.001226663 0.06077247 0.998151 -0.001228213 0.01527172 0.9998827 6.12557e-4 -0.05298459 0.9985952 -6.12545e-4 -0.07570302 0.9971303 0.001226663 -0.1435843 0.9896374 -0.001226603 -0.1884769 0.9820768 6.12558e-4 -0.2550618 0.9669246 -6.14119e-4 -0.2770062 0.960868 0.001226603 -0.3419132 0.9397308 0 -0.3632303 0.9316994 0 -0.4259845 0.9047304 0 -0.4259556 0.9047442 0 -0.4867285 0.8735534 -0.001226603 -0.5064498 0.8622686 0.001150012 0.5681884 0.8228977 4.11334e-4 0.7102909 0.7039082 -7.42066e-5 0.7885454 0.6149765 0.001226723 0.8355126 0.54947 0.001488864 0.9369012 0.3495911 -0.001851499 0.9997859 -0.02060669 -5.95954e-4 0.9993995 0.03464525 9.68479e-5 0.9855386 0.1694516 -0.001240491 0.9690437 0.2468861 -0.001489102 0.88947 0.4569912 -8.42724e-4 0.6746533 0.7381343 0.328098 0.1485319 0.9328933 0.02603673 -0.7150615 -0.6985766 0.01971751 -0.9815398 -0.1902391 0.01553332 -0.8452481 -0.5341482 0.009328842 -0.906197 -0.4227529 0.006243824 -0.9608843 -0.2768796 0.007730245 -0.9922066 -0.124364 0.007052481 -0.9890738 -0.1472529 0.01832842 -0.9997774 -0.01045316 0.009429872 -0.9819189 0.1890676 0.008040368 -0.9420312 0.3354292 0.007285773 -0.9530969 0.3025775 0.01497113 -0.9015963 0.4323197 0.01437985 -0.895563 0.4447023 0.0103845 -0.7477834 0.6638616 0.01210862 -0.6840018 0.7293798 0.01723527 -0.5937824 0.8044412 0.01319664 -0.6396216 0.7685768 0.00825566 -0.4954472 0.8685989 0.007873058 -0.3902553 0.9206731 0.01045179 -0.2796567 0.9600432 0.01028215 -0.2831032 0.9590344 0.007566332 -0.1652196 0.9862278 0.007906377 -0.04850816 0.9987915 0.009642302 0.01239186 0.9998768 0.02122652 0.1669588 0.9857354 0.009370267 0.3181719 0.9479867 0.009180545 0.3287773 0.9443629 0.0211907 0.7389456 0.6734319 0.04839164 0.4212979 0.9056304 0.04450309 -0.1118794 0.9927248 0.08654242 0.3318578 -0.9393514 0.05424106 0.8626434 0.502896 0.032727 0.9363978 0.3494113 0.02375751 0.9852637 0.1693851 0.02384686 0.9991142 0.03467416 0.02861303 -0.3630098 -0.9313459 0.01310354 0.9961671 -0.08648514 0.02445948 0.9660212 -0.2573027 0.02262204 0.9497073 -0.3123208 0.02129268 0.9065917 -0.4214715 0.02232748 0.8509184 -0.5248233 0.02417117 0.8163961 -0.5769864 0.02093434 0.7835828 -0.6209347 0.0165041 0.705469 -0.7085486 0.01454466 0.6175919 -0.7863644 0.01516836 0.5010076 -0.86531 0.01953142 0.3744329 -0.9270483 0.01503205 0.4438869 -0.8959567 0.02568608 0.3617087 -0.9319373 0.009501874 0.03155416 -0.9994569 0.009480237 -0.03901028 -0.9991939 0.01368463 -0.2326452 -0.9724655 0.01053804 -0.1718285 -0.9850705 0.02870559 -0.3386977 -0.9404574 0.02864444 -0.4480941 -0.8935275 0.03331822 -0.5683151 -0.8221363 0.03488975 -0.5869902 -0.808842 0.02777087 -0.6774508 -0.7350437 -0.7625077 0.003103077 0.6469717 -0.7542335 -0.6508017 -0.08711522 -0.7196605 -0.5262089 -0.4529824 -0.8668673 0.4549192 -0.2039355 -0.9793454 0.1765258 -0.09859675 -0.9854305 0.06412118 0.1575283 -0.9821344 0.1811169 0.05107492 -0.8725107 -0.03862953 0.4870654 -0.9938937 -0.01915311 0.1086674 -0.9939959 -0.05310267 0.09566712 -0.9044113 -0.4169645 0.09044915 -0.9931831 -0.0302664 0.1125667 -0.9429044 -0.06420546 -0.3268167 -0.9425995 -0.05311071 -0.3296747 -0.8704689 -0.225813 -0.4373698 -0.9575812 0.06913655 -0.2797472 0.9903525 0.1347634 0.03226244 0.780444 -0.6224119 -0.05925214 0.9739812 0.01524865 -0.2261152 0.9191502 0.09686285 -0.381812 0.9820682 0.0837484 -0.1689031 0.9846783 -0.1260365 -0.1205142 0.9846708 -0.1280972 -0.1183841 0.7669072 -0.3993057 0.5024027 0.8170422 -0.3226748 0.4778317 0.5138283 -0.2171118 0.8299657 0.9950552 -0.01937431 0.09741616 0.9919121 0.09996962 0.07820874 0.9194356 0.3851914 0.07915735 0.6059229 -0.71993 0.3384646 0.8044223 -0.5883981 -0.0818091 0.7373095 0.3020636 0.6042618 -0.04128807 -0.02105236 -0.9989256 -0.01411247 -0.7915679 -0.6109184 -0.01314568 -0.7795515 -0.6262003 -0.008215129 -0.677671 -0.7353194 -0.006260156 -0.5686233 -0.8225743 -0.007709264 -0.448268 -0.893866 -0.007996141 -0.4409699 -0.8974863 -0.01185208 -0.3974888 -0.9175305 -0.007680118 -0.1730358 -0.9848857 -0.01069372 -0.03900873 -0.9991817 -0.0143615 0.03828537 -0.9991637 -0.008058428 0.1893439 -0.9818778 -0.008164167 0.1431658 -0.9896651 -0.01340991 0.3744683 -0.9271428 -0.0214374 0.513373 -0.8578979 -0.02218389 0.5009397 -0.8651978 -0.01923477 0.6175387 -0.7863054 -0.01950514 0.7054374 -0.7085038 -0.02252846 0.7835576 -0.6209107 -0.02309656 0.7905389 -0.6119762 -0.0164138 0.8510187 -0.5248787 -0.01187062 0.9067275 -0.42155 -0.01023358 0.9499008 -0.3123841 -0.01082408 0.9648624 -0.2625325 -0.02576255 0.9992707 0.02818316 -0.06026822 0.5978668 -0.7993267 -0.1125236 -0.2615379 0.9586118 -0.05142033 0.9604866 0.2735351 -0.02967232 0.8890777 0.4567938 -0.02775615 0.7882508 0.614728 -0.04262357 0.5666267 0.8228715 -0.04652696 0.532552 0.8451175 -0.01388961 0.2496905 0.9682261 -0.02334445 0.5902421 0.8068888 -0.02282822 0.6260768 0.7794272 -0.005520582 0.1858564 0.9825614 -0.005636632 0.1262992 0.9919762 -0.0115416 -0.08365988 0.9964275 -0.01326388 -0.048505 0.9987349 -0.01017433 -0.1652156 0.986205 -0.00964874 -0.2796577 0.9600513 -0.01169675 -0.3902407 0.9206386 -0.01626831 -0.4948908 0.8688029 -0.01626008 -0.4954019 0.8685117 -0.01726132 -0.5937719 0.8044483 -0.02035915 -0.6751537 0.7373961 -0.01993584 -0.683889 0.7293137 -0.01662367 -0.8277841 0.5608006 -0.01640248 -0.8160541 0.5777428 -0.01602309 -0.8105646 0.58543 -0.02458262 -0.8626435 0.5052148 -0.009748637 -0.9836108 0.1800417 -0.01015663 -0.9996138 0.02586662 -0.007598876 -0.9897419 0.1426654 -0.02313065 -0.9951077 -0.09605085 -0.02088439 -0.9920183 -0.1243531 -0.01314663 -0.9608232 -0.2768502 -0.01229631 -0.9061673 -0.4227405 1 2.8956e-6 0 1 -1.46347e-6 0 1 1.48423e-6 0 1 -1.45913e-6 0 1 1.47101e-6 0 1 -6.09019e-7 0 1 -3.79395e-7 0 1 -1.482e-6 0 1 1.21397e-6 0 1 -1.47769e-6 0 1 1.47441e-6 0 1 -2.43139e-6 0 1 2.43437e-6 0 1 7.39514e-7 0 1 -1.81424e-6 0 1 3.31552e-6 0 1 -7.40302e-7 0 1 -3.62668e-6 0 1 3.79845e-6 0 1 7.3864e-7 0 1 -7.39238e-7 0 1 5.79669e-7 0 1 -2.22298e-6 0 1 1.93349e-6 0 1 -1.10233e-6 0 1 1.11099e-6 0 1 -1.48541e-6 0 1 -1.48016e-6 0 1 1.10172e-6 0 1 3.13495e-6 0 1 1.11198e-6 0 1 -2.22296e-6 0 1 -3.03022e-7 0 1 -1.47851e-6 0 1 1.47724e-6 0 1 -4.34101e-6 0 1 1.81341e-6 0 1 2.94533e-6 0 1 1.12104e-6 0 1 -1.47438e-6 0 1 3.69431e-7 0 1 4.85597e-6 0 1 -7.41004e-7 0 1 3.69742e-7 0 1 -4.85629e-6 0 1 -1.47971e-6 0 1 2.34283e-6 0 1 -1.63252e-6 0 1 -1.8499e-6 0 1 1.10735e-6 0 1 1.11512e-6 0 1 -1.4692e-6 0 1 2.97493e-6 0 -0.003796279 0.7640982 -0.6450888 -0.004717111 0.761019 -0.6487125 8.52851e-4 0.6599444 -0.7513141 -0.003590941 0.5788712 -0.8154112 -0.002445697 0.5720848 -0.8201909 6.61158e-5 0.4357222 -0.9000813 -0.006285965 0.401257 -0.915944 0.003274977 0.2794721 -0.9601483 -0.009702801 0.1641306 -0.986391 0.00290215 0.0691241 -0.9976039 -0.002961993 -0.04408735 -0.9990234 2.8204e-4 -0.0691117 -0.9976089 -0.002122819 -0.2460741 -0.9692488 -0.001736998 -0.2436527 -0.969861 0.001774311 -0.3773767 -0.9260582 -0.002121508 -0.4000185 -0.9165046 6.83349e-4 -0.5106104 -0.859812 -0.004446744 -0.5832777 -0.8122606 -0.001420795 -0.6032607 -0.7975428 -0.001452147 -0.7213828 -0.6925351 -0.005375504 -0.7360177 -0.676941 0.003050744 -0.8268054 -0.5624799 -0.009750604 -0.8796498 -0.4755221 0.003224194 -0.9274211 -0.3740051 -0.003337025 -0.9592062 -0.2826877 0.001369953 -0.9701404 -0.2425402 -0.003923833 -0.9978446 -0.06550467 -6.4968e-4 -0.9964261 -0.08446776 0.00113058 -0.993165 0.1167141 -6.18444e-4 -0.9922688 0.1241062 5.04922e-4 -0.9479269 0.318488 -3.34332e-4 -0.9464117 0.3229626 1.28461e-4 -0.8901981 0.4555739 -0.003788113 -0.866314 0.4994856 7.06859e-5 -0.8338438 0.5520007 -0.005998671 -0.7736039 0.6336411 0.003159344 -0.7364586 0.6764753 -4.56983e-4 -0.6156982 0.787982 0.004329681 -0.5916861 0.8061569 -0.009052813 -0.4146521 0.9099351 -0.005223035 -0.3976486 0.9175229 -0.001413345 -0.239009 0.9710164 -0.01182419 -0.175418 0.9844231 -0.002518773 -0.09229332 0.9957287 0.001373827 0.03916585 0.9992319 -0.003338813 0.08068186 0.9967343 0.003225326 0.1766008 0.9842773 -0.009749531 0.285721 0.9582633 0.003050804 0.3816531 0.9243007 -0.005380153 0.5122359 0.858828 -0.001454532 0.5304903 0.8476898 -0.001419007 0.6574534 0.753494 -0.004450321 0.675906 0.7369745 6.86022e-4 0.7373296 0.6755329 -0.002121806 0.8154256 0.5788581 0.001771926 0.8293849 0.5586748 -0.001734614 0.8996071 0.4366969 -0.002127349 0.898505 0.4389582 2.82799e-4 0.9624353 0.2715112 -0.002957642 0.9689258 0.2473339 0.00290209 0.9906762 0.1362071 -0.003965258 0.9964238 0.08440291 0.002198815 0.999189 -0.04020559 -0.004121363 0.9919751 -0.1263663 0.001622438 0.9838707 -0.1788743 -0.004550635 0.9576286 -0.2879703 0.002421081 0.9402598 -0.3404495 -0.004077613 0.8663351 -0.4994466 -0.002242028 0.8610203 -0.5085659 0.01112002 0.8660432 -0.4998455 0.01363164 0.8609425 -0.5085197 0.001187324 0.9402685 -0.3404316 0.009877145 0.9672362 -0.2536861 -4.93515e-4 0.9838755 -0.178854 0.003367543 0.9991869 -0.04017722 0.01241916 0.9997185 0.02021634 -0.00290209 0.9906762 0.136207 0.002957761 0.9689258 0.247334 -2.82799e-4 0.9624352 0.2715114 0.002127349 0.8985049 0.4389583 0.004734575 0.8910343 0.4539114 -0.003187596 0.8293996 0.5586469 0.005152225 0.7879531 0.6157138 2.25136e-4 0.7373088 0.675556 0.002322018 0.6574523 0.7534927 0.001416862 0.6622604 0.7492725 -0.001848816 0.5304899 0.8476892 0.001264154 0.5142551 0.8576365 -0.001321256 0.3816478 0.9243069 0.01486343 0.2897398 0.9569901 -9.10743e-4 0.1766018 0.984282 0.005680203 0.03916519 0.9992166 0.001272737 0.06234037 0.9980542 -3.89355e-4 -0.09229755 0.9957315 0.004913091 -0.1664125 0.986044 -0.003270149 -0.2389994 0.9710143 0.006257236 -0.3631166 0.9317227 -1.18066e-5 -0.3976604 0.9175327 0.003396034 -0.5916807 0.8061653 1.65998e-4 -0.5807412 0.8140882 -2.21963e-4 -0.7364714 0.6764687 0.007003605 -0.7627894 0.6466091 -7.06859e-5 -0.8338438 0.5520007 0.003788113 -0.8663139 0.4994857 -1.28461e-4 -0.8901979 0.4555742 2.79634e-4 -0.9407591 0.3390758 -0.002718091 -0.9479292 0.3184699 0.004542469 -0.9862731 0.1650608 -0.004986286 -0.9931532 0.1167128 0.002648651 -0.9992499 -0.03863501 -9.04677e-4 -0.9978535 -0.06548088 0.001271128 -0.9642516 -0.2649856 0.005685389 -0.9701257 -0.2425365 -9.08402e-4 -0.9274256 -0.3740069 0.01486206 -0.8775883 -0.4791846 -0.00132364 -0.8267911 -0.5625075 0.00126326 -0.7344416 -0.6786708 -0.001851201 -0.7213825 -0.6925345 0.00141412 -0.5981277 -0.8013997 0.002322018 -0.6032597 -0.7975416 2.25134e-4 -0.5106108 -0.8598121 0.005151093 -0.4416706 -0.8971626 -0.003187656 -0.377382 -0.9260522 0.004735529 -0.2622455 -0.9649896 0.002122819 -0.2460741 -0.9692488 -2.8204e-4 -0.06911164 -0.997609 0.002960801 -0.04408735 -0.9990234 -0.00290215 0.0691241 -0.9976039 0.01242083 0.1844981 -0.9827544 -0.002217829 0.2794629 -0.9601539 0.002208352 0.4034382 -0.9150044 -0.003036558 0.4357201 -0.9000771 0.002285242 0.5637811 -0.8259212 0.001024901 0.572073 -0.8202022 7.25741e-4 0.6599653 -0.7512958 0.005610585 0.7051396 -0.7090463 -0.003286659 0.7640997 -0.6450899 -1 -8.9338e-7 0 -1 -7.32637e-7 0 -1 2.95463e-6 0 -1 4.50749e-7 0 -1 -1.47838e-6 0 -1 -8.00666e-7 0 -1 6.54601e-7 0 -1 6.77595e-7 0 -1 5.00721e-7 0 -1 1.7229e-6 0 -1 -6.43449e-7 0 -1 -1.10559e-6 0 -1 -3.38001e-7 0 -1 4.56798e-7 0 -1 -3.06574e-6 0 -1 -1.10365e-6 0 -1 5.20426e-7 0 -1 1.19093e-6 0 -1 -7.15922e-7 0 -0.3013041 -0.7330486 0.6097996 -0.267385 -0.7937521 0.5463176 -0.3239718 -0.8352009 0.4443895 -0.3705326 -0.8351381 0.4065095 -0.3118995 -0.8758878 0.3681566 -0.2834134 -0.9205515 0.2688158 -0.3384201 -0.9235166 0.1805241 -0.4467253 -0.8891954 0.09883368 -0.4013869 -0.9130367 0.07247477 -0.3323798 -0.9430795 -0.01117241 -0.3365383 -0.9342449 -0.1180186 -0.4112154 -0.8902091 -0.1960346 -0.489606 -0.8400364 -0.2337194 -0.4062196 -0.8643105 -0.296569 -0.3343658 -0.8599115 -0.3856835 -0.3343693 -0.8105437 -0.4808494 -0.4227678 -0.721844 -0.547913 -0.4823347 -0.6780226 -0.5546519 -0.3873381 -0.6662782 -0.6372148 -0.3222243 -0.6054217 -0.727761 -0.3490433 -0.513599 -0.7838271 -0.4801247 -0.3979569 -0.7817356 -0.4725469 -0.3961687 -0.7872419 -0.3787868 -0.3391106 -0.8611182 -0.3229184 -0.2652927 -0.9084843 -0.3414124 -0.1803043 -0.9224575 -0.4492877 -0.07069945 -0.8905853 -0.483991 -0.04950499 -0.8736715 -0.3641412 0.0322169 -0.9307864 -0.3119134 0.1618769 -0.9362189 -0.4067179 0.2767578 -0.8706237 -0.5149934 0.3174076 -0.7962627 -0.4226563 0.3896142 -0.818268 -0.3422098 0.5157052 -0.7854557 -0.3940483 0.5884346 -0.7060245 -0.5169508 0.6191858 -0.5910761 -0.4761134 0.6209467 -0.6226887 -0.3382852 0.7369566 -0.5851992 -0.2924798 0.7998759 -0.5240746 -0.2976294 0.8427878 -0.4484703 -0.3773984 0.8534656 -0.359398 -0.3400567 0.874993 -0.3445992 -0.2792609 0.9276111 -0.248095 -0.3086894 0.9374071 -0.161179 -0.3877545 0.9190872 -0.07017916 -0.3921352 0.9170231 -0.07279318 -0.3119222 0.9495389 0.03287094 -0.3560357 0.9241961 0.1382032 -0.4785827 0.8480141 0.2276637 -0.4788205 0.8478597 0.2277386 -0.3747777 0.8698515 0.3207804 -0.3325251 0.8515003 0.405431 -0.3388079 0.8091681 0.4800587 -0.4162069 0.7365794 0.5331254 -0.4894658 0.679875 0.5460708 -0.4014516 0.6761601 0.6177737 -0.3138038 0.6236695 0.7159355 -0.3563026 0.512102 0.7815371 -0.4823341 0.4043804 0.7770652 -0.4608284 0.3989495 0.7927651 -0.3468365 0.3237206 0.8802894 -0.3217334 0.2446297 0.9146825 -0.3830328 0.1357767 0.9137016 -0.4813071 0.05742454 0.874669 -0.4666928 0.04989534 0.883011 -0.3750849 -0.03208249 0.9264351 -0.3360025 -0.09674131 0.9368798 -0.3323829 -0.1817928 0.9254583 -0.4172638 -0.2753211 0.866077 -0.4832504 -0.2991446 0.8227889 -0.3601671 -0.4010486 0.8422824 -0.3212299 -0.5015946 0.8032524 -0.3747292 -0.5772156 0.7255344 -0.4604694 -0.6022199 0.6521496 -0.4302627 -0.6239183 0.6523803 6.1333e-4 -0.810615 0.5855794 -0.001226663 -0.7687822 0.6395095 0.001226603 -0.7388608 0.673857 -6.14883e-4 -0.691152 0.7227092 6.14119e-4 -0.6745388 0.7382392 -0.001228153 -0.6225707 0.7825626 0.001228213 -0.5863243 0.8100755 -6.12553e-4 -0.5296609 0.8482093 0.001839995 -0.490511 0.8714331 -0.001837611 -0.4298928 0.9028781 0.001838862 -0.3672929 0.9301036 -0.001838803 -0.302955 0.9530032 6.15663e-4 -0.2592539 0.9658091 -0.001226663 -0.1927503 0.9812471 0 -0.1703654 0.985381 0 -0.1027083 0.9947115 0 -0.102716 0.9947108 0 -0.0346077 0.999401 0.001225113 -0.01185131 0.9999291 -6.1565e-4 0.05641525 0.9984072 6.14109e-4 0.07913643 0.9968636 -0.001228213 0.1469843 0.9891381 0.001226663 0.1918529 0.9814229 -6.12539e-4 0.2583653 0.9660471 6.15688e-4 0.2802985 0.9599128 -0.001226603 0.3451451 0.9385485 0.001228153 0.3875039 0.9218673 -6.13331e-4 0.4495165 0.8932718 0.001838862 0.4897117 0.8718826 -0.001839935 0.548055 0.8364403 0.001838803 0.6038711 0.79708 -0.001838803 0.6568452 0.7540233 6.12562e-4 0.6905041 0.7233282 -0.001226663 0.7382694 0.6745049 0.001228213 0.768171 0.6402436 -6.14114e-4 0.8100883 0.5863077 6.13315e-4 0.8232111 0.5677352 -0.001225888 0.8600425 0.5102211 0 0.8714376 0.4905065 0 0.9028813 0.4298902 0.001226603 0.9124275 0.4092366 -6.12552e-4 0.9382264 0.3460218 6.12554e-4 0.9458596 0.3245759 -0.001227021 0.965806 0.2592629 0.001226663 0.976603 0.2150468 -6.13332e-4 0.9890044 0.1478856 0.001839101 0.9947075 0.1027311 -0.001839637 0.9994001 0.03458696 6.13337e-4 0.9999402 -0.01092314 -0.001226842 0.9968635 -0.07913088 0 0.9948039 -0.1018095 0 0.9855398 -0.1694444 0.001226246 0.9814231 -0.1918523 -6.12939e-4 0.9660481 -0.2583617 0.001838862 0.953287 -0.3020604 -0.001839101 0.9304394 -0.3664412 6.12548e-4 0.9128073 -0.4083904 -0.001227021 0.8828032 -0.4697415 0 0.8718822 -0.4897158 0 0.83643 -0.5480739 0.001226663 0.8237475 -0.5669556 -6.13337e-4 0.783138 -0.6218476 6.14102e-4 0.7687582 -0.6395394 -0.001227438 0.7233318 -0.6904996 0.001226663 0.691164 -0.722697 -6.13329e-4 0.6402361 -0.7681781 0.001839995 0.6045947 -0.7965312 -0.001838862 0.5488386 -0.8359264 0.001839995 0.490519 -0.8714286 -0.001839399 0.4299001 -0.9028747 0.001838803 0.3672801 -0.9301086 -0.001839458 0.3029605 -0.9530014 0.001841187 0.2372095 -0.9714568 -0.001840591 0.1703712 -0.9853783 0.001841187 0.1027244 -0.9947082 -0.001839995 0.03459322 -0.9993998 6.14099e-4 -0.01092898 -0.9999401 -0.001227378 -0.07913637 -0.9968631 0.001225054 -0.1244184 -0.9922291 -6.13329e-4 -0.1918368 -0.9814267 6.14104e-4 -0.2141299 -0.976805 -0.001226723 -0.2803163 -0.9599069 0 -0.30208 -0.9532827 0 -0.3664113 -0.9304531 0.001226663 -0.3875024 -0.921868 -6.14124e-4 -0.4495266 -0.8932667 0.001838803 -0.4897106 -0.8718831 -0.001839995 -0.5480636 -0.8364347 6.12551e-4 -0.5855665 -0.8106243 -0.001227378 -0.6395187 -0.7687746 0.001226663 -0.6738573 -0.7388606 -6.13334e-4 -0.722689 -0.6911731 0.001839995 -0.7534063 -0.6575527 -0.001838207 -0.7965167 -0.6046137 6.12559e-4 -0.8232305 -0.5677071 -0.001227438 -0.8600456 -0.5102158 0.001225829 -0.8823652 -0.4705638 -6.13339e-4 -0.9124241 -0.4092457 6.14113e-4 -0.9215144 -0.3883441 -0.001226603 -0.945868 -0.3245497 0.001226663 -0.9596533 -0.2811833 -6.1333e-4 -0.9766041 -0.2150444 6.13329e-4 -0.981248 -0.1927491 -0.001226544 -0.992116 -0.125317 0.001227259 -0.9967879 -0.08007836 -6.12989e-4 -0.9999297 -0.01184588 6.13646e-4 -0.9999405 0.01089805 -0.001226782 -0.9968618 0.07915371 0.001227617 -0.9922291 0.1244182 -6.12553e-4 -0.9814237 0.1918523 6.13336e-4 -0.9768065 0.2141235 -0.001226603 -0.9599096 0.2803073 0.001226603 -0.9461585 0.3237017 -6.13344e-4 -0.9218687 0.3875022 6.12555e-4 -0.9128052 0.4083948 -0.001227378 -0.882806 0.4697365 0.001226603 -0.8605186 0.5094178 -6.12556e-4 -0.823748 0.5669558</float_array>
          <technique_common>
            <accessor source="#outer_knuckle-mesh-normals-array" count="8856" stride="3">
              <param name="X" type="float"/>
              <param name="Y" type="float"/>
              <param name="Z" type="float"/>
            </accessor>
          </technique_common>
        </source>
        <vertices id="outer_knuckle-mesh-vertices">
          <input semantic="POSITION" source="#outer_knuckle-mesh-positions"/>
        </vertices>
        <triangles count="10000">
          <input semantic="VERTEX" source="#outer_knuckle-mesh-vertices" offset="0"/>
          <input semantic="NORMAL" source="#outer_knuckle-mesh-normals" offset="1"/>
          <p>0 0 1 0 2 0 2 1 1 1 3 1 2 2 3 2 4 2 1 3 5 3 3 3 3 4 5 4 6 4 6 5 5 5 7 5 7 6 5 6 8 6 7 7 8 7 9 7 9 8 8 8 10 8 9 9 10 9 11 9 10 10 8 10 12 10 12 11 8 11 13 11 12 12 13 12 14 12 14 13 13 13 15 13 14 14 15 14 16 14 13 15 17 15 15 15 15 16 17 16 18 16 15 17 18 17 19 17 19 18 18 18 20 18 19 19 20 19 21 19 21 20 20 20 22 20 21 21 22 21 23 21 23 22 22 22 24 22 23 23 24 23 25 23 25 24 24 24 26 24 25 25 26 25 27 25 27 26 26 26 28 26 27 27 28 27 29 27 29 28 28 28 30 28 29 29 30 29 31 29 31 30 30 30 32 30 31 31 32 31 33 31 33 32 32 32 34 32 33 33 34 33 35 33 35 34 34 34 36 34 35 35 36 35 37 35 37 36 36 36 38 36 37 37 38 37 39 37 39 38 38 38 40 38 39 39 40 39 41 39 41 40 40 40 42 40 41 41 42 41 43 41 43 42 42 42 44 42 43 43 44 43 45 43 45 44 44 44 46 44 45 45 46 45 47 45 47 46 46 46 48 46 47 47 48 47 49 47 49 48 48 48 50 48 49 49 50 49 51 49 51 50 50 50 52 50 51 51 52 51 53 51 53 52 52 52 54 52 53 53 54 53 55 53 55 54 54 54 56 54 55 55 56 55 57 55 57 56 56 56 58 56 57 57 58 57 59 57 59 58 58 58 60 58 59 59 60 59 61 59 61 60 60 60 62 60 61 61 62 61 63 61 63 62 62 62 64 62 64 63 62 63 65 63 64 64 65 64 66 64 66 65 65 65 67 65 66 66 67 66 68 66 68 67 67 67 69 67 68 68 69 68 70 68 70 69 69 69 71 69 70 70 71 70 72 70 72 71 71 71 73 71 72 72 73 72 74 72 74 73 73 73 75 73 74 74 75 74 76 74 76 75 75 75 77 75 76 76 77 76 78 76 78 77 77 77 79 77 78 78 79 78 80 78 80 79 79 79 81 79 80 80 81 80 82 80 82 81 81 81 83 81 82 82 83 82 84 82 84 83 83 83 85 83 84 84 85 84 86 84 86 85 85 85 87 85 86 86 87 86 88 86 88 87 87 87 89 87 88 88 89 88 90 88 90 89 89 89 91 89 90 90 91 90 92 90 92 91 91 91 93 91 92 92 93 92 94 92 94 93 93 93 95 93 94 94 95 94 96 94 96 95 95 95 97 95 96 96 97 96 98 96 98 97 97 97 99 97 98 98 99 98 100 98 100 99 99 99 101 99 100 100 101 100 102 100 102 101 101 101 103 101 102 102 103 102 104 102 104 103 103 103 105 103 104 104 105 104 106 104 106 105 105 105 107 105 106 106 107 106 108 106 108 107 107 107 109 107 108 108 109 108 110 108 110 109 109 109 111 109 110 110 111 110 112 110 112 111 111 111 113 111 112 112 113 112 114 112 114 113 113 113 115 113 114 114 115 114 116 114 116 115 115 115 117 115 116 116 117 116 118 116 118 117 117 117 119 117 118 118 119 118 120 118 120 119 119 119 121 119 120 120 121 120 122 120 122 121 121 121 123 121 122 122 123 122 124 122 124 123 123 123 125 123 124 124 125 124 126 124 126 125 125 125 127 125 126 126 127 126 128 126 128 127 127 127 129 127 128 128 129 128 130 128 130 129 129 129 131 129 130 130 131 130 132 130 132 131 131 131 133 131 132 132 133 132 134 132 134 133 133 133 135 133 134 134 135 134 136 134 136 135 135 135 137 135 136 136 137 136 138 136 138 137 137 137 139 137 138 138 139 138 140 138 140 139 139 139 141 139 140 140 141 140 142 140 142 141 141 141 143 141 142 142 143 142 144 142 144 143 143 143 145 143 144 144 145 144 146 144 146 145 145 145 147 145 146 146 147 146 148 146 148 147 147 147 149 147 148 148 149 148 150 148 150 149 149 149 151 149 150 150 151 150 152 150 152 151 151 151 153 151 152 152 153 152 154 152 154 153 153 153 155 153 154 154 155 154 156 154 156 155 155 155 157 155 156 156 157 156 158 156 158 157 157 157 159 157 158 158 159 158 160 158 160 159 159 159 161 159 160 160 161 160 162 160 162 161 161 161 163 161 162 162 163 162 164 162 164 163 163 163 165 163 164 164 165 164 166 164 166 165 165 165 167 165 166 166 167 166 168 166 168 167 167 167 169 167 168 168 169 168 170 168 170 169 169 169 171 169 170 170 171 170 172 170 172 171 171 171 173 171 172 172 173 172 174 172 174 173 173 173 175 173 174 174 175 174 176 174 176 175 175 175 177 175 176 176 177 176 178 176 178 177 177 177 179 177 178 178 179 178 180 178 180 179 179 179 181 179 180 180 181 180 182 180 182 181 181 181 183 181 182 182 183 182 184 182 184 183 183 183 185 183 184 184 185 184 186 184 186 185 185 185 187 185 186 186 187 186 188 186 188 187 187 187 189 187 188 188 189 188 190 188 190 189 189 189 191 189 190 190 191 190 192 190 192 191 191 191 193 191 192 192 193 192 194 192 194 193 193 193 195 193 194 194 195 194 196 194 196 195 195 195 197 195 196 196 197 196 198 196 198 197 197 197 199 197 198 198 199 198 200 198 200 199 199 199 201 199 200 200 201 200 202 200 202 201 201 201 203 201 202 202 203 202 204 202 204 203 203 203 205 203 204 204 205 204 206 204 206 205 205 205 207 205 206 206 207 206 208 206 208 207 207 207 209 207 208 208 209 208 210 208 210 209 209 209 211 209 210 210 211 210 212 210 212 211 211 211 213 211 212 212 213 212 214 212 214 213 213 213 215 213 214 214 215 214 216 214 216 215 215 215 217 215 216 216 217 216 218 216 218 217 217 217 219 217 218 218 219 218 220 218 220 219 219 219 221 219 220 220 221 220 222 220 222 221 221 221 223 221 222 222 223 222 224 222 224 223 223 223 225 223 224 224 225 224 226 224 226 225 225 225 227 225 226 226 227 226 228 226 228 227 227 227 229 227 228 228 229 228 230 228 230 229 229 229 231 229 230 230 231 230 232 230 232 231 231 231 233 231 18 232 17 232 234 232 234 233 17 233 235 233 234 234 235 234 236 234 236 235 235 235 237 235 237 236 235 236 238 236 237 237 238 237 239 237 239 238 238 238 240 238 239 239 240 239 241 239 241 240 240 240 242 240 241 241 242 241 243 241 243 242 242 242 244 242 243 243 244 243 245 243 245 244 244 244 246 244 245 245 246 245 247 245 247 246 246 246 248 246 247 247 248 247 249 247 249 248 248 248 250 248 249 249 250 249 251 249 251 250 250 250 252 250 251 251 252 251 253 251 253 252 252 252 254 252 254 253 252 253 73 253 254 254 73 254 71 254 233 255 231 255 255 255 233 256 255 256 256 256 256 257 255 257 257 257 256 258 257 258 258 258 258 259 257 259 259 259 258 260 259 260 260 260 258 261 260 261 261 261 261 262 260 262 262 262 261 263 262 263 263 263 263 264 262 264 264 264 263 265 264 265 265 265 265 266 264 266 266 266 265 267 266 267 267 267 267 268 266 268 268 268 267 269 268 269 269 269 269 270 268 270 270 270 269 271 270 271 271 271 269 272 271 272 272 272 272 273 271 273 273 273 272 274 273 274 274 274 275 275 274 275 276 275 275 276 276 276 277 276 278 277 279 277 271 277 271 278 279 278 273 278 280 279 281 279 278 279 278 280 281 280 279 280 281 281 280 281 282 281 281 282 282 282 283 282 283 283 282 283 284 283 283 284 284 284 285 284 276 285 286 285 277 285 287 286 286 286 288 286 287 287 288 287 289 287 287 288 289 288 290 288 290 289 291 289 292 289 292 290 291 290 293 290 292 291 293 291 294 291 294 292 293 292 295 292 294 293 295 293 296 293 296 294 297 294 298 294 298 295 297 295 299 295 298 296 299 296 300 296 300 297 299 297 301 297 300 298 301 298 302 298 302 299 301 299 303 299 302 300 303 300 304 300 304 301 303 301 305 301 304 302 305 302 306 302 306 303 305 303 307 303 306 304 307 304 308 304 308 305 307 305 309 305 308 306 309 306 310 306 310 307 309 307 311 307 310 308 311 308 312 308 312 309 311 309 313 309 312 310 313 310 314 310 314 311 313 311 315 311 314 312 315 312 316 312 316 313 315 313 317 313 316 314 317 314 318 314 318 315 317 315 319 315 318 316 319 316 320 316 320 317 319 317 321 317 321 318 319 318 322 318 321 319 322 319 323 319 289 320 291 320 290 320 297 321 324 321 325 321 325 322 324 322 326 322 325 323 326 323 327 323 327 324 326 324 328 324 327 325 328 325 329 325 329 326 328 326 330 326 329 327 330 327 331 327 331 328 330 328 332 328 331 329 332 329 333 329 333 330 332 330 334 330 333 331 334 331 335 331 335 332 334 332 336 332 335 333 336 333 337 333 337 334 336 334 338 334 337 335 338 335 339 335 339 336 338 336 340 336 339 337 340 337 341 337 341 338 340 338 342 338 341 339 342 339 343 339 343 340 342 340 344 340 343 341 344 341 345 341 343 342 345 342 322 342 322 343 345 343 323 343 326 344 324 344 346 344 326 345 346 345 347 345 347 346 346 346 348 346 347 347 348 347 349 347 349 348 348 348 350 348 349 349 350 349 351 349 351 350 350 350 352 350 353 351 354 351 344 351 355 352 356 352 353 352 357 353 226 353 355 353 355 354 226 354 356 354 226 355 357 355 224 355 224 356 357 356 358 356 224 357 358 357 222 357 222 358 358 358 359 358 222 359 359 359 220 359 220 360 359 360 360 360 220 361 360 361 218 361 218 362 360 362 361 362 218 363 361 363 216 363 216 364 361 364 362 364 216 365 362 365 214 365 214 366 362 366 363 366 214 367 363 367 212 367 212 368 363 368 364 368 212 369 364 369 210 369 210 370 364 370 365 370 210 371 365 371 208 371 208 372 365 372 366 372 208 373 366 373 206 373 206 374 366 374 367 374 206 375 367 375 204 375 204 376 367 376 368 376 204 377 368 377 202 377 202 378 368 378 369 378 202 379 369 379 200 379 200 380 369 380 370 380 200 381 370 381 198 381 198 382 370 382 371 382 198 383 371 383 196 383 196 384 371 384 372 384 196 385 372 385 194 385 194 386 372 386 373 386 194 387 373 387 192 387 192 388 373 388 374 388 192 389 374 389 190 389 190 390 374 390 375 390 190 391 375 391 188 391 188 392 375 392 376 392 188 393 376 393 186 393 186 394 376 394 377 394 186 395 377 395 184 395 184 396 377 396 378 396 184 397 378 397 182 397 182 398 378 398 379 398 182 399 379 399 180 399 180 400 379 400 380 400 180 401 380 401 178 401 178 402 380 402 381 402 178 403 381 403 176 403 176 404 381 404 382 404 176 405 382 405 174 405 174 406 382 406 383 406 174 407 383 407 172 407 172 408 383 408 384 408 172 409 384 409 170 409 170 410 384 410 385 410 170 411 385 411 168 411 168 412 385 412 386 412 168 413 386 413 166 413 166 414 386 414 387 414 166 415 387 415 164 415 164 416 387 416 388 416 164 417 388 417 162 417 162 418 388 418 389 418 162 419 389 419 160 419 160 420 389 420 390 420 160 421 390 421 158 421 158 422 390 422 391 422 158 423 391 423 156 423 156 424 391 424 392 424 156 425 392 425 154 425 154 426 392 426 393 426 154 427 393 427 152 427 152 428 393 428 394 428 152 429 394 429 150 429 150 430 394 430 395 430 150 431 395 431 148 431 148 432 395 432 396 432 148 433 396 433 146 433 146 434 396 434 397 434 146 435 397 435 144 435 144 436 397 436 398 436 144 437 398 437 142 437 142 438 398 438 399 438 142 439 399 439 140 439 140 440 399 440 400 440 140 441 400 441 138 441 138 442 400 442 401 442 138 443 401 443 136 443 136 444 401 444 402 444 136 445 402 445 134 445 134 446 402 446 403 446 134 447 403 447 132 447 132 448 403 448 404 448 132 449 404 449 130 449 130 450 404 450 405 450 130 451 405 451 128 451 128 452 405 452 406 452 128 453 406 453 126 453 126 454 406 454 407 454 126 455 407 455 124 455 124 456 407 456 408 456 124 457 408 457 122 457 122 458 408 458 409 458 122 459 409 459 120 459 120 460 409 460 410 460 120 461 410 461 118 461 118 462 410 462 411 462 118 463 411 463 116 463 116 464 411 464 412 464 116 465 412 465 114 465 114 466 412 466 413 466 114 467 413 467 112 467 112 468 413 468 414 468 112 469 414 469 110 469 110 470 414 470 415 470 110 471 415 471 108 471 108 472 415 472 416 472 108 473 416 473 106 473 106 474 416 474 417 474 106 475 417 475 104 475 104 476 417 476 418 476 104 477 418 477 102 477 102 478 418 478 419 478 102 479 419 479 100 479 100 480 419 480 420 480 100 481 420 481 98 481 98 482 420 482 421 482 98 483 421 483 96 483 96 484 421 484 422 484 96 485 422 485 94 485 94 486 422 486 423 486 94 487 423 487 92 487 92 488 423 488 424 488 92 489 424 489 90 489 90 490 424 490 425 490 90 491 425 491 88 491 88 492 425 492 426 492 88 493 426 493 86 493 86 494 426 494 427 494 86 495 427 495 84 495 84 496 427 496 428 496 84 497 428 497 82 497 82 498 428 498 429 498 82 499 429 499 80 499 80 500 429 500 430 500 80 501 430 501 78 501 78 502 430 502 431 502 78 503 431 503 76 503 76 504 431 504 432 504 76 505 432 505 433 505 433 506 432 506 434 506 434 507 432 507 435 507 434 508 435 508 436 508 436 509 435 509 437 509 436 510 437 510 438 510 435 511 439 511 437 511 437 512 439 512 440 512 440 513 439 513 441 513 441 514 439 514 442 514 441 515 442 515 443 515 443 516 442 516 444 516 443 517 444 517 445 517 445 518 444 518 446 518 445 519 446 519 447 519 447 520 446 520 448 520 447 521 448 521 449 521 449 522 448 522 450 522 449 523 450 523 451 523 451 524 450 524 452 524 452 525 450 525 453 525 452 526 453 526 454 526 454 527 453 527 455 527 454 528 455 528 456 528 456 529 455 529 457 529 456 530 457 530 458 530 456 531 458 531 459 531 459 532 458 532 460 532 460 533 458 533 461 533 460 534 461 534 462 534 462 535 461 535 463 535 462 536 463 536 464 536 461 537 465 537 463 537 463 538 465 538 466 538 463 539 466 539 467 539 467 540 466 540 468 540 466 12 465 12 469 12 469 541 465 541 470 541 469 542 470 542 471 542 471 543 470 543 472 543 471 544 472 544 473 544 472 545 470 545 474 545 474 546 470 546 475 546 474 547 475 547 476 547 476 548 475 548 477 548 477 549 475 549 478 549 477 550 478 550 479 550 479 0 478 0 480 0 477 551 479 551 481 551 467 552 468 552 482 552 482 553 468 553 483 553 482 554 483 554 484 554 484 555 483 555 485 555 484 556 485 556 486 556 486 557 485 557 487 557 486 558 487 558 488 558 488 559 487 559 489 559 489 560 487 560 490 560 490 561 487 561 491 561 490 562 491 562 492 562 492 563 491 563 493 563 492 564 493 564 494 564 494 565 493 565 495 565 491 566 487 566 496 566 496 567 487 567 497 567 496 568 497 568 498 568 498 569 497 569 499 569 498 570 499 570 500 570 498 571 500 571 501 571 501 572 500 572 502 572 501 573 502 573 503 573 503 574 502 574 504 574 503 575 504 575 505 575 505 576 504 576 506 576 505 577 506 577 507 577 507 578 506 578 508 578 507 579 508 579 509 579 509 580 508 580 510 580 509 581 510 581 511 581 511 582 510 582 512 582 511 583 512 583 513 583 513 584 512 584 514 584 513 585 514 585 515 585 497 586 516 586 499 586 502 587 506 587 504 587 508 588 512 588 510 588 515 589 511 589 513 589 509 590 505 590 507 590 503 591 517 591 501 591 501 592 517 592 498 592 517 593 518 593 498 593 519 586 520 586 518 586 518 594 520 594 498 594 498 595 520 595 496 595 496 596 520 596 521 596 496 597 521 597 491 597 491 598 521 598 522 598 522 599 521 599 523 599 522 600 523 600 524 600 524 601 523 601 525 601 524 602 525 602 526 602 526 603 525 603 527 603 528 604 529 604 521 604 530 605 531 605 528 605 528 606 531 606 529 606 531 607 530 607 532 607 532 608 530 608 533 608 532 609 533 609 16 609 16 610 533 610 14 610 534 611 535 611 536 611 534 612 536 612 537 612 537 613 536 613 538 613 537 614 538 614 539 614 538 615 536 615 540 615 540 616 536 616 541 616 540 617 541 617 542 617 542 618 541 618 543 618 543 619 541 619 544 619 545 620 546 620 544 620 544 621 546 621 547 621 544 622 547 622 543 622 543 623 547 623 542 623 546 624 545 624 548 624 548 625 545 625 549 625 548 626 549 626 550 626 550 627 549 627 551 627 550 628 551 628 552 628 552 629 551 629 553 629 552 630 553 630 554 630 554 631 553 631 555 631 554 632 555 632 556 632 556 633 555 633 557 633 556 634 557 634 558 634 558 635 557 635 559 635 558 636 559 636 560 636 560 637 559 637 561 637 560 638 561 638 562 638 562 639 561 639 563 639 562 640 563 640 564 640 564 641 563 641 565 641 564 642 565 642 566 642 566 643 565 643 567 643 566 644 567 644 568 644 568 645 567 645 569 645 568 646 569 646 570 646 570 647 569 647 571 647 570 648 571 648 572 648 572 649 571 649 573 649 572 650 573 650 574 650 574 651 573 651 575 651 549 652 553 652 551 652 555 653 559 653 557 653 561 654 565 654 563 654 574 655 575 655 576 655 576 656 575 656 356 656 576 657 356 657 228 657 228 658 356 658 226 658 356 659 354 659 353 659 344 660 354 660 345 660 275 661 277 661 577 661 577 662 277 662 578 662 577 663 578 663 579 663 577 664 579 664 580 664 580 665 579 665 581 665 580 666 581 666 582 666 582 667 581 667 583 667 582 668 583 668 584 668 582 669 584 669 585 669 585 670 584 670 586 670 585 671 586 671 587 671 587 672 586 672 588 672 587 673 588 673 589 673 589 674 588 674 590 674 589 675 590 675 591 675 591 676 590 676 592 676 591 677 592 677 593 677 593 678 592 678 594 678 593 679 594 679 595 679 595 680 594 680 596 680 595 681 596 681 597 681 597 682 596 682 598 682 597 683 598 683 599 683 599 684 598 684 232 684 599 685 232 685 233 685 576 686 600 686 574 686 574 687 600 687 572 687 572 688 600 688 601 688 572 689 601 689 570 689 570 690 601 690 602 690 570 691 602 691 568 691 568 692 602 692 603 692 568 693 603 693 566 693 566 694 603 694 564 694 562 695 558 695 560 695 556 696 552 696 554 696 550 697 546 697 548 697 540 698 542 698 538 698 537 699 539 699 534 699 436 700 438 700 604 700 604 701 438 701 605 701 604 702 605 702 606 702 606 703 605 703 607 703 606 704 607 704 608 704 606 705 608 705 609 705 609 706 608 706 610 706 609 707 610 707 611 707 611 708 610 708 612 708 611 709 612 709 613 709 613 710 612 710 614 710 614 711 612 711 615 711 614 712 615 712 616 712 616 713 615 713 617 713 616 714 617 714 618 714 618 715 617 715 619 715 618 716 619 716 620 716 620 717 619 717 621 717 620 718 621 718 622 718 622 719 621 719 623 719 622 720 623 720 624 720 624 721 623 721 625 721 624 722 625 722 626 722 626 723 625 723 627 723 626 724 627 724 628 724 628 725 627 725 629 725 628 726 629 726 630 726 630 727 629 727 631 727 630 728 631 728 632 728 632 729 631 729 633 729 632 730 633 730 634 730 634 731 633 731 635 731 634 732 635 732 636 732 636 733 635 733 637 733 636 734 637 734 638 734 638 735 637 735 639 735 638 736 639 736 640 736 640 737 639 737 641 737 640 738 641 738 642 738 642 739 641 739 643 739 642 740 643 740 644 740 644 741 643 741 645 741 644 742 645 742 646 742 646 743 645 743 647 743 646 744 647 744 648 744 648 745 647 745 649 745 648 746 649 746 650 746 650 747 649 747 651 747 650 748 651 748 652 748 652 749 651 749 653 749 652 750 653 750 464 750 464 751 653 751 462 751 654 752 655 752 656 752 656 753 655 753 657 753 656 754 657 754 658 754 658 755 657 755 659 755 658 756 659 756 660 756 660 757 659 757 661 757 660 758 661 758 662 758 662 759 661 759 663 759 662 760 663 760 664 760 664 761 663 761 665 761 664 762 665 762 666 762 665 763 667 763 666 763 667 764 668 764 666 764 668 765 669 765 670 765 668 766 670 766 666 766 666 767 670 767 671 767 666 768 671 768 664 768 664 769 671 769 672 769 664 770 672 770 662 770 662 771 672 771 660 771 660 772 672 772 673 772 660 773 673 773 658 773 658 774 673 774 674 774 658 775 674 775 675 775 658 776 675 776 656 776 656 777 675 777 676 777 656 778 676 778 654 778 654 779 676 779 433 779 433 780 74 780 76 780 521 781 529 781 677 781 521 782 677 782 523 782 526 783 527 783 678 783 526 784 678 784 679 784 679 785 678 785 680 785 679 786 680 786 681 786 681 787 680 787 682 787 681 788 682 788 683 788 683 789 682 789 684 789 683 790 684 790 685 790 685 791 684 791 686 791 685 792 686 792 687 792 687 793 686 793 688 793 687 794 688 794 689 794 689 795 688 795 690 795 689 796 690 796 691 796 691 797 690 797 692 797 691 798 692 798 693 798 693 799 692 799 694 799 693 800 694 800 695 800 695 801 694 801 696 801 695 802 696 802 697 802 697 803 696 803 698 803 697 804 698 804 699 804 699 805 698 805 700 805 699 806 700 806 701 806 701 807 700 807 702 807 701 808 702 808 703 808 703 809 702 809 704 809 704 810 702 810 705 810 704 811 705 811 706 811 706 812 705 812 707 812 706 813 707 813 708 813 708 814 707 814 709 814 708 815 709 815 710 815 710 816 709 816 711 816 710 817 711 817 712 817 710 818 712 818 713 818 713 819 712 819 714 819 713 820 714 820 715 820 715 821 714 821 716 821 715 822 716 822 717 822 717 823 716 823 718 823 717 824 718 824 719 824 494 825 495 825 720 825 494 826 720 826 721 826 721 827 720 827 722 827 721 828 722 828 723 828 723 829 722 829 724 829 723 830 724 830 725 830 725 831 724 831 726 831 725 832 726 832 727 832 727 833 726 833 728 833 727 834 728 834 729 834 729 835 728 835 730 835 729 794 730 794 731 794 731 795 730 795 732 795 731 836 732 836 733 836 733 837 732 837 734 837 733 798 734 798 735 798 735 799 734 799 736 799 735 800 736 800 737 800 737 838 736 838 738 838 737 839 738 839 739 839 739 840 738 840 740 840 739 841 740 841 741 841 741 805 740 805 742 805 741 806 742 806 743 806 743 842 742 842 744 842 743 843 744 843 745 843 745 844 744 844 746 844 746 810 744 810 747 810 746 845 747 845 748 845 748 846 747 846 749 846 748 847 749 847 750 847 750 848 749 848 751 848 750 849 751 849 752 849 752 850 751 850 753 850 752 817 753 817 754 817 752 851 754 851 755 851 755 852 754 852 756 852 755 853 756 853 757 853 757 854 756 854 758 854 757 854 758 854 759 854 759 823 758 823 760 823 759 824 760 824 761 824 284 855 282 855 762 855 762 856 282 856 280 856 280 855 278 855 762 855 762 855 278 855 271 855 271 855 270 855 762 855 762 857 270 857 268 857 268 855 266 855 762 855 266 855 264 855 762 855 762 858 264 858 262 858 762 859 262 859 260 859 762 860 260 860 259 860 762 861 259 861 257 861 762 862 257 862 255 862 255 863 231 863 762 863 762 864 231 864 229 864 762 865 229 865 227 865 227 855 225 855 762 855 762 866 225 866 223 866 762 867 223 867 221 867 221 855 219 855 762 855 762 868 219 868 217 868 762 869 217 869 215 869 215 855 213 855 762 855 762 870 213 870 211 870 762 871 211 871 209 871 209 872 207 872 762 872 762 855 207 855 205 855 762 873 205 873 203 873 203 855 201 855 762 855 762 855 201 855 199 855 762 874 199 874 197 874 197 875 195 875 762 875 762 876 195 876 193 876 762 877 193 877 191 877 191 878 189 878 762 878 762 879 189 879 187 879 762 880 187 880 185 880 185 881 183 881 762 881 762 882 183 882 181 882 762 855 181 855 179 855 179 883 177 883 762 883 762 884 177 884 175 884 762 885 175 885 173 885 173 855 171 855 762 855 762 886 171 886 169 886 762 887 169 887 167 887 167 888 165 888 762 888 762 889 165 889 163 889 762 890 163 890 161 890 161 855 159 855 762 855 762 891 159 891 157 891 762 892 157 892 155 892 155 855 153 855 762 855 762 893 153 893 151 893 762 894 151 894 149 894 149 895 147 895 762 895 762 896 147 896 145 896 762 897 145 897 143 897 143 855 141 855 762 855 762 898 141 898 139 898 762 899 139 899 137 899 137 855 135 855 762 855 762 900 135 900 133 900 762 901 133 901 131 901 131 855 129 855 762 855 762 902 129 902 127 902 762 903 127 903 125 903 125 855 123 855 762 855 762 904 123 904 121 904 762 905 121 905 119 905 119 855 117 855 762 855 762 906 117 906 115 906 762 907 115 907 113 907 113 855 111 855 762 855 762 908 111 908 109 908 762 909 109 909 763 909 763 910 109 910 107 910 763 911 107 911 105 911 105 912 103 912 763 912 763 913 103 913 101 913 763 914 101 914 99 914 99 915 97 915 763 915 763 916 97 916 95 916 763 917 95 917 93 917 93 918 91 918 763 918 763 919 91 919 89 919 763 920 89 920 87 920 87 921 85 921 763 921 763 922 85 922 83 922 763 923 83 923 81 923 81 855 79 855 763 855 763 924 79 924 77 924 763 925 77 925 75 925 75 926 73 926 763 926 763 927 73 927 252 927 252 928 250 928 763 928 763 929 250 929 248 929 763 930 248 930 246 930 763 931 246 931 244 931 244 855 242 855 763 855 763 932 242 932 240 932 240 933 238 933 763 933 763 855 238 855 235 855 763 855 235 855 764 855 763 855 764 855 765 855 765 855 764 855 766 855 764 855 235 855 767 855 767 855 235 855 768 855 768 855 235 855 17 855 768 934 17 934 13 934 13 855 8 855 768 855 768 855 8 855 5 855 5 935 1 935 768 935 768 855 769 855 767 855 3 855 6 855 770 855 770 936 6 936 7 936 771 937 772 937 7 937 773 938 774 938 771 938 771 939 774 939 775 939 771 940 775 940 772 940 234 941 236 941 773 941 236 942 237 942 773 942 773 855 237 855 776 855 773 855 776 855 774 855 776 943 237 943 777 943 777 855 237 855 239 855 777 855 239 855 778 855 778 944 239 944 779 944 779 855 239 855 241 855 779 855 241 855 780 855 780 855 241 855 243 855 780 945 243 945 781 945 781 855 243 855 782 855 782 855 243 855 245 855 782 946 245 946 783 946 783 855 245 855 784 855 784 855 245 855 785 855 785 947 245 947 786 947 786 948 245 948 247 948 786 949 247 949 787 949 787 855 247 855 788 855 788 855 247 855 789 855 789 855 247 855 790 855 790 855 247 855 249 855 790 855 249 855 791 855 791 855 249 855 792 855 792 950 249 950 251 950 792 951 251 951 793 951 793 952 251 952 253 952 793 953 253 953 254 953 793 954 254 954 794 954 772 955 795 955 7 955 7 956 795 956 770 956 770 855 795 855 796 855 770 957 796 957 797 957 797 855 796 855 798 855 71 958 799 958 254 958 254 959 799 959 794 959 794 960 799 960 800 960 799 961 801 961 800 961 800 962 801 962 802 962 800 963 802 963 803 963 804 964 805 964 801 964 801 965 805 965 802 965 806 966 807 966 808 966 808 967 807 967 809 967 808 967 809 967 28 967 28 967 809 967 30 967 30 968 809 968 810 968 30 969 810 969 811 969 30 970 811 970 32 970 32 971 811 971 812 971 32 967 812 967 34 967 34 967 812 967 813 967 34 967 813 967 36 967 36 967 813 967 814 967 36 967 814 967 38 967 38 967 814 967 815 967 38 967 815 967 40 967 40 972 815 972 816 972 40 967 816 967 42 967 42 973 816 973 817 973 42 967 817 967 44 967 44 974 817 974 818 974 44 967 818 967 46 967 46 975 818 975 819 975 807 976 806 976 820 976 820 977 806 977 9 977 820 978 9 978 821 978 821 967 9 967 822 967 822 967 9 967 823 967 823 967 9 967 824 967 824 979 9 979 825 979 824 980 825 980 826 980 826 967 825 967 827 967 826 967 827 967 828 967 9 981 11 981 825 981 825 967 11 967 829 967 46 982 819 982 48 982 48 983 819 983 830 983 48 967 830 967 831 967 48 967 831 967 832 967 48 984 832 984 50 984 50 967 832 967 833 967 833 967 834 967 50 967 50 985 834 985 835 985 835 967 836 967 50 967 50 967 836 967 52 967 52 986 836 986 837 986 52 987 837 987 54 987 54 988 837 988 838 988 54 967 838 967 56 967 56 967 838 967 58 967 58 989 838 989 839 989 58 967 839 967 60 967 60 990 839 990 840 990 60 967 840 967 62 967 62 967 840 967 841 967 62 967 841 967 65 967 65 967 841 967 799 967 65 991 799 991 67 991 67 992 799 992 69 992 69 993 799 993 71 993 28 994 26 994 808 994 808 967 26 967 24 967 24 995 22 995 808 995 808 967 22 967 20 967 20 967 18 967 808 967 842 996 531 996 843 996 843 855 531 855 844 855 844 997 531 997 845 997 845 998 531 998 532 998 845 855 532 855 846 855 846 999 532 999 16 999 846 1000 16 1000 847 1000 847 1001 16 1001 848 1001 848 1002 16 1002 15 1002 848 1003 15 1003 849 1003 849 1004 15 1004 19 1004 849 1005 19 1005 850 1005 850 1006 19 1006 21 1006 850 855 21 855 851 855 851 1007 21 1007 23 1007 851 855 23 855 852 855 852 1008 23 1008 25 1008 852 1009 25 1009 853 1009 853 1010 25 1010 27 1010 853 1011 27 1011 854 1011 854 855 27 855 29 855 854 1012 29 1012 31 1012 854 1013 31 1013 855 1013 855 1014 31 1014 33 1014 855 1015 33 1015 856 1015 856 855 33 855 35 855 856 1016 35 1016 857 1016 857 1017 35 1017 858 1017 858 1018 35 1018 37 1018 858 855 37 855 859 855 859 1019 37 1019 39 1019 859 1020 39 1020 860 1020 860 1021 39 1021 41 1021 860 1022 41 1022 861 1022 861 855 41 855 43 855 861 1023 43 1023 862 1023 862 855 43 855 45 855 862 855 45 855 863 855 863 855 45 855 864 855 864 855 45 855 47 855 864 855 47 855 865 855 865 855 47 855 49 855 865 1024 49 1024 866 1024 866 855 49 855 867 855 867 1025 49 1025 51 1025 867 855 51 855 868 855 868 855 51 855 869 855 869 855 51 855 870 855 870 855 51 855 871 855 871 1026 51 1026 872 1026 872 855 51 855 873 855 873 1027 51 1027 53 1027 873 855 53 855 874 855 874 855 53 855 875 855 875 855 53 855 55 855 875 855 55 855 876 855 876 855 55 855 877 855 877 1028 55 1028 57 1028 877 1029 57 1029 59 1029 877 855 59 855 878 855 878 1030 59 1030 879 1030 879 1031 59 1031 61 1031 879 1032 61 1032 63 1032 63 1033 64 1033 879 1033 879 1034 64 1034 880 1034 879 1035 880 1035 878 1035 878 1036 880 1036 881 1036 878 1037 881 1037 877 1037 877 1038 881 1038 882 1038 877 1039 882 1039 876 1039 876 1040 882 1040 883 1040 876 1041 883 1041 875 1041 875 1042 883 1042 884 1042 875 1043 884 1043 874 1043 874 1044 884 1044 885 1044 874 1045 885 1045 873 1045 873 1046 885 1046 886 1046 873 1047 886 1047 872 1047 872 1048 886 1048 887 1048 872 1049 887 1049 871 1049 871 1050 887 1050 888 1050 871 1051 888 1051 870 1051 870 1052 888 1052 889 1052 870 1053 889 1053 869 1053 869 1054 889 1054 890 1054 801 1055 891 1055 804 1055 804 855 891 855 66 855 804 1056 66 1056 68 1056 66 855 891 855 892 855 66 1057 892 1057 880 1057 880 1058 892 1058 881 1058 881 855 892 855 882 855 882 1059 892 1059 893 1059 882 1060 893 1060 883 1060 883 1061 893 1061 884 1061 884 855 893 855 894 855 884 855 894 855 885 855 885 855 894 855 886 855 886 1062 894 1062 887 1062 887 855 894 855 895 855 887 1063 895 1063 888 1063 888 855 895 855 896 855 888 1064 896 1064 889 1064 889 1065 896 1065 890 1065 880 1066 64 1066 66 1066 804 1067 68 1067 897 1067 897 1068 68 1068 898 1068 898 855 68 855 899 855 899 855 68 855 70 855 899 1069 70 1069 900 1069 900 1070 70 1070 901 1070 901 1071 70 1071 902 1071 902 1072 70 1072 72 1072 902 1073 72 1073 903 1073 903 1074 72 1074 74 1074 74 1075 433 1075 903 1075 903 1076 433 1076 904 1076 903 1077 904 1077 902 1077 904 1078 905 1078 902 1078 905 1079 904 1079 906 1079 906 1080 904 1080 433 1080 906 1081 433 1081 676 1081 906 1082 676 1082 675 1082 906 1083 675 1083 907 1083 907 1084 675 1084 674 1084 907 1085 674 1085 673 1085 907 1086 673 1086 908 1086 908 1087 673 1087 672 1087 908 967 672 967 671 967 670 1088 908 1088 671 1088 909 1089 910 1089 911 1089 909 1090 911 1090 912 1090 913 1091 914 1091 915 1091 916 1092 917 1092 918 1092 916 1093 918 1093 919 1093 920 1094 921 1094 922 1094 923 1095 924 1095 925 1095 925 1096 924 1096 926 1096 925 1097 926 1097 927 1097 927 1098 926 1098 928 1098 927 1099 928 1099 929 1099 929 1100 928 1100 930 1100 929 1101 930 1101 931 1101 931 1102 930 1102 932 1102 931 1103 932 1103 933 1103 933 1104 932 1104 934 1104 933 1105 934 1105 935 1105 935 1106 934 1106 936 1106 935 1107 936 1107 937 1107 937 1108 936 1108 938 1108 938 1109 939 1109 940 1109 940 1110 939 1110 910 1110 910 1111 939 1111 911 1111 914 1112 912 1112 941 1112 914 1113 941 1113 915 1113 915 1114 941 1114 942 1114 915 1115 942 1115 943 1115 943 1116 942 1116 944 1116 917 1117 945 1117 918 1117 920 1118 946 1118 921 1118 947 1119 922 1119 921 1119 948 1120 663 1120 661 1120 663 1121 948 1121 665 1121 948 1122 661 1122 659 1122 948 1123 659 1123 657 1123 948 1124 657 1124 949 1124 949 1125 657 1125 655 1125 654 1126 949 1126 655 1126 950 1127 951 1127 952 1127 952 1128 951 1128 953 1128 953 1129 951 1129 433 1129 433 1130 951 1130 654 1130 654 1131 951 1131 949 1131 433 1132 434 1132 953 1132 950 1133 952 1133 954 1133 954 1134 952 1134 955 1134 955 1135 952 1135 953 1135 955 1136 953 1136 434 1136 436 967 954 967 955 967 436 1137 955 1137 434 1137 436 967 604 967 954 967 954 1138 604 1138 956 1138 956 967 604 967 957 967 957 1139 604 1139 606 1139 957 967 606 967 958 967 958 967 606 967 959 967 959 1140 606 1140 609 1140 959 967 609 967 960 967 960 967 609 967 961 967 961 1141 609 1141 962 1141 962 1142 609 1142 963 1142 963 967 609 967 611 967 961 1143 962 1143 964 1143 964 1144 962 1144 965 1144 964 1145 965 1145 966 1145 964 1146 966 1146 967 1146 967 1147 966 1147 968 1147 967 1148 968 1148 969 1148 967 967 969 967 970 967 970 1149 969 1149 971 1149 970 1150 971 1150 972 1150 970 1151 972 1151 973 1151 970 1152 973 1152 974 1152 974 1153 973 1153 975 1153 974 967 975 967 976 967 960 967 977 967 959 967 611 1154 613 1154 963 1154 963 1155 613 1155 978 1155 963 1156 978 1156 962 1156 962 1157 978 1157 979 1157 962 1158 979 1158 965 1158 965 1159 979 1159 980 1159 965 1160 980 1160 966 1160 966 1161 980 1161 981 1161 966 1162 981 1162 968 1162 968 1163 981 1163 982 1163 968 1164 982 1164 969 1164 969 1165 982 1165 983 1165 969 1166 983 1166 971 1166 971 1167 983 1167 984 1167 971 1168 984 1168 972 1168 972 1169 984 1169 985 1169 972 1170 985 1170 973 1170 973 1171 985 1171 986 1171 973 1049 986 1049 975 1049 975 1172 986 1172 987 1172 975 1173 987 1173 976 1173 976 1174 987 1174 988 1174 976 1175 988 1175 989 1175 613 967 614 967 978 967 978 967 614 967 979 967 979 1176 614 1176 616 1176 979 967 616 967 980 967 980 1177 616 1177 618 1177 980 1178 618 1178 981 1178 981 967 618 967 982 967 982 1179 618 1179 620 1179 982 967 620 967 983 967 983 967 620 967 984 967 984 967 620 967 622 967 984 1180 622 1180 985 1180 985 967 622 967 986 967 986 967 622 967 987 967 987 967 622 967 988 967 988 967 622 967 989 967 989 967 622 967 990 967 990 1181 622 1181 624 1181 990 967 624 967 991 967 991 967 624 967 992 967 992 967 624 967 626 967 992 967 626 967 993 967 993 967 626 967 628 967 993 1182 628 1182 994 1182 994 1183 628 1183 995 1183 995 967 628 967 630 967 995 967 630 967 996 967 996 1184 630 1184 632 1184 996 967 632 967 997 967 997 967 632 967 634 967 997 967 634 967 998 967 998 967 634 967 636 967 998 967 636 967 999 967 999 967 636 967 1000 967 1000 1185 636 1185 638 1185 1000 967 638 967 1001 967 1001 1186 638 1186 640 1186 1001 967 640 967 1002 967 1002 967 640 967 642 967 1002 967 642 967 1003 967 1003 1187 642 1187 644 1187 1003 1188 644 1188 646 1188 1003 967 646 967 1004 967 1004 1189 646 1189 648 1189 1004 967 648 967 1005 967 1005 967 648 967 650 967 1005 1190 650 1190 1006 1190 1006 1191 650 1191 652 1191 1006 967 652 967 1007 967 1007 1192 652 1192 464 1192 1007 967 464 967 1008 967 1008 967 464 967 463 967 1008 1193 463 1193 1009 1193 1009 1194 463 1194 467 1194 1009 1195 467 1195 1010 1195 1010 1196 467 1196 1011 1196 1011 1197 467 1197 482 1197 1011 967 482 967 1012 967 1012 1198 482 1198 484 1198 1012 1199 484 1199 1013 1199 1013 967 484 967 1014 967 1014 967 484 967 1015 967 1016 855 473 855 1017 855 1017 1200 473 1200 472 1200 1017 855 472 855 1018 855 1018 1201 472 1201 1019 1201 1019 1202 472 1202 1020 1202 1020 855 472 855 1021 855 1021 1203 472 1203 1022 1203 1022 1204 472 1204 1023 1204 1022 1205 1023 1205 1024 1205 1024 855 1023 855 1025 855 1024 1206 1025 1206 1026 1206 1026 1207 1025 1207 645 1207 1026 1208 645 1208 643 1208 462 855 653 855 1025 855 1025 1209 653 1209 651 1209 651 855 649 855 1025 855 1025 1210 649 1210 647 1210 647 855 645 855 1025 855 1026 855 643 855 1027 855 1027 855 643 855 1028 855 1028 855 643 855 641 855 1028 855 641 855 1029 855 1029 1211 641 1211 639 1211 1029 855 639 855 1030 855 1030 1212 639 1212 637 1212 1030 1213 637 1213 1031 1213 1031 1214 637 1214 635 1214 1031 1215 635 1215 1032 1215 1032 1216 635 1216 633 1216 1032 1217 633 1217 1033 1217 1033 1218 633 1218 631 1218 1033 1219 631 1219 1034 1219 1034 1220 631 1220 629 1220 1034 1221 629 1221 1035 1221 1035 1222 629 1222 627 1222 1035 1223 627 1223 1036 1223 1036 855 627 855 625 855 1036 1224 625 1224 1037 1224 1037 855 625 855 1038 855 1038 855 625 855 1039 855 1039 855 625 855 623 855 1039 1225 623 1225 1040 1225 1040 855 623 855 1041 855 1041 855 623 855 1042 855 1042 855 623 855 1043 855 1043 855 623 855 621 855 1043 1226 621 1226 1044 1226 1044 855 621 855 619 855 1044 855 619 855 1045 855 1045 1227 619 1227 617 1227 1045 855 617 855 1046 855 1046 1228 617 1228 615 1228 1046 855 615 855 1047 855 1047 1229 615 1229 612 1229 1047 1230 612 1230 610 1230 1047 855 610 855 1048 855 1048 1231 610 1231 608 1231 1048 1232 608 1232 1049 1232 1049 1233 608 1233 607 1233 1049 1234 607 1234 605 1234 1049 1235 605 1235 438 1235 1018 855 1050 855 1017 855 1017 855 1050 855 1051 855 1050 855 1052 855 1051 855 438 1236 437 1236 1049 1236 1049 1237 437 1237 1053 1237 1053 1238 1054 1238 1055 1238 1053 1239 1055 1239 1049 1239 1049 1240 1055 1240 977 1240 977 1241 1055 1241 1056 1241 1056 1242 959 1242 977 1242 476 967 1057 967 474 967 474 967 1057 967 1058 967 1057 967 476 967 477 967 1058 1243 1057 1243 1059 1243 1058 1244 1059 1244 1060 1244 1058 1245 1061 1245 474 1245 474 1246 1061 1246 1062 1246 474 1247 1062 1247 1063 1247 1063 967 1062 967 1064 967 1063 967 1064 967 1065 967 1063 1248 1065 1248 1066 1248 1066 967 1065 967 1067 967 1066 1249 1067 1249 456 1249 456 967 1067 967 454 967 454 1250 1067 1250 1068 1250 454 1251 1068 1251 1069 1251 454 1252 1069 1252 1070 1252 454 967 1070 967 452 967 452 1253 1070 1253 1071 1253 452 967 1071 967 1072 967 452 967 1072 967 1073 967 452 1254 1073 1254 1074 1254 452 1255 1074 1255 451 1255 451 1256 1074 1256 1075 1256 451 1257 1075 1257 449 1257 449 967 1075 967 1076 967 449 1258 1076 1258 1077 1258 449 1259 1077 1259 1078 1259 449 1260 1078 1260 447 1260 447 967 1078 967 1079 967 447 1261 1079 1261 1080 1261 447 1262 1080 1262 1081 1262 447 1263 1081 1263 1082 1263 447 967 1082 967 445 967 445 1264 1082 1264 1083 1264 445 1265 1083 1265 443 1265 443 1266 1083 1266 1084 1266 443 1267 1084 1267 1085 1267 443 967 1085 967 441 967 441 967 1085 967 440 967 440 967 1085 967 1086 967 440 967 1086 967 437 967 437 1268 1086 1268 1053 1268 456 1269 459 1269 1066 1269 459 967 460 967 1066 967 478 967 475 967 1087 967 1087 1270 475 1270 470 1270 470 967 465 967 1087 967 1087 1271 465 1271 461 1271 1087 967 461 967 458 967 1087 967 458 967 1088 967 458 967 1089 967 1088 967 1089 1272 458 1272 457 1272 1089 1273 457 1273 455 1273 1089 1274 455 1274 453 1274 1089 1275 453 1275 450 1275 450 1276 448 1276 1089 1276 1089 1277 448 1277 446 1277 1089 1278 446 1278 444 1278 1089 1279 444 1279 442 1279 442 967 439 967 1089 967 1089 1280 439 1280 435 1280 1089 1281 435 1281 432 1281 432 1282 431 1282 1089 1282 1089 1283 431 1283 430 1283 1089 1284 430 1284 429 1284 429 1285 428 1285 1089 1285 1089 1286 428 1286 427 1286 1089 1287 427 1287 426 1287 426 1288 425 1288 1089 1288 1089 1289 425 1289 424 1289 1089 1290 424 1290 423 1290 423 967 422 967 1089 967 1089 1291 422 1291 421 1291 1089 1292 421 1292 420 1292 420 967 419 967 1089 967 1089 1293 419 1293 418 1293 1089 1294 418 1294 417 1294 417 1295 416 1295 1089 1295 1089 1296 416 1296 415 1296 1089 967 415 967 1090 967 1090 1297 415 1297 414 1297 1090 1298 414 1298 413 1298 413 967 412 967 1090 967 1090 1299 412 1299 411 1299 1090 1300 411 1300 410 1300 410 967 409 967 1090 967 1090 1301 409 1301 408 1301 1090 1302 408 1302 407 1302 407 1303 406 1303 1090 1303 1090 1304 406 1304 405 1304 1090 1305 405 1305 404 1305 404 1306 403 1306 1090 1306 1090 1307 403 1307 402 1307 1090 1308 402 1308 401 1308 401 967 400 967 1090 967 1090 1309 400 1309 399 1309 1090 1310 399 1310 398 1310 398 967 397 967 1090 967 1090 1311 397 1311 396 1311 1090 1312 396 1312 395 1312 395 967 394 967 1090 967 1090 1313 394 1313 393 1313 1090 1314 393 1314 392 1314 392 967 391 967 1090 967 1090 1315 391 1315 390 1315 1090 1316 390 1316 389 1316 389 967 388 967 1090 967 1090 1317 388 1317 387 1317 1090 1318 387 1318 386 1318 386 1319 385 1319 1090 1319 1090 1320 385 1320 384 1320 1090 1321 384 1321 383 1321 383 967 382 967 1090 967 1090 1322 382 1322 381 1322 1090 967 381 967 380 967 380 967 379 967 1090 967 1090 1323 379 1323 378 1323 1090 1324 378 1324 377 1324 377 967 376 967 1090 967 1090 1325 376 1325 375 1325 1090 1326 375 1326 374 1326 374 967 373 967 1090 967 1090 967 373 967 372 967 1090 967 372 967 371 967 371 1327 370 1327 1090 1327 1090 1328 370 1328 369 1328 1090 967 369 967 368 967 368 967 367 967 1090 967 1090 1329 367 1329 366 1329 1090 1330 366 1330 365 1330 365 967 364 967 1090 967 1090 1331 364 1331 363 1331 1090 1332 363 1332 362 1332 362 967 361 967 1090 967 1090 967 361 967 360 967 1090 1333 360 1333 359 1333 359 967 358 967 1090 967 1090 1334 358 1334 357 1334 1090 1335 357 1335 355 1335 355 1336 353 1336 1090 1336 1090 1337 353 1337 344 1337 1090 1338 344 1338 342 1338 1090 1339 342 1339 340 1339 1090 1340 340 1340 338 1340 338 1341 336 1341 1090 1341 1090 1342 336 1342 334 1342 1090 1343 334 1343 332 1343 1090 1344 332 1344 330 1344 1090 1345 330 1345 328 1345 1090 1346 328 1346 326 1346 1090 1347 326 1347 347 1347 1090 1348 347 1348 349 1348 1090 1349 349 1349 351 1349 1089 967 1091 967 1088 967 1091 1350 1092 1350 1088 1350 1088 1351 1093 1351 1087 1351 762 1352 763 1352 1094 1352 1094 1352 763 1352 1095 1352 1096 1353 285 1353 1097 1353 1097 1354 285 1354 284 1354 1097 1355 284 1355 1098 1355 1098 1356 284 1356 1099 1356 1098 1357 1099 1357 1100 1357 762 1358 1094 1358 284 1358 284 1359 1094 1359 1099 1359 1098 1360 1100 1360 1097 1360 1097 1361 1100 1361 1101 1361 1097 1353 1101 1353 1102 1353 1101 1359 1103 1359 1102 1359 1102 1362 1103 1362 1104 1362 1102 1363 1104 1363 1105 1363 1102 1364 1105 1364 1106 1364 1102 1365 1106 1365 1107 1365 1102 1366 1107 1366 1108 1366 1108 1367 1107 1367 1109 1367 1108 1368 1109 1368 1110 1368 1108 1369 1110 1369 1111 1369 1108 1370 1111 1370 1112 1370 1112 1371 1111 1371 1113 1371 1112 1372 1113 1372 1114 1372 1112 1373 1114 1373 1115 1373 1112 1374 1115 1374 1116 1374 1112 1375 1116 1375 1117 1375 1117 1376 1116 1376 1118 1376 1117 1377 1118 1377 1119 1377 1119 1378 1118 1378 1120 1378 1097 1379 1102 1379 1121 1379 1121 1380 1096 1380 1097 1380 768 1381 1 1381 1122 1381 1122 1382 1 1382 1123 1382 1123 1383 1 1383 797 1383 797 1384 1 1384 1124 1384 797 1385 1124 1385 827 1385 827 1386 1124 1386 1125 1386 1 1387 0 1387 1124 1387 1126 1388 767 1388 1127 1388 1127 1389 767 1389 769 1389 1127 1390 769 1390 1122 1390 1122 1391 769 1391 768 1391 767 1392 1126 1392 764 1392 1095 1393 763 1393 1128 1393 1128 1394 763 1394 765 1394 1128 1395 765 1395 1129 1395 1129 1396 765 1396 766 1396 1129 1397 766 1397 1126 1397 1126 1398 766 1398 764 1398 771 1399 7 1399 806 1399 806 1400 7 1400 9 1400 808 1401 18 1401 773 1401 773 1402 18 1402 234 1402 794 1403 1130 1403 793 1403 793 1404 1130 1404 792 1404 792 1405 1130 1405 1131 1405 798 1406 796 1406 1132 1406 1132 1407 796 1407 1133 1407 1132 1408 1133 1408 1134 1408 1133 1409 796 1409 795 1409 1133 1410 795 1410 1135 1410 1135 1411 795 1411 772 1411 1135 1412 772 1412 1136 1412 1136 1413 772 1413 775 1413 775 1414 774 1414 1137 1414 1137 1415 774 1415 776 1415 1137 1416 776 1416 1138 1416 1138 1417 776 1417 777 1417 1138 1418 777 1418 1139 1418 1139 1419 777 1419 778 1419 1139 1420 778 1420 1140 1420 1140 1421 778 1421 779 1421 1140 1422 779 1422 1141 1422 1141 1423 779 1423 1142 1423 1142 1424 779 1424 780 1424 1142 1425 780 1425 1143 1425 1143 1426 780 1426 781 1426 1143 1427 781 1427 1144 1427 1144 1428 781 1428 1145 1428 1145 1429 781 1429 782 1429 1145 1430 782 1430 1146 1430 1146 1431 782 1431 783 1431 1146 1432 783 1432 784 1432 1146 1433 784 1433 1147 1433 1147 1434 784 1434 1148 1434 1148 1435 784 1435 785 1435 1148 1436 785 1436 1149 1436 1149 1437 785 1437 1150 1437 1150 1438 785 1438 786 1438 1150 1439 786 1439 1151 1439 1151 1440 786 1440 787 1440 1151 1441 787 1441 1152 1441 1152 1442 787 1442 1153 1442 1153 1443 787 1443 788 1443 1153 1444 788 1444 789 1444 1153 1445 789 1445 1154 1445 1154 1446 789 1446 790 1446 1154 1447 790 1447 1155 1447 1155 1448 790 1448 791 1448 1155 1449 791 1449 1131 1449 1131 1450 791 1450 792 1450 1132 1451 1123 1451 798 1451 798 1452 1123 1452 797 1452 900 1453 1156 1453 899 1453 899 1454 1156 1454 1157 1454 899 1455 1157 1455 898 1455 898 1456 1157 1456 1158 1456 898 1457 1158 1457 897 1457 897 1458 1158 1458 1159 1458 897 1459 1159 1459 804 1459 804 1460 1159 1460 805 1460 805 1461 1160 1461 802 1461 1161 1462 1162 1462 1163 1462 803 1463 802 1463 1160 1463 1161 1464 1163 1464 803 1464 1163 1465 1164 1465 803 1465 800 1466 803 1466 1164 1466 1160 1467 1165 1467 803 1467 803 1468 1165 1468 1166 1468 1166 1469 1165 1469 908 1469 803 1470 1166 1470 1167 1470 1167 1471 1161 1471 803 1471 1164 1472 1168 1472 794 1472 800 1473 1164 1473 794 1473 1168 1474 1169 1474 794 1474 868 1475 869 1475 835 1475 835 1476 869 1476 890 1476 835 1477 890 1477 836 1477 836 1478 890 1478 896 1478 836 1479 896 1479 895 1479 836 1480 895 1480 837 1480 837 1481 895 1481 894 1481 837 1482 894 1482 893 1482 837 1483 893 1483 838 1483 838 1484 893 1484 892 1484 838 1485 892 1485 839 1485 839 1486 892 1486 840 1486 840 1487 892 1487 891 1487 840 1488 891 1488 841 1488 841 1489 891 1489 799 1489 799 1490 891 1490 801 1490 835 1491 834 1491 868 1491 868 1492 834 1492 867 1492 867 1493 834 1493 833 1493 867 1494 833 1494 866 1494 866 1495 833 1495 832 1495 866 1496 832 1496 865 1496 865 1497 832 1497 831 1497 865 1498 831 1498 864 1498 864 1499 831 1499 830 1499 864 1500 830 1500 863 1500 863 1501 830 1501 819 1501 863 1502 819 1502 862 1502 862 1503 819 1503 818 1503 862 1504 818 1504 861 1504 861 1505 818 1505 817 1505 861 1506 817 1506 860 1506 860 1507 817 1507 816 1507 860 1508 816 1508 859 1508 859 1509 816 1509 815 1509 859 1510 815 1510 858 1510 858 1511 815 1511 814 1511 858 1512 814 1512 857 1512 857 1513 814 1513 813 1513 857 1514 813 1514 856 1514 856 1515 813 1515 812 1515 856 1516 812 1516 855 1516 855 1517 812 1517 811 1517 855 1518 811 1518 854 1518 854 1519 811 1519 810 1519 854 1520 810 1520 853 1520 853 1521 810 1521 809 1521 853 1522 809 1522 852 1522 852 1523 809 1523 807 1523 852 1524 807 1524 820 1524 852 1525 820 1525 851 1525 851 1526 820 1526 821 1526 851 1527 821 1527 850 1527 850 1528 821 1528 822 1528 850 1529 822 1529 849 1529 849 1530 822 1530 823 1530 849 1531 823 1531 848 1531 848 1532 823 1532 824 1532 848 1533 824 1533 847 1533 847 1534 824 1534 826 1534 462 1535 1025 1535 460 1535 460 1536 1025 1536 1066 1536 721 1537 1170 1537 1171 1537 723 855 1172 855 721 855 721 855 1172 855 1170 855 725 855 1173 855 723 855 723 1538 1173 1538 1172 1538 1173 1539 725 1539 1174 1539 1174 1540 725 1540 727 1540 1174 855 727 855 1175 855 1175 855 727 855 729 855 1175 1541 729 1541 1176 1541 1176 855 729 855 731 855 1176 1542 731 1542 1177 1542 1177 1543 731 1543 733 1543 1177 1544 733 1544 1178 1544 1178 855 733 855 735 855 1178 1545 735 1545 1179 1545 1179 1546 735 1546 737 1546 1179 1547 737 1547 1180 1547 1180 855 737 855 739 855 1180 855 739 855 1181 855 1181 1548 739 1548 741 1548 1181 1549 741 1549 1182 1549 1182 1550 741 1550 1183 1550 1183 1551 741 1551 743 1551 1183 1552 743 1552 1184 1552 1184 855 743 855 745 855 1184 855 745 855 746 855 1184 1553 746 1553 1185 1553 1185 1554 746 1554 1186 1554 1186 1555 746 1555 748 1555 1186 1556 748 1556 1187 1556 1187 855 748 855 1188 855 1188 855 748 855 750 855 1188 855 750 855 1189 855 1189 855 750 855 752 855 1189 855 752 855 1190 855 1190 1557 752 1557 1191 1557 1191 855 752 855 1192 855 1192 1558 752 1558 1193 1558 1193 1559 752 1559 755 1559 1193 855 755 855 1194 855 1194 855 755 855 757 855 1194 855 757 855 1195 855 1195 855 757 855 759 855 1195 855 759 855 1196 855 1196 855 759 855 761 855 721 1560 1171 1560 1197 1560 1198 967 1199 967 751 967 751 967 1199 967 1200 967 751 1561 1200 1561 1201 1561 751 967 1201 967 753 967 1201 967 1202 967 753 967 753 967 1202 967 754 967 754 1562 1202 1562 1203 1562 754 967 1203 967 756 967 756 1563 1203 1563 1204 1563 756 1564 1204 1564 758 1564 758 967 1204 967 1205 967 758 1565 1205 1565 760 1565 751 1566 749 1566 1198 1566 1198 1567 749 1567 1206 1567 1206 1568 749 1568 1207 1568 1207 967 749 967 747 967 1207 1569 747 1569 1208 1569 1208 967 747 967 1209 967 1209 1570 747 1570 744 1570 1209 967 744 967 1210 967 1210 967 744 967 742 967 1210 967 742 967 1211 967 1211 967 742 967 740 967 1211 967 740 967 1212 967 1212 967 740 967 1213 967 1213 1571 740 1571 738 1571 1213 967 738 967 1214 967 1214 967 738 967 736 967 1214 967 736 967 1215 967 1215 967 736 967 734 967 1215 967 734 967 1216 967 1216 1572 734 1572 732 1572 1216 1573 732 1573 1217 1573 1217 967 732 967 730 967 1217 967 730 967 1218 967 1218 967 730 967 728 967 1218 1574 728 1574 1219 1574 1219 1575 728 1575 726 1575 1219 967 726 967 1220 967 1220 1576 726 1576 724 1576 1220 967 724 967 1221 967 1221 1577 724 1577 722 1577 1221 967 722 967 1222 967 1222 967 722 967 720 967 1222 967 720 967 1223 967 1223 967 720 967 1224 967 1224 1578 720 1578 1225 1578 679 1579 1226 1579 1227 1579 681 1580 1228 1580 679 1580 679 1581 1228 1581 1226 1581 683 1582 1229 1582 681 1582 681 1583 1229 1583 1228 1583 1229 1584 683 1584 1230 1584 1230 855 683 855 685 855 1230 1585 685 1585 1231 1585 1231 1586 685 1586 687 1586 1231 1587 687 1587 1232 1587 1232 1588 687 1588 689 1588 1232 1589 689 1589 1233 1589 1233 1590 689 1590 691 1590 1233 1591 691 1591 1234 1591 1234 1592 691 1592 693 1592 1234 855 693 855 1235 855 1235 1593 693 1593 695 1593 1235 855 695 855 1236 855 1236 855 695 855 697 855 1236 855 697 855 1237 855 1237 1594 697 1594 699 1594 1237 1595 699 1595 1238 1595 1238 1596 699 1596 1239 1596 1239 855 699 855 701 855 1239 855 701 855 1240 855 1240 855 701 855 703 855 1240 1597 703 1597 704 1597 1240 1598 704 1598 1241 1598 1241 855 704 855 1242 855 1242 855 704 855 706 855 1242 1599 706 1599 1243 1599 1243 855 706 855 1244 855 1244 855 706 855 708 855 1244 855 708 855 1245 855 1245 855 708 855 710 855 1245 855 710 855 1246 855 1246 855 710 855 1247 855 1247 855 710 855 1248 855 1248 855 710 855 1249 855 1249 1600 710 1600 713 1600 1249 855 713 855 1250 855 1250 1601 713 1601 715 1601 1250 1602 715 1602 1251 1602 1251 855 715 855 717 855 1251 855 717 855 1252 855 1252 1603 717 1603 719 1603 1253 1604 1254 1604 709 1604 709 967 1254 967 1255 967 709 1605 1255 1605 1256 1605 709 967 1256 967 711 967 1256 967 1257 967 711 967 711 1606 1257 1606 712 1606 712 1607 1257 1607 1258 1607 712 967 1258 967 714 967 714 1608 1258 1608 1259 1608 714 967 1259 967 716 967 716 967 1259 967 1260 967 716 1609 1260 1609 718 1609 709 1610 707 1610 1253 1610 1253 1611 707 1611 1261 1611 1261 1612 707 1612 1262 1612 1262 967 707 967 705 967 1262 1613 705 1613 1263 1613 1263 967 705 967 1264 967 1264 967 705 967 702 967 1264 1614 702 1614 1265 1614 1265 967 702 967 700 967 1265 967 700 967 1266 967 1266 967 700 967 698 967 1266 967 698 967 1267 967 1267 967 698 967 1268 967 1268 967 698 967 696 967 1268 967 696 967 1269 967 1269 1615 696 1615 694 1615 1269 967 694 967 1270 967 1270 967 694 967 692 967 1270 967 692 967 1271 967 1271 1616 692 1616 690 1616 1271 1617 690 1617 1272 1617 1272 1618 690 1618 688 1618 1272 967 688 967 1273 967 1273 967 688 967 686 967 1273 967 686 967 1274 967 1274 967 686 967 684 967 1274 1619 684 1619 1275 1619 1275 967 684 967 682 967 1275 967 682 967 1276 967 1276 967 682 967 680 967 1276 967 680 967 1277 967 1277 1620 680 1620 678 1620 1277 967 678 967 1278 967 1278 967 678 967 1279 967 1279 1621 678 1621 1280 1621 1124 855 0 855 829 855 829 1622 0 1622 2 1622 2 855 4 855 829 855 825 1623 829 1623 770 1623 770 1624 829 1624 3 1624 3 1625 829 1625 4 1625 14 1626 1281 1626 12 1626 12 1627 1281 1627 1282 1627 1283 1628 1284 1628 1282 1628 1282 1629 1284 1629 1285 1629 1282 1630 1285 1630 12 1630 12 1631 1285 1631 1125 1631 1285 1632 1286 1632 1125 1632 1125 1633 1286 1633 828 1633 1125 1634 828 1634 827 1634 14 1635 533 1635 1281 1635 1281 1636 533 1636 530 1636 1281 1637 530 1637 1282 1637 1282 1638 530 1638 528 1638 518 967 517 967 1287 967 1287 1639 517 1639 503 1639 1287 967 503 967 505 967 505 967 509 967 1287 967 1287 967 509 967 1288 967 1287 967 1288 967 1289 967 509 1640 511 1640 1288 1640 1288 967 511 967 515 967 1289 967 1290 967 1287 967 1287 967 1290 967 1291 967 1291 967 1292 967 1287 967 1287 1641 1292 1641 1293 1641 1287 1642 1293 1642 1294 1642 1294 967 1295 967 1287 967 515 1643 514 1643 1296 1643 1296 1644 514 1644 1297 1644 1296 1645 1297 1645 1298 1645 1298 1646 1297 1646 1299 1646 1298 1647 1299 1647 1300 1647 1300 1648 1299 1648 1301 1648 1301 1649 1290 1649 1300 1649 1300 1650 1290 1650 1298 1650 1298 1651 1290 1651 1289 1651 1298 1652 1289 1652 1296 1652 1296 1653 1289 1653 1288 1653 1296 1654 1288 1654 515 1654 1302 855 1303 855 1304 855 1304 1655 1303 1655 1305 1655 1304 1656 1305 1656 1306 1656 1306 855 1307 855 1304 855 1304 1657 1307 1657 1301 1657 1304 1658 1301 1658 1299 1658 1304 1659 1299 1659 1297 1659 1304 855 1297 855 508 855 508 1660 1297 1660 512 1660 512 855 1297 855 514 855 508 855 506 855 1304 855 1304 1661 506 1661 502 1661 1304 1662 502 1662 500 1662 500 855 499 855 1304 855 485 1663 483 1663 1308 1663 1308 1664 483 1664 1309 1664 1309 1665 483 1665 468 1665 1309 1666 468 1666 466 1666 466 1667 469 1667 1309 1667 1309 1668 469 1668 1308 1668 1308 1669 469 1669 1310 1669 469 1670 1311 1670 1310 1670 1310 1671 1311 1671 1312 1671 1312 1672 1311 1672 1052 1672 1052 1673 1311 1673 1051 1673 1310 1674 1313 1674 1308 1674 1308 1675 1313 1675 1314 1675 474 1676 1063 1676 472 1676 472 1399 1063 1399 1023 1399 481 1677 1016 1677 477 1677 477 1678 1016 1678 1057 1678 1057 1679 1016 1679 1017 1679 1315 967 1016 967 480 967 480 967 1016 967 479 967 479 1680 1016 1680 481 1680 480 1681 478 1681 1315 1681 1315 1682 478 1682 1059 1682 1315 1683 1059 1683 1051 1683 1087 1684 1316 1684 478 1684 478 1685 1316 1685 1317 1685 478 1686 1317 1686 1059 1686 1051 1386 1311 1386 1315 1386 1318 1687 1319 1687 1320 1687 1321 1688 677 1688 1318 1688 1318 1689 677 1689 1322 1689 1318 1690 1322 1690 1319 1690 529 1691 1322 1691 677 1691 1322 1692 529 1692 1319 1692 1319 1693 531 1693 842 1693 529 1694 531 1694 1319 1694 1320 1695 1319 1695 842 1695 843 1696 1323 1696 842 1696 842 1697 1323 1697 1324 1697 842 1698 1324 1698 1320 1698 1320 1699 1324 1699 1325 1699 1320 1700 1325 1700 1326 1700 1323 1701 843 1701 844 1701 1323 1702 844 1702 1327 1702 1327 1703 844 1703 845 1703 1327 1704 845 1704 1328 1704 1328 1705 845 1705 846 1705 1328 1706 846 1706 1329 1706 1329 1707 846 1707 847 1707 1329 1708 847 1708 826 1708 828 1709 1286 1709 826 1709 826 1710 1286 1710 1329 1710 1325 1711 1330 1711 1326 1711 908 1712 670 1712 669 1712 668 1713 1331 1713 669 1713 908 1714 1332 1714 1333 1714 1333 1715 913 1715 1334 1715 913 1716 909 1716 914 1716 914 1717 909 1717 912 1717 910 1718 909 1718 940 1718 940 1719 909 1719 1332 1719 940 1720 1332 1720 938 1720 938 1721 1332 1721 937 1721 937 1722 1332 1722 935 1722 935 1723 1332 1723 933 1723 933 1724 1332 1724 931 1724 931 1725 1332 1725 929 1725 929 1726 1332 1726 669 1726 929 1727 669 1727 927 1727 927 1728 669 1728 925 1728 925 1729 669 1729 923 1729 923 1730 669 1730 1335 1730 1335 1731 669 1731 1331 1731 1332 1732 908 1732 669 1732 1332 1733 909 1733 1333 1733 909 1734 913 1734 1333 1734 908 1735 1333 1735 1166 1735 1161 1736 1336 1736 1162 1736 1337 1737 1338 1737 1339 1737 1339 1738 1338 1738 1340 1738 1340 1739 1338 1739 1341 1739 1340 1740 1341 1740 1342 1740 1342 1741 1341 1741 1343 1741 1343 1742 1341 1742 1344 1742 1344 1743 1341 1743 922 1743 1344 1744 922 1744 1345 1744 1167 1745 1166 1745 1346 1745 1347 1746 1346 1746 1338 1746 1346 1747 1334 1747 1338 1747 1338 1748 1334 1748 1348 1748 1338 1749 1348 1749 1341 1749 1333 1750 1334 1750 1166 1750 1166 1751 1334 1751 1346 1751 1337 1752 1349 1752 1338 1752 1338 1753 1349 1753 1347 1753 1346 1754 1350 1754 1167 1754 1349 1755 1351 1755 1347 1755 1351 1756 1352 1756 1347 1756 1347 1757 1350 1757 1346 1757 1352 1758 1353 1758 1347 1758 1347 1759 1353 1759 1350 1759 1353 1760 1354 1760 1350 1760 1350 1761 1161 1761 1167 1761 1354 1762 1355 1762 1350 1762 1355 1763 1356 1763 1350 1763 1350 1764 1356 1764 1161 1764 1356 1765 1336 1765 1161 1765 908 1766 1165 1766 1160 1766 908 1767 1160 1767 907 1767 907 1768 1357 1768 906 1768 1357 1769 1157 1769 1156 1769 907 1770 1160 1770 1357 1770 1160 1771 805 1771 1357 1771 1357 1772 805 1772 1159 1772 1357 1773 1159 1773 1158 1773 1357 1774 1158 1774 1157 1774 668 1775 667 1775 1331 1775 1331 1776 667 1776 1358 1776 1358 1777 667 1777 665 1777 1358 1778 665 1778 948 1778 1358 1779 948 1779 1359 1779 1359 1780 948 1780 1360 1780 1361 1781 1360 1781 1362 1781 941 1782 912 1782 1361 1782 1361 1783 912 1783 911 1783 1361 1784 911 1784 939 1784 1361 1785 939 1785 938 1785 1361 1786 938 1786 936 1786 1361 1787 936 1787 934 1787 1361 1788 934 1788 1359 1788 1359 1789 934 1789 932 1789 1359 1790 932 1790 930 1790 1359 1791 930 1791 928 1791 1359 1792 928 1792 1358 1792 1358 1793 928 1793 926 1793 1358 1794 926 1794 924 1794 1358 1795 924 1795 923 1795 1358 1796 923 1796 1335 1796 1358 1797 1335 1797 1331 1797 1359 1798 1360 1798 1361 1798 941 1799 1361 1799 1362 1799 1363 1800 1364 1800 1365 1800 1365 1801 1364 1801 1366 1801 1365 1802 1366 1802 1367 1802 1365 1803 1367 1803 1368 1803 1368 1804 1367 1804 1369 1804 1368 1805 1369 1805 1370 1805 1368 1806 1370 1806 1371 1806 1368 1807 1371 1807 1372 1807 1372 1808 1371 1808 1373 1808 1372 1809 1373 1809 1374 1809 1372 1810 1374 1810 1375 1810 1372 1811 1375 1811 1376 1811 1372 1812 1376 1812 1377 1812 1377 1813 1376 1813 1378 1813 1377 1814 1378 1814 1379 1814 1377 1815 1379 1815 1380 1815 1380 1816 1379 1816 1381 1816 1380 1817 1381 1817 946 1817 946 1818 1381 1818 1382 1818 946 1819 1382 1819 1383 1819 946 1820 1383 1820 1384 1820 946 1821 1384 1821 947 1821 1368 1822 1372 1822 1385 1822 1368 1823 1385 1823 1365 1823 1386 1824 1360 1824 948 1824 1377 1825 1362 1825 1372 1825 1362 1826 1360 1826 1385 1826 1385 1827 1386 1827 1365 1827 1385 1828 1360 1828 1386 1828 1362 1829 1385 1829 1372 1829 1055 1830 1387 1830 1056 1830 1056 1831 1387 1831 949 1831 1388 1832 1056 1832 949 1832 949 1833 1387 1833 948 1833 1388 1834 949 1834 1389 1834 1389 1835 949 1835 1390 1835 989 1836 1042 1836 976 1836 976 1837 1042 1837 1043 1837 976 1838 1043 1838 974 1838 974 1839 1043 1839 1044 1839 974 1840 1044 1840 970 1840 970 1841 1044 1841 967 1841 967 1842 1044 1842 1045 1842 967 1843 1045 1843 964 1843 964 1844 1045 1844 1046 1844 964 1845 1046 1845 961 1845 961 1846 1046 1846 1047 1846 961 1847 1047 1847 960 1847 960 1848 1047 1848 1048 1848 960 1849 1048 1849 1049 1849 960 1850 1049 1850 977 1850 1042 1851 989 1851 1041 1851 1041 1852 989 1852 990 1852 1041 1853 990 1853 1040 1853 1040 1854 990 1854 991 1854 1040 1855 991 1855 1039 1855 1039 1856 991 1856 992 1856 1039 1857 992 1857 1038 1857 1038 1858 992 1858 993 1858 1038 1859 993 1859 1037 1859 1037 1860 993 1860 994 1860 1037 1861 994 1861 1036 1861 1036 1862 994 1862 995 1862 1036 1863 995 1863 1035 1863 1035 1864 995 1864 996 1864 1035 1865 996 1865 1034 1865 1034 1866 996 1866 997 1866 1034 1867 997 1867 1033 1867 1033 1868 997 1868 998 1868 1033 1869 998 1869 1032 1869 1032 1870 998 1870 999 1870 1032 1871 999 1871 1031 1871 1031 1872 999 1872 1000 1872 1031 1873 1000 1873 1030 1873 1030 1874 1000 1874 1001 1874 1030 1875 1001 1875 1029 1875 1029 1876 1001 1876 1002 1876 1029 1877 1002 1877 1028 1877 1028 1878 1002 1878 1003 1878 1028 1879 1003 1879 1027 1879 1027 1880 1003 1880 1004 1880 1027 1881 1004 1881 1026 1881 1026 1882 1004 1882 1005 1882 1026 1883 1005 1883 1024 1883 1024 1884 1005 1884 1022 1884 1022 1885 1005 1885 1006 1885 1022 1886 1006 1886 1021 1886 1021 1887 1006 1887 1007 1887 1021 1888 1007 1888 1020 1888 1020 1889 1007 1889 1008 1889 1020 1890 1008 1890 1019 1890 1019 1891 1008 1891 1009 1891 1019 1892 1009 1892 1018 1892 1018 1893 1009 1893 1010 1893 1018 1894 1010 1894 1050 1894 1391 1895 1392 1895 1393 1895 1391 1896 1393 1896 1394 1896 1392 1897 1391 1897 1395 1897 1392 1898 484 1898 486 1898 1392 1899 1395 1899 484 1899 1395 1900 1015 1900 484 1900 1392 1901 486 1901 1393 1901 1393 1902 486 1902 488 1902 489 1903 1394 1903 488 1903 488 1904 1394 1904 1393 1904 1396 1905 1395 1905 1397 1905 1395 1906 1396 1906 1015 1906 1015 1907 1396 1907 1398 1907 1015 1908 1398 1908 1014 1908 1014 1909 1398 1909 1399 1909 1014 1910 1399 1910 1013 1910 1013 1911 1399 1911 1012 1911 1012 1912 1399 1912 1400 1912 1012 1913 1400 1913 1011 1913 1011 1914 1400 1914 1401 1914 1312 1915 1050 1915 1401 1915 1401 1916 1050 1916 1010 1916 1401 1917 1010 1917 1011 1917 1312 1918 1052 1918 1050 1918 1397 1919 1395 1919 1391 1919 1397 1920 1391 1920 1402 1920 1402 1921 1403 1921 1397 1921 1404 1922 1405 1922 1085 1922 1054 1923 1053 1923 1406 1923 1406 1924 1053 1924 1086 1924 1406 1925 1086 1925 1085 1925 1406 1926 1085 1926 1405 1926 1407 1927 1408 1927 1409 1927 1054 1928 1363 1928 1055 1928 1386 1929 948 1929 1387 1929 1363 1930 1386 1930 1055 1930 1386 1931 1387 1931 1055 1931 1363 1932 1365 1932 1386 1932 959 1933 1056 1933 1388 1933 959 1934 1388 1934 958 1934 958 1935 1388 1935 1389 1935 958 1936 1389 1936 957 1936 957 1937 1389 1937 1390 1937 957 1938 1390 1938 956 1938 956 1939 1390 1939 1410 1939 1411 1940 1060 1940 1317 1940 1317 1941 1060 1941 1059 1941 1412 1942 1413 1942 1411 1942 1411 1943 1413 1943 1058 1943 1411 1944 1058 1944 1060 1944 1058 1945 1413 1945 1414 1945 1058 1946 1414 1946 1061 1946 1061 1947 1414 1947 1415 1947 1061 1948 1415 1948 1062 1948 1062 1949 1415 1949 1064 1949 1064 1950 1415 1950 1416 1950 1064 1951 1416 1951 1065 1951 1065 1952 1416 1952 1417 1952 1065 1953 1417 1953 1067 1953 1067 1954 1417 1954 1418 1954 1067 1955 1418 1955 1068 1955 1068 1956 1418 1956 1419 1956 1068 1957 1419 1957 1069 1957 1069 1958 1419 1958 1420 1958 1069 1959 1420 1959 1070 1959 1070 1960 1420 1960 1421 1960 1070 1961 1421 1961 1071 1961 1071 1962 1421 1962 1422 1962 1071 1963 1422 1963 1072 1963 1072 1964 1422 1964 1423 1964 1072 1965 1423 1965 1073 1965 1073 1966 1423 1966 1424 1966 1073 1967 1424 1967 1074 1967 1074 1968 1424 1968 1425 1968 1074 1969 1425 1969 1426 1969 1074 1970 1426 1970 1075 1970 1075 1971 1426 1971 1427 1971 1075 1972 1427 1972 1076 1972 1076 1973 1427 1973 1428 1973 1076 1974 1428 1974 1429 1974 1076 1975 1429 1975 1077 1975 1077 1976 1429 1976 1430 1976 1077 1977 1430 1977 1078 1977 1078 1978 1430 1978 1431 1978 1078 1979 1431 1979 1432 1979 1078 1980 1432 1980 1079 1980 1079 1981 1432 1981 1433 1981 1079 1982 1433 1982 1080 1982 1080 1983 1433 1983 1434 1983 1080 1984 1434 1984 1435 1984 1080 1985 1435 1985 1081 1985 1081 1986 1435 1986 1436 1986 1081 1987 1436 1987 1082 1987 1082 1988 1436 1988 1437 1988 1082 1989 1437 1989 1083 1989 1083 1990 1437 1990 1438 1990 1083 1991 1438 1991 1084 1991 1084 1992 1438 1992 1439 1992 1084 1993 1439 1993 1404 1993 1084 1994 1404 1994 1085 1994 352 1995 1440 1995 351 1995 351 1366 1440 1366 1441 1366 351 1996 1441 1996 1442 1996 1442 1361 1441 1361 1443 1361 1443 1997 1441 1997 1444 1997 1443 1998 1444 1998 1445 1998 1445 1999 1444 1999 1446 1999 1445 2000 1446 2000 1447 2000 1447 2001 1446 2001 1448 2001 1448 2002 1446 2002 1440 2002 1448 2003 1440 2003 352 2003 1449 2004 1450 2004 1447 2004 1447 2005 1450 2005 1451 2005 1447 2006 1451 2006 1445 2006 1450 2007 1449 2007 1452 2007 1449 2008 1453 2008 1454 2008 1449 2009 1454 2009 1452 2009 1453 2010 1449 2010 1455 2010 1455 2011 1449 2011 1456 2011 1456 2012 1449 2012 1457 2012 1456 2013 1457 2013 1458 2013 1458 2014 1457 2014 1459 2014 1459 2015 1457 2015 1460 2015 1460 2016 1457 2016 1461 2016 1461 2017 1457 2017 1462 2017 1461 2018 1462 2018 1463 2018 1442 1359 1464 1359 351 1359 351 2019 1464 2019 1090 2019 1316 2020 1087 2020 1465 2020 1465 2021 1087 2021 1093 2021 1465 2022 1093 2022 1466 2022 1467 2023 1093 2023 1088 2023 1089 2024 1468 2024 1091 2024 1091 2025 1468 2025 1469 2025 1091 2026 1469 2026 1092 2026 1092 2027 1469 2027 1467 2027 1092 2028 1467 2028 1088 2028 1089 1352 1090 1352 1468 1352 1468 2029 1090 2029 1464 2029 1449 2030 1447 2030 1470 2030 1471 2031 1470 2031 1472 2031 1471 2032 1472 2032 1473 2032 1471 2033 1473 2033 1462 2033 1462 2034 1473 2034 1474 2034 1474 2035 1473 2035 1475 2035 1474 2036 1475 2036 1476 2036 1476 2037 1475 2037 1477 2037 1477 2038 1475 2038 1478 2038 1477 2039 1478 2039 1479 2039 1479 2040 1478 2040 1480 2040 1479 2041 1480 2041 1481 2041 1481 2042 1480 2042 1482 2042 1481 2043 1482 2043 1483 2043 1483 2044 1482 2044 1484 2044 1483 2045 1484 2045 1485 2045 1485 2046 1484 2046 1486 2046 1485 2047 1486 2047 1487 2047 1487 2048 1486 2048 1488 2048 1487 2049 1488 2049 1489 2049 1489 2050 1488 2050 1490 2050 1489 2051 1490 2051 296 2051 296 2052 1490 2052 297 2052 1489 2053 296 2053 295 2053 1489 2054 295 2054 1487 2054 1487 2055 295 2055 1485 2055 1485 855 295 855 293 855 1485 855 293 855 1483 855 1483 855 293 855 1481 855 1481 855 293 855 1491 855 1491 2056 293 2056 291 2056 1491 855 291 855 1492 855 1492 855 291 855 1463 855 1492 855 1463 855 1476 855 1476 2057 1463 2057 1474 2057 291 2058 1493 2058 1463 2058 1463 2059 1493 2059 1461 2059 289 2060 1494 2060 291 2060 291 2061 1494 2061 1495 2061 291 2062 1495 2062 1496 2062 1497 2063 1498 2063 289 2063 289 2064 1498 2064 1494 2064 291 2065 1496 2065 1493 2065 1120 2066 1497 2066 1119 2066 1119 2067 1497 2067 289 2067 1119 967 289 967 1499 967 1499 967 289 967 1500 967 1500 967 289 967 288 967 1500 967 288 967 1501 967 1501 967 288 967 1502 967 1502 2068 288 2068 286 2068 1502 2069 286 2069 1503 2069 1503 2070 286 2070 276 2070 1119 2071 1499 2071 1504 2071 276 2072 274 2072 1505 2072 276 2073 1505 2073 1503 2073 1503 2074 1505 2074 1506 2074 1503 2075 1506 2075 1502 2075 1502 2076 1506 2076 1507 2076 1502 2077 1507 2077 1501 2077 1501 2078 1507 2078 1508 2078 1501 2079 1508 2079 1509 2079 1501 2080 1509 2080 1500 2080 1500 2081 1509 2081 1510 2081 1510 2082 1509 2082 1511 2082 1510 2083 1511 2083 1504 2083 1504 2084 1511 2084 1512 2084 1504 2085 1512 2085 1513 2085 1513 2086 1512 2086 1514 2086 1513 2087 1514 2087 1515 2087 1515 2088 1514 2088 1516 2088 545 2089 544 2089 1517 2089 1517 2090 544 2090 1518 2090 1518 2091 541 2091 536 2091 544 2092 541 2092 1518 2092 1518 2093 536 2093 535 2093 535 2094 534 2094 1519 2094 1518 2095 535 2095 1520 2095 1519 2096 1521 2096 535 2096 535 2097 1521 2097 1520 2097 1520 2098 1521 2098 1522 2098 1520 2099 1523 2099 1518 2099 539 2100 1524 2100 534 2100 534 2101 1524 2101 1519 2101 1519 2102 1524 2102 1521 2102 1521 2103 1524 2103 1522 2103 1524 2104 539 2104 1525 2104 1525 2105 539 2105 538 2105 1526 2106 1527 2106 1525 2106 1525 2107 538 2107 542 2107 1525 2108 542 2108 547 2108 1525 2109 547 2109 1528 2109 1528 2110 547 2110 546 2110 1529 2111 1530 2111 600 2111 600 2112 1530 2112 601 2112 601 2113 1530 2113 602 2113 602 2114 1530 2114 603 2114 603 2115 1530 2115 564 2115 564 2116 1530 2116 1531 2116 564 967 1531 967 562 967 562 967 1531 967 558 967 558 967 1531 967 556 967 556 967 1531 967 552 967 552 967 1531 967 550 967 550 967 1531 967 546 967 546 2117 1531 2117 1528 2117 228 2118 1532 2118 576 2118 576 2119 1532 2119 1533 2119 1533 2120 1529 2120 600 2120 600 2121 576 2121 1533 2121 1534 2122 1535 2122 1536 2122 1534 2123 1536 2123 1537 2123 1534 2124 1537 2124 1538 2124 1538 2125 1537 2125 1539 2125 1538 2126 1539 2126 1540 2126 1538 2127 1540 2127 1541 2127 1538 2128 1541 2128 1542 2128 1542 2129 1541 2129 1543 2129 1543 2130 1544 2130 1542 2130 1542 2131 1545 2131 1546 2131 1547 2132 1546 2132 1548 2132 1544 2133 1549 2133 1542 2133 1542 2134 1549 2134 1545 2134 1549 2135 1550 2135 1545 2135 1545 2136 1551 2136 1546 2136 1550 2137 1551 2137 1545 2137 1550 2138 1552 2138 1551 2138 1552 2139 1553 2139 1551 2139 1551 2140 1553 2140 1554 2140 1554 2141 1553 2141 1555 2141 1554 2142 1555 2142 1556 2142 1554 2143 1556 2143 1557 2143 1557 2144 1556 2144 1558 2144 1557 2145 1558 2145 1559 2145 1557 2146 1560 2146 1554 2146 1554 2147 1560 2147 1548 2147 1551 2148 1554 2148 1548 2148 1551 2149 1548 2149 1546 2149 1548 2150 1561 2150 1547 2150 232 2151 598 2151 1561 2151 1561 2152 598 2152 596 2152 1561 2153 596 2153 1547 2153 1547 2154 596 2154 594 2154 1546 2155 1547 2155 1542 2155 1547 2156 1562 2156 1542 2156 1542 2157 1562 2157 1538 2157 1562 2158 1534 2158 1538 2158 1562 2159 1563 2159 1534 2159 1547 2160 594 2160 592 2160 1547 2161 592 2161 590 2161 1547 2162 590 2162 588 2162 1547 2163 588 2163 586 2163 1547 2164 586 2164 1562 2164 1562 2165 586 2165 584 2165 1562 2166 584 2166 583 2166 1562 2167 583 2167 581 2167 1562 2168 581 2168 579 2168 1562 2169 579 2169 1563 2169 1563 2170 579 2170 578 2170 1563 2171 578 2171 277 2171 1563 2172 1564 2172 1565 2172 1563 2173 277 2173 286 2173 1563 2174 286 2174 287 2174 290 2175 1566 2175 1567 2175 287 2176 1567 2176 1568 2176 287 2177 1568 2177 1564 2177 1563 2178 287 2178 1564 2178 287 2179 290 2179 1567 2179 1566 2180 290 2180 1569 2180 1569 2181 1570 2181 1566 2181 1566 2182 1570 2182 1571 2182 1566 2183 1571 2183 1572 2183 1573 2184 1574 2184 1575 2184 1575 2185 1574 2185 292 2185 292 2186 1574 2186 1576 2186 292 2187 1576 2187 290 2187 290 2188 1576 2188 1569 2188 1575 2189 294 2189 296 2189 1575 2190 292 2190 294 2190 298 2191 1577 2191 296 2191 296 2192 1577 2192 1575 2192 300 2193 1577 2193 298 2193 1577 2194 300 2194 302 2194 1577 2195 302 2195 304 2195 1577 967 304 967 306 967 1577 967 306 967 308 967 1577 2196 308 2196 1578 2196 1578 2197 308 2197 310 2197 1578 2198 310 2198 312 2198 1578 2199 312 2199 314 2199 1578 2200 314 2200 316 2200 1578 2201 316 2201 318 2201 1578 2202 318 2202 320 2202 1579 2203 1580 2203 1581 2203 1579 2204 1581 2204 1582 2204 1582 2205 1581 2205 1583 2205 1583 2206 1581 2206 1584 2206 1584 2207 1581 2207 1585 2207 1580 2208 1579 2208 1586 2208 1580 2209 1586 2209 1587 2209 1587 2210 1586 2210 1588 2210 1587 2211 1588 2211 1589 2211 1587 2212 1589 2212 1590 2212 1590 2213 1589 2213 1591 2213 1590 2214 1591 2214 1592 2214 1592 2215 1593 2215 1590 2215 1587 2216 1575 2216 1577 2216 1587 2217 1577 2217 1580 2217 1580 2218 1577 2218 1594 2218 1594 2219 1577 2219 1578 2219 1594 2220 1578 2220 1595 2220 1585 2221 1596 2221 1584 2221 1595 2222 1597 2222 1585 2222 1597 2223 1596 2223 1585 2223 1595 2224 1598 2224 1597 2224 320 2225 1595 2225 1578 2225 1597 2226 1598 2226 1599 2226 1595 2227 320 2227 1600 2227 1600 2228 320 2228 321 2228 1600 2229 321 2229 323 2229 323 2230 1598 2230 1600 2230 1598 2231 323 2231 345 2231 1598 2232 345 2232 1601 2232 1602 2233 1603 2233 1604 2233 1602 2234 1604 2234 1605 2234 1602 2235 1605 2235 1606 2235 1602 2236 1606 2236 1599 2236 1606 2237 1607 2237 1599 2237 1599 2238 1607 2238 1597 2238 1607 2239 1608 2239 1597 2239 1597 2240 1608 2240 1596 2240 1585 2241 1594 2241 1595 2241 1581 2242 1580 2242 1594 2242 1585 2243 1581 2243 1594 2243 1598 2244 1595 2244 1600 2244 1599 2245 1598 2245 1601 2245 1602 2246 1599 2246 1601 2246 1609 2247 356 2247 1610 2247 575 2248 1610 2248 356 2248 1610 2249 575 2249 1611 2249 575 2250 573 2250 1611 2250 1611 2251 573 2251 571 2251 1611 2252 571 2252 569 2252 1611 2253 569 2253 567 2253 1611 2254 567 2254 565 2254 1611 2255 565 2255 561 2255 1611 2256 561 2256 1517 2256 1517 2257 561 2257 559 2257 1517 2258 559 2258 555 2258 1517 2259 555 2259 553 2259 1517 2260 553 2260 549 2260 1517 2261 549 2261 545 2261 1612 2262 1613 2262 322 2262 322 2263 1613 2263 1614 2263 322 2264 1614 2264 343 2264 297 2265 1615 2265 299 2265 299 855 1615 855 301 855 301 855 1615 855 303 855 303 2266 1615 2266 1616 2266 303 2267 1616 2267 305 2267 305 2268 1616 2268 307 2268 307 2269 1616 2269 309 2269 309 2270 1616 2270 311 2270 311 2271 1616 2271 313 2271 313 2272 1616 2272 1612 2272 313 2273 1612 2273 315 2273 315 2274 1612 2274 317 2274 317 2275 1612 2275 319 2275 319 2276 1612 2276 322 2276 1615 2277 297 2277 1617 2277 1618 2278 1619 2278 327 2278 327 2279 1619 2279 1620 2279 327 2280 1620 2280 325 2280 327 2281 329 2281 1618 2281 1618 2282 329 2282 331 2282 1618 2283 331 2283 1621 2283 1621 2284 331 2284 333 2284 1621 2285 333 2285 335 2285 1621 2286 335 2286 337 2286 1621 2287 337 2287 1622 2287 1622 2288 337 2288 339 2288 1622 2289 339 2289 341 2289 1622 2290 341 2290 1623 2290 343 2291 1614 2291 341 2291 341 2292 1614 2292 1624 2292 341 2293 1624 2293 1623 2293 1625 2294 1626 2294 275 2294 275 2295 1626 2295 1627 2295 275 2296 1627 2296 274 2296 1625 2297 582 2297 1628 2297 1628 2298 582 2298 585 2298 1628 2299 585 2299 587 2299 1628 2300 587 2300 589 2300 1628 2301 589 2301 591 2301 1628 2302 591 2302 1629 2302 1629 2303 591 2303 593 2303 1629 2304 593 2304 595 2304 1629 2305 595 2305 597 2305 582 2306 1625 2306 580 2306 580 2307 1625 2307 577 2307 1625 2308 275 2308 577 2308 233 2309 1630 2309 599 2309 599 2310 1630 2310 1629 2310 1629 2311 597 2311 599 2311 1631 2312 256 2312 258 2312 1631 2313 258 2313 1632 2313 1632 2314 258 2314 261 2314 1632 2315 261 2315 1633 2315 1633 2316 261 2316 263 2316 1633 2317 263 2317 265 2317 1633 2318 265 2318 1634 2318 1634 2319 265 2319 267 2319 1634 2320 267 2320 269 2320 269 2321 1635 2321 1634 2321 1127 855 1122 855 1099 855 1099 2322 1122 2322 1123 2322 1099 2323 1123 2323 1132 2323 1132 2324 1636 2324 1099 2324 1094 855 1126 855 1099 855 1099 2325 1126 2325 1127 2325 1095 855 1128 855 1094 855 1094 2326 1128 2326 1129 2326 1094 2327 1129 2327 1126 2327 1096 855 1637 855 285 855 285 2328 1637 2328 1638 2328 285 2329 1638 2329 283 2329 283 2330 1638 2330 1639 2330 283 855 1639 855 281 855 281 2331 1639 2331 279 2331 1640 2332 1641 2332 1100 2332 1100 2333 1641 2333 1101 2333 1642 2334 1643 2334 1644 2334 1642 2335 1644 2335 1645 2335 1645 2336 1644 2336 1646 2336 1645 2337 1646 2337 1647 2337 1647 2338 1646 2338 1648 2338 1647 2339 1648 2339 1649 2339 1649 2340 1648 2340 1650 2340 1649 2341 1650 2341 1651 2341 1651 2342 1650 2342 1652 2342 1651 2343 1652 2343 1653 2343 1651 2344 1653 2344 1654 2344 1654 2345 1653 2345 1655 2345 1654 2346 1655 2346 1101 2346 1101 2347 1655 2347 1103 2347 1656 2348 1657 2348 1658 2348 1658 2349 1657 2349 1659 2349 1658 2350 1659 2350 1660 2350 1661 967 1104 967 1656 967 1656 967 1104 967 1662 967 1656 2351 1662 2351 1663 2351 1661 967 1664 967 1104 967 1103 2352 1643 2352 1104 2352 1104 2353 1643 2353 1665 2353 1655 2354 1653 2354 1103 2354 1103 2355 1653 2355 1652 2355 1103 2356 1652 2356 1650 2356 1650 967 1648 967 1103 967 1103 2357 1648 2357 1646 2357 1646 967 1644 967 1103 967 1103 2358 1644 2358 1643 2358 1665 967 1662 967 1104 967 1656 2359 1663 2359 1657 2359 1660 967 1666 967 1658 967 1658 2360 1666 2360 1667 2360 1658 967 1667 967 1668 967 1668 2361 1667 2361 1669 2361 1668 2362 1669 2362 1670 2362 1668 967 1670 967 1671 967 1671 2363 1670 2363 1672 2363 1671 2364 1672 2364 1673 2364 1671 2365 1673 2365 1674 2365 1674 967 1675 967 1671 967 1671 967 1675 967 1676 967 1676 967 1677 967 1671 967 1671 2366 1677 2366 1678 2366 1679 2367 1680 2367 1664 2367 1664 2368 1680 2368 1105 2368 1664 2369 1105 2369 1104 2369 1680 2370 1679 2370 1681 2370 1680 2371 1681 2371 1106 2371 1106 2372 1681 2372 1107 2372 1107 2373 1681 2373 1682 2373 1107 2374 1682 2374 1109 2374 1109 2375 1682 2375 1683 2375 1109 2376 1683 2376 1110 2376 1110 2377 1683 2377 1684 2377 1110 2378 1684 2378 1111 2378 1111 2379 1684 2379 1685 2379 1111 2380 1685 2380 1113 2380 1113 2381 1685 2381 1686 2381 1113 2382 1686 2382 1114 2382 1114 2383 1686 2383 1687 2383 1114 2384 1687 2384 1115 2384 1115 2385 1687 2385 1688 2385 1115 2386 1688 2386 1116 2386 1116 2387 1688 2387 1689 2387 1116 2388 1689 2388 1118 2388 1118 2389 1689 2389 1690 2389 1118 2390 1690 2390 1691 2390 1118 2391 1691 2391 1120 2391 1120 2392 1691 2392 1497 2392 1497 2393 1691 2393 1692 2393 1497 2394 1692 2394 1498 2394 1498 2395 1692 2395 1295 2395 1498 2396 1295 2396 1494 2396 1679 2397 1693 2397 1681 2397 1681 2398 1693 2398 1682 2398 1693 2399 1694 2399 1682 2399 1682 2400 1694 2400 1683 2400 1694 2401 1695 2401 1683 2401 1683 2402 1695 2402 1684 2402 1695 2403 1696 2403 1684 2403 1684 2404 1696 2404 1685 2404 1696 2405 1697 2405 1685 2405 1685 2406 1697 2406 1686 2406 1697 2407 1698 2407 1686 2407 1686 2408 1698 2408 1687 2408 1698 2409 1699 2409 1687 2409 1687 2410 1699 2410 1688 2410 1688 2411 1699 2411 1689 2411 1699 2412 1700 2412 1689 2412 1689 2413 1700 2413 1701 2413 1689 2414 1701 2414 1690 2414 1690 2415 1701 2415 1702 2415 1690 2416 1702 2416 1691 2416 1691 2417 1702 2417 1703 2417 1691 2418 1703 2418 1692 2418 1692 2419 1703 2419 1295 2419 1295 2420 1703 2420 1287 2420 1106 2421 1105 2421 1680 2421 1119 2422 1504 2422 1117 2422 1117 2423 1504 2423 1513 2423 1117 2424 1513 2424 1112 2424 1112 2425 1513 2425 1515 2425 1112 2426 1515 2426 1108 2426 1108 2427 1515 2427 1516 2427 1108 2428 1516 2428 1102 2428 1639 2429 1507 2429 279 2429 279 2430 1507 2430 1506 2430 279 2431 1506 2431 1505 2431 279 2432 1505 2432 273 2432 273 2433 1505 2433 274 2433 1507 2434 1639 2434 1508 2434 1508 2435 1639 2435 1509 2435 1509 2436 1639 2436 1638 2436 1509 2437 1638 2437 1511 2437 1511 2438 1638 2438 1637 2438 1511 2439 1637 2439 1512 2439 1512 2440 1637 2440 1096 2440 1512 2441 1096 2441 1121 2441 1512 2442 1121 2442 1514 2442 1514 2443 1121 2443 1516 2443 1516 2444 1121 2444 1102 2444 1704 2445 1705 2445 1706 2445 1704 2446 1706 2446 1707 2446 1098 2447 1097 2447 1708 2447 1097 2448 1098 2448 1709 2448 827 2449 825 2449 797 2449 797 2450 825 2450 770 2450 806 2451 808 2451 771 2451 771 2452 808 2452 773 2452 1710 2453 1131 2453 1130 2453 794 2454 1169 2454 1130 2454 1710 2455 1130 2455 1169 2455 1711 2456 1710 2456 1169 2456 1711 2457 1169 2457 1712 2457 1712 2458 1713 2458 1711 2458 1711 2459 1713 2459 1714 2459 1714 2460 1713 2460 1715 2460 1715 2461 1713 2461 1716 2461 1716 2462 1713 2462 1717 2462 1717 2463 1713 2463 1718 2463 1717 2464 1718 2464 1719 2464 1719 2465 1718 2465 1720 2465 1720 2466 1718 2466 1721 2466 1721 2467 1718 2467 1722 2467 1717 2468 1719 2468 1141 2468 1715 2469 1716 2469 1148 2469 1134 2470 1133 2470 1721 2470 1133 2471 1135 2471 1721 2471 1135 2472 1136 2472 1721 2472 1721 2473 1136 2473 1720 2473 1136 2474 775 2474 1720 2474 775 2475 1137 2475 1720 2475 1137 2476 1138 2476 1720 2476 1138 2477 1139 2477 1720 2477 1720 2478 1139 2478 1719 2478 1139 2479 1140 2479 1719 2479 1140 2480 1141 2480 1719 2480 1142 2481 1143 2481 1141 2481 1141 2482 1143 2482 1717 2482 1143 2483 1144 2483 1717 2483 1717 2484 1144 2484 1716 2484 1144 2485 1145 2485 1716 2485 1145 2486 1146 2486 1716 2486 1146 2487 1147 2487 1716 2487 1716 2488 1147 2488 1148 2488 1148 2489 1149 2489 1715 2489 1149 2490 1150 2490 1715 2490 1715 2491 1152 2491 1714 2491 1150 2492 1151 2492 1715 2492 1715 2493 1151 2493 1152 2493 1152 2494 1153 2494 1714 2494 1153 2495 1154 2495 1714 2495 1714 2496 1154 2496 1711 2496 1154 2497 1155 2497 1711 2497 1155 2498 1131 2498 1711 2498 1711 2499 1131 2499 1710 2499 902 2500 905 2500 901 2500 901 2501 905 2501 1156 2501 901 2502 1156 2502 900 2502 1163 2503 1162 2503 1168 2503 1168 2504 1162 2504 1723 2504 1168 2505 1723 2505 1724 2505 1712 2506 1169 2506 1724 2506 1724 2507 1169 2507 1168 2507 1164 2508 1163 2508 1168 2508 1725 2509 1726 2509 1727 2509 1727 2510 1726 2510 1728 2510 1728 2511 1729 2511 1730 2511 1728 2512 1730 2512 1727 2512 1731 2513 1732 2513 1728 2513 1728 2514 1732 2514 1733 2514 1728 2515 1733 2515 1729 2515 1729 2516 1733 2516 1734 2516 1729 2517 1734 2517 1735 2517 1735 2518 1734 2518 1736 2518 1736 2519 1734 2519 1737 2519 1736 2520 1737 2520 1738 2520 1738 2521 1737 2521 1739 2521 1738 2522 1739 2522 1740 2522 1740 2523 1739 2523 1741 2523 1740 2524 1741 2524 1742 2524 1742 2525 1741 2525 1743 2525 1742 2526 1743 2526 1744 2526 1744 2527 1743 2527 1745 2527 1744 2528 1745 2528 1746 2528 1746 2528 1745 2528 1747 2528 1746 2529 1747 2529 1748 2529 1748 2530 1747 2530 1749 2530 1748 2531 1749 2531 1750 2531 1750 2532 1749 2532 1751 2532 1750 2533 1751 2533 1752 2533 1752 2534 1751 2534 1753 2534 1752 2535 1753 2535 1754 2535 1754 2536 1753 2536 1755 2536 1754 2537 1755 2537 1756 2537 1756 2538 1755 2538 1757 2538 1756 2539 1757 2539 1758 2539 1758 2540 1757 2540 1759 2540 1758 2541 1759 2541 1760 2541 1760 2542 1759 2542 1761 2542 1760 2543 1761 2543 1762 2543 1762 2544 1761 2544 1763 2544 1762 2545 1763 2545 1764 2545 1764 2545 1763 2545 1765 2545 1764 2546 1765 2546 1766 2546 1766 2546 1765 2546 1767 2546 1766 2547 1767 2547 1768 2547 1768 2548 1767 2548 1769 2548 1768 2549 1769 2549 1770 2549 1770 2550 1769 2550 1771 2550 1770 2551 1771 2551 1772 2551 1772 2552 1771 2552 1773 2552 1772 2553 1773 2553 1774 2553 1774 2554 1773 2554 1775 2554 1774 2555 1775 2555 1776 2555 1776 2556 1775 2556 1777 2556 1776 2557 1777 2557 1778 2557 1778 2558 1777 2558 1779 2558 1778 2559 1779 2559 1780 2559 1780 2559 1779 2559 1781 2559 1780 2560 1781 2560 1782 2560 1782 2561 1781 2561 1783 2561 1782 2562 1783 2562 1784 2562 1784 2563 1783 2563 1785 2563 1784 2564 1785 2564 1786 2564 1786 2565 1785 2565 1787 2565 1786 2566 1787 2566 1788 2566 1788 2567 1787 2567 1789 2567 1788 2568 1789 2568 1790 2568 1790 2568 1789 2568 1791 2568 1790 2569 1791 2569 1792 2569 1792 2570 1791 2570 1793 2570 1792 2571 1793 2571 1794 2571 1794 2572 1793 2572 1795 2572 1794 2573 1795 2573 1796 2573 1796 2574 1795 2574 1797 2574 1796 2575 1797 2575 947 2575 947 2576 1797 2576 922 2576 922 2577 1797 2577 1798 2577 922 2578 1798 2578 1345 2578 1732 2579 1731 2579 1799 2579 1733 2517 1800 2517 1734 2517 1734 2580 1800 2580 1737 2580 1800 2581 1801 2581 1737 2581 1737 2582 1801 2582 1739 2582 1801 2521 1802 2521 1739 2521 1739 2583 1802 2583 1741 2583 1802 2523 1803 2523 1741 2523 1741 2584 1803 2584 1743 2584 1803 2525 1804 2525 1743 2525 1743 2585 1804 2585 1745 2585 1804 2586 1805 2586 1745 2586 1745 2528 1805 2528 1747 2528 1805 2587 1806 2587 1747 2587 1747 2529 1806 2529 1749 2529 1806 2530 1807 2530 1749 2530 1749 2531 1807 2531 1751 2531 1807 2588 1808 2588 1751 2588 1751 2533 1808 2533 1753 2533 1808 2589 1809 2589 1753 2589 1753 2535 1809 2535 1755 2535 1809 2536 1810 2536 1755 2536 1755 2590 1810 2590 1757 2590 1810 2591 1811 2591 1757 2591 1757 2539 1811 2539 1759 2539 1811 2540 1812 2540 1759 2540 1759 2541 1812 2541 1761 2541 1812 2542 1813 2542 1761 2542 1761 2592 1813 2592 1763 2592 1813 2592 1814 2592 1763 2592 1763 2545 1814 2545 1765 2545 1814 2545 1815 2545 1765 2545 1765 2593 1815 2593 1767 2593 1815 2593 1816 2593 1767 2593 1767 2547 1816 2547 1769 2547 1816 2548 1817 2548 1769 2548 1769 2549 1817 2549 1771 2549 1817 2550 1818 2550 1771 2550 1771 2594 1818 2594 1773 2594 1818 2595 1819 2595 1773 2595 1773 2596 1819 2596 1775 2596 1819 2554 1820 2554 1775 2554 1775 2597 1820 2597 1777 2597 1820 2556 1821 2556 1777 2556 1777 2598 1821 2598 1779 2598 1821 2558 1822 2558 1779 2558 1779 2559 1822 2559 1781 2559 1822 2599 1823 2599 1781 2599 1781 2560 1823 2560 1783 2560 1823 2561 1824 2561 1783 2561 1783 2600 1824 2600 1785 2600 1824 2601 1825 2601 1785 2601 1785 2564 1825 2564 1787 2564 1825 2565 1826 2565 1787 2565 1787 2602 1826 2602 1789 2602 1826 2567 1827 2567 1789 2567 1789 2568 1827 2568 1791 2568 1827 2568 1828 2568 1791 2568 1791 2569 1828 2569 1793 2569 1828 2570 1829 2570 1793 2570 1793 2603 1829 2603 1795 2603 1829 2572 1830 2572 1795 2572 1795 2573 1830 2573 1797 2573 1830 2574 1798 2574 1797 2574 1345 2604 1831 2604 1344 2604 1344 2605 1831 2605 1832 2605 1344 2606 1832 2606 1343 2606 1343 2607 1832 2607 1833 2607 1343 2608 1833 2608 1342 2608 1342 2609 1833 2609 1834 2609 1342 2610 1834 2610 1340 2610 1340 2611 1834 2611 1835 2611 1340 2612 1835 2612 1339 2612 1339 2613 1835 2613 1836 2613 1339 2614 1836 2614 1337 2614 1337 2615 1836 2615 1837 2615 1337 2616 1837 2616 1349 2616 1349 2617 1837 2617 1838 2617 1349 2618 1838 2618 1351 2618 1351 2619 1838 2619 1839 2619 1351 2620 1839 2620 1352 2620 1352 2621 1839 2621 1840 2621 1352 2622 1840 2622 1353 2622 1353 2623 1840 2623 1354 2623 1796 2624 947 2624 1841 2624 1841 2625 947 2625 1384 2625 1841 2626 1384 2626 1842 2626 1842 2627 1384 2627 1383 2627 1842 2628 1383 2628 1843 2628 1843 2629 1383 2629 1382 2629 1843 2630 1382 2630 1844 2630 1844 2631 1382 2631 1381 2631 1844 2632 1381 2632 1845 2632 1845 2633 1381 2633 1379 2633 1845 2634 1379 2634 1846 2634 1846 2635 1379 2635 1378 2635 1846 2636 1378 2636 1847 2636 1847 2637 1378 2637 1376 2637 1847 2638 1376 2638 1848 2638 1848 2639 1376 2639 1375 2639 1848 2640 1375 2640 1849 2640 1849 2641 1375 2641 1374 2641 1849 2642 1374 2642 1850 2642 1850 2643 1374 2643 1373 2643 1850 2644 1373 2644 1851 2644 1851 2645 1373 2645 1371 2645 1851 2646 1371 2646 1852 2646 1852 2647 1371 2647 1370 2647 1852 2648 1370 2648 1853 2648 1853 2649 1370 2649 1369 2649 1853 2650 1369 2650 1854 2650 1854 2651 1369 2651 1367 2651 1854 2652 1367 2652 1855 2652 1855 2653 1367 2653 1366 2653 1855 2654 1366 2654 1364 2654 1735 2516 1730 2516 1729 2516 1856 855 1722 855 1718 855 1856 855 1718 855 1857 855 1857 855 1718 855 1713 855 1857 855 1713 855 1712 855 1025 2452 1023 2452 1066 2452 1066 2452 1023 2452 1063 2452 1858 2655 1859 2655 1860 2655 1860 2656 1859 2656 1861 2656 1860 2657 1861 2657 1197 2657 1858 2658 490 2658 1859 2658 490 2659 1858 2659 1862 2659 492 2660 1859 2660 490 2660 1859 2661 492 2661 494 2661 1859 2662 494 2662 1861 2662 1861 2663 721 2663 1197 2663 494 2664 721 2664 1861 2664 761 2665 760 2665 1196 2665 1196 2665 760 2665 1205 2665 1196 2666 1205 2666 1195 2666 1195 2667 1205 2667 1204 2667 1195 2668 1204 2668 1194 2668 1194 2668 1204 2668 1203 2668 1194 2669 1203 2669 1193 2669 1193 2670 1203 2670 1202 2670 1193 2671 1202 2671 1201 2671 1193 2672 1201 2672 1192 2672 1192 2673 1201 2673 1200 2673 1192 2674 1200 2674 1191 2674 1191 2675 1200 2675 1199 2675 1191 2676 1199 2676 1190 2676 1190 2677 1199 2677 1189 2677 1189 2678 1199 2678 1198 2678 1189 2679 1198 2679 1188 2679 1188 2680 1198 2680 1206 2680 1188 2681 1206 2681 1187 2681 1187 2682 1206 2682 1207 2682 1187 2683 1207 2683 1186 2683 1186 2684 1207 2684 1208 2684 1186 2685 1208 2685 1185 2685 1185 2686 1208 2686 1209 2686 1185 2687 1209 2687 1184 2687 1184 2688 1209 2688 1210 2688 1184 2689 1210 2689 1183 2689 1183 2690 1210 2690 1211 2690 1183 2691 1211 2691 1182 2691 1182 2692 1211 2692 1212 2692 1182 2693 1212 2693 1181 2693 1181 2694 1212 2694 1213 2694 1181 2695 1213 2695 1180 2695 1180 2696 1213 2696 1214 2696 1180 2697 1214 2697 1179 2697 1179 2698 1214 2698 1215 2698 1179 2699 1215 2699 1178 2699 1178 2700 1215 2700 1216 2700 1178 2701 1216 2701 1177 2701 1177 2702 1216 2702 1217 2702 1177 2703 1217 2703 1176 2703 1176 2704 1217 2704 1218 2704 1176 2705 1218 2705 1175 2705 1175 2706 1218 2706 1219 2706 1175 2707 1219 2707 1174 2707 1174 2708 1219 2708 1220 2708 1174 2709 1220 2709 1173 2709 1173 2710 1220 2710 1221 2710 1173 2711 1221 2711 1222 2711 1173 2712 1222 2712 1172 2712 1172 2713 1222 2713 1223 2713 1172 2714 1223 2714 1170 2714 1170 2715 1223 2715 1224 2715 1170 2716 1224 2716 1171 2716 1171 2717 1224 2717 1225 2717 1171 2718 1225 2718 1197 2718 1863 2719 1197 2719 1225 2719 1197 2720 1863 2720 1860 2720 1864 2721 1860 2721 1863 2721 1863 2722 1865 2722 1864 2722 1864 2723 1865 2723 1866 2723 1864 2724 1866 2724 1867 2724 1865 2725 1863 2725 1868 2725 1868 2726 720 2726 495 2726 1868 2727 1863 2727 1225 2727 1868 2728 1225 2728 720 2728 1868 2729 495 2729 1865 2729 1865 2730 495 2730 493 2730 1865 2731 493 2731 1866 2731 491 2732 1867 2732 493 2732 493 2733 1867 2733 1866 2733 1869 2734 1870 2734 1871 2734 1871 2735 1870 2735 1872 2735 1869 2736 522 2736 1870 2736 522 2737 1869 2737 1867 2737 524 2738 1870 2738 522 2738 1870 2739 524 2739 526 2739 1870 2740 526 2740 1872 2740 1872 2741 679 2741 1227 2741 526 2742 679 2742 1872 2742 1872 2743 1227 2743 1871 2743 719 2665 718 2665 1252 2665 1252 2744 718 2744 1260 2744 1252 2666 1260 2666 1251 2666 1251 2667 1260 2667 1259 2667 1251 2745 1259 2745 1250 2745 1250 2746 1259 2746 1258 2746 1250 2669 1258 2669 1249 2669 1249 2747 1258 2747 1257 2747 1249 2748 1257 2748 1256 2748 1249 2749 1256 2749 1248 2749 1248 2750 1256 2750 1255 2750 1248 2751 1255 2751 1247 2751 1247 2752 1255 2752 1254 2752 1247 2753 1254 2753 1246 2753 1246 2754 1254 2754 1245 2754 1245 2678 1254 2678 1253 2678 1245 2679 1253 2679 1244 2679 1244 2755 1253 2755 1261 2755 1244 2681 1261 2681 1243 2681 1243 2756 1261 2756 1262 2756 1243 2757 1262 2757 1242 2757 1242 2758 1262 2758 1263 2758 1242 2759 1263 2759 1241 2759 1241 2760 1263 2760 1264 2760 1241 2687 1264 2687 1240 2687 1240 2761 1264 2761 1265 2761 1240 2762 1265 2762 1239 2762 1239 2763 1265 2763 1266 2763 1239 2764 1266 2764 1238 2764 1238 2765 1266 2765 1267 2765 1238 2693 1267 2693 1237 2693 1237 2766 1267 2766 1268 2766 1237 2767 1268 2767 1236 2767 1236 2768 1268 2768 1269 2768 1236 2697 1269 2697 1235 2697 1235 2769 1269 2769 1270 2769 1235 2770 1270 2770 1234 2770 1234 2771 1270 2771 1271 2771 1234 2772 1271 2772 1233 2772 1233 2773 1271 2773 1272 2773 1233 2774 1272 2774 1232 2774 1232 2775 1272 2775 1273 2775 1232 2776 1273 2776 1231 2776 1231 2706 1273 2706 1274 2706 1231 2777 1274 2777 1230 2777 1230 2778 1274 2778 1275 2778 1230 2779 1275 2779 1229 2779 1229 2710 1275 2710 1276 2710 1229 2780 1276 2780 1277 2780 1229 2712 1277 2712 1228 2712 1228 2781 1277 2781 1278 2781 1228 2782 1278 2782 1226 2782 1226 2783 1278 2783 1279 2783 1226 2784 1279 2784 1227 2784 1227 2785 1279 2785 1280 2785 1227 2786 1280 2786 1871 2786 1873 2787 1871 2787 1280 2787 1871 2788 1873 2788 1869 2788 1873 2789 1874 2789 1875 2789 1873 2790 1875 2790 1876 2790 1874 2791 678 2791 527 2791 1874 2792 1873 2792 1280 2792 1874 2793 1280 2793 678 2793 1874 2794 527 2794 525 2794 1874 2795 525 2795 1875 2795 523 2796 1876 2796 525 2796 525 2797 1876 2797 1875 2797 1124 2798 829 2798 1125 2798 1125 2799 829 2799 10 2799 1125 2800 10 2800 12 2800 829 2801 11 2801 10 2801 518 2802 1703 2802 519 2802 519 2803 1703 2803 1702 2803 1287 2804 1703 2804 518 2804 1702 2805 1701 2805 519 2805 1290 2806 1301 2806 1291 2806 1291 2807 1301 2807 1307 2807 1291 2808 1307 2808 1292 2808 1292 2808 1307 2808 1306 2808 1292 2809 1306 2809 1293 2809 1293 2810 1306 2810 1305 2810 1293 2811 1305 2811 1294 2811 1294 2811 1305 2811 1303 2811 1294 2812 1303 2812 1295 2812 1295 2812 1303 2812 1302 2812 1877 2813 1878 2813 1879 2813 1879 2814 1878 2814 1880 2814 1879 2815 1880 2815 1881 2815 1881 2816 1880 2816 1882 2816 1881 2817 1882 2817 1883 2817 1883 2818 1882 2818 1884 2818 1883 2819 1884 2819 1885 2819 1885 2820 1884 2820 1886 2820 1885 2821 1886 2821 1887 2821 1887 2822 1886 2822 1888 2822 1887 2823 1888 2823 1889 2823 1889 2824 1888 2824 1890 2824 1890 2825 1888 2825 1891 2825 1890 2826 1891 2826 1892 2826 1892 2827 1891 2827 1893 2827 1892 2828 1893 2828 1894 2828 1894 2829 1893 2829 1895 2829 1894 2830 1895 2830 1450 2830 1450 2831 1895 2831 1896 2831 1450 2832 1452 2832 1894 2832 1894 2833 1452 2833 1892 2833 1892 2834 1452 2834 1454 2834 1892 2835 1454 2835 1890 2835 1890 2836 1454 2836 1453 2836 1890 2837 1453 2837 1889 2837 1889 2838 1453 2838 1455 2838 1889 2839 1455 2839 1887 2839 1887 2840 1455 2840 1456 2840 1887 2841 1456 2841 1885 2841 1885 2842 1456 2842 1458 2842 1885 2843 1458 2843 1883 2843 1883 2844 1458 2844 1459 2844 1883 2845 1459 2845 1881 2845 1881 2846 1459 2846 1460 2846 1881 2847 1460 2847 1879 2847 1879 2848 1460 2848 1461 2848 1879 2849 1461 2849 1897 2849 1897 2850 1461 2850 1493 2850 1897 2851 1493 2851 1898 2851 1898 2852 1493 2852 1496 2852 1898 2853 1496 2853 1304 2853 1304 2854 1496 2854 1302 2854 1302 2855 1496 2855 1495 2855 1304 2856 1899 2856 1898 2856 1898 2857 1899 2857 1897 2857 1897 2858 1899 2858 1900 2858 1897 2859 1900 2859 1877 2859 1897 2860 1877 2860 1879 2860 516 2805 1899 2805 499 2805 499 2861 1899 2861 1304 2861 1877 2862 1900 2862 516 2862 516 2863 1900 2863 1899 2863 1315 2864 1311 2864 1016 2864 1016 2865 1311 2865 471 2865 1016 2866 471 2866 473 2866 1311 2867 469 2867 471 2867 1059 2450 1057 2450 1051 2450 1051 2450 1057 2450 1017 2450 1442 967 1466 967 1464 967 1464 2868 1466 2868 1467 2868 1901 2869 1411 2869 1442 2869 1442 2870 1411 2870 1317 2870 1442 2871 1317 2871 1316 2871 1316 2872 1465 2872 1442 2872 1442 2873 1465 2873 1466 2873 1466 2874 1093 2874 1467 2874 1464 2875 1467 2875 1469 2875 1464 2876 1469 2876 1468 2876 677 2877 1321 2877 523 2877 523 2878 1321 2878 1876 2878 1329 2879 1902 2879 1328 2879 1328 2880 1902 2880 1327 2880 1327 2881 1902 2881 1323 2881 1323 2882 1902 2882 1903 2882 1323 2883 1903 2883 1324 2883 1324 2884 1903 2884 1904 2884 1357 2885 1156 2885 906 2885 1156 2886 905 2886 906 2886 922 2887 1341 2887 920 2887 920 2888 1341 2888 1905 2888 1905 2889 1341 2889 1348 2889 1905 2890 1348 2890 1906 2890 1906 2891 1348 2891 916 2891 1906 2892 916 2892 919 2892 917 2893 916 2893 1334 2893 917 2894 1334 2894 1907 2894 1907 2895 1334 2895 944 2895 944 2896 1334 2896 913 2896 944 2897 913 2897 943 2897 943 2898 913 2898 915 2898 916 2899 1348 2899 1334 2899 918 2900 1377 2900 919 2900 919 2901 1377 2901 1906 2901 1906 2902 1377 2902 1380 2902 1906 2903 1380 2903 1905 2903 1905 2904 1380 2904 946 2904 1905 2905 946 2905 920 2905 947 2906 921 2906 946 2906 918 2907 945 2907 1377 2907 945 2908 917 2908 1907 2908 945 2909 1907 2909 944 2909 945 2910 944 2910 1362 2910 1362 2911 944 2911 942 2911 1362 2912 942 2912 941 2912 945 2913 1362 2913 1377 2913 951 2914 1390 2914 949 2914 1390 2915 951 2915 950 2915 1390 2916 950 2916 1410 2916 490 2917 1862 2917 489 2917 489 2918 1862 2918 1394 2918 1397 2919 1908 2919 1396 2919 1396 2920 1908 2920 1909 2920 1396 2921 1909 2921 1398 2921 1398 2922 1909 2922 1399 2922 1399 2923 1909 2923 1910 2923 1399 2924 1910 2924 1400 2924 1400 2925 1910 2925 1401 2925 1405 2926 1404 2926 1911 2926 1405 2927 1911 2927 1409 2927 1405 2928 1409 2928 1408 2928 1405 2929 1408 2929 1054 2929 1405 2930 1054 2930 1406 2930 1408 2931 1407 2931 1054 2931 1054 2932 1407 2932 1363 2932 1363 2933 1407 2933 1364 2933 1409 967 1912 967 1913 967 1913 967 1912 967 1914 967 1914 967 1912 967 1915 967 1914 2934 1915 2934 1916 2934 954 2935 1410 2935 950 2935 956 2936 1410 2936 954 2936 1911 2937 1404 2937 1439 2937 1911 2938 1439 2938 1917 2938 1917 2939 1439 2939 1438 2939 1917 2940 1438 2940 1437 2940 1917 2941 1437 2941 1436 2941 1917 2942 1436 2942 1435 2942 1917 2943 1435 2943 1918 2943 1918 2944 1435 2944 1434 2944 1918 2945 1434 2945 1433 2945 1433 2946 1432 2946 1919 2946 1919 2947 1432 2947 1431 2947 1919 2948 1431 2948 1430 2948 1919 2949 1430 2949 1920 2949 1920 2950 1430 2950 1429 2950 1920 2951 1429 2951 1428 2951 1920 2952 1428 2952 1427 2952 1920 2953 1427 2953 1921 2953 1921 2954 1427 2954 1426 2954 1921 2955 1426 2955 1425 2955 1921 2956 1425 2956 1922 2956 1922 2957 1425 2957 1424 2957 1922 2958 1424 2958 1423 2958 1423 2959 1422 2959 1421 2959 1423 2960 1421 2960 1923 2960 1923 2961 1421 2961 1420 2961 1923 2962 1420 2962 1419 2962 1924 2963 1419 2963 1418 2963 1924 2964 1418 2964 1417 2964 1924 2965 1417 2965 1416 2965 1924 2966 1416 2966 1925 2966 1925 2967 1416 2967 1415 2967 1925 2968 1415 2968 1414 2968 1911 2969 1912 2969 1409 2969 1925 2970 1926 2970 1916 2970 1925 2971 1916 2971 1915 2971 1925 2972 1915 2972 1923 2972 1923 2973 1915 2973 1922 2973 1922 2974 1915 2974 1921 2974 1921 2975 1915 2975 1912 2975 1921 2976 1912 2976 1920 2976 1920 2977 1912 2977 1919 2977 1919 2978 1912 2978 1918 2978 1918 2979 1912 2979 1911 2979 1911 2980 1917 2980 1918 2980 1918 2981 1433 2981 1919 2981 1923 2982 1419 2982 1924 2982 1925 2983 1414 2983 1413 2983 1922 2984 1423 2984 1923 2984 1923 2985 1924 2985 1925 2985 346 2986 1927 2986 348 2986 348 967 1927 967 350 967 350 2987 1927 2987 1928 2987 350 967 1928 967 352 967 352 2988 1928 2988 1448 2988 297 2989 1490 2989 324 2989 324 2990 1490 2990 1488 2990 324 2991 1488 2991 1486 2991 324 2992 1486 2992 346 2992 346 2993 1486 2993 1927 2993 1927 2994 1486 2994 1484 2994 1927 2995 1484 2995 1482 2995 1927 2996 1482 2996 1480 2996 1927 2997 1480 2997 1928 2997 1928 2998 1480 2998 1478 2998 1928 2999 1478 2999 1475 2999 1928 3000 1475 3000 1448 3000 1448 3001 1475 3001 1473 3001 1448 3002 1473 3002 1447 3002 1447 3003 1473 3003 1472 3003 1447 3004 1472 3004 1470 3004 1474 3005 1463 3005 1462 3005 1462 3006 1457 3006 1471 3006 1471 3007 1457 3007 1449 3007 1471 3008 1449 3008 1470 3008 1896 3009 1929 3009 1450 3009 1450 3010 1929 3010 1930 3010 1450 855 1930 855 1931 855 1931 855 1930 855 1932 855 1932 855 1930 855 1933 855 1933 3011 1930 3011 1934 3011 1934 3012 1930 3012 1935 3012 1934 855 1935 855 1936 855 1936 855 1935 855 1937 855 1937 3013 1935 3013 1938 3013 1938 855 1935 855 1939 855 1939 855 1935 855 1940 855 1939 3014 1940 3014 1941 3014 1941 3015 1940 3015 1942 3015 1942 855 1940 855 1943 855 1942 855 1943 855 1944 855 1944 3016 1943 3016 1945 3016 1945 3017 1943 3017 1946 3017 1946 3018 1943 3018 1947 3018 1947 3019 1943 3019 1948 3019 1948 855 1943 855 1949 855 1949 3020 1943 3020 1950 3020 1950 855 1943 855 1951 855 1931 855 1952 855 1450 855 1450 3021 1952 3021 1953 3021 1450 3022 1953 3022 1954 3022 1450 855 1954 855 1451 855 1451 3023 1954 3023 1955 3023 1955 3024 1956 3024 1451 3024 1451 3025 1956 3025 1957 3025 1957 855 1958 855 1451 855 1451 3026 1958 3026 1959 3026 1959 855 1960 855 1451 855 1451 3027 1960 3027 1961 3027 1445 3028 1451 3028 1962 3028 1962 3029 1451 3029 1961 3029 1962 3030 1961 3030 1960 3030 1962 3031 1960 3031 1963 3031 1963 3032 1960 3032 1959 3032 1963 3033 1959 3033 1964 3033 1964 3034 1959 3034 1958 3034 1964 3035 1958 3035 1965 3035 1965 3036 1958 3036 1957 3036 1965 3037 1957 3037 1966 3037 1966 3038 1957 3038 1956 3038 1966 3039 1956 3039 1967 3039 1967 3040 1956 3040 1955 3040 1443 3041 1445 3041 1968 3041 1968 3042 1445 3042 1969 3042 1970 3043 1444 3043 1441 3043 1971 3044 1446 3044 1444 3044 1446 3045 1972 3045 1440 3045 1973 3046 1974 3046 1975 3046 1975 3047 1974 3047 1976 3047 1441 3048 1440 3048 1977 3048 1302 3049 1495 3049 1295 3049 1295 3050 1495 3050 1494 3050 1978 3051 1979 3051 1522 3051 1980 3052 1981 3052 1529 3052 1529 3053 1981 3053 1982 3053 1982 3054 1981 3054 1983 3054 1982 3055 1983 3055 1984 3055 1982 3056 1984 3056 1985 3056 1986 3057 1985 3057 1987 3057 1986 3058 1987 3058 1988 3058 1988 3059 1987 3059 1989 3059 1988 3060 1989 3060 1526 3060 1988 3061 1526 3061 1525 3061 1988 3062 1525 3062 1528 3062 1528 3063 1531 3063 1988 3063 1988 3064 1531 3064 1986 3064 1985 3065 1986 3065 1982 3065 1531 3066 1530 3066 1986 3066 1986 3067 1530 3067 1982 3067 1982 3068 1530 3068 1529 3068 1559 3069 1558 3069 1990 3069 1990 3070 1558 3070 1556 3070 1537 3071 1536 3071 1991 3071 1991 3072 1536 3072 1992 3072 1992 3073 1536 3073 1535 3073 1535 3074 1993 3074 1992 3074 1993 3075 1535 3075 1994 3075 1991 3076 1995 3076 1537 3076 1996 3077 1997 3077 1998 3077 1556 3078 1999 3078 1990 3078 1534 3079 1563 3079 1565 3079 1534 3080 1565 3080 1535 3080 1535 3081 1565 3081 2000 3081 1564 3082 1568 3082 1567 3082 2001 3083 2002 3083 2003 3083 2003 3084 2002 3084 1572 3084 1572 3085 2002 3085 1566 3085 2004 3086 1571 3086 2005 3086 2004 3087 2006 3087 2007 3087 2004 3088 2007 3088 2008 3088 2004 3089 2008 3089 1572 3089 1572 3090 2008 3090 2009 3090 2004 3091 1572 3091 1571 3091 2004 3092 2005 3092 2006 3092 2005 3093 2010 3093 2006 3093 1571 3094 2011 3094 2005 3094 2005 3095 2011 3095 2010 3095 2011 3096 2012 3096 2013 3096 2011 3097 1571 3097 1570 3097 2011 3098 1570 3098 2014 3098 2011 3099 2014 3099 2012 3099 1569 3100 2014 3100 1570 3100 2014 3101 2015 3101 2016 3101 1574 3102 2014 3102 1569 3102 1574 3103 1569 3103 1576 3103 1573 3104 1575 3104 1590 3104 1590 3105 1575 3105 1587 3105 2017 3106 1590 3106 2018 3106 2018 3107 1590 3107 2019 3107 2019 3108 1590 3108 1593 3108 2020 3109 1593 3109 1592 3109 2020 3110 1592 3110 2021 3110 2021 3111 1592 3111 1591 3111 1604 3112 2022 3112 2023 3112 1604 3113 2023 3113 2024 3113 2025 3114 2026 3114 2027 3114 2028 3115 2029 3115 2030 3115 1591 3116 2031 3116 2021 3116 1604 3117 1603 3117 2022 3117 2032 3118 2033 3118 2034 3118 1975 3119 2032 3119 2034 3119 1517 3120 1518 3120 2035 3120 1517 3121 2035 3121 1611 3121 1611 3122 2036 3122 2037 3122 1611 3123 2037 3123 2038 3123 1518 3124 2039 3124 2035 3124 2035 3125 2039 3125 2040 3125 2035 3126 2040 3126 2041 3126 2035 3127 2041 3127 2036 3127 2036 3128 2041 3128 2042 3128 2036 3129 2042 3129 2037 3129 2037 3130 2042 3130 2043 3130 1518 3131 2044 3131 2039 3131 2036 3132 1611 3132 2035 3132 1615 3133 1617 3133 2045 3133 1615 3134 2045 3134 1616 3134 1616 3135 2046 3135 1612 3135 2047 3136 1588 3136 1586 3136 2047 3137 1586 3137 2048 3137 2048 3138 1586 3138 1579 3138 2048 3139 1579 3139 1582 3139 2048 3140 1582 3140 2049 3140 2049 3141 1582 3141 1583 3141 2049 3142 1583 3142 1584 3142 2049 3143 1584 3143 2050 3143 2050 3144 1584 3144 1596 3144 2050 3145 1596 3145 2051 3145 2051 3146 1596 3146 1608 3146 2051 3147 1608 3147 2052 3147 2052 3148 1608 3148 1607 3148 2052 3149 1607 3149 2053 3149 2053 3150 1607 3150 1606 3150 2051 3151 2054 3151 2050 3151 2053 3152 2055 3152 2052 3152 2051 3153 2052 3153 2054 3153 2050 3154 2054 3154 2056 3154 2050 3155 2056 3155 2049 3155 2049 3156 2056 3156 2045 3156 2049 3157 2045 3157 2048 3157 2047 3158 2048 3158 1617 3158 2048 3159 2045 3159 1617 3159 2052 3160 2055 3160 2046 3160 2052 3161 2046 3161 2054 3161 2054 3162 2046 3162 2056 3162 2046 3163 2055 3163 1612 3163 2046 3164 1616 3164 2056 3164 2056 3165 1616 3165 2045 3165 2055 3166 1613 3166 1612 3166 2030 3167 2057 3167 2058 3167 2030 3168 2058 3168 2028 3168 2028 3169 2058 3169 2059 3169 2028 3170 2059 3170 2060 3170 2060 3171 2059 3171 2061 3171 2061 3172 2062 3172 2063 3172 2063 3173 2062 3173 2064 3173 2063 3174 2064 3174 2065 3174 2065 3175 2064 3175 2066 3175 2066 3176 2064 3176 2067 3176 2066 3177 2067 3177 2025 3177 2026 3178 2025 3178 2068 3178 1622 3179 2069 3179 1621 3179 1619 3180 1618 3180 2070 3180 2070 3181 1618 3181 1621 3181 2070 3182 1621 3182 2069 3182 2062 3183 2070 3183 2069 3183 2069 3184 1622 3184 2071 3184 2071 3185 1622 3185 1623 3185 2058 3186 1619 3186 2070 3186 2058 3187 2070 3187 2059 3187 2059 3188 2070 3188 2062 3188 2062 3189 2069 3189 2064 3189 2064 3190 2069 3190 2071 3190 2067 3191 2071 3191 1623 3191 2061 3192 2059 3192 2062 3192 2064 3193 2071 3193 2067 3193 2025 3194 2067 3194 2068 3194 2072 3195 1626 3195 2073 3195 1549 3196 2074 3196 1550 3196 1550 3197 2074 3197 2075 3197 1550 3198 2075 3198 1552 3198 1552 3199 2075 3199 2076 3199 1552 3200 2076 3200 1553 3200 1553 3201 2076 3201 1555 3201 2074 3202 1549 3202 2077 3202 2078 3203 2077 3203 2073 3203 1549 3204 1544 3204 2077 3204 2073 3205 2077 3205 2072 3205 1544 3206 1543 3206 2077 3206 1543 3207 1541 3207 2077 3207 2077 3208 1541 3208 2072 3208 1541 3209 1540 3209 2072 3209 2077 3210 2078 3210 2074 3210 1626 3211 1625 3211 2073 3211 2073 3212 1625 3212 2078 3212 2074 3213 2079 3213 2075 3213 1625 3214 1628 3214 2078 3214 2074 3215 2078 3215 2079 3215 2075 3216 2080 3216 2076 3216 2075 3217 2079 3217 2080 3217 2078 3218 1628 3218 2079 3218 1628 3219 1629 3219 2079 3219 2079 3220 1629 3220 2080 3220 2081 3221 2082 3221 2083 3221 2081 3222 2083 3222 2084 3222 1996 3223 1998 3223 2085 3223 2085 3224 1998 3224 2086 3224 2085 3225 2086 3225 2087 3225 2087 3226 2086 3226 2088 3226 2087 3227 2088 3227 2089 3227 2087 3228 2089 3228 2090 3228 2090 3229 2089 3229 2091 3229 2090 3230 2091 3230 2092 3230 2092 3231 2091 3231 2093 3231 1996 3232 2085 3232 2094 3232 1996 3233 2094 3233 2081 3233 2081 3234 2094 3234 2082 3234 2090 3235 2092 3235 1632 3235 2090 3236 1632 3236 2087 3236 2087 3237 2095 3237 2085 3237 2085 3238 2095 3238 2094 3238 2092 3239 1631 3239 1632 3239 2087 3240 1632 3240 2095 3240 2095 3241 1634 3241 2094 3241 2094 3242 1634 3242 2082 3242 1632 3243 1633 3243 2095 3243 2095 3244 1633 3244 1634 3244 1099 3245 1636 3245 1100 3245 1100 3246 1636 3246 2096 3246 1100 3247 2096 3247 2097 3247 2097 3248 1640 3248 1100 3248 1640 3249 2097 3249 1641 3249 1641 855 2097 855 2098 855 2098 855 2097 855 2099 855 2099 3250 2097 3250 2100 3250 2100 3251 2097 3251 2101 3251 2101 855 2097 855 2102 855 2102 855 2097 855 2103 855 2102 3252 2103 3252 2104 3252 2105 855 2106 855 2097 855 2097 3253 2106 3253 2107 3253 2097 3254 2107 3254 2108 3254 2109 855 2110 855 2105 855 2110 3255 2109 3255 2111 3255 2111 855 2109 855 2112 855 2112 3256 2109 3256 2113 3256 2112 855 2113 855 2114 855 2114 855 2113 855 2115 855 2114 3257 2115 3257 2116 3257 2117 855 2118 855 2113 855 2113 3258 2118 3258 2119 3258 2113 3259 2119 3259 2115 3259 2117 3260 2120 3260 2121 3260 2117 3261 2122 3261 2123 3261 2117 3262 2123 3262 2120 3262 2124 855 2125 855 2117 855 2117 3263 2125 3263 2122 3263 2124 3264 2126 3264 2127 3264 2124 3265 2127 3265 2125 3265 2126 3266 2124 3266 2128 3266 2128 855 2124 855 2129 855 2129 855 2124 855 2130 855 2129 855 2130 855 2131 855 2131 855 2130 855 2132 855 2132 3267 2130 3267 2133 3267 2133 855 2130 855 2134 855 2134 855 2130 855 2135 855 2135 855 2130 855 2136 855 2135 3268 2136 3268 2137 3268 2130 3269 2138 3269 2136 3269 2136 855 2138 855 2139 855 2135 855 2137 855 2140 855 2140 855 2137 855 2141 855 2141 855 2137 855 2142 855 2141 855 2142 855 2143 855 2143 855 2142 855 2144 855 2144 855 2142 855 2145 855 2145 855 2142 855 2146 855 2146 3270 2142 3270 2147 3270 2147 855 2142 855 2148 855 2148 855 2142 855 2149 855 2149 855 2142 855 2150 855 2150 855 2142 855 2151 855 2151 855 2142 855 2152 855 2152 3271 2142 3271 2153 3271 2153 3272 2142 3272 2154 3272 2154 855 2142 855 2155 855 2155 855 2142 855 2156 855 2156 855 2142 855 2157 855 2157 3273 2142 3273 2158 3273 2158 3274 2159 3274 2157 3274 2159 855 2160 855 2157 855 2160 855 2161 855 2157 855 2157 3275 2161 3275 2162 3275 2163 3276 2164 3276 2162 3276 2162 3277 2164 3277 2157 3277 2164 3278 2163 3278 2165 3278 2165 3279 2163 3279 2166 3279 2166 855 2163 855 2167 855 2167 855 2163 855 2168 855 2168 3280 2163 3280 2169 3280 2169 855 2163 855 2170 855 2169 855 2170 855 2171 855 2171 855 2170 855 2172 855 2172 3281 2170 3281 2173 3281 2173 3282 2170 3282 2174 3282 2173 855 2174 855 2175 855 2175 3283 2174 3283 2176 3283 2175 855 2176 855 2177 855 2177 855 2176 855 2178 855 2178 855 2176 855 2179 855 2179 3284 2176 3284 2180 3284 2180 3285 2176 3285 2181 3285 2180 855 2181 855 2182 855 2182 3286 2181 3286 2183 3286 2182 3287 2183 3287 2184 3287 2184 3288 2183 3288 2185 3288 2184 855 2185 855 2186 855 2186 3289 2185 3289 2187 3289 2184 855 2114 855 2182 855 2182 3290 2114 3290 2188 3290 2188 855 2114 855 2189 855 2189 855 2114 855 2190 855 2190 3291 2114 3291 2191 3291 2191 855 2114 855 2192 855 2192 3292 2114 3292 2193 3292 2193 855 2114 855 2194 855 2194 855 2114 855 2195 855 2195 855 2114 855 2196 855 2196 855 2114 855 2197 855 2197 855 2114 855 2198 855 2198 855 2114 855 2199 855 2199 855 2114 855 2200 855 2200 855 2114 855 2201 855 2201 855 2114 855 2202 855 2202 855 2114 855 2116 855 2105 3293 2110 3293 2106 3293 2097 3294 2108 3294 2203 3294 2097 855 2203 855 2204 855 2204 855 2205 855 2097 855 2097 3295 2205 3295 2103 3295 2102 967 2104 967 2206 967 2206 855 2104 855 2207 855 2121 3296 2208 3296 2117 3296 2117 855 2208 855 2118 855 1643 3297 1642 3297 2209 3297 2209 3298 1642 3298 2210 3298 2209 3299 2210 3299 2211 3299 2211 3300 2210 3300 2212 3300 2211 3301 2212 3301 1662 3301 1662 3302 2212 3302 2213 3302 2213 3303 2212 3303 2214 3303 2213 3304 2214 3304 1657 3304 1657 3305 2214 3305 2215 3305 1657 3306 2215 3306 2216 3306 2216 3307 2215 3307 2217 3307 2216 3308 2217 3308 2218 3308 2218 3309 2217 3309 2219 3309 2218 3310 2219 3310 1667 3310 1667 3311 2219 3311 2220 3311 2220 3312 2219 3312 2221 3312 2220 3313 2221 3313 2222 3313 2222 3314 1670 3314 2220 3314 2220 3315 1670 3315 1669 3315 2220 3316 1669 3316 1667 3316 1667 3317 1666 3317 2218 3317 2218 3318 1666 3318 1660 3318 2218 3319 1660 3319 2216 3319 2216 3320 1660 3320 1659 3320 2216 1370 1659 1370 1657 1370 2213 3321 1657 3321 1663 3321 2213 3322 1663 3322 1662 3322 2211 3323 1662 3323 1665 3323 2211 3324 1665 3324 2209 3324 2209 3325 1665 3325 1643 3325 1101 3326 1641 3326 1654 3326 1654 3327 1641 3327 2098 3327 1654 3328 2098 3328 1651 3328 1651 3329 2098 3329 1649 3329 1649 3330 2098 3330 1647 3330 1647 3331 2098 3331 2099 3331 1647 3332 2099 3332 1645 3332 1645 3333 2099 3333 1642 3333 2223 3334 2224 3334 1658 3334 1658 2061 2224 2061 2225 2061 1658 2061 2225 2061 1656 2061 2224 3335 2223 3335 2226 3335 2226 3336 2223 3336 2227 3336 2226 3337 2227 3337 2228 3337 2228 3338 2227 3338 2229 3338 2228 3339 2229 3339 2230 3339 2230 3340 2229 3340 2231 3340 2230 3341 2231 3341 2232 3341 2232 3342 2231 3342 2233 3342 2232 3343 2233 3343 2234 3343 2234 3344 2233 3344 2235 3344 2234 3345 2235 3345 2236 3345 2236 3346 2235 3346 2237 3346 2236 3347 2237 3347 2238 3347 2238 3348 2237 3348 2239 3348 2238 3349 2239 3349 2240 3349 2240 3350 2239 3350 2241 3350 2240 3351 2241 3351 2242 3351 2242 3352 2241 3352 2243 3352 2243 3352 2241 3352 2244 3352 2243 3351 2244 3351 2245 3351 2245 3353 2244 3353 2246 3353 2245 2063 2246 2063 2247 2063 2247 3354 2246 3354 2248 3354 2247 3355 2248 3355 2249 3355 2249 3356 2248 3356 2250 3356 2249 3357 2250 3357 2251 3357 2251 3358 2250 3358 2252 3358 2251 3359 2252 3359 2253 3359 2253 3360 2252 3360 2254 3360 2253 3361 2254 3361 2255 3361 2255 3362 2254 3362 2256 3362 2255 3363 2256 3363 2257 3363 2257 3364 2256 3364 2258 3364 2257 3365 2258 3365 2259 3365 2259 3366 2258 3366 2260 3366 2259 3367 2260 3367 2261 3367 2261 3368 2260 3368 2262 3368 2261 3369 2262 3369 2263 3369 2263 3370 2262 3370 2264 3370 2264 3371 2262 3371 1935 3371 2264 2061 1935 2061 1930 2061 1930 3372 2265 3372 2264 3372 2266 3373 2267 3373 2268 3373 2268 3374 2267 3374 2241 3374 2268 3375 2241 3375 2239 3375 2268 3376 2239 3376 2269 3376 2269 3377 2239 3377 2270 3377 2270 3378 2239 3378 2237 3378 2270 3379 2237 3379 2235 3379 2270 3380 2235 3380 2271 3380 2271 3381 2235 3381 2272 3381 2272 3382 2235 3382 2233 3382 2272 3383 2233 3383 2273 3383 2273 3384 2233 3384 2231 3384 2273 3385 2231 3385 2274 3385 2274 3386 2231 3386 2275 3386 2275 3387 2231 3387 2229 3387 2275 3388 2229 3388 2276 3388 2276 3389 2229 3389 2227 3389 2276 3390 2227 3390 2277 3390 2277 3391 2227 3391 2223 3391 2277 3392 2223 3392 2278 3392 2278 3393 2223 3393 1658 3393 1658 3394 1668 3394 2278 3394 2278 3395 1668 3395 2279 3395 2278 3396 2279 3396 2280 3396 2278 3397 2280 3397 2277 3397 2277 3398 2280 3398 2281 3398 2277 3399 2281 3399 2276 3399 2276 3400 2281 3400 2282 3400 2276 3401 2282 3401 2275 3401 2275 3402 2282 3402 2283 3402 2275 3403 2283 3403 2274 3403 2274 3404 2283 3404 2284 3404 2274 3405 2284 3405 2273 3405 2273 3406 2284 3406 2285 3406 2273 3407 2285 3407 2272 3407 2272 3408 2285 3408 2286 3408 2272 3409 2286 3409 2271 3409 2271 3410 2286 3410 2287 3410 2271 3411 2287 3411 2270 3411 2270 3412 2287 3412 2288 3412 2270 3413 2288 3413 2269 3413 2269 3414 2288 3414 2266 3414 2269 3415 2266 3415 2268 3415 1671 3416 2289 3416 1668 3416 1668 3417 2289 3417 2290 3417 1668 3418 2290 3418 2279 3418 2279 3419 2290 3419 2280 3419 2280 3420 2290 3420 2281 3420 2281 3421 2290 3421 2282 3421 2282 3422 2290 3422 2283 3422 2283 3423 2290 3423 2284 3423 2284 3424 2290 3424 2285 3424 2285 3425 2290 3425 2291 3425 2285 3426 2291 3426 2292 3426 2290 3427 2293 3427 2294 3427 2290 3428 2294 3428 2295 3428 2295 3429 2291 3429 2290 3429 2285 3430 2292 3430 2286 3430 2286 3431 2292 3431 2296 3431 2286 3432 2296 3432 2287 3432 2287 3433 2296 3433 2297 3433 2287 3434 2297 3434 2288 3434 2288 3435 2297 3435 2298 3435 2288 3436 2298 3436 2266 3436 2266 3437 2298 3437 2267 3437 2267 3438 2298 3438 2299 3438 2267 2019 2299 2019 2300 2019 2300 3439 2299 3439 2301 3439 2301 3440 2299 3440 2302 3440 2301 3441 2302 3441 2303 3441 2303 3442 2302 3442 2304 3442 2303 3443 2304 3443 2305 3443 2305 3444 2304 3444 2306 3444 2305 3445 2306 3445 2307 3445 2307 3446 2306 3446 2308 3446 2307 3447 2308 3447 2309 3447 2309 3448 2308 3448 2310 3448 2309 3449 2310 3449 2311 3449 2311 3450 2310 3450 2312 3450 2311 3451 2312 3451 2313 3451 2313 3452 2312 3452 2314 3452 2314 3453 2315 3453 2313 3453 2313 3454 2315 3454 2316 3454 2317 3455 1940 3455 2313 3455 2313 3456 1940 3456 2318 3456 2317 3416 1943 3416 1940 3416 2318 3457 2319 3457 2313 3457 2313 3458 2319 3458 2320 3458 2320 3459 2321 3459 2313 3459 2313 3460 2321 3460 2322 3460 2322 3461 2323 3461 2313 3461 2313 3462 2323 3462 2311 3462 2289 3463 1671 3463 2324 3463 2324 3464 1671 3464 1678 3464 2324 3465 1678 3465 2325 3465 2325 3466 1678 3466 1677 3466 2325 3467 1677 3467 2326 3467 2326 3468 1677 3468 1676 3468 2326 3469 1676 3469 2327 3469 2327 3470 1676 3470 1675 3470 2327 3471 1675 3471 2328 3471 2328 3472 1675 3472 1674 3472 2328 3473 1674 3473 2329 3473 2329 3474 1674 3474 1673 3474 2329 3475 1673 3475 2330 3475 2330 3476 1673 3476 1672 3476 2330 3477 1672 3477 2222 3477 2222 3478 1672 3478 1670 3478 2331 3479 1929 3479 2332 3479 2332 3479 1929 3479 1896 3479 2332 3480 1896 3480 2333 3480 2333 3481 1896 3481 1895 3481 2333 3482 1895 3482 1893 3482 2333 3483 1893 3483 1891 3483 2333 3484 1891 3484 2334 3484 2334 3485 1891 3485 1888 3485 2334 3486 1888 3486 2335 3486 2335 3487 1888 3487 1886 3487 2335 3488 1886 3488 2336 3488 2336 3489 1886 3489 1884 3489 2336 3490 1884 3490 2337 3490 2337 3491 1884 3491 1882 3491 2337 3492 1882 3492 2338 3492 2338 3493 1882 3493 1880 3493 2338 3494 1880 3494 2339 3494 2339 3495 1880 3495 1878 3495 2339 3496 1878 3496 2340 3496 2340 3497 1878 3497 1402 3497 2340 3498 1402 3498 2341 3498 2341 3499 1402 3499 2342 3499 2342 3500 1402 3500 1391 3500 2342 3501 1391 3501 1394 3501 2342 3502 1394 3502 1862 3502 1862 3503 1858 3503 2342 3503 2342 3504 1858 3504 1864 3504 2342 3505 1864 3505 1867 3505 1864 3506 1858 3506 1860 3506 2342 3507 1867 3507 2343 3507 2343 3508 1867 3508 2344 3508 2344 3509 1867 3509 2345 3509 2345 3510 1867 3510 1869 3510 2345 3511 1869 3511 1873 3511 1873 3512 1876 3512 2345 3512 2345 3513 1876 3513 1321 3513 2345 3514 1321 3514 1318 3514 2345 3515 1318 3515 1326 3515 1326 3516 1318 3516 1320 3516 1700 3517 2346 3517 1326 3517 1326 3518 2346 3518 2345 3518 1699 3519 2347 3519 1700 3519 1700 3520 2347 3520 2348 3520 1700 3521 2348 3521 2349 3521 2347 3522 1699 3522 2350 3522 2350 3523 1699 3523 1698 3523 2350 3524 1698 3524 2351 3524 2351 3525 1698 3525 1697 3525 2351 3526 1697 3526 2352 3526 2352 3527 1697 3527 1696 3527 2352 3528 1696 3528 1695 3528 2352 3529 1695 3529 2353 3529 2353 3530 1695 3530 1694 3530 2353 3531 1694 3531 2354 3531 2354 3532 1694 3532 1693 3532 2354 3533 1693 3533 2355 3533 2355 3534 1693 3534 1679 3534 2355 3535 1679 3535 2356 3535 2356 3536 1679 3536 1664 3536 2356 3537 1664 3537 2357 3537 2357 3479 1664 3479 2358 3479 2358 3479 1664 3479 1661 3479 2349 3538 2346 3538 1700 3538 2359 3539 1097 3539 2360 3539 2360 3540 1097 3540 1707 3540 2359 3541 2360 3541 2361 3541 2361 3542 2360 3542 2362 3542 2362 3543 2360 3543 2363 3543 1707 3544 1706 3544 2360 3544 1707 3545 1097 3545 2364 3545 2364 3546 1097 3546 1709 3546 1994 3547 2364 3547 2365 3547 2364 3548 1709 3548 2366 3548 2364 3549 2366 3549 2365 3549 2364 3550 1704 3550 1707 3550 2367 3551 2368 3551 2369 3551 2370 3552 2371 3552 2372 3552 2369 3553 2373 3553 2371 3553 2359 3554 2374 3554 1097 3554 1097 3555 2374 3555 1708 3555 1708 3556 2374 3556 2370 3556 2359 3557 2361 3557 2374 3557 2374 3558 2371 3558 2370 3558 2361 3559 2362 3559 2374 3559 2362 3560 2363 3560 2374 3560 2374 3561 2363 3561 2369 3561 2374 3562 2369 3562 2371 3562 2363 3563 2367 3563 2369 3563 2368 3564 2375 3564 2376 3564 2376 3565 2375 3565 2377 3565 2376 3566 2377 3566 2378 3566 2378 3567 2377 3567 2379 3567 2378 3568 2379 3568 2380 3568 2380 3569 2379 3569 2381 3569 2380 3570 2381 3570 2382 3570 2382 3571 2381 3571 2383 3571 2382 3572 2383 3572 2384 3572 2384 3573 2383 3573 2385 3573 2384 3574 2385 3574 2386 3574 2386 3575 2385 3575 2387 3575 2386 3576 2387 3576 2388 3576 2388 3577 2387 3577 2389 3577 2388 3578 2389 3578 2390 3578 2390 3579 2389 3579 2391 3579 2390 3580 2391 3580 2392 3580 2392 3581 2391 3581 2393 3581 2392 3582 2393 3582 2394 3582 2394 3583 2393 3583 2395 3583 2394 3584 2395 3584 2396 3584 2396 3585 2395 3585 2397 3585 2396 3586 2397 3586 2398 3586 2398 3587 2397 3587 2399 3587 2398 3588 2399 3588 2400 3588 2400 3589 2399 3589 2401 3589 2400 3590 2401 3590 2402 3590 2402 3591 2401 3591 2403 3591 2402 3592 2403 3592 2404 3592 2404 3593 2403 3593 2405 3593 2404 3594 2405 3594 2406 3594 2406 3595 2405 3595 2407 3595 2406 3596 2407 3596 2408 3596 2408 3597 2407 3597 2409 3597 2408 3598 2409 3598 2410 3598 2410 3599 2409 3599 2411 3599 2410 3600 2411 3600 2412 3600 2412 3601 2411 3601 2413 3601 2414 3602 2415 3602 2416 3602 2414 3603 2416 3603 2417 3603 2417 3604 2416 3604 2418 3604 2417 3605 2418 3605 2419 3605 2419 3606 2418 3606 2420 3606 2368 3607 2367 3607 2421 3607 2367 3608 2363 3608 2422 3608 1706 3609 2423 3609 2360 3609 2360 3610 2423 3610 2363 3610 2372 3611 2424 3611 2425 3611 2372 3612 2425 3612 2370 3612 2370 3613 2425 3613 1708 3613 1708 3614 2425 3614 1098 3614 1098 3615 2425 3615 1709 3615 2425 3616 2426 3616 2427 3616 2425 3617 2424 3617 2426 3617 2427 3618 2365 3618 2366 3618 1994 3619 2427 3619 2426 3619 1994 3620 2365 3620 2427 3620 2366 3621 1709 3621 2427 3621 2427 3622 1709 3622 2425 3622 2428 3623 2429 3623 2430 3623 2431 3624 2430 3624 2432 3624 2431 3625 2432 3625 2433 3625 2432 3626 2430 3626 2434 3626 2430 3627 2429 3627 2435 3627 2435 3628 2429 3628 2436 3628 2437 3629 2433 3629 2438 3629 1726 3630 1725 3630 2439 3630 1409 3631 1913 3631 1407 3631 1407 3632 1913 3632 2440 3632 1407 3633 2440 3633 1855 3633 1407 3634 1855 3634 1364 3634 2440 3635 1913 3635 2441 3635 2441 3636 1913 3636 2442 3636 2442 3637 1913 3637 1914 3637 2442 3638 1914 3638 2443 3638 2443 3639 1914 3639 2444 3639 2444 3640 1914 3640 2445 3640 2445 3641 1914 3641 2446 3641 2446 3642 1914 3642 2447 3642 2447 3643 1914 3643 2448 3643 2448 3644 1914 3644 1916 3644 2448 3645 1916 3645 2449 3645 2449 3646 1916 3646 2450 3646 2450 3647 1916 3647 2451 3647 2447 3648 2452 3648 2446 3648 2449 3649 2453 3649 2454 3649 2449 3650 2454 3650 2448 3650 2442 3651 2443 3651 2455 3651 2449 3652 2450 3652 2453 3652 2448 3653 2456 3653 2447 3653 2446 3654 2457 3654 2445 3654 2442 3655 2455 3655 2458 3655 2442 3656 2458 3656 2441 3656 2446 3657 2452 3657 2457 3657 2451 3658 1725 3658 2450 3658 2450 3659 1725 3659 1727 3659 2450 3660 1727 3660 1730 3660 2450 3661 1730 3661 2453 3661 2453 3662 1730 3662 1735 3662 2453 3663 1735 3663 1736 3663 2453 3664 1736 3664 1738 3664 2453 3665 1738 3665 1740 3665 2453 3666 1740 3666 1742 3666 2453 3667 1742 3667 1744 3667 2453 3668 1744 3668 2454 3668 2454 3669 1744 3669 1746 3669 2454 3670 1746 3670 1748 3670 2454 3671 1748 3671 1750 3671 2454 3672 1750 3672 2448 3672 2448 3673 1750 3673 1752 3673 2448 3674 1752 3674 1754 3674 2448 3675 1754 3675 2456 3675 2456 3676 1754 3676 1756 3676 2456 3677 1756 3677 1758 3677 2456 3678 1758 3678 1760 3678 2456 3679 1760 3679 1762 3679 2456 3680 1762 3680 2447 3680 2447 3681 1762 3681 1764 3681 2447 3682 1764 3682 1766 3682 2447 3683 1766 3683 1768 3683 2447 3684 1768 3684 1770 3684 2447 3685 1770 3685 2452 3685 2452 3686 1770 3686 1772 3686 2452 3687 1772 3687 1774 3687 2452 3688 1774 3688 1776 3688 2452 3689 1776 3689 1778 3689 2452 3690 1778 3690 2457 3690 2457 3691 1778 3691 1780 3691 2457 3692 1780 3692 1782 3692 2457 3693 1782 3693 2445 3693 2445 3694 1782 3694 1784 3694 2445 3695 1784 3695 1786 3695 2445 3696 1786 3696 1788 3696 2445 3697 1788 3697 2444 3697 2444 3698 1788 3698 1790 3698 2444 3699 1790 3699 1792 3699 2444 3700 1792 3700 1794 3700 2444 3701 1794 3701 2443 3701 2443 3702 1794 3702 1796 3702 2443 3703 1796 3703 1841 3703 2443 3704 1841 3704 1842 3704 2443 3705 1842 3705 2455 3705 2455 3706 1842 3706 1843 3706 2455 3707 1843 3707 1844 3707 2455 3708 1844 3708 1845 3708 2455 3709 1845 3709 2458 3709 2458 3710 1845 3710 1846 3710 2458 3711 1846 3711 1847 3711 2458 3712 1847 3712 1848 3712 2458 3713 1848 3713 2441 3713 2441 3714 1848 3714 1849 3714 2441 3715 1849 3715 1850 3715 2441 3716 1850 3716 2440 3716 2440 3717 1850 3717 1851 3717 2440 3718 1851 3718 1852 3718 2440 3719 1852 3719 1853 3719 2440 3720 1853 3720 1854 3720 2440 3721 1854 3721 1855 3721 1723 3722 1162 3722 1336 3722 1723 3723 1336 3723 1356 3723 1723 3724 1356 3724 1355 3724 1723 3725 1355 3725 1724 3725 1724 3726 1355 3726 1354 3726 1724 3727 1354 3727 1840 3727 1724 3728 1840 3728 2459 3728 2459 3729 1840 3729 1839 3729 2459 3730 1839 3730 1838 3730 2459 3731 1838 3731 1837 3731 2459 3732 1837 3732 2460 3732 2460 3733 1837 3733 1836 3733 2460 3734 1836 3734 1835 3734 2460 3735 1835 3735 1834 3735 2460 3736 1834 3736 2461 3736 2461 3737 1834 3737 1833 3737 2461 3738 1833 3738 1832 3738 2461 3739 1832 3739 2462 3739 2462 3740 1832 3740 1831 3740 2462 3741 1831 3741 1345 3741 2462 3742 1345 3742 1798 3742 2462 3743 1798 3743 1830 3743 2462 3744 1830 3744 2463 3744 2463 3745 1830 3745 1829 3745 2463 3746 1829 3746 2464 3746 2464 3747 1829 3747 1828 3747 2464 3748 1828 3748 1827 3748 2464 3749 1827 3749 1826 3749 2464 3750 1826 3750 1825 3750 2464 3751 1825 3751 1824 3751 2464 3752 1824 3752 2465 3752 2465 3753 1824 3753 1823 3753 2465 3754 1823 3754 1822 3754 2465 3755 1822 3755 2466 3755 2466 3756 1822 3756 1821 3756 2466 3757 1821 3757 1820 3757 2466 3758 1820 3758 1819 3758 2466 3759 1819 3759 2467 3759 2467 3760 1819 3760 1818 3760 2467 3761 1818 3761 1817 3761 2467 3762 1817 3762 1816 3762 2467 3763 1816 3763 1815 3763 2467 3764 1815 3764 1814 3764 2467 3765 1814 3765 2468 3765 2468 3766 1814 3766 1813 3766 2468 3767 1813 3767 1812 3767 2468 3768 1812 3768 1811 3768 2468 3769 1811 3769 1810 3769 2468 3770 1810 3770 2469 3770 2469 3771 1810 3771 1809 3771 2469 3772 1809 3772 1808 3772 2469 3773 1808 3773 2470 3773 2470 3774 1808 3774 1807 3774 2470 3775 1807 3775 1806 3775 2470 3776 1806 3776 1805 3776 2470 3777 1805 3777 1804 3777 2470 3778 1804 3778 2471 3778 2471 3779 1804 3779 1803 3779 2471 3780 1803 3780 1802 3780 2471 3781 1802 3781 2472 3781 2472 3782 1802 3782 1801 3782 2472 3783 1801 3783 1800 3783 2472 3784 1800 3784 1733 3784 2472 3785 1733 3785 1732 3785 2472 3786 1732 3786 1799 3786 2470 3787 2471 3787 2469 3787 2467 3788 2468 3788 2473 3788 2467 3789 2473 3789 2466 3789 2462 3790 2463 3790 2461 3790 2466 3791 2473 3791 2465 3791 2472 3792 1856 3792 2471 3792 2471 3793 1856 3793 2469 3793 2469 3794 1856 3794 2468 3794 2468 3795 1856 3795 2473 3795 2473 3796 1856 3796 1857 3796 2473 3797 1857 3797 2465 3797 2465 3798 1857 3798 2464 3798 2464 3799 1857 3799 2463 3799 2463 3800 1857 3800 2461 3800 2461 3801 1857 3801 1712 3801 2461 3802 1712 3802 2460 3802 2460 3803 1712 3803 2459 3803 2459 3804 1712 3804 1724 3804 2436 3805 2428 3805 2474 3805 2474 3806 1731 3806 2436 3806 2436 3807 1731 3807 1728 3807 2428 3808 2431 3808 2474 3808 1856 3809 2475 3809 1722 3809 2476 3810 2475 3810 2477 3810 2477 3811 2475 3811 2478 3811 522 3812 1867 3812 491 3812 1282 967 528 967 2479 967 2479 967 528 967 521 967 2479 3813 521 3813 520 3813 520 967 519 967 2479 967 2479 3814 519 3814 1326 3814 1326 967 519 967 1701 967 1326 3815 1701 3815 1700 3815 2479 3816 1283 3816 1282 3816 497 855 2480 855 516 855 516 855 2480 855 1402 855 516 3817 1402 3817 1877 3817 1877 855 1402 855 1878 855 497 855 487 855 2480 855 2480 3818 487 3818 485 3818 2480 3819 485 3819 1308 3819 1308 3820 1314 3820 2480 3820 1968 3821 2481 3821 1443 3821 1443 3822 2481 3822 2482 3822 1443 3823 2482 3823 1901 3823 1901 3245 1442 3245 1443 3245 2483 3824 2474 3824 2484 3824 2484 3825 2474 3825 1904 3825 2484 3826 1904 3826 1903 3826 2484 3827 1903 3827 2485 3827 2485 3828 1903 3828 1902 3828 2485 3829 1902 3829 2486 3829 2486 3830 1902 3830 1286 3830 1286 3831 1902 3831 1329 3831 2487 3832 2488 3832 2489 3832 2489 3833 2488 3833 1908 3833 2488 3834 2490 3834 1908 3834 1908 3835 2490 3835 1909 3835 1909 3836 2490 3836 2491 3836 1909 3837 2491 3837 1910 3837 1910 3838 2491 3838 2492 3838 1910 3839 2492 3839 1312 3839 1910 3840 1312 3840 1401 3840 1916 3841 1926 3841 2451 3841 2451 3842 2493 3842 2494 3842 2451 3843 2494 3843 2439 3843 1942 3844 2495 3844 2496 3844 2496 3845 2495 3845 2497 3845 2496 3846 2497 3846 1939 3846 1939 3847 2497 3847 2498 3847 2498 3848 2497 3848 2499 3848 2498 3849 2499 3849 2500 3849 2500 3849 2499 3849 2501 3849 2500 3850 2501 3850 1934 3850 1934 3851 2501 3851 2502 3851 1934 3852 2502 3852 2503 3852 2503 3853 2502 3853 2504 3853 2504 3854 2502 3854 2505 3854 2504 3855 2505 3855 1931 3855 1931 3856 2505 3856 2506 3856 2506 3857 2505 3857 2507 3857 2506 3858 2507 3858 2508 3858 2508 3859 2507 3859 1967 3859 1967 3860 1955 3860 2508 3860 2508 3861 1955 3861 1954 3861 2508 3862 1954 3862 1953 3862 2508 3863 1953 3863 2506 3863 2506 3864 1953 3864 1952 3864 2506 3865 1952 3865 1931 3865 2504 3866 1931 3866 1932 3866 2504 3867 1932 3867 2503 3867 2503 3868 1932 3868 1933 3868 2503 3869 1933 3869 1934 3869 2500 1370 1934 1370 1936 1370 2500 3849 1936 3849 2498 3849 2498 3870 1936 3870 1937 3870 2498 3871 1937 3871 1938 3871 2498 3872 1938 3872 1939 3872 2496 3873 1939 3873 1941 3873 2496 3874 1941 3874 1942 3874 2495 3875 1942 3875 2509 3875 2509 3876 1942 3876 1944 3876 2509 3877 1944 3877 2510 3877 2510 3878 1944 3878 1945 3878 2510 3879 1945 3879 2511 3879 2511 3880 1945 3880 1946 3880 2511 3881 1946 3881 2512 3881 2512 3882 1946 3882 1947 3882 2512 3883 1947 3883 2513 3883 2513 3884 1947 3884 1948 3884 2513 3885 1948 3885 2514 3885 2514 3886 1948 3886 1949 3886 2514 3887 1949 3887 2515 3887 2515 3888 1949 3888 1950 3888 2515 3889 1950 3889 1951 3889 2515 3890 1951 3890 2317 3890 2317 3891 1951 3891 1943 3891 2318 3892 1940 3892 2516 3892 2516 3893 1940 3893 1935 3893 2516 3894 1935 3894 2262 3894 2516 3895 2262 3895 2517 3895 2517 3896 2262 3896 2260 3896 2517 3897 2260 3897 2518 3897 2518 3898 2260 3898 2519 3898 2519 3899 2260 3899 2258 3899 2519 3900 2258 3900 2520 3900 2520 3901 2258 3901 2256 3901 2520 3902 2256 3902 2521 3902 2521 3903 2256 3903 2254 3903 2521 3904 2254 3904 2522 3904 2522 3905 2254 3905 2523 3905 2523 3906 2254 3906 2252 3906 2523 3907 2252 3907 2524 3907 2524 3908 2252 3908 2250 3908 2524 3909 2250 3909 2525 3909 2525 3910 2250 3910 2248 3910 2525 3911 2248 3911 2526 3911 2526 3912 2248 3912 2246 3912 2526 3913 2246 3913 2527 3913 2527 3914 2246 3914 2244 3914 2244 3915 2300 3915 2527 3915 2527 3916 2300 3916 2301 3916 2527 3917 2301 3917 2526 3917 2526 3918 2301 3918 2303 3918 2526 3919 2303 3919 2525 3919 2525 3920 2303 3920 2305 3920 2525 3921 2305 3921 2524 3921 2524 3922 2305 3922 2307 3922 2524 3923 2307 3923 2523 3923 2523 3924 2307 3924 2309 3924 2523 3925 2309 3925 2522 3925 2522 3926 2309 3926 2311 3926 2522 3927 2311 3927 2521 3927 2521 3928 2311 3928 2323 3928 2521 3929 2323 3929 2520 3929 2520 3930 2323 3930 2322 3930 2520 3931 2322 3931 2519 3931 2519 3932 2322 3932 2321 3932 2519 3933 2321 3933 2518 3933 2518 3934 2321 3934 2320 3934 2518 3935 2320 3935 2517 3935 2517 3936 2320 3936 2319 3936 2517 3937 2319 3937 2516 3937 2516 3938 2319 3938 2318 3938 1969 3939 1445 3939 2528 3939 2528 3940 1445 3940 1962 3940 2528 3941 1962 3941 1963 3941 2528 3942 1963 3942 2529 3942 2529 3943 1963 3943 1964 3943 2529 3944 1964 3944 1965 3944 2529 3945 1965 3945 1966 3945 2529 3946 1966 3946 1967 3946 2529 3947 1967 3947 2530 3947 1968 3948 1969 3948 2481 3948 2481 3949 1969 3949 2528 3949 2481 3950 2528 3950 2529 3950 2481 3951 2529 3951 2530 3951 2530 967 2531 967 2481 967 2481 3952 2531 3952 2532 3952 2532 967 2533 967 2481 967 2534 3953 2535 3953 2533 3953 2535 967 2536 967 2533 967 2533 967 2536 967 2481 967 2481 3954 2536 3954 2537 3954 2481 3955 2537 3955 2538 3955 2538 967 2539 967 2481 967 2539 3956 2540 3956 2481 3956 2481 3957 2540 3957 2541 3957 2541 3958 2540 3958 2542 3958 2542 967 2543 967 2541 967 2541 3959 2543 3959 2544 3959 2541 967 2544 967 2545 967 2545 967 2544 967 2546 967 2545 967 2546 967 2547 967 2547 3960 2546 3960 2548 3960 2549 3961 2550 3961 2548 3961 2548 3962 2550 3962 2551 3962 2548 3963 2551 3963 2552 3963 2550 967 2549 967 2553 967 2553 3964 2549 3964 2554 3964 2554 967 2549 967 2555 967 2554 3965 2555 3965 2556 3965 2553 967 2557 967 2550 967 2550 967 2557 967 2558 967 2558 967 2557 967 2559 967 2559 967 2557 967 2560 967 2560 967 2557 967 2561 967 2561 3966 2557 3966 2562 3966 2561 967 2562 967 2563 967 2563 967 2562 967 2564 967 2564 3967 2562 3967 2565 3967 2564 967 2565 967 2566 967 2566 967 2565 967 2567 967 2567 967 2565 967 2568 967 2568 967 2565 967 2569 967 2569 967 2565 967 2570 967 2569 967 2570 967 2571 967 2571 967 2570 967 2572 967 2572 967 2570 967 2573 967 2573 967 2570 967 2574 967 2574 3968 2570 3968 2575 3968 2574 967 2575 967 2576 967 2576 967 2575 967 2577 967 2575 3969 2578 3969 2577 3969 2578 967 2579 967 2577 967 2579 967 2580 967 2577 967 2577 3970 2580 3970 2581 3970 2581 3971 2582 3971 2583 3971 2581 967 2583 967 2584 967 2582 3972 2581 3972 2585 3972 2582 3973 2585 3973 2586 3973 2586 967 2585 967 2587 967 2585 967 2588 967 2587 967 2587 3974 2588 3974 2589 3974 2590 3975 2591 3975 2587 3975 2587 3976 2591 3976 2592 3976 2590 3977 2593 3977 2591 3977 2593 3978 2590 3978 2594 3978 2594 3979 2590 3979 2595 3979 2595 3980 2590 3980 2596 3980 2595 3981 2596 3981 2597 3981 2597 3982 2596 3982 2598 3982 2598 967 2596 967 2599 967 2599 967 2596 967 2600 967 2600 967 2596 967 2601 967 2601 3983 2596 3983 2602 3983 2601 967 2602 967 2603 967 2603 967 2602 967 2604 967 2604 3984 2602 3984 2605 3984 2605 3985 2602 3985 2606 3985 2606 3986 2602 3986 2547 3986 2606 3987 2547 3987 2607 3987 2607 3988 2547 3988 2608 3988 2608 967 2547 967 2548 967 2608 967 2548 967 2609 967 2609 967 2548 967 2610 967 2610 3989 2548 3989 2611 3989 2611 967 2548 967 2612 967 2612 3990 2548 3990 2613 3990 2613 3991 2548 3991 2614 3991 2614 967 2548 967 2615 967 2615 967 2548 967 2616 967 2616 3992 2548 3992 2617 3992 2617 3993 2548 3993 2618 3993 2618 3994 2548 3994 2619 3994 2619 3995 2548 3995 2620 3995 2620 967 2548 967 2621 967 2621 967 2548 967 2622 967 2622 967 2548 967 2623 967 2623 3996 2548 3996 2552 3996 2584 967 2624 967 2581 967 2581 3997 2624 3997 2625 3997 2625 967 2626 967 2581 967 2581 3998 2626 3998 2627 3998 2627 3999 2628 3999 2581 3999 2581 967 2628 967 2629 967 2581 967 2629 967 2630 967 2581 4000 2630 4000 2631 4000 2581 4001 2631 4001 2632 4001 2581 4002 2632 4002 2633 4002 2633 967 2634 967 2581 967 2581 4003 2634 4003 2635 4003 2581 4004 2635 4004 2636 4004 2636 967 2637 967 2581 967 2581 4005 2637 4005 2577 4005 2592 967 2586 967 2587 967 2638 4006 2639 4006 2640 4006 2638 4007 2640 4007 2641 4007 2638 4008 2641 4008 2642 4008 2642 4009 2641 4009 2643 4009 2642 4010 2643 4010 1971 4010 2642 4011 1971 4011 1444 4011 2642 4012 1444 4012 1970 4012 2644 4013 2645 4013 2646 4013 2646 4014 2645 4014 2647 4014 2647 4015 2645 4015 1970 4015 2645 4016 2642 4016 1970 4016 2638 4017 2642 4017 2645 4017 1970 4018 1441 4018 2647 4018 2647 4019 1441 4019 1977 4019 2647 4020 2033 4020 2648 4020 2647 4021 1977 4021 2033 4021 2033 4022 1977 4022 2649 4022 2033 4023 2649 4023 2034 4023 2648 4024 2646 4024 2647 4024 2643 4025 2641 4025 2650 4025 2643 4026 2650 4026 2651 4026 2643 4027 2651 4027 1971 4027 1971 4028 2651 4028 1446 4028 1446 4029 2651 4029 1972 4029 1972 4030 2651 4030 1973 4030 2650 4031 1973 4031 2651 4031 2650 4032 1974 4032 1973 4032 2650 4033 2641 4033 2652 4033 2653 4034 2641 4034 2640 4034 2653 4035 2640 4035 2639 4035 2654 4036 2639 4036 2655 4036 2654 4037 2655 4037 2656 4037 2656 4038 2655 4038 2657 4038 2656 4039 2657 4039 2658 4039 2658 4040 2657 4040 2659 4040 2658 4041 2659 4041 2660 4041 2660 4042 2659 4042 2661 4042 2660 4043 2661 4043 2662 4043 2662 4044 2661 4044 2663 4044 2662 4045 2663 4045 2664 4045 2664 4046 2663 4046 2665 4046 2664 4047 2665 4047 2666 4047 2666 4048 2665 4048 2667 4048 2666 4049 2667 4049 2668 4049 2668 4050 2667 4050 2669 4050 2668 4051 2669 4051 2670 4051 2670 4052 2669 4052 2671 4052 2670 4053 2671 4053 2672 4053 2672 4054 2671 4054 2673 4054 2672 4055 2673 4055 2674 4055 2674 4056 2673 4056 2675 4056 2674 4057 2675 4057 2676 4057 2676 4058 2675 4058 2677 4058 2676 4059 2677 4059 2678 4059 2678 4060 2677 4060 2679 4060 2678 4061 2679 4061 2680 4061 2680 4062 2679 4062 2681 4062 2680 4063 2681 4063 2682 4063 2682 4064 2681 4064 2683 4064 2682 4065 2683 4065 2684 4065 2684 4066 2683 4066 2685 4066 2684 4067 2685 4067 2686 4067 2686 4068 2685 4068 2687 4068 2686 4069 2687 4069 2688 4069 2688 4070 2687 4070 2689 4070 2688 4071 2689 4071 2690 4071 2690 4072 2689 4072 2691 4072 2690 4073 2691 4073 2692 4073 2692 4074 2691 4074 2693 4074 2692 4075 2693 4075 2694 4075 2694 4076 2693 4076 2695 4076 2694 4077 2695 4077 2696 4077 2696 4078 2697 4078 2698 4078 2698 4079 2697 4079 2699 4079 2698 4080 2699 4080 2700 4080 2700 4081 2699 4081 2701 4081 2700 4082 2701 4082 2702 4082 2702 4083 2701 4083 2703 4083 2702 4084 2703 4084 2704 4084 2704 4085 2703 4085 2705 4085 2704 4086 2705 4086 2706 4086 2706 4087 2705 4087 2707 4087 2706 4088 2707 4088 2708 4088 2708 4089 2707 4089 2709 4089 2708 4090 2709 4090 2710 4090 2710 4091 2709 4091 2711 4091 2710 4092 2711 4092 2712 4092 1973 4093 1975 4093 1972 4093 1972 4094 1975 4094 1440 4094 1440 4095 1975 4095 1977 4095 2032 4096 1975 4096 1976 4096 1975 4097 2034 4097 2649 4097 2649 4098 1977 4098 1975 4098 2713 4099 1976 4099 1974 4099 1527 4100 2714 4100 2715 4100 2716 4101 1978 4101 1522 4101 2716 4102 1527 4102 2715 4102 2717 4103 2718 4103 2719 4103 2717 4104 2719 4104 2720 4104 2720 4105 2719 4105 2721 4105 2720 4106 2721 4106 2722 4106 2722 4107 2721 4107 2723 4107 2722 4108 2723 4108 2724 4108 2724 4108 2723 4108 2725 4108 2724 4109 2725 4109 2726 4109 2726 4110 2725 4110 2727 4110 2726 4111 2727 4111 2728 4111 2728 4112 2727 4112 2729 4112 2728 4113 2729 4113 2730 4113 2730 4114 2729 4114 2731 4114 2730 4115 2731 4115 2732 4115 2732 4116 2731 4116 2733 4116 2732 4117 2733 4117 2734 4117 2734 4117 2733 4117 2735 4117 2734 4118 2735 4118 2736 4118 2736 4119 2735 4119 2737 4119 2736 4120 2737 4120 2738 4120 2738 4121 2737 4121 2739 4121 2738 4122 2739 4122 2740 4122 2740 4123 2739 4123 2741 4123 2740 4124 2741 4124 2742 4124 2742 4125 2741 4125 2743 4125 2742 4126 2743 4126 2744 4126 2744 4126 2743 4126 2745 4126 2744 4127 2745 4127 2746 4127 2746 4127 2745 4127 2747 4127 2746 4128 2747 4128 2748 4128 2748 4129 2747 4129 2749 4129 2748 4130 2749 4130 2750 4130 2750 4131 2749 4131 2751 4131 2750 4132 2751 4132 2752 4132 2752 4133 2751 4133 2753 4133 2752 4134 2753 4134 2754 4134 2754 4135 2753 4135 2755 4135 2754 4136 2755 4136 1978 4136 1978 4137 2755 4137 1979 4137 2756 4138 1520 4138 1979 4138 2757 4139 1520 4139 2756 4139 1979 4140 1520 4140 1522 4140 1529 4141 1533 4141 1980 4141 1533 4142 1532 4142 1980 4142 2758 4143 1990 4143 2093 4143 2093 4144 1990 4144 1999 4144 2091 4145 2089 4145 2759 4145 2759 4146 2089 4146 2760 4146 2760 4147 2089 4147 2088 4147 2760 4148 2088 4148 2086 4148 2760 4149 2086 4149 1997 4149 1997 4150 2086 4150 1998 4150 2761 4151 1997 4151 1996 4151 2761 4152 1996 4152 2081 4152 2761 4153 2081 4153 2084 4153 2762 4154 2084 4154 2083 4154 2762 4155 2083 4155 1995 4155 2762 4156 1995 4156 1991 4156 2762 4157 1991 4157 1992 4157 2762 4158 1992 4158 2426 4158 2426 4159 1992 4159 1993 4159 2426 4160 1993 4160 1994 4160 2763 4161 2424 4161 2372 4161 2426 4162 2424 4162 2762 4162 2424 4163 2763 4163 2764 4163 2762 4164 2424 4164 2761 4164 2762 4165 2761 4165 2084 4165 2424 4166 2764 4166 2761 4166 2763 4167 2765 4167 2764 4167 2764 4168 2766 4168 2761 4168 2761 4169 2766 4169 1997 4169 2764 4170 2765 4170 2766 4170 1997 4171 2766 4171 2760 4171 2765 4172 2767 4172 2766 4172 2766 4173 2759 4173 2760 4173 2766 4174 2767 4174 2759 4174 2759 4175 2093 4175 2091 4175 2767 4176 2768 4176 2759 4176 2759 4177 2758 4177 2093 4177 2769 4178 2770 4178 2771 4178 2771 4179 2770 4179 2772 4179 2772 4180 2773 4180 2774 4180 2773 4181 2772 4181 2770 4181 2774 4182 1559 4182 1990 4182 1630 4183 233 4183 2775 4183 1630 4184 2775 4184 2776 4184 1630 4185 2776 4185 2076 4185 2776 4186 1556 4186 2076 4186 1556 4187 1555 4187 2076 4187 1629 4188 1630 4188 2080 4188 1630 4189 2076 4189 2080 4189 1631 4190 2775 4190 233 4190 1631 4191 233 4191 256 4191 2092 4192 2093 4192 1999 4192 2092 4193 2776 4193 2775 4193 2092 4194 1999 4194 2776 4194 2776 4195 1999 4195 1556 4195 1631 4196 2092 4196 2775 4196 1635 4197 269 4197 272 4197 1635 4198 272 4198 1627 4198 1635 4199 2777 4199 2082 4199 1995 4200 2777 4200 1537 4200 1995 4201 2083 4201 2082 4201 1634 4202 1635 4202 2082 4202 2082 4203 2777 4203 1995 4203 1627 4204 272 4204 274 4204 1626 4205 2777 4205 1627 4205 2777 4206 1626 4206 1537 4206 1539 4207 2072 4207 1540 4207 2072 4208 1539 4208 1626 4208 1539 4209 1537 4209 1626 4209 2777 4210 1635 4210 1627 4210 2778 4211 2000 4211 1565 4211 2364 4212 1994 4212 1535 4212 2364 4213 1535 4213 2000 4213 2364 4214 2000 4214 2778 4214 2364 4215 2778 4215 1704 4215 1705 4216 1704 4216 2778 4216 1564 4217 2002 4217 2779 4217 1564 4218 2779 4218 1565 4218 1565 4219 2779 4219 2780 4219 1565 4220 2780 4220 2778 4220 2002 4221 1564 4221 1567 4221 2002 4222 1567 4222 1566 4222 2014 4223 1574 4223 2015 4223 1574 4224 1573 4224 2015 4224 2017 4225 1573 4225 1590 4225 1573 4226 2017 4226 2781 4226 1617 4227 297 4227 2782 4227 2782 4228 297 4228 325 4228 2047 4229 1589 4229 1588 4229 2031 4230 2047 4230 2783 4230 2031 4231 1591 4231 2047 4231 1591 4232 1589 4232 2047 4232 1617 4233 2782 4233 2783 4233 1617 4234 2783 4234 2047 4234 2058 4235 2031 4235 2783 4235 2058 4236 2783 4236 1620 4236 1620 4237 2783 4237 2782 4237 1620 4238 2782 4238 325 4238 2058 4239 1620 4239 1619 4239 2058 4240 2057 4240 2031 4240 2033 4241 2032 4241 1593 4241 2033 4242 1593 4242 2784 4242 2784 4243 1593 4243 2020 4243 2784 4244 2020 4244 2021 4244 2784 4245 2021 4245 2785 4245 2785 4246 2021 4246 2031 4246 2785 4247 2031 4247 2057 4247 2785 4248 2057 4248 2030 4248 2785 4249 2030 4249 2786 4249 2786 4250 2030 4250 2029 4250 2029 4251 2028 4251 2060 4251 2060 4252 2061 4252 2063 4252 2060 4253 2063 4253 2787 4253 2787 4254 2063 4254 2065 4254 2787 4255 2065 4255 2066 4255 2787 4256 2066 4256 2788 4256 2788 4257 2066 4257 2025 4257 2788 4258 2025 4258 2027 4258 2027 4259 2026 4259 2024 4259 2027 4260 2024 4260 2023 4260 2023 4261 2789 4261 2027 4261 2788 4262 2790 4262 2787 4262 2060 4263 2791 4263 2029 4263 2785 4264 2786 4264 2792 4264 2027 4265 2789 4265 2788 4265 2060 4266 2787 4266 2791 4266 2785 4267 2792 4267 2784 4267 2789 4268 2793 4268 2788 4268 2787 4269 2790 4269 2791 4269 2029 4270 2791 4270 2794 4270 2029 4271 2794 4271 2786 4271 2788 4272 2793 4272 2790 4272 2790 4273 2793 4273 2795 4273 2786 4274 2794 4274 2792 4274 2792 4275 2796 4275 2784 4275 2784 4276 2796 4276 2648 4276 2033 4277 2784 4277 2648 4277 2792 4278 2794 4278 2796 4278 2790 4279 2795 4279 2791 4279 2789 4280 2797 4280 2793 4280 2793 4281 2797 4281 2795 4281 2795 4282 2797 4282 2798 4282 2795 4283 2798 4283 2791 4283 2791 4284 2798 4284 2794 4284 2794 4285 2798 4285 2799 4285 2794 4286 2799 4286 2796 4286 2796 4287 2799 4287 2648 4287 2648 4288 2799 4288 2646 4288 1976 4289 2713 4289 2019 4289 1976 4290 2019 4290 1593 4290 1976 4291 1593 4291 2032 4291 2018 4292 2019 4292 2713 4292 1603 4293 2800 4293 2022 4293 2801 4294 2802 4294 2803 4294 2804 4295 2801 4295 2805 4295 2805 4296 2801 4296 2803 4296 2068 4297 2024 4297 2026 4297 1604 4298 2024 4298 2068 4298 2068 4299 2067 4299 1623 4299 1623 4300 1624 4300 2068 4300 2055 4301 2053 4301 1613 4301 1606 4302 1605 4302 2053 4302 1605 4303 1604 4303 2053 4303 2053 4304 1624 4304 1613 4304 2053 4305 1604 4305 1624 4305 1624 4306 1604 4306 2068 4306 1624 4307 1614 4307 1613 4307 2037 4308 2043 4308 2038 4308 1610 4309 2038 4309 2806 4309 2038 4310 1610 4310 1611 4310 1610 4311 2806 4311 1609 4311 2096 4312 2477 4312 2097 4312 2097 4313 2477 4313 2807 4313 2097 4314 2807 4314 2105 4314 2105 4315 2807 4315 2109 4315 2109 4316 2807 4316 2808 4316 2109 4317 2808 4317 2809 4317 2109 4318 2809 4318 2810 4318 2109 4319 2810 4319 2811 4319 2109 4320 2811 4320 2812 4320 2109 4321 2812 4321 2113 4321 2113 4322 2812 4322 2813 4322 2113 4323 2813 4323 2117 4323 2117 4324 2813 4324 2814 4324 2117 4325 2814 4325 2815 4325 2117 4326 2815 4326 2124 4326 2124 4327 2815 4327 2816 4327 2124 4328 2816 4328 2817 4328 2124 4329 2817 4329 2130 4329 2130 4330 2817 4330 2818 4330 2130 4331 2818 4331 2819 4331 2130 4332 2819 4332 2820 4332 2130 4333 2820 4333 2138 4333 2138 4334 2820 4334 2821 4334 2138 4335 2821 4335 2822 4335 2138 4336 2822 4336 2823 4336 2138 4337 2823 4337 2139 4337 2139 4338 2823 4338 2824 4338 2139 4339 2824 4339 2825 4339 2139 4340 2825 4340 2826 4340 2139 4341 2826 4341 2136 4341 2136 4342 2826 4342 2827 4342 2136 4343 2827 4343 2828 4343 2136 4344 2828 4344 2137 4344 2137 4345 2828 4345 2829 4345 2137 4346 2829 4346 2830 4346 2137 4347 2830 4347 2142 4347 2142 4348 2830 4348 2831 4348 2142 4349 2831 4349 2158 4349 2158 4350 2831 4350 2832 4350 2158 4351 2832 4351 2833 4351 2158 4352 2833 4352 2834 4352 2158 4353 2834 4353 2835 4353 2158 4354 2835 4354 2159 4354 2159 4355 2835 4355 2836 4355 2159 4356 2836 4356 2837 4356 2159 4357 2837 4357 2160 4357 2160 4358 2837 4358 2838 4358 2160 4359 2838 4359 2839 4359 2160 4360 2839 4360 2840 4360 2160 4361 2840 4361 2841 4361 2160 4362 2841 4362 2842 4362 2160 4363 2842 4363 2161 4363 2161 4364 2842 4364 2843 4364 2161 4365 2843 4365 2162 4365 2162 4366 2843 4366 2844 4366 2162 4367 2844 4367 2163 4367 2163 4368 2844 4368 2845 4368 2163 4369 2845 4369 2846 4369 2163 4370 2846 4370 2847 4370 2163 4371 2847 4371 2848 4371 2163 4372 2848 4372 2849 4372 2163 4373 2849 4373 2170 4373 2170 4374 2849 4374 2850 4374 2170 4375 2850 4375 2851 4375 2170 4376 2851 4376 2852 4376 2170 4377 2852 4377 2174 4377 2174 4378 2852 4378 2853 4378 2174 4379 2853 4379 2176 4379 2176 4380 2853 4380 2854 4380 2176 4381 2854 4381 2855 4381 2176 4382 2855 4382 2181 4382 2181 4383 2855 4383 2856 4383 2181 4384 2856 4384 2183 4384 2183 4385 2856 4385 2857 4385 2183 4386 2857 4386 2858 4386 2183 4387 2858 4387 2859 4387 2183 4388 2859 4388 2185 4388 2185 4389 2859 4389 2860 4389 2185 4390 2860 4390 2861 4390 2185 4391 2861 4391 2187 4391 2187 4392 2861 4392 2862 4392 2187 4393 2862 4393 2863 4393 2187 4394 2863 4394 2864 4394 2187 4395 2864 4395 2865 4395 2187 4396 2865 4396 2186 4396 2186 4397 2865 4397 2866 4397 2186 4398 2866 4398 2867 4398 2186 4399 2867 4399 2868 4399 2186 4400 2868 4400 2184 4400 2184 4401 2868 4401 2869 4401 2184 4402 2869 4402 2870 4402 2184 4403 2870 4403 2871 4403 2184 4404 2871 4404 2872 4404 2184 4405 2872 4405 2114 4405 2114 4406 2872 4406 2873 4406 2114 4407 2873 4407 2112 4407 2112 4408 2873 4408 2874 4408 2112 4409 2874 4409 2875 4409 2112 4410 2875 4410 2111 4410 2111 4411 2875 4411 2876 4411 2111 4412 2876 4412 2877 4412 2111 4413 2877 4413 2878 4413 2111 4414 2878 4414 2110 4414 2110 4415 2878 4415 2879 4415 2110 4416 2879 4416 2880 4416 2110 4417 2880 4417 2881 4417 2110 4418 2881 4418 2106 4418 2106 4419 2881 4419 2882 4419 2106 4420 2882 4420 2107 4420 2107 4421 2882 4421 2883 4421 2107 4422 2883 4422 2108 4422 2108 4423 2883 4423 2884 4423 2108 4424 2884 4424 2203 4424 2203 4425 2884 4425 2290 4425 2290 4426 2289 4426 2203 4426 2203 4427 2289 4427 2204 4427 2222 4428 2207 4428 2330 4428 2330 4429 2207 4429 2329 4429 2329 4430 2207 4430 2328 4430 2328 4431 2207 4431 2327 4431 2327 4432 2207 4432 2104 4432 2327 4433 2104 4433 2326 4433 2326 4434 2104 4434 2325 4434 2325 4435 2104 4435 2103 4435 2325 4436 2103 4436 2324 4436 2324 4437 2103 4437 2205 4437 2324 4438 2205 4438 2289 4438 2289 4439 2205 4439 2204 4439 2207 4440 2222 4440 2206 4440 2206 4441 2222 4441 2221 4441 2206 4442 2221 4442 2102 4442 2102 4443 2221 4443 2219 4443 2102 4444 2219 4444 2101 4444 2101 4445 2219 4445 2217 4445 2101 4446 2217 4446 2215 4446 2101 4447 2215 4447 2100 4447 2100 4448 2215 4448 2214 4448 2100 4449 2214 4449 2212 4449 2100 4450 2212 4450 2210 4450 2100 4451 2210 4451 1642 4451 1642 4452 2099 4452 2100 4452 2188 4453 2885 4453 2182 4453 2182 4454 2885 4454 2886 4454 2182 4455 2886 4455 2180 4455 2180 4456 2886 4456 2887 4456 2180 4457 2887 4457 2179 4457 2179 4458 2887 4458 2888 4458 2179 4459 2888 4459 2178 4459 2178 4459 2888 4459 2889 4459 2178 4460 2889 4460 2177 4460 2177 4461 2889 4461 2890 4461 2177 4462 2890 4462 2175 4462 2175 4463 2890 4463 2891 4463 2175 4464 2891 4464 2173 4464 2173 4465 2891 4465 2892 4465 2173 4466 2892 4466 2893 4466 2173 4467 2893 4467 2172 4467 2172 4468 2893 4468 2894 4468 2172 4469 2894 4469 2171 4469 2171 4470 2894 4470 2895 4470 2171 4471 2895 4471 2169 4471 2169 4472 2895 4472 2896 4472 2169 4473 2896 4473 2168 4473 2168 4474 2896 4474 2897 4474 2168 4475 2897 4475 2167 4475 2167 4476 2897 4476 2898 4476 2167 4477 2898 4477 2166 4477 2166 4478 2898 4478 2899 4478 2166 4479 2899 4479 2165 4479 2165 4480 2899 4480 2900 4480 2165 4481 2900 4481 2164 4481 2164 4482 2900 4482 2901 4482 2164 4483 2901 4483 2157 4483 2157 4484 2901 4484 2902 4484 2157 4485 2902 4485 2156 4485 2156 4486 2902 4486 2903 4486 2156 4487 2903 4487 2155 4487 2155 4488 2903 4488 2904 4488 2155 4489 2904 4489 2154 4489 2154 4490 2904 4490 2905 4490 2154 4491 2905 4491 2153 4491 2153 4492 2905 4492 2906 4492 2153 4493 2906 4493 2152 4493 2152 4494 2906 4494 2907 4494 2152 4495 2907 4495 2151 4495 2151 4496 2907 4496 2908 4496 2151 4497 2908 4497 2150 4497 2150 4498 2908 4498 2909 4498 2150 4499 2909 4499 2149 4499 2149 4500 2909 4500 2910 4500 2149 4501 2910 4501 2148 4501 2148 4502 2910 4502 2911 4502 2148 4503 2911 4503 2147 4503 2147 4504 2911 4504 2912 4504 2147 4505 2912 4505 2146 4505 2146 4506 2912 4506 2913 4506 2146 4507 2913 4507 2145 4507 2145 4508 2913 4508 2914 4508 2145 4509 2914 4509 2144 4509 2144 4510 2914 4510 2915 4510 2144 4511 2915 4511 2143 4511 2143 4512 2915 4512 2916 4512 2143 4513 2916 4513 2141 4513 2141 4514 2916 4514 2917 4514 2141 4515 2917 4515 2140 4515 2140 4516 2917 4516 2918 4516 2140 4517 2918 4517 2135 4517 2135 4518 2918 4518 2919 4518 2135 4519 2919 4519 2134 4519 2134 4520 2919 4520 2920 4520 2134 4521 2920 4521 2133 4521 2133 4522 2920 4522 2921 4522 2133 4523 2921 4523 2132 4523 2132 4524 2921 4524 2922 4524 2132 4525 2922 4525 2131 4525 2131 4526 2922 4526 2923 4526 2131 4527 2923 4527 2129 4527 2129 4528 2923 4528 2924 4528 2129 4529 2924 4529 2128 4529 2128 4530 2924 4530 2925 4530 2128 4531 2925 4531 2126 4531 2126 4532 2925 4532 2926 4532 2126 4533 2926 4533 2127 4533 2127 4534 2926 4534 2927 4534 2127 4535 2927 4535 2125 4535 2125 4536 2927 4536 2928 4536 2125 4537 2928 4537 2122 4537 2122 4537 2928 4537 2929 4537 2122 4538 2929 4538 2123 4538 2123 4539 2929 4539 2930 4539 2123 4540 2930 4540 2120 4540 2120 4541 2930 4541 2931 4541 2120 4542 2931 4542 2121 4542 2121 4543 2931 4543 2932 4543 2121 4544 2932 4544 2208 4544 2208 4545 2932 4545 2933 4545 2208 4546 2933 4546 2118 4546 2118 4547 2933 4547 2934 4547 2118 4548 2934 4548 2119 4548 2119 4549 2934 4549 2935 4549 2119 4550 2935 4550 2115 4550 2115 4551 2935 4551 2936 4551 2115 4552 2936 4552 2116 4552 2116 4553 2936 4553 2937 4553 2116 4554 2937 4554 2202 4554 2202 4555 2937 4555 2938 4555 2202 4556 2938 4556 2201 4556 2201 4557 2938 4557 2939 4557 2201 4558 2939 4558 2200 4558 2200 4559 2939 4559 2940 4559 2200 4560 2940 4560 2199 4560 2199 4561 2940 4561 2941 4561 2199 4562 2941 4562 2198 4562 2198 4563 2941 4563 2942 4563 2198 4564 2942 4564 2197 4564 2197 4565 2942 4565 2943 4565 2197 4566 2943 4566 2196 4566 2196 4567 2943 4567 2944 4567 2196 4568 2944 4568 2195 4568 2195 4569 2944 4569 2945 4569 2195 4570 2945 4570 2194 4570 2194 4571 2945 4571 2946 4571 2194 4572 2946 4572 2193 4572 2193 4573 2946 4573 2947 4573 2193 4574 2947 4574 2192 4574 2192 4575 2947 4575 2948 4575 2192 4576 2948 4576 2191 4576 2191 4577 2948 4577 2949 4577 2191 4578 2949 4578 2190 4578 2190 4579 2949 4579 2950 4579 2190 4580 2950 4580 2189 4580 2189 4580 2950 4580 2951 4580 2189 4581 2951 4581 2188 4581 2188 4582 2951 4582 2885 4582 2241 4583 2267 4583 2244 4583 2244 4584 2267 4584 2300 4584 2357 4585 2358 4585 2952 4585 2952 4586 2358 4586 2225 4586 2952 855 2225 855 2953 855 2953 855 2225 855 2954 855 2224 4587 2955 4587 2225 4587 2225 855 2955 855 2956 855 2957 4588 2958 4588 2224 4588 2224 855 2958 855 2959 855 2224 855 2959 855 2960 855 2960 4589 2959 4589 2961 4589 2961 855 2959 855 2962 855 2957 4590 2963 4590 2958 4590 2960 855 2955 855 2224 855 2964 855 2965 855 2955 855 2966 4591 2967 4591 2964 4591 2953 855 2968 855 2966 855 2966 855 2968 855 2969 855 2970 4592 2971 4592 2952 4592 2952 855 2971 855 2357 855 2966 4593 2969 4593 2972 4593 2966 4594 2972 4594 2967 4594 2964 4595 2967 4595 2973 4595 2964 4596 2973 4596 2965 4596 2955 4597 2965 4597 2974 4597 2955 4598 2974 4598 2975 4598 2955 4599 2975 4599 2956 4599 2956 855 2954 855 2225 855 2953 4600 2954 4600 2976 4600 2953 855 2976 855 2968 855 2957 4601 2224 4601 2977 4601 2977 4602 2224 4602 2226 4602 2977 4603 2226 4603 2978 4603 2978 4604 2226 4604 2228 4604 2978 4605 2228 4605 2979 4605 2979 4606 2228 4606 2230 4606 2979 4607 2230 4607 2980 4607 2980 4608 2230 4608 2232 4608 2980 4609 2232 4609 2981 4609 2981 4610 2232 4610 2234 4610 2981 4611 2234 4611 2982 4611 2982 4612 2234 4612 2983 4612 2983 4613 2234 4613 2236 4613 2983 4614 2236 4614 2984 4614 2984 4615 2236 4615 2238 4615 2984 4616 2238 4616 2985 4616 2985 4617 2238 4617 2240 4617 2985 4618 2240 4618 2986 4618 2986 4619 2240 4619 2242 4619 2986 4620 2242 4620 2987 4620 2982 4621 2988 4621 2981 4621 2981 4622 2988 4622 2980 4622 2988 4623 2989 4623 2980 4623 2980 4624 2989 4624 2979 4624 2989 4625 2990 4625 2979 4625 2979 4626 2990 4626 2978 4626 2990 4627 2991 4627 2978 4627 2978 4628 2991 4628 2977 4628 2991 4629 2992 4629 2977 4629 2977 4630 2992 4630 2957 4630 2993 4631 2987 4631 2994 4631 2994 4632 2987 4632 2995 4632 2995 4633 2987 4633 2242 4633 2995 4632 2242 4632 2243 4632 2996 4634 2997 4634 2998 4634 2998 4635 2997 4635 2263 4635 2998 4636 2263 4636 2264 4636 2997 4637 2996 4637 2999 4637 2997 4638 2999 4638 2261 4638 2261 4639 2999 4639 2259 4639 2259 4640 2999 4640 3000 4640 2259 4641 3000 4641 2257 4641 2257 4642 3000 4642 3001 4642 2257 4643 3001 4643 2255 4643 2255 4644 3001 4644 3002 4644 2255 4645 3002 4645 3003 4645 2255 4646 3003 4646 2253 4646 2253 4647 3003 4647 3004 4647 2253 4648 3004 4648 2251 4648 2251 4649 3004 4649 3005 4649 2251 4650 3005 4650 2249 4650 2249 4651 3005 4651 3006 4651 2249 4652 3006 4652 2247 4652 2247 4653 3006 4653 3007 4653 2247 4654 3007 4654 2245 4654 2245 4655 3007 4655 3008 4655 2245 4656 3008 4656 2243 4656 2243 4657 3008 4657 2995 4657 2996 4658 3009 4658 2999 4658 2999 4659 3009 4659 3000 4659 3009 4660 3010 4660 3000 4660 3000 4661 3010 4661 3001 4661 3010 4662 3011 4662 3001 4662 3001 4663 3011 4663 3002 4663 3011 4664 3012 4664 3002 4664 3002 4665 3012 4665 3003 4665 3012 4666 3013 4666 3003 4666 3003 4667 3013 4667 3004 4667 2261 4668 2263 4668 2997 4668 2265 967 2331 967 3014 967 3014 967 2331 967 2332 967 3014 967 2332 967 3015 967 3015 967 3016 967 3014 967 3014 967 3017 967 2265 967 2265 967 3017 967 3018 967 3019 967 3020 967 3017 967 3021 4669 3022 4669 3019 4669 3023 967 3024 967 3021 967 3021 4670 3024 4670 3025 4670 3026 967 2264 967 3023 967 3023 967 2264 967 2265 967 3023 4671 2265 4671 3027 4671 3027 967 2265 967 3018 967 2264 967 3026 967 3028 967 3028 967 3026 967 3029 967 3028 4672 3029 4672 3030 4672 3028 4673 3031 4673 2264 4673 2264 4674 3031 4674 2998 4674 2998 4675 3031 4675 3032 4675 3023 4676 3033 4676 3024 4676 3025 967 3022 967 3021 967 3019 4677 3022 4677 3034 4677 3019 967 3034 967 3020 967 3020 4678 3035 4678 3017 4678 3035 4679 3018 4679 3017 4679 3023 4680 3027 4680 3036 4680 3023 4681 3036 4681 3033 4681 2293 4682 2290 4682 2884 4682 2293 4683 2884 4683 3037 4683 3037 4684 2884 4684 3038 4684 3038 4685 2884 4685 2883 4685 3038 4686 2883 4686 3039 4686 3039 4687 2883 4687 2882 4687 3039 4688 2882 4688 3040 4688 3040 4689 2882 4689 2881 4689 3040 4690 2881 4690 3041 4690 3041 4691 2881 4691 3042 4691 3042 4692 2881 4692 2880 4692 3042 4693 2880 4693 3043 4693 3043 4694 2880 4694 2879 4694 3043 4695 2879 4695 3044 4695 3044 4696 2879 4696 2878 4696 3044 4697 2878 4697 3045 4697 3045 4698 2878 4698 2877 4698 3045 4699 2877 4699 3046 4699 3046 4700 2877 4700 2876 4700 3046 4701 2876 4701 3047 4701 3047 4702 2876 4702 2875 4702 3047 4703 2875 4703 3048 4703 3048 4704 2875 4704 2874 4704 3048 4705 2874 4705 3049 4705 3050 4706 3051 4706 3052 4706 3052 4707 3051 4707 2298 4707 3052 4708 2298 4708 2297 4708 3050 4709 3052 4709 3053 4709 3050 4710 3053 4710 3054 4710 3054 4711 3053 4711 3055 4711 3054 4712 3055 4712 3056 4712 3056 4713 3055 4713 3057 4713 3056 4714 3057 4714 3058 4714 3058 4715 3057 4715 3059 4715 3058 4716 3059 4716 3060 4716 3058 4717 3060 4717 3061 4717 3061 4718 3060 4718 3062 4718 3061 4719 3062 4719 3063 4719 3063 4720 3062 4720 3064 4720 3063 4721 3064 4721 3065 4721 3065 4722 3064 4722 3066 4722 3065 4723 3066 4723 3067 4723 3067 4724 3066 4724 3068 4724 3067 4725 3068 4725 3069 4725 3069 4726 3068 4726 3070 4726 3069 4727 3070 4727 3071 4727 3071 4728 3070 4728 3072 4728 3072 4729 3070 4729 3040 4729 3072 4730 3040 4730 3041 4730 3052 4731 2297 4731 3053 4731 2297 4732 2296 4732 3053 4732 3053 4733 2296 4733 3055 4733 2296 4734 2292 4734 3055 4734 2292 4735 2291 4735 3055 4735 3055 4736 2291 4736 3057 4736 2291 4737 2295 4737 3057 4737 3057 4738 2295 4738 3059 4738 2295 4739 2294 4739 3059 4739 3059 4740 2294 4740 3060 4740 2294 4741 2293 4741 3060 4741 3060 4742 2293 4742 3062 4742 2293 4743 3037 4743 3062 4743 3062 4744 3037 4744 3064 4744 3064 4745 3037 4745 3038 4745 3064 4746 3038 4746 3066 4746 3066 4747 3038 4747 3068 4747 3068 4748 3038 4748 3039 4748 3068 4749 3039 4749 3070 4749 3070 4750 3039 4750 3040 4750 3073 4751 2299 4751 3051 4751 3051 3050 2299 3050 2298 3050 3074 4752 3075 4752 3076 4752 3076 4753 3075 4753 3077 4753 3076 4754 3077 4754 3078 4754 3078 4755 3077 4755 3079 4755 3079 4756 3077 4756 3080 4756 3079 4757 3080 4757 3081 4757 3081 4758 3080 4758 3082 4758 3081 4759 3082 4759 3083 4759 3083 4760 3082 4760 3084 4760 3083 4761 3084 4761 3085 4761 3085 4762 3084 4762 3086 4762 3085 4763 3086 4763 3087 4763 3087 4764 3086 4764 3088 4764 3087 4765 3088 4765 3089 4765 3089 4766 3088 4766 3090 4766 3089 4767 3090 4767 3091 4767 3089 4768 3091 4768 3092 4768 3092 4769 3091 4769 3093 4769 3092 4770 3093 4770 3094 4770 3094 4771 3093 4771 3095 4771 3094 4772 3095 4772 3096 4772 3096 4773 3095 4773 3097 4773 3096 4774 3097 4774 3073 4774 3073 4775 3097 4775 2302 4775 3073 4776 2302 4776 2299 4776 3075 4777 3098 4777 3077 4777 3077 4778 3098 4778 3099 4778 3077 4779 3099 4779 3080 4779 3080 4780 3099 4780 3082 4780 3082 4781 3099 4781 3100 4781 3082 4782 3100 4782 3084 4782 3084 4783 3100 4783 2316 4783 3084 4784 2316 4784 3086 4784 3086 4785 2316 4785 2315 4785 3086 4786 2315 4786 3088 4786 3088 4787 2315 4787 2314 4787 3088 4788 2314 4788 3090 4788 3090 4789 2314 4789 2312 4789 3090 4790 2312 4790 3091 4790 3091 4791 2312 4791 2310 4791 3091 4792 2310 4792 2308 4792 3091 4793 2308 4793 3093 4793 3093 4794 2308 4794 2306 4794 3093 4795 2306 4795 3095 4795 3095 4796 2306 4796 2304 4796 3095 4797 2304 4797 3097 4797 3097 4798 2304 4798 2302 4798 3101 4799 3102 4799 3103 4799 3103 4800 3102 4800 3104 4800 3103 4801 3104 4801 3105 4801 3105 4802 3104 4802 3106 4802 3105 4803 3106 4803 3107 4803 3107 4804 3106 4804 3108 4804 3107 4805 3108 4805 3109 4805 3109 4806 3108 4806 3110 4806 3109 4807 3110 4807 3111 4807 3111 4808 3110 4808 3112 4808 3111 4809 3112 4809 3113 4809 3113 4810 3112 4810 3114 4810 3113 4811 3114 4811 3115 4811 3115 4812 3114 4812 3116 4812 3115 4813 3116 4813 3075 4813 3075 4814 3116 4814 3098 4814 3098 4815 3116 4815 3117 4815 3098 4816 3117 4816 3099 4816 3099 4817 3117 4817 3118 4817 3099 4818 3118 4818 3100 4818 3100 4819 3118 4819 2313 4819 3100 4820 2313 4820 2316 4820 2538 4821 2537 4821 2313 4821 2313 4822 2537 4822 2317 4822 3119 4823 3120 4823 2342 4823 3119 4824 2342 4824 3121 4824 2332 4825 3122 4825 3015 4825 2332 4826 2333 4826 3122 4826 3122 4827 2333 4827 3123 4827 3123 4828 2333 4828 2334 4828 3123 4829 2334 4829 3124 4829 3124 4830 2334 4830 2335 4830 3124 4831 2335 4831 3125 4831 3125 4832 2335 4832 3126 4832 3126 4833 2335 4833 2336 4833 3126 4834 2336 4834 3127 4834 3127 4835 2336 4835 3128 4835 3128 4836 2336 4836 2337 4836 3128 4837 2337 4837 3129 4837 3129 4838 2337 4838 2338 4838 3129 4839 2338 4839 3130 4839 3130 4840 2338 4840 3131 4840 3131 4841 2338 4841 2339 4841 3131 4842 2339 4842 3132 4842 3132 4843 2339 4843 2340 4843 3132 4844 2340 4844 3133 4844 3133 4845 2340 4845 2341 4845 3133 4846 2341 4846 3120 4846 3120 4847 2341 4847 2342 4847 3121 4848 3134 4848 3119 4848 3135 4849 3134 4849 3136 4849 3136 4850 3134 4850 3121 4850 3136 4851 3121 4851 2343 4851 2343 4852 3121 4852 2342 4852 2343 4853 2265 4853 3137 4853 2343 4854 3137 4854 3136 4854 3136 4855 3137 4855 3135 4855 3138 4856 3139 4856 3135 4856 3140 4857 3141 4857 3142 4857 3142 4858 3141 4858 3143 4858 3143 4859 3141 4859 3144 4859 3141 4860 3140 4860 3145 4860 3145 4861 3140 4861 3146 4861 3145 4862 3146 4862 3147 4862 3147 4863 3146 4863 2344 4863 3147 4864 2344 4864 3148 4864 2344 4865 3146 4865 2343 4865 2343 4866 3146 4866 2331 4866 2331 4867 3146 4867 1929 4867 1929 4868 3146 4868 3149 4868 3146 4869 3150 4869 3149 4869 3147 4870 3148 4870 2358 4870 2358 4871 1661 4871 3147 4871 3147 4872 1661 4872 3151 4872 3152 4873 3140 4873 3142 4873 3153 4874 3154 4874 3155 4874 3153 4875 3155 4875 2345 4875 2345 4876 3155 4876 2344 4876 3156 4877 3155 4877 3154 4877 3155 4878 3156 4878 2344 4878 3156 4879 3157 4879 2344 4879 2344 4880 3157 4880 3148 4880 3154 4881 3158 4881 3159 4881 3160 4882 3153 4882 3161 4882 2971 4883 3162 4883 2356 4883 2971 4884 2356 4884 2357 4884 3153 4885 2345 4885 3161 4885 3161 4886 2345 4886 2346 4886 3161 4887 2346 4887 3163 4887 3163 4888 2346 4888 2349 4888 3163 4889 2349 4889 3164 4889 3164 4890 2349 4890 2348 4890 3164 4891 2348 4891 3165 4891 3165 4892 2348 4892 2347 4892 3165 4893 2347 4893 3166 4893 3166 4894 2347 4894 2350 4894 3166 4895 2350 4895 3167 4895 3167 4896 2350 4896 3168 4896 3168 4897 2350 4897 2351 4897 3168 4898 2351 4898 3169 4898 3169 4899 2351 4899 2352 4899 3169 4900 2352 4900 3170 4900 3170 4901 2352 4901 2353 4901 3170 4902 2353 4902 3171 4902 3171 4903 2353 4903 3172 4903 3172 4904 2353 4904 2354 4904 3172 4905 2354 4905 3173 4905 3173 4906 2354 4906 2355 4906 3173 4907 2355 4907 3162 4907 3162 4908 2355 4908 2356 4908 2368 4909 2421 4909 2375 4909 2375 4910 2421 4910 2377 4910 2377 4911 2421 4911 3174 4911 2377 4912 3174 4912 2379 4912 2379 4913 3174 4913 2381 4913 2381 4914 3174 4914 2383 4914 2383 4915 3174 4915 3175 4915 2383 4916 3175 4916 2385 4916 2385 4917 3175 4917 2387 4917 2387 4918 3175 4918 3176 4918 2387 4919 3176 4919 2389 4919 2389 4920 3176 4920 2391 4920 2391 4921 3176 4921 2393 4921 2393 4922 3176 4922 3177 4922 2393 4923 3177 4923 2395 4923 2395 4924 3177 4924 2397 4924 2397 4925 3177 4925 2399 4925 2399 4926 3177 4926 3178 4926 2399 4927 3178 4927 2401 4927 2401 4928 3178 4928 2403 4928 2403 4929 3178 4929 3179 4929 2403 4930 3179 4930 2405 4930 2405 4931 3179 4931 2407 4931 2407 4932 3179 4932 2409 4932 2409 4933 3179 4933 3180 4933 2409 4934 3180 4934 2411 4934 2411 4935 3180 4935 2413 4935 2413 4936 3180 4936 3181 4936 2413 4937 3181 4937 3182 4937 3183 4938 3181 4938 3184 4938 1984 4939 3183 4939 1985 4939 3185 4940 3186 4940 3187 4940 3187 4941 3186 4941 3188 4941 3188 4942 3186 4942 1526 4942 3188 4943 1526 4943 1989 4943 3188 4944 1989 4944 3184 4944 3184 4945 1989 4945 1987 4945 3184 4946 1987 4946 3183 4946 3183 4947 1987 4947 1985 4947 3181 4948 3189 4948 3182 4948 3187 4949 3188 4949 3178 4949 3178 4950 3188 4950 3190 4950 3174 4951 3185 4951 3191 4951 3191 4952 3187 4952 3176 4952 2421 4953 3185 4953 3174 4953 3175 4954 3191 4954 3176 4954 3176 4955 3187 4955 3177 4955 3177 4956 3187 4956 3178 4956 3180 4957 3190 4957 3184 4957 3180 4958 3184 4958 3181 4958 3174 4959 3191 4959 3175 4959 3179 4960 3178 4960 3190 4960 3179 4961 3190 4961 3180 4961 3187 4962 3191 4962 3185 4962 3190 4963 3188 4963 3184 4963 2372 4964 2371 4964 3192 4964 3192 4965 2371 4965 3193 4965 3192 4966 3193 4966 3194 4966 3192 4967 3194 4967 3195 4967 3195 4968 3194 4968 3196 4968 3195 4969 3196 4969 3197 4969 3195 4970 3197 4970 3198 4970 3195 4971 3198 4971 2768 4971 2768 4972 3198 4972 3199 4972 2768 4973 3199 4973 3200 4973 3201 4974 3202 4974 3203 4974 2371 4975 2373 4975 3193 4975 3193 4976 3204 4976 3194 4976 3194 4977 3204 4977 3205 4977 3194 4978 3205 4978 3206 4978 3194 4979 3206 4979 3196 4979 3199 4980 3198 4980 3207 4980 3199 4981 3207 4981 3200 4981 2373 4982 3208 4982 3193 4982 3193 4983 3208 4983 3204 4983 3198 4984 3197 4984 3209 4984 3198 4985 3209 4985 3210 4985 3198 4986 3210 4986 3207 4986 3208 4987 2373 4987 3211 4987 3205 4988 3212 4988 3206 4988 3196 4989 3206 4989 3213 4989 3197 4990 3196 4990 3214 4990 3197 4991 3214 4991 3215 4991 3197 4992 3215 4992 3209 4992 3200 4993 3207 4993 3210 4993 3200 4994 3210 4994 3201 4994 2373 4995 2369 4995 3211 4995 3204 4996 3216 4996 3205 4996 3196 4997 3213 4997 3214 4997 3205 4998 3216 4998 3212 4998 2369 4999 2368 4999 3211 4999 3211 5000 2368 5000 2376 5000 3211 5001 2376 5001 2378 5001 3211 5002 2378 5002 2380 5002 3211 5003 2380 5003 3208 5003 3208 5004 2380 5004 2382 5004 3208 5005 2382 5005 2384 5005 3208 5006 2384 5006 3204 5006 3204 5007 2384 5007 2386 5007 3204 5008 2386 5008 2388 5008 3204 5009 2388 5009 3216 5009 3216 5010 2388 5010 2390 5010 3216 5011 2390 5011 2392 5011 3216 5012 2392 5012 3212 5012 3212 5013 2392 5013 2394 5013 3212 5014 2394 5014 2396 5014 3212 5015 2396 5015 2398 5015 3212 5016 2398 5016 3206 5016 3206 5017 2398 5017 2400 5017 3206 5018 2400 5018 3213 5018 3213 5019 2400 5019 2402 5019 3213 5020 2402 5020 2404 5020 3213 5021 2404 5021 2406 5021 3213 5022 2406 5022 3214 5022 3214 5023 2406 5023 2408 5023 3214 5024 2408 5024 2410 5024 3214 5025 2410 5025 2412 5025 3214 5026 2412 5026 2413 5026 3214 5027 2413 5027 3215 5027 3215 5028 2413 5028 3182 5028 3215 5029 3182 5029 3189 5029 3215 5030 3189 5030 2415 5030 3215 5031 2415 5031 3209 5031 3209 5032 2415 5032 2414 5032 3209 5033 2414 5033 2417 5033 3209 5034 2417 5034 2419 5034 3209 5035 2419 5035 3210 5035 3210 5036 2419 5036 2420 5036 3210 5037 2420 5037 3217 5037 3210 5038 3217 5038 3218 5038 3210 5039 3218 5039 3219 5039 3210 5040 3219 5040 3201 5040 3201 5041 3219 5041 3220 5041 3201 5042 3220 5042 3202 5042 2423 5043 2422 5043 2363 5043 2780 5044 1705 5044 2778 5044 2779 5045 1705 5045 2780 5045 1705 5046 2779 5046 1706 5046 1706 5047 2779 5047 2002 5047 1706 5048 2002 5048 2423 5048 2434 5049 3152 5049 2438 5049 2434 5050 2438 5050 2433 5050 2434 5051 2433 5051 2432 5051 2434 5052 2430 5052 2435 5052 3221 5053 2434 5053 2435 5053 3221 5054 2435 5054 1726 5054 1726 5055 2435 5055 2436 5055 1726 5056 2436 5056 3222 5056 1726 5057 3222 5057 1728 5057 3142 5058 3143 5058 2438 5058 2438 5058 3143 5058 2437 5058 1728 5059 3222 5059 2436 5059 2428 5060 2436 5060 2429 5060 2428 5061 2430 5061 2431 5061 3223 5062 2431 5062 3224 5062 2433 5063 2437 5063 2431 5063 3221 5064 1726 5064 2439 5064 2439 5065 1725 5065 2451 5065 3225 5066 2439 5066 2494 5066 2472 5067 1799 5067 2478 5067 2472 5068 2478 5068 2475 5068 2472 5069 2475 5069 1856 5069 2477 5070 2478 5070 3226 5070 2474 5071 2431 5071 3223 5071 2474 5072 2478 5072 1799 5072 2474 5073 1799 5073 1731 5073 1330 5074 3227 5074 1326 5074 3151 5075 3228 5075 1330 5075 1330 5076 3228 5076 3229 5076 1330 5077 3229 5077 3230 5077 1661 5078 1656 5078 3151 5078 3151 5079 1656 5079 3231 5079 3151 5080 3231 5080 3228 5080 3228 5081 3231 5081 3072 5081 3072 5082 3231 5082 3071 5082 3071 5083 3231 5083 3069 5083 3069 5084 3231 5084 3067 5084 3067 5085 3231 5085 3065 5085 1330 5086 3230 5086 3232 5086 1330 5087 3232 5087 3227 5087 3227 5088 3233 5088 1326 5088 3233 5089 2479 5089 1326 5089 1930 5090 1929 5090 3234 5090 3234 5091 1929 5091 3149 5091 3234 5092 3149 5092 3235 5092 3235 5093 3149 5093 1403 5093 3235 5094 1403 5094 3236 5094 3236 5095 1403 5095 3237 5095 3237 5096 1403 5096 3238 5096 3238 5097 1403 5097 3239 5097 3239 5098 1403 5098 3240 5098 3240 5099 1403 5099 1402 5099 3240 5100 1402 5100 3241 5100 3241 5101 1402 5101 2480 5101 3235 5102 3074 5102 3234 5102 3234 5103 3074 5103 3076 5103 3234 5104 3076 5104 3078 5104 3078 5105 3079 5105 3234 5105 3234 5106 3079 5106 3081 5106 1283 5107 2479 5107 1284 5107 1284 5108 2479 5108 3233 5108 1284 5109 3233 5109 1285 5109 1285 5110 3233 5110 3227 5110 1285 5111 3227 5111 1286 5111 1286 5112 3227 5112 3232 5112 1286 5113 3232 5113 2486 5113 2486 5114 3232 5114 3230 5114 2486 5115 3230 5115 2485 5115 2485 5116 3230 5116 3229 5116 2485 5117 3229 5117 2484 5117 2484 5118 3229 5118 3228 5118 3226 5119 2474 5119 2483 5119 2474 5120 3226 5120 2478 5120 2474 5121 3242 5121 1904 5121 2489 5122 3221 5122 2487 5122 3243 5123 3221 5123 3225 5123 3225 5124 3221 5124 2439 5124 2487 5125 3221 5125 3243 5125 3235 5126 3236 5126 2488 5126 2488 5127 3236 5127 2490 5127 2490 5128 3236 5128 3237 5128 2490 5129 3237 5129 2491 5129 2491 5130 3237 5130 3238 5130 2491 5131 3238 5131 2492 5131 2492 5132 3238 5132 3239 5132 2492 5133 3239 5133 1312 5133 1312 5134 3239 5134 3240 5134 1312 5135 3240 5135 1310 5135 1310 5136 3240 5136 3241 5136 1310 5137 3241 5137 1313 5137 1313 5138 3241 5138 2480 5138 1313 5139 2480 5139 1314 5139 2495 5140 2534 5140 2497 5140 2497 5141 2534 5141 2533 5141 2497 5142 2533 5142 2499 5142 2499 5143 2533 5143 2532 5143 2499 5144 2532 5144 2501 5144 2501 5145 2532 5145 2531 5145 2501 5146 2531 5146 2502 5146 2502 5147 2531 5147 2505 5147 2505 5148 2531 5148 2530 5148 2505 5149 2530 5149 2507 5149 2507 5150 2530 5150 1967 5150 2534 5151 2495 5151 2509 5151 2534 5152 2509 5152 2510 5152 2534 5153 2510 5153 2535 5153 2535 5154 2510 5154 2511 5154 2535 5155 2511 5155 2512 5155 2535 5156 2512 5156 2513 5156 2535 5157 2513 5157 2514 5157 2535 5158 2514 5158 2536 5158 2536 5159 2514 5159 2515 5159 2536 5160 2515 5160 2537 5160 2537 5161 2515 5161 2317 5161 3102 5162 2546 5162 3104 5162 3104 5163 2546 5163 2544 5163 3104 5164 2544 5164 3106 5164 3106 5165 2544 5165 3108 5165 3108 5166 2544 5166 3110 5166 3110 5167 2544 5167 3112 5167 3112 5168 2544 5168 2543 5168 3112 5169 2543 5169 3114 5169 3114 5170 2543 5170 2542 5170 3114 5171 2542 5171 3116 5171 3116 5172 2542 5172 2540 5172 3116 5173 2540 5173 3117 5173 3117 5174 2540 5174 2539 5174 3117 5175 2539 5175 3118 5175 3118 5176 2539 5176 2313 5176 2313 5177 2539 5177 2538 5177 3102 5178 3244 5178 2546 5178 2546 5179 3244 5179 3245 5179 2546 5180 3245 5180 2548 5180 2548 5181 3245 5181 3246 5181 2548 5182 3246 5182 2549 5182 2549 5183 3246 5183 3247 5183 2549 5184 3247 5184 3248 5184 2549 5185 3248 5185 3249 5185 2549 5186 3249 5186 3250 5186 2549 5187 3250 5187 2555 5187 2555 5188 3250 5188 3251 5188 2555 5189 3251 5189 3252 5189 2555 5190 3252 5190 3253 5190 2555 5191 3253 5191 3254 5191 2555 5192 3254 5192 2556 5192 2556 5193 3254 5193 3255 5193 2556 5194 3255 5194 3256 5194 2556 5195 3256 5195 3257 5195 2556 5196 3257 5196 2554 5196 2554 5197 3257 5197 3258 5197 2554 5198 3258 5198 3259 5198 2554 5199 3259 5199 2553 5199 2553 5200 3259 5200 3260 5200 2553 5201 3260 5201 3261 5201 2553 5202 3261 5202 3262 5202 2553 5203 3262 5203 3263 5203 2553 5204 3263 5204 2557 5204 2557 5205 3263 5205 3264 5205 2557 5206 3264 5206 3265 5206 2557 5207 3265 5207 3266 5207 2557 5208 3266 5208 2562 5208 2562 5209 3266 5209 2565 5209 2565 5210 3266 5210 3267 5210 2565 5211 3267 5211 3268 5211 2565 5212 3268 5212 3269 5212 2565 5213 3269 5213 3270 5213 2565 5214 3270 5214 2570 5214 2570 5215 3270 5215 3271 5215 2570 5216 3271 5216 3272 5216 2570 5217 3272 5217 3273 5217 2570 5218 3273 5218 3274 5218 2570 5219 3274 5219 3275 5219 2570 5220 3275 5220 2575 5220 2575 5221 3275 5221 3276 5221 2575 5222 3276 5222 3277 5222 2575 5223 3277 5223 2578 5223 2578 5224 3277 5224 3278 5224 2578 5225 3278 5225 3279 5225 2578 5226 3279 5226 3280 5226 2578 5227 3280 5227 3281 5227 2578 5228 3281 5228 3282 5228 2578 5229 3282 5229 2579 5229 2579 5230 3282 5230 3283 5230 2579 5231 3283 5231 3284 5231 2579 5232 3284 5232 2580 5232 2580 5233 3284 5233 3285 5233 2580 5234 3285 5234 3286 5234 2580 5235 3286 5235 3287 5235 2580 5236 3287 5236 2581 5236 2581 5237 3287 5237 3288 5237 2581 5238 3288 5238 3289 5238 2581 5239 3289 5239 2585 5239 2585 5240 3289 5240 3290 5240 2585 5241 3290 5241 3291 5241 2585 5242 3291 5242 3292 5242 2585 5243 3292 5243 2588 5243 2588 5244 3292 5244 3293 5244 2588 5245 3293 5245 3294 5245 2588 5246 3294 5246 3295 5246 2588 5247 3295 5247 2589 5247 2589 5248 3295 5248 3296 5248 2589 5249 3296 5249 3297 5249 2589 5250 3297 5250 3298 5250 2589 5251 3298 5251 2587 5251 2587 5252 3298 5252 3299 5252 2587 5253 3299 5253 2590 5253 2590 5254 3299 5254 3300 5254 2590 5255 3300 5255 3301 5255 2590 5256 3301 5256 2596 5256 2596 5257 3301 5257 3302 5257 2596 5258 3302 5258 3303 5258 2596 5259 3303 5259 3304 5259 2596 5260 3304 5260 2602 5260 2602 5261 3304 5261 3305 5261 2602 5262 3305 5262 2547 5262 2547 5263 3305 5263 3306 5263 2547 5264 3306 5264 2545 5264 2545 5265 3306 5265 3307 5265 2545 5266 3307 5266 3308 5266 2545 5267 3308 5267 3309 5267 2545 5268 3309 5268 2541 5268 2541 5269 3309 5269 3310 5269 2482 5270 2481 5270 2494 5270 2494 5271 2481 5271 3310 5271 3310 5272 2481 5272 2541 5272 3311 5273 2551 5273 2550 5273 3311 5274 2550 5274 3312 5274 3312 5275 2550 5275 2558 5275 3312 5276 2558 5276 3313 5276 3313 5277 2558 5277 2559 5277 3313 5278 2559 5278 3314 5278 3314 5279 2559 5279 2560 5279 3314 5280 2560 5280 3315 5280 3315 5281 2560 5281 2561 5281 3315 5282 2561 5282 3316 5282 3316 5283 2561 5283 2563 5283 3316 5284 2563 5284 3317 5284 3317 5285 2563 5285 2564 5285 3317 5286 2564 5286 3318 5286 3318 5287 2564 5287 2566 5287 3318 5288 2566 5288 3319 5288 3319 5289 2566 5289 2567 5289 3319 5290 2567 5290 3320 5290 3320 5291 2567 5291 2568 5291 3320 4471 2568 4471 3321 4471 3321 4472 2568 4472 2569 4472 3321 5292 2569 5292 3322 5292 3322 5293 2569 5293 2571 5293 3322 4475 2571 4475 3323 4475 3323 5294 2571 5294 2572 5294 3323 5295 2572 5295 3324 5295 3324 5296 2572 5296 2573 5296 3324 4479 2573 4479 3325 4479 3325 5297 2573 5297 2574 5297 3325 4481 2574 4481 3326 4481 3326 5298 2574 5298 2576 5298 3326 5299 2576 5299 3327 5299 3327 4484 2576 4484 2577 4484 3327 5300 2577 5300 3328 5300 3328 5301 2577 5301 2637 5301 3328 4488 2637 4488 3329 4488 3329 4487 2637 4487 2636 4487 3329 4489 2636 4489 3330 4489 3330 5302 2636 5302 2635 5302 3330 5303 2635 5303 3331 5303 3331 5304 2635 5304 2634 5304 3331 5305 2634 5305 3332 5305 3332 5306 2634 5306 2633 5306 3332 5307 2633 5307 3333 5307 3333 5308 2633 5308 2632 5308 3333 5309 2632 5309 3334 5309 3334 5310 2632 5310 2631 5310 3334 5311 2631 5311 3335 5311 3335 5312 2631 5312 2630 5312 3335 5313 2630 5313 3336 5313 3336 5314 2630 5314 2629 5314 3336 5315 2629 5315 3337 5315 3337 5316 2629 5316 2628 5316 3337 5317 2628 5317 3338 5317 3338 5318 2628 5318 2627 5318 3338 5319 2627 5319 3339 5319 3339 5320 2627 5320 2626 5320 3339 5321 2626 5321 3340 5321 3340 5322 2626 5322 2625 5322 3340 5323 2625 5323 3341 5323 3341 5324 2625 5324 2624 5324 3341 5325 2624 5325 3342 5325 3342 5326 2624 5326 2584 5326 3342 5327 2584 5327 3343 5327 3343 5328 2584 5328 2583 5328 3343 5329 2583 5329 3344 5329 3344 5330 2583 5330 2582 5330 3344 5331 2582 5331 3345 5331 3345 5332 2582 5332 2586 5332 3345 5333 2586 5333 3346 5333 3346 5334 2586 5334 2592 5334 3346 5335 2592 5335 3347 5335 3347 5336 2592 5336 2591 5336 3347 5337 2591 5337 3348 5337 3348 4524 2591 4524 2593 4524 3348 5338 2593 5338 3349 5338 3349 5339 2593 5339 2594 5339 3349 5340 2594 5340 3350 5340 3350 5341 2594 5341 2595 5341 3350 5342 2595 5342 3351 5342 3351 5343 2595 5343 2597 5343 3351 5344 2597 5344 3352 5344 3352 5345 2597 5345 2598 5345 3352 5346 2598 5346 3353 5346 3353 5347 2598 5347 2599 5347 3353 5348 2599 5348 3354 5348 3354 5349 2599 5349 2600 5349 3354 5350 2600 5350 3355 5350 3355 5351 2600 5351 2601 5351 3355 5352 2601 5352 3356 5352 3356 5353 2601 5353 2603 5353 3356 5354 2603 5354 3357 5354 3357 5355 2603 5355 2604 5355 3357 5356 2604 5356 3358 5356 3358 4545 2604 4545 2605 4545 3358 5357 2605 5357 3359 5357 3359 4547 2605 4547 2606 4547 3359 5358 2606 5358 3360 5358 3360 4549 2606 4549 2607 4549 3360 5359 2607 5359 3361 5359 3361 4551 2607 4551 2608 4551 3361 5360 2608 5360 3362 5360 3362 4553 2608 4553 2609 4553 3362 5361 2609 5361 3363 5361 3363 5362 2609 5362 2610 5362 3363 4556 2610 4556 3364 4556 3364 5363 2610 5363 2611 5363 3364 5364 2611 5364 3365 5364 3365 5365 2611 5365 2612 5365 3365 5366 2612 5366 3366 5366 3366 5367 2612 5367 2613 5367 3366 5368 2613 5368 3367 5368 3367 5369 2613 5369 2614 5369 3367 5370 2614 5370 3368 5370 3368 5371 2614 5371 2615 5371 3368 5372 2615 5372 3369 5372 3369 5373 2615 5373 2616 5373 3369 5374 2616 5374 3370 5374 3370 5375 2616 5375 2617 5375 3370 5376 2617 5376 3371 5376 3371 5377 2617 5377 2618 5377 3371 4570 2618 4570 3372 4570 3372 5378 2618 5378 2619 5378 3372 5379 2619 5379 3373 5379 3373 5380 2619 5380 2620 5380 3373 4574 2620 4574 3374 4574 3374 5381 2620 5381 2621 5381 3374 5382 2621 5382 3375 5382 3375 4577 2621 4577 2622 4577 3375 5383 2622 5383 3376 5383 3376 5384 2622 5384 2623 5384 3376 5385 2623 5385 3377 5385 3377 5386 2623 5386 2552 5386 3377 5387 2552 5387 3311 5387 3311 5388 2552 5388 2551 5388 1974 5389 2781 5389 2017 5389 1974 5390 2017 5390 2713 5390 2713 5391 2017 5391 2018 5391 2781 5392 1974 5392 2652 5392 2652 5393 1974 5393 2650 5393 2641 5394 2653 5394 2652 5394 2712 5395 2711 5395 3378 5395 3378 5396 2711 5396 3379 5396 3379 5397 2711 5397 2709 5397 3379 5398 2709 5398 2707 5398 3379 5399 2707 5399 3380 5399 3380 5400 2707 5400 2705 5400 3380 5401 2705 5401 3381 5401 3381 5402 2705 5402 2703 5402 3381 5403 2703 5403 2701 5403 3381 5404 2701 5404 3382 5404 3382 5405 2701 5405 2699 5405 3382 5406 2699 5406 2697 5406 3382 5407 2697 5407 3383 5407 3383 5408 2697 5408 2696 5408 3383 5409 2696 5409 2695 5409 3383 5410 2695 5410 3384 5410 3384 5411 2695 5411 2693 5411 3384 5412 2693 5412 2691 5412 3384 5413 2691 5413 3385 5413 3385 5414 2691 5414 2689 5414 3385 5415 2689 5415 2687 5415 3385 5416 2687 5416 2685 5416 3385 5417 2685 5417 3386 5417 3386 5418 2685 5418 2683 5418 3386 5419 2683 5419 2681 5419 3386 5420 2681 5420 3387 5420 3387 5421 2681 5421 2679 5421 3387 5422 2679 5422 2677 5422 3387 5423 2677 5423 2675 5423 3387 5424 2675 5424 3388 5424 3388 5425 2675 5425 2673 5425 3388 5426 2673 5426 3389 5426 3389 5427 2673 5427 2671 5427 3389 5428 2671 5428 2669 5428 3389 5429 2669 5429 2667 5429 3389 5430 2667 5430 3390 5430 3390 5431 2667 5431 2665 5431 3390 5432 2665 5432 2663 5432 3390 5433 2663 5433 2661 5433 3390 5434 2661 5434 3391 5434 3391 5435 2661 5435 2659 5435 3391 5436 2659 5436 2657 5436 3391 5437 2657 5437 2655 5437 3391 5438 2655 5438 2639 5438 3391 5439 2639 5439 2638 5439 3391 5440 2638 5440 2645 5440 3391 5441 2645 5441 2644 5441 3392 5442 2644 5442 2646 5442 2644 5443 3392 5443 3393 5443 3393 5444 3394 5444 3388 5444 3388 5445 3394 5445 3387 5445 3393 5446 3392 5446 3394 5446 3387 5447 3394 5447 3395 5447 3387 5448 3395 5448 3386 5448 3392 5449 3396 5449 3394 5449 3394 5450 3396 5450 3395 5450 3386 5451 3395 5451 3385 5451 3396 5452 3397 5452 3395 5452 3395 5453 3397 5453 3385 5453 3385 5454 3397 5454 3384 5454 3392 5455 3398 5455 3396 5455 3384 5456 3397 5456 3399 5456 3384 5457 3399 5457 3383 5457 3396 5458 3398 5458 3397 5458 3383 5459 3399 5459 3400 5459 3383 5460 3400 5460 3382 5460 3397 5461 3398 5461 3399 5461 3382 5462 3400 5462 3381 5462 3400 5463 3380 5463 3381 5463 3399 5464 3401 5464 3400 5464 3400 5465 3401 5465 3380 5465 3399 5466 3398 5466 3401 5466 3380 5467 3401 5467 3402 5467 3380 5468 3402 5468 3379 5468 3398 5469 3403 5469 3401 5469 3401 5470 3403 5470 3402 5470 3393 5471 3388 5471 3390 5471 3388 5472 3389 5472 3390 5472 3390 5473 2644 5473 3393 5473 3391 5474 2644 5474 3390 5474 3404 5475 2041 5475 3405 5475 3404 5476 3405 5476 3406 5476 3406 5477 3405 5477 3407 5477 3406 5478 2694 5478 2696 5478 3406 5479 3407 5479 3408 5479 3406 5480 3408 5480 2694 5480 2694 5481 3408 5481 2692 5481 2692 5482 3408 5482 2690 5482 2690 5483 3408 5483 3409 5483 2690 5484 3409 5484 2688 5484 2688 5485 3409 5485 2686 5485 2686 5486 3409 5486 2684 5486 2684 5487 3409 5487 3410 5487 2684 5488 3410 5488 2682 5488 2682 5489 3410 5489 2680 5489 2680 5490 3410 5490 2678 5490 2678 5491 3410 5491 2676 5491 2676 5492 3410 5492 3411 5492 2676 5493 3411 5493 2674 5493 2674 5494 3411 5494 2672 5494 2672 5495 3411 5495 3412 5495 2672 5496 3412 5496 2670 5496 2670 5497 3412 5497 2668 5497 2668 5498 3412 5498 3413 5498 2668 5499 3413 5499 2666 5499 2666 5500 3413 5500 2664 5500 2664 5501 3413 5501 2662 5501 2662 5502 3413 5502 2660 5502 2660 5503 3413 5503 3414 5503 2660 5504 3414 5504 2658 5504 2658 5505 3414 5505 2656 5505 2656 5506 3414 5506 2654 5506 2654 5507 3414 5507 2653 5507 2654 5508 2653 5508 2639 5508 2041 5509 2040 5509 3405 5509 3405 5510 3415 5510 3416 5510 3410 5511 3416 5511 3417 5511 3405 5512 2040 5512 3415 5512 3416 5513 3415 5513 3417 5513 3410 5514 3417 5514 3411 5514 3411 5515 3418 5515 3412 5515 2040 5516 2039 5516 3415 5516 3417 5517 3418 5517 3411 5517 3415 5518 3419 5518 3417 5518 3417 5519 3419 5519 3418 5519 2039 5520 2044 5520 3415 5520 3415 5521 2044 5521 3419 5521 3418 5522 3420 5522 3412 5522 3412 5523 3420 5523 3413 5523 3419 5524 3420 5524 3418 5524 3413 5525 3420 5525 3421 5525 3419 5526 3422 5526 3420 5526 3413 5527 3421 5527 3414 5527 3420 5528 3422 5528 3421 5528 3421 5529 3423 5529 3414 5529 3405 5530 3416 5530 3407 5530 3407 5531 3409 5531 3408 5531 3416 5532 3409 5532 3407 5532 3416 5533 3410 5533 3409 5533 2756 5534 1979 5534 2755 5534 2756 5535 2755 5535 2753 5535 2756 5536 2753 5536 2751 5536 2756 5537 2751 5537 3424 5537 3424 5538 2751 5538 2749 5538 3424 5539 2749 5539 2747 5539 3424 5540 2747 5540 2745 5540 3424 5541 2745 5541 2743 5541 3424 5542 2743 5542 2741 5542 3424 5543 2741 5543 2739 5543 3424 5544 2739 5544 3425 5544 3425 5545 2739 5545 2737 5545 3425 5546 2737 5546 2735 5546 3425 5547 2735 5547 2733 5547 3425 5548 2733 5548 3426 5548 3426 5549 2733 5549 2731 5549 3426 5550 2731 5550 2729 5550 3426 5551 2729 5551 2727 5551 3426 5552 2727 5552 2725 5552 3426 5553 2725 5553 2723 5553 3426 5554 2723 5554 3427 5554 3427 5555 2723 5555 2721 5555 3427 5556 2721 5556 2719 5556 3427 5557 2719 5557 2718 5557 3427 5558 2718 5558 3428 5558 2757 5559 2756 5559 3429 5559 3426 5560 3427 5560 3425 5560 3427 5561 2012 5561 3425 5561 3425 5562 2012 5562 3424 5562 3424 5563 2012 5563 3429 5563 3424 5564 3429 5564 2756 5564 1978 5565 2716 5565 2754 5565 2754 5566 2716 5566 2715 5566 2754 5567 2715 5567 2752 5567 2752 5568 2715 5568 2750 5568 2750 5569 2715 5569 2748 5569 2748 5570 2715 5570 3430 5570 2748 5571 3430 5571 2746 5571 2746 5572 3430 5572 2744 5572 2744 5573 3430 5573 2742 5573 2742 5574 3430 5574 2740 5574 2740 5575 3430 5575 3431 5575 2740 5576 3431 5576 2738 5576 2738 5577 3431 5577 2736 5577 2736 5578 3431 5578 2734 5578 2734 5579 3431 5579 2732 5579 2732 5580 3431 5580 2730 5580 2730 5581 3431 5581 3432 5581 2730 5582 3432 5582 2728 5582 2728 5583 3432 5583 2726 5583 2726 5584 3432 5584 2724 5584 2724 5585 3432 5585 3433 5585 2724 5586 3433 5586 2722 5586 2722 5587 3433 5587 2720 5587 2720 5588 3433 5588 2717 5588 2717 5589 3433 5589 2718 5589 2718 5590 3433 5590 3434 5590 2718 5591 3434 5591 3428 5591 3434 5592 3433 5592 3435 5592 3431 5593 3436 5593 3432 5593 3432 5594 3436 5594 3433 5594 2715 5595 2714 5595 3430 5595 3430 5596 2714 5596 3436 5596 3430 5597 3436 5597 3431 5597 3436 5598 2009 5598 3433 5598 1524 5599 2716 5599 1522 5599 2716 5600 1524 5600 1527 5600 1524 5601 1525 5601 1527 5601 3186 5602 1527 5602 1526 5602 3437 5603 1527 5603 3186 5603 1984 5604 3438 5604 3439 5604 1984 5605 3439 5605 3183 5605 3438 5606 1984 5606 1983 5606 1980 5607 3440 5607 1981 5607 3441 5608 3442 5608 3440 5608 3442 5609 3438 5609 3440 5609 3440 5610 3438 5610 1981 5610 1983 5611 1981 5611 3438 5611 2774 5612 1990 5612 2758 5612 2774 5613 2758 5613 2772 5613 2772 5614 2758 5614 3443 5614 2772 5615 3443 5615 2771 5615 2759 5616 2768 5616 3444 5616 2759 5617 3444 5617 2758 5617 2758 5618 3444 5618 3443 5618 2372 5619 3192 5619 2763 5619 2763 855 3192 855 3195 855 2763 5620 3195 5620 2765 5620 2765 855 3195 855 2767 855 2767 855 3195 855 2768 855 2769 5621 2771 5621 3445 5621 3446 5622 2769 5622 3445 5622 2010 1400 3447 1400 2006 1400 2006 5623 3447 5623 3448 5623 3421 5624 2015 5624 3423 5624 2652 5625 1573 5625 2781 5625 3392 5626 2646 5626 2799 5626 3392 5627 2799 5627 2798 5627 3392 5628 2798 5628 3398 5628 3398 967 2798 967 2797 967 3398 5629 2797 5629 3403 5629 3449 5630 2789 5630 2023 5630 3449 5631 2023 5631 2800 5631 2800 5632 2023 5632 2022 5632 2797 5633 2789 5633 3403 5633 3403 5634 2789 5634 3450 5634 2800 5635 2802 5635 3449 5635 2789 5636 3449 5636 3450 5636 2802 5637 2801 5637 3449 5637 2801 5638 2804 5638 3449 5638 3449 5639 2804 5639 3451 5639 3449 5640 3451 5640 3450 5640 2804 5641 2805 5641 3452 5641 2804 5642 3452 5642 3453 5642 3454 5643 2043 5643 3455 5643 3455 5644 2043 5644 2042 5644 3455 5645 3456 5645 3454 5645 3456 5646 3455 5646 3457 5646 3455 5647 2042 5647 2041 5647 3455 5648 2041 5648 3404 5648 3455 5649 3404 5649 3457 5649 1132 5650 1134 5650 1636 5650 1636 5651 1134 5651 2096 5651 2096 5652 1134 5652 2476 5652 2476 5653 1134 5653 1722 5653 2476 5654 1722 5654 2475 5654 1134 5655 1721 5655 1722 5655 2476 5656 2477 5656 2096 5656 2477 5657 3226 5657 2807 5657 2807 5058 3226 5058 3458 5058 3458 5658 3226 5658 2483 5658 3459 5659 2816 5659 2815 5659 3459 5660 2815 5660 3460 5660 3460 5661 2815 5661 2814 5661 3460 5662 2814 5662 3461 5662 3461 5663 2814 5663 2813 5663 3461 5664 2813 5664 3462 5664 3462 5665 2813 5665 2812 5665 3462 5666 2812 5666 3463 5666 3463 5667 2812 5667 2811 5667 3463 5668 2811 5668 3464 5668 3464 5669 2811 5669 2810 5669 3464 5670 2810 5670 3465 5670 3465 5670 2810 5670 2809 5670 3465 5671 2809 5671 3466 5671 3466 5672 2809 5672 2808 5672 3466 5673 2808 5673 3458 5673 3458 5674 2808 5674 2807 5674 3049 5675 2874 5675 3467 5675 3467 5676 2874 5676 2873 5676 3467 5677 2873 5677 3468 5677 3468 5678 2873 5678 2872 5678 3468 5679 2872 5679 3469 5679 3469 5680 2872 5680 3470 5680 3470 5681 2872 5681 2871 5681 3470 5682 2871 5682 3471 5682 3471 5683 2871 5683 2870 5683 3471 5684 2870 5684 3472 5684 3472 5685 2870 5685 2869 5685 3472 5686 2869 5686 3473 5686 3473 5687 2869 5687 3474 5687 3474 5688 2869 5688 2868 5688 3474 5689 2868 5689 3475 5689 3475 5690 2868 5690 2867 5690 3475 5691 2867 5691 3476 5691 3476 5692 2867 5692 3477 5692 3477 5693 2867 5693 2866 5693 3477 5694 2866 5694 3478 5694 3478 5695 2866 5695 2865 5695 3478 5696 2865 5696 3479 5696 3479 5697 2865 5697 3480 5697 3480 5698 2865 5698 2864 5698 3480 5699 2864 5699 3481 5699 3481 5700 2864 5700 2863 5700 3481 5701 2863 5701 3482 5701 3482 5702 2863 5702 2862 5702 3482 5703 2862 5703 3483 5703 3483 5704 2862 5704 3484 5704 3484 5705 2862 5705 2861 5705 3484 5706 2861 5706 3485 5706 3485 5707 2861 5707 2860 5707 3485 5708 2860 5708 3486 5708 3486 5709 2860 5709 3487 5709 3487 5710 2860 5710 2859 5710 3487 5711 2859 5711 3488 5711 3488 5712 2859 5712 2858 5712 3488 5713 2858 5713 3489 5713 3489 5714 2858 5714 3490 5714 3490 5715 2858 5715 2857 5715 3490 5716 2857 5716 3491 5716 3491 5717 2857 5717 2856 5717 3491 5718 2856 5718 3492 5718 3492 5719 2856 5719 2855 5719 3492 5720 2855 5720 3493 5720 3493 5721 2855 5721 3494 5721 3494 5722 2855 5722 2854 5722 3494 5723 2854 5723 3495 5723 3495 5724 2854 5724 2853 5724 3495 5725 2853 5725 3496 5725 3496 5726 2853 5726 2852 5726 3496 5727 2852 5727 3497 5727 3497 5728 2852 5728 2851 5728 3497 5729 2851 5729 3498 5729 3498 5730 2851 5730 2850 5730 3498 5731 2850 5731 3499 5731 3499 5732 2850 5732 2849 5732 3499 5733 2849 5733 3500 5733 3500 5734 2849 5734 2848 5734 3500 5735 2848 5735 3501 5735 3501 5736 2848 5736 2847 5736 3501 5737 2847 5737 3502 5737 3502 5738 2847 5738 2846 5738 3502 5739 2846 5739 3503 5739 3503 5740 2846 5740 2845 5740 3503 5741 2845 5741 3504 5741 3504 5742 2845 5742 2844 5742 3504 5743 2844 5743 3505 5743 3505 5744 2844 5744 2843 5744 3505 5745 2843 5745 3506 5745 3506 5746 2843 5746 2842 5746 3506 5747 2842 5747 3507 5747 3507 5748 2842 5748 2841 5748 3507 5749 2841 5749 3508 5749 3508 5750 2841 5750 2840 5750 3508 5751 2840 5751 3509 5751 3509 5752 2840 5752 2839 5752 3509 5753 2839 5753 3510 5753 3510 5754 2839 5754 2838 5754 3510 5755 2838 5755 3511 5755 3511 5756 2838 5756 2837 5756 3511 5757 2837 5757 3512 5757 3512 5758 2837 5758 2836 5758 3512 5759 2836 5759 3513 5759 3513 5760 2836 5760 2835 5760 3513 5761 2835 5761 3514 5761 3514 5762 2835 5762 2834 5762 3514 5763 2834 5763 3515 5763 3515 5764 2834 5764 2833 5764 3515 5765 2833 5765 3516 5765 3516 5766 2833 5766 2832 5766 3516 5767 2832 5767 3517 5767 3517 5768 2832 5768 2831 5768 3517 5769 2831 5769 3518 5769 3518 5770 2831 5770 2830 5770 3518 5771 2830 5771 3519 5771 3519 5772 2830 5772 3520 5772 3520 5773 2830 5773 2829 5773 3520 5774 2829 5774 3521 5774 3521 5775 2829 5775 2828 5775 3521 5776 2828 5776 3522 5776 3522 5777 2828 5777 2827 5777 3522 5778 2827 5778 3523 5778 3523 5779 2827 5779 2826 5779 3523 5780 2826 5780 3524 5780 3524 5781 2826 5781 2825 5781 3524 5782 2825 5782 3525 5782 3525 5783 2825 5783 2824 5783 3525 5784 2824 5784 3526 5784 3526 5785 2824 5785 2823 5785 3526 5786 2823 5786 3527 5786 3527 5787 2823 5787 2822 5787 3527 5788 2822 5788 3528 5788 3528 5789 2822 5789 2821 5789 3528 5790 2821 5790 3529 5790 3529 5791 2821 5791 2820 5791 3529 5792 2820 5792 3530 5792 3530 5793 2820 5793 2819 5793 3530 5794 2819 5794 3531 5794 3531 5795 2819 5795 2818 5795 3531 5796 2818 5796 3532 5796 3532 5797 2818 5797 2817 5797 3532 5798 2817 5798 3533 5798 3533 5799 2817 5799 2816 5799 3533 5800 2816 5800 3459 5800 3459 5801 2928 5801 2927 5801 3459 967 2927 967 3533 967 3533 5802 2927 5802 2926 5802 3460 967 2929 967 3459 967 3459 5803 2929 5803 2928 5803 3461 967 2931 967 3460 967 3460 5804 2931 5804 2930 5804 3462 967 3467 967 3461 967 3461 967 3467 967 2936 967 3461 5805 2936 5805 2935 5805 3467 5806 3462 5806 3049 5806 3049 5807 3462 5807 3463 5807 3049 5808 3463 5808 3048 5808 3048 5809 3463 5809 3047 5809 3047 5810 3463 5810 3464 5810 3047 967 3464 967 3046 967 3046 967 3464 967 3465 967 3046 967 3465 967 3045 967 3045 967 3465 967 3044 967 3044 5811 3465 5811 3466 5811 3044 967 3466 967 3043 967 3043 5812 3466 5812 3458 5812 3043 5813 3458 5813 3072 5813 3043 967 3072 967 3042 967 3042 967 3072 967 3041 967 3458 967 2483 967 3072 967 3072 5814 2483 5814 3228 5814 3228 5815 2483 5815 2484 5815 3468 967 2938 967 3467 967 3467 5816 2938 5816 2937 5816 3467 5817 2937 5817 2936 5817 3469 5818 2941 5818 3468 5818 3468 5819 2941 5819 2940 5819 3470 967 2944 967 3469 967 3469 5820 2944 5820 2943 5820 3471 5821 3489 5821 3470 5821 3470 5822 3489 5822 3490 5822 3470 5823 3490 5823 3491 5823 3489 967 3471 967 3488 967 3488 967 3471 967 3472 967 3488 967 3472 967 3487 967 3487 5824 3472 5824 3473 5824 3487 967 3473 967 3486 967 3486 5825 3473 5825 3474 5825 3486 967 3474 967 3485 967 3485 5826 3474 5826 3475 5826 3485 967 3475 967 3484 967 3484 5827 3475 5827 3476 5827 3484 967 3476 967 3483 967 3483 5828 3476 5828 3477 5828 3483 5829 3477 5829 3482 5829 3482 5830 3477 5830 3478 5830 3482 967 3478 967 3481 967 3481 5831 3478 5831 3479 5831 3481 5832 3479 5832 3480 5832 3470 967 3491 967 2886 967 3470 967 2886 967 2885 967 3491 967 3492 967 2886 967 2886 5833 3492 5833 2887 5833 2887 5834 3492 5834 3493 5834 2887 967 3493 967 2888 967 2888 5835 3493 5835 3494 5835 2888 5836 3494 5836 2889 5836 2889 5837 3494 5837 3495 5837 2889 5838 3495 5838 2890 5838 2890 5839 3495 5839 2891 5839 2891 5840 3495 5840 3496 5840 2891 967 3496 967 3497 967 2891 967 3497 967 2892 967 2892 967 3497 967 2893 967 2893 5841 3497 5841 3498 5841 2893 967 3498 967 2894 967 2894 5842 3498 5842 3499 5842 2894 967 3499 967 2895 967 2895 967 3499 967 2896 967 2896 967 3499 967 3500 967 2896 967 3500 967 2897 967 2897 5843 3500 5843 3501 5843 2897 5844 3501 5844 3502 5844 2897 967 3502 967 2898 967 2898 967 3502 967 2899 967 2899 5845 3502 5845 3503 5845 2899 967 3503 967 2900 967 2900 5846 3503 5846 3504 5846 2900 967 3504 967 2901 967 2901 5847 3504 5847 3505 5847 2901 967 3505 967 2902 967 2902 967 3505 967 3506 967 2902 967 3506 967 3507 967 2902 967 3507 967 3508 967 2902 967 3508 967 3509 967 3509 5848 3510 5848 2902 5848 2902 5849 3510 5849 3511 5849 3511 967 3512 967 2902 967 2902 5850 3512 5850 3513 5850 3513 967 3514 967 2902 967 2902 5851 3514 5851 3515 5851 2902 5852 3515 5852 3516 5852 2902 5853 3516 5853 3517 5853 2902 5854 3517 5854 3518 5854 3518 967 3519 967 2902 967 2902 967 3519 967 2903 967 2903 967 3519 967 2904 967 2904 967 3519 967 2905 967 2905 967 3519 967 2906 967 2906 5855 3519 5855 3520 5855 2906 5856 3520 5856 2907 5856 2907 967 3520 967 2908 967 2908 5857 3520 5857 3521 5857 2908 967 3521 967 2909 967 2909 5858 3521 5858 3522 5858 2909 967 3522 967 2910 967 2910 5859 3522 5859 3523 5859 2910 5860 3523 5860 2911 5860 2911 967 3523 967 2912 967 2912 5861 3523 5861 3524 5861 2912 967 3524 967 2913 967 2913 5862 3524 5862 3525 5862 2913 5863 3525 5863 2914 5863 2914 5864 3525 5864 3526 5864 2914 967 3526 967 2915 967 2915 5865 3526 5865 2916 5865 2916 5866 3526 5866 3527 5866 2916 5867 3527 5867 2917 5867 2917 5868 3527 5868 3528 5868 2917 967 3528 967 2918 967 2918 5869 3528 5869 2919 5869 2919 5870 3528 5870 3529 5870 2919 967 3529 967 2920 967 2920 5871 3529 5871 3530 5871 2920 967 3530 967 2921 967 2921 967 3530 967 2922 967 2922 5872 3530 5872 3531 5872 2922 5873 3531 5873 2923 5873 2923 967 3531 967 3532 967 2923 967 3532 967 2924 967 2924 967 3532 967 2925 967 2925 5874 3532 5874 3533 5874 2925 967 3533 967 2926 967 3470 5875 2885 5875 2951 5875 3470 5876 2951 5876 2950 5876 2950 967 2949 967 3470 967 3470 5877 2949 5877 2948 5877 2948 967 2947 967 3470 967 3470 5878 2947 5878 2946 5878 3470 5879 2946 5879 2945 5879 3470 5880 2945 5880 2944 5880 2943 5881 2942 5881 3469 5881 3469 5882 2942 5882 2941 5882 2940 967 2939 967 3468 967 3468 5883 2939 5883 2938 5883 2935 967 2934 967 3461 967 3461 5884 2934 5884 2933 5884 3461 5885 2933 5885 2932 5885 2932 967 2931 967 3461 967 2930 5886 2929 5886 3460 5886 3534 5887 2990 5887 3535 5887 3535 5888 2990 5888 2989 5888 2990 5889 3534 5889 2991 5889 2991 5890 3534 5890 2992 5890 2992 5891 3534 5891 3536 5891 2992 5892 3536 5892 2957 5892 2957 5893 3536 5893 3537 5893 2957 5894 3537 5894 3538 5894 3538 5895 3537 5895 3539 5895 3538 5896 2963 5896 2957 5896 2989 5897 2988 5897 3535 5897 2988 5898 2982 5898 3535 5898 2958 5899 2963 5899 3540 5899 3540 5900 2963 5900 3541 5900 3541 5901 2963 5901 3542 5901 3542 5902 2963 5902 3538 5902 2959 5903 2958 5903 3543 5903 3543 5904 2958 5904 3540 5904 2959 5905 3543 5905 2962 5905 2962 5906 3543 5906 3544 5906 2962 5907 3544 5907 3545 5907 2962 5908 3545 5908 3546 5908 2961 5909 2962 5909 3547 5909 3547 5910 2962 5910 3546 5910 3547 5911 3546 5911 3548 5911 3548 5912 3546 5912 3549 5912 3550 5913 3547 5913 3548 5913 2960 5914 2961 5914 3551 5914 3551 5915 2961 5915 3552 5915 3552 5916 2961 5916 3553 5916 3553 5917 2961 5917 3547 5917 3554 5918 3555 5918 3556 5918 3556 5919 3555 5919 3557 5919 3556 5920 3557 5920 3551 5920 3551 5921 3557 5921 2960 5921 2960 5922 3557 5922 2955 5922 3555 5923 3554 5923 3558 5923 3555 5924 3558 5924 3559 5924 3555 5925 3560 5925 3557 5925 3557 5926 3560 5926 3561 5926 3551 3372 3562 3372 3556 3372 2955 5927 3557 5927 2964 5927 2964 5928 3557 5928 3563 5928 2964 5929 3563 5929 3564 5929 2964 5930 3564 5930 3565 5930 2966 5931 2964 5931 3566 5931 3566 5932 2964 5932 3565 5932 3566 5933 3565 5933 3567 5933 3567 5934 3565 5934 3568 5934 3568 5935 3565 5935 3569 5935 3567 5936 3570 5936 3566 5936 3566 5937 3571 5937 2966 5937 2966 5938 3571 5938 3572 5938 3572 5939 3573 5939 2966 5939 2966 5940 3573 5940 2953 5940 2953 5941 3573 5941 3574 5941 3574 5942 3573 5942 3575 5942 3575 5943 3576 5943 3574 5943 2952 5944 3577 5944 2970 5944 2970 5945 3577 5945 3578 5945 2952 5946 3579 5946 3577 5946 3577 5947 3579 5947 3580 5947 3577 5948 3580 5948 3581 5948 3582 5949 3578 5949 3577 5949 3578 5950 2971 5950 2970 5950 3583 5951 2968 5951 3584 5951 3584 5952 2968 5952 2976 5952 3584 5953 2976 5953 3585 5953 3585 5954 2976 5954 3586 5954 3586 5955 2976 5955 3587 5955 3587 5956 2976 5956 2954 5956 3587 5957 2954 5957 3588 5957 3588 5958 2954 5958 2956 5958 3588 5959 2956 5959 3589 5959 3589 5960 2956 5960 2975 5960 3589 5961 2975 5961 3590 5961 3590 5962 2975 5962 2974 5962 3590 5963 2974 5963 3591 5963 3591 5964 2974 5964 3592 5964 3592 5965 2974 5965 3593 5965 3593 5966 2974 5966 2965 5966 3593 5967 2965 5967 3594 5967 3594 5968 2965 5968 3595 5968 3595 5969 2965 5969 2973 5969 3595 5970 2973 5970 3596 5970 3596 5971 2973 5971 2967 5971 3596 5972 2967 5972 3597 5972 3597 5973 2967 5973 2972 5973 3597 5974 2972 5974 3598 5974 3598 5975 2972 5975 3599 5975 3599 5976 2972 5976 2969 5976 3599 5977 2969 5977 3600 5977 3600 5978 2969 5978 2968 5978 3600 5979 2968 5979 3601 5979 3601 5980 2968 5980 3583 5980 2983 5981 3602 5981 2982 5981 2982 5982 3602 5982 3603 5982 2982 5983 3603 5983 3604 5983 2982 5984 3604 5984 3535 5984 3535 5985 3604 5985 3605 5985 3606 5986 3602 5986 3607 5986 3607 5987 3602 5987 3608 5987 3608 5988 3602 5988 2986 5988 2983 5989 2984 5989 3602 5989 2984 5990 2985 5990 3602 5990 2985 5991 2986 5991 3602 5991 3608 5992 2986 5992 2987 5992 3608 5993 2987 5993 3609 5993 3610 5994 3611 5994 2994 5994 2994 5995 3611 5995 3612 5995 3612 5996 3613 5996 2994 5996 3610 967 2994 967 2995 967 3610 967 2995 967 3614 967 3614 967 2995 967 3615 967 3615 5997 2995 5997 3616 5997 3615 967 3616 967 3617 967 3617 967 3616 967 3618 967 3618 967 3616 967 3619 967 3619 5998 3616 5998 3620 5998 3620 5999 3616 5999 3621 5999 2995 967 3622 967 3616 967 3623 6000 3624 6000 3625 6000 3626 6001 3624 6001 3623 6001 3613 6002 2993 6002 2994 6002 3613 6003 3626 6003 2993 6003 3613 6004 3612 6004 3626 6004 3624 6005 3611 6005 3625 6005 3626 6006 3612 6006 3624 6006 3624 6007 3612 6007 3611 6007 2993 6008 3626 6008 3623 6008 2993 6009 3623 6009 3625 6009 2993 855 3625 855 3627 855 3627 855 3628 855 2993 855 2993 855 3628 855 2987 855 2987 855 3628 855 3629 855 3629 855 3628 855 3630 855 3629 855 3630 855 3631 855 3629 6010 3631 6010 3632 6010 3632 6011 3633 6011 3629 6011 3629 6012 3633 6012 3634 6012 3629 6013 3634 6013 3635 6013 3629 6014 3609 6014 2987 6014 3004 6015 3013 6015 3636 6015 3636 6016 3013 6016 3637 6016 3637 6017 3013 6017 3638 6017 3638 6018 3013 6018 3639 6018 3009 6019 3640 6019 3639 6019 3009 6020 3639 6020 3010 6020 3010 6021 3639 6021 3011 6021 3011 6022 3639 6022 3012 6022 3012 6023 3639 6023 3013 6023 3640 6024 3009 6024 2996 6024 3640 6025 2996 6025 3641 6025 3641 6026 2996 6026 2998 6026 3641 6027 2998 6027 3642 6027 3642 6028 2998 6028 3643 6028 3643 6029 2998 6029 3644 6029 3643 6030 3644 6030 3645 6030 2998 6031 3032 6031 3644 6031 3004 6032 3636 6032 3005 6032 3005 6033 3636 6033 3006 6033 3006 6034 3636 6034 3007 6034 3007 6035 3636 6035 3008 6035 3008 6036 3636 6036 3646 6036 3008 6037 3646 6037 2995 6037 2995 6038 3646 6038 3622 6038 3647 6039 3648 6039 3636 6039 3636 6040 3648 6040 3649 6040 3636 6041 3649 6041 3646 6041 2331 6042 2265 6042 2343 6042 3016 6043 3015 6043 3650 6043 3650 6044 3651 6044 3652 6044 3652 6045 3651 6045 3653 6045 3016 6046 3652 6046 3014 6046 3014 6047 3652 6047 3654 6047 3014 6048 3654 6048 3655 6048 3655 6049 3654 6049 3656 6049 3656 6050 3654 6050 3657 6050 3016 6051 3650 6051 3652 6051 3658 6052 3659 6052 3019 6052 3019 6053 3659 6053 3660 6053 3658 6054 3019 6054 3661 6054 3661 6055 3019 6055 3017 6055 3661 6056 3017 6056 3662 6056 3662 6057 3663 6057 3661 6057 3021 6058 3019 6058 3664 6058 3664 6059 3019 6059 3660 6059 3664 6060 3660 6060 3665 6060 3665 6061 3660 6061 3666 6061 3666 6062 3660 6062 3667 6062 3665 6063 3668 6063 3664 6063 3023 6064 3021 6064 3669 6064 3669 6065 3021 6065 3670 6065 3670 6066 3021 6066 3671 6066 3671 6067 3021 6067 3664 6067 3672 6068 3673 6068 3674 6068 3673 6069 3675 6069 3674 6069 3674 6070 3675 6070 3676 6070 3677 6071 3678 6071 3676 6071 3676 6072 3678 6072 3669 6072 3676 6073 3669 6073 3674 6073 3674 6074 3669 6074 3679 6074 3679 6075 3669 6075 3680 6075 3026 5922 3023 5922 3678 5922 3678 5921 3023 5921 3669 5921 3026 1400 3678 1400 3029 1400 3029 1676 3678 1676 3681 1676 3029 6076 3681 6076 3682 6076 3029 6077 3682 6077 3683 6077 3030 6078 3029 6078 3684 6078 3684 6079 3029 6079 3683 6079 3684 6080 3683 6080 3685 6080 3685 6081 3683 6081 3686 6081 3687 6082 3684 6082 3685 6082 3028 6048 3030 6048 3688 6048 3688 6083 3030 6083 3689 6083 3689 6084 3030 6084 3690 6084 3690 6085 3030 6085 3684 6085 3031 6086 3028 6086 3691 6086 3691 6087 3028 6087 3688 6087 3031 6088 3691 6088 3032 6088 3032 5900 3691 5900 3692 5900 3032 6089 3692 6089 3693 6089 3032 6090 3693 6090 3644 6090 3024 6091 3033 6091 3694 6091 3694 6092 3033 6092 3695 6092 3695 6093 3033 6093 3696 6093 3696 6094 3033 6094 3036 6094 3696 6095 3036 6095 3697 6095 3697 6096 3036 6096 3027 6096 3697 6097 3027 6097 3698 6097 3698 6098 3027 6098 3699 6098 3699 6099 3027 6099 3018 6099 3699 6100 3018 6100 3700 6100 3700 6101 3018 6101 3701 6101 3701 6102 3018 6102 3035 6102 3701 6103 3035 6103 3702 6103 3702 6104 3035 6104 3703 6104 3703 6105 3035 6105 3020 6105 3703 6106 3020 6106 3704 6106 3704 6107 3020 6107 3705 6107 3705 6108 3020 6108 3034 6108 3705 6109 3034 6109 3706 6109 3706 6110 3034 6110 3707 6110 3707 6111 3034 6111 3022 6111 3707 6112 3022 6112 3708 6112 3708 6113 3022 6113 3709 6113 3709 6114 3022 6114 3025 6114 3709 6115 3025 6115 3710 6115 3710 6116 3025 6116 3711 6116 3711 6117 3025 6117 3024 6117 3711 6118 3024 6118 3712 6118 3712 6119 3024 6119 3694 6119 3083 6120 3713 6120 3081 6120 3081 6121 3713 6121 3714 6121 3081 6122 3714 6122 3715 6122 3713 6123 3083 6123 3716 6123 3716 6124 3083 6124 3085 6124 3716 6125 3085 6125 3717 6125 3717 6126 3085 6126 3087 6126 3717 6127 3087 6127 3718 6127 3718 6128 3087 6128 3089 6128 3718 6129 3089 6129 3719 6129 3719 2451 3089 2451 3092 2451 3719 6130 3092 6130 3720 6130 3720 6131 3092 6131 3721 6131 3721 6132 3092 6132 3094 6132 3721 6133 3094 6133 3722 6133 3722 6134 3094 6134 3096 6134 3722 6135 3096 6135 3723 6135 3723 6136 3096 6136 3073 6136 3723 6137 3073 6137 3724 6137 3724 6137 3073 6137 3051 6137 3724 6138 3051 6138 3050 6138 3724 6139 3050 6139 3725 6139 3725 6140 3050 6140 3054 6140 3725 6141 3054 6141 3726 6141 3726 6142 3054 6142 3056 6142 3726 6143 3056 6143 3727 6143 3727 6144 3056 6144 3728 6144 3728 6145 3056 6145 3058 6145 3728 6146 3058 6146 3729 6146 3729 6147 3058 6147 3061 6147 3729 6148 3061 6148 3730 6148 3730 6149 3061 6149 3063 6149 3730 6150 3063 6150 3731 6150 3731 6151 3063 6151 3065 6151 3731 6152 3065 6152 3732 6152 3732 6153 3065 6153 3733 6153 3733 6154 3065 6154 3734 6154 3081 6155 3715 6155 3735 6155 3235 855 2487 855 3074 855 3074 855 2487 855 3736 855 3074 855 3736 855 3113 855 3113 6156 3736 6156 3111 6156 3111 6157 3736 6157 3737 6157 3111 855 3737 855 3109 855 3109 855 3737 855 3107 855 3107 6158 3737 6158 3738 6158 3107 855 3738 855 3105 855 3105 6159 3738 6159 3739 6159 3105 6160 3739 6160 3103 6160 3103 6161 3739 6161 3740 6161 3103 855 3740 855 3101 855 3101 855 3740 855 3741 855 3741 6162 3740 6162 3742 6162 3741 855 3742 855 3743 855 3743 6163 3742 6163 3744 6163 3743 6164 3744 6164 3361 6164 3361 6165 3744 6165 3360 6165 3360 6166 3744 6166 3359 6166 3359 6167 3744 6167 3358 6167 3358 855 3744 855 3357 855 3357 6168 3744 6168 3356 6168 3356 855 3744 855 3355 855 3355 855 3744 855 3354 855 3354 855 3744 855 3353 855 3353 855 3744 855 3352 855 3352 855 3744 855 3351 855 3351 855 3744 855 3350 855 3350 6169 3744 6169 3349 6169 3349 855 3744 855 3348 855 3348 6170 3744 6170 3347 6170 3347 6171 3744 6171 3346 6171 3346 855 3744 855 3345 855 3345 855 3744 855 3344 855 3344 6172 3744 6172 3745 6172 3344 6173 3745 6173 3746 6173 3746 855 3745 855 3747 855 3747 6174 3745 6174 3748 6174 3747 855 3748 855 3749 855 3749 6175 3748 6175 3750 6175 3749 6176 3750 6176 3751 6176 3751 6177 3750 6177 3752 6177 3751 6178 3752 6178 3753 6178 3753 6179 3752 6179 3754 6179 3753 855 3754 855 3755 855 3755 6180 3754 6180 3756 6180 3755 855 3756 855 3757 855 3757 6181 3756 6181 3758 6181 3757 6182 3758 6182 3759 6182 3759 6183 3758 6183 3760 6183 3759 6184 3760 6184 3761 6184 3761 6185 3760 6185 3762 6185 3761 855 3762 855 3763 855 3763 855 3762 855 3764 855 3763 855 3764 855 3765 855 3765 6186 3764 6186 3766 6186 3235 6187 2488 6187 2487 6187 3746 855 3767 855 3344 855 3344 6188 3767 6188 3343 6188 3343 855 3767 855 3342 855 3342 855 3767 855 3341 855 3341 855 3767 855 3340 855 3340 6189 3767 6189 3339 6189 3339 6190 3767 6190 3338 6190 3338 855 3767 855 3337 855 3337 855 3767 855 3336 855 3336 855 3767 855 3335 855 3335 6191 3767 6191 3334 6191 3334 6192 3767 6192 3333 6192 3333 6193 3767 6193 3332 6193 3332 855 3767 855 3331 855 3331 855 3767 855 3330 855 3330 855 3767 855 3329 855 3329 6194 3767 6194 3328 6194 3328 855 3767 855 3327 855 3327 6195 3767 6195 3768 6195 3327 6196 3768 6196 3769 6196 3327 6197 3769 6197 3770 6197 3327 855 3770 855 3771 855 3327 855 3771 855 3772 855 3327 6198 3772 6198 3773 6198 3773 855 3774 855 3327 855 3327 855 3774 855 3775 855 3775 6199 3776 6199 3327 6199 3327 6200 3776 6200 3777 6200 3327 6201 3777 6201 3778 6201 3327 6202 3778 6202 3779 6202 3327 855 3779 855 3780 855 3327 855 3780 855 3326 855 3326 6203 3780 6203 3781 6203 3326 6204 3781 6204 3325 6204 3325 6205 3781 6205 3782 6205 3325 855 3782 855 3324 855 3324 6206 3782 6206 3783 6206 3324 6207 3783 6207 3323 6207 3323 855 3783 855 3322 855 3322 6208 3783 6208 3784 6208 3322 855 3784 855 3321 855 3321 6209 3784 6209 3785 6209 3321 855 3785 855 3786 855 3321 6210 3786 6210 3787 6210 3321 855 3787 855 3788 855 3321 6211 3788 6211 3789 6211 3789 855 3790 855 3321 855 3321 6212 3790 6212 3791 6212 3791 855 3792 855 3321 855 3321 6213 3792 6213 3793 6213 3321 6214 3793 6214 3794 6214 3321 6215 3794 6215 3795 6215 3795 6216 3320 6216 3321 6216 3796 855 3319 855 3795 855 3795 6217 3319 6217 3320 6217 3319 855 3796 855 3318 855 3318 6218 3796 6218 3797 6218 3318 855 3797 855 3317 855 3317 6219 3797 6219 3316 6219 3316 6220 3797 6220 3798 6220 3316 855 3798 855 3315 855 3315 6221 3798 6221 3799 6221 3315 855 3799 855 3314 855 3314 855 3799 855 3313 855 3313 6222 3799 6222 3800 6222 3313 855 3800 855 3312 855 3312 855 3800 855 3801 855 3312 6223 3801 6223 3311 6223 3311 6224 3801 6224 3802 6224 3311 855 3802 855 3377 855 3377 6225 3802 6225 3803 6225 3377 855 3803 855 3376 855 3376 6226 3803 6226 3804 6226 3376 855 3804 855 3375 855 3375 6227 3804 6227 3374 6227 3374 6228 3804 6228 3805 6228 3374 855 3805 855 3373 855 3373 6229 3805 6229 3806 6229 3373 855 3806 855 3372 855 3372 6230 3806 6230 3371 6230 3371 855 3806 855 3807 855 3371 6231 3807 6231 3370 6231 3370 855 3807 855 3369 855 3369 6232 3807 6232 3808 6232 3369 855 3808 855 3368 855 3368 6233 3808 6233 3809 6233 3368 855 3809 855 3367 855 3367 855 3809 855 3366 855 3366 855 3809 855 3810 855 3366 855 3810 855 3365 855 3365 855 3810 855 3364 855 3364 855 3810 855 3363 855 3363 6234 3810 6234 3743 6234 3363 6235 3743 6235 3362 6235 3362 6236 3743 6236 3361 6236 3074 6237 3113 6237 3115 6237 3074 6238 3115 6238 3075 6238 3750 5800 3303 5800 3302 5800 3750 6239 3302 6239 3752 6239 3752 6240 3302 6240 3754 6240 3754 6241 3302 6241 3301 6241 3754 6242 3301 6242 3756 6242 3756 6243 3301 6243 3300 6243 3756 6244 3300 6244 3758 6244 3758 6245 3300 6245 3760 6245 3760 6246 3300 6246 3299 6246 3760 6247 3299 6247 3762 6247 3762 6248 3299 6248 3298 6248 3762 6249 3298 6249 3764 6249 3764 6250 3298 6250 3766 6250 3766 6251 3298 6251 3297 6251 3766 6252 3297 6252 3765 6252 3765 6253 3297 6253 3296 6253 3765 6254 3296 6254 3763 6254 3763 6255 3296 6255 3761 6255 3761 6256 3296 6256 3295 6256 3761 6257 3295 6257 3759 6257 3759 6257 3295 6257 3294 6257 3759 6258 3294 6258 3757 6258 3757 6259 3294 6259 3293 6259 3757 6260 3293 6260 3755 6260 3755 6261 3293 6261 3753 6261 3753 6262 3293 6262 3292 6262 3753 6263 3292 6263 3751 6263 3751 6264 3292 6264 3291 6264 3751 6265 3291 6265 3749 6265 3749 6266 3291 6266 3290 6266 3749 6267 3290 6267 3747 6267 3747 6268 3290 6268 3746 6268 3746 6269 3290 6269 3289 6269 3746 6270 3289 6270 3767 6270 3767 6271 3289 6271 3288 6271 3767 6272 3288 6272 3768 6272 3768 6273 3288 6273 3287 6273 3768 6274 3287 6274 3769 6274 3769 6275 3287 6275 3286 6275 3769 6276 3286 6276 3770 6276 3770 6277 3286 6277 3285 6277 3770 6278 3285 6278 3771 6278 3771 6279 3285 6279 3284 6279 3771 6280 3284 6280 3772 6280 3772 6281 3284 6281 3283 6281 3772 6282 3283 6282 3773 6282 3773 6283 3283 6283 3282 6283 3773 6284 3282 6284 3774 6284 3774 6285 3282 6285 3281 6285 3774 6286 3281 6286 3775 6286 3775 6287 3281 6287 3280 6287 3775 6288 3280 6288 3776 6288 3776 6289 3280 6289 3279 6289 3776 6290 3279 6290 3777 6290 3777 6291 3279 6291 3278 6291 3777 6292 3278 6292 3778 6292 3778 6293 3278 6293 3277 6293 3778 6294 3277 6294 3779 6294 3779 6295 3277 6295 3276 6295 3779 6296 3276 6296 3780 6296 3780 6297 3276 6297 3275 6297 3780 6298 3275 6298 3781 6298 3781 6299 3275 6299 3274 6299 3781 6300 3274 6300 3782 6300 3782 6301 3274 6301 3273 6301 3782 6302 3273 6302 3783 6302 3783 6303 3273 6303 3272 6303 3783 6304 3272 6304 3784 6304 3784 6305 3272 6305 3271 6305 3784 6306 3271 6306 3785 6306 3785 6307 3271 6307 3270 6307 3785 6308 3270 6308 3786 6308 3786 6309 3270 6309 3269 6309 3786 6310 3269 6310 3787 6310 3787 6311 3269 6311 3268 6311 3787 6312 3268 6312 3788 6312 3788 6313 3268 6313 3267 6313 3788 6314 3267 6314 3789 6314 3789 6315 3267 6315 3266 6315 3789 6316 3266 6316 3790 6316 3790 6317 3266 6317 3265 6317 3790 6318 3265 6318 3791 6318 3791 6319 3265 6319 3264 6319 3791 6320 3264 6320 3792 6320 3792 6321 3264 6321 3263 6321 3792 6322 3263 6322 3793 6322 3793 6323 3263 6323 3262 6323 3793 6324 3262 6324 3794 6324 3794 6325 3262 6325 3261 6325 3794 6326 3261 6326 3795 6326 3795 6327 3261 6327 3260 6327 3795 6328 3260 6328 3796 6328 3796 6329 3260 6329 3259 6329 3796 6330 3259 6330 3797 6330 3797 6331 3259 6331 3258 6331 3797 6332 3258 6332 3798 6332 3798 6333 3258 6333 3257 6333 3798 6334 3257 6334 3799 6334 3799 6335 3257 6335 3256 6335 3799 6336 3256 6336 3800 6336 3800 6337 3256 6337 3255 6337 3800 6338 3255 6338 3801 6338 3801 6339 3255 6339 3254 6339 3801 6340 3254 6340 3802 6340 3802 6341 3254 6341 3253 6341 3802 6342 3253 6342 3803 6342 3803 6343 3253 6343 3252 6343 3803 6344 3252 6344 3804 6344 3804 6345 3252 6345 3251 6345 3804 6346 3251 6346 3805 6346 3805 6347 3251 6347 3250 6347 3805 6348 3250 6348 3806 6348 3806 6349 3250 6349 3249 6349 3806 6350 3249 6350 3807 6350 3807 6351 3249 6351 3248 6351 3807 6352 3248 6352 3808 6352 3808 6353 3248 6353 3247 6353 3808 6354 3247 6354 3809 6354 3809 6355 3247 6355 3246 6355 3809 6356 3246 6356 3810 6356 3810 6357 3246 6357 3743 6357 3743 6358 3246 6358 3245 6358 3743 6359 3245 6359 3741 6359 3741 6360 3245 6360 3244 6360 3741 6361 3244 6361 3101 6361 3101 6362 3244 6362 3102 6362 3120 6363 3119 6363 3811 6363 3811 6364 3653 6364 3651 6364 3651 6365 3124 6365 3125 6365 3651 6366 3122 6366 3123 6366 3651 6367 3650 6367 3015 6367 3651 6368 3015 6368 3122 6368 3651 6369 3123 6369 3124 6369 3651 6370 3125 6370 3126 6370 3651 6371 3126 6371 3127 6371 3651 6372 3127 6372 3128 6372 3651 6373 3128 6373 3811 6373 3811 6374 3128 6374 3129 6374 3811 6375 3129 6375 3130 6375 3811 6376 3130 6376 3131 6376 3811 6377 3131 6377 3132 6377 3811 6378 3132 6378 3133 6378 3811 6379 3133 6379 3120 6379 3119 6380 3134 6380 3812 6380 3812 6381 3134 6381 3139 6381 3139 6382 3134 6382 3135 6382 3813 6383 3814 6383 3815 6383 3815 6384 3814 6384 3816 6384 3674 855 3679 855 3813 855 3813 6385 3679 6385 3817 6385 3818 855 3819 855 3679 855 3679 855 3819 855 3820 855 3679 6386 3820 6386 3821 6386 3679 6387 3821 6387 3817 6387 3813 6388 3817 6388 3822 6388 3813 6389 3822 6389 3814 6389 3815 6390 3816 6390 3138 6390 3138 6391 3816 6391 3823 6391 3138 855 3823 855 3824 855 3138 855 3824 855 3825 855 3825 6392 3824 6392 3826 6392 3825 855 3826 855 3827 855 3827 6393 3826 6393 3828 6393 3829 855 3812 855 3825 855 3825 855 3812 855 3139 855 3825 6394 3139 6394 3138 6394 3812 855 3829 855 3830 855 3812 6395 3830 6395 3811 6395 3830 6396 3829 6396 3831 6396 2358 6397 3148 6397 2225 6397 2225 6398 3148 6398 3157 6398 3555 6399 3832 6399 3560 6399 3560 6400 3832 6400 3833 6400 3834 967 3835 967 3832 967 3159 967 3836 967 3834 967 3158 6401 3837 6401 3159 6401 3159 967 3837 967 3838 967 3159 967 3838 967 3839 967 3158 6402 3840 6402 3837 6402 3837 6403 3840 6403 3841 6403 3841 6404 3840 6404 3842 6404 3843 967 3844 967 3837 967 3837 6405 3844 6405 3838 6405 3845 967 3844 967 3843 967 3159 967 3839 967 3836 967 3834 6406 3836 6406 3835 6406 3832 967 3835 967 3846 967 3832 967 3846 967 3833 967 3560 967 3833 967 3847 967 3560 6407 3847 6407 3848 6407 3158 6408 3153 6408 3840 6408 3840 6409 3153 6409 3160 6409 3158 6410 3154 6410 3153 6410 3162 6411 2971 6411 3849 6411 3849 6412 2971 6412 3578 6412 3849 6413 3578 6413 3582 6413 3849 6414 3582 6414 3850 6414 3850 6415 3582 6415 3851 6415 3850 6416 3166 6416 3167 6416 3851 6417 3163 6417 3164 6417 3851 6418 3161 6418 3163 6418 3160 6419 3161 6419 3851 6419 3851 6420 3164 6420 3165 6420 3851 6421 3165 6421 3850 6421 3850 6422 3165 6422 3166 6422 3850 6423 3167 6423 3168 6423 3850 6424 3168 6424 3169 6424 3850 6425 3169 6425 3170 6425 3850 6426 3170 6426 3849 6426 3849 6427 3170 6427 3171 6427 3849 6428 3171 6428 3172 6428 3849 6429 3172 6429 3173 6429 3849 6430 3173 6430 3162 6430 3185 6431 2002 6431 2001 6431 3186 6432 3185 6432 3437 6432 3437 6433 3185 6433 2001 6433 2367 6434 2422 6434 2421 6434 2421 6435 2422 6435 3185 6435 3185 6436 2422 6436 2002 6436 2422 6437 2423 6437 2002 6437 3201 6438 3203 6438 3852 6438 3852 6439 3203 6439 3853 6439 3854 6440 3852 6440 3853 6440 3852 6441 3854 6441 3855 6441 3852 6442 3855 6442 3856 6442 3852 6443 3856 6443 3443 6443 3445 6444 3443 6444 3856 6444 3444 6445 2768 6445 3200 6445 3200 6446 3201 6446 3444 6446 3852 6447 3444 6447 3201 6447 3443 6448 3444 6448 3852 6448 3203 6449 3202 6449 3857 6449 3857 6450 3202 6450 3220 6450 3857 6451 3220 6451 3219 6451 3857 6452 3219 6452 3858 6452 3858 6453 3219 6453 3218 6453 3858 6454 3218 6454 3217 6454 3858 6455 3217 6455 3859 6455 3859 6456 3217 6456 2420 6456 3859 6457 2420 6457 2418 6457 3859 6458 3860 6458 3858 6458 3857 6459 3858 6459 3861 6459 3860 6460 3861 6460 3858 6460 3860 6461 3189 6461 3862 6461 2415 6462 3860 6462 2416 6462 2416 6463 3860 6463 3859 6463 2416 6464 3859 6464 2418 6464 3860 6465 2415 6465 3189 6465 3863 6466 3860 6466 3862 6466 3152 6467 3864 6467 3140 6467 3152 6468 2434 6468 3864 6468 3152 6469 3142 6469 2438 6469 3223 6470 3224 6470 3141 6470 3865 6471 3143 6471 3144 6471 3224 6472 2431 6472 3865 6472 2431 6473 2437 6473 3865 6473 3865 6474 2437 6474 3143 6474 3865 6475 3144 6475 3224 6475 3144 6476 3141 6476 3224 6476 3221 6477 2489 6477 3864 6477 2494 6478 3310 6478 3225 6478 3225 6479 3310 6479 3736 6479 3225 6480 3736 6480 3243 6480 3243 6481 3736 6481 2487 6481 3147 6482 1330 6482 1904 6482 1904 6483 1330 6483 1325 6483 3147 855 3151 855 1330 855 1325 6484 1324 6484 1904 6484 3065 967 3866 967 3734 967 3231 855 3867 855 3065 855 3065 855 3867 855 3868 855 3065 855 3868 855 3866 855 3734 6485 3866 6485 3869 6485 3869 6486 3866 6486 3870 6486 3871 6487 3872 6487 3735 6487 3735 6488 3872 6488 3081 6488 3872 6489 3873 6489 3081 6489 3081 967 3873 967 3874 967 3081 6490 3874 6490 3234 6490 1908 6491 1397 6491 1403 6491 3149 967 3150 967 1403 967 1403 967 3150 967 1908 967 3736 6492 3310 6492 3737 6492 3737 6493 3310 6493 3309 6493 3737 6494 3309 6494 3738 6494 3738 6495 3309 6495 3308 6495 3738 6496 3308 6496 3739 6496 3739 6497 3308 6497 3307 6497 3739 6498 3307 6498 3740 6498 3740 6499 3307 6499 3306 6499 3740 6500 3306 6500 3742 6500 3742 6501 3306 6501 3744 6501 3744 6502 3306 6502 3305 6502 3744 6503 3305 6503 3745 6503 3745 5662 3305 5662 3304 5662 3745 6504 3304 6504 3748 6504 3748 6505 3304 6505 3303 6505 3748 6506 3303 6506 3750 6506 1411 6507 1901 6507 1412 6507 1412 6508 1901 6508 2482 6508 1412 6509 2482 6509 2493 6509 1412 6510 2493 6510 1926 6510 1412 6511 1926 6511 1413 6511 1413 6512 1926 6512 1925 6512 2494 6513 2493 6513 2482 6513 1926 6514 2493 6514 2451 6514 3423 6515 2015 6515 2653 6515 2653 6516 3414 6516 3423 6516 2653 6517 2015 6517 2652 6517 3402 6518 3403 6518 3450 6518 2804 6519 3453 6519 3451 6519 3450 6520 3451 6520 3453 6520 3875 6521 3453 6521 3452 6521 3453 6522 3875 6522 3378 6522 3875 6523 3876 6523 3378 6523 3876 6524 3877 6524 3378 6524 3378 6525 3877 6525 2712 6525 3453 6526 3402 6526 3450 6526 3379 6527 3402 6527 3378 6527 3402 6528 3453 6528 3378 6528 3421 6529 3422 6529 3878 6529 3421 6530 3878 6530 2015 6530 3879 6531 3406 6531 2696 6531 3406 6532 3880 6532 3404 6532 3879 6533 2696 6533 3881 6533 3881 6534 2696 6534 2698 6534 3881 6535 2698 6535 2700 6535 3881 6536 2700 6536 2702 6536 3882 6537 3879 6537 3881 6537 3883 6538 2710 6538 2712 6538 3882 6539 3884 6539 3885 6539 3885 6540 3884 6540 3886 6540 3882 6541 3881 6541 3884 6541 3884 6542 3881 6542 3887 6542 3884 6543 3887 6543 3886 6543 3886 6544 3887 6544 3883 6544 3881 6545 2702 6545 2704 6545 3881 6546 2704 6546 3887 6546 3887 6547 2704 6547 2706 6547 3887 6548 2706 6548 2708 6548 3887 6549 2708 6549 3883 6549 3883 6550 2708 6550 2710 6550 2016 6551 2012 6551 2014 6551 2012 967 2016 967 3888 967 2012 6552 3888 6552 3429 6552 3429 6553 3888 6553 3889 6553 3429 6554 3889 6554 2757 6554 3890 6555 3891 6555 3892 6555 3890 6556 3892 6556 3893 6556 2714 6557 3894 6557 3436 6557 3436 6558 3894 6558 2003 6558 3436 6559 2003 6559 1572 6559 3436 6560 1572 6560 2009 6560 1532 6561 3895 6561 1980 6561 1980 6562 3895 6562 3440 6562 3441 6563 3440 6563 3895 6563 2714 6564 1527 6564 3437 6564 2714 6565 3437 6565 3894 6565 3894 6566 3437 6566 2001 6566 3894 6567 2001 6567 2003 6567 3181 6568 3862 6568 3189 6568 3862 6569 3181 6569 3183 6569 3862 6570 3183 6570 3439 6570 2771 6571 3443 6571 3445 6571 2770 6572 2769 6572 2773 6572 2773 6573 2769 6573 1532 6573 232 6574 1561 6574 230 6574 230 6575 1561 6575 1548 6575 1532 6576 228 6576 1560 6576 1560 6577 228 6577 230 6577 1560 6578 230 6578 1548 6578 1560 6579 1557 6579 2773 6579 1557 6580 1559 6580 2774 6580 1557 6581 2774 6581 2773 6581 2773 6582 1532 6582 1560 6582 3855 6583 3896 6583 3446 6583 3897 6584 3446 6584 3896 6584 3445 6585 3856 6585 3446 6585 3446 6586 3856 6586 3855 6586 3896 6587 3855 6587 3854 6587 3896 6588 3854 6588 3853 6588 3853 6589 3203 6589 3896 6589 3896 6590 3203 6590 3857 6590 3896 6591 3857 6591 3897 6591 3897 6592 3857 6592 3861 6592 3446 6593 3895 6593 2769 6593 2769 6594 3895 6594 1532 6594 3897 6595 3898 6595 3441 6595 3441 6596 3446 6596 3897 6596 3446 6597 3441 6597 3895 6597 2007 6598 2006 6598 3448 6598 2007 6599 3448 6599 3899 6599 3447 6600 2010 6600 2013 6600 2010 6601 2011 6601 2013 6601 3900 6602 3901 6602 3902 6602 3901 6603 3448 6603 3447 6603 2015 6604 1573 6604 2652 6604 1609 6605 2805 6605 2803 6605 2800 6606 2803 6606 2802 6606 2800 6607 1602 6607 2803 6607 1603 6608 1602 6608 2800 6608 1601 6609 345 6609 354 6609 1601 6610 354 6610 1609 6610 1609 6611 354 6611 356 6611 1609 6612 2803 6612 1602 6612 1601 6613 1609 6613 1602 6613 2806 6614 2038 6614 3903 6614 3903 6615 2038 6615 3454 6615 2038 6616 2043 6616 3454 6616 2806 6617 3904 6617 1609 6617 3904 6618 2805 6618 1609 6618 3904 6619 2806 6619 3903 6619 3885 6620 3886 6620 3904 6620 3885 6621 3904 6621 3903 6621 3883 6622 2712 6622 3877 6622 3883 6623 3877 6623 3905 6623 3877 6624 3876 6624 3905 6624 3876 6625 3875 6625 3905 6625 3905 6626 3875 6626 3904 6626 3452 6627 3904 6627 3875 6627 3452 6628 2805 6628 3904 6628 3905 6629 3886 6629 3883 6629 3886 6630 3905 6630 3904 6630 3605 6631 3534 6631 3535 6631 3534 6632 3605 6632 3536 6632 3536 6633 3605 6633 3906 6633 3536 6634 3906 6634 3537 6634 3537 6635 3906 6635 3907 6635 3537 6636 3907 6636 3539 6636 3538 6637 3539 6637 3542 6637 3908 967 3909 967 3541 967 3541 967 3909 967 3910 967 3541 6638 3910 6638 3603 6638 3603 6639 3910 6639 3911 6639 3911 6640 3910 6640 3912 6640 3908 6641 3913 6641 3909 6641 3909 6642 3914 6642 3910 6642 3602 967 3606 967 3603 967 3603 6643 3606 6643 3541 6643 3541 967 3606 967 3540 967 3540 6644 3606 6644 3915 6644 3540 6645 3915 6645 3543 6645 3543 967 3915 967 3916 967 3543 6646 3916 6646 3562 6646 3551 967 3552 967 3562 967 3562 6647 3552 6647 3543 6647 3917 967 3918 967 3552 967 3552 967 3918 967 3919 967 3552 6648 3919 6648 3544 6648 3544 967 3919 967 3920 967 3920 6649 3919 6649 3921 6649 3918 6650 3917 6650 3922 6650 3918 6651 3922 6651 3923 6651 3544 6652 3543 6652 3552 6652 3924 6653 3914 6653 3909 6653 3924 6654 3909 6654 3913 6654 3925 6655 3913 6655 3908 6655 3925 6656 3908 6656 3541 6656 3925 6657 3541 6657 3542 6657 3926 6658 3548 6658 3549 6658 3549 6659 3546 6659 3545 6659 3549 6660 3545 6660 3927 6660 3549 6661 3927 6661 3928 6661 3545 6662 3544 6662 3927 6662 3927 6663 3544 6663 3920 6663 3927 6664 3920 6664 3921 6664 3921 6665 3919 6665 3929 6665 3548 6666 3926 6666 3550 6666 3547 6667 3550 6667 3553 6667 3929 6668 3918 6668 3923 6668 3930 6669 3922 6669 3917 6669 3930 6670 3917 6670 3931 6670 3931 6671 3917 6671 3552 6671 3931 6672 3552 6672 3553 6672 3932 6673 3557 6673 3561 6673 3932 967 3933 967 3563 967 3932 967 3563 967 3557 967 3933 6674 3932 6674 3934 6674 3563 6675 3933 6675 3935 6675 3563 6676 3935 6676 3936 6676 3936 6677 3937 6677 3563 6677 3563 967 3937 967 3938 967 3938 6678 3937 6678 3939 6678 3938 6679 3939 6679 3940 6679 3938 967 3940 967 3941 967 3941 6680 3940 6680 3942 6680 3941 967 3942 967 3943 967 3941 967 3943 967 3944 967 3941 6681 3944 6681 3572 6681 3572 967 3944 967 3945 967 3572 967 3945 967 3946 967 3572 967 3946 967 3947 967 3572 6682 3947 6682 3948 6682 3948 6683 3949 6683 3572 6683 3949 6684 3573 6684 3572 6684 3572 967 3950 967 3941 967 3941 6685 3950 6685 3951 6685 3938 6686 3952 6686 3953 6686 3938 6687 3953 6687 3563 6687 3932 6688 3561 6688 3954 6688 3955 6689 3568 6689 3569 6689 3569 6690 3565 6690 3564 6690 3569 6691 3564 6691 3956 6691 3957 6692 3956 6692 3958 6692 3564 6693 3563 6693 3959 6693 3959 6694 3563 6694 3953 6694 3959 6695 3953 6695 3952 6695 3952 6696 3938 6696 3960 6696 3567 6697 3961 6697 3570 6697 3566 6698 3570 6698 3962 6698 3566 6699 3962 6699 3571 6699 3568 855 3955 855 3567 855 3567 855 3955 855 3961 855 3963 6700 3941 6700 3951 6700 3964 6701 3951 6701 3950 6701 3964 6702 3950 6702 3965 6702 3965 6703 3950 6703 3572 6703 3965 6704 3572 6704 3571 6704 3573 6705 3949 6705 3966 6705 3967 6706 3968 6706 3969 6706 3573 6707 3970 6707 3969 6707 3573 6708 3969 6708 3575 6708 3967 6709 3969 6709 3970 6709 3574 6710 3579 6710 2953 6710 2953 6710 3579 6710 2952 6710 3580 6711 3971 6711 3581 6711 3581 6712 3971 6712 3972 6712 3581 6713 3972 6713 3577 6713 3577 6714 3972 6714 3582 6714 3576 6715 3973 6715 3574 6715 3574 6716 3973 6716 3579 6716 3579 967 3973 967 3974 967 3579 967 3974 967 3580 967 3580 6717 3974 6717 3975 6717 3975 6718 3971 6718 3580 6718 3976 6719 3593 6719 3977 6719 3977 6720 3593 6720 3594 6720 3977 6721 3594 6721 3978 6721 3978 6722 3594 6722 3595 6722 3978 6723 3595 6723 3979 6723 3979 6724 3595 6724 3596 6724 3979 6725 3596 6725 3980 6725 3980 6726 3596 6726 3597 6726 3980 6727 3597 6727 3981 6727 3981 6728 3597 6728 3598 6728 3981 6729 3598 6729 3982 6729 3982 6730 3598 6730 3599 6730 3982 6731 3599 6731 3983 6731 3983 6732 3599 6732 3600 6732 3983 6733 3600 6733 3984 6733 3984 6734 3600 6734 3601 6734 3984 6735 3601 6735 3985 6735 3985 6736 3601 6736 3583 6736 3985 6737 3583 6737 3986 6737 3986 6738 3583 6738 3584 6738 3986 6739 3584 6739 3987 6739 3987 6740 3584 6740 3585 6740 3987 6741 3585 6741 3586 6741 3987 6742 3586 6742 3988 6742 3988 6743 3586 6743 3587 6743 3988 6744 3587 6744 3989 6744 3989 6745 3587 6745 3990 6745 3990 6746 3587 6746 3588 6746 3990 6747 3588 6747 3991 6747 3991 6748 3588 6748 3589 6748 3991 6749 3589 6749 3992 6749 3992 6750 3589 6750 3590 6750 3992 6751 3590 6751 3993 6751 3993 6752 3590 6752 3591 6752 3993 6753 3591 6753 3994 6753 3994 6754 3591 6754 3592 6754 3994 6755 3592 6755 3976 6755 3976 6756 3592 6756 3593 6756 3605 6757 3604 6757 3995 6757 3604 6758 3603 6758 3911 6758 3912 6759 3910 6759 3914 6759 3616 6760 3622 6760 3629 6760 3629 6760 3622 6760 3609 6760 3609 6760 3622 6760 3996 6760 3609 5623 3996 5623 3997 5623 3610 6761 3627 6761 3611 6761 3611 6762 3627 6762 3625 6762 3647 6763 3691 6763 3998 6763 3998 855 3691 855 3688 855 3998 855 3688 855 3999 855 3999 855 3688 855 3677 855 3677 6764 3688 6764 3681 6764 3677 6765 3681 6765 3678 6765 3636 6766 3637 6766 3647 6766 3647 855 3637 855 3692 855 3647 855 3692 855 3691 855 3692 6767 3637 6767 4000 6767 4000 855 3637 855 4001 855 4001 6768 4002 6768 4000 6768 4003 855 4004 855 4000 855 4000 6769 4004 6769 3692 6769 4005 6770 4006 6770 4004 6770 4004 6771 4006 6771 4007 6771 4004 6772 4007 6772 3692 6772 3688 855 3689 855 3681 855 3681 6773 3689 6773 4008 6773 3681 855 4008 855 4009 855 3689 6774 4010 6774 4008 6774 4008 6775 4010 6775 4011 6775 4012 6776 4013 6776 4009 6776 4009 6777 4013 6777 4014 6777 4014 855 4015 855 4009 855 4009 6778 4015 6778 3681 6778 4016 6779 4000 6779 4002 6779 4002 6780 4001 6780 3638 6780 3638 6781 4001 6781 3637 6781 3639 6782 4017 6782 3638 6782 4017 6783 3639 6783 3640 6783 4017 6784 3640 6784 4018 6784 4018 6785 3640 6785 3641 6785 4018 6786 3641 6786 4019 6786 4019 6787 3641 6787 3642 6787 4019 6788 3642 6788 3643 6788 4019 6789 3643 6789 4020 6789 3643 6790 3645 6790 4020 6790 3645 6791 3644 6791 3693 6791 1656 6792 2225 6792 3867 6792 3867 6793 2225 6793 3157 6793 3867 6794 3157 6794 3156 6794 3156 6795 3137 6795 3874 6795 3874 6796 3137 6796 2265 6796 3137 6797 3156 6797 3815 6797 3815 6798 3156 6798 3834 6798 3834 6799 3156 6799 3154 6799 3834 6800 3154 6800 3159 6800 3138 6801 3135 6801 3815 6801 3135 6802 3137 6802 3815 6802 2265 6803 1930 6803 3874 6803 3874 6804 1930 6804 3234 6804 3156 6805 3874 6805 3867 6805 3867 6806 3874 6806 4021 6806 3867 6807 4021 6807 4022 6807 4022 6808 4021 6808 4023 6808 4024 6809 4025 6809 4023 6809 4023 6810 4025 6810 4022 6810 4026 6811 4027 6811 4024 6811 4024 6812 4027 6812 4028 6812 4024 6813 4028 6813 4025 6813 4027 6814 4029 6814 4028 6814 4028 6815 4029 6815 4030 6815 3867 6816 3231 6816 1656 6816 3017 6710 3014 6710 3662 6710 3662 6817 3014 6817 3655 6817 3663 6818 3662 6818 4031 6818 4031 855 3662 855 3655 855 4031 855 3655 855 4032 855 4032 855 3655 855 3656 855 4032 6819 3656 6819 4033 6819 4034 6820 4035 6820 3654 6820 3654 6821 4035 6821 3657 6821 3657 6822 4033 6822 3656 6822 4036 6823 4037 6823 4038 6823 4039 6824 3659 6824 4040 6824 4040 6825 3659 6825 3658 6825 3666 6826 3667 6826 4041 6826 3667 6827 3660 6827 3659 6827 3661 6828 3663 6828 4042 6828 4042 6829 3663 6829 4043 6829 4042 6830 4043 6830 4044 6830 4045 6831 4046 6831 4047 6831 4047 6832 4046 6832 3661 6832 3661 6833 4046 6833 3658 6833 3658 6834 4046 6834 4048 6834 4048 6835 4046 6835 4049 6835 4048 6836 4050 6836 3658 6836 3658 6837 4050 6837 4051 6837 3658 855 4051 855 4052 855 4052 855 4053 855 3658 855 3658 6838 4053 6838 4037 6838 4037 855 4053 855 4054 855 4037 855 4054 855 4055 855 4037 855 4055 855 4056 855 4056 6839 4055 6839 4057 6839 4056 6840 4057 6840 4058 6840 4056 6841 4058 6841 4059 6841 4056 6842 4059 6842 4060 6842 4056 855 4060 855 3670 855 3670 6843 4060 6843 4061 6843 4061 855 4062 855 3670 855 4062 6844 4063 6844 3670 6844 4063 6845 4064 6845 3670 6845 3670 6846 4064 6846 3669 6846 4064 6847 4063 6847 4065 6847 3669 6848 4064 6848 4066 6848 3669 6849 4066 6849 3680 6849 3680 855 4066 855 4067 855 4067 6850 4066 6850 4068 6850 3670 855 4069 855 4056 855 4056 6851 4069 6851 4070 6851 4037 6852 4036 6852 4040 6852 4037 6853 4040 6853 3658 6853 4071 6854 3668 6854 3665 6854 3664 6855 3668 6855 3671 6855 3665 967 3666 967 4071 967 4071 6856 3666 6856 4041 6856 4072 6857 4056 6857 4070 6857 4070 6858 4069 6858 4073 6858 4073 6859 4069 6859 3670 6859 4073 6860 3670 6860 3671 6860 3668 6861 4074 6861 3671 6861 3685 6862 3686 6862 4075 6862 3686 6863 3683 6863 3682 6863 4012 6864 4009 6864 4076 6864 4014 6865 4013 6865 4015 6865 4015 6866 4013 6866 4077 6866 4015 6867 4077 6867 3681 6867 3681 6868 4077 6868 3682 6868 4075 6869 3687 6869 3685 6869 3684 6870 3687 6870 3690 6870 4076 6871 4008 6871 4011 6871 4078 6872 4011 6872 4010 6872 4078 6873 4010 6873 3689 6873 4078 6874 3689 6874 3690 6874 3687 6875 4079 6875 3690 6875 4020 6876 4080 6876 4081 6876 4005 6877 4004 6877 4003 6877 4005 6878 4003 6878 4016 6878 4007 6879 4006 6879 3693 6879 4007 6880 3693 6880 3692 6880 3704 6881 4082 6881 3703 6881 3703 6882 4082 6882 4083 6882 3703 6883 4083 6883 3702 6883 3702 6884 4083 6884 4084 6884 3702 6885 4084 6885 3701 6885 3701 6886 4084 6886 4085 6886 3701 6887 4085 6887 3700 6887 3700 6888 4085 6888 4086 6888 3700 6889 4086 6889 3699 6889 3699 6890 4086 6890 4087 6890 3699 6891 4087 6891 3698 6891 3698 6892 4087 6892 4088 6892 3698 6893 4088 6893 3697 6893 3697 6894 4088 6894 4089 6894 3697 6895 4089 6895 3696 6895 3696 6896 4089 6896 4090 6896 3696 6897 4090 6897 3695 6897 3695 6898 4090 6898 4091 6898 3695 6899 4091 6899 3694 6899 3694 6900 4091 6900 4092 6900 3694 6901 4092 6901 3712 6901 3712 6902 4092 6902 4093 6902 3712 6903 4093 6903 3711 6903 3711 6904 4093 6904 4094 6904 3711 6905 4094 6905 3710 6905 3710 6906 4094 6906 4095 6906 3710 6907 4095 6907 3709 6907 3709 6908 4095 6908 4096 6908 3709 6909 4096 6909 4097 6909 3709 6910 4097 6910 3708 6910 3708 6911 4097 6911 4098 6911 3708 6912 4098 6912 3707 6912 3707 6913 4098 6913 4099 6913 3707 6914 4099 6914 3706 6914 3706 6915 4099 6915 3705 6915 3705 6916 4099 6916 4100 6916 3705 6917 4100 6917 3704 6917 3704 6918 4100 6918 4082 6918 3735 6919 3715 6919 4101 6919 4101 6920 3715 6920 4102 6920 4102 6921 3715 6921 3714 6921 4102 6922 3714 6922 4103 6922 4103 6923 3714 6923 3713 6923 4103 6924 3713 6924 4104 6924 4104 6925 3713 6925 3716 6925 4104 6926 3716 6926 4105 6926 4105 6927 3716 6927 4106 6927 4106 6928 3716 6928 3717 6928 4106 6929 3717 6929 4107 6929 4107 6930 3717 6930 3718 6930 4107 6931 3718 6931 4108 6931 4108 6932 3718 6932 3719 6932 4108 6933 3719 6933 4109 6933 4109 6934 3719 6934 4110 6934 4110 6935 3719 6935 3720 6935 4110 6936 3720 6936 4111 6936 4111 6937 3720 6937 3721 6937 4111 6938 3721 6938 4112 6938 4112 6939 3721 6939 3722 6939 4112 6940 3722 6940 4113 6940 4113 6941 3722 6941 3723 6941 3723 6942 4114 6942 4113 6942 4114 6943 3723 6943 4115 6943 4115 6944 3723 6944 3724 6944 4115 6945 3724 6945 4116 6945 3734 6946 3869 6946 3733 6946 3733 6947 3869 6947 4117 6947 3733 6948 4117 6948 3732 6948 3732 6949 4117 6949 4118 6949 3732 6950 4118 6950 4119 6950 3724 6951 3725 6951 4116 6951 4116 6952 3725 6952 4120 6952 3725 6953 3726 6953 4120 6953 4120 6954 3726 6954 4121 6954 3726 6955 3727 6955 4121 6955 4121 6956 3727 6956 4122 6956 4122 6957 3727 6957 4123 6957 3727 6958 3728 6958 4123 6958 4123 6959 3728 6959 4124 6959 3728 6960 3729 6960 4124 6960 4124 6961 3729 6961 4125 6961 4125 6962 3729 6962 4126 6962 3729 6963 3730 6963 4126 6963 4126 6964 3730 6964 4127 6964 3730 6965 3731 6965 4127 6965 4127 6966 3731 6966 4119 6966 4119 6967 3731 6967 3732 6967 3653 6968 3830 6968 4034 6968 3653 3417 4034 3417 3652 3417 3652 1361 4034 1361 3654 1361 3653 6969 3811 6969 3830 6969 3812 6970 3811 6970 3119 6970 3999 6971 4128 6971 3998 6971 3998 6972 4128 6972 4129 6972 4129 6973 4130 6973 3998 6973 3998 6974 4130 6974 3996 6974 3998 6975 3996 6975 4131 6975 3996 6976 4130 6976 4132 6976 3996 6977 4132 6977 3559 6977 3559 6978 4132 6978 3813 6978 3559 6979 3813 6979 3832 6979 3832 6980 3813 6980 3815 6980 3832 6981 3815 6981 3834 6981 3996 6981 3559 6981 3997 6981 3997 6982 3559 6982 4133 6982 3997 6983 4133 6983 3915 6983 3997 6984 3915 6984 4134 6984 4134 6985 3915 6985 4135 6985 4135 6986 3915 6986 4136 6986 4133 6987 4137 6987 3915 6987 4137 6988 3916 6988 3915 6988 3998 6989 4131 6989 4138 6989 3998 6990 4138 6990 4139 6990 4139 6991 4140 6991 3998 6991 4128 6992 3676 6992 4141 6992 4141 6993 3676 6993 3675 6993 4141 6994 3675 6994 4142 6994 4142 6995 3675 6995 3672 6995 3672 6996 3675 6996 3673 6996 3674 6997 3813 6997 3672 6997 3672 6998 3813 6998 4132 6998 3672 6999 4132 6999 4142 6999 4142 7000 4132 7000 4130 7000 4142 7001 4130 7001 4141 7001 4141 7002 4130 7002 4129 7002 4141 7003 4129 7003 4128 7003 3821 7004 4143 7004 3817 7004 4144 7005 3821 7005 3820 7005 4144 7006 3820 7006 4068 7006 4068 7007 3820 7007 4067 7007 4067 7008 3820 7008 3819 7008 4067 7009 3819 7009 3680 7009 3680 7010 3819 7010 3818 7010 3680 7011 3818 7011 3679 7011 4145 7012 3823 7012 4146 7012 4146 7013 3823 7013 3816 7013 4146 7014 3816 7014 4147 7014 4147 7015 3816 7015 3814 7015 4147 7016 3814 7016 4148 7016 4148 7017 3814 7017 3822 7017 4148 7018 3822 7018 3817 7018 4148 7019 3817 7019 4143 7019 3826 7020 3663 7020 4031 7020 3826 7021 4031 7021 3828 7021 3828 7022 4031 7022 4032 7022 3828 7023 4032 7023 3827 7023 3827 7024 4032 7024 4149 7024 3827 7025 4149 7025 4150 7025 3824 7026 4043 7026 3826 7026 3824 7027 4145 7027 4043 7027 4145 7028 3824 7028 3823 7028 3826 7029 4043 7029 3663 7029 3825 7030 3827 7030 4151 7030 4151 7031 3827 7031 4152 7031 4152 7032 3827 7032 4150 7032 4151 7033 4153 7033 3825 7033 3825 7034 4153 7034 3829 7034 3829 7035 4153 7035 3831 7035 3830 7036 3831 7036 4034 7036 3833 7037 4154 7037 3847 7037 3847 7038 4154 7038 4155 7038 3847 7039 4155 7039 4156 7039 3847 7040 4156 7040 3954 7040 3954 7041 3561 7041 3847 7041 3847 7042 3561 7042 3848 7042 3848 7043 3561 7043 3560 7043 4154 7044 3833 7044 4157 7044 3832 7045 3555 7045 3559 7045 4158 7046 3558 7046 3554 7046 4158 7047 3554 7047 3556 7047 3556 7048 4137 7048 4158 7048 4158 7049 4137 7049 4133 7049 4158 7050 4133 7050 3559 7050 4158 7051 3559 7051 3558 7051 3582 7052 3842 7052 3851 7052 3851 7053 3842 7053 3160 7053 3160 7054 3842 7054 3840 7054 3842 7055 3582 7055 4159 7055 3842 7056 4159 7056 3841 7056 3841 7057 4159 7057 4160 7057 4160 7058 4161 7058 3841 7058 3841 7059 4161 7059 3837 7059 3837 7060 4161 7060 3843 7060 4161 7061 4162 7061 3843 7061 3843 7062 4162 7062 4163 7062 3843 7063 4163 7063 4164 7063 3969 7064 3968 7064 3844 7064 3844 7065 3968 7065 3838 7065 3838 7066 3968 7066 4165 7066 3838 7067 4165 7067 3839 7067 3969 7068 3844 7068 3575 7068 3575 7069 3844 7069 3576 7069 3576 7070 3844 7070 3973 7070 3973 7071 3844 7071 3845 7071 3973 7072 3845 7072 3974 7072 3974 7073 3845 7073 3843 7073 3974 7074 3843 7074 3975 7074 3975 7075 3843 7075 4164 7075 4157 7076 3833 7076 3846 7076 4157 7077 3846 7077 4166 7077 4166 7078 3846 7078 3835 7078 4166 7079 3835 7079 4167 7079 4167 7080 3835 7080 3836 7080 4167 7081 3836 7081 3839 7081 4167 7082 3839 7082 4165 7082 3898 7083 3897 7083 3861 7083 3861 7084 3860 7084 3863 7084 3861 7085 3863 7085 3898 7085 3863 7086 4168 7086 3898 7086 4168 7087 3442 7087 3898 7087 3898 7088 3442 7088 3441 7088 3862 7089 3439 7089 4168 7089 3438 7090 3442 7090 4168 7090 3438 7091 4168 7091 3439 7091 4168 7092 3863 7092 3862 7092 3864 7093 2434 7093 3221 7093 3223 7094 3141 7094 3145 7094 3223 7095 3145 7095 3242 7095 3242 7096 3147 7096 1904 7096 3145 7097 3147 7097 3242 7097 3242 7098 2474 7098 3223 7098 3870 7099 3866 7099 4169 7099 3870 7100 4169 7100 4170 7100 4170 7101 4171 7101 4172 7101 4170 7102 4172 7102 4173 7102 4170 7103 4173 7103 3870 7103 3870 7104 4173 7104 4174 7104 3870 7105 4174 7105 4175 7105 4176 7106 4171 7106 4169 7106 4169 7107 4171 7107 4170 7107 4176 7108 4169 7108 4177 7108 4176 7109 4177 7109 4178 7109 4178 7110 4177 7110 4179 7110 4179 7111 4177 7111 4180 7111 4180 7112 4177 7112 4181 7112 4180 7113 4181 7113 4182 7113 4182 7114 4181 7114 4183 7114 4183 7115 4181 7115 4184 7115 4184 7116 4181 7116 4185 7116 3866 7117 4181 7117 4177 7117 4169 7118 3866 7118 4177 7118 3866 7119 3868 7119 4181 7119 4186 7120 4187 7120 4188 7120 4025 7121 4187 7121 4022 7121 4022 7122 4187 7122 4189 7122 4022 7123 4189 7123 4190 7123 4022 7124 4190 7124 3867 7124 4187 7125 4186 7125 4189 7125 4189 7126 4186 7126 4190 7126 4190 7127 4186 7127 3868 7127 3867 7128 4190 7128 3868 7128 4188 7129 4187 7129 4025 7129 4191 7130 4192 7130 4193 7130 3871 7131 3735 7131 4194 7131 3871 7132 4195 7132 4196 7132 3871 7133 4196 7133 4197 7133 3871 7134 4197 7134 4192 7134 4192 7135 4197 7135 4193 7135 4192 7136 4198 7136 3871 7136 4198 7137 3872 7137 3871 7137 4021 7138 4199 7138 4023 7138 4200 7139 4199 7139 4201 7139 4201 7140 4199 7140 4202 7140 4201 7141 4202 7141 4203 7141 4201 7142 4203 7142 3873 7142 4199 7143 4021 7143 4202 7143 4202 7144 4021 7144 4203 7144 4203 7145 4021 7145 3874 7145 3873 7146 4203 7146 3874 7146 4023 7147 4199 7147 4200 7147 3872 7148 4198 7148 4204 7148 4205 7149 4204 7149 4206 7149 4206 7150 4204 7150 4207 7150 4207 7151 4204 7151 4208 7151 4208 7152 4204 7152 4209 7152 4209 7153 4204 7153 4210 7153 4210 7154 4204 7154 4211 7154 4212 7155 4211 7155 4213 7155 4213 7156 4211 7156 4191 7156 4192 7157 4191 7157 4198 7157 4204 7158 3873 7158 3872 7158 4198 7159 4191 7159 4211 7159 4204 7160 4198 7160 4211 7160 3150 7161 2489 7161 1908 7161 2489 7162 3150 7162 3146 7162 2489 7163 3146 7163 3140 7163 3864 7164 2489 7164 3140 7164 2016 7165 2015 7165 3888 7165 3888 7166 2015 7166 3878 7166 3888 7167 3878 7167 3889 7167 3889 7168 3878 7168 4214 7168 3889 7169 4214 7169 2757 7169 1520 7170 2757 7170 1523 7170 1523 7171 2757 7171 4214 7171 3419 7172 2044 7172 3422 7172 4214 7173 3422 7173 1523 7173 3422 7174 1518 7174 1523 7174 3422 7175 2044 7175 1518 7175 3422 7176 4214 7176 3878 7176 3406 7177 3879 7177 3880 7177 4215 7178 3457 7178 3880 7178 3879 7179 3882 7179 4215 7179 3880 7180 3457 7180 3404 7180 3880 7181 3879 7181 4215 7181 4216 7182 4215 7182 3882 7182 3457 7183 4215 7183 4216 7183 3882 7184 3885 7184 4216 7184 4216 7185 3456 7185 3457 7185 4216 7186 3885 7186 3903 7186 3903 7187 3454 7187 3456 7187 3903 7188 3456 7188 4216 7188 2013 7189 2012 7189 4217 7189 3427 7190 3428 7190 4218 7190 3427 7191 4218 7191 4219 7191 3427 7192 4219 7192 4220 7192 4220 7193 4219 7193 4221 7193 4220 7194 4221 7194 3893 7194 4220 7195 3893 7195 3892 7195 4220 7196 3892 7196 3891 7196 4220 7197 3891 7197 4217 7197 4217 7198 3891 7198 4222 7198 4217 7199 4222 7199 4223 7199 4217 7200 4223 7200 4224 7200 4217 7201 4224 7201 3902 7201 3902 7202 4224 7202 4225 7202 4217 7203 2012 7203 4220 7203 4220 7204 2012 7204 3427 7204 3428 7205 3434 7205 4218 7205 4218 7206 3434 7206 4219 7206 4219 7207 3434 7207 3435 7207 4219 7208 3435 7208 4221 7208 4221 7209 3435 7209 3893 7209 3893 7210 3435 7210 3890 7210 3890 7211 3435 7211 4226 7211 3890 7212 4226 7212 3891 7212 3891 7213 4226 7213 4222 7213 4222 7214 4226 7214 4223 7214 4223 7215 4226 7215 4227 7215 4223 7216 4227 7216 4224 7216 4224 7217 4227 7217 4225 7217 2009 7218 4226 7218 3435 7218 2009 7219 3435 7219 3433 7219 2008 7220 4226 7220 2009 7220 4227 7221 4226 7221 3899 7221 4226 7222 2008 7222 3899 7222 3899 7223 2008 7223 2007 7223 3901 7224 3899 7224 3448 7224 3901 7225 3900 7225 3899 7225 3899 7226 3900 7226 4227 7226 3900 7227 4225 7227 4227 7227 2013 7228 3902 7228 3447 7228 3447 7229 3902 7229 3901 7229 3900 7230 3902 7230 4225 7230 2013 7231 4217 7231 3902 7231 4228 7232 3605 7232 3995 7232 3906 7233 4228 7233 4229 7233 4229 7234 3907 7234 3906 7234 4228 7235 3906 7235 3605 7235 4230 7236 3907 7236 4229 7236 3539 7237 3907 7237 4230 7237 3919 1999 3918 1999 3929 1999 4137 7238 3556 7238 3916 7238 3916 7239 3556 7239 3562 7239 3609 7240 3997 7240 4231 7240 4231 7241 3997 7241 4134 7241 4231 7242 4134 7242 4232 7242 4232 7243 4134 7243 4135 7243 4232 7244 4135 7244 4233 7244 4233 7245 4135 7245 4136 7245 4136 7246 3915 7246 3606 7246 3606 7247 3607 7247 4136 7247 4136 7248 3607 7248 4233 7248 3607 7249 3608 7249 4233 7249 4233 7250 3608 7250 4232 7250 4232 7251 3608 7251 4231 7251 4231 7252 3608 7252 3609 7252 3925 7253 3542 7253 3539 7253 3539 7254 4230 7254 3924 7254 4230 7255 4234 7255 3924 7255 3914 7256 3924 7256 4234 7256 3924 7257 3913 7257 3925 7257 3924 7258 3925 7258 3539 7258 3926 7259 3549 7259 3928 7259 3929 7260 4235 7260 3921 7260 3921 7261 4235 7261 3927 7261 4235 7262 3928 7262 3927 7262 3928 7263 3550 7263 3926 7263 3550 7264 3928 7264 3931 7264 3931 7265 3553 7265 3550 7265 3931 7266 3928 7266 3923 7266 3928 7267 4235 7267 3923 7267 3929 7268 3923 7268 4235 7268 3923 7269 3922 7269 3930 7269 3923 7270 3930 7270 3931 7270 3934 7271 3932 7271 4236 7271 4156 7272 4236 7272 3954 7272 3954 7273 4236 7273 3932 7273 3938 2004 3941 2004 3960 2004 3960 2004 3941 2004 3963 2004 3949 7274 4237 7274 3966 7274 3934 7275 4238 7275 3933 7275 3933 7276 4238 7276 4239 7276 3933 7277 4239 7277 3935 7277 3935 7278 4239 7278 4240 7278 3935 7279 4240 7279 3936 7279 3936 7280 4240 7280 4241 7280 3936 7281 4241 7281 3937 7281 3937 7282 4241 7282 4242 7282 3937 7283 4242 7283 3939 7283 3939 7284 4242 7284 4243 7284 3939 7285 4243 7285 3940 7285 3940 7286 4243 7286 4244 7286 3940 7287 4244 7287 3942 7287 3942 7288 4244 7288 3943 7288 3943 7289 4244 7289 4245 7289 3943 7290 4245 7290 3944 7290 3944 7291 4245 7291 4246 7291 3944 7292 4246 7292 3945 7292 3945 7293 4246 7293 4247 7293 3945 7294 4247 7294 3946 7294 3946 7295 4247 7295 4248 7295 3946 7296 4248 7296 3947 7296 3947 7297 4248 7297 4249 7297 3947 7298 4249 7298 3948 7298 3948 7299 4249 7299 4250 7299 3948 7300 4250 7300 4237 7300 4237 7301 3949 7301 3948 7301 3955 7302 3569 7302 4251 7302 4251 7303 3569 7303 4252 7303 4252 7304 3569 7304 3956 7304 4252 7305 3956 7305 3957 7305 4253 7306 4254 7306 3960 7306 3960 7307 4254 7307 3952 7307 3952 7308 4254 7308 3959 7308 4255 7309 4254 7309 4253 7309 4254 7310 4255 7310 3958 7310 4254 7311 3958 7311 3956 7311 3956 7312 3564 7312 3959 7312 3956 7313 3959 7313 4254 7313 3957 7314 3570 7314 4252 7314 4252 7315 3570 7315 4251 7315 4251 7316 3570 7316 3961 7316 3961 7317 3955 7317 4251 7317 3965 7318 3571 7318 3962 7318 3962 7319 3957 7319 4256 7319 3570 7320 3957 7320 3962 7320 3958 7321 4255 7321 4256 7321 4253 7322 4256 7322 4255 7322 3963 7323 4256 7323 4253 7323 4256 7324 3963 7324 3951 7324 4256 7325 3951 7325 3964 7325 4256 7326 3964 7326 3965 7326 4256 7327 3965 7327 3962 7327 3967 7328 3970 7328 3966 7328 3970 7329 3573 7329 3966 7329 4257 7330 4160 7330 4159 7330 3972 7331 4159 7331 3582 7331 3972 7332 4258 7332 4259 7332 3972 7333 3971 7333 4260 7333 3972 7334 4260 7334 4258 7334 3972 7335 4259 7335 4159 7335 4159 7336 4259 7336 4261 7336 4159 7337 4261 7337 4257 7337 4161 7338 4160 7338 4257 7338 3975 7339 4260 7339 3971 7339 4260 7340 3975 7340 4164 7340 4260 7341 4164 7341 4258 7341 4258 7342 4164 7342 4163 7342 4258 7343 4163 7343 4259 7343 4259 7344 4163 7344 4162 7344 4259 7345 4162 7345 4261 7345 4261 7346 4162 7346 4257 7346 4257 7347 4162 7347 4161 7347 4262 7348 4154 7348 3993 7348 3993 7349 4154 7349 4157 7349 3993 7350 4157 7350 3992 7350 3992 967 4157 967 4166 967 3992 7351 4166 7351 3991 7351 3991 967 4166 967 4167 967 3991 967 4167 967 3990 967 3990 967 4167 967 4165 967 3990 7352 4165 7352 3989 7352 3989 7353 4165 7353 3988 7353 3988 7354 4165 7354 3968 7354 3988 7355 3968 7355 3987 7355 3987 7356 3968 7356 4263 7356 4263 7357 3968 7357 3967 7357 3987 967 4263 967 3986 967 3986 7358 4263 7358 3985 7358 3985 967 4263 967 3984 967 3984 967 4263 967 3983 967 3983 7359 4263 7359 4264 7359 3983 7360 4264 7360 3982 7360 3982 7361 4264 7361 4265 7361 3982 7362 4265 7362 3981 7362 3981 7363 4265 7363 3980 7363 3980 7364 4265 7364 3979 7364 3979 7365 4265 7365 3978 7365 3978 7366 4265 7366 3977 7366 3977 7367 4265 7367 4262 7367 3977 7368 4262 7368 3976 7368 3976 7369 4262 7369 3994 7369 3994 7370 4262 7370 3993 7370 3912 7371 3914 7371 4234 7371 4234 7372 4228 7372 3995 7372 3604 7373 3911 7373 3995 7373 3911 7374 3912 7374 3995 7374 3995 7375 3912 7375 4234 7375 3610 7376 4266 7376 3627 7376 3627 7377 4266 7377 3628 7377 3628 7378 4266 7378 4267 7378 3628 7379 4267 7379 3630 7379 3630 7380 4267 7380 4268 7380 3630 7381 4268 7381 4269 7381 3630 7382 4269 7382 3631 7382 3631 7383 4269 7383 4270 7383 3631 7384 4270 7384 3632 7384 3632 7385 4270 7385 4271 7385 3632 7386 4271 7386 3633 7386 3633 7387 4271 7387 4272 7387 3633 7388 4272 7388 3634 7388 3634 7389 4272 7389 4273 7389 3634 7390 4273 7390 3635 7390 3629 7391 3635 7391 3616 7391 3616 7392 3635 7392 3621 7392 3621 7393 3635 7393 3620 7393 3620 7394 3635 7394 4273 7394 3620 7395 4273 7395 4272 7395 3620 7396 4272 7396 3619 7396 3619 7397 4272 7397 4271 7397 3619 7398 4271 7398 3618 7398 3618 7399 4271 7399 4270 7399 3618 7383 4270 7383 3617 7383 3617 7383 4270 7383 4269 7383 3617 7400 4269 7400 3615 7400 3615 7401 4269 7401 4268 7401 3615 7402 4268 7402 4267 7402 3615 7403 4267 7403 3614 7403 3614 7404 4267 7404 4266 7404 3614 7405 4266 7405 3610 7405 3647 7406 3998 7406 4140 7406 4139 7407 4138 7407 4274 7407 4274 7408 4138 7408 4131 7408 4274 7409 4131 7409 4275 7409 4275 7410 4131 7410 3996 7410 3996 7411 3622 7411 4275 7411 4275 7412 3622 7412 3646 7412 4275 7413 3646 7413 4274 7413 4274 7414 3646 7414 3649 7414 4274 7415 3649 7415 4139 7415 4139 7416 3649 7416 4140 7416 4140 7417 3649 7417 3648 7417 4140 7418 3648 7418 3647 7418 3676 7419 4128 7419 3677 7419 3677 7420 4128 7420 3999 7420 4009 1999 4008 1999 4076 1999 4003 7421 4000 7421 4016 7421 4002 7422 3638 7422 4017 7422 4002 7423 4017 7423 4276 7423 4276 7424 4016 7424 4002 7424 4277 7425 4017 7425 4018 7425 4277 7426 4018 7426 4019 7426 4277 7427 4019 7427 4081 7427 4081 7428 4019 7428 4020 7428 4080 7429 4020 7429 3645 7429 4278 7430 4029 7430 4279 7430 4279 7431 4029 7431 4027 7431 4033 7432 4280 7432 4149 7432 4033 7433 4149 7433 4032 7433 4149 7434 4280 7434 4150 7434 4150 7435 4280 7435 4281 7435 4150 7436 4281 7436 4282 7436 4150 7437 4282 7437 4152 7437 4152 7438 4282 7438 4283 7438 4152 7439 4283 7439 4151 7439 4151 7440 4283 7440 4284 7440 4151 7441 4284 7441 4153 7441 4280 7442 4033 7442 3657 7442 4035 7443 4034 7443 3831 7443 4035 7444 4282 7444 4281 7444 4035 7445 3831 7445 4282 7445 3831 7446 4284 7446 4283 7446 3831 7447 4153 7447 4284 7447 3831 7448 4283 7448 4282 7448 4035 7449 4281 7449 3657 7449 3657 7450 4281 7450 4280 7450 4285 7451 4286 7451 4038 7451 4038 7452 4286 7452 4036 7452 4036 7453 4286 7453 4039 7453 4036 7454 4039 7454 4040 7454 4286 7455 4287 7455 4039 7455 4287 7456 4288 7456 4039 7456 3659 7457 4039 7457 4288 7457 4041 7458 3667 7458 4289 7458 4289 7459 3667 7459 4288 7459 4289 7460 4288 7460 4287 7460 3667 7461 3659 7461 4288 7461 4045 7462 4047 7462 4044 7462 4044 7463 4047 7463 4042 7463 4042 7464 4047 7464 3661 7464 4046 7465 4045 7465 4049 7465 4037 7466 4056 7466 4038 7466 4038 3441 4056 3441 4072 3441 4290 7467 4144 7467 4066 7467 4066 7468 4144 7468 4068 7468 4066 7469 4064 7469 4290 7469 4290 7470 4064 7470 4291 7470 4291 7471 4064 7471 4065 7471 4063 7472 4292 7472 4065 7472 4049 7473 4293 7473 4048 7473 4048 7474 4293 7474 4294 7474 4048 7475 4294 7475 4050 7475 4050 7476 4294 7476 4295 7476 4050 7477 4295 7477 4051 7477 4051 7478 4295 7478 4296 7478 4051 7479 4296 7479 4052 7479 4052 7480 4296 7480 4297 7480 4052 7481 4297 7481 4053 7481 4053 7482 4297 7482 4298 7482 4053 7483 4298 7483 4054 7483 4054 7484 4298 7484 4299 7484 4054 7485 4299 7485 4055 7485 4055 7486 4299 7486 4300 7486 4055 7487 4300 7487 4057 7487 4057 7488 4300 7488 4058 7488 4058 7489 4300 7489 4301 7489 4058 7490 4301 7490 4059 7490 4059 7491 4301 7491 4302 7491 4059 7492 4302 7492 4060 7492 4060 7493 4302 7493 4303 7493 4060 7494 4303 7494 4061 7494 4061 7495 4303 7495 4304 7495 4061 7496 4304 7496 4062 7496 4062 7497 4304 7497 4305 7497 4062 7498 4305 7498 4063 7498 4063 7499 4305 7499 4292 7499 4306 7500 4074 7500 4289 7500 4289 7501 4074 7501 3668 7501 4289 7502 3668 7502 4041 7502 4041 7503 3668 7503 4071 7503 4306 7504 4289 7504 4287 7504 4073 7505 3671 7505 4074 7505 4307 7506 4074 7506 4306 7506 4287 7507 4286 7507 4307 7507 4285 7508 4307 7508 4286 7508 4072 7509 4307 7509 4285 7509 4307 7510 4072 7510 4070 7510 4307 7511 4070 7511 4073 7511 4307 7512 4073 7512 4074 7512 4075 7513 3686 7513 4308 7513 4308 7514 3686 7514 4309 7514 3686 7515 3682 7515 4077 7515 4077 7516 4309 7516 3686 7516 4076 7517 4310 7517 4012 7517 4012 7518 4310 7518 4077 7518 4012 7519 4077 7519 4013 7519 4077 7520 4310 7520 4309 7520 4309 7521 4079 7521 4308 7521 4308 7522 4079 7522 3687 7522 4308 7523 3687 7523 4075 7523 4078 7524 3690 7524 4079 7524 4079 7525 4309 7525 4311 7525 4309 7526 4310 7526 4311 7526 4311 7527 4076 7527 4011 7527 4311 7528 4011 7528 4079 7528 4079 7529 4011 7529 4078 7529 4312 7530 4080 7530 4016 7530 4016 7531 4080 7531 4005 7531 4005 7532 4080 7532 4006 7532 4312 7533 4081 7533 4080 7533 4080 7534 3645 7534 3693 7534 4080 7535 3693 7535 4006 7535 4092 855 4313 855 4093 855 4093 7536 4313 7536 4094 7536 4094 855 4313 855 4095 855 4095 7537 4313 7537 4314 7537 4095 855 4314 855 4096 855 4096 855 4314 855 4097 855 4097 855 4314 855 4098 855 4098 855 4314 855 4099 855 4099 855 4314 855 4315 855 4099 7538 4315 7538 4100 7538 4100 855 4315 855 4082 855 4082 855 4315 855 4083 855 4083 855 4315 855 4084 855 4084 855 4315 855 4145 855 4145 7539 4315 7539 4043 7539 4043 7540 4315 7540 4044 7540 4084 855 4145 855 4085 855 4085 7541 4145 7541 4146 7541 4085 7542 4146 7542 4086 7542 4086 855 4146 855 4147 855 4086 855 4147 855 4087 855 4087 855 4147 855 4148 855 4087 855 4148 855 4088 855 4088 7543 4148 7543 4143 7543 4088 7544 4143 7544 4089 7544 4089 7545 4143 7545 4090 7545 4090 855 4143 855 4313 855 4313 7546 4143 7546 4316 7546 4090 855 4313 855 4091 855 4091 855 4313 855 4092 855 3871 7547 4194 7547 4195 7547 4195 7548 4194 7548 4317 7548 4113 7549 4114 7549 4318 7549 4318 7550 4114 7550 4319 7550 4319 7551 4320 7551 4318 7551 4321 7552 4318 7552 4317 7552 4322 7553 4323 7553 4318 7553 4318 7554 4323 7554 4317 7554 4321 7555 4317 7555 4324 7555 4194 7556 4324 7556 4317 7556 4325 7557 4194 7557 4103 7557 4325 7558 4103 7558 4104 7558 4194 7559 3735 7559 4101 7559 4194 7560 4101 7560 4102 7560 4194 7561 4102 7561 4103 7561 4325 7562 4104 7562 4105 7562 4325 7563 4105 7563 4106 7563 4325 7564 4106 7564 4321 7564 4321 7565 4106 7565 4107 7565 4321 7566 4107 7566 4108 7566 4321 7567 4108 7567 4109 7567 4321 7568 4109 7568 4110 7568 4321 7569 4110 7569 4111 7569 4321 7570 4111 7570 4318 7570 4318 7571 4111 7571 4112 7571 4318 7572 4112 7572 4113 7572 4325 7573 4321 7573 4324 7573 4194 7574 4325 7574 4324 7574 4320 7575 4319 7575 4115 7575 4322 7576 4318 7576 4320 7576 4319 7577 4114 7577 4115 7577 4326 7578 4175 7578 4327 7578 4175 7579 4174 7579 4327 7579 4326 7580 4327 7580 4328 7580 4328 7581 4323 7581 4322 7581 4326 7582 4122 7582 4123 7582 4322 7583 4320 7583 4328 7583 4326 7584 4120 7584 4121 7584 4326 7585 4328 7585 4120 7585 4328 7586 4320 7586 4115 7586 4328 7587 4115 7587 4116 7587 4116 7588 4120 7588 4328 7588 4326 7589 4121 7589 4122 7589 4326 7590 4123 7590 4124 7590 4326 7591 4124 7591 4125 7591 4326 7592 4125 7592 4126 7592 4326 7593 4126 7593 4175 7593 4175 7594 4126 7594 4127 7594 4175 7595 4127 7595 4119 7595 4175 7596 4119 7596 4118 7596 4175 7597 4118 7597 4117 7597 4175 7598 4117 7598 3869 7598 4175 7599 3869 7599 3870 7599 4210 7600 4211 7600 4212 7600 4329 7601 4213 7601 4191 7601 4329 7602 4191 7602 4193 7602 4183 7603 4184 7603 4206 7603 4206 7604 4184 7604 4330 7604 4178 7605 4331 7605 4176 7605 4332 7606 4333 7606 4334 7606 4335 7607 4334 7607 4205 7607 4335 7608 4205 7608 4330 7608 4183 7609 4206 7609 4207 7609 4183 7610 4207 7610 4182 7610 4182 7611 4207 7611 4208 7611 4182 7612 4208 7612 4180 7612 4180 7613 4208 7613 4209 7613 4188 7614 4185 7614 4186 7614 4186 7615 4185 7615 3868 7615 3868 7616 4185 7616 4181 7616 4028 7617 4336 7617 4025 7617 4025 7618 4336 7618 4188 7618 4188 7619 4336 7619 4337 7619 4024 7620 4023 7620 4338 7620 4338 7621 4023 7621 4200 7621 4338 7622 4200 7622 4339 7622 4200 7623 4201 7623 4340 7623 4340 7624 4204 7624 4205 7624 4201 7625 3873 7625 4340 7625 4340 7626 3873 7626 4204 7626 4234 7627 4229 7627 4228 7627 4234 7628 4230 7628 4229 7628 3934 7629 4236 7629 4341 7629 3934 7630 4341 7630 4262 7630 4236 7631 4156 7631 4155 7631 4262 7632 4341 7632 4154 7632 4236 7633 4155 7633 4341 7633 4341 7634 4155 7634 4154 7634 3963 7635 4253 7635 3960 7635 4248 7636 4247 7636 4264 7636 4264 7637 4247 7637 4246 7637 4264 7638 4246 7638 4342 7638 4342 7639 4246 7639 4245 7639 4342 7640 4245 7640 4244 7640 4342 7641 4244 7641 4243 7641 4342 7642 4243 7642 4343 7642 4343 7643 4243 7643 4242 7643 4343 7644 4242 7644 4241 7644 4343 7645 4241 7645 4240 7645 4343 7646 4240 7646 4239 7646 4238 7647 4262 7647 4239 7647 4262 7648 4265 7648 4239 7648 4239 7649 4265 7649 4343 7649 4343 7650 4265 7650 4342 7650 4342 7651 4265 7651 4264 7651 4248 7652 4264 7652 4263 7652 4248 7653 4263 7653 4249 7653 4249 7654 4263 7654 4250 7654 3957 7655 3958 7655 4256 7655 4262 7656 4238 7656 3934 7656 3967 7657 4250 7657 4263 7657 3966 7658 4250 7658 3967 7658 4237 7659 4250 7659 3966 7659 4076 7660 4311 7660 4310 7660 4276 7661 4081 7661 4312 7661 4276 7662 4312 7662 4016 7662 4017 7663 4277 7663 4276 7663 4081 7664 4276 7664 4277 7664 4278 7665 4279 7665 4344 7665 4279 7666 4345 7666 4344 7666 4344 7667 4345 7667 4346 7667 4347 7668 4348 7668 4349 7668 4349 7669 4348 7669 4350 7669 4351 7670 4352 7670 4278 7670 4353 7671 4028 7671 4030 7671 4352 7672 4351 7672 4354 7672 4354 7673 4351 7673 4353 7673 4353 7674 4351 7674 4336 7674 4028 7675 4353 7675 4336 7675 4353 7676 4030 7676 4354 7676 4354 7677 4030 7677 4352 7677 4030 7678 4029 7678 4352 7678 4278 7679 4352 7679 4029 7679 4355 7680 4356 7680 4338 7680 4357 7681 4027 7681 4026 7681 4356 7682 4355 7682 4358 7682 4358 7683 4355 7683 4357 7683 4357 7684 4355 7684 4279 7684 4027 7685 4357 7685 4279 7685 4357 7686 4026 7686 4358 7686 4358 7687 4026 7687 4356 7687 4356 7688 4026 7688 4024 7688 4338 7689 4356 7689 4024 7689 4315 7690 4045 7690 4044 7690 4045 7691 4293 7691 4049 7691 4072 7692 4285 7692 4038 7692 4290 7693 4291 7693 4144 7693 4316 7694 4143 7694 3821 7694 4316 7695 3821 7695 4291 7695 4291 7696 3821 7696 4144 7696 4291 7697 4065 7697 4316 7697 4292 7698 4305 7698 4359 7698 4359 7699 4305 7699 4304 7699 4359 7700 4304 7700 4303 7700 4359 7701 4303 7701 4360 7701 4360 7702 4303 7702 4302 7702 4360 7703 4302 7703 4301 7703 4360 7704 4301 7704 4300 7704 4360 7705 4300 7705 4299 7705 4361 7706 4299 7706 4298 7706 4361 7707 4298 7707 4297 7707 4361 7708 4297 7708 4296 7708 4362 7709 4296 7709 4295 7709 4362 7710 4295 7710 4294 7710 4362 7711 4294 7711 4293 7711 4293 7712 4315 7712 4362 7712 4315 7713 4314 7713 4362 7713 4362 7714 4361 7714 4296 7714 4362 7715 4314 7715 4361 7715 4361 7716 4314 7716 4299 7716 4299 7717 4314 7717 4360 7717 4360 7718 4314 7718 4313 7718 4360 7719 4313 7719 4359 7719 4359 7720 4313 7720 4292 7720 4306 7721 4287 7721 4307 7721 4316 7722 4292 7722 4313 7722 4065 7723 4292 7723 4316 7723 4315 7724 4293 7724 4045 7724 4327 7725 4323 7725 4328 7725 4323 7726 4327 7726 4317 7726 4172 7727 4363 7727 4173 7727 4173 7728 4363 7728 4174 7728 4174 7729 4363 7729 4364 7729 4364 7730 4365 7730 4366 7730 4363 7731 4365 7731 4364 7731 4171 7732 4363 7732 4172 7732 4329 7733 4367 7733 4213 7733 4213 7734 4367 7734 4212 7734 4212 7735 4367 7735 4210 7735 4210 7736 4367 7736 4209 7736 4209 7737 4367 7737 4368 7737 4368 7738 4367 7738 4369 7738 4369 7739 4367 7739 4370 7739 4370 7740 4367 7740 4371 7740 4329 7741 4371 7741 4367 7741 4368 7742 4180 7742 4209 7742 4180 7743 4372 7743 4179 7743 4179 7744 4372 7744 4373 7744 4373 7745 4372 7745 4374 7745 4373 7746 4374 7746 4375 7746 4180 7747 4368 7747 4372 7747 4372 7748 4368 7748 4374 7748 4374 7749 4368 7749 4369 7749 4370 7750 4375 7750 4369 7750 4369 7751 4375 7751 4374 7751 4363 7752 4171 7752 4176 7752 4331 7753 4178 7753 4179 7753 4363 7754 4176 7754 4365 7754 4179 7755 4373 7755 4331 7755 4176 7756 4331 7756 4365 7756 4373 7757 4375 7757 4331 7757 4331 7758 4375 7758 4366 7758 4331 7759 4366 7759 4365 7759 4185 7760 4188 7760 4337 7760 4335 7761 4185 7761 4334 7761 4334 7762 4185 7762 4332 7762 4335 7763 4330 7763 4185 7763 4185 7764 4330 7764 4184 7764 4376 7765 4377 7765 4378 7765 4376 7766 4378 7766 4350 7766 4332 7767 4379 7767 4333 7767 4380 7768 4381 7768 4377 7768 4377 7769 4381 7769 4378 7769 4378 7770 4381 7770 4350 7770 4206 7771 4330 7771 4205 7771 4334 7772 4333 7772 4205 7772 4200 7773 4340 7773 4339 7773 4382 7774 4340 7774 4205 7774 4349 7775 4350 7775 4381 7775 4383 7776 4381 7776 4337 7776 4383 7777 4337 7777 4336 7777 4383 7778 4336 7778 4351 7778 4383 7779 4344 7779 4346 7779 4383 7780 4351 7780 4278 7780 4383 7781 4278 7781 4344 7781 4383 7782 4346 7782 4384 7782 4383 7783 4384 7783 4385 7783 4383 7784 4385 7784 4386 7784 4383 7785 4386 7785 4347 7785 4383 7786 4347 7786 4349 7786 4383 7787 4349 7787 4381 7787 4193 7788 4387 7788 4329 7788 4196 7789 4195 7789 4388 7789 4196 7790 4388 7790 4387 7790 4196 7791 4387 7791 4197 7791 4197 7792 4387 7792 4193 7792 4329 7793 4387 7793 4371 7793 4371 7794 4387 7794 4388 7794 4195 7795 4389 7795 4388 7795 4345 7796 4279 7796 4355 7796 4355 7797 4338 7797 4339 7797 4355 7798 4339 7798 4390 7798 4390 7799 4347 7799 4386 7799 4350 7800 4348 7800 4376 7800 4376 7801 4348 7801 4390 7801 4348 7802 4347 7802 4390 7802 4390 7803 4386 7803 4385 7803 4390 7804 4385 7804 4355 7804 4355 7805 4385 7805 4384 7805 4355 7806 4384 7806 4346 7806 4355 7807 4346 7807 4345 7807 4327 7808 4174 7808 4364 7808 4391 7809 4392 7809 4393 7809 4391 7810 4364 7810 4394 7810 4391 7811 4394 7811 4395 7811 4364 7812 4396 7812 4394 7812 4364 7813 4397 7813 4396 7813 4391 7814 4398 7814 4327 7814 4391 7815 4327 7815 4364 7815 4398 7816 4391 7816 4399 7816 4399 7817 4391 7817 4393 7817 4400 7818 4399 7818 4393 7818 4317 7819 4327 7819 4389 7819 4389 7820 4327 7820 4398 7820 4398 7821 4399 7821 4389 7821 4389 7822 4401 7822 4402 7822 4389 7823 4399 7823 4400 7823 4389 7824 4400 7824 4401 7824 4389 7825 4402 7825 4403 7825 4403 7826 4404 7826 4389 7826 4389 7827 4404 7827 4405 7827 4389 7828 4405 7828 4406 7828 4389 7829 4406 7829 4388 7829 4388 7830 4406 7830 4407 7830 4389 7831 4195 7831 4317 7831 4366 7832 4408 7832 4397 7832 4366 7833 4397 7833 4364 7833 4408 7834 4366 7834 4375 7834 4370 7835 4371 7835 4409 7835 4409 7836 4371 7836 4407 7836 4407 7837 4371 7837 4388 7837 4410 7838 4411 7838 4412 7838 4412 7839 4413 7839 4410 7839 4410 7840 4413 7840 4414 7840 4414 7841 4413 7841 4415 7841 4414 7842 4415 7842 4416 7842 4415 7843 4413 7843 4417 7843 4415 7844 4417 7844 4418 7844 4418 7845 4417 7845 4409 7845 4409 7846 4417 7846 4408 7846 4409 7847 4408 7847 4375 7847 4375 6087 4370 6087 4409 6087 4414 7848 4416 7848 4419 7848 4414 7849 4419 7849 4401 7849 4332 7850 4185 7850 4379 7850 4420 7851 4185 7851 4380 7851 4380 7852 4185 7852 4381 7852 4420 7853 4379 7853 4185 7853 4185 7854 4337 7854 4381 7854 4390 7855 4339 7855 4376 7855 4376 7856 4339 7856 4340 7856 4376 7857 4340 7857 4382 7857 4205 7858 4333 7858 4379 7858 4205 7859 4379 7859 4382 7859 4382 7860 4379 7860 4420 7860 4420 7861 4380 7861 4382 7861 4382 7862 4380 7862 4377 7862 4382 7863 4377 7863 4376 7863 4393 7864 4410 7864 4400 7864 4400 7865 4410 7865 4414 7865 4397 7866 4408 7866 4396 7866 4391 7867 4395 7867 4392 7867 4393 7868 4392 7868 4410 7868 4410 7869 4392 7869 4411 7869 4411 7870 4392 7870 4395 7870 4411 7871 4395 7871 4412 7871 4412 7872 4395 7872 4394 7872 4412 7873 4394 7873 4413 7873 4413 7874 4394 7874 4396 7874 4413 7875 4396 7875 4417 7875 4417 7876 4396 7876 4408 7876 4407 7877 4406 7877 4409 7877 4409 7878 4406 7878 4418 7878 4418 7879 4406 7879 4415 7879 4415 7880 4406 7880 4405 7880 4415 7881 4405 7881 4404 7881 4415 7882 4404 7882 4416 7882 4416 7883 4404 7883 4403 7883 4416 7884 4403 7884 4419 7884 4419 7885 4403 7885 4402 7885 4419 7886 4402 7886 4401 7886 4401 7887 4400 7887 4414 7887 4421 855 4422 855 4423 855 4423 7888 4422 7888 4424 7888 4423 855 4424 855 4425 855 4425 7889 4424 7889 4426 7889 4425 855 4426 855 4427 855 4427 855 4426 855 4428 855 4427 7890 4428 7890 4429 7890 4427 7891 4429 7891 4430 7891 4427 855 4430 855 4431 855 4431 7892 4430 7892 4432 7892 4431 7893 4432 7893 4433 7893 4431 855 4433 855 4434 855 4434 7894 4433 7894 4435 7894 4434 7895 4435 7895 4436 7895 4434 7896 4436 7896 4437 7896 4434 7897 4437 7897 4438 7897 4438 7898 4437 7898 4439 7898 4438 7899 4439 7899 4440 7899 4440 7900 4439 7900 4441 7900 4440 7901 4441 7901 4442 7901 4440 7902 4442 7902 4443 7902 4440 855 4443 855 4444 855 4444 855 4443 855 4445 855 4445 7903 4443 7903 4446 7903 4445 7904 4446 7904 4447 7904 4445 855 4447 855 4448 855 4445 7905 4448 7905 4449 7905 4449 855 4448 855 4450 855 4449 855 4450 855 4451 855 4449 855 4451 855 4452 855 4452 7906 4451 7906 4453 7906 4452 855 4453 855 4454 855 4452 7907 4454 7907 4455 7907 4452 7908 4455 7908 4456 7908 4456 855 4455 855 4457 855 4456 855 4457 855 4458 855 4456 7909 4458 7909 4459 7909 4459 855 4458 855 4460 855 4459 855 4460 855 4461 855 4459 855 4461 855 4462 855 4462 7910 4461 7910 4463 7910 4462 855 4463 855 4464 855 4462 855 4464 855 4465 855 4465 7911 4464 7911 4466 7911 4465 7912 4466 7912 4467 7912 4467 7913 4466 7913 4468 7913 4467 7914 4468 7914 4469 7914 4467 855 4469 855 4470 855 4470 855 4469 855 4471 855 4470 855 4471 855 4472 855 4472 7915 4471 7915 4473 7915 4472 7916 4473 7916 4474 7916 4472 855 4474 855 4475 855 4475 7917 4474 7917 4476 7917 4475 7918 4476 7918 4477 7918 4475 855 4477 855 4478 855 4478 7919 4477 7919 4479 7919 4478 855 4479 855 4480 855 4478 855 4480 855 4481 855 4481 7920 4480 7920 4482 7920 4481 7921 4482 7921 4483 7921 4481 7922 4483 7922 4484 7922 4481 855 4484 855 4485 855 4485 7923 4484 7923 4486 7923 4485 7924 4486 7924 4487 7924 4485 855 4487 855 4488 855 4488 855 4487 855 4489 855 4488 7925 4489 7925 4490 7925 4488 7926 4490 7926 4491 7926 4491 7927 4490 7927 4492 7927 4491 7928 4492 7928 4493 7928 4493 7929 4492 7929 4494 7929 4493 7930 4494 7930 4495 7930 4493 855 4495 855 4496 855 4496 7931 4495 7931 4497 7931 4496 855 4497 855 4498 855 4498 855 4497 855 4499 855 4498 7932 4499 7932 4500 7932 4498 855 4500 855 4501 855 4498 7933 4501 7933 4502 7933 4502 855 4501 855 4503 855 4502 855 4503 855 4504 855 4502 855 4504 855 4505 855 4505 855 4504 855 4506 855 4505 7934 4506 7934 4507 7934 4505 7935 4507 7935 4508 7935 4505 7936 4508 7936 4509 7936 4509 855 4508 855 4423 855 4423 7937 4508 7937 4421 7937 4423 7938 4510 7938 4509 7938 4509 7939 4510 7939 4511 7939 4509 7940 4511 7940 4505 7940 4505 7941 4511 7941 4512 7941 4505 7942 4512 7942 4513 7942 4505 7943 4513 7943 4502 7943 4502 7944 4513 7944 4514 7944 4502 7945 4514 7945 4498 7945 4498 7946 4514 7946 4515 7946 4498 7947 4515 7947 4496 7947 4496 7948 4515 7948 4516 7948 4496 7949 4516 7949 4517 7949 4496 7950 4517 7950 4493 7950 4493 7951 4517 7951 4518 7951 4493 7952 4518 7952 4491 7952 4491 7953 4518 7953 4519 7953 4491 7954 4519 7954 4488 7954 4488 7955 4519 7955 4520 7955 4488 7956 4520 7956 4521 7956 4488 7957 4521 7957 4485 7957 4485 7958 4521 7958 4522 7958 4485 7959 4522 7959 4481 7959 4481 7960 4522 7960 4523 7960 4481 7961 4523 7961 4478 7961 4478 7962 4523 7962 4524 7962 4478 7963 4524 7963 4525 7963 4478 7964 4525 7964 4475 7964 4475 7965 4525 7965 4526 7965 4475 7966 4526 7966 4527 7966 4475 7967 4527 7967 4472 7967 4472 7968 4527 7968 4528 7968 4472 7969 4528 7969 4470 7969 4470 7970 4528 7970 4529 7970 4470 7971 4529 7971 4467 7971 4467 7972 4529 7972 4530 7972 4467 7973 4530 7973 4465 7973 4465 7974 4530 7974 4531 7974 4465 7975 4531 7975 4462 7975 4462 7976 4531 7976 4532 7976 4462 7977 4532 7977 4459 7977 4459 7978 4532 7978 4533 7978 4459 7979 4533 7979 4534 7979 4459 7980 4534 7980 4456 7980 4456 7981 4534 7981 4535 7981 4456 7982 4535 7982 4536 7982 4456 7983 4536 7983 4452 7983 4452 7984 4536 7984 4537 7984 4452 7985 4537 7985 4449 7985 4449 7986 4537 7986 4538 7986 4449 7987 4538 7987 4445 7987 4445 7988 4538 7988 4539 7988 4445 7989 4539 7989 4444 7989 4444 7990 4539 7990 4540 7990 4444 7991 4540 7991 4440 7991 4440 7992 4540 7992 4541 7992 4440 7993 4541 7993 4438 7993 4438 7994 4541 7994 4542 7994 4438 7995 4542 7995 4543 7995 4438 7996 4543 7996 4434 7996 4434 7997 4543 7997 4544 7997 4434 7998 4544 7998 4431 7998 4431 7999 4544 7999 4545 7999 4431 8000 4545 8000 4546 8000 4431 8001 4546 8001 4427 8001 4427 8002 4546 8002 4547 8002 4427 8003 4547 8003 4425 8003 4425 8004 4547 8004 4548 8004 4425 8005 4548 8005 4423 8005 4423 8006 4548 8006 4510 8006 4549 8007 4510 8007 4548 8007 4549 8008 4548 8008 4550 8008 4550 8009 4548 8009 4547 8009 4550 8010 4547 8010 4551 8010 4551 8011 4547 8011 4546 8011 4551 8012 4546 8012 4552 8012 4552 8013 4546 8013 4545 8013 4552 8014 4545 8014 4553 8014 4553 8015 4545 8015 4544 8015 4553 8016 4544 8016 4554 8016 4554 8017 4544 8017 4543 8017 4554 8018 4543 8018 4555 8018 4555 8019 4543 8019 4542 8019 4555 8020 4542 8020 4541 8020 4555 8021 4541 8021 4556 8021 4556 8022 4541 8022 4540 8022 4556 8023 4540 8023 4557 8023 4557 8024 4540 8024 4539 8024 4557 8025 4539 8025 4538 8025 4557 8026 4538 8026 4558 8026 4558 8027 4538 8027 4537 8027 4558 8028 4537 8028 4559 8028 4559 8029 4537 8029 4536 8029 4559 8030 4536 8030 4535 8030 4559 8031 4535 8031 4560 8031 4560 8032 4535 8032 4534 8032 4560 8033 4534 8033 4561 8033 4561 8034 4534 8034 4533 8034 4561 8035 4533 8035 4562 8035 4562 8036 4533 8036 4532 8036 4562 8037 4532 8037 4531 8037 4562 8038 4531 8038 4563 8038 4563 8039 4531 8039 4530 8039 4563 8040 4530 8040 4564 8040 4564 8041 4530 8041 4529 8041 4564 8042 4529 8042 4565 8042 4565 8043 4529 8043 4528 8043 4565 8044 4528 8044 4566 8044 4566 8045 4528 8045 4527 8045 4566 8046 4527 8046 4567 8046 4567 8047 4527 8047 4526 8047 4567 8048 4526 8048 4525 8048 4567 8049 4525 8049 4568 8049 4568 8050 4525 8050 4524 8050 4568 8051 4524 8051 4569 8051 4569 8052 4524 8052 4523 8052 4569 8053 4523 8053 4522 8053 4569 8054 4522 8054 4570 8054 4570 8055 4522 8055 4521 8055 4570 8056 4521 8056 4571 8056 4571 8057 4521 8057 4520 8057 4571 8058 4520 8058 4572 8058 4572 8059 4520 8059 4519 8059 4572 8060 4519 8060 4518 8060 4572 8061 4518 8061 4573 8061 4573 8062 4518 8062 4517 8062 4573 8063 4517 8063 4574 8063 4574 8064 4517 8064 4516 8064 4574 8065 4516 8065 4515 8065 4574 8066 4515 8066 4575 8066 4575 8067 4515 8067 4514 8067 4575 8068 4514 8068 4576 8068 4576 8069 4514 8069 4513 8069 4576 8070 4513 8070 4577 8070 4577 8071 4513 8071 4512 8071 4577 8072 4512 8072 4578 8072 4578 8073 4512 8073 4511 8073 4578 8074 4511 8074 4510 8074 4578 8075 4510 8075 4549 8075 4549 967 4579 967 4580 967 4549 967 4580 967 4578 967 4578 967 4580 967 4577 967 4577 967 4580 967 4576 967 4576 967 4580 967 4581 967 4576 967 4581 967 4575 967 4575 8076 4581 8076 4582 8076 4575 8077 4582 8077 4574 8077 4574 8078 4582 8078 4573 8078 4573 967 4582 967 4583 967 4573 967 4583 967 4572 967 4572 8079 4583 8079 4571 8079 4571 967 4583 967 4570 967 4570 967 4583 967 4584 967 4570 967 4584 967 4569 967 4569 8080 4584 8080 4585 8080 4569 967 4585 967 4568 967 4568 967 4585 967 4567 967 4567 8081 4585 8081 4586 8081 4567 8082 4586 8082 4566 8082 4566 8083 4586 8083 4565 8083 4565 8084 4586 8084 4587 8084 4565 8085 4587 8085 4564 8085 4564 967 4587 967 4563 967 4563 967 4587 967 4588 967 4563 967 4588 967 4562 967 4562 967 4588 967 4561 967 4561 8086 4588 8086 4589 8086 4561 8087 4589 8087 4560 8087 4560 8088 4589 8088 4559 8088 4559 8089 4589 8089 4590 8089 4559 967 4590 967 4558 967 4558 967 4590 967 4591 967 4558 8090 4591 8090 4557 8090 4557 8091 4591 8091 4556 8091 4556 967 4591 967 4592 967 4556 8092 4592 8092 4555 8092 4555 8093 4592 8093 4554 8093 4554 8094 4592 8094 4593 8094 4554 8095 4593 8095 4594 8095 4554 967 4594 967 4553 967 4553 8096 4594 8096 4552 8096 4552 8097 4594 8097 4595 8097 4552 967 4595 967 4551 967 4551 967 4595 967 4550 967 4550 8098 4595 8098 4579 8098 4550 8099 4579 8099 4549 8099 4579 8100 4596 8100 4597 8100 4596 8101 4579 8101 4598 8101 4598 8102 4579 8102 4599 8102 4599 8103 4579 8103 4595 8103 4599 8104 4595 8104 4600 8104 4600 8105 4595 8105 4601 8105 4601 8106 4595 8106 4602 8106 4602 8107 4595 8107 4594 8107 4602 8108 4594 8108 4603 8108 4603 8109 4594 8109 4604 8109 4604 8110 4594 8110 4605 8110 4605 8111 4594 8111 4593 8111 4605 8112 4593 8112 4606 8112 4606 8113 4593 8113 4607 8113 4607 8114 4593 8114 4592 8114 4607 8115 4592 8115 4608 8115 4608 8116 4592 8116 4609 8116 4609 8117 4592 8117 4610 8117 4610 8118 4592 8118 4591 8118 4610 8119 4591 8119 4611 8119 4611 8120 4591 8120 4612 8120 4612 8121 4591 8121 4613 8121 4613 8122 4591 8122 4614 8122 4614 8123 4591 8123 4590 8123 4614 8124 4590 8124 4615 8124 4615 8125 4590 8125 4616 8125 4616 8126 4590 8126 4617 8126 4617 8127 4590 8127 4618 8127 4618 8128 4590 8128 4619 8128 4619 8129 4590 8129 4589 8129 4619 8130 4589 8130 4620 8130 4620 8131 4589 8131 4621 8131 4621 8132 4589 8132 4622 8132 4622 8133 4589 8133 4588 8133 4622 8134 4588 8134 4623 8134 4623 8135 4588 8135 4624 8135 4624 8136 4588 8136 4625 8136 4625 8137 4588 8137 4587 8137 4625 8138 4587 8138 4626 8138 4626 8139 4587 8139 4627 8139 4627 8140 4587 8140 4628 8140 4628 8141 4587 8141 4629 8141 4629 8142 4587 8142 4586 8142 4629 8143 4586 8143 4630 8143 4630 8144 4586 8144 4631 8144 4631 8145 4586 8145 4632 8145 4632 8146 4586 8146 4585 8146 4632 8147 4585 8147 4633 8147 4633 8148 4585 8148 4634 8148 4634 8149 4585 8149 4635 8149 4635 8150 4585 8150 4584 8150 4635 8151 4584 8151 4636 8151 4636 8152 4584 8152 4637 8152 4637 8153 4584 8153 4638 8153 4638 8154 4584 8154 4639 8154 4639 8155 4584 8155 4583 8155 4639 8156 4583 8156 4640 8156 4640 8157 4583 8157 4641 8157 4641 8158 4583 8158 4642 8158 4642 8159 4583 8159 4582 8159 4642 8160 4582 8160 4643 8160 4643 8161 4582 8161 4644 8161 4644 8162 4582 8162 4645 8162 4645 8163 4582 8163 4646 8163 4646 8164 4582 8164 4581 8164 4646 8165 4581 8165 4647 8165 4647 8166 4581 8166 4648 8166 4648 8167 4581 8167 4649 8167 4649 8168 4581 8168 4650 8168 4650 8169 4581 8169 4580 8169 4650 8170 4580 8170 4651 8170 4651 8171 4580 8171 4652 8171 4652 8172 4580 8172 4653 8172 4653 8173 4580 8173 4654 8173 4654 8174 4580 8174 4579 8174 4654 8175 4579 8175 4597 8175 4596 8176 4422 8176 4597 8176 4597 8177 4422 8177 4421 8177 4597 8178 4421 8178 4654 8178 4654 8179 4421 8179 4508 8179 4654 8180 4508 8180 4653 8180 4653 8181 4508 8181 4507 8181 4653 8182 4507 8182 4652 8182 4652 8183 4507 8183 4506 8183 4652 8184 4506 8184 4651 8184 4651 8185 4506 8185 4504 8185 4651 8186 4504 8186 4650 8186 4650 8187 4504 8187 4503 8187 4650 8188 4503 8188 4649 8188 4649 8189 4503 8189 4501 8189 4649 8190 4501 8190 4648 8190 4648 8191 4501 8191 4500 8191 4648 8192 4500 8192 4647 8192 4647 8193 4500 8193 4499 8193 4647 8194 4499 8194 4646 8194 4646 8195 4499 8195 4497 8195 4646 8196 4497 8196 4645 8196 4645 8197 4497 8197 4495 8197 4645 8198 4495 8198 4644 8198 4644 8199 4495 8199 4494 8199 4644 8200 4494 8200 4643 8200 4643 8201 4494 8201 4492 8201 4643 8202 4492 8202 4642 8202 4642 8203 4492 8203 4490 8203 4642 8204 4490 8204 4641 8204 4641 8205 4490 8205 4489 8205 4641 8206 4489 8206 4640 8206 4640 8207 4489 8207 4487 8207 4640 8208 4487 8208 4639 8208 4639 8209 4487 8209 4486 8209 4639 8210 4486 8210 4638 8210 4638 8211 4486 8211 4484 8211 4638 8212 4484 8212 4637 8212 4637 8213 4484 8213 4483 8213 4637 8214 4483 8214 4636 8214 4636 8215 4483 8215 4482 8215 4636 8216 4482 8216 4635 8216 4635 8217 4482 8217 4480 8217 4635 8218 4480 8218 4634 8218 4634 8219 4480 8219 4479 8219 4634 8220 4479 8220 4633 8220 4633 8221 4479 8221 4477 8221 4633 8222 4477 8222 4632 8222 4632 8223 4477 8223 4476 8223 4632 8224 4476 8224 4631 8224 4631 8225 4476 8225 4474 8225 4631 8226 4474 8226 4630 8226 4630 8227 4474 8227 4473 8227 4630 8228 4473 8228 4629 8228 4629 8229 4473 8229 4471 8229 4629 8230 4471 8230 4628 8230 4628 8231 4471 8231 4469 8231 4628 8232 4469 8232 4627 8232 4627 8233 4469 8233 4468 8233 4627 8234 4468 8234 4626 8234 4626 8235 4468 8235 4466 8235 4626 8236 4466 8236 4625 8236 4625 8237 4466 8237 4464 8237 4625 8238 4464 8238 4624 8238 4624 8239 4464 8239 4463 8239 4624 8240 4463 8240 4623 8240 4623 8241 4463 8241 4461 8241 4623 8242 4461 8242 4622 8242 4622 8243 4461 8243 4460 8243 4622 8244 4460 8244 4621 8244 4621 8245 4460 8245 4458 8245 4621 8246 4458 8246 4620 8246 4620 8247 4458 8247 4457 8247 4620 8248 4457 8248 4619 8248 4619 8249 4457 8249 4455 8249 4619 8250 4455 8250 4618 8250 4618 8251 4455 8251 4454 8251 4618 8252 4454 8252 4617 8252 4617 8253 4454 8253 4453 8253 4617 8254 4453 8254 4616 8254 4616 8255 4453 8255 4451 8255 4616 8256 4451 8256 4615 8256 4615 8257 4451 8257 4450 8257 4615 8258 4450 8258 4614 8258 4614 8259 4450 8259 4448 8259 4614 8260 4448 8260 4613 8260 4613 8261 4448 8261 4447 8261 4613 8262 4447 8262 4612 8262 4612 8263 4447 8263 4446 8263 4612 8264 4446 8264 4611 8264 4611 8265 4446 8265 4443 8265 4611 8266 4443 8266 4610 8266 4610 8267 4443 8267 4442 8267 4610 8268 4442 8268 4609 8268 4609 8269 4442 8269 4441 8269 4609 8270 4441 8270 4608 8270 4608 8271 4441 8271 4439 8271 4608 8272 4439 8272 4607 8272 4607 8273 4439 8273 4437 8273 4607 8274 4437 8274 4606 8274 4606 8275 4437 8275 4436 8275 4606 8276 4436 8276 4605 8276 4605 8277 4436 8277 4435 8277 4605 8278 4435 8278 4604 8278 4604 8279 4435 8279 4433 8279 4604 8280 4433 8280 4603 8280 4603 8281 4433 8281 4432 8281 4603 8282 4432 8282 4602 8282 4602 8283 4432 8283 4430 8283 4602 8284 4430 8284 4601 8284 4601 8285 4430 8285 4429 8285 4601 8286 4429 8286 4600 8286 4600 8287 4429 8287 4428 8287 4600 8288 4428 8288 4599 8288 4599 8289 4428 8289 4426 8289 4599 8290 4426 8290 4598 8290 4598 8291 4426 8291 4424 8291 4598 8292 4424 8292 4596 8292 4596 8293 4424 8293 4422 8293 4655 8294 4656 8294 4657 8294 4657 8295 4658 8295 4659 8295 4659 8296 4658 8296 4660 8296 4660 8297 4658 8297 4661 8297 4662 8298 4661 8298 4663 8298 4664 8299 4665 8299 4666 8299 4664 8300 4666 8300 4667 8300 4667 8301 4666 8301 4663 8301 4663 8302 4666 8302 4662 8302 4661 8303 4662 8303 4660 8303 4657 8304 4659 8304 4655 8304 4668 8305 4669 8305 4670 8305 4671 8306 4672 8306 4673 8306 4673 8307 4672 8307 4674 8307 4674 8308 4672 8308 4675 8308 4674 8309 4675 8309 4676 8309 4676 8310 4675 8310 4677 8310 4677 8311 4675 8311 4678 8311 4678 8312 4675 8312 4679 8312 4679 8313 4675 8313 4680 8313 4679 8314 4680 8314 4681 8314 4681 8315 4680 8315 4682 8315 4682 8316 4680 8316 4683 8316 4683 8317 4680 8317 4684 8317 4683 8318 4684 8318 4685 8318 4685 8319 4684 8319 4686 8319 4686 8320 4684 8320 4687 8320 4687 8321 4684 8321 4688 8321 4688 8322 4684 8322 4689 8322 4688 8323 4689 8323 4690 8323 4690 8324 4689 8324 4691 8324 4691 8325 4689 8325 4692 8325 4692 8326 4689 8326 4670 8326 4692 8327 4670 8327 4693 8327 4693 8328 4670 8328 4694 8328 4694 8329 4670 8329 4695 8329 4695 8330 4670 8330 4669 8330 4695 8331 4669 8331 4696 8331 4696 8332 4669 8332 4656 8332 4656 8333 4669 8333 4697 8333 4656 8334 4697 8334 4657 8334 4657 8335 4697 8335 4658 8335 4658 8336 4697 8336 4661 8336 4661 8337 4697 8337 4698 8337 4661 8338 4698 8338 4663 8338 4663 8339 4698 8339 4667 8339 4667 8340 4698 8340 4664 8340 4664 8341 4698 8341 4665 8341 4665 8342 4698 8342 4699 8342 4699 8343 4698 8343 4700 8343 4699 8344 4700 8344 4701 8344 4701 8345 4700 8345 4702 8345 4702 8346 4700 8346 4703 8346 4703 8347 4700 8347 4704 8347 4703 8348 4704 8348 4705 8348 4705 8349 4704 8349 4706 8349 4706 8350 4704 8350 4707 8350 4707 8351 4704 8351 4708 8351 4708 8352 4704 8352 4709 8352 4709 8353 4704 8353 4710 8353 4710 8354 4704 8354 4711 8354 4710 8355 4711 8355 4712 8355 4712 8356 4711 8356 4713 8356 4713 8357 4711 8357 4714 8357 4714 8358 4711 8358 4715 8358 4715 8359 4711 8359 4716 8359 4715 8360 4716 8360 4717 8360 4717 8361 4716 8361 4718 8361 4718 8362 4716 8362 4672 8362 4718 8363 4672 8363 4671 8363 4719 8364 4720 8364 4721 8364 4722 8365 4723 8365 4724 8365 4725 8366 4724 8366 4723 8366 4726 8367 4727 8367 4728 8367 4726 8368 4729 8368 4727 8368 4727 8369 4729 8369 4730 8369 4730 8370 4729 8370 4720 8370 4720 8371 4731 8371 4721 8371 4720 8372 4729 8372 4731 8372 4731 8373 4729 8373 4732 8373 4732 8374 4723 8374 4722 8374 4732 8375 4729 8375 4723 8375 4733 8376 4734 8376 4729 8376 4729 8377 4734 8377 4723 8377 4723 8378 4734 8378 4725 8378 4729 8379 4726 8379 4733 8379 4697 8380 4735 8380 4700 8380 4675 8381 4736 8381 4680 8381 4700 8382 4735 8382 4704 8382 4704 8383 4716 8383 4711 8383 4704 8384 4735 8384 4716 8384 4716 8385 4735 8385 4672 8385 4672 8386 4735 8386 4736 8386 4684 8387 4736 8387 4689 8387 4736 8388 4668 8388 4689 8388 4689 8389 4668 8389 4670 8389 4736 8390 4735 8390 4668 8390 4668 8391 4735 8391 4697 8391 4700 8392 4698 8392 4697 8392 4680 8393 4736 8393 4684 8393 4736 8394 4675 8394 4672 8394 4668 8395 4697 8395 4669 8395 4674 8396 4724 8396 4673 8396 4673 8397 4724 8397 4725 8397 4673 8398 4725 8398 4671 8398 4671 8399 4725 8399 4718 8399 4718 8400 4725 8400 4717 8400 4717 8401 4725 8401 4715 8401 4715 8402 4725 8402 4714 8402 4714 8403 4725 8403 4734 8403 4714 8404 4734 8404 4713 8404 4713 8405 4734 8405 4712 8405 4712 8406 4734 8406 4733 8406 4712 8407 4733 8407 4710 8407 4710 8408 4733 8408 4709 8408 4709 8409 4733 8409 4708 8409 4708 8410 4733 8410 4726 8410 4708 8411 4726 8411 4707 8411 4707 8412 4726 8412 4706 8412 4706 8413 4726 8413 4705 8413 4705 8414 4726 8414 4703 8414 4703 8415 4726 8415 4728 8415 4703 8416 4728 8416 4702 8416 4702 8417 4728 8417 4701 8417 4701 8418 4728 8418 4699 8418 4699 8419 4728 8419 4665 8419 4665 8420 4728 8420 4727 8420 4665 8421 4727 8421 4666 8421 4666 8422 4727 8422 4662 8422 4662 8423 4727 8423 4730 8423 4662 8424 4730 8424 4660 8424 4660 8425 4730 8425 4659 8425 4659 8426 4730 8426 4655 8426 4655 8427 4730 8427 4720 8427 4655 8428 4720 8428 4656 8428 4656 8429 4720 8429 4696 8429 4696 8430 4720 8430 4719 8430 4696 8431 4719 8431 4695 8431 4695 8432 4719 8432 4694 8432 4694 8433 4719 8433 4721 8433 4694 8434 4721 8434 4693 8434 4693 8435 4721 8435 4692 8435 4692 8436 4721 8436 4691 8436 4691 8437 4721 8437 4690 8437 4690 8438 4721 8438 4731 8438 4690 8439 4731 8439 4688 8439 4688 8440 4731 8440 4687 8440 4687 8441 4731 8441 4732 8441 4687 8442 4732 8442 4686 8442 4686 8443 4732 8443 4685 8443 4685 8444 4732 8444 4683 8444 4683 8445 4732 8445 4682 8445 4682 8446 4732 8446 4722 8446 4682 8447 4722 8447 4681 8447 4681 8448 4722 8448 4679 8448 4679 8449 4722 8449 4678 8449 4678 8450 4722 8450 4724 8450 4678 8451 4724 8451 4677 8451 4677 8452 4724 8452 4676 8452 4676 8453 4724 8453 4674 8453 4737 8454 4738 8454 4739 8454 4739 967 4738 967 4740 967 4739 8455 4740 8455 4741 8455 4739 967 4741 967 4742 967 4742 8456 4741 8456 4743 8456 4742 967 4743 967 4744 967 4744 8457 4743 8457 4745 8457 4744 967 4745 967 4746 967 4744 8458 4746 8458 4747 8458 4744 8459 4747 8459 4748 8459 4748 967 4747 967 4749 967 4748 967 4749 967 4750 967 4750 967 4749 967 4751 967 4750 967 4751 967 4752 967 4750 8460 4752 8460 4753 8460 4753 967 4752 967 4754 967 4753 8461 4754 8461 4755 8461 4753 8462 4755 8462 4756 8462 4756 8463 4755 8463 4757 8463 4756 8464 4757 8464 4758 8464 4756 8465 4758 8465 4759 8465 4759 967 4758 967 4760 967 4759 8466 4760 8466 4761 8466 4761 967 4760 967 4762 967 4761 8467 4762 8467 4763 8467 4761 8468 4763 8468 4764 8468 4764 8469 4763 8469 4765 8469 4764 8470 4765 8470 4766 8470 4764 8471 4766 8471 4767 8471 4767 8472 4766 8472 4768 8472 4767 8473 4768 8473 4769 8473 4767 8474 4769 8474 4770 8474 4767 967 4770 967 4771 967 4771 8475 4770 8475 4772 8475 4771 8476 4772 8476 4773 8476 4771 967 4773 967 4774 967 4774 8477 4773 8477 4775 8477 4774 8478 4775 8478 4776 8478 4774 967 4776 967 4777 967 4777 8479 4776 8479 4778 8479 4777 967 4778 967 4779 967 4777 967 4779 967 4780 967 4780 8480 4779 8480 4781 8480 4780 967 4781 967 4782 967 4782 967 4781 967 4783 967 4782 8481 4783 8481 4784 8481 4782 8482 4784 8482 4785 8482 4782 8483 4785 8483 4786 8483 4786 967 4785 967 4787 967 4786 967 4787 967 4788 967 4788 8484 4787 8484 4789 8484 4788 967 4789 967 4790 967 4788 967 4790 967 4791 967 4791 967 4790 967 4792 967 4791 967 4792 967 4793 967 4791 967 4793 967 4794 967 4794 8485 4793 8485 4795 8485 4794 967 4795 967 4796 967 4794 8486 4796 8486 4797 8486 4797 8487 4796 8487 4798 8487 4797 8488 4798 8488 4799 8488 4797 8489 4799 8489 4800 8489 4797 8490 4800 8490 4801 8490 4801 967 4800 967 4802 967 4801 8491 4802 8491 4803 8491 4801 967 4803 967 4804 967 4804 967 4803 967 4805 967 4804 967 4805 967 4806 967 4804 967 4806 967 4807 967 4807 8492 4806 8492 4808 8492 4807 967 4808 967 4809 967 4809 8493 4808 8493 4810 8493 4809 8494 4810 8494 4811 8494 4809 8495 4811 8495 4812 8495 4812 8496 4811 8496 4813 8496 4812 8497 4813 8497 4814 8497 4812 8498 4814 8498 4815 8498 4815 8499 4814 8499 4816 8499 4815 8500 4816 8500 4817 8500 4815 8501 4817 8501 4818 8501 4815 967 4818 967 4819 967 4819 8502 4818 8502 4820 8502 4819 8503 4820 8503 4821 8503 4819 967 4821 967 4822 967 4822 8504 4821 8504 4823 8504 4822 8505 4823 8505 4824 8505 4822 967 4824 967 4825 967 4825 8506 4824 8506 4737 8506 4825 967 4737 967 4739 967 4739 8507 4826 8507 4827 8507 4739 8508 4827 8508 4825 8508 4825 8509 4827 8509 4828 8509 4825 8510 4828 8510 4822 8510 4822 8511 4828 8511 4829 8511 4822 8512 4829 8512 4830 8512 4822 8513 4830 8513 4819 8513 4819 8514 4830 8514 4831 8514 4819 8515 4831 8515 4815 8515 4815 8516 4831 8516 4832 8516 4815 8517 4832 8517 4812 8517 4812 8518 4832 8518 4833 8518 4812 8519 4833 8519 4834 8519 4812 8520 4834 8520 4809 8520 4809 8521 4834 8521 4835 8521 4809 8522 4835 8522 4807 8522 4807 8523 4835 8523 4836 8523 4807 8524 4836 8524 4804 8524 4804 8525 4836 8525 4837 8525 4804 8526 4837 8526 4838 8526 4804 8527 4838 8527 4801 8527 4801 8528 4838 8528 4839 8528 4801 8529 4839 8529 4797 8529 4797 8530 4839 8530 4840 8530 4797 8531 4840 8531 4794 8531 4794 8532 4840 8532 4841 8532 4794 8533 4841 8533 4842 8533 4794 8534 4842 8534 4791 8534 4791 8535 4842 8535 4843 8535 4791 8536 4843 8536 4788 8536 4788 8537 4843 8537 4844 8537 4788 8538 4844 8538 4786 8538 4786 8539 4844 8539 4845 8539 4786 8540 4845 8540 4782 8540 4782 8541 4845 8541 4846 8541 4782 8542 4846 8542 4780 8542 4780 8543 4846 8543 4847 8543 4780 8544 4847 8544 4777 8544 4777 8545 4847 8545 4848 8545 4777 8546 4848 8546 4774 8546 4774 8547 4848 8547 4849 8547 4774 8548 4849 8548 4850 8548 4774 8549 4850 8549 4771 8549 4771 8550 4850 8550 4851 8550 4771 8551 4851 8551 4852 8551 4771 8552 4852 8552 4767 8552 4767 8553 4852 8553 4853 8553 4767 8554 4853 8554 4764 8554 4764 8555 4853 8555 4854 8555 4764 8556 4854 8556 4761 8556 4761 8557 4854 8557 4855 8557 4761 8558 4855 8558 4856 8558 4761 8559 4856 8559 4759 8559 4759 8560 4856 8560 4857 8560 4759 8561 4857 8561 4756 8561 4756 8562 4857 8562 4858 8562 4756 8563 4858 8563 4753 8563 4753 8564 4858 8564 4859 8564 4753 8565 4859 8565 4860 8565 4753 8566 4860 8566 4750 8566 4750 8567 4860 8567 4861 8567 4750 8568 4861 8568 4748 8568 4748 8569 4861 8569 4862 8569 4748 8570 4862 8570 4744 8570 4744 8571 4862 8571 4863 8571 4744 8572 4863 8572 4742 8572 4742 8573 4863 8573 4864 8573 4742 8574 4864 8574 4739 8574 4739 8575 4864 8575 4826 8575 4865 8576 4826 8576 4866 8576 4866 8577 4826 8577 4864 8577 4866 8578 4864 8578 4863 8578 4866 8579 4863 8579 4867 8579 4867 8580 4863 8580 4862 8580 4867 8581 4862 8581 4861 8581 4867 8582 4861 8582 4868 8582 4868 8583 4861 8583 4860 8583 4868 8584 4860 8584 4869 8584 4869 8585 4860 8585 4859 8585 4869 8586 4859 8586 4858 8586 4869 8587 4858 8587 4870 8587 4870 8588 4858 8588 4857 8588 4870 8589 4857 8589 4871 8589 4871 8590 4857 8590 4856 8590 4871 8591 4856 8591 4855 8591 4871 8592 4855 8592 4872 8592 4872 8593 4855 8593 4854 8593 4872 8594 4854 8594 4873 8594 4873 8595 4854 8595 4853 8595 4873 8596 4853 8596 4874 8596 4874 8597 4853 8597 4852 8597 4874 8598 4852 8598 4851 8598 4874 8599 4851 8599 4875 8599 4875 8600 4851 8600 4850 8600 4875 8601 4850 8601 4876 8601 4876 8602 4850 8602 4849 8602 4876 8603 4849 8603 4877 8603 4877 8604 4849 8604 4848 8604 4877 8605 4848 8605 4847 8605 4877 8606 4847 8606 4878 8606 4878 8607 4847 8607 4846 8607 4878 8608 4846 8608 4879 8608 4879 8609 4846 8609 4845 8609 4879 8610 4845 8610 4880 8610 4880 8611 4845 8611 4844 8611 4880 8612 4844 8612 4881 8612 4881 8613 4844 8613 4843 8613 4881 8614 4843 8614 4882 8614 4882 8615 4843 8615 4842 8615 4882 8616 4842 8616 4883 8616 4883 8617 4842 8617 4841 8617 4883 8618 4841 8618 4884 8618 4884 8619 4841 8619 4840 8619 4884 8620 4840 8620 4839 8620 4884 8621 4839 8621 4885 8621 4885 8622 4839 8622 4838 8622 4885 8623 4838 8623 4886 8623 4886 8624 4838 8624 4837 8624 4886 8625 4837 8625 4887 8625 4887 8626 4837 8626 4836 8626 4887 8627 4836 8627 4835 8627 4887 8628 4835 8628 4888 8628 4888 8629 4835 8629 4834 8629 4888 8630 4834 8630 4889 8630 4889 8631 4834 8631 4833 8631 4889 8632 4833 8632 4832 8632 4889 8633 4832 8633 4890 8633 4890 8634 4832 8634 4831 8634 4890 8635 4831 8635 4891 8635 4891 8636 4831 8636 4830 8636 4891 8637 4830 8637 4892 8637 4892 8638 4830 8638 4829 8638 4892 8639 4829 8639 4893 8639 4893 8640 4829 8640 4828 8640 4893 8641 4828 8641 4827 8641 4893 8642 4827 8642 4865 8642 4865 8643 4827 8643 4826 8643 4865 8644 4894 8644 4895 8644 4865 855 4895 855 4893 855 4893 855 4895 855 4892 855 4892 855 4895 855 4891 855 4891 855 4895 855 4896 855 4891 855 4896 855 4890 855 4890 8645 4896 8645 4897 8645 4890 8646 4897 8646 4889 8646 4889 855 4897 855 4888 855 4888 8647 4897 8647 4898 8647 4888 8648 4898 8648 4887 8648 4887 855 4898 855 4886 855 4886 855 4898 855 4885 855 4885 855 4898 855 4899 855 4885 8649 4899 8649 4884 8649 4884 855 4899 855 4900 855 4884 8650 4900 8650 4883 8650 4883 8651 4900 8651 4882 8651 4882 855 4900 855 4901 855 4882 8652 4901 8652 4881 8652 4881 855 4901 855 4880 855 4880 855 4901 855 4902 855 4880 8653 4902 8653 4879 8653 4879 8654 4902 8654 4878 8654 4878 855 4902 855 4903 855 4878 855 4903 855 4877 855 4877 8655 4903 8655 4876 8655 4876 855 4903 855 4904 855 4876 855 4904 855 4875 855 4875 855 4904 855 4874 855 4874 8656 4904 8656 4905 8656 4874 855 4905 855 4873 855 4873 8657 4905 8657 4906 8657 4873 855 4906 855 4872 855 4872 8658 4906 8658 4871 8658 4871 855 4906 855 4870 855 4870 855 4906 855 4907 855 4870 8659 4907 8659 4869 8659 4869 855 4907 855 4868 855 4868 855 4907 855 4908 855 4868 855 4908 855 4867 855 4867 855 4908 855 4909 855 4867 8660 4909 8660 4866 8660 4866 8661 4909 8661 4894 8661 4866 8662 4894 8662 4865 8662 4894 8663 4910 8663 4911 8663 4910 8664 4894 8664 4912 8664 4912 8665 4894 8665 4913 8665 4913 8666 4894 8666 4909 8666 4913 8667 4909 8667 4914 8667 4914 8668 4909 8668 4915 8668 4915 8669 4909 8669 4916 8669 4916 8670 4909 8670 4908 8670 4916 8671 4908 8671 4917 8671 4917 8672 4908 8672 4918 8672 4918 8673 4908 8673 4919 8673 4919 8674 4908 8674 4920 8674 4920 8675 4908 8675 4907 8675 4920 8676 4907 8676 4921 8676 4921 8677 4907 8677 4922 8677 4922 8678 4907 8678 4923 8678 4923 8679 4907 8679 4924 8679 4924 8680 4907 8680 4906 8680 4924 8681 4906 8681 4925 8681 4925 8682 4906 8682 4926 8682 4926 8683 4906 8683 4927 8683 4927 8684 4906 8684 4905 8684 4927 8685 4905 8685 4928 8685 4928 8686 4905 8686 4929 8686 4929 8687 4905 8687 4930 8687 4930 8688 4905 8688 4931 8688 4931 8689 4905 8689 4932 8689 4932 8690 4905 8690 4904 8690 4932 8691 4904 8691 4933 8691 4933 8692 4904 8692 4934 8692 4934 8693 4904 8693 4935 8693 4935 8694 4904 8694 4903 8694 4935 8695 4903 8695 4936 8695 4936 8696 4903 8696 4937 8696 4937 8697 4903 8697 4938 8697 4938 8698 4903 8698 4939 8698 4939 8699 4903 8699 4902 8699 4939 8700 4902 8700 4940 8700 4940 8701 4902 8701 4941 8701 4941 8702 4902 8702 4942 8702 4942 8703 4902 8703 4901 8703 4942 8704 4901 8704 4943 8704 4943 8705 4901 8705 4944 8705 4944 8706 4901 8706 4945 8706 4945 8707 4901 8707 4900 8707 4945 8708 4900 8708 4946 8708 4946 8709 4900 8709 4947 8709 4947 8710 4900 8710 4948 8710 4948 8711 4900 8711 4949 8711 4949 8712 4900 8712 4899 8712 4949 8713 4899 8713 4950 8713 4950 8714 4899 8714 4951 8714 4951 8715 4899 8715 4952 8715 4952 8716 4899 8716 4953 8716 4953 8717 4899 8717 4898 8717 4953 8718 4898 8718 4954 8718 4954 8719 4898 8719 4955 8719 4955 8720 4898 8720 4956 8720 4956 8721 4898 8721 4897 8721 4956 8722 4897 8722 4957 8722 4957 8723 4897 8723 4958 8723 4958 8724 4897 8724 4959 8724 4959 8725 4897 8725 4960 8725 4960 8726 4897 8726 4896 8726 4960 8727 4896 8727 4961 8727 4961 8728 4896 8728 4962 8728 4962 8729 4896 8729 4963 8729 4963 8730 4896 8730 4964 8730 4964 8731 4896 8731 4965 8731 4965 8732 4896 8732 4895 8732 4965 8733 4895 8733 4966 8733 4966 8734 4895 8734 4967 8734 4967 8735 4895 8735 4968 8735 4968 8736 4895 8736 4894 8736 4968 8737 4894 8737 4911 8737 4910 8738 4740 8738 4738 8738 4910 8739 4738 8739 4911 8739 4911 8740 4738 8740 4737 8740 4911 8741 4737 8741 4968 8741 4968 8742 4737 8742 4824 8742 4968 8743 4824 8743 4967 8743 4967 8744 4824 8744 4823 8744 4967 8745 4823 8745 4966 8745 4966 8746 4823 8746 4821 8746 4966 8747 4821 8747 4965 8747 4965 8748 4821 8748 4820 8748 4965 8749 4820 8749 4964 8749 4964 8750 4820 8750 4818 8750 4964 8751 4818 8751 4963 8751 4963 8752 4818 8752 4817 8752 4963 8753 4817 8753 4962 8753 4962 8754 4817 8754 4816 8754 4962 8755 4816 8755 4961 8755 4961 8756 4816 8756 4814 8756 4961 8757 4814 8757 4960 8757 4960 8758 4814 8758 4813 8758 4960 8759 4813 8759 4959 8759 4959 8760 4813 8760 4811 8760 4959 8761 4811 8761 4958 8761 4958 8762 4811 8762 4810 8762 4958 8763 4810 8763 4957 8763 4957 8764 4810 8764 4808 8764 4957 8765 4808 8765 4956 8765 4956 8766 4808 8766 4806 8766 4956 8767 4806 8767 4955 8767 4955 8768 4806 8768 4805 8768 4955 8769 4805 8769 4954 8769 4954 8770 4805 8770 4803 8770 4954 8771 4803 8771 4953 8771 4953 8772 4803 8772 4802 8772 4953 8773 4802 8773 4952 8773 4952 8774 4802 8774 4800 8774 4952 8775 4800 8775 4951 8775 4951 8776 4800 8776 4799 8776 4951 8777 4799 8777 4950 8777 4950 8778 4799 8778 4798 8778 4950 8779 4798 8779 4949 8779 4949 8780 4798 8780 4796 8780 4949 8781 4796 8781 4948 8781 4948 8782 4796 8782 4795 8782 4948 8783 4795 8783 4947 8783 4947 8784 4795 8784 4793 8784 4947 8785 4793 8785 4946 8785 4946 8786 4793 8786 4792 8786 4946 8787 4792 8787 4945 8787 4945 8788 4792 8788 4790 8788 4945 8789 4790 8789 4944 8789 4944 8790 4790 8790 4789 8790 4944 8791 4789 8791 4943 8791 4943 8792 4789 8792 4787 8792 4943 8793 4787 8793 4942 8793 4942 8794 4787 8794 4785 8794 4942 8795 4785 8795 4941 8795 4941 8796 4785 8796 4784 8796 4941 8797 4784 8797 4940 8797 4940 8798 4784 8798 4783 8798 4940 8799 4783 8799 4939 8799 4939 8800 4783 8800 4781 8800 4939 8801 4781 8801 4938 8801 4938 8802 4781 8802 4779 8802 4938 8803 4779 8803 4937 8803 4937 8804 4779 8804 4778 8804 4937 8805 4778 8805 4936 8805 4936 8806 4778 8806 4776 8806 4936 8807 4776 8807 4935 8807 4935 8808 4776 8808 4775 8808 4935 8809 4775 8809 4934 8809 4934 8810 4775 8810 4773 8810 4934 8811 4773 8811 4933 8811 4933 8812 4773 8812 4772 8812 4933 8813 4772 8813 4932 8813 4932 8814 4772 8814 4770 8814 4932 8815 4770 8815 4931 8815 4931 8816 4770 8816 4769 8816 4931 8817 4769 8817 4930 8817 4930 8818 4769 8818 4768 8818 4930 8819 4768 8819 4929 8819 4929 8820 4768 8820 4766 8820 4929 8821 4766 8821 4928 8821 4928 8822 4766 8822 4765 8822 4928 8823 4765 8823 4927 8823 4927 8824 4765 8824 4763 8824 4927 8825 4763 8825 4926 8825 4926 8826 4763 8826 4762 8826 4926 8827 4762 8827 4925 8827 4925 8828 4762 8828 4760 8828 4925 8829 4760 8829 4924 8829 4924 8830 4760 8830 4758 8830 4924 8831 4758 8831 4923 8831 4923 8832 4758 8832 4757 8832 4923 8833 4757 8833 4922 8833 4922 8834 4757 8834 4755 8834 4922 8835 4755 8835 4921 8835 4921 8836 4755 8836 4754 8836 4921 8837 4754 8837 4920 8837 4920 8838 4754 8838 4752 8838 4920 8839 4752 8839 4919 8839 4919 8840 4752 8840 4751 8840 4919 8841 4751 8841 4918 8841 4918 8842 4751 8842 4749 8842 4918 8843 4749 8843 4917 8843 4917 8844 4749 8844 4747 8844 4917 8845 4747 8845 4916 8845 4916 8846 4747 8846 4746 8846 4916 8847 4746 8847 4915 8847 4915 8848 4746 8848 4745 8848 4915 8849 4745 8849 4914 8849 4914 8850 4745 8850 4743 8850 4914 8851 4743 8851 4913 8851 4913 8852 4743 8852 4741 8852 4913 8853 4741 8853 4912 8853 4912 8854 4741 8854 4740 8854 4912 8855 4740 8855 4910 8855</p>
        </triangles>
      </mesh>
    </geometry>
  </library_geometries>
  <library_visual_scenes>
    <visual_scene id="Scene" name="Scene">
      <node id="outer_knuckle" name="outer_knuckle" type="NODE">
        <matrix sid="transform">1 0 0 0 0 1 0 0 0 0 1 0 0 0 0 1</matrix>
        <instance_geometry url="#outer_knuckle-mesh" name="outer_knuckle"/>
      </node>
      <node id="Camera" name="Camera" type="NODE">
        <matrix sid="transform">0.6859207 -0.3240135 0.6515582 7.358891 0.7276763 0.3054208 -0.6141704 -6.925791 0 0.8953956 0.4452714 4.958309 0 0 0 1</matrix>
        <instance_camera url="#Camera-camera"/>
      </node>
      <node id="Light" name="Light" type="NODE">
        <matrix sid="transform">-0.2908646 -0.7711008 0.5663932 4.076245 0.9551712 -0.1998834 0.2183912 1.005454 -0.05518906 0.6045247 0.7946723 5.903862 0 0 0 1</matrix>
        <instance_light url="#Light-light"/>
      </node>
    </visual_scene>
  </library_visual_scenes>
  <scene>
    <instance_visual_scene url="#Scene"/>
  </scene>
</COLLADA>