<?xml version="1.0" encoding="utf-8"?>
<COLLADA xmlns="http://www.collada.org/2005/11/COLLADASchema" version="1.4.1" xmlns:xsi="http://www.w3.org/2001/XMLSchema-instance">
  <asset>
    <contributor>
      <author>Blender User</author>
      <authoring_tool>Blender 3.0.1</authoring_tool>
    </contributor>
    <created>2026-06-18T10:07:30</created>
    <modified>2026-06-18T10:07:30</modified>
    <unit name="meter" meter="1"/>
    <up_axis>Z_UP</up_axis>
  </asset>
  <library_lights>
    <light id="Light-light" name="Light">
      <technique_common>
        <point>
          <color sid="color">1000 1000 1000</color>
          <constant_attenuation>1</constant_attenuation>
          <linear_attenuation>0</linear_attenuation>
          <quadratic_attenuation>0.00111109</quadratic_attenuation>
        </point>
      </technique_common>
      <extra>
        <technique profile="blender">
          <type sid="type" type="int">0</type>
          <flag sid="flag" type="int">0</flag>
          <mode sid="mode" type="int">1</mode>
          <gamma sid="blender_gamma" type="float">1</gamma>
          <red sid="red" type="float">1</red>
          <green sid="green" type="float">1</green>
          <blue sid="blue" type="float">1</blue>
          <shadow_r sid="blender_shadow_r" type="float">0</shadow_r>
          <shadow_g sid="blender_shadow_g" type="float">0</shadow_g>
          <shadow_b sid="blender_shadow_b" type="float">0</shadow_b>
          <energy sid="blender_energy" type="float">1000</energy>
          <dist sid="blender_dist" type="float">29.99998</dist>
          <spotsize sid="spotsize" type="float">75</spotsize>
          <spotblend sid="spotblend" type="float">0.15</spotblend>
          <att1 sid="att1" type="float">0</att1>
          <att2 sid="att2" type="float">1</att2>
          <falloff_type sid="falloff_type" type="int">2</falloff_type>
          <clipsta sid="clipsta" type="float">0.04999995</clipsta>
          <clipend sid="clipend" type="float">30.002</clipend>
          <bias sid="bias" type="float">1</bias>
          <soft sid="soft" type="float">0</soft>
          <bufsize sid="bufsize" type="int">2880</bufsize>
          <samp sid="samp" type="int">3</samp>
          <buffers sid="buffers" type="int">1</buffers>
          <area_shape sid="area_shape" type="int">1</area_shape>
          <area_size sid="area_size" type="float">0.1</area_size>
          <area_sizey sid="area_sizey" type="float">0.1</area_sizey>
          <area_sizez sid="area_sizez" type="float">1</area_sizez>
        </technique>
      </extra>
    </light>
  </library_lights>
  <library_images/>
  <library_geometries>
    <geometry id="mmo_700_base_plates-mesh" name="mmo_700_base_plates">
      <mesh>
        <source id="mmo_700_base_plates-mesh-positions">
          <float_array id="mmo_700_base_plates-mesh-positions-array" count="5616">-0.05789494 -0.07739001 0.07430148 -0.04489499 -0.07739001 0.07430148 -0.05789494 -0.07684302 0.07434928 -0.04489499 -0.07684302 0.07434928 -0.05789494 -0.0763126 0.07449138 -0.04489499 -0.0763126 0.07449138 -0.05789494 -0.07581496 0.07472348 -0.04489499 -0.07581496 0.07472348 -0.05789494 -0.07536518 0.07503843 -0.04489499 -0.07536518 0.07503843 -0.05789494 -0.07497692 0.07542669 -0.04489499 -0.07497692 0.07542669 -0.05789494 -0.07466202 0.07587647 -0.04489499 -0.07466202 0.07587647 -0.05789494 -0.07442992 0.07637405 -0.04489499 -0.07442992 0.07637405 -0.05789494 -0.07428783 0.07690441 -0.04489499 -0.07428783 0.07690441 -0.05789494 -0.07423996 0.07745146 -0.04489499 -0.07423996 0.07745146 -0.05789494 -0.07428783 0.07799839 -0.04489499 -0.07428783 0.07799839 -0.05789494 -0.07442992 0.07852876 -0.04489499 -0.07442992 0.07852876 -0.05789494 -0.07466202 0.07902646 -0.04489499 -0.07466202 0.07902646 -0.05789494 -0.07497692 0.07947623 -0.04489499 -0.07497692 0.07947623 -0.05789494 -0.07536518 0.0798645 -0.04489499 -0.07536518 0.0798645 -0.05789494 -0.07581496 0.08017945 -0.04489499 -0.07581496 0.08017945 -0.05789494 -0.0763126 0.08041143 -0.04489499 -0.0763126 0.08041143 -0.05789494 -0.07684302 0.08055365 -0.04489499 -0.07684302 0.08055365 -0.05789494 -0.07739001 0.08060145 -0.04489499 -0.07739001 0.08060145 -0.05789494 -0.077937 0.08055365 -0.04489499 -0.077937 0.08055365 -0.05789494 -0.07846736 0.08041143 -0.04489499 -0.07846736 0.08041143 -0.05789494 -0.078965 0.08017945 -0.04489499 -0.078965 0.08017945 -0.05789494 -0.07941478 0.0798645 -0.04489499 -0.07941478 0.0798645 -0.05789494 -0.07980304 0.07947623 -0.04489499 -0.07980304 0.07947623 -0.05789494 -0.08011794 0.07902646 -0.04489499 -0.08011794 0.07902646 -0.05789494 -0.08035004 0.07852876 -0.04489499 -0.08035004 0.07852876 -0.05789494 -0.08049213 0.07799839 -0.04489499 -0.08049213 0.07799839 -0.05789494 -0.08054 0.07745146 -0.04489499 -0.08054 0.07745146 -0.05789494 -0.08049213 0.07690441 -0.04489499 -0.08049213 0.07690441 -0.05789494 -0.08035004 0.07637405 -0.04489499 -0.08035004 0.07637405 -0.05789494 -0.08011794 0.07587647 -0.04489499 -0.08011794 0.07587647 -0.05789494 -0.07980304 0.07542669 -0.04489499 -0.07980304 0.07542669 -0.05789494 -0.07941478 0.07503843 -0.04489499 -0.07941478 0.07503843 -0.05789494 -0.078965 0.07472348 -0.04489499 -0.078965 0.07472348 -0.05789494 -0.07846736 0.07449138 -0.04489499 -0.07846736 0.07449138 -0.05789494 -0.077937 0.07434928 -0.04489499 -0.077937 0.07434928 -0.05789494 0.07760995 0.07430148 -0.04489499 0.07760995 0.07430148 -0.05789494 0.07815694 0.07434928 -0.04489499 0.07815694 0.07434928 -0.05789494 0.07868731 0.07449138 -0.04489499 0.07868731 0.07449138 -0.05789494 0.07918494 0.07472348 -0.04489499 0.07918494 0.07472348 -0.05789494 0.07963472 0.07503843 -0.04489499 0.07963472 0.07503843 -0.05789494 0.08002299 0.07542669 -0.04489499 0.08002299 0.07542669 -0.05789494 0.08033794 0.07587647 -0.04489499 0.08033794 0.07587647 -0.05789494 0.08056998 0.07637405 -0.04489499 0.08056998 0.07637405 -0.05789494 0.08071213 0.07690441 -0.04489499 0.08071213 0.07690441 -0.05789494 0.08075994 0.07745146 -0.04489499 0.08075994 0.07745146 -0.05789494 0.08071213 0.07799839 -0.04489499 0.08071213 0.07799839 -0.05789494 0.08056998 0.07852876 -0.04489499 0.08056998 0.07852876 -0.05789494 0.08033794 0.07902646 -0.04489499 0.08033794 0.07902646 -0.05789494 0.08002299 0.07947623 -0.04489499 0.08002299 0.07947623 -0.05789494 0.07963472 0.0798645 -0.04489499 0.07963472 0.0798645 -0.05789494 0.07918494 0.08017945 -0.04489499 0.07918494 0.08017945 -0.05789494 0.07868731 0.08041143 -0.04489499 0.07868731 0.08041143 -0.05789494 0.07815694 0.08055365 -0.04489499 0.07815694 0.08055365 -0.05789494 0.07760995 0.08060145 -0.04489499 0.07760995 0.08060145 -0.05789494 0.07706296 0.08055365 -0.04489499 0.07706296 0.08055365 -0.05789494 0.0765326 0.08041143 -0.04489499 0.0765326 0.08041143 -0.05789494 0.07603496 0.08017945 -0.04489499 0.07603496 0.08017945 -0.05789494 0.07558518 0.0798645 -0.04489499 0.07558518 0.0798645 -0.05789494 0.07519692 0.07947623 -0.04489499 0.07519692 0.07947623 -0.05789494 0.07488197 0.07902646 -0.04489499 0.07488197 0.07902646 -0.05789494 0.07464993 0.07852876 -0.04489499 0.07464993 0.07852876 -0.05789494 0.07450783 0.07799839 -0.04489499 0.07450783 0.07799839 -0.05789494 0.07445996 0.07745146 -0.04489499 0.07445996 0.07745146 -0.05789494 0.07450783 0.07690441 -0.04489499 0.07450783 0.07690441 -0.05789494 0.07464993 0.07637405 -0.04489499 0.07464993 0.07637405 -0.05789494 0.07488197 0.07587647 -0.04489499 0.07488197 0.07587647 -0.05789494 0.07519692 0.07542669 -0.04489499 0.07519692 0.07542669 -0.05789494 0.07558518 0.07503843 -0.04489499 0.07558518 0.07503843 -0.05789494 0.07603496 0.07472348 -0.04489499 0.07603496 0.07472348 -0.05789494 0.0765326 0.07449138 -0.04489499 0.0765326 0.07449138 -0.05789494 0.07706296 0.07434928 -0.04489499 0.07706296 0.07434928 -0.05789494 -0.07739001 -0.08069849 -0.04489499 -0.07739001 -0.08069849 -0.05789494 -0.07684302 -0.08065068 -0.04489499 -0.07684302 -0.08065068 -0.05789494 -0.0763126 -0.08050858 -0.04489499 -0.0763126 -0.08050858 -0.05789494 -0.07581496 -0.08027648 -0.04489499 -0.07581496 -0.08027648 -0.05789494 -0.07536518 -0.07996153 -0.04489499 -0.07536518 -0.07996153 -0.05789494 -0.07497692 -0.07957327 -0.04489499 -0.07497692 -0.07957327 -0.05789494 -0.07466202 -0.07912349 -0.04489499 -0.07466202 -0.07912349 -0.05789494 -0.07442992 -0.07862591 -0.04489499 -0.07442992 -0.07862591 -0.05789494 -0.07428783 -0.07809555 -0.04489499 -0.07428783 -0.07809555 -0.05789494 -0.07423996 -0.0775485 -0.04489499 -0.07423996 -0.0775485 -0.05789494 -0.07428783 -0.07700157 -0.04489499 -0.07428783 -0.07700157 -0.05789494 -0.07442992 -0.0764712 -0.04489499 -0.07442992 -0.0764712 -0.05789494 -0.07466202 -0.07597351 -0.04489499 -0.07466202 -0.07597351 -0.05789494 -0.07497692 -0.07552373 -0.04489499 -0.07497692 -0.07552373 -0.05789494 -0.07536518 -0.07513546 -0.04489499 -0.07536518 -0.07513546 -0.05789494 -0.07581496 -0.07482051 -0.04489499 -0.07581496 -0.07482051 -0.05789494 -0.0763126 -0.07458853 -0.04489499 -0.0763126 -0.07458853 -0.05789494 -0.07684302 -0.07444643 -0.04489499 -0.07684302 -0.07444643 -0.05789494 -0.07739001 -0.07439851 -0.04489499 -0.07739001 -0.07439851 -0.05789494 -0.077937 -0.07444643 -0.04489499 -0.077937 -0.07444643 -0.05789494 -0.07846736 -0.07458853 -0.04489499 -0.07846736 -0.07458853 -0.05789494 -0.078965 -0.07482051 -0.04489499 -0.078965 -0.07482051 -0.05789494 -0.07941478 -0.07513546 -0.04489499 -0.07941478 -0.07513546 -0.05789494 -0.07980304 -0.07552373 -0.04489499 -0.07980304 -0.07552373 -0.05789494 -0.08011794 -0.07597351 -0.04489499 -0.08011794 -0.07597351 -0.05789494 -0.08035004 -0.0764712 -0.04489499 -0.08035004 -0.0764712 -0.05789494 -0.08049213 -0.07700157 -0.04489499 -0.08049213 -0.07700157 -0.05789494 -0.08054 -0.0775485 -0.04489499 -0.08054 -0.0775485 -0.05789494 -0.08049213 -0.07809555 -0.04489499 -0.08049213 -0.07809555 -0.05789494 -0.08035004 -0.07862591 -0.04489499 -0.08035004 -0.07862591 -0.05789494 -0.08011794 -0.07912349 -0.04489499 -0.08011794 -0.07912349 -0.05789494 -0.07980304 -0.07957327 -0.04489499 -0.07980304 -0.07957327 -0.05789494 -0.07941478 -0.07996153 -0.04489499 -0.07941478 -0.07996153 -0.05789494 -0.078965 -0.08027648 -0.04489499 -0.078965 -0.08027648 -0.05789494 -0.07846736 -0.08050858 -0.04489499 -0.07846736 -0.08050858 -0.05789494 -0.077937 -0.08065068 -0.04489499 -0.077937 -0.08065068 -0.05789494 0.07760995 -0.08069849 -0.04489499 0.07760995 -0.08069849 -0.05789494 0.07815694 -0.08065068 -0.04489499 0.07815694 -0.08065068 -0.05789494 0.07868731 -0.08050858 -0.04489499 0.07868731 -0.08050858 -0.05789494 0.07918494 -0.08027648 -0.04489499 0.07918494 -0.08027648 -0.05789494 0.07963472 -0.07996153 -0.04489499 0.07963472 -0.07996153 -0.05789494 0.08002299 -0.07957327 -0.04489499 0.08002299 -0.07957327 -0.05789494 0.08033794 -0.07912349 -0.04489499 0.08033794 -0.07912349 -0.05789494 0.08056998 -0.07862591 -0.04489499 0.08056998 -0.07862591 -0.05789494 0.08071213 -0.07809555 -0.04489499 0.08071213 -0.07809555 -0.05789494 0.08075994 -0.0775485 -0.04489499 0.08075994 -0.0775485 -0.05789494 0.08071213 -0.07700157 -0.04489499 0.08071213 -0.07700157 -0.05789494 0.08056998 -0.0764712 -0.04489499 0.08056998 -0.0764712 -0.05789494 0.08033794 -0.07597351 -0.04489499 0.08033794 -0.07597351 -0.05789494 0.08002299 -0.07552373 -0.04489499 0.08002299 -0.07552373 -0.05789494 0.07963472 -0.07513546 -0.04489499 0.07963472 -0.07513546 -0.05789494 0.07918494 -0.07482051 -0.04489499 0.07918494 -0.07482051 -0.05789494 0.07868731 -0.07458853 -0.04489499 0.07868731 -0.07458853 -0.05789494 0.07815694 -0.07444643 -0.04489499 0.07815694 -0.07444643 -0.05789494 0.07760995 -0.07439851 -0.04489499 0.07760995 -0.07439851 -0.05789494 0.07706296 -0.07444643 -0.04489499 0.07706296 -0.07444643 -0.05789494 0.0765326 -0.07458853 -0.04489499 0.0765326 -0.07458853 -0.05789494 0.07603496 -0.07482051 -0.04489499 0.07603496 -0.07482051 -0.05789494 0.07558518 -0.07513546 -0.04489499 0.07558518 -0.07513546 -0.05789494 0.07519692 -0.07552373 -0.04489499 0.07519692 -0.07552373 -0.05789494 0.07488197 -0.07597351 -0.04489499 0.07488197 -0.07597351 -0.05789494 0.07464993 -0.0764712 -0.04489499 0.07464993 -0.0764712 -0.05789494 0.07450783 -0.07700157 -0.04489499 0.07450783 -0.07700157 -0.05789494 0.07445996 -0.0775485 -0.04489499 0.07445996 -0.0775485 -0.05789494 0.07450783 -0.07809555 -0.04489499 0.07450783 -0.07809555 -0.05789494 0.07464993 -0.07862591 -0.04489499 0.07464993 -0.07862591 -0.05789494 0.07488197 -0.07912349 -0.04489499 0.07488197 -0.07912349 -0.05789494 0.07519692 -0.07957327 -0.04489499 0.07519692 -0.07957327 -0.05789494 0.07558518 -0.07996153 -0.04489499 0.07558518 -0.07996153 -0.05789494 0.07603496 -0.08027648 -0.04489499 0.07603496 -0.08027648 -0.05789494 0.0765326 -0.08050858 -0.04489499 0.0765326 -0.08050858 -0.05789494 0.07706296 -0.08065068 -0.04489499 0.07706296 -0.08065068 -0.06489497 0.10011 -0.1000485 -0.04489499 0.10011 -0.1000485 -0.06489497 0.05755537 -0.1000485 -0.04489499 0.05848038 -0.1000485 -0.06489497 1.1e-4 -0.1000485 -0.04489499 1.1e-4 -0.1000485 -0.06489497 -0.05733543 -0.1000485 -0.04489499 -0.05826044 -0.1000485 -0.06489497 -0.09113997 -0.1000485 -0.04489499 -0.09021496 -0.1000485 -0.06489497 -0.09988999 -0.1000485 -0.04489499 -0.09988999 -0.1000485 -0.06489497 0.10011 0.0999515 -0.04489499 0.10011 0.0999515 -0.06489497 0.10011 0.09120142 -0.04489499 0.10011 0.09027647 -0.06489497 0.10011 0.05739688 -0.04489499 0.10011 0.05832195 -0.06489497 0.10011 -4.85182e-5 -0.04489499 0.10011 -4.85182e-5 -0.06489497 0.10011 -0.05749392 -0.04489499 0.10011 -0.05841898 -0.06489497 -0.09988999 0.0999515 -0.04489499 -0.09988999 0.0999515 -0.06489497 -0.09113997 0.0999515 -0.04489499 -0.09021496 0.0999515 -0.06489497 -0.05733543 0.0999515 -0.04489499 -0.05826044 0.0999515 -0.06489497 1.1e-4 0.0999515 -0.04489499 1.1e-4 0.0999515 -0.06489497 0.05755537 0.0999515 -0.04489499 0.05848038 0.0999515 -0.06489497 -0.09988999 -0.05749392 -0.04489499 -0.09988999 -0.05841898 -0.06489497 -0.09988999 -4.85182e-5 -0.04489499 -0.09988999 -4.85182e-5 -0.06489497 -0.09988999 0.05739688 -0.04489499 -0.09988999 0.05832195 -0.06489497 -0.09988999 0.09120142 -0.04489499 -0.09988999 0.09027647 -0.04489499 -0.09021496 -0.05841898 -0.04489499 0.05848038 -0.05841898 -0.04489499 0.05848038 -4.85182e-5 -0.04489499 0.05848038 0.05832195 -0.04489499 0.05848038 0.09027647 -0.04489499 0.03839308 -0.03549253 -0.04489499 0.03900086 -0.03543937 -0.04489499 0.03571194 -0.03774237 -0.04489499 0.03596973 -0.03718936 -0.04489499 1.1e-4 -4.85182e-5 -0.04489499 0.03631967 -0.03668963 -0.04489499 0.03675109 -0.03625822 -0.04489499 0.03725087 -0.03590834 -0.04489499 0.03780376 -0.03565049 -0.04489499 0.03780376 -0.04222834 -0.04489499 0.03725087 -0.04197049 -0.04489499 1.1e-4 -0.05841898 -0.04489499 0.03675109 -0.04162061 -0.04489499 0.03631967 -0.04118919 -0.04489499 0.03596973 -0.04068946 -0.04489499 0.03571194 -0.04013645 -0.04489499 0.03555405 -0.0395472 -0.04489499 0.03550082 -0.03893935 -0.04489499 0.03555405 -0.03833162 -0.04489499 0.03960859 -0.03549253 -0.04489499 0.0401979 -0.03565049 -0.04489499 0.04075086 -0.03590834 -0.04489499 0.04244768 -0.0395472 -0.04489499 0.04228979 -0.04013645 -0.04489499 0.04203194 -0.04068946 -0.04489499 0.041682 -0.04118919 -0.04489499 0.04125058 -0.03625822 -0.04489499 0.041682 -0.03668963 -0.04489499 0.04203194 -0.03718936 -0.04489499 0.04125058 -0.04162061 -0.04489499 0.04075086 -0.04197049 -0.04489499 0.0401979 -0.04222834 -0.04489499 0.03960859 -0.04238629 -0.04489499 0.03900086 -0.04243946 -0.04489499 0.03839308 -0.04238629 -0.04489499 0.04228979 -0.03774237 -0.04489499 0.04244768 -0.03833162 -0.04489499 0.04250085 -0.03893935 -0.04489499 0.03839308 0.0353955 -0.04489499 0.03780376 0.03555345 -0.04489499 0.03555405 0.03823459 -0.04489499 1.1e-4 0.05832195 -0.04489499 0.03550082 0.03884232 -0.04489499 0.04244768 0.03945004 -0.04489499 0.04250085 0.03884232 -0.04489499 0.03900086 0.03534233 -0.04489499 0.03725087 0.03581118 -0.04489499 0.03675109 0.03616118 -0.04489499 0.03631967 0.0365926 -0.04489499 0.03555405 0.03945004 -0.04489499 0.03571194 0.04003942 -0.04489499 0.03596973 0.04059231 -0.04489499 0.03596973 0.03709232 -0.04489499 0.03571194 0.03764522 -0.04489499 0.03631967 0.04109203 -0.04489499 0.03675109 0.04152345 -0.04489499 0.03725087 0.04187345 -0.04489499 0.04244768 0.03823459 -0.04489499 0.04228979 0.03764522 -0.04489499 0.04203194 0.03709232 -0.04489499 0.041682 0.0365926 -0.04489499 0.04125058 0.03616118 -0.04489499 0.04075086 0.03581118 -0.04489499 0.03960859 0.04228913 -0.04489499 0.0401979 0.0421313 -0.04489499 0.04075086 0.04187345 -0.04489499 0.04125058 0.04152345 -0.04489499 0.041682 0.04109203 -0.04489499 0.0401979 0.03555345 -0.04489499 0.03960859 0.0353955 -0.04489499 0.03780376 0.0421313 -0.04489499 0.03839308 0.04228913 -0.04489499 0.03900086 0.0423423 -0.04489499 0.04203194 0.04059231 -0.04489499 0.04228979 0.04003942 -0.04489499 -0.03758376 -0.04222834 -0.04489499 -0.03817307 -0.04238629 -0.04489499 -0.05826044 -0.05841898 -0.04489499 -0.04222768 -0.0395472 -0.04489499 -0.04228085 -0.03893935 -0.04489499 -0.05826044 -4.85182e-5 -0.04489499 -0.03938865 -0.03549253 -0.04489499 -0.03878086 -0.03543937 -0.04489499 -0.04222768 -0.03833162 -0.04489499 -0.04206979 -0.03774237 -0.04489499 -0.03878086 -0.04243946 -0.04489499 -0.03938865 -0.04238629 -0.04489499 -0.0399779 -0.04222834 -0.04489499 -0.04181194 -0.03718936 -0.04489499 -0.041462 -0.03668963 -0.04489499 -0.04103064 -0.03625822 -0.04489499 -0.03817307 -0.03549253 -0.04489499 -0.03758376 -0.03565049 -0.04489499 -0.03703087 -0.03590834 -0.04489499 -0.03653109 -0.03625822 -0.04489499 -0.03609973 -0.03668963 -0.04489499 -0.03574979 -0.03718936 -0.04489499 -0.03549194 -0.03774237 -0.04489499 -0.03533405 -0.03833162 -0.04489499 -0.03528088 -0.03893935 -0.04489499 -0.03533405 -0.0395472 -0.04489499 -0.03549194 -0.04013645 -0.04489499 -0.03574979 -0.04068946 -0.04489499 -0.03609973 -0.04118919 -0.04489499 -0.04053086 -0.04197049 -0.04489499 -0.04103064 -0.04162061 -0.04489499 -0.041462 -0.04118919 -0.04489499 -0.03653109 -0.04162061 -0.04489499 -0.03703087 -0.04197049 -0.04489499 -0.04181194 -0.04068946 -0.04489499 -0.04206979 -0.04013645 -0.04489499 -0.04053086 -0.03590834 -0.04489499 -0.0399779 -0.03565049 -0.04489499 -0.03758376 0.03555345 -0.04489499 -0.03817307 0.0353955 -0.04489499 -0.03878086 0.03534233 -0.04489499 -0.03817307 0.04228913 -0.04489499 -0.03878086 0.0423423 -0.04489499 -0.05826044 0.05832195 -0.04489499 -0.03938865 0.04228913 -0.04489499 -0.04222768 0.03945004 -0.04489499 -0.04206979 0.04003942 -0.04489499 -0.03938865 0.0353955 -0.04489499 -0.0399779 0.03555345 -0.04489499 -0.04053086 0.03581118 -0.04489499 -0.04181194 0.04059231 -0.04489499 -0.041462 0.04109203 -0.04489499 -0.04103064 0.04152345 -0.04489499 -0.03758376 0.0421313 -0.04489499 -0.03703087 0.04187345 -0.04489499 -0.03653109 0.04152345 -0.04489499 -0.03549194 0.03764522 -0.04489499 -0.03574979 0.03709232 -0.04489499 -0.03609973 0.0365926 -0.04489499 -0.04053086 0.04187345 -0.04489499 -0.0399779 0.0421313 -0.04489499 -0.03609973 0.04109203 -0.04489499 -0.03574979 0.04059231 -0.04489499 -0.03549194 0.04003942 -0.04489499 -0.03533405 0.03945004 -0.04489499 -0.03528088 0.03884232 -0.04489499 -0.03533405 0.03823459 -0.04489499 -0.03653109 0.03616118 -0.04489499 -0.03703087 0.03581118 -0.04489499 -0.04103064 0.03616118 -0.04489499 -0.041462 0.0365926 -0.04489499 -0.04181194 0.03709232 -0.04489499 -0.04206979 0.03764522 -0.04489499 -0.04222768 0.03823459 -0.04489499 -0.04228085 0.03884232 -0.04489499 -0.09021496 0.05832195 -0.04489499 -0.09021496 0.09027647 -0.04489499 -0.09021496 -4.85182e-5 -0.04489499 -0.05826044 0.09027647 -0.04489499 1.1e-4 0.09027647 -0.06489497 0.07847821 -0.07262456 -0.06489497 0.07760995 -0.0725485 -0.06489497 0.05755537 -0.05749392 -0.06489497 -0.09113997 -0.05749392 -0.06489497 -0.09113997 0.09120142 -0.06489497 -0.09113997 0.05739688 -0.06489497 -0.08208847 -0.07925868 -0.06489497 -0.08172011 -0.08004856 -0.06489497 -0.0812202 -0.0807625 -0.06489497 -0.07825821 -0.07262456 -0.06489497 -0.07910007 -0.0728501 -0.06489497 -0.07989001 -0.07321846 -0.06489497 -0.08060389 -0.0737183 -0.06489497 -0.0812202 -0.07433462 -0.06489497 -0.08172011 -0.07504856 -0.06489497 -0.08208847 -0.07583844 -0.06489497 -0.08060389 -0.08137881 -0.06489497 -0.07989001 -0.08187866 -0.06489497 -0.07910007 -0.08224701 -0.06489497 -0.08231401 -0.0766803 -0.06489497 -0.08239001 -0.0775485 -0.06489497 -0.08231401 -0.07841682 -0.06489497 -0.07567989 -0.08224701 -0.06489497 -0.07489001 -0.08187866 -0.06489497 -0.07417607 -0.08137881 -0.06489497 -0.07355976 -0.0807625 -0.06489497 -0.07825821 -0.08247256 -0.06489497 -0.07739001 -0.08254849 -0.06489497 -0.07652175 -0.08247256 -0.06489497 -0.07246595 -0.07841682 -0.06489497 -0.07238996 -0.0775485 -0.06489497 -0.05733543 -0.05749392 -0.06489497 -0.07305985 -0.08004856 -0.06489497 -0.0726915 -0.07925868 -0.06489497 -0.07246595 -0.0766803 -0.06489497 -0.0726915 -0.07583844 -0.06489497 -0.07305985 -0.07504856 -0.06489497 -0.07355976 -0.07433462 -0.06489497 -0.07417607 -0.0737183 -0.06489497 -0.07489001 -0.07321846 -0.06489497 -0.07567989 -0.0728501 -0.06489497 -0.07652175 -0.07262456 -0.06489497 -0.07739001 -0.0725485 -0.06489497 -0.08208847 0.07574141 -0.06489497 -0.08172011 0.07495141 -0.06489497 -0.0812202 0.07423746 -0.06489497 -0.07825821 0.08237552 -0.06489497 -0.07910007 0.08214986 -0.06489497 -0.07989001 0.08178162 -0.06489497 -0.08060389 0.08128166 -0.06489497 -0.0812202 0.08066534 -0.06489497 -0.08172011 0.0799514 -0.06489497 -0.08208847 0.07916152 -0.06489497 -0.08060389 0.07362127 -0.06489497 -0.07989001 0.0731213 -0.06489497 -0.07910007 0.07275295 -0.06489497 -0.08231401 0.07831966 -0.06489497 -0.08239001 0.07745146 -0.06489497 -0.08231401 0.07658326 -0.06489497 -0.07567989 0.07275295 -0.06489497 -0.07489001 0.0731213 -0.06489497 -0.05733543 0.05739688 -0.06489497 -0.07417607 0.07362127 -0.06489497 -0.07355976 0.07423746 -0.06489497 -0.07825821 0.0725274 -0.06489497 -0.07739001 0.07245147 -0.06489497 -0.07652175 0.0725274 -0.06489497 -0.07246595 0.07658326 -0.06489497 -0.07238996 0.07745146 -0.06489497 -0.05733543 0.09120142 -0.06489497 -0.07305985 0.07495141 -0.06489497 -0.0726915 0.07574141 -0.06489497 -0.07246595 0.07831966 -0.06489497 -0.0726915 0.07916152 -0.06489497 -0.07305985 0.0799514 -0.06489497 -0.07355976 0.08066534 -0.06489497 -0.07417607 0.08128166 -0.06489497 -0.07489001 0.08178162 -0.06489497 -0.07567989 0.08214986 -0.06489497 -0.07652175 0.08237552 -0.06489497 -0.07739001 0.08245146 -0.06489497 -0.05733543 -4.85182e-5 -0.06489497 1.1e-4 -4.85182e-5 -0.06489497 -0.03817307 -0.03549253 -0.06489497 -0.041462 -0.03668963 -0.06489497 -0.04181194 -0.03718936 -0.06489497 -0.04206979 -0.03774237 -0.06489497 -0.04222768 -0.03833162 -0.06489497 -0.03878086 -0.03543937 -0.06489497 -0.03938865 -0.03549253 -0.06489497 -0.0399779 -0.03565049 -0.06489497 -0.09113997 -4.85182e-5 -0.06489497 -0.03653109 -0.03625822 -0.06489497 -0.03703087 -0.03590834 -0.06489497 -0.03758376 -0.03565049 -0.06489497 -0.04053086 -0.03590834 -0.06489497 -0.04103064 -0.03625822 -0.06489497 -0.03758376 -0.04222834 -0.06489497 -0.03703087 -0.04197049 -0.06489497 1.1e-4 -0.05749392 -0.06489497 -0.03653109 -0.04162061 -0.06489497 -0.03549194 -0.04013645 -0.06489497 -0.03533405 -0.0395472 -0.06489497 -0.03528088 -0.03893935 -0.06489497 -0.03533405 -0.03833162 -0.06489497 -0.03549194 -0.03774237 -0.06489497 -0.03574979 -0.03718936 -0.06489497 -0.03609973 -0.03668963 -0.06489497 -0.04103064 -0.04162061 -0.06489497 -0.04053086 -0.04197049 -0.06489497 -0.0399779 -0.04222834 -0.06489497 -0.03938865 -0.04238629 -0.06489497 -0.03878086 -0.04243946 -0.06489497 -0.03817307 -0.04238629 -0.06489497 -0.03609973 -0.04118919 -0.06489497 -0.03574979 -0.04068946 -0.06489497 -0.04228085 -0.03893935 -0.06489497 -0.04222768 -0.0395472 -0.06489497 -0.04206979 -0.04013645 -0.06489497 -0.04181194 -0.04068946 -0.06489497 -0.041462 -0.04118919 -0.06489497 -0.03758376 0.0421313 -0.06489497 -0.03817307 0.04228913 -0.06489497 1.1e-4 0.05739688 -0.06489497 -0.041462 0.04109203 -0.06489497 -0.04181194 0.04059231 -0.06489497 -0.03878086 0.0423423 -0.06489497 -0.03938865 0.04228913 -0.06489497 -0.0399779 0.0421313 -0.06489497 -0.04206979 0.04003942 -0.06489497 -0.04222768 0.03945004 -0.06489497 -0.04228085 0.03884232 -0.06489497 -0.04103064 0.03616118 -0.06489497 -0.04053086 0.03581118 -0.06489497 -0.0399779 0.03555345 -0.06489497 -0.03817307 0.0353955 -0.06489497 -0.03878086 0.03534233 -0.06489497 -0.03938865 0.0353955 -0.06489497 -0.03758376 0.03555345 -0.06489497 -0.03703087 0.03581118 -0.06489497 -0.03653109 0.03616118 -0.06489497 -0.03533405 0.03823459 -0.06489497 -0.03528088 0.03884232 -0.06489497 -0.03533405 0.03945004 -0.06489497 -0.03549194 0.04003942 -0.06489497 -0.03574979 0.04059231 -0.06489497 -0.03609973 0.04109203 -0.06489497 -0.04053086 0.04187345 -0.06489497 -0.04103064 0.04152345 -0.06489497 -0.04222768 0.03823459 -0.06489497 -0.04206979 0.03764522 -0.06489497 -0.03609973 0.0365926 -0.06489497 -0.03574979 0.03709232 -0.06489497 -0.03549194 0.03764522 -0.06489497 -0.03653109 0.04152345 -0.06489497 -0.03703087 0.04187345 -0.06489497 -0.04181194 0.03709232 -0.06489497 -0.041462 0.0365926 -0.06489497 0.03780376 -0.04222834 -0.06489497 0.03839308 -0.04238629 -0.06489497 0.03780376 -0.03565049 -0.06489497 0.03725087 -0.03590834 -0.06489497 0.03675109 -0.03625822 -0.06489497 0.03631967 -0.03668963 -0.06489497 0.03596973 -0.03718936 -0.06489497 0.03900086 -0.04243946 -0.06489497 0.03960859 -0.04238629 -0.06489497 0.0401979 -0.04222834 -0.06489497 0.04075086 -0.04197049 -0.06489497 0.04125058 -0.04162061 -0.06489497 0.04228979 -0.03774237 -0.06489497 0.04203194 -0.03718936 -0.06489497 0.05755537 -4.85182e-5 -0.06489497 0.041682 -0.03668963 -0.06489497 0.03571194 -0.03774237 -0.06489497 0.03555405 -0.03833162 -0.06489497 0.03550082 -0.03893935 -0.06489497 0.03555405 -0.0395472 -0.06489497 0.03571194 -0.04013645 -0.06489497 0.03596973 -0.04068946 -0.06489497 0.03631967 -0.04118919 -0.06489497 0.03675109 -0.04162061 -0.06489497 0.03725087 -0.04197049 -0.06489497 0.041682 -0.04118919 -0.06489497 0.04203194 -0.04068946 -0.06489497 0.04228979 -0.04013645 -0.06489497 0.04244768 -0.0395472 -0.06489497 0.04250085 -0.03893935 -0.06489497 0.04244768 -0.03833162 -0.06489497 0.04125058 -0.03625822 -0.06489497 0.04075086 -0.03590834 -0.06489497 0.0401979 -0.03565049 -0.06489497 0.03960859 -0.03549253 -0.06489497 0.03900086 -0.03543937 -0.06489497 0.03839308 -0.03549253 -0.06489497 0.05755537 0.05739688 -0.06489497 0.03900086 0.0423423 -0.06489497 0.03839308 0.04228913 -0.06489497 0.03780376 0.0421313 -0.06489497 0.03725087 0.04187345 -0.06489497 0.03675109 0.04152345 -0.06489497 0.03631967 0.04109203 -0.06489497 0.03596973 0.04059231 -0.06489497 0.03571194 0.04003942 -0.06489497 0.03555405 0.03945004 -0.06489497 0.03550082 0.03884232 -0.06489497 0.04244768 0.03945004 -0.06489497 0.04228979 0.04003942 -0.06489497 0.04203194 0.04059231 -0.06489497 0.041682 0.04109203 -0.06489497 0.04125058 0.04152345 -0.06489497 0.04075086 0.04187345 -0.06489497 0.0401979 0.0421313 -0.06489497 0.03960859 0.04228913 -0.06489497 0.03555405 0.03823459 -0.06489497 0.03571194 0.03764522 -0.06489497 0.03596973 0.03709232 -0.06489497 0.03631967 0.0365926 -0.06489497 0.03675109 0.03616118 -0.06489497 0.03725087 0.03581118 -0.06489497 0.03780376 0.03555345 -0.06489497 0.03839308 0.0353955 -0.06489497 0.03900086 0.03534233 -0.06489497 0.03960859 0.0353955 -0.06489497 0.0401979 0.03555345 -0.06489497 0.04075086 0.03581118 -0.06489497 0.04125058 0.03616118 -0.06489497 0.041682 0.0365926 -0.06489497 0.04203194 0.03709232 -0.06489497 0.04228979 0.03764522 -0.06489497 0.04244768 0.03823459 -0.06489497 0.04250085 0.03884232 -0.06489497 0.07510995 -0.07321846 -0.06489497 0.07439601 -0.0737183 -0.06489497 0.07377976 -0.07433462 -0.06489497 0.07327985 -0.07504856 -0.06489497 0.07674175 -0.07262456 -0.06489497 0.07589983 -0.0728501 -0.06489497 0.0729115 -0.07583844 -0.06489497 0.07268595 -0.0766803 -0.06489497 0.07260996 -0.0775485 -0.06489497 0.07268595 -0.07841682 -0.06489497 0.0729115 -0.07925868 -0.06489497 0.07327985 -0.08004856 -0.06489497 0.07377976 -0.0807625 -0.06489497 0.07439601 -0.08137881 -0.06489497 0.07510995 -0.08187866 -0.06489497 0.07589983 -0.08224701 -0.06489497 0.07932007 -0.08224701 -0.06489497 0.08010995 -0.08187866 -0.06489497 0.07674175 -0.08247256 -0.06489497 0.07760995 -0.08254849 -0.06489497 0.07847821 -0.08247256 -0.06489497 0.08082389 -0.08137881 -0.06489497 0.08144021 -0.0807625 -0.06489497 0.08194011 -0.08004856 -0.06489497 0.08230841 -0.07925868 -0.06489497 0.08253401 -0.07841682 -0.06489497 0.08260995 -0.0775485 -0.06489497 0.08253401 -0.0766803 -0.06489497 0.08230841 -0.07583844 -0.06489497 0.08194011 -0.07504856 -0.06489497 0.08144021 -0.07433462 -0.06489497 0.08082389 -0.0737183 -0.06489497 0.08010995 -0.07321846 -0.06489497 0.07932007 -0.0728501 -0.06489497 0.07589983 0.08214986 -0.06489497 0.07510995 0.08178162 -0.06489497 0.05755537 0.09120142 -0.06489497 0.07674175 0.08237552 -0.06489497 0.07439601 0.08128166 -0.06489497 0.07377976 0.08066534 -0.06489497 0.07327985 0.0799514 -0.06489497 0.0729115 0.07916152 -0.06489497 0.07268595 0.07831966 -0.06489497 0.07260996 0.07745146 -0.06489497 0.07268595 0.07658326 -0.06489497 0.0729115 0.07574141 -0.06489497 0.07327985 0.07495141 -0.06489497 0.07377976 0.07423746 -0.06489497 0.07439601 0.07362127 -0.06489497 0.07510995 0.0731213 -0.06489497 0.07589983 0.07275295 -0.06489497 1.1e-4 0.09120142 -0.06489497 0.07932007 0.07275295 -0.06489497 0.08010995 0.0731213 -0.06489497 0.07674175 0.0725274 -0.06489497 0.07760995 0.07245147 -0.06489497 0.07847821 0.0725274 -0.06489497 0.08082389 0.07362127 -0.06489497 0.08144021 0.07423746 -0.06489497 0.08194011 0.07495141 -0.06489497 0.08260995 0.07745146 -0.06489497 0.08253401 0.07658326 -0.06489497 0.08230841 0.07574141 -0.06489497 0.08253401 0.07831966 -0.06489497 0.08230841 0.07916152 -0.06489497 0.08194011 0.0799514 -0.06489497 0.08144021 0.08066534 -0.06489497 0.08082389 0.08128166 -0.06489497 0.08010995 0.08178162 -0.06489497 0.07932007 0.08214986 -0.06489497 0.07847821 0.08237552 -0.06489497 0.07760995 0.08245146 -0.05789494 0.07260996 -0.0775485 -0.05789494 0.07268595 -0.0766803 -0.05789494 0.0729115 -0.07583844 -0.05789494 0.07327985 -0.07504856 -0.05789494 0.07377976 -0.07433462 -0.05789494 0.07439601 -0.0737183 -0.05789494 0.07510995 -0.07321846 -0.05789494 0.07589983 -0.0728501 -0.05789494 0.07674175 -0.07262456 -0.05789494 0.07760995 -0.0725485 -0.05789494 0.07847821 -0.07262456 -0.05789494 0.07932007 -0.0728501 -0.05789494 0.08010995 -0.07321846 -0.05789494 0.08082389 -0.0737183 -0.05789494 0.08144021 -0.07433462 -0.05789494 0.08194011 -0.07504856 -0.05789494 0.08230841 -0.07583844 -0.05789494 0.08253401 -0.0766803 -0.05789494 0.08260995 -0.0775485 -0.05789494 0.08253401 -0.07841682 -0.05789494 0.08230841 -0.07925868 -0.05789494 0.08194011 -0.08004856 -0.05789494 0.08144021 -0.0807625 -0.05789494 0.08082389 -0.08137881 -0.05789494 0.08010995 -0.08187866 -0.05789494 0.07932007 -0.08224701 -0.05789494 0.07847821 -0.08247256 -0.05789494 0.07760995 -0.08254849 -0.05789494 0.07674175 -0.08247256 -0.05789494 0.07589983 -0.08224701 -0.05789494 0.07510995 -0.08187866 -0.05789494 0.07439601 -0.08137881 -0.05789494 0.07377976 -0.0807625 -0.05789494 0.07327985 -0.08004856 -0.05789494 0.0729115 -0.07925868 -0.05789494 0.07268595 -0.07841682 -0.05789494 -0.07739001 -0.0725485 -0.05789494 -0.07652175 -0.07262456 -0.05789494 -0.07567989 -0.0728501 -0.05789494 -0.07489001 -0.07321846 -0.05789494 -0.07417607 -0.0737183 -0.05789494 -0.07355976 -0.07433462 -0.05789494 -0.07305985 -0.07504856 -0.05789494 -0.0726915 -0.07583844 -0.05789494 -0.07246595 -0.0766803 -0.05789494 -0.07238996 -0.0775485 -0.05789494 -0.07246595 -0.07841682 -0.05789494 -0.0726915 -0.07925868 -0.05789494 -0.07305985 -0.08004856 -0.05789494 -0.07355976 -0.0807625 -0.05789494 -0.07417607 -0.08137881 -0.05789494 -0.07489001 -0.08187866 -0.05789494 -0.07567989 -0.08224701 -0.05789494 -0.07652175 -0.08247256 -0.05789494 -0.07739001 -0.08254849 -0.05789494 -0.07825821 -0.08247256 -0.05789494 -0.07910007 -0.08224701 -0.05789494 -0.07989001 -0.08187866 -0.05789494 -0.08060389 -0.08137881 -0.05789494 -0.0812202 -0.0807625 -0.05789494 -0.08172011 -0.08004856 -0.05789494 -0.08208847 -0.07925868 -0.05789494 -0.08231401 -0.07841682 -0.05789494 -0.08239001 -0.0775485 -0.05789494 -0.08231401 -0.0766803 -0.05789494 -0.08208847 -0.07583844 -0.05789494 -0.08172011 -0.07504856 -0.05789494 -0.0812202 -0.07433462 -0.05789494 -0.08060389 -0.0737183 -0.05789494 -0.07989001 -0.07321846 -0.05789494 -0.07910007 -0.0728501 -0.05789494 -0.07825821 -0.07262456 -0.05789494 0.07760995 0.08245146 -0.05789494 0.07847821 0.08237552 -0.05789494 0.07932007 0.08214986 -0.05789494 0.08010995 0.08178162 -0.05789494 0.08082389 0.08128166 -0.05789494 0.08144021 0.08066534 -0.05789494 0.08194011 0.0799514 -0.05789494 0.08230841 0.07916152 -0.05789494 0.08253401 0.07831966 -0.05789494 0.08260995 0.07745146 -0.05789494 0.08253401 0.07658326 -0.05789494 0.08230841 0.07574141 -0.05789494 0.08194011 0.07495141 -0.05789494 0.08144021 0.07423746 -0.05789494 0.08082389 0.07362127 -0.05789494 0.08010995 0.0731213 -0.05789494 0.07932007 0.07275295 -0.05789494 0.07847821 0.0725274 -0.05789494 0.07760995 0.07245147 -0.05789494 0.07674175 0.0725274 -0.05789494 0.07589983 0.07275295 -0.05789494 0.07510995 0.0731213 -0.05789494 0.07439601 0.07362127 -0.05789494 0.07377976 0.07423746 -0.05789494 0.07327985 0.07495141 -0.05789494 0.0729115 0.07574141 -0.05789494 0.07268595 0.07658326 -0.05789494 0.07260996 0.07745146 -0.05789494 0.07268595 0.07831966 -0.05789494 0.0729115 0.07916152 -0.05789494 0.07327985 0.0799514 -0.05789494 0.07377976 0.08066534 -0.05789494 0.07439601 0.08128166 -0.05789494 0.07510995 0.08178162 -0.05789494 0.07589983 0.08214986 -0.05789494 0.07674175 0.08237552 -0.05789494 -0.08239001 0.07745146 -0.05789494 -0.08231401 0.07831966 -0.05789494 -0.08208847 0.07916152 -0.05789494 -0.08172011 0.0799514 -0.05789494 -0.0812202 0.08066534 -0.05789494 -0.08060389 0.08128166 -0.05789494 -0.07989001 0.08178162 -0.05789494 -0.07910007 0.08214986 -0.05789494 -0.07825821 0.08237552 -0.05789494 -0.07739001 0.08245146 -0.05789494 -0.07652175 0.08237552 -0.05789494 -0.07567989 0.08214986 -0.05789494 -0.07489001 0.08178162 -0.05789494 -0.07417607 0.08128166 -0.05789494 -0.07355976 0.08066534 -0.05789494 -0.07305985 0.0799514 -0.05789494 -0.0726915 0.07916152 -0.05789494 -0.07246595 0.07831966 -0.05789494 -0.07238996 0.07745146 -0.05789494 -0.07246595 0.07658326 -0.05789494 -0.0726915 0.07574141 -0.05789494 -0.07305985 0.07495141 -0.05789494 -0.07355976 0.07423746 -0.05789494 -0.07417607 0.07362127 -0.05789494 -0.07489001 0.0731213 -0.05789494 -0.07567989 0.07275295 -0.05789494 -0.07652175 0.0725274 -0.05789494 -0.07739001 0.07245147 -0.05789494 -0.07825821 0.0725274 -0.05789494 -0.07910007 0.07275295 -0.05789494 -0.07989001 0.0731213 -0.05789494 -0.08060389 0.07362127 -0.05789494 -0.0812202 0.07423746 -0.05789494 -0.08172011 0.07495141 -0.05789494 -0.08208847 0.07574141 -0.05789494 -0.08231401 0.07658326 0.05810499 -0.07739001 -0.07439851 0.04510498 -0.07739001 -0.07439851 0.05810499 -0.07684302 -0.07444643 0.04510498 -0.07684302 -0.07444643 0.05810499 -0.0763126 -0.07458853 0.04510498 -0.0763126 -0.07458853 0.05810499 -0.07581496 -0.07482051 0.04510498 -0.07581496 -0.07482051 0.05810499 -0.07536518 -0.07513546 0.04510498 -0.07536518 -0.07513546 0.05810499 -0.07497692 -0.07552373 0.04510498 -0.07497692 -0.07552373 0.05810499 -0.07466202 -0.07597351 0.04510498 -0.07466202 -0.07597351 0.05810499 -0.07442992 -0.0764712 0.04510498 -0.07442992 -0.0764712 0.05810499 -0.07428783 -0.07700157 0.04510498 -0.07428783 -0.07700157 0.05810499 -0.07423996 -0.0775485 0.04510498 -0.07423996 -0.0775485 0.05810499 -0.07428783 -0.07809555 0.04510498 -0.07428783 -0.07809555 0.05810499 -0.07442992 -0.07862591 0.04510498 -0.07442992 -0.07862591 0.05810499 -0.07466202 -0.07912349 0.04510498 -0.07466202 -0.07912349 0.05810499 -0.07497692 -0.07957327 0.04510498 -0.07497692 -0.07957327 0.05810499 -0.07536518 -0.07996153 0.04510498 -0.07536518 -0.07996153 0.05810499 -0.07581496 -0.08027648 0.04510498 -0.07581496 -0.08027648 0.05810499 -0.0763126 -0.08050858 0.04510498 -0.0763126 -0.08050858 0.05810499 -0.07684302 -0.08065068 0.04510498 -0.07684302 -0.08065068 0.05810499 -0.07739001 -0.08069849 0.04510498 -0.07739001 -0.08069849 0.05810499 -0.077937 -0.08065068 0.04510498 -0.077937 -0.08065068 0.05810499 -0.07846736 -0.08050858 0.04510498 -0.07846736 -0.08050858 0.05810499 -0.078965 -0.08027648 0.04510498 -0.078965 -0.08027648 0.05810499 -0.07941478 -0.07996153 0.04510498 -0.07941478 -0.07996153 0.05810499 -0.07980304 -0.07957327 0.04510498 -0.07980304 -0.07957327 0.05810499 -0.08011794 -0.07912349 0.04510498 -0.08011794 -0.07912349 0.05810499 -0.08035004 -0.07862591 0.04510498 -0.08035004 -0.07862591 0.05810499 -0.08049213 -0.07809555 0.04510498 -0.08049213 -0.07809555 0.05810499 -0.08054 -0.0775485 0.04510498 -0.08054 -0.0775485 0.05810499 -0.08049213 -0.07700157 0.04510498 -0.08049213 -0.07700157 0.05810499 -0.08035004 -0.0764712 0.04510498 -0.08035004 -0.0764712 0.05810499 -0.08011794 -0.07597351 0.04510498 -0.08011794 -0.07597351 0.05810499 -0.07980304 -0.07552373 0.04510498 -0.07980304 -0.07552373 0.05810499 -0.07941478 -0.07513546 0.04510498 -0.07941478 -0.07513546 0.05810499 -0.078965 -0.07482051 0.04510498 -0.078965 -0.07482051 0.05810499 -0.07846736 -0.07458853 0.04510498 -0.07846736 -0.07458853 0.05810499 -0.077937 -0.07444643 0.04510498 -0.077937 -0.07444643 0.05810499 0.07760995 -0.07439851 0.04510498 0.07760995 -0.07439851 0.05810499 0.07815694 -0.07444643 0.04510498 0.07815694 -0.07444643 0.05810499 0.07868731 -0.07458853 0.04510498 0.07868731 -0.07458853 0.05810499 0.07918494 -0.07482051 0.04510498 0.07918494 -0.07482051 0.05810499 0.07963472 -0.07513546 0.04510498 0.07963472 -0.07513546 0.05810499 0.08002299 -0.07552373 0.04510498 0.08002299 -0.07552373 0.05810499 0.08033794 -0.07597351 0.04510498 0.08033794 -0.07597351 0.05810499 0.08056998 -0.0764712 0.04510498 0.08056998 -0.0764712 0.05810499 0.08071213 -0.07700157 0.04510498 0.08071213 -0.07700157 0.05810499 0.08075994 -0.0775485 0.04510498 0.08075994 -0.0775485 0.05810499 0.08071213 -0.07809555 0.04510498 0.08071213 -0.07809555 0.05810499 0.08056998 -0.07862591 0.04510498 0.08056998 -0.07862591 0.05810499 0.08033794 -0.07912349 0.04510498 0.08033794 -0.07912349 0.05810499 0.08002299 -0.07957327 0.04510498 0.08002299 -0.07957327 0.05810499 0.07963472 -0.07996153 0.04510498 0.07963472 -0.07996153 0.05810499 0.07918494 -0.08027648 0.04510498 0.07918494 -0.08027648 0.05810499 0.07868731 -0.08050858 0.04510498 0.07868731 -0.08050858 0.05810499 0.07815694 -0.08065068 0.04510498 0.07815694 -0.08065068 0.05810499 0.07760995 -0.08069849 0.04510498 0.07760995 -0.08069849 0.05810499 0.07706296 -0.08065068 0.04510498 0.07706296 -0.08065068 0.05810499 0.0765326 -0.08050858 0.04510498 0.0765326 -0.08050858 0.05810499 0.07603496 -0.08027648 0.04510498 0.07603496 -0.08027648 0.05810499 0.07558518 -0.07996153 0.04510498 0.07558518 -0.07996153 0.05810499 0.07519692 -0.07957327 0.04510498 0.07519692 -0.07957327 0.05810499 0.07488197 -0.07912349 0.04510498 0.07488197 -0.07912349 0.05810499 0.07464993 -0.07862591 0.04510498 0.07464993 -0.07862591 0.05810499 0.07450783 -0.07809555 0.04510498 0.07450783 -0.07809555 0.05810499 0.07445996 -0.0775485 0.04510498 0.07445996 -0.0775485 0.05810499 0.07450783 -0.07700157 0.04510498 0.07450783 -0.07700157 0.05810499 0.07464993 -0.0764712 0.04510498 0.07464993 -0.0764712 0.05810499 0.07488197 -0.07597351 0.04510498 0.07488197 -0.07597351 0.05810499 0.07519692 -0.07552373 0.04510498 0.07519692 -0.07552373 0.05810499 0.07558518 -0.07513546 0.04510498 0.07558518 -0.07513546 0.05810499 0.07603496 -0.07482051 0.04510498 0.07603496 -0.07482051 0.05810499 0.0765326 -0.07458853 0.04510498 0.0765326 -0.07458853 0.05810499 0.07706296 -0.07444643 0.04510498 0.07706296 -0.07444643 0.05810499 -0.07739001 0.08060145 0.04510498 -0.07739001 0.08060145 0.05810499 -0.07684302 0.08055365 0.04510498 -0.07684302 0.08055365 0.05810499 -0.0763126 0.08041143 0.04510498 -0.0763126 0.08041143 0.05810499 -0.07581496 0.08017945 0.04510498 -0.07581496 0.08017945 0.05810499 -0.07536518 0.0798645 0.04510498 -0.07536518 0.0798645 0.05810499 -0.07497692 0.07947623 0.04510498 -0.07497692 0.07947623 0.05810499 -0.07466202 0.07902646 0.04510498 -0.07466202 0.07902646 0.05810499 -0.07442992 0.07852876 0.04510498 -0.07442992 0.07852876 0.05810499 -0.07428783 0.07799839 0.04510498 -0.07428783 0.07799839 0.05810499 -0.07423996 0.07745146 0.04510498 -0.07423996 0.07745146 0.05810499 -0.07428783 0.07690441 0.04510498 -0.07428783 0.07690441 0.05810499 -0.07442992 0.07637405 0.04510498 -0.07442992 0.07637405 0.05810499 -0.07466202 0.07587647 0.04510498 -0.07466202 0.07587647 0.05810499 -0.07497692 0.07542669 0.04510498 -0.07497692 0.07542669 0.05810499 -0.07536518 0.07503843 0.04510498 -0.07536518 0.07503843 0.05810499 -0.07581496 0.07472348 0.04510498 -0.07581496 0.07472348 0.05810499 -0.0763126 0.07449138 0.04510498 -0.0763126 0.07449138 0.05810499 -0.07684302 0.07434928 0.04510498 -0.07684302 0.07434928 0.05810499 -0.07739001 0.07430148 0.04510498 -0.07739001 0.07430148 0.05810499 -0.077937 0.07434928 0.04510498 -0.077937 0.07434928 0.05810499 -0.07846736 0.07449138 0.04510498 -0.07846736 0.07449138 0.05810499 -0.078965 0.07472348 0.04510498 -0.078965 0.07472348 0.05810499 -0.07941478 0.07503843 0.04510498 -0.07941478 0.07503843 0.05810499 -0.07980304 0.07542669 0.04510498 -0.07980304 0.07542669 0.05810499 -0.08011794 0.07587647 0.04510498 -0.08011794 0.07587647 0.05810499 -0.08035004 0.07637405 0.04510498 -0.08035004 0.07637405 0.05810499 -0.08049213 0.07690441 0.04510498 -0.08049213 0.07690441 0.05810499 -0.08054 0.07745146 0.04510498 -0.08054 0.07745146 0.05810499 -0.08049213 0.07799839 0.04510498 -0.08049213 0.07799839 0.05810499 -0.08035004 0.07852876 0.04510498 -0.08035004 0.07852876 0.05810499 -0.08011794 0.07902646 0.04510498 -0.08011794 0.07902646 0.05810499 -0.07980304 0.07947623 0.04510498 -0.07980304 0.07947623 0.05810499 -0.07941478 0.0798645 0.04510498 -0.07941478 0.0798645 0.05810499 -0.078965 0.08017945 0.04510498 -0.078965 0.08017945 0.05810499 -0.07846736 0.08041143 0.04510498 -0.07846736 0.08041143 0.05810499 -0.077937 0.08055365 0.04510498 -0.077937 0.08055365 0.05810499 0.07760995 0.08060145 0.04510498 0.07760995 0.08060145 0.05810499 0.07815694 0.08055365 0.04510498 0.07815694 0.08055365 0.05810499 0.07868731 0.08041143 0.04510498 0.07868731 0.08041143 0.05810499 0.07918494 0.08017945 0.04510498 0.07918494 0.08017945 0.05810499 0.07963472 0.0798645 0.04510498 0.07963472 0.0798645 0.05810499 0.08002299 0.07947623 0.04510498 0.08002299 0.07947623 0.05810499 0.08033794 0.07902646 0.04510498 0.08033794 0.07902646 0.05810499 0.08056998 0.07852876 0.04510498 0.08056998 0.07852876 0.05810499 0.08071213 0.07799839 0.04510498 0.08071213 0.07799839 0.05810499 0.08075994 0.07745146 0.04510498 0.08075994 0.07745146 0.05810499 0.08071213 0.07690441 0.04510498 0.08071213 0.07690441 0.05810499 0.08056998 0.07637405 0.04510498 0.08056998 0.07637405 0.05810499 0.08033794 0.07587647 0.04510498 0.08033794 0.07587647 0.05810499 0.08002299 0.07542669 0.04510498 0.08002299 0.07542669 0.05810499 0.07963472 0.07503843 0.04510498 0.07963472 0.07503843 0.05810499 0.07918494 0.07472348 0.04510498 0.07918494 0.07472348 0.05810499 0.07868731 0.07449138 0.04510498 0.07868731 0.07449138 0.05810499 0.07815694 0.07434928 0.04510498 0.07815694 0.07434928 0.05810499 0.07760995 0.07430148 0.04510498 0.07760995 0.07430148 0.05810499 0.07706296 0.07434928 0.04510498 0.07706296 0.07434928 0.05810499 0.0765326 0.07449138 0.04510498 0.0765326 0.07449138 0.05810499 0.07603496 0.07472348 0.04510498 0.07603496 0.07472348 0.05810499 0.07558518 0.07503843 0.04510498 0.07558518 0.07503843 0.05810499 0.07519692 0.07542669 0.04510498 0.07519692 0.07542669 0.05810499 0.07488197 0.07587647 0.04510498 0.07488197 0.07587647 0.05810499 0.07464993 0.07637405 0.04510498 0.07464993 0.07637405 0.05810499 0.07450783 0.07690441 0.04510498 0.07450783 0.07690441 0.05810499 0.07445996 0.07745146 0.04510498 0.07445996 0.07745146 0.05810499 0.07450783 0.07799839 0.04510498 0.07450783 0.07799839 0.05810499 0.07464993 0.07852876 0.04510498 0.07464993 0.07852876 0.05810499 0.07488197 0.07902646 0.04510498 0.07488197 0.07902646 0.05810499 0.07519692 0.07947623 0.04510498 0.07519692 0.07947623 0.05810499 0.07558518 0.0798645 0.04510498 0.07558518 0.0798645 0.05810499 0.07603496 0.08017945 0.04510498 0.07603496 0.08017945 0.05810499 0.0765326 0.08041143 0.04510498 0.0765326 0.08041143 0.05810499 0.07706296 0.08055365 0.04510498 0.07706296 0.08055365 0.06510502 0.10011 0.0999515 0.04510498 0.10011 0.0999515 0.06510502 0.05755537 0.0999515 0.04510498 0.05848038 0.0999515 0.06510502 1.1e-4 0.0999515 0.04510498 1.1e-4 0.0999515 0.06510502 -0.05733543 0.0999515 0.04510498 -0.05826044 0.0999515 0.06510502 -0.09113997 0.0999515 0.04510498 -0.09021496 0.0999515 0.06510502 -0.09988999 0.0999515 0.04510498 -0.09988999 0.0999515 0.06510502 0.10011 -0.1000485 0.04510498 0.10011 -0.1000485 0.06510502 0.10011 -0.09129858 0.04510498 0.10011 -0.09037351 0.06510502 0.10011 -0.05749392 0.04510498 0.10011 -0.05841898 0.06510502 0.10011 -4.85182e-5 0.04510498 0.10011 -4.85182e-5 0.06510502 0.10011 0.05739688 0.04510498 0.10011 0.05832195 0.06510502 -0.09988999 -0.1000485 0.04510498 -0.09988999 -0.1000485 0.06510502 -0.09113997 -0.1000485 0.04510498 -0.09021496 -0.1000485 0.06510502 -0.05733543 -0.1000485 0.04510498 -0.05826044 -0.1000485 0.06510502 1.1e-4 -0.1000485 0.04510498 1.1e-4 -0.1000485 0.06510502 0.05755537 -0.1000485 0.04510498 0.05848038 -0.1000485 0.06510502 -0.09988999 0.05739688 0.04510498 -0.09988999 0.05832195 0.06510502 -0.09988999 -4.85182e-5 0.04510498 -0.09988999 -4.85182e-5 0.06510502 -0.09988999 -0.05749392 0.04510498 -0.09988999 -0.05841898 0.06510502 -0.09988999 -0.09129858 0.04510498 -0.09988999 -0.09037351 0.04510498 -0.09021496 0.05832195 0.04510498 0.05848038 0.05832195 0.04510498 0.05848038 -4.85182e-5 0.04510498 0.05848038 -0.05841898 0.04510498 0.05848038 -0.09037351 0.04510498 0.03839308 0.0353955 0.04510498 0.03900086 0.03534233 0.04510498 0.03571194 0.03764522 0.04510498 0.03596973 0.03709232 0.04510498 1.1e-4 -4.85182e-5 0.04510498 0.03631967 0.0365926 0.04510498 0.03675109 0.03616118 0.04510498 0.03725087 0.03581118 0.04510498 0.03780376 0.03555345 0.04510498 0.03780376 0.0421313 0.04510498 0.03725087 0.04187345 0.04510498 1.1e-4 0.05832195 0.04510498 0.03675109 0.04152345 0.04510498 0.03631967 0.04109203 0.04510498 0.03596973 0.04059231 0.04510498 0.03571194 0.04003942 0.04510498 0.03555405 0.03945004 0.04510498 0.03550082 0.03884232 0.04510498 0.03555405 0.03823459 0.04510498 0.03960859 0.0353955 0.04510498 0.0401979 0.03555345 0.04510498 0.04075086 0.03581118 0.04510498 0.04244768 0.03945004 0.04510498 0.04228979 0.04003942 0.04510498 0.04203194 0.04059231 0.04510498 0.041682 0.04109203 0.04510498 0.04125058 0.03616118 0.04510498 0.041682 0.0365926 0.04510498 0.04203194 0.03709232 0.04510498 0.04125058 0.04152345 0.04510498 0.04075086 0.04187345 0.04510498 0.0401979 0.0421313 0.04510498 0.03960859 0.04228913 0.04510498 0.03900086 0.0423423 0.04510498 0.03839308 0.04228913 0.04510498 0.04228979 0.03764522 0.04510498 0.04244768 0.03823459 0.04510498 0.04250085 0.03884232 0.04510498 0.03839308 -0.03549253 0.04510498 0.03780376 -0.03565049 0.04510498 0.03555405 -0.03833162 0.04510498 1.1e-4 -0.05841898 0.04510498 0.03550082 -0.03893935 0.04510498 0.04244768 -0.0395472 0.04510498 0.04250085 -0.03893935 0.04510498 0.03900086 -0.03543937 0.04510498 0.03725087 -0.03590834 0.04510498 0.03675109 -0.03625822 0.04510498 0.03631967 -0.03668963 0.04510498 0.03555405 -0.0395472 0.04510498 0.03571194 -0.04013645 0.04510498 0.03596973 -0.04068946 0.04510498 0.03596973 -0.03718936 0.04510498 0.03571194 -0.03774237 0.04510498 0.03631967 -0.04118919 0.04510498 0.03675109 -0.04162061 0.04510498 0.03725087 -0.04197049 0.04510498 0.04244768 -0.03833162 0.04510498 0.04228979 -0.03774237 0.04510498 0.04203194 -0.03718936 0.04510498 0.041682 -0.03668963 0.04510498 0.04125058 -0.03625822 0.04510498 0.04075086 -0.03590834 0.04510498 0.03960859 -0.04238629 0.04510498 0.0401979 -0.04222834 0.04510498 0.04075086 -0.04197049 0.04510498 0.04125058 -0.04162061 0.04510498 0.041682 -0.04118919 0.04510498 0.0401979 -0.03565049 0.04510498 0.03960859 -0.03549253 0.04510498 0.03780376 -0.04222834 0.04510498 0.03839308 -0.04238629 0.04510498 0.03900086 -0.04243946 0.04510498 0.04203194 -0.04068946 0.04510498 0.04228979 -0.04013645 0.04510498 -0.03758376 0.0421313 0.04510498 -0.03817307 0.04228913 0.04510498 -0.05826044 0.05832195 0.04510498 -0.04222768 0.03945004 0.04510498 -0.04228085 0.03884232 0.04510498 -0.05826044 -4.85182e-5 0.04510498 -0.03938865 0.0353955 0.04510498 -0.03878086 0.03534233 0.04510498 -0.04222768 0.03823459 0.04510498 -0.04206979 0.03764522 0.04510498 -0.03878086 0.0423423 0.04510498 -0.03938865 0.04228913 0.04510498 -0.0399779 0.0421313 0.04510498 -0.04181194 0.03709232 0.04510498 -0.041462 0.0365926 0.04510498 -0.04103064 0.03616118 0.04510498 -0.03817307 0.0353955 0.04510498 -0.03758376 0.03555345 0.04510498 -0.03703087 0.03581118 0.04510498 -0.03653109 0.03616118 0.04510498 -0.03609973 0.0365926 0.04510498 -0.03574979 0.03709232 0.04510498 -0.03549194 0.03764522 0.04510498 -0.03533405 0.03823459 0.04510498 -0.03528088 0.03884232 0.04510498 -0.03533405 0.03945004 0.04510498 -0.03549194 0.04003942 0.04510498 -0.03574979 0.04059231 0.04510498 -0.03609973 0.04109203 0.04510498 -0.04053086 0.04187345 0.04510498 -0.04103064 0.04152345 0.04510498 -0.041462 0.04109203 0.04510498 -0.03653109 0.04152345 0.04510498 -0.03703087 0.04187345 0.04510498 -0.04181194 0.04059231 0.04510498 -0.04206979 0.04003942 0.04510498 -0.04053086 0.03581118 0.04510498 -0.0399779 0.03555345 0.04510498 -0.03758376 -0.03565049 0.04510498 -0.03817307 -0.03549253 0.04510498 -0.03878086 -0.03543937 0.04510498 -0.03817307 -0.04238629 0.04510498 -0.03878086 -0.04243946 0.04510498 -0.05826044 -0.05841898 0.04510498 -0.03938865 -0.04238629 0.04510498 -0.04222768 -0.0395472 0.04510498 -0.04206979 -0.04013645 0.04510498 -0.03938865 -0.03549253 0.04510498 -0.0399779 -0.03565049 0.04510498 -0.04053086 -0.03590834 0.04510498 -0.04181194 -0.04068946 0.04510498 -0.041462 -0.04118919 0.04510498 -0.04103064 -0.04162061 0.04510498 -0.03758376 -0.04222834 0.04510498 -0.03703087 -0.04197049 0.04510498 -0.03653109 -0.04162061 0.04510498 -0.03549194 -0.03774237 0.04510498 -0.03574979 -0.03718936 0.04510498 -0.03609973 -0.03668963 0.04510498 -0.04053086 -0.04197049 0.04510498 -0.0399779 -0.04222834 0.04510498 -0.03609973 -0.04118919 0.04510498 -0.03574979 -0.04068946 0.04510498 -0.03549194 -0.04013645 0.04510498 -0.03533405 -0.0395472 0.04510498 -0.03528088 -0.03893935 0.04510498 -0.03533405 -0.03833162 0.04510498 -0.03653109 -0.03625822 0.04510498 -0.03703087 -0.03590834 0.04510498 -0.04103064 -0.03625822 0.04510498 -0.041462 -0.03668963 0.04510498 -0.04181194 -0.03718936 0.04510498 -0.04206979 -0.03774237 0.04510498 -0.04222768 -0.03833162 0.04510498 -0.04228085 -0.03893935 0.04510498 -0.09021496 -0.05841898 0.04510498 -0.09021496 -0.09037351 0.04510498 -0.09021496 -4.85182e-5 0.04510498 -0.05826044 -0.09037351 0.04510498 1.1e-4 -0.09037351 0.06510502 0.07847821 0.0725274 0.06510502 0.07760995 0.07245147 0.06510502 0.05755537 0.05739688 0.06510502 -0.09113997 0.05739688 0.06510502 -0.09113997 -0.09129858 0.06510502 -0.09113997 -0.05749392 0.06510502 -0.08208847 0.07916152 0.06510502 -0.08172011 0.0799514 0.06510502 -0.0812202 0.08066534 0.06510502 -0.07825821 0.0725274 0.06510502 -0.07910007 0.07275295 0.06510502 -0.07989001 0.0731213 0.06510502 -0.08060389 0.07362127 0.06510502 -0.0812202 0.07423746 0.06510502 -0.08172011 0.07495141 0.06510502 -0.08208847 0.07574141 0.06510502 -0.08060389 0.08128166 0.06510502 -0.07989001 0.08178162 0.06510502 -0.07910007 0.08214986 0.06510502 -0.08231401 0.07658326 0.06510502 -0.08239001 0.07745146 0.06510502 -0.08231401 0.07831966 0.06510502 -0.07567989 0.08214986 0.06510502 -0.07489001 0.08178162 0.06510502 -0.07417607 0.08128166 0.06510502 -0.07355976 0.08066534 0.06510502 -0.07825821 0.08237552 0.06510502 -0.07739001 0.08245146 0.06510502 -0.07652175 0.08237552 0.06510502 -0.07246595 0.07831966 0.06510502 -0.07238996 0.07745146 0.06510502 -0.05733543 0.05739688 0.06510502 -0.07305985 0.0799514 0.06510502 -0.0726915 0.07916152 0.06510502 -0.07246595 0.07658326 0.06510502 -0.0726915 0.07574141 0.06510502 -0.07305985 0.07495141 0.06510502 -0.07355976 0.07423746 0.06510502 -0.07417607 0.07362127 0.06510502 -0.07489001 0.0731213 0.06510502 -0.07567989 0.07275295 0.06510502 -0.07652175 0.0725274 0.06510502 -0.07739001 0.07245147 0.06510502 -0.08208847 -0.07583844 0.06510502 -0.08172011 -0.07504856 0.06510502 -0.0812202 -0.07433462 0.06510502 -0.07825821 -0.08247256 0.06510502 -0.07910007 -0.08224701 0.06510502 -0.07989001 -0.08187866 0.06510502 -0.08060389 -0.08137881 0.06510502 -0.0812202 -0.0807625 0.06510502 -0.08172011 -0.08004856 0.06510502 -0.08208847 -0.07925868 0.06510502 -0.08060389 -0.0737183 0.06510502 -0.07989001 -0.07321846 0.06510502 -0.07910007 -0.0728501 0.06510502 -0.08231401 -0.07841682 0.06510502 -0.08239001 -0.0775485 0.06510502 -0.08231401 -0.0766803 0.06510502 -0.07567989 -0.0728501 0.06510502 -0.07489001 -0.07321846 0.06510502 -0.05733543 -0.05749392 0.06510502 -0.07417607 -0.0737183 0.06510502 -0.07355976 -0.07433462 0.06510502 -0.07825821 -0.07262456 0.06510502 -0.07739001 -0.0725485 0.06510502 -0.07652175 -0.07262456 0.06510502 -0.07246595 -0.0766803 0.06510502 -0.07238996 -0.0775485 0.06510502 -0.05733543 -0.09129858 0.06510502 -0.07305985 -0.07504856 0.06510502 -0.0726915 -0.07583844 0.06510502 -0.07246595 -0.07841682 0.06510502 -0.0726915 -0.07925868 0.06510502 -0.07305985 -0.08004856 0.06510502 -0.07355976 -0.0807625 0.06510502 -0.07417607 -0.08137881 0.06510502 -0.07489001 -0.08187866 0.06510502 -0.07567989 -0.08224701 0.06510502 -0.07652175 -0.08247256 0.06510502 -0.07739001 -0.08254849 0.06510502 -0.05733543 -4.85182e-5 0.06510502 1.1e-4 -4.85182e-5 0.06510502 -0.03817307 0.0353955 0.06510502 -0.041462 0.0365926 0.06510502 -0.04181194 0.03709232 0.06510502 -0.04206979 0.03764522 0.06510502 -0.04222768 0.03823459 0.06510502 -0.03878086 0.03534233 0.06510502 -0.03938865 0.0353955 0.06510502 -0.0399779 0.03555345 0.06510502 -0.09113997 -4.85182e-5 0.06510502 -0.03653109 0.03616118 0.06510502 -0.03703087 0.03581118 0.06510502 -0.03758376 0.03555345 0.06510502 -0.04053086 0.03581118 0.06510502 -0.04103064 0.03616118 0.06510502 -0.03758376 0.0421313 0.06510502 -0.03703087 0.04187345 0.06510502 1.1e-4 0.05739688 0.06510502 -0.03653109 0.04152345 0.06510502 -0.03549194 0.04003942 0.06510502 -0.03533405 0.03945004 0.06510502 -0.03528088 0.03884232 0.06510502 -0.03533405 0.03823459 0.06510502 -0.03549194 0.03764522 0.06510502 -0.03574979 0.03709232 0.06510502 -0.03609973 0.0365926 0.06510502 -0.04103064 0.04152345 0.06510502 -0.04053086 0.04187345 0.06510502 -0.0399779 0.0421313 0.06510502 -0.03938865 0.04228913 0.06510502 -0.03878086 0.0423423 0.06510502 -0.03817307 0.04228913 0.06510502 -0.03609973 0.04109203 0.06510502 -0.03574979 0.04059231 0.06510502 -0.04228085 0.03884232 0.06510502 -0.04222768 0.03945004 0.06510502 -0.04206979 0.04003942 0.06510502 -0.04181194 0.04059231 0.06510502 -0.041462 0.04109203 0.06510502 -0.03758376 -0.04222834 0.06510502 -0.03817307 -0.04238629 0.06510502 1.1e-4 -0.05749392 0.06510502 -0.041462 -0.04118919 0.06510502 -0.04181194 -0.04068946 0.06510502 -0.03878086 -0.04243946 0.06510502 -0.03938865 -0.04238629 0.06510502 -0.0399779 -0.04222834 0.06510502 -0.04206979 -0.04013645 0.06510502 -0.04222768 -0.0395472 0.06510502 -0.04228085 -0.03893935 0.06510502 -0.04103064 -0.03625822 0.06510502 -0.04053086 -0.03590834 0.06510502 -0.0399779 -0.03565049 0.06510502 -0.03817307 -0.03549253 0.06510502 -0.03878086 -0.03543937 0.06510502 -0.03938865 -0.03549253 0.06510502 -0.03758376 -0.03565049 0.06510502 -0.03703087 -0.03590834 0.06510502 -0.03653109 -0.03625822 0.06510502 -0.03533405 -0.03833162 0.06510502 -0.03528088 -0.03893935 0.06510502 -0.03533405 -0.0395472 0.06510502 -0.03549194 -0.04013645 0.06510502 -0.03574979 -0.04068946 0.06510502 -0.03609973 -0.04118919 0.06510502 -0.04053086 -0.04197049 0.06510502 -0.04103064 -0.04162061 0.06510502 -0.04222768 -0.03833162 0.06510502 -0.04206979 -0.03774237 0.06510502 -0.03609973 -0.03668963 0.06510502 -0.03574979 -0.03718936 0.06510502 -0.03549194 -0.03774237 0.06510502 -0.03653109 -0.04162061 0.06510502 -0.03703087 -0.04197049 0.06510502 -0.04181194 -0.03718936 0.06510502 -0.041462 -0.03668963 0.06510502 0.03780376 0.0421313 0.06510502 0.03839308 0.04228913 0.06510502 0.03780376 0.03555345 0.06510502 0.03725087 0.03581118 0.06510502 0.03675109 0.03616118 0.06510502 0.03631967 0.0365926 0.06510502 0.03596973 0.03709232 0.06510502 0.03900086 0.0423423 0.06510502 0.03960859 0.04228913 0.06510502 0.0401979 0.0421313 0.06510502 0.04075086 0.04187345 0.06510502 0.04125058 0.04152345 0.06510502 0.04228979 0.03764522 0.06510502 0.04203194 0.03709232 0.06510502 0.05755537 -4.85182e-5 0.06510502 0.041682 0.0365926 0.06510502 0.03571194 0.03764522 0.06510502 0.03555405 0.03823459 0.06510502 0.03550082 0.03884232 0.06510502 0.03555405 0.03945004 0.06510502 0.03571194 0.04003942 0.06510502 0.03596973 0.04059231 0.06510502 0.03631967 0.04109203 0.06510502 0.03675109 0.04152345 0.06510502 0.03725087 0.04187345 0.06510502 0.041682 0.04109203 0.06510502 0.04203194 0.04059231 0.06510502 0.04228979 0.04003942 0.06510502 0.04244768 0.03945004 0.06510502 0.04250085 0.03884232 0.06510502 0.04244768 0.03823459 0.06510502 0.04125058 0.03616118 0.06510502 0.04075086 0.03581118 0.06510502 0.0401979 0.03555345 0.06510502 0.03960859 0.0353955 0.06510502 0.03900086 0.03534233 0.06510502 0.03839308 0.0353955 0.06510502 0.05755537 -0.05749392 0.06510502 0.03900086 -0.04243946 0.06510502 0.03839308 -0.04238629 0.06510502 0.03780376 -0.04222834 0.06510502 0.03725087 -0.04197049 0.06510502 0.03675109 -0.04162061 0.06510502 0.03631967 -0.04118919 0.06510502 0.03596973 -0.04068946 0.06510502 0.03571194 -0.04013645 0.06510502 0.03555405 -0.0395472 0.06510502 0.03550082 -0.03893935 0.06510502 0.04244768 -0.0395472 0.06510502 0.04228979 -0.04013645 0.06510502 0.04203194 -0.04068946 0.06510502 0.041682 -0.04118919 0.06510502 0.04125058 -0.04162061 0.06510502 0.04075086 -0.04197049 0.06510502 0.0401979 -0.04222834 0.06510502 0.03960859 -0.04238629 0.06510502 0.03555405 -0.03833162 0.06510502 0.03571194 -0.03774237 0.06510502 0.03596973 -0.03718936 0.06510502 0.03631967 -0.03668963 0.06510502 0.03675109 -0.03625822 0.06510502 0.03725087 -0.03590834 0.06510502 0.03780376 -0.03565049 0.06510502 0.03839308 -0.03549253 0.06510502 0.03900086 -0.03543937 0.06510502 0.03960859 -0.03549253 0.06510502 0.0401979 -0.03565049 0.06510502 0.04075086 -0.03590834 0.06510502 0.04125058 -0.03625822 0.06510502 0.041682 -0.03668963 0.06510502 0.04203194 -0.03718936 0.06510502 0.04228979 -0.03774237 0.06510502 0.04244768 -0.03833162 0.06510502 0.04250085 -0.03893935 0.06510502 0.07510995 0.0731213 0.06510502 0.07439601 0.07362127 0.06510502 0.07377976 0.07423746 0.06510502 0.07327985 0.07495141 0.06510502 0.07674175 0.0725274 0.06510502 0.07589983 0.07275295 0.06510502 0.0729115 0.07574141 0.06510502 0.07268595 0.07658326 0.06510502 0.07260996 0.07745146 0.06510502 0.07268595 0.07831966 0.06510502 0.0729115 0.07916152 0.06510502 0.07327985 0.0799514 0.06510502 0.07377976 0.08066534 0.06510502 0.07439601 0.08128166 0.06510502 0.07510995 0.08178162 0.06510502 0.07589983 0.08214986 0.06510502 0.07932007 0.08214986 0.06510502 0.08010995 0.08178162 0.06510502 0.07674175 0.08237552 0.06510502 0.07760995 0.08245146 0.06510502 0.07847821 0.08237552 0.06510502 0.08082389 0.08128166 0.06510502 0.08144021 0.08066534 0.06510502 0.08194011 0.0799514 0.06510502 0.08230841 0.07916152 0.06510502 0.08253401 0.07831966 0.06510502 0.08260995 0.07745146 0.06510502 0.08253401 0.07658326 0.06510502 0.08230841 0.07574141 0.06510502 0.08194011 0.07495141 0.06510502 0.08144021 0.07423746 0.06510502 0.08082389 0.07362127 0.06510502 0.08010995 0.0731213 0.06510502 0.07932007 0.07275295 0.06510502 0.07589983 -0.08224701 0.06510502 0.07510995 -0.08187866 0.06510502 0.05755537 -0.09129858 0.06510502 0.07674175 -0.08247256 0.06510502 0.07439601 -0.08137881 0.06510502 0.07377976 -0.0807625 0.06510502 0.07327985 -0.08004856 0.06510502 0.0729115 -0.07925868 0.06510502 0.07268595 -0.07841682 0.06510502 0.07260996 -0.0775485 0.06510502 0.07268595 -0.0766803 0.06510502 0.0729115 -0.07583844 0.06510502 0.07327985 -0.07504856 0.06510502 0.07377976 -0.07433462 0.06510502 0.07439601 -0.0737183 0.06510502 0.07510995 -0.07321846 0.06510502 0.07589983 -0.0728501 0.06510502 1.1e-4 -0.09129858 0.06510502 0.07932007 -0.0728501 0.06510502 0.08010995 -0.07321846 0.06510502 0.07674175 -0.07262456 0.06510502 0.07760995 -0.0725485 0.06510502 0.07847821 -0.07262456 0.06510502 0.08082389 -0.0737183 0.06510502 0.08144021 -0.07433462 0.06510502 0.08194011 -0.07504856 0.06510502 0.08260995 -0.0775485 0.06510502 0.08253401 -0.0766803 0.06510502 0.08230841 -0.07583844 0.06510502 0.08253401 -0.07841682 0.06510502 0.08230841 -0.07925868 0.06510502 0.08194011 -0.08004856 0.06510502 0.08144021 -0.0807625 0.06510502 0.08082389 -0.08137881 0.06510502 0.08010995 -0.08187866 0.06510502 0.07932007 -0.08224701 0.06510502 0.07847821 -0.08247256 0.06510502 0.07760995 -0.08254849 0.05810499 0.07260996 0.07745146 0.05810499 0.07268595 0.07658326 0.05810499 0.0729115 0.07574141 0.05810499 0.07327985 0.07495141 0.05810499 0.07377976 0.07423746 0.05810499 0.07439601 0.07362127 0.05810499 0.07510995 0.0731213 0.05810499 0.07589983 0.07275295 0.05810499 0.07674175 0.0725274 0.05810499 0.07760995 0.07245147 0.05810499 0.07847821 0.0725274 0.05810499 0.07932007 0.07275295 0.05810499 0.08010995 0.0731213 0.05810499 0.08082389 0.07362127 0.05810499 0.08144021 0.07423746 0.05810499 0.08194011 0.07495141 0.05810499 0.08230841 0.07574141 0.05810499 0.08253401 0.07658326 0.05810499 0.08260995 0.07745146 0.05810499 0.08253401 0.07831966 0.05810499 0.08230841 0.07916152 0.05810499 0.08194011 0.0799514 0.05810499 0.08144021 0.08066534 0.05810499 0.08082389 0.08128166 0.05810499 0.08010995 0.08178162 0.05810499 0.07932007 0.08214986 0.05810499 0.07847821 0.08237552 0.05810499 0.07760995 0.08245146 0.05810499 0.07674175 0.08237552 0.05810499 0.07589983 0.08214986 0.05810499 0.07510995 0.08178162 0.05810499 0.07439601 0.08128166 0.05810499 0.07377976 0.08066534 0.05810499 0.07327985 0.0799514 0.05810499 0.0729115 0.07916152 0.05810499 0.07268595 0.07831966 0.05810499 -0.07739001 0.07245147 0.05810499 -0.07652175 0.0725274 0.05810499 -0.07567989 0.07275295 0.05810499 -0.07489001 0.0731213 0.05810499 -0.07417607 0.07362127 0.05810499 -0.07355976 0.07423746 0.05810499 -0.07305985 0.07495141 0.05810499 -0.0726915 0.07574141 0.05810499 -0.07246595 0.07658326 0.05810499 -0.07238996 0.07745146 0.05810499 -0.07246595 0.07831966 0.05810499 -0.0726915 0.07916152 0.05810499 -0.07305985 0.0799514 0.05810499 -0.07355976 0.08066534 0.05810499 -0.07417607 0.08128166 0.05810499 -0.07489001 0.08178162 0.05810499 -0.07567989 0.08214986 0.05810499 -0.07652175 0.08237552 0.05810499 -0.07739001 0.08245146 0.05810499 -0.07825821 0.08237552 0.05810499 -0.07910007 0.08214986 0.05810499 -0.07989001 0.08178162 0.05810499 -0.08060389 0.08128166 0.05810499 -0.0812202 0.08066534 0.05810499 -0.08172011 0.0799514 0.05810499 -0.08208847 0.07916152 0.05810499 -0.08231401 0.07831966 0.05810499 -0.08239001 0.07745146 0.05810499 -0.08231401 0.07658326 0.05810499 -0.08208847 0.07574141 0.05810499 -0.08172011 0.07495141 0.05810499 -0.0812202 0.07423746 0.05810499 -0.08060389 0.07362127 0.05810499 -0.07989001 0.0731213 0.05810499 -0.07910007 0.07275295 0.05810499 -0.07825821 0.0725274 0.05810499 0.07760995 -0.08254849 0.05810499 0.07847821 -0.08247256 0.05810499 0.07932007 -0.08224701 0.05810499 0.08010995 -0.08187866 0.05810499 0.08082389 -0.08137881 0.05810499 0.08144021 -0.0807625 0.05810499 0.08194011 -0.08004856 0.05810499 0.08230841 -0.07925868 0.05810499 0.08253401 -0.07841682 0.05810499 0.08260995 -0.0775485 0.05810499 0.08253401 -0.0766803 0.05810499 0.08230841 -0.07583844 0.05810499 0.08194011 -0.07504856 0.05810499 0.08144021 -0.07433462 0.05810499 0.08082389 -0.0737183 0.05810499 0.08010995 -0.07321846 0.05810499 0.07932007 -0.0728501 0.05810499 0.07847821 -0.07262456 0.05810499 0.07760995 -0.0725485 0.05810499 0.07674175 -0.07262456 0.05810499 0.07589983 -0.0728501 0.05810499 0.07510995 -0.07321846 0.05810499 0.07439601 -0.0737183 0.05810499 0.07377976 -0.07433462 0.05810499 0.07327985 -0.07504856 0.05810499 0.0729115 -0.07583844 0.05810499 0.07268595 -0.0766803 0.05810499 0.07260996 -0.0775485 0.05810499 0.07268595 -0.07841682 0.05810499 0.0729115 -0.07925868 0.05810499 0.07327985 -0.08004856 0.05810499 0.07377976 -0.0807625 0.05810499 0.07439601 -0.08137881 0.05810499 0.07510995 -0.08187866 0.05810499 0.07589983 -0.08224701 0.05810499 0.07674175 -0.08247256 0.05810499 -0.08239001 -0.0775485 0.05810499 -0.08231401 -0.07841682 0.05810499 -0.08208847 -0.07925868 0.05810499 -0.08172011 -0.08004856 0.05810499 -0.0812202 -0.0807625 0.05810499 -0.08060389 -0.08137881 0.05810499 -0.07989001 -0.08187866 0.05810499 -0.07910007 -0.08224701 0.05810499 -0.07825821 -0.08247256 0.05810499 -0.07739001 -0.08254849 0.05810499 -0.07652175 -0.08247256 0.05810499 -0.07567989 -0.08224701 0.05810499 -0.07489001 -0.08187866 0.05810499 -0.07417607 -0.08137881 0.05810499 -0.07355976 -0.0807625 0.05810499 -0.07305985 -0.08004856 0.05810499 -0.0726915 -0.07925868 0.05810499 -0.07246595 -0.07841682 0.05810499 -0.07238996 -0.0775485 0.05810499 -0.07246595 -0.0766803 0.05810499 -0.0726915 -0.07583844 0.05810499 -0.07305985 -0.07504856 0.05810499 -0.07355976 -0.07433462 0.05810499 -0.07417607 -0.0737183 0.05810499 -0.07489001 -0.07321846 0.05810499 -0.07567989 -0.0728501 0.05810499 -0.07652175 -0.07262456 0.05810499 -0.07739001 -0.0725485 0.05810499 -0.07825821 -0.07262456 0.05810499 -0.07910007 -0.0728501 0.05810499 -0.07989001 -0.07321846 0.05810499 -0.08060389 -0.0737183 0.05810499 -0.0812202 -0.07433462 0.05810499 -0.08172011 -0.07504856 0.05810499 -0.08208847 -0.07583844 0.05810499 -0.08231401 -0.0766803</float_array>
          <technique_common>
            <accessor source="#mmo_700_base_plates-mesh-positions-array" count="1872" stride="3">
              <param name="X" type="float"/>
              <param name="Y" type="float"/>
              <param name="Z" type="float"/>
            </accessor>
          </technique_common>
        </source>
        <source id="mmo_700_base_plates-mesh-normals">
          <float_array id="mmo_700_base_plates-mesh-normals-array" count="5322">0 -0.08706068 0.9962031 0 -0.08706074 0.9962031 0 -0.2587856 0.9659349 0 -0.2587775 0.9659371 0 -0.4226951 0.906272 0 -0.4226826 0.9062778 0 -0.5735946 0.8191394 0 -0.5735948 0.8191393 0 -0.7071163 0.7070974 0 -0.7071002 0.7071134 0 -0.8191654 0.5735575 0 -0.906277 0.4226846 0 -0.9062768 0.4226847 0 -0.9659312 0.2587991 0 -0.9961941 0.08716261 0 -0.9961956 0.0871464 0 -0.996194 -0.08716523 0 -0.9961925 -0.0871815 0 -0.9659312 -0.2587991 0 -0.9063156 -0.4226016 0 -0.9063156 -0.4226014 0 -0.8191654 -0.5735575 0 -0.7070999 -0.7071137 0 -0.7071165 -0.7070971 0 -0.5735946 -0.8191394 0 -0.5735948 -0.8191393 0 -0.4225043 -0.906361 0 -0.422517 -0.906355 0 -0.2589802 -0.9658827 0 -0.2589882 -0.9658806 0 -0.08706068 -0.9962031 0 -0.08706074 -0.9962031 0 0.08706068 -0.9962031 0 0.08706074 -0.9962031 0 0.2589964 -0.9658783 0 0.2590045 -0.9658762 0 0.4225043 -0.906361 0 0.422517 -0.906355 0 0.5735946 -0.8191394 0 0.5735948 -0.8191393 0 0.7070999 -0.7071137 0 0.7071165 -0.7070971 0 0.8191577 -0.5735685 0 0.819173 -0.5735465 0 0.9063094 -0.4226151 0 0.9063219 -0.422588 0 0.9659312 -0.2587991 0 0.9961911 -0.08719766 0 0.9961939 -0.08716529 0 0.9961956 0.08714646 0 0.9961928 0.08717876 0 0.9659312 0.2587991 0 0.9062832 0.4226712 0 0.9062706 0.4226982 0 0.819173 0.5735465 0 0.8191577 0.5735685 0 0.7071163 0.7070974 0 0.7071002 0.7071134 0 0.5735946 0.8191394 0 0.5735948 0.8191393 0 0.4226951 0.906272 0 0.4226826 0.9062778 0 0.2588019 0.9659305 0 0.2587938 0.9659326 0 0.08706068 0.9962031 0 0.08706074 0.9962031 0 -0.2588019 0.9659305 0 -0.2587938 0.9659326 0 -0.7070999 0.7071137 0 -0.7071165 0.7070971 0 -0.8191424 0.5735903 0 -0.819127 0.5736122 0 -0.9063082 0.4226176 0 -0.9062955 0.4226446 0 -0.9658986 0.2589209 0 -0.9659067 0.2588905 0 -0.996204 0.08704936 0 -0.9962041 0.0870493 0 -0.9962024 -0.08706814 0 -0.9962024 -0.0870682 0 -0.9659067 -0.2588905 0 -0.9658986 -0.2589209 0 -0.9063344 -0.4225614 0 -0.906347 -0.4225345 0 -0.819127 -0.5736122 0 -0.8191424 -0.5735903 0 -0.7071163 -0.7070974 0 -0.7071002 -0.7071134 0 -0.2589964 -0.9658783 0 -0.2590045 -0.9658762 0 0.7071002 -0.7071134 0 0.81915 -0.5735794 0 0.8191347 -0.5736013 0 0.9063344 -0.4225614 0 0.9063407 -0.4225479 0 0.9961925 -0.08718144 0 0.9961925 -0.0871815 0 0.9961941 0.08716261 0 0.9961942 0.08716261 0 0.9063019 0.422631 0 0.9062955 0.4226446 0 0.8191347 0.5736013 0 0.81915 0.5735794 0 0.7070999 0.7071137 0 -0.2587775 -0.9659371 0 -0.2587856 -0.9659349 0 -0.08727622 -0.9961842 0 -0.0872761 -0.9961842 0 0.08727622 -0.9961842 0 0.0872761 -0.9961842 0 0.2587938 -0.9659326 0 0.2588019 -0.9659305 0 -0.2587938 -0.9659326 0 -0.2588019 -0.9659305 0 0 -1 -1.11858e-6 0 -1 0 1 0 0 0 1 0 -1 0 1 0 0 1 -7.5188e-6 0 1 -1.5688e-6 0 1 4.41441e-6 0 1 2.34417e-6 0 1 -6.98722e-6 0 1 -3.2561e-6 0 1 9.40553e-7 0 1 -7.90956e-7 0 1 -2.7704e-6 0 1 -4.08733e-6 0 1 1.00188e-5 0 1 -7.68609e-6 0 1 3.77671e-6 0 1 -2.27031e-6 0 1 -1.30732e-6 0 1 -7.15887e-6 0 1 6.53082e-7 0 1 7.9228e-6 0 1 -2.11465e-6 0 1 2.30998e-6 0 1 9.51529e-6 0 1 -6.53083e-6 0 1 -1.60099e-6 0 1 6.01181e-6 0 1 -1.34151e-5 0 1 -5.42628e-7 0 1 1.57464e-6 0 1 -9.41968e-7 0 1 -7.26556e-6 0 1 -1.04495e-5 0 1 7.73007e-6 0 1 -4.08733e-6 0 1 2.53696e-6 0 1 2.08151e-6 0 1 -1.08057e-5 0 1 2.99829e-6 0 1 5.41896e-7 0 1 -1.79956e-6 0 1 -4.90212e-7 0 1 -2.6328e-6 0 1 7.88887e-6 0 1 5.0562e-6 0 1 7.10198e-7 0 1 -2.27033e-6 0 1 2.5193e-6 0 1 7.46313e-6 0 1 -1.46535e-6 0 1 1.42828e-6 0 1 -4.50427e-6 0 1 -4.224e-6 0 1 -1.88276e-7 0 1 6.64327e-6 0 1 -5.62742e-7 0 1 -2.94172e-6 0 1 2.77803e-6 0 1 -4.26841e-6 0 1 4.55854e-6 0 1 2.22927e-6 0 1 1.05561e-6 0 1 -1.93812e-6 0 1 1.45206e-6 0 1 -3.24034e-6 0 1 -5.4036e-7 0 1 -5.14411e-6 0 1 5.14402e-6 0 1 3.46025e-6 0 1 -1.76558e-6 0 1 -3.78713e-6 0 1 4.28691e-6 0 1 -3.27897e-6 0 1 6.655e-7 0 1 6.00838e-6 0 1 -5.48197e-6 0 1 4.10867e-7 0 1 9.39322e-7 0 1 1.24397e-7 0 1 -4.61267e-6 0 1 -3.04608e-6 0 1 8.64435e-6 0 1 0 0 1 1.95478e-6 0 1 -2.73888e-6 0 1 -7.91941e-6 0 1 1.41188e-6 0 1 2.77803e-6 0 1 -9.14476e-7 0 1 -1.64023e-6 0 1 2.59836e-6 0 1 -8.10412e-7 0 1 -1.26238e-6 0 1 2.05734e-6 0 1 -4.09178e-6 0 1 -3.78713e-6 0 1 -1.80946e-6 0 1 -1.02462e-6 0 1 -3.02628e-6 0 1 1.98249e-6 0 1 6.48594e-6 0 1 9.54337e-6 0 1 -5.14412e-6 0 1 2.86426e-6 0 1 8.21975e-7 0 1 -7.44263e-6 0 1 6.00842e-6 0 1 2.9283e-6 0 1 1.7562e-6 0 1 3.04608e-6 0 1 -2.86413e-6 0 1 -6.48594e-6 0 1 -9.39255e-7 0 1 1.34181e-5 0 1 -6.0081e-6 0 1 5.12246e-7 0 1 -4.28669e-6 0 1 3.7873e-6 0 1 -4.55854e-6 0 1 4.26841e-6 0 1 -2.77813e-6 0 1 2.94172e-6 0 1 5.4036e-7 0 1 0 0 1 -1.95472e-6 0 1 -1.45209e-6 0 1 1.93807e-6 0 1 -1.05562e-6 0 1 3.27897e-6 0 1 -1.98255e-6 0 1 -2.22927e-6 0 1 4.871e-7 0 1 -3.46038e-6 0 1 -1.17094e-6 0 1 -5.14379e-6 0 1 5.14434e-6 0 1 -8.64435e-6 0 1 3.15404e-6 0 1 9.88279e-6 0 1 -1.08315e-5 0 1 5.14434e-6 0 1 -4.92059e-6 0 1 1.76553e-6 0 1 -1.98255e-6 0 1 4.87101e-7 0 1 -2.05734e-6 0 1 2.94173e-6 0 1 -6.65482e-7 0 1 1.02466e-6 0 1 -1.05561e-6 0 1 1.64019e-6 0 1 -1.77511e-6 0 1 3.24051e-6 0 1 8.10412e-7 0 1 -1.41188e-6 0 1 4.08344e-6 0 1 3.78732e-6 0 1 -4.28669e-6 0 1 -1.40871e-6 0 1 -1.24397e-7 0 1 4.61265e-6 0 1 3.72368e-6 0 1 2.51934e-6 0 1 -4.41448e-6 0 1 9.3611e-6 0 1 -3.03355e-6 0 1 2.94148e-6 0 1 -3.37658e-6 0 1 9.12112e-7 0 1 -8.12238e-7 0 1 -3.40515e-6 0 1 -4.83056e-6 0 1 2.77045e-6 0 1 -1.17827e-5 0 1 8.79148e-7 0 1 2.87617e-7 0 1 9.1425e-6 0 1 -1.11358e-5 0 1 6.53054e-6 0 1 -8.17727e-6 0 1 -1.48648e-6 0 1 -6.53082e-7 0 1 1.08073e-5 0 1 -7.10195e-6 0 1 -1.65271e-6 0 1 -2.37135e-5 0 1 -6.26161e-7 0 1 6.98686e-6 0 1 1.20572e-5 0 1 3.48959e-7 0 1 -7.10197e-6 0 1 8.77989e-6 0 1 2.77038e-6 0 1 -3.40516e-6 0 1 3.25152e-6 0 1 -7.73007e-6 0 1 6.53063e-6 0 1 -1.28634e-5 0 1 4.05008e-6 0 1 1.11903e-6 0 1 6.74986e-7 0 1 -2.14433e-6 0 1 -5.41883e-7 0 1 -2.04311e-6 0 1 9.33157e-7 0 1 8.55285e-6 0 1 8.0084e-6 0 1 9.11708e-6 0 1 -7.10198e-7 0 1 1.20546e-5 0 1 -6.5309e-7 0 1 -2.08141e-6 0 1 8.43256e-6 0 1 -1.54011e-6 0 1 1.46535e-6 0 1 -4.78093e-6 0 1 -2.27989e-7 0 -1 0 0 -1 2.17538e-6 0 -1 -1.75695e-6 0 -1 -2.59096e-6 0 -1 2.34694e-6 0 -1 -1.04642e-6 0 -1 1.01734e-5 0 -1 -1.57348e-6 0 -1 1.98016e-5 0 -1 -8.77562e-6 0 -1 5.47239e-6 0 -1 -6.50181e-6 0 -1 -8.69891e-6 0 -1 2.65971e-6 0 -1 -3.19255e-6 0 -1 3.101e-6 0 -1 8.56048e-7 0 -1 7.35405e-7 0 -1 4.54306e-6 0 -1 -8.95342e-6 0 -1 7.70479e-7 0 -1 2.85642e-6 0 -1 2.18266e-6 0 -1 9.59319e-7 0 -1 -6.27736e-6 0 -1 5.34746e-6 0 -1 2.34695e-6 0 -1 -3.45474e-6 0 -1 6.48086e-6 0 -1 -9.23404e-6 0 -1 2.94593e-6 0 -1 -1.25618e-6 0 -1 4.74973e-6 0 -1 -1.75697e-6 0 -1 -9.26194e-6 0 -1 -8.77558e-6 0 -1 1.29949e-5 0 -1 -4.00115e-6 0 -1 -2.14254e-6 0 -1 -3.67279e-6 0 -1 3.5522e-6 0 -1 9.59326e-7 0 -1 6.16324e-6 0 -1 -8.95342e-6 0 -1 8.24769e-6 0 -1 -2.32556e-6 0 -1 8.78492e-7 0 -1 3.52935e-6 0 -1 -5.16297e-6 0 -1 4.64032e-7 0 -1 -9.85371e-6 0 -1 7.47292e-6 0 -1 2.24367e-5 0 -1 -1.28208e-5 0 -1 -8.76153e-6 0 -1 2.06183e-6 0 -1 4.67759e-6 0 -1 5.44377e-6 0 -1 -4.11957e-6 0 -1 5.29927e-6 0 -1 1.2821e-5 0 -1 9.81614e-6 0 -1 1.29357e-6 0 -1 2.29046e-7 0 -1 -1.2962e-5 0 -1 4.86324e-6 0 -1 -9.41351e-6 0 -1 -3.81993e-6 0 -1 -1.23925e-5 0 -1 4.57599e-6 0 -1 -4.13506e-6 0 -1 -7.42202e-6 0 -1 -1.02772e-5 0 -1 -2.44563e-6 0 -1 -2.87096e-6 0 -1 -1.1159e-5 0 -1 4.26804e-6 0 -1 8.64831e-6 0 -1 4.57597e-6 0 -1 -1.395e-6 0 -1 -1.57931e-5 0 -1 -2.2587e-6 0 -1 1.85611e-6 0 -1 3.41204e-6 0 -1 7.11596e-6 0 -1 -4.21622e-6 0 -1 -2.44565e-6 0 -1 -1.80255e-5 0 -1 9.33541e-6 0 -1 -8.1241e-6 0 -1 -3.11482e-5 0 -1 -9.41352e-6 0 -1 4.45416e-6 0 -1 -6.13424e-6 0 -1 8.81446e-6 0 -1 1.40229e-5 0 -1 5.29928e-6 0 -1 -2.69226e-7 0 -1 2.7244e-5 0 -1 7.42202e-6 0 -1 -5.44377e-6 0 -1 3.81979e-6 0 -1 9.41351e-6 0 -1 5.68222e-6 0 -1 -4.57622e-6 0 -1 1.2393e-5 0 -1 -1.40236e-5 0 -1 -4.86324e-6 0 -1 3.54562e-6 0 -1 -1.29355e-6 0 -1 -9.81614e-6 0 -1 2.44565e-6 0 -1 1.0277e-5 0 -1 -8.81445e-6 0 -1 -1.67719e-5 0 -1 -4.26819e-6 0 -1 1.98391e-5 0 -1 2.87096e-6 0 -1 5.38452e-7 0 -1 -2.7244e-5 0 -1 8.76218e-6 0 -1 6.62524e-6 0 -1 -2.06192e-6 0 -1 1.96736e-6 0 -1 4.11957e-6 0 -1 4.13504e-6 0 -1 -1.09538e-6 0 -1 -1.2821e-5 0 -1 6.13424e-6 0 -1 -4.97783e-6 0 -1 4.21633e-6 0 -1 -1.03503e-5 0 -1 -2.29047e-7 0 -1 1.72888e-5 0 -1 -7.88666e-6 0 -1 8.12383e-6 0 -1 -9.33541e-6 0 -1 1.8026e-5 0 -1 1.39496e-6 0 -1 -4.5762e-6 0 -1 1.97506e-5 0 -1 -8.64439e-6 0 -1 -4.45433e-6 0 -1 1.50617e-5 0 -1 3.8198e-6 0 -1 -3.41204e-6 0 -1 4.11958e-6 0 -1 2.26015e-6 0 -1 -4.67739e-6 0 -1 2.2588e-6 0 -1 -5.29903e-6 0 -1 -1.40237e-5 0 -1 1.55753e-5 0 -1 -8.91376e-6 0 -1 1.57931e-5 0 -1 -2.85649e-6 0 -1 1.8188e-6 0 -1 -9.59263e-7 0 -1 -1.54096e-6 0 -1 8.95372e-6 0 -1 -5.48392e-6 0 -1 -7.35405e-7 0 -1 1.71406e-6 0 -1 8.69891e-6 0 -1 -1.398e-6 0 -1 3.44548e-6 0 -1 -3.10121e-6 0 -1 3.06692e-6 0 -1 8.3205e-7 0 -1 -1.01366e-5 0 -1 2.48829e-6 0 -1 -1.58377e-6 0 -1 4.06753e-6 0 -1 -3.72506e-6 0 -1 4.78782e-6 0 -1 -1.21742e-5 0 -1 6.99029e-7 0 -1 -1.6728e-6 0 -1 2.05698e-6 0 -1 1.47081e-6 0 -1 7.50976e-6 0 -1 -3.52942e-6 0 -1 2.15898e-6 0 -1 2.32562e-6 0 -1 -5.67007e-6 0 -1 1.36437e-5 0 -1 -6.16324e-6 0 -1 1.8188e-6 0 -1 4.00115e-6 0 -1 -1.54096e-6 0 -1 -5.48395e-6 0 -1 -3.55243e-6 0 -1 3.50754e-6 0 -1 9.2929e-7 0 -1 -1.99494e-6 0 -1 -1.6728e-6 0 -1 7.16949e-6 0 -1 -2.05506e-6 0 -1 7.86784e-7 0 -1 3.23374e-6 0 -1 -4.78554e-6 0 -1 4.43243e-7 0 -1 -1.06306e-5 0 -1 7.08082e-6 0 0 -0.08714824 0.9961953 0 -0.2588905 0.9659067 0 -0.2588903 0.9659067 0 -0.4226433 0.9062961 0 -0.4226434 0.9062961 0 -0.5735148 0.8191953 0 -0.5735194 0.819192 0 -0.7071073 0.7071064 0 -0.7071074 0.7071062 0 -0.8191536 0.5735744 0 -0.8191534 0.5735745 0 -0.9063237 0.4225842 0 -0.9063237 0.4225841 0 -0.965924 0.2588261 0 -0.9961966 0.08713465 0 -0.9961966 0.08713471 0 -0.9961951 -0.08715164 0 -0.9961951 -0.08715164 0 -0.965924 -0.2588261 0 -0.9063237 -0.4225842 0 -0.9063237 -0.4225841 0 -0.8191536 -0.5735744 0 -0.8191534 -0.5735745 0 -0.7071073 -0.7071064 0 -0.7071074 -0.7071062 0 -0.5735192 -0.8191921 0 -0.5735149 -0.8191951 0 -0.4226433 -0.9062961 0 -0.4226434 -0.9062961 0 -0.2588905 -0.9659067 0 -0.2588903 -0.9659067 0 -0.08714824 -0.9961953 0 0.08714824 -0.9961953 0 0.08714741 -0.9961955 0 0.2588928 -0.9659062 0 0.2588903 -0.9659067 0 0.4226396 -0.9062979 0 0.4226434 -0.9062961 0 0.5735192 -0.8191921 0 0.5735149 -0.8191951 0 0.7071073 -0.7071064 0 0.7071074 -0.7071062 0 0.8191311 -0.5736064 0 0.819131 -0.5736065 0 0.906342 -0.422545 0 0.906342 -0.4225449 0 0.965924 -0.2588261 0 0.996191 -0.08719903 0 0.996191 -0.08719897 0 0.9961924 0.08718204 0 0.9961924 0.08718204 0 0.965924 0.2588261 0 0.906342 0.422545 0 0.906342 0.4225449 0 0.8191311 0.5736064 0 0.819131 0.5736065 0 0.7071073 0.7071064 0 0.7071074 0.7071062 0 0.5735148 0.8191953 0 0.5735194 0.819192 0 0.4226433 0.9062961 0 0.4226397 0.9062978 0 0.2588905 0.9659067 0 0.2588928 0.9659062 0 0.08714741 0.9961955 0 0.08714824 0.9961953 0 -0.4226397 0.9062978 0 -0.5735192 0.8191921 0 -0.7071311 0.7070825 0 -0.7071313 0.7070823 0 -0.8191311 0.5736064 0 -0.819131 0.5736065 0 -0.9063202 0.422592 0 -0.9659264 0.2588173 0 -0.9659264 -0.2588173 0 -0.9063201 -0.4225921 0 -0.8191311 -0.5736064 0 -0.819131 -0.5736065 0 -0.7071311 -0.7070825 0 -0.7071313 -0.7070823 0 -0.5735194 -0.819192 0 -0.4226396 -0.9062979 0 0.08714413 -0.9961957 0 0.0871433 -0.9961958 0 0.2589048 -0.9659029 0 0.2589023 -0.9659035 0 0.422625 -0.9063047 0 0.4226215 -0.9063064 0 0.5735194 -0.819192 0 0.7071311 -0.7070825 0 0.7071313 -0.7070823 0 0.9063383 -0.4225529 0 0.965912 -0.2588707 0 0.9659144 -0.2588618 0 0.9961943 -0.08716112 0 0.9961951 -0.08715164 0 0.9961966 0.08713465 0 0.9961958 0.08714419 0 0.9659144 0.2588618 0 0.965912 0.2588707 0 0.9063383 0.4225528 0 0.7071311 0.7070825 0 0.7071313 0.7070823 0 0.5735192 0.8191921 0 0.4226213 0.9063064 0 0.4226251 0.9063046 0 0.2589024 0.9659035 0 0.2589047 0.9659029 0 0.0871433 0.9961958 0 0.08714413 0.9961957 0 -0.4224828 0.9063709 0 -0.4224792 0.9063727 0 -0.5736505 0.8191002 0 -0.5736503 0.8191004 0 -0.9062889 0.4226589 0 -0.9062852 0.4226669 0 -0.9659394 0.2587685 0 -0.965937 0.2587773 0 -0.9961951 0.08715164 0 -0.9961951 0.08715164 0 -0.965937 -0.2587774 0 -0.9659395 -0.2587684 0 -0.9062852 -0.4226667 0 -0.9062888 -0.422659 0 -0.5736505 -0.8191002 0 -0.5736503 -0.8191004 0 -0.2587081 -0.9659556 0 0.2587224 -0.9659518 0 0.25872 -0.9659523 0 0.5736505 -0.8191002 0 0.5736503 -0.8191004 0 0.9063035 -0.4226276 0 0.9063071 -0.4226198 0 0.965925 -0.2588219 0 0.9659275 -0.2588129 0 0.9961951 0.08715164 0 0.9961943 0.08716112 0 0.9659276 0.258813 0 0.9659252 0.2588218 0 0.9063072 0.4226197 0 0.9063034 0.4226276 0 0.5736505 0.8191002 0 0.5736503 0.8191004 0 0.4224609 0.9063811 0 0.4224646 0.9063795 0 -0.573646 0.8191034 0 -0.9062888 0.422659 0 -0.965937 0.2587774 0 -0.965937 -0.2587773 0 -0.9062889 -0.4226589 0 -0.5736458 -0.8191035 0 0.2587105 -0.965955 0 0.2587081 -0.9659556 0 0.5736458 -0.8191035 0 0.9063072 -0.4226197 0 0.965937 -0.2587774 0 0.965937 -0.2587773 0 0.996191 0.08719903 0 0.996191 0.08719897 0 0.965937 0.2587774 0 0.965937 0.2587773 0 0.9063071 0.4226198 0 0.573646 0.8191034 0 0.4224828 0.9063709 0 0.4224792 0.9063727 -1 -4.52999e-6 0 -1 1.79763e-6 0 -1 1.79732e-6 0 -1 4.52998e-6 0 -1 4.52981e-6 0 -1 -4.53011e-6 0 -1 2.26491e-6 0 -1 1.43806e-5 0 -1 -4.52964e-6 0 -1 -1.13249e-6 0 -1 1.13241e-6 0 -1 -4.52985e-6 0 -1 -2.26501e-6 0 -1 4.52999e-6 0 -1 -1.43801e-5 0 -1 4.5296e-6 0 -1 7.19093e-6 0 -1 -1.79758e-6 0 -1 -1.79773e-6 0 -1 -4.52988e-6 0 -1 3.59495e-6 0 -1 -7.18969e-6 0 -1 -4.52989e-6 0 -1 1.43794e-5 0 -1 -2.26492e-6 0 -1 -1.43806e-5 0 -1 4.52989e-6 0 -1 -2.83105e-6 0 -1 2.83128e-6 0 -1 4.52956e-6 0 -1 -6.79465e-6 0 -1 4.52974e-6 0 -1 4.52972e-6 0 -1 -4.52972e-6 0 0 -0.08726125 -0.9961856 0 -0.08726137 -0.9961856 0 -0.2587832 -0.9659355 0 -0.2587883 -0.9659341 0 -0.4226467 -0.9062947 0 -0.4226472 -0.9062944 0 -0.5735282 -0.8191859 0 -0.5735184 -0.8191928 0 -0.7071121 -0.7071014 0 -0.7071021 -0.7071116 0 -0.8191547 -0.5735726 0 -0.8191551 -0.5735721 0 -0.9063249 -0.4225816 0 -0.9063178 -0.4225968 0 -0.9659196 -0.2588424 0 -0.9659149 -0.2588599 0 -0.9961969 -0.08713096 0 -0.9961979 0.08711904 0 -0.9961979 0.08711916 0 -0.9659149 0.2588602 0 -0.9659197 0.2588421 0 -0.9063176 0.4225972 0 -0.9063251 0.4225811 0 -0.8191547 0.5735726 0 -0.8191551 0.5735721 0 -0.7071026 0.707111 0 -0.7071115 0.707102 0 -0.5735192 0.8191922 0 -0.5735273 0.8191865 0 -0.4226467 0.9062947 0 -0.4226472 0.9062944 0 -0.258788 0.9659342 0 -0.2587835 0.9659354 0 -0.08712559 0.9961974 0 0.08713054 0.9961969 0 0.08713221 0.9961968 0 0.2587689 0.9659393 0 0.2587692 0.9659393 0 0.4226467 0.9062947 0 0.4226472 0.9062944 0 0.5735192 0.8191922 0 0.5735273 0.8191865 0 0.7071408 0.7070728 0 0.7071402 0.7070735 0 0.8191547 0.5735726 0 0.8191551 0.5735721 0 0.9062958 0.4226443 0 0.9062959 0.4226438 0 0.9659339 0.258789 0 0.965934 0.2587887 0 0.996193 0.08717584 0 0.9961913 0.08719491 0 0.9961903 -0.08720672 0 0.9961919 -0.08718776 0 0.9659339 -0.258789 0 0.965934 -0.2587887 0 0.9062958 -0.4226443 0 0.9062959 -0.4226438 0 0.8191547 -0.5735726 0 0.8191551 -0.5735721 0 0.7071408 -0.7070728 0 0.7071402 -0.7070735 0 0.5735282 -0.8191859 0 0.5735184 -0.8191928 0 0.4226467 -0.9062947 0 0.4226472 -0.9062944 0 0.2587689 -0.9659393 0 0.2587692 -0.9659393 0 0.08726787 -0.9961849 0 0.08726638 -0.9961851 0 -0.258788 -0.9659342 0 -0.2587835 -0.9659354 0 -0.5735273 -0.8191865 0 -0.7071217 -0.7070919 0 -0.7071211 -0.7070925 0 -0.9062958 -0.4226443 0 -0.9062959 -0.4226438 0 -0.9659243 -0.2588246 0 -0.9659292 -0.2588065 0 -0.9961937 -0.08716887 0 -0.9961946 0.08715695 0 -0.9961947 0.08715701 0 -0.9659292 0.2588068 0 -0.9659245 0.2588243 0 -0.9062958 0.4226443 0 -0.9062959 0.4226438 0 -0.7071217 0.7070919 0 -0.7071211 0.7070925 0 -0.5735282 0.8191859 0 -0.2587832 0.9659355 0 -0.2587883 0.9659341 0 0.0871272 0.9961972 0 0.08712887 0.9961971 0 0.258788 0.9659342 0 0.2587835 0.9659354 0 0.4226321 0.9063014 0 0.4226326 0.9063012 0 0.5735461 0.8191733 0 0.5735363 0.8191802 0 0.7071121 0.7071014 0 0.7071021 0.7071116 0 0.9063104 0.422613 0 0.9063105 0.4226124 0 0.9659243 0.2588246 0 0.9659245 0.2588243 0 0.9961963 0.08713799 0 0.9961947 0.08715701 0 0.9961937 -0.08716887 0 0.9961953 -0.08714991 0 0.9659243 -0.2588246 0 0.9659245 -0.2588243 0 0.9063104 -0.422613 0 0.9063105 -0.4226124 0 0.7071026 -0.707111 0 0.7071115 -0.707102 0 0.5735371 -0.8191797 0 0.5735453 -0.8191739 0 0.4226321 -0.9063014 0 0.4226326 -0.9063012 0 0.2587832 -0.9659355 0 0.2587883 -0.9659341 0 0.08726453 -0.9961852 0 0.08726304 -0.9961854 -1 -4.53e-6 0 -1 1.79758e-6 0 -1 4.52986e-6 0 -1 4.52962e-6 0 -1 -4.53024e-6 0 -1 2.26486e-6 0 -1 1.43808e-5 0 -1 -1.13245e-6 0 -1 -2.26502e-6 0 -1 4.53003e-6 0 -1 -1.43802e-5 0 -1 4.52983e-6 0 -1 -1.79768e-6 0 -1 -4.52978e-6 0 -1 3.59505e-6 0 -1 -7.19011e-6 0 -1 -2.26494e-6 0 -1 -1.438e-5 0 -1 2.83121e-6 0 -1 -6.7944e-6 0 -1 4.52991e-6 0 -1 4.52944e-6 0 0 -0.08712559 -0.9961974 0 -0.2589112 -0.9659012 0 -0.2589157 -0.9659 0 -0.4225345 -0.9063469 0 -0.5736202 -0.8191215 0 -0.5736104 -0.8191283 0 -0.9961969 0.08713096 0 -0.9063422 0.4225448 0 -0.9063494 0.4225291 0 -0.7070341 0.7071796 0 -0.7070435 0.70717 0 -0.5736113 0.8191278 0 -0.5736194 0.819122 0 0.5736113 0.8191278 0 0.5736194 0.819122 0 0.7070722 0.7071414 0 0.9063202 0.4225918 0 0.9961919 0.08718776 0 0.9961903 0.08720672 0 0.5736202 -0.8191215 0 0.5736104 -0.8191283 0 0.4225345 -0.9063469 0 0.2588968 -0.965905 0 0.2588966 -0.9659051 0 0.08713221 -0.9961968 0 0.08713054 -0.9961969 -1 -4.53e-6 0 -1 4.52996e-6 0 -1 4.52985e-6 0 -1 2.83123e-6 0 -1 -2.8311e-6 0 -1 2.26503e-6 0 -1 4.52958e-6 0 -1 7.19114e-6 0 -1 4.53005e-6 0 -1 -4.52932e-6 0 -1 -7.1899e-6 0 -1 -4.53001e-6 0 -1 -2.26491e-6 0 -1 -1.43804e-5 0 -1 2.83131e-6 0 -1 1.43802e-5 0 -1 1.4381e-5 0 -1 -7.18949e-6 0 -1 -4.52996e-6 0 -1 1.79753e-6 0 -1 4.52988e-6 0 -1 -2.26496e-6 0 -1 2.83113e-6 0 -1 2.26505e-6 0 -1 4.52995e-6 0 -1 -4.52921e-6 0 -1 3.59516e-6 0 -1 -4.53017e-6 0 -1 1.43796e-5 0 -1 -6.79443e-6 0 -1 -7.18928e-6 0 0 -0.258916 -0.9658999 0 -0.2589109 -0.9659013 0 -0.5736194 -0.819122 0 -0.9961937 0.08716887 0 -0.9063202 0.4225918 0 -0.7070531 0.7071605 0 -0.5736202 0.8191215 0 0.5736381 0.8191089 0 0.5736284 0.8191158 0 0.7070435 0.70717 0 0.7070341 0.7071796 0 0.9063348 0.4225604 0 0.9961953 0.08714991 0 0.9961937 0.08716887 0 0.5736292 -0.8191151 0 0.5736374 -0.8191095 0 0.4225199 -0.9063537 0 0.2589112 -0.9659012 0 0.2589157 -0.9659 0 0.08712887 -0.9961971 0 0.0871272 -0.9961972 0 -0.08727627 -0.9961842 0 -0.2587777 -0.965937 0 -0.258786 -0.9659348 0 -0.4225172 -0.906355 0 -0.4225047 -0.9063608 0 -0.5735953 -0.819139 0 -0.7071007 -0.707113 0 -0.7071086 -0.707105 0 -0.8191657 -0.573557 0 -0.9063159 -0.4226011 0 -0.9659314 -0.2587988 0 -0.9659313 -0.2587989 0 -0.9961939 -0.08716517 0 -0.9961925 -0.08718138 0 -0.9961941 0.08716249 0 -0.9961956 0.08714634 0 -0.9659314 0.2587988 0 -0.9659313 0.2587989 0 -0.9062771 0.4226842 0 -0.8191657 0.573557 0 -0.7071089 0.7071048 0 -0.7071005 0.7071132 0 -0.5735953 0.819139 0 -0.422683 0.9062776 0 -0.4226955 0.9062718 0 -0.2587859 0.9659348 0 -0.2587778 0.9659368 0 -0.0870608 0.9962031 0 0.0870608 0.9962031 0 0.258794 0.9659326 0 0.2588023 0.9659304 0 0.422683 0.9062776 0 0.4226955 0.9062718 0 0.5735953 0.819139 0 0.7071007 0.707113 0 0.7071005 0.7071132 0 0.8191733 0.5735461 0 0.8191581 0.573568 0 0.9062833 0.4226708 0 0.9062708 0.4226976 0 0.9659314 0.2587988 0 0.9659313 0.2587989 0 0.9961956 0.08714634 0 0.9961956 0.08714634 0 0.9961939 -0.08716517 0 0.996194 -0.08716523 0 0.9659314 -0.2587988 0 0.9659313 -0.2587989 0 0.9063096 -0.4226144 0 0.9063221 -0.4225876 0 0.8191581 -0.573568 0 0.8191733 -0.5735461 0 0.7071007 -0.707113 0 0.7071005 -0.7071132 0 0.5735953 -0.819139 0 0.4225172 -0.906355 0 0.4225047 -0.9063608 0 0.2588022 -0.9659304 0 0.2587941 -0.9659325 0 0.08727627 -0.9961842 0 -0.258794 -0.9659326 0 -0.2588023 -0.9659304 0 -0.7071005 -0.7071132 0 -0.8191428 -0.5735899 0 -0.9063346 -0.4225608 0 -0.9659068 -0.25889 0 -0.9659068 -0.2588902 0 -0.9962024 -0.08706802 0 -0.9962024 -0.08706808 0 -0.996204 0.08704918 0 -0.996204 0.08704924 0 -0.9659068 0.25889 0 -0.9659068 0.2588902 0 -0.9062958 0.422644 0 -0.8191428 0.5735899 0 -0.7071007 0.707113 0 -0.2588022 0.9659304 0 -0.2587941 0.9659325 0 0.2587941 0.9659325 0 0.707117 0.7070966 0 0.8191428 0.5735899 0 0.8191351 0.5736008 0 0.906302 0.4226306 0 0.9062958 0.422644 0 0.9961941 0.08716249 0 0.9961942 0.08716255 0 0.9961925 -0.08718132 0 0.9961925 -0.08718138 0 0.9063346 -0.4225608 0 0.9063408 -0.4225475 0 0.8191351 -0.5736008 0 0.8191428 -0.5735899 0 0.7071167 -0.7070968 0 0.258794 -0.9659326 0 -0.0870608 -0.9962031 0 -0.2589803 -0.9658827 0 -0.2589886 -0.9658805 0 0.2590047 -0.9658761 0 0.2589967 -0.9658782 0 0.0870608 -0.9962031 0 -0.2589966 -0.9658783 0 -0.2590048 -0.9658761 0 0.2589966 -0.9658783 1.09427e-6 0 -1 -1 9.51547e-6 0 -1 -9.00301e-6 0 -1 -1.04602e-6 0 -1 -7.56769e-7 0 -1 8.06179e-6 0 -1 7.81383e-7 0 -1 -1.1178e-6 0 -1 4.81545e-6 0 -1 -4.79683e-6 0 -1 4.0338e-6 0 -1 -3.87853e-6 0 -1 -8.45654e-7 0 -1 -2.23556e-6 0 -1 7.81387e-7 0 -1 -7.56776e-7 0 -1 -4.18409e-6 0 -1 1.88355e-6 0 -1 -3.59199e-6 0 -1 -7.04879e-7 0 -1 -4.15798e-6 0 -1 7.34727e-7 0 -1 -7.25315e-6 0 -1 -1.58173e-6 0 -1 -7.80091e-6 0 -1 2.98447e-6 0 -1 7.13411e-6 0 -1 -2.7311e-6 0 -1 1.11798e-6 0 -1 -1.18942e-6 0 -1 -8.45655e-7 0 -1 8.45662e-7 0 -1 -1.18924e-6 0 -1 -1.08078e-5 0 -1 9.99419e-7 0 -1 -1.08379e-6 0 -1 3.19857e-6 0 -1 -5.89067e-6 0 -1 9.80422e-7 0 -1 -8.77608e-7 0 -1 4.67581e-6 0 -1 1.43262e-5 0 -1 -1.04992e-5 0 -1 7.457e-6 0 -1 -7.5677e-7 0 -1 3.52704e-6 0 -1 -1.90503e-6 0 -1 1.85676e-6 0 -1 -9.89057e-7 0 -1 -9.67436e-6 0 -1 8.77126e-6 0 -1 -1.88276e-7 0 -1 2.21488e-6 0 -1 -5.90872e-6 0 -1 9.41352e-7 0 -1 -2.43078e-6 0 -1 7.53001e-6 0 -1 -4.45467e-6 0 -1 1.02867e-6 0 -1 -3.61922e-6 0 -1 2.5349e-6 0 -1 -4.87719e-6 0 -1 3.22738e-7 0 -1 3.08604e-7 0 -1 1.35069e-6 0 -1 -4.64876e-6 0 -1 5.36814e-6 0 -1 9.36645e-6 0 -1 -4.52556e-6 0 -1 6.05343e-6 0 -1 -9.65046e-6 0 -1 3.31374e-6 0 -1 -1.37181e-6 0 -1 -1.51314e-6 0 -1 -2.1296e-6 0 -1 -3.00421e-6 0 -1 2.74092e-6 0 -1 -3.17048e-6 0 -1 -2.34801e-6 0 -1 -8.38663e-7 0 -1 -6.77033e-7 0 -1 3.55413e-7 0 -1 1.08305e-5 0 -1 -3.56825e-6 0 -1 3.05951e-6 0 -1 -2.43078e-6 0 -1 -5.16289e-6 0 -1 -3.04878e-7 0 -1 -4.47258e-7 0 -1 -3.7114e-7 0 -1 -2.7018e-7 0 -1 1.73577e-6 0 -1 -1.02889e-6 0 -1 5.84479e-7 0 -1 3.31374e-6 0 -1 -3.92084e-6 0 -1 4.3905e-7 0 -1 1.51337e-6 0 -1 -2.72593e-6 0 -1 -6.17708e-7 0 -1 -4.64875e-6 0 -1 3.73161e-6 0 -1 -3.52172e-7 0 -1 -9.69644e-6 0 -1 7.82782e-6 0 -1 7.9852e-7 0 -1 5.85496e-7 0 -1 6.77033e-7 0 -1 -3.73143e-6 0 -1 6.17709e-7 0 -1 2.34784e-6 0 -1 3.00407e-6 0 -1 -3.95224e-6 0 -1 1.37174e-6 0 -1 -3.3139e-6 0 -1 -4.11958e-6 0 -1 4.45467e-6 0 -1 -7.53001e-6 0 -1 2.43087e-6 0 -1 -9.41352e-7 0 -1 -1.35069e-6 0 -1 -3.55402e-7 0 -1 -3.22748e-7 0 -1 4.87719e-6 0 -1 -2.53483e-6 0 -1 3.61922e-6 0 -1 1.51314e-6 0 -1 2.72601e-6 0 -1 -1.02867e-6 0 -1 -1.55872e-6 0 -1 -8.07096e-6 0 -1 4.52573e-6 0 -1 -6.43913e-6 0 -1 9.65046e-6 0 -1 -5.36792e-6 0 -1 4.64896e-6 0 -1 4.10914e-6 0 -1 9.88299e-6 0 -1 -1.08315e-5 0 -1 4.64896e-6 0 -1 -3.57829e-6 0 -1 2.01775e-6 0 -1 2.72601e-6 0 -1 -1.55872e-6 0 -1 1.02889e-6 0 -1 -9.41351e-7 0 -1 2.12952e-6 0 -1 -4.39068e-7 0 -1 -1.20642e-6 0 -1 4.47247e-7 0 -1 2.90417e-6 0 -1 -3.08619e-7 0 -1 2.7018e-7 0 -1 -3.05951e-6 0 -1 2.96933e-6 0 -1 -3.31389e-6 0 -1 1.37174e-6 0 -1 -4.69627e-7 0 -1 8.38668e-7 0 -1 -6.09215e-6 0 -1 -9.6738e-6 0 -1 1.27957e-5 0 -1 -4.53476e-6 0 -1 7.56769e-7 0 -1 5.46043e-6 0 -1 9.80483e-7 0 -1 4.99368e-6 0 -1 -4.65178e-6 0 -1 4.14242e-6 0 -1 -4.76722e-6 0 -1 -9.99425e-7 0 -1 3.87853e-6 0 -1 -4.8353e-6 0 -1 2.87617e-7 0 -1 -5.81953e-6 0 -1 2.92991e-6 0 -1 1.20572e-5 0 -1 -7.34696e-7 0 -1 -2.37848e-6 0 -1 -4.7575e-6 0 -1 3.59199e-6 0 -1 7.98972e-7 0 -1 -7.48696e-6 0 -1 3.44392e-6 0 -1 1.11775e-6 0 -1 3.48959e-7 0 -1 7.98969e-7 0 -1 -1.35091e-6 0 -1 3.87862e-6 0 -1 -4.76721e-6 0 -1 1.08384e-6 0 -1 1.18942e-6 0 -1 -7.34686e-7 0 -1 1.68685e-5 0 -1 -7.62381e-6 0 -1 1.35003e-6 0 -1 3.24576e-6 0 -1 -1.34995e-6 0 -1 3.8115e-6 0 -1 -6.39713e-6 0 -1 1.08379e-6 0 -1 -6.81031e-7 0 -1 9.79812e-6 0 -1 1.94432e-5 0 -1 -1.66298e-5 0 -1 5.40371e-6 0 -1 -7.457e-6 0 -1 -6.85736e-6 0 -1 1.18918e-6 0 -1 -2.00214e-6 0 -1 1.90503e-6 0 -1 -1.04974e-6 0 -1 1.24434e-5 0 -1 -2.27989e-7 0 -1 1.04493e-5 0 1 1.57243e-5 0 1 -1.26173e-5 0 1 4.1728e-6 0 1 -9.06767e-6 0 1 1.40817e-6 0 1 3.139e-6 0 1 1.2935e-5 0 1 -8.21634e-6 0 1 -3.93396e-7 0 1 7.18002e-6 0 1 -6.25296e-7 0 1 -1.79828e-5 0 1 -3.54642e-6 0 1 7.02541e-6 0 1 -8.64403e-6 0 1 -3.19256e-6 0 1 3.10101e-6 0 1 -4.18461e-6 0 1 2.01641e-5 0 1 1.097e-5 0 1 -1.02956e-5 0 1 2.47802e-6 0 1 2.55812e-6 0 1 -2.31122e-6 0 1 -5.35634e-6 0 1 7.63856e-6 0 1 0 0 1 4.31034e-6 0 1 -3.67279e-6 0 1 1.67427e-5 0 1 -1.36123e-5 0 1 -4.08237e-6 0 1 9.23404e-6 0 1 -7.65945e-6 0 1 7.53707e-6 0 1 1.41171e-5 0 1 -9.88283e-6 0 1 3.36756e-6 0 1 7.18005e-6 0 1 -3.71279e-6 0 1 1.23277e-5 0 1 -9.28337e-6 0 1 1.80396e-6 0 1 -1.74466e-6 0 1 0 0 1 1.16404e-5 0 1 -1.07867e-5 0 1 2.55812e-6 0 1 2.79064e-6 0 1 -5.27098e-6 0 1 6.90884e-6 0 1 -4.41171e-6 0 1 -1.54709e-7 0 1 -9.85397e-6 0 1 7.47265e-6 0 1 2.24367e-5 0 1 -8.01385e-7 0 1 -4.86691e-6 0 1 2.87039e-6 0 1 -4.83096e-6 0 1 -6.18703e-6 0 1 4.25464e-6 0 1 9.17036e-7 0 1 -1.87884e-5 0 1 -1.05158e-6 0 1 -9.81441e-6 0 1 1.29381e-6 0 1 -2.29046e-7 0 1 1.11103e-5 0 1 2.70137e-6 0 1 -1.24729e-5 0 1 1.35434e-5 0 1 1.97153e-6 0 1 -1.98401e-5 0 1 6.37046e-6 0 1 -5.75662e-6 0 1 1.29012e-5 0 1 3.36277e-6 0 1 6.02317e-7 0 1 -2.87147e-6 0 1 1.36367e-5 0 1 -5.86856e-6 0 1 2.88274e-6 0 1 1.70721e-5 0 1 6.3705e-6 0 1 -9.76338e-6 0 1 -1.8025e-5 0 1 6.81938e-6 0 1 5.02418e-6 0 1 1.05397e-6 0 1 -8.66054e-7 0 1 -5.766e-6 0 1 -2.26376e-6 0 1 6.92552e-6 0 1 -6.41977e-6 0 1 -4.00143e-6 0 1 2.88277e-6 0 1 1.48167e-5 0 1 -1.24729e-5 0 1 5.69058e-6 0 1 2.62952e-6 0 1 -1.4023e-6 0 1 1.85804e-5 0 1 -1.87883e-5 0 1 2.69226e-7 0 1 -2.3352e-5 0 1 -1.29012e-5 0 1 6.18703e-6 0 1 -1.35429e-5 0 1 1.24729e-5 0 1 7.9105e-6 0 1 -6.37078e-6 0 1 1.98393e-5 0 1 -1.9716e-6 0 1 -1.60036e-6 0 1 -1.85814e-5 0 1 -2.70137e-6 0 1 -1.41825e-6 0 1 -1.29378e-6 0 1 9.81441e-6 0 1 -6.02333e-7 0 1 -3.36277e-6 0 1 1.05158e-6 0 1 1.4023e-6 0 1 5.86876e-6 0 1 1.12667e-6 0 1 -1.98362e-5 0 1 2.87147e-6 0 1 -5.38452e-7 0 1 2.3352e-5 0 1 4.86728e-6 0 1 2.05538e-5 0 1 -9.17036e-7 0 1 -7.52933e-6 0 1 -2.87053e-6 0 1 2.73888e-6 0 1 -4.25464e-6 0 1 5.75665e-6 0 1 -7.66537e-6 0 1 -2.62952e-6 0 1 1.76635e-6 0 1 9.78263e-6 0 1 -6.92563e-6 0 1 3.3743e-6 0 1 2.29047e-7 0 1 1.29549e-5 0 1 -1.70727e-5 0 1 -2.88268e-6 0 1 4.00143e-6 0 1 9.76296e-6 0 1 -6.37081e-6 0 1 -1.97506e-5 0 1 2.97198e-6 0 1 -5.69081e-6 0 1 1.50616e-5 0 1 -1.35429e-5 0 1 5.766e-6 0 1 -4.25464e-6 0 1 3.14649e-6 0 1 4.83075e-6 0 1 -1.05402e-6 0 1 1.87875e-5 0 1 -1.85813e-5 0 1 -5.35466e-6 0 1 3.56552e-6 0 1 -5.02418e-6 0 1 -1.16397e-5 0 1 5.35646e-6 0 1 1.09128e-6 0 1 0 0 1 3.65978e-6 0 1 -2.55821e-6 0 1 4.48687e-6 0 1 1.02956e-5 0 1 -9.9415e-6 0 1 1.06391e-5 0 1 -7.02541e-6 0 1 -3.49531e-7 0 1 7.23218e-7 0 1 -3.63433e-7 0 1 -1.13222e-5 0 1 -3.10118e-6 0 1 3.06701e-6 0 1 -4.06721e-6 0 1 1.01356e-5 0 1 -8.08685e-6 0 1 9.18584e-6 0 1 -1.07208e-5 0 1 2.21865e-6 0 1 3.11296e-7 0 1 1.22413e-5 0 1 -3.91732e-6 0 1 -2.09686e-6 0 1 -1.00368e-6 0 1 7.19866e-6 0 1 -3.49317e-6 0 1 4.41179e-6 0 1 -5.61335e-6 0 1 7.0281e-6 0 1 -2.79071e-6 0 1 2.06159e-6 0 1 1.07867e-5 0 1 -1.0549e-5 0 1 1.1426e-5 0 1 -8.66789e-6 0 1 4.48684e-6 0 1 1.17665e-5 0 1 1.74477e-6 0 1 -1.7227e-6 0 1 0 0 1 -8.6438e-6 0 1 9.70222e-6 0 1 -1.11844e-5 0 1 2.46608e-6 0 1 -4.72072e-6 0 1 6.26017e-6 0 1 -4.0422e-6 0 1 -1.47776e-7 0 1 -1.06305e-5 0 1 7.08058e-6 0 0 -0.0871483 -0.9961953 0 -0.0871483 -0.9961953 0 -0.2587084 -0.9659556 0 -0.2587082 -0.9659556 0 -0.4226437 -0.9062961 0 -0.4226399 -0.9062976 0 -0.5736507 -0.8191001 0 -0.7071028 -0.7071108 0 -0.7071076 -0.7071061 0 -0.8191537 -0.5735741 0 -0.906289 -0.4226587 0 -0.9062889 -0.4226588 0 -0.9659371 -0.2587772 0 -0.9961951 -0.08715158 0 -0.9961951 -0.08715158 0 -0.9961951 0.08715158 0 -0.9961951 0.08715158 0 -0.9659371 0.2587772 0 -0.906289 0.4226587 0 -0.9062889 0.4226588 0 -0.8191537 0.5735741 0 -0.7071076 0.7071061 0 -0.7071028 0.7071108 0 -0.5736507 0.8191001 0 -0.4224793 0.9063727 0 -0.4224832 0.9063708 0 -0.2588906 0.9659067 0 -0.0871483 0.9961953 0 -0.0871483 0.9961953 0 0.08714747 0.9961955 0 0.0871483 0.9961953 0 0.2588906 0.9659067 0 0.4224829 0.9063709 0 0.4224832 0.9063708 0 0.5736462 0.8191032 0 0.5736507 0.8191001 0 0.7071076 0.7071061 0 0.8191313 0.5736061 0 0.8191269 0.5736125 0 0.9063072 0.4226195 0 0.9063072 0.4226196 0 0.9659395 0.2587682 0 0.9961901 0.08720844 0 0.996191 0.08719891 0 0.996191 -0.08719897 0 0.9961901 -0.08720839 0 0.9659395 -0.2587684 0 0.9659371 -0.2587772 0 0.9063072 -0.4226195 0 0.9063072 -0.4226196 0 0.8191269 -0.5736125 0 0.8191313 -0.5736061 0 0.7071076 -0.7071061 0 0.5736507 -0.8191001 0 0.5736462 -0.8191032 0 0.4226437 -0.9062961 0 0.2587084 -0.9659556 0 0.2587082 -0.9659556 0 0.0871483 -0.9961953 0 0.08714753 -0.9961955 0 -0.5736462 -0.8191032 0 -0.7071314 -0.7070822 0 -0.8191313 -0.5736061 0 -0.9062854 -0.4226667 0 -0.9659395 0.2587682 0 -0.9062853 0.4226665 0 -0.8191313 0.5736061 0 -0.7071314 0.7070822 0 -0.5736462 0.8191032 0 -0.4224829 0.9063709 0 -0.4224795 0.9063725 0 0.08714413 0.9961957 0 0.08714336 0.9961958 0 0.2589049 0.9659028 0 0.2589025 0.9659035 0 0.422461 0.9063811 0 0.4224649 0.9063793 0 0.7071314 0.7070822 0 0.9659252 0.2588217 0 0.9961951 0.08715158 0 0.9961951 0.08715158 0 0.9961951 -0.08715158 0 0.9961951 -0.08715158 0 0.9659252 -0.2588218 0 0.9659252 -0.2588217 0 0.7071314 -0.7070822 0 0.4226254 -0.9063045 0 0.4226217 -0.9063062 0 0.2587203 -0.9659523 0 0.2587226 -0.9659518 0 0.0871433 -0.9961958 0 0.08714419 -0.9961957 0 -0.2588906 -0.9659067 0 -0.5735151 -0.819195 0 -0.9063238 -0.422584 0 -0.9063202 -0.4225917 0 -0.9659264 -0.2588171 0 -0.965924 -0.258826 0 -0.9961966 0.08713465 0 -0.965924 0.258826 0 -0.9659264 0.2588171 0 -0.9063202 0.4225918 0 -0.9063239 0.4225839 0 -0.5735197 0.8191919 0 -0.5735149 0.8191951 0 -0.4226437 0.9062961 0 -0.4226399 0.9062976 0 0.4226217 0.9063062 0 0.4226254 0.9063045 0 0.5735151 0.819195 0 0.906342 0.4225448 0 0.9063422 0.4225447 0 0.9659121 0.2588706 0 0.9961966 0.08713465 0 0.9659121 -0.2588706 0 0.906342 -0.4225448 0 0.9063422 -0.4225447 0 0.5735197 -0.8191919 0 0.2589025 -0.9659035 0 0.2589049 -0.9659028 0 -0.5735197 -0.8191919 0 -0.9063239 -0.4225839 0 -0.9063238 0.422584 0 0.4226437 0.9062961 0 0.965924 0.258826 0 0.9659264 0.2588171 0 0.9961917 0.08719146 0 0.9961924 0.08718198 0 0.9659264 -0.2588171 0 0.965924 -0.258826 0 0.2588906 -0.9659067 1 -4.53001e-6 0 1 -1.79763e-6 0 1 4.52991e-6 0 1 -3.59547e-6 0 1 4.52933e-6 0 1 -6.79434e-6 0 1 2.26491e-6 0 1 1.13241e-6 0 1 2.83123e-6 0 1 -2.8311e-6 0 1 -1.13247e-6 0 1 -2.26488e-6 0 1 1.43801e-5 0 1 -2.26478e-6 0 1 -1.4381e-5 0 1 4.52949e-6 0 1 -1.43804e-5 0 1 4.5299e-6 0 1 7.18949e-6 0 1 4.53009e-6 0 1 1.79758e-6 0 1 -4.52973e-6 0 1 3.59464e-6 0 1 -4.52995e-6 0 1 6.79434e-6 0 1 -1.13244e-6 0 1 -2.83105e-6 0 1 2.83131e-6 0 1 1.13234e-6 0 1 4.53005e-6 0 1 -1.43801e-5 0 1 2.26479e-6 0 1 1.43796e-5 0 1 -4.5298e-6 0 1 1.43806e-5 0 1 -4.52987e-6 0 1 -7.19093e-6 0 0 -0.5736198 0.8191217 0 -0.5736104 0.8191283 0 -0.7070347 0.707179 0 -0.9063423 0.4225443 0 -0.9659196 0.2588424 0 -0.9659149 0.2588599 0 -0.9659149 -0.2588602 0 -0.9659197 -0.2588421 0 -0.7071026 -0.707111 0 -0.5736109 -0.8191281 0 0.5736109 -0.8191281 0 0.5736194 -0.819122 0 0.9063205 0.4225913 0 0.7070728 0.7071408 0 0.5736198 0.8191217 0 0.5736104 0.8191283 0 -0.7070537 0.7071599 0 -0.9063205 0.4225913 0 -0.9659243 0.2588246 0 -0.9659292 0.2588065 0 -0.9659292 -0.2588068 0 -0.9659245 -0.2588243 0 -0.5736198 -0.8191217 0 0.258916 -0.9658999 0 0.2589109 -0.9659013 0 0.5736377 -0.8191092 0 0.5736284 -0.8191158 0 0.7071121 -0.7071014 0 0.9063351 0.42256 0 0.7070442 0.7071694 0 0.5736287 0.8191155 0 0.5736374 0.8191095 0 0.2587883 0.9659341 1 -1.79758e-6 0 1 4.52919e-6 0 1 -6.79449e-6 0 1 2.26485e-6 0 1 1.13247e-6 0 1 2.83115e-6 0 1 -2.2649e-6 0 1 1.43802e-5 0 1 -2.26481e-6 0 1 -1.43812e-5 0 1 4.52938e-6 0 1 4.52986e-6 0 1 7.18928e-6 0 1 4.52996e-6 0 1 1.79753e-6 0 1 -4.52985e-6 0 1 -4.52988e-6 0 1 6.7944e-6 0 1 -4.53005e-6 0 1 2.83121e-6 0 1 1.13242e-6 0 1 4.52993e-6 0 1 2.26487e-6 0 1 1.43786e-5 0 1 -4.52976e-6 0 0 -0.5735278 0.8191862 0 -0.7071121 0.7071014 0 -0.5735188 -0.8191925 0 0.5735188 -0.8191925 0 0.9961914 0.0871948 0 0.9961929 0.08717596 0 0.5735278 0.8191862 1 -4.52934e-6 0 1 4.5298e-6 0 1 -6.79483e-6 0 1 2.26492e-6 0 1 1.438e-5 0 1 -2.26487e-6 0 1 4.52996e-6 0 1 -1.43802e-5 0 1 4.52981e-6 0 1 4.53e-6 0 1 -4.52998e-6 0 1 6.79517e-6 0 1 -2.26491e-6 0 1 -2.83103e-6 0 1 1.1324e-6 0 1 2.26501e-6 0 1 -1.43808e-5 0 1 2.265e-6 0 1 -4.52978e-6 0 1 1.43808e-5 0 1 -4.5299e-6 0 1 -4.52932e-6 0 1 4.52975e-6 0 1 -3.59536e-6 0 1 4.52979e-6 0 1 -6.79496e-6 0 1 2.26484e-6 0 1 2.83113e-6 0 1 -1.43806e-5 0 1 4.53e-6 0 1 -4.52984e-6 0 1 -4.52986e-6 0 1 6.79523e-6 0 1 2.26494e-6 0 1 2.26508e-6 0 1 -4.52975e-6 0 0 -0.5735278 -0.8191862 0 0.2587835 -0.9659354 0 0.5735457 -0.8191736 0 0.9961946 0.08715695 0 0.9961963 0.08713811 0 0.7071026 0.707111 0 0.5735368 0.81918</float_array>
          <technique_common>
            <accessor source="#mmo_700_base_plates-mesh-normals-array" count="1774" stride="3">
              <param name="X" type="float"/>
              <param name="Y" type="float"/>
              <param name="Z" type="float"/>
            </accessor>
          </technique_common>
        </source>
        <vertices id="mmo_700_base_plates-mesh-vertices">
          <input semantic="POSITION" source="#mmo_700_base_plates-mesh-positions"/>
        </vertices>
        <triangles count="3800">
          <input semantic="VERTEX" source="#mmo_700_base_plates-mesh-vertices" offset="0"/>
          <input semantic="NORMAL" source="#mmo_700_base_plates-mesh-normals" offset="1"/>
          <p>0 0 1 0 2 0 2 1 1 1 3 1 2 2 3 2 4 2 4 3 3 3 5 3 4 4 5 4 6 4 6 5 5 5 7 5 6 6 7 6 8 6 8 7 7 7 9 7 8 8 9 8 10 8 10 9 9 9 11 9 10 10 11 10 12 10 12 10 11 10 13 10 12 11 13 11 14 11 14 12 13 12 15 12 14 13 15 13 16 13 16 13 15 13 17 13 16 14 17 14 18 14 18 15 17 15 19 15 18 16 19 16 20 16 20 17 19 17 21 17 20 18 21 18 22 18 22 18 21 18 23 18 22 19 23 19 24 19 24 20 23 20 25 20 24 21 25 21 26 21 26 21 25 21 27 21 26 22 27 22 28 22 28 23 27 23 29 23 28 24 29 24 30 24 30 25 29 25 31 25 30 26 31 26 32 26 32 27 31 27 33 27 32 28 33 28 34 28 34 29 33 29 35 29 34 30 35 30 36 30 36 31 35 31 37 31 36 32 37 32 38 32 38 33 37 33 39 33 38 34 39 34 40 34 40 35 39 35 41 35 40 36 41 36 42 36 42 37 41 37 43 37 42 38 43 38 44 38 44 39 43 39 45 39 44 40 45 40 46 40 46 41 45 41 47 41 46 42 47 42 48 42 48 43 47 43 49 43 48 44 49 44 50 44 50 45 49 45 51 45 50 46 51 46 52 46 52 46 51 46 53 46 52 47 53 47 54 47 54 48 53 48 55 48 54 49 55 49 56 49 56 50 55 50 57 50 56 51 57 51 58 51 58 51 57 51 59 51 58 52 59 52 60 52 60 53 59 53 61 53 60 54 61 54 62 54 62 55 61 55 63 55 62 56 63 56 64 56 64 57 63 57 65 57 64 58 65 58 66 58 66 59 65 59 67 59 66 60 67 60 68 60 68 61 67 61 69 61 68 62 69 62 70 62 70 63 69 63 71 63 70 64 71 64 0 64 0 65 71 65 1 65 72 0 73 0 74 0 74 1 73 1 75 1 74 66 75 66 76 66 76 67 75 67 77 67 76 4 77 4 78 4 78 5 77 5 79 5 78 6 79 6 80 6 80 7 79 7 81 7 80 68 81 68 82 68 82 69 81 69 83 69 82 70 83 70 84 70 84 71 83 71 85 71 84 72 85 72 86 72 86 73 85 73 87 73 86 74 87 74 88 74 88 75 87 75 89 75 88 76 89 76 90 76 90 77 89 77 91 77 90 78 91 78 92 78 92 79 91 79 93 79 92 80 93 80 94 80 94 81 93 81 95 81 94 82 95 82 96 82 96 83 95 83 97 83 96 84 97 84 98 84 98 85 97 85 99 85 98 86 99 86 100 86 100 87 99 87 101 87 100 24 101 24 102 24 102 25 101 25 103 25 102 26 103 26 104 26 104 27 103 27 105 27 104 88 105 88 106 88 106 89 105 89 107 89 106 30 107 30 108 30 108 31 107 31 109 31 108 32 109 32 110 32 110 33 109 33 111 33 110 34 111 34 112 34 112 35 111 35 113 35 112 36 113 36 114 36 114 37 113 37 115 37 114 38 115 38 116 38 116 39 115 39 117 39 116 40 117 40 118 40 118 90 117 90 119 90 118 91 119 91 120 91 120 92 119 92 121 92 120 93 121 93 122 93 122 94 121 94 123 94 122 46 123 46 124 46 124 46 123 46 125 46 124 95 125 95 126 95 126 96 125 96 127 96 126 97 127 97 128 97 128 98 127 98 129 98 128 51 129 51 130 51 130 51 129 51 131 51 130 99 131 99 132 99 132 100 131 100 133 100 132 101 133 101 134 101 134 102 133 102 135 102 134 103 135 103 136 103 136 57 135 57 137 57 136 58 137 58 138 58 138 59 137 59 139 59 138 60 139 60 140 60 140 61 139 61 141 61 140 62 141 62 142 62 142 63 141 63 143 63 142 64 143 64 72 64 72 65 143 65 73 65 144 0 145 0 146 0 146 1 145 1 147 1 146 2 147 2 148 2 148 3 147 3 149 3 148 4 149 4 150 4 150 5 149 5 151 5 150 6 151 6 152 6 152 7 151 7 153 7 152 8 153 8 154 8 154 9 153 9 155 9 154 10 155 10 156 10 156 10 155 10 157 10 156 11 157 11 158 11 158 12 157 12 159 12 158 13 159 13 160 13 160 13 159 13 161 13 160 14 161 14 162 14 162 15 161 15 163 15 162 16 163 16 164 16 164 17 163 17 165 17 164 18 165 18 166 18 166 18 165 18 167 18 166 19 167 19 168 19 168 20 167 20 169 20 168 21 169 21 170 21 170 21 169 21 171 21 170 22 171 22 172 22 172 23 171 23 173 23 172 24 173 24 174 24 174 25 173 25 175 25 174 26 175 26 176 26 176 27 175 27 177 27 176 104 177 104 178 104 178 105 177 105 179 105 178 106 179 106 180 106 180 107 179 107 181 107 180 108 181 108 182 108 182 109 181 109 183 109 182 110 183 110 184 110 184 111 183 111 185 111 184 36 185 36 186 36 186 37 185 37 187 37 186 38 187 38 188 38 188 39 187 39 189 39 188 40 189 40 190 40 190 41 189 41 191 41 190 42 191 42 192 42 192 43 191 43 193 43 192 44 193 44 194 44 194 45 193 45 195 45 194 46 195 46 196 46 196 46 195 46 197 46 196 47 197 47 198 47 198 48 197 48 199 48 198 49 199 49 200 49 200 50 199 50 201 50 200 51 201 51 202 51 202 51 201 51 203 51 202 52 203 52 204 52 204 53 203 53 205 53 204 54 205 54 206 54 206 55 205 55 207 55 206 56 207 56 208 56 208 57 207 57 209 57 208 58 209 58 210 58 210 59 209 59 211 59 210 60 211 60 212 60 212 61 211 61 213 61 212 62 213 62 214 62 214 63 213 63 215 63 214 64 215 64 144 64 144 65 215 65 145 65 216 0 217 0 218 0 218 1 217 1 219 1 218 66 219 66 220 66 220 67 219 67 221 67 220 4 221 4 222 4 222 5 221 5 223 5 222 6 223 6 224 6 224 7 223 7 225 7 224 68 225 68 226 68 226 69 225 69 227 69 226 70 227 70 228 70 228 71 227 71 229 71 228 72 229 72 230 72 230 73 229 73 231 73 230 74 231 74 232 74 232 75 231 75 233 75 232 76 233 76 234 76 234 77 233 77 235 77 234 78 235 78 236 78 236 79 235 79 237 79 236 80 237 80 238 80 238 81 237 81 239 81 238 82 239 82 240 82 240 83 239 83 241 83 240 84 241 84 242 84 242 85 241 85 243 85 242 86 243 86 244 86 244 87 243 87 245 87 244 24 245 24 246 24 246 25 245 25 247 25 246 26 247 26 248 26 248 27 247 27 249 27 248 112 249 112 250 112 250 113 249 113 251 113 250 106 251 106 252 106 252 107 251 107 253 107 252 108 253 108 254 108 254 109 253 109 255 109 254 110 255 110 256 110 256 111 255 111 257 111 256 36 257 36 258 36 258 37 257 37 259 37 258 38 259 38 260 38 260 39 259 39 261 39 260 40 261 40 262 40 262 90 261 90 263 90 262 91 263 91 264 91 264 92 263 92 265 92 264 93 265 93 266 93 266 94 265 94 267 94 266 46 267 46 268 46 268 46 267 46 269 46 268 95 269 95 270 95 270 96 269 96 271 96 270 97 271 97 272 97 272 98 271 98 273 98 272 51 273 51 274 51 274 51 273 51 275 51 274 99 275 99 276 99 276 100 275 100 277 100 276 101 277 101 278 101 278 102 277 102 279 102 278 103 279 103 280 103 280 57 279 57 281 57 280 58 281 58 282 58 282 59 281 59 283 59 282 60 283 60 284 60 284 61 283 61 285 61 284 62 285 62 286 62 286 63 285 63 287 63 286 64 287 64 216 64 216 65 287 65 217 65 288 114 289 114 290 114 290 115 289 115 291 115 290 114 291 114 292 114 292 114 291 114 293 114 292 114 293 114 294 114 294 114 293 114 295 114 294 114 295 114 296 114 296 114 295 114 297 114 296 114 297 114 298 114 298 114 297 114 299 114 300 116 301 116 302 116 302 116 301 116 303 116 302 116 303 116 304 116 304 116 303 116 305 116 304 116 305 116 306 116 306 116 305 116 307 116 306 116 307 116 308 116 308 116 307 116 309 116 308 116 309 116 288 116 288 116 309 116 289 116 310 117 311 117 312 117 312 117 311 117 313 117 312 117 313 117 314 117 314 117 313 117 315 117 314 117 315 117 316 117 316 117 315 117 317 117 316 117 317 117 318 117 318 117 317 117 319 117 318 117 319 117 300 117 300 117 319 117 301 117 298 118 299 118 320 118 320 118 299 118 321 118 320 118 321 118 322 118 322 118 321 118 323 118 322 118 323 118 324 118 324 118 323 118 325 118 324 118 325 118 326 118 326 118 325 118 327 118 326 118 327 118 310 118 310 118 327 118 311 118 299 119 297 119 328 119 225 120 223 120 289 120 267 119 265 119 329 119 287 119 285 119 291 119 291 121 285 121 283 121 291 122 283 122 281 122 281 119 279 119 291 119 291 123 279 123 277 123 291 124 277 124 275 124 223 119 221 119 289 119 289 125 221 125 219 125 289 119 219 119 291 119 291 126 219 126 217 126 291 127 217 127 287 127 265 119 263 119 329 119 329 128 263 128 261 128 329 129 261 129 259 129 251 130 249 130 309 130 309 131 249 131 247 131 309 132 247 132 245 132 245 119 243 119 309 119 309 133 243 133 241 133 309 134 241 134 239 134 273 119 271 119 329 119 329 135 271 135 269 135 329 136 269 136 267 136 231 137 229 137 289 137 289 138 229 138 227 138 289 139 227 139 225 139 259 140 257 140 329 140 329 141 257 141 255 141 329 142 255 142 253 142 239 119 237 119 309 119 309 143 237 143 235 143 309 119 235 119 289 119 289 144 235 144 233 144 289 145 233 145 231 145 305 119 330 119 307 119 307 119 330 119 329 119 307 119 329 119 309 119 309 119 329 119 253 119 309 146 253 146 251 146 75 119 73 119 331 119 331 147 73 147 143 147 81 119 79 119 305 119 305 148 79 148 77 148 143 149 141 149 331 149 331 150 141 150 139 150 331 151 139 151 137 151 137 119 135 119 331 119 331 152 135 152 133 152 331 153 133 153 131 153 123 154 121 154 332 154 332 155 121 155 119 155 119 119 117 119 332 119 332 156 117 156 115 156 332 157 115 157 113 157 105 119 103 119 303 119 303 158 103 158 101 158 101 119 99 119 303 119 303 159 99 159 97 159 303 160 97 160 95 160 129 119 127 119 332 119 332 161 127 161 125 161 332 162 125 162 123 162 87 119 85 119 305 119 305 163 85 163 83 163 305 164 83 164 81 164 113 165 111 165 332 165 332 166 111 166 109 166 332 119 109 119 303 119 303 167 109 167 107 167 303 168 107 168 105 168 95 119 93 119 303 119 303 169 93 169 91 169 303 170 91 170 305 170 305 171 91 171 89 171 305 172 89 172 87 172 333 119 334 119 330 119 335 119 336 119 337 119 337 173 336 173 338 173 337 174 338 174 339 174 339 119 340 119 337 119 337 175 340 175 341 175 337 176 341 176 333 176 342 119 343 119 344 119 344 177 343 177 345 177 345 119 346 119 344 119 344 178 346 178 347 178 344 179 347 179 348 179 348 119 349 119 344 119 344 180 349 180 350 180 344 119 350 119 337 119 337 181 350 181 351 181 337 182 351 182 335 182 334 119 352 119 330 119 330 183 352 183 353 183 330 184 353 184 354 184 355 119 356 119 329 119 329 185 356 185 357 185 329 186 357 186 358 186 354 119 359 119 330 119 330 187 359 187 360 187 330 188 360 188 361 188 358 119 362 119 329 119 329 189 362 189 363 189 329 190 363 190 364 190 364 119 365 119 329 119 329 191 365 191 366 191 329 119 366 119 344 119 344 192 366 192 367 192 344 193 367 193 342 193 361 119 368 119 330 119 330 194 368 194 369 194 330 195 369 195 329 195 329 196 369 196 370 196 329 197 370 197 355 197 371 198 372 198 337 198 337 199 373 199 374 199 374 200 373 200 375 200 376 119 377 119 331 119 333 119 330 119 337 119 337 119 330 119 378 119 337 201 378 201 371 201 372 202 379 202 337 202 337 203 379 203 380 203 337 204 380 204 381 204 375 119 382 119 374 119 374 205 382 205 383 205 374 206 383 206 384 206 381 119 385 119 337 119 337 207 385 207 386 207 337 208 386 208 373 208 384 119 387 119 374 119 374 209 387 209 388 209 374 210 388 210 389 210 390 119 391 119 330 119 330 211 391 211 392 211 392 119 393 119 330 119 330 212 393 212 394 212 330 213 394 213 395 213 331 214 396 214 397 214 397 119 398 119 331 119 331 215 398 215 399 215 331 216 399 216 400 216 77 130 75 130 305 130 305 119 75 119 331 119 305 119 331 119 330 119 330 119 331 119 377 119 330 217 377 217 390 217 395 218 401 218 330 218 330 219 401 219 402 219 330 220 402 220 378 220 389 119 403 119 374 119 374 221 403 221 404 221 374 119 404 119 331 119 331 222 404 222 405 222 331 223 405 223 396 223 400 119 406 119 331 119 331 224 406 224 407 224 331 225 407 225 376 225 408 119 409 119 344 119 410 226 411 226 412 226 413 227 414 227 415 227 344 119 409 119 410 119 410 119 412 119 413 119 413 228 412 228 416 228 413 229 416 229 417 229 409 230 418 230 410 230 410 231 418 231 419 231 410 232 419 232 420 232 417 119 421 119 413 119 413 233 421 233 422 233 413 234 422 234 423 234 415 119 424 119 337 119 337 235 424 235 425 235 337 236 425 236 426 236 426 119 427 119 337 119 337 237 427 237 428 237 337 238 428 238 429 238 429 119 430 119 337 119 337 239 430 239 431 239 337 240 431 240 344 240 344 241 431 241 432 241 344 242 432 242 433 242 433 119 434 119 344 119 344 243 434 243 435 243 344 244 435 244 436 244 420 119 437 119 410 119 410 245 437 245 438 245 410 246 438 246 439 246 436 119 440 119 344 119 344 247 440 247 441 247 344 248 441 248 408 248 439 119 442 119 410 119 410 249 442 249 443 249 410 250 443 250 411 250 423 119 444 119 413 119 413 251 444 251 445 251 413 252 445 252 414 252 446 253 447 253 337 253 415 119 337 119 413 119 413 119 337 119 447 119 413 254 447 254 448 254 449 255 374 255 450 255 450 119 374 119 451 119 450 256 451 256 452 256 453 119 454 119 451 119 448 119 455 119 413 119 413 257 455 257 456 257 413 258 456 258 457 258 454 119 458 119 451 119 451 259 458 259 459 259 451 260 459 260 460 260 449 119 461 119 374 119 374 261 461 261 462 261 374 262 462 262 463 262 464 119 465 119 337 119 337 263 465 263 466 263 460 119 467 119 451 119 451 264 467 264 468 264 451 265 468 265 452 265 463 119 469 119 374 119 374 266 469 266 470 266 374 267 470 267 471 267 471 119 472 119 374 119 374 268 472 268 473 268 374 119 473 119 337 119 337 269 473 269 474 269 337 270 474 270 464 270 466 119 475 119 337 119 337 271 475 271 476 271 337 272 476 272 446 272 457 119 477 119 413 119 413 273 477 273 478 273 413 274 478 274 479 274 479 119 480 119 413 119 413 275 480 275 481 275 413 276 481 276 451 276 451 277 481 277 482 277 451 278 482 278 453 278 211 119 297 119 213 119 213 119 297 119 215 119 195 119 193 119 328 119 157 119 155 119 295 119 295 279 155 279 153 279 295 280 153 280 151 280 211 281 209 281 297 281 297 282 209 282 207 282 297 283 207 283 205 283 195 119 328 119 197 119 151 119 149 119 295 119 295 284 149 284 147 284 295 119 147 119 297 119 297 285 147 285 145 285 297 286 145 286 215 286 193 119 191 119 328 119 328 287 191 287 189 287 328 288 189 288 187 288 175 119 173 119 410 119 410 289 173 289 171 289 205 290 203 290 297 290 297 291 203 291 201 291 297 292 201 292 328 292 328 293 201 293 199 293 328 294 199 294 197 294 181 119 179 119 410 119 410 295 179 295 177 295 410 296 177 296 175 296 171 119 169 119 410 119 410 297 169 297 167 297 410 298 167 298 165 298 187 299 185 299 328 299 328 300 185 300 183 300 328 301 183 301 181 301 163 302 161 302 295 302 295 303 161 303 159 303 295 304 159 304 157 304 165 305 163 305 410 305 410 119 163 119 295 119 410 119 295 119 344 119 344 119 295 119 293 119 344 119 293 119 329 119 329 119 293 119 291 119 329 306 291 306 273 306 273 119 291 119 275 119 1 119 71 119 483 119 483 307 71 307 69 307 483 308 69 308 67 308 13 119 11 119 451 119 451 309 11 309 9 309 67 119 65 119 483 119 483 310 65 310 63 310 483 311 63 311 61 311 9 119 7 119 451 119 451 312 7 312 5 312 451 313 5 313 3 313 53 119 51 119 484 119 484 314 51 314 49 314 484 315 49 315 47 315 181 119 410 119 328 119 328 119 410 119 413 119 328 119 413 119 485 119 485 119 413 119 451 119 485 119 451 119 483 119 483 119 451 119 3 119 483 316 3 316 1 316 47 119 45 119 484 119 484 317 45 317 43 317 484 318 43 318 41 318 33 119 31 119 486 119 486 319 31 319 29 319 486 320 29 320 27 320 61 119 59 119 483 119 483 321 59 321 57 321 483 119 57 119 484 119 484 322 57 322 55 322 484 323 55 323 53 323 27 119 25 119 486 119 486 324 25 324 23 324 486 325 23 325 21 325 19 326 17 326 451 326 451 327 17 327 15 327 451 328 15 328 13 328 41 329 39 329 484 329 484 330 39 330 37 330 484 119 37 119 486 119 486 331 37 331 35 331 486 332 35 332 33 332 21 119 19 119 486 119 486 333 19 333 451 333 486 119 451 119 487 119 487 119 451 119 374 119 487 119 374 119 332 119 332 119 374 119 331 119 332 119 331 119 129 119 129 119 331 119 131 119 299 119 328 119 321 119 321 119 328 119 485 119 321 119 485 119 323 119 323 119 485 119 483 119 323 119 483 119 325 119 325 119 483 119 484 119 325 119 484 119 327 119 303 119 301 119 332 119 332 119 301 119 319 119 332 119 319 119 487 119 487 119 319 119 317 119 487 119 317 119 486 119 486 119 317 119 315 119 486 119 315 119 484 119 484 119 315 119 313 119 484 119 313 119 327 119 327 119 313 119 311 119 488 334 489 334 490 334 326 334 310 334 312 334 320 334 491 334 298 334 298 334 491 334 296 334 326 334 492 334 324 334 324 334 492 334 493 334 324 334 493 334 322 334 494 334 495 334 296 334 296 335 495 335 496 335 497 334 498 334 491 334 491 336 498 336 499 336 491 337 499 337 500 337 500 334 501 334 491 334 491 338 501 338 502 338 491 339 502 339 503 339 496 334 504 334 296 334 296 340 504 340 505 340 296 341 505 341 506 341 503 342 507 342 491 342 491 343 507 343 508 343 491 334 508 334 296 334 296 344 508 344 509 344 296 345 509 345 494 345 510 334 511 334 294 334 294 346 511 346 512 346 294 347 512 347 513 347 506 334 514 334 296 334 296 348 514 348 515 348 296 334 515 334 294 334 294 349 515 349 516 349 294 350 516 350 510 350 517 334 518 334 519 334 513 334 520 334 294 334 294 351 520 351 521 351 294 352 521 352 517 352 518 334 522 334 519 334 519 353 522 353 523 353 519 354 523 354 524 354 524 334 525 334 519 334 519 355 525 355 526 355 519 356 526 356 527 356 527 334 528 334 519 334 519 357 528 357 529 357 519 334 529 334 491 334 491 358 529 358 530 358 491 359 530 359 497 359 531 334 532 334 493 334 493 360 532 360 533 360 534 334 535 334 492 334 492 361 535 361 536 361 492 362 536 362 537 362 537 363 538 363 492 363 492 364 538 364 539 364 492 365 539 365 540 365 533 334 541 334 493 334 493 366 541 366 542 366 493 367 542 367 543 367 540 334 544 334 492 334 492 368 544 368 545 368 492 334 545 334 493 334 493 369 545 369 546 369 493 370 546 370 531 370 547 334 548 334 549 334 549 371 548 371 550 371 549 372 550 372 551 372 543 334 552 334 493 334 493 373 552 373 553 373 493 334 553 334 549 334 549 374 553 374 554 374 549 375 554 375 547 375 555 334 556 334 557 334 551 334 558 334 549 334 549 376 558 376 559 376 549 377 559 377 555 377 556 378 560 378 557 378 557 379 560 379 561 379 557 380 561 380 562 380 562 334 563 334 557 334 557 381 563 381 564 381 557 382 564 382 565 382 565 334 566 334 557 334 557 383 566 383 567 383 557 334 567 334 492 334 492 384 567 384 568 384 492 385 568 385 534 385 569 334 570 334 571 334 572 386 573 386 569 386 569 387 573 387 574 387 569 388 574 388 575 388 571 334 576 334 569 334 569 389 576 389 577 389 569 390 577 390 578 390 575 334 519 334 569 334 569 334 519 334 491 334 569 334 491 334 579 334 579 334 491 334 320 334 579 334 320 334 322 334 580 334 581 334 570 334 570 391 581 391 582 391 570 392 582 392 571 392 578 334 583 334 569 334 569 334 583 334 584 334 569 393 584 393 572 393 585 394 586 394 587 394 587 334 586 334 588 334 589 395 590 395 587 395 587 396 590 396 591 396 587 397 591 397 570 397 570 398 591 398 592 398 570 399 592 399 593 399 593 334 594 334 570 334 570 400 594 400 595 400 570 401 595 401 580 401 596 334 597 334 519 334 519 402 597 402 598 402 598 334 599 334 519 334 519 403 599 403 600 403 519 334 600 334 587 334 587 404 600 404 601 404 587 405 601 405 585 405 588 406 602 406 587 406 587 407 602 407 603 407 587 334 603 334 589 334 575 334 604 334 519 334 519 408 604 408 605 408 519 409 605 409 606 409 606 334 607 334 519 334 519 410 607 410 608 410 519 411 608 411 596 411 609 334 610 334 611 334 611 334 610 334 549 334 612 334 613 334 549 334 610 334 614 334 549 334 549 412 614 412 615 412 549 413 615 413 616 413 613 334 617 334 549 334 549 334 617 334 618 334 549 414 618 414 619 414 620 334 621 334 569 334 569 415 621 415 622 415 623 334 570 334 624 334 624 334 570 334 569 334 624 334 569 334 625 334 625 334 569 334 622 334 623 334 626 334 570 334 570 416 626 416 627 416 570 417 627 417 628 417 629 334 630 334 611 334 611 418 630 418 631 418 631 334 632 334 611 334 611 419 632 419 633 419 611 420 633 420 634 420 616 421 635 421 549 421 549 422 635 422 636 422 549 423 636 423 612 423 637 424 638 424 569 424 628 334 639 334 570 334 570 425 639 425 640 425 570 426 640 426 641 426 634 334 642 334 611 334 611 427 642 427 643 427 611 428 643 428 609 428 638 334 644 334 569 334 569 429 644 429 645 429 569 430 645 430 620 430 322 334 493 334 579 334 579 334 493 334 549 334 579 334 549 334 569 334 569 431 549 431 619 431 569 432 619 432 637 432 587 433 646 433 647 433 570 434 648 434 649 434 649 334 650 334 570 334 570 435 650 435 651 435 570 436 651 436 652 436 587 334 647 334 490 334 490 437 647 437 653 437 490 438 653 438 654 438 654 334 655 334 490 334 490 439 655 439 656 439 490 334 656 334 657 334 658 334 659 334 660 334 660 440 659 440 661 440 652 334 662 334 570 334 570 441 662 441 663 441 570 334 663 334 587 334 587 442 663 442 664 442 587 443 664 443 665 443 665 444 666 444 587 444 587 334 666 334 667 334 587 445 667 445 668 445 668 446 669 446 587 446 587 334 669 334 670 334 587 447 670 447 646 447 657 448 671 448 490 448 490 449 671 449 672 449 490 334 672 334 673 334 673 450 674 450 490 450 490 451 674 451 675 451 490 452 675 452 660 452 660 453 675 453 676 453 660 454 676 454 658 454 661 334 677 334 660 334 660 334 677 334 678 334 660 455 678 455 679 455 679 334 680 334 660 334 660 456 680 456 681 456 660 334 681 334 570 334 570 457 681 457 682 457 570 458 682 458 648 458 683 334 684 334 611 334 611 459 684 459 685 459 611 460 685 460 686 460 686 461 687 461 611 461 611 462 687 462 688 462 611 463 688 463 689 463 689 334 690 334 611 334 611 464 690 464 691 464 611 334 691 334 692 334 692 465 693 465 611 465 611 466 693 466 570 466 611 334 570 334 629 334 629 467 570 467 641 467 694 334 695 334 683 334 683 468 695 468 696 468 696 334 697 334 683 334 683 469 697 469 698 469 683 470 698 470 699 470 699 471 700 471 683 471 683 472 700 472 701 472 683 473 701 473 684 473 693 474 702 474 570 474 570 475 702 475 703 475 570 476 703 476 704 476 704 477 705 477 570 477 570 478 705 478 706 478 570 479 706 479 707 479 707 334 708 334 570 334 570 480 708 480 709 480 570 334 709 334 660 334 660 481 709 481 710 481 710 334 711 334 660 334 660 482 711 482 712 482 660 483 712 483 713 483 713 334 714 334 660 334 660 484 714 484 715 484 660 485 715 485 716 485 716 334 717 334 660 334 660 486 717 486 718 486 660 334 718 334 683 334 683 487 718 487 719 487 683 488 719 488 694 488 720 334 721 334 490 334 490 489 721 489 722 489 490 490 722 490 723 490 489 334 724 334 490 334 490 491 724 491 725 491 490 492 725 492 720 492 723 334 726 334 490 334 490 493 726 493 727 493 490 494 727 494 728 494 729 334 730 334 290 334 290 495 730 495 731 495 290 496 731 496 732 496 732 334 733 334 290 334 290 497 733 497 734 497 290 498 734 498 735 498 517 334 519 334 294 334 294 334 519 334 587 334 294 334 587 334 292 334 292 334 587 334 490 334 292 334 490 334 290 334 290 334 490 334 728 334 290 499 728 499 729 499 736 334 737 334 288 334 735 334 738 334 290 334 290 500 738 500 739 500 290 334 739 334 288 334 288 501 739 501 740 501 288 502 740 502 736 502 737 503 741 503 288 503 288 504 741 504 742 504 288 505 742 505 743 505 743 334 744 334 288 334 288 506 744 506 745 506 288 334 745 334 308 334 308 507 745 507 746 507 308 508 746 508 747 508 747 509 748 509 308 509 308 510 748 510 749 510 308 511 749 511 750 511 750 334 751 334 308 334 308 512 751 512 752 512 308 513 752 513 753 513 683 334 304 334 660 334 660 334 304 334 306 334 660 334 306 334 490 334 490 334 306 334 308 334 490 334 308 334 488 334 488 334 308 334 753 334 754 334 755 334 756 334 754 334 756 334 757 334 755 514 758 514 756 514 756 515 758 515 759 515 756 516 759 516 760 516 760 334 761 334 756 334 756 517 761 517 762 517 756 518 762 518 763 518 764 519 765 519 683 519 683 520 765 520 766 520 683 521 766 521 767 521 767 334 768 334 683 334 683 522 768 522 769 522 683 523 769 523 770 523 555 334 557 334 549 334 549 334 557 334 771 334 549 334 771 334 611 334 611 334 771 334 756 334 611 334 756 334 683 334 683 334 756 334 763 334 683 524 763 524 764 524 772 334 773 334 304 334 770 334 774 334 683 334 683 525 774 525 775 525 683 334 775 334 304 334 304 526 775 526 776 526 304 527 776 527 772 527 773 334 777 334 304 334 304 528 777 528 778 528 304 529 778 529 779 529 780 334 302 334 781 334 781 334 302 334 304 334 781 509 304 509 782 509 782 334 304 334 779 334 780 530 783 530 302 530 302 531 783 531 784 531 302 532 784 532 785 532 785 334 786 334 302 334 302 533 786 533 787 533 302 534 787 534 788 534 788 334 789 334 302 334 302 535 789 535 790 535 302 334 790 334 756 334 756 536 790 536 791 536 756 537 791 537 757 537 326 334 312 334 492 334 492 334 312 334 314 334 492 334 314 334 557 334 557 334 314 334 316 334 557 334 316 334 771 334 771 334 316 334 318 334 771 334 318 334 756 334 756 334 318 334 300 334 756 334 300 334 302 334 653 538 366 538 654 538 654 538 366 538 365 538 654 539 365 539 655 539 655 540 365 540 364 540 655 541 364 541 656 541 656 542 364 542 363 542 656 543 363 543 657 543 657 544 363 544 362 544 657 545 362 545 671 545 671 546 362 546 358 546 671 547 358 547 672 547 672 548 358 548 357 548 672 549 357 549 673 549 673 550 357 550 356 550 673 551 356 551 674 551 674 551 356 551 355 551 674 552 355 552 675 552 675 553 355 553 370 553 675 554 370 554 676 554 676 555 370 555 369 555 676 556 369 556 658 556 658 556 369 556 368 556 658 557 368 557 659 557 659 558 368 558 361 558 659 559 361 559 661 559 661 560 361 560 360 560 661 561 360 561 677 561 677 562 360 562 359 562 677 563 359 563 678 563 678 564 359 564 354 564 678 565 354 565 679 565 679 566 354 566 353 566 679 567 353 567 680 567 680 568 353 568 352 568 680 569 352 569 681 569 681 569 352 569 334 569 681 570 334 570 682 570 682 571 334 571 333 571 682 572 333 572 648 572 648 573 333 573 341 573 648 574 341 574 649 574 649 575 341 575 340 575 649 576 340 576 650 576 650 577 340 577 339 577 650 578 339 578 651 578 651 579 339 579 338 579 651 580 338 580 652 580 652 581 338 581 336 581 652 582 336 582 662 582 662 583 336 583 335 583 662 584 335 584 663 584 663 584 335 584 351 584 663 585 351 585 664 585 664 586 351 586 350 586 664 587 350 587 665 587 665 588 350 588 349 588 665 589 349 589 666 589 666 589 349 589 348 589 666 590 348 590 667 590 667 591 348 591 347 591 667 592 347 592 668 592 668 593 347 593 346 593 668 594 346 594 669 594 669 595 346 595 345 595 669 596 345 596 670 596 670 597 345 597 343 597 670 598 343 598 646 598 646 599 343 599 342 599 646 600 342 600 647 600 647 601 342 601 367 601 647 602 367 602 653 602 653 603 367 603 366 603 600 538 418 538 601 538 601 538 418 538 409 538 601 539 409 539 585 539 585 540 409 540 408 540 585 541 408 541 586 541 586 604 408 604 441 604 586 605 441 605 588 605 588 544 441 544 440 544 588 606 440 606 602 606 602 607 440 607 436 607 602 608 436 608 603 608 603 609 436 609 435 609 603 549 435 549 589 549 589 610 435 610 434 610 589 611 434 611 590 611 590 551 434 551 433 551 590 552 433 552 591 552 591 553 433 553 432 553 591 554 432 554 592 554 592 555 432 555 431 555 592 556 431 556 593 556 593 612 431 612 430 612 593 613 430 613 594 613 594 558 430 558 429 558 594 614 429 614 595 614 595 615 429 615 428 615 595 616 428 616 580 616 580 617 428 617 427 617 580 563 427 563 581 563 581 618 427 618 426 618 581 619 426 619 582 619 582 566 426 566 425 566 582 567 425 567 571 567 571 568 425 568 424 568 571 569 424 569 576 569 576 569 424 569 415 569 576 620 415 620 577 620 577 621 415 621 414 621 577 622 414 622 578 622 578 623 414 623 445 623 578 624 445 624 583 624 583 625 445 625 444 625 583 576 444 576 584 576 584 626 444 626 423 626 584 627 423 627 572 627 572 628 423 628 422 628 572 580 422 580 573 580 573 581 422 581 421 581 573 629 421 629 574 629 574 583 421 583 417 583 574 630 417 630 575 630 575 631 417 631 416 631 575 632 416 632 604 632 604 633 416 633 412 633 604 634 412 634 605 634 605 635 412 635 411 635 605 636 411 636 606 636 606 637 411 637 443 637 606 590 443 590 607 590 607 638 443 638 442 638 607 592 442 592 608 592 608 593 442 593 439 593 608 639 439 639 596 639 596 640 439 640 438 640 596 641 438 641 597 641 597 597 438 597 437 597 597 642 437 642 598 642 598 643 437 643 420 643 598 644 420 644 599 644 599 645 420 645 419 645 599 646 419 646 600 646 600 647 419 647 418 647 624 538 448 538 623 538 623 538 448 538 447 538 623 539 447 539 626 539 626 540 447 540 446 540 626 648 446 648 627 648 627 649 446 649 476 649 627 650 476 650 628 650 628 651 476 651 475 651 628 606 475 606 639 606 639 607 475 607 466 607 639 608 466 608 640 608 640 609 466 609 465 609 640 652 465 652 641 652 641 653 465 653 464 653 641 654 464 654 629 654 629 655 464 655 474 655 629 656 474 656 630 656 630 657 474 657 473 657 630 554 473 554 631 554 631 555 473 555 472 555 631 658 472 658 632 658 632 659 472 659 471 659 632 660 471 660 633 660 633 661 471 661 470 661 633 614 470 614 634 614 634 615 470 615 469 615 634 616 469 616 642 616 642 617 469 617 463 617 642 662 463 662 643 662 643 663 463 663 462 663 643 619 462 619 609 619 609 566 462 566 461 566 609 664 461 664 610 664 610 664 461 664 449 664 610 569 449 569 614 569 614 569 449 569 450 569 614 620 450 620 615 620 615 621 450 621 452 621 615 665 452 665 616 665 616 666 452 666 468 666 616 624 468 624 635 624 635 625 468 625 467 625 635 667 467 667 636 667 636 668 467 668 460 668 636 627 460 627 612 627 612 628 460 628 459 628 612 580 459 580 613 580 613 581 459 581 458 581 613 669 458 669 617 669 617 670 458 670 454 670 617 671 454 671 618 671 618 672 454 672 453 672 618 632 453 632 619 632 619 633 453 633 482 633 619 673 482 673 637 673 637 674 482 674 481 674 637 675 481 675 638 675 638 676 481 676 480 676 638 677 480 677 644 677 644 678 480 678 479 678 644 592 479 592 645 592 645 593 479 593 478 593 645 639 478 639 620 639 620 640 478 640 477 640 620 679 477 679 621 679 621 680 477 680 457 680 621 681 457 681 622 681 622 682 457 682 456 682 622 644 456 644 625 644 625 645 456 645 455 645 625 646 455 646 624 646 624 647 455 647 448 647 710 538 378 538 711 538 711 538 378 538 402 538 711 539 402 539 712 539 712 540 402 540 401 540 712 648 401 648 713 648 713 648 401 648 395 648 713 683 395 683 714 683 714 651 395 651 394 651 714 545 394 545 715 545 715 546 394 546 393 546 715 547 393 547 716 547 716 548 393 548 392 548 716 652 392 652 717 652 717 684 392 684 391 684 717 685 391 685 718 685 718 655 391 655 390 655 718 656 390 656 719 656 719 657 390 657 377 657 719 554 377 554 694 554 694 555 377 555 376 555 694 658 376 658 695 658 695 686 376 686 407 686 695 687 407 687 696 687 696 661 407 661 406 661 696 559 406 559 697 559 697 560 406 560 400 560 697 561 400 561 698 561 698 562 400 562 399 562 698 662 399 662 699 662 699 688 399 688 398 688 699 565 398 565 700 565 700 566 398 566 397 566 700 664 397 664 701 664 701 664 397 664 396 664 701 569 396 569 684 569 684 569 396 569 405 569 684 570 405 570 685 570 685 571 405 571 404 571 685 689 404 689 686 689 686 690 404 690 403 690 686 574 403 574 687 574 687 575 403 575 389 575 687 667 389 667 688 667 688 691 389 691 388 691 688 578 388 578 689 578 689 579 388 579 387 579 689 580 387 580 690 580 690 581 387 581 384 581 690 692 384 692 691 692 691 670 384 670 383 670 691 693 383 693 692 693 692 694 383 694 382 694 692 585 382 585 693 585 693 586 382 586 375 586 693 695 375 695 702 695 702 696 375 696 373 696 702 697 373 697 703 697 703 698 373 698 386 698 703 677 386 677 704 677 704 699 386 699 385 699 704 592 385 592 705 592 705 593 385 593 381 593 705 594 381 594 706 594 706 595 381 595 380 595 706 700 380 700 707 700 707 680 380 680 379 680 707 701 379 701 708 701 708 702 379 702 372 702 708 600 372 600 709 600 709 601 372 601 371 601 709 602 371 602 710 602 710 603 371 603 378 603 270 334 792 334 268 334 268 703 792 703 793 703 268 704 793 704 266 704 266 334 793 334 794 334 266 705 794 705 264 705 264 706 794 706 795 706 264 334 795 334 262 334 262 334 795 334 796 334 262 334 796 334 260 334 260 707 796 707 797 707 260 334 797 334 258 334 258 708 797 708 798 708 258 334 798 334 256 334 256 709 798 709 799 709 256 710 799 710 254 710 254 711 799 711 800 711 254 334 800 334 252 334 252 712 800 712 801 712 252 334 801 334 250 334 250 713 801 713 802 713 250 334 802 334 248 334 248 714 802 714 803 714 248 334 803 334 246 334 246 715 803 715 804 715 246 334 804 334 244 334 244 716 804 716 805 716 244 717 805 717 242 717 242 718 805 718 806 718 242 334 806 334 240 334 240 334 806 334 807 334 240 334 807 334 238 334 238 334 807 334 808 334 238 334 808 334 236 334 236 334 808 334 809 334 236 719 809 719 234 719 234 334 809 334 810 334 234 334 810 334 232 334 232 334 810 334 811 334 232 720 811 720 230 720 230 334 811 334 812 334 230 721 812 721 228 721 228 722 812 722 813 722 228 723 813 723 226 723 226 334 813 334 814 334 226 724 814 724 224 724 224 334 814 334 815 334 224 334 815 334 222 334 222 725 815 725 816 725 222 726 816 726 220 726 220 727 816 727 817 727 220 728 817 728 218 728 218 729 817 729 818 729 218 334 818 334 216 334 216 730 818 730 819 730 216 334 819 334 286 334 286 731 819 731 820 731 286 334 820 334 284 334 284 732 820 732 821 732 284 334 821 334 282 334 282 733 821 733 822 733 282 334 822 334 280 334 280 734 822 734 823 734 280 334 823 334 278 334 278 735 823 735 824 735 278 334 824 334 276 334 276 736 824 736 825 736 276 334 825 334 274 334 274 334 825 334 826 334 274 334 826 334 272 334 272 334 826 334 827 334 272 334 827 334 270 334 270 334 827 334 792 334 801 737 489 737 802 737 802 738 489 738 488 738 802 739 488 739 803 739 803 740 488 740 753 740 803 741 753 741 804 741 804 742 753 742 752 742 804 743 752 743 805 743 805 744 752 744 751 744 805 745 751 745 806 745 806 746 751 746 750 746 806 747 750 747 807 747 807 748 750 748 749 748 807 749 749 749 808 749 808 750 749 750 748 750 808 751 748 751 809 751 809 752 748 752 747 752 809 753 747 753 810 753 810 753 747 753 746 753 810 754 746 754 811 754 811 755 746 755 745 755 811 756 745 756 812 756 812 757 745 757 744 757 812 758 744 758 813 758 813 759 744 759 743 759 813 760 743 760 814 760 814 761 743 761 742 761 814 762 742 762 815 762 815 763 742 763 741 763 815 764 741 764 816 764 816 765 741 765 737 765 816 766 737 766 817 766 817 767 737 767 736 767 817 768 736 768 818 768 818 769 736 769 740 769 818 770 740 770 819 770 819 770 740 770 739 770 819 771 739 771 820 771 820 772 739 772 738 772 820 773 738 773 821 773 821 774 738 774 735 774 821 775 735 775 822 775 822 776 735 776 734 776 822 777 734 777 823 777 823 778 734 778 733 778 823 779 733 779 824 779 824 780 733 780 732 780 824 781 732 781 825 781 825 782 732 782 731 782 825 783 731 783 826 783 826 784 731 784 730 784 826 785 730 785 827 785 827 786 730 786 729 786 827 787 729 787 792 787 792 788 729 788 728 788 792 789 728 789 793 789 793 790 728 790 727 790 793 791 727 791 794 791 794 792 727 792 726 792 794 793 726 793 795 793 795 794 726 794 723 794 795 795 723 795 796 795 796 796 723 796 722 796 796 797 722 797 797 797 797 798 722 798 721 798 797 799 721 799 798 799 798 800 721 800 720 800 798 801 720 801 799 801 799 802 720 802 725 802 799 803 725 803 800 803 800 804 725 804 724 804 800 805 724 805 801 805 801 806 724 806 489 806 828 737 530 737 829 737 829 738 530 738 529 738 829 807 529 807 830 807 830 808 529 808 528 808 830 741 528 741 831 741 831 742 528 742 527 742 831 743 527 743 832 743 832 809 527 809 526 809 832 810 526 810 833 810 833 811 526 811 525 811 833 747 525 747 834 747 834 748 525 748 524 748 834 812 524 812 835 812 835 813 524 813 523 813 835 814 523 814 836 814 836 815 523 815 522 815 836 816 522 816 837 816 837 816 522 816 518 816 837 817 518 817 838 817 838 818 518 818 517 818 838 819 517 819 839 819 839 820 517 820 521 820 839 821 521 821 840 821 840 822 521 822 520 822 840 760 520 760 841 760 841 761 520 761 513 761 841 823 513 823 842 823 842 824 513 824 512 824 842 825 512 825 843 825 843 765 512 765 511 765 843 766 511 766 844 766 844 767 511 767 510 767 844 826 510 826 845 826 845 827 510 827 516 827 845 770 516 770 846 770 846 770 516 770 515 770 846 828 515 828 847 828 847 829 515 829 514 829 847 830 514 830 848 830 848 831 514 831 506 831 848 832 506 832 849 832 849 833 506 833 505 833 849 834 505 834 850 834 850 835 505 835 504 835 850 836 504 836 851 836 851 837 504 837 496 837 851 781 496 781 852 781 852 782 496 782 495 782 852 838 495 838 853 838 853 839 495 839 494 839 853 840 494 840 854 840 854 841 494 841 509 841 854 842 509 842 855 842 855 843 509 843 508 843 855 844 508 844 856 844 856 845 508 845 507 845 856 846 507 846 857 846 857 847 507 847 503 847 857 848 503 848 858 848 858 849 503 849 502 849 858 795 502 795 859 795 859 796 502 796 501 796 859 850 501 850 860 850 860 851 501 851 500 851 860 852 500 852 861 852 861 853 500 853 499 853 861 854 499 854 862 854 862 855 499 855 498 855 862 856 498 856 863 856 863 857 498 857 497 857 863 858 497 858 828 858 828 859 497 859 530 859 198 334 855 334 196 334 196 860 855 860 856 860 196 861 856 861 194 861 194 334 856 334 857 334 194 705 857 705 192 705 192 862 857 862 858 862 192 334 858 334 190 334 190 334 858 334 859 334 190 334 859 334 188 334 188 863 859 863 860 863 188 334 860 334 186 334 186 864 860 864 861 864 186 334 861 334 184 334 184 865 861 865 862 865 184 866 862 866 182 866 182 725 862 725 863 725 182 334 863 334 180 334 180 867 863 867 828 867 180 334 828 334 178 334 178 713 828 713 829 713 178 334 829 334 176 334 176 725 829 725 830 725 176 334 830 334 174 334 174 868 830 868 831 868 174 334 831 334 172 334 172 869 831 869 832 869 172 870 832 870 170 870 170 871 832 871 833 871 170 334 833 334 168 334 168 334 833 334 834 334 168 334 834 334 166 334 166 334 834 334 835 334 166 334 835 334 164 334 164 334 835 334 836 334 164 719 836 719 162 719 162 334 836 334 837 334 162 334 837 334 160 334 160 334 837 334 838 334 160 720 838 720 158 720 158 334 838 334 839 334 158 872 839 872 156 872 156 873 839 873 840 873 156 874 840 874 154 874 154 334 840 334 841 334 154 875 841 875 152 875 152 334 841 334 842 334 152 334 842 334 150 334 150 725 842 725 843 725 150 726 843 726 148 726 148 876 843 876 844 876 148 877 844 877 146 877 146 729 844 729 845 729 146 334 845 334 144 334 144 730 845 730 846 730 144 334 846 334 214 334 214 878 846 878 847 878 214 334 847 334 212 334 212 729 847 729 848 729 212 334 848 334 210 334 210 879 848 879 849 879 210 334 849 334 208 334 208 880 849 880 850 880 208 334 850 334 206 334 206 881 850 881 851 881 206 334 851 334 204 334 204 711 851 711 852 711 204 334 852 334 202 334 202 334 852 334 853 334 202 334 853 334 200 334 200 334 853 334 854 334 200 334 854 334 198 334 198 334 854 334 855 334 864 882 791 882 865 882 865 882 791 882 790 882 865 883 790 883 866 883 866 884 790 884 789 884 866 885 789 885 867 885 867 885 789 885 788 885 867 886 788 886 868 886 868 887 788 887 787 887 868 745 787 745 869 745 869 746 787 746 786 746 869 747 786 747 870 747 870 748 786 748 785 748 870 749 785 749 871 749 871 750 785 750 784 750 871 751 784 751 872 751 872 752 784 752 783 752 872 753 783 753 873 753 873 753 783 753 780 753 873 888 780 888 874 888 874 888 780 888 781 888 874 756 781 756 875 756 875 757 781 757 782 757 875 889 782 889 876 889 876 890 782 890 779 890 876 760 779 760 877 760 877 761 779 761 778 761 877 891 778 891 878 891 878 892 778 892 777 892 878 893 777 893 879 893 879 894 777 894 773 894 879 766 773 766 880 766 880 767 773 767 772 767 880 768 772 768 881 768 881 769 772 769 776 769 881 770 776 770 882 770 882 770 776 770 775 770 882 771 775 771 883 771 883 772 775 772 774 772 883 773 774 773 884 773 884 774 774 774 770 774 884 775 770 775 885 775 885 776 770 776 769 776 885 895 769 895 886 895 886 896 769 896 768 896 886 897 768 897 887 897 887 897 768 897 767 897 887 781 767 781 888 781 888 782 767 782 766 782 888 898 766 898 889 898 889 898 766 898 765 898 889 785 765 785 890 785 890 786 765 786 764 786 890 899 764 899 891 899 891 900 764 900 763 900 891 789 763 789 892 789 892 790 763 790 762 790 892 791 762 791 893 791 893 792 762 792 761 792 893 793 761 793 894 793 894 794 761 794 760 794 894 795 760 795 895 795 895 796 760 796 759 796 895 797 759 797 896 797 896 798 759 798 758 798 896 901 758 901 897 901 897 902 758 902 755 902 897 903 755 903 898 903 898 903 755 903 754 903 898 904 754 904 899 904 899 905 754 905 757 905 899 906 757 906 864 906 864 907 757 907 791 907 126 334 891 334 124 334 124 908 891 908 892 908 124 861 892 861 122 861 122 334 892 334 893 334 122 705 893 705 120 705 120 909 893 909 894 909 120 334 894 334 118 334 118 334 894 334 895 334 118 334 895 334 116 334 116 910 895 910 896 910 116 334 896 334 114 334 114 334 896 334 897 334 114 334 897 334 112 334 112 715 897 715 898 715 112 334 898 334 110 334 110 334 898 334 899 334 110 334 899 334 108 334 108 911 899 911 864 911 108 334 864 334 106 334 106 912 864 912 865 912 106 334 865 334 104 334 104 334 865 334 866 334 104 334 866 334 102 334 102 913 866 913 867 913 102 334 867 334 100 334 100 334 867 334 868 334 100 870 868 870 98 870 98 914 868 914 869 914 98 334 869 334 96 334 96 334 869 334 870 334 96 334 870 334 94 334 94 334 870 334 871 334 94 334 871 334 92 334 92 334 871 334 872 334 92 915 872 915 90 915 90 334 872 334 873 334 90 334 873 334 88 334 88 916 873 916 874 916 88 720 874 720 86 720 86 334 874 334 875 334 86 721 875 721 84 721 84 917 875 917 876 917 84 723 876 723 82 723 82 334 876 334 877 334 82 918 877 918 80 918 80 919 877 919 878 919 80 334 878 334 78 334 78 334 878 334 879 334 78 726 879 726 76 726 76 920 879 920 880 920 76 921 880 921 74 921 74 729 880 729 881 729 74 334 881 334 72 334 72 730 881 730 882 730 72 334 882 334 142 334 142 922 882 922 883 922 142 334 883 334 140 334 140 718 883 718 884 718 140 334 884 334 138 334 138 733 884 733 885 733 138 334 885 334 136 334 136 334 885 334 886 334 136 923 886 923 134 923 134 334 886 334 887 334 134 334 887 334 132 334 132 736 887 736 888 736 132 334 888 334 130 334 130 334 888 334 889 334 130 924 889 924 128 924 128 334 889 334 890 334 128 925 890 925 126 925 126 334 890 334 891 334 54 334 900 334 52 334 52 926 900 926 901 926 52 927 901 927 50 927 50 334 901 334 902 334 50 705 902 705 48 705 48 928 902 928 903 928 48 334 903 334 46 334 46 334 903 334 904 334 46 334 904 334 44 334 44 863 904 863 905 863 44 334 905 334 42 334 42 334 905 334 906 334 42 334 906 334 40 334 40 929 906 929 907 929 40 334 907 334 38 334 38 334 907 334 908 334 38 334 908 334 36 334 36 930 908 930 909 930 36 334 909 334 34 334 34 912 909 912 910 912 34 334 910 334 32 334 32 334 910 334 911 334 32 334 911 334 30 334 30 931 911 931 912 931 30 334 912 334 28 334 28 334 912 334 913 334 28 870 913 870 26 870 26 707 913 707 914 707 26 334 914 334 24 334 24 334 914 334 915 334 24 334 915 334 22 334 22 334 915 334 916 334 22 334 916 334 20 334 20 334 916 334 917 334 20 719 917 719 18 719 18 334 917 334 918 334 18 334 918 334 16 334 16 932 918 932 919 932 16 720 919 720 14 720 14 334 919 334 920 334 14 721 920 721 12 721 12 933 920 933 921 933 12 934 921 934 10 934 10 334 921 334 922 334 10 918 922 918 8 918 8 935 922 935 923 935 8 334 923 334 6 334 6 334 923 334 924 334 6 936 924 936 4 936 4 727 924 727 925 727 4 877 925 877 2 877 2 729 925 729 926 729 2 334 926 334 0 334 0 730 926 730 927 730 0 334 927 334 70 334 70 878 927 878 928 878 70 334 928 334 68 334 68 729 928 729 929 729 68 334 929 334 66 334 66 937 929 937 930 937 66 334 930 334 64 334 64 334 930 334 931 334 64 923 931 923 62 923 62 334 931 334 932 334 62 334 932 334 60 334 60 711 932 711 933 711 60 334 933 334 58 334 58 334 933 334 934 334 58 924 934 924 56 924 56 334 934 334 935 334 56 938 935 938 54 938 54 334 935 334 900 334 909 882 568 882 910 882 910 882 568 882 567 882 910 939 567 939 911 939 911 940 567 940 566 940 911 885 566 885 912 885 912 885 566 885 565 885 912 886 565 886 913 886 913 941 565 941 564 941 913 810 564 810 914 810 914 811 564 811 563 811 914 747 563 747 915 747 915 748 563 748 562 748 915 812 562 812 916 812 916 813 562 813 561 813 916 814 561 814 917 814 917 815 561 815 560 815 917 816 560 816 918 816 918 816 560 816 556 816 918 942 556 942 919 942 919 942 556 942 555 942 919 819 555 819 920 819 920 820 555 820 559 820 920 943 559 943 921 943 921 943 559 943 558 943 921 760 558 760 922 760 922 761 558 761 551 761 922 944 551 944 923 944 923 944 551 944 550 944 923 945 550 945 924 945 924 894 550 894 548 894 924 766 548 766 925 766 925 767 548 767 547 767 925 826 547 826 926 826 926 827 547 827 554 827 926 770 554 770 927 770 927 770 554 770 553 770 927 828 553 828 928 828 928 829 553 829 552 829 928 830 552 830 929 830 929 831 552 831 543 831 929 832 543 832 930 832 930 833 543 833 542 833 930 946 542 946 931 946 931 947 542 947 541 947 931 948 541 948 932 948 932 949 541 949 533 949 932 781 533 781 933 781 933 782 533 782 532 782 933 950 532 950 934 950 934 950 532 950 531 950 934 840 531 840 935 840 935 841 531 841 546 841 935 951 546 951 900 951 900 952 546 952 545 952 900 844 545 844 901 844 901 845 545 845 544 845 901 846 544 846 902 846 902 847 544 847 540 847 902 848 540 848 903 848 903 849 540 849 539 849 903 795 539 795 904 795 904 796 539 796 538 796 904 850 538 850 905 850 905 851 538 851 537 851 905 953 537 953 906 953 906 954 537 954 536 954 906 955 536 955 907 955 907 955 536 955 535 955 907 956 535 956 908 956 908 957 535 957 534 957 908 958 534 958 909 958 909 959 534 959 568 959 936 960 937 960 938 960 938 960 937 960 939 960 938 961 939 961 940 961 940 962 939 962 941 962 940 963 941 963 942 963 942 964 941 964 943 964 942 965 943 965 944 965 944 965 943 965 945 965 944 966 945 966 946 966 946 967 945 967 947 967 946 968 947 968 948 968 948 968 947 968 949 968 948 969 949 969 950 969 950 969 949 969 951 969 950 970 951 970 952 970 952 971 951 971 953 971 952 972 953 972 954 972 954 973 953 973 955 973 954 974 955 974 956 974 956 975 955 975 957 975 956 976 957 976 958 976 958 977 957 977 959 977 958 978 959 978 960 978 960 978 959 978 961 978 960 979 961 979 962 979 962 979 961 979 963 979 962 980 963 980 964 980 964 981 963 981 965 981 964 982 965 982 966 982 966 982 965 982 967 982 966 983 967 983 968 983 968 984 967 984 969 984 968 985 969 985 970 985 970 986 969 986 971 986 970 987 971 987 972 987 972 987 971 987 973 987 972 988 973 988 974 988 974 988 973 988 975 988 974 989 975 989 976 989 976 990 975 990 977 990 976 991 977 991 978 991 978 992 977 992 979 992 978 993 979 993 980 993 980 993 979 993 981 993 980 994 981 994 982 994 982 995 981 995 983 995 982 996 983 996 984 996 984 997 983 997 985 997 984 998 985 998 986 998 986 999 985 999 987 999 986 1000 987 1000 988 1000 988 1001 987 1001 989 1001 988 1002 989 1002 990 1002 990 1003 989 1003 991 1003 990 1004 991 1004 992 1004 992 1005 991 1005 993 1005 992 1006 993 1006 994 1006 994 1007 993 1007 995 1007 994 1008 995 1008 996 1008 996 1009 995 1009 997 1009 996 1010 997 1010 998 1010 998 1011 997 1011 999 1011 998 1012 999 1012 1000 1012 1000 1013 999 1013 1001 1013 1000 1014 1001 1014 1002 1014 1002 1014 1001 1014 1003 1014 1002 1015 1003 1015 1004 1015 1004 1016 1003 1016 1005 1016 1004 1017 1005 1017 1006 1017 1006 1018 1005 1018 1007 1018 1006 1019 1007 1019 936 1019 936 1019 1007 1019 937 1019 1008 960 1009 960 1010 960 1010 960 1009 960 1011 960 1010 1020 1011 1020 1012 1020 1012 1021 1011 1021 1013 1021 1012 964 1013 964 1014 964 1014 963 1013 963 1015 963 1014 965 1015 965 1016 965 1016 965 1015 965 1017 965 1016 966 1017 966 1018 966 1018 1022 1017 1022 1019 1022 1018 1023 1019 1023 1020 1023 1020 1023 1019 1023 1021 1023 1020 1024 1021 1024 1022 1024 1022 1024 1021 1024 1023 1024 1022 1025 1023 1025 1024 1025 1024 1026 1023 1026 1025 1026 1024 1027 1025 1027 1026 1027 1026 1028 1025 1028 1027 1028 1026 1029 1027 1029 1028 1029 1028 1030 1027 1030 1029 1030 1028 1031 1029 1031 1030 1031 1030 1032 1029 1032 1031 1032 1030 1033 1031 1033 1032 1033 1032 1033 1031 1033 1033 1033 1032 1034 1033 1034 1034 1034 1034 1034 1033 1034 1035 1034 1034 1035 1035 1035 1036 1035 1036 981 1035 981 1037 981 1036 982 1037 982 1038 982 1038 982 1037 982 1039 982 1038 984 1039 984 1040 984 1040 983 1039 983 1041 983 1040 1036 1041 1036 1042 1036 1042 1037 1041 1037 1043 1037 1042 987 1043 987 1044 987 1044 987 1043 987 1045 987 1044 988 1045 988 1046 988 1046 988 1045 988 1047 988 1046 989 1047 989 1048 989 1048 1038 1047 1038 1049 1038 1048 992 1049 992 1050 992 1050 991 1049 991 1051 991 1050 993 1051 993 1052 993 1052 993 1051 993 1053 993 1052 1039 1053 1039 1054 1039 1054 995 1053 995 1055 995 1054 1040 1055 1040 1056 1040 1056 1041 1055 1041 1057 1041 1056 1042 1057 1042 1058 1042 1058 1043 1057 1043 1059 1043 1058 1000 1059 1000 1060 1000 1060 1001 1059 1001 1061 1001 1060 1044 1061 1044 1062 1044 1062 1045 1061 1045 1063 1045 1062 1046 1063 1046 1064 1046 1064 1047 1063 1047 1065 1047 1064 1006 1065 1006 1066 1006 1066 1007 1065 1007 1067 1007 1066 1048 1067 1048 1068 1048 1068 1049 1067 1049 1069 1049 1068 1050 1069 1050 1070 1050 1070 1051 1069 1051 1071 1051 1070 1012 1071 1012 1072 1012 1072 1052 1071 1052 1073 1052 1072 1014 1073 1014 1074 1014 1074 1014 1073 1014 1075 1014 1074 1016 1075 1016 1076 1016 1076 1015 1075 1015 1077 1015 1076 1053 1077 1053 1078 1053 1078 1018 1077 1018 1079 1018 1078 1019 1079 1019 1008 1019 1008 1019 1079 1019 1009 1019 1080 1054 1081 1054 1082 1054 1082 1054 1081 1054 1083 1054 1082 1055 1083 1055 1084 1055 1084 1056 1083 1056 1085 1056 1084 963 1085 963 1086 963 1086 964 1085 964 1087 964 1086 965 1087 965 1088 965 1088 965 1087 965 1089 965 1088 966 1089 966 1090 966 1090 967 1089 967 1091 967 1090 968 1091 968 1092 968 1092 968 1091 968 1093 968 1092 969 1093 969 1094 969 1094 969 1093 969 1095 969 1094 970 1095 970 1096 970 1096 971 1095 971 1097 971 1096 972 1097 972 1098 972 1098 973 1097 973 1099 973 1098 974 1099 974 1100 974 1100 975 1099 975 1101 975 1100 976 1101 976 1102 976 1102 977 1101 977 1103 977 1102 978 1103 978 1104 978 1104 978 1103 978 1105 978 1104 979 1105 979 1106 979 1106 979 1105 979 1107 979 1106 980 1107 980 1108 980 1108 981 1107 981 1109 981 1108 982 1109 982 1110 982 1110 982 1109 982 1111 982 1110 983 1111 983 1112 983 1112 984 1111 984 1113 984 1112 985 1113 985 1114 985 1114 986 1113 986 1115 986 1114 987 1115 987 1116 987 1116 987 1115 987 1117 987 1116 988 1117 988 1118 988 1118 988 1117 988 1119 988 1118 989 1119 989 1120 989 1120 990 1119 990 1121 990 1120 991 1121 991 1122 991 1122 992 1121 992 1123 992 1122 993 1123 993 1124 993 1124 993 1123 993 1125 993 1124 994 1125 994 1126 994 1126 995 1125 995 1127 995 1126 996 1127 996 1128 996 1128 997 1127 997 1129 997 1128 998 1129 998 1130 998 1130 999 1129 999 1131 999 1130 1000 1131 1000 1132 1000 1132 1001 1131 1001 1133 1001 1132 1002 1133 1002 1134 1002 1134 1003 1133 1003 1135 1003 1134 1004 1135 1004 1136 1004 1136 1005 1135 1005 1137 1005 1136 1006 1137 1006 1138 1006 1138 1007 1137 1007 1139 1007 1138 1008 1139 1008 1140 1008 1140 1009 1139 1009 1141 1009 1140 1010 1141 1010 1142 1010 1142 1011 1141 1011 1143 1011 1142 1012 1143 1012 1144 1012 1144 1013 1143 1013 1145 1013 1144 1014 1145 1014 1146 1014 1146 1014 1145 1014 1147 1014 1146 1015 1147 1015 1148 1015 1148 1016 1147 1016 1149 1016 1148 1057 1149 1057 1150 1057 1150 1058 1149 1058 1151 1058 1150 1059 1151 1059 1080 1059 1080 1059 1151 1059 1081 1059 1152 1054 1153 1054 1154 1054 1154 1054 1153 1054 1155 1054 1154 1060 1155 1060 1156 1060 1156 1061 1155 1061 1157 1061 1156 964 1157 964 1158 964 1158 963 1157 963 1159 963 1158 965 1159 965 1160 965 1160 965 1159 965 1161 965 1160 966 1161 966 1162 966 1162 1022 1161 1022 1163 1022 1162 1023 1163 1023 1164 1023 1164 1023 1163 1023 1165 1023 1164 1024 1165 1024 1166 1024 1166 1024 1165 1024 1167 1024 1166 1025 1167 1025 1168 1025 1168 1026 1167 1026 1169 1026 1168 1027 1169 1027 1170 1027 1170 1028 1169 1028 1171 1028 1170 1029 1171 1029 1172 1029 1172 1030 1171 1030 1173 1030 1172 1031 1173 1031 1174 1031 1174 1032 1173 1032 1175 1032 1174 1033 1175 1033 1176 1033 1176 1033 1175 1033 1177 1033 1176 1034 1177 1034 1178 1034 1178 1034 1177 1034 1179 1034 1178 1035 1179 1035 1180 1035 1180 981 1179 981 1181 981 1180 982 1181 982 1182 982 1182 982 1181 982 1183 982 1182 984 1183 984 1184 984 1184 983 1183 983 1185 983 1184 1036 1185 1036 1186 1036 1186 1037 1185 1037 1187 1037 1186 987 1187 987 1188 987 1188 987 1187 987 1189 987 1188 988 1189 988 1190 988 1190 988 1189 988 1191 988 1190 989 1191 989 1192 989 1192 1038 1191 1038 1193 1038 1192 992 1193 992 1194 992 1194 991 1193 991 1195 991 1194 993 1195 993 1196 993 1196 993 1195 993 1197 993 1196 1039 1197 1039 1198 1039 1198 995 1197 995 1199 995 1198 1040 1199 1040 1200 1040 1200 1041 1199 1041 1201 1041 1200 1042 1201 1042 1202 1042 1202 1043 1201 1043 1203 1043 1202 1000 1203 1000 1204 1000 1204 1001 1203 1001 1205 1001 1204 1044 1205 1044 1206 1044 1206 1045 1205 1045 1207 1045 1206 1046 1207 1046 1208 1046 1208 1047 1207 1047 1209 1047 1208 1006 1209 1006 1210 1006 1210 1007 1209 1007 1211 1007 1210 1048 1211 1048 1212 1048 1212 1049 1211 1049 1213 1049 1212 1050 1213 1050 1214 1050 1214 1051 1213 1051 1215 1051 1214 1012 1215 1012 1216 1012 1216 1052 1215 1052 1217 1052 1216 1014 1217 1014 1218 1014 1218 1014 1217 1014 1219 1014 1218 1016 1219 1016 1220 1016 1220 1015 1219 1015 1221 1015 1220 1062 1221 1062 1222 1062 1222 1058 1221 1058 1223 1058 1222 1059 1223 1059 1152 1059 1152 1059 1223 1059 1153 1059 1224 117 1225 117 1226 117 1226 117 1225 117 1227 117 1226 117 1227 117 1228 117 1228 117 1227 117 1229 117 1228 117 1229 117 1230 117 1230 117 1229 117 1231 117 1230 117 1231 117 1232 117 1232 117 1231 117 1233 117 1232 117 1233 117 1234 117 1234 117 1233 117 1235 117 1236 116 1237 116 1238 116 1238 116 1237 116 1239 116 1238 116 1239 116 1240 116 1240 116 1239 116 1241 116 1240 116 1241 116 1242 116 1242 116 1241 116 1243 116 1242 116 1243 116 1244 116 1244 116 1243 116 1245 116 1244 116 1245 116 1224 116 1224 116 1245 116 1225 116 1246 114 1247 114 1248 114 1248 114 1247 114 1249 114 1248 114 1249 114 1250 114 1250 114 1249 114 1251 114 1250 114 1251 114 1252 114 1252 114 1251 114 1253 114 1252 114 1253 114 1254 114 1254 114 1253 114 1255 114 1254 1063 1255 1063 1236 1063 1236 114 1255 114 1237 114 1234 118 1235 118 1256 118 1256 118 1235 118 1257 118 1256 118 1257 118 1258 118 1258 118 1257 118 1259 118 1258 118 1259 118 1260 118 1260 118 1259 118 1261 118 1260 118 1261 118 1262 118 1262 118 1261 118 1263 118 1262 118 1263 118 1246 118 1246 118 1263 118 1247 118 1235 334 1233 334 1264 334 1161 334 1159 334 1225 334 1203 1064 1201 1064 1265 1064 1223 1065 1221 1065 1227 1065 1227 1066 1221 1066 1219 1066 1227 1067 1219 1067 1217 1067 1217 1068 1215 1068 1227 1068 1227 1069 1215 1069 1213 1069 1227 1070 1213 1070 1211 1070 1159 334 1157 334 1225 334 1225 1071 1157 1071 1155 1071 1225 334 1155 334 1227 334 1227 1072 1155 1072 1153 1072 1227 1073 1153 1073 1223 1073 1201 334 1199 334 1265 334 1265 1074 1199 1074 1197 1074 1265 1075 1197 1075 1195 1075 1187 334 1185 334 1245 334 1245 1076 1185 1076 1183 1076 1245 1077 1183 1077 1181 1077 1181 334 1179 334 1245 334 1245 1078 1179 1078 1177 1078 1245 1079 1177 1079 1175 1079 1209 334 1207 334 1265 334 1265 1080 1207 1080 1205 1080 1265 1081 1205 1081 1203 1081 1167 334 1165 334 1225 334 1225 1082 1165 1082 1163 1082 1225 1083 1163 1083 1161 1083 1195 334 1193 334 1265 334 1265 1084 1193 1084 1191 1084 1265 1085 1191 1085 1189 1085 1175 334 1173 334 1245 334 1245 1086 1173 1086 1171 1086 1245 334 1171 334 1225 334 1225 1087 1171 1087 1169 1087 1225 1088 1169 1088 1167 1088 1241 334 1266 334 1243 334 1243 334 1266 334 1265 334 1243 334 1265 334 1245 334 1245 334 1265 334 1189 334 1245 1089 1189 1089 1187 1089 1011 334 1009 334 1267 334 1267 1090 1009 1090 1079 1090 1017 334 1015 334 1241 334 1241 1091 1015 1091 1013 1091 1079 334 1077 334 1267 334 1267 1092 1077 1092 1075 1092 1267 1093 1075 1093 1073 1093 1073 334 1071 334 1267 334 1267 1094 1071 1094 1069 1094 1267 1095 1069 1095 1067 1095 1059 1096 1057 1096 1268 1096 1268 1097 1057 1097 1055 1097 1055 334 1053 334 1268 334 1268 1098 1053 1098 1051 1098 1268 1099 1051 1099 1049 1099 1041 1100 1039 1100 1239 1100 1239 1101 1039 1101 1037 1101 1037 334 1035 334 1239 334 1239 1102 1035 1102 1033 1102 1239 1103 1033 1103 1031 1103 1065 1104 1063 1104 1268 1104 1268 1105 1063 1105 1061 1105 1268 1106 1061 1106 1059 1106 1023 334 1021 334 1241 334 1241 1107 1021 1107 1019 1107 1241 1108 1019 1108 1017 1108 1049 334 1047 334 1268 334 1268 1109 1047 1109 1045 1109 1268 334 1045 334 1239 334 1239 1110 1045 1110 1043 1110 1239 1111 1043 1111 1041 1111 1031 1112 1029 1112 1239 1112 1239 1113 1029 1113 1027 1113 1239 1114 1027 1114 1241 1114 1241 1115 1027 1115 1025 1115 1241 1116 1025 1116 1023 1116 1269 334 1270 334 1266 334 1271 334 1272 334 1273 334 1273 1117 1272 1117 1274 1117 1273 1118 1274 1118 1275 1118 1275 1119 1276 1119 1273 1119 1273 1120 1276 1120 1277 1120 1273 480 1277 480 1269 480 1278 334 1279 334 1280 334 1280 1121 1279 1121 1281 1121 1281 334 1282 334 1280 334 1280 1122 1282 1122 1283 1122 1280 1123 1283 1123 1284 1123 1284 1124 1285 1124 1280 1124 1280 1125 1285 1125 1286 1125 1280 334 1286 334 1273 334 1273 1126 1286 1126 1287 1126 1273 1127 1287 1127 1271 1127 1270 334 1288 334 1266 334 1266 1128 1288 1128 1289 1128 1266 1129 1289 1129 1290 1129 1291 1130 1292 1130 1265 1130 1265 1131 1292 1131 1293 1131 1265 1132 1293 1132 1294 1132 1290 1133 1295 1133 1266 1133 1266 1134 1295 1134 1296 1134 1266 1135 1296 1135 1297 1135 1294 334 1298 334 1265 334 1265 1136 1298 1136 1299 1136 1265 1137 1299 1137 1300 1137 1300 334 1301 334 1265 334 1265 1138 1301 1138 1302 1138 1265 334 1302 334 1280 334 1280 1139 1302 1139 1303 1139 1280 1140 1303 1140 1278 1140 1297 334 1304 334 1266 334 1266 1141 1304 1141 1305 1141 1266 334 1305 334 1265 334 1265 1142 1305 1142 1306 1142 1265 1143 1306 1143 1291 1143 1307 334 1308 334 1273 334 1273 334 1309 334 1310 334 1310 1144 1309 1144 1311 1144 1312 1145 1313 1145 1267 1145 1269 334 1266 334 1273 334 1273 334 1266 334 1314 334 1273 1146 1314 1146 1307 1146 1308 334 1315 334 1273 334 1273 1147 1315 1147 1316 1147 1273 1148 1316 1148 1317 1148 1311 1149 1318 1149 1310 1149 1310 1150 1318 1150 1319 1150 1310 1151 1319 1151 1320 1151 1317 334 1321 334 1273 334 1273 1152 1321 1152 1322 1152 1273 1153 1322 1153 1309 1153 1320 334 1323 334 1310 334 1310 1154 1323 1154 1324 1154 1310 1155 1324 1155 1325 1155 1326 334 1327 334 1266 334 1266 1156 1327 1156 1328 1156 1328 334 1329 334 1266 334 1266 1157 1329 1157 1330 1157 1266 1158 1330 1158 1331 1158 1267 1159 1332 1159 1333 1159 1333 334 1334 334 1267 334 1267 1160 1334 1160 1335 1160 1267 1161 1335 1161 1336 1161 1013 334 1011 334 1241 334 1241 334 1011 334 1267 334 1241 334 1267 334 1266 334 1266 334 1267 334 1313 334 1266 1162 1313 1162 1326 1162 1331 334 1337 334 1266 334 1266 1163 1337 1163 1338 1163 1266 1164 1338 1164 1314 1164 1325 334 1339 334 1310 334 1310 1165 1339 1165 1340 1165 1310 334 1340 334 1267 334 1267 1166 1340 1166 1341 1166 1267 1167 1341 1167 1332 1167 1336 334 1342 334 1267 334 1267 1168 1342 1168 1343 1168 1267 1169 1343 1169 1312 1169 1344 334 1345 334 1280 334 1346 1170 1347 1170 1348 1170 1349 1171 1350 1171 1351 1171 1280 334 1345 334 1346 334 1346 334 1348 334 1349 334 1349 1172 1348 1172 1352 1172 1349 1173 1352 1173 1353 1173 1345 334 1354 334 1346 334 1346 1174 1354 1174 1355 1174 1346 1175 1355 1175 1356 1175 1353 334 1357 334 1349 334 1349 1176 1357 1176 1358 1176 1349 1177 1358 1177 1359 1177 1351 334 1360 334 1273 334 1273 1178 1360 1178 1361 1178 1273 1179 1361 1179 1362 1179 1362 1180 1363 1180 1273 1180 1273 1181 1363 1181 1364 1181 1273 1182 1364 1182 1365 1182 1365 334 1366 334 1273 334 1273 1183 1366 1183 1367 1183 1273 334 1367 334 1280 334 1280 1184 1367 1184 1368 1184 1280 1185 1368 1185 1369 1185 1369 1186 1370 1186 1280 1186 1280 1187 1370 1187 1371 1187 1280 1188 1371 1188 1372 1188 1356 334 1373 334 1346 334 1346 1189 1373 1189 1374 1189 1346 1190 1374 1190 1375 1190 1372 334 1376 334 1280 334 1280 1191 1376 1191 1377 1191 1280 1192 1377 1192 1344 1192 1375 1193 1378 1193 1346 1193 1346 1194 1378 1194 1379 1194 1346 1195 1379 1195 1347 1195 1359 1196 1380 1196 1349 1196 1349 1197 1380 1197 1381 1197 1349 1198 1381 1198 1350 1198 1382 334 1383 334 1273 334 1351 334 1273 334 1349 334 1349 334 1273 334 1383 334 1349 1199 1383 1199 1384 1199 1385 1200 1310 1200 1386 1200 1386 334 1310 334 1387 334 1386 1201 1387 1201 1388 1201 1389 334 1390 334 1387 334 1384 334 1391 334 1349 334 1349 1202 1391 1202 1392 1202 1349 1203 1392 1203 1393 1203 1390 334 1394 334 1387 334 1387 1204 1394 1204 1395 1204 1387 1205 1395 1205 1396 1205 1385 334 1397 334 1310 334 1310 1206 1397 1206 1398 1206 1310 1207 1398 1207 1399 1207 1400 334 1401 334 1273 334 1273 1208 1401 1208 1402 1208 1396 334 1403 334 1387 334 1387 1209 1403 1209 1404 1209 1387 1210 1404 1210 1388 1210 1399 334 1405 334 1310 334 1310 1211 1405 1211 1406 1211 1310 1212 1406 1212 1407 1212 1407 334 1408 334 1310 334 1310 1213 1408 1213 1409 1213 1310 334 1409 334 1273 334 1273 1214 1409 1214 1410 1214 1273 1215 1410 1215 1400 1215 1402 334 1411 334 1273 334 1273 1216 1411 1216 1412 1216 1273 1217 1412 1217 1382 1217 1393 334 1413 334 1349 334 1349 1218 1413 1218 1414 1218 1349 1219 1414 1219 1415 1219 1415 334 1416 334 1349 334 1349 1220 1416 1220 1417 1220 1349 334 1417 334 1387 334 1387 1221 1417 1221 1418 1221 1387 1222 1418 1222 1389 1222 1147 334 1233 334 1149 334 1149 1223 1233 1223 1151 1223 1131 1224 1129 1224 1264 1224 1093 334 1091 334 1231 334 1231 1225 1091 1225 1089 1225 1231 1226 1089 1226 1087 1226 1147 334 1145 334 1233 334 1233 1227 1145 1227 1143 1227 1233 1228 1143 1228 1141 1228 1131 334 1264 334 1133 334 1087 334 1085 334 1231 334 1231 1229 1085 1229 1083 1229 1231 334 1083 334 1233 334 1233 1230 1083 1230 1081 1230 1233 1231 1081 1231 1151 1231 1129 334 1127 334 1264 334 1264 1232 1127 1232 1125 1232 1264 1233 1125 1233 1123 1233 1111 334 1109 334 1346 334 1346 1234 1109 1234 1107 1234 1141 334 1139 334 1233 334 1233 1235 1139 1235 1137 1235 1233 1236 1137 1236 1264 1236 1264 1237 1137 1237 1135 1237 1264 1238 1135 1238 1133 1238 1117 1239 1115 1239 1346 1239 1346 1240 1115 1240 1113 1240 1346 1241 1113 1241 1111 1241 1107 334 1105 334 1346 334 1346 1242 1105 1242 1103 1242 1346 1243 1103 1243 1101 1243 1123 334 1121 334 1264 334 1264 1244 1121 1244 1119 1244 1264 1245 1119 1245 1117 1245 1099 334 1097 334 1231 334 1231 1246 1097 1246 1095 1246 1231 1247 1095 1247 1093 1247 1101 334 1099 334 1346 334 1346 334 1099 334 1231 334 1346 334 1231 334 1280 334 1280 334 1231 334 1229 334 1280 334 1229 334 1265 334 1265 334 1229 334 1227 334 1265 1248 1227 1248 1209 1248 1209 334 1227 334 1211 334 937 334 1007 334 1419 334 1419 1249 1007 1249 1005 1249 1419 1250 1005 1250 1003 1250 949 334 947 334 1387 334 1387 1251 947 1251 945 1251 1003 334 1001 334 1419 334 1419 1252 1001 1252 999 1252 1419 1253 999 1253 997 1253 945 334 943 334 1387 334 1387 1254 943 1254 941 1254 1387 1255 941 1255 939 1255 989 1256 987 1256 1420 1256 1420 1257 987 1257 985 1257 1420 1258 985 1258 983 1258 1117 334 1346 334 1264 334 1264 334 1346 334 1349 334 1264 334 1349 334 1421 334 1421 334 1349 334 1387 334 1421 334 1387 334 1419 334 1419 334 1387 334 939 334 1419 1259 939 1259 937 1259 983 334 981 334 1420 334 1420 1260 981 1260 979 1260 1420 1261 979 1261 977 1261 969 1262 967 1262 1422 1262 1422 1263 967 1263 965 1263 1422 1264 965 1264 963 1264 997 334 995 334 1419 334 1419 1265 995 1265 993 1265 1419 334 993 334 1420 334 1420 1266 993 1266 991 1266 1420 1267 991 1267 989 1267 963 334 961 334 1422 334 1422 1268 961 1268 959 1268 1422 1269 959 1269 957 1269 955 334 953 334 1387 334 1387 1270 953 1270 951 1270 1387 1271 951 1271 949 1271 977 334 975 334 1420 334 1420 1272 975 1272 973 1272 1420 334 973 334 1422 334 1422 1273 973 1273 971 1273 1422 1274 971 1274 969 1274 957 1275 955 1275 1422 1275 1422 1276 955 1276 1387 1276 1422 334 1387 334 1423 334 1423 334 1387 334 1310 334 1423 334 1310 334 1268 334 1268 334 1310 334 1267 334 1268 334 1267 334 1065 334 1065 1277 1267 1277 1067 1277 1235 334 1264 334 1257 334 1257 334 1264 334 1421 334 1257 334 1421 334 1259 334 1259 334 1421 334 1419 334 1259 334 1419 334 1261 334 1261 334 1419 334 1420 334 1261 334 1420 334 1263 334 1239 334 1237 334 1268 334 1268 334 1237 334 1255 334 1268 334 1255 334 1423 334 1423 334 1255 334 1253 334 1423 334 1253 334 1422 334 1422 334 1253 334 1251 334 1422 334 1251 334 1420 334 1420 334 1251 334 1249 334 1420 334 1249 334 1263 334 1263 334 1249 334 1247 334 1424 119 1425 119 1426 119 1262 119 1246 119 1248 119 1256 119 1427 119 1234 119 1234 119 1427 119 1232 119 1262 119 1428 119 1260 119 1260 119 1428 119 1429 119 1260 119 1429 119 1258 119 1430 1278 1431 1278 1232 1278 1232 1279 1431 1279 1432 1279 1433 119 1434 119 1427 119 1427 1280 1434 1280 1435 1280 1427 1281 1435 1281 1436 1281 1436 119 1437 119 1427 119 1427 1282 1437 1282 1438 1282 1427 1283 1438 1283 1439 1283 1432 1284 1440 1284 1232 1284 1232 1285 1440 1285 1441 1285 1232 1286 1441 1286 1442 1286 1439 119 1443 119 1427 119 1427 1287 1443 1287 1444 1287 1427 1288 1444 1288 1232 1288 1232 1289 1444 1289 1445 1289 1232 1290 1445 1290 1430 1290 1446 119 1447 119 1230 119 1230 1291 1447 1291 1448 1291 1230 1292 1448 1292 1449 1292 1442 119 1450 119 1232 119 1232 1293 1450 1293 1451 1293 1232 119 1451 119 1230 119 1230 1294 1451 1294 1452 1294 1230 1295 1452 1295 1446 1295 1453 1296 1454 1296 1455 1296 1449 1297 1456 1297 1230 1297 1230 1298 1456 1298 1457 1298 1230 1299 1457 1299 1453 1299 1454 119 1458 119 1455 119 1455 1300 1458 1300 1459 1300 1455 1301 1459 1301 1460 1301 1460 119 1461 119 1455 119 1455 1302 1461 1302 1462 1302 1455 1303 1462 1303 1463 1303 1463 119 1464 119 1455 119 1455 1304 1464 1304 1465 1304 1455 119 1465 119 1427 119 1427 1305 1465 1305 1466 1305 1427 1306 1466 1306 1433 1306 1467 1307 1468 1307 1429 1307 1429 1308 1468 1308 1469 1308 1470 119 1471 119 1428 119 1428 1309 1471 1309 1472 1309 1428 119 1472 119 1473 119 1473 1310 1474 1310 1428 1310 1428 1311 1474 1311 1475 1311 1428 1312 1475 1312 1476 1312 1469 1313 1477 1313 1429 1313 1429 119 1477 119 1478 119 1429 1314 1478 1314 1479 1314 1476 119 1480 119 1428 119 1428 1315 1480 1315 1481 1315 1428 119 1481 119 1429 119 1429 1316 1481 1316 1482 1316 1429 1317 1482 1317 1467 1317 1483 1318 1484 1318 1485 1318 1485 119 1484 119 1486 119 1485 1319 1486 1319 1487 1319 1479 119 1488 119 1429 119 1429 1320 1488 1320 1489 1320 1429 119 1489 119 1485 119 1485 1321 1489 1321 1490 1321 1485 1322 1490 1322 1483 1322 1491 119 1492 119 1493 119 1487 1323 1494 1323 1485 1323 1485 1324 1494 1324 1495 1324 1485 1325 1495 1325 1491 1325 1492 119 1496 119 1493 119 1493 1326 1496 1326 1497 1326 1493 1327 1497 1327 1498 1327 1498 1328 1499 1328 1493 1328 1493 1329 1499 1329 1500 1329 1493 119 1500 119 1501 119 1501 119 1502 119 1493 119 1493 1330 1502 1330 1503 1330 1493 119 1503 119 1428 119 1428 1331 1503 1331 1504 1331 1428 1332 1504 1332 1470 1332 1505 119 1506 119 1507 119 1508 1333 1509 1333 1505 1333 1505 1334 1509 1334 1510 1334 1505 1335 1510 1335 1511 1335 1507 119 1512 119 1505 119 1505 1336 1512 1336 1513 1336 1505 1337 1513 1337 1514 1337 1511 119 1455 119 1505 119 1505 119 1455 119 1427 119 1505 119 1427 119 1515 119 1515 119 1427 119 1256 119 1515 119 1256 119 1258 119 1516 119 1517 119 1506 119 1506 1338 1517 1338 1518 1338 1506 1339 1518 1339 1507 1339 1514 119 1519 119 1505 119 1505 1340 1519 1340 1520 1340 1505 1341 1520 1341 1508 1341 1521 119 1522 119 1523 119 1523 1342 1522 1342 1524 1342 1525 1343 1526 1343 1523 1343 1523 1344 1526 1344 1527 1344 1523 1345 1527 1345 1506 1345 1506 1346 1527 1346 1528 1346 1506 1347 1528 1347 1529 1347 1529 119 1530 119 1506 119 1506 1348 1530 1348 1531 1348 1506 1349 1531 1349 1516 1349 1532 119 1533 119 1455 119 1455 1350 1533 1350 1534 1350 1534 1351 1535 1351 1455 1351 1455 1352 1535 1352 1536 1352 1455 119 1536 119 1523 119 1523 1353 1536 1353 1537 1353 1523 1354 1537 1354 1521 1354 1524 119 1538 119 1523 119 1523 1355 1538 1355 1539 1355 1523 1356 1539 1356 1525 1356 1511 119 1540 119 1455 119 1455 1357 1540 1357 1541 1357 1455 1358 1541 1358 1542 1358 1542 119 1543 119 1455 119 1455 1359 1543 1359 1544 1359 1455 1360 1544 1360 1532 1360 1545 119 1546 119 1547 119 1547 119 1546 119 1485 119 1548 1361 1549 1361 1485 1361 1546 119 1550 119 1485 119 1485 1362 1550 1362 1551 1362 1485 1363 1551 1363 1552 1363 1549 1364 1553 1364 1485 1364 1485 1365 1553 1365 1554 1365 1485 1366 1554 1366 1555 1366 1556 119 1557 119 1505 119 1505 1367 1557 1367 1558 1367 1559 119 1506 119 1560 119 1560 119 1506 119 1505 119 1560 119 1505 119 1561 119 1561 119 1505 119 1558 119 1559 119 1562 119 1506 119 1506 1368 1562 1368 1563 1368 1506 1369 1563 1369 1564 1369 1565 119 1566 119 1547 119 1547 1370 1566 1370 1567 1370 1567 119 1568 119 1547 119 1547 1371 1568 1371 1569 1371 1547 1372 1569 1372 1570 1372 1552 119 1571 119 1485 119 1485 1373 1571 1373 1572 1373 1485 1374 1572 1374 1548 1374 1573 119 1574 119 1505 119 1564 1375 1575 1375 1506 1375 1506 1376 1575 1376 1576 1376 1506 1377 1576 1377 1577 1377 1570 119 1578 119 1547 119 1547 1378 1578 1378 1579 1378 1547 1379 1579 1379 1545 1379 1574 119 1580 119 1505 119 1505 1380 1580 1380 1581 1380 1505 1381 1581 1381 1556 1381 1258 119 1429 119 1515 119 1515 119 1429 119 1485 119 1515 119 1485 119 1505 119 1505 1382 1485 1382 1555 1382 1505 1383 1555 1383 1573 1383 1523 1384 1582 1384 1583 1384 1506 1385 1584 1385 1585 1385 1585 119 1586 119 1506 119 1506 1386 1586 1386 1587 1386 1506 1387 1587 1387 1588 1387 1523 119 1583 119 1426 119 1426 1388 1583 1388 1589 1388 1426 1389 1589 1389 1590 1389 1590 1390 1591 1390 1426 1390 1426 1391 1591 1391 1592 1391 1426 1392 1592 1392 1593 1392 1594 119 1595 119 1596 119 1596 1393 1595 1393 1597 1393 1588 119 1598 119 1506 119 1506 1394 1598 1394 1599 1394 1506 119 1599 119 1523 119 1523 1395 1599 1395 1600 1395 1523 1396 1600 1396 1601 1396 1601 1397 1602 1397 1523 1397 1523 1398 1602 1398 1603 1398 1523 1399 1603 1399 1604 1399 1604 119 1605 119 1523 119 1523 1400 1605 1400 1606 1400 1523 1401 1606 1401 1582 1401 1593 119 1607 119 1426 119 1426 1402 1607 1402 1608 1402 1426 1403 1608 1403 1609 1403 1609 1404 1610 1404 1426 1404 1426 1405 1610 1405 1611 1405 1426 1406 1611 1406 1596 1406 1596 1407 1611 1407 1612 1407 1596 1408 1612 1408 1594 1408 1597 1409 1613 1409 1596 1409 1596 1410 1613 1410 1614 1410 1596 1411 1614 1411 1615 1411 1615 119 1616 119 1596 119 1596 1412 1616 1412 1617 1412 1596 119 1617 119 1506 119 1506 1413 1617 1413 1618 1413 1506 1414 1618 1414 1584 1414 1619 119 1620 119 1547 119 1547 1415 1620 1415 1621 1415 1547 1416 1621 1416 1622 1416 1622 119 1623 119 1547 119 1547 1417 1623 1417 1624 1417 1547 1418 1624 1418 1625 1418 1625 1419 1626 1419 1547 1419 1547 1420 1626 1420 1627 1420 1547 1421 1627 1421 1628 1421 1628 119 1629 119 1547 119 1547 1422 1629 1422 1506 1422 1547 119 1506 119 1565 119 1565 119 1506 119 1577 119 1630 119 1631 119 1619 119 1619 1423 1631 1423 1632 1423 1632 1424 1633 1424 1619 1424 1619 1425 1633 1425 1634 1425 1619 1426 1634 1426 1635 1426 1635 119 1636 119 1619 119 1619 1427 1636 1427 1637 1427 1619 1428 1637 1428 1620 1428 1629 1429 1638 1429 1506 1429 1506 1430 1638 1430 1639 1430 1506 1431 1639 1431 1640 1431 1640 1432 1641 1432 1506 1432 1506 1433 1641 1433 1642 1433 1506 1434 1642 1434 1643 1434 1643 119 1644 119 1506 119 1506 1435 1644 1435 1645 1435 1506 119 1645 119 1596 119 1596 1436 1645 1436 1646 1436 1646 119 1647 119 1596 119 1596 1437 1647 1437 1648 1437 1596 1438 1648 1438 1649 1438 1649 119 1650 119 1596 119 1596 1439 1650 1439 1651 1439 1596 1440 1651 1440 1652 1440 1652 119 1653 119 1596 119 1596 1441 1653 1441 1654 1441 1596 119 1654 119 1619 119 1619 1442 1654 1442 1655 1442 1619 1443 1655 1443 1630 1443 1656 1444 1657 1444 1426 1444 1426 1445 1657 1445 1658 1445 1426 1446 1658 1446 1659 1446 1425 119 1660 119 1426 119 1426 1447 1660 1447 1661 1447 1426 1448 1661 1448 1656 1448 1659 119 1662 119 1426 119 1426 1449 1662 1449 1663 1449 1426 1450 1663 1450 1664 1450 1665 119 1666 119 1226 119 1226 1451 1666 1451 1667 1451 1226 1452 1667 1452 1668 1452 1668 1453 1669 1453 1226 1453 1226 1454 1669 1454 1670 1454 1226 1455 1670 1455 1671 1455 1453 1456 1455 1456 1230 1456 1230 119 1455 119 1523 119 1230 119 1523 119 1228 119 1228 119 1523 119 1426 119 1228 119 1426 119 1226 119 1226 1457 1426 1457 1664 1457 1226 1458 1664 1458 1665 1458 1672 119 1673 119 1224 119 1671 119 1674 119 1226 119 1226 1459 1674 1459 1675 1459 1226 119 1675 119 1224 119 1224 1460 1675 1460 1676 1460 1224 1461 1676 1461 1672 1461 1673 1462 1677 1462 1224 1462 1224 1463 1677 1463 1678 1463 1224 1464 1678 1464 1679 1464 1679 1465 1680 1465 1224 1465 1224 1466 1680 1466 1681 1466 1224 1467 1681 1467 1244 1467 1244 1468 1681 1468 1682 1468 1244 1469 1682 1469 1683 1469 1683 119 1684 119 1244 119 1244 1470 1684 1470 1685 1470 1244 1471 1685 1471 1686 1471 1686 119 1687 119 1244 119 1244 1472 1687 1472 1688 1472 1244 1473 1688 1473 1689 1473 1619 119 1240 119 1596 119 1596 119 1240 119 1242 119 1596 119 1242 119 1426 119 1426 119 1242 119 1244 119 1426 119 1244 119 1424 119 1424 119 1244 119 1689 119 1690 119 1691 119 1692 119 1690 119 1692 119 1693 119 1691 119 1694 119 1692 119 1692 1474 1694 1474 1695 1474 1692 1475 1695 1475 1696 1475 1696 1476 1697 1476 1692 1476 1692 1477 1697 1477 1698 1477 1692 1478 1698 1478 1699 1478 1700 119 1701 119 1619 119 1619 1479 1701 1479 1702 1479 1619 1480 1702 1480 1703 1480 1703 1481 1704 1481 1619 1481 1619 119 1704 119 1705 119 1619 1482 1705 1482 1706 1482 1491 119 1493 119 1485 119 1485 119 1493 119 1707 119 1485 119 1707 119 1547 119 1547 119 1707 119 1692 119 1547 119 1692 119 1619 119 1619 119 1692 119 1699 119 1619 1483 1699 1483 1700 1483 1708 1484 1709 1484 1240 1484 1706 119 1710 119 1619 119 1619 1485 1710 1485 1711 1485 1619 119 1711 119 1240 119 1240 1486 1711 1486 1712 1486 1240 1487 1712 1487 1708 1487 1709 119 1713 119 1240 119 1240 1488 1713 1488 1714 1488 1240 1489 1714 1489 1715 1489 1716 119 1238 119 1717 119 1717 119 1238 119 1240 119 1717 119 1240 119 1718 119 1718 1490 1240 1490 1715 1490 1716 119 1719 119 1238 119 1238 1491 1719 1491 1720 1491 1238 1492 1720 1492 1721 1492 1721 1493 1722 1493 1238 1493 1238 1494 1722 1494 1723 1494 1238 119 1723 119 1724 119 1724 119 1725 119 1238 119 1238 1495 1725 1495 1726 1495 1238 119 1726 119 1692 119 1692 1496 1726 1496 1727 1496 1692 1497 1727 1497 1693 1497 1262 119 1248 119 1428 119 1428 119 1248 119 1250 119 1428 119 1250 119 1493 119 1493 119 1250 119 1252 119 1493 119 1252 119 1707 119 1707 119 1252 119 1254 119 1707 119 1254 119 1692 119 1692 119 1254 119 1236 119 1692 119 1236 119 1238 119 1589 1498 1302 1498 1590 1498 1590 1499 1302 1499 1301 1499 1590 1500 1301 1500 1591 1500 1591 1501 1301 1501 1300 1501 1591 1502 1300 1502 1592 1502 1592 1503 1300 1503 1299 1503 1592 1504 1299 1504 1593 1504 1593 1504 1299 1504 1298 1504 1593 1505 1298 1505 1607 1505 1607 1506 1298 1506 1294 1506 1607 1507 1294 1507 1608 1507 1608 1507 1294 1507 1293 1507 1608 1508 1293 1508 1609 1508 1609 1509 1293 1509 1292 1509 1609 686 1292 686 1610 686 1610 1510 1292 1510 1291 1510 1610 1511 1291 1511 1611 1511 1611 1512 1291 1512 1306 1512 1611 1513 1306 1513 1612 1513 1612 1514 1306 1514 1305 1514 1612 655 1305 655 1594 655 1594 1515 1305 1515 1304 1515 1594 1516 1304 1516 1595 1516 1595 1517 1304 1517 1297 1517 1595 1518 1297 1518 1597 1518 1597 1518 1297 1518 1296 1518 1597 1519 1296 1519 1613 1519 1613 1520 1296 1520 1295 1520 1613 1521 1295 1521 1614 1521 1614 1521 1295 1521 1290 1521 1614 1522 1290 1522 1615 1522 1615 1523 1290 1523 1289 1523 1615 1524 1289 1524 1616 1524 1616 1524 1289 1524 1288 1524 1616 1525 1288 1525 1617 1525 1617 1526 1288 1526 1270 1526 1617 1527 1270 1527 1618 1527 1618 1528 1270 1528 1269 1528 1618 1529 1269 1529 1584 1529 1584 1529 1269 1529 1277 1529 1584 1530 1277 1530 1585 1530 1585 1531 1277 1531 1276 1531 1585 1532 1276 1532 1586 1532 1586 1533 1276 1533 1275 1533 1586 1534 1275 1534 1587 1534 1587 1534 1275 1534 1274 1534 1587 1535 1274 1535 1588 1535 1588 1536 1274 1536 1272 1536 1588 1537 1272 1537 1598 1537 1598 1538 1272 1538 1271 1538 1598 698 1271 698 1599 698 1599 1539 1271 1539 1287 1539 1599 1540 1287 1540 1600 1540 1600 1541 1287 1541 1286 1541 1600 1542 1286 1542 1601 1542 1601 1543 1286 1543 1285 1543 1601 1544 1285 1544 1602 1544 1602 1545 1285 1545 1284 1545 1602 1546 1284 1546 1603 1546 1603 1547 1284 1547 1283 1547 1603 1548 1283 1548 1604 1548 1604 1549 1283 1549 1282 1549 1604 1550 1282 1550 1605 1550 1605 1550 1282 1550 1281 1550 1605 1551 1281 1551 1606 1551 1606 1552 1281 1552 1279 1552 1606 1553 1279 1553 1582 1553 1582 1553 1279 1553 1278 1553 1582 1554 1278 1554 1583 1554 1583 1555 1278 1555 1303 1555 1583 1556 1303 1556 1589 1556 1589 1557 1303 1557 1302 1557 1536 1498 1354 1498 1537 1498 1537 1499 1354 1499 1345 1499 1537 1500 1345 1500 1521 1500 1521 1501 1345 1501 1344 1501 1521 1503 1344 1503 1522 1503 1522 1502 1344 1502 1377 1502 1522 1558 1377 1558 1524 1558 1524 1504 1377 1504 1376 1504 1524 1559 1376 1559 1538 1559 1538 1559 1376 1559 1372 1559 1538 1560 1372 1560 1539 1560 1539 1560 1372 1560 1371 1560 1539 1508 1371 1508 1525 1508 1525 1561 1371 1561 1370 1561 1525 659 1370 659 1526 659 1526 1510 1370 1510 1369 1510 1526 1511 1369 1511 1527 1511 1527 1512 1369 1512 1368 1512 1527 1513 1368 1513 1528 1513 1528 1514 1368 1514 1367 1514 1528 655 1367 655 1529 655 1529 1562 1367 1562 1366 1562 1529 1563 1366 1563 1530 1563 1530 1517 1366 1517 1365 1517 1530 1564 1365 1564 1531 1564 1531 1564 1365 1564 1364 1564 1531 1565 1364 1565 1516 1565 1516 1565 1364 1565 1363 1565 1516 1521 1363 1521 1517 1521 1517 1566 1363 1566 1362 1566 1517 1567 1362 1567 1518 1567 1518 1568 1362 1568 1361 1568 1518 1524 1361 1524 1507 1524 1507 1524 1361 1524 1360 1524 1507 1525 1360 1525 1512 1525 1512 1526 1360 1526 1351 1526 1512 1569 1351 1569 1513 1569 1513 1570 1351 1570 1350 1570 1513 1571 1350 1571 1514 1571 1514 1572 1350 1572 1381 1572 1514 1573 1381 1573 1519 1573 1519 1574 1381 1574 1380 1574 1519 1532 1380 1532 1520 1532 1520 1533 1380 1533 1359 1533 1520 1575 1359 1575 1508 1575 1508 1575 1359 1575 1358 1575 1508 1535 1358 1535 1509 1535 1509 1535 1358 1535 1357 1535 1509 1537 1357 1537 1510 1537 1510 1538 1357 1538 1353 1538 1510 676 1353 676 1511 676 1511 1576 1353 1576 1352 1576 1511 1577 1352 1577 1540 1577 1540 1578 1352 1578 1348 1578 1540 1579 1348 1579 1541 1579 1541 1580 1348 1580 1347 1580 1541 1581 1347 1581 1542 1581 1542 1582 1347 1582 1379 1582 1542 1546 1379 1546 1543 1546 1543 1547 1379 1547 1378 1547 1543 1549 1378 1549 1544 1549 1544 1549 1378 1549 1375 1549 1544 1583 1375 1583 1532 1583 1532 1583 1375 1583 1374 1583 1532 1551 1374 1551 1533 1551 1533 1552 1374 1552 1373 1552 1533 1584 1373 1584 1534 1584 1534 1585 1373 1585 1356 1585 1534 1586 1356 1586 1535 1586 1535 1587 1356 1587 1355 1587 1535 1588 1355 1588 1536 1588 1536 1589 1355 1589 1354 1589 1560 1498 1384 1498 1559 1498 1559 1499 1384 1499 1383 1499 1559 1590 1383 1590 1562 1590 1562 1590 1383 1590 1382 1590 1562 1503 1382 1503 1563 1503 1563 1502 1382 1502 1412 1502 1563 1591 1412 1591 1564 1591 1564 618 1412 618 1411 618 1564 1559 1411 1559 1575 1559 1575 1559 1411 1559 1402 1559 1575 1560 1402 1560 1576 1560 1576 1560 1402 1560 1401 1560 1576 1592 1401 1592 1577 1592 1577 1593 1401 1593 1400 1593 1577 1594 1400 1594 1565 1594 1565 1595 1400 1595 1410 1595 1565 1511 1410 1511 1566 1511 1566 1512 1410 1512 1409 1512 1566 1596 1409 1596 1567 1596 1567 1596 1409 1596 1408 1596 1567 1597 1408 1597 1568 1597 1568 1598 1408 1598 1407 1598 1568 1599 1407 1599 1569 1599 1569 1600 1407 1600 1406 1600 1569 1564 1406 1564 1570 1564 1570 1564 1406 1564 1405 1564 1570 1565 1405 1565 1578 1565 1578 1565 1405 1565 1399 1565 1578 1601 1399 1601 1579 1601 1579 1602 1399 1602 1398 1602 1579 1603 1398 1603 1545 1603 1545 1604 1398 1604 1397 1604 1545 1524 1397 1524 1546 1524 1546 1524 1397 1524 1385 1524 1546 1525 1385 1525 1550 1525 1550 1526 1385 1526 1386 1526 1550 1569 1386 1569 1551 1569 1551 1570 1386 1570 1388 1570 1551 1571 1388 1571 1552 1571 1552 1572 1388 1572 1404 1572 1552 1605 1404 1605 1571 1605 1571 1606 1404 1606 1403 1606 1571 1607 1403 1607 1572 1607 1572 597 1403 597 1396 597 1572 1575 1396 1575 1548 1575 1548 1575 1396 1575 1395 1575 1548 1535 1395 1535 1549 1535 1549 1535 1395 1535 1394 1535 1549 1608 1394 1608 1553 1608 1553 1609 1394 1609 1390 1609 1553 1610 1390 1610 1554 1610 1554 1610 1390 1610 1389 1610 1554 1611 1389 1611 1555 1611 1555 1611 1389 1611 1418 1611 1555 1579 1418 1579 1573 1579 1573 1580 1418 1580 1417 1580 1573 1612 1417 1612 1574 1612 1574 1612 1417 1612 1416 1612 1574 1613 1416 1613 1580 1613 1580 1614 1416 1614 1415 1614 1580 1549 1415 1549 1581 1549 1581 1549 1415 1549 1414 1549 1581 1583 1414 1583 1556 1583 1556 1583 1414 1583 1413 1583 1556 1615 1413 1615 1557 1615 1557 577 1413 577 1393 577 1557 1584 1393 1584 1558 1584 1558 1585 1393 1585 1392 1585 1558 1616 1392 1616 1561 1616 1561 1617 1392 1617 1391 1617 1561 1588 1391 1588 1560 1588 1560 1589 1391 1589 1384 1589 1646 1498 1314 1498 1647 1498 1647 1499 1314 1499 1338 1499 1647 1590 1338 1590 1648 1590 1648 1590 1338 1590 1337 1590 1648 1502 1337 1502 1649 1502 1649 1503 1337 1503 1331 1503 1649 1618 1331 1618 1650 1618 1650 618 1331 618 1330 618 1650 1505 1330 1505 1651 1505 1651 1506 1330 1506 1329 1506 1651 1507 1329 1507 1652 1507 1652 1507 1329 1507 1328 1507 1652 1592 1328 1592 1653 1592 1653 1619 1328 1619 1327 1619 1653 1595 1327 1595 1654 1595 1654 1595 1327 1595 1326 1595 1654 1511 1326 1511 1655 1511 1655 1512 1326 1512 1313 1512 1655 1596 1313 1596 1630 1596 1630 1596 1313 1596 1312 1596 1630 1597 1312 1597 1631 1597 1631 1597 1312 1597 1343 1597 1631 1620 1343 1620 1632 1620 1632 1600 1343 1600 1342 1600 1632 1518 1342 1518 1633 1518 1633 1518 1342 1518 1336 1518 1633 1519 1336 1519 1634 1519 1634 1520 1336 1520 1335 1520 1634 1601 1335 1601 1635 1601 1635 544 1335 544 1334 544 1635 1604 1334 1604 1636 1604 1636 1603 1334 1603 1333 1603 1636 1524 1333 1524 1637 1524 1637 1524 1333 1524 1332 1524 1637 1525 1332 1525 1620 1525 1620 1526 1332 1526 1341 1526 1620 1527 1341 1527 1621 1527 1621 1528 1341 1528 1340 1528 1621 1529 1340 1529 1622 1529 1622 1529 1340 1529 1339 1529 1622 1621 1339 1621 1623 1621 1623 1621 1339 1621 1325 1621 1623 1607 1325 1607 1624 1607 1624 597 1325 597 1324 597 1624 1534 1324 1534 1625 1534 1625 1534 1324 1534 1323 1534 1625 1535 1323 1535 1626 1535 1626 1536 1323 1536 1320 1536 1626 1608 1320 1608 1627 1608 1627 1609 1320 1609 1319 1609 1627 1622 1319 1622 1628 1622 1628 1623 1319 1623 1318 1623 1628 1624 1318 1624 1629 1624 1629 1625 1318 1625 1311 1625 1629 1542 1311 1542 1638 1542 1638 1543 1311 1543 1309 1543 1638 1626 1309 1626 1639 1626 1639 1627 1309 1627 1322 1627 1639 1613 1322 1613 1640 1613 1640 1614 1322 1614 1321 1614 1640 1548 1321 1548 1641 1548 1641 1549 1321 1549 1317 1549 1641 1550 1317 1550 1642 1550 1642 1550 1317 1550 1316 1550 1642 1615 1316 1615 1643 1615 1643 577 1316 577 1315 577 1643 1553 1315 1553 1644 1553 1644 1553 1315 1553 1308 1553 1644 1628 1308 1628 1645 1628 1645 1628 1308 1628 1307 1628 1645 1556 1307 1556 1646 1556 1646 1557 1307 1557 1314 1557 1206 119 1728 119 1204 119 1204 1629 1728 1629 1729 1629 1204 1630 1729 1630 1202 1630 1202 1631 1729 1631 1730 1631 1202 1632 1730 1632 1200 1632 1200 1633 1730 1633 1731 1633 1200 119 1731 119 1198 119 1198 119 1731 119 1732 119 1198 119 1732 119 1196 119 1196 119 1732 119 1733 119 1196 119 1733 119 1194 119 1194 1634 1733 1634 1734 1634 1194 119 1734 119 1192 119 1192 1635 1734 1635 1735 1635 1192 119 1735 119 1190 119 1190 1636 1735 1636 1736 1636 1190 119 1736 119 1188 119 1188 1637 1736 1637 1737 1637 1188 119 1737 119 1186 119 1186 1638 1737 1638 1738 1638 1186 119 1738 119 1184 119 1184 1639 1738 1639 1739 1639 1184 119 1739 119 1182 119 1182 1640 1739 1640 1740 1640 1182 1641 1740 1641 1180 1641 1180 1642 1740 1642 1741 1642 1180 119 1741 119 1178 119 1178 119 1741 119 1742 119 1178 119 1742 119 1176 119 1176 119 1742 119 1743 119 1176 1643 1743 1643 1174 1643 1174 1644 1743 1644 1744 1644 1174 1645 1744 1645 1172 1645 1172 1646 1744 1646 1745 1646 1172 1647 1745 1647 1170 1647 1170 119 1745 119 1746 119 1170 119 1746 119 1168 119 1168 1648 1746 1648 1747 1648 1168 1649 1747 1649 1166 1649 1166 1650 1747 1650 1748 1650 1166 1651 1748 1651 1164 1651 1164 1652 1748 1652 1749 1652 1164 119 1749 119 1162 119 1162 119 1749 119 1750 119 1162 119 1750 119 1160 119 1160 119 1750 119 1751 119 1160 119 1751 119 1158 119 1158 1653 1751 1653 1752 1653 1158 119 1752 119 1156 119 1156 1629 1752 1629 1753 1629 1156 119 1753 119 1154 119 1154 1654 1753 1654 1754 1654 1154 119 1754 119 1152 119 1152 1655 1754 1655 1755 1655 1152 119 1755 119 1222 119 1222 1656 1755 1656 1756 1656 1222 119 1756 119 1220 119 1220 1657 1756 1657 1757 1657 1220 119 1757 119 1218 119 1218 1658 1757 1658 1758 1658 1218 1659 1758 1659 1216 1659 1216 1660 1758 1660 1759 1660 1216 119 1759 119 1214 119 1214 119 1759 119 1760 119 1214 119 1760 119 1212 119 1212 119 1760 119 1761 119 1212 1661 1761 1661 1210 1661 1210 1662 1761 1662 1762 1662 1210 1663 1762 1663 1208 1663 1208 1664 1762 1664 1763 1664 1208 1665 1763 1665 1206 1665 1206 119 1763 119 1728 119 1737 770 1425 770 1738 770 1738 770 1425 770 1424 770 1738 769 1424 769 1739 769 1739 827 1424 827 1689 827 1739 767 1689 767 1740 767 1740 767 1689 767 1688 767 1740 1666 1688 1666 1741 1666 1741 1667 1688 1667 1687 1667 1741 892 1687 892 1742 892 1742 1668 1687 1668 1686 1668 1742 761 1686 761 1743 761 1743 760 1686 760 1685 760 1743 890 1685 890 1744 890 1744 1669 1685 1669 1684 1669 1744 1670 1684 1670 1745 1670 1745 1671 1684 1671 1683 1671 1745 888 1683 888 1746 888 1746 888 1683 888 1682 888 1746 753 1682 753 1747 753 1747 753 1682 753 1681 753 1747 1672 1681 1672 1748 1672 1748 1673 1681 1673 1680 1673 1748 750 1680 750 1749 750 1749 749 1680 749 1679 749 1749 748 1679 748 1750 748 1750 747 1679 747 1678 747 1750 1674 1678 1674 1751 1674 1751 745 1678 745 1677 745 1751 1675 1677 1675 1752 1675 1752 941 1677 941 1673 941 1752 885 1673 885 1753 885 1753 885 1673 885 1672 885 1753 939 1672 939 1754 939 1754 940 1672 940 1676 940 1754 882 1676 882 1755 882 1755 882 1676 882 1675 882 1755 907 1675 907 1756 907 1756 906 1675 906 1674 906 1756 904 1674 904 1757 904 1757 905 1674 905 1671 905 1757 903 1671 903 1758 903 1758 903 1671 903 1670 903 1758 1676 1670 1676 1759 1676 1759 1677 1670 1677 1669 1677 1759 797 1669 797 1760 797 1760 797 1669 797 1668 797 1760 796 1668 796 1761 796 1761 795 1668 795 1667 795 1761 794 1667 794 1762 794 1762 793 1667 793 1666 793 1762 791 1666 791 1763 791 1763 792 1666 792 1665 792 1763 790 1665 790 1728 790 1728 789 1665 789 1664 789 1728 900 1664 900 1729 900 1729 899 1664 899 1663 899 1729 785 1663 785 1730 785 1730 786 1663 786 1662 786 1730 898 1662 898 1731 898 1731 1678 1662 1678 1659 1678 1731 782 1659 782 1732 782 1732 781 1659 781 1658 781 1732 897 1658 897 1733 897 1733 1679 1658 1679 1657 1679 1733 1680 1657 1680 1734 1680 1734 1681 1657 1681 1656 1681 1734 776 1656 776 1735 776 1735 776 1656 776 1661 776 1735 774 1661 774 1736 774 1736 774 1661 774 1660 774 1736 772 1660 772 1737 772 1737 771 1660 771 1425 771 1764 770 1466 770 1765 770 1765 770 1466 770 1465 770 1765 827 1465 827 1766 827 1766 769 1465 769 1464 769 1766 767 1464 767 1767 767 1767 767 1464 767 1463 767 1767 1666 1463 1666 1768 1666 1768 894 1463 894 1462 894 1768 944 1462 944 1769 944 1769 1682 1462 1682 1461 1682 1769 761 1461 761 1770 761 1770 760 1461 760 1460 760 1770 943 1460 943 1771 943 1771 1683 1460 1683 1459 1683 1771 1684 1459 1684 1772 1684 1772 1685 1459 1685 1458 1685 1772 942 1458 942 1773 942 1773 942 1458 942 1454 942 1773 816 1454 816 1774 816 1774 816 1454 816 1453 816 1774 1686 1453 1686 1775 1686 1775 1687 1453 1687 1457 1687 1775 813 1457 813 1776 813 1776 812 1457 812 1456 812 1776 748 1456 748 1777 748 1777 747 1456 747 1449 747 1777 810 1449 810 1778 810 1778 810 1449 810 1448 810 1778 1688 1448 1688 1779 1688 1779 941 1448 941 1447 941 1779 885 1447 885 1780 885 1780 885 1447 885 1446 885 1780 883 1446 883 1781 883 1781 884 1446 884 1452 884 1781 882 1452 882 1782 882 1782 882 1452 882 1451 882 1782 959 1451 959 1783 959 1783 958 1451 958 1450 958 1783 1689 1450 1689 1784 1689 1784 1690 1450 1690 1442 1690 1784 955 1442 955 1785 955 1785 955 1442 955 1441 955 1785 1691 1441 1691 1786 1691 1786 1692 1441 1692 1440 1692 1786 1693 1440 1693 1787 1693 1787 850 1440 850 1432 850 1787 796 1432 796 1788 796 1788 795 1432 795 1431 795 1788 849 1431 849 1789 849 1789 848 1431 848 1430 848 1789 846 1430 846 1790 846 1790 847 1430 847 1445 847 1790 845 1445 845 1791 845 1791 844 1445 844 1444 844 1791 952 1444 952 1792 952 1792 951 1444 951 1443 951 1792 840 1443 840 1793 840 1793 841 1443 841 1439 841 1793 950 1439 950 1794 950 1794 1694 1439 1694 1438 1694 1794 782 1438 782 1795 782 1795 781 1438 781 1437 781 1795 949 1437 949 1796 949 1796 1695 1437 1695 1436 1695 1796 1696 1436 1696 1797 1696 1797 1697 1436 1697 1435 1697 1797 833 1435 833 1798 833 1798 833 1435 833 1434 833 1798 831 1434 831 1799 831 1799 1698 1434 1698 1433 1698 1799 829 1433 829 1764 829 1764 828 1433 828 1466 828 1134 119 1791 119 1132 119 1132 1652 1791 1652 1792 1652 1132 1699 1792 1699 1130 1699 1130 1646 1792 1646 1793 1646 1130 1632 1793 1632 1128 1632 1128 1700 1793 1700 1794 1700 1128 119 1794 119 1126 119 1126 119 1794 119 1795 119 1126 119 1795 119 1124 119 1124 119 1795 119 1796 119 1124 119 1796 119 1122 119 1122 1701 1796 1701 1797 1701 1122 119 1797 119 1120 119 1120 1702 1797 1702 1798 1702 1120 119 1798 119 1118 119 1118 1703 1798 1703 1799 1703 1118 119 1799 119 1116 119 1116 1704 1799 1704 1764 1704 1116 119 1764 119 1114 119 1114 1638 1764 1638 1765 1638 1114 119 1765 119 1112 119 1112 1639 1765 1639 1766 1639 1112 119 1766 119 1110 119 1110 1705 1766 1705 1767 1705 1110 1706 1767 1706 1108 1706 1108 1707 1767 1707 1768 1707 1108 119 1768 119 1106 119 1106 119 1768 119 1769 119 1106 119 1769 119 1104 119 1104 119 1769 119 1770 119 1104 1708 1770 1708 1102 1708 1102 1709 1770 1709 1771 1709 1102 1643 1771 1643 1100 1643 1100 1710 1771 1710 1772 1710 1100 1711 1772 1711 1098 1711 1098 119 1772 119 1773 119 1098 119 1773 119 1096 119 1096 1712 1773 1712 1774 1712 1096 1713 1774 1713 1094 1713 1094 1714 1774 1714 1775 1714 1094 1651 1775 1651 1092 1651 1092 1715 1775 1715 1776 1715 1092 119 1776 119 1090 119 1090 119 1776 119 1777 119 1090 119 1777 119 1088 119 1088 119 1777 119 1778 119 1088 119 1778 119 1086 119 1086 1716 1778 1716 1779 1716 1086 119 1779 119 1084 119 1084 1717 1779 1717 1780 1717 1084 119 1780 119 1082 119 1082 1654 1780 1654 1781 1654 1082 119 1781 119 1080 119 1080 1655 1781 1655 1782 1655 1080 119 1782 119 1150 119 1150 1718 1782 1718 1783 1718 1150 119 1783 119 1148 119 1148 1719 1783 1719 1784 1719 1148 119 1784 119 1146 119 1146 1720 1784 1720 1785 1720 1146 1659 1785 1659 1144 1659 1144 1721 1785 1721 1786 1721 1144 119 1786 119 1142 119 1142 119 1786 119 1787 119 1142 119 1787 119 1140 119 1140 119 1787 119 1788 119 1140 1722 1788 1722 1138 1722 1138 1715 1788 1715 1789 1715 1138 1663 1789 1663 1136 1663 1136 1723 1789 1723 1790 1723 1136 1665 1790 1665 1134 1665 1134 119 1790 119 1791 119 1800 770 1727 770 1801 770 1801 770 1727 770 1726 770 1801 769 1726 769 1802 769 1802 827 1726 827 1725 827 1802 767 1725 767 1803 767 1803 767 1725 767 1724 767 1803 1724 1724 1724 1804 1724 1804 764 1724 764 1723 764 1804 1725 1723 1725 1805 1725 1805 762 1723 762 1722 762 1805 761 1722 761 1806 761 1806 760 1722 760 1721 760 1806 759 1721 759 1807 759 1807 758 1721 758 1720 758 1807 1670 1720 1670 1808 1670 1808 1671 1720 1671 1719 1671 1808 754 1719 754 1809 754 1809 755 1719 755 1716 755 1809 753 1716 753 1810 753 1810 753 1716 753 1717 753 1810 1672 1717 1672 1811 1672 1811 1673 1717 1673 1718 1673 1811 750 1718 750 1812 750 1812 749 1718 749 1715 749 1812 748 1715 748 1813 748 1813 747 1715 747 1714 747 1813 1674 1714 1674 1814 1674 1814 745 1714 745 1713 745 1814 1726 1713 1726 1815 1726 1815 743 1713 743 1709 743 1815 742 1709 742 1816 742 1816 742 1709 742 1708 742 1816 740 1708 740 1817 740 1817 808 1708 808 1712 808 1817 738 1712 738 1818 738 1818 737 1712 737 1711 737 1818 806 1711 806 1819 806 1819 805 1711 805 1710 805 1819 804 1710 804 1820 804 1820 804 1710 804 1706 804 1820 802 1706 802 1821 802 1821 802 1706 802 1705 802 1821 1727 1705 1727 1822 1727 1822 799 1705 799 1704 799 1822 797 1704 797 1823 797 1823 797 1704 797 1703 797 1823 796 1703 796 1824 796 1824 795 1703 795 1702 795 1824 794 1702 794 1825 794 1825 793 1702 793 1701 793 1825 791 1701 791 1826 791 1826 792 1701 792 1700 792 1826 790 1700 790 1827 790 1827 789 1700 789 1699 789 1827 1728 1699 1728 1828 1728 1828 1729 1699 1729 1698 1729 1828 785 1698 785 1829 785 1829 786 1698 786 1697 786 1829 784 1697 784 1830 784 1830 783 1697 783 1696 783 1830 782 1696 782 1831 782 1831 781 1696 781 1695 781 1831 779 1695 779 1832 779 1832 779 1695 779 1694 779 1832 1730 1694 1730 1833 1730 1833 777 1694 777 1691 777 1833 776 1691 776 1834 776 1834 776 1691 776 1690 776 1834 774 1690 774 1835 774 1835 774 1690 774 1693 774 1835 772 1693 772 1800 772 1800 771 1693 771 1727 771 1062 119 1827 119 1060 119 1060 1731 1827 1731 1828 1731 1060 1630 1828 1630 1058 1630 1058 1732 1828 1732 1829 1732 1058 1632 1829 1632 1056 1632 1056 1710 1829 1710 1830 1710 1056 119 1830 119 1054 119 1054 119 1830 119 1831 119 1054 119 1831 119 1052 119 1052 119 1831 119 1832 119 1052 119 1832 119 1050 119 1050 1733 1832 1733 1833 1733 1050 119 1833 119 1048 119 1048 1734 1833 1734 1834 1734 1048 119 1834 119 1046 119 1046 1636 1834 1636 1835 1636 1046 119 1835 119 1044 119 1044 1637 1835 1637 1800 1637 1044 119 1800 119 1042 119 1042 1638 1800 1638 1801 1638 1042 119 1801 119 1040 119 1040 1639 1801 1639 1802 1639 1040 119 1802 119 1038 119 1038 1640 1802 1640 1803 1640 1038 1735 1803 1735 1036 1735 1036 1736 1803 1736 1804 1736 1036 119 1804 119 1034 119 1034 119 1804 119 1805 119 1034 119 1805 119 1032 119 1032 119 1805 119 1806 119 1032 1708 1806 1708 1030 1708 1030 1737 1806 1737 1807 1737 1030 1738 1807 1738 1028 1738 1028 1739 1807 1739 1808 1739 1028 1647 1808 1647 1026 1647 1026 119 1808 119 1809 119 1026 119 1809 119 1024 119 1024 1740 1809 1740 1810 1740 1024 1649 1810 1649 1022 1649 1022 1723 1810 1723 1811 1723 1022 1651 1811 1651 1020 1651 1020 1741 1811 1741 1812 1741 1020 119 1812 119 1018 119 1018 119 1812 119 1813 119 1018 119 1813 119 1016 119 1016 119 1813 119 1814 119 1016 119 1814 119 1014 119 1014 1742 1814 1742 1815 1742 1014 119 1815 119 1012 119 1012 1743 1815 1743 1816 1743 1012 119 1816 119 1010 119 1010 1639 1816 1639 1817 1639 1010 119 1817 119 1008 119 1008 1744 1817 1744 1818 1744 1008 119 1818 119 1078 119 1078 1637 1818 1637 1819 1637 1078 119 1819 119 1076 119 1076 1745 1819 1745 1820 1745 1076 119 1820 119 1074 119 1074 1746 1820 1746 1821 1746 1074 1747 1821 1747 1072 1747 1072 1748 1821 1748 1822 1748 1072 119 1822 119 1070 119 1070 119 1822 119 1823 119 1070 119 1823 119 1068 119 1068 119 1823 119 1824 119 1068 1661 1824 1661 1066 1661 1066 1749 1824 1749 1825 1749 1066 1750 1825 1750 1064 1750 1064 1751 1825 1751 1826 1751 1064 1665 1826 1665 1062 1665 1062 119 1826 119 1827 119 990 119 1836 119 988 119 988 1752 1836 1752 1837 1752 988 1699 1837 1699 986 1699 986 1753 1837 1753 1838 1753 986 1754 1838 1754 984 1754 984 1755 1838 1755 1839 1755 984 119 1839 119 982 119 982 119 1839 119 1840 119 982 119 1840 119 980 119 980 119 1840 119 1841 119 980 119 1841 119 978 119 978 1756 1841 1756 1842 1756 978 119 1842 119 976 119 976 1757 1842 1757 1843 1757 976 119 1843 119 974 119 974 1703 1843 1703 1844 1703 974 119 1844 119 972 119 972 1758 1844 1758 1845 1758 972 119 1845 119 970 119 970 1638 1845 1638 1846 1638 970 119 1846 119 968 119 968 1639 1846 1639 1847 1639 968 119 1847 119 966 119 966 1705 1847 1705 1848 1705 966 1641 1848 1641 964 1641 964 1705 1848 1705 1849 1705 964 119 1849 119 962 119 962 119 1849 119 1850 119 962 119 1850 119 960 119 960 119 1850 119 1851 119 960 1643 1851 1643 958 1643 958 1710 1851 1710 1852 1710 958 1759 1852 1759 956 1759 956 1753 1852 1753 1853 1753 956 1711 1853 1711 954 1711 954 119 1853 119 1854 119 954 119 1854 119 952 119 952 1760 1854 1760 1855 1760 952 1649 1855 1649 950 1649 950 1761 1855 1761 1856 1761 950 1651 1856 1651 948 1651 948 1762 1856 1762 1857 1762 948 119 1857 119 946 119 946 119 1857 119 1858 119 946 119 1858 119 944 119 944 119 1858 119 1859 119 944 119 1859 119 942 119 942 1763 1859 1763 1860 1763 942 119 1860 119 940 119 940 1743 1860 1743 1861 1743 940 119 1861 119 938 119 938 1639 1861 1639 1862 1639 938 119 1862 119 936 119 936 1744 1862 1744 1863 1744 936 119 1863 119 1006 119 1006 1758 1863 1758 1864 1758 1006 119 1864 119 1004 119 1004 1703 1864 1703 1865 1703 1004 119 1865 119 1002 119 1002 1764 1865 1764 1866 1764 1002 1747 1866 1747 1000 1747 1000 1765 1866 1765 1867 1765 1000 119 1867 119 998 119 998 119 1867 119 1868 119 998 119 1868 119 996 119 996 119 1868 119 1869 119 996 1722 1869 1722 994 1722 994 1762 1869 1762 1870 1762 994 1750 1870 1750 992 1750 992 1766 1870 1766 1871 1766 992 1665 1871 1665 990 1665 990 119 1871 119 1836 119 1845 770 1504 770 1846 770 1846 770 1504 770 1503 770 1846 827 1503 827 1847 827 1847 769 1503 769 1502 769 1847 767 1502 767 1848 767 1848 767 1502 767 1501 767 1848 1724 1501 1724 1849 1724 1849 825 1501 825 1500 825 1849 823 1500 823 1850 823 1850 823 1500 823 1499 823 1850 761 1499 761 1851 761 1851 760 1499 760 1498 760 1851 822 1498 822 1852 822 1852 821 1498 821 1497 821 1852 1684 1497 1684 1853 1684 1853 1685 1497 1685 1496 1685 1853 817 1496 817 1854 817 1854 818 1496 818 1492 818 1854 816 1492 816 1855 816 1855 816 1492 816 1491 816 1855 1686 1491 1686 1856 1686 1856 1687 1491 1687 1495 1687 1856 813 1495 813 1857 813 1857 812 1495 812 1494 812 1857 748 1494 748 1858 748 1858 747 1494 747 1487 747 1858 810 1487 810 1859 810 1859 810 1487 810 1486 810 1859 1767 1486 1767 1860 1767 1860 743 1486 743 1484 743 1860 742 1484 742 1861 742 1861 742 1484 742 1483 742 1861 808 1483 808 1862 808 1862 740 1483 740 1490 740 1862 738 1490 738 1863 738 1863 737 1490 737 1489 737 1863 859 1489 859 1864 859 1864 858 1489 858 1488 858 1864 857 1488 857 1865 857 1865 1768 1488 1768 1479 1768 1865 855 1479 855 1866 855 1866 855 1479 855 1478 855 1866 1769 1478 1769 1867 1769 1867 852 1478 852 1477 852 1867 1693 1477 1693 1868 1693 1868 850 1477 850 1469 850 1868 796 1469 796 1869 796 1869 795 1469 795 1468 795 1869 849 1468 849 1870 849 1870 848 1468 848 1467 848 1870 846 1467 846 1871 846 1871 847 1467 847 1482 847 1871 845 1482 845 1836 845 1836 844 1482 844 1481 844 1836 1770 1481 1770 1837 1770 1837 1771 1481 1771 1480 1771 1837 840 1480 840 1838 840 1838 841 1480 841 1476 841 1838 839 1476 839 1839 839 1839 838 1476 838 1475 838 1839 782 1475 782 1840 782 1840 781 1475 781 1474 781 1840 1772 1474 1772 1841 1772 1841 836 1474 836 1473 836 1841 1773 1473 1773 1842 1773 1842 834 1473 834 1472 834 1842 833 1472 833 1843 833 1843 833 1472 833 1471 833 1843 831 1471 831 1844 831 1844 1698 1471 1698 1470 1698 1844 829 1470 829 1845 829 1845 828 1470 828 1504 828</p>
        </triangles>
      </mesh>
    </geometry>
    <geometry id="MMO_700_dual_-_robot_rail-2-mesh" name="MMO_700_dual - robot_rail-2">
      <mesh>
        <source id="MMO_700_dual_-_robot_rail-2-mesh-positions">
          <float_array id="MMO_700_dual_-_robot_rail-2-mesh-positions-array" count="612">0.247605 0.50811 1.646951 0.242605 0.50811 1.646951 0.242605 0.50211 1.646951 0.277605 0.50211 1.646951 0.277605 0.50811 1.646951 0.272605 0.50811 1.646951 0.247605 0.54111 1.646951 0.272605 0.53681 1.646951 0.272605 0.54111 1.646951 0.247605 0.51241 1.646951 0.245105 0.51511 1.646951 0.292605 0.50811 1.646951 0.287605 0.50811 1.646951 0.287605 0.50211 1.646951 0.242605 0.54111 1.646951 0.242605 0.54711 1.646951 0.277605 0.54711 1.646951 0.277605 0.54111 1.646951 0.232605 0.50211 1.646951 0.232605 0.50811 1.646951 0.220105 0.50211 1.646951 0.227605 0.50811 1.646951 0.290105 0.53411 1.646951 0.275105 0.53411 1.646951 0.292105 0.53211 1.646951 0.221105 0.51961 1.646951 0.2151049 0.51961 1.646951 0.221105 0.51461 1.646951 0.2151049 0.50711 1.646951 0.305105 0.51961 1.646951 0.299105 0.51961 1.646951 0.305105 0.50711 1.646951 0.299105 0.51461 1.646951 0.292605 0.53681 1.646951 0.294805 0.53461 1.646951 0.299105 0.53461 1.646951 0.299105 0.52961 1.646951 0.305105 0.52961 1.646951 0.305105 0.54211 1.646951 0.305029 0.5429782 1.646951 0.3048034 0.5438201 1.646951 0.3044351 0.54461 1.646951 0.3039352 0.5453239 1.646951 0.3033189 0.5459402 1.646951 0.275105 0.51511 1.646951 0.290105 0.51511 1.646951 0.292105 0.51711 1.646951 0.287605 0.54711 1.646951 0.287605 0.54111 1.646951 0.300105 0.54711 1.646951 0.292605 0.54111 1.646951 0.3009732 0.547034 1.646951 0.232605 0.54111 1.646951 0.232605 0.54711 1.646951 0.227605 0.54111 1.646951 0.220105 0.54711 1.646951 0.2192367 0.547034 1.646951 0.2183949 0.5468085 1.646951 0.217605 0.5464401 1.646951 0.2168911 0.5459402 1.646951 0.2162747 0.5453239 1.646951 0.2157748 0.54461 1.646951 0.2154065 0.5438201 1.646951 0.2151809 0.5429782 1.646951 0.2151049 0.54211 1.646951 0.227605 0.53681 1.646951 0.272605 0.51241 1.646951 0.228105 0.53211 1.646951 0.230105 0.51511 1.646951 0.228105 0.51711 1.646951 0.227605 0.51241 1.646951 0.225405 0.51461 1.646951 0.2151049 0.52961 1.646951 0.221105 0.52961 1.646951 0.221105 0.53461 1.646951 0.225405 0.53461 1.646951 0.230105 0.53411 1.646951 0.245105 0.53411 1.646951 0.247605 0.53681 1.646951 0.302605 0.5464401 1.646951 0.3018151 0.5468085 1.646951 0.2151665 0.5063278 1.646951 0.2153497 0.5055649 1.646951 0.21565 0.50484 1.646951 0.2185599 0.5023547 1.646951 0.217835 0.502655 1.646951 0.2171661 0.5030649 1.646951 0.2193228 0.5021716 1.646951 0.294805 0.51461 1.646951 0.292605 0.51241 1.646951 0.2160599 0.5041711 1.646951 0.2165694 0.5035744 1.646951 0.3036406 0.5035744 1.646951 0.3041501 0.5041711 1.646951 0.30456 0.50484 1.646951 0.3048603 0.5055649 1.646951 0.3050435 0.5063278 1.646951 0.300105 0.50211 1.646951 0.3008872 0.5021716 1.646951 0.3016501 0.5023547 1.646951 0.302375 0.502655 1.646951 0.3030439 0.5030649 1.646951 0.272605 0.50811 0.7669515 0.277605 0.50811 0.7669515 0.277605 0.50211 0.7669515 0.272605 0.54111 0.7669515 0.247605 0.53681 0.7669515 0.247605 0.54111 0.7669515 0.277605 0.54111 0.7669515 0.277605 0.54711 0.7669515 0.242605 0.54711 0.7669515 0.242605 0.54111 0.7669515 0.242605 0.50211 0.7669515 0.242605 0.50811 0.7669515 0.247605 0.50811 0.7669515 0.292605 0.54111 0.7669515 0.287605 0.54111 0.7669515 0.287605 0.54711 0.7669515 0.232605 0.50811 0.7669515 0.232605 0.50211 0.7669515 0.227605 0.50811 0.7669515 0.220105 0.50211 0.7669515 0.272605 0.51241 0.7669515 0.275105 0.51511 0.7669515 0.299105 0.51461 0.7669515 0.299105 0.51961 0.7669515 0.305105 0.51961 0.7669515 0.287605 0.50211 0.7669515 0.287605 0.50811 0.7669515 0.300105 0.50211 0.7669515 0.292605 0.50811 0.7669515 0.3008872 0.5021716 0.7669515 0.2151049 0.54211 0.7669515 0.2151809 0.5429782 0.7669515 0.227605 0.54111 0.7669515 0.230105 0.53411 0.7669515 0.228105 0.53211 0.7669515 0.227605 0.53681 0.7669515 0.225405 0.53461 0.7669515 0.221105 0.53461 0.7669515 0.221105 0.52961 0.7669515 0.2151049 0.52961 0.7669515 0.3039352 0.5453239 0.7669515 0.3044351 0.54461 0.7669515 0.3048034 0.5438201 0.7669515 0.305029 0.5429782 0.7669515 0.305105 0.54211 0.7669515 0.292605 0.53681 0.7669515 0.245105 0.53411 0.7669515 0.245105 0.51511 0.7669515 0.230105 0.51511 0.7669515 0.2154065 0.5438201 0.7669515 0.2157748 0.54461 0.7669515 0.2162747 0.5453239 0.7669515 0.2168911 0.5459402 0.7669515 0.217605 0.5464401 0.7669515 0.2183949 0.5468085 0.7669515 0.232605 0.54711 0.7669515 0.232605 0.54111 0.7669515 0.220105 0.54711 0.7669515 0.2192367 0.547034 0.7669515 0.305105 0.50711 0.7669515 0.3050435 0.5063278 0.7669515 0.3048603 0.5055649 0.7669515 0.30456 0.50484 0.7669515 0.305105 0.52961 0.7669515 0.299105 0.52961 0.7669515 0.299105 0.53461 0.7669515 0.294805 0.53461 0.7669515 0.290105 0.53411 0.7669515 0.292105 0.53211 0.7669515 0.275105 0.53411 0.7669515 0.247605 0.51241 0.7669515 0.272605 0.53681 0.7669515 0.300105 0.54711 0.7669515 0.3009732 0.547034 0.7669515 0.3018151 0.5468085 0.7669515 0.294805 0.51461 0.7669515 0.292605 0.51241 0.7669515 0.292105 0.51711 0.7669515 0.290105 0.51511 0.7669515 0.3041501 0.5041711 0.7669515 0.3036406 0.5035744 0.7669515 0.3030439 0.5030649 0.7669515 0.227605 0.51241 0.7669515 0.225405 0.51461 0.7669515 0.228105 0.51711 0.7669515 0.302605 0.5464401 0.7669515 0.3033189 0.5459402 0.7669515 0.221105 0.51461 0.7669515 0.2193228 0.5021716 0.7669515 0.2185599 0.5023547 0.7669515 0.2151049 0.51961 0.7669515 0.221105 0.51961 0.7669515 0.2151049 0.50711 0.7669515 0.2151665 0.5063278 0.7669515 0.2153497 0.5055649 0.7669515 0.302375 0.502655 0.7669515 0.3016501 0.5023547 0.7669515 0.217835 0.502655 0.7669515 0.2171661 0.5030649 0.7669515 0.2165694 0.5035744 0.7669515 0.2160599 0.5041711 0.7669515 0.21565 0.50484 0.7669515</float_array>
          <technique_common>
            <accessor source="#MMO_700_dual_-_robot_rail-2-mesh-positions-array" count="204" stride="3">
              <param name="X" type="float"/>
              <param name="Y" type="float"/>
              <param name="Z" type="float"/>
            </accessor>
          </technique_common>
        </source>
        <source id="MMO_700_dual_-_robot_rail-2-mesh-normals">
          <float_array id="MMO_700_dual_-_robot_rail-2-mesh-normals-array" count="525">0 0 1 -4.96703e-5 0 1 6.20867e-5 0 1 4.96703e-5 0 1 -1.17885e-4 0 1 3.77198e-5 0 1 -9.51946e-5 0 1 -1.15334e-5 0 1 1.5522e-5 0 1 2.58813e-5 0 1 7.55325e-5 0 1 -1.76986e-4 0 1 1.71867e-4 0 1 -9.72195e-5 0 1 4.5672e-5 0 1 -6.5689e-5 0 1 4.27972e-5 0 1 -2.13047e-5 0 1 3.4653e-5 0 1 7.87612e-6 0 1 -6.20867e-5 0 1 -1.50338e-5 0 1 -4.0705e-5 0 1 1.64111e-5 0 1 -4.12448e-5 0 1 -2.21855e-5 0 1 -3.6137e-4 0 1 7.70036e-5 0 1 6.76001e-5 0 1 2.36644e-4 0 1 -3.00668e-5 0 1 -2.23894e-5 0 1 2.2362e-4 0 1 -2.09408e-4 0 1 -2.49366e-5 0 1 4.82559e-5 0 1 2.71018e-4 0 1 -2.5026e-4 0 1 3.04196e-5 0 1 0 0 -1 -1.64101e-5 0 -1 -1.80668e-4 0 -1 -6.49744e-6 0 -1 1.09486e-5 0 -1 -1.09482e-5 0 -1 2.2836e-5 0 -1 4.62718e-5 0 -1 -3.68721e-5 0 -1 1.61134e-4 0 -1 -1.35465e-4 0 -1 -1.18607e-5 0 -1 1.52644e-5 0 -1 -2.23879e-5 0 -1 1.81193e-5 0 -1 -3.15025e-5 0 -1 3.56488e-6 0 -1 -8.30924e-5 0 -1 6.77358e-5 0 -1 3.98e-6 0 -1 -4.47748e-5 0 -1 6.20882e-5 0 -1 -1.10452e-6 0 -1 7.87612e-6 0 -1 1.30871e-5 0 -1 -1.39778e-5 0 -1 1.01758e-5 0 -1 -6.20882e-5 0 -1 -4.62718e-5 0 -1 1.21524e-5 0 -1 5.69426e-5 0 -1 3.85455e-5 0 -1 -8.02819e-5 0 -1 9.14411e-5 0 -1 -1.93064e-4 0 -1 1.87002e-5 0 -1 6.54399e-5 0 -1 -7.6052e-5 0 -1 -1 0 0 1 0 0 0 -1 0 0 1 0 0.733756 0.6794131 0 -0.733756 0.6794131 0 0.7337514 0.6794182 0 -0.7337605 0.6794082 0 -0.7337514 0.6794182 0 -0.7337588 -0.6794102 0 -0.733768 -0.6794002 0 0.7337633 -0.6794052 0 0.7337588 -0.6794101 0 -0.7337633 -0.6794052 0 -0.7337634 -0.6794052 0 0.7337634 -0.6794052 0 0.07847559 -0.9969161 0 0.07847559 -0.9969161 0 0.2333729 -0.9723874 0 0.2333925 -0.9723827 0 0.3827527 -0.9238508 0 0.3826918 -0.9238762 0 0.522499 -0.85264 0 0.5225375 -0.8526163 0 0.649423 -0.7604274 0 0.6493803 -0.760464 0 0.7604668 -0.6493769 0 0.7604241 -0.6494269 0 0.8526082 -0.5225509 0 0.8526082 -0.5225508 0 0.9239146 -0.382599 0 0.9238535 -0.3827465 0 0.9723707 -0.2334424 0 0.9723707 -0.2334424 0 0.9969232 -0.07838475 0 0.9969165 -0.07847058 0 0.9961915 0.08719325 0 0.9961982 0.08711612 0 0.9659332 0.2587921 0 0.9659331 0.258792 0 0.9063069 0.4226204 0 0.9063068 0.4226204 0 0.8191388 0.5735955 0 0.8191387 0.5735955 0 0.7071146 0.707099 0 0.7071534 0.7070602 0 0.5735594 0.819164 0 0.5735958 0.8191386 0 0.4226089 0.9063121 0 0.4226387 0.9062983 0 0.2587885 0.965934 0 0.08719974 0.996191 0 0.08719295 0.9961915 0 -0.9969165 -0.07847058 0 -0.9969165 -0.07847058 0 -0.9723707 -0.2334424 0 -0.9723707 -0.2334424 0 -0.923884 -0.3826727 0 -0.923884 -0.3826729 0 -0.8526466 -0.5224881 0 -0.8526082 -0.5225508 0 -0.7604242 -0.6494268 0 -0.7604454 -0.6494019 0 -0.6494016 -0.7604456 0 -0.6494016 -0.7604457 0 -0.5225182 -0.8526282 0 -0.5225183 -0.8526281 0 -0.382707 -0.9238699 0 -0.3827375 -0.9238572 0 -0.2333827 -0.972385 0 -0.2333827 -0.972385 0 -0.07847225 -0.9969164 0 -0.07847899 -0.9969158 0 -0.08719635 0.9961912 0 -0.08719295 0.9961915 0 -0.2587885 0.965934 0 -0.4226388 0.9062983 0 -0.4226387 0.9062983 0 -0.5735776 0.8191513 0 -0.5735775 0.8191513 0 -0.7071146 0.707099 0 -0.7071145 0.707099 0 -0.8191571 0.5735694 0 -0.819157 0.5735695 0 -0.9063069 0.4226204 0 -0.9063068 0.4226204 0 -0.9659234 0.2588283 0 -0.9659234 0.2588283 0 -0.9961948 0.08715468 0 -0.9961948 0.08715468 0 0.6794046 0.7337638 0 0.6794138 0.7337554 0 0.6794139 -0.7337554 0 0.6794046 -0.7337639 0 -0.6794046 -0.7337638 0 -0.6794092 -0.7337597 0 -0.6794093 0.7337596 0 -0.6794046 0.7337639 0</float_array>
          <technique_common>
            <accessor source="#MMO_700_dual_-_robot_rail-2-mesh-normals-array" count="175" stride="3">
              <param name="X" type="float"/>
              <param name="Y" type="float"/>
              <param name="Z" type="float"/>
            </accessor>
          </technique_common>
        </source>
        <vertices id="MMO_700_dual_-_robot_rail-2-mesh-vertices">
          <input semantic="POSITION" source="#MMO_700_dual_-_robot_rail-2-mesh-positions"/>
        </vertices>
        <triangles count="404">
          <input semantic="VERTEX" source="#MMO_700_dual_-_robot_rail-2-mesh-vertices" offset="0"/>
          <input semantic="NORMAL" source="#MMO_700_dual_-_robot_rail-2-mesh-normals" offset="1"/>
          <p>0 0 1 0 2 0 3 0 4 0 5 0 6 0 7 0 8 0 2 0 3 0 0 0 0 0 3 0 5 0 0 0 5 0 9 0 9 0 5 0 10 0 11 0 12 0 13 0 14 0 6 0 15 0 15 0 6 0 8 0 15 0 8 0 16 0 16 0 8 0 17 0 18 0 19 0 20 0 20 0 19 0 21 0 22 0 23 0 24 0 25 0 26 0 27 0 27 1 26 1 28 1 29 0 30 0 31 0 31 2 30 2 32 2 22 0 24 0 33 0 33 0 24 0 34 0 33 0 34 0 35 0 36 0 37 0 35 0 35 3 37 3 38 3 35 0 38 0 33 0 33 0 38 0 39 0 33 4 39 4 40 4 40 0 41 0 33 0 33 5 41 5 42 5 33 6 42 6 43 6 23 7 44 7 24 7 24 0 44 0 45 0 24 8 45 8 46 8 47 0 48 0 49 0 49 0 48 0 50 0 49 0 50 0 51 0 51 9 50 9 33 9 52 0 53 0 54 0 54 0 53 0 55 0 54 10 55 10 56 10 56 0 57 0 54 0 54 11 57 11 58 11 54 12 58 12 59 12 59 13 60 13 54 13 54 14 60 14 61 14 54 15 61 15 62 15 62 16 63 16 54 16 54 17 63 17 64 17 54 18 64 18 65 18 5 19 66 19 10 19 10 0 66 0 67 0 10 0 67 0 68 0 68 0 67 0 69 0 68 0 69 0 70 0 70 0 69 0 71 0 72 0 73 0 64 0 64 20 73 20 74 20 64 21 74 21 65 21 65 0 74 0 75 0 65 22 75 22 76 22 76 0 75 0 67 0 76 0 67 0 77 0 77 0 67 0 66 0 77 0 66 0 78 0 78 0 66 0 44 0 78 0 44 0 6 0 6 0 44 0 23 0 6 23 23 23 7 23 43 0 79 0 33 0 33 24 79 24 80 24 33 25 80 25 51 25 28 26 81 26 27 26 27 27 81 27 82 27 27 28 82 28 83 28 84 0 27 0 85 0 85 0 27 0 86 0 84 0 87 0 27 0 27 29 87 29 20 29 27 0 20 0 71 0 71 30 20 30 21 30 71 0 21 0 70 0 46 31 45 31 88 31 88 0 45 0 89 0 88 0 89 0 11 0 83 0 90 0 27 0 27 32 90 32 91 32 27 33 91 33 86 33 92 0 93 0 11 0 11 34 93 34 94 34 11 35 94 35 95 35 32 0 88 0 31 0 31 0 88 0 11 0 31 0 11 0 96 0 96 0 11 0 95 0 13 0 97 0 11 0 11 36 97 36 98 36 11 37 98 37 99 37 99 0 100 0 11 0 11 38 100 38 101 38 11 0 101 0 92 0 102 39 103 39 104 39 105 39 106 39 107 39 108 39 105 39 109 39 109 39 105 39 107 39 109 39 107 39 110 39 110 39 107 39 111 39 112 39 113 39 114 39 115 39 116 39 117 39 118 39 119 39 120 39 120 39 119 39 121 39 104 39 112 39 102 39 102 39 112 39 114 39 102 39 114 39 122 39 122 40 114 40 123 40 124 39 125 39 126 39 127 39 128 39 129 39 129 39 128 39 130 39 129 41 130 41 131 41 132 39 133 39 134 39 135 39 136 39 137 39 137 39 136 39 138 39 137 39 138 39 139 39 140 39 141 39 139 39 139 39 141 39 132 39 139 39 132 39 137 39 137 42 132 42 134 42 142 39 143 39 115 39 115 43 143 43 144 43 144 39 145 39 115 39 115 39 145 39 146 39 115 39 146 39 147 39 135 39 148 39 136 39 136 39 148 39 149 39 136 39 149 39 150 39 133 39 151 39 134 39 134 44 151 44 152 44 134 45 152 45 153 45 153 39 154 39 134 39 134 46 154 46 155 46 134 47 155 47 156 47 157 39 158 39 159 39 159 39 158 39 134 39 159 48 134 48 160 48 160 49 134 49 156 49 161 39 162 39 130 39 130 50 162 50 163 50 130 39 163 39 164 39 165 39 166 39 146 39 146 39 166 39 167 39 146 39 167 39 147 39 147 39 167 39 168 39 147 51 168 51 169 51 169 52 168 52 170 52 169 39 170 39 171 39 171 39 170 39 172 39 171 39 172 39 173 39 173 53 172 53 149 53 173 54 149 54 105 54 105 55 149 55 148 55 105 39 148 39 106 39 117 39 174 39 115 39 115 56 174 56 175 56 115 57 175 57 176 57 126 39 161 39 124 39 124 58 161 58 130 58 124 39 130 39 177 39 177 39 130 39 178 39 177 39 178 39 179 39 179 59 178 59 180 59 179 60 180 60 170 60 170 39 180 39 123 39 170 61 123 61 172 61 172 62 123 62 114 62 164 39 181 39 130 39 130 63 181 63 182 63 130 64 182 64 183 64 184 65 185 65 150 65 150 39 185 39 186 39 150 66 186 66 136 66 176 39 187 39 115 39 115 67 187 67 188 67 115 68 188 68 142 68 184 39 120 39 185 39 185 39 120 39 121 39 185 39 121 39 189 39 189 69 121 69 190 69 189 70 190 70 191 70 192 39 193 39 194 39 194 39 193 39 189 39 194 39 189 39 195 39 195 39 189 39 196 39 183 39 197 39 130 39 130 71 197 71 198 71 130 72 198 72 131 72 191 73 199 73 189 73 189 74 199 74 200 74 189 75 200 75 201 75 201 39 202 39 189 39 189 76 202 76 203 76 189 39 203 39 196 39 64 77 132 77 72 77 72 77 132 77 141 77 194 77 28 77 192 77 192 77 28 77 26 77 29 78 31 78 126 78 126 78 31 78 161 78 97 79 13 79 129 79 129 79 13 79 127 79 2 79 112 79 3 79 3 79 112 79 104 79 55 80 53 80 159 80 159 80 53 80 157 80 16 80 109 80 15 80 15 80 109 80 110 80 165 78 146 78 37 78 37 78 146 78 38 78 174 80 117 80 49 80 49 80 117 80 47 80 121 79 119 79 20 79 20 79 119 79 18 79 16 78 17 78 109 78 109 78 17 78 108 78 17 79 8 79 108 79 108 79 8 79 105 79 8 78 7 78 105 78 105 78 7 78 173 78 7 81 23 81 173 81 173 81 23 81 171 81 23 80 22 80 171 80 171 80 22 80 169 80 22 82 33 82 169 82 169 82 33 82 147 82 33 77 50 77 147 77 147 77 50 77 115 77 50 79 48 79 115 79 115 79 48 79 116 79 48 77 47 77 116 77 116 77 47 77 117 77 53 78 52 78 157 78 157 78 52 78 158 78 52 79 54 79 158 79 158 79 54 79 134 79 54 78 65 78 134 78 134 78 65 78 137 78 65 83 76 83 137 83 137 81 76 81 135 81 76 80 77 80 135 80 135 80 77 80 148 80 77 84 78 84 148 84 148 85 78 85 106 85 78 77 6 77 106 77 106 77 6 77 107 77 6 79 14 79 107 79 107 79 14 79 111 79 14 77 15 77 111 77 111 77 15 77 110 77 2 77 1 77 112 77 112 77 1 77 113 77 1 80 0 80 113 80 113 80 0 80 114 80 0 77 9 77 114 77 114 77 9 77 172 77 9 86 10 86 172 86 172 87 10 87 149 87 10 79 68 79 149 79 149 79 68 79 150 79 68 88 70 88 150 88 150 89 70 89 184 89 70 78 21 78 184 78 184 78 21 78 120 78 21 80 19 80 120 80 120 80 19 80 118 80 19 78 18 78 118 78 118 78 18 78 119 78 13 77 12 77 127 77 127 77 12 77 128 77 12 80 11 80 128 80 128 80 11 80 130 80 11 77 89 77 130 77 130 77 89 77 178 77 89 90 45 90 178 90 178 91 45 91 180 91 45 79 44 79 180 79 180 79 44 79 123 79 44 88 66 88 123 88 123 92 66 92 122 92 66 78 5 78 122 78 122 78 5 78 102 78 5 80 4 80 102 80 102 80 4 80 103 80 4 78 3 78 103 78 103 78 3 78 104 78 97 93 129 93 131 93 97 94 131 94 98 94 98 95 131 95 198 95 98 96 198 96 99 96 99 97 198 97 197 97 99 98 197 98 100 98 100 99 197 99 183 99 100 100 183 100 101 100 101 101 183 101 182 101 101 102 182 102 92 102 92 103 182 103 181 103 92 104 181 104 93 104 93 105 181 105 164 105 93 106 164 106 94 106 94 107 164 107 163 107 94 108 163 108 95 108 95 109 163 109 162 109 95 110 162 110 96 110 96 111 162 111 161 111 96 112 161 112 31 112 38 113 146 113 145 113 38 114 145 114 39 114 39 115 145 115 144 115 39 116 144 116 40 116 40 117 144 117 143 117 40 118 143 118 41 118 41 119 143 119 142 119 41 120 142 120 42 120 42 121 142 121 188 121 42 122 188 122 43 122 43 123 188 123 187 123 43 124 187 124 79 124 79 125 187 125 176 125 79 126 176 126 80 126 80 127 176 127 175 127 80 127 175 127 51 127 51 128 175 128 174 128 51 129 174 129 49 129 28 130 194 130 195 130 28 131 195 131 81 131 81 132 195 132 196 132 81 133 196 133 82 133 82 134 196 134 203 134 82 135 203 135 83 135 83 136 203 136 202 136 83 137 202 137 90 137 90 138 202 138 201 138 90 139 201 139 91 139 91 140 201 140 200 140 91 141 200 141 86 141 86 142 200 142 199 142 86 143 199 143 85 143 85 144 199 144 191 144 85 145 191 145 84 145 84 146 191 146 190 146 84 147 190 147 87 147 87 148 190 148 121 148 87 149 121 149 20 149 55 150 159 150 160 150 55 151 160 151 56 151 56 152 160 152 156 152 56 152 156 152 57 152 57 153 156 153 155 153 57 154 155 154 58 154 58 155 155 155 154 155 58 156 154 156 59 156 59 157 154 157 153 157 59 158 153 158 60 158 60 159 153 159 152 159 60 160 152 160 61 160 61 161 152 161 151 161 61 162 151 162 62 162 62 163 151 163 133 163 62 164 133 164 63 164 63 165 133 165 132 165 63 166 132 166 64 166 126 80 125 80 29 80 29 80 125 80 30 80 125 77 124 77 30 77 30 77 124 77 32 77 124 80 177 80 32 80 32 80 177 80 88 80 177 167 179 167 88 167 88 168 179 168 46 168 179 78 170 78 46 78 46 78 170 78 24 78 170 169 168 169 24 169 24 170 168 170 34 170 168 79 167 79 34 79 34 79 167 79 35 79 167 77 166 77 35 77 35 77 166 77 36 77 166 79 165 79 36 79 36 79 165 79 37 79 141 79 140 79 72 79 72 79 140 79 73 79 140 78 139 78 73 78 73 78 139 78 74 78 139 79 138 79 74 79 74 79 138 79 75 79 138 171 136 171 75 171 75 172 136 172 67 172 136 77 186 77 67 77 67 77 186 77 69 77 186 173 185 173 69 173 69 174 185 174 71 174 185 80 189 80 71 80 71 80 189 80 27 80 189 78 193 78 27 78 27 78 193 78 25 78 193 80 192 80 25 80 25 80 192 80 26 80</p>
        </triangles>
      </mesh>
    </geometry>
    <geometry id="MMO_700_dual_-_robot_rail-1-mesh" name="MMO_700_dual - robot_rail-1">
      <mesh>
        <source id="MMO_700_dual_-_robot_rail-1-mesh-positions">
          <float_array id="MMO_700_dual_-_robot_rail-1-mesh-positions-array" count="612">0.247605 0.35311 1.646951 0.242605 0.35311 1.646951 0.242605 0.34711 1.646951 0.277605 0.34711 1.646951 0.277605 0.35311 1.646951 0.272605 0.35311 1.646951 0.247605 0.38611 1.646951 0.272605 0.38181 1.646951 0.272605 0.38611 1.646951 0.247605 0.35741 1.646951 0.245105 0.36011 1.646951 0.292605 0.35311 1.646951 0.287605 0.35311 1.646951 0.287605 0.34711 1.646951 0.242605 0.38611 1.646951 0.242605 0.39211 1.646951 0.277605 0.39211 1.646951 0.277605 0.38611 1.646951 0.232605 0.34711 1.646951 0.232605 0.35311 1.646951 0.220105 0.34711 1.646951 0.227605 0.35311 1.646951 0.290105 0.37911 1.646951 0.275105 0.37911 1.646951 0.292105 0.37711 1.646951 0.221105 0.36461 1.646951 0.2151049 0.36461 1.646951 0.221105 0.35961 1.646951 0.2151049 0.35211 1.646951 0.305105 0.36461 1.646951 0.299105 0.36461 1.646951 0.305105 0.35211 1.646951 0.299105 0.35961 1.646951 0.292605 0.38181 1.646951 0.294805 0.37961 1.646951 0.299105 0.37961 1.646951 0.299105 0.37461 1.646951 0.305105 0.37461 1.646951 0.305105 0.38711 1.646951 0.305029 0.3879782 1.646951 0.3048034 0.3888201 1.646951 0.3044351 0.38961 1.646951 0.3039352 0.3903239 1.646951 0.3033189 0.3909402 1.646951 0.275105 0.36011 1.646951 0.290105 0.36011 1.646951 0.292105 0.36211 1.646951 0.287605 0.39211 1.646951 0.287605 0.38611 1.646951 0.300105 0.39211 1.646951 0.292605 0.38611 1.646951 0.3009732 0.392034 1.646951 0.232605 0.38611 1.646951 0.232605 0.39211 1.646951 0.227605 0.38611 1.646951 0.220105 0.39211 1.646951 0.2192367 0.392034 1.646951 0.2183949 0.3918085 1.646951 0.217605 0.3914401 1.646951 0.2168911 0.3909402 1.646951 0.2162747 0.3903239 1.646951 0.2157748 0.38961 1.646951 0.2154065 0.3888201 1.646951 0.2151809 0.3879782 1.646951 0.2151049 0.38711 1.646951 0.227605 0.38181 1.646951 0.272605 0.35741 1.646951 0.228105 0.37711 1.646951 0.230105 0.36011 1.646951 0.228105 0.36211 1.646951 0.227605 0.35741 1.646951 0.225405 0.35961 1.646951 0.2151049 0.37461 1.646951 0.221105 0.37461 1.646951 0.221105 0.37961 1.646951 0.225405 0.37961 1.646951 0.230105 0.37911 1.646951 0.245105 0.37911 1.646951 0.247605 0.38181 1.646951 0.302605 0.3914401 1.646951 0.3018151 0.3918085 1.646951 0.2151665 0.3513278 1.646951 0.2153497 0.3505649 1.646951 0.21565 0.3498401 1.646951 0.2185599 0.3473547 1.646951 0.217835 0.3476549 1.646951 0.2171661 0.3480649 1.646951 0.2193228 0.3471716 1.646951 0.294805 0.35961 1.646951 0.292605 0.35741 1.646951 0.2160599 0.3491711 1.646951 0.2165694 0.3485745 1.646951 0.3036406 0.3485745 1.646951 0.3041501 0.3491711 1.646951 0.30456 0.3498401 1.646951 0.3048603 0.3505649 1.646951 0.3050435 0.3513278 1.646951 0.300105 0.34711 1.646951 0.3008872 0.3471716 1.646951 0.3016501 0.3473547 1.646951 0.302375 0.3476549 1.646951 0.3030439 0.3480649 1.646951 0.272605 0.35311 0.7669515 0.277605 0.35311 0.7669515 0.277605 0.34711 0.7669515 0.272605 0.38611 0.7669515 0.247605 0.38181 0.7669515 0.247605 0.38611 0.7669515 0.277605 0.38611 0.7669515 0.277605 0.39211 0.7669515 0.242605 0.39211 0.7669515 0.242605 0.38611 0.7669515 0.242605 0.34711 0.7669515 0.242605 0.35311 0.7669515 0.247605 0.35311 0.7669515 0.292605 0.38611 0.7669515 0.287605 0.38611 0.7669515 0.287605 0.39211 0.7669515 0.232605 0.35311 0.7669515 0.232605 0.34711 0.7669515 0.227605 0.35311 0.7669515 0.220105 0.34711 0.7669515 0.272605 0.35741 0.7669515 0.275105 0.36011 0.7669515 0.299105 0.35961 0.7669515 0.299105 0.36461 0.7669515 0.305105 0.36461 0.7669515 0.287605 0.34711 0.7669515 0.287605 0.35311 0.7669515 0.300105 0.34711 0.7669515 0.292605 0.35311 0.7669515 0.3008872 0.3471716 0.7669515 0.2151049 0.38711 0.7669515 0.2151809 0.3879782 0.7669515 0.227605 0.38611 0.7669515 0.230105 0.37911 0.7669515 0.228105 0.37711 0.7669515 0.227605 0.38181 0.7669515 0.225405 0.37961 0.7669515 0.221105 0.37961 0.7669515 0.221105 0.37461 0.7669515 0.2151049 0.37461 0.7669515 0.3039352 0.3903239 0.7669515 0.3044351 0.38961 0.7669515 0.3048034 0.3888201 0.7669515 0.305029 0.3879782 0.7669515 0.305105 0.38711 0.7669515 0.292605 0.38181 0.7669515 0.245105 0.37911 0.7669515 0.245105 0.36011 0.7669515 0.230105 0.36011 0.7669515 0.2154065 0.3888201 0.7669515 0.2157748 0.38961 0.7669515 0.2162747 0.3903239 0.7669515 0.2168911 0.3909402 0.7669515 0.217605 0.3914401 0.7669515 0.2183949 0.3918085 0.7669515 0.232605 0.39211 0.7669515 0.232605 0.38611 0.7669515 0.220105 0.39211 0.7669515 0.2192367 0.392034 0.7669515 0.305105 0.35211 0.7669515 0.3050435 0.3513278 0.7669515 0.3048603 0.3505649 0.7669515 0.30456 0.3498401 0.7669515 0.305105 0.37461 0.7669515 0.299105 0.37461 0.7669515 0.299105 0.37961 0.7669515 0.294805 0.37961 0.7669515 0.290105 0.37911 0.7669515 0.292105 0.37711 0.7669515 0.275105 0.37911 0.7669515 0.247605 0.35741 0.7669515 0.272605 0.38181 0.7669515 0.300105 0.39211 0.7669515 0.3009732 0.392034 0.7669515 0.3018151 0.3918085 0.7669515 0.294805 0.35961 0.7669515 0.292605 0.35741 0.7669515 0.292105 0.36211 0.7669515 0.290105 0.36011 0.7669515 0.3041501 0.3491711 0.7669515 0.3036406 0.3485745 0.7669515 0.3030439 0.3480649 0.7669515 0.227605 0.35741 0.7669515 0.225405 0.35961 0.7669515 0.228105 0.36211 0.7669515 0.302605 0.3914401 0.7669515 0.3033189 0.3909402 0.7669515 0.221105 0.35961 0.7669515 0.2193228 0.3471716 0.7669515 0.2185599 0.3473547 0.7669515 0.2151049 0.36461 0.7669515 0.221105 0.36461 0.7669515 0.2151049 0.35211 0.7669515 0.2151665 0.3513278 0.7669515 0.2153497 0.3505649 0.7669515 0.302375 0.3476549 0.7669515 0.3016501 0.3473547 0.7669515 0.217835 0.3476549 0.7669515 0.2171661 0.3480649 0.7669515 0.2165694 0.3485745 0.7669515 0.2160599 0.3491711 0.7669515 0.21565 0.3498401 0.7669515</float_array>
          <technique_common>
            <accessor source="#MMO_700_dual_-_robot_rail-1-mesh-positions-array" count="204" stride="3">
              <param name="X" type="float"/>
              <param name="Y" type="float"/>
              <param name="Z" type="float"/>
            </accessor>
          </technique_common>
        </source>
        <source id="MMO_700_dual_-_robot_rail-1-mesh-normals">
          <float_array id="MMO_700_dual_-_robot_rail-1-mesh-normals-array" count="537">0 0 1 -4.96706e-5 0 1 6.20877e-5 0 1 -8.141e-5 0 1 4.96706e-5 0 1 1.03431e-4 0 1 -1.1788e-4 0 1 1.52451e-4 0 1 -1.13152e-4 0 1 1.90398e-5 0 1 -1.15334e-5 0 1 -3.10439e-5 0 1 -3.22321e-4 0 1 2.58823e-5 0 1 1.71231e-4 0 1 -1.17979e-4 0 1 1.71885e-4 0 1 -4.56723e-5 0 1 -2.18948e-5 0 1 4.27972e-5 0 1 -6.20877e-5 0 1 7.51688e-6 0 1 -2.03525e-5 0 1 7.24765e-6 0 1 8.24874e-5 0 1 -1.44209e-4 0 1 -3.61304e-4 0 1 2.69518e-4 0 1 -3.04231e-4 0 1 3.79511e-4 0 1 1.05013e-4 0 1 -3.0067e-5 0 1 -1.11942e-5 0 1 5.591e-5 0 1 9.1611e-5 0 1 4.98658e-5 0 1 2.41325e-5 0 1 1.60935e-4 0 1 -6.73718e-5 0 1 -3.04186e-5 0 1 1.25779e-4 0 1 0 0 -1 1.64107e-5 0 -1 -1.80701e-4 0 -1 4.47755e-5 0 -1 -4.3317e-6 0 -1 4.56704e-5 0 -1 -3.28436e-5 0 -1 3.28422e-5 0 -1 -2.28361e-5 0 -1 4.62767e-5 0 -1 -2.94948e-5 0 -1 1.6116e-4 0 -1 -1.35474e-4 0 -1 -1.20663e-5 0 -1 -1.01763e-5 0 -1 -3.62381e-6 0 -1 3.56488e-6 0 -1 -8.20518e-6 0 -1 -9.6948e-5 0 -1 8.04389e-5 0 -1 3.98e-6 0 -1 -4.47758e-5 0 -1 -3.31354e-6 0 -1 -7.87588e-6 0 -1 6.54442e-6 0 -1 6.98773e-6 0 -1 1.52641e-5 0 -1 -4.62767e-5 0 -1 6.07659e-6 0 -1 -2.95811e-5 0 -1 2.07546e-5 0 -1 -9.29627e-5 0 -1 1.20307e-4 0 -1 1.24668e-4 0 -1 -1.63591e-4 0 -1 2.23639e-4 0 -1 -7.60448e-5 0 -1 1.69017e-5 0 -1 -1 0 0 1 0 0 0 -1 0 0 1 0 0.7337596 0.6794092 0 0.7337597 0.6794092 0 -0.7337596 0.6794092 0 -0.7337597 0.6794092 0 0.733755 0.6794142 0 -0.7337642 0.6794043 0 -0.7337551 0.6794141 0 -0.733755 -0.6794142 0 -0.7337643 -0.6794042 0 0.7337596 -0.6794092 0 0.7337551 -0.6794141 0 -0.7337596 -0.6794092 0 -0.7337597 -0.6794092 0 0.7337597 -0.6794092 0 0.07843786 -0.996919 0 0.07843786 -0.996919 0 0.2334448 -0.9723701 0 0.2334643 -0.9723654 0 0.3827204 -0.9238643 0 0.3826593 -0.9238896 0 0.5224714 -0.8526569 0 0.5225098 -0.8526333 0 0.6494669 -0.7603899 0 0.6494243 -0.7604264 0 0.7604508 -0.6493956 0 0.760408 -0.6494457 0 0.8526186 -0.5225339 0 0.8526185 -0.522534 0 0.9239034 -0.3826259 0 0.9238423 -0.3827733 0 0.9723727 -0.2334338 0 0.9723727 -0.2334339 0 0.9969232 -0.07838475 0 0.9969165 -0.07847058 0 0.9961913 0.08719623 0 0.9961979 0.0871191 0 0.9659332 0.2587921 0 0.9659331 0.258792 0 0.9063131 0.4226072 0 0.906313 0.4226073 0 0.8191388 0.5735955 0 0.8191387 0.5735955 0 0.7070975 0.7071161 0 0.7071363 0.7070774 0 0.5735594 0.819164 0 0.5735958 0.8191386 0 0.4225808 0.9063253 0 0.4226105 0.9063115 0 0.2588205 0.9659255 0 0.2588204 0.9659255 0 0.08716577 0.9961939 0 0.08715903 0.9961944 0 -0.9969165 -0.07847058 0 -0.9969165 -0.07847058 0 -0.9723727 -0.2334338 0 -0.9723727 -0.2334339 0 -0.9238728 -0.3826996 0 -0.9238728 -0.3826996 0 -0.852657 -0.5224711 0 -0.8526185 -0.522534 0 -0.7604082 -0.6494455 0 -0.7604293 -0.6494207 0 -0.6494456 -0.7604081 0 -0.6494455 -0.7604082 0 -0.5224906 -0.8526451 0 -0.3826746 -0.9238833 0 -0.382705 -0.9238706 0 -0.2334545 -0.9723677 0 -0.2334545 -0.9723678 0 -0.07843446 -0.9969193 0 -0.07844126 -0.9969187 0 -0.08716237 0.9961942 0 -0.08715903 0.9961944 0 -0.2588205 0.9659255 0 -0.2588204 0.9659255 0 -0.4226106 0.9063114 0 -0.4226105 0.9063115 0 -0.5735776 0.8191513 0 -0.5735775 0.8191513 0 -0.7070975 0.7071161 0 -0.7070974 0.7071162 0 -0.8191571 0.5735694 0 -0.819157 0.5735695 0 -0.9063131 0.4226072 0 -0.906313 0.4226073 0 -0.9659234 0.2588283 0 -0.9659234 0.2588283 0 -0.9961946 0.08715766 0 0.6794046 0.7337638 0 0.6794138 0.7337554 0 0.6794139 -0.7337554 0 0.6794046 -0.7337639 0 -0.6794046 -0.7337638 0 -0.6794092 -0.7337597 0 -0.6794093 0.7337596 0 -0.6794046 0.7337639 0</float_array>
          <technique_common>
            <accessor source="#MMO_700_dual_-_robot_rail-1-mesh-normals-array" count="179" stride="3">
              <param name="X" type="float"/>
              <param name="Y" type="float"/>
              <param name="Z" type="float"/>
            </accessor>
          </technique_common>
        </source>
        <vertices id="MMO_700_dual_-_robot_rail-1-mesh-vertices">
          <input semantic="POSITION" source="#MMO_700_dual_-_robot_rail-1-mesh-positions"/>
        </vertices>
        <triangles count="404">
          <input semantic="VERTEX" source="#MMO_700_dual_-_robot_rail-1-mesh-vertices" offset="0"/>
          <input semantic="NORMAL" source="#MMO_700_dual_-_robot_rail-1-mesh-normals" offset="1"/>
          <p>0 0 1 0 2 0 3 0 4 0 5 0 6 0 7 0 8 0 2 0 3 0 0 0 0 0 3 0 5 0 0 0 5 0 9 0 9 0 5 0 10 0 11 0 12 0 13 0 14 0 6 0 15 0 15 0 6 0 8 0 15 0 8 0 16 0 16 0 8 0 17 0 18 0 19 0 20 0 20 0 19 0 21 0 22 0 23 0 24 0 25 0 26 0 27 0 27 1 26 1 28 1 29 0 30 0 31 0 31 2 30 2 32 2 22 0 24 0 33 0 33 3 24 3 34 3 33 0 34 0 35 0 36 0 37 0 35 0 35 4 37 4 38 4 35 0 38 0 33 0 33 5 38 5 39 5 33 6 39 6 40 6 40 7 41 7 33 7 33 8 41 8 42 8 33 9 42 9 43 9 23 10 44 10 24 10 24 0 44 0 45 0 24 11 45 11 46 11 47 0 48 0 49 0 49 0 48 0 50 0 49 12 50 12 51 12 51 13 50 13 33 13 52 0 53 0 54 0 54 0 53 0 55 0 54 14 55 14 56 14 56 0 57 0 54 0 54 15 57 15 58 15 54 16 58 16 59 16 59 0 60 0 54 0 54 17 60 17 61 17 54 18 61 18 62 18 62 19 63 19 54 19 54 0 63 0 64 0 54 0 64 0 65 0 5 0 66 0 10 0 10 0 66 0 67 0 10 0 67 0 68 0 68 0 67 0 69 0 68 0 69 0 70 0 70 0 69 0 71 0 72 0 73 0 64 0 64 20 73 20 74 20 64 21 74 21 65 21 65 0 74 0 75 0 65 22 75 22 76 22 76 0 75 0 67 0 76 0 67 0 77 0 77 0 67 0 66 0 77 0 66 0 78 0 78 23 66 23 44 23 78 0 44 0 6 0 6 0 44 0 23 0 6 0 23 0 7 0 43 0 79 0 33 0 33 24 79 24 80 24 33 25 80 25 51 25 28 26 81 26 27 26 27 27 81 27 82 27 27 28 82 28 83 28 84 0 27 0 85 0 85 0 27 0 86 0 84 29 87 29 27 29 27 30 87 30 20 30 27 0 20 0 71 0 71 31 20 31 21 31 71 0 21 0 70 0 46 32 45 32 88 32 88 0 45 0 89 0 88 0 89 0 11 0 83 0 90 0 27 0 27 33 90 33 91 33 27 34 91 34 86 34 92 0 93 0 11 0 11 35 93 35 94 35 11 36 94 36 95 36 32 0 88 0 31 0 31 0 88 0 11 0 31 0 11 0 96 0 96 0 11 0 95 0 13 0 97 0 11 0 11 37 97 37 98 37 11 38 98 38 99 38 99 0 100 0 11 0 11 39 100 39 101 39 11 40 101 40 92 40 102 41 103 41 104 41 105 41 106 41 107 41 108 41 105 41 109 41 109 41 105 41 107 41 109 41 107 41 110 41 110 41 107 41 111 41 112 41 113 41 114 41 115 41 116 41 117 41 118 41 119 41 120 41 120 41 119 41 121 41 104 41 112 41 102 41 102 41 112 41 114 41 102 41 114 41 122 41 122 42 114 42 123 42 124 41 125 41 126 41 127 41 128 41 129 41 129 41 128 41 130 41 129 43 130 43 131 43 132 41 133 41 134 41 135 44 136 44 137 44 137 41 136 41 138 41 137 41 138 41 139 41 140 41 141 41 139 41 139 41 141 41 132 41 139 41 132 41 137 41 137 45 132 45 134 45 142 46 143 46 115 46 115 47 143 47 144 47 144 41 145 41 115 41 115 41 145 41 146 41 115 41 146 41 147 41 135 41 148 41 136 41 136 41 148 41 149 41 136 41 149 41 150 41 133 41 151 41 134 41 134 48 151 48 152 48 134 49 152 49 153 49 153 41 154 41 134 41 134 50 154 50 155 50 134 51 155 51 156 51 157 41 158 41 159 41 159 41 158 41 134 41 159 52 134 52 160 52 160 53 134 53 156 53 161 41 162 41 130 41 130 41 162 41 163 41 130 54 163 54 164 54 165 41 166 41 146 41 146 41 166 41 167 41 146 41 167 41 147 41 147 41 167 41 168 41 147 55 168 55 169 55 169 41 168 41 170 41 169 41 170 41 171 41 171 41 170 41 172 41 171 41 172 41 173 41 173 56 172 56 149 56 173 41 149 41 105 41 105 57 149 57 148 57 105 58 148 58 106 58 117 41 174 41 115 41 115 59 174 59 175 59 115 60 175 60 176 60 126 41 161 41 124 41 124 61 161 61 130 61 124 41 130 41 177 41 177 41 130 41 178 41 177 41 178 41 179 41 179 62 178 62 180 62 179 41 180 41 170 41 170 41 180 41 123 41 170 63 123 63 172 63 172 64 123 64 114 64 164 41 181 41 130 41 130 65 181 65 182 65 130 66 182 66 183 66 184 67 185 67 150 67 150 41 185 41 186 41 150 41 186 41 136 41 176 41 187 41 115 41 115 68 187 68 188 68 115 69 188 69 142 69 184 41 120 41 185 41 185 41 120 41 121 41 185 41 121 41 189 41 189 70 121 70 190 70 189 71 190 71 191 71 192 41 193 41 194 41 194 41 193 41 189 41 194 41 189 41 195 41 195 41 189 41 196 41 183 41 197 41 130 41 130 72 197 72 198 72 130 73 198 73 131 73 191 41 199 41 189 41 189 74 199 74 200 74 189 75 200 75 201 75 201 76 202 76 189 76 189 77 202 77 203 77 189 78 203 78 196 78 64 79 132 79 72 79 72 79 132 79 141 79 194 79 28 79 192 79 192 79 28 79 26 79 29 80 31 80 126 80 126 80 31 80 161 80 97 81 13 81 129 81 129 81 13 81 127 81 2 81 112 81 3 81 3 81 112 81 104 81 55 82 53 82 159 82 159 82 53 82 157 82 16 82 109 82 15 82 15 82 109 82 110 82 165 80 146 80 37 80 37 80 146 80 38 80 174 82 117 82 49 82 49 82 117 82 47 82 121 81 119 81 20 81 20 81 119 81 18 81 16 80 17 80 109 80 109 80 17 80 108 80 17 81 8 81 108 81 108 81 8 81 105 81 8 80 7 80 105 80 105 80 7 80 173 80 7 83 23 83 173 83 173 84 23 84 171 84 23 82 22 82 171 82 171 82 22 82 169 82 22 85 33 85 169 85 169 86 33 86 147 86 33 79 50 79 147 79 147 79 50 79 115 79 50 81 48 81 115 81 115 81 48 81 116 81 48 79 47 79 116 79 116 79 47 79 117 79 53 80 52 80 157 80 157 80 52 80 158 80 52 81 54 81 158 81 158 81 54 81 134 81 54 80 65 80 134 80 134 80 65 80 137 80 65 87 76 87 137 87 137 84 76 84 135 84 76 82 77 82 135 82 135 82 77 82 148 82 77 88 78 88 148 88 148 89 78 89 106 89 78 79 6 79 106 79 106 79 6 79 107 79 6 81 14 81 107 81 107 81 14 81 111 81 14 79 15 79 111 79 111 79 15 79 110 79 2 79 1 79 112 79 112 79 1 79 113 79 1 82 0 82 113 82 113 82 0 82 114 82 0 79 9 79 114 79 114 79 9 79 172 79 9 90 10 90 172 90 172 91 10 91 149 91 10 81 68 81 149 81 149 81 68 81 150 81 68 92 70 92 150 92 150 93 70 93 184 93 70 80 21 80 184 80 184 80 21 80 120 80 21 82 19 82 120 82 120 82 19 82 118 82 19 80 18 80 118 80 118 80 18 80 119 80 13 79 12 79 127 79 127 79 12 79 128 79 12 82 11 82 128 82 128 82 11 82 130 82 11 79 89 79 130 79 130 79 89 79 178 79 89 94 45 94 178 94 178 95 45 95 180 95 45 81 44 81 180 81 180 81 44 81 123 81 44 92 66 92 123 92 123 96 66 96 122 96 66 80 5 80 122 80 122 80 5 80 102 80 5 82 4 82 102 82 102 82 4 82 103 82 4 80 3 80 103 80 103 80 3 80 104 80 97 97 129 97 131 97 97 98 131 98 98 98 98 99 131 99 198 99 98 100 198 100 99 100 99 101 198 101 197 101 99 102 197 102 100 102 100 103 197 103 183 103 100 104 183 104 101 104 101 105 183 105 182 105 101 106 182 106 92 106 92 107 182 107 181 107 92 108 181 108 93 108 93 109 181 109 164 109 93 110 164 110 94 110 94 111 164 111 163 111 94 112 163 112 95 112 95 113 163 113 162 113 95 114 162 114 96 114 96 115 162 115 161 115 96 116 161 116 31 116 38 117 146 117 145 117 38 118 145 118 39 118 39 119 145 119 144 119 39 120 144 120 40 120 40 121 144 121 143 121 40 122 143 122 41 122 41 123 143 123 142 123 41 124 142 124 42 124 42 125 142 125 188 125 42 126 188 126 43 126 43 127 188 127 187 127 43 128 187 128 79 128 79 129 187 129 176 129 79 130 176 130 80 130 80 131 176 131 175 131 80 132 175 132 51 132 51 133 175 133 174 133 51 134 174 134 49 134 28 135 194 135 195 135 28 136 195 136 81 136 81 137 195 137 196 137 81 138 196 138 82 138 82 139 196 139 203 139 82 140 203 140 83 140 83 141 203 141 202 141 83 142 202 142 90 142 90 143 202 143 201 143 90 144 201 144 91 144 91 145 201 145 200 145 91 146 200 146 86 146 86 147 200 147 199 147 86 147 199 147 85 147 85 148 199 148 191 148 85 149 191 149 84 149 84 150 191 150 190 150 84 151 190 151 87 151 87 152 190 152 121 152 87 153 121 153 20 153 55 154 159 154 160 154 55 155 160 155 56 155 56 156 160 156 156 156 56 157 156 157 57 157 57 158 156 158 155 158 57 159 155 159 58 159 58 160 155 160 154 160 58 161 154 161 59 161 59 162 154 162 153 162 59 163 153 163 60 163 60 164 153 164 152 164 60 165 152 165 61 165 61 166 152 166 151 166 61 167 151 167 62 167 62 168 151 168 133 168 62 169 133 169 63 169 63 170 133 170 132 170 63 170 132 170 64 170 126 82 125 82 29 82 29 82 125 82 30 82 125 79 124 79 30 79 30 79 124 79 32 79 124 82 177 82 32 82 32 82 177 82 88 82 177 171 179 171 88 171 88 172 179 172 46 172 179 80 170 80 46 80 46 80 170 80 24 80 170 173 168 173 24 173 24 174 168 174 34 174 168 81 167 81 34 81 34 81 167 81 35 81 167 79 166 79 35 79 35 79 166 79 36 79 166 81 165 81 36 81 36 81 165 81 37 81 141 81 140 81 72 81 72 81 140 81 73 81 140 80 139 80 73 80 73 80 139 80 74 80 139 81 138 81 74 81 74 81 138 81 75 81 138 175 136 175 75 175 75 176 136 176 67 176 136 79 186 79 67 79 67 79 186 79 69 79 186 177 185 177 69 177 69 178 185 178 71 178 185 82 189 82 71 82 71 82 189 82 27 82 189 80 193 80 27 80 27 80 193 80 25 80 193 82 192 82 25 82 25 82 192 82 26 82</p>
        </triangles>
      </mesh>
    </geometry>
    <geometry id="MMO_700_dual_-_rail_cover-2-mesh" name="MMO_700_dual - rail_cover-2">
      <mesh>
        <source id="MMO_700_dual_-_rail_cover-2-mesh-positions">
          <float_array id="MMO_700_dual_-_rail_cover-2-mesh-positions-array" count="246">0.305105 0.50711 1.646952 0.305105 0.54211 1.646952 0.305105 0.50711 1.656952 0.305105 0.54211 1.656952 0.220105 0.50211 1.646952 0.300105 0.50211 1.646952 0.220105 0.50211 1.656952 0.300105 0.50211 1.656952 0.2151049 0.50711 1.656952 0.2151049 0.54211 1.656952 0.2151049 0.50711 1.646952 0.2151049 0.54211 1.646952 0.220105 0.54711 1.656952 0.300105 0.54711 1.656952 0.220105 0.54711 1.646952 0.300105 0.54711 1.646952 0.3039352 0.5453239 1.646952 0.3044351 0.54461 1.646952 0.2192367 0.502186 1.646952 0.2183949 0.5024116 1.646952 0.217835 0.546565 1.646952 0.2185599 0.5468653 1.646952 0.2193228 0.5470485 1.646952 0.21565 0.54438 1.646952 0.2160599 0.5450489 1.646952 0.2153497 0.5436551 1.646952 0.2165694 0.5456455 1.646952 0.2151665 0.5428922 1.646952 0.2171661 0.5461551 1.646952 0.3009732 0.547034 1.646952 0.3018151 0.5468085 1.646952 0.3048034 0.5438201 1.646952 0.305029 0.5429782 1.646952 0.305029 0.5062417 1.646952 0.3048034 0.5053999 1.646952 0.3044351 0.50461 1.646952 0.3039352 0.5038961 1.646952 0.3033189 0.5032798 1.646952 0.217605 0.5027799 1.646952 0.2168911 0.5032798 1.646952 0.2162747 0.5038961 1.646952 0.2157748 0.50461 1.646952 0.2154065 0.5053999 1.646952 0.2151809 0.5062417 1.646952 0.302605 0.5464401 1.646952 0.3033189 0.5459402 1.646952 0.302605 0.5027799 1.646952 0.3018151 0.5024116 1.646952 0.3009732 0.502186 1.646952 0.2154065 0.5053999 1.656952 0.2157748 0.50461 1.656952 0.2183949 0.5024116 1.656952 0.2192367 0.502186 1.656952 0.305029 0.5429782 1.656952 0.3048034 0.5438201 1.656952 0.3044351 0.54461 1.656952 0.3039352 0.5453239 1.656952 0.3033189 0.5459402 1.656952 0.2193228 0.5470485 1.656952 0.2185599 0.5468653 1.656952 0.217835 0.546565 1.656952 0.21565 0.54438 1.656952 0.2153497 0.5436551 1.656952 0.2160599 0.5450489 1.656952 0.2165694 0.5456455 1.656952 0.3039352 0.5038961 1.656952 0.3044351 0.50461 1.656952 0.302605 0.5464401 1.656952 0.3018151 0.5468085 1.656952 0.3009732 0.547034 1.656952 0.2151665 0.5428922 1.656952 0.2171661 0.5461551 1.656952 0.2151809 0.5062417 1.656952 0.2162747 0.5038961 1.656952 0.2168911 0.5032798 1.656952 0.217605 0.5027799 1.656952 0.3018151 0.5024116 1.656952 0.302605 0.5027799 1.656952 0.3033189 0.5032798 1.656952 0.3048034 0.5053999 1.656952 0.305029 0.5062417 1.656952 0.3009732 0.502186 1.656952</float_array>
          <technique_common>
            <accessor source="#MMO_700_dual_-_rail_cover-2-mesh-positions-array" count="82" stride="3">
              <param name="X" type="float"/>
              <param name="Y" type="float"/>
              <param name="Z" type="float"/>
            </accessor>
          </technique_common>
        </source>
        <source id="MMO_700_dual_-_rail_cover-2-mesh-normals">
          <float_array id="MMO_700_dual_-_rail_cover-2-mesh-normals-array" count="327">1 0 0 0 -1 0 -1 0 0 0 1 0 0 0 -1 -3.96732e-4 0 -1 2.717e-4 0 -1 4.66463e-4 0 -1 1.44917e-4 0 -1 -1.76326e-4 0 -1 5.87761e-5 0 -1 1.44914e-4 0 -1 -3.72648e-4 0 -1 1.2639e-4 0 -1 5.94265e-4 0 -0.9999998 -3.0175e-4 0 -1 2.52837e-4 0 -1 -9.31557e-5 0 -1 -1.84809e-4 0 -1 -4.45633e-4 0 -0.9999999 2.26432e-4 0 -1 0 0 1 -2.35102e-4 0 1 2.17376e-4 0 1 -2.52829e-4 0 1 -1.9436e-5 0 1 1.44935e-4 0 1 0.001625299 0 0.9999988 3.0175e-4 0 1 -4.41501e-4 0 1 -5.01862e-4 0 0.9999999 6.83293e-4 0 0.9999998 2.89813e-4 0 1 -3.72623e-4 0 1 1.26418e-4 0 1 2.17372e-4 0 1 -2.35104e-4 0 1 1.84809e-4 0 1 -1.88693e-4 0 1 2.97089e-4 0 1 -0.08713048 -0.996197 0 -0.08712249 -0.9961976 0 -0.2588571 -0.9659156 0 -0.25885 -0.9659176 0 -0.4225863 -0.9063227 0 -0.4225754 -0.9063279 0 -0.5735645 -0.8191604 0 -0.5735735 -0.8191542 0 -0.7071335 -0.7070801 0 -0.7071202 -0.7070935 0 -0.8191579 -0.5735682 0 -0.8191667 -0.5735556 0 -0.9063026 -0.4226295 0 -0.9062821 -0.4226734 0 -0.9659274 -0.2588131 0 -0.9659293 -0.2588064 0 -0.996196 -0.08714139 0 -0.9961916 -0.08719211 0 -0.9969127 0.07851856 0 -0.9969174 0.07845956 0 -0.972376 0.2334201 0 -0.9238722 0.3827013 0 -0.8526452 0.5224904 0 -0.8526107 0.5225468 0 -0.7604159 0.6494365 0 -0.7604452 0.6494022 0 -0.6494487 0.7604054 0 -0.6494573 0.7603982 0 -0.5224556 0.8526665 0 -0.3827056 0.9238703 0 -0.3827393 0.9238565 0 -0.2334411 0.9723711 0 -0.2334616 0.9723661 0 -0.0784766 0.9969159 0 0.9961914 -0.08719444 0 0.9961962 -0.08713907 0 0.9659274 -0.2588131 0 0.9659159 -0.2588562 0 0.906323 -0.4225856 0 0.9063026 -0.4226295 0 0.8191579 -0.5735682 0 0.8191416 -0.5735914 0 0.7071068 -0.7071068 0 0.7071468 -0.7070667 0 0.5735645 -0.8191604 0 0.5735986 -0.8191366 0 0.4225659 -0.9063322 0 0.4225754 -0.9063279 0 0.2588438 -0.9659192 0 0.2588634 -0.965914 0 0.08713048 -0.996197 0 0.08712714 -0.9961972 0 0.08719676 0.9961912 0 0.2587949 0.9659323 0 0.2587877 0.9659342 0 0.4226412 0.9062971 0 0.4226208 0.9063066 0 0.5735897 0.8191428 0 0.5735735 0.8191542 0 0.7071335 0.7070801 0 0.7071202 0.7070935 0 0.8191328 0.573604 0 0.8191667 0.5735556 0 0.9063026 0.4226295 0 0.906323 0.4225856 0 0.9659141 0.258863 0 0.9659293 0.2588064 0 0.996196 0.08714139 0 0.9961916 0.08719211 0</float_array>
          <technique_common>
            <accessor source="#MMO_700_dual_-_rail_cover-2-mesh-normals-array" count="109" stride="3">
              <param name="X" type="float"/>
              <param name="Y" type="float"/>
              <param name="Z" type="float"/>
            </accessor>
          </technique_common>
        </source>
        <vertices id="MMO_700_dual_-_rail_cover-2-mesh-vertices">
          <input semantic="POSITION" source="#MMO_700_dual_-_rail_cover-2-mesh-positions"/>
        </vertices>
        <triangles count="160">
          <input semantic="VERTEX" source="#MMO_700_dual_-_rail_cover-2-mesh-vertices" offset="0"/>
          <input semantic="NORMAL" source="#MMO_700_dual_-_rail_cover-2-mesh-normals" offset="1"/>
          <p>0 0 1 0 2 0 2 0 1 0 3 0 4 1 5 1 6 1 6 1 5 1 7 1 8 2 9 2 10 2 10 2 9 2 11 2 12 3 13 3 14 3 14 3 13 3 15 3 14 4 15 4 1 4 16 4 17 4 15 4 5 4 4 4 10 4 10 5 4 5 18 5 10 6 18 6 19 6 20 4 21 4 11 4 11 7 21 7 22 7 23 4 24 4 25 4 25 4 24 4 26 4 25 4 26 4 27 4 27 4 26 4 11 4 11 4 26 4 28 4 11 4 28 4 20 4 15 4 29 4 30 4 17 4 31 4 15 4 15 8 31 8 32 8 15 9 32 9 1 9 22 4 14 4 11 4 11 4 14 4 1 4 11 4 1 4 10 4 10 4 1 4 0 4 10 4 0 4 5 4 5 10 0 10 33 10 5 11 33 11 34 11 34 12 35 12 5 12 5 13 35 13 36 13 5 4 36 4 37 4 38 4 39 4 19 4 19 14 39 14 40 14 19 15 40 15 41 15 41 4 42 4 19 4 19 16 42 16 43 16 19 17 43 17 10 17 30 4 44 4 15 4 15 4 44 4 45 4 15 18 45 18 16 18 46 4 47 4 37 4 37 19 47 19 48 19 37 20 48 20 5 20 13 21 12 21 9 21 49 21 50 21 51 21 6 21 7 21 2 21 52 21 6 21 8 21 8 21 6 21 2 21 8 21 2 21 9 21 9 21 2 21 3 21 9 21 3 21 13 21 13 22 3 22 53 22 13 23 53 23 54 23 54 21 55 21 13 21 13 24 55 24 56 24 13 21 56 21 57 21 12 21 58 21 9 21 9 25 58 25 59 25 9 26 59 26 60 26 61 21 62 21 63 21 63 27 62 27 64 27 65 21 66 21 7 21 57 28 67 28 13 28 13 21 67 21 68 21 13 29 68 29 69 29 62 21 70 21 64 21 64 30 70 30 9 30 64 31 9 31 71 31 71 21 9 21 60 21 52 32 8 32 51 32 51 33 8 33 72 33 51 34 72 34 49 34 50 21 73 21 51 21 51 21 73 21 74 21 51 21 74 21 75 21 76 21 77 21 78 21 66 21 79 21 7 21 7 35 79 35 80 35 7 36 80 36 2 36 65 37 7 37 78 37 78 38 7 38 81 38 78 39 81 39 76 39 4 40 6 40 52 40 4 41 52 41 18 41 18 42 52 42 51 42 18 43 51 43 19 43 19 44 51 44 75 44 19 45 75 45 38 45 38 46 75 46 74 46 38 47 74 47 39 47 39 48 74 48 73 48 39 49 73 49 40 49 40 50 73 50 50 50 40 51 50 51 41 51 41 52 50 52 49 52 41 53 49 53 42 53 42 54 49 54 72 54 42 55 72 55 43 55 43 56 72 56 8 56 43 57 8 57 10 57 11 58 9 58 70 58 11 59 70 59 27 59 27 60 70 60 62 60 27 60 62 60 25 60 25 61 62 61 61 61 25 61 61 61 23 61 23 62 61 62 63 62 23 63 63 63 24 63 24 64 63 64 64 64 24 65 64 65 26 65 26 66 64 66 71 66 26 67 71 67 28 67 28 68 71 68 60 68 28 68 60 68 20 68 20 69 60 69 59 69 20 70 59 70 21 70 21 71 59 71 58 71 21 72 58 72 22 72 22 73 58 73 12 73 22 73 12 73 14 73 0 74 2 74 80 74 0 75 80 75 33 75 33 76 80 76 79 76 33 77 79 77 34 77 34 78 79 78 66 78 34 79 66 79 35 79 35 80 66 80 65 80 35 81 65 81 36 81 36 82 65 82 78 82 36 83 78 83 37 83 37 84 78 84 77 84 37 85 77 85 46 85 46 86 77 86 76 86 46 87 76 87 47 87 47 88 76 88 81 88 47 89 81 89 48 89 48 90 81 90 7 90 48 91 7 91 5 91 15 92 13 92 69 92 15 92 69 92 29 92 29 93 69 93 68 93 29 94 68 94 30 94 30 95 68 95 67 95 30 96 67 96 44 96 44 97 67 97 57 97 44 98 57 98 45 98 45 99 57 99 56 99 45 100 56 100 16 100 16 101 56 101 55 101 16 102 55 102 17 102 17 103 55 103 54 103 17 104 54 104 31 104 31 105 54 105 53 105 31 106 53 106 32 106 32 107 53 107 3 107 32 108 3 108 1 108</p>
        </triangles>
      </mesh>
    </geometry>
    <geometry id="MMO_700_dual_-_rail_cover-1-mesh" name="MMO_700_dual - rail_cover-1">
      <mesh>
        <source id="MMO_700_dual_-_rail_cover-1-mesh-positions">
          <float_array id="MMO_700_dual_-_rail_cover-1-mesh-positions-array" count="246">0.305105 0.35211 1.646952 0.305105 0.38711 1.646952 0.305105 0.35211 1.656952 0.305105 0.38711 1.656952 0.220105 0.34711 1.646952 0.300105 0.34711 1.646952 0.220105 0.34711 1.656952 0.300105 0.34711 1.656952 0.2151049 0.35211 1.656952 0.2151049 0.38711 1.656952 0.2151049 0.35211 1.646952 0.2151049 0.38711 1.646952 0.220105 0.39211 1.656952 0.300105 0.39211 1.656952 0.220105 0.39211 1.646952 0.300105 0.39211 1.646952 0.3039352 0.3903239 1.646952 0.3044351 0.38961 1.646952 0.2192367 0.3471859 1.646952 0.2183949 0.3474115 1.646952 0.217835 0.391565 1.646952 0.2185599 0.3918653 1.646952 0.2193228 0.3920484 1.646952 0.21565 0.3893799 1.646952 0.2160599 0.3900489 1.646952 0.2153497 0.3886551 1.646952 0.2165694 0.3906455 1.646952 0.2151665 0.3878921 1.646952 0.2171661 0.3911551 1.646952 0.3009732 0.392034 1.646952 0.3018151 0.3918085 1.646952 0.3048034 0.3888201 1.646952 0.305029 0.3879782 1.646952 0.305029 0.3512417 1.646952 0.3048034 0.3503999 1.646952 0.3044351 0.34961 1.646952 0.3039352 0.348896 1.646952 0.3033189 0.3482798 1.646952 0.217605 0.3477799 1.646952 0.2168911 0.3482798 1.646952 0.2162747 0.348896 1.646952 0.2157748 0.34961 1.646952 0.2154065 0.3503999 1.646952 0.2151809 0.3512417 1.646952 0.302605 0.3914401 1.646952 0.3033189 0.3909402 1.646952 0.302605 0.3477799 1.646952 0.3018151 0.3474115 1.646952 0.3009732 0.3471859 1.646952 0.2154065 0.3503999 1.656952 0.2157748 0.34961 1.656952 0.2183949 0.3474115 1.656952 0.2192367 0.3471859 1.656952 0.305029 0.3879782 1.656952 0.3048034 0.3888201 1.656952 0.3044351 0.38961 1.656952 0.3039352 0.3903239 1.656952 0.3033189 0.3909402 1.656952 0.2193228 0.3920484 1.656952 0.2185599 0.3918653 1.656952 0.217835 0.391565 1.656952 0.21565 0.3893799 1.656952 0.2153497 0.3886551 1.656952 0.2160599 0.3900489 1.656952 0.2165694 0.3906455 1.656952 0.3039352 0.348896 1.656952 0.3044351 0.34961 1.656952 0.302605 0.3914401 1.656952 0.3018151 0.3918085 1.656952 0.3009732 0.392034 1.656952 0.2151665 0.3878921 1.656952 0.2171661 0.3911551 1.656952 0.2151809 0.3512417 1.656952 0.2162747 0.348896 1.656952 0.2168911 0.3482798 1.656952 0.217605 0.3477799 1.656952 0.3018151 0.3474115 1.656952 0.302605 0.3477799 1.656952 0.3033189 0.3482798 1.656952 0.3048034 0.3503999 1.656952 0.305029 0.3512417 1.656952 0.3009732 0.3471859 1.656952</float_array>
          <technique_common>
            <accessor source="#MMO_700_dual_-_rail_cover-1-mesh-positions-array" count="82" stride="3">
              <param name="X" type="float"/>
              <param name="Y" type="float"/>
              <param name="Z" type="float"/>
            </accessor>
          </technique_common>
        </source>
        <source id="MMO_700_dual_-_rail_cover-1-mesh-normals">
          <float_array id="MMO_700_dual_-_rail_cover-1-mesh-normals-array" count="351">1 0 0 0 -1 0 -1 0 0 0 1 0 0 0 -1 -3.96703e-4 0 -1 2.71734e-4 0 -1 -1.55494e-4 0 -1 8.12347e-4 0 -0.9999997 -0.001003742 0 -0.9999995 2.56213e-4 0 -1 1.25102e-4 0 -1 4.41306e-4 0 -1 -1.44916e-4 0 -1 2.3512e-4 0 -1 -5.16929e-4 0 -0.9999999 5.87751e-5 0 -1 1.44916e-4 0 -1 -3.72578e-4 0 -1 1.26434e-4 0 -1 1.84779e-4 0 -1 -3.01773e-4 0 -1 2.52872e-4 0 -1 -9.31444e-5 0 -1 1.84826e-4 0 -1 1.48655e-4 0 -1 -7.54546e-5 0 -1 0 0 1 -2.3512e-4 0 1 2.17375e-4 0 1 -2.52868e-4 0 1 1.84826e-4 0 1 -1.94367e-5 0 1 1.44928e-4 0 1 -3.01659e-4 0 1 2.97398e-4 0 1 -7.52867e-4 0 0.9999998 6.83235e-4 0 0.9999998 2.89855e-4 0 1 -3.72578e-4 0 1 1.26436e-4 0 1 2.17374e-4 0 1 -2.351e-4 0 1 1.84775e-4 0 1 -1.88637e-4 0 1 2.97309e-4 0 1 -0.08713048 -0.996197 0 -0.08712249 -0.9961976 0 -0.2588571 -0.9659156 0 -0.25885 -0.9659176 0 -0.4226083 -0.9063125 0 -0.5735645 -0.8191604 0 -0.5735735 -0.8191542 0 -0.7071202 -0.7070935 0 -0.7070935 -0.7071202 0 -0.8191579 -0.5735682 0 -0.8191667 -0.5735556 0 -0.9063026 -0.4226295 0 -0.9062821 -0.4226734 0 -0.9659274 -0.2588131 0 -0.9659293 -0.2588064 0 -0.996196 -0.08714139 0 -0.9961916 -0.08719211 0 -0.9969123 0.07852315 0 -0.9969171 0.07846188 0 -0.9723728 0.2334336 0 -0.9723744 0.2334268 0 -0.9238766 0.3826908 0 -0.9238809 0.3826803 0 -0.8526534 0.5224772 0 -0.8526269 0.5225203 0 -0.7603908 0.6494659 0 -0.7604201 0.6494315 0 -0.6494315 0.7604201 0 -0.5225096 0.8526335 0 -0.5225203 0.8526269 0 -0.3826803 0.9238809 0 -0.3827013 0.9238722 0 -0.2334411 0.9723711 0 -0.2334616 0.9723661 0 -0.07843792 0.9969191 0 0.9961914 -0.08719444 0 0.9961962 -0.08713907 0 0.9659274 -0.2588131 0 0.9659159 -0.2588562 0 0.906323 -0.4225856 0 0.9063026 -0.4226295 0 0.8191579 -0.5735682 0 0.8191416 -0.5735914 0 0.7070935 -0.7071202 0 0.7071202 -0.7070935 0 0.5735645 -0.8191604 0 0.5735986 -0.8191366 0 0.4225878 -0.906322 0 0.4226083 -0.9063125 0 0.2588438 -0.9659192 0 0.2588634 -0.965914 0 0.08713048 -0.996197 0 0.08712714 -0.9961972 0 0.08716028 0.9961943 0 0.08716362 0.9961941 0 0.258826 0.965924 0 0.2588126 0.9659276 0 0.4226083 0.9063125 0 0.4225878 0.906322 0 0.5735897 0.8191428 0 0.5735735 0.8191542 0 0.7071202 0.7070935 0 0.7070935 0.7071202 0 0.8191328 0.573604 0 0.8191667 0.5735556 0 0.9063073 0.4226193 0 0.9063326 0.4225652 0 0.9659141 0.258863 0 0.9659293 0.2588064 0 0.9961957 0.08714371 0 0.9961912 0.08719676 0</float_array>
          <technique_common>
            <accessor source="#MMO_700_dual_-_rail_cover-1-mesh-normals-array" count="117" stride="3">
              <param name="X" type="float"/>
              <param name="Y" type="float"/>
              <param name="Z" type="float"/>
            </accessor>
          </technique_common>
        </source>
        <vertices id="MMO_700_dual_-_rail_cover-1-mesh-vertices">
          <input semantic="POSITION" source="#MMO_700_dual_-_rail_cover-1-mesh-positions"/>
        </vertices>
        <triangles count="160">
          <input semantic="VERTEX" source="#MMO_700_dual_-_rail_cover-1-mesh-vertices" offset="0"/>
          <input semantic="NORMAL" source="#MMO_700_dual_-_rail_cover-1-mesh-normals" offset="1"/>
          <p>0 0 1 0 2 0 2 0 1 0 3 0 4 1 5 1 6 1 6 1 5 1 7 1 8 2 9 2 10 2 10 2 9 2 11 2 12 3 13 3 14 3 14 3 13 3 15 3 14 4 15 4 1 4 16 4 17 4 15 4 5 4 4 4 10 4 10 5 4 5 18 5 10 6 18 6 19 6 20 4 21 4 11 4 11 7 21 7 22 7 23 4 24 4 25 4 25 8 24 8 26 8 25 4 26 4 27 4 27 9 26 9 11 9 11 10 26 10 28 10 11 11 28 11 20 11 15 12 29 12 30 12 17 4 31 4 15 4 15 13 31 13 32 13 15 14 32 14 1 14 22 15 14 15 11 15 11 4 14 4 1 4 11 4 1 4 10 4 10 4 1 4 0 4 10 4 0 4 5 4 5 16 0 16 33 16 5 17 33 17 34 17 34 18 35 18 5 18 5 19 35 19 36 19 5 20 36 20 37 20 38 4 39 4 19 4 19 4 39 4 40 4 19 21 40 21 41 21 41 4 42 4 19 4 19 22 42 22 43 22 19 23 43 23 10 23 30 4 44 4 15 4 15 4 44 4 45 4 15 24 45 24 16 24 46 4 47 4 37 4 37 25 47 25 48 25 37 26 48 26 5 26 13 27 12 27 9 27 49 27 50 27 51 27 6 27 7 27 2 27 52 27 6 27 8 27 8 27 6 27 2 27 8 27 2 27 9 27 9 27 2 27 3 27 9 27 3 27 13 27 13 28 3 28 53 28 13 29 53 29 54 29 54 27 55 27 13 27 13 30 55 30 56 30 13 31 56 31 57 31 12 27 58 27 9 27 9 32 58 32 59 32 9 33 59 33 60 33 61 27 62 27 63 27 63 27 62 27 64 27 65 27 66 27 7 27 57 34 67 34 13 34 13 35 67 35 68 35 13 27 68 27 69 27 62 27 70 27 64 27 64 36 70 36 9 36 64 37 9 37 71 37 71 27 9 27 60 27 52 38 8 38 51 38 51 39 8 39 72 39 51 40 72 40 49 40 50 27 73 27 51 27 51 27 73 27 74 27 51 27 74 27 75 27 76 27 77 27 78 27 66 27 79 27 7 27 7 41 79 41 80 41 7 42 80 42 2 42 65 43 7 43 78 43 78 44 7 44 81 44 78 45 81 45 76 45 4 46 6 46 52 46 4 47 52 47 18 47 18 48 52 48 51 48 18 49 51 49 19 49 19 50 51 50 75 50 19 50 75 50 38 50 38 51 75 51 74 51 38 52 74 52 39 52 39 53 74 53 73 53 39 54 73 54 40 54 40 55 73 55 50 55 40 56 50 56 41 56 41 57 50 57 49 57 41 58 49 58 42 58 42 59 49 59 72 59 42 60 72 60 43 60 43 61 72 61 8 61 43 62 8 62 10 62 11 63 9 63 70 63 11 64 70 64 27 64 27 65 70 65 62 65 27 66 62 66 25 66 25 67 62 67 61 67 25 68 61 68 23 68 23 69 61 69 63 69 23 70 63 70 24 70 24 71 63 71 64 71 24 72 64 72 26 72 26 73 64 73 71 73 26 73 71 73 28 73 28 74 71 74 60 74 28 75 60 75 20 75 20 76 60 76 59 76 20 77 59 77 21 77 21 78 59 78 58 78 21 79 58 79 22 79 22 80 58 80 12 80 22 80 12 80 14 80 0 81 2 81 80 81 0 82 80 82 33 82 33 83 80 83 79 83 33 84 79 84 34 84 34 85 79 85 66 85 34 86 66 86 35 86 35 87 66 87 65 87 35 88 65 88 36 88 36 89 65 89 78 89 36 90 78 90 37 90 37 91 78 91 77 91 37 92 77 92 46 92 46 93 77 93 76 93 46 94 76 94 47 94 47 95 76 95 81 95 47 96 81 96 48 96 48 97 81 97 7 97 48 98 7 98 5 98 15 99 13 99 69 99 15 100 69 100 29 100 29 101 69 101 68 101 29 102 68 102 30 102 30 103 68 103 67 103 30 104 67 104 44 104 44 105 67 105 57 105 44 106 57 106 45 106 45 107 57 107 56 107 45 108 56 108 16 108 16 109 56 109 55 109 16 110 55 110 17 110 17 111 55 111 54 111 17 112 54 112 31 112 31 113 54 113 53 113 31 114 53 114 32 114 32 115 53 115 3 115 32 116 3 116 1 116</p>
        </triangles>
      </mesh>
    </geometry>
    <geometry id="MMO_700_dual_-_bracket_single-4-mesh" name="MMO_700_dual - bracket_single-4">
      <mesh>
        <source id="MMO_700_dual_-_bracket_single-4-mesh-positions">
          <float_array id="MMO_700_dual_-_bracket_single-4-mesh-positions-array" count="1140">0.203105 0.38211 0.7789515 0.203105 0.36961 0.7909515 0.203105 0.3703046 0.7910123 0.203105 0.3709781 0.8361927 0.203105 0.37161 0.8364874 0.203105 0.3703046 0.8438907 0.203105 0.36961 0.8439515 0.203105 0.38211 0.8569515 0.203105 0.3709781 0.7911927 0.203105 0.37161 0.7914874 0.203105 0.3721811 0.7918874 0.203105 0.3726742 0.7923803 0.203105 0.3730741 0.7929515 0.203105 0.3733687 0.7935834 0.203105 0.3735492 0.7942569 0.203105 0.37361 0.7949515 0.203105 0.3735492 0.7956461 0.203105 0.35711 0.8569515 0.203105 0.3689154 0.8438907 0.203105 0.3682419 0.8437103 0.203105 0.36761 0.8434156 0.203105 0.3670389 0.8430157 0.203105 0.3665458 0.8425226 0.203105 0.3721811 0.8368873 0.203105 0.3726742 0.8373804 0.203105 0.3730741 0.8379515 0.203105 0.3721811 0.8430157 0.203105 0.37161 0.8434156 0.203105 0.3709781 0.8437103 0.203105 0.3661459 0.8419515 0.203105 0.3658512 0.8413196 0.203105 0.3656708 0.8406461 0.203105 0.3661459 0.8379515 0.203105 0.3665458 0.8373804 0.203105 0.35711 0.7789515 0.203105 0.36561 0.7949515 0.203105 0.3656708 0.7942569 0.203105 0.3735492 0.8406461 0.203105 0.3733687 0.8413196 0.203105 0.3730741 0.8419515 0.203105 0.3726742 0.8425226 0.203105 0.36561 0.8399515 0.203105 0.3656708 0.8392569 0.203105 0.3658512 0.8385834 0.203105 0.3670389 0.8368873 0.203105 0.36761 0.8364874 0.203105 0.3682419 0.8361927 0.203105 0.37161 0.7984156 0.203105 0.3709781 0.7987103 0.203105 0.36961 0.8359515 0.203105 0.3689154 0.7910123 0.203105 0.3682419 0.7911927 0.203105 0.3733687 0.8385834 0.203105 0.3735492 0.8392569 0.203105 0.37361 0.8399515 0.203105 0.3658512 0.7935834 0.203105 0.3661459 0.7929515 0.203105 0.3665458 0.7923803 0.203105 0.3703046 0.8360123 0.203105 0.3733687 0.7963196 0.203105 0.3730741 0.7969515 0.203105 0.3726742 0.7975227 0.203105 0.3721811 0.7980157 0.203105 0.36761 0.7984156 0.203105 0.3670389 0.7980157 0.203105 0.3665458 0.7975227 0.203105 0.3661459 0.7969515 0.203105 0.3658512 0.7963196 0.203105 0.3656708 0.7956461 0.203105 0.3670389 0.7918874 0.203105 0.36761 0.7914874 0.203105 0.3703046 0.7988907 0.203105 0.36961 0.7989515 0.203105 0.3689154 0.8360123 0.203105 0.3689154 0.7988907 0.203105 0.3682419 0.7987103 0.125105 0.38211 0.7789515 0.137105 0.36961 0.7789515 0.1371657 0.3703046 0.7789515 0.1371657 0.3689154 0.7789515 0.125105 0.35711 0.7789515 0.1373462 0.3682419 0.7789515 0.1847369 0.3658512 0.7789515 0.184105 0.3661459 0.7789515 0.1445691 0.37161 0.7789515 0.1823462 0.3709781 0.7789515 0.1826409 0.37161 0.7789515 0.1445691 0.36761 0.7789515 0.1441692 0.3670389 0.7789515 0.1436761 0.3665458 0.7789515 0.143105 0.3661459 0.7789515 0.1385338 0.3665458 0.7789515 0.1380408 0.3670389 0.7789515 0.1376409 0.36761 0.7789515 0.1835339 0.3665458 0.7789515 0.1830408 0.3670389 0.7789515 0.1826409 0.36761 0.7789515 0.1373462 0.3709781 0.7789515 0.1376409 0.37161 0.7789515 0.1380408 0.3721811 0.7789515 0.1854104 0.3656708 0.7789515 0.1448637 0.3709781 0.7789515 0.1450442 0.3703046 0.7789515 0.1404104 0.3656708 0.7789515 0.1397369 0.3658512 0.7789515 0.139105 0.3661459 0.7789515 0.1385338 0.3726742 0.7789515 0.139105 0.3730741 0.7789515 0.1397369 0.3733687 0.7789515 0.1424731 0.3658512 0.7789515 0.1417996 0.3656708 0.7789515 0.141105 0.36561 0.7789515 0.1823462 0.3682419 0.7789515 0.1821658 0.3689154 0.7789515 0.1441692 0.3721811 0.7789515 0.182105 0.36961 0.7789515 0.1436761 0.3726742 0.7789515 0.143105 0.3730741 0.7789515 0.1404104 0.3735492 0.7789515 0.141105 0.37361 0.7789515 0.1417996 0.3735492 0.7789515 0.1830408 0.3721811 0.7789515 0.1835339 0.3726742 0.7789515 0.184105 0.3730741 0.7789515 0.1867996 0.3735492 0.7789515 0.1874731 0.3733687 0.7789515 0.188105 0.3730741 0.7789515 0.1821658 0.3703046 0.7789515 0.1424731 0.3733687 0.7789515 0.1886761 0.3726742 0.7789515 0.1891692 0.3721811 0.7789515 0.1895691 0.37161 0.7789515 0.1895691 0.36761 0.7789515 0.1898638 0.3682419 0.7789515 0.1900442 0.3689154 0.7789515 0.1891692 0.3670389 0.7789515 0.1886761 0.3665458 0.7789515 0.188105 0.3661459 0.7789515 0.186105 0.36561 0.7789515 0.1847369 0.3733687 0.7789515 0.1854104 0.3735492 0.7789515 0.186105 0.37361 0.7789515 0.1898638 0.3709781 0.7789515 0.1900442 0.3703046 0.7789515 0.190105 0.36961 0.7789515 0.1874731 0.3658512 0.7789515 0.1867996 0.3656708 0.7789515 0.145105 0.36961 0.7789515 0.1450442 0.3689154 0.7789515 0.1448637 0.3682419 0.7789515 0.1891692 0.3670389 0.7669515 0.1895691 0.36761 0.7669515 0.215105 0.35211 0.7669515 0.190105 0.36961 0.7669515 0.215105 0.38711 0.7669515 0.1900442 0.3689154 0.7669515 0.1898638 0.3682419 0.7669515 0.1900442 0.3703046 0.7669515 0.1898638 0.3709781 0.7669515 0.1895691 0.37161 0.7669515 0.188105 0.3730741 0.7669515 0.1874731 0.3733687 0.7669515 0.1448637 0.3709781 0.7669515 0.1445691 0.37161 0.7669515 0.1441692 0.3721811 0.7669515 0.1436761 0.3726742 0.7669515 0.139105 0.3730741 0.7669515 0.1385338 0.3726742 0.7669515 0.125105 0.38711 0.7669515 0.1373462 0.3682419 0.7669515 0.1376409 0.36761 0.7669515 0.125105 0.35211 0.7669515 0.1380408 0.3670389 0.7669515 0.1385338 0.3665458 0.7669515 0.1380408 0.3721811 0.7669515 0.1376409 0.37161 0.7669515 0.1373462 0.3709781 0.7669515 0.1371657 0.3703046 0.7669515 0.137105 0.36961 0.7669515 0.1371657 0.3689154 0.7669515 0.143105 0.3661459 0.7669515 0.1436761 0.3665458 0.7669515 0.1441692 0.3670389 0.7669515 0.1445691 0.36761 0.7669515 0.1448637 0.3682419 0.7669515 0.1450442 0.3689154 0.7669515 0.1867996 0.3735492 0.7669515 0.186105 0.37361 0.7669515 0.1854104 0.3735492 0.7669515 0.139105 0.3661459 0.7669515 0.1397369 0.3658512 0.7669515 0.1404104 0.3656708 0.7669515 0.184105 0.3730741 0.7669515 0.1835339 0.3726742 0.7669515 0.145105 0.36961 0.7669515 0.1891692 0.3721811 0.7669515 0.1886761 0.3726742 0.7669515 0.141105 0.36561 0.7669515 0.1417996 0.3656708 0.7669515 0.1424731 0.3658512 0.7669515 0.141105 0.37361 0.7669515 0.1404104 0.3735492 0.7669515 0.1397369 0.3733687 0.7669515 0.1450442 0.3703046 0.7669515 0.1847369 0.3733687 0.7669515 0.1867996 0.3656708 0.7669515 0.1874731 0.3658512 0.7669515 0.143105 0.3730741 0.7669515 0.1424731 0.3733687 0.7669515 0.1417996 0.3735492 0.7669515 0.1830408 0.3721811 0.7669515 0.1826409 0.37161 0.7669515 0.1823462 0.3709781 0.7669515 0.1823462 0.3682419 0.7669515 0.1826409 0.36761 0.7669515 0.1830408 0.3670389 0.7669515 0.1835339 0.3665458 0.7669515 0.184105 0.3661459 0.7669515 0.188105 0.3661459 0.7669515 0.1886761 0.3665458 0.7669515 0.1847369 0.3658512 0.7669515 0.1854104 0.3656708 0.7669515 0.186105 0.36561 0.7669515 0.1821658 0.3703046 0.7669515 0.182105 0.36961 0.7669515 0.1821658 0.3689154 0.7669515 0.215105 0.3730741 0.8379515 0.215105 0.3726742 0.8373804 0.215105 0.36961 0.7989515 0.215105 0.36761 0.8364874 0.215105 0.3670389 0.8368873 0.215105 0.3665458 0.8373804 0.215105 0.3703046 0.8438907 0.215105 0.3709781 0.8437103 0.215105 0.38711 0.8569515 0.215105 0.37161 0.8434156 0.215105 0.3721811 0.8430157 0.215105 0.3703046 0.8360123 0.215105 0.3656708 0.7956461 0.215105 0.3709781 0.8361927 0.215105 0.3658512 0.7963196 0.215105 0.3661459 0.7969515 0.215105 0.3658512 0.8413196 0.215105 0.35211 0.8569515 0.215105 0.3656708 0.8406461 0.215105 0.36561 0.8399515 0.215105 0.3665458 0.7975227 0.215105 0.3670389 0.7980157 0.215105 0.36761 0.7984156 0.215105 0.3703046 0.7988907 0.215105 0.3709781 0.7987103 0.215105 0.37161 0.7984156 0.215105 0.36561 0.7949515 0.215105 0.3661459 0.8379515 0.215105 0.3658512 0.8385834 0.215105 0.3656708 0.8392569 0.215105 0.3661459 0.8419515 0.215105 0.3665458 0.8425226 0.215105 0.3670389 0.8430157 0.215105 0.3689154 0.8438907 0.215105 0.36961 0.8439515 0.215105 0.3726742 0.8425226 0.215105 0.3730741 0.8419515 0.215105 0.3733687 0.8413196 0.215105 0.3721811 0.7918874 0.215105 0.37161 0.7914874 0.215105 0.3709781 0.7911927 0.215105 0.3682419 0.7911927 0.215105 0.36761 0.7914874 0.215105 0.3670389 0.7918874 0.215105 0.3665458 0.7923803 0.215105 0.3661459 0.7929515 0.215105 0.36961 0.8359515 0.215105 0.3689154 0.8360123 0.215105 0.3682419 0.8361927 0.215105 0.36761 0.8434156 0.215105 0.3682419 0.8437103 0.215105 0.3682419 0.7987103 0.215105 0.3689154 0.7988907 0.215105 0.37161 0.8364874 0.215105 0.3721811 0.8368873 0.215105 0.3721811 0.7980157 0.215105 0.3726742 0.7975227 0.215105 0.3730741 0.7969515 0.215105 0.3735492 0.7942569 0.215105 0.3733687 0.7935834 0.215105 0.3658512 0.7935834 0.215105 0.3656708 0.7942569 0.215105 0.3735492 0.8406461 0.215105 0.37361 0.8399515 0.215105 0.3735492 0.8392569 0.215105 0.3733687 0.8385834 0.215105 0.3730741 0.7929515 0.215105 0.3726742 0.7923803 0.215105 0.3703046 0.7910123 0.215105 0.36961 0.7909515 0.215105 0.3689154 0.7910123 0.215105 0.3733687 0.7963196 0.215105 0.3735492 0.7956461 0.215105 0.37361 0.7949515 0.203105 0.35211 0.8569515 0.203105 0.38711 0.8569515 0.125105 0.38711 0.7789515 0.125105 0.35211 0.7789515 0.1312248 0.35211 0.779192 0.1916109 0.35211 0.8161966 0.1882083 0.35211 0.8111042 0.1844167 0.35211 0.8062946 0.1802593 0.35211 0.8017972 0.1757619 0.35211 0.7976399 0.1709522 0.35211 0.7938482 0.1992874 0.35211 0.8328482 0.1971676 0.35211 0.8271022 0.1946035 0.35211 0.8215402 0.1658599 0.35211 0.7904456 0.1605162 0.35211 0.787453 0.1549543 0.35211 0.7848889 0.1492083 0.35211 0.7827691 0.1433137 0.35211 0.7811067 0.1373069 0.35211 0.7799118 0.2028645 0.35211 0.8508317 0.2021447 0.35211 0.8447496 0.2009499 0.35211 0.8387427 0.1312248 0.35711 0.779192 0.1373069 0.35711 0.7799118 0.1433137 0.35711 0.7811067 0.1492083 0.35711 0.7827691 0.1549543 0.35711 0.7848889 0.1605162 0.35711 0.787453 0.1658599 0.35711 0.7904456 0.1709522 0.35711 0.7938482 0.1757619 0.35711 0.7976399 0.1802593 0.35711 0.8017972 0.1844167 0.35711 0.8062946 0.1882083 0.35711 0.8111042 0.1916109 0.35711 0.8161966 0.1946035 0.35711 0.8215402 0.1971676 0.35711 0.8271022 0.1992874 0.35711 0.8328482 0.2009499 0.35711 0.8387427 0.2021447 0.35711 0.8447496 0.2028645 0.35711 0.8508317 0.1312248 0.38711 0.779192 0.1312248 0.38211 0.779192 0.1373069 0.38711 0.7799118 0.1373069 0.38211 0.7799118 0.1433137 0.38711 0.7811067 0.1433137 0.38211 0.7811067 0.1492083 0.38711 0.7827691 0.1492083 0.38211 0.7827691 0.1549543 0.38711 0.7848889 0.1549543 0.38211 0.7848889 0.1605162 0.38711 0.787453 0.1605162 0.38211 0.787453 0.1658599 0.38711 0.7904456 0.1658599 0.38211 0.7904456 0.1709522 0.38711 0.7938482 0.1709522 0.38211 0.7938482 0.1757619 0.38711 0.7976399 0.1757619 0.38211 0.7976399 0.1802593 0.38711 0.8017972 0.1802593 0.38211 0.8017972 0.1844167 0.38711 0.8062946 0.1844167 0.38211 0.8062946 0.1882083 0.38711 0.8111042 0.1882083 0.38211 0.8111042 0.1916109 0.38711 0.8161966 0.1916109 0.38211 0.8161966 0.1946035 0.38711 0.8215402 0.1946035 0.38211 0.8215402 0.1971676 0.38711 0.8271022 0.1971676 0.38211 0.8271022 0.1992874 0.38711 0.8328482 0.1992874 0.38211 0.8328482 0.2009499 0.38711 0.8387427 0.2009499 0.38211 0.8387427 0.2021447 0.38711 0.8447496 0.2021447 0.38211 0.8447496 0.2028645 0.38711 0.8508317 0.2028645 0.38211 0.8508317</float_array>
          <technique_common>
            <accessor source="#MMO_700_dual_-_bracket_single-4-mesh-positions-array" count="380" stride="3">
              <param name="X" type="float"/>
              <param name="Y" type="float"/>
              <param name="Z" type="float"/>
            </accessor>
          </technique_common>
        </source>
        <source id="MMO_700_dual_-_bracket_single-4-mesh-normals">
          <float_array id="MMO_700_dual_-_bracket_single-4-mesh-normals-array" count="1620">-1 1.1399e-5 0 -1 1.54914e-5 0 -1 0 0 -1 4.54215e-5 0 -1 -2.90606e-5 0 -1 1.40904e-5 0 -1 2.70488e-6 0 -1 -3.55078e-5 0 -1 4.23232e-5 0 -1 -3.54129e-5 0 -1 -1.05898e-5 0 -1 -2.13074e-5 0 -1 3.99872e-5 0 -1 -1.34157e-5 0 -1 -1.36058e-5 0 -1 -2.30508e-5 0 -1 1.72049e-5 0 -1 -2.74871e-5 0 -1 2.13111e-5 0 -1 3.44764e-5 0 -1 -4.34476e-5 0 -1 -6.7714e-5 0 -1 5.34759e-5 0 -1 -4.59686e-5 0 -1 2.60779e-6 0 -1 1.36058e-5 0 -1 2.98758e-5 0 -1 -2.78947e-6 0 -1 6.11877e-5 0 -1 -4.53687e-5 0 -1 2.08107e-5 0 -1 -1.54919e-5 0 -1 -4.54215e-5 0 -1 8.06517e-5 0 -1 -6.11877e-5 0 -1 2.78947e-6 0 -1 -2.98758e-5 0 -1 -2.51733e-5 0 -1 3.55104e-5 0 -1 -2.70471e-6 0 -1 3.19604e-6 0 -1 -6.59674e-5 0 -1 1.88985e-4 0 -1 -8.75914e-5 0 -1 6.83878e-5 0 -1 9.18099e-6 0 -1 7.75561e-6 0 -1 -8.78123e-6 0 -1 1.28483e-4 0 -1 -1.02335e-4 0 -1 2.11383e-5 0 -1 3.54129e-5 0 -1 -1.40904e-5 0 -1 2.90621e-5 0 -1 3.75016e-5 0 -1 -1.40847e-5 0 -1 -2.20817e-5 0 -1 9.22301e-6 0 -1 -2.58045e-5 0 -1.53593e-4 0 1 0 0 1 -1.13611e-4 0 1 4.72144e-5 0 1 2.47476e-5 0 1 -1.37144e-5 0 1 -3.99292e-6 0 1 -6.66197e-5 0 1 8.45413e-5 0 1 2.78647e-5 0 1 -1.44461e-5 0 1 9.51122e-5 0 1 -6.66139e-5 0 1 3.38712e-5 0 1 -8.83733e-6 0 1 -5.62218e-5 0 1 1.08193e-5 0 1 8.26173e-5 0 1 -5.40965e-6 0 1 -4.14277e-5 0 1 3.98153e-5 0 1 1.55648e-5 0 1 -1.78493e-4 0 1 1.28043e-4 0 1 1.40632e-5 0 1 -4.4444e-6 0 1 1.28027e-4 0 1 -1.7854e-4 0 1 -2.51256e-5 0 1 1.39184e-5 0 1 -2.02453e-6 0 1 4.02204e-5 0 1 -3.19602e-6 0 1 5.66951e-5 0 1 -6.25649e-6 0 1 -3.95803e-5 0 1 6.34262e-5 0 1 7.8064e-5 0 1 -3.95762e-5 0 1 -1.04319e-5 0 1 1.80722e-4 0 1 -1.57327e-5 0 1 1.80759e-4 0 1 -1.26893e-4 0 1 -1.5991e-4 0 1 -2.13088e-5 0 1 -5.6306e-5 0 1 1.54595e-4 0 1 9.19287e-5 0 1 3.00816e-5 0 1 -1.26921e-4 0 1 -1.237e-5 0 1 -8.47044e-6 0 1 -2.32345e-5 0 1 0 0 -1 4.24714e-6 0 -1 -8.99604e-5 0 -1 -2.33872e-5 0 -1 -5.62325e-6 0 -1 -1.25205e-6 0 -1 1.23758e-5 0 -1 1.49142e-4 0 -1 4.35719e-6 0 -1 -3.81334e-5 0 -1 4.35718e-6 0 -1 9.3213e-6 0 -1 -3.71579e-5 0 -1 -1.36256e-4 0 -1 -3.13063e-5 0 -1 -5.0597e-5 0 -1 1.23751e-5 0 -1 -2.01355e-5 0 -1 6.9548e-6 0 -1 -1.30804e-4 0 -1 -8.48994e-6 0 -1 1.2424e-5 0 -1 1.36799e-4 0 -1 -1.16464e-4 0 -1 8.07458e-5 0 -1 2.60037e-5 0 -1 -1.23754e-5 0 -1 -1.12534e-5 0 -1 -4.29516e-5 0 -1 5.03025e-5 0 -1 8.07383e-5 0 -1 -4.03152e-5 0 -1 4.1296e-6 0 -1 6.29945e-6 0 -1 -6.25653e-6 0 -1 -6.7448e-5 0 -1 1.74118e-5 0 -1 -1.56946e-4 0 -1 -1.12539e-5 0 -1 -8.46113e-6 0 -1 5.03279e-6 0 -1 7.47085e-6 0 -1 -1.11141e-5 0 -1 9.80554e-6 0 -1 -1.24358e-5 0 -1 1.10705e-4 0 -1 -6.49642e-5 0 -1 2.60009e-5 0 -1 5.70926e-6 0 -1 4.12959e-6 0 -1 1.24209e-5 0 -1 -8.49251e-6 0 -1 -4.68727e-6 0 -1 1 0 0 1 -1.3912e-5 0 1 3.93701e-5 0 1 -1.44205e-5 0 1 -7.31144e-6 0 1 7.06914e-5 0 1 -4.66683e-4 0 1 -3.85624e-5 0 1 4.47387e-5 0 1 1.44009e-4 0 1 5.00021e-5 0 1 -6.40188e-5 0 1 -1.50566e-5 0 1 -2.2753e-5 0 1 1.36775e-5 0 1 -7.53064e-7 0 1 2.45048e-5 0 1 -2.44114e-5 0 1 4.15353e-6 0 1 -8.18036e-6 0 1 4.54441e-5 0 1 -3.58595e-5 0 1 -4.15357e-6 0 1 4.37978e-6 0 1 1.52243e-5 0 1 -1.52247e-5 0 1 -4.44202e-6 0 1 1.58044e-6 0 1 -1.90051e-5 0 1 -2.36435e-5 0 1 1.28997e-5 0 1 1.44206e-5 0 1 -2.02986e-5 0 1 1.02889e-5 0 1 -3.99548e-6 0 1 4.69969e-5 0 1 -2.31776e-5 0 1 2.81842e-5 0 1 8.27928e-6 0 1 6.83079e-5 0 1 3.85624e-5 0 1 -2.79608e-5 0 0.9999945 0.003358721 0 1 6.92931e-5 0 1 -4.37941e-5 0 1 -1.5805e-6 0 1 4.44202e-6 0 1 5.84691e-6 0 1 -5.8471e-6 0 1 1.32376e-5 0 1 -5.76443e-6 0 1 2.2753e-5 0 1 -6.83079e-5 0 6.20881e-6 0 1 0 -1 0 0 -1 4.70719e-6 0 -1 -6.17631e-6 0 -1 3.8602e-6 0 -1 -2.35358e-6 0 -1 -8.53128e-7 0 -1 3.41252e-6 0 -1 -9.16664e-6 0 -1 1.61564e-5 0 -1 -6.88892e-6 0 -1 7.31043e-7 0 -1 1.26818e-5 0 -1 -4.98627e-6 0 -1 -1.02235e-6 0 -1 -5.74069e-7 -0.03924775 0 0.9992296 -0.03926295 0 0.999229 -0.1175302 0 0.9930693 -0.1175453 0 0.9930676 -0.1950837 0 0.9807866 -0.1950984 0 0.9807837 -0.2714338 0 0.9624571 -0.2714378 0 0.9624561 -0.3461007 0 0.9381974 -0.3461592 0 0.9381759 -0.4186377 0 0.9081534 -0.4186628 0 0.9081419 -0.4886136 0 0.8725004 -0.4886399 0 0.8724855 -0.5555562 0 0.8314791 -0.5555772 0 0.8314651 -0.6190897 0 0.7853204 -0.6788067 0 0.7343171 -0.6787941 0 0.7343287 -0.7343211 0 0.6788023 -0.7343352 0 0.6787871 -0.7853079 0 0.6191055 -0.7853196 0 0.6190907 -0.8314768 0 0.5555596 -0.8314639 0 0.555579 -0.8724935 0 0.4886258 -0.8725007 0 0.4886129 -0.9081406 0 0.4186654 -0.9081474 0 0.4186508 -0.9381894 0 0.3461223 -0.938193 0 0.3461124 -0.962454 0 0.2714448 -0.962455 0 0.2714413 -0.9807867 0 0.1950834 -0.9807841 0 0.1950969 -0.9930685 0 0.1175377 -0.9930686 0 0.1175359 -0.9992291 0 0.03925853 -0.999229 0 0.03925973 0 1 -1.24145e-4 0 1 0 0 1 -2.20729e-5 0 1 8.30777e-6 0 1 1.34678e-6 0 1 8.92725e-6 0 1 1.34679e-6 0 1 -3.60863e-6 0 1 2.35515e-6 0 1 -8.54816e-7 -0.03924834 0 0.9992295 -0.3461542 0 0.9381777 -0.4886432 0 0.8724838 -0.5555632 0 0.8314744 -0.5555737 0 0.8314673 -0.619086 0 0.7853232 -0.7853158 0 0.6190954 -0.8724975 0 0.4886187 -0.9081391 0 0.4186685 0 1 6.64833e-6 0 1 8.17876e-6 0 1 6.88892e-6 0 1 2.55938e-6 0 1 9.16653e-7 0 1 -1.61564e-5 0 1 5.11878e-6 0 1 -3.1381e-6 0 1 -3.08816e-6 0 1 -4.03916e-6 0 1 1.72221e-6 0 1 1.83991e-6 0 1 4.15523e-6 0 -1 -7.00177e-5 0 -1 -5.02702e-6 0 -1 1.20289e-6 0 -1 -6.89767e-7 0 -1 2.69357e-6 0 -1 3.53272e-6 0 -1 -3.60863e-6 0 -1 1.00541e-5 0 -1 -1.07743e-5 0 -1 1.78545e-5 0 -1 -2.73541e-5 0 -1 1.66155e-5 0 -1 5.51822e-6 0 0.08711767 0.9961981 0 0.08710801 0.9961989 0 0.2588715 0.9659118 0 0.2588166 0.9659265 0 0.4226464 0.9062947 0 0.4226478 0.9062941 0 0.5735009 0.819205 0 0.5735532 0.8191684 0 0.7071564 0.7070572 0 0.7071015 0.707112 0 0.8191419 0.573591 0 0.8191431 0.5735894 0 0.9063436 0.4225417 0 0.9063009 0.4226331 0 0.9659025 0.258906 0 0.9659304 0.2588022 0 0.9962048 0.08704024 0 0.9961856 0.08726054 0 0.9961849 -0.08726841 0 0.9962043 -0.08704751 0 0.9659304 -0.2588022 0 0.9659025 -0.258906 0 0.9063009 -0.4226331 0 0.9063436 -0.4225417 0 0.8191419 -0.573591 0 0.8191431 -0.5735894 0 0.7071008 -0.7071129 0 0.7071572 -0.7070564 0 0.5736104 -0.8191283 0 0.573558 -0.8191649 0 0.4225764 -0.9063274 0 0.4225778 -0.9063267 0 0.2588158 -0.9659268 0 0.2588723 -0.9659116 0 0.08719301 -0.9961915 0 0.08720272 -0.9961906 0 -0.08719301 -0.9961915 0 -0.2588437 -0.9659193 0 -0.2588723 -0.9659116 0 -0.4225338 -0.9063473 0 -0.4225778 -0.9063267 0 -0.5736104 -0.8191283 0 -0.573558 -0.8191649 0 -0.7071564 -0.7070572 0 -0.7071015 -0.707112 0 -0.8191419 -0.573591 0 -0.8191954 -0.5735147 0 -0.9063009 -0.4226331 0 -0.9659304 -0.2588022 0 -0.9659025 -0.258906 0 -0.9961946 -0.08715796 0 -0.9961951 0.08715069 0 -0.9961953 0.08715009 0 -0.9659025 0.258906 0 -0.9659304 0.2588022 0 -0.9063009 0.4226331 0 -0.8191941 0.5735163 0 -0.8191431 0.5735894 0 -0.7071008 0.7071129 0 -0.7071572 0.7070564 0 -0.5735009 0.819205 0 -0.5735532 0.8191684 0 -0.4226464 0.9062947 0 -0.4226052 0.906314 0 -0.2588715 0.9659118 0 -0.2588444 0.9659191 0 -0.08710801 0.9961989 0 0.08720272 0.9961906 0 0.08719301 0.9961915 0 0.258792 0.9659332 0 0.2587372 0.9659479 0 0.573558 0.8191649 0 0.5736104 0.8191283 0 0.7071138 0.7070998 0 0.707059 0.7071546 0 0.8191699 0.5735509 0 0.8191711 0.5735493 0 0.906328 0.422575 0 0.9062854 0.4226665 0 0.9659082 0.2588852 0 0.9659365 0.2587796 0 0.9962043 0.08704751 0 0.9961849 0.08726841 0 0.965936 -0.2587813 0 0.9659087 -0.2588834 0 0.9062854 -0.4226665 0 0.906328 -0.422575 0 0.8191699 -0.5735509 0 0.8191711 -0.5735493 0 0.7070581 -0.7071555 0 0.7071146 -0.707099 0 0.4226464 -0.9062947 0 0.4226478 -0.9062941 0 0.2587363 -0.965948 0 0.2587928 -0.9659329 0 -0.2587642 -0.9659406 0 -0.2587928 -0.9659329 0 -0.4226037 -0.9063146 0 -0.4226478 -0.9062941 0 -0.7071138 -0.7070998 0 -0.707059 -0.7071546 0 -0.8191699 -0.5735509 0 -0.8192234 -0.5734746 0 -0.9062854 -0.4226665 0 -0.965936 -0.2587813 0 -0.9659087 -0.2588834 0 -0.9961946 0.08715796 0 -0.9659082 0.2588852 0 -0.9659365 0.2587796 0 -0.9062854 0.4226665 0 -0.8192223 0.5734763 0 -0.8191711 0.5735493 0 -0.7070581 0.7071555 0 -0.7071146 0.707099 0 -0.573558 0.8191649 0 -0.5736104 0.8191283 0 -0.258792 0.9659332 0 -0.258765 0.9659404 0 -0.08719301 0.9961915 0.9961994 0.08710271 0 0.9961946 0.08715796 0 0.9659183 0.2588471 0 0.9659202 0.2588402 0 0.9063141 0.4226047 0 0.9062941 0.4226478 0 0.8191545 0.573573 0 0.819159 0.5735664 0 0.7071068 0.7071068 0 0.7071102 0.7071033 0 0.5735819 0.8191483 0 0.5736127 0.8191267 0 0.4225894 0.9063214 0 0.4226136 0.9063101 0 0.2588047 0.9659297 0 0.2588186 0.965926 0 0.08715051 0.9961951 0 -0.08715534 0.9961947 0 -0.08715051 0.9961951 0 -0.2588047 0.9659297 0 -0.2588186 0.965926 0 -0.4225894 0.9063214 0 -0.4226136 0.9063101 0 -0.5736081 0.8191301 0 -0.5736127 0.8191267 0 -0.7070789 0.7071346 0 -0.7071102 0.7071033 0 -0.8191545 0.573573 0 -0.819159 0.5735664 0 -0.9063141 0.4226047 0 -0.9062941 0.4226478 0 -0.9659183 0.2588471 0 -0.9659342 0.2587882 0 -0.9961946 0.08715796 0 -0.9961949 -0.08715432 0 -0.996195 -0.08715313 0 -0.9659304 -0.2588022 0 -0.9659165 -0.2588541 0 -0.9063016 -0.4226319 0 -0.9063228 -0.4225861 0 -0.8191545 -0.573573 0 -0.819159 -0.5735664 0 -0.7071068 -0.7071068 0 -0.7070825 -0.7071312 0 -0.57358 -0.8191496 0 -0.5735847 -0.8191463 0 -0.4226478 -0.9062941 0 -0.4226265 -0.9063041 0 -0.2588186 -0.965926 0 -0.2588047 -0.9659297 0 -0.08715051 -0.9961951 0 -0.08715534 -0.9961947 0 0.08715051 -0.9961951 0 0.2588186 -0.965926 0 0.2588047 -0.9659297 0 0.4226478 -0.9062941 0 0.4226265 -0.9063041 0 0.57358 -0.8191496 0 0.5735586 -0.8191647 0 0.7071068 -0.7071068 0 0.7071102 -0.7071033 0 0.8191545 -0.573573 0 0.819159 -0.5735664 0 0.9063016 -0.4226319 0 0.9063228 -0.4225861 0 0.9659165 -0.2588541 0 0.9961949 -0.08715432 0 0.9961998 -0.08709788 0 0.9659323 0.2587952 0 0.9062929 0.4226505 0 0.9063047 0.422625 0 0.8191676 0.5735543 0 0.7070825 0.7071312 0 0.5736081 0.8191301 0 0.5735996 0.8191359 0 0.4226107 0.9063113 0 0.4226029 0.906315 0 0.2588117 0.9659279 0 0.08715295 0.996195 0 -0.2588117 0.9659279 0 -0.4226 0.9063164 0 -0.4225922 0.90632 0 -0.5735949 0.8191391 0 -0.7071068 0.7071068 0 -0.8191414 0.5735917 0 -0.9659253 0.2588212 0 -0.9659234 -0.2588281 0 -0.819146 -0.5735852 0 -0.7071102 -0.7071033 0 -0.5735716 -0.8191555 0 -0.4226371 -0.906299 0 -0.2588117 -0.9659279 0 0.08715295 -0.996195 0 0.2588117 -0.9659279 0 0.4226371 -0.906299 0 0.5735669 -0.8191587 0 0.5735847 -0.8191463 0 0.7070789 -0.7071346 0 0.8191722 -0.5735478 0 0.9063122 -0.422609 0 0.9659304 -0.2588022 0 0.996195 -0.08715313 0</float_array>
          <technique_common>
            <accessor source="#MMO_700_dual_-_bracket_single-4-mesh-normals-array" count="540" stride="3">
              <param name="X" type="float"/>
              <param name="Y" type="float"/>
              <param name="Z" type="float"/>
            </accessor>
          </technique_common>
        </source>
        <vertices id="MMO_700_dual_-_bracket_single-4-mesh-vertices">
          <input semantic="POSITION" source="#MMO_700_dual_-_bracket_single-4-mesh-positions"/>
        </vertices>
        <triangles count="772">
          <input semantic="VERTEX" source="#MMO_700_dual_-_bracket_single-4-mesh-vertices" offset="0"/>
          <input semantic="NORMAL" source="#MMO_700_dual_-_bracket_single-4-mesh-normals" offset="1"/>
          <p>0 0 1 0 2 0 0 1 3 1 4 1 5 2 6 2 7 2 2 3 8 3 0 3 0 4 8 4 9 4 0 5 9 5 10 5 10 2 11 2 0 2 0 6 11 6 12 6 0 7 12 7 13 7 13 2 14 2 0 2 0 8 14 8 15 8 0 9 15 9 16 9 7 2 6 2 17 2 17 10 6 10 18 10 17 11 18 11 19 11 19 12 20 12 17 12 17 13 20 13 21 13 17 14 21 14 22 14 4 2 23 2 0 2 0 15 23 15 24 15 0 16 24 16 25 16 26 2 27 2 7 2 7 17 27 17 28 17 7 18 28 18 5 18 22 2 29 2 17 2 17 19 29 19 30 19 17 20 30 20 31 20 32 2 33 2 34 2 35 21 36 21 34 21 37 22 38 22 7 22 38 23 39 23 7 23 7 24 39 24 40 24 7 25 40 25 26 25 31 2 41 2 17 2 17 26 41 26 42 26 17 27 42 27 34 27 34 28 42 28 43 28 34 29 43 29 32 29 33 2 44 2 34 2 34 30 44 30 45 30 34 31 45 31 46 31 47 2 48 2 49 2 1 2 0 2 50 2 50 2 0 2 34 2 50 32 34 32 51 32 25 33 52 33 0 33 0 34 52 34 53 34 0 35 53 35 7 35 7 36 53 36 54 36 7 37 54 37 37 37 36 2 55 2 34 2 34 38 55 38 56 38 34 39 56 39 57 39 3 2 0 2 58 2 58 40 0 40 16 40 58 41 16 41 49 41 49 42 16 42 59 42 49 43 59 43 60 43 60 44 61 44 49 44 49 45 61 45 62 45 49 46 62 46 47 46 63 2 64 2 46 2 46 47 64 47 65 47 65 48 66 48 46 48 46 49 66 49 67 49 46 2 67 2 34 2 34 50 67 50 68 50 34 51 68 51 35 51 57 2 69 2 34 2 34 52 69 52 70 52 34 53 70 53 51 53 48 54 71 54 49 54 49 55 71 55 72 55 49 2 72 2 73 2 73 56 72 56 74 56 73 2 74 2 46 2 46 57 74 57 75 57 46 58 75 58 63 58 76 59 77 59 78 59 77 60 76 60 79 60 79 60 76 60 80 60 79 60 80 60 81 60 82 61 83 61 84 61 85 62 86 62 76 62 87 63 88 63 34 63 34 64 88 64 89 64 34 65 89 65 90 65 91 60 92 60 80 60 80 66 92 66 93 66 80 67 93 67 81 67 83 60 94 60 84 60 84 68 94 68 95 68 84 69 95 69 96 69 78 60 97 60 76 60 76 70 97 70 98 70 76 71 98 71 99 71 82 60 84 60 100 60 100 72 84 72 101 72 100 73 101 73 102 73 103 60 104 60 80 60 80 74 104 74 105 74 80 75 105 75 91 75 99 76 106 76 76 76 76 77 106 77 107 77 76 78 107 78 108 78 90 79 109 79 34 79 34 80 109 80 110 80 34 60 110 60 80 60 80 81 110 81 111 81 80 82 111 82 103 82 96 60 112 60 84 60 84 83 112 83 113 83 84 60 113 60 114 60 114 84 113 84 115 84 114 60 115 60 116 60 116 60 115 60 117 60 108 60 118 60 76 60 76 85 118 85 119 85 76 86 119 86 120 86 86 87 121 87 76 87 76 88 121 88 122 88 76 89 122 89 123 89 124 60 125 60 0 60 0 90 125 90 126 90 85 60 76 60 127 60 127 91 76 91 120 91 127 60 120 60 115 60 115 92 120 92 128 92 115 93 128 93 117 93 126 60 129 60 0 60 0 94 129 94 130 94 0 95 130 95 131 95 132 60 34 60 133 60 133 60 34 60 134 60 132 96 135 96 34 96 34 97 135 97 136 97 34 98 136 98 137 98 34 99 138 99 100 99 123 60 139 60 76 60 76 100 139 100 140 100 76 60 140 60 0 60 0 101 140 101 141 101 0 102 141 102 124 102 131 103 142 103 0 103 0 104 142 104 143 104 0 60 143 60 34 60 34 105 143 105 144 105 34 106 144 106 134 106 137 107 145 107 34 107 34 108 145 108 146 108 34 109 146 109 138 109 102 60 147 60 100 60 100 110 147 110 148 110 100 60 148 60 34 60 34 111 148 111 149 111 34 112 149 112 87 112 150 113 151 113 152 113 153 113 154 113 155 113 155 114 154 114 152 114 155 113 152 113 156 113 156 115 152 115 151 115 153 113 157 113 154 113 154 116 157 116 158 116 154 117 158 117 159 117 160 113 161 113 154 113 162 113 163 113 154 113 154 118 163 118 164 118 154 119 164 119 165 119 166 113 167 113 168 113 169 120 170 120 171 120 171 121 170 121 172 121 171 122 172 122 173 122 167 113 174 113 168 113 168 123 174 123 175 123 168 124 175 124 176 124 176 113 177 113 168 113 168 125 177 125 178 125 168 113 178 113 171 113 171 126 178 126 179 126 171 127 179 127 169 127 180 128 181 128 152 128 152 129 181 129 182 129 182 113 183 113 152 113 152 130 183 130 184 130 152 131 184 131 185 131 161 132 186 132 154 132 154 133 186 133 187 133 154 134 187 134 188 134 173 135 189 135 171 135 171 136 189 136 190 136 171 137 190 137 191 137 192 113 193 113 194 113 159 113 195 113 154 113 154 138 195 138 196 138 154 139 196 139 160 139 191 113 197 113 171 113 171 140 197 140 198 140 171 113 198 113 152 113 152 141 198 141 199 141 152 142 199 142 180 142 200 113 201 113 168 113 168 143 201 143 202 143 168 144 202 144 166 144 162 113 154 113 203 113 203 145 154 145 188 145 203 113 188 113 194 113 194 146 188 146 204 146 194 147 204 147 192 147 152 148 205 148 206 148 165 113 207 113 154 113 154 149 207 149 208 149 154 113 208 113 168 113 168 150 208 150 209 150 168 151 209 151 200 151 193 113 210 113 194 113 194 152 210 152 211 152 194 153 211 153 212 153 185 154 213 154 214 154 214 155 215 155 185 155 185 156 215 156 216 156 185 157 216 157 217 157 206 158 218 158 152 158 152 159 218 159 219 159 152 160 219 160 150 160 217 113 220 113 185 113 185 161 220 161 221 161 185 162 221 162 152 162 152 163 221 163 222 163 152 164 222 164 205 164 212 165 223 165 194 165 194 113 223 113 224 113 194 113 224 113 185 113 185 113 224 113 225 113 185 113 225 113 213 113 226 166 227 166 228 166 229 166 230 166 152 166 152 167 230 167 231 167 232 168 233 168 234 168 234 169 233 169 235 169 234 170 235 170 236 170 237 171 238 171 239 171 239 172 238 172 240 172 239 166 240 166 241 166 242 173 243 173 244 173 244 174 243 174 245 174 241 175 246 175 239 175 239 176 246 176 247 176 239 177 247 177 248 177 249 166 250 166 234 166 234 178 250 178 251 178 152 179 252 179 238 179 231 166 253 166 152 166 152 180 253 180 254 180 152 181 254 181 243 181 243 182 254 182 255 182 243 183 255 183 245 183 242 166 256 166 243 166 243 184 256 184 257 184 243 185 257 185 258 185 243 166 259 166 234 166 234 186 259 186 260 186 234 187 260 187 232 187 236 166 261 166 234 166 234 188 261 188 262 188 234 189 262 189 263 189 264 166 265 166 154 166 154 190 265 190 266 190 152 191 267 191 268 191 268 166 269 166 152 166 152 192 269 192 270 192 152 193 270 193 271 193 237 166 272 166 238 166 238 194 272 194 273 194 238 166 273 166 152 166 152 195 273 195 274 195 152 196 274 196 229 196 258 166 275 166 243 166 243 197 275 197 276 197 243 198 276 198 259 198 248 166 277 166 239 166 239 199 277 199 278 199 239 166 278 166 279 166 279 200 278 200 228 200 279 166 228 166 280 166 280 166 228 166 227 166 251 201 281 201 234 201 234 202 281 202 282 202 234 203 282 203 283 203 284 166 285 166 154 166 271 166 286 166 152 166 152 204 286 204 287 204 152 205 287 205 252 205 263 206 288 206 234 206 234 207 288 207 289 207 234 166 289 166 249 166 249 208 289 208 290 208 249 166 290 166 228 166 228 209 290 209 291 209 228 210 291 210 226 210 285 166 292 166 154 166 154 211 292 211 293 211 154 212 293 212 264 212 266 166 294 166 154 166 154 213 294 213 295 213 154 166 295 166 152 166 152 214 295 214 296 214 152 215 296 215 267 215 283 166 297 166 234 166 234 216 297 216 298 216 234 166 298 166 154 166 154 217 298 217 299 217 154 218 299 218 284 218 300 60 243 60 17 60 17 60 243 60 234 60 17 219 234 219 7 219 7 60 234 60 301 60 302 2 168 2 76 2 76 2 168 2 171 2 76 2 171 2 80 2 80 2 171 2 303 2 304 220 303 220 171 220 305 220 306 220 152 220 152 221 306 221 307 221 307 222 308 222 152 222 152 223 308 223 309 223 152 224 309 224 310 224 311 220 312 220 152 220 152 220 312 220 313 220 152 225 313 225 305 225 310 220 314 220 152 220 152 226 314 226 315 226 152 227 315 227 316 227 316 228 317 228 152 228 152 229 317 229 318 229 152 230 318 230 171 230 171 220 318 220 319 220 171 220 319 220 304 220 300 231 320 231 243 231 243 232 320 232 321 232 243 220 321 220 152 220 152 233 321 233 322 233 152 234 322 234 311 234 80 235 303 235 323 235 323 236 303 236 304 236 323 237 304 237 324 237 324 238 304 238 319 238 324 239 319 239 325 239 325 240 319 240 318 240 325 241 318 241 326 241 326 242 318 242 317 242 326 243 317 243 327 243 327 244 317 244 316 244 327 245 316 245 328 245 328 246 316 246 315 246 328 247 315 247 329 247 329 248 315 248 314 248 329 249 314 249 330 249 330 250 314 250 310 250 330 251 310 251 331 251 331 251 310 251 309 251 331 252 309 252 332 252 332 253 309 253 308 253 332 254 308 254 333 254 333 255 308 255 307 255 333 256 307 256 334 256 334 257 307 257 306 257 334 258 306 258 335 258 335 259 306 259 305 259 335 260 305 260 336 260 336 261 305 261 313 261 336 262 313 262 337 262 337 263 313 263 312 263 337 264 312 264 338 264 338 265 312 265 311 265 338 266 311 266 339 266 339 267 311 267 322 267 339 268 322 268 340 268 340 269 322 269 321 269 340 270 321 270 341 270 341 271 321 271 320 271 341 272 320 272 17 272 17 273 320 273 300 273 34 274 80 274 323 274 332 275 333 275 34 275 323 275 324 275 34 275 34 276 324 276 325 276 34 277 325 277 326 277 333 275 334 275 34 275 34 275 334 275 335 275 34 278 335 278 336 278 326 275 327 275 34 275 34 279 327 279 328 279 34 280 328 280 329 280 329 275 330 275 34 275 34 281 330 281 331 281 34 282 331 282 332 282 336 275 337 275 34 275 34 283 337 283 338 283 34 275 338 275 339 275 339 275 340 275 34 275 34 275 340 275 341 275 34 275 341 275 17 275 302 284 76 284 342 284 342 236 76 236 343 236 342 237 343 237 344 237 344 238 343 238 345 238 344 239 345 239 346 239 346 240 345 240 347 240 346 242 347 242 348 242 348 241 347 241 349 241 348 243 349 243 350 243 350 285 349 285 351 285 350 245 351 245 352 245 352 246 351 246 353 246 352 247 353 247 354 247 354 286 353 286 355 286 354 287 355 287 356 287 356 288 355 288 357 288 356 289 357 289 358 289 358 251 357 251 359 251 358 252 359 252 360 252 360 253 359 253 361 253 360 254 361 254 362 254 362 255 361 255 363 255 362 256 363 256 364 256 364 290 363 290 365 290 364 258 365 258 366 258 366 259 365 259 367 259 366 260 367 260 368 260 368 291 367 291 369 291 368 292 369 292 370 292 370 263 369 263 371 263 370 264 371 264 372 264 372 265 371 265 373 265 372 267 373 267 374 267 374 266 373 266 375 266 374 268 375 268 376 268 376 269 375 269 377 269 376 271 377 271 378 271 378 270 377 270 379 270 378 272 379 272 301 272 301 273 379 273 7 273 378 275 301 275 234 275 362 275 364 275 154 275 362 275 154 275 360 275 302 275 342 275 168 275 168 293 342 293 344 293 168 275 344 275 154 275 154 294 344 294 346 294 154 295 346 295 348 295 364 275 366 275 154 275 154 296 366 296 368 296 154 297 368 297 370 297 348 298 350 298 154 298 154 275 350 275 352 275 154 299 352 299 354 299 354 275 356 275 154 275 154 300 356 300 358 300 154 301 358 301 360 301 370 302 372 302 154 302 154 303 372 303 374 303 154 275 374 275 234 275 234 304 374 304 376 304 234 305 376 305 378 305 343 220 76 220 0 220 343 306 0 306 345 306 0 220 7 220 379 220 367 307 365 307 0 307 0 308 365 308 363 308 379 220 377 220 0 220 0 309 377 309 375 309 0 220 375 220 373 220 373 220 371 220 0 220 0 220 371 220 369 220 0 310 369 310 367 310 363 220 361 220 0 220 0 311 361 311 359 311 0 312 359 312 357 312 357 313 355 313 0 313 0 314 355 314 353 314 0 315 353 315 351 315 351 316 349 316 0 316 0 317 349 317 347 317 0 318 347 318 345 318 272 319 49 319 273 319 273 320 49 320 73 320 273 321 73 321 274 321 274 322 73 322 46 322 274 323 46 323 229 323 229 324 46 324 45 324 229 325 45 325 230 325 230 326 45 326 44 326 230 327 44 327 231 327 231 328 44 328 33 328 231 329 33 329 253 329 253 330 33 330 32 330 253 331 32 331 254 331 254 332 32 332 43 332 254 333 43 333 255 333 255 334 43 334 42 334 255 335 42 335 245 335 245 336 42 336 41 336 245 337 41 337 244 337 244 338 41 338 31 338 244 339 31 339 242 339 242 340 31 340 30 340 242 341 30 341 256 341 256 342 30 342 29 342 256 343 29 343 257 343 257 344 29 344 22 344 257 345 22 345 258 345 258 346 22 346 21 346 258 347 21 347 275 347 275 348 21 348 20 348 275 349 20 349 276 349 276 350 20 350 19 350 276 351 19 351 259 351 259 352 19 352 18 352 259 353 18 353 260 353 260 354 18 354 6 354 260 355 6 355 232 355 232 355 6 355 5 355 232 356 5 356 233 356 233 357 5 357 28 357 233 358 28 358 235 358 235 359 28 359 27 359 235 360 27 360 236 360 236 361 27 361 26 361 236 362 26 362 261 362 261 363 26 363 40 363 261 364 40 364 262 364 262 365 40 365 39 365 262 366 39 366 263 366 263 366 39 366 38 366 263 367 38 367 288 367 288 368 38 368 37 368 288 369 37 369 289 369 289 369 37 369 54 369 289 370 54 370 290 370 290 371 54 371 53 371 290 372 53 372 291 372 291 373 53 373 52 373 291 374 52 374 226 374 226 374 52 374 25 374 226 375 25 375 227 375 227 376 25 376 24 376 227 377 24 377 280 377 280 378 24 378 23 378 280 379 23 379 279 379 279 380 23 380 4 380 279 381 4 381 239 381 239 382 4 382 3 382 239 383 3 383 237 383 237 384 3 384 58 384 237 385 58 385 272 385 272 385 58 385 49 385 295 386 1 386 296 386 296 387 1 387 50 387 296 388 50 388 267 388 267 389 50 389 51 389 267 323 51 323 268 323 268 324 51 324 70 324 268 390 70 390 269 390 269 391 70 391 69 391 269 392 69 392 270 392 270 393 69 393 57 393 270 394 57 394 271 394 271 395 57 395 56 395 271 396 56 396 286 396 286 397 56 397 55 397 286 398 55 398 287 398 287 399 55 399 36 399 287 400 36 400 252 400 252 401 36 401 35 401 252 337 35 337 238 337 238 338 35 338 68 338 238 402 68 402 240 402 240 403 68 403 67 403 240 404 67 404 241 404 241 405 67 405 66 405 241 406 66 406 246 406 246 407 66 407 65 407 246 408 65 408 247 408 247 409 65 409 64 409 247 347 64 347 248 347 248 348 64 348 63 348 248 410 63 410 277 410 277 411 63 411 75 411 277 412 75 412 278 412 278 413 75 413 74 413 278 353 74 353 228 353 228 354 74 354 72 354 228 355 72 355 249 355 249 355 72 355 71 355 249 414 71 414 250 414 250 415 71 415 48 415 250 416 48 416 251 416 251 417 48 417 47 417 251 360 47 360 281 360 281 361 47 361 62 361 281 418 62 418 282 418 282 419 62 419 61 419 282 420 61 420 283 420 283 421 61 421 60 421 283 422 60 422 297 422 297 422 60 422 59 422 297 423 59 423 298 423 298 424 59 424 16 424 298 369 16 369 299 369 299 369 16 369 15 369 299 425 15 425 284 425 284 425 15 425 14 425 284 426 14 426 285 426 285 427 14 427 13 427 285 428 13 428 292 428 292 428 13 428 12 428 292 429 12 429 293 429 293 430 12 430 11 430 293 431 11 431 264 431 264 432 11 432 10 432 264 433 10 433 265 433 265 434 10 434 9 434 265 381 9 381 266 381 266 382 9 382 8 382 266 435 8 435 294 435 294 436 8 436 2 436 294 437 2 437 295 437 295 437 2 437 1 437 224 438 115 438 225 438 225 439 115 439 113 439 225 440 113 440 213 440 213 441 113 441 112 441 213 442 112 442 214 442 214 443 112 443 96 443 214 444 96 444 215 444 215 445 96 445 95 445 215 446 95 446 216 446 216 447 95 447 94 447 216 448 94 448 217 448 217 449 94 449 83 449 217 450 83 450 220 450 220 451 83 451 82 451 220 452 82 452 221 452 221 453 82 453 100 453 221 454 100 454 222 454 222 454 100 454 138 454 222 455 138 455 205 455 205 456 138 456 146 456 205 457 146 457 206 457 206 458 146 458 145 458 206 459 145 459 218 459 218 460 145 460 137 460 218 461 137 461 219 461 219 462 137 462 136 462 219 463 136 463 150 463 150 464 136 464 135 464 150 465 135 465 151 465 151 466 135 466 132 466 151 467 132 467 156 467 156 468 132 468 133 468 156 469 133 469 155 469 155 470 133 470 134 470 155 471 134 471 153 471 153 471 134 471 144 471 153 472 144 472 157 472 157 473 144 473 143 473 157 474 143 474 158 474 158 475 143 475 142 475 158 476 142 476 159 476 159 477 142 477 131 477 159 478 131 478 195 478 195 479 131 479 130 479 195 480 130 480 196 480 196 481 130 481 129 481 196 482 129 482 160 482 160 483 129 483 126 483 160 484 126 484 161 484 161 485 126 485 125 485 161 486 125 486 186 486 186 487 125 487 124 487 186 488 124 488 187 488 187 489 124 489 141 489 187 490 141 490 188 490 188 490 141 490 140 490 188 491 140 491 204 491 204 492 140 492 139 492 204 493 139 493 192 493 192 494 139 494 123 494 192 495 123 495 193 495 193 496 123 496 122 496 193 497 122 497 210 497 210 498 122 498 121 498 210 499 121 499 211 499 211 500 121 500 86 500 211 501 86 501 212 501 212 502 86 502 85 502 212 503 85 503 223 503 223 503 85 503 127 503 223 504 127 504 224 504 224 505 127 505 115 505 178 439 77 439 179 439 179 439 77 439 79 439 179 506 79 506 169 506 169 441 79 441 81 441 169 507 81 507 170 507 170 508 81 508 93 508 170 509 93 509 172 509 172 445 93 445 92 445 172 446 92 446 173 446 173 510 92 510 91 510 173 511 91 511 189 511 189 512 91 512 105 512 189 513 105 513 190 513 190 514 105 514 104 514 190 515 104 515 191 515 191 452 104 452 103 452 191 454 103 454 197 454 197 516 103 516 111 516 197 456 111 456 198 456 198 455 111 455 110 455 198 517 110 517 199 517 199 457 110 457 109 457 199 518 109 518 180 518 180 519 109 519 90 519 180 520 90 520 181 520 181 462 90 462 89 462 181 521 89 521 182 521 182 464 89 464 88 464 182 522 88 522 183 522 183 466 88 466 87 466 183 467 87 467 184 467 184 468 87 468 149 468 184 523 149 523 185 523 185 470 149 470 148 470 185 471 148 471 194 471 194 471 148 471 147 471 194 472 147 472 203 472 203 473 147 473 102 473 203 474 102 474 162 474 162 524 102 524 101 524 162 476 101 476 163 476 163 477 101 477 84 477 163 478 84 478 164 478 164 525 84 525 114 525 164 480 114 480 165 480 165 526 114 526 116 526 165 482 116 482 207 482 207 527 116 527 117 527 207 485 117 485 208 485 208 528 117 528 128 528 208 487 128 487 209 487 209 529 128 529 120 529 209 489 120 489 200 489 200 488 120 488 119 488 200 530 119 530 201 530 201 490 119 490 118 490 201 492 118 492 202 492 202 531 118 531 108 531 202 532 108 532 166 532 166 493 108 493 107 493 166 533 107 533 167 533 167 534 107 534 106 534 167 535 106 535 174 535 174 498 106 498 99 498 174 499 99 499 175 499 175 536 99 536 98 536 175 537 98 537 176 537 176 501 98 501 97 501 176 503 97 503 177 503 177 538 97 538 78 538 177 504 78 504 178 504 178 539 78 539 77 539</p>
        </triangles>
      </mesh>
    </geometry>
    <geometry id="MMO_700_dual_-_bracket_single-3-mesh" name="MMO_700_dual - bracket_single-3">
      <mesh>
        <source id="MMO_700_dual_-_bracket_single-3-mesh-positions">
          <float_array id="MMO_700_dual_-_bracket_single-3-mesh-positions-array" count="1140">0.317105 0.38211 0.7789515 0.329105 0.36961 0.7789515 0.3291658 0.3703046 0.7789515 0.3743462 0.3709781 0.7789515 0.3746409 0.37161 0.7789515 0.3820442 0.3703046 0.7789515 0.382105 0.36961 0.7789515 0.395105 0.38211 0.7789515 0.3293462 0.3709781 0.7789515 0.3296409 0.37161 0.7789515 0.3300408 0.3721811 0.7789515 0.3305339 0.3726742 0.7789515 0.331105 0.3730741 0.7789515 0.3317369 0.3733687 0.7789515 0.3324104 0.3735492 0.7789515 0.333105 0.37361 0.7789515 0.3337996 0.3735492 0.7789515 0.395105 0.35711 0.7789515 0.3820442 0.3689154 0.7789515 0.3818638 0.3682419 0.7789515 0.3815691 0.36761 0.7789515 0.3811691 0.3670389 0.7789515 0.3806762 0.3665458 0.7789515 0.3750408 0.3721811 0.7789515 0.3755338 0.3726742 0.7789515 0.376105 0.3730741 0.7789515 0.3811691 0.3721811 0.7789515 0.3815691 0.37161 0.7789515 0.3818638 0.3709781 0.7789515 0.380105 0.3661459 0.7789515 0.3794731 0.3658512 0.7789515 0.3787996 0.3656708 0.7789515 0.376105 0.3661459 0.7789515 0.3755338 0.3665458 0.7789515 0.317105 0.35711 0.7789515 0.333105 0.36561 0.7789515 0.3324104 0.3656708 0.7789515 0.3787996 0.3735492 0.7789515 0.3794731 0.3733687 0.7789515 0.380105 0.3730741 0.7789515 0.3806762 0.3726742 0.7789515 0.378105 0.36561 0.7789515 0.3774104 0.3656708 0.7789515 0.3767369 0.3658512 0.7789515 0.3750408 0.3670389 0.7789515 0.3746409 0.36761 0.7789515 0.3743462 0.3682419 0.7789515 0.3365691 0.37161 0.7789515 0.3368638 0.3709781 0.7789515 0.374105 0.36961 0.7789515 0.3291658 0.3689154 0.7789515 0.3293462 0.3682419 0.7789515 0.3767369 0.3733687 0.7789515 0.3774104 0.3735492 0.7789515 0.378105 0.37361 0.7789515 0.3317369 0.3658512 0.7789515 0.331105 0.3661459 0.7789515 0.3305339 0.3665458 0.7789515 0.3741658 0.3703046 0.7789515 0.3344731 0.3733687 0.7789515 0.335105 0.3730741 0.7789515 0.3356761 0.3726742 0.7789515 0.3361692 0.3721811 0.7789515 0.3365691 0.36761 0.7789515 0.3361692 0.3670389 0.7789515 0.3356761 0.3665458 0.7789515 0.335105 0.3661459 0.7789515 0.3344731 0.3658512 0.7789515 0.3337996 0.3656708 0.7789515 0.3300408 0.3670389 0.7789515 0.3296409 0.36761 0.7789515 0.3370442 0.3703046 0.7789515 0.337105 0.36961 0.7789515 0.3741658 0.3689154 0.7789515 0.3370442 0.3689154 0.7789515 0.3368638 0.3682419 0.7789515 0.317105 0.38211 0.8569515 0.317105 0.36961 0.8449515 0.317105 0.3703046 0.8448907 0.317105 0.3689154 0.8448907 0.317105 0.35711 0.8569515 0.317105 0.3682419 0.8447103 0.317105 0.3658512 0.7973196 0.317105 0.3661459 0.7979515 0.317105 0.37161 0.8374874 0.317105 0.3709781 0.7997103 0.317105 0.37161 0.7994156 0.317105 0.36761 0.8374874 0.317105 0.3670389 0.8378874 0.317105 0.3665458 0.8383803 0.317105 0.3661459 0.8389515 0.317105 0.3665458 0.8435227 0.317105 0.3670389 0.8440157 0.317105 0.36761 0.8444156 0.317105 0.3665458 0.7985227 0.317105 0.3670389 0.7990157 0.317105 0.36761 0.7994156 0.317105 0.3709781 0.8447103 0.317105 0.37161 0.8444156 0.317105 0.3721811 0.8440157 0.317105 0.3656708 0.7966461 0.317105 0.3709781 0.8371927 0.317105 0.3703046 0.8370123 0.317105 0.3656708 0.8416461 0.317105 0.3658512 0.8423196 0.317105 0.3661459 0.8429515 0.317105 0.3726742 0.8435227 0.317105 0.3730741 0.8429515 0.317105 0.3733687 0.8423196 0.317105 0.3658512 0.8395834 0.317105 0.3656708 0.8402569 0.317105 0.36561 0.8409515 0.317105 0.3682419 0.7997103 0.317105 0.3689154 0.7998908 0.317105 0.3721811 0.8378874 0.317105 0.36961 0.7999515 0.317105 0.3726742 0.8383803 0.317105 0.3730741 0.8389515 0.317105 0.3735492 0.8416461 0.317105 0.37361 0.8409515 0.317105 0.3735492 0.8402569 0.317105 0.3721811 0.7990157 0.317105 0.3726742 0.7985227 0.317105 0.3730741 0.7979515 0.317105 0.3735492 0.7952569 0.317105 0.3733687 0.7945834 0.317105 0.3730741 0.7939515 0.317105 0.3703046 0.7998908 0.317105 0.3733687 0.8395834 0.317105 0.3726742 0.7933804 0.317105 0.3721811 0.7928873 0.317105 0.37161 0.7924874 0.317105 0.36761 0.7924874 0.317105 0.3682419 0.7921928 0.317105 0.3689154 0.7920123 0.317105 0.3670389 0.7928873 0.317105 0.3665458 0.7933804 0.317105 0.3661459 0.7939515 0.317105 0.36561 0.7959515 0.317105 0.3733687 0.7973196 0.317105 0.3735492 0.7966461 0.317105 0.37361 0.7959515 0.317105 0.3709781 0.7921928 0.317105 0.3703046 0.7920123 0.317105 0.36961 0.7919515 0.317105 0.3658512 0.7945834 0.317105 0.3656708 0.7952569 0.317105 0.36961 0.8369515 0.317105 0.3689154 0.8370123 0.317105 0.3682419 0.8371927 0.305105 0.3670389 0.7928873 0.305105 0.36761 0.7924874 0.305105 0.35211 0.7669515 0.305105 0.36961 0.7919515 0.305105 0.38711 0.7669515 0.305105 0.3689154 0.7920123 0.305105 0.3682419 0.7921928 0.305105 0.3703046 0.7920123 0.305105 0.3709781 0.7921928 0.305105 0.37161 0.7924874 0.305105 0.3730741 0.7939515 0.305105 0.3733687 0.7945834 0.305105 0.3709781 0.8371927 0.305105 0.37161 0.8374874 0.305105 0.3721811 0.8378874 0.305105 0.3726742 0.8383803 0.305105 0.3730741 0.8429515 0.305105 0.3726742 0.8435227 0.305105 0.38711 0.8569515 0.305105 0.3682419 0.8447103 0.305105 0.36761 0.8444156 0.305105 0.35211 0.8569515 0.305105 0.3670389 0.8440157 0.305105 0.3665458 0.8435227 0.305105 0.3721811 0.8440157 0.305105 0.37161 0.8444156 0.305105 0.3709781 0.8447103 0.305105 0.3703046 0.8448907 0.305105 0.36961 0.8449515 0.305105 0.3689154 0.8448907 0.305105 0.3661459 0.8389515 0.305105 0.3665458 0.8383803 0.305105 0.3670389 0.8378874 0.305105 0.36761 0.8374874 0.305105 0.3682419 0.8371927 0.305105 0.3689154 0.8370123 0.305105 0.3735492 0.7952569 0.305105 0.37361 0.7959515 0.305105 0.3735492 0.7966461 0.305105 0.3661459 0.8429515 0.305105 0.3658512 0.8423196 0.305105 0.3656708 0.8416461 0.305105 0.3730741 0.7979515 0.305105 0.3726742 0.7985227 0.305105 0.36961 0.8369515 0.305105 0.3721811 0.7928873 0.305105 0.3726742 0.7933804 0.305105 0.36561 0.8409515 0.305105 0.3656708 0.8402569 0.305105 0.3658512 0.8395834 0.305105 0.37361 0.8409515 0.305105 0.3735492 0.8416461 0.305105 0.3733687 0.8423196 0.305105 0.3703046 0.8370123 0.305105 0.3733687 0.7973196 0.305105 0.3656708 0.7952569 0.305105 0.3658512 0.7945834 0.305105 0.3730741 0.8389515 0.305105 0.3733687 0.8395834 0.305105 0.3735492 0.8402569 0.305105 0.3721811 0.7990157 0.305105 0.37161 0.7994156 0.305105 0.3709781 0.7997103 0.305105 0.3682419 0.7997103 0.305105 0.36761 0.7994156 0.305105 0.3670389 0.7990157 0.305105 0.3665458 0.7985227 0.305105 0.3661459 0.7979515 0.305105 0.3661459 0.7939515 0.305105 0.3665458 0.7933804 0.305105 0.3658512 0.7973196 0.305105 0.3656708 0.7966461 0.305105 0.36561 0.7959515 0.305105 0.3703046 0.7998908 0.305105 0.36961 0.7999515 0.305105 0.3689154 0.7998908 0.376105 0.3730741 0.7669515 0.3755338 0.3726742 0.7669515 0.337105 0.36961 0.7669515 0.3746409 0.36761 0.7669515 0.3750408 0.3670389 0.7669515 0.3755338 0.3665458 0.7669515 0.3820442 0.3703046 0.7669515 0.3818638 0.3709781 0.7669515 0.395105 0.38711 0.7669515 0.3815691 0.37161 0.7669515 0.3811691 0.3721811 0.7669515 0.3741658 0.3703046 0.7669515 0.3337996 0.3656708 0.7669515 0.3743462 0.3709781 0.7669515 0.3344731 0.3658512 0.7669515 0.335105 0.3661459 0.7669515 0.3794731 0.3658512 0.7669515 0.395105 0.35211 0.7669515 0.3787996 0.3656708 0.7669515 0.378105 0.36561 0.7669515 0.3356761 0.3665458 0.7669515 0.3361692 0.3670389 0.7669515 0.3365691 0.36761 0.7669515 0.3370442 0.3703046 0.7669515 0.3368638 0.3709781 0.7669515 0.3365691 0.37161 0.7669515 0.333105 0.36561 0.7669515 0.376105 0.3661459 0.7669515 0.3767369 0.3658512 0.7669515 0.3774104 0.3656708 0.7669515 0.380105 0.3661459 0.7669515 0.3806762 0.3665458 0.7669515 0.3811691 0.3670389 0.7669515 0.3820442 0.3689154 0.7669515 0.382105 0.36961 0.7669515 0.3806762 0.3726742 0.7669515 0.380105 0.3730741 0.7669515 0.3794731 0.3733687 0.7669515 0.3300408 0.3721811 0.7669515 0.3296409 0.37161 0.7669515 0.3293462 0.3709781 0.7669515 0.3293462 0.3682419 0.7669515 0.3296409 0.36761 0.7669515 0.3300408 0.3670389 0.7669515 0.3305339 0.3665458 0.7669515 0.331105 0.3661459 0.7669515 0.374105 0.36961 0.7669515 0.3741658 0.3689154 0.7669515 0.3743462 0.3682419 0.7669515 0.3815691 0.36761 0.7669515 0.3818638 0.3682419 0.7669515 0.3368638 0.3682419 0.7669515 0.3370442 0.3689154 0.7669515 0.3746409 0.37161 0.7669515 0.3750408 0.3721811 0.7669515 0.3361692 0.3721811 0.7669515 0.3356761 0.3726742 0.7669515 0.335105 0.3730741 0.7669515 0.3324104 0.3735492 0.7669515 0.3317369 0.3733687 0.7669515 0.3317369 0.3658512 0.7669515 0.3324104 0.3656708 0.7669515 0.3787996 0.3735492 0.7669515 0.378105 0.37361 0.7669515 0.3774104 0.3735492 0.7669515 0.3767369 0.3733687 0.7669515 0.331105 0.3730741 0.7669515 0.3305339 0.3726742 0.7669515 0.3291658 0.3703046 0.7669515 0.329105 0.36961 0.7669515 0.3291658 0.3689154 0.7669515 0.3344731 0.3733687 0.7669515 0.3337996 0.3735492 0.7669515 0.333105 0.37361 0.7669515 0.395105 0.35211 0.7789515 0.395105 0.38711 0.7789515 0.317105 0.38711 0.8569515 0.317105 0.35211 0.8569515 0.3173454 0.35211 0.8508317 0.3543501 0.35211 0.7904456 0.3492578 0.35211 0.7938482 0.344448 0.35211 0.7976399 0.3399507 0.35211 0.8017972 0.3357933 0.35211 0.8062946 0.3320017 0.35211 0.8111042 0.3710017 0.35211 0.7827691 0.3652557 0.35211 0.7848889 0.3596937 0.35211 0.787453 0.328599 0.35211 0.8161966 0.3256065 0.35211 0.8215402 0.3230424 0.35211 0.8271022 0.3209226 0.35211 0.8328482 0.3192601 0.35211 0.8387427 0.3180653 0.35211 0.8447496 0.3889852 0.35211 0.779192 0.3829031 0.35211 0.7799118 0.3768963 0.35211 0.7811067 0.3173454 0.35711 0.8508317 0.3180653 0.35711 0.8447496 0.3192601 0.35711 0.8387427 0.3209226 0.35711 0.8328482 0.3230424 0.35711 0.8271022 0.3256065 0.35711 0.8215402 0.328599 0.35711 0.8161966 0.3320017 0.35711 0.8111042 0.3357933 0.35711 0.8062946 0.3399507 0.35711 0.8017972 0.344448 0.35711 0.7976399 0.3492578 0.35711 0.7938482 0.3543501 0.35711 0.7904456 0.3596937 0.35711 0.787453 0.3652557 0.35711 0.7848889 0.3710017 0.35711 0.7827691 0.3768963 0.35711 0.7811067 0.3829031 0.35711 0.7799118 0.3889852 0.35711 0.779192 0.3173454 0.38711 0.8508317 0.3173454 0.38211 0.8508317 0.3180653 0.38711 0.8447496 0.3180653 0.38211 0.8447496 0.3192601 0.38711 0.8387427 0.3192601 0.38211 0.8387427 0.3209226 0.38711 0.8328482 0.3209226 0.38211 0.8328482 0.3230424 0.38711 0.8271022 0.3230424 0.38211 0.8271022 0.3256065 0.38711 0.8215402 0.3256065 0.38211 0.8215402 0.328599 0.38711 0.8161966 0.328599 0.38211 0.8161966 0.3320017 0.38711 0.8111042 0.3320017 0.38211 0.8111042 0.3357933 0.38711 0.8062946 0.3357933 0.38211 0.8062946 0.3399507 0.38711 0.8017972 0.3399507 0.38211 0.8017972 0.344448 0.38711 0.7976399 0.344448 0.38211 0.7976399 0.3492578 0.38711 0.7938482 0.3492578 0.38211 0.7938482 0.3543501 0.38711 0.7904456 0.3543501 0.38211 0.7904456 0.3596937 0.38711 0.787453 0.3596937 0.38211 0.787453 0.3652557 0.38711 0.7848889 0.3652557 0.38211 0.7848889 0.3710017 0.38711 0.7827691 0.3710017 0.38211 0.7827691 0.3768963 0.38711 0.7811067 0.3768963 0.38211 0.7811067 0.3829031 0.38711 0.7799118 0.3829031 0.38211 0.7799118 0.3889852 0.38711 0.779192 0.3889852 0.38211 0.779192</float_array>
          <technique_common>
            <accessor source="#MMO_700_dual_-_bracket_single-3-mesh-positions-array" count="380" stride="3">
              <param name="X" type="float"/>
              <param name="Y" type="float"/>
              <param name="Z" type="float"/>
            </accessor>
          </technique_common>
        </source>
        <source id="MMO_700_dual_-_bracket_single-3-mesh-normals">
          <float_array id="MMO_700_dual_-_bracket_single-3-mesh-normals-array" count="1593">-1.53593e-4 0 1 2.65573e-5 0 1 1.90259e-4 0 1 0 0 1 9.5113e-5 0 1 -6.66129e-5 0 1 8.26173e-5 0 1 -5.41016e-6 0 1 -4.14275e-5 0 1 1.28028e-4 0 1 -1.78506e-4 0 1 -5.73122e-6 0 1 1.5461e-4 0 1 -3.19622e-5 0 1 6.3429e-5 0 1 -3.95755e-5 0 1 -2.51256e-5 0 1 1.39185e-5 0 1 -2.02452e-6 0 1 -8.99566e-5 0 1 -2.13091e-5 0 1 5.45848e-5 0 1 3.00826e-5 0 1 1.35465e-4 0 1 5.21601e-6 0 1 -3.95805e-5 0 1 -1.34264e-4 0 1 1.80722e-4 0 1 -1.57358e-5 0 1 -2.39404e-5 0 1 -2.04166e-5 0 1 2.36076e-5 0 1 1.00652e-5 0 1 -1.57327e-5 0 1 1.80759e-4 0 1 -1.26911e-4 0 1 -5.62233e-5 0 1 1.0819e-5 0 1 -3.19603e-6 0 1 5.66951e-5 0 1 -6.25649e-6 0 1 -8.46113e-6 0 1 -1.60586e-5 0 1 8.53005e-6 0 1 9.51495e-5 0 1 -1.7847e-4 0 1 -6.6617e-5 0 1 8.45468e-5 0 1 1 2.32012e-5 0 1 0 0 1 4.54215e-5 0 1 9.44242e-5 0 1 -9.89903e-5 0 1 2.05734e-5 0 1 8.2631e-5 0 1 -1.02468e-5 0 1 -1.5851e-5 0 1 8.70689e-6 0 1 -2.60043e-5 0 1 -4.54215e-5 0 1 1.58512e-5 0 1 1.02468e-5 0 1 7.25833e-6 0 1 8.28414e-6 0 1 -1.09206e-4 0 1 3.25484e-5 0 1 -5.13911e-5 0 1 -8.2631e-5 0 1 5.13911e-5 0 1 -3.2548e-5 0 1 1.85046e-4 0 1 -4.18422e-6 0 1 4.721e-5 0 1 3.38622e-5 0 1 4.42381e-5 0 1 -2.27783e-5 0 1 1.06832e-4 0 1 1.09206e-4 0 1 -3.38622e-5 0 1 -4.721e-5 0 1 -4.34927e-6 0 1 2.29845e-5 0 1 -3.19606e-6 0 1 -6.59685e-5 0 1 1.32285e-4 0 1 -7.50802e-5 0 1 -1.23683e-5 0 1 9.75753e-6 0 1 -7.99616e-5 0 1 1.23683e-5 0 1 1.31448e-4 0 1 3.49627e-6 0 1 1.39474e-6 0 1 -1.31448e-4 0 1 -3.35653e-5 0 1 7.99616e-5 0 1 -1.53163e-5 0 1 -8.70976e-5 0 1 7.35801e-5 0 1 -6.68416e-6 0 1 3.35653e-5 0 1 2.55123e-5 0 1 -5.2938e-6 0 1 4.21122e-5 0 -1 4.48109e-5 0 -1 0 0 -1 8.40456e-6 0 -1 -7.02887e-6 0 -1 1.10705e-4 0 -1 -1.15825e-5 0 -1 2.19994e-5 0 -1 -3.72856e-5 0 -1 5.4462e-6 0 -1 -5.4462e-6 0 -1 2.21371e-5 0 -1 -4.17502e-5 0 -1 -7.74042e-7 0 -1 7.74185e-7 0 -1 2.21786e-5 0 -1 -2.19994e-5 0 -1 3.84971e-6 0 -1 -2.28929e-5 0 -1 2.09045e-5 0 -1 -9.55051e-5 0 -1 -3.35945e-5 0 -1 6.85049e-5 0 -1 -2.88923e-6 0 -1 -3.0936e-6 0 -1 -2.77055e-5 0 -1 -5.20619e-6 0 -1 1.74119e-5 0 -1 -6.85049e-5 0 -1 3.35894e-5 0 -1 -4.1296e-6 0 -1 6.59674e-5 0 -1 -1.63788e-4 0 -1 -5.63052e-5 0 -1 5.31342e-5 0 -1 -1.74098e-5 0 -1 1.90204e-5 0 -1 2.77055e-5 0 -1 2.11518e-5 0 -1 -8.17853e-6 0 -1 8.09388e-6 0 -1 3.26865e-6 0 -1 4.14577e-6 0 -1 -1.10705e-4 0 -1 3.09348e-6 0 -1 2.88923e-6 0 -1 -2.16907e-4 0 -1 4.1296e-6 0 -1 9.55051e-5 0 -1 -2.09045e-5 0 -1 1.9676e-5 0 -1 -1.96125e-5 0 -1 -6.69349e-6 0 0 0 -1 -1.25206e-5 0 -1 -8.87215e-6 0 -1 -4.17855e-6 0 -1 -7.77387e-6 0 -1 6.83915e-5 0 -1 -1.54261e-4 0 -1 -3.60023e-5 0 -1 3.44845e-6 0 -1 -2.87725e-6 0 -1 -2.80135e-6 0 -1 -1.23214e-5 0 -1 5.11509e-5 0 -1 -5.07985e-5 0 -1 1.61682e-4 0 -1 1.13354e-5 0 -1 1.40144e-4 0 -1 -8.72167e-5 0 -1 3.68102e-5 0 -1 4.07467e-6 0 -1 -7.30797e-5 0 -1 3.46003e-5 0 -1 -1.66142e-5 0 -1 3.94166e-5 0 -1 5.79965e-6 0 -1 4.92999e-5 0 -1 -2.66536e-5 0 -1 6.6376e-5 0 -1 4.12333e-6 0 -1 -7.04892e-6 0 -1 2.04e-5 0 -1 -7.54147e-5 0 -1 2.95261e-5 0 -1 4.70391e-6 0 -1 4.48586e-6 0 -1 1.43864e-5 0 -1 -7.27347e-6 0 -1 1.32468e-4 0 -1 -1.12676e-4 0 -1 6.83162e-5 0 -1 8.53798e-6 0 -1 -1.54238e-4 0 -1 -9.08623e-6 0 -1 1.86966e-6 0 -1 4.73071e-4 0 -0.9999999 6.29937e-6 0 -1 -6.25657e-6 0 -1 1.26458e-5 0 -1 -2.66543e-5 0 -1 -1.96933e-5 0 -1 -7.2219e-5 0 -1 -1.81549e-5 0 -1 -4.75477e-5 0 -1 -1.23245e-5 0 -1 8.53852e-6 0 -1 -6.20881e-6 0 1 0 -1 0 0 -1 -6.48555e-6 0 -1 1.56904e-6 0 -1 6.17631e-6 0 -1 -4.63223e-6 0 -1 4.70717e-6 0 -1 5.97192e-6 0 -1 1.70628e-6 0 -1 -2.74994e-6 0 -1 2.87041e-6 0 -1 -2.75989e-6 0 -1 -1.66208e-6 0 -1 3.19376e-6 0 -1 -5.45247e-6 0 -1 -4.59264e-6 0.999229 0 0.03925973 0.9992291 0 0.03925853 0.9930683 0 0.1175397 0.9807844 0 0.1950951 0.9807863 0 0.1950852 0.962455 0 0.2714413 0.938193 0 0.3461124 0.9381894 0 0.3461223 0.9081459 0 0.4186539 0.9081406 0 0.4186654 0.8725007 0 0.4886129 0.8724935 0 0.4886258 0.8314639 0 0.555579 0.8314732 0 0.5555649 0.7853196 0 0.6190907 0.7853079 0 0.6191055 0.7343352 0 0.6787871 0.7343211 0 0.6788023 0.6787903 0 0.7343323 0.6788105 0 0.7343136 0.6190897 0 0.7853204 0.619086 0 0.7853232 0.5555807 0 0.8314626 0.5555562 0 0.8314791 0.4886399 0 0.8724855 0.4886168 0 0.8724985 0.4186628 0 0.9081419 0.4186377 0 0.9081534 0.3461542 0 0.9381777 0.3461056 0 0.9381957 0.2714338 0 0.9624571 0.2714378 0 0.9624561 0.1950984 0 0.9807837 0.1950837 0 0.9807866 0.1175453 0 0.9930676 0.117532 0 0.9930691 0.03926295 0 0.999229 0.03924775 0 0.9992296 0 1 0 0 1 -9.4205e-6 0 1 6.89773e-7 0 1 -1.03849e-6 0 1 2.51353e-6 0 1 -1.34679e-6 0 1 2.3551e-6 0 1 2.73541e-5 0 1 -2.90772e-5 0 1 4.41457e-5 0 1 -8.75221e-6 0 1 -9.93161e-5 0.9930685 0 0.1175377 0.9081474 0 0.4186508 0.9081391 0 0.4186685 0.8724967 0 0.4886201 0.8314674 0 0.5555737 0.7853041 0 0.6191102 0.5555772 0 0.8314651 0.5555597 0 0.8314768 0.4886432 0 0.8724838 0.4886136 0 0.8725004 0.4186319 0 0.908156 0.3461007 0 0.9381974 0.117547 0 0.9930673 0.1175302 0 0.9930693 0 1 -6.17631e-6 0 1 -8.3104e-7 0 1 6.8155e-7 0 1 -1.14816e-6 0 1 6.82505e-6 0 1 -3.66666e-6 0 1 4.26569e-6 0 1 7.72039e-7 0 1 -1.14816e-5 0 1 2.19313e-6 0 1 7.35975e-6 0 -1 4.96581e-5 0 -1 -2.40575e-6 0 -1 -7.00177e-5 0 -1 5.51822e-6 0 -1 1.66155e-5 0 -1 -2.97574e-6 0 -1 -2.69359e-6 0 -1 -1.17755e-6 0 -1 1.20289e-6 0 -1 -5.02699e-6 0 -1 2.69362e-6 0 -1 1.48784e-6 0 -1 -1.70966e-6 0 -1 -6.89773e-7 0.9961946 0.08715796 0 0.9659045 0.258899 0 0.965962 0.2586844 0 0.9062929 0.4226505 0 0.9062941 0.4226478 0 0.8191545 0.573573 0 0.819159 0.5735664 0 0.7070789 0.7071346 0 0.7071381 0.7070755 0 0.5735558 0.8191667 0 0.5736127 0.8191267 0 0.4226107 0.9063113 0 0.4226136 0.9063101 0 0.2588047 0.9659297 0 0.08715051 0.9961951 0 -0.08716022 0.9961944 0 -0.08715051 0.9961951 0 -0.2588325 0.9659222 0 -0.2587769 0.9659372 0 -0.4226107 0.9063113 0 -0.4225709 0.9063299 0 -0.5736081 0.8191301 0 -0.5736127 0.8191267 0 -0.7071346 0.7070789 0 -0.7070825 0.7071312 0 -0.8191545 0.573573 0 -0.819159 0.5735664 0 -0.9063354 0.422559 0 -0.9062941 0.4226478 0 -0.9659045 0.258899 0 -0.9659342 0.2587882 0 -0.9962043 0.08704751 0 -0.9961849 0.08726841 0 -0.9961853 -0.08726477 0 -0.9962046 -0.08704268 0 -0.9659304 -0.2588022 0 -0.9659025 -0.258906 0 -0.9063016 -0.4226319 0 -0.9063441 -0.4225404 0 -0.8191545 -0.573573 0 -0.819159 -0.5735664 0 -0.7070789 -0.7071346 0 -0.7071381 -0.7070755 0 -0.57358 -0.8191496 0 -0.5735847 -0.8191463 0 -0.4226052 -0.906314 0 -0.4226478 -0.9062941 0 -0.2587769 -0.9659372 0 -0.2588325 -0.9659222 0 -0.08715051 -0.9961951 0 -0.08716022 -0.9961944 0 0.08715051 -0.9961951 0 0.2588047 -0.9659297 0 0.4226478 -0.9062941 0 0.57358 -0.8191496 0 0.5735324 -0.8191829 0 0.7071346 -0.7070789 0 0.7070825 -0.7071312 0 0.8191545 -0.573573 0 0.819159 -0.5735664 0 0.9063016 -0.4226319 0 0.9659582 -0.2586983 0 0.9659025 -0.258906 0 0.9961949 -0.08715432 0 0.996195 -0.08715313 0 0.9659323 0.2587952 0 0.9659342 0.2587882 0 0.9063367 0.4225564 0 0.8191022 0.5736477 0 0.7071346 0.7070789 0 0.7070825 0.7071312 0 0.5736081 0.8191301 0 0.4225709 0.9063299 0 0.08716022 0.9961944 0 -0.08714085 0.9961961 0 -0.2588047 0.9659297 0 -0.7070789 0.7071346 0 -0.7071381 0.7070755 0 -0.8191022 0.5736477 0 -0.8192113 0.5734918 0 -0.9062929 0.4226505 0 -0.9659323 0.2587952 0 -0.9659063 0.2588921 0 -0.9961946 0.08715796 0 -0.9962045 -0.08704388 0 -0.996195 -0.08715313 0 -0.8192067 -0.5734983 0 -0.8191068 -0.5736411 0 -0.7071346 -0.7070789 0 -0.7070825 -0.7071312 0 -0.2588047 -0.9659297 0 -0.08714085 -0.9961961 0 0.08716022 -0.9961944 0 0.4226052 -0.906314 0 0.5735847 -0.8191463 0 0.7070789 -0.7071346 0 0.7071381 -0.7070755 0 0.8191068 -0.5736411 0 0.9063441 -0.4225404 0 0.9659304 -0.2588022 0 0 0.08711791 -0.996198 0 0.08710783 -0.9961989 0 0.2588723 -0.9659116 0 0.258815 -0.965927 0 0.4226478 -0.9062941 0 0.4226464 -0.9062947 0 0.5735543 -0.8191676 0 0.573552 -0.8191692 0 0.7071015 -0.707112 0 0.7071555 -0.7070581 0 0.8190907 -0.573664 0 0.8191407 -0.5735926 0 0.9063441 -0.4225404 0 0.9063003 -0.4226345 0 0.9659028 -0.2589051 0 0.9659579 -0.2586992 0 0.9961953 -0.08715009 0 0.9961951 -0.08715099 0 0.9961946 0.08715796 0 0.9659584 0.2586974 0 0.9659023 0.2589069 0 0.9063016 0.4226319 0 0.9063429 0.4225431 0 0.8191431 0.5735894 0 0.8190884 0.5736673 0 0.7071572 0.7070564 0 0.7070999 0.7071138 0 0.5736116 0.8191275 0 0.5736081 0.8191301 0 0.4225778 0.9063267 0 0.4225749 0.906328 0 0.2588166 0.9659265 0 0.2588707 0.965912 0 0.08719325 0.9961915 0 0.08720207 0.9961907 0 -0.08719325 0.9961915 0 -0.08719241 0.9961916 0 -0.2588444 0.9659191 0 -0.2588707 0.965912 0 -0.4225352 0.9063466 0 -0.4225749 0.906328 0 -0.5736116 0.8191275 0 -0.5735558 0.8191667 0 -0.7071572 0.7070564 0 -0.7070999 0.7071138 0 -0.8191431 0.5735894 0 -0.8191407 0.5735926 0 -0.9063016 0.4226319 0 -0.9063003 0.4226345 0 -0.9659584 0.2586974 0 -0.9659023 0.2589069 0 -0.9961946 0.08715796 0 -0.9961953 -0.08715009 0 -0.9961951 -0.08715099 0 -0.9659028 -0.2589051 0 -0.9659579 -0.2586992 0 -0.9063016 -0.4226319 0 -0.9063003 -0.4226345 0 -0.8191431 -0.5735894 0 -0.8191407 -0.5735926 0 -0.7071015 -0.707112 0 -0.7071555 -0.7070581 0 -0.5735021 -0.8192042 0 -0.573552 -0.8191692 0 -0.4226478 -0.9062941 0 -0.4226037 -0.9063146 0 -0.2588723 -0.9659116 0 -0.2588428 -0.9659195 0 -0.08710825 -0.996199 0 -0.08710783 -0.9961989 0 0.0872029 -0.9961906 0 0.08719241 -0.9961916 0 0.258792 -0.9659332 0 0.2587363 -0.965948 0 0.5736116 -0.8191275 0 0.5736081 -0.8191301 0 0.7070598 -0.7071537 0 0.707112 -0.7071016 0 0.8191182 -0.5736248 0 0.8191694 -0.5735518 0 0.906328 -0.422575 0 0.9062854 -0.4226665 0 0.9659084 -0.2588843 0 0.9659638 -0.2586774 0 0.9961946 -0.08715796 0 0.9659641 0.2586766 0 0.9659082 0.2588852 0 0.7071155 0.7070981 0 0.7070564 0.7071572 0 0.4226478 0.9062941 0 0.4226464 0.9062947 0 0.2587363 0.965948 0 0.258792 0.9659332 0 -0.2587642 0.9659406 0 -0.258792 0.9659332 0 -0.4226052 0.906314 0 -0.4226464 0.9062947 0 -0.7071155 0.7070981 0 -0.7070564 0.7071572 0 -0.9659641 0.2586766 0 -0.9659082 0.2588852 0 -0.9961946 -0.08715796 0 -0.9659084 -0.2588843 0 -0.9659638 -0.2586774 0 -0.9062854 -0.4226665 0 -0.8191705 -0.5735501 0 -0.8191694 -0.5735518 0 -0.7070598 -0.7071537 0 -0.707112 -0.7071016 0 -0.5735592 -0.8191641 0 -0.5736081 -0.8191301 0 -0.258792 -0.9659332 0 -0.2587642 -0.9659406 0 -0.08719325 -0.9961915 0 -0.08719241 -0.9961916</float_array>
          <technique_common>
            <accessor source="#MMO_700_dual_-_bracket_single-3-mesh-normals-array" count="531" stride="3">
              <param name="X" type="float"/>
              <param name="Y" type="float"/>
              <param name="Z" type="float"/>
            </accessor>
          </technique_common>
        </source>
        <vertices id="MMO_700_dual_-_bracket_single-3-mesh-vertices">
          <input semantic="POSITION" source="#MMO_700_dual_-_bracket_single-3-mesh-positions"/>
        </vertices>
        <triangles count="772">
          <input semantic="VERTEX" source="#MMO_700_dual_-_bracket_single-3-mesh-vertices" offset="0"/>
          <input semantic="NORMAL" source="#MMO_700_dual_-_bracket_single-3-mesh-normals" offset="1"/>
          <p>0 0 1 0 2 0 0 1 3 1 4 1 5 2 6 2 7 2 2 3 8 3 0 3 0 4 8 4 9 4 0 5 9 5 10 5 10 6 11 6 0 6 0 7 11 7 12 7 0 8 12 8 13 8 13 3 14 3 0 3 0 9 14 9 15 9 0 10 15 10 16 10 7 11 6 11 17 11 17 12 6 12 18 12 17 13 18 13 19 13 19 3 20 3 17 3 17 14 20 14 21 14 17 15 21 15 22 15 4 16 23 16 0 16 0 17 23 17 24 17 0 18 24 18 25 18 26 3 27 3 7 3 7 19 27 19 28 19 7 20 28 20 5 20 22 3 29 3 17 3 17 21 29 21 30 21 17 22 30 22 31 22 32 3 33 3 34 3 35 23 36 23 34 23 37 3 38 3 7 3 38 3 39 3 7 3 7 24 39 24 40 24 7 25 40 25 26 25 31 26 41 26 17 26 17 27 41 27 42 27 17 3 42 3 34 3 34 28 42 28 43 28 34 29 43 29 32 29 33 3 44 3 34 3 34 30 44 30 45 30 34 31 45 31 46 31 47 32 48 32 49 32 1 3 0 3 50 3 50 3 0 3 34 3 50 3 34 3 51 3 25 3 52 3 0 3 0 33 52 33 53 33 0 3 53 3 7 3 7 34 53 34 54 34 7 35 54 35 37 35 36 3 55 3 34 3 34 36 55 36 56 36 34 37 56 37 57 37 3 3 0 3 58 3 58 38 0 38 16 38 58 3 16 3 49 3 49 39 16 39 59 39 49 40 59 40 60 40 60 3 61 3 49 3 49 3 61 3 62 3 49 41 62 41 47 41 63 3 64 3 46 3 46 3 64 3 65 3 65 42 66 42 46 42 46 43 66 43 67 43 46 3 67 3 34 3 34 44 67 44 68 44 34 45 68 45 35 45 57 3 69 3 34 3 34 46 69 46 70 46 34 47 70 47 51 47 48 3 71 3 49 3 49 3 71 3 72 3 49 3 72 3 73 3 73 3 72 3 74 3 73 3 74 3 46 3 46 3 74 3 75 3 46 3 75 3 63 3 76 48 77 48 78 48 77 49 76 49 79 49 79 49 76 49 80 49 79 50 80 50 81 50 82 49 83 49 84 49 85 51 86 51 76 51 87 52 88 52 34 52 34 53 88 53 89 53 34 49 89 49 90 49 91 54 92 54 80 54 80 55 92 55 93 55 80 56 93 56 81 56 83 49 94 49 84 49 84 57 94 57 95 57 84 58 95 58 96 58 78 59 97 59 76 59 76 60 97 60 98 60 76 61 98 61 99 61 82 49 84 49 100 49 100 62 84 62 101 62 100 63 101 63 102 63 103 64 104 64 80 64 80 65 104 65 105 65 80 66 105 66 91 66 99 67 106 67 76 67 76 68 106 68 107 68 76 69 107 69 108 69 90 49 109 49 34 49 34 70 109 70 110 70 34 71 110 71 80 71 80 72 110 72 111 72 80 73 111 73 103 73 96 49 112 49 84 49 84 74 112 74 113 74 84 49 113 49 114 49 114 75 113 75 115 75 114 76 115 76 116 76 116 49 115 49 117 49 108 77 118 77 76 77 76 78 118 78 119 78 76 79 119 79 120 79 86 49 121 49 76 49 76 80 121 80 122 80 76 49 122 49 123 49 124 49 125 49 0 49 0 81 125 81 126 81 85 49 76 49 127 49 127 82 76 82 120 82 127 83 120 83 115 83 115 84 120 84 128 84 115 85 128 85 117 85 126 49 129 49 0 49 0 86 129 86 130 86 0 87 130 87 131 87 132 88 34 88 133 88 133 49 34 49 134 49 132 49 135 49 34 49 34 89 135 89 136 89 34 49 136 49 137 49 34 90 138 90 100 90 123 49 139 49 76 49 76 91 139 91 140 91 76 92 140 92 0 92 0 93 140 93 141 93 0 94 141 94 124 94 131 95 142 95 0 95 0 96 142 96 143 96 0 49 143 49 34 49 34 97 143 97 144 97 34 98 144 98 134 98 137 49 145 49 34 49 34 99 145 99 146 99 34 100 146 100 138 100 102 49 147 49 100 49 100 101 147 101 148 101 100 49 148 49 34 49 34 102 148 102 149 102 34 103 149 103 87 103 150 104 151 104 152 104 153 105 154 105 155 105 155 105 154 105 152 105 155 105 152 105 156 105 156 105 152 105 151 105 153 105 157 105 154 105 154 106 157 106 158 106 154 107 158 107 159 107 160 108 161 108 154 108 162 105 163 105 154 105 154 109 163 109 164 109 154 110 164 110 165 110 166 105 167 105 168 105 169 111 170 111 171 111 171 112 170 112 172 112 171 105 172 105 173 105 167 105 174 105 168 105 168 113 174 113 175 113 168 114 175 114 176 114 176 115 177 115 168 115 168 116 177 116 178 116 168 105 178 105 171 105 171 117 178 117 179 117 171 118 179 118 169 118 180 105 181 105 152 105 152 119 181 119 182 119 182 105 183 105 152 105 152 120 183 120 184 120 152 121 184 121 185 121 161 105 186 105 154 105 154 122 186 122 187 122 154 123 187 123 188 123 173 105 189 105 171 105 171 124 189 124 190 124 171 125 190 125 191 125 192 105 193 105 194 105 159 105 195 105 154 105 154 126 195 126 196 126 154 127 196 127 160 127 191 105 197 105 171 105 171 128 197 128 198 128 171 105 198 105 152 105 152 129 198 129 199 129 152 130 199 130 180 130 200 105 201 105 168 105 168 131 201 131 202 131 168 132 202 132 166 132 162 105 154 105 203 105 203 133 154 133 188 133 203 134 188 134 194 134 194 135 188 135 204 135 194 136 204 136 192 136 152 137 205 137 206 137 165 105 207 105 154 105 154 138 207 138 208 138 154 105 208 105 168 105 168 139 208 139 209 139 168 140 209 140 200 140 193 105 210 105 194 105 194 141 210 141 211 141 194 142 211 142 212 142 185 143 213 143 214 143 214 105 215 105 185 105 185 144 215 144 216 144 185 145 216 145 217 145 206 146 218 146 152 146 152 147 218 147 219 147 152 148 219 148 150 148 217 105 220 105 185 105 185 149 220 149 221 149 185 150 221 150 152 150 152 151 221 151 222 151 152 152 222 152 205 152 212 105 223 105 194 105 194 153 223 153 224 153 194 105 224 105 185 105 185 154 224 154 225 154 185 155 225 155 213 155 226 156 227 156 228 156 229 156 230 156 152 156 152 157 230 157 231 157 232 156 233 156 234 156 234 158 233 158 235 158 234 159 235 159 236 159 237 156 238 156 239 156 239 160 238 160 240 160 239 161 240 161 241 161 242 162 243 162 244 162 244 156 243 156 245 156 241 163 246 163 239 163 239 164 246 164 247 164 239 165 247 165 248 165 249 156 250 156 234 156 234 166 250 166 251 166 152 167 252 167 238 167 231 168 253 168 152 168 152 169 253 169 254 169 152 156 254 156 243 156 243 170 254 170 255 170 243 171 255 171 245 171 242 172 256 172 243 172 243 173 256 173 257 173 243 174 257 174 258 174 243 175 259 175 234 175 234 176 259 176 260 176 234 177 260 177 232 177 236 156 261 156 234 156 234 178 261 178 262 178 234 179 262 179 263 179 264 156 265 156 154 156 154 180 265 180 266 180 152 181 267 181 268 181 268 156 269 156 152 156 152 182 269 182 270 182 152 183 270 183 271 183 237 156 272 156 238 156 238 184 272 184 273 184 238 156 273 156 152 156 152 185 273 185 274 185 152 186 274 186 229 186 258 156 275 156 243 156 243 187 275 187 276 187 243 188 276 188 259 188 248 156 277 156 239 156 239 189 277 189 278 189 239 156 278 156 279 156 279 190 278 190 228 190 279 156 228 156 280 156 280 156 228 156 227 156 251 156 281 156 234 156 234 191 281 191 282 191 234 192 282 192 283 192 284 193 285 193 154 193 271 194 286 194 152 194 152 195 286 195 287 195 152 196 287 196 252 196 263 197 288 197 234 197 234 198 288 198 289 198 234 199 289 199 249 199 249 200 289 200 290 200 249 156 290 156 228 156 228 201 290 201 291 201 228 202 291 202 226 202 285 156 292 156 154 156 154 203 292 203 293 203 154 204 293 204 264 204 266 156 294 156 154 156 154 205 294 205 295 205 154 156 295 156 152 156 152 206 295 206 296 206 152 207 296 207 267 207 283 156 297 156 234 156 234 208 297 208 298 208 234 156 298 156 154 156 154 209 298 209 299 209 154 210 299 210 284 210 300 49 243 49 17 49 17 49 243 49 234 49 17 49 234 49 7 49 7 49 234 49 301 49 302 3 168 3 76 3 76 3 168 3 171 3 76 211 171 211 80 211 80 3 171 3 303 3 304 212 303 212 171 212 305 213 306 213 152 213 152 214 306 214 307 214 307 215 308 215 152 215 152 216 308 216 309 216 152 217 309 217 310 217 311 212 312 212 152 212 152 212 312 212 313 212 152 218 313 218 305 218 310 212 314 212 152 212 152 219 314 219 315 219 152 220 315 220 316 220 316 212 317 212 152 212 152 221 317 221 318 221 152 212 318 212 171 212 171 222 318 222 319 222 171 223 319 223 304 223 300 212 320 212 243 212 243 212 320 212 321 212 243 224 321 224 152 224 152 225 321 225 322 225 152 226 322 226 311 226 80 227 303 227 323 227 323 228 303 228 304 228 323 229 304 229 324 229 324 229 304 229 319 229 324 230 319 230 325 230 325 231 319 231 318 231 325 232 318 232 326 232 326 232 318 232 317 232 326 233 317 233 327 233 327 234 317 234 316 234 327 235 316 235 328 235 328 236 316 236 315 236 328 237 315 237 329 237 329 238 315 238 314 238 329 239 314 239 330 239 330 240 314 240 310 240 330 241 310 241 331 241 331 242 310 242 309 242 331 243 309 243 332 243 332 244 309 244 308 244 332 245 308 245 333 245 333 246 308 246 307 246 333 247 307 247 334 247 334 248 307 248 306 248 334 249 306 249 335 249 335 250 306 250 305 250 335 251 305 251 336 251 336 252 305 252 313 252 336 253 313 253 337 253 337 254 313 254 312 254 337 255 312 255 338 255 338 256 312 256 311 256 338 257 311 257 339 257 339 258 311 258 322 258 339 259 322 259 340 259 340 260 322 260 321 260 340 261 321 261 341 261 341 262 321 262 320 262 341 263 320 263 17 263 17 264 320 264 300 264 34 265 80 265 323 265 332 266 333 266 34 266 323 265 324 265 34 265 34 267 324 267 325 267 34 268 325 268 326 268 333 265 334 265 34 265 34 269 334 269 335 269 34 270 335 270 336 270 326 265 327 265 34 265 34 265 327 265 328 265 34 265 328 265 329 265 329 265 330 265 34 265 34 265 330 265 331 265 34 271 331 271 332 271 336 265 337 265 34 265 34 272 337 272 338 272 34 273 338 273 339 273 339 274 340 274 34 274 34 275 340 275 341 275 34 276 341 276 17 276 302 227 76 227 342 227 342 228 76 228 343 228 342 277 343 277 344 277 344 229 343 229 345 229 344 230 345 230 346 230 346 231 345 231 347 231 346 232 347 232 348 232 348 232 347 232 349 232 348 233 349 233 350 233 350 234 349 234 351 234 350 278 351 278 352 278 352 279 351 279 353 279 352 237 353 237 354 237 354 280 353 280 355 280 354 281 355 281 356 281 356 240 355 240 357 240 356 241 357 241 358 241 358 282 357 282 359 282 358 243 359 243 360 243 360 244 359 244 361 244 360 245 361 245 362 245 362 246 361 246 363 246 362 247 363 247 364 247 364 248 363 248 365 248 364 283 365 283 366 283 366 284 365 284 367 284 366 285 367 285 368 285 368 286 367 286 369 286 368 253 369 253 370 253 370 287 369 287 371 287 370 255 371 255 372 255 372 288 371 288 373 288 372 257 373 257 374 257 374 258 373 258 375 258 374 259 375 259 376 259 376 260 375 260 377 260 376 289 377 289 378 289 378 290 377 290 379 290 378 263 379 263 301 263 301 264 379 264 7 264 378 265 301 265 234 265 362 265 364 265 154 265 362 291 154 291 360 291 302 265 342 265 168 265 168 292 342 292 344 292 168 265 344 265 154 265 154 293 344 293 346 293 154 294 346 294 348 294 364 265 366 265 154 265 154 295 366 295 368 295 154 296 368 296 370 296 348 265 350 265 154 265 154 265 350 265 352 265 154 297 352 297 354 297 354 265 356 265 154 265 154 265 356 265 358 265 154 298 358 298 360 298 370 265 372 265 154 265 154 299 372 299 374 299 154 300 374 300 234 300 234 301 374 301 376 301 234 265 376 265 378 265 343 212 76 212 0 212 343 212 0 212 345 212 0 302 7 302 379 302 367 212 365 212 0 212 0 303 365 303 363 303 379 304 377 304 0 304 0 305 377 305 375 305 0 306 375 306 373 306 373 212 371 212 0 212 0 307 371 307 369 307 0 308 369 308 367 308 363 212 361 212 0 212 0 309 361 309 359 309 0 310 359 310 357 310 357 311 355 311 0 311 0 312 355 312 353 312 0 313 353 313 351 313 351 314 349 314 0 314 0 212 349 212 347 212 0 315 347 315 345 315 272 316 49 316 273 316 273 316 49 316 73 316 273 317 73 317 274 317 274 318 73 318 46 318 274 319 46 319 229 319 229 320 46 320 45 320 229 321 45 321 230 321 230 322 45 322 44 322 230 323 44 323 231 323 231 324 44 324 33 324 231 325 33 325 253 325 253 326 33 326 32 326 253 327 32 327 254 327 254 328 32 328 43 328 254 329 43 329 255 329 255 329 43 329 42 329 255 330 42 330 245 330 245 330 42 330 41 330 245 331 41 331 244 331 244 332 41 332 31 332 244 333 31 333 242 333 242 334 31 334 30 334 242 335 30 335 256 335 256 336 30 336 29 336 256 337 29 337 257 337 257 338 29 338 22 338 257 339 22 339 258 339 258 340 22 340 21 340 258 341 21 341 275 341 275 342 21 342 20 342 275 343 20 343 276 343 276 344 20 344 19 344 276 345 19 345 259 345 259 346 19 346 18 346 259 347 18 347 260 347 260 348 18 348 6 348 260 349 6 349 232 349 232 350 6 350 5 350 232 351 5 351 233 351 233 352 5 352 28 352 233 353 28 353 235 353 235 354 28 354 27 354 235 355 27 355 236 355 236 356 27 356 26 356 236 357 26 357 261 357 261 358 26 358 40 358 261 359 40 359 262 359 262 360 40 360 39 360 262 361 39 361 263 361 263 362 39 362 38 362 263 363 38 363 288 363 288 364 38 364 37 364 288 365 37 365 289 365 289 366 37 366 54 366 289 367 54 367 290 367 290 367 54 367 53 367 290 368 53 368 291 368 291 368 53 368 52 368 291 369 52 369 226 369 226 369 52 369 25 369 226 370 25 370 227 370 227 371 25 371 24 371 227 372 24 372 280 372 280 373 24 373 23 373 280 374 23 374 279 374 279 375 23 375 4 375 279 376 4 376 239 376 239 376 4 376 3 376 239 377 3 377 237 377 237 378 3 378 58 378 237 379 58 379 272 379 272 380 58 380 49 380 295 316 1 316 296 316 296 316 1 316 50 316 296 381 50 381 267 381 267 382 50 382 51 382 267 319 51 319 268 319 268 383 51 383 70 383 268 384 70 384 269 384 269 322 70 322 69 322 269 385 69 385 270 385 270 386 69 386 57 386 270 387 57 387 271 387 271 326 57 326 56 326 271 327 56 327 286 327 286 388 56 388 55 388 286 329 55 329 287 329 287 329 55 329 36 329 287 389 36 389 252 389 252 330 36 330 35 330 252 331 35 331 238 331 238 390 35 390 68 390 238 333 68 333 240 333 240 391 68 391 67 391 240 335 67 335 241 335 241 336 67 336 66 336 241 337 66 337 246 337 246 338 66 338 65 338 246 392 65 392 247 392 247 393 65 393 64 393 247 394 64 394 248 394 248 395 64 395 63 395 248 396 63 396 277 396 277 344 63 344 75 344 277 397 75 397 278 397 278 398 75 398 74 398 278 399 74 399 228 399 228 347 74 347 72 347 228 400 72 400 249 400 249 401 72 401 71 401 249 352 71 352 250 352 250 351 71 351 48 351 250 353 48 353 251 353 251 353 48 353 47 353 251 402 47 402 281 402 281 403 47 403 62 403 281 404 62 404 282 404 282 405 62 405 61 405 282 359 61 359 283 359 283 360 61 360 60 360 283 361 60 361 297 361 297 362 60 362 59 362 297 406 59 406 298 406 298 364 59 364 16 364 298 407 16 407 299 407 299 366 16 366 15 366 299 367 15 367 284 367 284 408 15 408 14 408 284 368 14 368 285 368 285 368 14 368 13 368 285 409 13 409 292 409 292 369 13 369 12 369 292 370 12 370 293 370 293 410 12 410 11 410 293 411 11 411 264 411 264 412 11 412 10 412 264 374 10 374 265 374 265 413 10 413 9 413 265 414 9 414 266 414 266 376 9 376 8 376 266 415 8 415 294 415 294 415 8 415 2 415 294 379 2 379 295 379 295 380 2 380 1 380 224 416 115 416 225 416 225 417 115 417 113 417 225 418 113 418 213 418 213 419 113 419 112 419 213 420 112 420 214 420 214 421 112 421 96 421 214 422 96 422 215 422 215 423 96 423 95 423 215 424 95 424 216 424 216 425 95 425 94 425 216 426 94 426 217 426 217 427 94 427 83 427 217 428 83 428 220 428 220 429 83 429 82 429 220 430 82 430 221 430 221 431 82 431 100 431 221 432 100 432 222 432 222 433 100 433 138 433 222 434 138 434 205 434 205 434 138 434 146 434 205 435 146 435 206 435 206 436 146 436 145 436 206 437 145 437 218 437 218 438 145 438 137 438 218 439 137 439 219 439 219 440 137 440 136 440 219 441 136 441 150 441 150 442 136 442 135 442 150 443 135 443 151 443 151 444 135 444 132 444 151 445 132 445 156 445 156 446 132 446 133 446 156 447 133 447 155 447 155 448 133 448 134 448 155 449 134 449 153 449 153 450 134 450 144 450 153 451 144 451 157 451 157 452 144 452 143 452 157 453 143 453 158 453 158 454 143 454 142 454 158 455 142 455 159 455 159 456 142 456 131 456 159 457 131 457 195 457 195 458 131 458 130 458 195 459 130 459 196 459 196 460 130 460 129 460 196 461 129 461 160 461 160 462 129 462 126 462 160 463 126 463 161 463 161 464 126 464 125 464 161 465 125 465 186 465 186 466 125 466 124 466 186 467 124 467 187 467 187 467 124 467 141 467 187 468 141 468 188 468 188 469 141 469 140 469 188 470 140 470 204 470 204 471 140 471 139 471 204 472 139 472 192 472 192 473 139 473 123 473 192 474 123 474 193 474 193 475 123 475 122 475 193 476 122 476 210 476 210 477 122 477 121 477 210 478 121 478 211 478 211 479 121 479 86 479 211 480 86 480 212 480 212 481 86 481 85 481 212 482 85 482 223 482 223 483 85 483 127 483 223 484 127 484 224 484 224 485 127 485 115 485 178 486 77 486 179 486 179 487 77 487 79 487 179 488 79 488 169 488 169 489 79 489 81 489 169 420 81 420 170 420 170 421 81 421 93 421 170 490 93 490 172 490 172 491 93 491 92 491 172 492 92 492 173 492 173 493 92 493 91 493 173 494 91 494 189 494 189 495 91 495 105 495 189 496 105 496 190 496 190 497 105 497 104 497 190 498 104 498 191 498 191 499 104 499 103 499 191 500 103 500 197 500 197 500 103 500 111 500 197 434 111 434 198 434 198 434 111 434 110 434 198 501 110 501 199 501 199 502 110 502 109 502 199 437 109 437 180 437 180 438 109 438 90 438 180 439 90 439 181 439 181 440 90 440 89 440 181 503 89 503 182 503 182 504 89 504 88 504 182 443 88 443 183 443 183 444 88 444 87 444 183 505 87 505 184 505 184 506 87 506 149 506 184 507 149 507 185 507 185 508 149 508 148 508 185 449 148 449 194 449 194 450 148 450 147 450 194 451 147 451 203 451 203 452 147 452 102 452 203 509 102 509 162 509 162 510 102 510 101 510 162 511 101 511 163 511 163 512 101 512 84 512 163 457 84 457 164 457 164 458 84 458 114 458 164 513 114 513 165 513 165 514 114 514 116 514 165 461 116 461 207 461 207 462 116 462 117 462 207 463 117 463 208 463 208 464 117 464 128 464 208 515 128 515 209 515 209 516 128 516 120 516 209 467 120 467 200 467 200 467 120 467 119 467 200 517 119 517 201 517 201 517 119 517 118 517 201 518 118 518 202 518 202 519 118 519 108 519 202 520 108 520 166 520 166 520 108 520 107 520 166 521 107 521 167 521 167 522 107 522 106 522 167 523 106 523 174 523 174 524 106 524 99 524 174 525 99 525 175 525 175 526 99 526 98 526 175 480 98 480 176 480 176 481 98 481 97 481 176 527 97 527 177 527 177 528 97 528 78 528 177 529 78 529 178 529 178 530 78 530 77 530</p>
        </triangles>
      </mesh>
    </geometry>
    <geometry id="MMO_700_dual_-_bracket_single-2-mesh" name="MMO_700_dual - bracket_single-2">
      <mesh>
        <source id="MMO_700_dual_-_bracket_single-2-mesh-positions">
          <float_array id="MMO_700_dual_-_bracket_single-2-mesh-positions-array" count="1140">0.317105 0.53711 0.7789515 0.329105 0.52461 0.7789515 0.3291658 0.5253046 0.7789515 0.3743462 0.5259781 0.7789515 0.3746409 0.52661 0.7789515 0.3820442 0.5253046 0.7789515 0.382105 0.52461 0.7789515 0.395105 0.53711 0.7789515 0.3293462 0.5259781 0.7789515 0.3296409 0.52661 0.7789515 0.3300408 0.5271812 0.7789515 0.3305339 0.5276742 0.7789515 0.331105 0.5280741 0.7789515 0.3317369 0.5283688 0.7789515 0.3324104 0.5285492 0.7789515 0.333105 0.52861 0.7789515 0.3337996 0.5285492 0.7789515 0.395105 0.51211 0.7789515 0.3820442 0.5239154 0.7789515 0.3818638 0.5232419 0.7789515 0.3815691 0.52261 0.7789515 0.3811691 0.5220388 0.7789515 0.3806762 0.5215458 0.7789515 0.3750408 0.5271812 0.7789515 0.3755338 0.5276742 0.7789515 0.376105 0.5280741 0.7789515 0.3811691 0.5271812 0.7789515 0.3815691 0.52661 0.7789515 0.3818638 0.5259781 0.7789515 0.380105 0.5211459 0.7789515 0.3794731 0.5208512 0.7789515 0.3787996 0.5206708 0.7789515 0.376105 0.5211459 0.7789515 0.3755338 0.5215458 0.7789515 0.317105 0.51211 0.7789515 0.333105 0.52061 0.7789515 0.3324104 0.5206708 0.7789515 0.3787996 0.5285492 0.7789515 0.3794731 0.5283688 0.7789515 0.380105 0.5280741 0.7789515 0.3806762 0.5276742 0.7789515 0.378105 0.52061 0.7789515 0.3774104 0.5206708 0.7789515 0.3767369 0.5208512 0.7789515 0.3750408 0.5220388 0.7789515 0.3746409 0.52261 0.7789515 0.3743462 0.5232419 0.7789515 0.3365691 0.52661 0.7789515 0.3368638 0.5259781 0.7789515 0.374105 0.52461 0.7789515 0.3291658 0.5239154 0.7789515 0.3293462 0.5232419 0.7789515 0.3767369 0.5283688 0.7789515 0.3774104 0.5285492 0.7789515 0.378105 0.52861 0.7789515 0.3317369 0.5208512 0.7789515 0.331105 0.5211459 0.7789515 0.3305339 0.5215458 0.7789515 0.3741658 0.5253046 0.7789515 0.3344731 0.5283688 0.7789515 0.335105 0.5280741 0.7789515 0.3356761 0.5276742 0.7789515 0.3361692 0.5271812 0.7789515 0.3365691 0.52261 0.7789515 0.3361692 0.5220388 0.7789515 0.3356761 0.5215458 0.7789515 0.335105 0.5211459 0.7789515 0.3344731 0.5208512 0.7789515 0.3337996 0.5206708 0.7789515 0.3300408 0.5220388 0.7789515 0.3296409 0.52261 0.7789515 0.3370442 0.5253046 0.7789515 0.337105 0.52461 0.7789515 0.3741658 0.5239154 0.7789515 0.3370442 0.5239154 0.7789515 0.3368638 0.5232419 0.7789515 0.317105 0.53711 0.8569515 0.317105 0.52461 0.8449515 0.317105 0.5253046 0.8448907 0.317105 0.5239154 0.8448907 0.317105 0.51211 0.8569515 0.317105 0.5232419 0.8447103 0.317105 0.5208512 0.7973196 0.317105 0.5211459 0.7979515 0.317105 0.52661 0.8374874 0.317105 0.5259781 0.7997103 0.317105 0.52661 0.7994156 0.317105 0.52261 0.8374874 0.317105 0.5220388 0.8378874 0.317105 0.5215458 0.8383803 0.317105 0.5211459 0.8389515 0.317105 0.5215458 0.8435227 0.317105 0.5220388 0.8440157 0.317105 0.52261 0.8444156 0.317105 0.5215458 0.7985227 0.317105 0.5220388 0.7990157 0.317105 0.52261 0.7994156 0.317105 0.5259781 0.8447103 0.317105 0.52661 0.8444156 0.317105 0.5271812 0.8440157 0.317105 0.5206708 0.7966461 0.317105 0.5259781 0.8371927 0.317105 0.5253046 0.8370123 0.317105 0.5206708 0.8416461 0.317105 0.5208512 0.8423196 0.317105 0.5211459 0.8429515 0.317105 0.5276742 0.8435227 0.317105 0.5280741 0.8429515 0.317105 0.5283688 0.8423196 0.317105 0.5208512 0.8395834 0.317105 0.5206708 0.8402569 0.317105 0.52061 0.8409515 0.317105 0.5232419 0.7997103 0.317105 0.5239154 0.7998908 0.317105 0.5271812 0.8378874 0.317105 0.52461 0.7999515 0.317105 0.5276742 0.8383803 0.317105 0.5280741 0.8389515 0.317105 0.5285492 0.8416461 0.317105 0.52861 0.8409515 0.317105 0.5285492 0.8402569 0.317105 0.5271812 0.7990157 0.317105 0.5276742 0.7985227 0.317105 0.5280741 0.7979515 0.317105 0.5285492 0.7952569 0.317105 0.5283688 0.7945834 0.317105 0.5280741 0.7939515 0.317105 0.5253046 0.7998908 0.317105 0.5283688 0.8395834 0.317105 0.5276742 0.7933804 0.317105 0.5271812 0.7928873 0.317105 0.52661 0.7924874 0.317105 0.52261 0.7924874 0.317105 0.5232419 0.7921928 0.317105 0.5239154 0.7920123 0.317105 0.5220388 0.7928873 0.317105 0.5215458 0.7933804 0.317105 0.5211459 0.7939515 0.317105 0.52061 0.7959515 0.317105 0.5283688 0.7973196 0.317105 0.5285492 0.7966461 0.317105 0.52861 0.7959515 0.317105 0.5259781 0.7921928 0.317105 0.5253046 0.7920123 0.317105 0.52461 0.7919515 0.317105 0.5208512 0.7945834 0.317105 0.5206708 0.7952569 0.317105 0.52461 0.8369515 0.317105 0.5239154 0.8370123 0.317105 0.5232419 0.8371927 0.305105 0.5220388 0.7928873 0.305105 0.52261 0.7924874 0.305105 0.50711 0.7669515 0.305105 0.52461 0.7919515 0.305105 0.54211 0.7669515 0.305105 0.5239154 0.7920123 0.305105 0.5232419 0.7921928 0.305105 0.5253046 0.7920123 0.305105 0.5259781 0.7921928 0.305105 0.52661 0.7924874 0.305105 0.5280741 0.7939515 0.305105 0.5283688 0.7945834 0.305105 0.5259781 0.8371927 0.305105 0.52661 0.8374874 0.305105 0.5271812 0.8378874 0.305105 0.5276742 0.8383803 0.305105 0.5280741 0.8429515 0.305105 0.5276742 0.8435227 0.305105 0.54211 0.8569515 0.305105 0.5232419 0.8447103 0.305105 0.52261 0.8444156 0.305105 0.50711 0.8569515 0.305105 0.5220388 0.8440157 0.305105 0.5215458 0.8435227 0.305105 0.5271812 0.8440157 0.305105 0.52661 0.8444156 0.305105 0.5259781 0.8447103 0.305105 0.5253046 0.8448907 0.305105 0.52461 0.8449515 0.305105 0.5239154 0.8448907 0.305105 0.5211459 0.8389515 0.305105 0.5215458 0.8383803 0.305105 0.5220388 0.8378874 0.305105 0.52261 0.8374874 0.305105 0.5232419 0.8371927 0.305105 0.5239154 0.8370123 0.305105 0.5285492 0.7952569 0.305105 0.52861 0.7959515 0.305105 0.5285492 0.7966461 0.305105 0.5211459 0.8429515 0.305105 0.5208512 0.8423196 0.305105 0.5206708 0.8416461 0.305105 0.5280741 0.7979515 0.305105 0.5276742 0.7985227 0.305105 0.52461 0.8369515 0.305105 0.5271812 0.7928873 0.305105 0.5276742 0.7933804 0.305105 0.52061 0.8409515 0.305105 0.5206708 0.8402569 0.305105 0.5208512 0.8395834 0.305105 0.52861 0.8409515 0.305105 0.5285492 0.8416461 0.305105 0.5283688 0.8423196 0.305105 0.5253046 0.8370123 0.305105 0.5283688 0.7973196 0.305105 0.5206708 0.7952569 0.305105 0.5208512 0.7945834 0.305105 0.5280741 0.8389515 0.305105 0.5283688 0.8395834 0.305105 0.5285492 0.8402569 0.305105 0.5271812 0.7990157 0.305105 0.52661 0.7994156 0.305105 0.5259781 0.7997103 0.305105 0.5232419 0.7997103 0.305105 0.52261 0.7994156 0.305105 0.5220388 0.7990157 0.305105 0.5215458 0.7985227 0.305105 0.5211459 0.7979515 0.305105 0.5211459 0.7939515 0.305105 0.5215458 0.7933804 0.305105 0.5208512 0.7973196 0.305105 0.5206708 0.7966461 0.305105 0.52061 0.7959515 0.305105 0.5253046 0.7998908 0.305105 0.52461 0.7999515 0.305105 0.5239154 0.7998908 0.376105 0.5280741 0.7669515 0.3755338 0.5276742 0.7669515 0.337105 0.52461 0.7669515 0.3746409 0.52261 0.7669515 0.3750408 0.5220388 0.7669515 0.3755338 0.5215458 0.7669515 0.3820442 0.5253046 0.7669515 0.3818638 0.5259781 0.7669515 0.395105 0.54211 0.7669515 0.3815691 0.52661 0.7669515 0.3811691 0.5271812 0.7669515 0.3741658 0.5253046 0.7669515 0.3337996 0.5206708 0.7669515 0.3743462 0.5259781 0.7669515 0.3344731 0.5208512 0.7669515 0.335105 0.5211459 0.7669515 0.3794731 0.5208512 0.7669515 0.395105 0.50711 0.7669515 0.3787996 0.5206708 0.7669515 0.378105 0.52061 0.7669515 0.3356761 0.5215458 0.7669515 0.3361692 0.5220388 0.7669515 0.3365691 0.52261 0.7669515 0.3370442 0.5253046 0.7669515 0.3368638 0.5259781 0.7669515 0.3365691 0.52661 0.7669515 0.333105 0.52061 0.7669515 0.376105 0.5211459 0.7669515 0.3767369 0.5208512 0.7669515 0.3774104 0.5206708 0.7669515 0.380105 0.5211459 0.7669515 0.3806762 0.5215458 0.7669515 0.3811691 0.5220388 0.7669515 0.3820442 0.5239154 0.7669515 0.382105 0.52461 0.7669515 0.3806762 0.5276742 0.7669515 0.380105 0.5280741 0.7669515 0.3794731 0.5283688 0.7669515 0.3300408 0.5271812 0.7669515 0.3296409 0.52661 0.7669515 0.3293462 0.5259781 0.7669515 0.3293462 0.5232419 0.7669515 0.3296409 0.52261 0.7669515 0.3300408 0.5220388 0.7669515 0.3305339 0.5215458 0.7669515 0.331105 0.5211459 0.7669515 0.374105 0.52461 0.7669515 0.3741658 0.5239154 0.7669515 0.3743462 0.5232419 0.7669515 0.3815691 0.52261 0.7669515 0.3818638 0.5232419 0.7669515 0.3368638 0.5232419 0.7669515 0.3370442 0.5239154 0.7669515 0.3746409 0.52661 0.7669515 0.3750408 0.5271812 0.7669515 0.3361692 0.5271812 0.7669515 0.3356761 0.5276742 0.7669515 0.335105 0.5280741 0.7669515 0.3324104 0.5285492 0.7669515 0.3317369 0.5283688 0.7669515 0.3317369 0.5208512 0.7669515 0.3324104 0.5206708 0.7669515 0.3787996 0.5285492 0.7669515 0.378105 0.52861 0.7669515 0.3774104 0.5285492 0.7669515 0.3767369 0.5283688 0.7669515 0.331105 0.5280741 0.7669515 0.3305339 0.5276742 0.7669515 0.3291658 0.5253046 0.7669515 0.329105 0.52461 0.7669515 0.3291658 0.5239154 0.7669515 0.3344731 0.5283688 0.7669515 0.3337996 0.5285492 0.7669515 0.333105 0.52861 0.7669515 0.395105 0.50711 0.7789515 0.395105 0.54211 0.7789515 0.317105 0.54211 0.8569515 0.317105 0.50711 0.8569515 0.3173454 0.50711 0.8508317 0.3543501 0.50711 0.7904456 0.3492578 0.50711 0.7938482 0.344448 0.50711 0.7976399 0.3399507 0.50711 0.8017972 0.3357933 0.50711 0.8062946 0.3320017 0.50711 0.8111042 0.3710017 0.50711 0.7827691 0.3652557 0.50711 0.7848889 0.3596937 0.50711 0.787453 0.328599 0.50711 0.8161966 0.3256065 0.50711 0.8215402 0.3230424 0.50711 0.8271022 0.3209226 0.50711 0.8328482 0.3192601 0.50711 0.8387427 0.3180653 0.50711 0.8447496 0.3889852 0.50711 0.779192 0.3829031 0.50711 0.7799118 0.3768963 0.50711 0.7811067 0.3173454 0.51211 0.8508317 0.3180653 0.51211 0.8447496 0.3192601 0.51211 0.8387427 0.3209226 0.51211 0.8328482 0.3230424 0.51211 0.8271022 0.3256065 0.51211 0.8215402 0.328599 0.51211 0.8161966 0.3320017 0.51211 0.8111042 0.3357933 0.51211 0.8062946 0.3399507 0.51211 0.8017972 0.344448 0.51211 0.7976399 0.3492578 0.51211 0.7938482 0.3543501 0.51211 0.7904456 0.3596937 0.51211 0.787453 0.3652557 0.51211 0.7848889 0.3710017 0.51211 0.7827691 0.3768963 0.51211 0.7811067 0.3829031 0.51211 0.7799118 0.3889852 0.51211 0.779192 0.3173454 0.54211 0.8508317 0.3173454 0.53711 0.8508317 0.3180653 0.54211 0.8447496 0.3180653 0.53711 0.8447496 0.3192601 0.54211 0.8387427 0.3192601 0.53711 0.8387427 0.3209226 0.54211 0.8328482 0.3209226 0.53711 0.8328482 0.3230424 0.54211 0.8271022 0.3230424 0.53711 0.8271022 0.3256065 0.54211 0.8215402 0.3256065 0.53711 0.8215402 0.328599 0.54211 0.8161966 0.328599 0.53711 0.8161966 0.3320017 0.54211 0.8111042 0.3320017 0.53711 0.8111042 0.3357933 0.54211 0.8062946 0.3357933 0.53711 0.8062946 0.3399507 0.54211 0.8017972 0.3399507 0.53711 0.8017972 0.344448 0.54211 0.7976399 0.344448 0.53711 0.7976399 0.3492578 0.54211 0.7938482 0.3492578 0.53711 0.7938482 0.3543501 0.54211 0.7904456 0.3543501 0.53711 0.7904456 0.3596937 0.54211 0.787453 0.3596937 0.53711 0.787453 0.3652557 0.54211 0.7848889 0.3652557 0.53711 0.7848889 0.3710017 0.54211 0.7827691 0.3710017 0.53711 0.7827691 0.3768963 0.54211 0.7811067 0.3768963 0.53711 0.7811067 0.3829031 0.54211 0.7799118 0.3829031 0.53711 0.7799118 0.3889852 0.54211 0.779192 0.3889852 0.53711 0.779192</float_array>
          <technique_common>
            <accessor source="#MMO_700_dual_-_bracket_single-2-mesh-positions-array" count="380" stride="3">
              <param name="X" type="float"/>
              <param name="Y" type="float"/>
              <param name="Z" type="float"/>
            </accessor>
          </technique_common>
        </source>
        <source id="MMO_700_dual_-_bracket_single-2-mesh-normals">
          <float_array id="MMO_700_dual_-_bracket_single-2-mesh-normals-array" count="1566">-1.66391e-4 0 1 2.65554e-5 0 1 1.90277e-4 0 1 0 0 1 9.51135e-5 0 1 -7.68636e-5 0 1 7.0325e-5 0 1 -4.14262e-5 0 1 1.16397e-5 0 1 -1.6229e-5 0 1 1.54597e-4 0 1 -2.13107e-5 0 1 -1.59885e-4 0 1 4.87899e-5 0 1 -2.96874e-5 0 1 -2.51307e-5 0 1 -8.69871e-6 0 1 2.63126e-5 0 1 -8.99571e-5 0 1 -4.26131e-5 0 1 4.02181e-5 0 1 4.68046e-5 0 1 -6.78072e-5 0 1 2.47351e-5 0 1 1.64311e-5 0 1 -2.4486e-5 0 1 -1.76419e-5 0 1 -1.57064e-5 0 1 2.65504e-5 0 1 -2.44813e-5 0 1 1.64338e-5 0 1 -1.15366e-5 0 1 -4.14253e-5 0 1 1.08172e-5 0 1 -3.19605e-6 0 1 1.64929e-5 0 1 -1.25992e-5 0 1 -6.25629e-6 0 1 -3.41997e-5 0 1 1.6689e-5 0 1 -2.81968e-6 0 1 6.38778e-6 0 1 -5.68379e-6 0 1 1.47901e-4 0 1 -1.62324e-5 0 1 -5.1242e-5 0 1 9.51068e-5 0 1 4.68727e-6 0 1 1 2.32009e-5 0 1 0 0 1 4.54215e-5 0 1 9.44242e-5 0 1 -9.89854e-5 0 1 2.05743e-5 0 1 8.2631e-5 0 1 -1.02468e-5 0 1 -1.58512e-5 0 1 8.70707e-6 0 1 -2.60033e-5 0 1 -4.54215e-5 0 1 1.58512e-5 0 1 1.02468e-5 0 1 7.25833e-6 0 1 8.28323e-6 0 1 -1.09206e-4 0 1 3.2548e-5 0 1 -5.13911e-5 0 1 -8.26173e-5 0 1 5.14002e-5 0 1 -3.2548e-5 0 1 1.85064e-4 0 1 -4.18422e-6 0 1 4.72208e-5 0 1 3.38569e-5 0 1 4.42404e-5 0 1 -2.27783e-5 0 1 1.06826e-4 0 1 1.09206e-4 0 1 -3.38569e-5 0 1 -4.72208e-5 0 1 -4.34892e-6 0 1 2.29824e-5 0 1 -3.19606e-6 0 1 -6.59696e-5 0 1 1.32333e-4 0 1 -7.50802e-5 0 1 -1.23666e-5 0 1 9.75886e-6 0 1 -7.99616e-5 0 1 1.23681e-5 0 1 1.31473e-4 0 1 3.49666e-6 0 1 1.39474e-6 0 1 -1.31473e-4 0 1 -3.35612e-5 0 1 7.99616e-5 0 1 -1.53145e-5 0 1 -8.71037e-5 0 1 7.35801e-5 0 1 -6.68478e-6 0 1 3.35612e-5 0 1 2.55123e-5 0 1 -5.29398e-6 0 1 4.21106e-5 0 -1 4.48069e-5 0 -1 0 0 -1 8.40402e-6 0 -1 -7.02824e-6 0 -1 1.10705e-4 0 -1 -1.15828e-5 0 -1 2.19986e-5 0 -1 -3.72856e-5 0 -1 5.4462e-6 0 -1 -5.4462e-6 0 -1 2.21371e-5 0 -1 -4.17502e-5 0 -1 -7.74185e-7 0 -1 7.74185e-7 0 -1 2.21784e-5 0 -1 -2.20002e-5 0 -1 3.84959e-6 0 -1 -2.28936e-5 0 -1 2.09029e-5 0 -1 -9.55164e-5 0 -1 -3.35942e-5 0 -1 6.85056e-5 0 -1 -2.88913e-6 0 -1 -3.09372e-6 0 -1 -2.77061e-5 0 -1 -5.20658e-6 0 -1 1.74109e-5 0 -1 -6.85056e-5 0 -1 3.35942e-5 0 -1 -4.1296e-6 0 -1 6.59707e-5 0 -1 -1.63821e-4 0 -1 -5.63052e-5 0 -1 5.31372e-5 0 -1 -1.74109e-5 0 -1 1.9014e-5 0 -1 2.77061e-5 0 -1 2.11528e-5 0 -1 -8.17853e-6 0 -1 8.09348e-6 0 -1 3.26884e-6 0 -1 4.14577e-6 0 -1 -1.10705e-4 0 -1 3.09348e-6 0 -1 2.88933e-6 0 -1 -2.16947e-4 0 -1 4.1296e-6 0 -1 9.55164e-5 0 -1 -2.09029e-5 0 -1 1.96769e-5 0 -1 -1.96125e-5 0 -1 -6.6938e-6 0 0 0 -1 8.34657e-6 0 -1 -8.87219e-6 0 -1 7.10373e-5 0 -1 7.78513e-6 0 -1 6.15414e-5 0 -1 -3.59919e-5 0 -1 6.89822e-6 0 -1 -5.75491e-6 0 -1 -2.80142e-6 0 -1 9.86021e-5 0 -1 5.11666e-5 0 -1 -1.75831e-5 0 -1 -4.90014e-6 0 -1 -9.06789e-5 0 -1 -8.72231e-5 0 -1 -2.45409e-5 0 -1 4.07467e-6 0 -1 -7.30637e-5 0 -1 1.2689e-4 0 -1 -7.47632e-5 0 -1 3.94185e-5 0 -1 -9.21489e-5 0 -1 5.79993e-6 0 -1 5.80078e-6 0 -1 1.77686e-5 0 -1 6.63864e-5 0 -1 4.12348e-6 0 -1 9.39828e-6 0 -1 2.40033e-6 0 -1 -8.87355e-6 0 -1 -3.93664e-5 0 -1 9.40939e-6 0 -1 -4.48701e-6 0 -1 4.69925e-5 0 -1 -1.27861e-5 0 -1 -3.27389e-5 0 -1 -2.0699e-6 0 -1 -6.82952e-5 0 -1 7.26931e-5 0 -1 8.78992e-4 0 -0.9999997 -6.29683e-6 0 -1 -6.25767e-6 0 -1 5.69087e-5 0 -1 2.36912e-5 0 -1 -7.22119e-5 0 -1 -7.22233e-5 0 -1 2.42046e-5 0 -1 1.44085e-6 0 -1 9.86126e-5 0 -1 -6.82938e-5 0 -1 -6.20883e-6 0 1 0 -1 0 0 -1 -7.84521e-6 0 -1 1.54408e-6 0 -1 -2.35359e-6 0 -1 -1.61563e-5 0 -1 -1.83333e-6 0 -1 5.11879e-6 0 -1 6.4855e-6 0 -1 1.70628e-6 0 -1 9.16647e-7 0 -1 -8.07833e-6 0 -1 7.35971e-6 0 -1 -6.64832e-6 0 -1 -6.64831e-6 0 -1 -1.90837e-5 0 -1 9.18527e-6 0.999229 0 0.03925973 0.9992291 0 0.03925901 0.9930685 0 0.1175377 0.9930683 0 0.1175397 0.9807841 0 0.1950969 0.980787 0 0.1950815 0.962455 0 0.2714413 0.9381943 0 0.3461091 0.9381881 0 0.3461257 0.9081474 0 0.4186508 0.9081391 0 0.4186685 0.8725007 0 0.4886129 0.8724967 0 0.4886201 0.8314674 0 0.5555737 0.8314732 0 0.5555649 0.7853196 0 0.6190907 0.7853041 0 0.6191102 0.7343352 0 0.6787871 0.7343211 0 0.6788023 0.6787941 0 0.7343287 0.6788029 0 0.7343205 0.619086 0 0.7853232 0.5555772 0 0.8314651 0.5555562 0 0.8314791 0.4886432 0 0.8724838 0.4886136 0 0.8725004 0.4186628 0 0.9081419 0.4186319 0 0.908156 0.3461542 0 0.9381777 0.3461007 0 0.9381974 0.2714338 0 0.9624571 0.2714378 0 0.9624561 0.1950984 0 0.9807837 0.1950837 0 0.9807866 0.117547 0 0.9930673 0.1175302 0 0.9930693 0.03926295 0 0.999229 0.03924775 0 0.9992296 0 1 0 0 1 2.07699e-6 0 1 1.07744e-5 0 1 1.34681e-6 0 1 2.3551e-6 0 1 1.3677e-5 0 1 -2.07694e-5 0 1 1.05026e-4 0.9992291 0 0.03925853 0.9807863 0 0.1950852 0.9081445 0 0.418657 0.9081421 0 0.4186623 0.8724935 0 0.4886258 0.7853232 0 0.619086 0.6788105 0 0.7343136 0.6190934 0 0.7853174 0.4186377 0 0.9081534 0.1175453 0 0.9930676 0.117532 0 0.9930691 0 1 -8.3104e-6 0 1 2.7262e-6 0 1 1.72225e-6 0 1 -5.11879e-6 0 1 -8.07833e-6 0 1 3.66659e-6 0 1 1.70628e-6 0 1 -4.70717e-6 0 1 7.72039e-6 0 1 3.23125e-5 0 1 -4.59264e-6 0 1 -1.46209e-6 0 1 2.20793e-5 0 1 -6.64831e-6 0 -1 1.48974e-4 0 -1 2.40575e-6 0 -1 1.65546e-5 0 -1 -2.90772e-5 0 -1 1.78544e-5 0 -1 -1.61615e-5 0 -1 2.3551e-6 0 -1 -4.81156e-6 0 -1 5.02699e-6 0 -1 -1.48784e-6 0 -1 -1.03849e-6 0 -1 -1.37955e-6 0.9961946 0.08715796 0 0.9659025 0.258906 0 0.9659582 0.2586983 0 0.9063016 0.4226319 0 0.8191682 0.5735534 0 0.8191728 0.5735469 0 0.7070546 0.7071589 0 0.7071173 0.7070964 0 0.5735558 0.8191667 0 0.5736127 0.8191267 0 0.4226478 0.9062941 0 0.2587625 0.965941 0 0.2587658 0.9659401 0 0.08719283 0.9961916 0 0.08719366 0.9961915 0 -0.08720248 0.9961906 0 -0.08719366 0.9961915 0 -0.2587903 0.9659336 0 -0.2587379 0.9659476 0 -0.4226478 0.9062941 0 -0.4226052 0.906314 0 -0.5736081 0.8191301 0 -0.5736127 0.8191267 0 -0.7071102 0.7071033 0 -0.7070616 0.707152 0 -0.8191682 0.5735534 0 -0.8191728 0.5735469 0 -0.9063441 0.4225404 0 -0.9063016 0.4226319 0 -0.9659025 0.258906 0 -0.9659304 0.2588022 0 -0.9962043 0.08704751 0 -0.9961849 0.08726841 0 -0.9961849 -0.08726841 0 -0.9962043 -0.08704751 0 -0.965936 -0.2587813 0 -0.9659091 -0.2588816 0 -0.9063016 -0.4226319 0 -0.9063441 -0.4225404 0 -0.8191407 -0.5735926 0 -0.8191453 -0.5735861 0 -0.7070999 -0.7071138 0 -0.707159 -0.7070546 0 -0.573552 -0.8191692 0 -0.5735567 -0.8191659 0 -0.4226052 -0.906314 0 -0.4226478 -0.9062941 0 -0.2587347 -0.9659485 0 -0.2587936 -0.9659327 0 -0.08719283 -0.9961916 0 -0.08720338 -0.9961906 0 0.08719283 -0.9961916 0 0.08719366 -0.9961915 0 0.2587625 -0.965941 0 0.2587658 -0.9659401 0 0.4226478 -0.9062941 0 0.573552 -0.8191692 0 0.5735044 -0.8192026 0 0.7071555 -0.7070581 0 0.7071033 -0.7071103 0 0.8191407 -0.5735926 0 0.8191453 -0.5735861 0 0.9063016 -0.4226319 0 0.9659638 -0.2586774 0 0.9659091 -0.2588816 0 0.9961946 -0.08715796 0 0.9659304 0.2588022 0 0.9063441 0.4225404 0 0.8191159 0.5736281 0 0.7071102 0.7071033 0 0.7070616 0.707152 0 0.5736081 0.8191301 0 0.4226052 0.906314 0 0.08720248 0.9961906 0 -0.08718401 0.9961922 0 -0.2587658 0.9659401 0 -0.7070546 0.7071589 0 -0.7071173 0.7070964 0 -0.8191159 0.5736281 0 -0.8192251 0.5734722 0 -0.9961946 0.08715796 0 -0.9961946 -0.08715796 0 -0.9659082 -0.2588852 0 -0.9659369 -0.2587778 0 -0.8191931 -0.5735179 0 -0.819093 -0.5736607 0 -0.7071555 -0.7070581 0 -0.7071033 -0.7071103 0 -0.2587625 -0.965941 0 -0.08718317 -0.9961923 0 0.08720338 -0.9961906 0 0.4226052 -0.906314 0 0.5735567 -0.8191659 0 0.7070999 -0.7071138 0 0.707159 -0.7070546 0 0.819093 -0.5736607 0 0.9063441 -0.4225404 0 0.965936 -0.2587813 0 0.9659369 -0.2587778 0 0 0.08710825 -0.996199 0 0.08711749 -0.9961981 0 0.2588444 -0.9659191 0 0.2588707 -0.965912 0 0.4226478 -0.9062941 0 0.4226037 -0.9063146 0 0.5735543 -0.8191676 0 0.5734997 -0.8192059 0 0.7071015 -0.707112 0 0.7071555 -0.7070581 0 0.8191431 -0.5735894 0 0.8191407 -0.5735926 0 0.9063016 -0.4226319 0 0.9063003 -0.4226345 0 0.9659584 -0.2586974 0 0.9659023 -0.2589069 0 0.9961953 -0.08715009 0 0.9961951 -0.08715099 0 0.9961946 0.08715796 0 0.9659028 0.2589051 0 0.9659579 0.2586992 0 0.9063016 0.4226319 0 0.9063003 0.4226345 0 0.8191431 0.5735894 0 0.8191407 0.5735926 0 0.7071572 0.7070564 0 0.7070999 0.7071138 0 0.5735592 0.8191641 0 0.5736081 0.8191301 0 0.4225352 0.9063466 0 0.4225749 0.906328 0 0.2588723 0.9659116 0 0.2588428 0.9659195 0 0.0872029 0.9961906 0 0.08719241 0.9961916 0 -0.08719325 0.9961915 0 -0.08720207 0.9961907 0 -0.2588166 0.9659265 0 -0.2588428 0.9659195 0 -0.4225778 0.9063267 0 -0.4225323 0.9063479 0 -0.5736116 0.8191275 0 -0.5736081 0.8191301 0 -0.7071572 0.7070564 0 -0.7070999 0.7071138 0 -0.8191954 0.5735147 0 -0.8191407 0.5735926 0 -0.9063016 0.4226319 0 -0.9063003 0.4226345 0 -0.9659584 0.2586974 0 -0.9659023 0.2589069 0 -0.9961946 0.08715796 0 -0.9961849 0.08726841 0 -0.9961856 -0.08726054 0 -0.9961951 -0.08715099 0 -0.9659028 -0.2589051 0 -0.9659579 -0.2586992 0 -0.9063016 -0.4226319 0 -0.9063003 -0.4226345 0 -0.8191431 -0.5735894 0 -0.8191931 -0.5735179 0 -0.7071015 -0.707112 0 -0.7071555 -0.7070581 0 -0.5735543 -0.8191676 0 -0.573552 -0.8191692 0 -0.4226052 -0.906314 0 -0.4226464 -0.9062947 0 -0.2588444 -0.9659191 0 -0.258815 -0.965927 0 -0.08711791 -0.996198 0 -0.08710783 -0.9961989 0 0.08719325 -0.9961915 0 0.08720207 -0.9961907 0 0.2587642 -0.9659406 0 0.258792 -0.9659332 0 0.5736116 -0.8191275 0 0.5735558 -0.8191667 0 0.7070598 -0.7071537 0 0.707112 -0.7071016 0 0.8191705 -0.5735501 0 0.8191694 -0.5735518 0 0.9062854 -0.4226665 0 0.9659641 -0.2586766 0 0.9659082 -0.2588852 0 0.9961946 -0.08715796 0 0.9659084 0.2588843 0 0.9659638 0.2586774 0 0.7071155 0.7070981 0 0.7070564 0.7071572 0 0.4226052 0.906314 0 0.4226464 0.9062947 0 0.258792 0.9659332 0 0.2587642 0.9659406 0 -0.2587363 0.965948 0 -0.2587642 0.9659406 0 -0.4226478 0.9062941 0 -0.4226037 0.9063146 0 -0.7071155 0.7070981 0 -0.7070564 0.7071572 0 -0.9659641 0.2586766 0 -0.9659082 0.2588852 0 -0.9961849 -0.08726841 0 -0.9961946 -0.08715796 0 -0.9659084 -0.2588843 0 -0.9659638 -0.2586774 0 -0.9062854 -0.4226665 0 -0.8191705 -0.5735501 0 -0.8192217 -0.5734771 0 -0.7070598 -0.7071537 0 -0.707112 -0.7071016 0 -0.5736116 -0.8191275 0 -0.5736081 -0.8191301 0 -0.2587642 -0.9659406 0 -0.2587363 -0.965948 0 -0.0872029 -0.9961906 0 -0.08719241 -0.9961916</float_array>
          <technique_common>
            <accessor source="#MMO_700_dual_-_bracket_single-2-mesh-normals-array" count="522" stride="3">
              <param name="X" type="float"/>
              <param name="Y" type="float"/>
              <param name="Z" type="float"/>
            </accessor>
          </technique_common>
        </source>
        <vertices id="MMO_700_dual_-_bracket_single-2-mesh-vertices">
          <input semantic="POSITION" source="#MMO_700_dual_-_bracket_single-2-mesh-positions"/>
        </vertices>
        <triangles count="772">
          <input semantic="VERTEX" source="#MMO_700_dual_-_bracket_single-2-mesh-vertices" offset="0"/>
          <input semantic="NORMAL" source="#MMO_700_dual_-_bracket_single-2-mesh-normals" offset="1"/>
          <p>0 0 1 0 2 0 0 1 3 1 4 1 5 2 6 2 7 2 2 3 8 3 0 3 0 4 8 4 9 4 0 5 9 5 10 5 10 3 11 3 0 3 0 6 11 6 12 6 0 7 12 7 13 7 13 3 14 3 0 3 0 8 14 8 15 8 0 9 15 9 16 9 7 3 6 3 17 3 17 10 6 10 18 10 17 11 18 11 19 11 19 12 20 12 17 12 17 13 20 13 21 13 17 14 21 14 22 14 4 15 23 15 0 15 0 16 23 16 24 16 0 17 24 17 25 17 26 3 27 3 7 3 7 18 27 18 28 18 7 19 28 19 5 19 22 3 29 3 17 3 17 20 29 20 30 20 17 21 30 21 31 21 32 3 33 3 34 3 35 3 36 3 34 3 37 3 38 3 7 3 38 3 39 3 7 3 7 22 39 22 40 22 7 23 40 23 26 23 31 3 41 3 17 3 17 24 41 24 42 24 17 3 42 3 34 3 34 25 42 25 43 25 34 26 43 26 32 26 33 3 44 3 34 3 34 27 44 27 45 27 34 28 45 28 46 28 47 3 48 3 49 3 1 3 0 3 50 3 50 3 0 3 34 3 50 3 34 3 51 3 25 3 52 3 0 3 0 29 52 29 53 29 0 3 53 3 7 3 7 30 53 30 54 30 7 31 54 31 37 31 36 3 55 3 34 3 34 32 55 32 56 32 34 33 56 33 57 33 3 3 0 3 58 3 58 34 0 34 16 34 58 35 16 35 49 35 49 36 16 36 59 36 49 37 59 37 60 37 60 38 61 38 49 38 49 39 61 39 62 39 49 40 62 40 47 40 63 3 64 3 46 3 46 41 64 41 65 41 65 3 66 3 46 3 46 42 66 42 67 42 46 3 67 3 34 3 34 43 67 43 68 43 34 44 68 44 35 44 57 3 69 3 34 3 34 45 69 45 70 45 34 46 70 46 51 46 48 47 71 47 49 47 49 3 71 3 72 3 49 3 72 3 73 3 73 3 72 3 74 3 73 3 74 3 46 3 46 3 74 3 75 3 46 3 75 3 63 3 76 48 77 48 78 48 77 49 76 49 79 49 79 49 76 49 80 49 79 50 80 50 81 50 82 49 83 49 84 49 85 51 86 51 76 51 87 52 88 52 34 52 34 53 88 53 89 53 34 49 89 49 90 49 91 54 92 54 80 54 80 55 92 55 93 55 80 56 93 56 81 56 83 49 94 49 84 49 84 57 94 57 95 57 84 58 95 58 96 58 78 59 97 59 76 59 76 60 97 60 98 60 76 61 98 61 99 61 82 49 84 49 100 49 100 62 84 62 101 62 100 63 101 63 102 63 103 64 104 64 80 64 80 65 104 65 105 65 80 66 105 66 91 66 99 67 106 67 76 67 76 68 106 68 107 68 76 69 107 69 108 69 90 49 109 49 34 49 34 70 109 70 110 70 34 71 110 71 80 71 80 72 110 72 111 72 80 73 111 73 103 73 96 49 112 49 84 49 84 74 112 74 113 74 84 49 113 49 114 49 114 75 113 75 115 75 114 76 115 76 116 76 116 49 115 49 117 49 108 77 118 77 76 77 76 78 118 78 119 78 76 79 119 79 120 79 86 49 121 49 76 49 76 80 121 80 122 80 76 49 122 49 123 49 124 49 125 49 0 49 0 81 125 81 126 81 85 49 76 49 127 49 127 82 76 82 120 82 127 83 120 83 115 83 115 84 120 84 128 84 115 85 128 85 117 85 126 49 129 49 0 49 0 86 129 86 130 86 0 87 130 87 131 87 132 88 34 88 133 88 133 49 34 49 134 49 132 49 135 49 34 49 34 89 135 89 136 89 34 49 136 49 137 49 34 90 138 90 100 90 123 49 139 49 76 49 76 91 139 91 140 91 76 92 140 92 0 92 0 93 140 93 141 93 0 94 141 94 124 94 131 95 142 95 0 95 0 96 142 96 143 96 0 49 143 49 34 49 34 97 143 97 144 97 34 98 144 98 134 98 137 49 145 49 34 49 34 99 145 99 146 99 34 100 146 100 138 100 102 49 147 49 100 49 100 101 147 101 148 101 100 49 148 49 34 49 34 102 148 102 149 102 34 103 149 103 87 103 150 104 151 104 152 104 153 105 154 105 155 105 155 105 154 105 152 105 155 105 152 105 156 105 156 105 152 105 151 105 153 105 157 105 154 105 154 106 157 106 158 106 154 107 158 107 159 107 160 108 161 108 154 108 162 105 163 105 154 105 154 109 163 109 164 109 154 110 164 110 165 110 166 105 167 105 168 105 169 111 170 111 171 111 171 112 170 112 172 112 171 105 172 105 173 105 167 105 174 105 168 105 168 113 174 113 175 113 168 114 175 114 176 114 176 115 177 115 168 115 168 116 177 116 178 116 168 105 178 105 171 105 171 117 178 117 179 117 171 118 179 118 169 118 180 105 181 105 152 105 152 119 181 119 182 119 182 105 183 105 152 105 152 120 183 120 184 120 152 121 184 121 185 121 161 105 186 105 154 105 154 122 186 122 187 122 154 123 187 123 188 123 173 105 189 105 171 105 171 124 189 124 190 124 171 125 190 125 191 125 192 105 193 105 194 105 159 105 195 105 154 105 154 126 195 126 196 126 154 127 196 127 160 127 191 105 197 105 171 105 171 128 197 128 198 128 171 105 198 105 152 105 152 129 198 129 199 129 152 130 199 130 180 130 200 105 201 105 168 105 168 131 201 131 202 131 168 132 202 132 166 132 162 105 154 105 203 105 203 133 154 133 188 133 203 134 188 134 194 134 194 135 188 135 204 135 194 136 204 136 192 136 152 137 205 137 206 137 165 105 207 105 154 105 154 138 207 138 208 138 154 105 208 105 168 105 168 139 208 139 209 139 168 140 209 140 200 140 193 105 210 105 194 105 194 141 210 141 211 141 194 142 211 142 212 142 185 143 213 143 214 143 214 105 215 105 185 105 185 144 215 144 216 144 185 145 216 145 217 145 206 146 218 146 152 146 152 147 218 147 219 147 152 148 219 148 150 148 217 105 220 105 185 105 185 149 220 149 221 149 185 150 221 150 152 150 152 151 221 151 222 151 152 152 222 152 205 152 212 105 223 105 194 105 194 153 223 153 224 153 194 105 224 105 185 105 185 154 224 154 225 154 185 155 225 155 213 155 226 156 227 156 228 156 229 156 230 156 152 156 152 157 230 157 231 157 232 156 233 156 234 156 234 158 233 158 235 158 234 159 235 159 236 159 237 156 238 156 239 156 239 160 238 160 240 160 239 161 240 161 241 161 242 156 243 156 244 156 244 156 243 156 245 156 241 162 246 162 239 162 239 163 246 163 247 163 239 164 247 164 248 164 249 156 250 156 234 156 234 165 250 165 251 165 152 166 252 166 238 166 231 167 253 167 152 167 152 168 253 168 254 168 152 156 254 156 243 156 243 169 254 169 255 169 243 170 255 170 245 170 242 156 256 156 243 156 243 171 256 171 257 171 243 172 257 172 258 172 243 173 259 173 234 173 234 174 259 174 260 174 234 175 260 175 232 175 236 156 261 156 234 156 234 176 261 176 262 176 234 177 262 177 263 177 264 178 265 178 154 178 154 179 265 179 266 179 152 180 267 180 268 180 268 156 269 156 152 156 152 181 269 181 270 181 152 182 270 182 271 182 237 156 272 156 238 156 238 183 272 183 273 183 238 156 273 156 152 156 152 184 273 184 274 184 152 185 274 185 229 185 258 156 275 156 243 156 243 186 275 186 276 186 243 187 276 187 259 187 248 156 277 156 239 156 239 188 277 188 278 188 239 156 278 156 279 156 279 189 278 189 228 189 279 156 228 156 280 156 280 156 228 156 227 156 251 190 281 190 234 190 234 191 281 191 282 191 234 192 282 192 283 192 284 156 285 156 154 156 271 156 286 156 152 156 152 193 286 193 287 193 152 194 287 194 252 194 263 156 288 156 234 156 234 195 288 195 289 195 234 156 289 156 249 156 249 196 289 196 290 196 249 156 290 156 228 156 228 197 290 197 291 197 228 198 291 198 226 198 285 156 292 156 154 156 154 199 292 199 293 199 154 200 293 200 264 200 266 156 294 156 154 156 154 201 294 201 295 201 154 156 295 156 152 156 152 202 295 202 296 202 152 203 296 203 267 203 283 156 297 156 234 156 234 204 297 204 298 204 234 156 298 156 154 156 154 205 298 205 299 205 154 206 299 206 284 206 300 49 243 49 17 49 17 49 243 49 234 49 17 49 234 49 7 49 7 49 234 49 301 49 302 3 168 3 76 3 76 3 168 3 171 3 76 207 171 207 80 207 80 3 171 3 303 3 304 208 303 208 171 208 305 208 306 208 152 208 152 209 306 209 307 209 307 208 308 208 152 208 152 210 308 210 309 210 152 211 309 211 310 211 311 212 312 212 152 212 152 213 312 213 313 213 152 214 313 214 305 214 310 215 314 215 152 215 152 216 314 216 315 216 152 217 315 217 316 217 316 218 317 218 152 218 152 208 317 208 318 208 152 208 318 208 171 208 171 219 318 219 319 219 171 220 319 220 304 220 300 208 320 208 243 208 243 221 320 221 321 221 243 208 321 208 152 208 152 222 321 222 322 222 152 223 322 223 311 223 80 224 303 224 323 224 323 225 303 225 304 225 323 226 304 226 324 226 324 227 304 227 319 227 324 228 319 228 325 228 325 229 319 229 318 229 325 230 318 230 326 230 326 230 318 230 317 230 326 231 317 231 327 231 327 232 317 232 316 232 327 233 316 233 328 233 328 234 316 234 315 234 328 235 315 235 329 235 329 236 315 236 314 236 329 237 314 237 330 237 330 238 314 238 310 238 330 239 310 239 331 239 331 240 310 240 309 240 331 241 309 241 332 241 332 242 309 242 308 242 332 243 308 243 333 243 333 244 308 244 307 244 333 245 307 245 334 245 334 245 307 245 306 245 334 246 306 246 335 246 335 247 306 247 305 247 335 248 305 248 336 248 336 249 305 249 313 249 336 250 313 250 337 250 337 251 313 251 312 251 337 252 312 252 338 252 338 253 312 253 311 253 338 254 311 254 339 254 339 255 311 255 322 255 339 256 322 256 340 256 340 257 322 257 321 257 340 258 321 258 341 258 341 259 321 259 320 259 341 260 320 260 17 260 17 261 320 261 300 261 34 262 80 262 323 262 332 262 333 262 34 262 323 262 324 262 34 262 34 262 324 262 325 262 34 263 325 263 326 263 333 262 334 262 34 262 34 262 334 262 335 262 34 264 335 264 336 264 326 262 327 262 34 262 34 262 327 262 328 262 34 265 328 265 329 265 329 262 330 262 34 262 34 262 330 262 331 262 34 266 331 266 332 266 336 262 337 262 34 262 34 267 337 267 338 267 34 268 338 268 339 268 339 262 340 262 34 262 34 269 340 269 341 269 34 262 341 262 17 262 302 224 76 224 342 224 342 270 76 270 343 270 342 227 343 227 344 227 344 226 343 226 345 226 344 228 345 228 346 228 346 271 345 271 347 271 346 230 347 230 348 230 348 230 347 230 349 230 348 231 349 231 350 231 350 232 349 232 351 232 350 272 351 272 352 272 352 273 351 273 353 273 352 235 353 235 354 235 354 274 353 274 355 274 354 237 355 237 356 237 356 238 355 238 357 238 356 275 357 275 358 275 358 240 357 240 359 240 358 241 359 241 360 241 360 242 359 242 361 242 360 243 361 243 362 243 362 276 361 276 363 276 362 245 363 245 364 245 364 277 363 277 365 277 364 246 365 246 366 246 366 247 365 247 367 247 366 248 367 248 368 248 368 249 367 249 369 249 368 250 369 250 370 250 370 278 369 278 371 278 370 252 371 252 372 252 372 253 371 253 373 253 372 254 373 254 374 254 374 255 373 255 375 255 374 256 375 256 376 256 376 257 375 257 377 257 376 279 377 279 378 279 378 280 377 280 379 280 378 260 379 260 301 260 301 261 379 261 7 261 378 262 301 262 234 262 362 262 364 262 154 262 362 262 154 262 360 262 302 262 342 262 168 262 168 281 342 281 344 281 168 262 344 262 154 262 154 282 344 282 346 282 154 283 346 283 348 283 364 262 366 262 154 262 154 284 366 284 368 284 154 262 368 262 370 262 348 285 350 285 154 285 154 286 350 286 352 286 154 287 352 287 354 287 354 262 356 262 154 262 154 288 356 288 358 288 154 289 358 289 360 289 370 290 372 290 154 290 154 291 372 291 374 291 154 292 374 292 234 292 234 293 374 293 376 293 234 294 376 294 378 294 343 208 76 208 0 208 343 208 0 208 345 208 0 295 7 295 379 295 367 208 365 208 0 208 0 296 365 296 363 296 379 208 377 208 0 208 0 297 377 297 375 297 0 298 375 298 373 298 373 208 371 208 0 208 0 299 371 299 369 299 0 300 369 300 367 300 363 208 361 208 0 208 0 301 361 301 359 301 0 302 359 302 357 302 357 303 355 303 0 303 0 208 355 208 353 208 0 304 353 304 351 304 351 208 349 208 0 208 0 305 349 305 347 305 0 306 347 306 345 306 272 307 49 307 273 307 273 307 49 307 73 307 273 308 73 308 274 308 274 309 73 309 46 309 274 310 46 310 229 310 229 310 46 310 45 310 229 311 45 311 230 311 230 312 45 312 44 312 230 313 44 313 231 313 231 314 44 314 33 314 231 315 33 315 253 315 253 316 33 316 32 316 253 317 32 317 254 317 254 317 32 317 43 317 254 318 43 318 255 318 255 319 43 319 42 319 255 320 42 320 245 320 245 321 42 321 41 321 245 322 41 322 244 322 244 323 41 323 31 323 244 324 31 324 242 324 242 325 31 325 30 325 242 326 30 326 256 326 256 327 30 327 29 327 256 328 29 328 257 328 257 329 29 329 22 329 257 330 22 330 258 330 258 331 22 331 21 331 258 332 21 332 275 332 275 333 21 333 20 333 275 334 20 334 276 334 276 335 20 335 19 335 276 336 19 336 259 336 259 337 19 337 18 337 259 338 18 338 260 338 260 339 18 339 6 339 260 340 6 340 232 340 232 341 6 341 5 341 232 342 5 342 233 342 233 343 5 343 28 343 233 344 28 344 235 344 235 345 28 345 27 345 235 346 27 346 236 346 236 347 27 347 26 347 236 348 26 348 261 348 261 349 26 349 40 349 261 350 40 350 262 350 262 351 40 351 39 351 262 352 39 352 263 352 263 353 39 353 38 353 263 354 38 354 288 354 288 355 38 355 37 355 288 356 37 356 289 356 289 357 37 357 54 357 289 358 54 358 290 358 290 359 54 359 53 359 290 360 53 360 291 360 291 361 53 361 52 361 291 362 52 362 226 362 226 362 52 362 25 362 226 363 25 363 227 363 227 364 25 364 24 364 227 365 24 365 280 365 280 366 24 366 23 366 280 367 23 367 279 367 279 368 23 368 4 368 279 369 4 369 239 369 239 369 4 369 3 369 239 370 3 370 237 370 237 371 3 371 58 371 237 372 58 372 272 372 272 372 58 372 49 372 295 307 1 307 296 307 296 307 1 307 50 307 296 373 50 373 267 373 267 373 50 373 51 373 267 310 51 310 268 310 268 374 51 374 70 374 268 375 70 375 269 375 269 312 70 312 69 312 269 376 69 376 270 376 270 377 69 377 57 377 270 378 57 378 271 378 271 316 57 316 56 316 271 317 56 317 286 317 286 379 56 379 55 379 286 318 55 318 287 318 287 319 55 319 36 319 287 380 36 380 252 380 252 321 36 321 35 321 252 322 35 322 238 322 238 381 35 381 68 381 238 324 68 324 240 324 240 382 68 382 67 382 240 326 67 326 241 326 241 327 67 327 66 327 241 328 66 328 246 328 246 329 66 329 65 329 246 383 65 383 247 383 247 384 65 384 64 384 247 385 64 385 248 385 248 386 64 386 63 386 248 335 63 335 277 335 277 335 63 335 75 335 277 337 75 337 278 337 278 336 75 336 74 336 278 387 74 387 228 387 228 338 74 338 72 338 228 341 72 341 249 341 249 388 72 388 71 388 249 389 71 389 250 389 250 390 71 390 48 390 250 344 48 344 251 344 251 344 48 344 47 344 251 391 47 391 281 391 281 392 47 392 62 392 281 393 62 393 282 393 282 394 62 394 61 394 282 350 61 350 283 350 283 351 61 351 60 351 283 352 60 352 297 352 297 353 60 353 59 353 297 395 59 395 298 395 298 355 59 355 16 355 298 396 16 396 299 396 299 357 16 357 15 357 299 358 15 358 284 358 284 397 15 397 14 397 284 360 14 360 285 360 285 361 14 361 13 361 285 398 13 398 292 398 292 362 13 362 12 362 292 363 12 363 293 363 293 399 12 399 11 399 293 400 11 400 264 400 264 401 11 401 10 401 264 367 10 367 265 367 265 402 10 402 9 402 265 403 9 403 266 403 266 369 9 369 8 369 266 404 8 404 294 404 294 405 8 405 2 405 294 372 2 372 295 372 295 372 2 372 1 372 224 406 115 406 225 406 225 407 115 407 113 407 225 408 113 408 213 408 213 409 113 409 112 409 213 410 112 410 214 410 214 411 112 411 96 411 214 412 96 412 215 412 215 413 96 413 95 413 215 414 95 414 216 414 216 415 95 415 94 415 216 416 94 416 217 416 217 417 94 417 83 417 217 418 83 418 220 418 220 419 83 419 82 419 220 420 82 420 221 420 221 421 82 421 100 421 221 422 100 422 222 422 222 423 100 423 138 423 222 424 138 424 205 424 205 424 138 424 146 424 205 425 146 425 206 425 206 426 146 426 145 426 206 427 145 427 218 427 218 428 145 428 137 428 218 429 137 429 219 429 219 430 137 430 136 430 219 431 136 431 150 431 150 432 136 432 135 432 150 433 135 433 151 433 151 434 135 434 132 434 151 435 132 435 156 435 156 436 132 436 133 436 156 437 133 437 155 437 155 438 133 438 134 438 155 439 134 439 153 439 153 440 134 440 144 440 153 441 144 441 157 441 157 442 144 442 143 442 157 443 143 443 158 443 158 444 143 444 142 444 158 445 142 445 159 445 159 446 142 446 131 446 159 447 131 447 195 447 195 448 131 448 130 448 195 449 130 449 196 449 196 450 130 450 129 450 196 451 129 451 160 451 160 452 129 452 126 452 160 453 126 453 161 453 161 454 126 454 125 454 161 455 125 455 186 455 186 456 125 456 124 456 186 457 124 457 187 457 187 458 124 458 141 458 187 459 141 459 188 459 188 460 141 460 140 460 188 461 140 461 204 461 204 462 140 462 139 462 204 463 139 463 192 463 192 464 139 464 123 464 192 465 123 465 193 465 193 466 123 466 122 466 193 467 122 467 210 467 210 468 122 468 121 468 210 469 121 469 211 469 211 470 121 470 86 470 211 471 86 471 212 471 212 472 86 472 85 472 212 473 85 473 223 473 223 474 85 474 127 474 223 475 127 475 224 475 224 476 127 476 115 476 178 477 77 477 179 477 179 478 77 478 79 478 179 479 79 479 169 479 169 480 79 480 81 480 169 410 81 410 170 410 170 411 81 411 93 411 170 481 93 481 172 481 172 482 93 482 92 482 172 483 92 483 173 483 173 484 92 484 91 484 173 485 91 485 189 485 189 486 91 486 105 486 189 487 105 487 190 487 190 487 105 487 104 487 190 488 104 488 191 488 191 489 104 489 103 489 191 490 103 490 197 490 197 490 103 490 111 490 197 424 111 424 198 424 198 424 111 424 110 424 198 491 110 491 199 491 199 492 110 492 109 492 199 427 109 427 180 427 180 428 109 428 90 428 180 429 90 429 181 429 181 430 90 430 89 430 181 493 89 493 182 493 182 494 89 494 88 494 182 433 88 433 183 433 183 434 88 434 87 434 183 495 87 495 184 495 184 496 87 496 149 496 184 497 149 497 185 497 185 498 149 498 148 498 185 439 148 439 194 439 194 440 148 440 147 440 194 441 147 441 203 441 203 442 147 442 102 442 203 499 102 499 162 499 162 500 102 500 101 500 162 501 101 501 163 501 163 502 101 502 84 502 163 447 84 447 164 447 164 448 84 448 114 448 164 503 114 503 165 503 165 504 114 504 116 504 165 451 116 451 207 451 207 452 116 452 117 452 207 453 117 453 208 453 208 454 117 454 128 454 208 505 128 505 209 505 209 506 128 506 120 506 209 457 120 457 200 457 200 458 120 458 119 458 200 507 119 507 201 507 201 508 119 508 118 508 201 509 118 509 202 509 202 510 118 510 108 510 202 511 108 511 166 511 166 511 108 511 107 511 166 512 107 512 167 512 167 513 107 513 106 513 167 514 106 514 174 514 174 515 106 515 99 515 174 516 99 516 175 516 175 517 99 517 98 517 175 471 98 471 176 471 176 472 98 472 97 472 176 518 97 518 177 518 177 519 97 519 78 519 177 520 78 520 178 520 178 521 78 521 77 521</p>
        </triangles>
      </mesh>
    </geometry>
    <geometry id="MMO_700_dual_-_bracket_single-1-mesh" name="MMO_700_dual - bracket_single-1">
      <mesh>
        <source id="MMO_700_dual_-_bracket_single-1-mesh-positions">
          <float_array id="MMO_700_dual_-_bracket_single-1-mesh-positions-array" count="1140">0.203105 0.53711 0.7789515 0.203105 0.52461 0.7909515 0.203105 0.5253046 0.7910123 0.203105 0.5259781 0.8361927 0.203105 0.52661 0.8364874 0.203105 0.5253046 0.8438907 0.203105 0.52461 0.8439515 0.203105 0.53711 0.8569515 0.203105 0.5259781 0.7911927 0.203105 0.52661 0.7914874 0.203105 0.5271812 0.7918874 0.203105 0.5276742 0.7923803 0.203105 0.5280741 0.7929515 0.203105 0.5283688 0.7935834 0.203105 0.5285492 0.7942569 0.203105 0.52861 0.7949515 0.203105 0.5285492 0.7956461 0.203105 0.51211 0.8569515 0.203105 0.5239154 0.8438907 0.203105 0.5232419 0.8437103 0.203105 0.52261 0.8434156 0.203105 0.5220388 0.8430157 0.203105 0.5215458 0.8425226 0.203105 0.5271812 0.8368873 0.203105 0.5276742 0.8373804 0.203105 0.5280741 0.8379515 0.203105 0.5271812 0.8430157 0.203105 0.52661 0.8434156 0.203105 0.5259781 0.8437103 0.203105 0.5211459 0.8419515 0.203105 0.5208512 0.8413196 0.203105 0.5206708 0.8406461 0.203105 0.5211459 0.8379515 0.203105 0.5215458 0.8373804 0.203105 0.51211 0.7789515 0.203105 0.52061 0.7949515 0.203105 0.5206708 0.7942569 0.203105 0.5285492 0.8406461 0.203105 0.5283688 0.8413196 0.203105 0.5280741 0.8419515 0.203105 0.5276742 0.8425226 0.203105 0.52061 0.8399515 0.203105 0.5206708 0.8392569 0.203105 0.5208512 0.8385834 0.203105 0.5220388 0.8368873 0.203105 0.52261 0.8364874 0.203105 0.5232419 0.8361927 0.203105 0.52661 0.7984156 0.203105 0.5259781 0.7987103 0.203105 0.52461 0.8359515 0.203105 0.5239154 0.7910123 0.203105 0.5232419 0.7911927 0.203105 0.5283688 0.8385834 0.203105 0.5285492 0.8392569 0.203105 0.52861 0.8399515 0.203105 0.5208512 0.7935834 0.203105 0.5211459 0.7929515 0.203105 0.5215458 0.7923803 0.203105 0.5253046 0.8360123 0.203105 0.5283688 0.7963196 0.203105 0.5280741 0.7969515 0.203105 0.5276742 0.7975227 0.203105 0.5271812 0.7980157 0.203105 0.52261 0.7984156 0.203105 0.5220388 0.7980157 0.203105 0.5215458 0.7975227 0.203105 0.5211459 0.7969515 0.203105 0.5208512 0.7963196 0.203105 0.5206708 0.7956461 0.203105 0.5220388 0.7918874 0.203105 0.52261 0.7914874 0.203105 0.5253046 0.7988907 0.203105 0.52461 0.7989515 0.203105 0.5239154 0.8360123 0.203105 0.5239154 0.7988907 0.203105 0.5232419 0.7987103 0.125105 0.53711 0.7789515 0.137105 0.52461 0.7789515 0.1371657 0.5253046 0.7789515 0.1371657 0.5239154 0.7789515 0.125105 0.51211 0.7789515 0.1373462 0.5232419 0.7789515 0.1847369 0.5208512 0.7789515 0.184105 0.5211459 0.7789515 0.1445691 0.52661 0.7789515 0.1823462 0.5259781 0.7789515 0.1826409 0.52661 0.7789515 0.1445691 0.52261 0.7789515 0.1441692 0.5220388 0.7789515 0.1436761 0.5215458 0.7789515 0.143105 0.5211459 0.7789515 0.1385338 0.5215458 0.7789515 0.1380408 0.5220388 0.7789515 0.1376409 0.52261 0.7789515 0.1835339 0.5215458 0.7789515 0.1830408 0.5220388 0.7789515 0.1826409 0.52261 0.7789515 0.1373462 0.5259781 0.7789515 0.1376409 0.52661 0.7789515 0.1380408 0.5271812 0.7789515 0.1854104 0.5206708 0.7789515 0.1448637 0.5259781 0.7789515 0.1450442 0.5253046 0.7789515 0.1404104 0.5206708 0.7789515 0.1397369 0.5208512 0.7789515 0.139105 0.5211459 0.7789515 0.1385338 0.5276742 0.7789515 0.139105 0.5280741 0.7789515 0.1397369 0.5283688 0.7789515 0.1424731 0.5208512 0.7789515 0.1417996 0.5206708 0.7789515 0.141105 0.52061 0.7789515 0.1823462 0.5232419 0.7789515 0.1821658 0.5239154 0.7789515 0.1441692 0.5271812 0.7789515 0.182105 0.52461 0.7789515 0.1436761 0.5276742 0.7789515 0.143105 0.5280741 0.7789515 0.1404104 0.5285492 0.7789515 0.141105 0.52861 0.7789515 0.1417996 0.5285492 0.7789515 0.1830408 0.5271812 0.7789515 0.1835339 0.5276742 0.7789515 0.184105 0.5280741 0.7789515 0.1867996 0.5285492 0.7789515 0.1874731 0.5283688 0.7789515 0.188105 0.5280741 0.7789515 0.1821658 0.5253046 0.7789515 0.1424731 0.5283688 0.7789515 0.1886761 0.5276742 0.7789515 0.1891692 0.5271812 0.7789515 0.1895691 0.52661 0.7789515 0.1895691 0.52261 0.7789515 0.1898638 0.5232419 0.7789515 0.1900442 0.5239154 0.7789515 0.1891692 0.5220388 0.7789515 0.1886761 0.5215458 0.7789515 0.188105 0.5211459 0.7789515 0.186105 0.52061 0.7789515 0.1847369 0.5283688 0.7789515 0.1854104 0.5285492 0.7789515 0.186105 0.52861 0.7789515 0.1898638 0.5259781 0.7789515 0.1900442 0.5253046 0.7789515 0.190105 0.52461 0.7789515 0.1874731 0.5208512 0.7789515 0.1867996 0.5206708 0.7789515 0.145105 0.52461 0.7789515 0.1450442 0.5239154 0.7789515 0.1448637 0.5232419 0.7789515 0.1891692 0.5220388 0.7669515 0.1895691 0.52261 0.7669515 0.215105 0.50711 0.7669515 0.190105 0.52461 0.7669515 0.215105 0.54211 0.7669515 0.1900442 0.5239154 0.7669515 0.1898638 0.5232419 0.7669515 0.1900442 0.5253046 0.7669515 0.1898638 0.5259781 0.7669515 0.1895691 0.52661 0.7669515 0.188105 0.5280741 0.7669515 0.1874731 0.5283688 0.7669515 0.1448637 0.5259781 0.7669515 0.1445691 0.52661 0.7669515 0.1441692 0.5271812 0.7669515 0.1436761 0.5276742 0.7669515 0.139105 0.5280741 0.7669515 0.1385338 0.5276742 0.7669515 0.125105 0.54211 0.7669515 0.1373462 0.5232419 0.7669515 0.1376409 0.52261 0.7669515 0.125105 0.50711 0.7669515 0.1380408 0.5220388 0.7669515 0.1385338 0.5215458 0.7669515 0.1380408 0.5271812 0.7669515 0.1376409 0.52661 0.7669515 0.1373462 0.5259781 0.7669515 0.1371657 0.5253046 0.7669515 0.137105 0.52461 0.7669515 0.1371657 0.5239154 0.7669515 0.143105 0.5211459 0.7669515 0.1436761 0.5215458 0.7669515 0.1441692 0.5220388 0.7669515 0.1445691 0.52261 0.7669515 0.1448637 0.5232419 0.7669515 0.1450442 0.5239154 0.7669515 0.1867996 0.5285492 0.7669515 0.186105 0.52861 0.7669515 0.1854104 0.5285492 0.7669515 0.139105 0.5211459 0.7669515 0.1397369 0.5208512 0.7669515 0.1404104 0.5206708 0.7669515 0.184105 0.5280741 0.7669515 0.1835339 0.5276742 0.7669515 0.145105 0.52461 0.7669515 0.1891692 0.5271812 0.7669515 0.1886761 0.5276742 0.7669515 0.141105 0.52061 0.7669515 0.1417996 0.5206708 0.7669515 0.1424731 0.5208512 0.7669515 0.141105 0.52861 0.7669515 0.1404104 0.5285492 0.7669515 0.1397369 0.5283688 0.7669515 0.1450442 0.5253046 0.7669515 0.1847369 0.5283688 0.7669515 0.1867996 0.5206708 0.7669515 0.1874731 0.5208512 0.7669515 0.143105 0.5280741 0.7669515 0.1424731 0.5283688 0.7669515 0.1417996 0.5285492 0.7669515 0.1830408 0.5271812 0.7669515 0.1826409 0.52661 0.7669515 0.1823462 0.5259781 0.7669515 0.1823462 0.5232419 0.7669515 0.1826409 0.52261 0.7669515 0.1830408 0.5220388 0.7669515 0.1835339 0.5215458 0.7669515 0.184105 0.5211459 0.7669515 0.188105 0.5211459 0.7669515 0.1886761 0.5215458 0.7669515 0.1847369 0.5208512 0.7669515 0.1854104 0.5206708 0.7669515 0.186105 0.52061 0.7669515 0.1821658 0.5253046 0.7669515 0.182105 0.52461 0.7669515 0.1821658 0.5239154 0.7669515 0.215105 0.5280741 0.8379515 0.215105 0.5276742 0.8373804 0.215105 0.52461 0.7989515 0.215105 0.52261 0.8364874 0.215105 0.5220388 0.8368873 0.215105 0.5215458 0.8373804 0.215105 0.5253046 0.8438907 0.215105 0.5259781 0.8437103 0.215105 0.54211 0.8569515 0.215105 0.52661 0.8434156 0.215105 0.5271812 0.8430157 0.215105 0.5253046 0.8360123 0.215105 0.5206708 0.7956461 0.215105 0.5259781 0.8361927 0.215105 0.5208512 0.7963196 0.215105 0.5211459 0.7969515 0.215105 0.5208512 0.8413196 0.215105 0.50711 0.8569515 0.215105 0.5206708 0.8406461 0.215105 0.52061 0.8399515 0.215105 0.5215458 0.7975227 0.215105 0.5220388 0.7980157 0.215105 0.52261 0.7984156 0.215105 0.5253046 0.7988907 0.215105 0.5259781 0.7987103 0.215105 0.52661 0.7984156 0.215105 0.52061 0.7949515 0.215105 0.5211459 0.8379515 0.215105 0.5208512 0.8385834 0.215105 0.5206708 0.8392569 0.215105 0.5211459 0.8419515 0.215105 0.5215458 0.8425226 0.215105 0.5220388 0.8430157 0.215105 0.5239154 0.8438907 0.215105 0.52461 0.8439515 0.215105 0.5276742 0.8425226 0.215105 0.5280741 0.8419515 0.215105 0.5283688 0.8413196 0.215105 0.5271812 0.7918874 0.215105 0.52661 0.7914874 0.215105 0.5259781 0.7911927 0.215105 0.5232419 0.7911927 0.215105 0.52261 0.7914874 0.215105 0.5220388 0.7918874 0.215105 0.5215458 0.7923803 0.215105 0.5211459 0.7929515 0.215105 0.52461 0.8359515 0.215105 0.5239154 0.8360123 0.215105 0.5232419 0.8361927 0.215105 0.52261 0.8434156 0.215105 0.5232419 0.8437103 0.215105 0.5232419 0.7987103 0.215105 0.5239154 0.7988907 0.215105 0.52661 0.8364874 0.215105 0.5271812 0.8368873 0.215105 0.5271812 0.7980157 0.215105 0.5276742 0.7975227 0.215105 0.5280741 0.7969515 0.215105 0.5285492 0.7942569 0.215105 0.5283688 0.7935834 0.215105 0.5208512 0.7935834 0.215105 0.5206708 0.7942569 0.215105 0.5285492 0.8406461 0.215105 0.52861 0.8399515 0.215105 0.5285492 0.8392569 0.215105 0.5283688 0.8385834 0.215105 0.5280741 0.7929515 0.215105 0.5276742 0.7923803 0.215105 0.5253046 0.7910123 0.215105 0.52461 0.7909515 0.215105 0.5239154 0.7910123 0.215105 0.5283688 0.7963196 0.215105 0.5285492 0.7956461 0.215105 0.52861 0.7949515 0.203105 0.50711 0.8569515 0.203105 0.54211 0.8569515 0.125105 0.54211 0.7789515 0.125105 0.50711 0.7789515 0.1312248 0.50711 0.779192 0.1916109 0.50711 0.8161966 0.1882083 0.50711 0.8111042 0.1844167 0.50711 0.8062946 0.1802593 0.50711 0.8017972 0.1757619 0.50711 0.7976399 0.1709522 0.50711 0.7938482 0.1992874 0.50711 0.8328482 0.1971676 0.50711 0.8271022 0.1946035 0.50711 0.8215402 0.1658599 0.50711 0.7904456 0.1605162 0.50711 0.787453 0.1549543 0.50711 0.7848889 0.1492083 0.50711 0.7827691 0.1433137 0.50711 0.7811067 0.1373069 0.50711 0.7799118 0.2028645 0.50711 0.8508317 0.2021447 0.50711 0.8447496 0.2009499 0.50711 0.8387427 0.1312248 0.51211 0.779192 0.1373069 0.51211 0.7799118 0.1433137 0.51211 0.7811067 0.1492083 0.51211 0.7827691 0.1549543 0.51211 0.7848889 0.1605162 0.51211 0.787453 0.1658599 0.51211 0.7904456 0.1709522 0.51211 0.7938482 0.1757619 0.51211 0.7976399 0.1802593 0.51211 0.8017972 0.1844167 0.51211 0.8062946 0.1882083 0.51211 0.8111042 0.1916109 0.51211 0.8161966 0.1946035 0.51211 0.8215402 0.1971676 0.51211 0.8271022 0.1992874 0.51211 0.8328482 0.2009499 0.51211 0.8387427 0.2021447 0.51211 0.8447496 0.2028645 0.51211 0.8508317 0.1312248 0.54211 0.779192 0.1312248 0.53711 0.779192 0.1373069 0.54211 0.7799118 0.1373069 0.53711 0.7799118 0.1433137 0.54211 0.7811067 0.1433137 0.53711 0.7811067 0.1492083 0.54211 0.7827691 0.1492083 0.53711 0.7827691 0.1549543 0.54211 0.7848889 0.1549543 0.53711 0.7848889 0.1605162 0.54211 0.787453 0.1605162 0.53711 0.787453 0.1658599 0.54211 0.7904456 0.1658599 0.53711 0.7904456 0.1709522 0.54211 0.7938482 0.1709522 0.53711 0.7938482 0.1757619 0.54211 0.7976399 0.1757619 0.53711 0.7976399 0.1802593 0.54211 0.8017972 0.1802593 0.53711 0.8017972 0.1844167 0.54211 0.8062946 0.1844167 0.53711 0.8062946 0.1882083 0.54211 0.8111042 0.1882083 0.53711 0.8111042 0.1916109 0.54211 0.8161966 0.1916109 0.53711 0.8161966 0.1946035 0.54211 0.8215402 0.1946035 0.53711 0.8215402 0.1971676 0.54211 0.8271022 0.1971676 0.53711 0.8271022 0.1992874 0.54211 0.8328482 0.1992874 0.53711 0.8328482 0.2009499 0.54211 0.8387427 0.2009499 0.53711 0.8387427 0.2021447 0.54211 0.8447496 0.2021447 0.53711 0.8447496 0.2028645 0.54211 0.8508317 0.2028645 0.53711 0.8508317</float_array>
          <technique_common>
            <accessor source="#MMO_700_dual_-_bracket_single-1-mesh-positions-array" count="380" stride="3">
              <param name="X" type="float"/>
              <param name="Y" type="float"/>
              <param name="Z" type="float"/>
            </accessor>
          </technique_common>
        </source>
        <source id="MMO_700_dual_-_bracket_single-1-mesh-normals">
          <float_array id="MMO_700_dual_-_bracket_single-1-mesh-normals-array" count="1665">-1 1.13997e-5 0 -1 1.54914e-5 0 -1 0 0 -1 4.54215e-5 0 -1 -2.90655e-5 0 -1 1.409e-5 0 -1 2.70504e-6 0 -1 -3.55078e-5 0 -1 4.2324e-5 0 -1 -3.54122e-5 0 -1 -1.05898e-5 0 -1 -2.13111e-5 0 -1 3.99808e-5 0 -1 -1.34157e-5 0 -1 -1.36058e-5 0 -1 -2.30491e-5 0 -1 1.72063e-5 0 -1 -2.74871e-5 0 -1 2.13074e-5 0 -1 3.4476e-5 0 -1 -4.34485e-5 0 -1 -6.7714e-5 0 -1 5.34759e-5 0 -1 -4.59686e-5 0 -1 2.60824e-6 0 -1 1.36036e-5 0 -1 2.98773e-5 0 -1 -2.78947e-6 0 -1 6.11935e-5 0 -1 -4.53658e-5 0 -1 2.08099e-5 0 -1 -1.54914e-5 0 -1 -4.54215e-5 0 -1 8.06517e-5 0 -1 -6.11935e-5 0 -1 2.78947e-6 0 -1 -2.98773e-5 0 -1 -2.51725e-5 0 -1 3.55078e-5 0 -1 -2.70471e-6 0 -1 3.19604e-6 0 -1 -6.59707e-5 0 -1 1.89024e-4 0 -1 -8.75914e-5 0 -1 6.83948e-5 0 -1 9.18028e-6 0 -1 7.756e-6 0 -1 -8.78176e-6 0 -1 1.28483e-4 0 -1 -1.02323e-4 0 -1 2.11385e-5 0 -1 3.54122e-5 0 -1 -1.40907e-5 0 -1 2.90606e-5 0 -1 3.74985e-5 0 -1 -1.40852e-5 0 -1 -2.20817e-5 0 -1 9.22339e-6 0 -1 -2.58032e-5 0 -1.66391e-4 0 1 0 0 1 1.13585e-4 0 1 4.72099e-5 0 1 2.475e-5 0 1 -1.02885e-5 0 1 -3.9914e-6 0 1 -5.12438e-5 0 1 9.51007e-5 0 1 -3.48203e-5 0 1 1.7335e-5 0 1 9.51123e-5 0 1 -7.68653e-5 0 1 -4.83875e-6 0 1 1.76707e-5 0 1 -4.1428e-5 0 1 1.08175e-5 0 1 7.03242e-5 0 1 -4.14265e-5 0 1 2.42158e-5 0 1 -1.62345e-5 0 1 1.1638e-5 0 1 -2.0355e-5 0 1 9.37384e-6 0 1 -4.44426e-6 0 1 2.67037e-5 0 1 -3.42091e-5 0 1 1.16394e-5 0 1 -1.62261e-5 0 1 -2.51332e-5 0 1 -8.69795e-6 0 1 2.63118e-5 0 1 4.02229e-5 0 1 -3.19605e-6 0 1 1.64929e-5 0 1 -1.25914e-5 0 1 -6.25629e-6 0 1 -8.34446e-5 0 1 2.47348e-5 0 1 7.3187e-5 0 1 -1.59885e-4 0 1 7.8064e-5 0 1 -2.96858e-5 0 1 -1.04294e-5 0 1 1.64311e-5 0 1 -2.44801e-5 0 1 1.64338e-5 0 1 -1.15379e-5 0 1 -1.59923e-4 0 1 -4.26125e-5 0 1 5.70456e-6 0 1 -4.22384e-5 0 1 1.54583e-4 0 1 4.67977e-5 0 1 -1.15391e-5 0 1 -1.23704e-5 0 1 -5.64727e-6 0 1 -2.61339e-5 0 1 0 0 -1 4.24715e-6 0 -1 1.01082e-4 0 -1 -2.9232e-5 0 -1 -5.62275e-6 0 -1 2.12888e-5 0 -1 -1.09994e-5 0 -1 1.36808e-4 0 -1 -6.09943e-5 0 -1 2.54215e-5 0 -1 -7.40746e-5 0 -1 9.32131e-6 0 -1 -1.36258e-4 0 -1 -1.36271e-4 0 -1 4.17399e-5 0 -1 -5.06073e-5 0 -1 -8.24962e-6 0 -1 -2.36942e-6 0 -1 -9.27279e-6 0 -1 6.7922e-5 0 -1 -9.93846e-5 0 -1 1.36818e-4 0 -1 -4.03125e-5 0 -1 -2.44661e-6 0 -1 8.96218e-5 0 -1 -2.31118e-5 0 -1 -5.56996e-5 0 -1 9.00427e-5 0 -1 1.3015e-6 0 -1 1.74126e-5 0 -1 -2.44682e-6 0 -1 -4.03114e-5 0 -1 4.12957e-6 0 -1 -6.29572e-6 0 -1 -6.25821e-6 0 -1 2.04345e-6 0 -1 -5.06175e-5 0 -1 1.74095e-5 0 -1 4.75525e-6 0 -1 9.00352e-5 0 -1 -2.81968e-6 0 -1 -5.03441e-6 0 -1 4.98175e-6 0 -1 -1.11111e-5 0 -1 6.53721e-6 0 -1 -1.24425e-5 0 -1 -6.49839e-5 0 -1 -1.73328e-5 0 -1 -5.70802e-6 0 -1 -9.93983e-5 0 -1 6.79263e-5 0 -1 1 0 0 1 -1.39125e-5 0 1 3.93701e-5 0 1 -1.44184e-5 0 1 -7.31245e-6 0 1 7.06839e-5 0 1 -4.66803e-4 0 1 -3.85624e-5 0 1 4.47307e-5 0 1 1.44014e-4 0 1 5.00047e-5 0 1 -6.40161e-5 0 1 -1.50566e-5 0 1 -2.27554e-5 0 1 1.36768e-5 0 1 -7.53065e-7 0 1 2.45036e-5 0 1 -2.44175e-5 0 1 4.15353e-6 0 1 -8.18039e-6 0 1 4.54441e-5 0 1 -3.58595e-5 0 1 -4.15358e-6 0 1 4.37978e-6 0 1 1.52243e-5 0 1 -1.52243e-5 0 1 -4.44217e-6 0 1 1.58044e-6 0 1 -1.90051e-5 0 1 -2.36441e-5 0 1 1.28993e-5 0 1 1.44205e-5 0 1 -2.02986e-5 0 1 1.02895e-5 0 1 -3.99552e-6 0 1 4.69991e-5 0 1 -2.31759e-5 0 1 2.8185e-5 0 1 8.27972e-6 0 1 6.8303e-5 0 1 3.85624e-5 0 1 -2.79552e-5 0 0.9999945 0.003339469 0 1 6.93097e-5 0 1 -4.37941e-5 0 1 -1.58056e-6 0 1 4.44188e-6 0 1 5.8471e-6 0 1 -5.8471e-6 0 1 1.32381e-5 0 1 -5.7647e-6 0 1 2.27554e-5 0 1 -6.8303e-5 0 6.20881e-6 0 1 0 -1 0 0 -1 6.4855e-6 0 -1 -2.3536e-6 0 -1 1.54408e-6 0 -1 -7.84526e-6 0 -1 -8.07833e-6 0 -1 1.70626e-6 0 -1 -6.82504e-6 0 -1 1.1e-5 0 -1 9.18522e-6 0 -1 -1.46209e-6 0 -1 7.35971e-6 0 -1 -1.26818e-5 0 -1 3.32418e-6 0 -1 2.72628e-6 0 -1 1.14814e-6 -0.03924834 0 0.9992295 -0.03926295 0 0.999229 -0.1175302 0 0.9930693 -0.1175453 0 0.9930676 -0.1950837 0 0.9807866 -0.1950984 0 0.9807837 -0.2714378 0 0.9624561 -0.2714338 0 0.9624571 -0.3461007 0 0.9381974 -0.3461542 0 0.9381777 -0.4186377 0 0.9081534 -0.4186628 0 0.9081419 -0.4886136 0 0.8725004 -0.4886432 0 0.8724838 -0.5555632 0 0.8314744 -0.5555772 0 0.8314651 -0.619086 0 0.7853232 -0.6190934 0 0.7853174 -0.6788105 0 0.7343136 -0.6787865 0 0.7343357 -0.7343211 0 0.6788023 -0.7343352 0 0.6787871 -0.7853079 0 0.6191055 -0.7853158 0 0.6190954 -0.8314768 0 0.5555596 -0.8314639 0 0.555579 -0.8724935 0 0.4886258 -0.8724975 0 0.4886187 -0.9081391 0 0.4186685 -0.9081474 0 0.4186508 -0.9381907 0 0.346119 -0.9381918 0 0.3461158 -0.962455 0 0.2714413 -0.962454 0 0.2714448 -0.9807863 0 0.1950852 -0.9807848 0 0.1950932 -0.9930686 0 0.1175359 -0.9930685 0 0.1175377 -0.9992291 0 0.03925853 -0.999229 0 0.0392602 0 1 2.4829e-5 0 1 -9.42041e-6 0 1 1.40035e-4 0 1 -2.75911e-5 0 1 1.24617e-5 0 1 4.81158e-6 0 1 -1.25676e-6 0 1 -1.34678e-6 0 1 0 0 1 8.08072e-6 0 1 -4.8115e-6 0 1 4.71029e-6 0 1 -1.70963e-6 0 1 3.11539e-6 0 1 -1.37954e-6 0 1 1.09402e-6 -0.03924775 0 0.9992296 -0.03926354 0 0.9992289 -0.5555562 0 0.8314791 -0.5555842 0 0.8314602 -0.6787941 0 0.7343287 -0.7853115 0 0.6191008 -0.8724902 0 0.4886316 -0.8725007 0 0.4886129 -0.9081421 0 0.4186623 -0.9807841 0 0.1950969 -0.999229 0 0.03925973 0 1 -6.27624e-6 0 1 1.23526e-5 0 1 6.64833e-6 0 1 -1.36313e-5 0 1 2.75557e-5 0 1 -3.41251e-6 0 1 1.83331e-6 0 1 9.16664e-6 0 1 -1.02376e-5 0 1 1.2971e-5 0 1 -7.84526e-6 0 1 -4.59255e-6 0 1 7.35962e-6 0 1 -4.15523e-6 0 -1 4.81157e-6 0 -1 2.18807e-6 0 -1 -1.37953e-6 0 -1 -1.03846e-6 0 -1 2.97574e-6 0 -1 -4.04035e-6 0 -1 -9.42041e-6 0 -1 -4.8115e-6 0 -1 2.01082e-5 0 -1 -8.08072e-6 0 -1 2.97575e-6 0 -1 2.73541e-5 0 -1 1.24617e-5 0 -1 5.51822e-6 0 0.08710801 0.9961989 0 0.08711767 0.9961981 0 0.2588437 0.9659193 0 0.2588723 0.9659116 0 0.4226037 0.9063146 0 0.4226478 0.9062941 0 0.5735532 0.8191684 0 0.5734486 0.8192416 0 0.7071564 0.7070572 0 0.7071572 0.7070564 0 0.8191419 0.573591 0 0.8191431 0.5735894 0 0.9063009 0.4226331 0 0.9659582 0.2586983 0 0.9659025 0.258906 0 0.9961951 0.08715069 0 0.9961856 0.08726054 0 0.9961849 -0.08726841 0 0.9961946 -0.08715796 0 0.9659025 -0.258906 0 0.9659582 -0.2586983 0 0.9063009 -0.4226331 0 0.8191419 -0.573591 0 0.8191431 -0.5735894 0 0.7071564 -0.7070572 0 0.7071572 -0.7070564 0 0.5735058 -0.8192015 0 0.5736104 -0.8191283 0 0.4225764 -0.9063274 0 0.4225352 -0.9063466 0 0.2588715 -0.9659118 0 0.2588444 -0.9659191 0 0.08720272 -0.9961906 0 0.08719301 -0.9961915 0 -0.08719301 -0.9961915 0 -0.08720272 -0.9961906 0 -0.2588437 -0.9659193 0 -0.2588166 -0.9659265 0 -0.4225764 -0.9063274 0 -0.4225778 -0.9063267 0 -0.5736104 -0.8191283 0 -0.7071008 -0.7071129 0 -0.7071015 -0.707112 0 -0.8191941 -0.5735163 0 -0.8191431 -0.5735894 0 -0.9063009 -0.4226331 0 -0.9659582 -0.2586983 0 -0.9659025 -0.258906 0 -0.9961946 -0.08715796 0 -0.9961951 0.08715069 0 -0.9961953 0.08715009 0 -0.9659025 0.258906 0 -0.9659582 0.2586983 0 -0.9063009 0.4226331 0 -0.8191419 0.573591 0 -0.8191954 0.5735147 0 -0.7071008 0.7071129 0 -0.7071015 0.707112 0 -0.5735532 0.8191684 0 -0.4226464 0.9062947 0 -0.4226478 0.9062941 0 -0.2588158 0.9659268 0 -0.2588444 0.9659191 0 -0.08711767 0.9961981 0 -0.08710801 0.9961989 0 0.08719301 0.9961915 0 0.08720272 0.9961906 0 0.2587642 0.9659406 0 0.2587928 0.9659329 0 0.5736104 0.8191283 0 0.5735058 0.8192015 0 0.7071138 0.7070998 0 0.7071146 0.707099 0 0.8191699 0.5735509 0 0.8191711 0.5735493 0 0.9062854 0.4226665 0 0.9659638 0.2586774 0 0.9659087 0.2588834 0 0.9961946 0.08715796 0 0.9961849 0.08726841 0 0.9659082 -0.2588852 0 0.9659643 -0.2586757 0 0.9062854 -0.4226665 0 0.8191699 -0.5735509 0 0.8191711 -0.5735493 0 0.7071138 -0.7070998 0 0.7071146 -0.707099 0 0.4226464 -0.9062947 0 0.4226052 -0.906314 0 0.258792 -0.9659332 0 0.258765 -0.9659404 0 -0.2587642 -0.9659406 0 -0.2587372 -0.9659479 0 -0.4226464 -0.9062947 0 -0.4226478 -0.9062941 0 -0.7070581 -0.7071555 0 -0.707059 -0.7071546 0 -0.8192223 -0.5734763 0 -0.8191711 -0.5735493 0 -0.9062854 -0.4226665 0 -0.9659638 -0.2586774 0 -0.9659087 -0.2588834 0 -0.9961946 0.08715796 0 -0.9659082 0.2588852 0 -0.9659643 0.2586757 0 -0.9062854 0.4226665 0 -0.8191699 0.5735509 0 -0.8192234 0.5734746 0 -0.7070581 0.7071555 0 -0.707059 0.7071546 0 -0.5736104 0.8191283 0 -0.2587363 0.965948 0 -0.258765 0.9659404 0 -0.08720272 0.9961906 0 -0.08719301 0.9961915 0.9961994 0.08710271 0 0.9961946 0.08715796 0 0.9659165 0.2588541 0 0.9063228 0.4225861 0 0.9063016 0.4226319 0 0.8191682 0.5735534 0 0.8191728 0.5735469 0 0.7070824 0.7071312 0 0.7070894 0.7071242 0 0.5735819 0.8191483 0 0.5736127 0.8191267 0 0.4226265 0.9063041 0 0.4226478 0.9062941 0 0.2587625 0.965941 0 0.2587797 0.9659364 0 0.08719283 0.9961916 0 0.08719366 0.9961915 0 -0.08719766 0.9961911 0 -0.08719366 0.9961915 0 -0.2587625 0.965941 0 -0.2587797 0.9659364 0 -0.4226265 0.9063041 0 -0.4226478 0.9062941 0 -0.5736081 0.8191301 0 -0.5736127 0.8191267 0 -0.7070546 0.7071589 0 -0.7070894 0.7071242 0 -0.8191682 0.5735534 0 -0.8191728 0.5735469 0 -0.9063228 0.4225861 0 -0.9063016 0.4226319 0 -0.9659165 0.2588541 0 -0.9659304 0.2588022 0 -0.9961946 0.08715796 0 -0.9961946 -0.08715796 0 -0.965936 -0.2587813 0 -0.9659231 -0.2588298 0 -0.9063016 -0.4226319 0 -0.9063228 -0.4225861 0 -0.8191407 -0.5735926 0 -0.8191453 -0.5735861 0 -0.7071276 -0.7070859 0 -0.7071033 -0.7071103 0 -0.573552 -0.8191692 0 -0.5735567 -0.8191659 0 -0.4226478 -0.9062941 0 -0.4226265 -0.9063041 0 -0.2587764 -0.9659373 0 -0.2587658 -0.9659401 0 -0.08719283 -0.9961916 0 -0.08719849 -0.996191 0 0.08719283 -0.9961916 0 0.08719366 -0.9961915 0 0.2587764 -0.9659373 0 0.2587658 -0.9659401 0 0.4226478 -0.9062941 0 0.4226265 -0.9063041 0 0.573552 -0.8191692 0 0.5735306 -0.8191843 0 0.7071276 -0.7070859 0 0.7071312 -0.7070825 0 0.8191407 -0.5735926 0 0.8191453 -0.5735861 0 0.9063016 -0.4226319 0 0.9063228 -0.4225861 0 0.9659221 -0.2588332 0 0.9659231 -0.2588298 0 0.9961946 -0.08715796 0 0.9961994 -0.08710271 0 0.9659304 0.2588022 0 0.9063122 0.422609 0 0.8191813 0.5735347 0 0.7070616 0.707152 0 0.5736081 0.8191301 0 0.5735996 0.8191359 0 0.4226371 0.906299 0 0.2587695 0.9659391 0 0.2587658 0.9659401 0 0.08719611 0.9961913 0 -0.08719283 0.9961916 0 -0.08719849 0.996191 0 -0.2587695 0.9659391 0 -0.2587658 0.9659401 0 -0.4226371 0.906299 0 -0.5735949 0.8191391 0 -0.7070824 0.7071312 0 -0.8191552 0.5735721 0 -0.9659234 0.2588281 0 -0.9659299 -0.2588038 0 -0.8191323 -0.5736048 0 -0.7071312 -0.7070825 0 -0.5735436 -0.8191751 0 -0.4226371 -0.906299 0 -0.2587625 -0.965941 0 -0.2587727 -0.9659383 0 -0.08719766 -0.9961911 0 -0.08719366 -0.9961915 0 0.08719521 -0.9961913 0 0.2587625 -0.965941 0 0.2587727 -0.9659383 0 0.4226371 -0.906299 0 0.573539 -0.8191784 0 0.5735567 -0.8191659 0 0.7070999 -0.7071138 0 0.8191584 -0.5735674 0 0.9063122 -0.422609 0 0.9659369 -0.2587778 0</float_array>
          <technique_common>
            <accessor source="#MMO_700_dual_-_bracket_single-1-mesh-normals-array" count="555" stride="3">
              <param name="X" type="float"/>
              <param name="Y" type="float"/>
              <param name="Z" type="float"/>
            </accessor>
          </technique_common>
        </source>
        <vertices id="MMO_700_dual_-_bracket_single-1-mesh-vertices">
          <input semantic="POSITION" source="#MMO_700_dual_-_bracket_single-1-mesh-positions"/>
        </vertices>
        <triangles count="772">
          <input semantic="VERTEX" source="#MMO_700_dual_-_bracket_single-1-mesh-vertices" offset="0"/>
          <input semantic="NORMAL" source="#MMO_700_dual_-_bracket_single-1-mesh-normals" offset="1"/>
          <p>0 0 1 0 2 0 0 1 3 1 4 1 5 2 6 2 7 2 2 3 8 3 0 3 0 4 8 4 9 4 0 5 9 5 10 5 10 2 11 2 0 2 0 6 11 6 12 6 0 7 12 7 13 7 13 2 14 2 0 2 0 8 14 8 15 8 0 9 15 9 16 9 7 2 6 2 17 2 17 10 6 10 18 10 17 11 18 11 19 11 19 12 20 12 17 12 17 13 20 13 21 13 17 14 21 14 22 14 4 2 23 2 0 2 0 15 23 15 24 15 0 16 24 16 25 16 26 2 27 2 7 2 7 17 27 17 28 17 7 18 28 18 5 18 22 2 29 2 17 2 17 19 29 19 30 19 17 20 30 20 31 20 32 2 33 2 34 2 35 21 36 21 34 21 37 22 38 22 7 22 38 23 39 23 7 23 7 24 39 24 40 24 7 25 40 25 26 25 31 2 41 2 17 2 17 26 41 26 42 26 17 27 42 27 34 27 34 28 42 28 43 28 34 29 43 29 32 29 33 2 44 2 34 2 34 30 44 30 45 30 34 31 45 31 46 31 47 2 48 2 49 2 1 2 0 2 50 2 50 2 0 2 34 2 50 32 34 32 51 32 25 33 52 33 0 33 0 34 52 34 53 34 0 35 53 35 7 35 7 36 53 36 54 36 7 37 54 37 37 37 36 2 55 2 34 2 34 38 55 38 56 38 34 39 56 39 57 39 3 2 0 2 58 2 58 40 0 40 16 40 58 41 16 41 49 41 49 42 16 42 59 42 49 43 59 43 60 43 60 44 61 44 49 44 49 45 61 45 62 45 49 46 62 46 47 46 63 2 64 2 46 2 46 47 64 47 65 47 65 48 66 48 46 48 46 49 66 49 67 49 46 2 67 2 34 2 34 50 67 50 68 50 34 51 68 51 35 51 57 2 69 2 34 2 34 52 69 52 70 52 34 53 70 53 51 53 48 54 71 54 49 54 49 55 71 55 72 55 49 2 72 2 73 2 73 56 72 56 74 56 73 2 74 2 46 2 46 57 74 57 75 57 46 58 75 58 63 58 76 59 77 59 78 59 77 60 76 60 79 60 79 60 76 60 80 60 79 60 80 60 81 60 82 61 83 61 84 61 85 62 86 62 76 62 87 63 88 63 34 63 34 64 88 64 89 64 34 65 89 65 90 65 91 60 92 60 80 60 80 66 92 66 93 66 80 67 93 67 81 67 83 60 94 60 84 60 84 68 94 68 95 68 84 69 95 69 96 69 78 60 97 60 76 60 76 70 97 70 98 70 76 71 98 71 99 71 82 60 84 60 100 60 100 72 84 72 101 72 100 73 101 73 102 73 103 60 104 60 80 60 80 74 104 74 105 74 80 75 105 75 91 75 99 60 106 60 76 60 76 76 106 76 107 76 76 77 107 77 108 77 90 60 109 60 34 60 34 78 109 78 110 78 34 60 110 60 80 60 80 79 110 79 111 79 80 80 111 80 103 80 96 81 112 81 84 81 84 82 112 82 113 82 84 60 113 60 114 60 114 83 113 83 115 83 114 84 115 84 116 84 116 85 115 85 117 85 108 60 118 60 76 60 76 86 118 86 119 86 76 87 119 87 120 87 86 88 121 88 76 88 76 89 121 89 122 89 76 90 122 90 123 90 124 60 125 60 0 60 0 91 125 91 126 91 85 60 76 60 127 60 127 92 76 92 120 92 127 93 120 93 115 93 115 94 120 94 128 94 115 95 128 95 117 95 126 96 129 96 0 96 0 97 129 97 130 97 0 98 130 98 131 98 132 99 34 99 133 99 133 60 34 60 134 60 132 100 135 100 34 100 34 101 135 101 136 101 34 102 136 102 137 102 34 103 138 103 100 103 123 60 139 60 76 60 76 104 139 104 140 104 76 60 140 60 0 60 0 105 140 105 141 105 0 106 141 106 124 106 131 107 142 107 0 107 0 108 142 108 143 108 0 109 143 109 34 109 34 110 143 110 144 110 34 111 144 111 134 111 137 60 145 60 34 60 34 112 145 112 146 112 34 113 146 113 138 113 102 60 147 60 100 60 100 114 147 114 148 114 100 60 148 60 34 60 34 115 148 115 149 115 34 116 149 116 87 116 150 117 151 117 152 117 153 117 154 117 155 117 155 118 154 118 152 118 155 117 152 117 156 117 156 117 152 117 151 117 153 119 157 119 154 119 154 120 157 120 158 120 154 121 158 121 159 121 160 117 161 117 154 117 162 117 163 117 154 117 154 122 163 122 164 122 154 123 164 123 165 123 166 124 167 124 168 124 169 117 170 117 171 117 171 125 170 125 172 125 171 126 172 126 173 126 167 117 174 117 168 117 168 127 174 127 175 127 168 128 175 128 176 128 176 117 177 117 168 117 168 129 177 129 178 129 168 117 178 117 171 117 171 130 178 130 179 130 171 131 179 131 169 131 180 132 181 132 152 132 152 133 181 133 182 133 182 117 183 117 152 117 152 134 183 134 184 134 152 135 184 135 185 135 161 117 186 117 154 117 154 136 186 136 187 136 154 137 187 137 188 137 173 138 189 138 171 138 171 139 189 139 190 139 171 140 190 140 191 140 192 117 193 117 194 117 159 141 195 141 154 141 154 142 195 142 196 142 154 143 196 143 160 143 191 117 197 117 171 117 171 144 197 144 198 144 171 117 198 117 152 117 152 145 198 145 199 145 152 146 199 146 180 146 200 117 201 117 168 117 168 147 201 147 202 147 168 148 202 148 166 148 162 117 154 117 203 117 203 149 154 149 188 149 203 117 188 117 194 117 194 150 188 150 204 150 194 151 204 151 192 151 152 152 205 152 206 152 165 153 207 153 154 153 154 154 207 154 208 154 154 117 208 117 168 117 168 155 208 155 209 155 168 156 209 156 200 156 193 117 210 117 194 117 194 157 210 157 211 157 194 158 211 158 212 158 185 159 213 159 214 159 214 160 215 160 185 160 185 161 215 161 216 161 185 162 216 162 217 162 206 117 218 117 152 117 152 163 218 163 219 163 152 164 219 164 150 164 217 117 220 117 185 117 185 165 220 165 221 165 185 149 221 149 152 149 152 166 221 166 222 166 152 167 222 167 205 167 212 117 223 117 194 117 194 117 223 117 224 117 194 117 224 117 185 117 185 117 224 117 225 117 185 117 225 117 213 117 226 168 227 168 228 168 229 168 230 168 152 168 152 169 230 169 231 169 232 170 233 170 234 170 234 171 233 171 235 171 234 172 235 172 236 172 237 173 238 173 239 173 239 174 238 174 240 174 239 168 240 168 241 168 242 175 243 175 244 175 244 176 243 176 245 176 241 177 246 177 239 177 239 178 246 178 247 178 239 179 247 179 248 179 249 168 250 168 234 168 234 180 250 180 251 180 152 181 252 181 238 181 231 168 253 168 152 168 152 182 253 182 254 182 152 183 254 183 243 183 243 184 254 184 255 184 243 185 255 185 245 185 242 168 256 168 243 168 243 186 256 186 257 186 243 187 257 187 258 187 243 168 259 168 234 168 234 188 259 188 260 188 234 189 260 189 232 189 236 168 261 168 234 168 234 190 261 190 262 190 234 191 262 191 263 191 264 168 265 168 154 168 154 192 265 192 266 192 152 193 267 193 268 193 268 168 269 168 152 168 152 194 269 194 270 194 152 195 270 195 271 195 237 168 272 168 238 168 238 196 272 196 273 196 238 168 273 168 152 168 152 197 273 197 274 197 152 198 274 198 229 198 258 168 275 168 243 168 243 199 275 199 276 199 243 200 276 200 259 200 248 168 277 168 239 168 239 201 277 201 278 201 239 168 278 168 279 168 279 202 278 202 228 202 279 168 228 168 280 168 280 168 228 168 227 168 251 203 281 203 234 203 234 204 281 204 282 204 234 205 282 205 283 205 284 168 285 168 154 168 271 168 286 168 152 168 152 206 286 206 287 206 152 207 287 207 252 207 263 208 288 208 234 208 234 209 288 209 289 209 234 168 289 168 249 168 249 210 289 210 290 210 249 168 290 168 228 168 228 211 290 211 291 211 228 212 291 212 226 212 285 168 292 168 154 168 154 213 292 213 293 213 154 214 293 214 264 214 266 168 294 168 154 168 154 215 294 215 295 215 154 168 295 168 152 168 152 216 295 216 296 216 152 217 296 217 267 217 283 168 297 168 234 168 234 218 297 218 298 218 234 168 298 168 154 168 154 219 298 219 299 219 154 220 299 220 284 220 300 60 243 60 17 60 17 60 243 60 234 60 17 221 234 221 7 221 7 60 234 60 301 60 302 2 168 2 76 2 76 2 168 2 171 2 76 2 171 2 80 2 80 2 171 2 303 2 304 222 303 222 171 222 305 223 306 223 152 223 152 224 306 224 307 224 307 222 308 222 152 222 152 225 308 225 309 225 152 226 309 226 310 226 311 227 312 227 152 227 152 222 312 222 313 222 152 228 313 228 305 228 310 222 314 222 152 222 152 229 314 229 315 229 152 230 315 230 316 230 316 222 317 222 152 222 152 231 317 231 318 231 152 232 318 232 171 232 171 233 318 233 319 233 171 222 319 222 304 222 300 234 320 234 243 234 243 235 320 235 321 235 243 222 321 222 152 222 152 236 321 236 322 236 152 237 322 237 311 237 80 238 303 238 323 238 323 239 303 239 304 239 323 240 304 240 324 240 324 241 304 241 319 241 324 242 319 242 325 242 325 243 319 243 318 243 325 244 318 244 326 244 326 245 318 245 317 245 326 246 317 246 327 246 327 247 317 247 316 247 327 248 316 248 328 248 328 249 316 249 315 249 328 250 315 250 329 250 329 251 315 251 314 251 329 252 314 252 330 252 330 253 314 253 310 253 330 254 310 254 331 254 331 255 310 255 309 255 331 256 309 256 332 256 332 257 309 257 308 257 332 258 308 258 333 258 333 259 308 259 307 259 333 260 307 260 334 260 334 261 307 261 306 261 334 262 306 262 335 262 335 263 306 263 305 263 335 264 305 264 336 264 336 265 305 265 313 265 336 266 313 266 337 266 337 267 313 267 312 267 337 268 312 268 338 268 338 269 312 269 311 269 338 270 311 270 339 270 339 271 311 271 322 271 339 272 322 272 340 272 340 273 322 273 321 273 340 274 321 274 341 274 341 275 321 275 320 275 341 276 320 276 17 276 17 277 320 277 300 277 34 278 80 278 323 278 332 279 333 279 34 279 323 280 324 280 34 280 34 281 324 281 325 281 34 282 325 282 326 282 333 283 334 283 34 283 34 284 334 284 335 284 34 285 335 285 336 285 326 286 327 286 34 286 34 286 327 286 328 286 34 287 328 287 329 287 329 286 330 286 34 286 34 288 330 288 331 288 34 289 331 289 332 289 336 286 337 286 34 286 34 290 337 290 338 290 34 291 338 291 339 291 339 292 340 292 34 292 34 293 340 293 341 293 34 286 341 286 17 286 302 294 76 294 342 294 342 295 76 295 343 295 342 240 343 240 344 240 344 241 343 241 345 241 344 242 345 242 346 242 346 243 345 243 347 243 346 244 347 244 348 244 348 245 347 245 349 245 348 246 349 246 350 246 350 247 349 247 351 247 350 248 351 248 352 248 352 249 351 249 353 249 352 250 353 250 354 250 354 251 353 251 355 251 354 296 355 296 356 296 356 297 355 297 357 297 356 255 357 255 358 255 358 254 357 254 359 254 358 256 359 256 360 256 360 298 359 298 361 298 360 258 361 258 362 258 362 259 361 259 363 259 362 299 363 299 364 299 364 261 363 261 365 261 364 262 365 262 366 262 366 263 365 263 367 263 366 300 367 300 368 300 368 301 367 301 369 301 368 302 369 302 370 302 370 267 369 267 371 267 370 268 371 268 372 268 372 269 371 269 373 269 372 271 373 271 374 271 374 270 373 270 375 270 374 272 375 272 376 272 376 303 375 303 377 303 376 275 377 275 378 275 378 274 377 274 379 274 378 276 379 276 301 276 301 304 379 304 7 304 378 286 301 286 234 286 362 305 364 305 154 305 362 306 154 306 360 306 302 286 342 286 168 286 168 307 342 307 344 307 168 286 344 286 154 286 154 308 344 308 346 308 154 309 346 309 348 309 364 286 366 286 154 286 154 310 366 310 368 310 154 311 368 311 370 311 348 286 350 286 154 286 154 312 350 312 352 312 154 313 352 313 354 313 354 314 356 314 154 314 154 315 356 315 358 315 154 286 358 286 360 286 370 286 372 286 154 286 154 316 372 316 374 316 154 286 374 286 234 286 234 317 374 317 376 317 234 318 376 318 378 318 343 222 76 222 0 222 343 222 0 222 345 222 0 222 7 222 379 222 367 222 365 222 0 222 0 319 365 319 363 319 379 320 377 320 0 320 0 321 377 321 375 321 0 322 375 322 373 322 373 222 371 222 0 222 0 323 371 323 369 323 0 324 369 324 367 324 363 325 361 325 0 325 0 222 361 222 359 222 0 326 359 326 357 326 357 327 355 327 0 327 0 328 355 328 353 328 0 329 353 329 351 329 351 330 349 330 0 330 0 331 349 331 347 331 0 332 347 332 345 332 272 333 49 333 273 333 273 334 49 334 73 334 273 335 73 335 274 335 274 336 73 336 46 336 274 337 46 337 229 337 229 338 46 338 45 338 229 339 45 339 230 339 230 340 45 340 44 340 230 341 44 341 231 341 231 342 44 342 33 342 231 343 33 343 253 343 253 344 33 344 32 344 253 345 32 345 254 345 254 345 32 345 43 345 254 346 43 346 255 346 255 347 43 347 42 347 255 348 42 348 245 348 245 349 42 349 41 349 245 350 41 350 244 350 244 351 41 351 31 351 244 352 31 352 242 352 242 353 31 353 30 353 242 354 30 354 256 354 256 354 30 354 29 354 256 355 29 355 257 355 257 356 29 356 22 356 257 357 22 357 258 357 258 358 22 358 21 358 258 359 21 359 275 359 275 360 21 360 20 360 275 361 20 361 276 361 276 362 20 362 19 362 276 363 19 363 259 363 259 364 19 364 18 364 259 365 18 365 260 365 260 366 18 366 6 366 260 367 6 367 232 367 232 368 6 368 5 368 232 369 5 369 233 369 233 370 5 370 28 370 233 371 28 371 235 371 235 372 28 372 27 372 235 373 27 373 236 373 236 373 27 373 26 373 236 374 26 374 261 374 261 375 26 375 40 375 261 376 40 376 262 376 262 377 40 377 39 377 262 378 39 378 263 378 263 378 39 378 38 378 263 379 38 379 288 379 288 380 38 380 37 380 288 381 37 381 289 381 289 381 37 381 54 381 289 382 54 382 290 382 290 383 54 383 53 383 290 384 53 384 291 384 291 385 53 385 52 385 291 386 52 386 226 386 226 386 52 386 25 386 226 387 25 387 227 387 227 388 25 388 24 388 227 389 24 389 280 389 280 390 24 390 23 390 280 391 23 391 279 391 279 391 23 391 4 391 279 392 4 392 239 392 239 393 4 393 3 393 239 394 3 394 237 394 237 395 3 395 58 395 237 396 58 396 272 396 272 397 58 397 49 397 295 398 1 398 296 398 296 399 1 399 50 399 296 400 50 400 267 400 267 401 50 401 51 401 267 337 51 337 268 337 268 338 51 338 70 338 268 402 70 402 269 402 269 403 70 403 69 403 269 404 69 404 270 404 270 405 69 405 57 405 270 406 57 406 271 406 271 407 57 407 56 407 271 408 56 408 286 408 286 408 56 408 55 408 286 409 55 409 287 409 287 410 55 410 36 410 287 411 36 411 252 411 252 412 36 412 35 412 252 350 35 350 238 350 238 351 35 351 68 351 238 413 68 413 240 413 240 414 68 414 67 414 240 415 67 415 241 415 241 415 67 415 66 415 241 416 66 416 246 416 246 417 66 417 65 417 246 418 65 418 247 418 247 419 65 419 64 419 247 359 64 359 248 359 248 360 64 360 63 360 248 420 63 420 277 420 277 421 63 421 75 421 277 422 75 422 278 422 278 423 75 423 74 423 278 365 74 365 228 365 228 366 74 366 72 366 228 367 72 367 249 367 249 368 72 368 71 368 249 424 71 424 250 424 250 425 71 425 48 425 250 426 48 426 251 426 251 427 48 427 47 427 251 373 47 373 281 373 281 373 47 373 62 373 281 428 62 428 282 428 282 429 62 429 61 429 282 430 61 430 283 430 283 431 61 431 60 431 283 432 60 432 297 432 297 432 60 432 59 432 297 433 59 433 298 433 298 434 59 434 16 434 298 381 16 381 299 381 299 381 16 381 15 381 299 435 15 435 284 435 284 435 15 435 14 435 284 436 14 436 285 436 285 437 14 437 13 437 285 438 13 438 292 438 292 438 13 438 12 438 292 439 12 439 293 439 293 440 12 440 11 440 293 441 11 441 264 441 264 442 11 442 10 442 264 443 10 443 265 443 265 443 10 443 9 443 265 392 9 392 266 392 266 393 9 393 8 393 266 444 8 444 294 444 294 445 8 445 2 445 294 446 2 446 295 446 295 447 2 447 1 447 224 448 115 448 225 448 225 449 115 449 113 449 225 450 113 450 213 450 213 450 113 450 112 450 213 451 112 451 214 451 214 452 112 452 96 452 214 453 96 453 215 453 215 454 96 454 95 454 215 455 95 455 216 455 216 456 95 456 94 456 216 457 94 457 217 457 217 458 94 458 83 458 217 459 83 459 220 459 220 460 83 460 82 460 220 461 82 461 221 461 221 462 82 462 100 462 221 463 100 463 222 463 222 464 100 464 138 464 222 465 138 465 205 465 205 466 138 466 146 466 205 467 146 467 206 467 206 468 146 468 145 468 206 469 145 469 218 469 218 470 145 470 137 470 218 471 137 471 219 471 219 472 137 472 136 472 219 473 136 473 150 473 150 474 136 474 135 474 150 475 135 475 151 475 151 476 135 476 132 476 151 477 132 477 156 477 156 478 132 478 133 478 156 479 133 479 155 479 155 480 133 480 134 480 155 481 134 481 153 481 153 481 134 481 144 481 153 482 144 482 157 482 157 482 144 482 143 482 157 483 143 483 158 483 158 484 143 484 142 484 158 485 142 485 159 485 159 486 142 486 131 486 159 487 131 487 195 487 195 488 131 488 130 488 195 489 130 489 196 489 196 490 130 490 129 490 196 491 129 491 160 491 160 492 129 492 126 492 160 493 126 493 161 493 161 494 126 494 125 494 161 495 125 495 186 495 186 496 125 496 124 496 186 497 124 497 187 497 187 498 124 498 141 498 187 499 141 499 188 499 188 500 141 500 140 500 188 501 140 501 204 501 204 502 140 502 139 502 204 503 139 503 192 503 192 504 139 504 123 504 192 505 123 505 193 505 193 506 123 506 122 506 193 507 122 507 210 507 210 508 122 508 121 508 210 509 121 509 211 509 211 510 121 510 86 510 211 511 86 511 212 511 212 512 86 512 85 512 212 513 85 513 223 513 223 514 85 514 127 514 223 515 127 515 224 515 224 516 127 516 115 516 178 449 77 449 179 449 179 449 77 449 79 449 179 517 79 517 169 517 169 450 79 450 81 450 169 452 81 452 170 452 170 518 81 518 93 518 170 519 93 519 172 519 172 454 93 454 92 454 172 455 92 455 173 455 173 520 92 520 91 520 173 521 91 521 189 521 189 522 91 522 105 522 189 460 105 460 190 460 190 523 105 523 104 523 190 524 104 524 191 524 191 525 104 525 103 525 191 463 103 463 197 463 197 526 103 526 111 526 197 527 111 527 198 527 198 528 111 528 110 528 198 529 110 529 199 529 199 530 110 530 109 530 199 531 109 531 180 531 180 469 109 469 90 469 180 532 90 532 181 532 181 472 90 472 89 472 181 533 89 533 182 533 182 474 89 474 88 474 182 534 88 534 183 534 183 476 88 476 87 476 183 477 87 477 184 477 184 478 87 478 149 478 184 535 149 535 185 535 185 480 149 480 148 480 185 481 148 481 194 481 194 481 148 481 147 481 194 482 147 482 203 482 203 482 147 482 102 482 203 483 102 483 162 483 162 536 102 536 101 536 162 485 101 485 163 485 163 486 101 486 84 486 163 487 84 487 164 487 164 537 84 537 114 537 164 489 114 489 165 489 165 538 114 538 116 538 165 491 116 491 207 491 207 539 116 539 117 539 207 494 117 494 208 494 208 540 117 540 128 540 208 541 128 541 209 541 209 542 128 542 120 542 209 543 120 543 200 543 200 544 120 544 119 544 200 545 119 545 201 545 201 500 119 500 118 500 201 546 118 546 202 546 202 547 118 547 108 547 202 548 108 548 166 548 166 503 108 503 107 503 166 549 107 549 167 549 167 550 107 550 106 550 167 551 106 551 174 551 174 508 106 508 99 508 174 509 99 509 175 509 175 552 99 552 98 552 175 553 98 553 176 553 176 511 98 511 97 511 176 513 97 513 177 513 177 554 97 554 78 554 177 515 78 515 178 515 178 515 78 515 77 515</p>
        </triangles>
      </mesh>
    </geometry>
    <geometry id="MMO_700_dual_-_bracket-2-mesh" name="MMO_700_dual - bracket-2">
      <mesh>
        <source id="MMO_700_dual_-_bracket-2-mesh-positions">
          <float_array id="MMO_700_dual_-_bracket-2-mesh-positions-array" count="2118">0.2413638 0.33511 0.8385834 0.2410691 0.33511 0.8379515 0.2341409 0.33511 0.7969515 0.2406691 0.33511 0.8373804 0.2401762 0.33511 0.8368873 0.239605 0.33511 0.8364874 0.2369104 0.33511 0.7910123 0.2362369 0.33511 0.7911927 0.225105 0.33511 0.7789515 0.235605 0.33511 0.7914874 0.2350338 0.33511 0.7918874 0.2345408 0.33511 0.7923803 0.2341409 0.33511 0.7929515 0.2338462 0.33511 0.7935834 0.235605 0.33511 0.8364874 0.2350338 0.33511 0.8368873 0.2345408 0.33511 0.8373804 0.2341409 0.33511 0.8379515 0.2336658 0.33511 0.8406461 0.2338462 0.33511 0.8413196 0.225105 0.33511 0.8569515 0.2341409 0.33511 0.8419515 0.2345408 0.33511 0.8425226 0.2350338 0.33511 0.7980157 0.235605 0.33511 0.7984156 0.2415442 0.33511 0.8392569 0.2362369 0.33511 0.7987103 0.2369104 0.33511 0.7988907 0.2336658 0.33511 0.7942569 0.233605 0.33511 0.7949515 0.2336658 0.33511 0.7956461 0.2345408 0.33511 0.7975227 0.238973 0.33511 0.8437103 0.239605 0.33511 0.8434156 0.257605 0.33511 0.8569515 0.238973 0.33511 0.8361927 0.2382996 0.33511 0.8360123 0.2338462 0.33511 0.7963196 0.237605 0.33511 0.8359515 0.2369104 0.33511 0.8360123 0.2362369 0.33511 0.8361927 0.2338462 0.33511 0.8385834 0.2336658 0.33511 0.8392569 0.233605 0.33511 0.8399515 0.2410691 0.33511 0.8419515 0.2413638 0.33511 0.8413196 0.2415442 0.33511 0.8406461 0.241605 0.33511 0.8399515 0.239605 0.33511 0.7984156 0.2401762 0.33511 0.7980157 0.2406691 0.33511 0.7975227 0.2401762 0.33511 0.8430157 0.2406691 0.33511 0.8425226 0.2410691 0.33511 0.7969515 0.2413638 0.33511 0.7963196 0.257605 0.33511 0.7789515 0.2415442 0.33511 0.7956461 0.241605 0.33511 0.7949515 0.2415442 0.33511 0.7942569 0.2413638 0.33511 0.7935834 0.2410691 0.33511 0.7929515 0.2406691 0.33511 0.7923803 0.2401762 0.33511 0.7918874 0.239605 0.33511 0.7914874 0.2350338 0.33511 0.8430157 0.235605 0.33511 0.8434156 0.2362369 0.33511 0.8437103 0.237605 0.33511 0.7989515 0.2382996 0.33511 0.7988907 0.238973 0.33511 0.7987103 0.238973 0.33511 0.7911927 0.2382996 0.33511 0.7910123 0.237605 0.33511 0.7909515 0.2369104 0.33511 0.8438907 0.237605 0.33511 0.8439515 0.2382996 0.33511 0.8438907 0.2369104 0.2691708 0.7789515 0.2362369 0.2693512 0.7789515 0.225105 0.25711 0.7789515 0.235605 0.2696459 0.7789515 0.2350338 0.2700458 0.7789515 0.2345408 0.2705388 0.7789515 0.239605 0.2696459 0.7789515 0.238973 0.2693512 0.7789515 0.257605 0.25711 0.7789515 0.2382996 0.2691708 0.7789515 0.237605 0.26911 0.7789515 0.2341409 0.27111 0.7789515 0.2338462 0.2717419 0.7789515 0.2336658 0.2724154 0.7789515 0.235605 0.3146459 0.7789515 0.2362369 0.3143512 0.7789515 0.2369104 0.3141707 0.7789515 0.2401762 0.3150458 0.7789515 0.239605 0.3146459 0.7789515 0.2382996 0.2770492 0.7789515 0.237605 0.31411 0.7789515 0.2336658 0.2738046 0.7789515 0.233605 0.27311 0.7789515 0.238973 0.3218687 0.7789515 0.239605 0.3215741 0.7789515 0.2415442 0.3188046 0.7789515 0.2413638 0.319478 0.7789515 0.2410691 0.32011 0.7789515 0.241605 0.31811 0.7789515 0.2415442 0.3174154 0.7789515 0.2413638 0.3167419 0.7789515 0.2410691 0.31611 0.7789515 0.238973 0.2768688 0.7789515 0.239605 0.2765741 0.7789515 0.2401762 0.2761741 0.7789515 0.2410691 0.27111 0.7789515 0.2406691 0.2705388 0.7789515 0.2401762 0.2700458 0.7789515 0.2350338 0.3150458 0.7789515 0.2345408 0.3155388 0.7789515 0.2341409 0.31611 0.7789515 0.2338462 0.3167419 0.7789515 0.2336658 0.3174154 0.7789515 0.233605 0.31811 0.7789515 0.2336658 0.3188046 0.7789515 0.2406691 0.3155388 0.7789515 0.2338462 0.2744781 0.7789515 0.2341409 0.27511 0.7789515 0.2345408 0.2756811 0.7789515 0.2401762 0.3211742 0.7789515 0.2406691 0.3206812 0.7789515 0.2350338 0.2761741 0.7789515 0.235605 0.2765741 0.7789515 0.2362369 0.2768688 0.7789515 0.2338462 0.319478 0.7789515 0.2341409 0.32011 0.7789515 0.2345408 0.3206812 0.7789515 0.2415442 0.2738046 0.7789515 0.241605 0.27311 0.7789515 0.2350338 0.3211742 0.7789515 0.235605 0.3215741 0.7789515 0.2362369 0.3218687 0.7789515 0.2369104 0.2770492 0.7789515 0.237605 0.27711 0.7789515 0.2382996 0.3141707 0.7789515 0.238973 0.3143512 0.7789515 0.2406691 0.2756811 0.7789515 0.2410691 0.27511 0.7789515 0.2413638 0.2744781 0.7789515 0.2415442 0.2724154 0.7789515 0.2413638 0.2717419 0.7789515 0.2369104 0.3220492 0.7789515 0.237605 0.32211 0.7789515 0.2382996 0.3220492 0.7789515 0.2819104 0.33511 0.8360123 0.2812369 0.33511 0.8361927 0.2819104 0.33511 0.7988907 0.2812369 0.33511 0.7911927 0.280605 0.33511 0.7914874 0.262605 0.33511 0.7789515 0.2832996 0.33511 0.8438907 0.2839731 0.33511 0.8437103 0.295105 0.33511 0.8569515 0.280605 0.33511 0.8364874 0.2800338 0.33511 0.8368873 0.2795408 0.33511 0.8373804 0.2800338 0.33511 0.7918874 0.2795408 0.33511 0.7923803 0.2791409 0.33511 0.7929515 0.2795408 0.33511 0.7975227 0.2800338 0.33511 0.7980157 0.280605 0.33511 0.7984156 0.2812369 0.33511 0.7987103 0.2791409 0.33511 0.8419515 0.2795408 0.33511 0.8425226 0.262605 0.33511 0.8569515 0.2800338 0.33511 0.8430157 0.2819104 0.33511 0.8438907 0.282605 0.33511 0.8439515 0.284605 0.33511 0.8434156 0.2851762 0.33511 0.8430157 0.2856692 0.33511 0.8425226 0.280605 0.33511 0.8434156 0.2812369 0.33511 0.8437103 0.2860691 0.33511 0.8419515 0.2863638 0.33511 0.8413196 0.2865442 0.33511 0.8406461 0.2860691 0.33511 0.8379515 0.2856692 0.33511 0.8373804 0.295105 0.33511 0.7789515 0.286605 0.33511 0.7949515 0.2865442 0.33511 0.7942569 0.2788462 0.33511 0.7935834 0.2786658 0.33511 0.7942569 0.278605 0.33511 0.7949515 0.286605 0.33511 0.8399515 0.2865442 0.33511 0.8392569 0.2863638 0.33511 0.8385834 0.2839731 0.33511 0.7911927 0.2832996 0.33511 0.7910123 0.282605 0.33511 0.7909515 0.2819104 0.33511 0.7910123 0.2786658 0.33511 0.7956461 0.2788462 0.33511 0.7963196 0.2791409 0.33511 0.7969515 0.278605 0.33511 0.8399515 0.2786658 0.33511 0.8406461 0.2788462 0.33511 0.8413196 0.2851762 0.33511 0.8368873 0.284605 0.33511 0.8364874 0.2839731 0.33511 0.8361927 0.2791409 0.33511 0.8379515 0.2788462 0.33511 0.8385834 0.2786658 0.33511 0.8392569 0.284605 0.33511 0.7984156 0.2851762 0.33511 0.7980157 0.2856692 0.33511 0.7975227 0.2860691 0.33511 0.7969515 0.2863638 0.33511 0.7963196 0.2865442 0.33511 0.7956461 0.2863638 0.33511 0.7935834 0.2860691 0.33511 0.7929515 0.2856692 0.33511 0.7923803 0.2851762 0.33511 0.7918874 0.284605 0.33511 0.7914874 0.282605 0.33511 0.8359515 0.282605 0.33511 0.7989515 0.2832996 0.33511 0.8360123 0.2832996 0.33511 0.7988907 0.2839731 0.33511 0.7987103 0.2839731 0.2693512 0.7789515 0.2832996 0.2691708 0.7789515 0.295105 0.25711 0.7789515 0.282605 0.26911 0.7789515 0.262605 0.25711 0.7789515 0.2819104 0.2691708 0.7789515 0.2812369 0.2693512 0.7789515 0.2860691 0.27111 0.7789515 0.2856692 0.2705388 0.7789515 0.2851762 0.2700458 0.7789515 0.284605 0.2696459 0.7789515 0.2812369 0.3143512 0.7789515 0.280605 0.3146459 0.7789515 0.2819104 0.2770492 0.7789515 0.2791409 0.27511 0.7789515 0.2795408 0.2756811 0.7789515 0.2800338 0.2761741 0.7789515 0.280605 0.2765741 0.7789515 0.2812369 0.2768688 0.7789515 0.286605 0.27311 0.7789515 0.2865442 0.2738046 0.7789515 0.2865442 0.2724154 0.7789515 0.2863638 0.2717419 0.7789515 0.280605 0.2696459 0.7789515 0.2800338 0.2700458 0.7789515 0.2795408 0.2705388 0.7789515 0.2832996 0.2770492 0.7789515 0.2839731 0.2768688 0.7789515 0.2791409 0.27111 0.7789515 0.2788462 0.2717419 0.7789515 0.2786658 0.2724154 0.7789515 0.278605 0.27311 0.7789515 0.2786658 0.2738046 0.7789515 0.2788462 0.2744781 0.7789515 0.2800338 0.3150458 0.7789515 0.2795408 0.3155388 0.7789515 0.284605 0.2765741 0.7789515 0.2851762 0.2761741 0.7789515 0.2856692 0.2756811 0.7789515 0.2860691 0.27511 0.7789515 0.2863638 0.2744781 0.7789515 0.284605 0.3215741 0.7789515 0.2839731 0.3218687 0.7789515 0.2832996 0.3220492 0.7789515 0.2851762 0.3211742 0.7789515 0.2856692 0.3206812 0.7789515 0.2860691 0.32011 0.7789515 0.2791409 0.31611 0.7789515 0.2788462 0.3167419 0.7789515 0.2786658 0.3174154 0.7789515 0.278605 0.31811 0.7789515 0.2786658 0.3188046 0.7789515 0.2788462 0.319478 0.7789515 0.2791409 0.32011 0.7789515 0.2795408 0.3206812 0.7789515 0.2800338 0.3211742 0.7789515 0.280605 0.3215741 0.7789515 0.2812369 0.3218687 0.7789515 0.2819104 0.3220492 0.7789515 0.282605 0.32211 0.7789515 0.2863638 0.319478 0.7789515 0.2865442 0.3188046 0.7789515 0.286605 0.31811 0.7789515 0.2865442 0.3174154 0.7789515 0.2863638 0.3167419 0.7789515 0.2860691 0.31611 0.7789515 0.2856692 0.3155388 0.7789515 0.2851762 0.3150458 0.7789515 0.284605 0.3146459 0.7789515 0.2839731 0.3143512 0.7789515 0.2832996 0.3141707 0.7789515 0.282605 0.27711 0.7789515 0.282605 0.31411 0.7789515 0.2819104 0.3141707 0.7789515 0.220105 0.34711 0.7669515 0.237605 0.32211 0.7669515 0.2369104 0.3220492 0.7669515 0.2851762 0.2700458 0.7669515 0.2856692 0.2705388 0.7669515 0.300105 0.25711 0.7669515 0.2362369 0.3218687 0.7669515 0.235605 0.3215741 0.7669515 0.2350338 0.3211742 0.7669515 0.2401762 0.3211742 0.7669515 0.239605 0.3215741 0.7669515 0.280605 0.3215741 0.7669515 0.2851762 0.3211742 0.7669515 0.284605 0.3215741 0.7669515 0.300105 0.34711 0.7669515 0.2839731 0.3218687 0.7669515 0.2832996 0.3220492 0.7669515 0.2812369 0.3218687 0.7669515 0.282605 0.32211 0.7669515 0.2819104 0.3220492 0.7669515 0.233605 0.27311 0.7669515 0.2336658 0.2724154 0.7669515 0.220105 0.25711 0.7669515 0.2860691 0.27111 0.7669515 0.2863638 0.2717419 0.7669515 0.2865442 0.2724154 0.7669515 0.2791409 0.31611 0.7669515 0.2795408 0.3155388 0.7669515 0.282605 0.27711 0.7669515 0.238973 0.3218687 0.7669515 0.2382996 0.3220492 0.7669515 0.2863638 0.2744781 0.7669515 0.2865442 0.2738046 0.7669515 0.286605 0.27311 0.7669515 0.2345408 0.3206812 0.7669515 0.2341409 0.32011 0.7669515 0.2338462 0.319478 0.7669515 0.2812369 0.2693512 0.7669515 0.2819104 0.2691708 0.7669515 0.282605 0.26911 0.7669515 0.2832996 0.2691708 0.7669515 0.2839731 0.2693512 0.7669515 0.284605 0.2696459 0.7669515 0.2860691 0.27511 0.7669515 0.2856692 0.2756811 0.7669515 0.2851762 0.2761741 0.7669515 0.237605 0.27711 0.7669515 0.2341409 0.31611 0.7669515 0.2345408 0.3155388 0.7669515 0.2795408 0.2756811 0.7669515 0.2382996 0.2691708 0.7669515 0.2800338 0.2761741 0.7669515 0.280605 0.2765741 0.7669515 0.2791409 0.27111 0.7669515 0.2795408 0.2705388 0.7669515 0.284605 0.2765741 0.7669515 0.2839731 0.2768688 0.7669515 0.2832996 0.2770492 0.7669515 0.2410691 0.31611 0.7669515 0.2819104 0.2770492 0.7669515 0.2413638 0.319478 0.7669515 0.2410691 0.32011 0.7669515 0.2406691 0.3206812 0.7669515 0.2336658 0.3188046 0.7669515 0.233605 0.31811 0.7669515 0.2336658 0.3174154 0.7669515 0.2362369 0.2768688 0.7669515 0.235605 0.2765741 0.7669515 0.2350338 0.2761741 0.7669515 0.2345408 0.2756811 0.7669515 0.2341409 0.27511 0.7669515 0.2338462 0.2744781 0.7669515 0.2336658 0.2738046 0.7669515 0.2338462 0.2717419 0.7669515 0.2341409 0.27111 0.7669515 0.2345408 0.2705388 0.7669515 0.2800338 0.2700458 0.7669515 0.280605 0.2696459 0.7669515 0.2865442 0.3188046 0.7669515 0.2863638 0.319478 0.7669515 0.2786658 0.3174154 0.7669515 0.2788462 0.3167419 0.7669515 0.2369104 0.2770492 0.7669515 0.2338462 0.3167419 0.7669515 0.2350338 0.2700458 0.7669515 0.235605 0.2696459 0.7669515 0.2362369 0.2693512 0.7669515 0.2800338 0.3150458 0.7669515 0.280605 0.3146459 0.7669515 0.2812369 0.3143512 0.7669515 0.2839731 0.3143512 0.7669515 0.284605 0.3146459 0.7669515 0.2851762 0.3150458 0.7669515 0.2856692 0.3155388 0.7669515 0.2860691 0.31611 0.7669515 0.2860691 0.32011 0.7669515 0.2856692 0.3206812 0.7669515 0.2350338 0.3150458 0.7669515 0.235605 0.3146459 0.7669515 0.2362369 0.3143512 0.7669515 0.238973 0.3143512 0.7669515 0.239605 0.3146459 0.7669515 0.2382996 0.2770492 0.7669515 0.2401762 0.3150458 0.7669515 0.2795408 0.3206812 0.7669515 0.2791409 0.32011 0.7669515 0.2415442 0.3188046 0.7669515 0.2791409 0.27511 0.7669515 0.2788462 0.2744781 0.7669515 0.2786658 0.2738046 0.7669515 0.238973 0.2693512 0.7669515 0.239605 0.2696459 0.7669515 0.2401762 0.2700458 0.7669515 0.239605 0.2765741 0.7669515 0.238973 0.2768688 0.7669515 0.2406691 0.3155388 0.7669515 0.2863638 0.3167419 0.7669515 0.2865442 0.3174154 0.7669515 0.286605 0.31811 0.7669515 0.2369104 0.3141707 0.7669515 0.237605 0.31411 0.7669515 0.2382996 0.3141707 0.7669515 0.2800338 0.3211742 0.7669515 0.2413638 0.3167419 0.7669515 0.2415442 0.3174154 0.7669515 0.278605 0.31811 0.7669515 0.241605 0.31811 0.7669515 0.2786658 0.3188046 0.7669515 0.2788462 0.319478 0.7669515 0.2819104 0.3141707 0.7669515 0.282605 0.31411 0.7669515 0.2832996 0.3141707 0.7669515 0.2410691 0.27511 0.7669515 0.2406691 0.2756811 0.7669515 0.2369104 0.2691708 0.7669515 0.237605 0.26911 0.7669515 0.2406691 0.2705388 0.7669515 0.2410691 0.27111 0.7669515 0.2413638 0.2717419 0.7669515 0.2401762 0.2761741 0.7669515 0.278605 0.27311 0.7669515 0.2786658 0.2724154 0.7669515 0.2788462 0.2717419 0.7669515 0.2415442 0.2724154 0.7669515 0.241605 0.27311 0.7669515 0.2812369 0.2768688 0.7669515 0.2415442 0.2738046 0.7669515 0.2413638 0.2744781 0.7669515 0.2812369 0.34711 0.8437103 0.239605 0.34711 0.8364874 0.2401762 0.34711 0.8368873 0.2406691 0.34711 0.8373804 0.2410691 0.34711 0.8379515 0.2413638 0.34711 0.8385834 0.300105 0.34711 0.8569515 0.2406691 0.34711 0.8425226 0.2401762 0.34711 0.8430157 0.2791409 0.34711 0.8379515 0.2795408 0.34711 0.8373804 0.282605 0.34711 0.7989515 0.2788462 0.34711 0.8385834 0.2341409 0.34711 0.8419515 0.220105 0.34711 0.8569515 0.2345408 0.34711 0.8425226 0.2350338 0.34711 0.8430157 0.284605 0.34711 0.8364874 0.2851762 0.34711 0.8368873 0.2856692 0.34711 0.8373804 0.2415442 0.34711 0.8406461 0.2413638 0.34711 0.8413196 0.2410691 0.34711 0.8419515 0.239605 0.34711 0.8434156 0.238973 0.34711 0.8437103 0.2382996 0.34711 0.8438907 0.237605 0.34711 0.8439515 0.2369104 0.34711 0.8438907 0.2863638 0.34711 0.8413196 0.2865442 0.34711 0.8406461 0.286605 0.34711 0.8399515 0.2415442 0.34711 0.8392569 0.241605 0.34711 0.8399515 0.2819104 0.34711 0.8438907 0.282605 0.34711 0.8439515 0.2832996 0.34711 0.8438907 0.2860691 0.34711 0.7969515 0.2856692 0.34711 0.7975227 0.2812369 0.34711 0.8361927 0.2851762 0.34711 0.7980157 0.284605 0.34711 0.7984156 0.2362369 0.34711 0.8437103 0.235605 0.34711 0.8434156 0.2860691 0.34711 0.8379515 0.2863638 0.34711 0.8385834 0.2865442 0.34711 0.8392569 0.2860691 0.34711 0.8419515 0.2856692 0.34711 0.8425226 0.2851762 0.34711 0.8430157 0.235605 0.34711 0.7984156 0.2350338 0.34711 0.7980157 0.2345408 0.34711 0.7975227 0.2341409 0.34711 0.7969515 0.284605 0.34711 0.8434156 0.2839731 0.34711 0.8437103 0.2839731 0.34711 0.7987103 0.2832996 0.34711 0.7988907 0.280605 0.34711 0.8364874 0.2800338 0.34711 0.8368873 0.2338462 0.34711 0.8413196 0.2336658 0.34711 0.8406461 0.233605 0.34711 0.8399515 0.2362369 0.34711 0.7987103 0.2369104 0.34711 0.7988907 0.2336658 0.34711 0.8392569 0.237605 0.34711 0.7989515 0.2338462 0.34711 0.8385834 0.2341409 0.34711 0.8379515 0.2410691 0.34711 0.7969515 0.2406691 0.34711 0.7975227 0.235605 0.34711 0.8364874 0.2401762 0.34711 0.7980157 0.239605 0.34711 0.7984156 0.2338462 0.34711 0.7963196 0.2336658 0.34711 0.7956461 0.233605 0.34711 0.7949515 0.2336658 0.34711 0.7942569 0.2338462 0.34711 0.7935834 0.2786658 0.34711 0.8392569 0.2819104 0.34711 0.7988907 0.278605 0.34711 0.8399515 0.2800338 0.34711 0.7918874 0.280605 0.34711 0.7914874 0.2415442 0.34711 0.7942569 0.2812369 0.34711 0.7911927 0.238973 0.34711 0.7987103 0.2382996 0.34711 0.7988907 0.2350338 0.34711 0.8368873 0.2345408 0.34711 0.8373804 0.2341409 0.34711 0.7929515 0.2345408 0.34711 0.7923803 0.2350338 0.34711 0.7918874 0.239605 0.34711 0.7914874 0.2401762 0.34711 0.7918874 0.2406691 0.34711 0.7923803 0.2851762 0.34711 0.7918874 0.284605 0.34711 0.7914874 0.2839731 0.34711 0.7911927 0.2819104 0.34711 0.8360123 0.2865442 0.34711 0.7956461 0.2863638 0.34711 0.7963196 0.2362369 0.34711 0.8361927 0.2415442 0.34711 0.7956461 0.2413638 0.34711 0.7963196 0.2856692 0.34711 0.7923803 0.2860691 0.34711 0.7929515 0.2863638 0.34711 0.7935834 0.2865442 0.34711 0.7942569 0.286605 0.34711 0.7949515 0.280605 0.34711 0.8434156 0.2382996 0.34711 0.8360123 0.238973 0.34711 0.8361927 0.235605 0.34711 0.7914874 0.2362369 0.34711 0.7911927 0.2369104 0.34711 0.7910123 0.237605 0.34711 0.7909515 0.2382996 0.34711 0.7910123 0.238973 0.34711 0.7911927 0.2410691 0.34711 0.7929515 0.2413638 0.34711 0.7935834 0.282605 0.34711 0.8359515 0.2832996 0.34711 0.8360123 0.2839731 0.34711 0.8361927 0.2819104 0.34711 0.7910123 0.282605 0.34711 0.7909515 0.2832996 0.34711 0.7910123 0.2800338 0.34711 0.8430157 0.2795408 0.34711 0.8425226 0.2791409 0.34711 0.8419515 0.2788462 0.34711 0.8413196 0.2786658 0.34711 0.8406461 0.2369104 0.34711 0.8360123 0.237605 0.34711 0.8359515 0.2791409 0.34711 0.7969515 0.2812369 0.34711 0.7987103 0.280605 0.34711 0.7984156 0.2800338 0.34711 0.7980157 0.2795408 0.34711 0.7975227 0.2788462 0.34711 0.7963196 0.2786658 0.34711 0.7956461 0.241605 0.34711 0.7949515 0.278605 0.34711 0.7949515 0.2786658 0.34711 0.7942569 0.2788462 0.34711 0.7935834 0.2791409 0.34711 0.7929515 0.2795408 0.34711 0.7923803 0.220105 0.33511 0.8569515 0.300105 0.33511 0.8569515 0.300105 0.25711 0.7789515 0.220105 0.25711 0.7789515 0.300105 0.3348436 0.8505103 0.300105 0.3340462 0.8441131 0.300105 0.3327232 0.8378036 0.300105 0.3308838 0.8316249 0.300105 0.3285403 0.8256193 0.300105 0.2635512 0.7792179 0.300105 0.2699484 0.7800153 0.300105 0.3257089 0.8198276 0.300105 0.322409 0.8142896 0.300105 0.318663 0.8090429 0.300105 0.3050186 0.7953985 0.300105 0.2997719 0.7916525 0.300105 0.2762579 0.7813383 0.300105 0.2824366 0.7831777 0.300105 0.2942339 0.7883526 0.300105 0.2884422 0.7855212 0.300105 0.3144965 0.8041235 0.300105 0.309938 0.799565 0.220105 0.3348436 0.8505103 0.220105 0.2635512 0.7792179 0.220105 0.2699484 0.7800153 0.220105 0.2762579 0.7813383 0.220105 0.322409 0.8142896 0.220105 0.3257089 0.8198276 0.220105 0.3285403 0.8256193 0.220105 0.2824366 0.7831777 0.220105 0.2884422 0.7855212 0.220105 0.2942339 0.7883526 0.220105 0.3308838 0.8316249 0.220105 0.3327232 0.8378036 0.220105 0.3340462 0.8441131 0.220105 0.2997719 0.7916525 0.220105 0.3050186 0.7953985 0.220105 0.309938 0.799565 0.220105 0.3144965 0.8041235 0.220105 0.318663 0.8090429 0.295105 0.2635512 0.7792179 0.295105 0.2699484 0.7800153 0.295105 0.2762579 0.7813383 0.295105 0.2824366 0.7831777 0.295105 0.2884422 0.7855212 0.295105 0.2942339 0.7883526 0.295105 0.2997719 0.7916525 0.295105 0.3050186 0.7953985 0.295105 0.309938 0.799565 0.295105 0.3144965 0.8041235 0.295105 0.318663 0.8090429 0.295105 0.322409 0.8142896 0.295105 0.3257089 0.8198276 0.295105 0.3285403 0.8256193 0.295105 0.3308838 0.8316249 0.295105 0.3327232 0.8378036 0.295105 0.3340462 0.8441131 0.295105 0.3348436 0.8505103 0.257605 0.2635512 0.7792179 0.262605 0.2635512 0.7792179 0.257605 0.2699484 0.7800153 0.262605 0.2699484 0.7800153 0.257605 0.2762579 0.7813383 0.262605 0.2762579 0.7813383 0.257605 0.2824366 0.7831777 0.262605 0.2824366 0.7831777 0.257605 0.2884422 0.7855212 0.262605 0.2884422 0.7855212 0.257605 0.2942339 0.7883526 0.262605 0.2942339 0.7883526 0.257605 0.2997719 0.7916525 0.262605 0.2997719 0.7916525 0.257605 0.3050186 0.7953985 0.262605 0.3050186 0.7953985 0.257605 0.309938 0.799565 0.262605 0.309938 0.799565 0.257605 0.3144965 0.8041235 0.262605 0.3144965 0.8041235 0.257605 0.318663 0.8090429 0.262605 0.318663 0.8090429 0.257605 0.322409 0.8142896 0.262605 0.322409 0.8142896 0.257605 0.3257089 0.8198276 0.262605 0.3257089 0.8198276 0.257605 0.3285403 0.8256193 0.262605 0.3285403 0.8256193 0.257605 0.3308838 0.8316249 0.262605 0.3308838 0.8316249 0.257605 0.3327232 0.8378036 0.262605 0.3327232 0.8378036 0.257605 0.3340462 0.8441131 0.262605 0.3340462 0.8441131 0.257605 0.3348436 0.8505103 0.262605 0.3348436 0.8505103 0.225105 0.2635512 0.7792179 0.225105 0.2699484 0.7800153 0.225105 0.2762579 0.7813383 0.225105 0.2824366 0.7831777 0.225105 0.2884422 0.7855212 0.225105 0.2942339 0.7883526 0.225105 0.2997719 0.7916525 0.225105 0.3050186 0.7953985 0.225105 0.309938 0.799565 0.225105 0.3144965 0.8041235 0.225105 0.318663 0.8090429 0.225105 0.322409 0.8142896 0.225105 0.3257089 0.8198276 0.225105 0.3285403 0.8256193 0.225105 0.3308838 0.8316249 0.225105 0.3327232 0.8378036 0.225105 0.3340462 0.8441131 0.225105 0.3348436 0.8505103</float_array>
          <technique_common>
            <accessor source="#MMO_700_dual_-_bracket-2-mesh-positions-array" count="706" stride="3">
              <param name="X" type="float"/>
              <param name="Y" type="float"/>
              <param name="Z" type="float"/>
            </accessor>
          </technique_common>
        </source>
        <source id="MMO_700_dual_-_bracket-2-mesh-normals">
          <float_array id="MMO_700_dual_-_bracket-2-mesh-normals-array" count="2520">0 -1 0 0 -1 -6.96587e-6 0 -1 1.42697e-6 0 -1 -1.79352e-5 0 -1 -1.62294e-5 0 -1 8.8775e-6 0 -1 2.60934e-6 0 -1 -6.07305e-6 0 -1 -8.6192e-6 0 -1 1.56483e-5 0 -1 -9.67779e-6 0 -1 3.31344e-6 0 -1 1.58719e-6 0 -1 -2.21304e-6 0 -1 1.37583e-5 0 -1 -5.09939e-6 0 -1 5.69417e-6 0 -1 -3.19841e-6 0 -1 5.04032e-5 0 -1 -3.09222e-6 0 -1 3.19605e-6 0 -1 -2.15259e-6 0 -1 -1.00526e-5 0 -1 2.24059e-6 0 -1 -1.57334e-6 0 -1 1.2163e-5 0 -1 -3.92358e-5 0 -1 -2.29221e-5 0 -1 1.54598e-5 0 -1 -6.23791e-5 0 -1 3.76401e-5 0 -1 -3.20378e-5 0 -1 -2.78505e-5 0 -1 1.34517e-5 0 -1 2.14426e-5 0 -1 -4.69934e-5 0 -1 7.70653e-5 0 -1 -1.2323e-5 0 -1 -2.59615e-5 0 -1 6.19061e-5 0 -1 -3.88829e-5 0 -1 5.0672e-5 0 -1 1.70763e-5 0 -1 -8.3887e-6 0 -1 3.09233e-6 0 -1 2.05021e-6 0 -1 -7.52322e-6 0 -1 -7.3001e-5 0 -1 4.1599e-5 0 -1 -3.86468e-5 0 -1 5.39702e-5 0 -1 7.10988e-6 0 0 1 -5.12443e-6 0 1 -4.13096e-5 0 1 -5.76695e-5 0 1 6.72368e-6 0 1 -5.60004e-6 0 1 9.46939e-5 0 1 4.09527e-5 0 1 -3.77715e-4 0 1 1.38597e-4 0 1 -1.07304e-5 0 1 2.92766e-5 0 1 -8.54284e-5 0 1 3.1107e-5 0 1 4.05384e-6 0 1 4.69703e-5 0 1 -1.59911e-4 0 1 1.39862e-5 0 1 5.57895e-6 0 1 -2.8682e-4 0 1 6.71223e-5 0 1 1.38968e-4 0 1 -2.03149e-4 0 1 1.2094e-4 0 1 -8.75957e-5 0 1 2.09436e-4 0 1 3.01147e-5 0 1 -7.161e-5 0 1 -8.461e-5 0 1 1.63571e-5 0 1 -8.04424e-5 0 1 9.91016e-5 0 1 1.83688e-4 0 1 -4.87913e-6 0 1 3.24818e-5 0 1 -7.44589e-5 0 1 1.44954e-4 0 1 -7.02646e-5 0 1 3.70134e-4 0 1 -1.73943e-4 0 1 2.74738e-6 0 1 -2.03608e-4 0 1 -4.47507e-5 0 1 -2.57186e-5 0 1 -6.39004e-5 0 1 -5.20243e-6 0 1 4.97118e-6 0 1 -6.39862e-5 0 1 0 -1 4.26167e-5 0 -1 1.16244e-5 0 -1 9.39865e-6 0 -1 2.33296e-5 0 -1 -4.64289e-5 0 -1 -3.19301e-6 0 -1 6.03045e-5 0 -1 -2.25838e-5 0 -1 3.51912e-5 0 -1 -1.1892e-5 0 -1 9.89323e-6 0 -1 2.94052e-5 0 -1 2.84394e-5 0 -1 -4.17258e-5 0 -1 1.72378e-5 0 -1 1.92188e-5 0 -1 1.61917e-5 0 -1 5.62601e-5 0 -1 -3.76293e-5 0 -1 2.24016e-6 0 -1 -1.00533e-5 0 -1 -7.5604e-6 0 -1 1.27998e-5 0 -1 -2.38801e-6 0 -1 6.70368e-5 0 -1 -3.00929e-5 0 -1 -9.78809e-5 0 -1 7.68335e-7 0 -1 -5.55277e-5 0 -1 7.8292e-6 0 -1 1.47542e-6 0 -1 -2.81849e-5 0 -1 -4.18258e-6 0 -1 1.00209e-4 0 -1 -4.51037e-5 0 -1 -3.19294e-6 0 -1 -5.68445e-6 0 -1 6.07687e-5 0 -1 -2.21279e-6 0 -1 -1.77558e-5 0 -1 2.70468e-5 0 -1 5.28395e-6 5.59996e-6 0 1 -5.33252e-6 0 1 5.76713e-5 0 1 5.12437e-6 0 1 -4.75571e-5 0 1 -1.11314e-4 0 1 1.4039e-4 0 1 3.77715e-4 0 1 -4.09527e-5 0 1 -9.46922e-5 0 1 -4.05393e-6 0 1 -3.1107e-5 0 1 6.39073e-5 0 1 2.57186e-5 0 1 -1.49248e-4 0 1 -6.91732e-5 0 1 -2.89705e-5 0 1 -2.67681e-6 0 1 -1.15259e-4 0 1 -1.51579e-4 0 1 1.23438e-4 0 1 3.48383e-5 0 1 8.99318e-5 0 1 3.95783e-5 0 1 -9.91016e-5 0 1 2.71381e-4 0 1 -6.00786e-6 0 1 3.05425e-5 0 1 -1.38584e-4 0 1 1.69224e-5 0 1 -5.4802e-5 0 1 1.20605e-4 0 1 -3.01147e-5 0 1 -3.89885e-6 0 1 6.39877e-5 0 1 -6.15904e-6 0 1 5.20257e-6 0 1 -2.67384e-5 0 1 -6.71223e-5 0 1 3.82409e-4 0 1 -9.05036e-5 0 1 8.34906e-5 0 1 -2.65347e-4 0 1 2.77818e-6 0 1 4.30712e-5 0 1 7.44573e-5 0 1 -1.44957e-4 0 1 7.02661e-5 0 1 -4.30712e-5 0 1 5.13307e-6 0 -1 -1.35589e-4 0 -1 0 0 -1 1.06838e-4 0 -1 -7.84168e-5 0 -1 -1.0684e-4 0 -1 8.76983e-5 0 -1 5.80217e-6 0 -1 -1.2845e-4 0 -1 6.71921e-5 0 -1 2.9359e-5 0 -1 3.56392e-6 0 -1 -6.51292e-5 0 -1 1.28456e-4 0 -1 -5.80194e-6 0 -1 3.09388e-6 0 -1 6.91856e-6 0 -1 1.301e-5 0 -1 -1.0063e-5 0 -1 4.19483e-5 0 -1 -1.743e-5 0 -1 -2.47632e-4 0 -1 2.68818e-5 0 -1 1.00374e-4 0 -1 -7.26611e-5 0 -1 -1.20827e-4 0 -1 1.29237e-4 0 -1 3.19394e-6 0 -1 -9.16154e-6 0 -1 2.51237e-6 0 -1 -2.89175e-6 0 -1 1.35863e-4 0 -1 -2.90457e-4 0 -1 1.51619e-4 0 -1 -1.37739e-5 0 -1 -1.00371e-4 0 -1 1.27692e-4 0 -1 3.01226e-6 0 -1 -5.7058e-5 0 -1 6.92642e-5 0 -1 -6.7193e-5 0 -1 4.27501e-6 0 -1 5.18511e-5 0 -1 7.42674e-6 0 -1 -2.03426e-5 0 -1 -3.27004e-5 0 -1 1.00785e-4 0 -1 1.25144e-5 0 -1 -1.48365e-4 0 -1 8.25917e-6 0 -1 1.25136e-5 0 -1 1.35584e-4 0 -1 1.74308e-5 0 -1 -4.19443e-5 0 -1 1.01529e-4 0 -1 -6.54314e-5 0 -1 6.47509e-5 0 -1 -1.77803e-4 0 -1 -2.61493e-5 0 -1 7.0483e-5 0 -1 -3.09373e-6 0 -1 2.60017e-5 0 -1 1.01532e-4 0 -1 -6.54284e-5 0 -1 -1.00017e-4 0 -1 -1.11141e-5 0 -1 4.83912e-6 0 -1 -1.32524e-5 0 -1 -5.28981e-5 0 -1 -1.87189e-5 0 -1 -3.58277e-5 0 -1 -9.1323e-5 0 -1 -8.25917e-6 0 -1 2.90457e-4 0 -1 -1.35863e-4 0 -1 3.68048e-6 0 -1 -3.66843e-6 0 -1 6.98466e-5 0 -1 1.73732e-5 0 -1 -1.65833e-5 0 -1 9.80485e-6 0 -1 -4.98087e-6 0 -1 3.68055e-6 0 -1 -3.66835e-6 0 -1 6.98452e-5 0 -1 -9.65997e-6 0 -1 1.00636e-5 0 -1 -1.30091e-5 0 -1 5.57165e-5 0 -1 -2.85401e-6 0 -1 -2.4904e-6 0 -1 2.60251e-5 0 -1 2.76386e-5 0 -1 4.1229e-6 0 -1 -8.27524e-6 0 -1 -2.10752e-5 0 -1 -4.33119e-6 0 -1 -4.19394e-6 0 -1 1.25751e-5 0 -1 -4.41317e-6 0 -1 0 1 -9.29628e-6 0 1 0 0 1 5.78182e-5 0 1 -4.73061e-5 0 1 -1.5184e-5 0 1 1.70952e-5 0 1 6.6454e-5 0 1 1.32162e-5 0 1 -1.77859e-5 0 1 -3.00442e-5 0 1 -9.92979e-6 0 1 8.79188e-7 0 1 -1.82686e-5 0 1 -1.4417e-5 0 1 -7.71307e-5 0 1 -1.59904e-5 0 1 4.03043e-4 0 1 -5.0509e-5 0 1 7.82716e-6 0 1 1.80012e-5 0 1 -5.172e-6 0 1 7.87278e-5 0 1 -1.99643e-5 0 1 8.3572e-6 0 1 -2.55754e-5 0 1 -9.7692e-6 0 1 1.47e-4 0 1 -5.23087e-5 0 1 4.15319e-5 0 1 -3.88531e-5 0 1 -1.19871e-5 0 1 1.81844e-5 0 1 -3.54908e-5 0 1 5.41271e-5 0 1 2.3518e-6 0 1 -2.2429e-6 0 1 -7.23085e-5 0 1 4.19358e-5 0 1 1.46908e-4 0 1 -8.24593e-6 0 1 3.77965e-5 0 1 -2.03361e-5 0 1 8.70599e-6 0 1 -5.7788e-6 0 1 -4.32333e-5 0 1 -3.94046e-5 0 1 6.20956e-5 0 1 -1.03082e-6 0 1 4.77081e-5 0 1 3.51586e-6 0 1 3.33334e-6 0 1 -3.16102e-5 0 1 2.22119e-5 0 1 1.32172e-5 0 1 4.63972e-5 0 1 1.55592e-5 0 1 -2.05167e-5 0 1 1.93543e-5 0 1 1.72703e-5 0 1 -3.37333e-5 0 1 4.73866e-5 0 1 -3.16071e-5 0 1 -1.76057e-5 0 1 6.62427e-5 0 1 -3.94043e-5 0 1 5.6874e-5 0 1 5.10738e-4 0 1 -2.07767e-4 0 1 1.3049e-5 0 1 -2.87462e-5 0 1 9.32449e-6 0 1 -8.83011e-5 0 1 7.85785e-6 0 1 1.65054e-5 0 1 -1.31187e-6 0 1 2.06162e-6 0 1 -1.29241e-5 0 1 9.599e-6 0 0.9999992 0.001306951 0 1 -2.008e-6 0 1 3.28226e-6 0 1 -3.32859e-5 0 1 7.64792e-5 0 1 -6.94593e-6 0 1 2.20906e-6 0 1 -5.13806e-5 0 1 -3.14576e-6 0 1 4.12079e-6 0 1 -1.81929e-5 0 1 6.43915e-5 0 1 -1.39569e-5 0 1 -3.70066e-6 0 1 2.32806e-6 0 1 -5.54915e-5 0 1 7.24788e-5 0 1 -1.69316e-5 0 1 -2.32806e-6 0 1 6.94507e-6 0 1 -7.3549e-5 0 -1 -1.5522e-5 0 -1 4.77601e-6 1 0 0 1 -3.17489e-6 0 1 -1.06207e-6 0 1 5.61025e-6 0 1 1.26997e-5 0 1 -1.3613e-5 0 1 6.35694e-6 0 1 -3.79292e-6 0 1 8.50818e-7 0 1 -2.80495e-6 0 1 5.90716e-6 0 1 -1.46382e-6 0 1 7.38398e-7 0 -1 0 0 -1 -3.57179e-6 0 -1 1.57738e-6 0 -1 6.35696e-6 0 -1 -3.40324e-6 0 -1 -4.67492e-7 0 -1 8.50818e-7 0 -1 4.24829e-6 0 -1 3.55787e-6 0 -1 1.89649e-6 0 -1 3.69199e-7 0 -1 -2.21519e-6 0 -1 -3.03434e-6 0 0 -0.04131942 0.999146 0 -0.1236907 0.9923208 0 -0.1236889 0.9923211 0 -0.2052184 0.9787163 0 -0.2052186 0.9787163 0 -0.285334 0.9584282 0 -0.2853373 0.9584273 0 -0.3635189 0.9315868 0 -0.3635134 0.9315891 0 -0.4391923 0.8983931 0 -0.5118834 0.8590549 0 -0.5118866 0.859053 0 -0.5810742 0.8138507 0 -0.581079 0.8138472 0 -0.6463026 0.7630813 0 -0.6462948 0.7630879 0 -0.7071068 0.7071068 0 -0.7630844 0.646299 0 -0.763091 0.6462913 0 -0.8138481 0.5810776 0 -0.8138472 0.581079 0 -0.8590549 0.5118834 0 -0.8590499 0.511892 0 -0.8983889 0.4392011 0 -0.8983945 0.4391894 0 -0.9315918 0.3635064 0 -0.9315893 0.3635126 0 -0.9584282 0.285334 0 -0.9787159 0.2052201 0 -0.9787163 0.2052186 0 -0.9923207 0.1236916 0 -0.9923217 0.1236844 0 -0.9991455 0.04133158 0 -0.9991461 0.04131716 -1 4.95175e-7 0 -1 -6.26447e-7 0 -1 -9.96309e-6 0 -1 1.36812e-6 0 -1 9.38731e-6 0 -1 -3.02861e-5 0 -1 2.50572e-5 0 -1 -3.56589e-5 0 -1 7.82267e-7 0 -1 2.49078e-6 0 -1 1.1699e-6 0 -1 -1.12868e-6 0 -1 2.33983e-6 0 0 -0.1236898 0.992321 0 -0.1236898 0.992321 0 -0.2052201 0.9787159 0 -0.2052169 0.9787166 0 -0.2853357 0.9584277 0 -0.3635158 0.9315881 0 -0.5810766 0.8138489 0 -0.7630873 0.6462955 0 -0.7630879 0.6462948 0 -0.8138507 0.5810742 0 -0.8138447 0.5810824 0 -0.859053 0.5118866 0 -0.8590518 0.5118888 0 -0.9315903 0.3635103 0 -0.9923208 0.1236907 -1 -4.95175e-7 0 -1 2.73623e-6 0 -1 -7.51716e-6 0 -1 -7.9242e-6 0 -1 -7.82267e-7 0 -1 -1.36813e-6 0 -1 5.84951e-7 0 -1 -2.25743e-6 0 -1 -1.16991e-6 0 1 -2.00458e-5 0 1 7.57153e-6 0 1 -4.69365e-6 0 1 4.95175e-7 0 1 1.09449e-5 0 1 -1.24539e-6 0 1 -2.33983e-6 0 1 -7.82267e-7 0 1 2.23111e-6 0 1 -1.12871e-6 0 0 -0.511884 0.8590547 0 -0.6463005 0.7630831 0 -0.6462969 0.7630861 0 -0.8983932 0.4391923 1 9.46453e-7 0 1 3.1291e-6 0 1 -1.09449e-5 0 1 6.22693e-6 0 1 -3.50974e-6 0 1 1.36813e-6 0 1 4.51467e-6 0 1 -1.69307e-6 0 -0.08726447 0 0.9961852 -0.08704358 0 0.9962045 -0.2588947 0 0.9659056 -0.258687 0 0.9659612 -0.4227406 0 0.9062508 -0.4225577 0 0.9063361 -0.5736445 0 0.8191046 -0.573495 0 0.819209 -0.7070772 0 0.7071363 -0.7071903 0 0.7070233 -0.8191846 0 0.57353 -0.8191113 0 0.5736346 -0.9062941 0 0.4226478 -0.9659297 0 0.2588047 -0.9659299 0 0.2588039 -0.9961951 0 0.08715099 -0.9961951 0 0.08715051 -0.9961951 0 -0.08715099 -0.9961935 0 -0.08716988 -0.9659446 0 -0.2587491 -0.9659299 0 -0.2588039 -0.9062543 0 -0.4227331 -0.9062941 0 -0.4226478 -0.8191846 0 -0.57353 -0.7071886 0 -0.7070251 -0.7069676 0 -0.707246 -0.5736445 0 -0.8191046 -0.4225577 0 -0.9063361 -0.4227406 0 -0.9062508 -0.258687 0 -0.9659612 -0.08726447 0 -0.9961852 0.08726841 0 -0.9961849 0.08726811 0 -0.9961849 0.258687 0 -0.9659612 0.4227406 0 -0.9062508 0.4225577 0 -0.9063361 0.5736445 0 -0.8191046 0.7069659 0 -0.7072477 0.7071903 0 -0.7070233 0.8191649 0 -0.573558 0.8191633 0 -0.5735604 0.9063101 0 -0.4226136 0.9062709 0 -0.4226974 0.9659297 0 -0.2588047 0.9659448 0 -0.2587482 0.9961935 0 -0.0871703 0.9961951 0 -0.08715051 0.9961951 0 0.08715099 0.9961951 0 0.08715051 0.9659297 0 0.2588047 0.9659299 0 0.2588039 0.9063101 0 0.4226136 0.9063107 0 0.4226121 0.8190917 0 0.5736626 0.8191633 0 0.5735604 0.7071886 0 0.7070251 0.7070789 0 0.7071346 0.573495 0 0.819209 0.5736445 0 0.8191046 0.4225577 0 0.9063361 0.4227406 0 0.9062508 0.258687 0 0.9659612 0.2588947 0 0.9659056 0.08704751 0 0.9962043 0.08726811 0 0.9961849 -0.9659149 0 0.2588604 -0.9659448 0 0.2587482 -0.9961935 0 -0.0871703 -0.9961951 0 -0.08715051 -0.9659297 0 -0.2588047 -0.8191113 0 -0.5736346 -0.7070789 0 -0.7071346 -0.2588947 0 -0.9659056 0.2588947 0 -0.9659056 0.7070772 0 -0.7071363 0.8190917 0 -0.5736626 0.9063107 0 -0.4226121 0.9659299 0 -0.2588039 0.9961951 0 -0.08715099 0.9961935 0 -0.08716988 0.9659446 0 0.2587491 0.965915 0 0.2588595 0.8191649 0 0.573558 0.8190901 0 0.573665 0.08726841 0 0.9961849 0.08704721 0 0.9962043 -0.08704537 0 0.9962044 -0.08726632 0 0.9961851 -0.2586922 0 0.9659599 -0.2588999 0 0.9659042 -0.4227246 0 0.9062582 -0.4225404 0 0.9063441 -0.5735065 0 0.8192011 -0.5736542 0 0.8190976 -0.8191016 0 0.5736487 -0.8191747 0 0.573544 -0.9063027 0 0.4226292 -0.9063021 0 0.4226307 -0.9063027 0 -0.4226292 -0.9063021 0 -0.4226307 -0.8191747 0 -0.573544 -0.8191016 0 -0.5736487 -0.5736559 0 -0.8190965 -0.5736542 0 -0.8190976 -0.4225417 0 -0.9063436 -0.4225404 0 -0.9063441 -0.2586922 0 -0.9659599 -0.2588999 0 -0.9659042 -0.08726632 0 -0.9961851 0.08726632 0 -0.9961851 0.2588999 0 -0.9659042 0.2586922 0 -0.9659599 0.4225417 0 -0.9063436 0.4225404 0 -0.9063441 0.5736559 0 -0.8190965 0.5736542 0 -0.8190976 0.7070668 0 -0.7071468 0.7071781 0 -0.7070355 0.8191113 0 -0.5736346 0.8191846 0 -0.57353 0.9063027 0 -0.4226292 0.9063021 0 -0.4226307 0.9063027 0 0.4226292 0.9063021 0 0.4226307 0.8191846 0 0.57353 0.8191113 0 0.5736346 0.7071781 0 0.7070355 0.7070668 0 0.7071468 0.5736559 0 0.8190965 0.5735049 0 0.8192022 0.4225417 0 0.9063436 0.4227232 0 0.9062589 0.2588999 0 0.9659042 0.2586922 0 0.9659599 0.08726632 0 0.9961851 0.08704537 0 0.9962044 -0.5736559 0 0.8190965 -0.5735049 0 0.8192022 -0.9062629 0 -0.4227145 -0.4227232 0 -0.9062589 0.4227246 0 -0.9062582 0.7069554 0 -0.7072581 0.9062623 0 -0.422716 0.5735065 0 0.8192011 0.5736542 0 0.8190976 -0.08715051 0.9961951 0 -0.2588186 0.965926 0 -0.2587908 0.9659334 0 -0.4226478 0.9062941 0 -0.5735539 0.8191679 0 -0.5735847 0.8191463 0 -0.7070789 0.7071346 0 -0.7071381 0.7070755 0 -0.8191807 0.5735357 0 -0.8191329 0.5736039 0 -0.9062929 0.4226505 0 -0.9062941 0.4226478 0 -0.9659183 0.2588471 0 -0.9659481 0.2587363 0 -0.9961997 0.08709907 0 -0.9961901 0.08720833 0 -0.9961897 -0.08721321 0 -0.9961994 -0.08710271 0 -0.9659461 -0.2587433 0 -0.9659202 -0.2588402 0 -0.9063016 -0.4226319 0 -0.8191146 -0.57363 0 -0.8191716 -0.5735487 0 -0.7071346 -0.7070789 0 -0.7070825 -0.7071312 0 -0.5736081 -0.8191301 0 -0.5735866 -0.8191451 0 -0.4226107 -0.9063113 0 -0.4226136 -0.9063101 0 -0.2587908 -0.9659334 0 -0.2588186 -0.965926 0 -0.08715051 -0.9961951 0 0.08715534 -0.9961947 0 0.2587908 -0.9659334 0 0.2588186 -0.965926 0 0.422632 -0.9063015 0 0.4225922 -0.90632 0 0.5736081 -0.8191301 0 0.5735604 -0.8191633 0 0.7071346 -0.7070789 0 0.7070825 -0.7071312 0 0.8191407 -0.5735926 0 0.8191192 -0.5736234 0 0.9063016 -0.4226319 0 0.9063441 -0.4225404 0 0.9659323 -0.2587952 0 0.9659202 -0.2588402 0 0.9961897 -0.08721321 0 0.9961994 -0.08710271 0 0.9961997 0.08709907 0 0.9961901 0.08720833 0 0.9659183 0.2588471 0 0.9659342 0.2587882 0 0.9063354 0.422559 0 0.9062941 0.4226478 0 0.8191284 0.5736104 0 0.819159 0.5735664 0 0.7070789 0.7071346 0 0.7071381 0.7070755 0 0.5735278 0.8191863 0 0.5735847 0.8191463 0 0.4226265 0.9063041 0 0.4226692 0.9062842 0 0.2588186 0.965926 0 0.2587908 0.9659334 0 0.08715534 0.9961947 0 -0.08715534 0.9961947 0 -0.2588437 0.9659193 0 -0.2588469 0.9659184 0 -0.4226107 0.9063113 0 -0.4225922 0.90632 0 -0.57358 0.8191496 0 -0.5735586 0.8191647 0 -0.7071276 0.7070859 0 -0.7071312 0.7070825 0 -0.8191407 0.5735926 0 -0.8191453 0.5735861 0 -0.9063016 0.4226319 0 -0.9659304 0.2588022 0 -0.9961949 0.08715432 0 -0.996195 0.08715313 0 -0.9961949 -0.08715432 0 -0.996195 -0.08715313 0 -0.9659304 -0.2588022 0 -0.8191545 -0.573573 0 -0.819159 -0.5735664 0 -0.7071068 -0.7071068 0 -0.7071102 -0.7071033 0 -0.5735539 -0.8191679 0 -0.5735847 -0.8191463 0 -0.4225894 -0.9063214 0 -0.2588437 -0.9659193 0 -0.2588469 -0.9659184 0 -0.08715534 -0.9961947 0 0.08715051 -0.9961951 0 0.2588437 -0.9659193 0 0.2588469 -0.9659184 0 0.4226107 -0.9063113 0 0.57358 -0.8191496 0 0.5735586 -0.8191647 0 0.7071068 -0.7071068 0 0.8191807 -0.5735357 0 0.819159 -0.5735664 0 0.9659304 -0.2588022 0 0.9961949 -0.08715432 0 0.996195 -0.08715313 0 0.9961949 0.08715432 0 0.996195 0.08715313 0 0.9659304 0.2588022 0 0.9063016 0.4226319 0 0.8191407 0.5735926 0 0.8191716 0.5735487 0 0.7070999 0.7071138 0 0.7071312 0.7070825 0 0.5735539 0.8191679 0 0.4225894 0.9063214 0 0.4226136 0.9063101 0 0.2588437 0.9659193 0 0.2588469 0.9659184 0 0.08715051 0.9961951 0 -0.2588047 0.9659297 0 -0.4226265 0.9063041 0 -0.7071068 0.7071068 0 -0.7071102 0.7071033 0 -0.8191545 0.573573 0 -0.819159 0.5735664 0 -0.9659323 0.2587952 0 -0.9659342 0.2587882 0 -0.9961946 -0.08715796 0 -0.9659323 -0.2587952 0 -0.9659342 -0.2587882 0 -0.8191407 -0.5735926 0 -0.8191453 -0.5735861 0 -0.5735819 -0.8191483 0 -0.5736127 -0.8191267 0 -0.2588047 -0.9659297 0 0.2588047 -0.9659297 0 0.5735866 -0.8191451 0 0.819167 -0.5735553 0 0.8191453 -0.5735861 0 0.9659342 -0.2587882 0 0.9961946 -0.08715796 0 0.9659323 0.2587952 0 0.9062929 0.4226505 0 0.8191545 0.573573 0 0.8191852 0.5735291 0 0.7071102 0.7071033 0 0.4226478 0.9062941 0 0.2588047 0.9659297 0 -0.2588576 0.9659155 0 -0.258833 0.9659221 0 -0.4226136 0.9063101 0 -0.7070999 0.7071138 0 -0.707159 0.7070546 0 -0.819167 0.5735553 0 -0.8191192 0.5736234 0 -0.9659165 0.2588541 0 -0.9659444 0.2587502 0 -0.99619 -0.08720958 0 -0.9961998 -0.08709788 0 -0.9659444 -0.2587502 0 -0.9659165 -0.2588541 0 -0.8191284 -0.5736104 0 -0.8191852 -0.5735291 0 -0.57358 -0.8191496 0 -0.5735586 -0.8191647 0 -0.2588298 -0.9659231 0 -0.2588608 -0.9659147 0 0.2588298 -0.9659231 0 0.2588608 -0.9659147 0 0.5735324 -0.8191829 0 0.8191545 -0.573573 0 0.8191329 -0.5736039 0 0.9659165 -0.2588541 0 0.99619 -0.08720958 0 0.9961998 -0.08709788 0 0.9659165 0.2588541 0 0.9063441 0.4225404 0 0.8191146 0.57363 0 0.8191453 0.5735861 0 0.707159 0.7070546 0 0.4226348 0.9063001 0 0.2588576 0.9659155 0 0.258833 0.9659221 0</float_array>
          <technique_common>
            <accessor source="#MMO_700_dual_-_bracket-2-mesh-normals-array" count="840" stride="3">
              <param name="X" type="float"/>
              <param name="Y" type="float"/>
              <param name="Z" type="float"/>
            </accessor>
          </technique_common>
        </source>
        <vertices id="MMO_700_dual_-_bracket-2-mesh-vertices">
          <input semantic="POSITION" source="#MMO_700_dual_-_bracket-2-mesh-positions"/>
        </vertices>
        <triangles count="1440">
          <input semantic="VERTEX" source="#MMO_700_dual_-_bracket-2-mesh-vertices" offset="0"/>
          <input semantic="NORMAL" source="#MMO_700_dual_-_bracket-2-mesh-normals" offset="1"/>
          <p>0 0 1 0 2 0 1 0 3 0 2 0 2 1 3 1 4 1 2 2 4 2 5 2 6 0 7 0 8 0 8 0 7 0 9 0 8 3 9 3 10 3 10 0 11 0 8 0 8 4 11 4 12 4 8 5 12 5 13 5 14 0 15 0 8 0 8 6 15 6 16 6 8 7 16 7 17 7 18 0 19 0 20 0 20 8 19 8 21 8 20 9 21 9 22 9 23 0 24 0 25 0 25 10 24 10 26 10 25 11 26 11 27 11 13 0 28 0 8 0 8 12 28 12 29 12 8 13 29 13 30 13 0 0 2 0 25 0 25 14 2 14 31 14 25 15 31 15 23 15 32 0 33 0 34 0 5 0 35 0 2 0 2 16 35 16 36 16 2 0 36 0 37 0 37 17 36 17 38 17 37 18 38 18 30 18 30 19 38 19 39 19 30 20 39 20 8 20 8 21 39 21 40 21 8 0 40 0 14 0 17 0 41 0 8 0 8 22 41 22 42 22 8 0 42 0 20 0 20 23 42 23 43 23 20 24 43 24 18 24 44 0 45 0 34 0 34 25 45 25 46 25 34 26 46 26 47 26 48 27 49 27 34 27 34 28 49 28 50 28 33 29 51 29 34 29 34 30 51 30 52 30 34 31 52 31 44 31 50 32 53 32 34 32 34 33 53 33 54 33 34 0 54 0 55 0 55 34 54 34 56 34 55 35 56 35 57 35 57 36 58 36 55 36 55 37 58 37 59 37 55 38 59 38 60 38 60 39 61 39 55 39 55 40 61 40 62 40 55 41 62 41 63 41 22 0 64 0 20 0 20 42 64 42 65 42 20 0 65 0 66 0 27 43 67 43 25 43 25 44 67 44 68 44 25 0 68 0 47 0 47 0 68 0 34 0 34 45 68 45 69 45 34 0 69 0 48 0 63 0 70 0 55 0 55 46 70 46 71 46 55 0 71 0 8 0 8 47 71 47 72 47 8 48 72 48 6 48 66 0 73 0 20 0 20 49 73 49 74 49 20 0 74 0 34 0 34 50 74 50 75 50 34 51 75 51 32 51 76 52 77 52 78 52 77 52 79 52 78 52 78 53 79 53 80 53 78 54 80 54 81 54 82 52 83 52 84 52 84 55 83 55 85 55 84 52 85 52 78 52 78 56 85 56 86 56 78 57 86 57 76 57 81 52 87 52 78 52 78 58 87 58 88 58 78 59 88 59 89 59 90 52 78 52 91 52 91 52 78 52 92 52 93 52 94 52 95 52 96 52 92 52 97 52 97 52 92 52 78 52 97 60 78 60 98 60 98 52 78 52 89 52 99 52 100 52 55 52 101 52 55 52 102 52 102 52 55 52 103 52 101 52 104 52 55 52 55 61 104 61 105 61 55 52 105 52 84 52 84 62 105 62 106 62 84 63 106 63 107 63 108 52 109 52 107 52 107 64 109 64 110 64 111 52 112 52 84 52 84 65 112 65 113 65 84 66 113 66 82 66 90 52 114 52 78 52 78 67 114 67 115 67 78 68 115 68 116 68 116 52 117 52 78 52 78 69 117 69 118 69 78 70 118 70 8 70 8 71 118 71 119 71 8 72 119 72 120 72 108 73 107 73 95 73 95 74 107 74 121 74 95 75 121 75 93 75 97 52 122 52 96 52 96 76 122 76 123 76 96 77 123 77 124 77 100 52 125 52 55 52 55 78 125 78 126 78 55 79 126 79 103 79 124 52 127 52 96 52 96 80 127 80 128 80 96 81 128 81 129 81 120 52 130 52 8 52 8 82 130 82 131 82 8 83 131 83 132 83 133 84 134 84 84 84 132 52 135 52 8 52 8 85 135 85 136 85 8 86 136 86 137 86 129 52 138 52 96 52 96 87 138 87 139 87 96 88 139 88 140 88 140 89 139 89 95 89 140 52 95 52 141 52 141 52 95 52 94 52 110 90 142 90 107 90 107 91 142 91 143 91 107 92 143 92 84 92 84 93 143 93 144 93 84 94 144 94 133 94 134 52 145 52 84 52 84 95 145 95 146 95 84 96 146 96 111 96 137 52 147 52 8 52 8 97 147 97 148 97 8 52 148 52 55 52 55 98 148 98 149 98 55 99 149 99 99 99 150 0 151 0 152 0 153 0 154 0 155 0 156 100 157 100 158 100 151 0 159 0 155 0 155 101 159 101 160 101 155 102 160 102 161 102 154 0 162 0 155 0 155 103 162 103 163 103 155 104 163 104 164 104 165 105 166 105 151 105 166 0 167 0 151 0 151 0 167 0 168 0 151 0 168 0 152 0 169 106 170 106 171 106 171 107 170 107 172 107 171 0 173 0 158 0 158 108 173 108 174 108 158 109 174 109 156 109 157 0 175 0 158 0 158 0 175 0 176 0 158 110 176 110 177 110 172 0 178 0 171 0 171 111 178 111 179 111 171 112 179 112 173 112 177 113 180 113 158 113 158 114 180 114 181 114 158 115 181 115 182 115 183 116 184 116 185 116 186 0 187 0 185 0 164 0 188 0 155 0 155 117 188 117 189 117 155 118 189 118 190 118 182 0 191 0 158 0 158 119 191 119 192 119 158 0 192 0 185 0 185 120 192 120 193 120 185 121 193 121 183 121 194 0 195 0 185 0 185 122 195 122 196 122 185 123 196 123 155 123 155 124 196 124 197 124 155 125 197 125 153 125 190 0 198 0 155 0 155 126 198 126 199 126 155 127 199 127 151 127 151 0 199 0 200 0 151 0 200 0 165 0 201 0 202 0 171 0 171 128 202 128 203 128 171 129 203 129 169 129 184 0 204 0 185 0 185 0 204 0 205 0 185 130 205 130 206 130 161 131 207 131 155 131 155 132 207 132 208 132 155 0 208 0 171 0 171 133 208 133 209 133 171 134 209 134 201 134 210 0 211 0 206 0 206 135 211 135 212 135 212 0 213 0 206 0 206 136 213 136 214 136 206 0 214 0 185 0 185 137 214 137 215 137 185 138 215 138 186 138 187 0 216 0 185 0 185 139 216 139 217 139 185 140 217 140 218 140 218 0 219 0 185 0 185 0 219 0 220 0 185 141 220 141 194 141 150 0 152 0 221 0 221 0 152 0 222 0 221 0 222 0 223 0 223 0 222 0 224 0 223 0 224 0 206 0 206 0 224 0 225 0 206 0 225 0 210 0 226 52 227 52 228 52 228 142 227 142 229 142 228 52 229 52 230 52 230 143 229 143 231 143 230 144 231 144 232 144 233 52 234 52 228 52 234 52 235 52 228 52 228 145 235 145 236 145 228 146 236 146 226 146 237 52 238 52 239 52 240 52 241 52 155 52 155 147 241 147 242 147 155 148 242 148 243 148 239 52 238 52 244 52 245 149 228 149 246 149 246 52 228 52 185 52 245 52 247 52 228 52 228 150 247 150 248 150 228 151 248 151 233 151 232 52 249 52 230 52 230 152 249 152 250 152 230 153 250 153 251 153 252 52 253 52 185 52 251 52 254 52 230 52 230 154 254 154 255 154 230 155 255 155 256 155 256 52 257 52 230 52 230 156 257 156 258 156 230 52 258 52 155 52 155 157 258 157 259 157 155 158 259 158 240 158 244 52 238 52 243 52 243 159 238 159 260 159 243 160 260 160 261 160 253 52 262 52 185 52 185 161 262 161 263 161 185 162 263 162 264 162 264 52 265 52 185 52 185 163 265 163 266 163 185 164 266 164 246 164 267 52 185 52 268 52 268 52 185 52 269 52 267 52 270 52 185 52 185 165 270 165 271 165 185 166 271 166 272 166 261 52 273 52 243 52 243 167 273 167 274 167 243 168 274 168 155 168 155 169 274 169 275 169 155 170 275 170 276 170 276 52 277 52 155 52 155 171 277 171 278 171 155 172 278 172 279 172 279 173 280 173 155 173 155 174 280 174 281 174 155 175 281 175 282 175 282 52 283 52 155 52 155 176 283 176 284 176 155 52 284 52 185 52 185 177 284 177 285 177 185 178 285 178 269 178 272 52 286 52 185 52 185 179 286 179 287 179 185 180 287 180 288 180 288 181 289 181 185 181 185 182 289 182 290 182 185 52 290 52 252 52 252 183 290 183 291 183 291 184 292 184 252 184 252 75 292 75 293 75 252 185 293 185 294 185 294 52 295 52 252 52 252 186 295 186 296 186 252 52 296 52 297 52 297 187 296 187 298 187 297 188 298 188 239 188 239 189 298 189 299 189 239 190 299 190 237 190 300 191 301 191 302 191 303 192 304 192 305 192 302 193 306 193 300 193 300 194 306 194 307 194 300 195 307 195 308 195 309 193 310 193 311 193 312 193 313 193 314 193 314 196 313 196 315 196 314 197 315 197 316 197 311 193 310 193 317 193 316 193 318 193 314 193 314 198 318 198 319 198 314 199 319 199 317 199 320 193 321 193 322 193 304 193 323 193 305 193 305 200 323 200 324 200 305 201 324 201 325 201 326 193 327 193 328 193 317 202 310 202 314 202 314 203 310 203 329 203 314 193 329 193 300 193 300 204 329 204 330 204 300 205 330 205 301 205 331 193 314 193 332 193 332 193 314 193 305 193 332 193 305 193 333 193 333 193 305 193 325 193 308 193 334 193 300 193 300 206 334 206 335 206 300 207 335 207 336 207 305 193 322 193 337 193 337 193 338 193 305 193 305 208 338 208 339 208 305 209 339 209 340 209 340 193 341 193 305 193 305 210 341 210 342 210 305 211 342 211 303 211 331 212 343 212 314 212 314 213 343 213 344 213 314 214 344 214 345 214 346 215 347 215 348 215 349 193 350 193 351 193 351 193 350 193 352 193 353 193 354 193 322 193 345 193 355 193 314 193 314 216 355 216 356 216 314 217 356 217 357 217 358 218 328 218 359 218 360 219 361 219 311 219 311 220 361 220 362 220 311 221 362 221 309 221 336 193 363 193 300 193 300 222 363 222 364 222 300 223 364 223 365 223 366 224 367 224 300 224 300 225 367 225 368 225 300 226 368 226 369 226 369 193 370 193 300 193 300 227 370 227 371 227 300 228 371 228 322 228 322 229 371 229 372 229 322 230 372 230 320 230 321 193 373 193 322 193 322 231 373 231 374 231 322 232 374 232 375 232 354 233 376 233 322 233 322 234 376 234 377 234 322 235 377 235 337 235 314 236 378 236 379 236 358 193 380 193 328 193 328 237 380 237 381 237 328 238 381 238 326 238 366 239 300 239 382 239 382 240 300 240 365 240 382 193 365 193 346 193 346 237 365 237 383 237 346 241 383 241 347 241 375 242 384 242 322 242 322 243 384 243 385 243 322 244 385 244 386 244 327 193 387 193 328 193 328 245 387 245 388 245 328 246 388 246 389 246 357 247 390 247 391 247 391 248 392 248 357 248 357 249 392 249 393 249 357 250 393 250 394 250 379 193 395 193 314 193 314 251 395 251 396 251 314 252 396 252 312 252 348 193 397 193 346 193 346 253 397 253 398 253 346 254 398 254 399 254 400 193 401 193 402 193 402 255 401 255 403 255 404 256 405 256 406 256 349 193 407 193 350 193 350 257 407 257 408 257 350 258 408 258 409 258 350 193 410 193 352 193 352 259 410 259 411 259 352 260 411 260 412 260 413 193 414 193 358 193 358 261 414 261 402 261 358 193 402 193 415 193 415 193 402 193 403 193 394 193 416 193 357 193 357 262 416 262 417 262 357 263 417 263 314 263 314 264 417 264 418 264 314 265 418 265 378 265 399 193 419 193 346 193 346 266 419 266 420 266 346 193 420 193 402 193 402 267 420 267 421 267 402 268 421 268 400 268 360 269 311 269 406 269 406 270 311 270 422 270 406 271 422 271 404 271 358 272 423 272 380 272 380 193 423 193 424 193 380 193 424 193 425 193 425 193 424 193 426 193 425 193 426 193 427 193 427 193 426 193 406 193 427 193 406 193 428 193 428 193 406 193 405 193 389 193 429 193 328 193 328 273 429 273 430 273 328 193 430 193 357 193 357 274 430 274 431 274 357 275 431 275 390 275 432 276 433 276 359 276 386 193 434 193 322 193 322 277 434 277 435 277 322 278 435 278 350 278 412 279 436 279 352 279 352 280 436 280 437 280 352 281 437 281 438 281 359 193 433 193 358 193 358 282 433 282 439 282 358 283 439 283 413 283 409 193 440 193 350 193 350 284 440 284 441 284 350 193 441 193 322 193 322 285 441 285 442 285 322 286 442 286 353 286 438 193 443 193 352 193 352 287 443 287 444 287 352 193 444 193 445 193 445 288 444 288 446 288 445 193 446 193 359 193 359 289 446 289 447 289 359 290 447 290 432 290 448 291 449 291 450 291 450 292 451 292 448 292 448 293 451 293 452 293 448 294 452 294 453 294 454 295 455 295 456 295 457 296 458 296 459 296 457 292 459 292 460 292 461 297 462 297 463 297 463 292 462 292 464 292 465 292 466 292 314 292 314 298 466 298 467 298 468 292 469 292 454 292 454 299 469 299 470 299 454 300 470 300 455 300 456 292 471 292 454 292 454 301 471 301 472 301 454 302 472 302 462 302 472 292 473 292 462 292 462 303 473 303 474 303 462 304 474 304 475 304 476 305 454 305 477 305 477 292 454 292 478 292 453 292 479 292 448 292 448 306 479 306 480 306 448 307 480 307 481 307 481 308 480 308 468 308 481 292 468 292 482 292 482 309 468 309 454 309 482 292 454 292 483 292 484 310 485 310 486 310 486 311 485 311 487 311 486 292 487 292 488 292 475 312 489 312 462 312 462 313 489 313 490 313 462 314 490 314 464 314 467 315 491 315 314 315 314 316 491 316 492 316 314 292 492 292 454 292 454 317 492 317 493 317 454 318 493 318 478 318 476 292 494 292 454 292 454 319 494 319 495 319 454 320 495 320 496 320 497 292 498 292 462 292 462 321 498 321 499 321 462 322 499 322 500 322 496 292 501 292 454 292 454 323 501 323 502 323 454 324 502 324 483 324 488 292 503 292 486 292 486 325 503 325 504 325 486 292 504 292 505 292 505 326 504 326 459 326 505 292 459 292 506 292 506 292 459 292 458 292 461 292 507 292 462 292 462 327 507 327 508 327 462 328 508 328 509 328 497 292 462 292 510 292 510 292 462 292 509 292 510 292 509 292 511 292 511 329 509 329 512 329 511 330 512 330 513 330 513 331 512 331 514 331 513 332 514 332 515 332 516 292 517 292 518 292 518 333 517 333 519 333 518 334 519 334 520 334 500 292 521 292 462 292 462 335 521 335 522 335 462 292 522 292 300 292 522 292 523 292 300 292 300 336 523 336 524 336 300 337 524 337 525 337 460 292 459 292 526 292 526 338 459 338 527 338 526 292 527 292 528 292 529 292 530 292 531 292 531 339 530 339 532 339 520 292 533 292 518 292 518 340 533 340 534 340 518 292 534 292 535 292 535 341 534 341 513 341 535 292 513 292 536 292 536 292 513 292 515 292 525 292 537 292 300 292 300 342 537 342 538 342 300 343 538 343 539 343 540 292 541 292 314 292 314 344 541 344 542 344 543 292 314 292 544 292 544 345 314 345 545 345 546 292 547 292 486 292 486 346 547 346 548 346 486 347 548 347 484 347 549 348 550 348 518 348 518 349 550 349 551 349 518 350 551 350 516 350 543 351 552 351 314 351 314 352 552 352 553 352 314 353 553 353 554 353 554 354 555 354 314 354 314 355 555 355 556 355 314 356 556 356 547 356 557 292 558 292 448 292 448 357 558 357 559 357 448 358 559 358 449 358 539 292 560 292 300 292 300 359 560 359 561 359 300 360 561 360 562 360 562 292 563 292 300 292 300 361 563 361 564 361 300 292 564 292 314 292 314 362 564 362 565 362 314 363 565 363 540 363 542 292 566 292 314 292 314 364 566 364 567 364 314 365 567 365 531 365 546 292 568 292 547 292 547 366 568 366 569 366 547 292 569 292 314 292 314 367 569 367 570 367 314 368 570 368 465 368 532 292 571 292 531 292 531 369 571 369 572 369 531 370 572 370 314 370 314 371 572 371 573 371 314 372 573 372 545 372 557 292 574 292 558 292 558 373 574 373 575 373 558 374 575 374 576 374 576 292 577 292 558 292 558 375 577 375 578 375 558 376 578 376 528 376 549 292 579 292 550 292 550 377 579 377 580 377 550 292 580 292 581 292 527 378 582 378 528 378 528 292 582 292 583 292 528 292 583 292 558 292 558 379 583 379 584 379 558 380 584 380 580 380 580 381 584 381 585 381 580 382 585 382 581 382 581 292 586 292 550 292 550 383 586 383 587 383 550 292 587 292 588 292 588 384 587 384 589 384 588 385 589 385 531 385 531 386 589 386 590 386 531 387 590 387 591 387 591 292 592 292 531 292 531 388 592 388 593 388 531 389 593 389 529 389 462 52 594 52 20 52 20 52 34 52 462 52 462 52 34 52 171 52 462 52 171 52 454 52 454 52 171 52 158 52 454 52 158 52 595 52 305 0 596 0 228 0 228 0 230 0 305 0 305 390 230 390 84 390 305 0 84 0 322 0 322 391 84 391 78 391 322 0 78 0 597 0 595 392 598 392 454 392 454 393 598 393 599 393 454 392 599 392 314 392 599 392 600 392 314 392 314 394 600 394 601 394 314 395 601 395 602 395 596 392 305 392 603 392 603 396 305 396 604 396 602 397 605 397 314 397 314 398 605 398 606 398 314 399 606 399 607 399 608 392 609 392 314 392 604 392 305 392 610 392 610 392 305 392 314 392 610 392 314 392 611 392 609 392 612 392 314 392 314 400 612 400 613 400 314 401 613 401 611 401 607 402 614 402 314 402 314 403 614 403 615 403 314 404 615 404 608 404 616 405 594 405 462 405 597 405 617 405 322 405 322 406 617 406 618 406 322 405 618 405 300 405 300 407 618 407 619 407 620 408 621 408 300 408 300 409 621 409 622 409 619 405 623 405 300 405 300 410 623 410 624 410 300 411 624 411 625 411 622 405 626 405 300 405 300 412 626 412 627 412 300 405 627 405 462 405 462 413 627 413 628 413 462 405 628 405 616 405 625 405 629 405 300 405 300 414 629 414 630 414 300 415 630 415 631 415 631 405 632 405 300 405 300 416 632 416 633 416 300 417 633 417 620 417 228 418 596 418 634 418 634 418 596 418 603 418 634 419 603 419 635 419 635 420 603 420 604 420 635 421 604 421 636 421 636 422 604 422 610 422 636 423 610 423 637 423 637 424 610 424 611 424 637 425 611 425 638 425 638 426 611 426 613 426 638 427 613 427 639 427 639 427 613 427 612 427 639 428 612 428 640 428 640 429 612 429 609 429 640 430 609 430 641 430 641 431 609 431 608 431 641 432 608 432 642 432 642 433 608 433 615 433 642 434 615 434 643 434 643 434 615 434 614 434 643 435 614 435 644 435 644 436 614 436 607 436 644 437 607 437 645 437 645 438 607 438 606 438 645 439 606 439 646 439 646 440 606 440 605 440 646 441 605 441 647 441 647 442 605 442 602 442 647 443 602 443 648 443 648 444 602 444 601 444 648 445 601 445 649 445 649 445 601 445 600 445 649 446 600 446 650 446 650 447 600 447 599 447 650 448 599 448 651 448 651 449 599 449 598 449 651 450 598 450 158 450 158 451 598 451 595 451 651 405 158 405 185 405 228 405 634 405 185 405 185 452 634 452 635 452 185 453 635 453 636 453 645 454 646 454 185 454 185 455 646 455 647 455 185 456 647 456 648 456 648 457 649 457 185 457 185 458 649 458 650 458 185 459 650 459 651 459 636 405 637 405 185 405 185 460 637 460 638 460 185 405 638 405 639 405 639 461 640 461 185 461 185 462 640 462 641 462 185 405 641 405 642 405 642 405 643 405 185 405 185 463 643 463 644 463 185 464 644 464 645 464 84 418 230 418 652 418 652 418 230 418 653 418 652 465 653 465 654 465 654 466 653 466 655 466 654 467 655 467 656 467 656 468 655 468 657 468 656 469 657 469 658 469 658 423 657 423 659 423 658 470 659 470 660 470 660 426 659 426 661 426 660 427 661 427 662 427 662 427 661 427 663 427 662 428 663 428 664 428 664 429 663 429 665 429 664 471 665 471 666 471 666 430 665 430 667 430 666 432 667 432 668 432 668 433 667 433 669 433 668 434 669 434 670 434 670 434 669 434 671 434 670 472 671 472 672 472 672 473 671 473 673 473 672 474 673 474 674 474 674 475 673 475 675 475 674 476 675 476 676 476 676 477 675 477 677 477 676 441 677 441 678 441 678 442 677 442 679 442 678 443 679 443 680 443 680 478 679 478 681 478 680 445 681 445 682 445 682 445 681 445 683 445 682 446 683 446 684 446 684 447 683 447 685 447 684 479 685 479 686 479 686 449 685 449 687 449 686 450 687 450 34 450 34 451 687 451 171 451 686 405 34 405 55 405 84 405 652 405 55 405 55 480 652 480 654 480 55 405 654 405 656 405 674 405 676 405 55 405 55 481 676 481 678 481 55 405 678 405 680 405 680 405 682 405 55 405 55 482 682 482 684 482 55 483 684 483 686 483 656 405 658 405 55 405 55 484 658 484 660 484 55 485 660 485 662 485 662 461 664 461 55 461 55 486 664 486 666 486 55 487 666 487 668 487 668 405 670 405 55 405 55 405 670 405 672 405 55 488 672 488 674 488 653 392 230 392 155 392 685 392 155 392 687 392 687 392 155 392 171 392 685 489 683 489 155 489 155 490 683 490 681 490 155 491 681 491 679 491 659 392 657 392 155 392 155 392 657 392 655 392 155 492 655 492 653 492 679 493 677 493 155 493 155 494 677 494 675 494 155 495 675 495 673 495 667 392 665 392 155 392 665 392 663 392 155 392 155 392 663 392 661 392 155 496 661 496 659 496 673 392 671 392 155 392 155 497 671 497 669 497 155 498 669 498 667 498 597 418 78 418 617 418 617 418 78 418 688 418 617 419 688 419 618 419 618 466 688 466 689 466 618 467 689 467 619 467 619 468 689 468 690 468 619 423 690 423 623 423 623 423 690 423 691 423 623 425 691 425 624 425 624 426 691 426 692 426 624 427 692 427 625 427 625 427 692 427 693 427 625 428 693 428 629 428 629 499 693 499 694 499 629 471 694 471 630 471 630 471 694 471 695 471 630 500 695 500 631 500 631 501 695 501 696 501 631 434 696 434 632 434 632 434 696 434 697 434 632 472 697 472 633 472 633 473 697 473 698 473 633 437 698 437 620 437 620 438 698 438 699 438 620 476 699 476 621 476 621 477 699 477 700 477 621 441 700 441 622 441 622 502 700 502 701 502 622 443 701 443 626 443 626 444 701 444 702 444 626 445 702 445 627 445 627 445 702 445 703 445 627 447 703 447 628 447 628 446 703 446 704 446 628 448 704 448 616 448 616 449 704 449 705 449 616 450 705 450 594 450 594 451 705 451 20 451 688 392 78 392 8 392 704 392 8 392 705 392 705 392 8 392 20 392 691 503 690 503 8 503 8 392 690 392 689 392 8 492 689 492 688 492 704 392 703 392 8 392 8 392 703 392 702 392 8 504 702 504 701 504 701 505 700 505 8 505 8 506 700 506 699 506 8 507 699 507 698 507 695 392 694 392 8 392 694 392 693 392 8 392 8 508 693 508 692 508 8 496 692 496 691 496 698 509 697 509 8 509 8 392 697 392 696 392 8 510 696 510 695 510 572 511 196 511 573 511 573 512 196 512 195 512 573 513 195 513 545 513 545 514 195 514 194 514 545 515 194 515 544 515 544 516 194 516 220 516 544 517 220 517 543 517 543 518 220 518 219 518 543 519 219 519 552 519 552 520 219 520 218 520 552 521 218 521 553 521 553 522 218 522 217 522 553 523 217 523 554 523 554 523 217 523 216 523 554 524 216 524 555 524 555 525 216 525 187 525 555 526 187 526 556 526 556 527 187 527 186 527 556 528 186 528 547 528 547 529 186 529 215 529 547 530 215 530 548 530 548 531 215 531 214 531 548 532 214 532 484 532 484 533 214 533 213 533 484 534 213 534 485 534 485 534 213 534 212 534 485 535 212 535 487 535 487 536 212 536 211 536 487 537 211 537 488 537 488 537 211 537 210 537 488 538 210 538 503 538 503 539 210 539 225 539 503 540 225 540 504 540 504 540 225 540 224 540 504 541 224 541 459 541 459 541 224 541 222 541 459 542 222 542 527 542 527 543 222 543 152 543 527 544 152 544 582 544 582 544 152 544 168 544 582 545 168 545 583 545 583 546 168 546 167 546 583 547 167 547 584 547 584 547 167 547 166 547 584 548 166 548 585 548 585 549 166 549 165 549 585 550 165 550 581 550 581 551 165 551 200 551 581 552 200 552 586 552 586 553 200 553 199 553 586 554 199 554 587 554 587 555 199 555 198 555 587 556 198 556 589 556 589 557 198 557 190 557 589 558 190 558 590 558 590 559 190 559 189 559 590 560 189 560 591 560 591 561 189 561 188 561 591 562 188 562 592 562 592 563 188 563 164 563 592 564 164 564 593 564 593 565 164 565 163 565 593 566 163 566 529 566 529 567 163 567 162 567 529 568 162 568 530 568 530 569 162 569 154 569 530 570 154 570 532 570 532 571 154 571 153 571 532 572 153 572 571 572 571 573 153 573 197 573 571 574 197 574 572 574 572 575 197 575 196 575 568 512 221 512 569 512 569 511 221 511 223 511 569 514 223 514 570 514 570 513 223 513 206 513 570 515 206 515 465 515 465 516 206 516 205 516 465 518 205 518 466 518 466 517 205 517 204 517 466 519 204 519 467 519 467 520 204 520 184 520 467 522 184 522 491 522 491 521 184 521 183 521 491 523 183 523 492 523 492 523 183 523 193 523 492 576 193 576 493 576 493 577 193 577 192 577 493 526 192 526 478 526 478 527 192 527 191 527 478 578 191 578 477 578 477 579 191 579 182 579 477 580 182 580 476 580 476 531 182 531 181 531 476 533 181 533 494 533 494 533 181 533 180 533 494 534 180 534 495 534 495 581 180 581 177 581 495 535 177 535 496 535 496 582 177 582 176 582 496 537 176 537 501 537 501 537 176 537 175 537 501 538 175 538 502 538 502 538 175 538 157 538 502 540 157 540 483 540 483 583 157 583 156 583 483 541 156 541 482 541 482 541 156 541 174 541 482 542 174 542 481 542 481 543 174 543 173 543 481 584 173 584 448 584 448 544 173 544 179 544 448 546 179 546 557 546 557 546 179 546 178 546 557 547 178 547 574 547 574 547 178 547 172 547 574 585 172 585 575 585 575 549 172 549 170 549 575 586 170 586 576 586 576 551 170 551 169 551 576 552 169 552 577 552 577 587 169 587 203 587 577 554 203 554 578 554 578 588 203 588 202 588 578 589 202 589 528 589 528 590 202 590 201 590 528 558 201 558 526 558 526 559 201 559 209 559 526 591 209 591 460 591 460 592 209 592 208 592 460 562 208 562 457 562 457 563 208 563 207 563 457 593 207 593 458 593 458 594 207 594 161 594 458 566 161 566 506 566 506 567 161 567 160 567 506 569 160 569 505 569 505 568 160 568 159 568 505 570 159 570 486 570 486 571 159 571 151 571 486 573 151 573 546 573 546 572 151 572 150 572 546 595 150 595 568 595 568 596 150 596 221 596 580 597 38 597 558 597 558 598 38 598 36 598 558 599 36 599 559 599 559 600 36 600 35 600 559 601 35 601 449 601 449 602 35 602 5 602 449 603 5 603 450 603 450 604 5 604 4 604 450 519 4 519 451 519 451 520 4 520 3 520 451 605 3 605 452 605 452 606 3 606 1 606 452 607 1 607 453 607 453 608 1 608 0 608 453 576 0 576 479 576 479 577 0 577 25 577 479 526 25 526 480 526 480 527 25 527 47 527 480 578 47 578 468 578 468 579 47 579 46 579 468 580 46 580 469 580 469 531 46 531 45 531 469 609 45 609 470 609 470 610 45 610 44 610 470 611 44 611 455 611 455 612 44 612 52 612 455 535 52 535 456 535 456 582 52 582 51 582 456 613 51 613 471 613 471 614 51 614 33 614 471 615 33 615 472 615 472 616 33 616 32 616 472 617 32 617 473 617 473 618 32 618 75 618 473 619 75 619 474 619 474 619 75 619 74 619 474 620 74 620 475 620 475 620 74 620 73 620 475 621 73 621 489 621 489 622 73 622 66 622 489 623 66 623 490 623 490 624 66 624 65 624 490 625 65 625 464 625 464 626 65 626 64 626 464 627 64 627 463 627 463 628 64 628 22 628 463 629 22 629 461 629 461 630 22 630 21 630 461 631 21 631 507 631 507 632 21 632 19 632 507 554 19 554 508 554 508 588 19 588 18 588 508 589 18 589 509 589 509 590 18 590 43 590 509 558 43 558 512 558 512 559 43 559 42 559 512 591 42 591 514 591 514 592 42 592 41 592 514 633 41 633 515 633 515 634 41 634 17 634 515 635 17 635 536 635 536 636 17 636 16 636 536 637 16 637 535 637 535 638 16 638 15 638 535 639 15 639 518 639 518 640 15 640 14 640 518 641 14 641 549 641 549 642 14 642 40 642 549 643 40 643 579 643 579 644 40 644 39 644 579 645 39 645 580 645 580 646 39 646 38 646 563 598 72 598 564 598 564 597 72 597 71 597 564 600 71 600 565 600 565 599 71 599 70 599 565 601 70 601 540 601 540 602 70 602 63 602 540 647 63 647 541 647 541 648 63 648 62 648 541 519 62 519 542 519 542 520 62 520 61 520 542 606 61 606 566 606 566 605 61 605 60 605 566 607 60 607 567 607 567 608 60 608 59 608 567 524 59 524 531 524 531 525 59 525 58 525 531 526 58 526 588 526 588 527 58 527 57 527 588 528 57 528 550 528 550 529 57 529 56 529 550 530 56 530 551 530 551 531 56 531 54 531 551 649 54 649 516 649 516 610 54 610 53 610 516 611 53 611 517 611 517 611 53 611 50 611 517 535 50 535 519 535 519 536 50 536 49 536 519 613 49 613 520 613 520 614 49 614 48 614 520 615 48 615 533 615 533 650 48 650 69 650 533 617 69 617 534 617 534 617 69 617 68 617 534 619 68 619 513 619 513 619 68 619 67 619 513 620 67 620 511 620 511 620 67 620 27 620 511 622 27 622 510 622 510 622 27 622 26 622 510 651 26 651 497 651 497 624 26 624 24 624 497 625 24 625 498 625 498 626 24 626 23 626 498 652 23 652 499 652 499 628 23 628 31 628 499 630 31 630 500 630 500 630 31 630 2 630 500 631 2 631 521 631 521 653 2 653 37 653 521 554 37 554 522 554 522 555 37 555 30 555 522 556 30 556 523 556 523 557 30 557 29 557 523 558 29 558 524 558 524 559 29 559 28 559 524 560 28 560 525 560 525 561 28 561 13 561 525 633 13 633 537 633 537 634 13 634 12 634 537 636 12 636 538 636 538 635 12 635 11 635 538 637 11 637 539 637 539 638 11 638 10 638 539 654 10 654 560 654 560 655 10 655 9 655 560 641 9 641 561 641 561 642 9 642 7 642 561 644 7 644 562 644 562 643 7 643 6 643 562 646 6 646 563 646 563 645 6 645 72 645 339 656 229 656 340 656 340 656 229 656 227 656 340 657 227 657 341 657 341 658 227 658 226 658 341 659 226 659 342 659 342 659 226 659 236 659 342 660 236 660 303 660 303 661 236 661 235 661 303 662 235 662 304 662 304 663 235 663 234 663 304 664 234 664 323 664 323 665 234 665 233 665 323 666 233 666 324 666 324 667 233 667 248 667 324 668 248 668 325 668 325 669 248 669 247 669 325 670 247 670 333 670 333 671 247 671 245 671 333 672 245 672 332 672 332 673 245 673 246 673 332 674 246 674 331 674 331 675 246 675 266 675 331 676 266 676 343 676 343 676 266 676 265 676 343 677 265 677 344 677 344 678 265 678 264 678 344 679 264 679 345 679 345 680 264 680 263 680 345 681 263 681 355 681 355 682 263 682 262 682 355 683 262 683 356 683 356 684 262 684 253 684 356 685 253 685 357 685 357 686 253 686 252 686 357 687 252 687 328 687 328 687 252 687 297 687 328 688 297 688 359 688 359 688 297 688 239 688 359 689 239 689 445 689 445 690 239 690 244 690 445 691 244 691 352 691 352 692 244 692 243 692 352 693 243 693 351 693 351 694 243 694 242 694 351 695 242 695 349 695 349 696 242 696 241 696 349 697 241 697 407 697 407 698 241 698 240 698 407 699 240 699 408 699 408 700 240 700 259 700 408 701 259 701 409 701 409 702 259 702 258 702 409 703 258 703 440 703 440 704 258 704 257 704 440 705 257 705 441 705 441 706 257 706 256 706 441 707 256 707 442 707 442 708 256 708 255 708 442 709 255 709 353 709 353 710 255 710 254 710 353 711 254 711 354 711 354 712 254 712 251 712 354 713 251 713 376 713 376 714 251 714 250 714 376 715 250 715 377 715 377 716 250 716 249 716 377 717 249 717 337 717 337 718 249 718 232 718 337 719 232 719 338 719 338 720 232 720 231 720 338 721 231 721 339 721 339 721 231 721 229 721 420 722 96 722 421 722 421 722 96 722 140 722 421 723 140 723 400 723 400 724 140 724 141 724 400 725 141 725 401 725 401 726 141 726 94 726 401 727 94 727 403 727 403 728 94 728 93 728 403 729 93 729 415 729 415 730 93 730 121 730 415 731 121 731 358 731 358 732 121 732 107 732 358 733 107 733 423 733 423 733 107 733 106 733 423 734 106 734 424 734 424 734 106 734 105 734 424 735 105 735 426 735 426 736 105 736 104 736 426 737 104 737 406 737 406 738 104 738 101 738 406 739 101 739 360 739 360 739 101 739 102 739 360 676 102 676 361 676 361 676 102 676 103 676 361 740 103 740 362 740 362 741 103 741 126 741 362 742 126 742 309 742 309 743 126 743 125 743 309 744 125 744 310 744 310 745 125 745 100 745 310 746 100 746 329 746 329 684 100 684 99 684 329 747 99 747 330 747 330 748 99 748 149 748 330 749 149 749 301 749 301 749 149 749 148 749 301 688 148 688 302 688 302 750 148 750 147 750 302 751 147 751 306 751 306 752 147 752 137 752 306 753 137 753 307 753 307 692 137 692 136 692 307 754 136 754 308 754 308 755 136 755 135 755 308 756 135 756 334 756 334 696 135 696 132 696 334 757 132 757 335 757 335 758 132 758 131 758 335 699 131 699 336 699 336 699 131 699 130 699 336 759 130 759 363 759 363 759 130 759 120 759 363 760 120 760 364 760 364 761 120 761 119 761 364 762 119 762 365 762 365 763 119 763 118 763 365 764 118 764 383 764 383 764 118 764 117 764 383 765 117 765 347 765 347 765 117 765 116 765 347 766 116 766 348 766 348 767 116 767 115 767 348 768 115 768 397 768 397 769 115 769 114 769 397 770 114 770 398 770 398 716 114 716 90 716 398 771 90 771 399 771 399 772 90 772 91 772 399 773 91 773 419 773 419 774 91 774 92 774 419 775 92 775 420 775 420 721 92 721 96 721 435 722 86 722 350 722 350 722 86 722 85 722 350 776 85 776 410 776 410 776 85 776 83 776 410 659 83 659 411 659 411 777 83 777 82 777 411 727 82 727 412 727 412 728 82 728 113 728 412 778 113 778 436 778 436 779 113 779 112 779 436 780 112 780 437 780 437 781 112 781 111 781 437 666 111 666 438 666 438 667 111 667 146 667 438 782 146 782 443 782 443 783 146 783 145 783 443 735 145 735 444 735 444 736 145 736 134 736 444 784 134 784 446 784 446 784 134 784 133 784 446 785 133 785 447 785 447 786 133 786 144 786 447 676 144 676 432 676 432 676 144 676 143 676 432 787 143 787 433 787 433 788 143 788 142 788 433 742 142 742 439 742 439 743 142 743 110 743 439 789 110 789 413 789 413 790 110 790 109 790 413 746 109 746 414 746 414 684 109 684 108 684 414 791 108 791 402 791 402 791 108 791 95 791 402 749 95 749 346 749 346 749 95 749 139 749 346 688 139 688 382 688 382 750 139 750 138 750 382 792 138 792 366 792 366 792 138 792 129 792 366 753 129 753 367 753 367 692 129 692 128 692 367 693 128 693 368 693 368 793 128 793 127 793 368 756 127 756 369 756 369 696 127 696 124 696 369 794 124 794 370 794 370 795 124 795 123 795 370 699 123 699 371 699 371 699 123 699 122 699 371 701 122 701 372 701 372 796 122 796 97 796 372 797 97 797 320 797 320 797 97 797 98 797 320 762 98 762 321 762 321 763 98 763 89 763 321 798 89 798 373 798 373 708 89 708 88 708 373 799 88 799 374 799 374 710 88 710 87 710 374 800 87 800 375 800 375 801 87 801 81 801 375 713 81 713 384 713 384 802 81 802 80 802 384 770 80 770 385 770 385 716 80 716 79 716 385 717 79 717 386 717 386 803 79 803 77 803 386 804 77 804 434 804 434 804 77 804 76 804 434 775 76 775 435 775 435 721 76 721 86 721 430 656 298 656 431 656 431 656 298 656 296 656 431 805 296 805 390 805 390 806 296 806 295 806 390 725 295 725 391 725 391 807 295 807 294 807 391 660 294 660 392 660 392 661 294 661 293 661 392 808 293 808 393 808 393 809 293 809 292 809 393 810 292 810 394 810 394 811 292 811 291 811 394 733 291 733 416 733 416 733 291 733 290 733 416 812 290 812 417 812 417 813 290 813 289 813 417 670 289 670 418 670 418 671 289 671 288 671 418 814 288 814 378 814 378 815 288 815 287 815 378 816 287 816 379 816 379 817 287 817 286 817 379 676 286 676 395 676 395 676 286 676 272 676 395 818 272 818 396 818 396 819 272 819 271 819 396 679 271 679 312 679 312 680 271 680 270 680 312 820 270 820 313 820 313 821 270 821 267 821 313 683 267 683 315 683 315 684 267 684 268 684 315 822 268 822 316 822 316 823 268 823 269 823 316 687 269 687 318 687 318 687 269 687 285 687 318 688 285 688 319 688 319 688 285 688 284 688 319 824 284 824 317 824 317 825 284 825 283 825 317 691 283 691 311 691 311 692 283 692 282 692 311 754 282 754 422 754 422 826 282 826 281 826 422 695 281 695 404 695 404 696 281 696 280 696 404 827 280 827 405 827 405 828 280 828 279 828 405 699 279 699 428 699 428 700 279 700 278 700 428 759 278 759 427 759 427 829 278 829 277 829 427 830 277 830 425 830 425 831 277 831 276 831 425 705 276 705 380 705 380 706 276 706 275 706 380 832 275 832 381 832 381 764 275 764 274 764 381 833 274 833 326 833 326 765 274 765 273 765 326 834 273 834 327 834 327 835 273 835 261 835 327 768 261 768 387 768 387 836 261 836 260 836 387 715 260 715 388 715 388 716 260 716 238 716 388 771 238 771 389 771 389 837 238 837 237 837 389 838 237 838 429 838 429 839 237 839 299 839 429 721 299 721 430 721 430 721 299 721 298 721</p>
        </triangles>
      </mesh>
    </geometry>
    <geometry id="MMO_700_dual_-_bracket-1-mesh" name="MMO_700_dual - bracket-1">
      <mesh>
        <source id="MMO_700_dual_-_bracket-1-mesh-positions">
          <float_array id="MMO_700_dual_-_bracket-1-mesh-positions-array" count="2118">0.2788462 0.55911 0.8385834 0.2791409 0.55911 0.8379515 0.2860691 0.55911 0.7969515 0.2795408 0.55911 0.8373804 0.2800338 0.55911 0.8368873 0.280605 0.55911 0.8364874 0.2832996 0.55911 0.7910123 0.2839731 0.55911 0.7911927 0.295105 0.55911 0.7789515 0.284605 0.55911 0.7914874 0.2851762 0.55911 0.7918874 0.2856692 0.55911 0.7923803 0.2860691 0.55911 0.7929515 0.2863638 0.55911 0.7935834 0.284605 0.55911 0.8364874 0.2851762 0.55911 0.8368873 0.2856692 0.55911 0.8373804 0.2860691 0.55911 0.8379515 0.2865442 0.55911 0.8406461 0.2863638 0.55911 0.8413196 0.295105 0.55911 0.8569515 0.2860691 0.55911 0.8419515 0.2856692 0.55911 0.8425226 0.2851762 0.55911 0.7980157 0.284605 0.55911 0.7984156 0.2786658 0.55911 0.8392569 0.2839731 0.55911 0.7987103 0.2832996 0.55911 0.7988907 0.2865442 0.55911 0.7942569 0.286605 0.55911 0.7949515 0.2865442 0.55911 0.7956461 0.2856692 0.55911 0.7975227 0.2812369 0.55911 0.8437103 0.280605 0.55911 0.8434156 0.262605 0.55911 0.8569515 0.2812369 0.55911 0.8361927 0.2819104 0.55911 0.8360123 0.2863638 0.55911 0.7963196 0.282605 0.55911 0.8359515 0.2832996 0.55911 0.8360123 0.2839731 0.55911 0.8361927 0.2863638 0.55911 0.8385834 0.2865442 0.55911 0.8392569 0.286605 0.55911 0.8399515 0.2791409 0.55911 0.8419515 0.2788462 0.55911 0.8413196 0.2786658 0.55911 0.8406461 0.278605 0.55911 0.8399515 0.280605 0.55911 0.7984156 0.2800338 0.55911 0.7980157 0.2795408 0.55911 0.7975227 0.2800338 0.55911 0.8430157 0.2795408 0.55911 0.8425226 0.2791409 0.55911 0.7969515 0.2788462 0.55911 0.7963196 0.262605 0.55911 0.7789515 0.2786658 0.55911 0.7956461 0.278605 0.55911 0.7949515 0.2786658 0.55911 0.7942569 0.2788462 0.55911 0.7935834 0.2791409 0.55911 0.7929515 0.2795408 0.55911 0.7923803 0.2800338 0.55911 0.7918874 0.280605 0.55911 0.7914874 0.2851762 0.55911 0.8430157 0.284605 0.55911 0.8434156 0.2839731 0.55911 0.8437103 0.282605 0.55911 0.7989515 0.2819104 0.55911 0.7988907 0.2812369 0.55911 0.7987103 0.2812369 0.55911 0.7911927 0.2819104 0.55911 0.7910123 0.282605 0.55911 0.7909515 0.2832996 0.55911 0.8438907 0.282605 0.55911 0.8439515 0.2819104 0.55911 0.8438907 0.2832996 0.6250492 0.7789515 0.2839731 0.6248688 0.7789515 0.295105 0.63711 0.7789515 0.284605 0.6245741 0.7789515 0.2851762 0.6241742 0.7789515 0.2856692 0.6236811 0.7789515 0.280605 0.6245741 0.7789515 0.2812369 0.6248688 0.7789515 0.262605 0.63711 0.7789515 0.2819104 0.6250492 0.7789515 0.282605 0.62511 0.7789515 0.2860691 0.62311 0.7789515 0.2863638 0.6224781 0.7789515 0.2865442 0.6218046 0.7789515 0.284605 0.5795741 0.7789515 0.2839731 0.5798687 0.7789515 0.2832996 0.5800492 0.7789515 0.2800338 0.5791742 0.7789515 0.280605 0.5795741 0.7789515 0.2819104 0.6171708 0.7789515 0.282605 0.58011 0.7789515 0.2865442 0.6204154 0.7789515 0.286605 0.62111 0.7789515 0.2812369 0.5723512 0.7789515 0.280605 0.5726459 0.7789515 0.2786658 0.5754154 0.7789515 0.2788462 0.5747419 0.7789515 0.2791409 0.57411 0.7789515 0.278605 0.57611 0.7789515 0.2786658 0.5768046 0.7789515 0.2788462 0.5774781 0.7789515 0.2791409 0.57811 0.7789515 0.2812369 0.6173512 0.7789515 0.280605 0.6176459 0.7789515 0.2800338 0.6180458 0.7789515 0.2791409 0.62311 0.7789515 0.2795408 0.6236811 0.7789515 0.2800338 0.6241742 0.7789515 0.2851762 0.5791742 0.7789515 0.2856692 0.5786812 0.7789515 0.2860691 0.57811 0.7789515 0.2863638 0.5774781 0.7789515 0.2865442 0.5768046 0.7789515 0.286605 0.57611 0.7789515 0.2865442 0.5754154 0.7789515 0.2795408 0.5786812 0.7789515 0.2863638 0.6197419 0.7789515 0.2860691 0.61911 0.7789515 0.2856692 0.6185389 0.7789515 0.2800338 0.5730458 0.7789515 0.2795408 0.5735388 0.7789515 0.2851762 0.6180458 0.7789515 0.284605 0.6176459 0.7789515 0.2839731 0.6173512 0.7789515 0.2863638 0.5747419 0.7789515 0.2860691 0.57411 0.7789515 0.2856692 0.5735388 0.7789515 0.2786658 0.6204154 0.7789515 0.278605 0.62111 0.7789515 0.2851762 0.5730458 0.7789515 0.284605 0.5726459 0.7789515 0.2839731 0.5723512 0.7789515 0.2832996 0.6171708 0.7789515 0.282605 0.61711 0.7789515 0.2819104 0.5800492 0.7789515 0.2812369 0.5798687 0.7789515 0.2795408 0.6185389 0.7789515 0.2791409 0.61911 0.7789515 0.2788462 0.6197419 0.7789515 0.2786658 0.6218046 0.7789515 0.2788462 0.6224781 0.7789515 0.2832996 0.5721707 0.7789515 0.282605 0.57211 0.7789515 0.2819104 0.5721707 0.7789515 0.2382996 0.55911 0.8360123 0.238973 0.55911 0.8361927 0.2382996 0.55911 0.7988907 0.238973 0.55911 0.7911927 0.239605 0.55911 0.7914874 0.257605 0.55911 0.7789515 0.2369104 0.55911 0.8438907 0.2362369 0.55911 0.8437103 0.225105 0.55911 0.8569515 0.239605 0.55911 0.8364874 0.2401762 0.55911 0.8368873 0.2406691 0.55911 0.8373804 0.2401762 0.55911 0.7918874 0.2406691 0.55911 0.7923803 0.2410691 0.55911 0.7929515 0.2406691 0.55911 0.7975227 0.2401762 0.55911 0.7980157 0.239605 0.55911 0.7984156 0.238973 0.55911 0.7987103 0.2410691 0.55911 0.8419515 0.2406691 0.55911 0.8425226 0.257605 0.55911 0.8569515 0.2401762 0.55911 0.8430157 0.2382996 0.55911 0.8438907 0.237605 0.55911 0.8439515 0.235605 0.55911 0.8434156 0.2350338 0.55911 0.8430157 0.2345408 0.55911 0.8425226 0.239605 0.55911 0.8434156 0.238973 0.55911 0.8437103 0.2341409 0.55911 0.8419515 0.2338462 0.55911 0.8413196 0.2336657 0.55911 0.8406461 0.2341409 0.55911 0.8379515 0.2345408 0.55911 0.8373804 0.225105 0.55911 0.7789515 0.233605 0.55911 0.7949515 0.2336657 0.55911 0.7942569 0.2413638 0.55911 0.7935834 0.2415442 0.55911 0.7942569 0.241605 0.55911 0.7949515 0.233605 0.55911 0.8399515 0.2336657 0.55911 0.8392569 0.2338462 0.55911 0.8385834 0.2362369 0.55911 0.7911927 0.2369104 0.55911 0.7910123 0.237605 0.55911 0.7909515 0.2382996 0.55911 0.7910123 0.2415442 0.55911 0.7956461 0.2413638 0.55911 0.7963196 0.2410691 0.55911 0.7969515 0.241605 0.55911 0.8399515 0.2415442 0.55911 0.8406461 0.2413638 0.55911 0.8413196 0.2350338 0.55911 0.8368873 0.235605 0.55911 0.8364874 0.2362369 0.55911 0.8361927 0.2410691 0.55911 0.8379515 0.2413638 0.55911 0.8385834 0.2415442 0.55911 0.8392569 0.235605 0.55911 0.7984156 0.2350338 0.55911 0.7980157 0.2345408 0.55911 0.7975227 0.2341409 0.55911 0.7969515 0.2338462 0.55911 0.7963196 0.2336657 0.55911 0.7956461 0.2338462 0.55911 0.7935834 0.2341409 0.55911 0.7929515 0.2345408 0.55911 0.7923803 0.2350338 0.55911 0.7918874 0.235605 0.55911 0.7914874 0.237605 0.55911 0.8359515 0.237605 0.55911 0.7989515 0.2369104 0.55911 0.8360123 0.2369104 0.55911 0.7988907 0.2362369 0.55911 0.7987103 0.2362369 0.6248688 0.7789515 0.2369104 0.6250492 0.7789515 0.225105 0.63711 0.7789515 0.237605 0.62511 0.7789515 0.257605 0.63711 0.7789515 0.2382996 0.6250492 0.7789515 0.238973 0.6248688 0.7789515 0.2341409 0.62311 0.7789515 0.2345408 0.6236811 0.7789515 0.2350338 0.6241742 0.7789515 0.235605 0.6245741 0.7789515 0.238973 0.5798687 0.7789515 0.239605 0.5795741 0.7789515 0.2382996 0.6171708 0.7789515 0.2410691 0.61911 0.7789515 0.2406691 0.6185389 0.7789515 0.2401762 0.6180458 0.7789515 0.239605 0.6176459 0.7789515 0.238973 0.6173512 0.7789515 0.233605 0.62111 0.7789515 0.2336657 0.6204154 0.7789515 0.2336657 0.6218046 0.7789515 0.2338462 0.6224781 0.7789515 0.239605 0.6245741 0.7789515 0.2401762 0.6241742 0.7789515 0.2406691 0.6236811 0.7789515 0.2369104 0.6171708 0.7789515 0.2362369 0.6173512 0.7789515 0.2410691 0.62311 0.7789515 0.2413638 0.6224781 0.7789515 0.2415442 0.6218046 0.7789515 0.241605 0.62111 0.7789515 0.2415442 0.6204154 0.7789515 0.2413638 0.6197419 0.7789515 0.2401762 0.5791742 0.7789515 0.2406691 0.5786812 0.7789515 0.235605 0.6176459 0.7789515 0.2350338 0.6180458 0.7789515 0.2345408 0.6185389 0.7789515 0.2341409 0.61911 0.7789515 0.2338462 0.6197419 0.7789515 0.235605 0.5726459 0.7789515 0.2362369 0.5723512 0.7789515 0.2369104 0.5721707 0.7789515 0.2350338 0.5730458 0.7789515 0.2345408 0.5735388 0.7789515 0.2341409 0.57411 0.7789515 0.2410691 0.57811 0.7789515 0.2413638 0.5774781 0.7789515 0.2415442 0.5768046 0.7789515 0.241605 0.57611 0.7789515 0.2415442 0.5754154 0.7789515 0.2413638 0.5747419 0.7789515 0.2410691 0.57411 0.7789515 0.2406691 0.5735388 0.7789515 0.2401762 0.5730458 0.7789515 0.239605 0.5726459 0.7789515 0.238973 0.5723512 0.7789515 0.2382996 0.5721707 0.7789515 0.237605 0.57211 0.7789515 0.2338462 0.5747419 0.7789515 0.2336657 0.5754154 0.7789515 0.233605 0.57611 0.7789515 0.2336657 0.5768046 0.7789515 0.2338462 0.5774781 0.7789515 0.2341409 0.57811 0.7789515 0.2345408 0.5786812 0.7789515 0.2350338 0.5791742 0.7789515 0.235605 0.5795741 0.7789515 0.2362369 0.5798687 0.7789515 0.2369104 0.5800492 0.7789515 0.237605 0.61711 0.7789515 0.237605 0.58011 0.7789515 0.2382996 0.5800492 0.7789515 0.300105 0.54711 0.7669515 0.282605 0.57211 0.7669515 0.2832996 0.5721707 0.7669515 0.2350338 0.6241742 0.7669515 0.2345408 0.6236811 0.7669515 0.220105 0.63711 0.7669515 0.2839731 0.5723512 0.7669515 0.284605 0.5726459 0.7669515 0.2851762 0.5730458 0.7669515 0.2800338 0.5730458 0.7669515 0.280605 0.5726459 0.7669515 0.239605 0.5726459 0.7669515 0.2350338 0.5730458 0.7669515 0.235605 0.5726459 0.7669515 0.220105 0.54711 0.7669515 0.2362369 0.5723512 0.7669515 0.2369104 0.5721707 0.7669515 0.238973 0.5723512 0.7669515 0.237605 0.57211 0.7669515 0.2382996 0.5721707 0.7669515 0.286605 0.62111 0.7669515 0.2865442 0.6218046 0.7669515 0.300105 0.63711 0.7669515 0.2341409 0.62311 0.7669515 0.2338462 0.6224781 0.7669515 0.2336657 0.6218046 0.7669515 0.2410691 0.57811 0.7669515 0.2406691 0.5786812 0.7669515 0.237605 0.61711 0.7669515 0.2812369 0.5723512 0.7669515 0.2819104 0.5721707 0.7669515 0.2338462 0.6197419 0.7669515 0.2336657 0.6204154 0.7669515 0.233605 0.62111 0.7669515 0.2856692 0.5735388 0.7669515 0.2860691 0.57411 0.7669515 0.2863638 0.5747419 0.7669515 0.238973 0.6248688 0.7669515 0.2382996 0.6250492 0.7669515 0.237605 0.62511 0.7669515 0.2369104 0.6250492 0.7669515 0.2362369 0.6248688 0.7669515 0.235605 0.6245741 0.7669515 0.2341409 0.61911 0.7669515 0.2345408 0.6185389 0.7669515 0.2350338 0.6180458 0.7669515 0.282605 0.61711 0.7669515 0.2860691 0.57811 0.7669515 0.2856692 0.5786812 0.7669515 0.2406691 0.6185389 0.7669515 0.2819104 0.6250492 0.7669515 0.2401762 0.6180458 0.7669515 0.239605 0.6176459 0.7669515 0.2410691 0.62311 0.7669515 0.2406691 0.6236811 0.7669515 0.235605 0.6176459 0.7669515 0.2362369 0.6173512 0.7669515 0.2369104 0.6171708 0.7669515 0.2791409 0.57811 0.7669515 0.2382996 0.6171708 0.7669515 0.2788462 0.5747419 0.7669515 0.2791409 0.57411 0.7669515 0.2795408 0.5735388 0.7669515 0.2865442 0.5754154 0.7669515 0.286605 0.57611 0.7669515 0.2865442 0.5768046 0.7669515 0.2839731 0.6173512 0.7669515 0.284605 0.6176459 0.7669515 0.2851762 0.6180458 0.7669515 0.2856692 0.6185389 0.7669515 0.2860691 0.61911 0.7669515 0.2863638 0.6197419 0.7669515 0.2865442 0.6204154 0.7669515 0.2863638 0.6224781 0.7669515 0.2860691 0.62311 0.7669515 0.2856692 0.6236811 0.7669515 0.2401762 0.6241742 0.7669515 0.239605 0.6245741 0.7669515 0.2336657 0.5754154 0.7669515 0.2338462 0.5747419 0.7669515 0.2415442 0.5768046 0.7669515 0.2413638 0.5774781 0.7669515 0.2832996 0.6171708 0.7669515 0.2863638 0.5774781 0.7669515 0.2851762 0.6241742 0.7669515 0.284605 0.6245741 0.7669515 0.2839731 0.6248688 0.7669515 0.2401762 0.5791742 0.7669515 0.239605 0.5795741 0.7669515 0.238973 0.5798687 0.7669515 0.2362369 0.5798687 0.7669515 0.235605 0.5795741 0.7669515 0.2350338 0.5791742 0.7669515 0.2345408 0.5786812 0.7669515 0.2341409 0.57811 0.7669515 0.2341409 0.57411 0.7669515 0.2345408 0.5735388 0.7669515 0.2851762 0.5791742 0.7669515 0.284605 0.5795741 0.7669515 0.2839731 0.5798687 0.7669515 0.2812369 0.5798687 0.7669515 0.280605 0.5795741 0.7669515 0.2819104 0.6171708 0.7669515 0.2800338 0.5791742 0.7669515 0.2406691 0.5735388 0.7669515 0.2410691 0.57411 0.7669515 0.2786658 0.5754154 0.7669515 0.2410691 0.61911 0.7669515 0.2413638 0.6197419 0.7669515 0.2415442 0.6204154 0.7669515 0.2812369 0.6248688 0.7669515 0.280605 0.6245741 0.7669515 0.2800338 0.6241742 0.7669515 0.280605 0.6176459 0.7669515 0.2812369 0.6173512 0.7669515 0.2795408 0.5786812 0.7669515 0.2338462 0.5774781 0.7669515 0.2336657 0.5768046 0.7669515 0.233605 0.57611 0.7669515 0.2832996 0.5800492 0.7669515 0.282605 0.58011 0.7669515 0.2819104 0.5800492 0.7669515 0.2401762 0.5730458 0.7669515 0.2788462 0.5774781 0.7669515 0.2786658 0.5768046 0.7669515 0.241605 0.57611 0.7669515 0.278605 0.57611 0.7669515 0.2415442 0.5754154 0.7669515 0.2413638 0.5747419 0.7669515 0.2382996 0.5800492 0.7669515 0.237605 0.58011 0.7669515 0.2369104 0.5800492 0.7669515 0.2791409 0.61911 0.7669515 0.2795408 0.6185389 0.7669515 0.2832996 0.6250492 0.7669515 0.282605 0.62511 0.7669515 0.2795408 0.6236811 0.7669515 0.2791409 0.62311 0.7669515 0.2788462 0.6224781 0.7669515 0.2800338 0.6180458 0.7669515 0.241605 0.62111 0.7669515 0.2415442 0.6218046 0.7669515 0.2413638 0.6224781 0.7669515 0.2786658 0.6218046 0.7669515 0.278605 0.62111 0.7669515 0.238973 0.6173512 0.7669515 0.2786658 0.6204154 0.7669515 0.2788462 0.6197419 0.7669515 0.238973 0.54711 0.8437103 0.280605 0.54711 0.8364874 0.2800338 0.54711 0.8368873 0.2795408 0.54711 0.8373804 0.2791409 0.54711 0.8379515 0.2788462 0.54711 0.8385834 0.220105 0.54711 0.8569515 0.2795408 0.54711 0.8425226 0.2800338 0.54711 0.8430157 0.2410691 0.54711 0.8379515 0.2406691 0.54711 0.8373804 0.237605 0.54711 0.7989515 0.2413638 0.54711 0.8385834 0.2860691 0.54711 0.8419515 0.300105 0.54711 0.8569515 0.2856692 0.54711 0.8425226 0.2851762 0.54711 0.8430157 0.235605 0.54711 0.8364874 0.2350338 0.54711 0.8368873 0.2345408 0.54711 0.8373804 0.2786658 0.54711 0.8406461 0.2788462 0.54711 0.8413196 0.2791409 0.54711 0.8419515 0.280605 0.54711 0.8434156 0.2812369 0.54711 0.8437103 0.2819104 0.54711 0.8438907 0.282605 0.54711 0.8439515 0.2832996 0.54711 0.8438907 0.2338462 0.54711 0.8413196 0.2336657 0.54711 0.8406461 0.233605 0.54711 0.8399515 0.2786658 0.54711 0.8392569 0.278605 0.54711 0.8399515 0.2382996 0.54711 0.8438907 0.237605 0.54711 0.8439515 0.2369104 0.54711 0.8438907 0.2341409 0.54711 0.7969515 0.2345408 0.54711 0.7975227 0.238973 0.54711 0.8361927 0.2350338 0.54711 0.7980157 0.235605 0.54711 0.7984156 0.2839731 0.54711 0.8437103 0.284605 0.54711 0.8434156 0.2341409 0.54711 0.8379515 0.2338462 0.54711 0.8385834 0.2336657 0.54711 0.8392569 0.2341409 0.54711 0.8419515 0.2345408 0.54711 0.8425226 0.2350338 0.54711 0.8430157 0.284605 0.54711 0.7984156 0.2851762 0.54711 0.7980157 0.2856692 0.54711 0.7975227 0.2860691 0.54711 0.7969515 0.235605 0.54711 0.8434156 0.2362369 0.54711 0.8437103 0.2362369 0.54711 0.7987103 0.2369104 0.54711 0.7988907 0.239605 0.54711 0.8364874 0.2401762 0.54711 0.8368873 0.2863638 0.54711 0.8413196 0.2865442 0.54711 0.8406461 0.286605 0.54711 0.8399515 0.2839731 0.54711 0.7987103 0.2832996 0.54711 0.7988907 0.2865442 0.54711 0.8392569 0.282605 0.54711 0.7989515 0.2863638 0.54711 0.8385834 0.2860691 0.54711 0.8379515 0.2791409 0.54711 0.7969515 0.2795408 0.54711 0.7975227 0.284605 0.54711 0.8364874 0.2800338 0.54711 0.7980157 0.280605 0.54711 0.7984156 0.2863638 0.54711 0.7963196 0.2865442 0.54711 0.7956461 0.286605 0.54711 0.7949515 0.2865442 0.54711 0.7942569 0.2863638 0.54711 0.7935834 0.2415442 0.54711 0.8392569 0.2382996 0.54711 0.7988907 0.241605 0.54711 0.8399515 0.2401762 0.54711 0.7918874 0.239605 0.54711 0.7914874 0.2786658 0.54711 0.7942569 0.238973 0.54711 0.7911927 0.2812369 0.54711 0.7987103 0.2819104 0.54711 0.7988907 0.2851762 0.54711 0.8368873 0.2856692 0.54711 0.8373804 0.2860691 0.54711 0.7929515 0.2856692 0.54711 0.7923803 0.2851762 0.54711 0.7918874 0.280605 0.54711 0.7914874 0.2800338 0.54711 0.7918874 0.2795408 0.54711 0.7923803 0.2350338 0.54711 0.7918874 0.235605 0.54711 0.7914874 0.2362369 0.54711 0.7911927 0.2382996 0.54711 0.8360123 0.2336657 0.54711 0.7956461 0.2338462 0.54711 0.7963196 0.2839731 0.54711 0.8361927 0.2786658 0.54711 0.7956461 0.2788462 0.54711 0.7963196 0.2345408 0.54711 0.7923803 0.2341409 0.54711 0.7929515 0.2338462 0.54711 0.7935834 0.2336657 0.54711 0.7942569 0.233605 0.54711 0.7949515 0.239605 0.54711 0.8434156 0.2819104 0.54711 0.8360123 0.2812369 0.54711 0.8361927 0.284605 0.54711 0.7914874 0.2839731 0.54711 0.7911927 0.2832996 0.54711 0.7910123 0.282605 0.54711 0.7909515 0.2819104 0.54711 0.7910123 0.2812369 0.54711 0.7911927 0.2791409 0.54711 0.7929515 0.2788462 0.54711 0.7935834 0.237605 0.54711 0.8359515 0.2369104 0.54711 0.8360123 0.2362369 0.54711 0.8361927 0.2382996 0.54711 0.7910123 0.237605 0.54711 0.7909515 0.2369104 0.54711 0.7910123 0.2401762 0.54711 0.8430157 0.2406691 0.54711 0.8425226 0.2410691 0.54711 0.8419515 0.2413638 0.54711 0.8413196 0.2415442 0.54711 0.8406461 0.2832996 0.54711 0.8360123 0.282605 0.54711 0.8359515 0.2410691 0.54711 0.7969515 0.238973 0.54711 0.7987103 0.239605 0.54711 0.7984156 0.2401762 0.54711 0.7980157 0.2406691 0.54711 0.7975227 0.2413638 0.54711 0.7963196 0.2415442 0.54711 0.7956461 0.278605 0.54711 0.7949515 0.241605 0.54711 0.7949515 0.2415442 0.54711 0.7942569 0.2413638 0.54711 0.7935834 0.2410691 0.54711 0.7929515 0.2406691 0.54711 0.7923803 0.300105 0.55911 0.8569515 0.220105 0.55911 0.8569515 0.220105 0.63711 0.7789515 0.300105 0.63711 0.7789515 0.220105 0.5593764 0.8505103 0.220105 0.5601738 0.8441131 0.220105 0.5614968 0.8378036 0.220105 0.5633363 0.8316249 0.220105 0.5656797 0.8256193 0.220105 0.6306688 0.7792179 0.220105 0.6242716 0.7800153 0.220105 0.5685111 0.8198276 0.220105 0.571811 0.8142896 0.220105 0.5755571 0.8090429 0.220105 0.5892014 0.7953985 0.220105 0.594448 0.7916525 0.220105 0.6179621 0.7813383 0.220105 0.6117835 0.7831777 0.220105 0.5999861 0.7883526 0.220105 0.6057778 0.7855212 0.220105 0.5797235 0.8041235 0.220105 0.5842821 0.799565 0.300105 0.5593764 0.8505103 0.300105 0.6306688 0.7792179 0.300105 0.6242716 0.7800153 0.300105 0.6179621 0.7813383 0.300105 0.571811 0.8142896 0.300105 0.5685111 0.8198276 0.300105 0.5656797 0.8256193 0.300105 0.6117835 0.7831777 0.300105 0.6057778 0.7855212 0.300105 0.5999861 0.7883526 0.300105 0.5633363 0.8316249 0.300105 0.5614968 0.8378036 0.300105 0.5601738 0.8441131 0.300105 0.594448 0.7916525 0.300105 0.5892014 0.7953985 0.300105 0.5842821 0.799565 0.300105 0.5797235 0.8041235 0.300105 0.5755571 0.8090429 0.225105 0.6306688 0.7792179 0.225105 0.6242716 0.7800153 0.225105 0.6179621 0.7813383 0.225105 0.6117835 0.7831777 0.225105 0.6057778 0.7855212 0.225105 0.5999861 0.7883526 0.225105 0.594448 0.7916525 0.225105 0.5892014 0.7953985 0.225105 0.5842821 0.799565 0.225105 0.5797235 0.8041235 0.225105 0.5755571 0.8090429 0.225105 0.571811 0.8142896 0.225105 0.5685111 0.8198276 0.225105 0.5656797 0.8256193 0.225105 0.5633363 0.8316249 0.225105 0.5614968 0.8378036 0.225105 0.5601738 0.8441131 0.225105 0.5593764 0.8505103 0.262605 0.6306688 0.7792179 0.257605 0.6306688 0.7792179 0.262605 0.6242716 0.7800153 0.257605 0.6242716 0.7800153 0.262605 0.6179621 0.7813383 0.257605 0.6179621 0.7813383 0.262605 0.6117835 0.7831777 0.257605 0.6117835 0.7831777 0.262605 0.6057778 0.7855212 0.257605 0.6057778 0.7855212 0.262605 0.5999861 0.7883526 0.257605 0.5999861 0.7883526 0.262605 0.594448 0.7916525 0.257605 0.594448 0.7916525 0.262605 0.5892014 0.7953985 0.257605 0.5892014 0.7953985 0.262605 0.5842821 0.799565 0.257605 0.5842821 0.799565 0.262605 0.5797235 0.8041235 0.257605 0.5797235 0.8041235 0.262605 0.5755571 0.8090429 0.257605 0.5755571 0.8090429 0.262605 0.571811 0.8142896 0.257605 0.571811 0.8142896 0.262605 0.5685111 0.8198276 0.257605 0.5685111 0.8198276 0.262605 0.5656797 0.8256193 0.257605 0.5656797 0.8256193 0.262605 0.5633363 0.8316249 0.257605 0.5633363 0.8316249 0.262605 0.5614968 0.8378036 0.257605 0.5614968 0.8378036 0.262605 0.5601738 0.8441131 0.257605 0.5601738 0.8441131 0.262605 0.5593764 0.8505103 0.257605 0.5593764 0.8505103 0.295105 0.6306688 0.7792179 0.295105 0.6242716 0.7800153 0.295105 0.6179621 0.7813383 0.295105 0.6117835 0.7831777 0.295105 0.6057778 0.7855212 0.295105 0.5999861 0.7883526 0.295105 0.594448 0.7916525 0.295105 0.5892014 0.7953985 0.295105 0.5842821 0.799565 0.295105 0.5797235 0.8041235 0.295105 0.5755571 0.8090429 0.295105 0.571811 0.8142896 0.295105 0.5685111 0.8198276 0.295105 0.5656797 0.8256193 0.295105 0.5633363 0.8316249 0.295105 0.5614968 0.8378036 0.295105 0.5601738 0.8441131 0.295105 0.5593764 0.8505103</float_array>
          <technique_common>
            <accessor source="#MMO_700_dual_-_bracket-1-mesh-positions-array" count="706" stride="3">
              <param name="X" type="float"/>
              <param name="Y" type="float"/>
              <param name="Z" type="float"/>
            </accessor>
          </technique_common>
        </source>
        <source id="MMO_700_dual_-_bracket-1-mesh-normals">
          <float_array id="MMO_700_dual_-_bracket-1-mesh-normals-array" count="2451">0 1 6.04449e-5 0 1 -3.74308e-5 0 1 1.04472e-5 0 1 2.85403e-6 0 1 0 0 1 2.11358e-5 0 1 5.12435e-6 0 1 -5.13888e-5 0 1 2.95931e-5 0 1 5.21907e-6 0 1 -1.92285e-5 0 1 -2.87296e-5 0 1 4.95508e-5 0 1 -9.67763e-6 0 1 1.3253e-5 0 1 5.18582e-5 0 1 -7.22846e-5 0 1 -2.98186e-5 0 1 1.69944e-5 0 1 1.99219e-5 0 1 -1.36655e-5 0 1 6.18486e-6 0 1 2.87019e-6 0 1 5.90169e-6 0 1 -1.66097e-5 0 1 7.31785e-5 0 1 -5.13987e-5 0 1 2.00957e-5 0 1 -2.93543e-5 0 1 2.00977e-5 0 1 4.89315e-5 0 1 -9.79952e-5 0 1 -5.56979e-5 0 1 3.00022e-5 0 1 3.54236e-5 0 1 -3.51556e-5 0 1 -2.03608e-5 0 1 -5.79123e-5 0 1 1.23812e-4 0 1 -5.05474e-5 0 1 4.05377e-6 0 1 -4.87932e-6 0 1 -1.99893e-5 0 0.9999994 0.001157402 0 1 1.9136e-5 0 1 -5.50518e-6 0 1 -7.02168e-5 0 1 2.37598e-6 0 1 -6.14699e-5 0 1 -3.19996e-5 0 1 2.97301e-5 0 1 -4.54501e-5 0 1 6.63585e-5 0 0 1 -1.02471e-5 0 1 2.58171e-5 0 1 6.77096e-5 0 1 -2.49746e-5 0 1 2.08009e-5 0 1 -1.06514e-4 0 1 -2.73052e-5 0 1 1.77804e-4 0 1 3.77715e-4 0 1 -1.53304e-4 0 1 3.4656e-5 0 1 -5.94742e-6 0 1 1.07304e-5 0 1 2.38402e-4 0 1 7.28638e-5 0 1 -1.94397e-5 0 1 8.10655e-6 0 1 7.30685e-5 0 1 2.02412e-5 0 1 -3.22594e-4 0 1 -1.39859e-5 0 1 5.57894e-6 0 1 -7.17205e-5 0 1 1.84546e-4 0 1 2.23868e-4 0 1 -1.37282e-4 0 1 8.75914e-5 0 1 -2.09433e-4 0 1 -1.88203e-5 0 1 6.40743e-5 0 1 2.13661e-4 0 1 -8.17876e-5 0 1 5.78817e-5 0 1 8.0444e-5 0 1 -8.86703e-5 0 1 -1.83688e-4 0 1 1.46361e-5 0 1 -4.49786e-5 0 1 7.3608e-6 0 1 -7.33702e-6 0 1 -2.80427e-4 0 1 -2.74738e-6 0 1 2.03623e-4 0 1 2.98298e-5 0 1 1.71494e-5 0 1 7.18764e-5 0 1 1.93268e-5 0 1 -1.8467e-5 0 1 6.39901e-5 0 1 0 1 -1.4531e-6 0 1 -2.03641e-5 0 1 -5.05478e-5 0 1 9.28584e-5 0 1 6.38537e-6 0 1 -1.20613e-4 0 1 4.89321e-5 0 1 2.19406e-6 0 1 4.22347e-5 0 1 2.97269e-5 0 1 4.87894e-6 0 1 -2.47347e-5 0 1 -2.94041e-5 0 1 7.58388e-5 0 1 8.34585e-5 0 1 -1.72384e-5 0 1 2.00518e-5 0 1 -3.23897e-5 0 1 -2.03598e-5 0 1 2.95012e-5 0 1 7.31789e-5 0 1 -1.04885e-5 0 1 7.56037e-6 0 1 -3.19992e-5 0 1 -4.77602e-6 0 1 6.09432e-5 0 1 -8.02477e-5 0 1 3.54269e-5 0 1 -3.84166e-7 0 1 5.68561e-6 0 1 -8.03129e-6 0 1 2.00953e-5 0 1 5.08901e-5 0 1 -1.57071e-6 0 1 7.37683e-6 0 1 5.63793e-5 0 1 -2.7185e-5 0 1 -3.62669e-5 0 1 3.53662e-5 0 1 3.19325e-6 0 1 5.68471e-6 0 1 6.34263e-5 0 1 -7.22863e-5 0 1 1.7755e-5 0 1 -5.1393e-5 0 1 -5.12436e-6 0 1 2.64196e-5 -2.08052e-5 0 1 1.98147e-5 0 1 -6.76987e-5 0 1 1.02471e-5 0 1 2.1138e-5 0 1 1.56149e-4 0 1 -4.1547e-5 0 1 -1.45767e-4 0 1 -3.77715e-4 0 1 2.73049e-5 0 1 1.06515e-4 0 1 -8.10655e-6 0 1 1.94397e-5 0 1 -7.18761e-5 0 1 -1.71494e-5 0 1 1.26297e-4 0 1 -1.06406e-5 0 1 2.89728e-5 0 1 8.03067e-5 0 1 -6.85318e-5 0 1 4.48568e-5 0 1 -1.73154e-4 0 1 -3.48415e-5 0 1 1.38345e-5 0 1 -2.47353e-5 0 1 8.86703e-5 0 1 7.59841e-5 0 1 -6.00785e-6 0 1 -3.05392e-5 0 1 -3.46496e-5 0 1 1.53327e-4 0 1 -1.69234e-5 0 1 5.48015e-5 0 1 -1.20613e-4 0 1 1.88203e-5 0 1 1.16958e-5 0 1 -6.39917e-5 0 1 2.28727e-5 0 1 -1.93268e-5 0 1 2.67384e-5 0 1 -1.84571e-4 0 1 9.04901e-5 0 1 -8.34988e-5 0 1 2.65349e-4 0 1 -1.37277e-4 0 1 9.44618e-5 0 1 -4.30721e-5 0 1 3.11419e-6 0 1 -3.10406e-6 0 1 4.30721e-5 0 1 4.97461e-5 0 -1 0 0 -1 -1.87091e-4 0 -1 2.53037e-5 0 -1 -5.04173e-5 0 -1 -2.53033e-5 0 -1 9.93951e-5 0 -1 5.62381e-5 0 -1 -1.45575e-4 0 -1 -1.34351e-4 0 -1 3.91547e-5 0 -1 -1.54245e-5 0 -1 1.45572e-4 0 -1 -5.62391e-5 0 -1 1.84894e-4 0 -1 -1.45409e-4 0 -1 -6.91864e-6 0 -1 -1.30054e-4 0 -1 1.00665e-4 0 -1 -5.36058e-5 0 -1 -4.7924e-5 0 -1 1.75534e-4 0 -1 -7.69975e-5 0 -1 -7.69384e-5 0 -1 -1.06606e-5 0 -1 3.94095e-5 0 -1 3.09547e-5 0 -1 2.51223e-6 0 -1 1.04526e-4 0 -1 -7.6428e-5 0 -1 5.75978e-5 0 -1 7.70005e-5 0 -1 -2.02409e-4 0 -1 1.19945e-4 0 -1 -3.01226e-6 0 -1 2.2821e-4 0 -1 -8.31205e-5 0 -1 1.34351e-4 0 -1 -6.41335e-5 0 -1 2.04105e-5 0 -1 2.60096e-5 0 -1 3.26971e-5 0 -1 -1.00782e-4 0 -1 -1.25138e-5 0 -1 -1.25132e-5 0 -1 4.7924e-5 0 -1 5.36058e-5 0 -1 -1.49477e-4 0 -1 1.09467e-4 0 -1 5.10523e-5 0 -1 -8.49809e-5 0 -1 7.46289e-5 0 -1 1.45409e-4 0 -1 -1.61777e-4 0 -1 -1.49473e-4 0 -1 1.09472e-4 0 -1 -3.05601e-5 0 -1 -4.83882e-6 0 -1 1.76748e-5 0 -1 3.40247e-5 0 -1 2.33914e-5 0 -1 1.46583e-4 0 -1 -6.51402e-5 0 -1 9.13078e-5 0 -1 7.64373e-5 0 -1 -1.04517e-4 0 -1 -1.50001e-4 0 -1 1.01919e-4 0 -1 4.28934e-5 0 -1 -6.98452e-5 0 -1 -8.29383e-6 0 -1 4.97929e-6 0 -1 -1.50004e-4 0 -1 1.01921e-4 0 -1 4.28915e-5 0 -1 -6.98467e-5 0 -1 -1.00665e-4 0 -1 1.30054e-4 0 -1 -2.85414e-6 0 -1 4.9809e-6 0 -1 2.31333e-5 0 -1 -1.15577e-4 0 -1 -1.67718e-5 0 -1 -4.12347e-6 0 -1 -1.10356e-5 0 -1 4.21387e-5 0 -1 4.33151e-6 0 -1 -8.38728e-6 0 -1 9.13075e-5 0 -1 -4.41245e-6 0 -1 0 -1 -5.57771e-5 0 -1 0 0 -1 -9.73051e-5 0 -1 6.75798e-5 0 -1 -1.48641e-4 0 -1 -1.53021e-5 0 -1 -3.83625e-5 0 -1 5.05623e-5 0 -1 2.20666e-6 0 -1 1.75838e-6 0 -1 -6.5762e-5 0 -1 4.03682e-5 0 -1 -7.71248e-5 0 -1 -1.11932e-5 0 -1 1.08233e-5 0 -0.9998273 -0.01859062 0 -1 1.03451e-5 0 -1 -1.15095e-5 0 -1 1.57462e-4 0 -1 4.43635e-6 0 -1 -8.35775e-5 0 -1 6.83799e-6 0 -1 9.06609e-5 0 -1 -3.66203e-5 0 -1 1.03834e-5 0 -1 4.49888e-5 0 -1 -4.70013e-5 0 -1 4.7951e-6 0 -1 4.54505e-6 0 -1 -1.0204e-4 0 -1 4.42855e-5 0 -1 2.35176e-6 0 -1 -2.24301e-6 0 -1 -6.02604e-6 0 -1 -6.01128e-5 0 -1 1.81894e-6 0 -1 -3.66408e-4 0 -1 1.57397e-5 0 -1 -3.12867e-6 0 -1 1.04471e-5 0 -1 -1.15587e-5 0 -1 -3.60274e-6 0 -1 -1.2133e-4 0 -1 5.64795e-5 0 -1 5.17524e-6 0 -1 -2.06155e-6 0 -1 -1.01381e-4 0 -1 2.34369e-6 0 -1 -2.22234e-6 0 -1 -7.90177e-6 0 -1 -8.88481e-6 0 -1 1.29387e-4 0 -1 9.27945e-5 0 -1 -1.94404e-5 0 -1 -2.39427e-5 0 -1 -2.16011e-5 0 -1 -2.48575e-5 0 -1 -7.90254e-6 0 -1 1.23244e-5 0 -1 6.62295e-5 0 -1 -2.75856e-5 0 -1 3.98124e-5 0 -1 3.40359e-4 0 -1 -7.55581e-6 0 -1 9.21532e-5 0 -1 -2.89986e-6 0 -1 -5.14418e-5 0 -1 3.35669e-5 0 -1 3.19177e-5 0 -1 -1.74621e-6 0 -1 3.56002e-5 0 -1 1.63981e-6 0 -1 2.06162e-6 0 -1 -1.05741e-5 0 -1 2.75984e-5 0 -0.9999541 0.009589254 0 -1 -4.016e-6 0 -1 -2.29751e-5 0 -1 -2.72333e-5 0 -1 -9.8577e-5 0 -1 1.62531e-4 0 -1 -1.54842e-4 0 -1 -2.76137e-6 0 -1 1.10099e-5 0 -1 2.09718e-6 0 -1 -6.50675e-6 0 -1 2.2148e-6 0 -1 -4.24502e-5 0 -1 -4.26056e-5 0 -1 -8.14108e-6 0 -1 -2.91008e-6 0 -1 1.18911e-5 0 -1 -1.18521e-5 0 -1 2.91008e-6 0 -1 1.52791e-5 0 -1 -1.1441e-4 0 1 -9.55201e-6 0 1 3.10441e-5 0 1 3.8805e-6 0 1 -9.55202e-6 -1 0 0 -1 -3.16847e-6 0 -1 1.00951e-5 0 -1 -4.24832e-6 0 -1 -1.87008e-6 0 -1 6.34985e-6 0 -1 6.80642e-6 0 -1 -3.17847e-6 0 -1 3.03438e-6 0 -1 -3.03428e-6 0 -1 -7.11561e-6 0 -1 -8.50794e-7 0 -1 4.67503e-7 0 -1 -1.46381e-6 0 -1 -3.69206e-7 0 1 0 0 1 -6.34985e-6 0 1 1.26191e-6 0 1 -1.27139e-5 0 1 9.35882e-6 0 1 2.80502e-6 0 1 -8.50794e-7 0 1 1.06208e-6 0 1 -7.19274e-7 0 1 -3.55787e-6 0 1 3.17489e-6 0 1 -7.38413e-7 0 1 -2.95358e-6 0 1 3.79297e-6 0 0 0.04131972 0.999146 0 0.04131913 0.9991461 0 0.1236907 0.9923208 0 0.1236889 0.9923211 0 0.2052198 0.978716 0 0.2052186 0.9787163 0 0.285338 0.9584271 0 0.2853301 0.9584294 0 0.3635158 0.9315881 0 0.3635141 0.9315888 0 0.4391895 0.8983945 0 0.4391952 0.8983918 0 0.511884 0.8590547 0 0.5118803 0.8590568 0 0.58108 0.8138465 0 0.5810732 0.8138513 0 0.6463005 0.7630831 0 0.7071032 0.7071104 0 0.7071104 0.7071032 0 0.7630879 0.6462948 0 0.763091 0.6462913 0 0.8138472 0.581079 0 0.8138447 0.5810824 0 0.8590614 0.5118728 0 0.859053 0.5118866 0 0.8983875 0.439204 0 0.8983889 0.4392011 0 0.9315918 0.3635064 0 0.9315868 0.3635189 0 0.9584321 0.2853208 0 0.9584242 0.2853473 0 0.9787174 0.2052132 0 0.9787147 0.2052255 0 0.9923225 0.1236773 0 0.9923207 0.1236916 0 0.9991455 0.04133158 1 -4.95238e-7 0 1 -9.96324e-6 0 1 9.57674e-6 0 1 -3.12909e-6 0 1 5.01143e-6 0 1 -3.16967e-5 0 1 -9.46511e-7 0 1 7.82257e-7 0 1 -1.36813e-6 0 1 2.49078e-6 0 1 -5.84951e-7 0 1 1.69306e-6 0 1 -2.25736e-6 0 1 3.50974e-6 0 0 0.123688 0.9923212 0 0.2853317 0.9584289 0 0.3635109 0.93159 0 0.5118866 0.859053 0 0.5810776 0.8138481 0 0.6462984 0.7630848 0 0.6463026 0.7630813 0 0.9315927 0.3635039 0 0.9787177 0.2052117 0 0.9787145 0.205227 0 0.9923208 0.1236907 1 -5.47242e-6 0 1 4.69364e-6 0 1 -1.5143e-5 0 1 1.50343e-5 0 1 -2.77346e-5 0 1 1.12871e-6 0 1 1.12868e-6 0 1 2.33983e-6 0 -1 -9.46511e-7 0 -1 4.95238e-7 0 -1 -2.4908e-6 0 -1 1.16991e-6 0 -1 -2.49073e-6 0 -1 1.36813e-6 0 -1 7.82257e-7 0 -1 2.25742e-6 0 0 0.1236898 0.992321 0 0.2052215 0.9787156 0 0.2052169 0.9787166 0 0.2853413 0.958426 0 0.5810824 0.8138447 0 0.5810708 0.813853 0 0.8590593 0.5118759 0 0.8590549 0.5118834 -1 6.33933e-5 0 -1 6.26397e-7 0 -1 -4.95238e-7 0 -1 -4.00914e-5 0 -1 2.08217e-5 0 -1 -9.38728e-6 0 -1 8.71781e-6 0 -1 -2.33983e-6 0 -1 -2.33982e-6 0 -1 -7.82257e-7 0 0.08726477 0 0.9961853 0.2586948 0 0.9659592 0.2586931 0 0.9659596 0.4227339 0 0.9062539 0.422551 0 0.9063392 0.5736542 0 0.8190976 0.5736575 0 0.8190953 0.7069572 0 0.7072564 0.7071799 0 0.7070338 0.8191863 0 0.5735278 0.9063034 0 0.4226278 0.9062623 0 0.422716 0.9659245 0 0.2588242 0.9659249 0 0.2588226 0.9961953 0 0.08714967 0.9961951 0 0.08715051 0.9961953 0 -0.08714967 0.9961935 0 -0.08716988 0.9659394 0 -0.2587685 0.9659249 0 -0.2588226 0.9062637 0 -0.4227131 0.9063021 0 -0.4226307 0.8191863 0 -0.5735278 0.7071799 0 -0.7070338 0.7069572 0 -0.7072564 0.5736542 0 -0.8190976 0.5735082 0 -0.8191999 0.4227339 0 -0.9062539 0.422551 0 -0.9063392 0.2586948 0 -0.9659592 0.2589008 0 -0.965904 0.08726477 0 -0.9961853 -0.08726662 0 -0.996185 -0.08726722 0 -0.996185 -0.2589025 0 -0.9659035 -0.2586931 0 -0.9659596 -0.4225431 0 -0.9063429 -0.4227259 0 -0.9062576 -0.5735049 0 -0.8192022 -0.5736575 0 -0.8190953 -0.7069676 0 -0.707246 -0.7071903 0 -0.7070233 -0.8191764 0 -0.5735418 -0.8191747 0 -0.573544 -0.9063034 0 -0.4226278 -0.9062623 0 -0.422716 -0.9659301 0 -0.2588031 -0.965945 0 -0.2587475 -0.9961935 0 -0.08716899 -0.9961951 0 -0.08715051 -0.9961953 0 0.08714967 -0.9961951 0 0.08715051 -0.9659301 0 0.2588031 -0.9062637 0 0.4227131 -0.9063021 0 0.4226307 -0.8191764 0 0.5735418 -0.8191747 0 0.573544 -0.7071903 0 0.7070233 -0.7069676 0 0.707246 -0.5736542 0 0.8190976 -0.5736575 0 0.8190953 -0.4225431 0 0.9063429 -0.4227259 0 0.9062576 -0.2586948 0 0.9659592 -0.2586931 0 0.9659596 -0.08726662 0 0.996185 -0.08726722 0 0.996185 0.08704388 0 0.9962045 0.2589025 0 0.9659035 0.2589008 0 0.965904 0.5733554 0 0.8193069 0.7070685 0 0.707145 0.8191129 0 0.5736323 0.9063021 0 0.4226307 0.9961935 0 -0.08716899 0.9961969 0 -0.0871312 0.9659096 0 -0.2588798 0.9063034 0 -0.4226278 0.8191129 0 -0.5736323 0.7070685 0 -0.707145 0.5736575 0 -0.8190953 -0.5736542 0 -0.8190976 -0.7070789 0 -0.7071346 -0.8191032 0 -0.5736464 -0.9063021 0 -0.4226307 -0.9659152 0 -0.2588587 -0.9961969 0 -0.08713036 -0.9961935 0 -0.08716988 -0.9063034 0 0.4226278 -0.8191016 0 0.5736487 -0.7070789 0 0.7071346 -0.5733587 0 0.8193045 -0.2589025 0 0.9659035 -0.2589008 0 0.965904 -0.08704626 0 0.9962043 0.08704751 0 0.9962043 0.087269 0 0.9961848 0.2588956 0 0.9659053 0.2588973 0 0.9659049 0.422559 0 0.9063354 0.4227446 0 0.9062489 0.5733456 0 0.8193136 0.5736477 0 0.8191022 0.7070789 0 0.7071346 0.7071903 0 0.7070233 0.8190917 0 0.5736626 0.8191667 0 0.5735558 0.9063113 0 0.4226107 0.9659301 0 0.2588031 0.9659152 0 -0.2588587 0.9659301 0 -0.2588031 0.9063113 0 -0.4226107 0.8191649 0 -0.573558 0.8190933 0 -0.5736603 0.7071903 0 -0.7070233 0.7070789 0 -0.7071346 0.5736445 0 -0.8191046 0.5736477 0 -0.8191022 0.422559 0 -0.9063354 0.4225617 0 -0.9063343 0.2586879 0 -0.965961 0.2588973 0 -0.9659049 0.08726841 0 -0.9961849 0.087269 0 -0.9961848 -0.08726477 0 -0.9961853 -0.2588956 0 -0.9659053 -0.2586896 0 -0.9659606 -0.422559 0 -0.9063354 -0.4225617 0 -0.9063343 -0.5736445 0 -0.8191046 -0.5736477 0 -0.8191022 -0.8191129 0 -0.5736323 -0.8191863 0 -0.5735278 -0.9062941 0 -0.4226478 -0.9062954 0 -0.422645 -0.9062941 0 0.4226478 -0.9062954 0 0.422645 -0.8191863 0 0.5735278 -0.8191129 0 0.5736323 -0.5736445 0 0.8191046 -0.5733489 0 0.8193114 -0.4227418 0 0.9062501 -0.4225617 0 0.9063343 -0.2588956 0 0.9659053 -0.2588973 0 0.9659049 -0.08726477 0 0.9961853 -0.08704388 0 0.9962045 0.08726841 0 0.9961849 0.2586879 0 0.965961 0.2586896 0 0.9659606 0.4227418 0 0.9062501 0.4225617 0 0.9063343 0.5736445 0 0.8191046 0.7069676 0 0.707246 0.8191649 0 0.573558 0.9062716 0 0.422696 0.965945 0 -0.2587475 0.9062716 0 -0.422696 0.8191667 0 -0.5735558 0.7069676 0 -0.707246 0.5734983 0 -0.8192067 0.4227418 0 -0.9062501 -0.4227446 0 -0.9062489 -0.573495 0 -0.819209 -0.9062556 0 -0.4227302 -0.9062543 0 0.4227331 -0.5736477 0 0.8191022 -0.422559 0 0.9063354 -0.4227446 0 0.9062489 -0.2586879 0 0.965961 -0.2586896 0 0.9659606 0.08710825 -0.996199 0 0.2588576 -0.9659155 0 0.2588469 -0.9659184 0 0.4225764 -0.9063274 0 0.4225579 -0.906336 0 0.5736081 -0.8191301 0 0.5735866 -0.8191451 0 0.7071276 -0.7070859 0 0.7071033 -0.7071103 0 0.819167 -0.5735553 0 0.8191453 -0.5735861 0 0.9063016 -0.4226319 0 0.9659304 -0.2588022 0 0.9659165 -0.2588541 0 0.9961946 -0.08715796 0 0.9961951 0.08715069 0 0.9961953 0.0871495 0 0.9659165 0.2588541 0 0.9659304 0.2588022 0 0.9063016 0.4226319 0 0.8191407 0.5735926 0 0.8191716 0.5735487 0 0.7070999 0.7071138 0 0.7071312 0.7070825 0 0.5735259 0.8191875 0 0.5735567 0.8191659 0 0.4226265 0.9063041 0 0.4226478 0.9062941 0 0.2588437 0.9659193 0 0.2588608 0.9659147 0 0.08710825 0.996199 0 -0.08711308 0.9961985 0 -0.2588437 0.9659193 0 -0.2588469 0.9659184 0 -0.4226478 0.9062941 0 -0.4226265 0.9063041 0 -0.573552 0.8191692 0 -0.5735306 0.8191843 0 -0.7071276 0.7070859 0 -0.7071312 0.7070825 0 -0.8191407 0.5735926 0 -0.8191453 0.5735861 0 -0.9063016 0.4226319 0 -0.9659304 0.2588022 0 -0.9961951 0.08715069 0 -0.9961953 0.0871495 0 -0.9961946 -0.08715796 0 -0.9659304 -0.2588022 0 -0.9063016 -0.4226319 0 -0.8191407 -0.5735926 0 -0.8191453 -0.5735861 0 -0.7071276 -0.7070859 0 -0.7071312 -0.7070825 0 -0.5735819 -0.8191483 0 -0.5736127 -0.8191267 0 -0.422555 -0.9063373 0 -0.4225792 -0.906326 0 -0.2588437 -0.9659193 0 -0.2588469 -0.9659184 0 -0.08711308 -0.9961985 0 0.08719766 -0.9961911 0 0.08719849 -0.996191 0 0.2588298 -0.9659231 0 0.2588608 -0.9659147 0 0.4225977 -0.9063175 0 0.5735604 -0.8191633 0 0.7071102 -0.7071033 0 0.7070616 -0.707152 0 0.8191682 -0.5735534 0 0.8191466 -0.5735842 0 0.9063441 -0.4225404 0 0.9961897 -0.08721321 0 0.9961994 -0.08710271 0 0.9962 0.08709549 0 0.9961904 0.08720475 0 0.9063441 0.4225404 0 0.8191146 0.57363 0 0.8191453 0.5735861 0 0.707159 0.7070546 0 0.5734997 0.8192059 0 0.4226692 0.9062842 0 0.2588576 0.9659155 0 0.258833 0.9659221 0 0.08711308 0.9961985 0 -0.08710825 0.996199 0 -0.2588576 0.9659155 0 -0.258833 0.9659221 0 -0.5735259 0.8191875 0 -0.5735567 0.8191659 0 -0.7070999 0.7071138 0 -0.707159 0.7070546 0 -0.819167 0.5735553 0 -0.8191192 0.5736234 0 -0.9659165 0.2588541 0 -0.9659444 0.2587502 0 -0.9962 0.08709549 0 -0.9961904 0.08720475 0 -0.9961897 -0.08721321 0 -0.9961994 -0.08710271 0 -0.9659444 -0.2587502 0 -0.9659165 -0.2588541 0 -0.8191421 -0.5735908 0 -0.819199 -0.5735095 0 -0.7071102 -0.7071033 0 -0.7070616 -0.707152 0 -0.5736081 -0.8191301 0 -0.5735866 -0.8191451 0 -0.4225764 -0.9063274 0 -0.2588298 -0.9659231 0 -0.2588608 -0.9659147 0 -0.08719283 -0.9961916 0 -0.08719366 -0.9961915 0 0.08711308 -0.9961985 0 0.7071555 -0.7070581 0 0.8191407 -0.5735926 0 0.8191192 -0.5736234 0 -0.8191146 -0.57363 0 -0.8191716 -0.5735487 0 -0.7071555 -0.7070581 0 -0.7071033 -0.7071103 0 -0.08710825 -0.996199 0 0.08719283 -0.9961916 0 0.08719366 -0.9961915 0 0.7070824 -0.7071312 0 0.8191943 -0.5735161 0 0.8191728 -0.5735469 0 -0.8191682 -0.5735534 0 -0.8191728 -0.5735469 0 -0.7070824 -0.7071312 0 -0.7070894 -0.7071242 0 -0.08719766 -0.9961911 0 -0.08719849 -0.996191 0</float_array>
          <technique_common>
            <accessor source="#MMO_700_dual_-_bracket-1-mesh-normals-array" count="817" stride="3">
              <param name="X" type="float"/>
              <param name="Y" type="float"/>
              <param name="Z" type="float"/>
            </accessor>
          </technique_common>
        </source>
        <vertices id="MMO_700_dual_-_bracket-1-mesh-vertices">
          <input semantic="POSITION" source="#MMO_700_dual_-_bracket-1-mesh-positions"/>
        </vertices>
        <triangles count="1440">
          <input semantic="VERTEX" source="#MMO_700_dual_-_bracket-1-mesh-vertices" offset="0"/>
          <input semantic="NORMAL" source="#MMO_700_dual_-_bracket-1-mesh-normals" offset="1"/>
          <p>0 0 1 0 2 0 1 1 3 1 2 1 2 2 3 2 4 2 2 3 4 3 5 3 6 4 7 4 8 4 8 5 7 5 9 5 8 6 9 6 10 6 10 4 11 4 8 4 8 7 11 7 12 7 8 8 12 8 13 8 14 4 15 4 8 4 8 9 15 9 16 9 8 10 16 10 17 10 18 4 19 4 20 4 20 11 19 11 21 11 20 12 21 12 22 12 23 4 24 4 25 4 25 13 24 13 26 13 25 14 26 14 27 14 13 4 28 4 8 4 8 15 28 15 29 15 8 16 29 16 30 16 0 4 2 4 25 4 25 17 2 17 31 17 25 18 31 18 23 18 32 4 33 4 34 4 5 19 35 19 2 19 2 20 35 20 36 20 2 4 36 4 37 4 37 4 36 4 38 4 37 4 38 4 30 4 30 21 38 21 39 21 30 4 39 4 8 4 8 22 39 22 40 22 8 23 40 23 14 23 17 4 41 4 8 4 8 24 41 24 42 24 8 4 42 4 20 4 20 25 42 25 43 25 20 26 43 26 18 26 44 4 45 4 34 4 34 27 45 27 46 27 34 28 46 28 47 28 48 4 49 4 34 4 34 29 49 29 50 29 33 4 51 4 34 4 34 30 51 30 52 30 34 31 52 31 44 31 50 32 53 32 34 32 34 33 53 33 54 33 34 4 54 4 55 4 55 34 54 34 56 34 55 35 56 35 57 35 57 4 58 4 55 4 55 36 58 36 59 36 55 37 59 37 60 37 60 38 61 38 55 38 55 39 61 39 62 39 55 40 62 40 63 40 22 4 64 4 20 4 20 41 64 41 65 41 20 42 65 42 66 42 27 4 67 4 25 4 25 4 67 4 68 4 25 43 68 43 47 43 47 4 68 4 34 4 34 44 68 44 69 44 34 45 69 45 48 45 63 4 70 4 55 4 55 46 70 46 71 46 55 47 71 47 8 47 8 48 71 48 72 48 8 49 72 49 6 49 66 4 73 4 20 4 20 50 73 50 74 50 20 4 74 4 34 4 34 51 74 51 75 51 34 52 75 52 32 52 76 53 77 53 78 53 77 53 79 53 78 53 78 54 79 54 80 54 78 55 80 55 81 55 82 53 83 53 84 53 84 56 83 56 85 56 84 53 85 53 78 53 78 57 85 57 86 57 78 58 86 58 76 58 81 53 87 53 78 53 78 59 87 59 88 59 78 60 88 60 89 60 90 53 78 53 91 53 91 53 78 53 92 53 93 61 94 61 95 61 96 53 92 53 97 53 97 53 92 53 78 53 97 62 78 62 98 62 98 53 78 53 89 53 99 53 100 53 55 53 101 53 55 53 102 53 102 53 55 53 103 53 101 63 104 63 55 63 55 64 104 64 105 64 55 65 105 65 84 65 84 66 105 66 106 66 84 67 106 67 107 67 108 53 109 53 107 53 107 68 109 68 110 68 111 53 112 53 84 53 84 69 112 69 113 69 84 70 113 70 82 70 90 53 114 53 78 53 78 71 114 71 115 71 78 72 115 72 116 72 116 73 117 73 78 73 78 74 117 74 118 74 78 75 118 75 8 75 8 76 118 76 119 76 8 77 119 77 120 77 108 53 107 53 95 53 95 78 107 78 121 78 95 79 121 79 93 79 97 53 122 53 96 53 96 80 122 80 123 80 96 81 123 81 124 81 100 53 125 53 55 53 55 82 125 82 126 82 55 83 126 83 103 83 124 84 127 84 96 84 96 85 127 85 128 85 96 86 128 86 129 86 120 53 130 53 8 53 8 87 130 87 131 87 8 88 131 88 132 88 133 89 134 89 84 89 132 53 135 53 8 53 8 90 135 90 136 90 8 91 136 91 137 91 129 53 138 53 96 53 96 92 138 92 139 92 96 53 139 53 140 53 140 93 139 93 95 93 140 53 95 53 141 53 141 53 95 53 94 53 110 53 142 53 107 53 107 94 142 94 143 94 107 95 143 95 84 95 84 96 143 96 144 96 84 97 144 97 133 97 134 53 145 53 84 53 84 98 145 98 146 98 84 99 146 99 111 99 137 53 147 53 8 53 8 100 147 100 148 100 8 53 148 53 55 53 55 101 148 101 149 101 55 102 149 102 99 102 150 4 151 4 152 4 153 4 154 4 155 4 156 4 157 4 158 4 151 4 159 4 155 4 155 103 159 103 160 103 155 104 160 104 161 104 154 4 162 4 155 4 155 105 162 105 163 105 155 106 163 106 164 106 165 107 166 107 151 107 166 4 167 4 151 4 151 4 167 4 168 4 151 4 168 4 152 4 169 108 170 108 171 108 171 109 170 109 172 109 171 110 173 110 158 110 158 111 173 111 174 111 158 112 174 112 156 112 157 4 175 4 158 4 158 113 175 113 176 113 158 114 176 114 177 114 172 4 178 4 171 4 171 115 178 115 179 115 171 116 179 116 173 116 177 117 180 117 158 117 158 118 180 118 181 118 158 119 181 119 182 119 183 120 184 120 185 120 186 4 187 4 185 4 164 4 188 4 155 4 155 121 188 121 189 121 155 122 189 122 190 122 182 4 191 4 158 4 158 123 191 123 192 123 158 4 192 4 185 4 185 124 192 124 193 124 185 125 193 125 183 125 194 4 195 4 185 4 185 126 195 126 196 126 185 127 196 127 155 127 155 128 196 128 197 128 155 129 197 129 153 129 190 4 198 4 155 4 155 130 198 130 199 130 155 131 199 131 151 131 151 132 199 132 200 132 151 133 200 133 165 133 201 4 202 4 171 4 171 134 202 134 203 134 171 135 203 135 169 135 184 4 204 4 185 4 185 136 204 136 205 136 185 137 205 137 206 137 161 138 207 138 155 138 155 139 207 139 208 139 155 4 208 4 171 4 171 140 208 140 209 140 171 141 209 141 201 141 210 4 211 4 206 4 206 142 211 142 212 142 212 4 213 4 206 4 206 143 213 143 214 143 206 4 214 4 185 4 185 144 214 144 215 144 185 145 215 145 186 145 187 4 216 4 185 4 185 146 216 146 217 146 185 147 217 147 218 147 218 4 219 4 185 4 185 148 219 148 220 148 185 149 220 149 194 149 150 4 152 4 221 4 221 4 152 4 222 4 221 4 222 4 223 4 223 4 222 4 224 4 223 4 224 4 206 4 206 4 224 4 225 4 206 4 225 4 210 4 226 53 227 53 228 53 228 150 227 150 229 150 228 53 229 53 230 53 230 151 229 151 231 151 230 152 231 152 232 152 233 53 234 53 228 53 234 53 235 53 228 53 228 153 235 153 236 153 228 154 236 154 226 154 237 53 238 53 239 53 240 53 241 53 155 53 155 155 241 155 242 155 155 156 242 156 243 156 239 157 238 157 244 157 245 158 228 158 246 158 246 53 228 53 185 53 245 53 247 53 228 53 228 159 247 159 248 159 228 160 248 160 233 160 232 53 249 53 230 53 230 161 249 161 250 161 230 162 250 162 251 162 252 53 253 53 185 53 251 53 254 53 230 53 230 163 254 163 255 163 230 164 255 164 256 164 256 53 257 53 230 53 230 165 257 165 258 165 230 53 258 53 155 53 155 166 258 166 259 166 155 167 259 167 240 167 244 53 238 53 243 53 243 168 238 168 260 168 243 169 260 169 261 169 253 53 262 53 185 53 185 170 262 170 263 170 185 171 263 171 264 171 264 53 265 53 185 53 185 172 265 172 266 172 185 173 266 173 246 173 267 53 185 53 268 53 268 53 185 53 269 53 267 53 270 53 185 53 185 174 270 174 271 174 185 175 271 175 272 175 261 53 273 53 243 53 243 176 273 176 274 176 243 177 274 177 155 177 155 178 274 178 275 178 155 179 275 179 276 179 276 180 277 180 155 180 155 181 277 181 278 181 155 182 278 182 279 182 279 183 280 183 155 183 155 184 280 184 281 184 155 185 281 185 282 185 282 53 283 53 155 53 155 186 283 186 284 186 155 53 284 53 185 53 185 187 284 187 285 187 185 188 285 188 269 188 272 53 286 53 185 53 185 189 286 189 287 189 185 190 287 190 288 190 288 53 289 53 185 53 185 191 289 191 290 191 185 53 290 53 252 53 252 192 290 192 291 192 291 193 292 193 252 193 252 194 292 194 293 194 252 195 293 195 294 195 294 53 295 53 252 53 252 196 295 196 296 196 252 53 296 53 297 53 297 197 296 197 298 197 297 53 298 53 239 53 239 198 298 198 299 198 239 199 299 199 237 199 300 200 301 200 302 200 303 201 304 201 305 201 302 202 306 202 300 202 300 203 306 203 307 203 300 204 307 204 308 204 309 201 310 201 311 201 312 201 313 201 314 201 314 205 313 205 315 205 314 206 315 206 316 206 311 201 310 201 317 201 316 201 318 201 314 201 314 207 318 207 319 207 314 208 319 208 317 208 320 201 321 201 322 201 304 201 323 201 305 201 305 209 323 209 324 209 305 210 324 210 325 210 326 201 327 201 328 201 317 201 310 201 314 201 314 211 310 211 329 211 314 201 329 201 300 201 300 212 329 212 330 212 300 213 330 213 301 213 331 201 314 201 332 201 332 201 314 201 305 201 332 201 305 201 333 201 333 201 305 201 325 201 308 214 334 214 300 214 300 215 334 215 335 215 300 216 335 216 336 216 305 201 322 201 337 201 337 201 338 201 305 201 305 217 338 217 339 217 305 218 339 218 340 218 340 201 341 201 305 201 305 219 341 219 342 219 305 220 342 220 303 220 331 201 343 201 314 201 314 221 343 221 344 221 314 222 344 222 345 222 346 223 347 223 348 223 349 201 350 201 351 201 351 201 350 201 352 201 353 201 354 201 322 201 345 201 355 201 314 201 314 224 355 224 356 224 314 225 356 225 357 225 358 226 328 226 359 226 360 201 361 201 311 201 311 227 361 227 362 227 311 201 362 201 309 201 336 201 363 201 300 201 300 228 363 228 364 228 300 229 364 229 365 229 366 201 367 201 300 201 300 230 367 230 368 230 300 231 368 231 369 231 369 232 370 232 300 232 300 233 370 233 371 233 300 234 371 234 322 234 322 235 371 235 372 235 322 236 372 236 320 236 321 201 373 201 322 201 322 237 373 237 374 237 322 238 374 238 375 238 354 201 376 201 322 201 322 239 376 239 377 239 322 240 377 240 337 240 314 241 378 241 379 241 358 201 380 201 328 201 328 242 380 242 381 242 328 243 381 243 326 243 366 201 300 201 382 201 382 201 300 201 365 201 382 201 365 201 346 201 346 242 365 242 383 242 346 244 383 244 347 244 375 201 384 201 322 201 322 245 384 245 385 245 322 246 385 246 386 246 327 201 387 201 328 201 328 247 387 247 388 247 328 248 388 248 389 248 357 249 390 249 391 249 391 201 392 201 357 201 357 250 392 250 393 250 357 251 393 251 394 251 379 201 395 201 314 201 314 252 395 252 396 252 314 253 396 253 312 253 348 201 397 201 346 201 346 254 397 254 398 254 346 255 398 255 399 255 400 201 401 201 402 201 402 256 401 256 403 256 404 201 405 201 406 201 349 201 407 201 350 201 350 257 407 257 408 257 350 258 408 258 409 258 350 201 410 201 352 201 352 259 410 259 411 259 352 260 411 260 412 260 413 261 414 261 358 261 358 262 414 262 402 262 358 201 402 201 415 201 415 201 402 201 403 201 394 201 416 201 357 201 357 263 416 263 417 263 357 201 417 201 314 201 314 264 417 264 418 264 314 265 418 265 378 265 399 266 419 266 346 266 346 267 419 267 420 267 346 201 420 201 402 201 402 268 420 268 421 268 402 269 421 269 400 269 360 201 311 201 406 201 406 270 311 270 422 270 406 201 422 201 404 201 358 271 423 271 380 271 380 201 423 201 424 201 380 201 424 201 425 201 425 201 424 201 426 201 425 201 426 201 427 201 427 201 426 201 406 201 427 201 406 201 428 201 428 201 406 201 405 201 389 272 429 272 328 272 328 273 429 273 430 273 328 201 430 201 357 201 357 274 430 274 431 274 357 275 431 275 390 275 432 201 433 201 359 201 386 201 434 201 322 201 322 276 434 276 435 276 322 277 435 277 350 277 412 201 436 201 352 201 352 278 436 278 437 278 352 279 437 279 438 279 359 201 433 201 358 201 358 280 433 280 439 280 358 281 439 281 413 281 409 282 440 282 350 282 350 283 440 283 441 283 350 201 441 201 322 201 322 284 441 284 442 284 322 285 442 285 353 285 438 201 443 201 352 201 352 286 443 286 444 286 352 201 444 201 445 201 445 287 444 287 446 287 445 288 446 288 359 288 359 201 446 201 447 201 359 289 447 289 432 289 448 290 449 290 450 290 450 291 451 291 448 291 448 292 451 292 452 292 448 293 452 293 453 293 454 294 455 294 456 294 457 291 458 291 459 291 457 291 459 291 460 291 461 291 462 291 463 291 463 291 462 291 464 291 465 291 466 291 314 291 314 295 466 295 467 295 468 291 469 291 454 291 454 296 469 296 470 296 454 297 470 297 455 297 456 291 471 291 454 291 454 298 471 298 472 298 454 299 472 299 462 299 472 291 473 291 462 291 462 300 473 300 474 300 462 301 474 301 475 301 476 302 454 302 477 302 477 291 454 291 478 291 453 291 479 291 448 291 448 303 479 303 480 303 448 291 480 291 481 291 481 304 480 304 468 304 481 305 468 305 482 305 482 291 468 291 454 291 482 291 454 291 483 291 484 291 485 291 486 291 486 306 485 306 487 306 486 307 487 307 488 307 475 308 489 308 462 308 462 309 489 309 490 309 462 310 490 310 464 310 467 291 491 291 314 291 314 311 491 311 492 311 314 291 492 291 454 291 454 312 492 312 493 312 454 313 493 313 478 313 476 291 494 291 454 291 454 314 494 314 495 314 454 315 495 315 496 315 497 316 498 316 462 316 462 317 498 317 499 317 462 318 499 318 500 318 496 291 501 291 454 291 454 319 501 319 502 319 454 320 502 320 483 320 488 291 503 291 486 291 486 321 503 321 504 321 486 291 504 291 505 291 505 322 504 322 459 322 505 291 459 291 506 291 506 291 459 291 458 291 461 291 507 291 462 291 462 323 507 323 508 323 462 324 508 324 509 324 497 291 462 291 510 291 510 325 462 325 509 325 510 291 509 291 511 291 511 326 509 326 512 326 511 291 512 291 513 291 513 327 512 327 514 327 513 328 514 328 515 328 516 291 517 291 518 291 518 329 517 329 519 329 518 330 519 330 520 330 500 291 521 291 462 291 462 331 521 331 522 331 462 291 522 291 300 291 522 332 523 332 300 332 300 333 523 333 524 333 300 334 524 334 525 334 460 291 459 291 526 291 526 335 459 335 527 335 526 291 527 291 528 291 529 291 530 291 531 291 531 336 530 336 532 336 520 291 533 291 518 291 518 337 533 337 534 337 518 291 534 291 535 291 535 338 534 338 513 338 535 291 513 291 536 291 536 291 513 291 515 291 525 291 537 291 300 291 300 339 537 339 538 339 300 340 538 340 539 340 540 291 541 291 314 291 314 341 541 341 542 341 543 291 314 291 544 291 544 342 314 342 545 342 546 291 547 291 486 291 486 343 547 343 548 343 486 344 548 344 484 344 549 291 550 291 518 291 518 345 550 345 551 345 518 346 551 346 516 346 543 291 552 291 314 291 314 347 552 347 553 347 314 348 553 348 554 348 554 349 555 349 314 349 314 350 555 350 556 350 314 351 556 351 547 351 557 291 558 291 448 291 448 352 558 352 559 352 448 353 559 353 449 353 539 354 560 354 300 354 300 355 560 355 561 355 300 356 561 356 562 356 562 291 563 291 300 291 300 357 563 357 564 357 300 291 564 291 314 291 314 358 564 358 565 358 314 359 565 359 540 359 542 291 566 291 314 291 314 360 566 360 567 360 314 361 567 361 531 361 546 291 568 291 547 291 547 362 568 362 569 362 547 291 569 291 314 291 314 363 569 363 570 363 314 364 570 364 465 364 532 291 571 291 531 291 531 365 571 365 572 365 531 366 572 366 314 366 314 367 572 367 573 367 314 368 573 368 545 368 557 291 574 291 558 291 558 369 574 369 575 369 558 370 575 370 576 370 576 371 577 371 558 371 558 372 577 372 578 372 558 373 578 373 528 373 549 291 579 291 550 291 550 374 579 374 580 374 550 291 580 291 581 291 527 291 582 291 528 291 528 375 582 375 583 375 528 376 583 376 558 376 558 377 583 377 584 377 558 291 584 291 580 291 580 378 584 378 585 378 580 379 585 379 581 379 581 291 586 291 550 291 550 380 586 380 587 380 550 291 587 291 588 291 588 381 587 381 589 381 588 291 589 291 531 291 531 382 589 382 590 382 531 383 590 383 591 383 591 291 592 291 531 291 531 384 592 384 593 384 531 385 593 385 529 385 462 53 594 53 20 53 20 53 34 53 462 53 462 53 34 53 171 53 462 53 171 53 454 53 454 53 171 53 158 53 454 53 158 53 595 53 305 4 596 4 228 4 228 386 230 386 305 386 305 387 230 387 84 387 305 388 84 388 322 388 322 389 84 389 78 389 322 4 78 4 597 4 595 390 598 390 454 390 454 390 598 390 599 390 454 391 599 391 314 391 599 392 600 392 314 392 314 393 600 393 601 393 314 394 601 394 602 394 596 390 305 390 603 390 603 395 305 395 604 395 602 396 605 396 314 396 314 397 605 397 606 397 314 398 606 398 607 398 608 399 609 399 314 399 604 400 305 400 610 400 610 390 305 390 314 390 610 390 314 390 611 390 609 390 612 390 314 390 314 401 612 401 613 401 314 402 613 402 611 402 607 390 614 390 314 390 314 403 614 403 615 403 314 404 615 404 608 404 616 405 594 405 462 405 597 405 617 405 322 405 322 406 617 406 618 406 322 405 618 405 300 405 300 407 618 407 619 407 620 408 621 408 300 408 300 409 621 409 622 409 619 405 623 405 300 405 300 410 623 410 624 410 300 411 624 411 625 411 622 405 626 405 300 405 300 412 626 412 627 412 300 413 627 413 462 413 462 414 627 414 628 414 462 415 628 415 616 415 625 405 629 405 300 405 300 405 629 405 630 405 300 416 630 416 631 416 631 405 632 405 300 405 300 417 632 417 633 417 300 418 633 418 620 418 228 419 596 419 634 419 634 420 596 420 603 420 634 421 603 421 635 421 635 422 603 422 604 422 635 423 604 423 636 423 636 424 604 424 610 424 636 425 610 425 637 425 637 426 610 426 611 426 637 427 611 427 638 427 638 428 611 428 613 428 638 429 613 429 639 429 639 430 613 430 612 430 639 431 612 431 640 431 640 432 612 432 609 432 640 433 609 433 641 433 641 434 609 434 608 434 641 435 608 435 642 435 642 435 608 435 615 435 642 436 615 436 643 436 643 437 615 437 614 437 643 438 614 438 644 438 644 439 614 439 607 439 644 440 607 440 645 440 645 441 607 441 606 441 645 442 606 442 646 442 646 443 606 443 605 443 646 444 605 444 647 444 647 445 605 445 602 445 647 446 602 446 648 446 648 447 602 447 601 447 648 448 601 448 649 448 649 449 601 449 600 449 649 450 600 450 650 450 650 451 600 451 599 451 650 452 599 452 651 452 651 453 599 453 598 453 651 454 598 454 158 454 158 454 598 454 595 454 651 405 158 405 185 405 228 405 634 405 185 405 185 455 634 455 635 455 185 405 635 405 636 405 645 456 646 456 185 456 185 457 646 457 647 457 185 458 647 458 648 458 648 405 649 405 185 405 185 459 649 459 650 459 185 460 650 460 651 460 636 461 637 461 185 461 185 462 637 462 638 462 185 463 638 463 639 463 639 464 640 464 185 464 185 465 640 465 641 465 185 466 641 466 642 466 642 405 643 405 185 405 185 467 643 467 644 467 185 468 644 468 645 468 84 419 230 419 652 419 652 420 230 420 653 420 652 421 653 421 654 421 654 469 653 469 655 469 654 423 655 423 656 423 656 424 655 424 657 424 656 425 657 425 658 425 658 470 657 470 659 470 658 427 659 427 660 427 660 471 659 471 661 471 660 429 661 429 662 429 662 430 661 430 663 430 662 472 663 472 664 472 664 432 663 432 665 432 664 473 665 473 666 473 666 434 665 434 667 434 666 474 667 474 668 474 668 475 667 475 669 475 668 436 669 436 670 436 670 437 669 437 671 437 670 438 671 438 672 438 672 439 671 439 673 439 672 441 673 441 674 441 674 440 673 440 675 440 674 442 675 442 676 442 676 443 675 443 677 443 676 445 677 445 678 445 678 445 677 445 679 445 678 476 679 476 680 476 680 447 679 447 681 447 680 448 681 448 682 448 682 449 681 449 683 449 682 477 683 477 684 477 684 478 683 478 685 478 684 452 685 452 686 452 686 479 685 479 687 479 686 454 687 454 34 454 34 454 687 454 171 454 686 405 34 405 55 405 84 405 652 405 55 405 55 455 652 455 654 455 55 405 654 405 656 405 674 405 676 405 55 405 55 480 676 480 678 480 55 481 678 481 680 481 680 482 682 482 55 482 55 483 682 483 684 483 55 484 684 484 686 484 656 405 658 405 55 405 55 462 658 462 660 462 55 405 660 405 662 405 662 405 664 405 55 405 55 405 664 405 666 405 55 485 666 485 668 485 668 405 670 405 55 405 55 486 670 486 672 486 55 487 672 487 674 487 653 390 230 390 155 390 685 390 155 390 687 390 687 390 155 390 171 390 685 390 683 390 155 390 155 390 683 390 681 390 155 390 681 390 679 390 659 488 657 488 155 488 155 390 657 390 655 390 155 489 655 489 653 489 679 390 677 390 155 390 155 490 677 490 675 490 155 491 675 491 673 491 667 390 665 390 155 390 665 492 663 492 155 492 155 493 663 493 661 493 155 494 661 494 659 494 673 390 671 390 155 390 155 390 671 390 669 390 155 495 669 495 667 495 597 419 78 419 617 419 617 420 78 420 688 420 617 496 688 496 618 496 618 422 688 422 689 422 618 497 689 497 619 497 619 498 689 498 690 498 619 499 690 499 623 499 623 426 690 426 691 426 623 427 691 427 624 427 624 428 691 428 692 428 624 429 692 429 625 429 625 430 692 430 693 430 625 472 693 472 629 472 629 432 693 432 694 432 629 500 694 500 630 500 630 501 694 501 695 501 630 474 695 474 631 474 631 475 695 475 696 475 631 436 696 436 632 436 632 437 696 437 697 437 632 439 697 439 633 439 633 438 697 438 698 438 633 440 698 440 620 440 620 441 698 441 699 441 620 502 699 502 621 502 621 503 699 503 700 503 621 445 700 445 622 445 622 445 700 445 701 445 622 446 701 446 626 446 626 447 701 447 702 447 626 448 702 448 627 448 627 449 702 449 703 449 627 477 703 477 628 477 628 478 703 478 704 478 628 452 704 452 616 452 616 453 704 453 705 453 616 454 705 454 594 454 594 454 705 454 20 454 688 390 78 390 8 390 704 504 8 504 705 504 705 390 8 390 20 390 691 390 690 390 8 390 8 505 690 505 689 505 8 506 689 506 688 506 704 507 703 507 8 507 8 508 703 508 702 508 8 509 702 509 701 509 701 390 700 390 8 390 8 510 700 510 699 510 8 511 699 511 698 511 695 512 694 512 8 512 694 492 693 492 8 492 8 390 693 390 692 390 8 513 692 513 691 513 698 390 697 390 8 390 8 390 697 390 696 390 8 390 696 390 695 390 572 514 196 514 573 514 573 514 196 514 195 514 573 515 195 515 545 515 545 516 195 516 194 516 545 517 194 517 544 517 544 518 194 518 220 518 544 519 220 519 543 519 543 520 220 520 219 520 543 521 219 521 552 521 552 522 219 522 218 522 552 523 218 523 553 523 553 523 218 523 217 523 553 524 217 524 554 524 554 525 217 525 216 525 554 526 216 526 555 526 555 527 216 527 187 527 555 528 187 528 556 528 556 529 187 529 186 529 556 530 186 530 547 530 547 531 186 531 215 531 547 532 215 532 548 532 548 533 215 533 214 533 548 534 214 534 484 534 484 535 214 535 213 535 484 536 213 536 485 536 485 536 213 536 212 536 485 537 212 537 487 537 487 538 212 538 211 538 487 539 211 539 488 539 488 540 211 540 210 540 488 541 210 541 503 541 503 542 210 542 225 542 503 543 225 543 504 543 504 544 225 544 224 544 504 545 224 545 459 545 459 545 224 545 222 545 459 546 222 546 527 546 527 547 222 547 152 547 527 548 152 548 582 548 582 549 152 549 168 549 582 550 168 550 583 550 583 551 168 551 167 551 583 552 167 552 584 552 584 553 167 553 166 553 584 554 166 554 585 554 585 555 166 555 165 555 585 556 165 556 581 556 581 557 165 557 200 557 581 558 200 558 586 558 586 559 200 559 199 559 586 560 199 560 587 560 587 561 199 561 198 561 587 562 198 562 589 562 589 563 198 563 190 563 589 564 190 564 590 564 590 565 190 565 189 565 590 566 189 566 591 566 591 566 189 566 188 566 591 567 188 567 592 567 592 568 188 568 164 568 592 569 164 569 593 569 593 570 164 570 163 570 593 571 163 571 529 571 529 572 163 572 162 572 529 573 162 573 530 573 530 574 162 574 154 574 530 575 154 575 532 575 532 576 154 576 153 576 532 577 153 577 571 577 571 578 153 578 197 578 571 579 197 579 572 579 572 580 197 580 196 580 568 581 221 581 569 581 569 514 221 514 223 514 569 582 223 582 570 582 570 583 223 583 206 583 570 518 206 518 465 518 465 517 206 517 205 517 465 584 205 584 466 584 466 520 205 520 204 520 466 585 204 585 467 585 467 522 204 522 184 522 467 586 184 586 491 586 491 523 184 523 183 523 491 524 183 524 492 524 492 587 183 587 193 587 492 526 193 526 493 526 493 527 193 527 192 527 493 528 192 528 478 528 478 529 192 529 191 529 478 588 191 588 477 588 477 589 191 589 182 589 477 590 182 590 476 590 476 533 182 533 181 533 476 591 181 591 494 591 494 535 181 535 180 535 494 536 180 536 495 536 495 592 180 592 177 592 495 537 177 537 496 537 496 593 177 593 176 593 496 539 176 539 501 539 501 594 176 594 175 594 501 542 175 542 502 542 502 542 175 542 157 542 502 543 157 543 483 543 483 544 157 544 156 544 483 545 156 545 482 545 482 545 156 545 174 545 482 546 174 546 481 546 481 547 174 547 173 547 481 548 173 548 448 548 448 549 173 549 179 549 448 550 179 550 557 550 557 550 179 550 178 550 557 595 178 595 574 595 574 553 178 553 172 553 574 596 172 596 575 596 575 555 172 555 170 555 575 597 170 597 576 597 576 557 170 557 169 557 576 558 169 558 577 558 577 598 169 598 203 598 577 560 203 560 578 560 578 599 203 599 202 599 578 600 202 600 528 600 528 601 202 601 201 601 528 564 201 564 526 564 526 565 201 565 209 565 526 566 209 566 460 566 460 566 209 566 208 566 460 602 208 602 457 602 457 568 208 568 207 568 457 569 207 569 458 569 458 603 207 603 161 603 458 571 161 571 506 571 506 604 161 604 160 604 506 573 160 573 505 573 505 605 160 605 159 605 505 576 159 576 486 576 486 575 159 575 151 575 486 606 151 606 546 606 546 607 151 607 150 607 546 579 150 579 568 579 568 608 150 608 221 608 580 609 38 609 558 609 558 610 38 610 36 610 558 611 36 611 559 611 559 612 36 612 35 612 559 613 35 613 449 613 449 614 35 614 5 614 449 615 5 615 450 615 450 616 5 616 4 616 450 617 4 617 451 617 451 618 4 618 3 618 451 619 3 619 452 619 452 620 3 620 1 620 452 621 1 621 453 621 453 621 1 621 0 621 453 622 0 622 479 622 479 622 0 622 25 622 479 528 25 528 480 528 480 529 25 529 47 529 480 588 47 588 468 588 468 589 47 589 46 589 468 623 46 623 469 623 469 624 46 624 45 624 469 625 45 625 470 625 470 625 45 625 44 625 470 626 44 626 455 626 455 627 44 627 52 627 455 628 52 628 456 628 456 629 52 629 51 629 456 630 51 630 471 630 471 631 51 631 33 631 471 632 33 632 472 632 472 633 33 633 32 633 472 634 32 634 473 634 473 635 32 635 75 635 473 636 75 636 474 636 474 637 75 637 74 637 474 638 74 638 475 638 475 638 74 638 73 638 475 639 73 639 489 639 489 640 73 640 66 640 489 641 66 641 490 641 490 642 66 642 65 642 490 643 65 643 464 643 464 644 65 644 64 644 464 596 64 596 463 596 463 555 64 555 22 555 463 645 22 645 461 645 461 646 22 646 21 646 461 647 21 647 507 647 507 648 21 648 19 648 507 560 19 560 508 560 508 599 19 599 18 599 508 600 18 600 509 600 509 601 18 601 43 601 509 564 43 564 512 564 512 565 43 565 42 565 512 566 42 566 514 566 514 566 42 566 41 566 514 649 41 649 515 649 515 650 41 650 17 650 515 651 17 651 536 651 536 652 17 652 16 652 536 571 16 571 535 571 535 604 16 604 15 604 535 653 15 653 518 653 518 654 15 654 14 654 518 655 14 655 549 655 549 656 14 656 40 656 549 657 40 657 579 657 579 658 40 658 39 658 579 659 39 659 580 659 580 660 39 660 38 660 563 661 72 661 564 661 564 610 72 610 71 610 564 662 71 662 565 662 565 663 71 663 70 663 565 664 70 664 540 664 540 665 70 665 63 665 540 666 63 666 541 666 541 616 63 616 62 616 541 667 62 667 542 667 542 618 62 618 61 618 542 668 61 668 566 668 566 620 61 620 60 620 566 621 60 621 567 621 567 669 60 669 59 669 567 622 59 622 531 622 531 622 59 622 58 622 531 528 58 528 588 528 588 529 58 529 57 529 588 530 57 530 550 530 550 531 57 531 56 531 550 670 56 670 551 670 551 624 56 624 54 624 551 671 54 671 516 671 516 625 54 625 53 625 516 626 53 626 517 626 517 672 53 672 50 672 517 628 50 628 519 628 519 673 50 673 49 673 519 630 49 630 520 630 520 674 49 674 48 674 520 675 48 675 533 675 533 633 48 633 69 633 533 634 69 634 534 634 534 635 69 635 68 635 534 636 68 636 513 636 513 637 68 637 67 637 513 638 67 638 511 638 511 638 67 638 27 638 511 639 27 639 510 639 510 640 27 640 26 640 510 641 26 641 497 641 497 676 26 676 24 676 497 677 24 677 498 677 498 644 24 644 23 644 498 554 23 554 499 554 499 555 23 555 31 555 499 646 31 646 500 646 500 646 31 646 2 646 500 647 2 647 521 647 521 678 2 678 37 678 521 560 37 560 522 560 522 561 37 561 30 561 522 562 30 562 523 562 523 563 30 563 29 563 523 564 29 564 524 564 524 565 29 565 28 565 524 566 28 566 525 566 525 566 28 566 13 566 525 679 13 679 537 679 537 650 13 650 12 650 537 651 12 651 538 651 538 651 12 651 11 651 538 571 11 571 539 571 539 572 11 572 10 572 539 653 10 653 560 653 560 680 10 680 9 680 560 681 9 681 561 681 561 682 9 682 7 682 561 683 7 683 562 683 562 684 7 684 6 684 562 659 6 659 563 659 563 659 6 659 72 659 339 685 229 685 340 685 340 685 229 685 227 685 340 686 227 686 341 686 341 687 227 687 226 687 341 688 226 688 342 688 342 689 226 689 236 689 342 690 236 690 303 690 303 691 236 691 235 691 303 692 235 692 304 692 304 693 235 693 234 693 304 694 234 694 323 694 323 695 234 695 233 695 323 696 233 696 324 696 324 696 233 696 248 696 324 697 248 697 325 697 325 698 248 698 247 698 325 699 247 699 333 699 333 699 247 699 245 699 333 700 245 700 332 700 332 701 245 701 246 701 332 702 246 702 331 702 331 703 246 703 266 703 331 704 266 704 343 704 343 704 266 704 265 704 343 705 265 705 344 705 344 706 265 706 264 706 344 707 264 707 345 707 345 708 264 708 263 708 345 709 263 709 355 709 355 710 263 710 262 710 355 711 262 711 356 711 356 712 262 712 253 712 356 713 253 713 357 713 357 714 253 714 252 714 357 715 252 715 328 715 328 715 252 715 297 715 328 716 297 716 359 716 359 716 297 716 239 716 359 717 239 717 445 717 445 718 239 718 244 718 445 719 244 719 352 719 352 720 244 720 243 720 352 721 243 721 351 721 351 722 243 722 242 722 351 723 242 723 349 723 349 724 242 724 241 724 349 725 241 725 407 725 407 726 241 726 240 726 407 727 240 727 408 727 408 727 240 727 259 727 408 728 259 728 409 728 409 728 259 728 258 728 409 729 258 729 440 729 440 730 258 730 257 730 440 731 257 731 441 731 441 731 257 731 256 731 441 732 256 732 442 732 442 732 256 732 255 732 442 733 255 733 353 733 353 733 255 733 254 733 353 734 254 734 354 734 354 735 254 735 251 735 354 736 251 736 376 736 376 737 251 737 250 737 376 738 250 738 377 738 377 739 250 739 249 739 377 740 249 740 337 740 337 741 249 741 232 741 337 742 232 742 338 742 338 743 232 743 231 743 338 744 231 744 339 744 339 744 231 744 229 744 420 745 96 745 421 745 421 746 96 746 140 746 421 747 140 747 400 747 400 748 140 748 141 748 400 749 141 749 401 749 401 689 141 689 94 689 401 690 94 690 403 690 403 750 94 750 93 750 403 751 93 751 415 751 415 752 93 752 121 752 415 753 121 753 358 753 358 754 121 754 107 754 358 696 107 696 423 696 423 755 107 755 106 755 423 697 106 697 424 697 424 698 106 698 105 698 424 756 105 756 426 756 426 757 105 757 104 757 426 758 104 758 406 758 406 759 104 759 101 759 406 702 101 702 360 702 360 703 101 703 102 703 360 760 102 760 361 760 361 704 102 704 103 704 361 761 103 761 362 761 362 762 103 762 126 762 362 707 126 707 309 707 309 763 126 763 125 763 309 764 125 764 310 764 310 710 125 710 100 710 310 711 100 711 329 711 329 765 100 765 99 765 329 766 99 766 330 766 330 767 99 767 149 767 330 768 149 768 301 768 301 768 149 768 148 768 301 769 148 769 302 769 302 769 148 769 147 769 302 770 147 770 306 770 306 771 147 771 137 771 306 719 137 719 307 719 307 719 137 719 136 719 307 772 136 772 308 772 308 773 136 773 135 773 308 774 135 774 334 774 334 775 135 775 132 775 334 776 132 776 335 776 335 777 132 777 131 777 335 727 131 727 336 727 336 727 131 727 130 727 336 778 130 778 363 778 363 779 130 779 120 779 363 780 120 780 364 780 364 781 120 781 119 781 364 782 119 782 365 782 365 783 119 783 118 783 365 784 118 784 383 784 383 785 118 785 117 785 383 733 117 733 347 733 347 733 117 733 116 733 347 786 116 786 348 786 348 787 116 787 115 787 348 788 115 788 397 788 397 789 115 789 114 789 397 790 114 790 398 790 398 791 114 791 90 791 398 792 90 792 399 792 399 741 90 741 91 741 399 793 91 793 419 793 419 794 91 794 92 794 419 795 92 795 420 795 420 796 92 796 96 796 435 797 86 797 350 797 350 797 86 797 85 797 350 747 85 747 410 747 410 748 85 748 83 748 410 749 83 749 411 749 411 689 83 689 82 689 411 690 82 690 412 690 412 750 82 750 113 750 412 798 113 798 436 798 436 693 113 693 112 693 436 799 112 799 437 799 437 800 112 800 111 800 437 696 111 696 438 696 438 755 111 755 146 755 438 697 146 697 443 697 443 698 146 698 145 698 443 756 145 756 444 756 444 757 145 757 134 757 444 758 134 758 446 758 446 759 134 759 133 759 446 702 133 702 447 702 447 703 133 703 144 703 447 760 144 760 432 760 432 704 144 704 143 704 432 761 143 761 433 761 433 762 143 762 142 762 433 707 142 707 439 707 439 763 142 763 110 763 439 764 110 764 413 764 413 710 110 710 109 710 413 711 109 711 414 711 414 765 109 765 108 765 414 766 108 766 402 766 402 767 108 767 95 767 402 768 95 768 346 768 346 768 95 768 139 768 346 769 139 769 382 769 382 769 139 769 138 769 382 770 138 770 366 770 366 771 138 771 129 771 366 719 129 719 367 719 367 719 129 719 128 719 367 772 128 772 368 772 368 773 128 773 127 773 368 774 127 774 369 774 369 775 127 775 124 775 369 776 124 776 370 776 370 777 124 777 123 777 370 727 123 727 371 727 371 727 123 727 122 727 371 778 122 778 372 778 372 779 122 779 97 779 372 780 97 780 320 780 320 781 97 781 98 781 320 782 98 782 321 782 321 783 98 783 89 783 321 784 89 784 373 784 373 785 89 785 88 785 373 733 88 733 374 733 374 733 88 733 87 733 374 801 87 801 375 801 375 802 87 802 81 802 375 803 81 803 384 803 384 804 81 804 80 804 384 790 80 790 385 790 385 791 80 791 79 791 385 792 79 792 386 792 386 741 79 741 77 741 386 793 77 793 434 793 434 794 77 794 76 794 434 805 76 805 435 805 435 805 76 805 86 805 430 806 298 806 431 806 431 807 298 807 296 807 431 686 296 686 390 686 390 687 296 687 295 687 390 688 295 688 391 688 391 689 295 689 294 689 391 690 294 690 392 690 392 691 294 691 293 691 392 808 293 808 393 808 393 752 293 752 292 752 393 809 292 809 394 809 394 810 292 810 291 810 394 696 291 696 416 696 416 696 291 696 290 696 416 697 290 697 417 697 417 698 290 698 289 698 417 699 289 699 418 699 418 699 289 699 288 699 418 700 288 700 378 700 378 701 288 701 287 701 378 702 287 702 379 702 379 703 287 703 286 703 379 704 286 704 395 704 395 704 286 704 272 704 395 705 272 705 396 705 396 706 272 706 271 706 396 707 271 707 312 707 312 708 271 708 270 708 312 709 270 709 313 709 313 710 270 710 267 710 313 711 267 711 315 711 315 712 267 712 268 712 315 713 268 713 316 713 316 714 268 714 269 714 316 715 269 715 318 715 318 715 269 715 285 715 318 716 285 716 319 716 319 716 285 716 284 716 319 717 284 717 317 717 317 718 284 718 283 718 317 719 283 719 311 719 311 720 283 720 282 720 311 721 282 721 422 721 422 722 282 722 281 722 422 723 281 723 404 723 404 724 281 724 280 724 404 725 280 725 405 725 405 726 280 726 279 726 405 727 279 727 428 727 428 727 279 727 278 727 428 728 278 728 427 728 427 728 278 728 277 728 427 729 277 729 425 729 425 730 277 730 276 730 425 731 276 731 380 731 380 731 276 731 275 731 380 732 275 732 381 732 381 732 275 732 274 732 381 733 274 733 326 733 326 733 274 733 273 733 326 811 273 811 327 811 327 812 273 812 261 812 327 813 261 813 387 813 387 814 261 814 260 814 387 738 260 738 388 738 388 739 260 739 238 739 388 740 238 740 389 740 389 741 238 741 237 741 389 742 237 742 429 742 429 743 237 743 299 743 429 815 299 815 430 815 430 816 299 816 298 816</p>
        </triangles>
      </mesh>
    </geometry>
  </library_geometries>
  <library_visual_scenes>
    <visual_scene id="Scene" name="Scene">
      <node id="mmo_700_base_plates" name="mmo_700_base_plates" type="NODE">
        <matrix sid="transform">1 0 0 0 0 1 0 0 0 0 1 0.44 0 0 0 1</matrix>
        <instance_geometry url="#mmo_700_base_plates-mesh" name="mmo_700_base_plates"/>
      </node>
      <node id="MMO_700_dual_-_robot_rail-2" name="MMO_700_dual - robot_rail-2" type="NODE">
        <matrix sid="transform">1 0 0 -0.26 0 1 0 -0.447 0 0 1 -0.7670288 0 0 0 1</matrix>
        <instance_geometry url="#MMO_700_dual_-_robot_rail-2-mesh" name="MMO_700_dual - robot_rail-2"/>
      </node>
      <node id="MMO_700_dual_-_robot_rail-1" name="MMO_700_dual - robot_rail-1" type="NODE">
        <matrix sid="transform">1 0 0 -0.26 0 1 0 -0.447 0 0 1 -0.7670288 0 0 0 1</matrix>
        <instance_geometry url="#MMO_700_dual_-_robot_rail-1-mesh" name="MMO_700_dual - robot_rail-1"/>
      </node>
      <node id="MMO_700_dual_-_rail_cover-2" name="MMO_700_dual - rail_cover-2" type="NODE">
        <matrix sid="transform">1 0 0 -0.26 0 1 0 -0.447 0 0 1 -0.7670288 0 0 0 1</matrix>
        <instance_geometry url="#MMO_700_dual_-_rail_cover-2-mesh" name="MMO_700_dual - rail_cover-2"/>
      </node>
      <node id="MMO_700_dual_-_rail_cover-1" name="MMO_700_dual - rail_cover-1" type="NODE">
        <matrix sid="transform">1 0 0 -0.26 0 1 0 -0.447 0 0 1 -0.7670288 0 0 0 1</matrix>
        <instance_geometry url="#MMO_700_dual_-_rail_cover-1-mesh" name="MMO_700_dual - rail_cover-1"/>
      </node>
      <node id="MMO_700_dual_-_bracket_single-4" name="MMO_700_dual - bracket_single-4" type="NODE">
        <matrix sid="transform">1 0 0 -0.26 0 1 0 -0.447 0 0 1 -0.7670288 0 0 0 1</matrix>
        <instance_geometry url="#MMO_700_dual_-_bracket_single-4-mesh" name="MMO_700_dual - bracket_single-4"/>
      </node>
      <node id="MMO_700_dual_-_bracket_single-3" name="MMO_700_dual - bracket_single-3" type="NODE">
        <matrix sid="transform">1 0 0 -0.26 0 1 0 -0.447 0 0 1 -0.7670288 0 0 0 1</matrix>
        <instance_geometry url="#MMO_700_dual_-_bracket_single-3-mesh" name="MMO_700_dual - bracket_single-3"/>
      </node>
      <node id="MMO_700_dual_-_bracket_single-2" name="MMO_700_dual - bracket_single-2" type="NODE">
        <matrix sid="transform">1 0 0 -0.26 0 1 0 -0.447 0 0 1 -0.7670288 0 0 0 1</matrix>
        <instance_geometry url="#MMO_700_dual_-_bracket_single-2-mesh" name="MMO_700_dual - bracket_single-2"/>
      </node>
      <node id="MMO_700_dual_-_bracket_single-1" name="MMO_700_dual - bracket_single-1" type="NODE">
        <matrix sid="transform">1 0 0 -0.26 0 1 0 -0.447 0 0 1 -0.7670288 0 0 0 1</matrix>
        <instance_geometry url="#MMO_700_dual_-_bracket_single-1-mesh" name="MMO_700_dual - bracket_single-1"/>
      </node>
      <node id="MMO_700_dual_-_bracket-2" name="MMO_700_dual - bracket-2" type="NODE">
        <matrix sid="transform">1 0 0 -0.26 0 1 0 -0.447 0 0 1 -0.7670288 0 0 0 1</matrix>
        <instance_geometry url="#MMO_700_dual_-_bracket-2-mesh" name="MMO_700_dual - bracket-2"/>
      </node>
      <node id="MMO_700_dual_-_bracket-1" name="MMO_700_dual - bracket-1" type="NODE">
        <matrix sid="transform">1 0 0 -0.26 0 1 0 -0.447 0 0 1 -0.767 0 0 0 1</matrix>
        <instance_geometry url="#MMO_700_dual_-_bracket-1-mesh" name="MMO_700_dual - bracket-1"/>
      </node>
      <node id="Light" name="Light" type="NODE">
        <matrix sid="transform">-0.2908646 -0.7711008 0.5663932 4.076245 0.9551712 -0.1998834 0.2183912 1.005454 -0.05518906 0.6045247 0.7946723 5.903862 0 0 0 1</matrix>
        <instance_light url="#Light-light"/>
      </node>
    </visual_scene>
  </library_visual_scenes>
  <scene>
    <instance_visual_scene url="#Scene"/>
  </scene>
</COLLADA>