<?xml version="1.0" encoding="utf-8"?>
<COLLADA xmlns="http://www.collada.org/2005/11/COLLADASchema" version="1.4.1" xmlns:xsi="http://www.w3.org/2001/XMLSchema-instance">
  <asset>
    <contributor>
      <author>Blender User</author>
      <authoring_tool>Blender 3.0.1</authoring_tool>
    </contributor>
    <created>2026-06-18T20:41:29</created>
    <modified>2026-06-18T20:41:29</modified>
    <unit name="meter" meter="1"/>
    <up_axis>Z_UP</up_axis>
  </asset>
  <library_images/>
  <library_geometries>
    <geometry id="MMO_700_dual_-_robot_rail-2-mesh" name="MMO_700_dual - robot_rail-2">
      <mesh>
        <source id="MMO_700_dual_-_robot_rail-2-mesh-positions">
          <float_array id="MMO_700_dual_-_robot_rail-2-mesh-positions-array" count="612">0.247605 0.50811 1.646951 0.242605 0.50811 1.646951 0.242605 0.50211 1.646951 0.277605 0.50211 1.646951 0.277605 0.50811 1.646951 0.272605 0.50811 1.646951 0.247605 0.54111 1.646951 0.272605 0.53681 1.646951 0.272605 0.54111 1.646951 0.247605 0.51241 1.646951 0.245105 0.51511 1.646951 0.292605 0.50811 1.646951 0.287605 0.50811 1.646951 0.287605 0.50211 1.646951 0.242605 0.54111 1.646951 0.242605 0.54711 1.646951 0.277605 0.54711 1.646951 0.277605 0.54111 1.646951 0.232605 0.50211 1.646951 0.232605 0.50811 1.646951 0.220105 0.50211 1.646951 0.227605 0.50811 1.646951 0.290105 0.53411 1.646951 0.275105 0.53411 1.646951 0.292105 0.53211 1.646951 0.221105 0.51961 1.646951 0.2151049 0.51961 1.646951 0.221105 0.51461 1.646951 0.2151049 0.50711 1.646951 0.305105 0.51961 1.646951 0.299105 0.51961 1.646951 0.305105 0.50711 1.646951 0.299105 0.51461 1.646951 0.292605 0.53681 1.646951 0.294805 0.53461 1.646951 0.299105 0.53461 1.646951 0.299105 0.52961 1.646951 0.305105 0.52961 1.646951 0.305105 0.54211 1.646951 0.305029 0.5429782 1.646951 0.3048034 0.5438201 1.646951 0.3044351 0.54461 1.646951 0.3039352 0.5453239 1.646951 0.3033189 0.5459402 1.646951 0.275105 0.51511 1.646951 0.290105 0.51511 1.646951 0.292105 0.51711 1.646951 0.287605 0.54711 1.646951 0.287605 0.54111 1.646951 0.300105 0.54711 1.646951 0.292605 0.54111 1.646951 0.3009732 0.547034 1.646951 0.232605 0.54111 1.646951 0.232605 0.54711 1.646951 0.227605 0.54111 1.646951 0.220105 0.54711 1.646951 0.2192367 0.547034 1.646951 0.2183949 0.5468085 1.646951 0.217605 0.5464401 1.646951 0.2168911 0.5459402 1.646951 0.2162747 0.5453239 1.646951 0.2157748 0.54461 1.646951 0.2154065 0.5438201 1.646951 0.2151809 0.5429782 1.646951 0.2151049 0.54211 1.646951 0.227605 0.53681 1.646951 0.272605 0.51241 1.646951 0.228105 0.53211 1.646951 0.230105 0.51511 1.646951 0.228105 0.51711 1.646951 0.227605 0.51241 1.646951 0.225405 0.51461 1.646951 0.2151049 0.52961 1.646951 0.221105 0.52961 1.646951 0.221105 0.53461 1.646951 0.225405 0.53461 1.646951 0.230105 0.53411 1.646951 0.245105 0.53411 1.646951 0.247605 0.53681 1.646951 0.302605 0.5464401 1.646951 0.3018151 0.5468085 1.646951 0.2151665 0.5063278 1.646951 0.2153497 0.5055649 1.646951 0.21565 0.50484 1.646951 0.2185599 0.5023547 1.646951 0.217835 0.502655 1.646951 0.2171661 0.5030649 1.646951 0.2193228 0.5021716 1.646951 0.294805 0.51461 1.646951 0.292605 0.51241 1.646951 0.2160599 0.5041711 1.646951 0.2165694 0.5035744 1.646951 0.3036406 0.5035744 1.646951 0.3041501 0.5041711 1.646951 0.30456 0.50484 1.646951 0.3048603 0.5055649 1.646951 0.3050435 0.5063278 1.646951 0.300105 0.50211 1.646951 0.3008872 0.5021716 1.646951 0.3016501 0.5023547 1.646951 0.302375 0.502655 1.646951 0.3030439 0.5030649 1.646951 0.272605 0.50811 0.7669515 0.277605 0.50811 0.7669515 0.277605 0.50211 0.7669515 0.272605 0.54111 0.7669515 0.247605 0.53681 0.7669515 0.247605 0.54111 0.7669515 0.277605 0.54111 0.7669515 0.277605 0.54711 0.7669515 0.242605 0.54711 0.7669515 0.242605 0.54111 0.7669515 0.242605 0.50211 0.7669515 0.242605 0.50811 0.7669515 0.247605 0.50811 0.7669515 0.292605 0.54111 0.7669515 0.287605 0.54111 0.7669515 0.287605 0.54711 0.7669515 0.232605 0.50811 0.7669515 0.232605 0.50211 0.7669515 0.227605 0.50811 0.7669515 0.220105 0.50211 0.7669515 0.272605 0.51241 0.7669515 0.275105 0.51511 0.7669515 0.299105 0.51461 0.7669515 0.299105 0.51961 0.7669515 0.305105 0.51961 0.7669515 0.287605 0.50211 0.7669515 0.287605 0.50811 0.7669515 0.300105 0.50211 0.7669515 0.292605 0.50811 0.7669515 0.3008872 0.5021716 0.7669515 0.2151049 0.54211 0.7669515 0.2151809 0.5429782 0.7669515 0.227605 0.54111 0.7669515 0.230105 0.53411 0.7669515 0.228105 0.53211 0.7669515 0.227605 0.53681 0.7669515 0.225405 0.53461 0.7669515 0.221105 0.53461 0.7669515 0.221105 0.52961 0.7669515 0.2151049 0.52961 0.7669515 0.3039352 0.5453239 0.7669515 0.3044351 0.54461 0.7669515 0.3048034 0.5438201 0.7669515 0.305029 0.5429782 0.7669515 0.305105 0.54211 0.7669515 0.292605 0.53681 0.7669515 0.245105 0.53411 0.7669515 0.245105 0.51511 0.7669515 0.230105 0.51511 0.7669515 0.2154065 0.5438201 0.7669515 0.2157748 0.54461 0.7669515 0.2162747 0.5453239 0.7669515 0.2168911 0.5459402 0.7669515 0.217605 0.5464401 0.7669515 0.2183949 0.5468085 0.7669515 0.232605 0.54711 0.7669515 0.232605 0.54111 0.7669515 0.220105 0.54711 0.7669515 0.2192367 0.547034 0.7669515 0.305105 0.50711 0.7669515 0.3050435 0.5063278 0.7669515 0.3048603 0.5055649 0.7669515 0.30456 0.50484 0.7669515 0.305105 0.52961 0.7669515 0.299105 0.52961 0.7669515 0.299105 0.53461 0.7669515 0.294805 0.53461 0.7669515 0.290105 0.53411 0.7669515 0.292105 0.53211 0.7669515 0.275105 0.53411 0.7669515 0.247605 0.51241 0.7669515 0.272605 0.53681 0.7669515 0.300105 0.54711 0.7669515 0.3009732 0.547034 0.7669515 0.3018151 0.5468085 0.7669515 0.294805 0.51461 0.7669515 0.292605 0.51241 0.7669515 0.292105 0.51711 0.7669515 0.290105 0.51511 0.7669515 0.3041501 0.5041711 0.7669515 0.3036406 0.5035744 0.7669515 0.3030439 0.5030649 0.7669515 0.227605 0.51241 0.7669515 0.225405 0.51461 0.7669515 0.228105 0.51711 0.7669515 0.302605 0.5464401 0.7669515 0.3033189 0.5459402 0.7669515 0.221105 0.51461 0.7669515 0.2193228 0.5021716 0.7669515 0.2185599 0.5023547 0.7669515 0.2151049 0.51961 0.7669515 0.221105 0.51961 0.7669515 0.2151049 0.50711 0.7669515 0.2151665 0.5063278 0.7669515 0.2153497 0.5055649 0.7669515 0.302375 0.502655 0.7669515 0.3016501 0.5023547 0.7669515 0.217835 0.502655 0.7669515 0.2171661 0.5030649 0.7669515 0.2165694 0.5035744 0.7669515 0.2160599 0.5041711 0.7669515 0.21565 0.50484 0.7669515</float_array>
          <technique_common>
            <accessor source="#MMO_700_dual_-_robot_rail-2-mesh-positions-array" count="204" stride="3">
              <param name="X" type="float"/>
              <param name="Y" type="float"/>
              <param name="Z" type="float"/>
            </accessor>
          </technique_common>
        </source>
        <source id="MMO_700_dual_-_robot_rail-2-mesh-normals">
          <float_array id="MMO_700_dual_-_robot_rail-2-mesh-normals-array" count="525">0 0 1 -4.96703e-5 0 1 6.20867e-5 0 1 4.96703e-5 0 1 -1.17885e-4 0 1 3.77198e-5 0 1 -9.51946e-5 0 1 -1.15334e-5 0 1 1.5522e-5 0 1 2.58813e-5 0 1 7.55325e-5 0 1 -1.76986e-4 0 1 1.71867e-4 0 1 -9.72195e-5 0 1 4.5672e-5 0 1 -6.5689e-5 0 1 4.27972e-5 0 1 -2.13047e-5 0 1 3.4653e-5 0 1 7.87612e-6 0 1 -6.20867e-5 0 1 -1.50338e-5 0 1 -4.0705e-5 0 1 1.64111e-5 0 1 -4.12448e-5 0 1 -2.21855e-5 0 1 -3.6137e-4 0 1 7.70036e-5 0 1 6.76001e-5 0 1 2.36644e-4 0 1 -3.00668e-5 0 1 -2.23894e-5 0 1 2.2362e-4 0 1 -2.09408e-4 0 1 -2.49366e-5 0 1 4.82559e-5 0 1 2.71018e-4 0 1 -2.5026e-4 0 1 3.04196e-5 0 1 0 0 -1 -1.64101e-5 0 -1 -1.80668e-4 0 -1 -6.49744e-6 0 -1 1.09486e-5 0 -1 -1.09482e-5 0 -1 2.2836e-5 0 -1 4.62718e-5 0 -1 -3.68721e-5 0 -1 1.61134e-4 0 -1 -1.35465e-4 0 -1 -1.18607e-5 0 -1 1.52644e-5 0 -1 -2.23879e-5 0 -1 1.81193e-5 0 -1 -3.15025e-5 0 -1 3.56488e-6 0 -1 -8.30924e-5 0 -1 6.77358e-5 0 -1 3.98e-6 0 -1 -4.47748e-5 0 -1 6.20882e-5 0 -1 -1.10452e-6 0 -1 7.87612e-6 0 -1 1.30871e-5 0 -1 -1.39778e-5 0 -1 1.01758e-5 0 -1 -6.20882e-5 0 -1 -4.62718e-5 0 -1 1.21524e-5 0 -1 5.69426e-5 0 -1 3.85455e-5 0 -1 -8.02819e-5 0 -1 9.14411e-5 0 -1 -1.93064e-4 0 -1 1.87002e-5 0 -1 6.54399e-5 0 -1 -7.6052e-5 0 -1 -1 0 0 1 0 0 0 -1 0 0 1 0 0.733756 0.6794131 0 -0.733756 0.6794131 0 0.7337514 0.6794182 0 -0.7337605 0.6794082 0 -0.7337514 0.6794182 0 -0.7337588 -0.6794102 0 -0.733768 -0.6794002 0 0.7337633 -0.6794052 0 0.7337588 -0.6794101 0 -0.7337633 -0.6794052 0 -0.7337634 -0.6794052 0 0.7337634 -0.6794052 0 0.07847559 -0.9969161 0 0.07847559 -0.9969161 0 0.2333729 -0.9723874 0 0.2333925 -0.9723827 0 0.3827527 -0.9238508 0 0.3826918 -0.9238762 0 0.522499 -0.85264 0 0.5225375 -0.8526163 0 0.649423 -0.7604274 0 0.6493803 -0.760464 0 0.7604668 -0.6493769 0 0.7604241 -0.6494269 0 0.8526082 -0.5225509 0 0.8526082 -0.5225508 0 0.9239146 -0.382599 0 0.9238535 -0.3827465 0 0.9723707 -0.2334424 0 0.9723707 -0.2334424 0 0.9969232 -0.07838475 0 0.9969165 -0.07847058 0 0.9961915 0.08719325 0 0.9961982 0.08711612 0 0.9659332 0.2587921 0 0.9659331 0.258792 0 0.9063069 0.4226204 0 0.9063068 0.4226204 0 0.8191388 0.5735955 0 0.8191387 0.5735955 0 0.7071146 0.707099 0 0.7071534 0.7070602 0 0.5735594 0.819164 0 0.5735958 0.8191386 0 0.4226089 0.9063121 0 0.4226387 0.9062983 0 0.2587885 0.965934 0 0.08719974 0.996191 0 0.08719295 0.9961915 0 -0.9969165 -0.07847058 0 -0.9969165 -0.07847058 0 -0.9723707 -0.2334424 0 -0.9723707 -0.2334424 0 -0.923884 -0.3826727 0 -0.923884 -0.3826729 0 -0.8526466 -0.5224881 0 -0.8526082 -0.5225508 0 -0.7604242 -0.6494268 0 -0.7604454 -0.6494019 0 -0.6494016 -0.7604456 0 -0.6494016 -0.7604457 0 -0.5225182 -0.8526282 0 -0.5225183 -0.8526281 0 -0.382707 -0.9238699 0 -0.3827375 -0.9238572 0 -0.2333827 -0.972385 0 -0.2333827 -0.972385 0 -0.07847225 -0.9969164 0 -0.07847899 -0.9969158 0 -0.08719635 0.9961912 0 -0.08719295 0.9961915 0 -0.2587885 0.965934 0 -0.4226388 0.9062983 0 -0.4226387 0.9062983 0 -0.5735776 0.8191513 0 -0.5735775 0.8191513 0 -0.7071146 0.707099 0 -0.7071145 0.707099 0 -0.8191571 0.5735694 0 -0.819157 0.5735695 0 -0.9063069 0.4226204 0 -0.9063068 0.4226204 0 -0.9659234 0.2588283 0 -0.9659234 0.2588283 0 -0.9961948 0.08715468 0 -0.9961948 0.08715468 0 0.6794046 0.7337638 0 0.6794138 0.7337554 0 0.6794139 -0.7337554 0 0.6794046 -0.7337639 0 -0.6794046 -0.7337638 0 -0.6794092 -0.7337597 0 -0.6794093 0.7337596 0 -0.6794046 0.7337639 0</float_array>
          <technique_common>
            <accessor source="#MMO_700_dual_-_robot_rail-2-mesh-normals-array" count="175" stride="3">
              <param name="X" type="float"/>
              <param name="Y" type="float"/>
              <param name="Z" type="float"/>
            </accessor>
          </technique_common>
        </source>
        <vertices id="MMO_700_dual_-_robot_rail-2-mesh-vertices">
          <input semantic="POSITION" source="#MMO_700_dual_-_robot_rail-2-mesh-positions"/>
        </vertices>
        <triangles count="404">
          <input semantic="VERTEX" source="#MMO_700_dual_-_robot_rail-2-mesh-vertices" offset="0"/>
          <input semantic="NORMAL" source="#MMO_700_dual_-_robot_rail-2-mesh-normals" offset="1"/>
          <p>0 0 1 0 2 0 3 0 4 0 5 0 6 0 7 0 8 0 2 0 3 0 0 0 0 0 3 0 5 0 0 0 5 0 9 0 9 0 5 0 10 0 11 0 12 0 13 0 14 0 6 0 15 0 15 0 6 0 8 0 15 0 8 0 16 0 16 0 8 0 17 0 18 0 19 0 20 0 20 0 19 0 21 0 22 0 23 0 24 0 25 0 26 0 27 0 27 1 26 1 28 1 29 0 30 0 31 0 31 2 30 2 32 2 22 0 24 0 33 0 33 0 24 0 34 0 33 0 34 0 35 0 36 0 37 0 35 0 35 3 37 3 38 3 35 0 38 0 33 0 33 0 38 0 39 0 33 4 39 4 40 4 40 0 41 0 33 0 33 5 41 5 42 5 33 6 42 6 43 6 23 7 44 7 24 7 24 0 44 0 45 0 24 8 45 8 46 8 47 0 48 0 49 0 49 0 48 0 50 0 49 0 50 0 51 0 51 9 50 9 33 9 52 0 53 0 54 0 54 0 53 0 55 0 54 10 55 10 56 10 56 0 57 0 54 0 54 11 57 11 58 11 54 12 58 12 59 12 59 13 60 13 54 13 54 14 60 14 61 14 54 15 61 15 62 15 62 16 63 16 54 16 54 17 63 17 64 17 54 18 64 18 65 18 5 19 66 19 10 19 10 0 66 0 67 0 10 0 67 0 68 0 68 0 67 0 69 0 68 0 69 0 70 0 70 0 69 0 71 0 72 0 73 0 64 0 64 20 73 20 74 20 64 21 74 21 65 21 65 0 74 0 75 0 65 22 75 22 76 22 76 0 75 0 67 0 76 0 67 0 77 0 77 0 67 0 66 0 77 0 66 0 78 0 78 0 66 0 44 0 78 0 44 0 6 0 6 0 44 0 23 0 6 23 23 23 7 23 43 0 79 0 33 0 33 24 79 24 80 24 33 25 80 25 51 25 28 26 81 26 27 26 27 27 81 27 82 27 27 28 82 28 83 28 84 0 27 0 85 0 85 0 27 0 86 0 84 0 87 0 27 0 27 29 87 29 20 29 27 0 20 0 71 0 71 30 20 30 21 30 71 0 21 0 70 0 46 31 45 31 88 31 88 0 45 0 89 0 88 0 89 0 11 0 83 0 90 0 27 0 27 32 90 32 91 32 27 33 91 33 86 33 92 0 93 0 11 0 11 34 93 34 94 34 11 35 94 35 95 35 32 0 88 0 31 0 31 0 88 0 11 0 31 0 11 0 96 0 96 0 11 0 95 0 13 0 97 0 11 0 11 36 97 36 98 36 11 37 98 37 99 37 99 0 100 0 11 0 11 38 100 38 101 38 11 0 101 0 92 0 102 39 103 39 104 39 105 39 106 39 107 39 108 39 105 39 109 39 109 39 105 39 107 39 109 39 107 39 110 39 110 39 107 39 111 39 112 39 113 39 114 39 115 39 116 39 117 39 118 39 119 39 120 39 120 39 119 39 121 39 104 39 112 39 102 39 102 39 112 39 114 39 102 39 114 39 122 39 122 40 114 40 123 40 124 39 125 39 126 39 127 39 128 39 129 39 129 39 128 39 130 39 129 41 130 41 131 41 132 39 133 39 134 39 135 39 136 39 137 39 137 39 136 39 138 39 137 39 138 39 139 39 140 39 141 39 139 39 139 39 141 39 132 39 139 39 132 39 137 39 137 42 132 42 134 42 142 39 143 39 115 39 115 43 143 43 144 43 144 39 145 39 115 39 115 39 145 39 146 39 115 39 146 39 147 39 135 39 148 39 136 39 136 39 148 39 149 39 136 39 149 39 150 39 133 39 151 39 134 39 134 44 151 44 152 44 134 45 152 45 153 45 153 39 154 39 134 39 134 46 154 46 155 46 134 47 155 47 156 47 157 39 158 39 159 39 159 39 158 39 134 39 159 48 134 48 160 48 160 49 134 49 156 49 161 39 162 39 130 39 130 50 162 50 163 50 130 39 163 39 164 39 165 39 166 39 146 39 146 39 166 39 167 39 146 39 167 39 147 39 147 39 167 39 168 39 147 51 168 51 169 51 169 52 168 52 170 52 169 39 170 39 171 39 171 39 170 39 172 39 171 39 172 39 173 39 173 53 172 53 149 53 173 54 149 54 105 54 105 55 149 55 148 55 105 39 148 39 106 39 117 39 174 39 115 39 115 56 174 56 175 56 115 57 175 57 176 57 126 39 161 39 124 39 124 58 161 58 130 58 124 39 130 39 177 39 177 39 130 39 178 39 177 39 178 39 179 39 179 59 178 59 180 59 179 60 180 60 170 60 170 39 180 39 123 39 170 61 123 61 172 61 172 62 123 62 114 62 164 39 181 39 130 39 130 63 181 63 182 63 130 64 182 64 183 64 184 65 185 65 150 65 150 39 185 39 186 39 150 66 186 66 136 66 176 39 187 39 115 39 115 67 187 67 188 67 115 68 188 68 142 68 184 39 120 39 185 39 185 39 120 39 121 39 185 39 121 39 189 39 189 69 121 69 190 69 189 70 190 70 191 70 192 39 193 39 194 39 194 39 193 39 189 39 194 39 189 39 195 39 195 39 189 39 196 39 183 39 197 39 130 39 130 71 197 71 198 71 130 72 198 72 131 72 191 73 199 73 189 73 189 74 199 74 200 74 189 75 200 75 201 75 201 39 202 39 189 39 189 76 202 76 203 76 189 39 203 39 196 39 64 77 132 77 72 77 72 77 132 77 141 77 194 77 28 77 192 77 192 77 28 77 26 77 29 78 31 78 126 78 126 78 31 78 161 78 97 79 13 79 129 79 129 79 13 79 127 79 2 79 112 79 3 79 3 79 112 79 104 79 55 80 53 80 159 80 159 80 53 80 157 80 16 80 109 80 15 80 15 80 109 80 110 80 165 78 146 78 37 78 37 78 146 78 38 78 174 80 117 80 49 80 49 80 117 80 47 80 121 79 119 79 20 79 20 79 119 79 18 79 16 78 17 78 109 78 109 78 17 78 108 78 17 79 8 79 108 79 108 79 8 79 105 79 8 78 7 78 105 78 105 78 7 78 173 78 7 81 23 81 173 81 173 81 23 81 171 81 23 80 22 80 171 80 171 80 22 80 169 80 22 82 33 82 169 82 169 82 33 82 147 82 33 77 50 77 147 77 147 77 50 77 115 77 50 79 48 79 115 79 115 79 48 79 116 79 48 77 47 77 116 77 116 77 47 77 117 77 53 78 52 78 157 78 157 78 52 78 158 78 52 79 54 79 158 79 158 79 54 79 134 79 54 78 65 78 134 78 134 78 65 78 137 78 65 83 76 83 137 83 137 81 76 81 135 81 76 80 77 80 135 80 135 80 77 80 148 80 77 84 78 84 148 84 148 85 78 85 106 85 78 77 6 77 106 77 106 77 6 77 107 77 6 79 14 79 107 79 107 79 14 79 111 79 14 77 15 77 111 77 111 77 15 77 110 77 2 77 1 77 112 77 112 77 1 77 113 77 1 80 0 80 113 80 113 80 0 80 114 80 0 77 9 77 114 77 114 77 9 77 172 77 9 86 10 86 172 86 172 87 10 87 149 87 10 79 68 79 149 79 149 79 68 79 150 79 68 88 70 88 150 88 150 89 70 89 184 89 70 78 21 78 184 78 184 78 21 78 120 78 21 80 19 80 120 80 120 80 19 80 118 80 19 78 18 78 118 78 118 78 18 78 119 78 13 77 12 77 127 77 127 77 12 77 128 77 12 80 11 80 128 80 128 80 11 80 130 80 11 77 89 77 130 77 130 77 89 77 178 77 89 90 45 90 178 90 178 91 45 91 180 91 45 79 44 79 180 79 180 79 44 79 123 79 44 88 66 88 123 88 123 92 66 92 122 92 66 78 5 78 122 78 122 78 5 78 102 78 5 80 4 80 102 80 102 80 4 80 103 80 4 78 3 78 103 78 103 78 3 78 104 78 97 93 129 93 131 93 97 94 131 94 98 94 98 95 131 95 198 95 98 96 198 96 99 96 99 97 198 97 197 97 99 98 197 98 100 98 100 99 197 99 183 99 100 100 183 100 101 100 101 101 183 101 182 101 101 102 182 102 92 102 92 103 182 103 181 103 92 104 181 104 93 104 93 105 181 105 164 105 93 106 164 106 94 106 94 107 164 107 163 107 94 108 163 108 95 108 95 109 163 109 162 109 95 110 162 110 96 110 96 111 162 111 161 111 96 112 161 112 31 112 38 113 146 113 145 113 38 114 145 114 39 114 39 115 145 115 144 115 39 116 144 116 40 116 40 117 144 117 143 117 40 118 143 118 41 118 41 119 143 119 142 119 41 120 142 120 42 120 42 121 142 121 188 121 42 122 188 122 43 122 43 123 188 123 187 123 43 124 187 124 79 124 79 125 187 125 176 125 79 126 176 126 80 126 80 127 176 127 175 127 80 127 175 127 51 127 51 128 175 128 174 128 51 129 174 129 49 129 28 130 194 130 195 130 28 131 195 131 81 131 81 132 195 132 196 132 81 133 196 133 82 133 82 134 196 134 203 134 82 135 203 135 83 135 83 136 203 136 202 136 83 137 202 137 90 137 90 138 202 138 201 138 90 139 201 139 91 139 91 140 201 140 200 140 91 141 200 141 86 141 86 142 200 142 199 142 86 143 199 143 85 143 85 144 199 144 191 144 85 145 191 145 84 145 84 146 191 146 190 146 84 147 190 147 87 147 87 148 190 148 121 148 87 149 121 149 20 149 55 150 159 150 160 150 55 151 160 151 56 151 56 152 160 152 156 152 56 152 156 152 57 152 57 153 156 153 155 153 57 154 155 154 58 154 58 155 155 155 154 155 58 156 154 156 59 156 59 157 154 157 153 157 59 158 153 158 60 158 60 159 153 159 152 159 60 160 152 160 61 160 61 161 152 161 151 161 61 162 151 162 62 162 62 163 151 163 133 163 62 164 133 164 63 164 63 165 133 165 132 165 63 166 132 166 64 166 126 80 125 80 29 80 29 80 125 80 30 80 125 77 124 77 30 77 30 77 124 77 32 77 124 80 177 80 32 80 32 80 177 80 88 80 177 167 179 167 88 167 88 168 179 168 46 168 179 78 170 78 46 78 46 78 170 78 24 78 170 169 168 169 24 169 24 170 168 170 34 170 168 79 167 79 34 79 34 79 167 79 35 79 167 77 166 77 35 77 35 77 166 77 36 77 166 79 165 79 36 79 36 79 165 79 37 79 141 79 140 79 72 79 72 79 140 79 73 79 140 78 139 78 73 78 73 78 139 78 74 78 139 79 138 79 74 79 74 79 138 79 75 79 138 171 136 171 75 171 75 172 136 172 67 172 136 77 186 77 67 77 67 77 186 77 69 77 186 173 185 173 69 173 69 174 185 174 71 174 185 80 189 80 71 80 71 80 189 80 27 80 189 78 193 78 27 78 27 78 193 78 25 78 193 80 192 80 25 80 25 80 192 80 26 80</p>
        </triangles>
      </mesh>
    </geometry>
    <geometry id="MMO_700_dual_-_robot_rail-1-mesh" name="MMO_700_dual - robot_rail-1">
      <mesh>
        <source id="MMO_700_dual_-_robot_rail-1-mesh-positions">
          <float_array id="MMO_700_dual_-_robot_rail-1-mesh-positions-array" count="612">0.247605 0.35311 1.646951 0.242605 0.35311 1.646951 0.242605 0.34711 1.646951 0.277605 0.34711 1.646951 0.277605 0.35311 1.646951 0.272605 0.35311 1.646951 0.247605 0.38611 1.646951 0.272605 0.38181 1.646951 0.272605 0.38611 1.646951 0.247605 0.35741 1.646951 0.245105 0.36011 1.646951 0.292605 0.35311 1.646951 0.287605 0.35311 1.646951 0.287605 0.34711 1.646951 0.242605 0.38611 1.646951 0.242605 0.39211 1.646951 0.277605 0.39211 1.646951 0.277605 0.38611 1.646951 0.232605 0.34711 1.646951 0.232605 0.35311 1.646951 0.220105 0.34711 1.646951 0.227605 0.35311 1.646951 0.290105 0.37911 1.646951 0.275105 0.37911 1.646951 0.292105 0.37711 1.646951 0.221105 0.36461 1.646951 0.2151049 0.36461 1.646951 0.221105 0.35961 1.646951 0.2151049 0.35211 1.646951 0.305105 0.36461 1.646951 0.299105 0.36461 1.646951 0.305105 0.35211 1.646951 0.299105 0.35961 1.646951 0.292605 0.38181 1.646951 0.294805 0.37961 1.646951 0.299105 0.37961 1.646951 0.299105 0.37461 1.646951 0.305105 0.37461 1.646951 0.305105 0.38711 1.646951 0.305029 0.3879782 1.646951 0.3048034 0.3888201 1.646951 0.3044351 0.38961 1.646951 0.3039352 0.3903239 1.646951 0.3033189 0.3909402 1.646951 0.275105 0.36011 1.646951 0.290105 0.36011 1.646951 0.292105 0.36211 1.646951 0.287605 0.39211 1.646951 0.287605 0.38611 1.646951 0.300105 0.39211 1.646951 0.292605 0.38611 1.646951 0.3009732 0.392034 1.646951 0.232605 0.38611 1.646951 0.232605 0.39211 1.646951 0.227605 0.38611 1.646951 0.220105 0.39211 1.646951 0.2192367 0.392034 1.646951 0.2183949 0.3918085 1.646951 0.217605 0.3914401 1.646951 0.2168911 0.3909402 1.646951 0.2162747 0.3903239 1.646951 0.2157748 0.38961 1.646951 0.2154065 0.3888201 1.646951 0.2151809 0.3879782 1.646951 0.2151049 0.38711 1.646951 0.227605 0.38181 1.646951 0.272605 0.35741 1.646951 0.228105 0.37711 1.646951 0.230105 0.36011 1.646951 0.228105 0.36211 1.646951 0.227605 0.35741 1.646951 0.225405 0.35961 1.646951 0.2151049 0.37461 1.646951 0.221105 0.37461 1.646951 0.221105 0.37961 1.646951 0.225405 0.37961 1.646951 0.230105 0.37911 1.646951 0.245105 0.37911 1.646951 0.247605 0.38181 1.646951 0.302605 0.3914401 1.646951 0.3018151 0.3918085 1.646951 0.2151665 0.3513278 1.646951 0.2153497 0.3505649 1.646951 0.21565 0.3498401 1.646951 0.2185599 0.3473547 1.646951 0.217835 0.3476549 1.646951 0.2171661 0.3480649 1.646951 0.2193228 0.3471716 1.646951 0.294805 0.35961 1.646951 0.292605 0.35741 1.646951 0.2160599 0.3491711 1.646951 0.2165694 0.3485745 1.646951 0.3036406 0.3485745 1.646951 0.3041501 0.3491711 1.646951 0.30456 0.3498401 1.646951 0.3048603 0.3505649 1.646951 0.3050435 0.3513278 1.646951 0.300105 0.34711 1.646951 0.3008872 0.3471716 1.646951 0.3016501 0.3473547 1.646951 0.302375 0.3476549 1.646951 0.3030439 0.3480649 1.646951 0.272605 0.35311 0.7669515 0.277605 0.35311 0.7669515 0.277605 0.34711 0.7669515 0.272605 0.38611 0.7669515 0.247605 0.38181 0.7669515 0.247605 0.38611 0.7669515 0.277605 0.38611 0.7669515 0.277605 0.39211 0.7669515 0.242605 0.39211 0.7669515 0.242605 0.38611 0.7669515 0.242605 0.34711 0.7669515 0.242605 0.35311 0.7669515 0.247605 0.35311 0.7669515 0.292605 0.38611 0.7669515 0.287605 0.38611 0.7669515 0.287605 0.39211 0.7669515 0.232605 0.35311 0.7669515 0.232605 0.34711 0.7669515 0.227605 0.35311 0.7669515 0.220105 0.34711 0.7669515 0.272605 0.35741 0.7669515 0.275105 0.36011 0.7669515 0.299105 0.35961 0.7669515 0.299105 0.36461 0.7669515 0.305105 0.36461 0.7669515 0.287605 0.34711 0.7669515 0.287605 0.35311 0.7669515 0.300105 0.34711 0.7669515 0.292605 0.35311 0.7669515 0.3008872 0.3471716 0.7669515 0.2151049 0.38711 0.7669515 0.2151809 0.3879782 0.7669515 0.227605 0.38611 0.7669515 0.230105 0.37911 0.7669515 0.228105 0.37711 0.7669515 0.227605 0.38181 0.7669515 0.225405 0.37961 0.7669515 0.221105 0.37961 0.7669515 0.221105 0.37461 0.7669515 0.2151049 0.37461 0.7669515 0.3039352 0.3903239 0.7669515 0.3044351 0.38961 0.7669515 0.3048034 0.3888201 0.7669515 0.305029 0.3879782 0.7669515 0.305105 0.38711 0.7669515 0.292605 0.38181 0.7669515 0.245105 0.37911 0.7669515 0.245105 0.36011 0.7669515 0.230105 0.36011 0.7669515 0.2154065 0.3888201 0.7669515 0.2157748 0.38961 0.7669515 0.2162747 0.3903239 0.7669515 0.2168911 0.3909402 0.7669515 0.217605 0.3914401 0.7669515 0.2183949 0.3918085 0.7669515 0.232605 0.39211 0.7669515 0.232605 0.38611 0.7669515 0.220105 0.39211 0.7669515 0.2192367 0.392034 0.7669515 0.305105 0.35211 0.7669515 0.3050435 0.3513278 0.7669515 0.3048603 0.3505649 0.7669515 0.30456 0.3498401 0.7669515 0.305105 0.37461 0.7669515 0.299105 0.37461 0.7669515 0.299105 0.37961 0.7669515 0.294805 0.37961 0.7669515 0.290105 0.37911 0.7669515 0.292105 0.37711 0.7669515 0.275105 0.37911 0.7669515 0.247605 0.35741 0.7669515 0.272605 0.38181 0.7669515 0.300105 0.39211 0.7669515 0.3009732 0.392034 0.7669515 0.3018151 0.3918085 0.7669515 0.294805 0.35961 0.7669515 0.292605 0.35741 0.7669515 0.292105 0.36211 0.7669515 0.290105 0.36011 0.7669515 0.3041501 0.3491711 0.7669515 0.3036406 0.3485745 0.7669515 0.3030439 0.3480649 0.7669515 0.227605 0.35741 0.7669515 0.225405 0.35961 0.7669515 0.228105 0.36211 0.7669515 0.302605 0.3914401 0.7669515 0.3033189 0.3909402 0.7669515 0.221105 0.35961 0.7669515 0.2193228 0.3471716 0.7669515 0.2185599 0.3473547 0.7669515 0.2151049 0.36461 0.7669515 0.221105 0.36461 0.7669515 0.2151049 0.35211 0.7669515 0.2151665 0.3513278 0.7669515 0.2153497 0.3505649 0.7669515 0.302375 0.3476549 0.7669515 0.3016501 0.3473547 0.7669515 0.217835 0.3476549 0.7669515 0.2171661 0.3480649 0.7669515 0.2165694 0.3485745 0.7669515 0.2160599 0.3491711 0.7669515 0.21565 0.3498401 0.7669515</float_array>
          <technique_common>
            <accessor source="#MMO_700_dual_-_robot_rail-1-mesh-positions-array" count="204" stride="3">
              <param name="X" type="float"/>
              <param name="Y" type="float"/>
              <param name="Z" type="float"/>
            </accessor>
          </technique_common>
        </source>
        <source id="MMO_700_dual_-_robot_rail-1-mesh-normals">
          <float_array id="MMO_700_dual_-_robot_rail-1-mesh-normals-array" count="537">0 0 1 -4.96706e-5 0 1 6.20877e-5 0 1 -8.141e-5 0 1 4.96706e-5 0 1 1.03431e-4 0 1 -1.1788e-4 0 1 1.52451e-4 0 1 -1.13152e-4 0 1 1.90398e-5 0 1 -1.15334e-5 0 1 -3.10439e-5 0 1 -3.22321e-4 0 1 2.58823e-5 0 1 1.71231e-4 0 1 -1.17979e-4 0 1 1.71885e-4 0 1 -4.56723e-5 0 1 -2.18948e-5 0 1 4.27972e-5 0 1 -6.20877e-5 0 1 7.51688e-6 0 1 -2.03525e-5 0 1 7.24765e-6 0 1 8.24874e-5 0 1 -1.44209e-4 0 1 -3.61304e-4 0 1 2.69518e-4 0 1 -3.04231e-4 0 1 3.79511e-4 0 1 1.05013e-4 0 1 -3.0067e-5 0 1 -1.11942e-5 0 1 5.591e-5 0 1 9.1611e-5 0 1 4.98658e-5 0 1 2.41325e-5 0 1 1.60935e-4 0 1 -6.73718e-5 0 1 -3.04186e-5 0 1 1.25779e-4 0 1 0 0 -1 1.64107e-5 0 -1 -1.80701e-4 0 -1 4.47755e-5 0 -1 -4.3317e-6 0 -1 4.56704e-5 0 -1 -3.28436e-5 0 -1 3.28422e-5 0 -1 -2.28361e-5 0 -1 4.62767e-5 0 -1 -2.94948e-5 0 -1 1.6116e-4 0 -1 -1.35474e-4 0 -1 -1.20663e-5 0 -1 -1.01763e-5 0 -1 -3.62381e-6 0 -1 3.56488e-6 0 -1 -8.20518e-6 0 -1 -9.6948e-5 0 -1 8.04389e-5 0 -1 3.98e-6 0 -1 -4.47758e-5 0 -1 -3.31354e-6 0 -1 -7.87588e-6 0 -1 6.54442e-6 0 -1 6.98773e-6 0 -1 1.52641e-5 0 -1 -4.62767e-5 0 -1 6.07659e-6 0 -1 -2.95811e-5 0 -1 2.07546e-5 0 -1 -9.29627e-5 0 -1 1.20307e-4 0 -1 1.24668e-4 0 -1 -1.63591e-4 0 -1 2.23639e-4 0 -1 -7.60448e-5 0 -1 1.69017e-5 0 -1 -1 0 0 1 0 0 0 -1 0 0 1 0 0.7337596 0.6794092 0 0.7337597 0.6794092 0 -0.7337596 0.6794092 0 -0.7337597 0.6794092 0 0.733755 0.6794142 0 -0.7337642 0.6794043 0 -0.7337551 0.6794141 0 -0.733755 -0.6794142 0 -0.7337643 -0.6794042 0 0.7337596 -0.6794092 0 0.7337551 -0.6794141 0 -0.7337596 -0.6794092 0 -0.7337597 -0.6794092 0 0.7337597 -0.6794092 0 0.07843786 -0.996919 0 0.07843786 -0.996919 0 0.2334448 -0.9723701 0 0.2334643 -0.9723654 0 0.3827204 -0.9238643 0 0.3826593 -0.9238896 0 0.5224714 -0.8526569 0 0.5225098 -0.8526333 0 0.6494669 -0.7603899 0 0.6494243 -0.7604264 0 0.7604508 -0.6493956 0 0.760408 -0.6494457 0 0.8526186 -0.5225339 0 0.8526185 -0.522534 0 0.9239034 -0.3826259 0 0.9238423 -0.3827733 0 0.9723727 -0.2334338 0 0.9723727 -0.2334339 0 0.9969232 -0.07838475 0 0.9969165 -0.07847058 0 0.9961913 0.08719623 0 0.9961979 0.0871191 0 0.9659332 0.2587921 0 0.9659331 0.258792 0 0.9063131 0.4226072 0 0.906313 0.4226073 0 0.8191388 0.5735955 0 0.8191387 0.5735955 0 0.7070975 0.7071161 0 0.7071363 0.7070774 0 0.5735594 0.819164 0 0.5735958 0.8191386 0 0.4225808 0.9063253 0 0.4226105 0.9063115 0 0.2588205 0.9659255 0 0.2588204 0.9659255 0 0.08716577 0.9961939 0 0.08715903 0.9961944 0 -0.9969165 -0.07847058 0 -0.9969165 -0.07847058 0 -0.9723727 -0.2334338 0 -0.9723727 -0.2334339 0 -0.9238728 -0.3826996 0 -0.9238728 -0.3826996 0 -0.852657 -0.5224711 0 -0.8526185 -0.522534 0 -0.7604082 -0.6494455 0 -0.7604293 -0.6494207 0 -0.6494456 -0.7604081 0 -0.6494455 -0.7604082 0 -0.5224906 -0.8526451 0 -0.3826746 -0.9238833 0 -0.382705 -0.9238706 0 -0.2334545 -0.9723677 0 -0.2334545 -0.9723678 0 -0.07843446 -0.9969193 0 -0.07844126 -0.9969187 0 -0.08716237 0.9961942 0 -0.08715903 0.9961944 0 -0.2588205 0.9659255 0 -0.2588204 0.9659255 0 -0.4226106 0.9063114 0 -0.4226105 0.9063115 0 -0.5735776 0.8191513 0 -0.5735775 0.8191513 0 -0.7070975 0.7071161 0 -0.7070974 0.7071162 0 -0.8191571 0.5735694 0 -0.819157 0.5735695 0 -0.9063131 0.4226072 0 -0.906313 0.4226073 0 -0.9659234 0.2588283 0 -0.9659234 0.2588283 0 -0.9961946 0.08715766 0 0.6794046 0.7337638 0 0.6794138 0.7337554 0 0.6794139 -0.7337554 0 0.6794046 -0.7337639 0 -0.6794046 -0.7337638 0 -0.6794092 -0.7337597 0 -0.6794093 0.7337596 0 -0.6794046 0.7337639 0</float_array>
          <technique_common>
            <accessor source="#MMO_700_dual_-_robot_rail-1-mesh-normals-array" count="179" stride="3">
              <param name="X" type="float"/>
              <param name="Y" type="float"/>
              <param name="Z" type="float"/>
            </accessor>
          </technique_common>
        </source>
        <vertices id="MMO_700_dual_-_robot_rail-1-mesh-vertices">
          <input semantic="POSITION" source="#MMO_700_dual_-_robot_rail-1-mesh-positions"/>
        </vertices>
        <triangles count="404">
          <input semantic="VERTEX" source="#MMO_700_dual_-_robot_rail-1-mesh-vertices" offset="0"/>
          <input semantic="NORMAL" source="#MMO_700_dual_-_robot_rail-1-mesh-normals" offset="1"/>
          <p>0 0 1 0 2 0 3 0 4 0 5 0 6 0 7 0 8 0 2 0 3 0 0 0 0 0 3 0 5 0 0 0 5 0 9 0 9 0 5 0 10 0 11 0 12 0 13 0 14 0 6 0 15 0 15 0 6 0 8 0 15 0 8 0 16 0 16 0 8 0 17 0 18 0 19 0 20 0 20 0 19 0 21 0 22 0 23 0 24 0 25 0 26 0 27 0 27 1 26 1 28 1 29 0 30 0 31 0 31 2 30 2 32 2 22 0 24 0 33 0 33 3 24 3 34 3 33 0 34 0 35 0 36 0 37 0 35 0 35 4 37 4 38 4 35 0 38 0 33 0 33 5 38 5 39 5 33 6 39 6 40 6 40 7 41 7 33 7 33 8 41 8 42 8 33 9 42 9 43 9 23 10 44 10 24 10 24 0 44 0 45 0 24 11 45 11 46 11 47 0 48 0 49 0 49 0 48 0 50 0 49 12 50 12 51 12 51 13 50 13 33 13 52 0 53 0 54 0 54 0 53 0 55 0 54 14 55 14 56 14 56 0 57 0 54 0 54 15 57 15 58 15 54 16 58 16 59 16 59 0 60 0 54 0 54 17 60 17 61 17 54 18 61 18 62 18 62 19 63 19 54 19 54 0 63 0 64 0 54 0 64 0 65 0 5 0 66 0 10 0 10 0 66 0 67 0 10 0 67 0 68 0 68 0 67 0 69 0 68 0 69 0 70 0 70 0 69 0 71 0 72 0 73 0 64 0 64 20 73 20 74 20 64 21 74 21 65 21 65 0 74 0 75 0 65 22 75 22 76 22 76 0 75 0 67 0 76 0 67 0 77 0 77 0 67 0 66 0 77 0 66 0 78 0 78 23 66 23 44 23 78 0 44 0 6 0 6 0 44 0 23 0 6 0 23 0 7 0 43 0 79 0 33 0 33 24 79 24 80 24 33 25 80 25 51 25 28 26 81 26 27 26 27 27 81 27 82 27 27 28 82 28 83 28 84 0 27 0 85 0 85 0 27 0 86 0 84 29 87 29 27 29 27 30 87 30 20 30 27 0 20 0 71 0 71 31 20 31 21 31 71 0 21 0 70 0 46 32 45 32 88 32 88 0 45 0 89 0 88 0 89 0 11 0 83 0 90 0 27 0 27 33 90 33 91 33 27 34 91 34 86 34 92 0 93 0 11 0 11 35 93 35 94 35 11 36 94 36 95 36 32 0 88 0 31 0 31 0 88 0 11 0 31 0 11 0 96 0 96 0 11 0 95 0 13 0 97 0 11 0 11 37 97 37 98 37 11 38 98 38 99 38 99 0 100 0 11 0 11 39 100 39 101 39 11 40 101 40 92 40 102 41 103 41 104 41 105 41 106 41 107 41 108 41 105 41 109 41 109 41 105 41 107 41 109 41 107 41 110 41 110 41 107 41 111 41 112 41 113 41 114 41 115 41 116 41 117 41 118 41 119 41 120 41 120 41 119 41 121 41 104 41 112 41 102 41 102 41 112 41 114 41 102 41 114 41 122 41 122 42 114 42 123 42 124 41 125 41 126 41 127 41 128 41 129 41 129 41 128 41 130 41 129 43 130 43 131 43 132 41 133 41 134 41 135 44 136 44 137 44 137 41 136 41 138 41 137 41 138 41 139 41 140 41 141 41 139 41 139 41 141 41 132 41 139 41 132 41 137 41 137 45 132 45 134 45 142 46 143 46 115 46 115 47 143 47 144 47 144 41 145 41 115 41 115 41 145 41 146 41 115 41 146 41 147 41 135 41 148 41 136 41 136 41 148 41 149 41 136 41 149 41 150 41 133 41 151 41 134 41 134 48 151 48 152 48 134 49 152 49 153 49 153 41 154 41 134 41 134 50 154 50 155 50 134 51 155 51 156 51 157 41 158 41 159 41 159 41 158 41 134 41 159 52 134 52 160 52 160 53 134 53 156 53 161 41 162 41 130 41 130 41 162 41 163 41 130 54 163 54 164 54 165 41 166 41 146 41 146 41 166 41 167 41 146 41 167 41 147 41 147 41 167 41 168 41 147 55 168 55 169 55 169 41 168 41 170 41 169 41 170 41 171 41 171 41 170 41 172 41 171 41 172 41 173 41 173 56 172 56 149 56 173 41 149 41 105 41 105 57 149 57 148 57 105 58 148 58 106 58 117 41 174 41 115 41 115 59 174 59 175 59 115 60 175 60 176 60 126 41 161 41 124 41 124 61 161 61 130 61 124 41 130 41 177 41 177 41 130 41 178 41 177 41 178 41 179 41 179 62 178 62 180 62 179 41 180 41 170 41 170 41 180 41 123 41 170 63 123 63 172 63 172 64 123 64 114 64 164 41 181 41 130 41 130 65 181 65 182 65 130 66 182 66 183 66 184 67 185 67 150 67 150 41 185 41 186 41 150 41 186 41 136 41 176 41 187 41 115 41 115 68 187 68 188 68 115 69 188 69 142 69 184 41 120 41 185 41 185 41 120 41 121 41 185 41 121 41 189 41 189 70 121 70 190 70 189 71 190 71 191 71 192 41 193 41 194 41 194 41 193 41 189 41 194 41 189 41 195 41 195 41 189 41 196 41 183 41 197 41 130 41 130 72 197 72 198 72 130 73 198 73 131 73 191 41 199 41 189 41 189 74 199 74 200 74 189 75 200 75 201 75 201 76 202 76 189 76 189 77 202 77 203 77 189 78 203 78 196 78 64 79 132 79 72 79 72 79 132 79 141 79 194 79 28 79 192 79 192 79 28 79 26 79 29 80 31 80 126 80 126 80 31 80 161 80 97 81 13 81 129 81 129 81 13 81 127 81 2 81 112 81 3 81 3 81 112 81 104 81 55 82 53 82 159 82 159 82 53 82 157 82 16 82 109 82 15 82 15 82 109 82 110 82 165 80 146 80 37 80 37 80 146 80 38 80 174 82 117 82 49 82 49 82 117 82 47 82 121 81 119 81 20 81 20 81 119 81 18 81 16 80 17 80 109 80 109 80 17 80 108 80 17 81 8 81 108 81 108 81 8 81 105 81 8 80 7 80 105 80 105 80 7 80 173 80 7 83 23 83 173 83 173 84 23 84 171 84 23 82 22 82 171 82 171 82 22 82 169 82 22 85 33 85 169 85 169 86 33 86 147 86 33 79 50 79 147 79 147 79 50 79 115 79 50 81 48 81 115 81 115 81 48 81 116 81 48 79 47 79 116 79 116 79 47 79 117 79 53 80 52 80 157 80 157 80 52 80 158 80 52 81 54 81 158 81 158 81 54 81 134 81 54 80 65 80 134 80 134 80 65 80 137 80 65 87 76 87 137 87 137 84 76 84 135 84 76 82 77 82 135 82 135 82 77 82 148 82 77 88 78 88 148 88 148 89 78 89 106 89 78 79 6 79 106 79 106 79 6 79 107 79 6 81 14 81 107 81 107 81 14 81 111 81 14 79 15 79 111 79 111 79 15 79 110 79 2 79 1 79 112 79 112 79 1 79 113 79 1 82 0 82 113 82 113 82 0 82 114 82 0 79 9 79 114 79 114 79 9 79 172 79 9 90 10 90 172 90 172 91 10 91 149 91 10 81 68 81 149 81 149 81 68 81 150 81 68 92 70 92 150 92 150 93 70 93 184 93 70 80 21 80 184 80 184 80 21 80 120 80 21 82 19 82 120 82 120 82 19 82 118 82 19 80 18 80 118 80 118 80 18 80 119 80 13 79 12 79 127 79 127 79 12 79 128 79 12 82 11 82 128 82 128 82 11 82 130 82 11 79 89 79 130 79 130 79 89 79 178 79 89 94 45 94 178 94 178 95 45 95 180 95 45 81 44 81 180 81 180 81 44 81 123 81 44 92 66 92 123 92 123 96 66 96 122 96 66 80 5 80 122 80 122 80 5 80 102 80 5 82 4 82 102 82 102 82 4 82 103 82 4 80 3 80 103 80 103 80 3 80 104 80 97 97 129 97 131 97 97 98 131 98 98 98 98 99 131 99 198 99 98 100 198 100 99 100 99 101 198 101 197 101 99 102 197 102 100 102 100 103 197 103 183 103 100 104 183 104 101 104 101 105 183 105 182 105 101 106 182 106 92 106 92 107 182 107 181 107 92 108 181 108 93 108 93 109 181 109 164 109 93 110 164 110 94 110 94 111 164 111 163 111 94 112 163 112 95 112 95 113 163 113 162 113 95 114 162 114 96 114 96 115 162 115 161 115 96 116 161 116 31 116 38 117 146 117 145 117 38 118 145 118 39 118 39 119 145 119 144 119 39 120 144 120 40 120 40 121 144 121 143 121 40 122 143 122 41 122 41 123 143 123 142 123 41 124 142 124 42 124 42 125 142 125 188 125 42 126 188 126 43 126 43 127 188 127 187 127 43 128 187 128 79 128 79 129 187 129 176 129 79 130 176 130 80 130 80 131 176 131 175 131 80 132 175 132 51 132 51 133 175 133 174 133 51 134 174 134 49 134 28 135 194 135 195 135 28 136 195 136 81 136 81 137 195 137 196 137 81 138 196 138 82 138 82 139 196 139 203 139 82 140 203 140 83 140 83 141 203 141 202 141 83 142 202 142 90 142 90 143 202 143 201 143 90 144 201 144 91 144 91 145 201 145 200 145 91 146 200 146 86 146 86 147 200 147 199 147 86 147 199 147 85 147 85 148 199 148 191 148 85 149 191 149 84 149 84 150 191 150 190 150 84 151 190 151 87 151 87 152 190 152 121 152 87 153 121 153 20 153 55 154 159 154 160 154 55 155 160 155 56 155 56 156 160 156 156 156 56 157 156 157 57 157 57 158 156 158 155 158 57 159 155 159 58 159 58 160 155 160 154 160 58 161 154 161 59 161 59 162 154 162 153 162 59 163 153 163 60 163 60 164 153 164 152 164 60 165 152 165 61 165 61 166 152 166 151 166 61 167 151 167 62 167 62 168 151 168 133 168 62 169 133 169 63 169 63 170 133 170 132 170 63 170 132 170 64 170 126 82 125 82 29 82 29 82 125 82 30 82 125 79 124 79 30 79 30 79 124 79 32 79 124 82 177 82 32 82 32 82 177 82 88 82 177 171 179 171 88 171 88 172 179 172 46 172 179 80 170 80 46 80 46 80 170 80 24 80 170 173 168 173 24 173 24 174 168 174 34 174 168 81 167 81 34 81 34 81 167 81 35 81 167 79 166 79 35 79 35 79 166 79 36 79 166 81 165 81 36 81 36 81 165 81 37 81 141 81 140 81 72 81 72 81 140 81 73 81 140 80 139 80 73 80 73 80 139 80 74 80 139 81 138 81 74 81 74 81 138 81 75 81 138 175 136 175 75 175 75 176 136 176 67 176 136 79 186 79 67 79 67 79 186 79 69 79 186 177 185 177 69 177 69 178 185 178 71 178 185 82 189 82 71 82 71 82 189 82 27 82 189 80 193 80 27 80 27 80 193 80 25 80 193 82 192 82 25 82 25 82 192 82 26 82</p>
        </triangles>
      </mesh>
    </geometry>
    <geometry id="MMO_700_dual_-_robot_base_plate-2-mesh" name="MMO_700_dual - robot_base_plate-2">
      <mesh>
        <source id="MMO_700_dual_-_robot_base_plate-2-mesh-positions">
          <float_array id="MMO_700_dual_-_robot_base_plate-2-mesh-positions-array" count="2808">0.3395057 0.36961 1.272404 0.3303133 0.36961 1.281596 0.3394719 0.370157 1.27237 0.3302795 0.370157 1.281563 0.3393714 0.3706874 1.27227 0.330179 0.3706874 1.281462 0.3392073 0.371185 1.272106 0.330015 0.371185 1.281298 0.3389846 0.3716348 1.271883 0.3297923 0.3716348 1.281075 0.3387101 0.3720231 1.271608 0.3295177 0.3720231 1.280801 0.338392 0.3723379 1.27129 0.3291997 0.3723379 1.280483 0.3380402 0.37257 1.270938 0.3288478 0.37257 1.280131 0.3376652 0.3727121 1.270563 0.3284727 0.3727121 1.279756 0.3372784 0.37276 1.270177 0.328086 0.37276 1.279369 0.3368916 0.3727121 1.26979 0.3276992 0.3727121 1.278982 0.3365166 0.37257 1.269415 0.3273242 0.37257 1.278607 0.3361647 0.3723379 1.269063 0.3269723 0.3723379 1.278255 0.3358466 0.3720231 1.268745 0.3266543 0.3720231 1.277937 0.3355721 0.3716348 1.26847 0.3263797 0.3716348 1.277663 0.3353494 0.371185 1.268248 0.326157 0.371185 1.27744 0.3351853 0.3706874 1.268084 0.3259929 0.3706874 1.277276 0.3350848 0.370157 1.267983 0.3258924 0.370157 1.277175 0.335051 0.36961 1.267949 0.3258586 0.36961 1.277142 0.3350848 0.369063 1.267983 0.3258924 0.369063 1.277175 0.3351853 0.3685326 1.268084 0.3259929 0.3685326 1.277276 0.3353494 0.368035 1.268248 0.326157 0.368035 1.27744 0.3355721 0.3675852 1.26847 0.3263797 0.3675852 1.277663 0.3358466 0.3671969 1.268745 0.3266543 0.3671969 1.277937 0.3361647 0.366882 1.269063 0.3269723 0.366882 1.278255 0.3365166 0.3666499 1.269415 0.3273242 0.3666499 1.278607 0.3368916 0.3665078 1.26979 0.3276992 0.3665078 1.278982 0.3372784 0.36646 1.270177 0.328086 0.36646 1.279369 0.3376652 0.3665078 1.270563 0.3284727 0.3665078 1.279756 0.3380402 0.3666499 1.270938 0.3288478 0.3666499 1.280131 0.338392 0.366882 1.27129 0.3291997 0.366882 1.280483 0.3387101 0.3671969 1.271608 0.3295177 0.3671969 1.280801 0.3389846 0.3675852 1.271883 0.3297923 0.3675852 1.281075 0.3392073 0.368035 1.272106 0.330015 0.368035 1.281298 0.3393714 0.3685326 1.27227 0.330179 0.3685326 1.281462 0.3394719 0.369063 1.27237 0.3302795 0.369063 1.281563 0.3395057 0.52461 1.272404 0.3303133 0.52461 1.281596 0.3394719 0.525157 1.27237 0.3302795 0.525157 1.281563 0.3393714 0.5256873 1.27227 0.330179 0.5256873 1.281462 0.3392073 0.526185 1.272106 0.330015 0.526185 1.281298 0.3389846 0.5266348 1.271883 0.3297923 0.5266348 1.281075 0.3387101 0.527023 1.271608 0.3295177 0.527023 1.280801 0.338392 0.527338 1.27129 0.3291997 0.527338 1.280483 0.3380402 0.52757 1.270938 0.3288478 0.52757 1.280131 0.3376652 0.5277122 1.270563 0.3284727 0.5277122 1.279756 0.3372784 0.52776 1.270177 0.328086 0.52776 1.279369 0.3368916 0.5277122 1.26979 0.3276992 0.5277122 1.278982 0.3365166 0.52757 1.269415 0.3273242 0.52757 1.278607 0.3361647 0.527338 1.269063 0.3269723 0.527338 1.278255 0.3358466 0.527023 1.268745 0.3266543 0.527023 1.277937 0.3355721 0.5266348 1.26847 0.3263797 0.5266348 1.277663 0.3353494 0.526185 1.268248 0.326157 0.526185 1.27744 0.3351853 0.5256873 1.268084 0.3259929 0.5256873 1.277276 0.3350848 0.525157 1.267983 0.3258924 0.525157 1.277175 0.335051 0.52461 1.267949 0.3258586 0.52461 1.277142 0.3350848 0.524063 1.267983 0.3258924 0.524063 1.277175 0.3351853 0.5235326 1.268084 0.3259929 0.5235326 1.277276 0.3353494 0.523035 1.268248 0.326157 0.523035 1.27744 0.3355721 0.5225852 1.26847 0.3263797 0.5225852 1.277663 0.3358466 0.522197 1.268745 0.3266543 0.522197 1.277937 0.3361647 0.521882 1.269063 0.3269723 0.521882 1.278255 0.3365166 0.52165 1.269415 0.3273242 0.52165 1.278607 0.3368916 0.5215079 1.26979 0.3276992 0.5215079 1.278982 0.3372784 0.52146 1.270177 0.328086 0.52146 1.279369 0.3376652 0.5215079 1.270563 0.3284727 0.5215079 1.279756 0.3380402 0.52165 1.270938 0.3288478 0.52165 1.280131 0.338392 0.521882 1.27129 0.3291997 0.521882 1.280483 0.3387101 0.522197 1.271608 0.3295177 0.522197 1.280801 0.3389846 0.5225852 1.271883 0.3297923 0.5225852 1.281075 0.3392073 0.523035 1.272106 0.330015 0.523035 1.281298 0.3393714 0.5235326 1.27227 0.330179 0.5235326 1.281462 0.3394719 0.524063 1.27237 0.3302795 0.524063 1.281563 0.4491073 0.36961 1.382006 0.4399149 0.36961 1.391198 0.4490734 0.370157 1.381972 0.4398811 0.370157 1.391164 0.448973 0.3706874 1.381871 0.4397806 0.3706874 1.391064 0.4488089 0.371185 1.381707 0.4396165 0.371185 1.3909 0.4485862 0.3716348 1.381484 0.4393938 0.3716348 1.390677 0.4483116 0.3720231 1.38121 0.4391192 0.3720231 1.390402 0.4479936 0.3723379 1.380892 0.4388012 0.3723379 1.390084 0.4476417 0.37257 1.38054 0.4384493 0.37257 1.389732 0.4472667 0.3727121 1.380165 0.4380743 0.3727121 1.389357 0.4468799 0.37276 1.379778 0.4376875 0.37276 1.38897 0.4464931 0.3727121 1.379391 0.4373008 0.3727121 1.388584 0.4461181 0.37257 1.379016 0.4369257 0.37257 1.388209 0.4457662 0.3723379 1.378664 0.4365738 0.3723379 1.387857 0.4454482 0.3720231 1.378346 0.4362558 0.3720231 1.387539 0.4451736 0.3716348 1.378072 0.4359812 0.3716348 1.387264 0.4449509 0.371185 1.377849 0.4357585 0.371185 1.387042 0.4447869 0.3706874 1.377685 0.4355944 0.3706874 1.386877 0.4446864 0.370157 1.377585 0.435494 0.370157 1.386777 0.4446525 0.36961 1.377551 0.4354602 0.36961 1.386743 0.4446864 0.369063 1.377585 0.435494 0.369063 1.386777 0.4447869 0.3685326 1.377685 0.4355944 0.3685326 1.386877 0.4449509 0.368035 1.377849 0.4357585 0.368035 1.387042 0.4451736 0.3675852 1.378072 0.4359812 0.3675852 1.387264 0.4454482 0.3671969 1.378346 0.4362558 0.3671969 1.387539 0.4457662 0.366882 1.378664 0.4365738 0.366882 1.387857 0.4461181 0.3666499 1.379016 0.4369257 0.3666499 1.388209 0.4464931 0.3665078 1.379391 0.4373008 0.3665078 1.388584 0.4468799 0.36646 1.379778 0.4376875 0.36646 1.38897 0.4472667 0.3665078 1.380165 0.4380743 0.3665078 1.389357 0.4476417 0.3666499 1.38054 0.4384493 0.3666499 1.389732 0.4479936 0.366882 1.380892 0.4388012 0.366882 1.390084 0.4483116 0.3671969 1.38121 0.4391192 0.3671969 1.390402 0.4485862 0.3675852 1.381484 0.4393938 0.3675852 1.390677 0.4488089 0.368035 1.381707 0.4396165 0.368035 1.3909 0.448973 0.3685326 1.381871 0.4397806 0.3685326 1.391064 0.4490734 0.369063 1.381972 0.4398811 0.369063 1.391164 0.4491073 0.52461 1.382006 0.4399149 0.52461 1.391198 0.4490734 0.525157 1.381972 0.4398811 0.525157 1.391164 0.448973 0.5256873 1.381871 0.4397806 0.5256873 1.391064 0.4488089 0.526185 1.381707 0.4396165 0.526185 1.3909 0.4485862 0.5266348 1.381484 0.4393938 0.5266348 1.390677 0.4483116 0.527023 1.38121 0.4391192 0.527023 1.390402 0.4479936 0.527338 1.380892 0.4388012 0.527338 1.390084 0.4476417 0.52757 1.38054 0.4384493 0.52757 1.389732 0.4472667 0.5277122 1.380165 0.4380743 0.5277122 1.389357 0.4468799 0.52776 1.379778 0.4376875 0.52776 1.38897 0.4464931 0.5277122 1.379391 0.4373008 0.5277122 1.388584 0.4461181 0.52757 1.379016 0.4369257 0.52757 1.388209 0.4457662 0.527338 1.378664 0.4365738 0.527338 1.387857 0.4454482 0.527023 1.378346 0.4362558 0.527023 1.387539 0.4451736 0.5266348 1.378072 0.4359812 0.5266348 1.387264 0.4449509 0.526185 1.377849 0.4357585 0.526185 1.387042 0.4447869 0.5256873 1.377685 0.4355944 0.5256873 1.386877 0.4446864 0.525157 1.377585 0.435494 0.525157 1.386777 0.4446525 0.52461 1.377551 0.4354602 0.52461 1.386743 0.4446864 0.524063 1.377585 0.435494 0.524063 1.386777 0.4447869 0.5235326 1.377685 0.4355944 0.5235326 1.386877 0.4449509 0.523035 1.377849 0.4357585 0.523035 1.387042 0.4451736 0.5225852 1.378072 0.4359812 0.5225852 1.387264 0.4454482 0.522197 1.378346 0.4362558 0.522197 1.387539 0.4457662 0.521882 1.378664 0.4365738 0.521882 1.387857 0.4461181 0.52165 1.379016 0.4369257 0.52165 1.388209 0.4464931 0.5215079 1.379391 0.4373008 0.5215079 1.388584 0.4468799 0.52146 1.379778 0.4376875 0.52146 1.38897 0.4472667 0.5215079 1.380165 0.4380743 0.5215079 1.389357 0.4476417 0.52165 1.38054 0.4384493 0.52165 1.389732 0.4479936 0.521882 1.380892 0.4388012 0.521882 1.390084 0.4483116 0.522197 1.38121 0.4391192 0.522197 1.390402 0.4485862 0.5225852 1.381484 0.4393938 0.5225852 1.390677 0.4488089 0.523035 1.381707 0.4396165 0.523035 1.3909 0.448973 0.5235326 1.381871 0.4397806 0.5235326 1.391064 0.4490734 0.524063 1.381972 0.4398811 0.524063 1.391164 0.4677395 0.54711 1.390738 0.4535974 0.54711 1.40488 0.4677395 0.5045554 1.390738 0.4535974 0.5054804 1.40488 0.4677395 0.44711 1.390738 0.4535974 0.44711 1.40488 0.4677395 0.3896645 1.390738 0.4535974 0.3887395 1.40488 0.4677395 0.35586 1.390738 0.4535974 0.356785 1.40488 0.4677395 0.34711 1.390738 0.4535974 0.34711 1.40488 0.3263182 0.54711 1.249317 0.3121761 0.54711 1.263459 0.3325054 0.54711 1.255504 0.3190173 0.54711 1.2703 0.3564088 0.54711 1.279407 0.3416126 0.54711 1.292896 0.3970289 0.54711 1.320028 0.3828867 0.54711 1.33417 0.437649 0.54711 1.360648 0.4241609 0.54711 1.375444 0.3263182 0.34711 1.249317 0.3121761 0.34711 1.263459 0.3263182 0.35586 1.249317 0.3121761 0.356785 1.263459 0.3263182 0.3896645 1.249317 0.3121761 0.3887395 1.263459 0.3263182 0.44711 1.249317 0.3121761 0.44711 1.263459 0.3263182 0.5045554 1.249317 0.3121761 0.5054804 1.263459 0.437649 0.34711 1.360648 0.4241609 0.34711 1.375444 0.3970289 0.34711 1.320028 0.3828867 0.34711 1.33417 0.3564088 0.34711 1.279407 0.3416126 0.34711 1.292896 0.3325054 0.34711 1.255504 0.3190173 0.34711 1.2703 0.4241609 0.356785 1.375444 0.4241609 0.5054804 1.375444 0.3828867 0.5054804 1.33417 0.3416126 0.5054804 1.292896 0.3190173 0.5054804 1.2703 0.4079495 0.4853931 1.359232 0.4079118 0.4860008 1.359195 0.4095403 0.4827119 1.360823 0.4091493 0.4829698 1.360432 0.3828867 0.44711 1.33417 0.4087959 0.4833197 1.360079 0.4084909 0.4837511 1.359774 0.4082434 0.4842509 1.359526 0.4080611 0.4848038 1.359344 0.4127123 0.4848038 1.363995 0.4125301 0.4842509 1.363813 0.4241609 0.44711 1.375444 0.4122826 0.4837511 1.363566 0.4119775 0.4833197 1.363261 0.4116242 0.4829698 1.362907 0.4112332 0.4827119 1.362516 0.4108165 0.482554 1.3621 0.4103868 0.4825009 1.36167 0.409957 0.482554 1.36124 0.4079495 0.4866086 1.359232 0.4080611 0.4871979 1.359344 0.4082434 0.4877508 1.359526 0.4108165 0.4894477 1.3621 0.4112332 0.4892898 1.362516 0.4116242 0.4890319 1.362907 0.4119775 0.488682 1.363261 0.4084909 0.4882506 1.359774 0.4087959 0.488682 1.360079 0.4091493 0.4890319 1.360432 0.4122826 0.4882506 1.363566 0.4125301 0.4877508 1.363813 0.4127123 0.4871979 1.363995 0.412824 0.4866086 1.364107 0.4128616 0.4860008 1.364145 0.412824 0.4853931 1.364107 0.4095403 0.4892898 1.360823 0.409957 0.4894477 1.36124 0.4103868 0.4895008 1.36167 0.357824 0.4853931 1.309107 0.3577123 0.4848038 1.308995 0.3558165 0.482554 1.307099 0.3416126 0.44711 1.292896 0.3553867 0.4825009 1.30667 0.354957 0.4894477 1.30624 0.3553867 0.4895008 1.30667 0.3578616 0.4860008 1.309145 0.3575301 0.4842509 1.308813 0.3572826 0.4837511 1.308566 0.3569776 0.4833197 1.308261 0.354957 0.482554 1.30624 0.3545403 0.4827119 1.305823 0.3541493 0.4829698 1.305432 0.3566242 0.4829698 1.307907 0.3562332 0.4827119 1.307516 0.353796 0.4833197 1.305079 0.3534909 0.4837511 1.304774 0.3532434 0.4842509 1.304526 0.3558165 0.4894477 1.307099 0.3562332 0.4892898 1.307516 0.3566242 0.4890319 1.307907 0.3569776 0.488682 1.308261 0.3572826 0.4882506 1.308566 0.3575301 0.4877508 1.308813 0.3529495 0.4866086 1.304232 0.3530611 0.4871979 1.304344 0.3532434 0.4877508 1.304526 0.3534909 0.4882506 1.304774 0.353796 0.488682 1.305079 0.3577123 0.4871979 1.308995 0.357824 0.4866086 1.309107 0.3530611 0.4848038 1.304344 0.3529495 0.4853931 1.304232 0.3529119 0.4860008 1.304195 0.3541493 0.4890319 1.305432 0.3545403 0.4892898 1.305823 0.4127123 0.4094162 1.363995 0.412824 0.4088269 1.364107 0.4241609 0.3887395 1.375444 0.4108165 0.4047723 1.3621 0.4103868 0.4047191 1.36167 0.3828867 0.3887395 1.33417 0.4079495 0.4076113 1.359232 0.4079118 0.4082191 1.359195 0.409957 0.4047723 1.36124 0.4095403 0.4049302 1.360823 0.4128616 0.4082191 1.364145 0.412824 0.4076113 1.364107 0.4127123 0.4070221 1.363995 0.4091493 0.405188 1.360432 0.4087959 0.405538 1.360079 0.4084909 0.4059693 1.359774 0.4079495 0.4088269 1.359232 0.4080611 0.4094162 1.359344 0.4082434 0.4099691 1.359526 0.4084909 0.4104689 1.359774 0.4087959 0.4109002 1.360079 0.4091493 0.4112502 1.360432 0.4095403 0.411508 1.360823 0.409957 0.4116659 1.36124 0.4103868 0.4117191 1.36167 0.4108165 0.4116659 1.3621 0.4112332 0.411508 1.362516 0.4116242 0.4112502 1.362907 0.4119775 0.4109002 1.363261 0.4125301 0.4064691 1.363813 0.4122826 0.4059693 1.363566 0.4119775 0.405538 1.363261 0.4122826 0.4104689 1.363566 0.4125301 0.4099691 1.363813 0.4116242 0.405188 1.362907 0.4112332 0.4049302 1.362516 0.4082434 0.4064691 1.359526 0.4080611 0.4070221 1.359344 0.3577123 0.4094162 1.308995 0.357824 0.4088269 1.309107 0.3578616 0.4082191 1.309145 0.3529495 0.4088269 1.304232 0.3529119 0.4082191 1.304195 0.3416126 0.3887395 1.292896 0.3529495 0.4076113 1.304232 0.354957 0.4047723 1.30624 0.3545403 0.4049302 1.305823 0.357824 0.4076113 1.309107 0.3577123 0.4070221 1.308995 0.3575301 0.4064691 1.308813 0.3541493 0.405188 1.305432 0.353796 0.405538 1.305079 0.3534909 0.4059693 1.304774 0.3530611 0.4094162 1.304344 0.3532434 0.4099691 1.304526 0.3534909 0.4104689 1.304774 0.3562332 0.411508 1.307516 0.3566242 0.4112502 1.307907 0.3569776 0.4109002 1.308261 0.3532434 0.4064691 1.304526 0.3530611 0.4070221 1.304344 0.353796 0.4109002 1.305079 0.3541493 0.4112502 1.305432 0.3545403 0.411508 1.305823 0.354957 0.4116659 1.30624 0.3553867 0.4117191 1.30667 0.3558165 0.4116659 1.307099 0.3572826 0.4104689 1.308566 0.3575301 0.4099691 1.308813 0.3572826 0.4059693 1.308566 0.3569776 0.405538 1.308261 0.3566242 0.405188 1.307907 0.3562332 0.4049302 1.307516 0.3558165 0.4047723 1.307099 0.3553867 0.4047191 1.30667 0.3416126 0.356785 1.292896 0.3190173 0.356785 1.2703 0.3828867 0.356785 1.33417 0.3190173 0.3887395 1.2703 0.3190173 0.44711 1.2703 0.4483478 0.5254783 1.371347 0.4482941 0.52461 1.371293 0.437649 0.5045554 1.360648 0.437649 0.35586 1.360648 0.3325054 0.35586 1.255504 0.3564088 0.35586 1.279407 0.4530389 0.3649115 1.376038 0.4535974 0.3652799 1.376596 0.4541022 0.3657798 1.377101 0.4483478 0.3687418 1.371347 0.4485073 0.3678999 1.371506 0.4487678 0.36711 1.371767 0.4491213 0.3663961 1.37212 0.4495571 0.3657798 1.372556 0.4500619 0.3652799 1.373061 0.4506204 0.3649115 1.373619 0.4545381 0.3663961 1.377537 0.4548915 0.36711 1.37789 0.455152 0.3678999 1.378151 0.4512157 0.364686 1.374214 0.4518297 0.36461 1.374828 0.4524436 0.364686 1.375442 0.455152 0.3713201 1.378151 0.4548915 0.37211 1.37789 0.4545381 0.3728239 1.377537 0.4541022 0.3734402 1.377101 0.4553115 0.3687418 1.37831 0.4553652 0.36961 1.378364 0.4553115 0.3704782 1.37831 0.4524436 0.374534 1.375442 0.4518297 0.37461 1.374828 0.437649 0.3896645 1.360648 0.4535974 0.3739401 1.376596 0.4530389 0.3743085 1.376038 0.4512157 0.374534 1.374214 0.4506204 0.3743085 1.373619 0.4500619 0.3739401 1.373061 0.4495571 0.3734402 1.372556 0.4491213 0.3728239 1.37212 0.4487678 0.37211 1.371767 0.4485073 0.3713201 1.371506 0.4483478 0.3704782 1.371347 0.4482941 0.36961 1.371293 0.3434373 0.3649115 1.266436 0.3439959 0.3652799 1.266995 0.3445007 0.3657798 1.267499 0.3387463 0.3687418 1.261745 0.3389058 0.3678999 1.261904 0.3391662 0.36711 1.262165 0.3395197 0.3663961 1.262518 0.3399555 0.3657798 1.262954 0.3404604 0.3652799 1.263459 0.3410189 0.3649115 1.264018 0.3449365 0.3663961 1.267935 0.34529 0.36711 1.268289 0.3455504 0.3678999 1.268549 0.3416142 0.364686 1.264613 0.3422281 0.36461 1.265227 0.3428421 0.364686 1.265841 0.3455504 0.3713201 1.268549 0.34529 0.37211 1.268289 0.3564088 0.3896645 1.279407 0.3449365 0.3728239 1.267935 0.3445007 0.3734402 1.267499 0.3457099 0.3687418 1.268709 0.3457636 0.36961 1.268762 0.3457099 0.3704782 1.268709 0.3428421 0.374534 1.265841 0.3422281 0.37461 1.265227 0.3325054 0.3896645 1.255504 0.3439959 0.3739401 1.266995 0.3434373 0.3743085 1.266436 0.3416142 0.374534 1.264613 0.3410189 0.3743085 1.264018 0.3404604 0.3739401 1.263459 0.3399555 0.3734402 1.262954 0.3395197 0.3728239 1.262518 0.3391662 0.37211 1.262165 0.3389058 0.3713201 1.261904 0.3387463 0.3704782 1.261745 0.3386926 0.36961 1.261691 0.3970289 0.3896645 1.320028 0.3970289 0.44711 1.320028 0.4220916 0.4088269 1.34509 0.4229381 0.405538 1.345937 0.4232915 0.405188 1.34629 0.4236824 0.4049302 1.346681 0.4240991 0.4047723 1.347098 0.422054 0.4082191 1.345053 0.4220916 0.4076113 1.34509 0.4222033 0.4070221 1.345202 0.3970289 0.35586 1.320028 0.422633 0.4104689 1.345632 0.4223856 0.4099691 1.345384 0.4222033 0.4094162 1.345202 0.4223856 0.4064691 1.345384 0.422633 0.4059693 1.345632 0.4268545 0.4094162 1.349853 0.4266722 0.4099691 1.349671 0.437649 0.44711 1.360648 0.4264248 0.4104689 1.349424 0.4253754 0.411508 1.348374 0.4249587 0.4116659 1.347957 0.4245289 0.4117191 1.347528 0.4240991 0.4116659 1.347098 0.4236824 0.411508 1.346681 0.4232915 0.4112502 1.34629 0.4229381 0.4109002 1.345937 0.4264248 0.4059693 1.349424 0.4266722 0.4064691 1.349671 0.4268545 0.4070221 1.349853 0.4269661 0.4076113 1.349965 0.4270038 0.4082191 1.350003 0.4269661 0.4088269 1.349965 0.4261197 0.4109002 1.349118 0.4257663 0.4112502 1.348765 0.4245289 0.4047191 1.347528 0.4249587 0.4047723 1.347957 0.4253754 0.4049302 1.348374 0.4257663 0.405188 1.348765 0.4261197 0.405538 1.349118 0.3672032 0.4094162 1.290202 0.3670916 0.4088269 1.29009 0.3564088 0.44711 1.279407 0.3679381 0.405538 1.290937 0.3682914 0.405188 1.29129 0.367054 0.4082191 1.290053 0.3670916 0.4076113 1.29009 0.3672032 0.4070221 1.290202 0.3686825 0.4049302 1.291681 0.3690991 0.4047723 1.292098 0.3695289 0.4047191 1.292528 0.3714247 0.4059693 1.294423 0.3716722 0.4064691 1.294671 0.3718545 0.4070221 1.294853 0.3719661 0.4088269 1.294965 0.3720037 0.4082191 1.295002 0.3719661 0.4076113 1.294965 0.3718545 0.4094162 1.294853 0.3716722 0.4099691 1.294671 0.3714247 0.4104689 1.294423 0.3699586 0.4116659 1.292957 0.3695289 0.4117191 1.292528 0.3690991 0.4116659 1.292098 0.3686825 0.411508 1.291681 0.3682914 0.4112502 1.29129 0.3679381 0.4109002 1.290937 0.3673856 0.4064691 1.290384 0.367633 0.4059693 1.290632 0.3699586 0.4047723 1.292957 0.3703753 0.4049302 1.293374 0.3711197 0.4109002 1.294118 0.3707663 0.4112502 1.293765 0.3703753 0.411508 1.293374 0.367633 0.4104689 1.290632 0.3673856 0.4099691 1.290384 0.3707663 0.405188 1.293765 0.3711197 0.405538 1.294118 0.4268545 0.4848038 1.349853 0.4269661 0.4853931 1.349965 0.4222033 0.4848038 1.345202 0.4223856 0.4842509 1.345384 0.422633 0.4837511 1.345632 0.4229381 0.4833197 1.345937 0.4232915 0.4829698 1.34629 0.4270038 0.4860008 1.350003 0.4269661 0.4866086 1.349965 0.4268545 0.4871979 1.349853 0.4266722 0.4877508 1.349671 0.4264248 0.4882506 1.349424 0.4236824 0.4892898 1.346681 0.4232915 0.4890319 1.34629 0.3970289 0.5045554 1.320028 0.4229381 0.488682 1.345937 0.4236824 0.4827119 1.346681 0.4240991 0.482554 1.347098 0.4245289 0.4825009 1.347528 0.4249587 0.482554 1.347957 0.4253754 0.4827119 1.348374 0.4257663 0.4829698 1.348765 0.4261197 0.4833197 1.349118 0.4264248 0.4837511 1.349424 0.4266722 0.4842509 1.349671 0.4261197 0.488682 1.349118 0.4257663 0.4890319 1.348765 0.4253754 0.4892898 1.348374 0.4249587 0.4894477 1.347957 0.4245289 0.4895008 1.347528 0.4240991 0.4894477 1.347098 0.422633 0.4882506 1.345632 0.4223856 0.4877508 1.345384 0.4222033 0.4871979 1.345202 0.4220916 0.4866086 1.34509 0.422054 0.4860008 1.345053 0.4220916 0.4853931 1.34509 0.3564088 0.5045554 1.279407 0.367054 0.4860008 1.290053 0.3670916 0.4853931 1.29009 0.3672032 0.4848038 1.290202 0.3673856 0.4842509 1.290384 0.367633 0.4837511 1.290632 0.3679381 0.4833197 1.290937 0.3682914 0.4829698 1.29129 0.3686825 0.4827119 1.291681 0.3690991 0.482554 1.292098 0.3695289 0.4825009 1.292528 0.3690991 0.4894477 1.292098 0.3686825 0.4892898 1.291681 0.3682914 0.4890319 1.29129 0.3679381 0.488682 1.290937 0.367633 0.4882506 1.290632 0.3673856 0.4877508 1.290384 0.3672032 0.4871979 1.290202 0.3670916 0.4866086 1.29009 0.3699586 0.482554 1.292957 0.3703753 0.4827119 1.293374 0.3707663 0.4829698 1.293765 0.3711197 0.4833197 1.294118 0.3714247 0.4837511 1.294423 0.3716722 0.4842509 1.294671 0.3718545 0.4848038 1.294853 0.3719661 0.4853931 1.294965 0.3720037 0.4860008 1.295002 0.3719661 0.4866086 1.294965 0.3718545 0.4871979 1.294853 0.3716722 0.4877508 1.294671 0.3714247 0.4882506 1.294423 0.3711197 0.488682 1.294118 0.3707663 0.4890319 1.293765 0.3703753 0.4892898 1.293374 0.3699586 0.4894477 1.292957 0.3695289 0.4895008 1.292528 0.4487678 0.52211 1.371767 0.4491213 0.5213961 1.37212 0.4495571 0.5207798 1.372556 0.4500619 0.5202799 1.373061 0.4483478 0.5237418 1.371347 0.4485073 0.5228999 1.371506 0.4506204 0.5199115 1.373619 0.4512157 0.519686 1.374214 0.4518297 0.51961 1.374828 0.4524436 0.519686 1.375442 0.4530389 0.5199115 1.376038 0.4535974 0.5202799 1.376596 0.4541022 0.5207798 1.377101 0.4545381 0.5213961 1.377537 0.4548915 0.52211 1.37789 0.455152 0.5228999 1.378151 0.455152 0.5263201 1.378151 0.4548915 0.52711 1.37789 0.4553115 0.5237418 1.37831 0.4553652 0.52461 1.378364 0.4553115 0.5254783 1.37831 0.4545381 0.5278239 1.377537 0.4541022 0.5284402 1.377101 0.4535974 0.5289402 1.376596 0.4530389 0.5293084 1.376038 0.4524436 0.5295341 1.375442 0.4518297 0.52961 1.374828 0.4512157 0.5295341 1.374214 0.4506204 0.5293084 1.373619 0.4500619 0.5289402 1.373061 0.4495571 0.5284402 1.372556 0.4491213 0.5278239 1.37212 0.4487678 0.52711 1.371767 0.4485073 0.5263201 1.371506 0.3389058 0.5228999 1.261904 0.3391662 0.52211 1.262165 0.3325054 0.5045554 1.255504 0.3387463 0.5237418 1.261745 0.3395197 0.5213961 1.262518 0.3399555 0.5207798 1.262954 0.3404604 0.5202799 1.263459 0.3410189 0.5199115 1.264018 0.3416142 0.519686 1.264613 0.3422281 0.51961 1.265227 0.3428421 0.519686 1.265841 0.3434373 0.5199115 1.266436 0.3439959 0.5202799 1.266995 0.3445007 0.5207798 1.267499 0.3449365 0.5213961 1.267935 0.34529 0.52211 1.268289 0.3455504 0.5228999 1.268549 0.3325054 0.44711 1.255504 0.3455504 0.5263201 1.268549 0.34529 0.52711 1.268289 0.3457099 0.5237418 1.268709 0.3457636 0.52461 1.268762 0.3457099 0.5254783 1.268709 0.3449365 0.5278239 1.267935 0.3445007 0.5284402 1.267499 0.3439959 0.5289402 1.266995 0.3422281 0.52961 1.265227 0.3428421 0.5295341 1.265841 0.3434373 0.5293084 1.266436 0.3416142 0.5295341 1.264613 0.3410189 0.5293084 1.264018 0.3404604 0.5289402 1.263459 0.3399555 0.5284402 1.262954 0.3395197 0.5278239 1.262518 0.3391662 0.52711 1.262165 0.3389058 0.5263201 1.261904 0.3387463 0.5254783 1.261745 0.3386926 0.52461 1.261691 0.4468799 0.51961 1.379778 0.4462659 0.519686 1.379164 0.4456707 0.5199115 1.378569 0.4451121 0.5202799 1.37801 0.4446073 0.5207798 1.377506 0.4441716 0.5213961 1.37707 0.443818 0.52211 1.376716 0.4435576 0.5228999 1.376456 0.4433981 0.5237418 1.376296 0.4433444 0.52461 1.376243 0.4433981 0.5254783 1.376296 0.4435576 0.5263201 1.376456 0.443818 0.52711 1.376716 0.4441716 0.5278239 1.37707 0.4446073 0.5284402 1.377506 0.4451121 0.5289402 1.37801 0.4456707 0.5293084 1.378569 0.4462659 0.5295341 1.379164 0.4468799 0.52961 1.379778 0.4474939 0.5295341 1.380392 0.4480891 0.5293084 1.380987 0.4486477 0.5289402 1.381546 0.4491525 0.5284402 1.382051 0.4495883 0.5278239 1.382486 0.4499418 0.52711 1.38284 0.4502022 0.5263201 1.3831 0.4503617 0.5254783 1.38326 0.4504154 0.52461 1.383314 0.4503617 0.5237418 1.38326 0.4502022 0.5228999 1.3831 0.4499418 0.52211 1.38284 0.4495883 0.5213961 1.382486 0.4491525 0.5207798 1.382051 0.4486477 0.5202799 1.381546 0.4480891 0.5199115 1.380987 0.4474939 0.519686 1.380392 0.4433444 0.36961 1.376243 0.4433981 0.3704782 1.376296 0.4435576 0.3713201 1.376456 0.443818 0.37211 1.376716 0.4441716 0.3728239 1.37707 0.4446073 0.3734402 1.377506 0.4451121 0.3739401 1.37801 0.4456707 0.3743085 1.378569 0.4462659 0.374534 1.379164 0.4468799 0.37461 1.379778 0.4474939 0.374534 1.380392 0.4480891 0.3743085 1.380987 0.4486477 0.3739401 1.381546 0.4491525 0.3734402 1.382051 0.4495883 0.3728239 1.382486 0.4499418 0.37211 1.38284 0.4502022 0.3713201 1.3831 0.4503617 0.3704782 1.38326 0.4504154 0.36961 1.383314 0.4503617 0.3687418 1.38326 0.4502022 0.3678999 1.3831 0.4499418 0.36711 1.38284 0.4495883 0.3663961 1.382486 0.4491525 0.3657798 1.382051 0.4486477 0.3652799 1.381546 0.4480891 0.3649115 1.380987 0.4474939 0.364686 1.380392 0.4468799 0.36461 1.379778 0.4462659 0.364686 1.379164 0.4456707 0.3649115 1.378569 0.4451121 0.3652799 1.37801 0.4446073 0.3657798 1.377506 0.4441716 0.3663961 1.37707 0.443818 0.36711 1.376716 0.4435576 0.3678999 1.376456 0.4433981 0.3687418 1.376296 0.3337428 0.52461 1.266641 0.3337965 0.5254783 1.266695 0.3339561 0.5263201 1.266854 0.3342165 0.52711 1.267115 0.33457 0.5278239 1.267468 0.3350058 0.5284402 1.267904 0.3355106 0.5289402 1.268409 0.3360691 0.5293084 1.268967 0.3366644 0.5295341 1.269563 0.3372784 0.52961 1.270177 0.3378923 0.5295341 1.270791 0.3384876 0.5293084 1.271386 0.3390461 0.5289402 1.271944 0.339551 0.5284402 1.272449 0.3399868 0.5278239 1.272885 0.3403402 0.52711 1.273238 0.3406007 0.5263201 1.273499 0.3407602 0.5254783 1.273658 0.3408139 0.52461 1.273712 0.3407602 0.5237418 1.273658 0.3406007 0.5228999 1.273499 0.3403402 0.52211 1.273238 0.3399868 0.5213961 1.272885 0.339551 0.5207798 1.272449 0.3390461 0.5202799 1.271944 0.3384876 0.5199115 1.271386 0.3378923 0.519686 1.270791 0.3372784 0.51961 1.270177 0.3366644 0.519686 1.269563 0.3360691 0.5199115 1.268967 0.3355106 0.5202799 1.268409 0.3350058 0.5207798 1.267904 0.33457 0.5213961 1.267468 0.3342165 0.52211 1.267115 0.3339561 0.5228999 1.266854 0.3337965 0.5237418 1.266695 0.3372784 0.36461 1.270177 0.3366644 0.364686 1.269563 0.3360691 0.3649115 1.268967 0.3355106 0.3652799 1.268409 0.3350058 0.3657798 1.267904 0.33457 0.3663961 1.267468 0.3342165 0.36711 1.267115 0.3339561 0.3678999 1.266854 0.3337965 0.3687418 1.266695 0.3337428 0.36961 1.266641 0.3337965 0.3704782 1.266695 0.3339561 0.3713201 1.266854 0.3342165 0.37211 1.267115 0.33457 0.3728239 1.267468 0.3350058 0.3734402 1.267904 0.3355106 0.3739401 1.268409 0.3360691 0.3743085 1.268967 0.3366644 0.374534 1.269563 0.3372784 0.37461 1.270177 0.3378923 0.374534 1.270791 0.3384876 0.3743085 1.271386 0.3390461 0.3739401 1.271944 0.339551 0.3734402 1.272449 0.3399868 0.3728239 1.272885 0.3403402 0.37211 1.273238 0.3406007 0.3713201 1.273499 0.3407602 0.3704782 1.273658 0.3408139 0.36961 1.273712 0.3407602 0.3687418 1.273658 0.3406007 0.3678999 1.273499 0.3403402 0.36711 1.273238 0.3399868 0.3663961 1.272885 0.339551 0.3657798 1.272449 0.3390461 0.3652799 1.271944 0.3384876 0.3649115 1.271386 0.3378923 0.364686 1.270791</float_array>
          <technique_common>
            <accessor source="#MMO_700_dual_-_robot_base_plate-2-mesh-positions-array" count="936" stride="3">
              <param name="X" type="float"/>
              <param name="Y" type="float"/>
              <param name="Z" type="float"/>
            </accessor>
          </technique_common>
        </source>
        <source id="MMO_700_dual_-_robot_base_plate-2-mesh-normals">
          <float_array id="MMO_700_dual_-_robot_base_plate-2-mesh-normals-array" count="5121">-0.7044161 -0.08715498 -0.7044161 -0.7044045 -0.08717012 -0.7044259 -0.6830241 -0.2588453 -0.6829915 -0.6830223 -0.2588355 -0.6829969 -0.6408914 -0.4224876 -0.6409077 -0.6408241 -0.4227609 -0.6407946 -0.5792143 -0.5735712 -0.5792469 -0.5792679 -0.5735206 -0.5792434 -0.4999974 -0.7070875 -0.50003 -0.5000004 -0.7071107 -0.4999942 -0.4055449 -0.8191462 -0.4056264 -0.4055711 -0.8191992 -0.4054936 -0.2988549 -0.906301 -0.2988386 -0.2988668 -0.9062743 -0.2989076 -0.1829867 -0.9659481 -0.1829215 -0.1829932 -0.9659271 -0.1830258 -0.0616402 -0.9961926 -0.06165039 -0.06164699 -0.9961924 -0.06164801 0.06163018 -0.9961937 0.0616424 0.06163072 -0.9961943 0.06163376 0.1829978 -0.9659199 0.1830589 0.1829884 -0.9659312 0.1830087 0.2988593 -0.9062737 0.2989163 0.2988792 -0.906301 0.2988139 0.4055663 -0.8191896 0.4055174 0.40556 -0.8191666 0.4055702 0.5000137 -0.7071105 0.4999811 0.5000174 -0.7070967 0.499997 0.579236 -0.5735604 0.579236 0.5791912 -0.5736261 0.5792157 0.6408651 -0.422666 0.6408162 0.640878 -0.4225079 0.6409076 0.6830458 -0.2588597 0.6829643 0.6830016 -0.2587674 0.6830434 0.7044039 -0.08722072 0.7044202 0.7044223 -0.0872271 0.7044009 0.7044363 0.08722472 0.7043873 0.7043859 0.08722263 0.7044379 0.6830284 0.2588655 0.6829795 0.6830112 0.2587896 0.6830254 0.6408737 0.4225412 0.64089 0.6408586 0.4226256 0.6408494 0.579214 0.5735387 0.5792793 0.5792096 0.5736443 0.5791791 0.5000137 0.7071105 0.4999811 0.5000092 0.7070852 0.5000215 0.4055663 0.8191896 0.4055174 0.4055574 0.8191612 0.4055839 0.2988314 0.906295 0.2988803 0.2989023 0.9062656 0.2988982 0.1829884 0.9659358 0.1829844 0.183 0.9659276 0.1830163 0.06163418 0.9961932 0.0616464 0.06162673 0.9961947 0.06162977 -0.06165224 0.9961912 -0.06166243 -0.06163483 0.9961922 -0.0616644 -0.1829845 0.9659366 -0.1829845 -0.1829952 0.9659379 -0.1829667 -0.2988725 0.9062893 -0.2988563 -0.2988481 0.9062826 -0.2989011 -0.4055773 0.8191465 -0.4055936 -0.4055449 0.8192118 -0.405494 -0.4999974 0.7070875 -0.50003 -0.5000019 0.7071128 -0.4999896 -0.5792143 0.5735712 -0.5792469 -0.5792494 0.5735023 -0.57928 -0.6408732 0.4226168 -0.6408406 -0.6408532 0.4226387 -0.6408461 -0.682998 0.2588539 -0.6830143 -0.6830301 0.2588508 -0.6829833 -0.7043837 0.08715099 -0.7044489 -0.7044409 0.08717465 -0.7043889 -0.7043514 -0.08714699 -0.7044818 -0.70445 -0.08717572 -0.7043796 -0.6830588 -0.258877 -0.6829447 -0.6830192 -0.2588467 -0.6829957 -0.640945 -0.4225229 -0.6408308 -0.6407701 -0.4227252 -0.6408721 -0.5792362 -0.5735929 -0.5792036 -0.5792555 -0.5735084 -0.5792678 -0.5000137 -0.7071105 -0.4999811 -0.5000172 -0.7071344 -0.4999437 -0.4055722 -0.8191354 -0.4056211 -0.4055668 -0.8191083 -0.405681 -0.2988119 -0.9062943 -0.2989016 -0.2988464 -0.906336 -0.2987404 -0.1830615 -0.9659345 -0.1829189 -0.1830608 -0.9658968 -0.1831179 -0.06156426 -0.9962013 -0.06158572 -0.06157118 -0.9962031 -0.06155079 0.06155425 -0.9962025 0.06157767 0.06155371 -0.9962015 0.06159347 0.1830683 -0.9658831 0.1831824 0.1830643 -0.9659234 0.1829746 0.2988455 -0.9063555 0.2986823 0.2988253 -0.9062613 0.2989884 0.4055722 -0.8191354 0.4056211 0.4055877 -0.8191403 0.4055959 0.5000194 -0.7070996 0.4999908 0.579214 -0.5735387 0.5792793 0.5792035 -0.5736383 0.5791912 0.6407848 -0.422613 0.6409316 0.6409053 -0.4225259 0.6408686 0.6830588 -0.258877 0.6829447 0.6829917 -0.2587822 0.6830478 0.7044686 -0.08722877 0.7043544 0.7043768 -0.0872215 0.7044472 0.7044039 0.08722072 0.7044202 0.7044636 0.08723223 0.7043591 0.682998 0.2588539 0.6830143 0.6829954 0.2587836 0.6830434 0.6409273 0.4225765 0.6408131 0.6408339 0.4226093 0.6408849 0.5792579 0.5735821 0.5791926 0.5791761 0.5736112 0.5792455 0.5000082 0.7070837 0.5000245 0.4055936 0.8191787 0.405512 0.4055978 0.8191606 0.4055448 0.2987943 0.9063059 0.298884 0.2988761 0.9063099 0.2987905 0.1829906 0.9659473 0.1829213 0.1829991 0.9659225 0.1830439 0.06163394 0.9961892 0.06171137 0.06162726 0.996204 0.0614795 -0.06165248 0.9961951 -0.0615974 -0.06163501 0.9961944 -0.06162786 -0.1829823 0.965925 -0.1830475 -0.1829918 0.9659199 -0.1830652 -0.2988412 0.906318 -0.2988005 -0.2988175 0.9063134 -0.2988379 -0.4055938 0.819114 -0.4056428 -0.4055747 0.8191895 -0.4055095 -0.4999811 0.7070644 -0.500079 -0.5000009 0.7071114 -0.4999927 -0.5792362 0.5735929 -0.5792036 -0.5792391 0.5734922 -0.5793003 -0.6408464 0.4225991 -0.640879 -0.6409047 0.4226727 -0.6407722 -0.6830154 0.2588452 -0.6830001 -0.7044161 0.08715498 -0.7044161 -0.704428 0.08717304 -0.704402 -0.7044079 -0.08715599 -0.7044242 -0.7044003 -0.08723843 -0.7044216 -0.6830154 -0.2588481 -0.682999 -0.6830113 -0.2588508 -0.6830021 -0.6408464 -0.4225991 -0.640879 -0.6408976 -0.422563 -0.6408517 -0.5792251 -0.5735659 -0.5792415 -0.5792394 -0.5735781 -0.579215 -0.4999743 -0.7071201 -0.5000069 -0.5000218 -0.7070847 -0.5000096 -0.4055773 -0.8191465 -0.4055936 -0.40556 -0.819193 -0.4055172 -0.2988651 -0.9062914 -0.298857 -0.2988144 -0.9063249 -0.2988063 -0.18305 -0.9659132 -0.1830419 -0.1829845 -0.9659327 -0.1830049 -0.06163221 -0.9961936 -0.0616424 -0.06163591 -0.9961968 -0.06158906 0.06163042 -0.9961977 0.06157743 0.06163913 -0.9961919 0.06166362 0.183 -0.9659315 0.1829959 0.1829916 -0.9659308 0.1830078 0.2988725 -0.9062893 0.2988563 0.2988648 -0.9062863 0.298873 0.405588 -0.8191681 0.4055391 0.4055671 -0.8191667 0.4055629 0.4999743 -0.7071201 0.5000069 0.5000292 -0.7071073 0.4999701 0.5792576 -0.5734837 0.5792902 0.5792047 -0.5735988 0.5792292 0.6408121 -0.4228267 0.6407632 0.6408644 -0.4225738 0.6408777 0.6830154 -0.2588481 0.682999 0.6830095 -0.2588551 0.6830023 0.7044079 -0.08715599 0.7044242 0.7044383 -0.08696943 0.7044169 0.7044161 0.08715498 0.7044161 0.704426 0.08696991 0.704429 0.6829886 0.2588657 0.6830192 0.6408207 0.4227019 0.640837 0.640845 0.4226915 0.6408196 0.5791923 0.5735495 0.5792902 0.5792666 0.5735295 0.5792359 0.4999907 0.7071431 0.499958 0.5000113 0.7070821 0.5000236 0.405588 0.8191681 0.4055391 0.4055607 0.8191539 0.4055954 0.298877 0.9062622 0.2989341 0.2988733 0.9062874 0.298861 0.183 0.9659315 0.1829959 0.1829917 0.9659315 0.1830039 0.06162613 0.9961943 0.06163841 0.06163924 0.9961937 0.06163519 -0.0616362 0.9961931 -0.0616464 -0.06163167 0.9961932 -0.06165003 -0.1830115 0.9659271 -0.1830074 -0.1830126 0.9659289 -0.1829963 -0.2988651 0.9062914 -0.298857 -0.29881 0.9063116 -0.2988508 -0.4055626 0.8191983 -0.4055035 -0.4999743 0.7071201 -0.5000069 -0.50003 0.7070962 -0.4999851 -0.5792251 0.5735659 -0.5792415 -0.579221 0.5735598 -0.5792515 -0.6408475 0.4227196 -0.6407985 -0.6409074 0.4224498 -0.6409165 -0.6829892 0.2588568 -0.6830219 -0.6830104 0.2588689 -0.6829962 -0.7043998 0.08728545 -0.7044162 -0.7044123 0.08710944 -0.7044255 -0.7043431 -0.08714801 -0.7044899 -0.7044457 -0.08724403 -0.7043754 -0.6830501 -0.2588798 -0.6829522 -0.6829994 -0.2588648 -0.6830086 -0.6409 -0.4226345 -0.6408022 -0.6408435 -0.4225274 -0.6409292 -0.579247 -0.5735874 -0.5791981 -0.5792271 -0.5735659 -0.5792394 -0.4999907 -0.7071431 -0.499958 -0.5000361 -0.7071048 -0.4999668 -0.4056006 -0.8191112 -0.4056414 -0.4055614 -0.81913 -0.4056429 -0.2988296 -0.9062826 -0.2989193 -0.2987878 -0.906368 -0.2987022 -0.1831271 -0.9659111 -0.1829763 -0.1830565 -0.9659038 -0.1830851 -0.06155526 -0.9962024 -0.06157767 -0.06155884 -0.996203 -0.06156498 0.06155323 -0.9962025 0.06157767 0.06156617 -0.9961985 0.06163138 0.1830726 -0.9659062 0.1830564 0.1830675 -0.9659229 0.1829738 0.2988487 -0.9063158 0.2987998 0.2988284 -0.9062995 0.2988691 0.4056006 -0.8191112 0.4056414 0.4055896 -0.8191465 0.4055815 0.499958 -0.707097 0.5000559 0.500045 -0.7071297 0.4999226 0.5792357 -0.573462 0.5793336 0.579217 -0.573611 0.5792048 0.6407318 -0.4227737 0.6408785 0.6408916 -0.4225918 0.6408386 0.682998 -0.2588539 0.6830143 0.68303 -0.2588814 0.6829718 0.7044726 -0.08716398 0.7043585 0.7043927 -0.08696377 0.7044631 0.7043514 0.08714699 0.7044818 0.7044713 0.08697551 0.7043831 0.6829729 0.2588598 0.6830371 0.6408743 0.4227373 0.6407601 0.6408203 0.4226751 0.640855 0.5792362 0.5735929 0.5792036 0.579233 0.5734963 0.5793023 0.5000287 0.7071066 0.4999716 0.4056006 0.8191112 0.4056414 0.4055815 0.8191301 0.4056223 0.2988473 0.9062709 0.298937 0.2988471 0.9063316 0.2987533 0.1829978 0.9659199 0.1830589 0.1829907 0.9659265 0.1830315 0.06162589 0.9961903 0.06170338 0.0616396 0.9961994 0.06154173 -0.06163644 0.9961971 -0.06158143 -0.06163161 0.996192 -0.0616703 -0.1830093 0.9659156 -0.1830705 -0.1830111 0.9659211 -0.1830397 -0.2987747 0.9063282 -0.2988359 -0.4056006 0.8191112 -0.4056414 -0.4055728 0.819153 -0.4055851 -0.4999907 0.7071431 -0.499958 -0.5000147 0.7070746 -0.500031 -0.579247 0.5735874 -0.5791981 -0.5792107 0.5735496 -0.5792719 -0.6408207 0.4227019 -0.640837 -0.6409589 0.4224837 -0.6408427 -0.6829956 0.2588633 -0.683013 -0.7044646 0.0872935 -0.7043504 -0.704367 0.08710384 -0.7044715 0.7071024 0 0.7071112 0.7071102 0 0.7071034 0.7071056 0 0.707108 0.7071056 0 0.707108 0.7071052 0 0.7071084 0.707112 0 0.7071016 0.7071117 0 0.707102 0.7071083 0 0.7071053 0.7071095 0 0.7071042 0.7071092 0 0.7071044 0 1 0 0 1 4.81299e-6 0 1 3.19108e-6 0 1 -4.47433e-6 -0.7071042 0 -0.7071095 -0.7071092 0 -0.7071044 -0.7070999 0 -0.7071137 -0.707109 0 -0.7071046 -0.7071052 0 -0.7071084 -0.707112 0 -0.7071016 -0.7071048 0 -0.7071089 -0.7071128 0 -0.7071008 -0.707103 0 -0.7071107 -0.7071096 0 -0.707104 0 -1 0 0 -1 1.59554e-6 0 -1 -1.62123e-6 0 -1 6.88755e-7 0 -1 2.4065e-6 -0.7071045 0 0.7071091 -0.7071068 -6.01486e-5 0.7071068 -0.707259 0 0.7069546 -0.7070708 0 0.7071428 -0.7070111 3.03347e-5 0.7072025 -0.7071845 5.75173e-5 0.7070291 -0.7070423 6.44876e-5 0.7071713 -0.7070558 -4.1681e-5 0.7071579 -0.7072622 -4.47085e-5 0.7069514 -0.7070434 0 0.7071702 -0.7069914 -1.08563e-6 0.7072222 -0.7071086 0 0.7071051 -0.7070305 -3.32961e-5 0.7071832 -0.7070693 2.80032e-5 0.7071443 -0.7071429 7.21574e-5 0.7070708 -0.7071179 -3.43459e-5 0.7070957 -0.7071576 3.38301e-5 0.7070561 -0.7073472 0 0.7068664 -0.706976 -8.60835e-5 0.7072376 -0.7071662 -3.12533e-5 0.7070475 -0.7071068 0 0.7071068 -0.7071936 -5.24639e-5 0.7070201 -0.7070357 -2.09186e-6 0.7071779 -0.7072853 1.18991e-4 0.7069283 -0.7070932 -8.43837e-5 0.7071204 -0.7068049 -4.18133e-5 0.7074086 -0.7071701 6.33665e-5 0.7070434 -0.7070447 3.75954e-5 0.7071688 -0.7070264 -3.60385e-5 0.7071872 -0.7070307 7.6123e-5 0.7071829 -0.7072214 -5.8761e-6 0.7069922 -0.7071164 -1.50167e-4 0.7070972 -0.7069627 0 0.7072509 -0.7069308 7.0885e-5 0.7072827 -0.707108 -2.31231e-6 0.7071056 -0.7069913 4.4936e-5 0.7072222 -0.7074344 3.25499e-5 0.7067791 -0.707106 0 0.7071076 -0.7071098 0 0.7071037 -0.7071053 0 0.7071084 -0.7071012 0 0.7071124 -0.7071324 1.47673e-4 0.7070813 -0.7069878 5.95108e-5 0.7072258 -0.7070682 -6.04856e-5 0.7071454 -0.7070735 3.33399e-5 0.7071401 -0.7071281 -1.06184e-5 0.7070856 -0.7069396 0 0.707274 -0.7072311 1.12965e-5 0.7069826 -0.7071169 -3.27043e-5 0.7070966 -0.706965 0 0.7072486 -0.7071181 4.50994e-5 0.7070955 -0.7071698 -6.30378e-5 0.7070438 -0.7070203 -4.32375e-5 0.7071933 -0.7071188 4.93068e-5 0.7070948 -0.7072157 -4.35692e-5 0.7069979 -0.7070678 1.06958e-4 0.7071458 -0.7069156 -6.55891e-5 0.7072979 -0.706989 4.71326e-5 0.7072247 -0.7071291 -9.67409e-5 0.7070846 -0.7071844 3.88222e-5 0.7070292 -0.7071349 -4.32926e-5 0.7070787 -0.7069174 3.27367e-5 0.7072962 -0.7070495 -1.14632e-4 0.7071641 -0.7070601 -6.22168e-6 0.7071534 -0.7071352 2.84081e-6 0.7070784 -0.7071068 6.69355e-5 0.7071068 -0.7071694 -4.03582e-5 0.7070443 -0.707 -2.01581e-6 0.7072136 -0.7073158 0 0.7068979 -0.7071874 -7.0323e-6 0.7070262 -0.7071005 0 0.7071132 -0.7072833 6.85299e-6 0.7069303 -0.7071872 -3.51646e-6 0.7070264 -0.7072616 0 0.706952 -0.7069476 5.19873e-6 0.707266 -0.7071091 -3.01241e-6 0.7071046 -0.7070499 -1.77183e-5 0.7071638 -0.7072284 -6.75253e-6 0.7069852 -0.7071068 -9.09813e-5 0.7071068 -0.7070751 0 0.7071385 -0.7071581 -6.40003e-5 0.7070555 -0.7071934 5.74096e-5 0.7070202 -0.7070767 0 0.7071369 -0.7069954 -4.45463e-5 0.7072182 -0.7070494 1.05375e-4 0.7071642 -0.7075055 -9.97048e-5 0.7067079 -0.7072303 -8.22877e-6 0.7069834 -0.7067834 8.08307e-5 0.7074301 -0.7072317 -2.65363e-5 0.706982 -0.707235 -5.96307e-5 0.7069786 -0.7069311 7.80622e-5 0.7072824 -0.7071787 1.29068e-6 0.7070348 -0.7071077 9.01665e-7 0.7071059 -0.7071009 -2.3454e-5 0.7071127 -0.707082 1.10224e-4 0.7071317 -0.7071068 8.26252e-5 0.7071068 -0.7070729 -1.18893e-4 0.7071406 -0.707034 5.36785e-5 0.7071796 -0.7069569 -1.49906e-4 0.7072567 -0.7070951 1.06476e-4 0.7071185 -0.7072097 4.4386e-5 0.7070039 -0.707184 0 0.7070296 -0.7071844 -7.82647e-5 0.7070292 -0.707021 9.32908e-5 0.7071925 -0.7069164 -1.26915e-4 0.7072972 -0.7072218 1.21046e-5 0.7069918 -0.707358 1.04319e-4 0.7068555 -0.7069194 -7.4949e-5 0.7072942 -0.7073283 5.78701e-5 0.7068853 -0.7071003 0 0.7071133 -0.7071735 -5.28119e-5 0.7070401 -0.7070056 5.16647e-5 0.707208 -0.7071171 -1.91601e-4 0.7070965 -0.7071073 -1.99035e-6 0.7071063 -0.7072401 6.37263e-5 0.7069735 -0.707142 -2.70762e-6 0.7070716 -0.7072105 -6.91446e-5 0.7070031 -0.7071071 2.25079e-6 0.7071066 -0.7070524 -1.70604e-5 0.7071612 -0.7070634 0 0.7071501 -0.7071064 0 0.7071073 -0.7072051 9.65908e-5 0.7070085 -0.7069167 6.33665e-5 0.7072969 -0.7071576 -6.82417e-5 0.707056 -0.7071859 -1.89824e-5 0.7070276 -0.7071275 0 0.7070862 -0.7069043 -1.21976e-5 0.7073093 -0.7071491 8.34932e-6 0.7070645 -0.7070767 6.02485e-5 0.7071369 -0.7071419 -6.2354e-5 0.7070717 -0.707096 -7.8884e-5 0.7071176 -0.7070296 0 0.707184 -0.7072564 8.83496e-6 0.7069572 -0.7070684 4.11533e-6 0.7071452 -0.7069866 1.20236e-4 0.707227 -0.7071731 9.81882e-5 0.7070406 -0.7071068 -8.77957e-5 0.7071068 -0.7071743 2.58782e-5 0.7070392 -0.7071322 8.7462e-5 0.7070815 -0.7072259 -6.43835e-6 0.7069877 -0.7069705 6.81614e-5 0.7072431 -0.707242 -6.05211e-6 0.7069717 -0.7071583 -1.38769e-5 0.7070552 -0.7070267 0 0.7071869 -0.7071103 0 0.7071033 -0.7071078 -2.99546e-6 0.7071058 -0.7069944 -1.28492e-4 0.7072192 -0.7069923 -7.63491e-5 0.7072213 -0.707064 5.57866e-5 0.7071496 -0.7071815 -1.01011e-4 0.7070322 -0.7071068 -4.98806e-5 0.7071068 -0.7072385 5.16476e-6 0.7069751 -0.7071088 0 0.7071048 -0.7071906 3.5216e-5 0.707023 -0.7070196 -2.84398e-5 0.707194 -0.7070099 0 0.7072037 -0.7071738 -1.4905e-5 0.7070397 -0.7068971 2.34239e-5 0.7073164 -0.7069866 -6.01179e-5 0.707227 -0.7071433 2.70763e-6 0.7070702 -0.707125 -1.01973e-4 0.7070887 -0.7070989 0 0.7071148 -0.7071088 1.99696e-6 0.7071048 -0.7070184 -4.69488e-5 0.7071951 -0.7071218 1.91616e-4 0.7070918 -0.7071605 1.07341e-4 0.7070531 -0.7071386 -5.78776e-5 0.7070749 -0.707091 6.44019e-5 0.7071226 -0.7072066 0 0.7070071 -0.7070389 -9.32754e-5 0.7071747 -0.7071674 7.82762e-5 0.7070462 -0.7073437 7.89799e-5 0.7068698 -0.7070474 -1.05374e-4 0.7071662 -0.7069895 4.45459e-5 0.7072241 -0.7072063 -5.74082e-5 0.7070072 -0.707072 6.40143e-5 0.7071416 -0.7071385 0 0.7070751 -0.7070987 -1.10226e-4 0.7071149 -0.7071064 -9.00314e-7 0.7071073 -0.7072272 2.70052e-5 0.7069864 -0.707161 -1.29071e-6 0.7070526 -0.7069311 -7.80622e-5 0.7072824 -0.707238 5.96286e-5 0.7069756 -0.7072516 2.65371e-5 0.7069621 -0.707243 -1.3627e-4 0.7069705 -0.7072107 -1.21044e-5 0.7070029 -0.7068618 9.91614e-5 0.7073517 -0.7067632 -8.08284e-5 0.7074503 -0.7072381 8.22887e-6 0.7069755 -0.7074993 7.63412e-5 0.7067141 -0.7072359 -6.45524e-5 0.7069777 -0.7071249 -1.06488e-4 0.7070887 -0.7069581 1.61611e-4 0.7072555 -0.7070606 -5.36834e-5 0.707153 -0.707134 1.18897e-4 0.7070797 -0.7072105 6.91446e-5 0.7070031 -0.7071073 0 0.7071064 -0.7071068 0 0.7071068 -0.7071372 -1.11245e-4 0.7070764 -0.7071464 0 0.7070673 -0.7071048 0 0.7071088 -0.7069334 0 0.7072802 -0.7069569 0 0.7072567 -0.7071481 8.26108e-5 0.7070655 -0.7070766 -5.57883e-5 0.707137 -0.7070659 5.78584e-5 0.7071477 -0.7072771 0 0.7069364 -0.7071078 -1.61412e-5 0.7071058 -0.7070444 1.3879e-5 0.7071693 -0.707227 0 0.7069866 -0.7070257 3.58577e-5 0.7071879 -0.7070763 -4.11537e-6 0.7071374 -0.7070118 6.33523e-5 0.7072018 -0.7071756 -8.47124e-5 0.7070381 -0.7072359 0 0.7069777 -0.7069529 -4.89922e-5 0.7072607 -0.7072783 6.43849e-6 0.7069353 -0.7070866 0 0.707127 -0.7071176 9.65167e-6 0.7070959 -0.7072058 -8.34838e-6 0.7070078 -0.7069311 0 0.7072824 -0.7072504 0 0.7069632 -0.7071059 -1.80334e-6 0.7071077 -0.7070667 -6.41992e-5 0.7071469 -0.7070782 7.8882e-5 0.7071354 -0.7071364 0 0.7070772 -0.7071781 6.82437e-5 0.7070355 -0.7069067 -4.80157e-5 0.7073068 -0.7070682 -7.72077e-5 0.7071454 -0.7071725 -2.58785e-5 0.7070412 -0.7070142 1.23457e-4 0.7071994 -0.7071567 -9.97681e-5 0.7070569 -0.7071218 -1.37114e-4 0.7070918 -0.7071068 4.97587e-6 0.7071068 -0.7070229 -4.02623e-5 0.7071907 -0.7071576 0 0.7070561 -0.7069945 0 0.707219 -0.707158 0 0.7070556 -0.7070735 6.66799e-5 0.7071401 -0.7069566 -3.93099e-5 0.707257 -0.707125 -5.75125e-5 0.7070887 -0.7070694 7.48856e-5 0.7071443 -0.707091 4.73232e-5 0.7071226 -0.7070944 -5.22929e-5 0.7071192 -0.7069873 0 0.7072263 -0.7071737 0 0.7070398 -0.7069743 -1.12555e-6 0.7072393 -0.7071061 0 0.7071076 -0.7071166 -3.22971e-5 0.7070969 -0.7071598 2.87444e-5 0.7070538 -0.7071068 9.24806e-5 0.7071068 -0.7071654 -4.22235e-5 0.7070482 -0.7070915 3.998e-5 0.7071221 -0.7071429 0 0.7070708 -0.707206 3.43502e-5 0.7070076 -0.7071068 -9.42558e-5 0.7071068 -0.7072316 -5.27417e-5 0.706982 -0.7071184 3.05785e-4 0.7070952 -0.7070646 -1.31297e-4 0.707149 -0.7069621 1.92948e-4 0.7072515 -0.7072455 5.87578e-6 0.7069681 -0.7071011 -9.1586e-5 0.7071124 -0.7071429 -7.21574e-5 0.7070708 -0.7071163 -2.37833e-6 0.7070973 -0.7068179 4.18141e-5 0.7073955 -0.7070203 8.64751e-5 0.7071933 -0.7072424 -6.38972e-6 0.7069712 -0.7070769 -1.5498e-4 0.7071367 -0.7070119 9.48755e-5 0.7072017 -0.7072658 3.75646e-5 0.7069478 -0.7071471 4.47055e-5 0.7070666 -0.7072033 9.64543e-5 0.7070103 -0.7071082 -2.80003e-6 0.7071054 -0.7071038 0 0.7071099 -0.7071048 0 0.7071089 -0.7071869 0 0.7070267 -0.7069574 -4.97857e-5 0.7072561 -0.7070947 1.06518e-5 0.7071189 -0.707228 1.28319e-5 0.7069855 -0.7069985 -7.21722e-5 0.7072151 -0.7070597 -2.2166e-6 0.7071539 -0.7071495 0 0.7070642 -0.7070727 2.72446e-6 0.7071409 -0.7070816 5.7803e-5 0.7071321 -0.7069985 3.60861e-5 0.7072151 -0.7072628 -1.1297e-5 0.7069507 -0.7070784 -9.79528e-6 0.7071353 -0.7068456 -5.33808e-5 0.707368 -0.7071797 6.65949e-5 0.7070339 -0.7071058 0 0.7071078 -0.7071083 0 0.7071053 -0.7071063 0 0.7071073 -0.7071132 0 0.7071005 -0.7070688 7.18591e-5 0.7071449 -0.707135 -5.65346e-5 0.7070785 -0.7071869 1.33182e-4 0.7070267 -0.7070034 -7.81628e-5 0.7072102 -0.7071324 5.11821e-5 0.7070813 -0.7070056 -1.06949e-4 0.7072079 -0.7072688 4.62986e-5 0.7069448 -0.7070556 -1.02353e-4 0.707158 -0.7071609 1.11973e-5 0.7070527 -0.7071098 7.494e-6 0.7071038 -0.7069917 -1.55524e-4 0.7072219 -0.7070452 -9.85779e-6 0.7071684 -0.7069789 -4.26507e-5 0.7072347 -0.7070122 3.78269e-5 0.7072014 -0.707104 -2.84069e-6 0.7071096 -0.7070103 0 0.7072033 -0.7071042 -7.83698e-6 0.7071095 -0.7071544 6.30224e-5 0.7070593 -0.7073765 0 0.706837 -0.7072072 -7.38994e-6 0.7070064 -0.7071038 0 0.7071098 -0.7071602 7.03203e-6 0.7070535 -0.7072229 -3.73173e-6 0.7069907 -0.7070072 0 0.7072064 -0.7071105 -3.64779e-6 0.7071032 -0.7071078 0 0.7071058 -0.7071043 0 0.7071093 -0.7071086 3.6369e-6 0.707105 -0.7071486 0 0.707065 -0.7071052 0 0.7071084 -0.7071101 0 0.7071035 -0.7071084 0 0.7071052 -0.7071008 0 0.7071128 -0.7071098 0 0.7071038 -0.7071062 0 0.7071074 -0.7071166 0 0.707097 -0.7071027 0 0.707111 -0.7071158 0 0.7070977 -0.7071018 0 0.7071117 -0.7071046 0 0.707109 -0.7071192 0 0.7070944 0.7073084 0 -0.7069052 0.7071038 0 -0.7071099 0.7071043 0 -0.7071093 0.7071068 0 -0.7071068 0.7071005 0 -0.7071131 0.7071099 0 -0.7071036 0.7072011 0 -0.7070124 0.7070816 -3.65501e-5 -0.7071321 0.7073151 0 -0.7068985 0.7070414 5.2715e-6 -0.7071723 0.7070463 6.90934e-6 -0.7071673 0.7071068 -5.64692e-5 -0.7071068 0.7071247 4.13075e-5 -0.707089 0.7070398 -2.93013e-5 -0.7071738 0.7071068 5.17421e-5 -0.7071068 0.7071146 -8.45082e-5 -0.707099 0.7070868 5.27146e-5 -0.7071269 0.7072256 0 -0.706988 0.7070389 1.46791e-4 -0.7071746 0.7071068 -1.00048e-5 -0.7071068 0.7071068 2.31419e-4 -0.7071068 0.707024 -3.7827e-5 -0.7071895 0.7070844 -4.47409e-5 -0.7071292 0.7071048 7.22661e-5 -0.7071088 0.7071487 -6.11661e-5 -0.7070649 0.7071068 0 -0.7071068 0.70713 -3.13641e-5 -0.7070836 0.706992 3.04684e-5 -0.7072216 0.707085 -1.90227e-5 -0.7071287 0.7071471 1.61302e-4 -0.7070665 0.7070848 4.38856e-5 -0.7071288 0.7071517 -1.17653e-5 -0.707062 0.7071498 2.64306e-5 -0.7070639 0.7070749 -6.38154e-5 -0.7071387 0.7070377 6.82189e-6 -0.7071759 0.7070906 2.15746e-5 -0.707123 0.7071534 -4.656e-5 -0.7070603 0.7071261 3.28476e-5 -0.7070875 0.7070988 -5.82051e-6 -0.7071148 0.7071778 0 -0.7070358 0.7071059 0 -0.7071077 0.7071629 2.69159e-5 -0.7070507 0.7070388 -2.2942e-5 -0.7071749 0.7070063 -6.69767e-5 -0.7072073 0.7071659 -1.31421e-5 -0.7070477 0.7071294 0 -0.7070843 0.7071539 -1.50728e-5 -0.7070597 0.7070761 4.36013e-5 -0.7071374 0.7070514 -3.6941e-5 -0.7071622 0.7071669 1.17825e-5 -0.7070467 0.7070968 2.5125e-6 -0.7071169 0.7070671 1.46819e-5 -0.7071465 0.7071477 1.49343e-5 -0.7070659 0.7071068 -4.50501e-5 -0.7071068 0.7070294 1.68405e-5 -0.7071843 0.7071052 3.1486e-6 -0.7071084 0.7070541 -2.55296e-5 -0.7071595 0.7071316 9.90013e-5 -0.707082 0.7071315 -2.46559e-5 -0.7070822 0.7070406 -1.23696e-5 -0.707173 0.7071033 -1.99948e-5 -0.7071104 0.707077 0 -0.7071366 0.7070593 -9.09867e-5 -0.7071544 0.7071508 8.79871e-5 -0.7070629 0.7070959 4.26339e-7 -0.7071177 0.7069906 0 -0.707223 0.7071534 0 -0.7070603 0.7070629 4.77743e-5 -0.7071507 0.7071188 -6.82109e-5 -0.7070949 0.7070738 0 -0.7071398 0.7071273 2.23236e-5 -0.7070863 0.7070866 -1.75709e-6 -0.707127 0.7070654 0 -0.7071483 0.7071765 3.88202e-5 -0.7070371 0.7070251 -3.47395e-5 -0.7071885 0.7071403 0 -0.7070733 0.7070415 -7.42649e-6 -0.7071721 0.7071076 0 -0.7071061 0.7072453 -3.3302e-6 -0.7069683 0.7071034 2.52604e-6 -0.7071102 0.70711 0 -0.7071036 0.7071965 -1.79491e-4 -0.707017 0.7070178 1.49063e-4 -0.7071958 0.7071185 -1.28488e-4 -0.7070952 0.7070614 9.07653e-5 -0.7071522 0.7071169 -8.2958e-5 -0.7070968 0.7070887 1.06747e-4 -0.7071249 0.7071059 0 -0.7071078 0.7071087 0 -0.7071049 0.7071087 0 -0.707105 0.7072272 -6.02408e-5 -0.7069863 0.7072355 7.22376e-5 -0.7069782 0.7069943 -9.4025e-5 -0.7072193 0.7071453 -7.70815e-5 -0.7070683 0.7071698 4.0963e-5 -0.7070438 0.7070586 6.16675e-5 -0.707155 0.7072094 0 -0.7070043 0.7070728 2.45412e-5 -0.7071408 0.7070479 -3.9263e-5 -0.7071657 0.7071265 2.1994e-5 -0.707087 0.707145 3.70305e-5 -0.7070685 0.7071468 7.13111e-5 -0.7070668 0.706885 -6.33637e-5 -0.7073286 0.7072837 9.12937e-5 -0.7069298 0.7069827 -4.44559e-5 -0.7072309 0.7071409 -6.82832e-5 -0.7070726 0.7070285 2.36611e-5 -0.7071851 0.7071465 -7.93477e-5 -0.7070671 0.7070668 5.74244e-5 -0.7071468 0.7071046 0 -0.7071089 0.7073438 -5.18755e-5 -0.7068697 0.7069802 3.40778e-5 -0.7072334 0.7069423 0 -0.7072713 0.7072511 -8.55777e-6 -0.7069625 0.7070056 1.44568e-5 -0.707208 0.7071638 0 -0.7070497 0.7071262 -4.88116e-5 -0.7070875 0.7071514 5.9508e-5 -0.7070622 0.7068544 0 -0.7073593 0.7072294 1.49353e-5 -0.7069841 0.7070859 2.5159e-5 -0.7071278 0.7071691 9.3442e-5 -0.7070445 0.7071052 0 -0.7071084 0.7070385 0 -0.7071751 0.7075058 -1.1404e-4 -0.7067075 0.7068082 1.14711e-4 -0.7074053 0.7073057 -1.10321e-4 -0.7069078 0.7069626 0 -0.707251 0.7070622 8.18339e-5 -0.7071514 0.7072618 -1.89467e-4 -0.7069518 0.7071459 7.82587e-5 -0.7070677 0.7071228 -1.19239e-4 -0.7070909 0.7070278 7.90152e-5 -0.7071858 0.7071055 0 -0.7071082 0.7071068 -8.27994e-5 -0.7071068 0.7071461 1.57039e-4 -0.7070675 0.7072451 -1.38296e-4 -0.7069685 0.7071657 9.79766e-5 -0.7070479 0.7070781 -7.01354e-5 -0.7071355 0.7069706 -4.53885e-5 -0.7072429 0.7072704 8.53712e-5 -0.7069432 0.7067335 -3.92804e-5 -0.7074799 0.7071562 4.81773e-6 -0.7070574 0.7071447 -1.5896e-5 -0.7070689 0.7069986 7.21133e-5 -0.707215 0.7072167 -7.04118e-5 -0.7069969 0.7072001 1.46738e-5 -0.7070135 0.7070445 0 -0.7071691 0.7070179 0 -0.7071957 0.7071106 4.89494e-5 -0.7071031 0.7070563 2.87053e-5 -0.7071573 0.7072506 0 -0.706963 0.7070332 4.62824e-5 -0.7071804 0.7071028 -5.84963e-5 -0.7071108 0.7070043 0 -0.7072094 0.7071397 -7.29204e-5 -0.7070738 0.7070766 3.21177e-6 -0.707137 0.7071084 6.46143e-6 -0.7071052 0.7070283 7.2647e-5 -0.7071853 0.7069839 -3.4078e-5 -0.7072297 0.7072609 -7.22402e-5 -0.7069526 0.7071971 6.02383e-5 -0.7070164 0.7069683 4.44585e-5 -0.7072452 0.7072682 -9.12917e-5 -0.7069454 0.7071117 0 -0.707102 0.7069557 7.13333e-5 -0.7072579 0.7071982 -5.74164e-5 -0.7070155 0.7069481 7.9361e-5 -0.7072655 0.7071361 -2.36589e-5 -0.7070775 0.7071431 3.73411e-5 -0.7070705 0.7070555 -1.02591e-4 -0.7071581 0.7071531 1.35996e-4 -0.7070605 0.7070434 6.33551e-5 -0.7071701 0.7071646 -7.13129e-5 -0.707049 0.7071059 0 -0.7071077 0.7070657 2.83625e-6 -0.707148 0.7071479 -2.19924e-5 -0.7070657 0.7070479 3.9263e-5 -0.7071657 0.7070038 -1.44581e-5 -0.7072098 0.707226 8.55747e-6 -0.7069876 0.7070647 -2.45409e-5 -0.7071489 0.7071989 1.68259e-5 -0.7070146 0.7070062 0 -0.7072075 0.7072828 -1.49331e-5 -0.7069308 0.7069817 2.70439e-5 -0.7072318 0.7071862 -7.93521e-5 -0.7070274 0.7071133 4.88107e-5 -0.7071003 0.707195 7.78275e-5 -0.7070186 0.7072665 1.28495e-4 -0.7069472 0.7070246 -8.22313e-5 -0.7071891 0.7071178 -4.09599e-5 -0.7070958 0.7071598 8.79306e-5 -0.7070538 0.7071461 -7.85194e-5 -0.7070675 0.7070989 8.29656e-5 -0.7071148 0.7071073 0 -0.7071064 0.7072883 -7.91506e-5 -0.7069253 0.7069751 9.40224e-5 -0.7072385 0.7071138 0 -0.7070998 0.7070487 1.03628e-4 -0.7071648 0.7071357 -8.66368e-5 -0.7070778 0.7070043 5.12917e-5 -0.7072094 0.7070307 -4.62823e-5 -0.7071829 0.7072769 8.99033e-6 -0.7069366 0.7071264 0 -0.7070872 0.7071327 -4.81826e-6 -0.7070809 0.7067999 4.05038e-5 -0.7074136 0.7072724 -8.278e-5 -0.7069413 0.7071077 2.74855e-6 -0.7071059 0.7071095 -2.74442e-6 -0.707104 0.7069684 0 -0.7072451 0.7070274 -7.93699e-5 -0.7071862 0.7071192 9.01225e-6 -0.7070944 0.7070044 0 -0.7072092 0.7071571 -1.46748e-5 -0.7070565 0.707221 7.04123e-5 -0.7069926 0.7070347 -7.2117e-5 -0.7071789 0.7072066 1.10323e-4 -0.707007 0.706888 -1.14704e-4 -0.7073256 0.7071858 0 -0.7070278 0.7070128 6.48438e-6 -0.7072008 0.7071419 -2.87052e-5 -0.7070717 0.7070465 -6.0246e-5 -0.707167 0.7070258 2.31536e-6 -0.7071878 0.7070764 7.01353e-5 -0.7071371 0.7071385 -1.26682e-4 -0.7070751 0.7072201 1.0805e-4 -0.7069935 0.7071036 0 -0.70711 0.7072141 -1.30103e-4 -0.7069996 0.707024 8.28091e-5 -0.7071896 0.7071881 -1.2268e-4 -0.7070255 0.7071321 1.19248e-4 -0.7070816 0.7071068 -7.82544e-5 -0.7071068 0.7071222 -3.21176e-6 -0.7070914 0.7070738 7.29191e-5 -0.7071397 0.7071176 -1.16838e-5 -0.7070961 0.7071074 -6.43867e-6 -0.7071063 0.7069829 -9.9843e-5 -0.7072307 0.7072489 1.89464e-4 -0.7069647 0.7070137 0 -0.7071999 0.7070789 -3.28536e-5 -0.7071346 0.7072377 3.20075e-5 -0.7069759 0.7072628 0 -0.7069508 0.7070614 4.62301e-6 -0.7071523 0.7070822 0 -0.7071315 0.7070778 -6.82224e-6 -0.7071358 0.7070994 9.17222e-5 -0.7071143 0.7070275 -5.28737e-5 -0.7071861 0.7071539 1.17653e-5 -0.7070598 0.7070657 -2.88e-5 -0.707148 0.7072132 4.25519e-5 -0.7070004 0.7070626 -7.22618e-5 -0.7071509 0.7070754 4.6836e-5 -0.7071383 0.7071039 0 -0.7071097 0.707106 0 -0.7071076 0.7071064 0 -0.7071072 0.7071046 -5.81496e-6 -0.707109 0.7071707 1.45675e-4 -0.7070428 0.7070854 -4.28848e-5 -0.7071282 0.7070315 -3.04695e-5 -0.7071821 0.7071087 0 -0.7071049 0.7070968 3.0131e-5 -0.7071169 0.7070344 -1.84916e-5 -0.7071793 0.7071474 8.10763e-5 -0.7070663 0.7071473 -5.72271e-5 -0.7070664 0.7070346 2.66119e-5 -0.707179 0.7071926 0 -0.7070211 0.7071423 2.36638e-5 -0.7070713 0.7071055 0 -0.707108 0.7071638 1.14944e-4 -0.7070499 0.7071229 -8.00766e-5 -0.7070907 0.7070825 0 -0.7071312 0.7070439 1.95742e-5 -0.7071697 0.7071911 -2.94395e-5 -0.7070225 0.7071068 4.25558e-5 -0.7071068 0.7070581 -5.48498e-6 -0.7071555 0.7070789 -4.41262e-6 -0.7071347 0.7071031 0 -0.7071104 0.7072125 0 -0.7070011 0.7071266 0 -0.707087 0.7070468 3.00411e-5 -0.7071669 0.7071747 -3.88228e-5 -0.7070388 0.7071258 8.63604e-6 -0.7070878 0.7071031 -2.23246e-5 -0.7071105 0.7071413 1.0308e-5 -0.7070723 0.7070795 5.45754e-5 -0.7071341 0.7070652 -4.77745e-5 -0.7071484 0.7071548 -1.01845e-5 -0.7070588 0.7071525 0 -0.7070611 0.7069948 1.23688e-5 -0.7072188 0.7071461 1.30983e-5 -0.7070675 0.7071063 0 -0.7071073 0.7071025 0 -0.7071111 0.7071068 1.83002e-6 -0.7071068 0.7070754 -1.59526e-5 -0.7071382 0.7071304 -2.35334e-5 -0.7070833 0.7071887 0 -0.7070249 0.7070685 -8.79907e-5 -0.7071452 0.7071053 0 -0.7071083 0.7071111 8.68845e-5 -0.7071025 0.7071448 4.12982e-7 -0.7070688 0.707019 0 -0.7071946 0.70717 -1.86167e-5 -0.7070437 0.7071189 9.36744e-6 -0.7070948 0.7072713 -3.29025e-5 -0.7069423 0.7071052 0 -0.7071084 0.7070581 -4.86955e-5 -0.7071555 0.7070844 4.47409e-5 -0.7071292 0.706992 0 -0.7072215 0.7071462 1.97256e-5 -0.7070674 0.7070108 -1.57389e-6 -0.7072028 0.7071318 0 -0.7070817 0.7071836 3.55694e-5 -0.70703 0.7069928 -3.21984e-5 -0.7072208 0.7071382 0 -0.7070754 0.707095 -7.09327e-6 -0.7071186 0.7070987 0 -0.7071149 0.707282 -3.59313e-6 -0.7069316 0.7070989 2.3935e-6 -0.7071148 0.707119 0 -0.7070947 0.7071021 0 -0.7071115 0.7071174 0 -0.7070962 0.7071031 0 -0.7071105 0.7071179 0 -0.7070957 0.7071027 0 -0.707111 0.7071099 0 -0.7071037 -0.7044012 -0.08724153 -0.7044203 -0.704445 -0.08714294 -0.7043886 -0.682999 -0.2588163 -0.6830276 -0.6830265 -0.2587575 -0.6830223 -0.6408376 -0.42269 -0.640828 -0.6408276 -0.4226477 -0.6408658 -0.5792205 -0.573582 -0.57923 -0.5792207 -0.5736153 -0.5791968 -0.5000211 -0.7070839 -0.5000115 -0.5000147 -0.7070455 -0.500072 -0.4055286 -0.8192524 -0.4054284 -0.4055423 -0.8191704 -0.4055805 -0.2988951 -0.9062801 -0.2988617 -0.2988373 -0.9063001 -0.2988587 -0.1830022 -0.965924 -0.1830332 -0.1830059 -0.9659316 -0.1829892 -0.06161922 -0.9961928 -0.06167048 -0.06162095 -0.996199 -0.06156849 0.06162071 -0.9961974 0.06159448 0.06162351 -0.9961923 0.06167238 0.1829913 -0.9659426 0.182946 0.1829945 -0.9659328 0.1829945 0.2988676 -0.906273 0.2989106 0.298844 -0.9063066 0.2988321 0.4055289 -0.8191766 0.4055813 0.4056044 -0.8191668 0.4055256 0.499975 -0.707095 0.5000417 0.5000199 -0.707087 0.500008 0.5792588 -0.5735625 0.5792111 0.5792011 -0.5736355 0.5791963 0.6408212 -0.4226092 0.6408975 0.6408898 -0.4225965 0.6408373 0.6830124 -0.258745 0.6830411 0.6829811 -0.2588822 0.6830204 0.7044438 -0.08717048 0.7043865 0.7044135 -0.08712619 0.7044222 0.7043634 0.08723688 0.7044587 0.7044423 0.08705341 0.7044024 0.683048 0.2587585 0.6830003 0.683002 0.2588901 0.6829966 0.6408376 0.42269 0.640828 0.640849 0.4224996 0.640942 0.5792332 0.5735371 0.5792618 0.5792251 0.5736593 0.5791488 0.499994 0.707122 0.4999845 0.5000008 0.7070601 0.5000652 0.4055773 0.8191877 0.4055104 0.4056086 0.8191272 0.4056015 0.2988328 0.9062834 0.298914 0.2988261 0.9063389 0.2987521 0.1830022 0.965924 0.1830332 0.182983 0.9659485 0.1829234 0.06165575 0.9961857 0.06174641 0.06165701 0.9961945 0.06160336 -0.06165516 0.9961953 -0.0615943 -0.06165474 0.9961867 -0.06173229 -0.1829913 0.9659426 -0.182946 -0.1830174 0.9659159 -0.1830604 -0.2988715 0.9063097 -0.2987952 -0.2988012 0.9063066 -0.2988752 -0.4055607 0.8191639 -0.405575 -0.4055467 0.8191978 -0.4055205 -0.500002 0.7070569 -0.5000687 -0.5000296 0.7070666 -0.5000272 -0.5792651 0.5735593 -0.5792079 -0.5791776 0.5736396 -0.5792158 -0.6408062 0.4226694 -0.640873 -0.6408585 0.422668 -0.6408215 -0.6830124 0.258745 -0.6830411 -0.6830202 0.2588314 -0.6830006 -0.7044438 0.08717048 -0.7043865 -0.7043864 0.08721202 -0.7044388 -0.7044337 -0.08714151 -0.7044001 -0.6830345 -0.2588297 -0.6829868 -0.683002 -0.2587482 -0.6830503 -0.6408689 -0.4227107 -0.640783 -0.6408081 -0.4226348 -0.6408939 -0.5792315 -0.5736261 -0.5791754 -0.4999852 -0.7071007 -0.5000234 -0.50001 -0.7070792 -0.500029 -0.4055353 -0.819189 -0.4055497 -0.4055725 -0.8191735 -0.4055439 -0.2988387 -0.9063047 -0.2988435 -0.1830064 -0.9659342 -0.1829754 -0.06162089 -0.9961981 -0.06158274 0.06162357 -0.9961932 0.06165814 0.182994 -0.9659302 0.1830083 0.2988744 -0.9062936 0.298841 0.2988426 -0.9063021 0.2988474 0.4055693 -0.8191909 0.405512 0.405613 -0.8191167 0.4056178 0.4999654 -0.7071355 0.499994 0.5000009 -0.7071006 0.5000081 0.5791904 -0.5736248 0.5792178 0.6409084 -0.4226089 0.6408106 0.6830061 -0.2588917 0.6829918 0.7044059 -0.08716577 0.704425 0.704424 -0.0871275 0.7044115 0.7044204 0.0872392 0.7044013 0.7044132 0.08704513 0.7044326 0.6829921 0.2587518 0.6830589 0.6829919 0.2589008 0.6830026 0.64086 0.4226797 0.6408123 0.6408782 0.4225 0.6409127 0.5792588 0.5735625 0.5792111 0.5791844 0.5736188 0.5792297 0.4999654 0.7071355 0.499994 0.4999955 0.707093 0.5000241 0.4055647 0.8191624 0.4055743 0.4056149 0.8191398 0.4055696 0.2988274 0.9063428 0.2987391 0.1830371 0.9659315 0.1829583 0.183013 0.9659176 0.1830559 0.06162041 0.9961927 0.06167048 0.06162369 0.9961957 0.06161773 -0.06161952 0.9961974 -0.06159448 -0.06162065 0.9961944 -0.06164211 -0.1830185 0.9659097 -0.1830924 -0.1830541 0.9659206 -0.1829992 -0.2987999 0.9063028 -0.2988882 -0.4055733 0.8191893 -0.4055113 -0.4055405 0.8191851 -0.4055525 -0.4999852 0.7071007 -0.5000234 -0.5000106 0.7070801 -0.5000272 -0.5792395 0.573534 -0.5792586 -0.5792185 0.5736801 -0.579135 -0.6408287 0.422659 -0.6408573 -0.6408636 0.4226526 -0.6408267 -0.6830277 0.2587652 -0.6830182 -0.6829941 0.2588323 -0.6830263 -0.7043824 0.08715933 -0.7044492 -0.704412 0.0872116 -0.7044132 -0.7043728 -0.08716052 -0.7044587 -0.7044396 -0.08705848 -0.7044045 -0.6830126 -0.2589704 -0.6829554 -0.6829846 -0.25884 -0.6830329 -0.6409046 -0.4225879 -0.6408283 -0.6408503 -0.4225064 -0.6409362 -0.5791952 -0.5736332 -0.5792047 -0.5792358 -0.5736269 -0.5791702 -0.4999654 -0.7071355 -0.499994 -0.5000182 -0.7071064 -0.4999824 -0.4055607 -0.8191639 -0.405575 -0.4056352 -0.8190901 -0.4056496 -0.2988331 -0.9063209 -0.2987997 -0.2988346 -0.9063088 -0.2988346 -0.183018 -0.9659184 -0.1830466 -0.1829847 -0.9659419 -0.182956 -0.06162357 -0.996196 -0.06161165 0.061616 -0.9961979 0.06158977 0.06162655 -0.9961959 0.06161099 0.1830045 -0.9659236 0.1830331 0.1830278 -0.9659175 0.1830421 0.2988374 -0.9063197 0.2987993 0.2988342 -0.9063076 0.298839 0.4056026 -0.8191626 0.4055358 0.4056186 -0.8190805 0.4056854 0.4999845 -0.7071625 0.4999368 0.4999689 -0.7071238 0.5000071 0.5792144 -0.5736617 0.5791571 0.5792201 -0.5735744 0.5792379 0.6408419 -0.4225466 0.6409183 0.6408925 -0.4225522 0.6408639 0.6829906 -0.2588858 0.6830096 0.6830053 -0.2588848 0.6829952 0.7044532 -0.08709412 0.7043865 0.704405 -0.08706194 0.7044387 0.7044677 0.08709239 0.7043723 0.7044131 0.08705943 0.7044309 0.6829888 0.2588196 0.6830365 0.6829862 0.2589683 0.6829826 0.640922 0.4224916 0.6408743 0.64085 0.4225816 0.640887 0.5792397 0.5736105 0.5791825 0.5791887 0.5736197 0.5792245 0.4999684 0.707123 0.5000089 0.405628 0.8191375 0.4055612 0.4056 0.8191192 0.4056262 0.2988165 0.9062957 0.2988929 0.298794 0.9063632 0.2987105 0.1830503 0.9659126 0.1830455 0.1830492 0.9659183 0.1830158 0.06161689 0.9961931 0.06166577 0.0616253 0.996195 0.06162768 -0.06162339 0.9961936 -0.06165206 -0.1830319 0.9659045 -0.1831058 -0.183037 0.9659276 -0.1829797 -0.2988095 0.9063507 -0.2987332 -0.2987959 0.906307 -0.2988793 -0.405624 0.819139 -0.4055619 -0.4055873 0.8191459 -0.4055849 -0.4999654 0.7071355 -0.499994 -0.5000045 0.707087 -0.5000236 -0.5792205 0.573582 -0.57923 -0.5792165 0.573684 -0.579133 -0.6408851 0.4224735 -0.6409232 -0.6408852 0.4225869 -0.6408482 -0.6830058 0.258906 -0.6829867 -0.6829767 0.2589241 -0.6830089 -0.7044014 0.08700668 -0.7044491 -0.7044464 0.08720725 -0.7043793 -0.7044107 -0.08716523 -0.7044202 -0.7044501 -0.08705979 -0.7043938 -0.6829771 -0.258957 -0.6829962 -0.6830091 -0.2588493 -0.6830049 -0.6408733 -0.4225673 -0.6408733 -0.6408699 -0.4225193 -0.6409081 -0.5792251 -0.5736162 -0.5791916 -0.500006 -0.7071524 -0.4999296 -0.5000301 -0.7070693 -0.500023 -0.4055414 -0.8192019 -0.4055175 -0.4056133 -0.8191131 -0.4056252 -0.2988332 -0.9063044 -0.2988499 -0.1829842 -0.9659394 -0.1829699 -0.06162363 -0.996197 -0.0615974 0.06162649 -0.9961951 0.0616253 0.1830282 -0.9659199 0.1830282 0.2988356 -0.9063121 0.2988237 0.4055582 -0.8191499 0.4056059 0.4056136 -0.8191281 0.4055945 0.4999868 -0.7071254 0.4999868 0.4999952 -0.7071069 0.5000047 0.5792053 -0.5735598 0.5792673 0.6408733 -0.4225673 0.6408733 0.6409043 -0.4225599 0.640847 0.6829808 -0.2588755 0.6830232 0.7044317 -0.08706527 0.7044117 0.7043775 0.08708477 0.7044634 0.7044478 0.08706724 0.7043952 0.6830396 0.2588281 0.6829824 0.6829957 0.2589575 0.6829773 0.6408939 0.4225046 0.6408939 0.6408214 0.4225816 0.6409156 0.5792142 0.5735852 0.5792332 0.5792295 0.5736601 0.5791437 0.4999868 0.7071254 0.4999868 0.4999993 0.7071128 0.4999921 0.4056154 0.8191121 0.4056249 0.4056062 0.8191319 0.4055943 0.2987927 0.9063593 0.2987235 0.183018 0.9659184 0.1830466 0.1830167 0.9659356 0.1829571 0.06164985 0.9961864 0.0617417 0.06165981 0.9961938 0.06161326 -0.06165397 0.9961953 -0.06159436 -0.06165754 0.9961859 -0.06174218 -0.1830025 0.9659379 -0.1829595 -0.1830003 0.9659229 -0.1830409 -0.2987971 0.9063109 -0.2988663 -0.4056115 0.8191137 -0.4056258 -0.405581 0.8191332 -0.4056168 -0.4999868 0.7071254 -0.4999868 -0.5000301 0.7070693 -0.500023 -0.5792461 0.5736073 -0.5791793 -0.5791757 0.5736436 -0.5792139 -0.6408626 0.4224839 -0.6409389 -0.6408801 0.4226024 -0.6408432 -0.6829906 0.2588858 -0.6830096 -0.6830028 0.2589232 -0.6829832 -0.7044579 0.08701837 -0.7043911 -0.7043788 0.08720362 -0.7044473 0.706963 0 -0.7072506 0.7071566 3.62333e-5 -0.707057 0.7069917 -4.31513e-5 -0.7072219 0.707306 -3.62275e-5 -0.7069075 0.7069594 5.03409e-5 -0.7072542 0.7070162 3.62424e-5 -0.7071974 0.7072218 0 -0.7069917 0.7071068 -1.81217e-5 -0.7071068 0.7071884 3.62326e-5 -0.7070253 0.7072218 -5.75164e-5 -0.7069917 0.7070706 1.81189e-5 -0.707143 0.7072218 5.75164e-5 -0.7069917 0.7070252 1.81214e-5 -0.7071884 0.7071644 0 -0.7070493 0.7070434 -2.71773e-5 -0.7071702 0.7071644 -1.15061e-4 -0.7070493 0.7071884 6.79431e-5 -0.7070253 0.7070493 0 -0.7071644 0.7071328 4.53011e-6 -0.7070807 0.7070205 0 -0.7071931 0.7070887 2.7179e-5 -0.7071249 0.7072075 0 -0.7070061 0.7071611 -5.43524e-5 -0.7070524 0.7070493 1.15023e-4 -0.7071644 0.707134 -5.43615e-5 -0.7070796 0.7070493 -1.15042e-4 -0.7071644 0.7071702 0 -0.7070434 0.7069981 3.62452e-5 -0.7072155 0.7072218 -5.74977e-5 -0.7069918 0.7070343 0 -0.7071793 0.7073942 5.7493e-5 -0.7068193 0.7070705 3.62452e-5 -0.707143 0.7071644 -5.75117e-5 -0.7070493 0.7070525 0 -0.7071612 0.7071747 -3.62361e-5 -0.7070388 0.7069414 1.43828e-5 -0.7072722 0.7071068 3.62377e-5 -0.7071068 0.7072039 2.15681e-5 -0.7070097 0.7072336 0 -0.7069799 0.707193 2.8757e-5 -0.7070205 0.7069981 -1.81226e-5 -0.7072155 0.7071356 5.75094e-5 -0.707078 0.7071521 7.2469e-5 -0.7070615 0.7069917 -5.75351e-5 -0.7072219 0.707134 -1.81168e-5 -0.7070796 0.7072218 -1.15033e-4 -0.7069917 0.7070344 -4.53041e-5 -0.7071793 0.7071759 1.33619e-4 -0.7070378 0.7070932 -6.11657e-5 -0.7071204 0.706963 0 -0.7072506 0.7071521 -3.62345e-5 -0.7070615 0.7071499 2.30089e-4 -0.7070637 0.7071884 9.05908e-6 -0.7070253 0.7071974 5.43552e-5 -0.7070162 0.7071068 -1.44958e-4 -0.7071068 0.7069917 0 -0.7072219 0.7071974 0 -0.7070162 0.706963 -1.15066e-4 -0.7072506 0.7070524 3.62424e-5 -0.7071611 0.7072506 5.75187e-5 -0.706963 0.7070389 0 -0.7071748 0.7044394 -0.08708655 0.7044013 0.7043768 -0.08721762 0.7044477 0.6830295 -0.2588314 0.6829913 0.6830072 -0.258823 0.6830168 0.6408329 -0.4227041 0.6408233 0.5792266 -0.5735023 0.5793029 0.5792475 -0.5735803 0.5792046 0.5000138 -0.7070872 0.5000138 0.5000104 -0.7071157 0.499977 0.4055442 -0.8191401 0.4056395 0.4056439 -0.8191217 0.4055771 0.2988163 -0.9063713 0.2986636 0.2988043 -0.9063069 0.298871 0.1830213 -0.9659371 0.1829449 0.1830407 -0.9659063 0.1830884 0.0616135 -0.9961974 0.06159919 0.06160563 -0.9961947 0.06165093 -0.06160616 -0.9961935 -0.06167054 -0.06159985 -0.9961967 -0.06162607 -0.1830414 -0.9659168 -0.1830319 -0.1830226 -0.9659185 -0.1830417 -0.2988266 -0.9063079 -0.2988457 -0.2988224 -0.9063516 -0.2987174 -0.4055787 -0.819172 -0.4055405 -0.4055632 -0.8191261 -0.4056491 -0.5000694 -0.7070356 -0.5000313 -0.4999824 -0.7071285 -0.4999871 -0.5792524 -0.5736041 -0.5791761 -0.5792283 -0.5735325 -0.5792712 -0.6408751 -0.4226195 -0.6408368 -0.6408467 -0.4226189 -0.6408658 -0.6829939 -0.2588179 -0.683032 -0.6830132 -0.2588419 -0.6830036 -0.7044441 -0.0870108 -0.7044059 -0.704419 -0.0872485 -0.7044016 -0.7044389 0.08709591 -0.7044007 -0.704392 0.08717834 -0.7044373 -0.682999 0.2587909 -0.6830371 -0.6830135 0.2588276 -0.6830087 -0.6408957 0.4225569 -0.6408576 -0.640828 0.4226828 -0.6408423 -0.5792268 0.5735788 -0.5792268 -0.5792586 0.5735626 -0.5792109 -0.5000122 0.7070626 -0.5000504 -0.4999763 0.707174 -0.4999287 -0.4055408 0.8191718 -0.4055789 -0.4055964 0.8191168 -0.4056345 -0.2988614 0.9062975 -0.2988423 -0.2988443 0.9063025 -0.2988443 -0.1829751 0.9659456 -0.1829465 -0.1830008 0.9659285 -0.1830103 -0.06165605 0.9961905 -0.06167036 -0.06164979 0.9961946 -0.06160926 0.06165635 0.9961951 0.0615943 0.06165772 0.996189 0.0616911 0.1829793 0.9659295 0.183027 0.1829923 0.9659408 0.1829541 0.2988719 0.9062717 0.2989101 0.2988185 0.906329 0.2987899 0.4055981 0.819134 0.4055981 0.4055947 0.8191373 0.4055947 0.4999757 0.7071412 0.4999757 0.4999793 0.7070989 0.5000318 0.5792524 0.5736041 0.5791761 0.5792682 0.5735243 0.5792395 0.6408319 0.4226926 0.6408319 0.6408438 0.422635 0.6408581 0.6830142 0.2588112 0.6830142 0.6829764 0.2587969 0.6830575 0.704401 0.0870912 0.7044392 0.7043998 0.08722519 0.7044237 0.7044205 -0.08708417 0.7044205 0.7043892 -0.08721917 0.7044351 0.6830011 -0.2588207 0.6830238 0.6408526 -0.4226299 0.6408526 0.6408153 -0.4226925 0.6408486 0.5792522 -0.5735276 0.5792522 0.5792284 -0.5735612 0.5792427 0.5000091 -0.7071075 0.4999901 0.4999865 -0.707109 0.5000104 0.405563 -0.8191781 0.4055439 0.4056329 -0.8190996 0.4056329 0.2988585 -0.9062978 0.2988442 0.1830002 -0.965927 0.1830193 0.1830154 -0.965924 0.1830202 0.0616346 -0.9961915 0.06167513 0.06163197 -0.9961967 0.06159383 -0.06163257 -0.9961966 -0.06159442 -0.06162106 -0.9961926 -0.06166875 -0.1830137 -0.9659219 -0.1830328 -0.1830052 -0.965927 -0.1830147 -0.2988614 -0.9062975 -0.2988423 -0.2988457 -0.9063063 -0.2988313 -0.4055662 -0.8191467 -0.4056043 -0.4055804 -0.8191608 -0.4055613 -0.5000456 -0.7070288 -0.5000647 -0.4999704 -0.7071656 -0.4999465 -0.5792268 -0.5735788 -0.5792268 -0.5792475 -0.5735515 -0.5792332 -0.6408555 -0.4226247 -0.6408531 -0.6830193 -0.2588443 -0.6829966 -0.7044006 -0.08724623 -0.7044203 -0.7044202 0.08708888 -0.7044202 -0.7044103 0.08717584 -0.7044193 -0.6829939 0.2588179 -0.683032 -0.6830226 0.2588455 -0.6829928 -0.6409183 0.4225466 -0.6408419 -0.6408054 0.422668 -0.6408746 -0.5792524 0.5736041 -0.5791761 -0.5792141 0.5735563 -0.5792618 -0.5000552 0.7070423 -0.5000361 -0.4999954 0.70712 -0.4999859 -0.4056035 0.8191311 -0.4055987 -0.298844 0.9063028 -0.298844 -0.2988304 0.906318 -0.2988113 -0.1830002 0.965927 -0.1830193 -0.1830202 0.9659302 -0.1829821 -0.06163257 0.9961966 -0.06159442 -0.06162351 0.9961941 -0.06164258 0.06162989 0.9961921 0.06167048 0.06163436 0.9961963 0.06159615 0.183007 0.9659244 0.1830261 0.1830087 0.9659265 0.1830134 0.2988614 0.9062975 0.2988423 0.2988002 0.9063315 0.2988002 0.405594 0.8191357 0.4055988 0.5000138 0.7070872 0.5000138 0.5000021 0.7071039 0.5000021 0.5792015 0.5735915 0.5792397 0.5792874 0.5735433 0.5792015 0.6408005 0.4226719 0.6408769 0.6408516 0.4226149 0.6408635 0.6830295 0.2588314 0.6829913 0.6829978 0.2588194 0.6830276 0.7044392 0.0870912 0.704401 0.7043883 0.08721905 0.704436 0.7069486 0 -0.707265 0.7072608 3.62298e-5 -0.7069528 0.7069774 -4.31505e-5 -0.7072363 0.7072427 -3.62317e-5 -0.7069709 0.7069522 5.03404e-5 -0.7072614 0.7069774 0 -0.7072363 0.707193 0 -0.7070205 0.7070978 3.62391e-5 -0.7071159 0.707193 -5.75141e-5 -0.7070205 0.7071611 1.81175e-5 -0.7070524 0.707193 5.75141e-5 -0.7070205 0.7070932 1.81194e-5 -0.7071204 0.707078 0 -0.7071356 0.7070366 -2.71826e-5 -0.707177 0.7071068 -1.15052e-4 -0.7071068 0.7070887 6.79475e-5 -0.7071249 0.7070671 4.52969e-6 -0.7071464 0.7070955 2.71793e-5 -0.7071182 0.7071356 0 -0.707078 0.7070978 -5.43587e-5 -0.7071159 0.7072218 1.15033e-4 -0.7069917 0.7070797 -5.43573e-5 -0.707134 0.7069917 -1.1507e-4 -0.7072219 0.7071158 0 -0.7070977 0.7070887 3.62424e-5 -0.7071249 0.7070071 0 -0.7072064 0.7074517 5.74977e-5 -0.7067617 0.7069709 3.62475e-5 -0.7072427 0.7073799 -5.74919e-5 -0.7068337 0.7072608 -3.62308e-5 -0.7069528 0.7067326 1.43879e-5 -0.7074808 0.707143 3.62359e-5 -0.7070705 0.7071967 2.15679e-5 -0.707017 0.707134 0 -0.7070796 0.7072075 2.87576e-5 -0.7070062 0.7072075 5.75152e-5 -0.7070062 0.7071611 7.24699e-5 -0.7070524 0.7071702 -1.81177e-5 -0.7070434 0.7070389 -4.53044e-5 -0.7071748 0.7070411 3.62436e-5 -0.7071725 0.70716 1.33616e-4 -0.7070536 0.7070898 -6.11528e-5 -0.7071238 0.7070909 -3.62388e-5 -0.7071226 0.707078 2.30075e-4 -0.7071356 0.7071566 9.05868e-6 -0.7070569 0.7071793 5.43538e-5 -0.7070344 0.7070887 -1.44955e-4 -0.7071249 0.7070705 -1.81207e-5 -0.707143 0.706989 3.62428e-5 -0.7072246 0.7071159 0 -0.7070978 0.7044132 -0.08720248 0.7044132 0.7044041 -0.08708333 0.7044369 0.6829939 -0.2588179 0.683032 0.6830301 -0.2588028 0.6830015 0.6408197 -0.4226716 0.6408579 0.6409094 -0.4226456 0.6407853 0.5792266 -0.5735215 0.5792838 0.5792325 -0.5735914 0.5792086 0.5000147 -0.7070996 0.4999956 0.5000129 -0.7071257 0.4999604 0.4055949 -0.8190899 0.4056903 0.4055566 -0.8191798 0.405547 0.2987905 -0.90636 0.2987237 0.2988167 -0.9063018 0.2988739 0.1830322 -0.9659185 0.1830322 0.1830384 -0.9659198 0.1830192 0.06159907 -0.9961943 0.06166589 0.06161016 -0.9961955 0.061634 -0.06160849 -0.9961932 -0.06167286 -0.06161099 -0.9961954 -0.06163489 -0.1830365 -0.965915 -0.183046 -0.1830276 -0.9659202 -0.1830276 -0.2987973 -0.9063241 -0.2988259 -0.2988427 -0.9063413 -0.2987282 -0.4056074 -0.8191532 -0.4055501 -0.4055631 -0.8191355 -0.4056299 -0.5000004 -0.7071063 -0.5000004 -0.4999887 -0.7070993 -0.5000221 -0.5792651 -0.5735785 -0.5791888 -0.5792259 -0.5735181 -0.579288 -0.6408197 -0.4226716 -0.6408579 -0.6408229 -0.4226331 -0.6408801 -0.6830226 -0.2587919 -0.6830131 -0.7044132 -0.08720248 -0.7044132 -0.7044445 -0.08714503 -0.704389 -0.7044102 0.08724975 -0.7044102 -0.7044152 0.08711266 -0.7044223 -0.6829786 0.2587977 -0.6830549 -0.683023 0.2587775 -0.6830182 -0.6408301 0.4226403 -0.6408683 -0.6408145 0.4226658 -0.640867 -0.5792522 0.5735276 -0.5792522 -0.5792437 0.5735738 -0.579215 -0.4999717 0.7071198 -0.5000099 -0.4999815 0.7071701 -0.499929 -0.4055914 0.8191596 -0.4055532 -0.4055791 0.8191292 -0.4056268 -0.2988374 0.9063197 -0.2987993 -0.2988767 0.9062812 -0.2988767 -0.1829861 0.9659395 -0.1829671 -0.1829898 0.9659345 -0.1829898 -0.06165838 0.9961901 -0.06167268 -0.06165862 0.9961937 -0.0616157 0.06165158 0.9961955 0.06159198 0.0616576 0.9961915 0.06165283 0.1830021 0.9659354 0.1829735 0.1829705 0.96594 0.18298 0.2988477 0.9063128 0.2988096 0.2988386 0.9063 0.2988577 0.4055949 0.8190899 0.4056903 0.4055566 0.8191798 0.405547 0.4999774 0.7071659 0.4999392 0.4999668 0.7071032 0.5000383 0.5792651 0.5735978 0.5791697 0.5792404 0.573561 0.5792309 0.6408197 0.4226716 0.6408579 0.6408683 0.4226185 0.6408444 0.6830498 0.2588247 0.6829735 0.6829993 0.2587767 0.6830422 0.7043771 0.08716928 0.7044534 0.7044249 0.08712875 0.7044106 0.7073151 1.81135e-5 -0.7068985 0.7069702 3.59584e-5 -0.7072435 0.7070887 0 -0.7071249 0.7072075 -7.18941e-6 -0.7070062 0.7070887 -5.4358e-5 -0.7071249 0.7069774 1.43835e-5 -0.7072363 0.7072699 3.62331e-5 -0.7069438 0.706963 -2.87664e-5 -0.7072506 0.7071884 0 -0.7070253 0.7071068 -9.05897e-6 -0.7071068 0.7071068 1.15052e-4 -0.7071068 0.7070797 -2.71786e-5 -0.707134 0.7070388 6.34132e-5 -0.7071747 0.7071884 -5.88841e-5 -0.7070253 0.7071691 5.88824e-5 -0.7070446 0.7070205 5.75234e-5 -0.7071931 0.7071158 -6.34201e-5 -0.7070977 0.7071068 -5.75258e-5 -0.7071068 0.7071068 -9.0599e-6 -0.7071068 0.7070977 9.06071e-6 -0.7071158 0.7070978 1.81196e-5 -0.7071159 0.7071793 -3.62359e-5 -0.7070344 0.7071068 5.4365e-5 -0.7071068 0.7071356 -5.75094e-5 -0.707078 0.7069799 0 -0.7072336 0.7072218 -2.87582e-5 -0.7069917 0.7071838 0 -0.7070298 0.7070479 3.62426e-5 -0.7071657 0.7070162 -1.81212e-5 -0.7071974 0.7072039 7.18937e-6 -0.7070097 0.7071793 -5.43566e-5 -0.7070344 0.706853 0 -0.7073605 0.7071521 -1.81172e-5 -0.7070615 0.7070978 0 -0.7071159 0.7071068 -6.34193e-5 -0.7071068 0.7070493 5.75211e-5 -0.7071644 0.7071611 -1.35881e-5 -0.7070524 0.7071034 1.58547e-5 -0.7071102 0.7070932 -1.58578e-5 -0.7071204 0.7070493 5.75117e-5 -0.7071644 0.7071521 -2.26465e-5 -0.7070615 0.7071499 5.75223e-5 -0.7070637 0.7071158 -9.06001e-6 -0.7070977 0.7069342 5.75211e-5 -0.7072793 0.707125 0 -0.7070887 0.7069917 0 -0.7072218 0.7071521 1.81191e-5 -0.7070615 0.7069799 -3.62479e-5 -0.7072336 0.7072879 3.62284e-5 -0.7069256 0.7071249 0 -0.7070887 0.7072506 -5.75187e-5 -0.706963 0.7070479 0 -0.7071657 0.7072699 1.81156e-5 -0.7069438 0.706963 3.5958e-5 -0.7072506 0.7071521 0 -0.7070615 0.7072039 -7.18937e-6 -0.7070097 0.7069981 -5.43649e-5 -0.7072155 0.707193 1.43785e-5 -0.7070205 0.7071521 3.62345e-5 -0.7070615 0.7071611 -9.05874e-6 -0.7070524 0.707078 1.15047e-4 -0.7071356 0.7071023 -2.71795e-5 -0.7071114 0.7070207 6.34246e-5 -0.7071928 0.7071611 -5.88818e-5 -0.7070524 0.7071577 5.88815e-5 -0.7070558 0.7071 -6.34187e-5 -0.7071136 0.7071114 -9.05995e-6 -0.7071023 0.7070797 9.05955e-6 -0.707134 0.7070434 1.812e-5 -0.7071702 0.7070978 -3.62391e-5 -0.7071159 0.7070978 5.43587e-5 -0.7071159 0.7070162 0 -0.7071974 0.7072608 0 -0.7069528 0.7071294 3.62375e-5 -0.7070841 0.7069256 -1.81235e-5 -0.707288 0.7071967 7.1893e-6 -0.707017 0.7073694 -5.43378e-5 -0.7068442 0.7069774 2.8767e-5 -0.7072363 0.7069528 0 -0.7072609 0.7070615 -1.81205e-5 -0.7071521 0.706989 0 -0.7072246 0.7071114 -6.34197e-5 -0.7071023 0.7071861 -1.35886e-5 -0.7070275 0.7070875 1.58544e-5 -0.707126 0.7070173 -1.58561e-5 -0.7071962 0.7071931 5.75187e-5 -0.7070205 0.7071634 -2.26469e-5 -0.7070502 0.707078 5.75187e-5 -0.7071356 0.7070841 -9.05961e-6 -0.7071294 0.7069917 5.75258e-5 -0.7072219 0.7071068 1.81198e-5 -0.7071068 0.707078 5.75234e-5 -0.7071356 0.7069981 -3.62414e-5 -0.7072156 0.7072608 3.62308e-5 -0.7069528 0.7070615 0 -0.7071521 0.7072075 -5.75152e-5 -0.7070062 0.7071294 0 -0.7070841 0.7043942 -0.08720016 0.7044324 0.7044166 -0.08708482 0.7044243 0.6830117 -0.2588247 0.6830117 0.6830418 -0.2588073 0.6829881 0.6408917 -0.422634 0.6408106 0.5792522 -0.5735469 0.5792331 0.5792133 -0.5735724 0.5792467 0.5000099 -0.7071198 0.4999717 0.4999747 -0.7071257 0.4999986 0.4056137 -0.8191279 0.4055947 0.4055464 -0.8191592 0.4055988 0.2988237 -0.9063162 0.2988237 0.2988614 -0.9062928 0.2988566 0.183011 -0.9659265 0.183011 0.06162285 -0.9961928 0.06166577 0.06163406 -0.9961966 0.06159114 -0.06163251 -0.9961964 -0.06159675 -0.0616346 -0.9961913 -0.06167757 -0.1830101 -0.9659287 -0.1830006 -0.2988407 -0.9063112 -0.2988216 -0.2988746 -0.9062935 -0.2988412 -0.4055948 -0.8191278 -0.4056138 -0.4055796 -0.8191688 -0.4055462 -0.4999791 -0.7071397 -0.4999743 -0.5792395 -0.5735532 -0.5792395 -0.5792451 -0.5735371 -0.5792499 -0.6408317 -0.422639 -0.6408675 -0.6830288 -0.2587942 -0.6830061 -0.7044261 -0.0871427 -0.7044076 -0.7043916 0.08724272 -0.7044298 -0.7044335 0.08711022 -0.7044042 -0.6830321 0.2587954 -0.6830023 -0.6408526 0.4226299 -0.6408526 -0.6408144 0.4226405 -0.6408836 -0.5792524 0.5735657 -0.5792143 -0.5792244 0.5735548 -0.5792531 -0.5000004 0.7071063 -0.5000004 -0.499997 0.7071111 -0.499997 -0.4055788 0.8191341 -0.405617 -0.4055877 0.8191466 -0.405583 -0.2988114 0.9063274 -0.2988018 -0.2988627 0.9062967 -0.2988436 -0.1830112 0.9659211 -0.1830399 -0.1830185 0.9659345 -0.1829612 -0.06163251 0.9961964 -0.06159675 -0.06163471 0.9961931 -0.06164902 0.06162518 0.9961925 0.06166809 0.06163394 0.996195 0.06161963 0.1830205 0.9659319 0.1829729 0.1829959 0.9659232 0.1830436 0.2988217 0.9063205 0.2988122 0.2988212 0.9063051 0.2988594 0.4056075 0.8191153 0.4056265 0.4055542 0.819175 0.405559 0.5000012 0.7071186 0.4999821 0.5000181 0.7070948 0.4999989 0.5792268 0.5735788 0.5792268 0.5792343 0.5735927 0.5792056 0.6408109 0.4226406 0.6408872 0.6408781 0.4226502 0.6408137 0.6830117 0.2588247 0.6830117 0.6830207 0.2587993 0.6830123 0.7044152 0.08716928 0.7044152 0.7044134 0.08712261 0.7044229</float_array>
          <technique_common>
            <accessor source="#MMO_700_dual_-_robot_base_plate-2-mesh-normals-array" count="1707" stride="3">
              <param name="X" type="float"/>
              <param name="Y" type="float"/>
              <param name="Z" type="float"/>
            </accessor>
          </technique_common>
        </source>
        <vertices id="MMO_700_dual_-_robot_base_plate-2-mesh-vertices">
          <input semantic="POSITION" source="#MMO_700_dual_-_robot_base_plate-2-mesh-positions"/>
        </vertices>
        <triangles count="1900">
          <input semantic="VERTEX" source="#MMO_700_dual_-_robot_base_plate-2-mesh-vertices" offset="0"/>
          <input semantic="NORMAL" source="#MMO_700_dual_-_robot_base_plate-2-mesh-normals" offset="1"/>
          <p>0 0 1 0 2 0 2 1 1 1 3 1 2 2 3 2 4 2 4 3 3 3 5 3 4 4 5 4 6 4 6 5 5 5 7 5 6 6 7 6 8 6 8 7 7 7 9 7 8 8 9 8 10 8 10 9 9 9 11 9 10 10 11 10 12 10 12 11 11 11 13 11 12 12 13 12 14 12 14 13 13 13 15 13 14 14 15 14 16 14 16 15 15 15 17 15 16 16 17 16 18 16 18 17 17 17 19 17 18 18 19 18 20 18 20 19 19 19 21 19 20 20 21 20 22 20 22 21 21 21 23 21 22 22 23 22 24 22 24 23 23 23 25 23 24 24 25 24 26 24 26 25 25 25 27 25 26 26 27 26 28 26 28 27 27 27 29 27 28 28 29 28 30 28 30 29 29 29 31 29 30 30 31 30 32 30 32 31 31 31 33 31 32 32 33 32 34 32 34 33 33 33 35 33 34 34 35 34 36 34 36 35 35 35 37 35 36 36 37 36 38 36 38 37 37 37 39 37 38 38 39 38 40 38 40 39 39 39 41 39 40 40 41 40 42 40 42 41 41 41 43 41 42 42 43 42 44 42 44 43 43 43 45 43 44 44 45 44 46 44 46 45 45 45 47 45 46 46 47 46 48 46 48 47 47 47 49 47 48 48 49 48 50 48 50 49 49 49 51 49 50 50 51 50 52 50 52 51 51 51 53 51 52 52 53 52 54 52 54 53 53 53 55 53 54 54 55 54 56 54 56 55 55 55 57 55 56 56 57 56 58 56 58 57 57 57 59 57 58 58 59 58 60 58 60 59 59 59 61 59 60 60 61 60 62 60 62 61 61 61 63 61 62 62 63 62 64 62 64 63 63 63 65 63 64 64 65 64 66 64 66 65 65 65 67 65 66 66 67 66 68 66 68 67 67 67 69 67 68 68 69 68 70 68 70 69 69 69 71 69 70 70 71 70 0 70 0 71 71 71 1 71 72 72 73 72 74 72 74 73 73 73 75 73 74 74 75 74 76 74 76 75 75 75 77 75 76 76 77 76 78 76 78 77 77 77 79 77 78 78 79 78 80 78 80 79 79 79 81 79 80 80 81 80 82 80 82 81 81 81 83 81 82 82 83 82 84 82 84 83 83 83 85 83 84 84 85 84 86 84 86 85 85 85 87 85 86 86 87 86 88 86 88 87 87 87 89 87 88 88 89 88 90 88 90 89 89 89 91 89 90 90 91 90 92 90 92 91 91 91 93 91 92 92 93 92 94 92 94 93 93 93 95 93 94 94 95 94 96 94 96 95 95 95 97 95 96 96 97 96 98 96 98 97 97 97 99 97 98 26 99 26 100 26 100 98 99 98 101 98 100 99 101 99 102 99 102 100 101 100 103 100 102 101 103 101 104 101 104 102 103 102 105 102 104 103 105 103 106 103 106 104 105 104 107 104 106 105 107 105 108 105 108 106 107 106 109 106 108 107 109 107 110 107 110 108 109 108 111 108 110 109 111 109 112 109 112 110 111 110 113 110 112 111 113 111 114 111 114 112 113 112 115 112 114 113 115 113 116 113 116 114 115 114 117 114 116 44 117 44 118 44 118 115 117 115 119 115 118 116 119 116 120 116 120 117 119 117 121 117 120 118 121 118 122 118 122 119 121 119 123 119 122 120 123 120 124 120 124 121 123 121 125 121 124 122 125 122 126 122 126 123 125 123 127 123 126 124 127 124 128 124 128 125 127 125 129 125 128 126 129 126 130 126 130 127 129 127 131 127 130 128 131 128 132 128 132 129 131 129 133 129 132 130 133 130 134 130 134 131 133 131 135 131 134 132 135 132 136 132 136 133 135 133 137 133 136 134 137 134 138 134 138 135 137 135 139 135 138 136 139 136 140 136 140 137 139 137 141 137 140 68 141 68 142 68 142 138 141 138 143 138 142 139 143 139 72 139 72 140 143 140 73 140 144 141 145 141 146 141 146 142 145 142 147 142 146 143 147 143 148 143 148 144 147 144 149 144 148 145 149 145 150 145 150 146 149 146 151 146 150 147 151 147 152 147 152 148 151 148 153 148 152 149 153 149 154 149 154 150 153 150 155 150 154 151 155 151 156 151 156 152 155 152 157 152 156 153 157 153 158 153 158 154 157 154 159 154 158 155 159 155 160 155 160 156 159 156 161 156 160 157 161 157 162 157 162 158 161 158 163 158 162 159 163 159 164 159 164 160 163 160 165 160 164 161 165 161 166 161 166 162 165 162 167 162 166 163 167 163 168 163 168 164 167 164 169 164 168 165 169 165 170 165 170 166 169 166 171 166 170 167 171 167 172 167 172 168 171 168 173 168 172 169 173 169 174 169 174 170 173 170 175 170 174 171 175 171 176 171 176 172 175 172 177 172 176 173 177 173 178 173 178 174 177 174 179 174 178 175 179 175 180 175 180 176 179 176 181 176 180 177 181 177 182 177 182 178 181 178 183 178 182 38 183 38 184 38 184 179 183 179 185 179 184 180 185 180 186 180 186 181 185 181 187 181 186 182 187 182 188 182 188 183 187 183 189 183 188 184 189 184 190 184 190 185 189 185 191 185 190 186 191 186 192 186 192 187 191 187 193 187 192 188 193 188 194 188 194 189 193 189 195 189 194 190 195 190 196 190 196 191 195 191 197 191 196 192 197 192 198 192 198 193 197 193 199 193 198 194 199 194 200 194 200 195 199 195 201 195 200 196 201 196 202 196 202 197 201 197 203 197 202 198 203 198 204 198 204 199 203 199 205 199 204 60 205 60 206 60 206 200 205 200 207 200 206 201 207 201 208 201 208 202 207 202 209 202 208 203 209 203 210 203 210 204 209 204 211 204 210 205 211 205 212 205 212 206 211 206 213 206 212 207 213 207 214 207 214 208 213 208 215 208 214 209 215 209 144 209 144 210 215 210 145 210 216 211 217 211 218 211 218 212 217 212 219 212 218 213 219 213 220 213 220 214 219 214 221 214 220 215 221 215 222 215 222 216 221 216 223 216 222 217 223 217 224 217 224 218 223 218 225 218 224 219 225 219 226 219 226 220 225 220 227 220 226 221 227 221 228 221 228 222 227 222 229 222 228 223 229 223 230 223 230 224 229 224 231 224 230 225 231 225 232 225 232 226 231 226 233 226 232 227 233 227 234 227 234 228 233 228 235 228 234 229 235 229 236 229 236 230 235 230 237 230 236 231 237 231 238 231 238 232 237 232 239 232 238 233 239 233 240 233 240 234 239 234 241 234 240 235 241 235 242 235 242 236 241 236 243 236 242 237 243 237 244 237 244 238 243 238 245 238 244 239 245 239 246 239 246 240 245 240 247 240 246 241 247 241 248 241 248 242 247 242 249 242 248 243 249 243 250 243 250 244 249 244 251 244 250 245 251 245 252 245 252 246 251 246 253 246 252 247 253 247 254 247 254 248 253 248 255 248 254 109 255 109 256 109 256 249 255 249 257 249 256 250 257 250 258 250 258 251 257 251 259 251 258 252 259 252 260 252 260 253 259 253 261 253 260 184 261 184 262 184 262 254 261 254 263 254 262 255 263 255 264 255 264 256 263 256 265 256 264 257 265 257 266 257 266 258 265 258 267 258 266 259 267 259 268 259 268 260 267 260 269 260 268 261 269 261 270 261 270 262 269 262 271 262 270 263 271 263 272 263 272 264 271 264 273 264 272 265 273 265 274 265 274 266 273 266 275 266 274 128 275 128 276 128 276 267 275 267 277 267 276 268 277 268 278 268 278 269 277 269 279 269 278 270 279 270 280 270 280 271 279 271 281 271 280 272 281 272 282 272 282 273 281 273 283 273 282 274 283 274 284 274 284 275 283 275 285 275 284 207 285 207 286 207 286 276 285 276 287 276 286 277 287 277 216 277 216 278 287 278 217 278 288 279 289 279 290 279 290 280 289 280 291 280 290 281 291 281 292 281 292 282 291 282 293 282 292 283 293 283 294 283 294 284 293 284 295 284 294 285 295 285 296 285 296 286 295 286 297 286 296 287 297 287 298 287 298 288 297 288 299 288 300 289 301 289 302 289 302 290 301 290 303 290 302 289 303 289 304 289 304 289 303 289 305 289 304 289 305 289 306 289 306 291 305 291 307 291 306 289 307 289 308 289 308 289 307 289 309 289 308 289 309 289 288 289 288 292 309 292 289 292 310 293 311 293 312 293 312 294 311 294 313 294 312 295 313 295 314 295 314 296 313 296 315 296 314 297 315 297 316 297 316 298 315 298 317 298 316 299 317 299 318 299 318 300 317 300 319 300 318 301 319 301 300 301 300 302 319 302 301 302 298 303 299 303 320 303 320 303 299 303 321 303 320 303 321 303 322 303 322 304 321 304 323 304 322 305 323 305 324 305 324 303 323 303 325 303 324 306 325 306 326 306 326 303 325 303 327 303 326 303 327 303 310 303 310 307 327 307 311 307 299 308 297 308 328 308 225 309 223 309 289 309 267 310 265 310 329 310 287 311 285 311 291 311 291 312 285 312 283 312 291 313 283 313 281 313 281 314 279 314 291 314 291 315 279 315 277 315 291 316 277 316 275 316 223 317 221 317 289 317 289 318 221 318 219 318 289 319 219 319 291 319 291 320 219 320 217 320 291 321 217 321 287 321 265 322 263 322 329 322 329 323 263 323 261 323 329 324 261 324 259 324 251 325 249 325 309 325 309 326 249 326 247 326 309 327 247 327 245 327 245 328 243 328 309 328 309 329 243 329 241 329 309 330 241 330 239 330 273 331 271 331 329 331 329 332 271 332 269 332 329 333 269 333 267 333 231 334 229 334 289 334 289 335 229 335 227 335 289 336 227 336 225 336 259 337 257 337 329 337 329 338 257 338 255 338 329 339 255 339 253 339 239 340 237 340 309 340 309 341 237 341 235 341 309 342 235 342 289 342 289 343 235 343 233 343 289 344 233 344 231 344 305 345 330 345 307 345 307 346 330 346 329 346 307 347 329 347 309 347 309 348 329 348 253 348 309 349 253 349 251 349 75 350 73 350 331 350 331 351 73 351 143 351 81 352 79 352 305 352 305 353 79 353 77 353 143 354 141 354 331 354 331 355 141 355 139 355 331 356 139 356 137 356 137 357 135 357 331 357 331 358 135 358 133 358 331 359 133 359 131 359 123 360 121 360 332 360 332 361 121 361 119 361 119 362 117 362 332 362 332 363 117 363 115 363 332 364 115 364 113 364 105 365 103 365 303 365 303 366 103 366 101 366 101 367 99 367 303 367 303 368 99 368 97 368 303 369 97 369 95 369 129 370 127 370 332 370 332 371 127 371 125 371 332 372 125 372 123 372 87 373 85 373 305 373 305 374 85 374 83 374 305 375 83 375 81 375 113 376 111 376 332 376 332 377 111 377 109 377 332 378 109 378 303 378 303 379 109 379 107 379 303 380 107 380 105 380 95 381 93 381 303 381 303 382 93 382 91 382 303 383 91 383 305 383 305 384 91 384 89 384 305 385 89 385 87 385 333 386 334 386 330 386 335 387 336 387 337 387 337 388 336 388 338 388 337 389 338 389 339 389 339 390 340 390 337 390 337 391 340 391 341 391 337 392 341 392 333 392 342 393 343 393 344 393 344 394 343 394 345 394 345 395 346 395 344 395 344 396 346 396 347 396 344 397 347 397 348 397 348 398 349 398 344 398 344 399 349 399 350 399 344 400 350 400 337 400 337 401 350 401 351 401 337 402 351 402 335 402 334 403 352 403 330 403 330 404 352 404 353 404 330 405 353 405 354 405 355 406 356 406 329 406 329 407 356 407 357 407 329 408 357 408 358 408 354 409 359 409 330 409 330 410 359 410 360 410 330 411 360 411 361 411 358 412 362 412 329 412 329 413 362 413 363 413 329 414 363 414 364 414 364 415 365 415 329 415 329 416 365 416 366 416 329 417 366 417 344 417 344 418 366 418 367 418 344 419 367 419 342 419 361 328 368 328 330 328 330 420 368 420 369 420 330 421 369 421 329 421 329 422 369 422 370 422 329 423 370 423 355 423 371 424 372 424 337 424 337 425 373 425 374 425 374 426 373 426 375 426 376 427 377 427 331 427 333 428 330 428 337 428 337 328 330 328 378 328 337 429 378 429 371 429 372 430 379 430 337 430 337 431 379 431 380 431 337 432 380 432 381 432 375 433 382 433 374 433 374 434 382 434 383 434 374 435 383 435 384 435 381 436 385 436 337 436 337 437 385 437 386 437 337 438 386 438 373 438 384 439 387 439 374 439 374 440 387 440 388 440 374 441 388 441 389 441 390 442 391 442 330 442 330 443 391 443 392 443 392 444 393 444 330 444 330 445 393 445 394 445 330 446 394 446 395 446 331 447 396 447 397 447 397 448 398 448 331 448 331 449 398 449 399 449 331 450 399 450 400 450 77 451 75 451 305 451 305 452 75 452 331 452 305 328 331 328 330 328 330 453 331 453 377 453 330 454 377 454 390 454 395 455 401 455 330 455 330 456 401 456 402 456 330 457 402 457 378 457 389 458 403 458 374 458 374 459 403 459 404 459 374 460 404 460 331 460 331 461 404 461 405 461 331 462 405 462 396 462 400 463 406 463 331 463 331 464 406 464 407 464 331 465 407 465 376 465 408 466 409 466 344 466 410 467 411 467 412 467 413 468 414 468 415 468 344 469 409 469 410 469 410 470 412 470 413 470 413 471 412 471 416 471 413 472 416 472 417 472 409 473 418 473 410 473 410 474 418 474 419 474 410 475 419 475 420 475 417 476 421 476 413 476 413 477 421 477 422 477 413 478 422 478 423 478 415 479 424 479 337 479 337 480 424 480 425 480 337 481 425 481 426 481 426 390 427 390 337 390 337 482 427 482 428 482 337 483 428 483 429 483 429 484 430 484 337 484 337 485 430 485 431 485 337 486 431 486 344 486 344 487 431 487 432 487 344 488 432 488 433 488 433 489 434 489 344 489 344 490 434 490 435 490 344 491 435 491 436 491 420 492 437 492 410 492 410 493 437 493 438 493 410 494 438 494 439 494 436 495 440 495 344 495 344 496 440 496 441 496 344 497 441 497 408 497 439 498 442 498 410 498 410 499 442 499 443 499 410 500 443 500 411 500 423 328 444 328 413 328 413 501 444 501 445 501 413 502 445 502 414 502 446 503 447 503 337 503 415 504 337 504 413 504 413 505 337 505 447 505 413 506 447 506 448 506 449 507 374 507 450 507 450 508 374 508 451 508 450 509 451 509 452 509 453 510 454 510 451 510 448 511 455 511 413 511 413 512 455 512 456 512 413 513 456 513 457 513 454 514 458 514 451 514 451 515 458 515 459 515 451 516 459 516 460 516 449 517 461 517 374 517 374 518 461 518 462 518 374 519 462 519 463 519 464 520 465 520 337 520 337 521 465 521 466 521 460 522 467 522 451 522 451 523 467 523 468 523 451 524 468 524 452 524 463 525 469 525 374 525 374 526 469 526 470 526 374 527 470 527 471 527 471 528 472 528 374 528 374 529 472 529 473 529 374 530 473 530 337 530 337 531 473 531 474 531 337 532 474 532 464 532 466 533 475 533 337 533 337 534 475 534 476 534 337 535 476 535 446 535 457 536 477 536 413 536 413 537 477 537 478 537 413 538 478 538 479 538 479 539 480 539 413 539 413 540 480 540 481 540 413 541 481 541 451 541 451 542 481 542 482 542 451 543 482 543 453 543 211 544 297 544 213 544 213 328 297 328 215 328 195 545 193 545 328 545 157 546 155 546 295 546 295 547 155 547 153 547 295 548 153 548 151 548 211 549 209 549 297 549 297 550 209 550 207 550 297 551 207 551 205 551 195 552 328 552 197 552 151 553 149 553 295 553 295 554 149 554 147 554 295 555 147 555 297 555 297 556 147 556 145 556 297 557 145 557 215 557 193 558 191 558 328 558 328 559 191 559 189 559 328 560 189 560 187 560 175 561 173 561 410 561 410 562 173 562 171 562 205 563 203 563 297 563 297 564 203 564 201 564 297 328 201 328 328 328 328 565 201 565 199 565 328 566 199 566 197 566 181 567 179 567 410 567 410 568 179 568 177 568 410 569 177 569 175 569 171 570 169 570 410 570 410 571 169 571 167 571 410 572 167 572 165 572 187 573 185 573 328 573 328 574 185 574 183 574 328 575 183 575 181 575 163 576 161 576 295 576 295 577 161 577 159 577 295 578 159 578 157 578 165 579 163 579 410 579 410 580 163 580 295 580 410 346 295 346 344 346 344 581 295 581 293 581 344 328 293 328 329 328 329 581 293 581 291 581 329 582 291 582 273 582 273 583 291 583 275 583 1 584 71 584 483 584 483 585 71 585 69 585 483 586 69 586 67 586 13 587 11 587 451 587 451 588 11 588 9 588 67 589 65 589 483 589 483 590 65 590 63 590 483 591 63 591 61 591 9 592 7 592 451 592 451 593 7 593 5 593 451 594 5 594 3 594 53 328 51 328 484 328 484 595 51 595 49 595 484 596 49 596 47 596 181 328 410 328 328 328 328 597 410 597 413 597 328 598 413 598 485 598 485 599 413 599 451 599 485 599 451 599 483 599 483 600 451 600 3 600 483 601 3 601 1 601 47 602 45 602 484 602 484 603 45 603 43 603 484 604 43 604 41 604 33 605 31 605 486 605 486 606 31 606 29 606 486 607 29 607 27 607 61 608 59 608 483 608 483 609 59 609 57 609 483 610 57 610 484 610 484 611 57 611 55 611 484 612 55 612 53 612 27 613 25 613 486 613 486 614 25 614 23 614 486 615 23 615 21 615 19 616 17 616 451 616 451 617 17 617 15 617 451 618 15 618 13 618 41 619 39 619 484 619 484 620 39 620 37 620 484 621 37 621 486 621 486 622 37 622 35 622 486 623 35 623 33 623 21 624 19 624 486 624 486 625 19 625 451 625 486 598 451 598 487 598 487 626 451 626 374 626 487 598 374 598 332 598 332 627 374 627 331 627 332 628 331 628 129 628 129 629 331 629 131 629 299 328 328 328 321 328 321 630 328 630 485 630 321 631 485 631 323 631 323 630 485 630 483 630 323 632 483 632 325 632 325 633 483 633 484 633 325 634 484 634 327 634 303 635 301 635 332 635 332 636 301 636 319 636 332 637 319 637 487 637 487 638 319 638 317 638 487 639 317 639 486 639 486 638 317 638 315 638 486 640 315 640 484 640 484 636 315 636 313 636 484 328 313 328 327 328 327 641 313 641 311 641 488 642 489 642 490 642 326 643 310 643 312 643 320 644 491 644 298 644 298 645 491 645 296 645 326 646 492 646 324 646 324 647 492 647 493 647 324 645 493 645 322 645 494 648 495 648 296 648 296 649 495 649 496 649 497 650 498 650 491 650 491 651 498 651 499 651 491 652 499 652 500 652 500 653 501 653 491 653 491 654 501 654 502 654 491 655 502 655 503 655 496 656 504 656 296 656 296 657 504 657 505 657 296 658 505 658 506 658 503 659 507 659 491 659 491 660 507 660 508 660 491 661 508 661 296 661 296 662 508 662 509 662 296 663 509 663 494 663 510 664 511 664 294 664 294 665 511 665 512 665 294 666 512 666 513 666 506 667 514 667 296 667 296 668 514 668 515 668 296 645 515 645 294 645 294 669 515 669 516 669 294 670 516 670 510 670 517 671 518 671 519 671 513 672 520 672 294 672 294 673 520 673 521 673 294 674 521 674 517 674 518 675 522 675 519 675 519 676 522 676 523 676 519 677 523 677 524 677 524 678 525 678 519 678 519 679 525 679 526 679 519 680 526 680 527 680 527 645 528 645 519 645 519 681 528 681 529 681 519 682 529 682 491 682 491 683 529 683 530 683 491 684 530 684 497 684 531 685 532 685 493 685 493 686 532 686 533 686 534 687 535 687 492 687 492 688 535 688 536 688 492 689 536 689 537 689 537 690 538 690 492 690 492 691 538 691 539 691 492 692 539 692 540 692 533 645 541 645 493 645 493 693 541 693 542 693 493 694 542 694 543 694 540 695 544 695 492 695 492 696 544 696 545 696 492 697 545 697 493 697 493 698 545 698 546 698 493 699 546 699 531 699 547 700 548 700 549 700 549 701 548 701 550 701 549 702 550 702 551 702 543 703 552 703 493 703 493 704 552 704 553 704 493 682 553 682 549 682 549 705 553 705 554 705 549 706 554 706 547 706 555 707 556 707 557 707 551 708 558 708 549 708 549 709 558 709 559 709 549 710 559 710 555 710 556 711 560 711 557 711 557 712 560 712 561 712 557 713 561 713 562 713 562 714 563 714 557 714 557 715 563 715 564 715 557 716 564 716 565 716 565 717 566 717 557 717 557 718 566 718 567 718 557 719 567 719 492 719 492 720 567 720 568 720 492 721 568 721 534 721 569 722 570 722 571 722 572 723 573 723 569 723 569 724 573 724 574 724 569 725 574 725 575 725 571 726 576 726 569 726 569 727 576 727 577 727 569 728 577 728 578 728 575 645 519 645 569 645 569 729 519 729 491 729 569 730 491 730 579 730 579 731 491 731 320 731 579 645 320 645 322 645 580 732 581 732 570 732 570 733 581 733 582 733 570 734 582 734 571 734 578 735 583 735 569 735 569 736 583 736 584 736 569 737 584 737 572 737 585 738 586 738 587 738 587 739 586 739 588 739 589 740 590 740 587 740 587 741 590 741 591 741 587 682 591 682 570 682 570 742 591 742 592 742 570 743 592 743 593 743 593 744 594 744 570 744 570 745 594 745 595 745 570 746 595 746 580 746 596 747 597 747 519 747 519 748 597 748 598 748 598 749 599 749 519 749 519 750 599 750 600 750 519 751 600 751 587 751 587 752 600 752 601 752 587 753 601 753 585 753 588 754 602 754 587 754 587 755 602 755 603 755 587 756 603 756 589 756 575 757 604 757 519 757 519 758 604 758 605 758 519 759 605 759 606 759 606 760 607 760 519 760 519 761 607 761 608 761 519 762 608 762 596 762 609 763 610 763 611 763 611 764 610 764 549 764 612 765 613 765 549 765 610 766 614 766 549 766 549 767 614 767 615 767 549 768 615 768 616 768 613 769 617 769 549 769 549 770 617 770 618 770 549 771 618 771 619 771 620 772 621 772 569 772 569 773 621 773 622 773 623 774 570 774 624 774 624 775 570 775 569 775 624 776 569 776 625 776 625 777 569 777 622 777 623 778 626 778 570 778 570 779 626 779 627 779 570 780 627 780 628 780 629 781 630 781 611 781 611 782 630 782 631 782 631 783 632 783 611 783 611 784 632 784 633 784 611 785 633 785 634 785 616 786 635 786 549 786 549 787 635 787 636 787 549 788 636 788 612 788 637 789 638 789 569 789 628 790 639 790 570 790 570 791 639 791 640 791 570 792 640 792 641 792 634 793 642 793 611 793 611 794 642 794 643 794 611 795 643 795 609 795 638 796 644 796 569 796 569 797 644 797 645 797 569 798 645 798 620 798 322 645 493 645 579 645 579 645 493 645 549 645 579 729 549 729 569 729 569 799 549 799 619 799 569 800 619 800 637 800 587 801 646 801 647 801 570 802 648 802 649 802 649 803 650 803 570 803 570 804 650 804 651 804 570 805 651 805 652 805 587 806 647 806 490 806 490 807 647 807 653 807 490 808 653 808 654 808 654 809 655 809 490 809 490 810 655 810 656 810 490 811 656 811 657 811 658 812 659 812 660 812 660 813 659 813 661 813 652 814 662 814 570 814 570 815 662 815 663 815 570 816 663 816 587 816 587 817 663 817 664 817 587 818 664 818 665 818 665 819 666 819 587 819 587 820 666 820 667 820 587 821 667 821 668 821 668 645 669 645 587 645 587 822 669 822 670 822 587 823 670 823 646 823 657 824 671 824 490 824 490 825 671 825 672 825 490 826 672 826 673 826 673 827 674 827 490 827 490 828 674 828 675 828 490 751 675 751 660 751 660 829 675 829 676 829 660 830 676 830 658 830 661 831 677 831 660 831 660 832 677 832 678 832 660 833 678 833 679 833 679 834 680 834 660 834 660 835 680 835 681 835 660 836 681 836 570 836 570 837 681 837 682 837 570 838 682 838 648 838 683 839 684 839 611 839 611 840 684 840 685 840 611 841 685 841 686 841 686 842 687 842 611 842 611 843 687 843 688 843 611 844 688 844 689 844 689 845 690 845 611 845 611 846 690 846 691 846 611 847 691 847 692 847 692 848 693 848 611 848 611 849 693 849 570 849 611 850 570 850 629 850 629 851 570 851 641 851 694 852 695 852 683 852 683 853 695 853 696 853 696 854 697 854 683 854 683 855 697 855 698 855 683 856 698 856 699 856 699 857 700 857 683 857 683 858 700 858 701 858 683 859 701 859 684 859 693 860 702 860 570 860 570 861 702 861 703 861 570 862 703 862 704 862 704 863 705 863 570 863 570 864 705 864 706 864 570 865 706 865 707 865 707 866 708 866 570 866 570 867 708 867 709 867 570 868 709 868 660 868 660 869 709 869 710 869 710 870 711 870 660 870 660 871 711 871 712 871 660 872 712 872 713 872 713 873 714 873 660 873 660 874 714 874 715 874 660 875 715 875 716 875 716 645 717 645 660 645 660 876 717 876 718 876 660 877 718 877 683 877 683 878 718 878 719 878 683 879 719 879 694 879 720 880 721 880 490 880 490 881 721 881 722 881 490 882 722 882 723 882 489 645 724 645 490 645 490 883 724 883 725 883 490 884 725 884 720 884 723 885 726 885 490 885 490 886 726 886 727 886 490 887 727 887 728 887 729 888 730 888 290 888 290 889 730 889 731 889 290 890 731 890 732 890 732 891 733 891 290 891 290 892 733 892 734 892 290 893 734 893 735 893 517 894 519 894 294 894 294 895 519 895 587 895 294 895 587 895 292 895 292 896 587 896 490 896 292 896 490 896 290 896 290 897 490 897 728 897 290 898 728 898 729 898 736 899 737 899 288 899 735 645 738 645 290 645 290 900 738 900 739 900 290 901 739 901 288 901 288 902 739 902 740 902 288 903 740 903 736 903 737 904 741 904 288 904 288 905 741 905 742 905 288 906 742 906 743 906 743 907 744 907 288 907 288 908 744 908 745 908 288 909 745 909 308 909 308 910 745 910 746 910 308 911 746 911 747 911 747 912 748 912 308 912 308 913 748 913 749 913 308 914 749 914 750 914 750 915 751 915 308 915 308 916 751 916 752 916 308 917 752 917 753 917 683 645 304 645 660 645 660 645 304 645 306 645 660 645 306 645 490 645 490 645 306 645 308 645 490 918 308 918 488 918 488 919 308 919 753 919 754 717 755 717 756 717 754 920 756 920 757 920 755 921 758 921 756 921 756 922 758 922 759 922 756 923 759 923 760 923 760 645 761 645 756 645 756 924 761 924 762 924 756 925 762 925 763 925 764 926 765 926 683 926 683 927 765 927 766 927 683 928 766 928 767 928 767 929 768 929 683 929 683 930 768 930 769 930 683 931 769 931 770 931 555 645 557 645 549 645 549 932 557 932 771 932 549 645 771 645 611 645 611 645 771 645 756 645 611 933 756 933 683 933 683 934 756 934 763 934 683 935 763 935 764 935 772 936 773 936 304 936 770 937 774 937 683 937 683 938 774 938 775 938 683 939 775 939 304 939 304 940 775 940 776 940 304 941 776 941 772 941 773 942 777 942 304 942 304 943 777 943 778 943 304 944 778 944 779 944 780 945 302 945 781 945 781 946 302 946 304 946 781 947 304 947 782 947 782 948 304 948 779 948 780 949 783 949 302 949 302 950 783 950 784 950 302 951 784 951 785 951 785 952 786 952 302 952 302 953 786 953 787 953 302 954 787 954 788 954 788 955 789 955 302 955 302 956 789 956 790 956 302 957 790 957 756 957 756 958 790 958 791 958 756 959 791 959 757 959 326 960 312 960 492 960 492 961 312 961 314 961 492 961 314 961 557 961 557 962 314 962 316 962 557 963 316 963 771 963 771 964 316 964 318 964 771 965 318 965 756 965 756 966 318 966 300 966 756 966 300 966 302 966 653 967 366 967 654 967 654 968 366 968 365 968 654 969 365 969 655 969 655 970 365 970 364 970 655 971 364 971 656 971 656 972 364 972 363 972 656 973 363 973 657 973 657 974 363 974 362 974 657 975 362 975 671 975 671 976 362 976 358 976 671 977 358 977 672 977 672 978 358 978 357 978 672 979 357 979 673 979 673 980 357 980 356 980 673 981 356 981 674 981 674 982 356 982 355 982 674 983 355 983 675 983 675 984 355 984 370 984 675 985 370 985 676 985 676 986 370 986 369 986 676 987 369 987 658 987 658 988 369 988 368 988 658 989 368 989 659 989 659 990 368 990 361 990 659 991 361 991 661 991 661 992 361 992 360 992 661 993 360 993 677 993 677 994 360 994 359 994 677 995 359 995 678 995 678 996 359 996 354 996 678 997 354 997 679 997 679 998 354 998 353 998 679 999 353 999 680 999 680 1000 353 1000 352 1000 680 1001 352 1001 681 1001 681 1002 352 1002 334 1002 681 1003 334 1003 682 1003 682 1004 334 1004 333 1004 682 1005 333 1005 648 1005 648 1006 333 1006 341 1006 648 1007 341 1007 649 1007 649 1008 341 1008 340 1008 649 1009 340 1009 650 1009 650 1010 340 1010 339 1010 650 1011 339 1011 651 1011 651 1012 339 1012 338 1012 651 1013 338 1013 652 1013 652 1014 338 1014 336 1014 652 1015 336 1015 662 1015 662 1016 336 1016 335 1016 662 1017 335 1017 663 1017 663 1018 335 1018 351 1018 663 1019 351 1019 664 1019 664 1020 351 1020 350 1020 664 1021 350 1021 665 1021 665 1022 350 1022 349 1022 665 1023 349 1023 666 1023 666 1024 349 1024 348 1024 666 1025 348 1025 667 1025 667 1026 348 1026 347 1026 667 1027 347 1027 668 1027 668 1028 347 1028 346 1028 668 1029 346 1029 669 1029 669 1030 346 1030 345 1030 669 1031 345 1031 670 1031 670 1032 345 1032 343 1032 670 1033 343 1033 646 1033 646 1034 343 1034 342 1034 646 1035 342 1035 647 1035 647 1036 342 1036 367 1036 647 1037 367 1037 653 1037 653 1038 367 1038 366 1038 600 967 418 967 601 967 601 1039 418 1039 409 1039 601 1040 409 1040 585 1040 585 1041 409 1041 408 1041 585 1042 408 1042 586 1042 586 1043 408 1043 441 1043 586 973 441 973 588 973 588 1044 441 1044 440 1044 588 1045 440 1045 602 1045 602 1046 440 1046 436 1046 602 1047 436 1047 603 1047 603 1048 436 1048 435 1048 603 979 435 979 589 979 589 1049 435 1049 434 1049 589 981 434 981 590 981 590 1050 434 1050 433 1050 590 983 433 983 591 983 591 1051 433 1051 432 1051 591 985 432 985 592 985 592 1052 432 1052 431 1052 592 987 431 987 593 987 593 1053 431 1053 430 1053 593 1054 430 1054 594 1054 594 1055 430 1055 429 1055 594 1056 429 1056 595 1056 595 1057 429 1057 428 1057 595 1058 428 1058 580 1058 580 1059 428 1059 427 1059 580 995 427 995 581 995 581 1060 427 1060 426 1060 581 997 426 997 582 997 582 1061 426 1061 425 1061 582 999 425 999 571 999 571 1062 425 1062 424 1062 571 1063 424 1063 576 1063 576 1064 424 1064 415 1064 576 1065 415 1065 577 1065 577 1066 415 1066 414 1066 577 1067 414 1067 578 1067 578 1068 414 1068 445 1068 578 1069 445 1069 583 1069 583 1070 445 1070 444 1070 583 1071 444 1071 584 1071 584 1072 444 1072 423 1072 584 1073 423 1073 572 1073 572 1074 423 1074 422 1074 572 1075 422 1075 573 1075 573 1076 422 1076 421 1076 573 1015 421 1015 574 1015 574 1077 421 1077 417 1077 574 1078 417 1078 575 1078 575 1079 417 1079 416 1079 575 1080 416 1080 604 1080 604 1081 416 1081 412 1081 604 1082 412 1082 605 1082 605 1083 412 1083 411 1083 605 1084 411 1084 606 1084 606 1085 411 1085 443 1085 606 1025 443 1025 607 1025 607 1086 443 1086 442 1086 607 1087 442 1087 608 1087 608 1088 442 1088 439 1088 608 1089 439 1089 596 1089 596 1090 439 1090 438 1090 596 1091 438 1091 597 1091 597 1092 438 1092 437 1092 597 1093 437 1093 598 1093 598 1094 437 1094 420 1094 598 1095 420 1095 599 1095 599 1096 420 1096 419 1096 599 1097 419 1097 600 1097 600 1098 419 1098 418 1098 624 1099 448 1099 623 1099 623 1100 448 1100 447 1100 623 1101 447 1101 626 1101 626 1102 447 1102 446 1102 626 1103 446 1103 627 1103 627 1104 446 1104 476 1104 627 1105 476 1105 628 1105 628 1106 476 1106 475 1106 628 1107 475 1107 639 1107 639 1108 475 1108 466 1108 639 1109 466 1109 640 1109 640 1110 466 1110 465 1110 640 1111 465 1111 641 1111 641 1112 465 1112 464 1112 641 1113 464 1113 629 1113 629 1114 464 1114 474 1114 629 983 474 983 630 983 630 1115 474 1115 473 1115 630 1116 473 1116 631 1116 631 1117 473 1117 472 1117 631 1118 472 1118 632 1118 632 1119 472 1119 471 1119 632 1120 471 1120 633 1120 633 1121 471 1121 470 1121 633 1122 470 1122 634 1122 634 1123 470 1123 469 1123 634 1124 469 1124 642 1124 642 1125 469 1125 463 1125 642 1126 463 1126 643 1126 643 1127 463 1127 462 1127 643 1128 462 1128 609 1128 609 1129 462 1129 461 1129 609 1130 461 1130 610 1130 610 1131 461 1131 449 1131 610 1132 449 1132 614 1132 614 1133 449 1133 450 1133 614 1134 450 1134 615 1134 615 1135 450 1135 452 1135 615 1136 452 1136 616 1136 616 1137 452 1137 468 1137 616 1138 468 1138 635 1138 635 1139 468 1139 467 1139 635 1140 467 1140 636 1140 636 1141 467 1141 460 1141 636 1073 460 1073 612 1073 612 1142 460 1142 459 1142 612 1143 459 1143 613 1143 613 1144 459 1144 458 1144 613 1145 458 1145 617 1145 617 1146 458 1146 454 1146 617 1147 454 1147 618 1147 618 1148 454 1148 453 1148 618 1149 453 1149 619 1149 619 1150 453 1150 482 1150 619 1082 482 1082 637 1082 637 1151 482 1151 481 1151 637 1152 481 1152 638 1152 638 1153 481 1153 480 1153 638 1154 480 1154 644 1154 644 1155 480 1155 479 1155 644 1156 479 1156 645 1156 645 1157 479 1157 478 1157 645 1158 478 1158 620 1158 620 1159 478 1159 477 1159 620 1160 477 1160 621 1160 621 1161 477 1161 457 1161 621 1162 457 1162 622 1162 622 1163 457 1163 456 1163 622 1164 456 1164 625 1164 625 1165 456 1165 455 1165 625 1166 455 1166 624 1166 624 1167 455 1167 448 1167 710 1168 378 1168 711 1168 711 1169 378 1169 402 1169 711 1170 402 1170 712 1170 712 1171 402 1171 401 1171 712 1172 401 1172 713 1172 713 1173 401 1173 395 1173 713 1105 395 1105 714 1105 714 1174 395 1174 394 1174 714 1175 394 1175 715 1175 715 1176 394 1176 393 1176 715 1177 393 1177 716 1177 716 1178 393 1178 392 1178 716 1111 392 1111 717 1111 717 1179 392 1179 391 1179 717 1113 391 1113 718 1113 718 1180 391 1180 390 1180 718 983 390 983 719 983 719 1181 390 1181 377 1181 719 1116 377 1116 694 1116 694 1182 377 1182 376 1182 694 1118 376 1118 695 1118 695 1183 376 1183 407 1183 695 1120 407 1120 696 1120 696 1184 407 1184 406 1184 696 1185 406 1185 697 1185 697 1186 406 1186 400 1186 697 1187 400 1187 698 1187 698 1188 400 1188 399 1188 698 1126 399 1126 699 1126 699 1189 399 1189 398 1189 699 1190 398 1190 700 1190 700 1191 398 1191 397 1191 700 1130 397 1130 701 1130 701 1192 397 1192 396 1192 701 1132 396 1132 684 1132 684 1193 396 1193 405 1193 684 1194 405 1194 685 1194 685 1195 405 1195 404 1195 685 1196 404 1196 686 1196 686 1197 404 1197 403 1197 686 1198 403 1198 687 1198 687 1199 403 1199 389 1199 687 1200 389 1200 688 1200 688 1201 389 1201 388 1201 688 1202 388 1202 689 1202 689 1203 388 1203 387 1203 689 1204 387 1204 690 1204 690 1205 387 1205 384 1205 690 1145 384 1145 691 1145 691 1206 384 1206 383 1206 691 1207 383 1207 692 1207 692 1208 383 1208 382 1208 692 1209 382 1209 693 1209 693 1210 382 1210 375 1210 693 1211 375 1211 702 1211 702 1212 375 1212 373 1212 702 1213 373 1213 703 1213 703 1214 373 1214 386 1214 703 1154 386 1154 704 1154 704 1215 386 1215 385 1215 704 1216 385 1216 705 1216 705 1217 385 1217 381 1217 705 1218 381 1218 706 1218 706 1219 381 1219 380 1219 706 1220 380 1220 707 1220 707 1221 380 1221 379 1221 707 1222 379 1222 708 1222 708 1223 379 1223 372 1223 708 1224 372 1224 709 1224 709 1225 372 1225 371 1225 709 1226 371 1226 710 1226 710 1227 371 1227 378 1227 270 1228 792 1228 268 1228 268 1229 792 1229 793 1229 268 1230 793 1230 266 1230 266 1231 793 1231 794 1231 266 1232 794 1232 264 1232 264 1233 794 1233 795 1233 264 1234 795 1234 262 1234 262 1235 795 1235 796 1235 262 1228 796 1228 260 1228 260 1236 796 1236 797 1236 260 1237 797 1237 258 1237 258 1238 797 1238 798 1238 258 1239 798 1239 256 1239 256 1240 798 1240 799 1240 256 1241 799 1241 254 1241 254 1242 799 1242 800 1242 254 1243 800 1243 252 1243 252 1244 800 1244 801 1244 252 1245 801 1245 250 1245 250 1246 801 1246 802 1246 250 1247 802 1247 248 1247 248 1248 802 1248 803 1248 248 1249 803 1249 246 1249 246 1250 803 1250 804 1250 246 1251 804 1251 244 1251 244 1252 804 1252 805 1252 244 1253 805 1253 242 1253 242 1254 805 1254 806 1254 242 645 806 645 240 645 240 1255 806 1255 807 1255 240 1256 807 1256 238 1256 238 1257 807 1257 808 1257 238 1258 808 1258 236 1258 236 1259 808 1259 809 1259 236 1260 809 1260 234 1260 234 1261 809 1261 810 1261 234 1228 810 1228 232 1228 232 1262 810 1262 811 1262 232 1263 811 1263 230 1263 230 1264 811 1264 812 1264 230 1265 812 1265 228 1265 228 1266 812 1266 813 1266 228 1267 813 1267 226 1267 226 1268 813 1268 814 1268 226 1269 814 1269 224 1269 224 1270 814 1270 815 1270 224 1271 815 1271 222 1271 222 1272 815 1272 816 1272 222 1273 816 1273 220 1273 220 1274 816 1274 817 1274 220 1245 817 1245 218 1245 218 1233 817 1233 818 1233 218 1253 818 1253 216 1253 216 1275 818 1275 819 1275 216 645 819 645 286 645 286 1276 819 1276 820 1276 286 1277 820 1277 284 1277 284 1278 820 1278 821 1278 284 1279 821 1279 282 1279 282 1280 821 1280 822 1280 282 1245 822 1245 280 1245 280 1281 822 1281 823 1281 280 645 823 645 278 645 278 1282 823 1282 824 1282 278 645 824 645 276 645 276 1235 824 1235 825 1235 276 1283 825 1283 274 1283 274 1284 825 1284 826 1284 274 1285 826 1285 272 1285 272 1286 826 1286 827 1286 272 1287 827 1287 270 1287 270 1288 827 1288 792 1288 801 1289 489 1289 802 1289 802 1290 489 1290 488 1290 802 1291 488 1291 803 1291 803 1292 488 1292 753 1292 803 997 753 997 804 997 804 1293 753 1293 752 1293 804 1294 752 1294 805 1294 805 1295 752 1295 751 1295 805 1296 751 1296 806 1296 806 1297 751 1297 750 1297 806 1298 750 1298 807 1298 807 1299 750 1299 749 1299 807 1300 749 1300 808 1300 808 1301 749 1301 748 1301 808 1302 748 1302 809 1302 809 1303 748 1303 747 1303 809 1304 747 1304 810 1304 810 1305 747 1305 746 1305 810 1306 746 1306 811 1306 811 1307 746 1307 745 1307 811 1308 745 1308 812 1308 812 1309 745 1309 744 1309 812 1310 744 1310 813 1310 813 1311 744 1311 743 1311 813 1312 743 1312 814 1312 814 1313 743 1313 742 1313 814 1314 742 1314 815 1314 815 1315 742 1315 741 1315 815 1316 741 1316 816 1316 816 1317 741 1317 737 1317 816 1318 737 1318 817 1318 817 1319 737 1319 736 1319 817 1320 736 1320 818 1320 818 1321 736 1321 740 1321 818 1322 740 1322 819 1322 819 1323 740 1323 739 1323 819 1324 739 1324 820 1324 820 1325 739 1325 738 1325 820 1326 738 1326 821 1326 821 1327 738 1327 735 1327 821 1328 735 1328 822 1328 822 1329 735 1329 734 1329 822 1330 734 1330 823 1330 823 1331 734 1331 733 1331 823 1332 733 1332 824 1332 824 1333 733 1333 732 1333 824 1334 732 1334 825 1334 825 1335 732 1335 731 1335 825 1336 731 1336 826 1336 826 1337 731 1337 730 1337 826 1338 730 1338 827 1338 827 1339 730 1339 729 1339 827 1340 729 1340 792 1340 792 1341 729 1341 728 1341 792 1342 728 1342 793 1342 793 1343 728 1343 727 1343 793 1344 727 1344 794 1344 794 1345 727 1345 726 1345 794 1346 726 1346 795 1346 795 1347 726 1347 723 1347 795 1348 723 1348 796 1348 796 1349 723 1349 722 1349 796 1350 722 1350 797 1350 797 1351 722 1351 721 1351 797 1352 721 1352 798 1352 798 1353 721 1353 720 1353 798 1354 720 1354 799 1354 799 1355 720 1355 725 1355 799 1356 725 1356 800 1356 800 1357 725 1357 724 1357 800 1358 724 1358 801 1358 801 1359 724 1359 489 1359 828 1360 530 1360 829 1360 829 1361 530 1361 529 1361 829 1291 529 1291 830 1291 830 1362 529 1362 528 1362 830 1363 528 1363 831 1363 831 1364 528 1364 527 1364 831 1365 527 1365 832 1365 832 1366 527 1366 526 1366 832 1367 526 1367 833 1367 833 1368 526 1368 525 1368 833 1369 525 1369 834 1369 834 1370 525 1370 524 1370 834 1120 524 1120 835 1120 835 1371 524 1371 523 1371 835 1372 523 1372 836 1372 836 1373 523 1373 522 1373 836 1374 522 1374 837 1374 837 1375 522 1375 518 1375 837 1376 518 1376 838 1376 838 1377 518 1377 517 1377 838 1378 517 1378 839 1378 839 1379 517 1379 521 1379 839 1380 521 1380 840 1380 840 1381 521 1381 520 1381 840 1382 520 1382 841 1382 841 1383 520 1383 513 1383 841 1384 513 1384 842 1384 842 1385 513 1385 512 1385 842 1386 512 1386 843 1386 843 1387 512 1387 511 1387 843 1318 511 1318 844 1318 844 1388 511 1388 510 1388 844 1320 510 1320 845 1320 845 1389 510 1389 516 1389 845 1322 516 1322 846 1322 846 1390 516 1390 515 1390 846 1391 515 1391 847 1391 847 1392 515 1392 514 1392 847 1393 514 1393 848 1393 848 1394 514 1394 506 1394 848 1395 506 1395 849 1395 849 1396 506 1396 505 1396 849 1397 505 1397 850 1397 850 1398 505 1398 504 1398 850 1399 504 1399 851 1399 851 1400 504 1400 496 1400 851 1334 496 1334 852 1334 852 1401 496 1401 495 1401 852 1402 495 1402 853 1402 853 1403 495 1403 494 1403 853 1404 494 1404 854 1404 854 1405 494 1405 509 1405 854 1406 509 1406 855 1406 855 1407 509 1407 508 1407 855 1408 508 1408 856 1408 856 1409 508 1409 507 1409 856 1410 507 1410 857 1410 857 1411 507 1411 503 1411 857 1412 503 1412 858 1412 858 1413 503 1413 502 1413 858 1348 502 1348 859 1348 859 1414 502 1414 501 1414 859 1415 501 1415 860 1415 860 1416 501 1416 500 1416 860 1417 500 1417 861 1417 861 1418 500 1418 499 1418 861 1419 499 1419 862 1419 862 1420 499 1420 498 1420 862 1421 498 1421 863 1421 863 1422 498 1422 497 1422 863 1423 497 1423 828 1423 828 1424 497 1424 530 1424 198 1425 855 1425 196 1425 196 1426 855 1426 856 1426 196 1427 856 1427 194 1427 194 1428 856 1428 857 1428 194 1429 857 1429 192 1429 192 1236 857 1236 858 1236 192 1430 858 1430 190 1430 190 1268 858 1268 859 1268 190 1431 859 1431 188 1431 188 1432 859 1432 860 1432 188 1433 860 1433 186 1433 186 1434 860 1434 861 1434 186 1435 861 1435 184 1435 184 1436 861 1436 862 1436 184 1437 862 1437 182 1437 182 1438 862 1438 863 1438 182 1439 863 1439 180 1439 180 1440 863 1440 828 1440 180 1241 828 1241 178 1241 178 1441 828 1441 829 1441 178 1247 829 1247 176 1247 176 1442 829 1442 830 1442 176 1443 830 1443 174 1443 174 1444 830 1444 831 1444 174 1445 831 1445 172 1445 172 1446 831 1446 832 1446 172 1447 832 1447 170 1447 170 1448 832 1448 833 1448 170 1437 833 1437 168 1437 168 1449 833 1449 834 1449 168 1260 834 1260 166 1260 166 1450 834 1450 835 1450 166 1451 835 1451 164 1451 164 1452 835 1452 836 1452 164 1453 836 1453 162 1453 162 645 836 645 837 645 162 1228 837 1228 160 1228 160 1454 837 1454 838 1454 160 1455 838 1455 158 1455 158 1456 838 1456 839 1456 158 1457 839 1457 156 1457 156 1458 839 1458 840 1458 156 1459 840 1459 154 1459 154 1268 840 1268 841 1268 154 1460 841 1460 152 1460 152 1461 841 1461 842 1461 152 1433 842 1433 150 1433 150 1462 842 1462 843 1462 150 1273 843 1273 148 1273 148 1463 843 1463 844 1463 148 1443 844 1443 146 1443 146 1464 844 1464 845 1464 146 1253 845 1253 144 1253 144 1465 845 1465 846 1465 144 1241 846 1241 214 1241 214 1466 846 1466 847 1466 214 1437 847 1437 212 1437 212 1467 847 1467 848 1467 212 1468 848 1468 210 1468 210 1469 848 1469 849 1469 210 645 849 645 208 645 208 1470 849 1470 850 1470 208 1241 850 1241 206 1241 206 1471 850 1471 851 1471 206 1437 851 1437 204 1437 204 1472 851 1472 852 1472 204 1431 852 1431 202 1431 202 1254 852 1254 853 1254 202 1285 853 1285 200 1285 200 1473 853 1473 854 1473 200 1460 854 1460 198 1460 198 1474 854 1474 855 1474 864 1475 791 1475 865 1475 865 1476 791 1476 790 1476 865 1477 790 1477 866 1477 866 1478 790 1478 789 1478 866 1479 789 1479 867 1479 867 1480 789 1480 788 1480 867 1481 788 1481 868 1481 868 1482 788 1482 787 1482 868 1483 787 1483 869 1483 869 1484 787 1484 786 1484 869 1485 786 1485 870 1485 870 1486 786 1486 785 1486 870 1487 785 1487 871 1487 871 1488 785 1488 784 1488 871 1489 784 1489 872 1489 872 1490 784 1490 783 1490 872 1491 783 1491 873 1491 873 1492 783 1492 780 1492 873 1493 780 1493 874 1493 874 1494 780 1494 781 1494 874 1495 781 1495 875 1495 875 1496 781 1496 782 1496 875 1497 782 1497 876 1497 876 1498 782 1498 779 1498 876 1499 779 1499 877 1499 877 1500 779 1500 778 1500 877 1501 778 1501 878 1501 878 1502 778 1502 777 1502 878 1503 777 1503 879 1503 879 1504 777 1504 773 1504 879 1505 773 1505 880 1505 880 1506 773 1506 772 1506 880 1320 772 1320 881 1320 881 1507 772 1507 776 1507 881 1508 776 1508 882 1508 882 1509 776 1509 775 1509 882 1510 775 1510 883 1510 883 1511 775 1511 774 1511 883 1512 774 1512 884 1512 884 1513 774 1513 770 1513 884 1514 770 1514 885 1514 885 1515 770 1515 769 1515 885 1516 769 1516 886 1516 886 1517 769 1517 768 1517 886 1518 768 1518 887 1518 887 1519 768 1519 767 1519 887 1520 767 1520 888 1520 888 1521 767 1521 766 1521 888 1522 766 1522 889 1522 889 1523 766 1523 765 1523 889 1524 765 1524 890 1524 890 1525 765 1525 764 1525 890 1526 764 1526 891 1526 891 1527 764 1527 763 1527 891 1528 763 1528 892 1528 892 1529 763 1529 762 1529 892 1530 762 1530 893 1530 893 1531 762 1531 761 1531 893 1532 761 1532 894 1532 894 1533 761 1533 760 1533 894 1534 760 1534 895 1534 895 1535 760 1535 759 1535 895 1536 759 1536 896 1536 896 1537 759 1537 758 1537 896 1538 758 1538 897 1538 897 1539 758 1539 755 1539 897 1540 755 1540 898 1540 898 1541 755 1541 754 1541 898 1542 754 1542 899 1542 899 1543 754 1543 757 1543 899 1544 757 1544 864 1544 864 1545 757 1545 791 1545 126 1283 891 1283 124 1283 124 1546 891 1546 892 1546 124 1547 892 1547 122 1547 122 1548 892 1548 893 1548 122 1549 893 1549 120 1549 120 1550 893 1550 894 1550 120 1551 894 1551 118 1551 118 1552 894 1552 895 1552 118 1553 895 1553 116 1553 116 1554 895 1554 896 1554 116 1283 896 1283 114 1283 114 1555 896 1555 897 1555 114 1556 897 1556 112 1556 112 1557 897 1557 898 1557 112 1237 898 1237 110 1237 110 1558 898 1558 899 1558 110 645 899 645 108 645 108 1559 899 1559 864 1559 108 1245 864 1245 106 1245 106 1560 864 1560 865 1560 106 1561 865 1561 104 1561 104 1562 865 1562 866 1562 104 1563 866 1563 102 1563 102 1564 866 1564 867 1564 102 1245 867 1245 100 1245 100 1565 867 1565 868 1565 100 1241 868 1241 98 1241 98 1566 868 1566 869 1566 98 1241 869 1241 96 1241 96 1567 869 1567 870 1567 96 1245 870 1245 94 1245 94 1568 870 1568 871 1568 94 1569 871 1569 92 1569 92 1570 871 1570 872 1570 92 1571 872 1571 90 1571 90 1572 872 1572 873 1572 90 1431 873 1431 88 1431 88 1573 873 1573 874 1573 88 1263 874 1263 86 1263 86 1574 874 1574 875 1574 86 1575 875 1575 84 1575 84 1576 875 1576 876 1576 84 1267 876 1267 82 1267 82 1577 876 1577 877 1577 82 1241 877 1241 80 1241 80 1578 877 1578 878 1578 80 1271 878 1271 78 1271 78 1579 878 1579 879 1579 78 1556 879 1556 76 1556 76 1580 879 1580 880 1580 76 1581 880 1581 74 1581 74 1582 880 1582 881 1582 74 1241 881 1241 72 1241 72 1583 881 1583 882 1583 72 645 882 645 142 645 142 1584 882 1584 883 1584 142 1585 883 1585 140 1585 140 1586 883 1586 884 1586 140 1587 884 1587 138 1587 138 1588 884 1588 885 1588 138 1589 885 1589 136 1589 136 1590 885 1590 886 1590 136 1591 886 1591 134 1591 134 1592 886 1592 887 1592 134 1581 887 1581 132 1581 132 1593 887 1593 888 1593 132 645 888 645 130 645 130 1594 888 1594 889 1594 130 1228 889 1228 128 1228 128 1595 889 1595 890 1595 128 1596 890 1596 126 1596 126 1597 890 1597 891 1597 54 1228 900 1228 52 1228 52 1598 900 1598 901 1598 52 1599 901 1599 50 1599 50 1600 901 1600 902 1600 50 1601 902 1601 48 1601 48 1602 902 1602 903 1602 48 1603 903 1603 46 1603 46 1604 903 1604 904 1604 46 1553 904 1553 44 1553 44 1579 904 1579 905 1579 44 1228 905 1228 42 1228 42 1605 905 1605 906 1605 42 1606 906 1606 40 1606 40 1607 906 1607 907 1607 40 1433 907 1433 38 1433 38 1608 907 1608 908 1608 38 645 908 645 36 645 36 1609 908 1609 909 1609 36 1245 909 1245 34 1245 34 1610 909 1610 910 1610 34 1581 910 1581 32 1581 32 1611 910 1611 911 1611 32 1563 911 1563 30 1563 30 1612 911 1612 912 1612 30 645 912 645 28 645 28 1613 912 1613 913 1613 28 645 913 645 26 645 26 1614 913 1614 914 1614 26 1431 914 1431 24 1431 24 1615 914 1615 915 1615 24 1431 915 1431 22 1431 22 1616 915 1616 916 1616 22 1433 916 1433 20 1433 20 1617 916 1617 917 1617 20 1553 917 1553 18 1553 18 1618 917 1618 918 1618 18 1431 918 1431 16 1431 16 1619 918 1619 919 1619 16 1603 919 1603 14 1603 14 1620 919 1620 920 1620 14 1621 920 1621 12 1621 12 1622 920 1622 921 1622 12 1623 921 1623 10 1623 10 1624 921 1624 922 1624 10 1431 922 1431 8 1431 8 1625 922 1625 923 1625 8 1433 923 1433 6 1433 6 1626 923 1626 924 1626 6 1556 924 1556 4 1556 4 1627 924 1627 925 1627 4 1269 925 1269 2 1269 2 1628 925 1628 926 1628 2 1241 926 1241 0 1241 0 1629 926 1629 927 1629 0 1241 927 1241 70 1241 70 1630 927 1630 928 1630 70 1631 928 1631 68 1631 68 1632 928 1632 929 1632 68 1633 929 1633 66 1633 66 1634 929 1634 930 1634 66 1635 930 1635 64 1635 64 645 930 645 931 645 64 1245 931 1245 62 1245 62 1636 931 1636 932 1636 62 1637 932 1637 60 1637 60 1638 932 1638 933 1638 60 1437 933 1437 58 1437 58 1639 933 1639 934 1639 58 1228 934 1228 56 1228 56 1640 934 1640 935 1640 56 1641 935 1641 54 1641 54 1642 935 1642 900 1642 909 1643 568 1643 910 1643 910 1644 568 1644 567 1644 910 1645 567 1645 911 1645 911 1646 567 1646 566 1646 911 1479 566 1479 912 1479 912 1647 566 1647 565 1647 912 1648 565 1648 913 1648 913 1649 565 1649 564 1649 913 1650 564 1650 914 1650 914 1651 564 1651 563 1651 914 1652 563 1652 915 1652 915 1653 563 1653 562 1653 915 1654 562 1654 916 1654 916 1655 562 1655 561 1655 916 1118 561 1118 917 1118 917 1656 561 1656 560 1656 917 1657 560 1657 918 1657 918 1658 560 1658 556 1658 918 1659 556 1659 919 1659 919 1660 556 1660 555 1660 919 1113 555 1113 920 1113 920 1661 555 1661 559 1661 920 1662 559 1662 921 1662 921 1663 559 1663 558 1663 921 1664 558 1664 922 1664 922 1665 558 1665 551 1665 922 1501 551 1501 923 1501 923 1666 551 1666 550 1666 923 1667 550 1667 924 1667 924 1668 550 1668 548 1668 924 1505 548 1505 925 1505 925 1669 548 1669 547 1669 925 1320 547 1320 926 1320 926 1670 547 1670 554 1670 926 1508 554 1508 927 1508 927 1671 554 1671 553 1671 927 1672 553 1672 928 1672 928 1673 553 1673 552 1673 928 1393 552 1393 929 1393 929 1674 552 1674 543 1674 929 1675 543 1675 930 1675 930 1676 543 1676 542 1676 930 1677 542 1677 931 1677 931 1678 542 1678 541 1678 931 1679 541 1679 932 1679 932 1680 541 1680 533 1680 932 1681 533 1681 933 1681 933 1682 533 1682 532 1682 933 1683 532 1683 934 1683 934 1684 532 1684 531 1684 934 1685 531 1685 935 1685 935 1686 531 1686 546 1686 935 1687 546 1687 900 1687 900 1688 546 1688 545 1688 900 1689 545 1689 901 1689 901 1690 545 1690 544 1690 901 1691 544 1691 902 1691 902 1692 544 1692 540 1692 902 1693 540 1693 903 1693 903 1694 540 1694 539 1694 903 1695 539 1695 904 1695 904 1696 539 1696 538 1696 904 1697 538 1697 905 1697 905 1698 538 1698 537 1698 905 1699 537 1699 906 1699 906 1700 537 1700 536 1700 906 1701 536 1701 907 1701 907 1702 536 1702 535 1702 907 1703 535 1703 908 1703 908 1704 535 1704 534 1704 908 1705 534 1705 909 1705 909 1706 534 1706 568 1706</p>
        </triangles>
      </mesh>
    </geometry>
    <geometry id="MMO_700_dual_-_robot_base_plate-1-mesh" name="MMO_700_dual - robot_base_plate-1">
      <mesh>
        <source id="MMO_700_dual_-_robot_base_plate-1-mesh-positions">
          <float_array id="MMO_700_dual_-_robot_base_plate-1-mesh-positions-array" count="2808">0.07555747 0.36961 1.377551 0.08474987 0.36961 1.386743 0.07552361 0.370157 1.377585 0.08471602 0.370157 1.386777 0.07542312 0.3706874 1.377685 0.08461552 0.3706874 1.386877 0.07525902 0.371185 1.377849 0.08445143 0.371185 1.387042 0.07503634 0.3716348 1.378072 0.08422875 0.3716348 1.387264 0.0747618 0.3720231 1.378346 0.08395421 0.3720231 1.387539 0.07444375 0.3723379 1.378664 0.08363616 0.3723379 1.387857 0.07409191 0.37257 1.379016 0.08328425 0.37257 1.388209 0.07371687 0.3727121 1.379391 0.08290922 0.3727121 1.388584 0.0733301 0.37276 1.379778 0.08252245 0.37276 1.38897 0.07294327 0.3727121 1.380165 0.08213567 0.3727121 1.389357 0.07256823 0.37257 1.38054 0.08176064 0.37257 1.389732 0.07221639 0.3723379 1.380892 0.08140879 0.3723379 1.390084 0.07189834 0.3720231 1.38121 0.08109074 0.3720231 1.390402 0.0716238 0.3716348 1.381484 0.0808162 0.3716348 1.390677 0.07140111 0.371185 1.381707 0.08059346 0.371185 1.3909 0.07123702 0.3706874 1.381871 0.08042937 0.3706874 1.391064 0.07113653 0.370157 1.381972 0.08032894 0.370157 1.391164 0.07110267 0.36961 1.382006 0.08029508 0.36961 1.391198 0.07113653 0.369063 1.381972 0.08032894 0.369063 1.391164 0.07123702 0.3685326 1.381871 0.08042937 0.3685326 1.391064 0.07140111 0.368035 1.381707 0.08059346 0.368035 1.3909 0.0716238 0.3675852 1.381484 0.0808162 0.3675852 1.390677 0.07189834 0.3671969 1.38121 0.08109074 0.3671969 1.390402 0.07221639 0.366882 1.380892 0.08140879 0.366882 1.390084 0.07256823 0.3666499 1.38054 0.08176064 0.3666499 1.389732 0.07294327 0.3665078 1.380165 0.08213567 0.3665078 1.389357 0.0733301 0.36646 1.379778 0.08252245 0.36646 1.38897 0.07371687 0.3665078 1.379391 0.08290922 0.3665078 1.388584 0.07409191 0.3666499 1.379016 0.08328425 0.3666499 1.388209 0.07444375 0.366882 1.378664 0.08363616 0.366882 1.387857 0.0747618 0.3671969 1.378346 0.08395421 0.3671969 1.387539 0.07503634 0.3675852 1.378072 0.08422875 0.3675852 1.387264 0.07525902 0.368035 1.377849 0.08445143 0.368035 1.387042 0.07542312 0.3685326 1.377685 0.08461552 0.3685326 1.386877 0.07552361 0.369063 1.377585 0.08471602 0.369063 1.386777 0.07555747 0.52461 1.377551 0.08474987 0.52461 1.386743 0.07552361 0.525157 1.377585 0.08471602 0.525157 1.386777 0.07542312 0.5256873 1.377685 0.08461552 0.5256873 1.386877 0.07525902 0.526185 1.377849 0.08445143 0.526185 1.387042 0.07503634 0.5266348 1.378072 0.08422875 0.5266348 1.387264 0.0747618 0.527023 1.378346 0.08395421 0.527023 1.387539 0.07444375 0.527338 1.378664 0.08363616 0.527338 1.387857 0.07409191 0.52757 1.379016 0.08328425 0.52757 1.388209 0.07371687 0.5277122 1.379391 0.08290922 0.5277122 1.388584 0.0733301 0.52776 1.379778 0.08252245 0.52776 1.38897 0.07294327 0.5277122 1.380165 0.08213567 0.5277122 1.389357 0.07256823 0.52757 1.38054 0.08176064 0.52757 1.389732 0.07221639 0.527338 1.380892 0.08140879 0.527338 1.390084 0.07189834 0.527023 1.38121 0.08109074 0.527023 1.390402 0.0716238 0.5266348 1.381484 0.0808162 0.5266348 1.390677 0.07140111 0.526185 1.381707 0.08059346 0.526185 1.3909 0.07123702 0.5256873 1.381871 0.08042937 0.5256873 1.391064 0.07113653 0.525157 1.381972 0.08032894 0.525157 1.391164 0.07110267 0.52461 1.382006 0.08029508 0.52461 1.391198 0.07113653 0.524063 1.381972 0.08032894 0.524063 1.391164 0.07123702 0.5235326 1.381871 0.08042937 0.5235326 1.391064 0.07140111 0.523035 1.381707 0.08059346 0.523035 1.3909 0.0716238 0.5225852 1.381484 0.0808162 0.5225852 1.390677 0.07189834 0.522197 1.38121 0.08109074 0.522197 1.390402 0.07221639 0.521882 1.380892 0.08140879 0.521882 1.390084 0.07256823 0.52165 1.38054 0.08176064 0.52165 1.389732 0.07294327 0.5215079 1.380165 0.08213567 0.5215079 1.389357 0.0733301 0.52146 1.379778 0.08252245 0.52146 1.38897 0.07371687 0.5215079 1.379391 0.08290922 0.5215079 1.388584 0.07409191 0.52165 1.379016 0.08328425 0.52165 1.388209 0.07444375 0.521882 1.378664 0.08363616 0.521882 1.387857 0.0747618 0.522197 1.378346 0.08395421 0.522197 1.387539 0.07503634 0.5225852 1.378072 0.08422875 0.5225852 1.387264 0.07525902 0.523035 1.377849 0.08445143 0.523035 1.387042 0.07542312 0.5235326 1.377685 0.08461552 0.5235326 1.386877 0.07552361 0.524063 1.377585 0.08471602 0.524063 1.386777 0.185159 0.36961 1.267949 0.1943514 0.36961 1.277142 0.1851252 0.370157 1.267983 0.1943175 0.370157 1.277175 0.1850247 0.3706874 1.268084 0.1942171 0.3706874 1.277276 0.1848606 0.371185 1.268248 0.194053 0.371185 1.27744 0.1846379 0.3716348 1.26847 0.1938303 0.3716348 1.277663 0.1843634 0.3720231 1.268745 0.1935557 0.3720231 1.277937 0.1840453 0.3723379 1.269063 0.1932377 0.3723379 1.278255 0.1836934 0.37257 1.269415 0.1928858 0.37257 1.278607 0.1833184 0.3727121 1.26979 0.1925108 0.3727121 1.278982 0.1829316 0.37276 1.270177 0.192124 0.37276 1.279369 0.1825448 0.3727121 1.270563 0.1917372 0.3727121 1.279756 0.1821698 0.37257 1.270938 0.1913622 0.37257 1.280131 0.1818179 0.3723379 1.27129 0.1910103 0.3723379 1.280483 0.1814999 0.3720231 1.271608 0.1906923 0.3720231 1.280801 0.1812254 0.3716348 1.271883 0.1904177 0.3716348 1.281075 0.1810026 0.371185 1.272106 0.190195 0.371185 1.281298 0.1808385 0.3706874 1.27227 0.1900309 0.3706874 1.281462 0.180738 0.370157 1.27237 0.1899304 0.370157 1.281563 0.1807042 0.36961 1.272404 0.1898966 0.36961 1.281596 0.180738 0.369063 1.27237 0.1899304 0.369063 1.281563 0.1808385 0.3685326 1.27227 0.1900309 0.3685326 1.281462 0.1810026 0.368035 1.272106 0.190195 0.368035 1.281298 0.1812254 0.3675852 1.271883 0.1904177 0.3675852 1.281075 0.1814999 0.3671969 1.271608 0.1906923 0.3671969 1.280801 0.1818179 0.366882 1.27129 0.1910103 0.366882 1.280483 0.1821698 0.3666499 1.270938 0.1913622 0.3666499 1.280131 0.1825448 0.3665078 1.270563 0.1917372 0.3665078 1.279756 0.1829316 0.36646 1.270177 0.192124 0.36646 1.279369 0.1833184 0.3665078 1.26979 0.1925108 0.3665078 1.278982 0.1836934 0.3666499 1.269415 0.1928858 0.3666499 1.278607 0.1840453 0.366882 1.269063 0.1932377 0.366882 1.278255 0.1843634 0.3671969 1.268745 0.1935557 0.3671969 1.277937 0.1846379 0.3675852 1.26847 0.1938303 0.3675852 1.277663 0.1848606 0.368035 1.268248 0.194053 0.368035 1.27744 0.1850247 0.3685326 1.268084 0.1942171 0.3685326 1.277276 0.1851252 0.369063 1.267983 0.1943175 0.369063 1.277175 0.185159 0.52461 1.267949 0.1943514 0.52461 1.277142 0.1851252 0.525157 1.267983 0.1943175 0.525157 1.277175 0.1850247 0.5256873 1.268084 0.1942171 0.5256873 1.277276 0.1848606 0.526185 1.268248 0.194053 0.526185 1.27744 0.1846379 0.5266348 1.26847 0.1938303 0.5266348 1.277663 0.1843634 0.527023 1.268745 0.1935557 0.527023 1.277937 0.1840453 0.527338 1.269063 0.1932377 0.527338 1.278255 0.1836934 0.52757 1.269415 0.1928858 0.52757 1.278607 0.1833184 0.5277122 1.26979 0.1925108 0.5277122 1.278982 0.1829316 0.52776 1.270177 0.192124 0.52776 1.279369 0.1825448 0.5277122 1.270563 0.1917372 0.5277122 1.279756 0.1821698 0.52757 1.270938 0.1913622 0.52757 1.280131 0.1818179 0.527338 1.27129 0.1910103 0.527338 1.280483 0.1814999 0.527023 1.271608 0.1906923 0.527023 1.280801 0.1812254 0.5266348 1.271883 0.1904177 0.5266348 1.281075 0.1810026 0.526185 1.272106 0.190195 0.526185 1.281298 0.1808385 0.5256873 1.27227 0.1900309 0.5256873 1.281462 0.180738 0.525157 1.27237 0.1899304 0.525157 1.281563 0.1807042 0.52461 1.272404 0.1898966 0.52461 1.281596 0.180738 0.524063 1.27237 0.1899304 0.524063 1.281563 0.1808385 0.5235326 1.27227 0.1900309 0.5235326 1.281462 0.1810026 0.523035 1.272106 0.190195 0.523035 1.281298 0.1812254 0.5225852 1.271883 0.1904177 0.5225852 1.281075 0.1814999 0.522197 1.271608 0.1906923 0.522197 1.280801 0.1818179 0.521882 1.27129 0.1910103 0.521882 1.280483 0.1821698 0.52165 1.270938 0.1913622 0.52165 1.280131 0.1825448 0.5215079 1.270563 0.1917372 0.5215079 1.279756 0.1829316 0.52146 1.270177 0.192124 0.52146 1.279369 0.1833184 0.5215079 1.26979 0.1925108 0.5215079 1.278982 0.1836934 0.52165 1.269415 0.1928858 0.52165 1.278607 0.1840453 0.521882 1.269063 0.1932377 0.521882 1.278255 0.1843634 0.522197 1.268745 0.1935557 0.522197 1.277937 0.1846379 0.5225852 1.26847 0.1938303 0.5225852 1.277663 0.1848606 0.523035 1.268248 0.194053 0.523035 1.27744 0.1850247 0.5235326 1.268084 0.1942171 0.5235326 1.277276 0.1851252 0.524063 1.267983 0.1943175 0.524063 1.277175 0.1938918 0.54711 1.249317 0.2080339 0.54711 1.263459 0.1938918 0.5045554 1.249317 0.2080339 0.5054804 1.263459 0.1938918 0.44711 1.249317 0.2080339 0.44711 1.263459 0.1938918 0.3896645 1.249317 0.2080339 0.3887395 1.263459 0.1938918 0.35586 1.249317 0.2080339 0.356785 1.263459 0.1938918 0.34711 1.249317 0.2080339 0.34711 1.263459 0.05247044 0.54711 1.390738 0.06661254 0.54711 1.40488 0.05865758 0.54711 1.384551 0.07345384 0.54711 1.398039 0.08256107 0.54711 1.360648 0.09604912 0.54711 1.375444 0.1231811 0.54711 1.320028 0.1373232 0.54711 1.33417 0.1638011 0.54711 1.279407 0.1785973 0.54711 1.292896 0.05247044 0.34711 1.390738 0.06661254 0.34711 1.40488 0.05247044 0.35586 1.390738 0.06661254 0.356785 1.40488 0.05247044 0.3896645 1.390738 0.06661254 0.3887395 1.40488 0.05247044 0.44711 1.390738 0.06661254 0.44711 1.40488 0.05247044 0.5045554 1.390738 0.06661254 0.5054804 1.40488 0.1638011 0.34711 1.279407 0.1785973 0.34711 1.292896 0.1231811 0.34711 1.320028 0.1373232 0.34711 1.33417 0.08256107 0.34711 1.360648 0.09604912 0.34711 1.375444 0.05865758 0.34711 1.384551 0.07345384 0.34711 1.398039 0.1785973 0.356785 1.292896 0.1785973 0.5054804 1.292896 0.1373232 0.5054804 1.33417 0.09604912 0.5054804 1.375444 0.07345384 0.5054804 1.398039 0.162386 0.4853931 1.309107 0.1623483 0.4860008 1.309145 0.1639768 0.4827119 1.307516 0.1635858 0.4829698 1.307907 0.1373232 0.44711 1.33417 0.1632324 0.4833197 1.308261 0.1629273 0.4837511 1.308566 0.1626799 0.4842509 1.308813 0.1624976 0.4848038 1.308995 0.1671488 0.4848038 1.304344 0.1669665 0.4842509 1.304526 0.1785973 0.44711 1.292896 0.1667191 0.4837511 1.304774 0.166414 0.4833197 1.305079 0.1660607 0.4829698 1.305432 0.1656697 0.4827119 1.305823 0.165253 0.482554 1.30624 0.1648232 0.4825009 1.30667 0.1643935 0.482554 1.307099 0.162386 0.4866086 1.309107 0.1624976 0.4871979 1.308995 0.1626799 0.4877508 1.308813 0.165253 0.4894477 1.30624 0.1656697 0.4892898 1.305823 0.1660607 0.4890319 1.305432 0.166414 0.488682 1.305079 0.1629273 0.4882506 1.308566 0.1632324 0.488682 1.308261 0.1635858 0.4890319 1.307907 0.1667191 0.4882506 1.304774 0.1669665 0.4877508 1.304526 0.1671488 0.4871979 1.304344 0.1672605 0.4866086 1.304232 0.1672981 0.4860008 1.304195 0.1672605 0.4853931 1.304232 0.1639768 0.4892898 1.307516 0.1643935 0.4894477 1.307099 0.1648232 0.4895008 1.30667 0.1122605 0.4853931 1.359232 0.1121488 0.4848038 1.359344 0.110253 0.482554 1.36124 0.09604912 0.44711 1.375444 0.1098232 0.4825009 1.36167 0.1093935 0.4894477 1.3621 0.1098232 0.4895008 1.36167 0.1122981 0.4860008 1.359195 0.1119666 0.4842509 1.359526 0.1117191 0.4837511 1.359774 0.111414 0.4833197 1.360079 0.1093935 0.482554 1.3621 0.1089768 0.4827119 1.362516 0.1085858 0.4829698 1.362907 0.1110607 0.4829698 1.360432 0.1106697 0.4827119 1.360823 0.1082324 0.4833197 1.363261 0.1079274 0.4837511 1.363566 0.1076799 0.4842509 1.363813 0.110253 0.4894477 1.36124 0.1106697 0.4892898 1.360823 0.1110607 0.4890319 1.360432 0.111414 0.488682 1.360079 0.1117191 0.4882506 1.359774 0.1119666 0.4877508 1.359526 0.1073859 0.4866086 1.364107 0.1074976 0.4871979 1.363995 0.1076799 0.4877508 1.363813 0.1079274 0.4882506 1.363566 0.1082324 0.488682 1.363261 0.1121488 0.4871979 1.359344 0.1122605 0.4866086 1.359232 0.1074976 0.4848038 1.363995 0.1073859 0.4853931 1.364107 0.1073483 0.4860008 1.364145 0.1085858 0.4890319 1.362907 0.1089768 0.4892898 1.362516 0.1671488 0.4094162 1.304344 0.1672605 0.4088269 1.304232 0.1785973 0.3887395 1.292896 0.165253 0.4047723 1.30624 0.1648232 0.4047191 1.30667 0.1373232 0.3887395 1.33417 0.162386 0.4076113 1.309107 0.1623483 0.4082191 1.309145 0.1643935 0.4047723 1.307099 0.1639768 0.4049302 1.307516 0.1672981 0.4082191 1.304195 0.1672605 0.4076113 1.304232 0.1671488 0.4070221 1.304344 0.1635858 0.405188 1.307907 0.1632324 0.405538 1.308261 0.1629273 0.4059693 1.308566 0.162386 0.4088269 1.309107 0.1624976 0.4094162 1.308995 0.1626799 0.4099691 1.308813 0.1629273 0.4104689 1.308566 0.1632324 0.4109002 1.308261 0.1635858 0.4112502 1.307907 0.1639768 0.411508 1.307516 0.1643935 0.4116659 1.307099 0.1648232 0.4117191 1.30667 0.165253 0.4116659 1.30624 0.1656697 0.411508 1.305823 0.1660607 0.4112502 1.305432 0.166414 0.4109002 1.305079 0.1669665 0.4064691 1.304526 0.1667191 0.4059693 1.304774 0.166414 0.405538 1.305079 0.1667191 0.4104689 1.304774 0.1669665 0.4099691 1.304526 0.1660607 0.405188 1.305432 0.1656697 0.4049302 1.305823 0.1626799 0.4064691 1.308813 0.1624976 0.4070221 1.308995 0.1121488 0.4094162 1.359344 0.1122605 0.4088269 1.359232 0.1122981 0.4082191 1.359195 0.1073859 0.4088269 1.364107 0.1073483 0.4082191 1.364145 0.09604912 0.3887395 1.375444 0.1073859 0.4076113 1.364107 0.1093935 0.4047723 1.3621 0.1089768 0.4049302 1.362516 0.1122605 0.4076113 1.359232 0.1121488 0.4070221 1.359344 0.1119666 0.4064691 1.359526 0.1085858 0.405188 1.362907 0.1082324 0.405538 1.363261 0.1079274 0.4059693 1.363566 0.1074976 0.4094162 1.363995 0.1076799 0.4099691 1.363813 0.1079274 0.4104689 1.363566 0.1106697 0.411508 1.360823 0.1110607 0.4112502 1.360432 0.111414 0.4109002 1.360079 0.1076799 0.4064691 1.363813 0.1074976 0.4070221 1.363995 0.1082324 0.4109002 1.363261 0.1085858 0.4112502 1.362907 0.1089768 0.411508 1.362516 0.1093935 0.4116659 1.3621 0.1098232 0.4117191 1.36167 0.110253 0.4116659 1.36124 0.1117191 0.4104689 1.359774 0.1119666 0.4099691 1.359526 0.1117191 0.4059693 1.359774 0.111414 0.405538 1.360079 0.1110607 0.405188 1.360432 0.1106697 0.4049302 1.360823 0.110253 0.4047723 1.36124 0.1098232 0.4047191 1.36167 0.09604912 0.356785 1.375444 0.07345384 0.356785 1.398039 0.1373232 0.356785 1.33417 0.07345384 0.3887395 1.398039 0.07345384 0.44711 1.398039 0.1745001 0.5254783 1.268709 0.1744464 0.52461 1.268762 0.1638011 0.5045554 1.279407 0.1638011 0.35586 1.279407 0.05865758 0.35586 1.384551 0.08256107 0.35586 1.360648 0.1791911 0.3649115 1.264018 0.1797496 0.3652799 1.263459 0.1802545 0.3657798 1.262954 0.1745001 0.3687418 1.268709 0.1746596 0.3678999 1.268549 0.17492 0.36711 1.268289 0.1752735 0.3663961 1.267935 0.1757093 0.3657798 1.267499 0.1762141 0.3652799 1.266995 0.1767727 0.3649115 1.266436 0.1806902 0.3663961 1.262518 0.1810438 0.36711 1.262165 0.1813042 0.3678999 1.261904 0.1773679 0.364686 1.265841 0.1779819 0.36461 1.265227 0.1785958 0.364686 1.264613 0.1813042 0.3713201 1.261904 0.1810438 0.37211 1.262165 0.1806902 0.3728239 1.262518 0.1802545 0.3734402 1.262954 0.1814637 0.3687418 1.261745 0.1815174 0.36961 1.261691 0.1814637 0.3704782 1.261745 0.1785958 0.374534 1.264613 0.1779819 0.37461 1.265227 0.1638011 0.3896645 1.279407 0.1797496 0.3739401 1.263459 0.1791911 0.3743085 1.264018 0.1773679 0.374534 1.265841 0.1767727 0.3743085 1.266436 0.1762141 0.3739401 1.266995 0.1757093 0.3734402 1.267499 0.1752735 0.3728239 1.267935 0.17492 0.37211 1.268289 0.1746596 0.3713201 1.268549 0.1745001 0.3704782 1.268709 0.1744464 0.36961 1.268762 0.06958955 0.3649115 1.373619 0.07014811 0.3652799 1.373061 0.0706529 0.3657798 1.372556 0.06489849 0.3687418 1.37831 0.06505799 0.3678999 1.378151 0.06531846 0.36711 1.37789 0.06567198 0.3663961 1.377537 0.06610774 0.3657798 1.377101 0.06661254 0.3652799 1.376596 0.06717109 0.3649115 1.376038 0.07108873 0.3663961 1.37212 0.07144218 0.36711 1.371767 0.07170265 0.3678999 1.371506 0.06776636 0.364686 1.375442 0.06838035 0.36461 1.374828 0.06899428 0.364686 1.374214 0.07170265 0.3713201 1.371506 0.07144218 0.37211 1.371767 0.08256107 0.3896645 1.360648 0.07108873 0.3728239 1.37212 0.0706529 0.3734402 1.372556 0.07186216 0.3687418 1.371347 0.07191586 0.36961 1.371293 0.07186216 0.3704782 1.371347 0.06899428 0.374534 1.374214 0.06838035 0.37461 1.374828 0.05865758 0.3896645 1.384551 0.07014811 0.3739401 1.373061 0.06958955 0.3743085 1.373619 0.06776636 0.374534 1.375442 0.06717109 0.3743085 1.376038 0.06661254 0.3739401 1.376596 0.06610774 0.3734402 1.377101 0.06567198 0.3728239 1.377537 0.06531846 0.37211 1.37789 0.06505799 0.3713201 1.378151 0.06489849 0.3704782 1.37831 0.06484478 0.36961 1.378364 0.1231811 0.3896645 1.320028 0.1231811 0.44711 1.320028 0.1482438 0.4088269 1.294965 0.1490903 0.405538 1.294118 0.1494436 0.405188 1.293765 0.1498346 0.4049302 1.293374 0.1502513 0.4047723 1.292957 0.1482062 0.4082191 1.295002 0.1482438 0.4076113 1.294965 0.1483555 0.4070221 1.294853 0.1231811 0.35586 1.320028 0.1487852 0.4104689 1.294423 0.1485378 0.4099691 1.294671 0.1483555 0.4094162 1.294853 0.1485378 0.4064691 1.294671 0.1487852 0.4059693 1.294423 0.1530067 0.4094162 1.290202 0.1528244 0.4099691 1.290384 0.1638011 0.44711 1.279407 0.1525769 0.4104689 1.290632 0.1515275 0.411508 1.291681 0.1511108 0.4116659 1.292098 0.1506811 0.4117191 1.292528 0.1502513 0.4116659 1.292957 0.1498346 0.411508 1.293374 0.1494436 0.4112502 1.293765 0.1490903 0.4109002 1.294118 0.1525769 0.4059693 1.290632 0.1528244 0.4064691 1.290384 0.1530067 0.4070221 1.290202 0.1531184 0.4076113 1.29009 0.153156 0.4082191 1.290053 0.1531184 0.4088269 1.29009 0.1522719 0.4109002 1.290937 0.1519185 0.4112502 1.29129 0.1506811 0.4047191 1.292528 0.1511108 0.4047723 1.292098 0.1515275 0.4049302 1.291681 0.1519185 0.405188 1.29129 0.1522719 0.405538 1.290937 0.09335547 0.4094162 1.349853 0.09324383 0.4088269 1.349965 0.08256107 0.44711 1.360648 0.09409028 0.405538 1.349118 0.09444367 0.405188 1.348765 0.09320622 0.4082191 1.350003 0.09324383 0.4076113 1.349965 0.09335547 0.4070221 1.349853 0.09483462 0.4049302 1.348374 0.09525132 0.4047723 1.347957 0.09568113 0.4047191 1.347528 0.09757697 0.4059693 1.345632 0.09782439 0.4064691 1.345384 0.09800672 0.4070221 1.345202 0.09811836 0.4088269 1.34509 0.09815597 0.4082191 1.345053 0.09811836 0.4076113 1.34509 0.09800672 0.4094162 1.345202 0.09782439 0.4099691 1.345384 0.09757697 0.4104689 1.345632 0.09611088 0.4116659 1.347098 0.09568113 0.4117191 1.347528 0.09525132 0.4116659 1.347957 0.09483462 0.411508 1.348374 0.09444367 0.4112502 1.348765 0.09409028 0.4109002 1.349118 0.0935378 0.4064691 1.349671 0.09378522 0.4059693 1.349424 0.09611088 0.4047723 1.347098 0.09652757 0.4049302 1.346681 0.09727191 0.4109002 1.345937 0.09691852 0.4112502 1.34629 0.09652757 0.411508 1.346681 0.09378522 0.4104689 1.349424 0.0935378 0.4099691 1.349671 0.09691852 0.405188 1.34629 0.09727191 0.405538 1.345937 0.1530067 0.4848038 1.290202 0.1531184 0.4853931 1.29009 0.1483555 0.4848038 1.294853 0.1485378 0.4842509 1.294671 0.1487852 0.4837511 1.294423 0.1490903 0.4833197 1.294118 0.1494436 0.4829698 1.293765 0.153156 0.4860008 1.290053 0.1531184 0.4866086 1.29009 0.1530067 0.4871979 1.290202 0.1528244 0.4877508 1.290384 0.1525769 0.4882506 1.290632 0.1498346 0.4892898 1.293374 0.1494436 0.4890319 1.293765 0.1231811 0.5045554 1.320028 0.1490903 0.488682 1.294118 0.1498346 0.4827119 1.293374 0.1502513 0.482554 1.292957 0.1506811 0.4825009 1.292528 0.1511108 0.482554 1.292098 0.1515275 0.4827119 1.291681 0.1519185 0.4829698 1.29129 0.1522719 0.4833197 1.290937 0.1525769 0.4837511 1.290632 0.1528244 0.4842509 1.290384 0.1522719 0.488682 1.290937 0.1519185 0.4890319 1.29129 0.1515275 0.4892898 1.291681 0.1511108 0.4894477 1.292098 0.1506811 0.4895008 1.292528 0.1502513 0.4894477 1.292957 0.1487852 0.4882506 1.294423 0.1485378 0.4877508 1.294671 0.1483555 0.4871979 1.294853 0.1482438 0.4866086 1.294965 0.1482062 0.4860008 1.295002 0.1482438 0.4853931 1.294965 0.08256107 0.5045554 1.360648 0.09320622 0.4860008 1.350003 0.09324383 0.4853931 1.349965 0.09335547 0.4848038 1.349853 0.0935378 0.4842509 1.349671 0.09378522 0.4837511 1.349424 0.09409028 0.4833197 1.349118 0.09444367 0.4829698 1.348765 0.09483462 0.4827119 1.348374 0.09525132 0.482554 1.347957 0.09568113 0.4825009 1.347528 0.09525132 0.4894477 1.347957 0.09483462 0.4892898 1.348374 0.09444367 0.4890319 1.348765 0.09409028 0.488682 1.349118 0.09378522 0.4882506 1.349424 0.0935378 0.4877508 1.349671 0.09335547 0.4871979 1.349853 0.09324383 0.4866086 1.349965 0.09611088 0.482554 1.347098 0.09652757 0.4827119 1.346681 0.09691852 0.4829698 1.34629 0.09727191 0.4833197 1.345937 0.09757697 0.4837511 1.345632 0.09782439 0.4842509 1.345384 0.09800672 0.4848038 1.345202 0.09811836 0.4853931 1.34509 0.09815597 0.4860008 1.345053 0.09811836 0.4866086 1.34509 0.09800672 0.4871979 1.345202 0.09782439 0.4877508 1.345384 0.09757697 0.4882506 1.345632 0.09727191 0.488682 1.345937 0.09691852 0.4890319 1.34629 0.09652757 0.4892898 1.346681 0.09611088 0.4894477 1.347098 0.09568113 0.4895008 1.347528 0.17492 0.52211 1.268289 0.1752735 0.5213961 1.267935 0.1757093 0.5207798 1.267499 0.1762141 0.5202799 1.266995 0.1745001 0.5237418 1.268709 0.1746596 0.5228999 1.268549 0.1767727 0.5199115 1.266436 0.1773679 0.519686 1.265841 0.1779819 0.51961 1.265227 0.1785958 0.519686 1.264613 0.1791911 0.5199115 1.264018 0.1797496 0.5202799 1.263459 0.1802545 0.5207798 1.262954 0.1806902 0.5213961 1.262518 0.1810438 0.52211 1.262165 0.1813042 0.5228999 1.261904 0.1813042 0.5263201 1.261904 0.1810438 0.52711 1.262165 0.1814637 0.5237418 1.261745 0.1815174 0.52461 1.261691 0.1814637 0.5254783 1.261745 0.1806902 0.5278239 1.262518 0.1802545 0.5284402 1.262954 0.1797496 0.5289402 1.263459 0.1791911 0.5293084 1.264018 0.1785958 0.5295341 1.264613 0.1779819 0.52961 1.265227 0.1773679 0.5295341 1.265841 0.1767727 0.5293084 1.266436 0.1762141 0.5289402 1.266995 0.1757093 0.5284402 1.267499 0.1752735 0.5278239 1.267935 0.17492 0.52711 1.268289 0.1746596 0.5263201 1.268549 0.06505799 0.5228999 1.378151 0.06531846 0.52211 1.37789 0.05865758 0.5045554 1.384551 0.06489849 0.5237418 1.37831 0.06567198 0.5213961 1.377537 0.06610774 0.5207798 1.377101 0.06661254 0.5202799 1.376596 0.06717109 0.5199115 1.376038 0.06776636 0.519686 1.375442 0.06838035 0.51961 1.374828 0.06899428 0.519686 1.374214 0.06958955 0.5199115 1.373619 0.07014811 0.5202799 1.373061 0.0706529 0.5207798 1.372556 0.07108873 0.5213961 1.37212 0.07144218 0.52211 1.371767 0.07170265 0.5228999 1.371506 0.05865758 0.44711 1.384551 0.07170265 0.5263201 1.371506 0.07144218 0.52711 1.371767 0.07186216 0.5237418 1.371347 0.07191586 0.52461 1.371293 0.07186216 0.5254783 1.371347 0.07108873 0.5278239 1.37212 0.0706529 0.5284402 1.372556 0.07014811 0.5289402 1.373061 0.06838035 0.52961 1.374828 0.06899428 0.5295341 1.374214 0.06958955 0.5293084 1.373619 0.06776636 0.5295341 1.375442 0.06717109 0.5293084 1.376038 0.06661254 0.5289402 1.376596 0.06610774 0.5284402 1.377101 0.06567198 0.5278239 1.377537 0.06531846 0.52711 1.37789 0.06505799 0.5263201 1.378151 0.06489849 0.5254783 1.37831 0.06484478 0.52461 1.378364 0.1829316 0.51961 1.270177 0.1823177 0.519686 1.270791 0.1817224 0.5199115 1.271386 0.1811639 0.5202799 1.271944 0.180659 0.5207798 1.272449 0.1802232 0.5213961 1.272885 0.1798698 0.52211 1.273238 0.1796093 0.5228999 1.273499 0.1794498 0.5237418 1.273658 0.1793961 0.52461 1.273712 0.1794498 0.5254783 1.273658 0.1796093 0.5263201 1.273499 0.1798698 0.52711 1.273238 0.1802232 0.5278239 1.272885 0.180659 0.5284402 1.272449 0.1811639 0.5289402 1.271944 0.1817224 0.5293084 1.271386 0.1823177 0.5295341 1.270791 0.1829316 0.52961 1.270177 0.1835455 0.5295341 1.269563 0.1841409 0.5293084 1.268967 0.1846994 0.5289402 1.268409 0.1852042 0.5284402 1.267904 0.18564 0.5278239 1.267468 0.1859935 0.52711 1.267115 0.1862539 0.5263201 1.266854 0.1864134 0.5254783 1.266695 0.1864672 0.52461 1.266641 0.1864134 0.5237418 1.266695 0.1862539 0.5228999 1.266854 0.1859935 0.52211 1.267115 0.18564 0.5213961 1.267468 0.1852042 0.5207798 1.267904 0.1846994 0.5202799 1.268409 0.1841409 0.5199115 1.268967 0.1835455 0.519686 1.269563 0.1793961 0.36961 1.273712 0.1794498 0.3704782 1.273658 0.1796093 0.3713201 1.273499 0.1798698 0.37211 1.273238 0.1802232 0.3728239 1.272885 0.180659 0.3734402 1.272449 0.1811639 0.3739401 1.271944 0.1817224 0.3743085 1.271386 0.1823177 0.374534 1.270791 0.1829316 0.37461 1.270177 0.1835455 0.374534 1.269563 0.1841409 0.3743085 1.268967 0.1846994 0.3739401 1.268409 0.1852042 0.3734402 1.267904 0.18564 0.3728239 1.267468 0.1859935 0.37211 1.267115 0.1862539 0.3713201 1.266854 0.1864134 0.3704782 1.266695 0.1864672 0.36961 1.266641 0.1864134 0.3687418 1.266695 0.1862539 0.3678999 1.266854 0.1859935 0.36711 1.267115 0.18564 0.3663961 1.267468 0.1852042 0.3657798 1.267904 0.1846994 0.3652799 1.268409 0.1841409 0.3649115 1.268967 0.1835455 0.364686 1.269563 0.1829316 0.36461 1.270177 0.1823177 0.364686 1.270791 0.1817224 0.3649115 1.271386 0.1811639 0.3652799 1.271944 0.180659 0.3657798 1.272449 0.1802232 0.3663961 1.272885 0.1798698 0.36711 1.273238 0.1796093 0.3678999 1.273499 0.1794498 0.3687418 1.273658 0.06979453 0.52461 1.383314 0.06984823 0.5254783 1.38326 0.07000774 0.5263201 1.3831 0.07026821 0.52711 1.38284 0.07062166 0.5278239 1.382486 0.07105749 0.5284402 1.382051 0.07156229 0.5289402 1.381546 0.07212084 0.5293084 1.380987 0.07271611 0.5295341 1.380392 0.0733301 0.52961 1.379778 0.07394403 0.5295341 1.379164 0.0745393 0.5293084 1.378569 0.07509785 0.5289402 1.37801 0.07560265 0.5284402 1.377506 0.07603847 0.5278239 1.37707 0.07639193 0.52711 1.376716 0.0766524 0.5263201 1.376456 0.0768119 0.5254783 1.376296 0.07686561 0.52461 1.376243 0.0768119 0.5237418 1.376296 0.0766524 0.5228999 1.376456 0.07639193 0.52211 1.376716 0.07603847 0.5213961 1.37707 0.07560265 0.5207798 1.377506 0.07509785 0.5202799 1.37801 0.0745393 0.5199115 1.378569 0.07394403 0.519686 1.379164 0.0733301 0.51961 1.379778 0.07271611 0.519686 1.380392 0.07212084 0.5199115 1.380987 0.07156229 0.5202799 1.381546 0.07105749 0.5207798 1.382051 0.07062166 0.5213961 1.382486 0.07026821 0.52211 1.38284 0.07000774 0.5228999 1.3831 0.06984823 0.5237418 1.38326 0.0733301 0.36461 1.379778 0.07271611 0.364686 1.380392 0.07212084 0.3649115 1.380987 0.07156229 0.3652799 1.381546 0.07105749 0.3657798 1.382051 0.07062166 0.3663961 1.382486 0.07026821 0.36711 1.38284 0.07000774 0.3678999 1.3831 0.06984823 0.3687418 1.38326 0.06979453 0.36961 1.383314 0.06984823 0.3704782 1.38326 0.07000774 0.3713201 1.3831 0.07026821 0.37211 1.38284 0.07062166 0.3728239 1.382486 0.07105749 0.3734402 1.382051 0.07156229 0.3739401 1.381546 0.07212084 0.3743085 1.380987 0.07271611 0.374534 1.380392 0.0733301 0.37461 1.379778 0.07394403 0.374534 1.379164 0.0745393 0.3743085 1.378569 0.07509785 0.3739401 1.37801 0.07560265 0.3734402 1.377506 0.07603847 0.3728239 1.37707 0.07639193 0.37211 1.376716 0.0766524 0.3713201 1.376456 0.0768119 0.3704782 1.376296 0.07686561 0.36961 1.376243 0.0768119 0.3687418 1.376296 0.0766524 0.3678999 1.376456 0.07639193 0.36711 1.376716 0.07603847 0.3663961 1.37707 0.07560265 0.3657798 1.377506 0.07509785 0.3652799 1.37801 0.0745393 0.3649115 1.378569 0.07394403 0.364686 1.379164</float_array>
          <technique_common>
            <accessor source="#MMO_700_dual_-_robot_base_plate-1-mesh-positions-array" count="936" stride="3">
              <param name="X" type="float"/>
              <param name="Y" type="float"/>
              <param name="Z" type="float"/>
            </accessor>
          </technique_common>
        </source>
        <source id="MMO_700_dual_-_robot_base_plate-1-mesh-normals">
          <float_array id="MMO_700_dual_-_robot_base_plate-1-mesh-normals-array" count="5247">-0.7044161 -0.08715498 0.7044161 -0.7044039 -0.08703911 0.7044426 -0.6829907 -0.2588062 0.6830396 -0.6830475 -0.2588022 0.6829843 -0.6408251 -0.4226885 0.6408414 -0.640855 -0.4227014 0.640803 -0.5792143 -0.5735712 0.5792469 -0.5792308 -0.5735542 0.5792471 -0.5000137 -0.7071105 0.4999811 -0.5000109 -0.707087 0.5000171 -0.4055557 -0.819168 0.4055719 -0.4055724 -0.8191917 0.4055072 -0.2988872 -0.9062769 0.298879 -0.2988472 -0.9062818 0.2989043 -0.1829913 -0.9659347 0.1829872 -0.1829968 -0.9659288 0.1830131 -0.06163114 -0.9961936 0.06164342 -0.06164294 -0.9961957 0.06159812 0.06163346 -0.9961975 -0.06157839 0.06163287 -0.9961941 -0.06163489 0.1830202 -0.9659239 -0.1830161 0.1829955 -0.9659386 -0.1829629 0.2988372 -0.9062883 -0.2988943 0.2988533 -0.9063047 -0.2988288 0.4055718 -0.8191843 -0.4055229 0.4055572 -0.8191543 -0.405598 0.4999858 -0.7071037 -0.5000185 0.5000123 -0.7071125 -0.4999797 0.5792306 -0.5735549 -0.5792469 0.5792487 -0.5735511 -0.5792324 0.6408519 -0.4227062 -0.640803 0.6408576 -0.4225605 -0.6408933 0.6830516 -0.2588292 -0.6829701 0.6829884 -0.2588238 -0.6830353 0.7044069 -0.08717221 -0.7044232 0.7044252 -0.08718937 -0.7044028 0.7044049 0.08720457 -0.7044212 0.7044211 0.08715623 -0.7044109 0.6829922 0.2588416 -0.6830248 0.6830103 0.2588343 -0.6830093 0.6408155 0.422693 -0.6408481 0.6408782 0.4225632 -0.640871 0.5792306 0.5735549 -0.5792469 0.5792596 0.5735619 -0.5792107 0.4999858 0.7071037 -0.5000185 0.5000194 0.7071226 -0.4999583 0.4055665 0.8191572 -0.4055828 0.4055548 0.8191657 -0.4055772 0.2988474 0.9063032 -0.2988393 0.2988499 0.9063109 -0.2988132 0.1830212 0.9659242 -0.1830131 0.1829935 0.9659332 -0.1829935 0.06163322 0.9961935 -0.06164342 0.06163287 0.9961938 -0.06163895 -0.06163215 0.9961935 0.06164437 -0.06164175 0.9961921 0.06165802 -0.1829942 0.9659337 0.1829901 -0.1829941 0.9659307 0.1830063 -0.2988991 0.9062718 0.2988827 -0.2988401 0.9063012 0.2988523 -0.4055503 0.8191409 0.4056318 -0.405564 0.819191 0.4055171 -0.5000137 0.7071105 0.4999811 -0.5000094 0.7070849 0.5000216 -0.5792362 0.5735929 0.5792036 -0.5792418 0.5735651 0.5792255 -0.6408251 0.4226885 0.6408414 -0.6408173 0.4226765 0.6408571 -0.6830371 0.2588198 0.6829881 -0.6830038 0.2588205 0.6830211 -0.7044059 0.08718836 0.7044222 -0.7044202 0.0870065 0.7044304 -0.7043514 -0.08714699 0.7044818 -0.704458 -0.08704578 0.7043877 -0.6830037 -0.2588235 0.6830201 -0.6830057 -0.2588049 0.6830251 -0.6408787 -0.4227239 0.6407645 -0.6408019 -0.4226663 0.6408793 -0.5791923 -0.5735495 0.5792902 -0.5792657 -0.5735888 0.579178 -0.4999811 -0.7070644 0.500079 -0.5000104 -0.7070863 0.5000185 -0.405579 -0.8191327 0.4056198 -0.4055942 -0.8191701 0.405529 -0.2988517 -0.9062681 0.2989414 -0.2988225 -0.9063303 0.2987817 -0.183064 -0.9659095 0.1830477 -0.1830684 -0.9658979 0.1831051 -0.06155627 -0.9962023 0.06157869 -0.06156796 -0.9962024 0.06156587 0.06155627 -0.9962023 -0.06157869 0.0615558 -0.9962008 -0.06160271 0.1830928 -0.9658986 -0.1830766 0.1830673 -0.9659083 -0.1830509 0.2988191 -0.9063326 -0.2987784 0.2988096 -0.9062959 -0.2988993 0.4055844 -0.8191273 -0.4056252 0.4056005 -0.8191759 -0.4055108 0.4999696 -0.7070807 -0.5000674 0.5792524 -0.5735765 -0.5792035 0.5792138 -0.5735166 -0.5793015 0.6408251 -0.4226885 -0.6408414 0.6409376 -0.4226132 -0.6407786 0.682995 -0.2588264 -0.6830277 0.682978 -0.2588383 -0.6830402 0.7044717 -0.08718019 -0.7043575 0.7043711 -0.0871827 -0.7044577 0.7044433 0.08715903 -0.7043883 0.6830251 0.2588399 -0.6829925 0.640869 0.4227283 -0.6407712 0.6408225 0.4225265 -0.6409509 0.5792087 0.5735332 -0.5792902 0.57925 0.5735524 -0.5792297 0.5000022 0.7071268 -0.4999696 0.5000021 0.7070981 -0.5000103 0.4055898 0.819122 -0.4056306 0.405577 0.8191447 -0.4055974 0.2988119 0.9062943 -0.2989016 0.2988197 0.9063429 -0.2987464 0.1830234 0.9659357 -0.18295 0.1829923 0.9659267 -0.183029 0.06163293 0.9961895 -0.06170839 0.06163322 0.9962 -0.06153744 -0.06163239 0.9961975 0.0615794 -0.06164133 0.9961858 0.06175959 -0.1829921 0.9659222 0.1830532 -0.1829975 0.9659487 0.1829078 -0.2988752 0.9062983 0.2988262 -0.2987961 0.9062913 0.2989265 -0.4056058 0.8191706 0.4055161 -0.4055641 0.8191253 0.4056497 -0.5000267 0.7071094 0.4999696 -0.5792295 0.573553 0.5792499 -0.6407715 0.4226531 0.6409183 -0.640873 0.4227132 0.6407772 -0.6830675 0.2588313 0.6829533 -0.6830195 0.2588264 0.6830031 -0.7043979 0.08700376 0.7044529 -0.7044363 -0.08722472 0.7043873 -0.7044058 -0.0871402 0.7044282 -0.683054 -0.2587842 0.6829847 -0.6408916 -0.4225856 0.6408427 -0.6408659 -0.4225447 0.6408954 -0.5792251 -0.5735822 0.5792251 -0.5791746 -0.573676 0.5791828 -0.5000021 -0.7070996 0.5000082 -0.4055665 -0.8191572 0.4055828 -0.4055805 -0.8191897 0.405503 -0.298846 -0.9063067 0.2988297 -0.2988689 -0.906262 0.2989423 -0.1829942 -0.9659337 0.1829901 -0.1829909 -0.9659303 0.1830112 -0.06163215 -0.9961935 0.06164437 -0.06163388 -0.9961967 0.0615921 0.06164449 -0.9961962 -0.06158941 0.06164121 -0.9961926 -0.06165033 0.1829845 -0.9659366 -0.1829845 0.1829978 -0.9659392 -0.182957 0.2988579 -0.9062774 -0.2989068 0.2988473 -0.9063046 -0.298835 0.4055663 -0.8191896 -0.4055174 0.4055451 -0.8191602 -0.4055981 0.5000039 -0.7071055 -0.4999978 0.5792251 -0.5735493 -0.5792577 0.5792422 -0.5735726 -0.5792177 0.640864 -0.4225456 -0.6408967 0.6408506 -0.4227054 -0.6408048 0.6830298 -0.2588148 -0.6829972 0.6829924 -0.2588216 -0.6830321 0.7044141 -0.08718734 -0.7044141 0.7044274 -0.08715331 -0.704405 0.7044161 0.08715498 -0.7044161 0.7044193 0.08718496 -0.7044091 0.682998 0.2588539 -0.6830143 0.6830364 0.258818 -0.6829895 0.6408649 0.422568 -0.6408811 0.6408339 0.4226725 -0.6408431 0.5792143 0.5735712 -0.5792469 0.5792564 0.5735541 -0.5792217 0.4999974 0.7070875 -0.50003 0.4999939 0.707124 -0.4999817 0.4055663 0.8191896 -0.4055174 0.4055408 0.8191514 -0.4056203 0.2988491 0.9062833 -0.298898 0.298859 0.9063076 -0.2988142 0.1829845 0.9659366 -0.1829845 0.1829962 0.9659305 -0.1830043 0.06164419 0.9961921 -0.06165438 0.06164127 0.9961937 -0.06163412 -0.06163352 0.9961904 0.0616936 -0.1829884 0.9659358 0.1829844 -0.1829968 0.9659288 0.1830131 -0.2988356 0.9063324 0.2987622 -0.2988862 0.9062573 0.2989392 -0.4055665 0.8191572 0.4055828 -0.4055849 0.8191986 0.4054809 -0.4999974 0.7070875 0.50003 -0.5000005 0.7070974 0.5000128 -0.579247 0.5736039 0.5791818 -0.5791774 0.5736787 0.5791774 -0.6408737 0.4225412 0.64089 -0.6408461 0.4225644 0.6409022 -0.6830342 0.258835 0.6829853 -0.6830241 0.2587915 0.6830118 -0.7044079 0.08715599 0.7044242 -0.7044079 0.0872057 0.7044181 -0.7044039 -0.08722072 0.7044202 -0.7044599 -0.08714693 0.7043733 -0.6830417 -0.2587981 0.6829918 -0.6408649 -0.422568 0.6408811 -0.6408395 -0.4225274 0.6409333 -0.579247 -0.5736039 0.5791818 -0.5791445 -0.5736462 0.5792424 -0.5000016 -0.7070989 0.5000098 -0.4056044 -0.819168 0.4055229 -0.4055777 -0.8191017 0.4056838 -0.2988031 -0.9063001 0.2988928 -0.2988499 -0.9063284 0.2987602 -0.1830669 -0.9659085 0.1830506 -0.1830624 -0.9658993 0.1831032 -0.06155574 -0.9961942 0.0617097 -0.06155711 -0.9962074 0.06149488 0.06156879 -0.9962089 -0.06145972 0.06156486 -0.996195 -0.06168723 0.1830572 -0.9659113 -0.1830449 0.1830679 -0.9659219 -0.1829782 0.298844 -0.9063591 -0.2986728 0.2987974 -0.906277 -0.2989686 0.4055722 -0.8191354 -0.4056211 0.4055839 -0.819156 -0.4055675 0.5000348 -0.7071729 -0.4998717 0.4999881 -0.7070832 -0.5000452 0.579247 -0.573571 -0.5792144 0.5792298 -0.5735604 -0.5792421 0.6408502 -0.4227051 -0.6408053 0.6830646 -0.2588465 -0.6829504 0.6830196 -0.2588443 -0.6829962 0.7043733 -0.08714663 -0.7044599 0.7044416 0.0871877 -0.7043866 0.6830216 0.2588124 -0.6830064 0.6409184 0.4226033 -0.6408042 0.6407783 0.4226357 -0.640923 0.5792362 0.5735929 -0.5792036 0.579268 0.5735656 -0.5791987 0.5000137 0.7071105 -0.4999811 0.4999603 0.7070764 -0.5000827 0.4055722 0.8191354 -0.4056211 0.405592 0.8191724 -0.4055268 0.2988234 0.906323 -0.298803 0.1829867 0.9659481 -0.1829215 0.1829926 0.9659118 -0.1831068 0.06164395 0.9961881 -0.06171941 0.06164139 0.9961961 -0.06159347 -0.06163358 0.9961922 0.06166523 -0.1829863 0.9659243 0.1830474 -0.1830002 0.9659468 0.1829146 -0.2987985 0.9063435 0.2987658 -0.2988542 0.9062839 0.2988909 -0.4056044 0.819168 0.4055229 -0.4055911 0.8191287 0.4056156 -0.4999852 0.7070758 0.5000587 -0.5791863 0.5736875 0.5791598 -0.6408201 0.4225059 0.6409668 -0.6409018 0.4226011 0.6408223 -0.6830037 0.2588235 0.6830201 -0.6830108 0.2587864 0.683027 -0.7043856 0.08720296 0.7044407 0.7071068 0 -0.7071068 0.7071057 0 -0.7071079 0.7071056 0 -0.707108 0.707112 0 -0.7071016 0.7071052 0 -0.7071084 0.7071006 0 -0.707113 0.7071083 0 -0.7071053 0.7071042 0 -0.7071095 0.7071092 0 -0.7071044 0 1 5.32189e-6 0 1 0 0 1 1.62123e-6 0 1 -1.62123e-6 0 1 3.19107e-6 0 1 -2.18853e-6 -0.7071042 0 0.7071095 -0.7071164 0 0.7070972 -0.7071102 0 0.7071034 -0.7071083 0 0.7071053 -0.7071052 0 0.7071084 -0.7071116 0 0.707102 -0.707106 0 0.7071076 -0.7071024 0 0.7071112 -0.7071102 0 0.7071034 0 -1 2.18854e-6 0 -1 0 0 -1 2.75501e-6 0 -1 2.91452e-6 0.7071045 0 0.7071091 0.7072271 -9.02075e-5 0.7069866 0.707221 -3.80554e-5 0.7069926 0.7069627 3.60254e-5 0.7072509 0.7069985 -4.91639e-5 0.707215 0.7073302 9.02876e-5 0.7068833 0.7069455 0 0.707268 0.7071693 -2.08344e-6 0.7070443 0.7069983 -8.49811e-5 0.7072153 0.7070434 3.16889e-5 0.7071702 0.7070414 -3.8538e-5 0.7071722 0.7071126 0 0.7071011 0.7069242 -9.9726e-6 0.7072893 0.7072403 8.38235e-6 0.7069733 0.7071429 0 0.7070708 0.7070071 -9.97395e-6 0.7072066 0.7071169 3.27043e-5 0.7070966 0.7070667 0 0.7071469 0.7071281 8.04764e-5 0.7070856 0.7071287 -3.02131e-5 0.7070849 0.7069778 0 0.7072358 0.7071694 -1.51343e-6 0.7070443 0.7070232 1.77809e-5 0.7071905 0.7071068 -1.19042e-4 0.7071068 0.7071279 1.44637e-4 0.7070857 0.7071199 -4.70229e-5 0.7070938 0.7069166 6.33892e-5 0.7072969 0.7070918 1.87976e-6 0.7071219 0.7070458 1.29368e-5 0.7071678 0.7071449 -7.61025e-5 0.7070688 0.7070438 1.143e-5 0.7071698 0.7070307 2.26102e-6 0.7071829 0.7072868 3.60126e-5 0.7069267 0.707046 -1.21496e-4 0.7071676 0.707108 1.15615e-6 0.7071056 0.7070425 -8.4875e-5 0.7071711 0.7073107 -2.71236e-5 0.7069028 0.7071091 0 0.7071045 0.7071068 0 0.7071068 0.707106 0 0.7071076 0.7071096 0 0.707104 0.7070279 -2.2234e-6 0.7071857 0.7069878 1.48777e-4 0.7072258 0.7070307 -1.18923e-4 0.7071829 0.7072401 0 0.7069734 0.706976 -4.84919e-5 0.7072376 0.7073575 2.08931e-5 0.706856 0.7070313 5.15864e-5 0.7071823 0.707144 -8.45737e-6 0.7070696 0.7071422 -1.77282e-5 0.7070713 0.7071575 1.4657e-5 0.7070561 0.7071282 2.61644e-5 0.7070854 0.7071501 -2.16122e-5 0.7070636 0.7072094 3.33069e-7 0.7070042 0.7069106 -1.08984e-5 0.7073029 0.7072007 1.55352e-5 0.7070128 0.7071396 4.89763e-5 0.707074 0.7070125 -4.71342e-5 0.7072011 0.7070735 -1.40546e-5 0.7071402 0.7070292 9.70767e-6 0.7071845 0.7071161 -2.92535e-7 0.7070974 0.7071863 1.4316e-5 0.7070273 0.7072214 7.16159e-5 0.7069922 0.7069318 -5.44498e-5 0.7072818 0.7072815 1.42018e-6 0.7069321 0.7071068 -1.67339e-5 0.7071068 0.7072117 -1.31163e-5 0.7070019 0.7071008 9.82476e-6 0.7071129 0.7068379 -1.49349e-5 0.7073756 0.7071291 -7.32627e-7 0.7070845 0.7071155 0 0.7070981 0.7071588 7.13875e-7 0.7070548 0.706897 1.05539e-5 0.7073165 0.7072616 0 0.706952 0.7071399 4.54855e-5 0.7070736 0.7071083 -3.38896e-6 0.7071053 0.7069498 6.51906e-5 0.7072638 0.707001 1.06939e-5 0.7072126 0.7070614 6.82316e-5 0.7071523 0.7072018 -3.16733e-5 0.7070118 0.7070428 3.78911e-5 0.7071709 0.7071721 5.7872e-6 0.7070415 0.7072272 -6.02408e-5 0.7069863 0.7069085 5.82873e-5 0.707305 0.7071679 -6.03731e-5 0.7070457 0.7071068 -2.49403e-5 0.7071068 0.707079 3.80674e-5 0.7071346 0.7072684 -2.01938e-5 0.7069453 0.7070887 -2.9557e-5 0.7071249 0.7071408 3.0415e-5 0.7070728 0.7069311 -3.90311e-5 0.7072824 0.7071997 4.51773e-6 0.7070139 0.7071059 1.3525e-6 0.7071077 0.7071294 8.02366e-6 0.7070843 0.7070614 -6.10511e-5 0.7071522 0.7071894 -6.19617e-5 0.7070242 0.7070721 6.81336e-5 0.7071416 0.7070227 -7.0232e-5 0.7071909 0.7069569 7.4953e-5 0.7072567 0.7071622 -5.42959e-5 0.7070514 0.7070493 4.9444e-5 0.7071644 0.7071068 7.72119e-5 0.7071068 0.7071598 -7.88953e-6 0.7070538 0.7070663 -5.52177e-5 0.7071473 0.7071702 3.17174e-5 0.7070434 0.7072546 -5.5983e-5 0.706959 0.7069694 2.74243e-5 0.7072442 0.7072566 -3.74606e-5 0.7069569 0.7069817 3.51247e-5 0.7072319 0.7071138 0 0.7070998 0.7069675 -3.20442e-5 0.7072461 0.7072542 1.64337e-5 0.7069594 0.7072066 4.98735e-5 0.7070071 0.7070213 1.06146e-4 0.7071923 0.7071073 -3.48311e-6 0.7071063 0.706991 3.18729e-5 0.7072225 0.7071847 -9.47687e-6 0.7070289 0.7071068 3.45807e-5 0.7071068 0.7071071 4.50157e-7 0.7071066 0.7071974 3.55336e-7 0.7070162 0.7071068 2.16638e-5 0.7071068 0.7071068 0 0.7071068 0.7071055 0 0.7071081 0.7072874 -4.75943e-5 0.7069262 0.7070118 -3.16762e-5 0.7072018 0.7070729 2.85965e-5 0.7071407 0.7071753 8.10195e-6 0.7070383 0.7071688 -1.03266e-5 0.7070448 0.7069001 3.35417e-5 0.7073135 0.7072404 2.98156e-7 0.7069732 0.7071971 -3.01191e-5 0.7070164 0.7071023 2.22725e-5 0.7071112 0.7070517 4.24127e-5 0.7071619 0.7071647 -3.86007e-5 0.7070489 0.7067707 5.39949e-5 0.7074427 0.7072247 -1.80003e-5 0.7069889 0.7071068 -6.01077e-5 0.7071068 0.707131 -3.50693e-5 0.7070826 0.707019 4.39033e-5 0.7071946 0.7071737 -1.10452e-5 0.7070399 0.7071481 -3.66431e-5 0.7070655 0.706951 -5.41641e-5 0.7072626 0.7073793 5.10915e-5 0.7068343 0.7072283 2.6479e-5 0.7069852 0.7068688 -8.47781e-5 0.7073448 0.7073872 -2.00325e-5 0.7068263 0.7071012 0 0.7071124 0.7071098 -9.98483e-7 0.7071038 0.7070012 -6.17733e-7 0.7072124 0.7070686 3.81704e-5 0.707145 0.7070647 -4.80903e-5 0.7071489 0.7071208 4.97848e-5 0.7070928 0.7075055 -3.73893e-5 0.7067079 0.7070213 4.34463e-5 0.7071923 0.7071034 0 0.7071103 0.7069659 -8.87063e-5 0.7072477 0.7072998 7.15733e-5 0.7069137 0.7073005 6.45583e-5 0.7069131 0.7070897 -5.32377e-7 0.7071238 0.7069265 -6.4413e-5 0.7072871 0.707257 -3.005e-5 0.7069565 0.7071968 9.47704e-6 0.7070168 0.707157 7.05916e-5 0.7070566 0.7071028 0 0.7071108 0.7071068 2.99545e-6 0.7071068 0.7069684 1.60609e-5 0.7072452 0.7071819 -1.06131e-4 0.7070317 0.7072142 5.36744e-5 0.7069994 0.7069391 -3.51253e-5 0.7072745 0.7072795 2.04861e-5 0.7069342 0.7071567 -4.98841e-5 0.7070569 0.7069916 5.5211e-5 0.707222 0.7071731 7.8898e-6 0.7070406 0.7071858 -5.92481e-5 0.7070278 0.7071763 6.03738e-5 0.7070372 0.7068927 -5.8286e-5 0.7073209 0.7072272 6.02408e-5 0.7069863 0.7070957 -5.78761e-6 0.7071179 0.7071882 -3.7886e-5 0.7070254 0.7070118 3.16762e-5 0.7072018 0.7070782 6.10525e-5 0.7071354 0.7071068 -1.57555e-6 0.7071068 0.7069276 1.35076e-5 0.707286 0.7072846 -4.51712e-6 0.706929 0.7069311 3.90311e-5 0.7072824 0.7071897 -3.04113e-5 0.7070239 0.7071014 2.95576e-5 0.7071123 0.7069705 -3.40807e-5 0.7072431 0.7072309 5.59812e-5 0.7069827 0.7070751 -2.87506e-5 0.7071385 0.707127 2.0199e-5 0.7070866 0.7070732 -3.80671e-5 0.7071404 0.7070035 2.00719e-5 0.7072101 0.7070745 -6.45612e-5 0.7071391 0.7072452 5.43e-5 0.7069684 0.7068831 -8.19854e-5 0.7073305 0.7071068 -7.72119e-5 0.7071068 0.7070466 7.02334e-5 0.707167 0.7070967 -6.81369e-5 0.7071169 0.7071068 -3.45807e-5 0.7071068 0.7071073 0 0.7071064 0.7071099 0 0.7071036 0.7070361 5.48271e-5 0.7071775 0.7071464 5.92978e-5 0.7070673 0.7070973 0 0.7071163 0.7071068 -6.49914e-5 0.7071068 0.7069944 5.62177e-5 0.7072193 0.7071481 -4.13054e-5 0.7070655 0.7071138 4.8091e-5 0.7070998 0.7070418 -4.13053e-5 0.7071719 0.7071714 -7.21179e-5 0.7070423 0.7068926 8.47866e-5 0.707321 0.7070167 -4.50903e-5 0.707197 0.7074772 3.13534e-5 0.7067363 0.7072254 1.80003e-5 0.7069882 0.7071385 -1.58352e-5 0.7070751 0.7070847 3.45966e-5 0.707129 0.7072359 -3.22762e-5 0.7069777 0.7072675 -4.28531e-5 0.706946 0.7070547 5.41534e-5 0.7071589 0.7068036 -5.05206e-5 0.7074099 0.7072352 4.31217e-5 0.7069783 0.7072302 -2.9814e-7 0.7069833 0.7069116 -2.92725e-5 0.7073019 0.7072069 5.48586e-6 0.7070068 0.7071077 -4.50833e-7 0.7071059 0.7071238 -3.086e-7 0.7070899 0.7070739 -4.2414e-5 0.7071398 0.7071364 -1.4816e-5 0.7070772 0.7070583 -2.85959e-5 0.7071553 0.706972 3.42748e-5 0.7072417 0.7071454 3.85996e-5 0.7070682 0.7071371 1.10466e-5 0.7070765 0.7070162 -5.04083e-5 0.7071973 0.7072564 2.49385e-5 0.7069572 0.7071078 7.37332e-5 0.7071059 0.7071063 9.95173e-7 0.7071073 0.70723 8.38493e-7 0.7069836 0.7071623 -1.15077e-5 0.7070513 0.7071442 -3.74071e-5 0.7070694 0.7070294 3.87032e-5 0.7071842 0.7070556 -5.11766e-5 0.707158 0.7070735 0 0.7071401 0.7069752 1.41111e-5 0.7072383 0.7072904 -9.02825e-5 0.7069232 0.7071816 1.12322e-4 0.7070319 0.7070474 -1.69898e-5 0.7071663 0.7071597 -2.61425e-6 0.7070538 0.7071068 -5.97219e-5 0.7071068 0.7070398 3.34773e-5 0.7071738 0.7070201 -3.99593e-5 0.7071935 0.7071113 0 0.7071023 0.7071557 -9.67013e-6 0.7070579 0.7071257 8.60767e-6 0.707088 0.7070292 -1.22593e-5 0.7071844 0.7071288 3.86453e-5 0.7070848 0.7069985 -3.60861e-5 0.7072151 0.7070597 9.9747e-6 0.7071539 0.7069654 -9.42621e-5 0.7072482 0.7073265 4.39495e-5 0.706887 0.7071068 2.30094e-6 0.7071068 0.707017 -1.9948e-4 0.7071965 0.7070411 2.25102e-4 0.7071724 0.7069621 0 0.7072515 0.7070784 -1.14278e-5 0.7071353 0.7072628 8.56193e-5 0.7069507 0.7069625 0 0.7072511 0.7071889 2.02157e-5 0.7070248 0.7071068 4.7022e-5 0.7071068 0.7072797 -8.64434e-5 0.7069339 0.7071402 1.24278e-5 0.7070734 0.7069863 2.33347e-6 0.7072274 0.7070594 -9.48818e-5 0.7071543 0.7073046 -3.13015e-5 0.706909 0.7069749 8.49627e-5 0.7072387 0.7069621 -1.44711e-4 0.7072515 0.7071075 1.40001e-6 0.7071061 0.7071098 0 0.7071037 0.7071064 0 0.7071072 0.7071075 1.39583e-6 0.7071061 0.7073472 4.00627e-5 0.7068664 0.7071565 -1.24429e-4 0.707057 0.7072832 1.77502e-5 0.7069303 0.7070443 5.86029e-5 0.7071693 0.7071068 -1.80384e-5 0.7071068 0.707206 1.08037e-5 0.7070076 0.7070215 0 0.7071921 0.7071654 -1.328e-5 0.7070482 0.7070757 1.87858e-5 0.7071379 0.7071011 -5.15915e-5 0.7071124 0.7072485 -1.63217e-5 0.7069652 0.7074102 0 0.7068032 0.7070058 -2.33473e-5 0.7072078 0.7071689 4.49963e-7 0.7070447 0.7071141 0 0.7070995 0.7071063 0 0.7071073 0.7071083 0 0.7071053 0.7071022 0 0.7071114 0.7071166 1.41298e-4 0.7070969 0.707022 -1.41359e-5 0.7071916 0.7071501 1.93503e-5 0.7070636 0.7071177 5.83693e-5 0.7070959 0.7069276 -5.1197e-5 0.707286 0.707153 -1.55341e-5 0.7070606 0.7070632 7.15083e-6 0.7071504 0.707158 2.55846e-5 0.7070556 0.7069911 -1.77333e-5 0.7072225 0.7071105 2.2482e-6 0.7071031 0.7070664 1.13525e-4 0.7071473 0.7069651 -8.62576e-5 0.7072485 0.7071495 0 0.7070642 0.7070528 1.65482e-5 0.7071608 0.707236 -1.42008e-6 0.7069776 0.707155 7.23358e-5 0.7070586 0.7068179 1.24136e-5 0.7073955 0.707152 -2.6163e-5 0.7070617 0.7071068 -1.6868e-5 0.7071068 0.7071425 -7.69886e-7 0.7070711 0.7071106 0 0.707103 0.7070729 7.32569e-7 0.7071408 0.7069808 1.11992e-5 0.7072328 0.7072312 4.9777e-5 0.7069823 0.7071068 -4.10379e-6 0.7071068 0.7071043 0 0.7071093 0.7071118 0 0.7071018 0.7071086 1.36384e-6 0.707105 0.7068558 -2.09079e-5 0.7073577 0.7071052 0 0.7071084 0.7071084 0 0.7071052 0.7071038 0 0.7071098 0.7071098 0 0.7071038 0.7071056 0 0.707108 0.7070969 0 0.7071166 0.7071014 0 0.7071121 0.7071011 0 0.7071126 0.707103 0 0.7071106 0.7070968 0 0.7071167 -0.7071471 6.04882e-5 -0.7070665 -0.7070794 0 -0.7071342 -0.7071043 0 -0.7071093 -0.7071068 0 -0.7071068 -0.7071036 0 -0.7071099 -0.7071383 6.29015e-5 -0.7070754 -0.7070642 -5.30818e-5 -0.7071495 -0.7071543 -3.95323e-6 -0.7070594 -0.7070671 -1.64092e-5 -0.7071465 -0.7071068 5.64692e-5 -0.7071068 -0.7071565 8.44839e-6 -0.707057 -0.7070545 -2.51165e-5 -0.7071591 -0.707081 -2.58701e-5 -0.7071327 -0.7071741 1.4867e-5 -0.7070395 -0.7070549 -1.18025e-6 -0.7071588 -0.7071068 3.96005e-5 -0.7071068 -0.7070717 -3.98909e-5 -0.7071419 -0.7071081 2.5012e-6 -0.7071056 -0.7070771 5.62882e-5 -0.7071365 -0.7070891 -8.51089e-5 -0.7071245 -0.7069725 0 -0.707241 -0.7071557 -1.27126e-5 -0.707058 -0.7071048 1.72882e-5 -0.7071088 -0.7071068 0 -0.7071068 -0.707096 4.08867e-5 -0.7071176 -0.7071021 0 -0.7071115 -0.7071288 -3.97137e-5 -0.7070848 -0.7071275 -4.18474e-6 -0.7070861 -0.7069858 4.03347e-5 -0.7072278 -0.707063 4.38842e-5 -0.7071507 -0.7071127 -5.22146e-5 -0.7071009 -0.7071514 5.94642e-5 -0.7070622 -0.7070749 3.19077e-5 -0.7071387 -0.7071188 -2.89896e-5 -0.7070949 -0.7070621 1.84933e-5 -0.7071515 -0.7071534 0 -0.7070603 -0.7071033 -4.42743e-5 -0.7071104 -0.7070406 1.38248e-5 -0.707173 -0.7071232 1.06589e-6 -0.7070904 -0.7071055 0 -0.7071082 -0.7071858 5.29247e-5 -0.7070279 -0.7070696 -4.51074e-5 -0.7071439 -0.7070398 -5.86074e-5 -0.7071738 -0.707104 6.99391e-5 -0.7071096 -0.7069491 0 -0.7072646 -0.7072249 6.27988e-6 -0.7069887 -0.7070997 -1.8854e-5 -0.7071139 -0.7071068 2.30851e-5 -0.7071068 -0.7069276 -6.24686e-5 -0.707286 -0.7072349 5.2751e-5 -0.7069787 -0.7071068 -2.82346e-5 -0.7071068 -0.7070463 1.87848e-5 -0.7071673 -0.7070593 -6.58954e-6 -0.7071542 -0.7071068 -7.88377e-5 -0.7071068 -0.7071422 1.33864e-4 -0.7070714 -0.7071084 -7.08437e-6 -0.7071052 -0.7070645 3.6699e-5 -0.7071491 -0.7071575 5.87776e-5 -0.7070561 -0.7071315 6.16398e-6 -0.7070822 -0.7070988 -1.58245e-5 -0.7071148 -0.7071254 2.57068e-5 -0.7070882 -0.7073002 0 -0.7069134 -0.7070254 -4.82031e-5 -0.7071883 -0.7071059 0 -0.7071077 -0.7071505 4.66117e-5 -0.7070632 -0.7071488 7.46035e-7 -0.7070648 -0.70701 1.93638e-5 -0.7072036 -0.7071534 -5.238e-5 -0.7070603 -0.7070914 4.16081e-5 -0.7071222 -0.7070369 -4.05049e-5 -0.7071767 -0.7070573 -8.24768e-5 -0.7071563 -0.7071105 5.30221e-5 -0.7071031 -0.7072579 -3.68883e-5 -0.7069557 -0.7069686 4.4918e-5 -0.707245 -0.7070239 -1.80898e-5 -0.7071897 -0.7071942 1.50189e-5 -0.7070195 -0.707157 -4.18535e-6 -0.7070566 -0.7069523 -4.64188e-7 -0.7072612 -0.7071255 0 -0.7070881 -0.7066829 -4.5964e-5 -0.7075305 -0.7073829 3.48256e-5 -0.7068307 -0.707104 0 -0.7071095 -0.7071965 -6.73093e-5 -0.707017 -0.7070307 2.68468e-5 -0.707183 -0.7070348 -9.44226e-5 -0.7071788 -0.7071522 6.80652e-5 -0.7070614 -0.7070484 -6.75978e-5 -0.7071652 -0.7071875 7.60665e-5 -0.7070261 -0.7071089 5.36557e-6 -0.7071046 -0.7071063 0 -0.7071073 -0.7071087 0 -0.707105 -0.707105 0 -0.7071087 -0.7070767 -3.01243e-5 -0.7071369 -0.7071798 6.07418e-5 -0.7070338 -0.7072023 -6.69896e-5 -0.7070113 -0.7071453 -7.70815e-5 -0.7070683 -0.7070989 4.18796e-5 -0.7071148 -0.7070554 3.05109e-5 -0.7071582 -0.7070299 -3.84701e-5 -0.7071837 -0.7069942 3.54111e-5 -0.7072193 -0.7067335 -1.96402e-5 -0.7074799 -0.7072529 3.94509e-5 -0.7069606 -0.7071082 -2.06142e-6 -0.7071055 -0.7071589 -1.17259e-5 -0.7070546 -0.7069804 5.2413e-5 -0.7072333 -0.7070434 -1.58388e-5 -0.7071701 -0.7071233 4.82443e-5 -0.7070903 -0.7070674 -2.19946e-5 -0.7071462 -0.7071409 -5.12124e-5 -0.7070726 -0.7069389 6.02871e-5 -0.7072747 -0.7073051 -5.94974e-5 -0.7069085 -0.7068105 6.74986e-5 -0.707403 -0.7071089 0 -0.7071046 -0.7070608 -6.09777e-5 -0.7071529 -0.7071348 5.13493e-5 -0.7070788 -0.7072712 0 -0.7069423 -0.7071282 -2.7206e-5 -0.7070854 -0.7071887 2.58965e-5 -0.7070249 -0.7069927 0 -0.7072209 -0.7072647 -8.75573e-5 -0.7069489 -0.7070225 4.71138e-5 -0.7071911 -0.7070347 -5.40877e-5 -0.7071789 -0.7070193 4.74869e-5 -0.7071943 -0.707199 7.86093e-6 -0.7070146 -0.706951 6.23194e-5 -0.7072626 -0.7071079 0 -0.7071058 -0.7072775 6.827e-5 -0.7069361 -0.7072209 -9.98094e-5 -0.7069928 -0.7070691 8.34451e-5 -0.7071444 -0.7071701 -8.18312e-5 -0.7070436 -0.7068544 -9.016e-5 -0.7073593 -0.7071514 7.68646e-5 -0.7070622 -0.7071047 -3.37364e-5 -0.707109 -0.7071068 9.7818e-5 -0.7071068 -0.7071737 -9.3342e-5 -0.70704 -0.7071858 7.89975e-5 -0.7070278 -0.7071091 0 -0.7071045 -0.7071068 -8.27994e-5 -0.7071068 -0.7070676 9.81602e-5 -0.7071461 -0.7069684 -8.64687e-5 -0.7072451 -0.7072213 7.6689e-5 -0.7069923 -0.7071668 -7.88345e-5 -0.7070468 -0.7071295 0 -0.7070841 -0.7071175 1.52016e-5 -0.7070962 -0.7070479 -3.9263e-5 -0.7071657 -0.707017 5.21056e-5 -0.7071965 -0.707248 -3.60647e-5 -0.7069656 -0.7069626 7.21096e-5 -0.707251 -0.7071825 -6.74845e-5 -0.707031 -0.7070859 1.8083e-5 -0.7071278 -0.7071691 -9.3442e-5 -0.7070445 -0.7070179 1.48185e-5 -0.7071957 -0.707271 5.48223e-5 -0.7069426 -0.7069375 -6.88054e-5 -0.7072761 -0.7069423 -1.02801e-5 -0.7072713 -0.7070598 4.43486e-5 -0.7071538 -0.7071865 -4.82733e-5 -0.7070271 -0.7070043 1.02583e-4 -0.7072094 -0.7071573 -8.16775e-5 -0.7070563 -0.7070785 -1.41325e-5 -0.7071351 -0.7071077 0 -0.7071058 -0.7071062 8.07681e-7 -0.7071073 -0.7072145 4.21577e-5 -0.7069991 -0.7071195 -5.13482e-5 -0.7070941 -0.7071956 -6.07431e-5 -0.707018 -0.7070767 3.01243e-5 -0.7071369 -0.7070178 2.19957e-5 -0.7071957 -0.7070983 -4.82426e-5 -0.7071153 -0.7071143 0 -0.7070993 -0.7072291 8.3778e-5 -0.7069845 -0.7068621 -6.74914e-5 -0.7073515 -0.7073051 5.94974e-5 -0.7069085 -0.7070291 -6.02856e-5 -0.7071846 -0.7071943 5.3874e-5 -0.7070193 -0.7071581 -2.5644e-5 -0.7070555 -0.7070823 7.18682e-5 -0.7071314 -0.7072018 1.58367e-5 -0.7070118 -0.7069874 -5.24135e-5 -0.7072262 -0.7071095 2.28702e-6 -0.707104 -0.7069067 -9.22042e-6 -0.7073068 -0.7073021 -3.94473e-5 -0.7069115 -0.7067335 1.96402e-5 -0.7074799 -0.7071496 -2.58988e-5 -0.707064 -0.7071154 2.72055e-5 -0.7070983 -0.7070086 -3.54119e-5 -0.7072049 -0.7071256 4.28719e-5 -0.7070879 -0.7071404 0 -0.7070733 -0.7070545 -4.7483e-5 -0.7071591 -0.707144 4.84425e-5 -0.7070696 -0.7070274 -3.9685e-5 -0.7071862 -0.7072346 8.75535e-5 -0.706979 -0.7071068 -4.84606e-6 -0.7071068 -0.7070997 -2.46506e-5 -0.7071139 -0.7071068 9.44427e-5 -0.7071068 -0.7070657 -2.05542e-5 -0.7071479 -0.707086 -4.18788e-5 -0.7071276 -0.7071399 7.39284e-5 -0.7070737 -0.7071461 -7.85194e-5 -0.7070675 -0.7070613 6.76035e-5 -0.7071524 -0.7070331 -6.45036e-5 -0.7071805 -0.7071938 6.69888e-5 -0.7070198 -0.7071095 0 -0.7071042 -0.7073514 7.53825e-5 -0.7068621 -0.7069751 -6.42605e-5 -0.7072385 -0.7072094 5.12768e-5 -0.7070043 -0.7070816 -4.435e-5 -0.7071321 -0.7070348 1.10815e-5 -0.7071787 -0.7072632 3.91185e-5 -0.7069503 -0.70699 -5.21084e-5 -0.7072237 -0.7071185 3.8034e-5 -0.7070952 -0.7070862 -1.03496e-5 -0.7071275 -0.7071059 2.29047e-7 -0.7071077 -0.7071064 -6.8611e-7 -0.7071073 -0.7072105 5.18584e-5 -0.7070031 -0.7071862 -7.93521e-5 -0.7070274 -0.7069761 9.74699e-5 -0.7072375 -0.7072775 -6.827e-5 -0.7069361 -0.7070271 -1.80854e-5 -0.7071865 -0.7071501 6.74814e-5 -0.7070636 -0.7071789 -7.21022e-5 -0.7070347 -0.7070277 8.18365e-5 -0.7071859 -0.7071723 -8.34302e-5 -0.7070413 -0.7071858 1.97494e-5 -0.7070278 -0.7071344 -5.53732e-5 -0.7070792 -0.7070073 6.88066e-5 -0.7072063 -0.7073175 -6.0228e-5 -0.706896 -0.7069604 -1.01883e-5 -0.7072532 -0.7071765 7.88356e-5 -0.7070372 -0.7072651 -7.9162e-5 -0.7069485 -0.7069974 8.16643e-5 -0.7072162 -0.7071077 0 -0.7071059 -0.7071494 -9.4992e-5 -0.7070643 -0.7071068 8.27994e-5 -0.7071068 -0.7071226 -9.27078e-5 -0.707091 -0.707152 9.335e-5 -0.7070616 -0.7071068 -9.7818e-5 -0.7071068 -0.7070503 1.41335e-5 -0.7071633 -0.7071902 8.16719e-5 -0.7070234 -0.7070043 -1.02583e-4 -0.7072094 -0.7072616 9.97775e-5 -0.706952 -0.7071046 -1.34139e-6 -0.7071089 -0.7071995 -8.91304e-7 -0.7070141 -0.7071061 3.37365e-5 -0.7071076 -0.7070137 -1.16408e-5 -0.7071999 -0.7071704 4.42753e-5 -0.7070432 -0.7071709 6.54734e-6 -0.7070428 -0.7070749 -4.78616e-5 -0.7071387 -0.7071537 -1.06581e-6 -0.7070599 -0.7071284 -3.4671e-6 -0.7070852 -0.7070082 -2.46585e-5 -0.7072054 -0.7070573 2.89938e-5 -0.7071563 -0.7070873 -2.49263e-5 -0.7071263 -0.7070275 -5.28737e-5 -0.7071861 -0.7071936 5.22067e-5 -0.7070201 -0.7071178 -4.18255e-5 -0.7070959 -0.7071281 -2.12785e-5 -0.7070855 -0.7071135 1.27118e-5 -0.7071001 -0.7070201 -1.04867e-6 -0.7071935 -0.7071068 -2.89288e-6 -0.7071068 -0.7071057 0 -0.707108 -0.707106 0 -0.7071076 -0.7071075 1.45373e-6 -0.7071061 -0.7070571 3.54382e-5 -0.7071565 -0.7069781 0 -0.7072355 -0.7072042 0 -0.7070094 -0.7070809 3.97157e-5 -0.7071327 -0.7071081 0 -0.7071056 -0.7070955 -3.92786e-5 -0.7071182 -0.7070758 -4.0679e-6 -0.7071379 -0.7071271 -2.02685e-5 -0.7070865 -0.7072038 1.61726e-5 -0.7070097 -0.7070828 3.8648e-5 -0.7071309 -0.7071068 -4.28861e-5 -0.7071068 -0.7070728 5.32454e-5 -0.7071409 -0.7071068 -2.49037e-6 -0.7071068 -0.7071648 2.98029e-5 -0.7070488 -0.7070667 2.17635e-5 -0.7071468 -0.7070581 -2.43477e-5 -0.7071555 -0.707083 1.67781e-5 -0.7071306 -0.7071202 -6.02194e-6 -0.7070934 -0.7071919 -4.25507e-5 -0.7070217 -0.7070032 1.30278e-5 -0.7072103 -0.7071296 3.30926e-6 -0.707084 -0.7071076 0 -0.7071061 -0.7071061 0 -0.7071075 -0.707157 4.18535e-6 -0.7070566 -0.706988 0 -0.7072256 -0.7071669 -1.5018e-5 -0.7070467 -0.7070556 1.80904e-5 -0.707158 -0.7069634 -4.57833e-5 -0.7072502 -0.7073035 3.51291e-5 -0.7069101 -0.7069914 -5.30308e-5 -0.7072222 -0.7072294 8.19361e-5 -0.7069841 -0.7071068 4.09332e-5 -0.7071068 -0.7070775 -4.16073e-5 -0.707136 -0.7072232 5.41934e-5 -0.7069904 -0.7070382 -2.28549e-5 -0.7071754 -0.707053 1.58235e-5 -0.7071606 -0.7070875 -5.77897e-6 -0.7071261 -0.7071086 3.18645e-6 -0.707105 -0.7071102 0 -0.7071035 -0.7071068 -4.11755e-6 -0.7071068 -0.7070974 2.29305e-5 -0.7071163 -0.7071068 5.88314e-6 -0.7071068 -0.7072978 0 -0.7069159 -0.7070416 -4.66193e-5 -0.707172 -0.7071046 0 -0.707109 -0.7071284 4.60288e-5 -0.7070853 -0.7072088 7.22677e-7 -0.7070048 -0.707019 -1.64556e-5 -0.7071946 -0.7071161 2.39369e-5 -0.7070975 -0.7071898 -4.98464e-5 -0.7070239 -0.7068434 1.64597e-5 -0.7073701 -0.7071099 2.74309e-6 -0.7071037 -0.7070825 -3.65229e-5 -0.7071312 -0.7070621 3.9147e-5 -0.7071515 -0.7071928 -7.16827e-5 -0.7070208 -0.7070032 4.68597e-5 -0.7072104 -0.7072012 -3.30403e-5 -0.7070124 -0.7069315 4.07017e-5 -0.7072821 -0.707241 -1.65707e-5 -0.7069726 -0.707052 1.3923e-5 -0.7071616 -0.7072797 -3.93003e-6 -0.7069339 -0.7068585 -4.43454e-7 -0.7073551 -0.7071223 0 -0.7070913 -0.7067105 -4.95986e-5 -0.7075029 -0.7073655 3.29943e-5 -0.706848 -0.707122 0 -0.7070916 -0.7070903 0 -0.7071233 -0.7071028 0 -0.7071107 -0.7070888 0 -0.7071249 -0.707104 0 -0.7071096 -0.7070897 0 -0.7071239 -0.7071189 0 -0.7070947 -0.7071006 0 -0.7071131 -0.7043775 -0.08708477 0.7044634 -0.7044613 -0.08712488 0.7043746 -0.6829973 -0.2588502 0.6830164 -0.683011 -0.2588345 0.6830086 -0.6408942 -0.4226192 0.6408179 -0.6408506 -0.4225385 0.6409149 -0.5791888 -0.5736364 0.5792078 -0.5792534 -0.5735865 0.5791926 -0.5000004 -0.7071063 0.5000004 -0.5000025 -0.7071303 0.4999643 -0.4055961 -0.8191501 0.4055674 -0.4055796 -0.819137 0.4056106 -0.2988306 -0.906299 0.2988688 -0.2988499 -0.9063113 0.2988118 -0.1830205 -0.9659319 0.1829729 -0.1830177 -0.965924 0.1830177 -0.06161254 -0.9961985 0.06158506 -0.06162327 -0.9961923 0.06167334 0.06162393 -0.9961922 -0.06167519 0.06162154 -0.9961957 -0.06161916 0.183016 -0.9659327 -0.182973 0.1829958 -0.965936 -0.1829767 0.2988331 -0.9063209 -0.2987997 0.2988554 -0.9062896 -0.2988722 0.4055542 -0.8191515 -0.4056067 0.4055785 -0.8191616 -0.4055618 0.5000138 -0.7070872 -0.5000138 0.499985 -0.7070943 -0.5000327 0.5792334 -0.573633 -0.5791667 0.5791907 -0.5735614 -0.5792802 0.640863 -0.4225986 -0.640863 0.6408643 -0.4226053 -0.6408571 0.683004 -0.2588145 -0.6830231 0.6830195 -0.2588773 -0.6829838 0.7044532 -0.08709412 -0.7043865 0.7043875 -0.08710825 -0.7044504 0.7044154 0.08708947 -0.7044249 0.7044053 0.0871104 -0.7044324 0.6830329 0.2588636 -0.6829757 0.6830018 0.2588325 -0.6830185 0.640863 0.4225986 -0.640863 0.6408608 0.4226031 -0.640862 0.5791949 0.5735566 -0.5792807 0.5792332 0.5736417 -0.5791581 0.4999813 0.7070793 -0.5000576 0.5000134 0.7070963 -0.5000015 0.4055861 0.8191388 -0.4056004 0.4055982 0.8191339 -0.4055982 0.2988233 0.9063163 -0.2988233 0.2988056 0.9063305 -0.2987985 0.1830205 0.9659319 -0.1829729 0.1829918 0.9659397 -0.1829607 0.06165599 0.9961903 -0.06167268 0.06165832 0.996193 -0.06162613 -0.06164461 0.9961964 0.06158494 -0.06165885 0.9961897 0.06168037 -0.1830205 0.9659319 0.1829729 -0.1830171 0.9659211 0.1830338 -0.298813 0.9063232 0.298813 -0.2988111 0.906333 0.2987849 -0.4056154 0.8191121 0.4056249 -0.4055991 0.8191187 0.4056277 -0.4999813 0.7070793 0.5000576 -0.5000048 0.7071337 0.4999572 -0.5792397 0.5736105 0.5791825 -0.5791985 0.5736085 0.5792259 -0.6408522 0.4225152 0.6409286 -0.6408646 0.4226241 0.6408444 -0.6830396 0.2588281 0.6829824 -0.6829931 0.2588658 0.6830146 -0.7044532 0.08709412 0.7043865 -0.7044097 0.0871185 0.704427 -0.7044154 -0.08708947 0.7044249 -0.7044339 -0.08712148 0.7044023 -0.6830329 -0.2588636 0.6829757 -0.683018 -0.2588371 0.6830007 -0.640863 -0.4225986 0.640863 -0.640854 -0.4225408 0.64091 -0.5792562 -0.5735893 0.579187 -0.4999789 -0.7071164 0.5000076 -0.4999672 -0.7071346 0.4999935 -0.405628 -0.8191375 0.4055612 -0.4056035 -0.8191275 0.4056059 -0.2988374 -0.9063197 0.2987993 -0.2988451 -0.9062965 0.2988618 -0.1830172 -0.9659214 0.1830315 -0.06161224 -0.9961937 0.06166112 -0.06162363 -0.9961978 0.06158304 0.06162422 -0.9961969 -0.06159913 0.06162136 -0.9961924 -0.06167382 0.1829937 -0.965925 -0.1830366 0.298857 -0.9062942 -0.298857 0.4055861 -0.8191388 -0.4056004 0.4056064 -0.8191505 -0.4055563 0.4999924 -0.7070974 -0.5000211 0.4999731 -0.7071315 -0.4999921 0.5792136 -0.573584 -0.579235 0.6408315 -0.4225779 -0.6409079 0.6408922 -0.4226238 -0.640817 0.6829684 -0.2588011 -0.6830638 0.6830126 -0.2588747 -0.6829918 0.7044154 -0.08708947 -0.7044249 0.7043957 -0.0871092 -0.7044422 0.7044346 0.08708709 -0.704406 0.7044164 0.08710706 -0.7044218 0.6829769 0.2588569 -0.6830342 0.6830294 0.2588538 -0.6829829 0.6408854 0.4225882 -0.6408472 0.6408498 0.422577 -0.6408903 0.5792461 0.5736073 -0.5791793 0.5792105 0.5736191 -0.5792033 0.499998 0.7071434 -0.4999503 0.4999681 0.7070862 -0.5000611 0.4055986 0.8191641 -0.4055366 0.2988165 0.9062957 -0.2988929 0.2988111 0.9063472 -0.2987419 0.1830526 0.9659121 -0.1830455 0.1830233 0.9659174 -0.1830471 0.06162184 0.9961971 -0.06159681 0.06162381 0.9961939 -0.06164765 -0.06161105 0.9961938 0.06166112 -0.06162464 0.9961956 0.06161868 -0.1830503 0.9659126 0.1830455 -0.1830522 0.9659172 0.1830188 -0.2988198 0.9063438 0.2987435 -0.2988024 0.9063066 0.298874 -0.4056117 0.8191441 0.405564 -0.4999598 0.7070894 0.5000648 -0.4999834 0.7071573 0.4999452 -0.5792142 0.5735852 0.5792332 -0.5792213 0.5736311 0.5791807 -0.6408804 0.4225023 0.640909 -0.6408781 0.4226141 0.6408375 -0.6830244 0.2588331 0.6829957 -0.6829655 0.2588699 0.6830407 -0.7044298 0.08708769 0.7044107 -0.7044515 0.08712011 0.704385 -0.7044012 -0.08724153 0.7044203 -0.7044292 -0.08708894 0.7044112 -0.6830124 -0.258745 0.6830411 -0.6830123 -0.2588417 0.6830046 -0.6408585 -0.4227421 0.6407727 -0.6408503 -0.422552 0.6409063 -0.5792139 -0.573499 0.5793188 -0.5792441 -0.5736378 0.5791511 -0.4999856 -0.7071069 0.5000143 -0.4999956 -0.7071248 0.4999789 -0.405552 -0.8191749 0.4055616 -0.4056064 -0.8191245 0.4056088 -0.2988804 -0.9062882 0.2988518 -0.2988434 -0.9063031 0.2988434 -0.1829887 -0.965929 0.1830197 -0.182989 -0.9659385 0.1829698 -0.06162273 -0.9961924 0.06167286 -0.06162446 -0.9961999 0.0615493 0.06162214 -0.9962018 -0.06152075 0.06162106 -0.9961943 -0.06164252 0.1829921 -0.9659278 -0.1830231 0.1830159 -0.9659306 -0.1829849 0.298878 -0.9062662 -0.2989209 0.2988442 -0.906316 -0.2988037 0.405548 -0.8191764 -0.4055624 0.405551 -0.8191629 -0.4055868 0.4999908 -0.7071468 -0.4999527 0.5000414 -0.7070264 -0.5000724 0.5792459 -0.5735211 -0.5792649 0.5791918 -0.5735943 -0.5792466 0.6408113 -0.4226536 -0.6408781 0.6408566 -0.4227315 -0.6407815 0.6830124 -0.258745 -0.6830411 0.6830391 -0.2587345 -0.6830183 0.7044012 -0.08724153 -0.7044203 0.7044135 -0.08722746 -0.7044097 0.7043789 0.08721613 -0.7044457 0.7044259 0.08724451 -0.7043952 0.6829887 0.2587696 -0.6830555 0.6830525 0.2587314 -0.6830061 0.6408235 0.4226747 -0.6408521 0.6408559 0.422674 -0.6408201 0.5792585 0.5735051 -0.579268 0.579187 0.5736182 -0.5792276 0.5000044 0.7071277 -0.4999662 0.5000308 0.7070497 -0.5000499 0.4055607 0.8191639 -0.405575 0.4055427 0.8191841 -0.4055522 0.2988544 0.9062959 -0.2988544 0.2988116 0.9063328 -0.2987854 0.1830244 0.9659219 -0.183022 0.1830475 0.9659086 -0.1830689 0.06162065 0.9961972 -0.06159561 0.06162238 0.9961963 -0.06161046 -0.06162303 0.9961971 0.06159681 -0.06162434 0.9961979 0.06158256 -0.1830151 0.9659109 0.183089 -0.1830273 0.9659334 0.1829582 -0.2988492 0.9062994 0.2988492 -0.2988178 0.9063223 0.2988107 -0.4055567 0.8191655 0.4055758 -0.4055974 0.8191252 0.4056165 -0.4999924 0.7070974 0.5000211 -0.4999871 0.7071318 0.4999775 -0.5792395 0.5735243 0.5792682 -0.5792105 0.5736045 0.5792177 -0.6408544 0.4226822 0.6408162 -0.640859 0.4225708 0.6408852 -0.6830701 0.2587431 0.6829842 -0.6829599 0.2588745 0.6830446 -0.7044216 0.08722025 0.7044025 -0.7044078 0.08710062 0.7044311 -0.7043634 -0.08723688 0.7044587 -0.7044373 -0.08708989 0.704403 -0.683048 -0.2587585 0.6830003 -0.6830053 -0.2588391 0.6830125 -0.6408272 -0.4227214 0.6408177 -0.6408468 -0.4225498 0.6409112 -0.5792651 -0.5735497 0.5792174 -0.5792093 -0.5736033 0.5792201 -0.5000143 -0.7070934 0.5000048 -0.5000189 -0.7071172 0.4999665 -0.4055367 -0.8192114 0.4055033 -0.4055786 -0.8191356 0.4056143 -0.2988736 -0.9062675 0.2989213 -0.2988449 -0.9063077 0.2988282 -0.1829887 -0.9659373 0.1829767 -0.06162303 -0.9961971 0.06159681 -0.06162405 -0.9961931 0.061661 0.06162154 -0.9961924 -0.06167286 0.06162118 -0.9961966 -0.06160688 0.1830154 -0.965928 -0.1829987 0.2988848 -0.9062868 -0.2988514 0.2988376 -0.906296 -0.298871 0.4055162 -0.8191891 -0.4055686 0.4055396 -0.8191977 -0.4055277 0.5000075 -0.7071029 -0.499998 0.5000563 -0.7070071 -0.5000849 0.5792714 -0.5735465 -0.5792142 0.5792009 -0.5736033 -0.5792284 0.6408287 -0.4227132 -0.6408216 0.6830461 -0.2587372 -0.6830103 0.7044391 -0.08724623 -0.7043818 0.7043768 -0.08722287 -0.7044469 0.7044024 0.08722263 -0.7044215 0.7044104 0.08724611 -0.7044104 0.6830447 0.2587763 -0.682997 0.683025 0.2587101 -0.6830417 0.6408324 0.4227057 -0.6408228 0.6408357 0.4226796 -0.6408368 0.5792039 0.5736348 -0.5791943 0.5000401 0.7071108 -0.4999542 0.5000404 0.7070227 -0.5000785 0.4055733 0.8191893 -0.4055113 0.2988114 0.9063321 -0.2987875 0.1829921 0.9659278 -0.1830231 0.1830134 0.9659174 -0.1830563 0.06165629 0.996195 -0.06159549 0.06165671 0.9961921 -0.0616436 -0.06165838 0.9961901 0.06167268 -0.06165742 0.9961931 0.06162524 -0.1829853 0.9659304 0.1830164 -0.1829904 0.9659276 0.1830263 -0.298856 0.90632 0.2987797 -0.2988097 0.9062978 0.2988932 -0.40561 0.8191505 0.4055527 -0.500002 0.7070569 0.5000687 -0.5000062 0.7071183 0.4999775 -0.5792651 0.5735497 0.5792174 -0.5791937 0.5735879 0.579251 -0.6408319 0.4226926 0.6408319 -0.6408768 0.4226014 0.640847 -0.6830192 0.2587094 0.6830478 -0.6830231 0.258884 0.6829777 -0.7044024 0.08722263 0.7044215 -0.7044184 0.08710664 0.7044199 -0.7072218 0 -0.7069917 -0.7070479 -9.05972e-6 -0.7071657 -0.7072002 -1.43787e-5 -0.7070133 -0.7069799 -1.8123e-5 -0.7072337 -0.7072002 1.79733e-5 -0.7070133 -0.7072155 1.81161e-5 -0.7069981 -0.7069774 0 -0.7072363 -0.7069618 -1.81235e-5 -0.7072518 -0.707193 1.43785e-5 -0.7070205 -0.7070434 5.43601e-5 -0.7071702 -0.7070205 0 -0.7071931 -0.7070887 -2.71762e-5 -0.7071249 -0.7071068 -5.75258e-5 -0.7071068 -0.7071068 1.81198e-5 -0.7071068 -0.7070493 -2.87606e-5 -0.7071644 -0.7071158 0 -0.7070977 -0.7072793 5.75211e-5 -0.7069342 -0.7070502 4.19073e-5 -0.7071635 -0.7070493 -8.62676e-5 -0.7071644 -0.7071182 -2.37826e-5 -0.7070955 -0.7071611 1.81175e-5 -0.7070524 -0.7072075 5.75269e-5 -0.7070061 -0.7070797 -1.81191e-5 -0.707134 -0.7069342 5.75211e-5 -0.7072793 -0.707134 9.06024e-6 -0.7070796 -0.7071702 -5.43531e-5 -0.7070434 -0.7069917 -2.87582e-5 -0.7072218 -0.7070524 3.62442e-5 -0.7071612 -0.7069342 -2.87652e-5 -0.7072794 -0.7073242 -1.81151e-5 -0.7068894 -0.7066751 0 -0.7075383 -0.7071974 1.81184e-5 -0.7070162 -0.7069917 1.43838e-5 -0.7072219 -0.7071747 0 -0.7070389 -0.706963 0 -0.7072506 -0.7073287 0 -0.7068849 -0.7069342 -1.0787e-5 -0.7072794 -0.7071068 -2.71797e-5 -0.7071068 -0.7071895 2.15677e-5 -0.7070241 -0.7070705 1.81207e-5 -0.707143 -0.7072336 -3.62312e-5 -0.70698 -0.7071356 1.43774e-5 -0.707078 -0.7070887 3.62387e-5 -0.7071249 -0.7069917 0 -0.7072219 -0.7070978 -2.71766e-5 -0.7071159 -0.7071158 9.06001e-6 -0.7070977 -0.7071644 0 -0.7070493 -0.7070162 -9.06059e-6 -0.7071974 -0.7070493 5.75211e-5 -0.7071644 -0.7071544 5.32196e-5 -0.7070593 -0.7072314 -3.51061e-5 -0.7069822 -0.706963 0 -0.7072506 -0.7071521 9.05862e-6 -0.7070615 -0.7071068 5.75258e-5 -0.7071068 -0.7071068 -9.0599e-6 -0.7071068 -0.7070493 0 -0.7071644 -0.7070887 2.71818e-5 -0.7071249 -0.7070705 -4.53018e-5 -0.707143 -0.7072155 3.62377e-5 -0.7069981 -0.707193 -2.8757e-5 -0.7070205 -0.7069618 3.6247e-5 -0.7072518 -0.7071521 0 -0.7070615 0.704412 -0.08722144 -0.704412 0.7044335 -0.08707565 -0.7044085 0.6829939 -0.2588179 -0.683032 0.6830189 -0.2588113 -0.6830094 0.6408249 -0.4226559 -0.6408631 0.6408291 -0.4226503 -0.6408625 0.5792459 -0.5735405 -0.5792459 0.579242 -0.5735626 -0.5792277 0.4999746 -0.7070889 -0.5000509 0.5000094 -0.7071239 -0.4999665 0.4055916 -0.8191217 -0.4056297 0.4055829 -0.8191584 -0.4055638 0.2988076 -0.9063739 -0.2986645 0.2988268 -0.9062983 -0.2988744 0.1830297 -0.9659176 -0.1830393 0.1830315 -0.965917 -0.183041 0.06160849 -0.9961932 -0.06167286 0.06160855 -0.9961963 -0.06162285 -0.06159824 -0.9961991 0.06158864 -0.06161153 -0.9961947 0.06164497 -0.1830457 -0.9659134 0.1830457 -0.1830285 -0.9659253 0.1829999 -0.2987992 -0.9063292 0.2988087 -0.2988172 -0.9063487 0.2987313 -0.4056075 -0.8191153 0.4056265 -0.4055542 -0.8191537 0.405602 -0.5000079 -0.7071091 0.4999889 -0.5000043 -0.7071278 0.4999661 -0.5792522 -0.5735469 0.5792331 -0.579218 -0.5735436 0.5792704 -0.6408301 -0.4226403 0.6408683 -0.6408843 -0.4226422 0.6408127 -0.6830328 -0.2588136 0.6829947 -0.6830299 -0.258804 0.6830013 -0.7044143 -0.08718353 0.7044143 -0.704424 -0.08713316 0.7044109 -0.7043735 0.08722615 0.7044499 -0.7044438 0.08710217 0.7043949 -0.682982 0.2587799 0.6830583 -0.6830347 0.2587913 0.6830012 -0.6408249 0.4226559 0.6408631 -0.6408836 0.4226226 0.6408263 -0.5792778 0.5735722 0.5791824 -0.5792388 0.5735643 0.5792293 -0.4999582 0.7071388 0.4999964 -0.4999939 0.707156 0.4999366 -0.4056074 0.8191532 0.4055501 -0.4055528 0.8191316 0.4056482 -0.2988374 0.9063197 0.2987993 -0.2988496 0.9062832 0.2988973 -0.1829954 0.9659379 0.1829667 -0.182982 0.9659249 0.1830489 -0.06164896 0.9961912 0.06166571 -0.06165808 0.9961949 0.06159609 0.06165635 0.9961951 -0.0615943 0.06165826 0.9961901 -0.06167256 0.1829903 0.9659234 -0.1830476 0.1829859 0.9659469 -0.1829286 0.2988236 0.9062974 -0.2988808 0.2988849 0.9062914 -0.2988373 0.4055822 0.8191025 -0.4056776 0.4055891 0.8191712 -0.4055318 0.5000099 0.7071738 -0.4998954 0.4999383 0.7071233 -0.5000385 0.5792459 0.5735405 -0.5792459 0.5792468 0.5735674 -0.5792182 0.6408301 0.4226403 -0.6408683 0.6408299 0.4226699 -0.6408489 0.6830176 0.2587934 -0.6830176 0.6829803 0.2588013 -0.6830519 0.7044137 0.08719295 -0.7044137 0.7043939 0.08711838 -0.7044428 0.704393 -0.08721905 -0.7044312 0.7044371 -0.08707612 -0.7044049 0.6830117 -0.2588247 -0.6830117 0.6830073 -0.2588069 -0.6830228 0.6408193 -0.4226439 -0.6408766 0.5792228 -0.5735436 -0.5792657 0.5000127 -0.7071428 -0.4999364 0.4999617 -0.7071104 -0.5000333 0.4055806 -0.8191536 -0.4055758 0.2988374 -0.9063197 -0.2987993 0.2988685 -0.9062802 -0.2988876 0.1830138 -0.9659345 -0.1829661 0.183013 -0.9659203 -0.1830416 0.06163251 -0.9961964 -0.06159675 0.06163227 -0.9961943 -0.06163227 -0.06162196 -0.9961975 0.06158858 -0.06163537 -0.9961939 0.06163537 -0.183018 -0.9659184 0.1830466 -0.1830021 -0.9659371 0.182964 -0.2988358 -0.9062955 0.2988739 -0.2988521 -0.9063099 0.2988139 -0.4055621 -0.8191696 0.4055621 -0.4999936 -0.7071158 0.4999936 -0.4999864 -0.7071564 0.4999434 -0.5792372 -0.5735627 0.5792325 -0.6408941 -0.4226487 0.6407986 -0.6830151 -0.2588068 0.6830151 -0.6830416 -0.2588084 0.6829879 -0.7044015 -0.08713036 0.7044337 -0.7043928 0.08722376 0.7044309 -0.7044483 0.087098 0.704391 -0.6830151 0.2588068 0.6830151 -0.6830382 0.2588071 0.6829917 -0.6408317 0.4226352 0.6408699 -0.6408494 0.4226253 0.6408589 -0.5792651 0.5735785 0.5791888 -0.579207 0.5735706 0.5792548 -0.5000012 0.7071186 0.4999821 -0.5000142 0.7071036 0.4999904 -0.4056011 0.8191406 0.405582 -0.4055646 0.8191555 0.4055884 -0.2988079 0.9063171 0.2988366 -0.298839 0.9063091 0.2988295 -0.1830112 0.9659211 0.1830399 -0.1830115 0.965929 0.1829972 -0.06162315 0.9961975 0.06158977 -0.061634 0.9961912 0.06168168 0.06162989 0.9961921 -0.06167048 0.06163483 0.9961969 -0.06158709 0.1830193 0.9659252 -0.1830098 0.1830105 0.9659258 -0.1830152 0.298813 0.9063232 -0.298813 0.2988555 0.9062889 -0.2988746 0.4056011 0.8191406 -0.405582 0.4055789 0.8191507 -0.4055837 0.5000004 0.7071063 -0.5000004 0.4999919 0.7071182 -0.4999919 0.5792205 0.5735531 -0.5792586 0.5792532 0.5735737 -0.5792055 0.6408368 0.4226195 -0.6408751 0.6408327 0.4226466 -0.6408613 0.6830151 0.2588068 -0.6830151 0.6830072 0.258826 -0.6830156 0.704433 0.08719056 -0.7043948 0.704409 0.08711552 -0.7044281 -0.707193 0 -0.7070205 -0.7071294 -9.05937e-6 -0.7070841 -0.7071859 -1.43784e-5 -0.7070277 -0.7069346 -1.81237e-5 -0.707279 -0.7071859 1.7973e-5 -0.7070277 -0.7072517 1.81151e-5 -0.7069619 -0.7069528 -1.81233e-5 -0.7072609 -0.706963 1.43832e-5 -0.7072506 -0.7071702 5.43531e-5 -0.7070434 -0.7069799 -2.71832e-5 -0.7072337 -0.707078 -5.75234e-5 -0.7071356 -0.7070887 1.81193e-5 -0.7071249 -0.707078 -2.87617e-5 -0.7071356 -0.7071815 0 -0.707032 -0.7072218 5.75164e-5 -0.7069917 -0.7069981 4.19042e-5 -0.7072156 -0.7071644 -8.62816e-5 -0.7070493 -0.7070774 -2.37812e-5 -0.7071363 -0.7071679 1.81176e-5 -0.7070457 -0.7071356 5.75234e-5 -0.707078 -0.7071068 -1.81198e-5 -0.7071068 -0.7069917 5.75258e-5 -0.7072219 -0.7070797 9.05955e-6 -0.707134 -0.7071068 -2.87629e-5 -0.7071068 -0.7071158 -5.43545e-5 -0.7070977 -0.7068802 3.62503e-5 -0.7073333 -0.7072879 -1.81142e-5 -0.7069256 -0.7070796 1.812e-5 -0.707134 -0.7071787 1.43782e-5 -0.7070349 -0.7071294 0 -0.7070841 -0.7072517 0 -0.7069619 -0.706963 -1.07874e-5 -0.7072506 -0.7071702 -2.71766e-5 -0.7070434 -0.7071787 2.15673e-5 -0.7070349 -0.7072517 -3.62322e-5 -0.7069619 -0.707134 3.62373e-5 -0.7070796 -0.7071158 -2.71773e-5 -0.7070977 -0.7071356 -5.75281e-5 -0.707078 -0.7071068 9.0599e-6 -0.7071068 -0.7071356 0 -0.707078 -0.7070411 -9.06091e-6 -0.7071725 -0.7071679 5.32206e-5 -0.7070457 -0.7070493 -5.75211e-5 -0.7071644 -0.7071793 -3.51035e-5 -0.7070344 -0.707078 0 -0.7071356 -0.7070909 9.05969e-6 -0.7071226 -0.7070887 -9.05966e-6 -0.7071249 -0.7071068 2.71797e-5 -0.7071068 -0.7070978 -4.52989e-5 -0.7071159 -0.7071793 3.62359e-5 -0.7070344 -0.7070796 -9.06001e-6 -0.707134 -0.7070162 3.62424e-5 -0.7071974 0.7044382 -0.08710545 -0.7044001 0.7044067 -0.08720004 -0.7044199 0.6829956 -0.258809 -0.6830337 0.683018 -0.2588166 -0.6830084 0.6408725 -0.4226275 -0.6408343 0.64085 -0.4226449 -0.6408452 0.5792109 -0.5736108 -0.5792109 0.5792539 -0.5735579 -0.5792204 0.5000383 -0.7070662 -0.5000193 0.5000012 -0.7070984 -0.5000107 0.4055566 -0.8191561 -0.4055948 0.405605 -0.8191223 -0.4056146 0.2988299 -0.906356 -0.2986963 0.2988032 -0.9063171 -0.2988413 0.1830313 -0.9659207 -0.1830217 0.1830286 -0.9659144 -0.1830573 0.06160908 -0.9961931 -0.06167346 0.06160157 -0.9961971 -0.06161826 -0.06160998 -0.9961979 0.06159567 -0.06160789 -0.9961951 0.06164366 -0.183022 -0.9659223 0.183022 -0.1830427 -0.9659181 0.1830236 -0.2988337 -0.9063095 0.2988337 -0.2987968 -0.9063653 0.2987014 -0.4055854 -0.8191466 0.4055854 -0.4056 -0.8191132 0.4056381 -0.5000008 -0.707126 0.4999722 -0.5792427 -0.5735468 0.5792427 -0.5792297 -0.5735393 0.5792631 -0.64085 -0.4226377 0.64085 -0.6408324 -0.4226406 0.6408658 -0.6830312 -0.2588225 0.682993 -0.6830013 -0.2588228 0.6830227 -0.7044388 -0.08709597 0.7044007 -0.7044086 -0.08719414 0.7044187 -0.704401 0.0870912 0.7044392 -0.7044095 0.0872085 0.704416 -0.6829786 0.2587977 0.6830549 -0.6830233 0.2588072 0.6830067 -0.6408839 0.4226506 0.6408076 -0.6408102 0.4226354 0.6408913 -0.5792683 0.5735722 0.579192 -0.5792505 0.5735599 0.5792219 -0.4999206 0.7071111 0.5000733 -0.5000184 0.7071684 0.4998944 -0.405582 0.8191783 0.4055247 -0.4056065 0.8190878 0.4056828 -0.2988659 0.9063009 0.2988277 -0.2988353 0.906299 0.298864 -0.1829802 0.9659436 0.1829516 -0.1829937 0.9659205 0.1830604 -0.06165778 0.9961901 0.06167209 -0.06165724 0.9961932 0.06162387 0.06165748 0.996195 -0.06159549 0.06165051 0.996188 -0.06171488 0.1829785 0.9659442 -0.1829499 0.1829946 0.9659364 -0.1829755 0.2988442 0.9062837 -0.2989015 0.2988405 0.9063145 -0.2988118 0.4055566 0.8191561 -0.4055948 0.4056082 0.8191286 -0.4055987 0.5000287 0.7071067 -0.4999715 0.4999535 0.7071388 -0.5000012 0.5792109 0.5736108 -0.5792109 0.5792331 0.5735373 -0.5792617 0.6408725 0.4226275 -0.6408343 0.6408559 0.4226488 -0.6408368 0.6830363 0.2587955 -0.6829981 0.6829827 0.2587888 -0.6830542 0.7044376 0.08711481 -0.7043995 0.7043695 0.08720487 -0.7044565 -0.7071838 2.2645e-5 -0.7070298 -0.7069702 -3.59584e-6 -0.7072435 -0.7070524 -2.71818e-5 -0.7071611 -0.7072002 -1.70747e-5 -0.7070133 -0.7071249 -2.71776e-5 -0.7070887 -0.7072075 0 -0.7070062 -0.7070162 4.53076e-6 -0.7071974 -0.707143 -3.6234e-5 -0.7070705 -0.7071249 4.98205e-5 -0.7070887 -0.7072218 4.31373e-5 -0.7069917 -0.7070434 6.79571e-6 -0.7071702 -0.7070493 1.43803e-5 -0.7071644 -0.7070434 -5.66193e-6 -0.7071702 -0.7071068 1.43814e-5 -0.7071068 -0.7071227 -4.84149e-5 -0.707091 -0.7071068 -4.31373e-5 -0.7071068 -0.7071182 6.65347e-5 -0.7070955 -0.7070205 -1.43809e-5 -0.7071931 -0.7070887 -3.39737e-6 -0.7071249 -0.7072075 -5.75269e-5 -0.7070061 -0.7071702 2.26471e-6 -0.7070434 -0.7072064 -5.88855e-5 -0.7070071 -0.7071068 -1.43768e-5 -0.7071068 -0.7071068 5.88893e-5 -0.7071068 -0.7070493 -1.43803e-5 -0.7071644 -0.7070705 0 -0.707143 -0.7069917 0 -0.7072218 -0.7072517 4.07653e-5 -0.7069618 -0.7069054 8.62922e-5 -0.7073081 -0.7071612 -2.26503e-5 -0.7070525 -0.7072218 -3.59478e-5 -0.7069917 -0.7070116 0 -0.7072019 -0.7072155 2.26463e-5 -0.7069981 -0.7069486 2.33722e-5 -0.707265 -0.7073242 2.71713e-5 -0.7068894 -0.7069594 -4.49473e-5 -0.7072542 -0.707143 -3.1708e-5 -0.7070706 -0.706963 -7.1916e-6 -0.7072506 -0.7070525 -4.53006e-6 -0.7071612 -0.7069054 -1.4382e-5 -0.7073081 -0.7072155 0 -0.7069981 -0.7072506 -1.43797e-5 -0.706963 -0.7070615 -4.07669e-5 -0.7071521 -0.7072218 7.18955e-5 -0.7069917 -0.7070252 1.58562e-5 -0.7071884 -0.7072218 -1.43791e-5 -0.7069917 -0.7070026 3.39766e-6 -0.707211 -0.7071985 -4.58623e-5 -0.707015 -0.7071068 -2.87582e-5 -0.7071068 -0.7071555 6.39899e-5 -0.7070581 -0.706963 -1.43797e-5 -0.7072506 -0.7071838 1.47209e-5 -0.7070298 -0.7070924 -7.1897e-5 -0.7071212 -0.7071884 -1.58534e-5 -0.7070253 -0.7070493 1.43779e-5 -0.7071644 -0.707125 4.07706e-5 -0.7070887 -0.7071611 -4.52983e-6 -0.7070524 -0.7070705 4.53018e-6 -0.707143 -0.7070493 7.19014e-5 -0.7071644 -0.7070524 1.35916e-5 -0.7071612 -0.707423 -2.15608e-5 -0.7067905 -0.7070344 -2.71825e-5 -0.7071793 -0.7072506 -3.59492e-5 -0.706963 -0.7071566 0 -0.707057 -0.7072608 2.26442e-5 -0.7069528 -0.706729 -3.59695e-6 -0.7074844 -0.707143 -2.71769e-5 -0.7070705 -0.7071611 -2.71762e-5 -0.7070524 -0.7069981 4.53064e-6 -0.7072155 -0.7069486 -2.87658e-5 -0.707265 -0.7071702 -3.62354e-5 -0.7070434 -0.7071611 4.9823e-5 -0.7070524 -0.707193 4.31356e-5 -0.7070205 -0.7070162 6.79544e-6 -0.7071974 -0.707078 1.43809e-5 -0.7071356 -0.7070185 -5.66289e-6 -0.7071952 -0.7071611 -4.84076e-5 -0.7070524 -0.7071644 -4.31408e-5 -0.7070493 -0.7070774 6.65308e-5 -0.7071363 -0.707078 -1.43797e-5 -0.7071356 -0.7070955 -3.39741e-6 -0.7071182 -0.7071356 -5.75234e-5 -0.707078 -0.7071793 2.26474e-6 -0.7070344 -0.7071521 -5.8881e-5 -0.7070615 -0.707193 -1.43785e-5 -0.7070205 -0.7070978 5.88886e-5 -0.7071159 -0.707078 -1.43809e-5 -0.7071356 -0.7072064 4.07627e-5 -0.7070071 -0.7069917 8.63027e-5 -0.7072219 -0.7069981 -2.26521e-5 -0.7072155 -0.7071787 -3.59456e-5 -0.7070349 -0.7071159 0 -0.7070978 -0.7072517 2.26434e-5 -0.7069619 -0.7069665 2.33728e-5 -0.707247 -0.7072427 2.71738e-5 -0.7069709 -0.7069486 -4.49466e-5 -0.707265 -0.7071611 -3.17056e-5 -0.7070524 -0.7069774 -7.19175e-6 -0.7072363 -0.7070615 -4.53012e-6 -0.7071521 -0.706963 -1.43832e-5 -0.7072506 -0.7071249 0 -0.7070887 -0.7071521 -4.07638e-5 -0.7070615 -0.7072506 7.18984e-5 -0.706963 -0.7071068 1.58548e-5 -0.7071068 -0.7071356 -1.43774e-5 -0.707078 -0.707023 3.39775e-6 -0.7071906 -0.7071453 -4.58588e-5 -0.7070683 -0.7071644 -2.87606e-5 -0.7070493 -0.7071158 6.39863e-5 -0.7070977 -0.707078 -1.4382e-5 -0.7071356 -0.7070955 1.47221e-5 -0.7071182 -0.7070205 -7.18926e-5 -0.707193 -0.7071974 -1.58536e-5 -0.7070162 -0.7071068 1.43791e-5 -0.7071068 -0.7071793 4.07654e-5 -0.7070344 -0.7071521 -4.52931e-6 -0.7070615 -0.7069799 4.53053e-6 -0.7072337 -0.7072793 7.1878e-5 -0.7069343 -0.7069981 1.35919e-5 -0.7072155 -0.7069437 -2.71846e-5 -0.7072699 -0.7074373 -3.59353e-5 -0.7067761 -0.7071249 0 -0.7070887 0.7044193 -0.08710312 -0.7044193 0.7044103 -0.08720052 -0.7044163 0.6830133 -0.2588158 -0.6830133 0.6830063 -0.2588122 -0.6830218 0.6408559 -0.4226488 -0.6408368 0.5792347 -0.5735389 -0.5792585 0.5000287 -0.7071067 -0.4999715 0.4999868 -0.7071051 -0.5000155 0.4056034 -0.8191191 -0.4056226 0.298851 -0.9063043 -0.2988319 0.2988362 -0.9063016 -0.2988553 0.1830062 -0.9659392 -0.1829489 0.1830102 -0.9659178 -0.1830579 0.06163519 -0.9961915 -0.0616734 0.06162321 -0.9961996 -0.06155639 -0.06163138 -0.9961966 0.06159561 -0.06163376 -0.9961896 0.06170535 -0.1830036 -0.9659258 0.1830227 -0.1830163 -0.9659299 0.1829877 -0.2988616 -0.9062785 0.2988998 -0.2988404 -0.9063239 0.2987832 -0.4056086 -0.8191307 0.4055943 -0.499986 -0.707113 0.5000051 -0.499996 -0.7071462 0.4999483 -0.5792489 -0.5735583 0.5792251 -0.6408265 -0.4226367 0.6408742 -0.6830133 -0.2588158 0.6830133 -0.683014 -0.2588276 0.6830081 -0.7043846 -0.08719116 0.704443 -0.7044202 0.08708888 0.7044202 -0.7044155 0.08720451 0.7044106 -0.6829939 0.2588179 0.683032 -0.6830247 0.2588222 0.6829996 -0.6408526 0.4226299 0.6408526 -0.6408229 0.4226186 0.6408897 -0.579243 0.5735849 0.5792048 -0.5792441 0.5735536 0.5792346 -0.4999875 0.7070976 0.5000256 -0.500003 0.7071195 0.4999791 -0.4055694 0.8191529 0.4055885 -0.4056229 0.8191211 0.4055991 -0.2988625 0.9062905 0.2988625 -0.2988074 0.9063301 0.2987979 -0.1830053 0.9659251 0.1830244 -0.1830139 0.9659263 0.1830091 -0.06163197 0.9961965 0.06159615 -0.06163328 0.9961917 0.06167149 0.06163346 0.9961917 -0.06167161 0.06162482 0.9961972 -0.06159144 0.1830049 0.9659324 -0.1829858 0.1830113 0.9659237 -0.1830256 0.2988337 0.9063095 -0.2988337 0.2988197 0.9063093 -0.2988483 0.4055629 0.8191688 -0.4055629 0.4056034 0.8191191 -0.4056226 0.5000526 0.7070594 -0.5000144 0.4999976 0.7071203 -0.4999833 0.5791856 0.5736235 -0.5792238 0.5792523 0.5735563 -0.5792236 0.6408793 0.4226067 -0.6408411 0.6408363 0.4226359 -0.6408649 0.6830133 0.2588158 -0.6830133 0.6830096 0.2588135 -0.683018 0.7044569 0.08711248 -0.7043805 0.7043846 0.08720207 -0.7044419</float_array>
          <technique_common>
            <accessor source="#MMO_700_dual_-_robot_base_plate-1-mesh-normals-array" count="1749" stride="3">
              <param name="X" type="float"/>
              <param name="Y" type="float"/>
              <param name="Z" type="float"/>
            </accessor>
          </technique_common>
        </source>
        <vertices id="MMO_700_dual_-_robot_base_plate-1-mesh-vertices">
          <input semantic="POSITION" source="#MMO_700_dual_-_robot_base_plate-1-mesh-positions"/>
        </vertices>
        <triangles count="1900">
          <input semantic="VERTEX" source="#MMO_700_dual_-_robot_base_plate-1-mesh-vertices" offset="0"/>
          <input semantic="NORMAL" source="#MMO_700_dual_-_robot_base_plate-1-mesh-normals" offset="1"/>
          <p>0 0 1 0 2 0 2 1 1 1 3 1 2 2 3 2 4 2 4 3 3 3 5 3 4 4 5 4 6 4 6 5 5 5 7 5 6 6 7 6 8 6 8 7 7 7 9 7 8 8 9 8 10 8 10 9 9 9 11 9 10 10 11 10 12 10 12 11 11 11 13 11 12 12 13 12 14 12 14 13 13 13 15 13 14 14 15 14 16 14 16 15 15 15 17 15 16 16 17 16 18 16 18 17 17 17 19 17 18 18 19 18 20 18 20 19 19 19 21 19 20 20 21 20 22 20 22 21 21 21 23 21 22 22 23 22 24 22 24 23 23 23 25 23 24 24 25 24 26 24 26 25 25 25 27 25 26 26 27 26 28 26 28 27 27 27 29 27 28 28 29 28 30 28 30 29 29 29 31 29 30 30 31 30 32 30 32 31 31 31 33 31 32 32 33 32 34 32 34 33 33 33 35 33 34 34 35 34 36 34 36 35 35 35 37 35 36 36 37 36 38 36 38 37 37 37 39 37 38 38 39 38 40 38 40 39 39 39 41 39 40 40 41 40 42 40 42 41 41 41 43 41 42 42 43 42 44 42 44 43 43 43 45 43 44 44 45 44 46 44 46 45 45 45 47 45 46 46 47 46 48 46 48 47 47 47 49 47 48 48 49 48 50 48 50 49 49 49 51 49 50 50 51 50 52 50 52 51 51 51 53 51 52 52 53 52 54 52 54 53 53 53 55 53 54 54 55 54 56 54 56 55 55 55 57 55 56 56 57 56 58 56 58 57 57 57 59 57 58 58 59 58 60 58 60 59 59 59 61 59 60 60 61 60 62 60 62 61 61 61 63 61 62 62 63 62 64 62 64 63 63 63 65 63 64 64 65 64 66 64 66 65 65 65 67 65 66 66 67 66 68 66 68 67 67 67 69 67 68 68 69 68 70 68 70 69 69 69 71 69 70 70 71 70 0 70 0 71 71 71 1 71 72 72 73 72 74 72 74 73 73 73 75 73 74 74 75 74 76 74 76 75 75 75 77 75 76 76 77 76 78 76 78 77 77 77 79 77 78 78 79 78 80 78 80 79 79 79 81 79 80 80 81 80 82 80 82 81 81 81 83 81 82 82 83 82 84 82 84 83 83 83 85 83 84 84 85 84 86 84 86 85 85 85 87 85 86 86 87 86 88 86 88 87 87 87 89 87 88 88 89 88 90 88 90 89 89 89 91 89 90 90 91 90 92 90 92 91 91 91 93 91 92 92 93 92 94 92 94 93 93 93 95 93 94 94 95 94 96 94 96 95 95 95 97 95 96 96 97 96 98 96 98 97 97 97 99 97 98 98 99 98 100 98 100 27 99 27 101 27 100 99 101 99 102 99 102 100 101 100 103 100 102 101 103 101 104 101 104 102 103 102 105 102 104 103 105 103 106 103 106 104 105 104 107 104 106 105 107 105 108 105 108 106 107 106 109 106 108 36 109 36 110 36 110 107 109 107 111 107 110 38 111 38 112 38 112 108 111 108 113 108 112 109 113 109 114 109 114 110 113 110 115 110 114 111 115 111 116 111 116 112 115 112 117 112 116 113 117 113 118 113 118 114 117 114 119 114 118 115 119 115 120 115 120 116 119 116 121 116 120 117 121 117 122 117 122 118 121 118 123 118 122 119 123 119 124 119 124 120 123 120 125 120 124 121 125 121 126 121 126 122 125 122 127 122 126 123 127 123 128 123 128 124 127 124 129 124 128 125 129 125 130 125 130 126 129 126 131 126 130 127 131 127 132 127 132 128 131 128 133 128 132 129 133 129 134 129 134 130 133 130 135 130 134 62 135 62 136 62 136 131 135 131 137 131 136 64 137 64 138 64 138 132 137 132 139 132 138 133 139 133 140 133 140 134 139 134 141 134 140 135 141 135 142 135 142 136 141 136 143 136 142 70 143 70 72 70 72 137 143 137 73 137 144 138 145 138 146 138 146 139 145 139 147 139 146 2 147 2 148 2 148 140 147 140 149 140 148 141 149 141 150 141 150 142 149 142 151 142 150 143 151 143 152 143 152 144 151 144 153 144 152 8 153 8 154 8 154 145 153 145 155 145 154 146 155 146 156 146 156 147 155 147 157 147 156 148 157 148 158 148 158 149 157 149 159 149 158 150 159 150 160 150 160 151 159 151 161 151 160 152 161 152 162 152 162 153 161 153 163 153 162 154 163 154 164 154 164 155 163 155 165 155 164 156 165 156 166 156 166 157 165 157 167 157 166 158 167 158 168 158 168 159 167 159 169 159 168 160 169 160 170 160 170 161 169 161 171 161 170 26 171 26 172 26 172 162 171 162 173 162 172 163 173 163 174 163 174 164 173 164 175 164 174 165 175 165 176 165 176 166 175 166 177 166 176 167 177 167 178 167 178 168 177 168 179 168 178 169 179 169 180 169 180 170 179 170 181 170 180 171 181 171 182 171 182 172 181 172 183 172 182 173 183 173 184 173 184 174 183 174 185 174 184 175 185 175 186 175 186 176 185 176 187 176 186 177 187 177 188 177 188 178 187 178 189 178 188 179 189 179 190 179 190 180 189 180 191 180 190 181 191 181 192 181 192 182 191 182 193 182 192 183 193 183 194 183 194 184 193 184 195 184 194 185 195 185 196 185 196 186 195 186 197 186 196 187 197 187 198 187 198 188 197 188 199 188 198 123 199 123 200 123 200 189 199 189 201 189 200 190 201 190 202 190 202 191 201 191 203 191 202 192 203 192 204 192 204 193 203 193 205 193 204 194 205 194 206 194 206 195 205 195 207 195 206 196 207 196 208 196 208 197 207 197 209 197 208 198 209 198 210 198 210 199 209 199 211 199 210 200 211 200 212 200 212 201 211 201 213 201 212 202 213 202 214 202 214 203 213 203 215 203 214 204 215 204 144 204 144 205 215 205 145 205 216 206 217 206 218 206 218 207 217 207 219 207 218 74 219 74 220 74 220 208 219 208 221 208 220 209 221 209 222 209 222 210 221 210 223 210 222 211 223 211 224 211 224 212 223 212 225 212 224 8 225 8 226 8 226 213 225 213 227 213 226 214 227 214 228 214 228 215 227 215 229 215 228 216 229 216 230 216 230 217 229 217 231 217 230 218 231 218 232 218 232 219 231 219 233 219 232 220 233 220 234 220 234 221 233 221 235 221 234 222 235 222 236 222 236 223 235 223 237 223 236 224 237 224 238 224 238 225 237 225 239 225 238 226 239 226 240 226 240 227 239 227 241 227 240 228 241 228 242 228 242 229 241 229 243 229 242 230 243 230 244 230 244 231 243 231 245 231 244 232 245 232 246 232 246 233 245 233 247 233 246 165 247 165 248 165 248 234 247 234 249 234 248 235 249 235 250 235 250 236 249 236 251 236 250 169 251 169 252 169 252 237 251 237 253 237 252 171 253 171 254 171 254 238 253 238 255 238 254 173 255 173 256 173 256 239 255 239 257 239 256 240 257 240 258 240 258 241 257 241 259 241 258 242 259 242 260 242 260 243 259 243 261 243 260 244 261 244 262 244 262 245 261 245 263 245 262 246 263 246 264 246 264 247 263 247 265 247 264 117 265 117 266 117 266 248 265 248 267 248 266 249 267 249 268 249 268 250 267 250 269 250 268 251 269 251 270 251 270 252 269 252 271 252 270 123 271 123 272 123 272 253 271 253 273 253 272 254 273 254 274 254 274 255 273 255 275 255 274 256 275 256 276 256 276 257 275 257 277 257 276 258 277 258 278 258 278 259 277 259 279 259 278 62 279 62 280 62 280 260 279 260 281 260 280 198 281 198 282 198 282 261 281 261 283 261 282 262 283 262 284 262 284 263 283 263 285 263 284 264 285 264 286 264 286 265 285 265 287 265 286 204 287 204 216 204 216 266 287 266 217 266 288 267 289 267 290 267 290 268 289 268 291 268 290 269 291 269 292 269 292 270 291 270 293 270 292 271 293 271 294 271 294 270 293 270 295 270 294 272 295 272 296 272 296 273 295 273 297 273 296 274 297 274 298 274 298 275 297 275 299 275 300 276 301 276 302 276 302 277 301 277 303 277 302 277 303 277 304 277 304 277 303 277 305 277 304 278 305 278 306 278 306 277 305 277 307 277 306 279 307 279 308 279 308 280 307 280 309 280 308 281 309 281 288 281 288 277 309 277 289 277 310 282 311 282 312 282 312 283 311 283 313 283 312 284 313 284 314 284 314 285 313 285 315 285 314 286 315 286 316 286 316 287 315 287 317 287 316 286 317 286 318 286 318 288 317 288 319 288 318 289 319 289 300 289 300 290 319 290 301 290 298 291 299 291 320 291 320 292 299 292 321 292 320 292 321 292 322 292 322 292 321 292 323 292 322 292 323 292 324 292 324 292 323 292 325 292 324 293 325 293 326 293 326 294 325 294 327 294 326 292 327 292 310 292 310 292 327 292 311 292 299 295 297 295 328 295 225 296 223 296 289 296 267 297 265 297 329 297 287 298 285 298 291 298 291 299 285 299 283 299 291 300 283 300 281 300 281 301 279 301 291 301 291 302 279 302 277 302 291 303 277 303 275 303 223 304 221 304 289 304 289 305 221 305 219 305 289 306 219 306 291 306 291 307 219 307 217 307 291 308 217 308 287 308 265 309 263 309 329 309 329 310 263 310 261 310 329 311 261 311 259 311 251 312 249 312 309 312 309 313 249 313 247 313 309 314 247 314 245 314 245 315 243 315 309 315 309 316 243 316 241 316 309 317 241 317 239 317 273 318 271 318 329 318 329 319 271 319 269 319 329 320 269 320 267 320 231 321 229 321 289 321 289 322 229 322 227 322 289 323 227 323 225 323 259 324 257 324 329 324 329 325 257 325 255 325 329 326 255 326 253 326 239 327 237 327 309 327 309 328 237 328 235 328 309 329 235 329 289 329 289 330 235 330 233 330 289 331 233 331 231 331 305 332 330 332 307 332 307 333 330 333 329 333 307 334 329 334 309 334 309 335 329 335 253 335 309 336 253 336 251 336 75 337 73 337 331 337 331 338 73 338 143 338 81 339 79 339 305 339 305 340 79 340 77 340 143 341 141 341 331 341 331 342 141 342 139 342 331 343 139 343 137 343 137 344 135 344 331 344 331 345 135 345 133 345 331 346 133 346 131 346 123 347 121 347 332 347 332 348 121 348 119 348 119 349 117 349 332 349 332 350 117 350 115 350 332 351 115 351 113 351 105 352 103 352 303 352 303 353 103 353 101 353 101 354 99 354 303 354 303 355 99 355 97 355 303 356 97 356 95 356 129 357 127 357 332 357 332 358 127 358 125 358 332 359 125 359 123 359 87 360 85 360 305 360 305 361 85 361 83 361 305 362 83 362 81 362 113 363 111 363 332 363 332 364 111 364 109 364 332 365 109 365 303 365 303 366 109 366 107 366 303 367 107 367 105 367 95 368 93 368 303 368 303 369 93 369 91 369 303 370 91 370 305 370 305 371 91 371 89 371 305 372 89 372 87 372 333 373 334 373 330 373 335 374 336 374 337 374 337 375 336 375 338 375 337 376 338 376 339 376 339 377 340 377 337 377 337 378 340 378 341 378 337 379 341 379 333 379 342 380 343 380 344 380 344 381 343 381 345 381 345 382 346 382 344 382 344 383 346 383 347 383 344 384 347 384 348 384 348 385 349 385 344 385 344 386 349 386 350 386 344 387 350 387 337 387 337 388 350 388 351 388 337 389 351 389 335 389 334 390 352 390 330 390 330 391 352 391 353 391 330 392 353 392 354 392 355 393 356 393 329 393 329 394 356 394 357 394 329 395 357 395 358 395 354 396 359 396 330 396 330 397 359 397 360 397 330 398 360 398 361 398 358 399 362 399 329 399 329 400 362 400 363 400 329 401 363 401 364 401 364 402 365 402 329 402 329 403 365 403 366 403 329 404 366 404 344 404 344 405 366 405 367 405 344 406 367 406 342 406 361 407 368 407 330 407 330 408 368 408 369 408 330 409 369 409 329 409 329 410 369 410 370 410 329 411 370 411 355 411 371 412 372 412 337 412 337 413 373 413 374 413 374 414 373 414 375 414 376 415 377 415 331 415 333 416 330 416 337 416 337 417 330 417 378 417 337 418 378 418 371 418 372 419 379 419 337 419 337 420 379 420 380 420 337 421 380 421 381 421 375 422 382 422 374 422 374 423 382 423 383 423 374 424 383 424 384 424 381 425 385 425 337 425 337 426 385 426 386 426 337 427 386 427 373 427 384 428 387 428 374 428 374 429 387 429 388 429 374 430 388 430 389 430 390 431 391 431 330 431 330 432 391 432 392 432 392 433 393 433 330 433 330 434 393 434 394 434 330 435 394 435 395 435 331 436 396 436 397 436 397 437 398 437 331 437 331 438 398 438 399 438 331 439 399 439 400 439 77 440 75 440 305 440 305 441 75 441 331 441 305 333 331 333 330 333 330 442 331 442 377 442 330 443 377 443 390 443 395 444 401 444 330 444 330 445 401 445 402 445 330 446 402 446 378 446 389 447 403 447 374 447 374 448 403 448 404 448 374 449 404 449 331 449 331 450 404 450 405 450 331 451 405 451 396 451 400 452 406 452 331 452 331 453 406 453 407 453 331 454 407 454 376 454 408 455 409 455 344 455 410 456 411 456 412 456 413 457 414 457 415 457 344 458 409 458 410 458 410 459 412 459 413 459 413 460 412 460 416 460 413 461 416 461 417 461 409 462 418 462 410 462 410 463 418 463 419 463 410 464 419 464 420 464 417 465 421 465 413 465 413 466 421 466 422 466 413 467 422 467 423 467 415 468 424 468 337 468 337 469 424 469 425 469 337 470 425 470 426 470 426 471 427 471 337 471 337 472 427 472 428 472 337 473 428 473 429 473 429 474 430 474 337 474 337 475 430 475 431 475 337 476 431 476 344 476 344 477 431 477 432 477 344 478 432 478 433 478 433 479 434 479 344 479 344 480 434 480 435 480 344 481 435 481 436 481 420 482 437 482 410 482 410 483 437 483 438 483 410 484 438 484 439 484 436 485 440 485 344 485 344 486 440 486 441 486 344 487 441 487 408 487 439 488 442 488 410 488 410 489 442 489 443 489 410 490 443 490 411 490 423 491 444 491 413 491 413 492 444 492 445 492 413 493 445 493 414 493 446 494 447 494 337 494 415 495 337 495 413 495 413 496 337 496 447 496 413 497 447 497 448 497 449 498 374 498 450 498 450 499 374 499 451 499 450 500 451 500 452 500 453 501 454 501 451 501 448 502 455 502 413 502 413 503 455 503 456 503 413 504 456 504 457 504 454 333 458 333 451 333 451 505 458 505 459 505 451 506 459 506 460 506 449 507 461 507 374 507 374 508 461 508 462 508 374 509 462 509 463 509 464 510 465 510 337 510 337 511 465 511 466 511 460 512 467 512 451 512 451 513 467 513 468 513 451 514 468 514 452 514 463 515 469 515 374 515 374 516 469 516 470 516 374 517 470 517 471 517 471 518 472 518 374 518 374 519 472 519 473 519 374 520 473 520 337 520 337 521 473 521 474 521 337 522 474 522 464 522 466 523 475 523 337 523 337 524 475 524 476 524 337 525 476 525 446 525 457 526 477 526 413 526 413 527 477 527 478 527 413 528 478 528 479 528 479 529 480 529 413 529 413 530 480 530 481 530 413 531 481 531 451 531 451 532 481 532 482 532 451 533 482 533 453 533 211 534 297 534 213 534 213 535 297 535 215 535 195 536 193 536 328 536 157 537 155 537 295 537 295 538 155 538 153 538 295 539 153 539 151 539 211 540 209 540 297 540 297 541 209 541 207 541 297 542 207 542 205 542 195 543 328 543 197 543 151 544 149 544 295 544 295 545 149 545 147 545 295 546 147 546 297 546 297 547 147 547 145 547 297 548 145 548 215 548 193 333 191 333 328 333 328 549 191 549 189 549 328 550 189 550 187 550 175 551 173 551 410 551 410 552 173 552 171 552 205 553 203 553 297 553 297 554 203 554 201 554 297 555 201 555 328 555 328 556 201 556 199 556 328 557 199 557 197 557 181 558 179 558 410 558 410 559 179 559 177 559 410 560 177 560 175 560 171 561 169 561 410 561 410 562 169 562 167 562 410 563 167 563 165 563 187 564 185 564 328 564 328 565 185 565 183 565 328 566 183 566 181 566 163 567 161 567 295 567 295 568 161 568 159 568 295 569 159 569 157 569 165 570 163 570 410 570 410 571 163 571 295 571 410 572 295 572 344 572 344 573 295 573 293 573 344 333 293 333 329 333 329 333 293 333 291 333 329 574 291 574 273 574 273 575 291 575 275 575 1 576 71 576 483 576 483 577 71 577 69 577 483 578 69 578 67 578 13 579 11 579 451 579 451 580 11 580 9 580 67 581 65 581 483 581 483 582 65 582 63 582 483 583 63 583 61 583 9 309 7 309 451 309 451 584 7 584 5 584 451 585 5 585 3 585 53 586 51 586 484 586 484 587 51 587 49 587 484 588 49 588 47 588 181 589 410 589 328 589 328 590 410 590 413 590 328 590 413 590 485 590 485 591 413 591 451 591 485 590 451 590 483 590 483 592 451 592 3 592 483 593 3 593 1 593 47 594 45 594 484 594 484 595 45 595 43 595 484 596 43 596 41 596 33 597 31 597 486 597 486 598 31 598 29 598 486 599 29 599 27 599 61 600 59 600 483 600 483 601 59 601 57 601 483 602 57 602 484 602 484 603 57 603 55 603 484 604 55 604 53 604 27 605 25 605 486 605 486 606 25 606 23 606 486 607 23 607 21 607 19 608 17 608 451 608 451 609 17 609 15 609 451 610 15 610 13 610 41 611 39 611 484 611 484 612 39 612 37 612 484 613 37 613 486 613 486 614 37 614 35 614 486 615 35 615 33 615 21 616 19 616 486 616 486 617 19 617 451 617 486 618 451 618 487 618 487 619 451 619 374 619 487 618 374 618 332 618 332 591 374 591 331 591 332 620 331 620 129 620 129 621 331 621 131 621 299 332 328 332 321 332 321 622 328 622 485 622 321 623 485 623 323 623 323 333 485 333 483 333 323 623 483 623 325 623 325 624 483 624 484 624 325 625 484 625 327 625 303 626 301 626 332 626 332 627 301 627 319 627 332 628 319 628 487 628 487 628 319 628 317 628 487 629 317 629 486 629 486 629 317 629 315 629 486 624 315 624 484 624 484 630 315 630 313 630 484 631 313 631 327 631 327 333 313 333 311 333 488 632 489 632 490 632 326 633 310 633 312 633 320 634 491 634 298 634 298 635 491 635 296 635 326 635 492 635 324 635 324 636 492 636 493 636 324 635 493 635 322 635 494 637 495 637 296 637 296 638 495 638 496 638 497 635 498 635 491 635 491 639 498 639 499 639 491 640 499 640 500 640 500 641 501 641 491 641 491 642 501 642 502 642 491 643 502 643 503 643 496 644 504 644 296 644 296 645 504 645 505 645 296 646 505 646 506 646 503 647 507 647 491 647 491 648 507 648 508 648 491 649 508 649 296 649 296 650 508 650 509 650 296 651 509 651 494 651 510 652 511 652 294 652 294 653 511 653 512 653 294 654 512 654 513 654 506 655 514 655 296 655 296 656 514 656 515 656 296 657 515 657 294 657 294 658 515 658 516 658 294 659 516 659 510 659 517 660 518 660 519 660 513 661 520 661 294 661 294 662 520 662 521 662 294 663 521 663 517 663 518 664 522 664 519 664 519 665 522 665 523 665 519 666 523 666 524 666 524 667 525 667 519 667 519 668 525 668 526 668 519 669 526 669 527 669 527 635 528 635 519 635 519 670 528 670 529 670 519 671 529 671 491 671 491 672 529 672 530 672 491 673 530 673 497 673 531 674 532 674 493 674 493 675 532 675 533 675 534 676 535 676 492 676 492 677 535 677 536 677 492 678 536 678 537 678 537 679 538 679 492 679 492 680 538 680 539 680 492 681 539 681 540 681 533 682 541 682 493 682 493 683 541 683 542 683 493 684 542 684 543 684 540 685 544 685 492 685 492 686 544 686 545 686 492 687 545 687 493 687 493 688 545 688 546 688 493 689 546 689 531 689 547 690 548 690 549 690 549 691 548 691 550 691 549 692 550 692 551 692 543 693 552 693 493 693 493 694 552 694 553 694 493 695 553 695 549 695 549 696 553 696 554 696 549 697 554 697 547 697 555 698 556 698 557 698 551 699 558 699 549 699 549 700 558 700 559 700 549 701 559 701 555 701 556 702 560 702 557 702 557 703 560 703 561 703 557 704 561 704 562 704 562 705 563 705 557 705 557 706 563 706 564 706 557 707 564 707 565 707 565 708 566 708 557 708 557 709 566 709 567 709 557 710 567 710 492 710 492 711 567 711 568 711 492 712 568 712 534 712 569 713 570 713 571 713 572 714 573 714 569 714 569 715 573 715 574 715 569 716 574 716 575 716 571 717 576 717 569 717 569 718 576 718 577 718 569 719 577 719 578 719 575 720 519 720 569 720 569 721 519 721 491 721 569 635 491 635 579 635 579 722 491 722 320 722 579 723 320 723 322 723 580 724 581 724 570 724 570 725 581 725 582 725 570 726 582 726 571 726 578 727 583 727 569 727 569 728 583 728 584 728 569 729 584 729 572 729 585 730 586 730 587 730 587 731 586 731 588 731 589 732 590 732 587 732 587 733 590 733 591 733 587 734 591 734 570 734 570 735 591 735 592 735 570 736 592 736 593 736 593 737 594 737 570 737 570 738 594 738 595 738 570 739 595 739 580 739 596 740 597 740 519 740 519 741 597 741 598 741 598 742 599 742 519 742 519 743 599 743 600 743 519 744 600 744 587 744 587 745 600 745 601 745 587 746 601 746 585 746 588 747 602 747 587 747 587 748 602 748 603 748 587 749 603 749 589 749 575 750 604 750 519 750 519 751 604 751 605 751 519 752 605 752 606 752 606 753 607 753 519 753 519 754 607 754 608 754 519 755 608 755 596 755 609 756 610 756 611 756 611 757 610 757 549 757 612 758 613 758 549 758 610 759 614 759 549 759 549 760 614 760 615 760 549 761 615 761 616 761 613 762 617 762 549 762 549 763 617 763 618 763 549 764 618 764 619 764 620 765 621 765 569 765 569 766 621 766 622 766 623 767 570 767 624 767 624 768 570 768 569 768 624 769 569 769 625 769 625 770 569 770 622 770 623 771 626 771 570 771 570 772 626 772 627 772 570 773 627 773 628 773 629 774 630 774 611 774 611 775 630 775 631 775 631 776 632 776 611 776 611 777 632 777 633 777 611 778 633 778 634 778 616 779 635 779 549 779 549 780 635 780 636 780 549 781 636 781 612 781 637 782 638 782 569 782 628 783 639 783 570 783 570 784 639 784 640 784 570 785 640 785 641 785 634 786 642 786 611 786 611 787 642 787 643 787 611 788 643 788 609 788 638 789 644 789 569 789 569 790 644 790 645 790 569 791 645 791 620 791 322 722 493 722 579 722 579 635 493 635 549 635 579 792 549 792 569 792 569 793 549 793 619 793 569 794 619 794 637 794 587 795 646 795 647 795 570 796 648 796 649 796 649 797 650 797 570 797 570 798 650 798 651 798 570 799 651 799 652 799 587 800 647 800 490 800 490 801 647 801 653 801 490 802 653 802 654 802 654 803 655 803 490 803 490 804 655 804 656 804 490 805 656 805 657 805 658 806 659 806 660 806 660 807 659 807 661 807 652 808 662 808 570 808 570 809 662 809 663 809 570 810 663 810 587 810 587 811 663 811 664 811 587 812 664 812 665 812 665 813 666 813 587 813 587 814 666 814 667 814 587 815 667 815 668 815 668 747 669 747 587 747 587 816 669 816 670 816 587 817 670 817 646 817 657 818 671 818 490 818 490 819 671 819 672 819 490 820 672 820 673 820 673 821 674 821 490 821 490 822 674 822 675 822 490 823 675 823 660 823 660 824 675 824 676 824 660 825 676 825 658 825 661 826 677 826 660 826 660 827 677 827 678 827 660 828 678 828 679 828 679 829 680 829 660 829 660 830 680 830 681 830 660 695 681 695 570 695 570 831 681 831 682 831 570 832 682 832 648 832 683 833 684 833 611 833 611 834 684 834 685 834 611 835 685 835 686 835 686 836 687 836 611 836 611 837 687 837 688 837 611 838 688 838 689 838 689 839 690 839 611 839 611 840 690 840 691 840 611 841 691 841 692 841 692 842 693 842 611 842 611 843 693 843 570 843 611 844 570 844 629 844 629 845 570 845 641 845 694 846 695 846 683 846 683 847 695 847 696 847 696 848 697 848 683 848 683 849 697 849 698 849 683 850 698 850 699 850 699 851 700 851 683 851 683 852 700 852 701 852 683 853 701 853 684 853 693 854 702 854 570 854 570 855 702 855 703 855 570 856 703 856 704 856 704 857 705 857 570 857 570 858 705 858 706 858 570 859 706 859 707 859 707 860 708 860 570 860 570 861 708 861 709 861 570 862 709 862 660 862 660 863 709 863 710 863 710 864 711 864 660 864 660 865 711 865 712 865 660 866 712 866 713 866 713 867 714 867 660 867 660 868 714 868 715 868 660 869 715 869 716 869 716 870 717 870 660 870 660 871 717 871 718 871 660 872 718 872 683 872 683 873 718 873 719 873 683 874 719 874 694 874 720 875 721 875 490 875 490 876 721 876 722 876 490 877 722 877 723 877 489 878 724 878 490 878 490 879 724 879 725 879 490 880 725 880 720 880 723 881 726 881 490 881 490 882 726 882 727 882 490 883 727 883 728 883 729 884 730 884 290 884 290 885 730 885 731 885 290 886 731 886 732 886 732 887 733 887 290 887 290 888 733 888 734 888 290 889 734 889 735 889 517 890 519 890 294 890 294 891 519 891 587 891 294 768 587 768 292 768 292 892 587 892 490 892 292 892 490 892 290 892 290 893 490 893 728 893 290 894 728 894 729 894 736 895 737 895 288 895 735 896 738 896 290 896 290 897 738 897 739 897 290 898 739 898 288 898 288 899 739 899 740 899 288 900 740 900 736 900 737 901 741 901 288 901 288 902 741 902 742 902 288 903 742 903 743 903 743 904 744 904 288 904 288 905 744 905 745 905 288 906 745 906 308 906 308 907 745 907 746 907 308 908 746 908 747 908 747 909 748 909 308 909 308 910 748 910 749 910 308 911 749 911 750 911 750 912 751 912 308 912 308 913 751 913 752 913 308 914 752 914 753 914 683 635 304 635 660 635 660 635 304 635 306 635 660 635 306 635 490 635 490 915 306 915 308 915 490 916 308 916 488 916 488 655 308 655 753 655 754 917 755 917 756 917 754 918 756 918 757 918 755 919 758 919 756 919 756 920 758 920 759 920 756 921 759 921 760 921 760 922 761 922 756 922 756 923 761 923 762 923 756 924 762 924 763 924 764 925 765 925 683 925 683 926 765 926 766 926 683 927 766 927 767 927 767 928 768 928 683 928 683 929 768 929 769 929 683 930 769 930 770 930 555 931 557 931 549 931 549 932 557 932 771 932 549 721 771 721 611 721 611 635 771 635 756 635 611 721 756 721 683 721 683 933 756 933 763 933 683 934 763 934 764 934 772 935 773 935 304 935 770 936 774 936 683 936 683 937 774 937 775 937 683 938 775 938 304 938 304 939 775 939 776 939 304 940 776 940 772 940 773 941 777 941 304 941 304 942 777 942 778 942 304 943 778 943 779 943 780 944 302 944 781 944 781 945 302 945 304 945 781 946 304 946 782 946 782 947 304 947 779 947 780 948 783 948 302 948 302 949 783 949 784 949 302 950 784 950 785 950 785 951 786 951 302 951 302 952 786 952 787 952 302 953 787 953 788 953 788 954 789 954 302 954 302 955 789 955 790 955 302 956 790 956 756 956 756 957 790 957 791 957 756 958 791 958 757 958 326 959 312 959 492 959 492 960 312 960 314 960 492 961 314 961 557 961 557 962 314 962 316 962 557 963 316 963 771 963 771 964 316 964 318 964 771 965 318 965 756 965 756 966 318 966 300 966 756 966 300 966 302 966 653 967 366 967 654 967 654 968 366 968 365 968 654 969 365 969 655 969 655 970 365 970 364 970 655 971 364 971 656 971 656 972 364 972 363 972 656 973 363 973 657 973 657 974 363 974 362 974 657 975 362 975 671 975 671 976 362 976 358 976 671 977 358 977 672 977 672 978 358 978 357 978 672 979 357 979 673 979 673 980 357 980 356 980 673 981 356 981 674 981 674 982 356 982 355 982 674 983 355 983 675 983 675 984 355 984 370 984 675 985 370 985 676 985 676 986 370 986 369 986 676 987 369 987 658 987 658 988 369 988 368 988 658 989 368 989 659 989 659 990 368 990 361 990 659 991 361 991 661 991 661 992 361 992 360 992 661 993 360 993 677 993 677 994 360 994 359 994 677 995 359 995 678 995 678 996 359 996 354 996 678 997 354 997 679 997 679 998 354 998 353 998 679 999 353 999 680 999 680 1000 353 1000 352 1000 680 1001 352 1001 681 1001 681 1002 352 1002 334 1002 681 1003 334 1003 682 1003 682 1004 334 1004 333 1004 682 1005 333 1005 648 1005 648 1006 333 1006 341 1006 648 1007 341 1007 649 1007 649 1008 341 1008 340 1008 649 1009 340 1009 650 1009 650 1010 340 1010 339 1010 650 1011 339 1011 651 1011 651 1012 339 1012 338 1012 651 1013 338 1013 652 1013 652 1014 338 1014 336 1014 652 1015 336 1015 662 1015 662 1016 336 1016 335 1016 662 1017 335 1017 663 1017 663 1018 335 1018 351 1018 663 1019 351 1019 664 1019 664 1020 351 1020 350 1020 664 1021 350 1021 665 1021 665 1022 350 1022 349 1022 665 1023 349 1023 666 1023 666 1024 349 1024 348 1024 666 1025 348 1025 667 1025 667 1026 348 1026 347 1026 667 1027 347 1027 668 1027 668 1028 347 1028 346 1028 668 1029 346 1029 669 1029 669 1030 346 1030 345 1030 669 1031 345 1031 670 1031 670 1032 345 1032 343 1032 670 1033 343 1033 646 1033 646 1034 343 1034 342 1034 646 1035 342 1035 647 1035 647 1036 342 1036 367 1036 647 1037 367 1037 653 1037 653 1038 367 1038 366 1038 600 1039 418 1039 601 1039 601 1040 418 1040 409 1040 601 1041 409 1041 585 1041 585 1042 409 1042 408 1042 585 1043 408 1043 586 1043 586 1044 408 1044 441 1044 586 973 441 973 588 973 588 1045 441 1045 440 1045 588 1046 440 1046 602 1046 602 1047 440 1047 436 1047 602 1048 436 1048 603 1048 603 1049 436 1049 435 1049 603 1050 435 1050 589 1050 589 1051 435 1051 434 1051 589 981 434 981 590 981 590 1052 434 1052 433 1052 590 1053 433 1053 591 1053 591 1054 433 1054 432 1054 591 1055 432 1055 592 1055 592 1056 432 1056 431 1056 592 987 431 987 593 987 593 1057 431 1057 430 1057 593 989 430 989 594 989 594 1058 430 1058 429 1058 594 1059 429 1059 595 1059 595 1060 429 1060 428 1060 595 1061 428 1061 580 1061 580 1062 428 1062 427 1062 580 995 427 995 581 995 581 1063 427 1063 426 1063 581 1064 426 1064 582 1064 582 1065 426 1065 425 1065 582 1066 425 1066 571 1066 571 1067 425 1067 424 1067 571 1068 424 1068 576 1068 576 1069 424 1069 415 1069 576 1070 415 1070 577 1070 577 1071 415 1071 414 1071 577 1072 414 1072 578 1072 578 1073 414 1073 445 1073 578 1074 445 1074 583 1074 583 1075 445 1075 444 1075 583 1076 444 1076 584 1076 584 1077 444 1077 423 1077 584 1078 423 1078 572 1078 572 1079 423 1079 422 1079 572 1080 422 1080 573 1080 573 1014 422 1014 421 1014 573 1081 421 1081 574 1081 574 1082 421 1082 417 1082 574 1083 417 1083 575 1083 575 1084 417 1084 416 1084 575 1085 416 1085 604 1085 604 1086 416 1086 412 1086 604 1087 412 1087 605 1087 605 1088 412 1088 411 1088 605 1089 411 1089 606 1089 606 1090 411 1090 443 1090 606 1091 443 1091 607 1091 607 1092 443 1092 442 1092 607 1027 442 1027 608 1027 608 1093 442 1093 439 1093 608 1094 439 1094 596 1094 596 1095 439 1095 438 1095 596 1096 438 1096 597 1096 597 1097 438 1097 437 1097 597 1098 437 1098 598 1098 598 1099 437 1099 420 1099 598 1100 420 1100 599 1100 599 1101 420 1101 419 1101 599 1102 419 1102 600 1102 600 1103 419 1103 418 1103 624 1104 448 1104 623 1104 623 1105 448 1105 447 1105 623 1106 447 1106 626 1106 626 1107 447 1107 446 1107 626 1108 446 1108 627 1108 627 1109 446 1109 476 1109 627 1110 476 1110 628 1110 628 1111 476 1111 475 1111 628 1112 475 1112 639 1112 639 1113 475 1113 466 1113 639 1114 466 1114 640 1114 640 1115 466 1115 465 1115 640 1116 465 1116 641 1116 641 1117 465 1117 464 1117 641 1118 464 1118 629 1118 629 1119 464 1119 474 1119 629 1120 474 1120 630 1120 630 1121 474 1121 473 1121 630 1122 473 1122 631 1122 631 1123 473 1123 472 1123 631 1124 472 1124 632 1124 632 1125 472 1125 471 1125 632 1126 471 1126 633 1126 633 1127 471 1127 470 1127 633 1128 470 1128 634 1128 634 1129 470 1129 469 1129 634 1130 469 1130 642 1130 642 1131 469 1131 463 1131 642 1132 463 1132 643 1132 643 1133 463 1133 462 1133 643 1134 462 1134 609 1134 609 1135 462 1135 461 1135 609 1136 461 1136 610 1136 610 1137 461 1137 449 1137 610 1138 449 1138 614 1138 614 1139 449 1139 450 1139 614 1140 450 1140 615 1140 615 1141 450 1141 452 1141 615 1142 452 1142 616 1142 616 1143 452 1143 468 1143 616 1144 468 1144 635 1144 635 1145 468 1145 467 1145 635 1146 467 1146 636 1146 636 1147 467 1147 460 1147 636 1148 460 1148 612 1148 612 1149 460 1149 459 1149 612 1150 459 1150 613 1150 613 1151 459 1151 458 1151 613 1152 458 1152 617 1152 617 1153 458 1153 454 1153 617 1154 454 1154 618 1154 618 1155 454 1155 453 1155 618 1156 453 1156 619 1156 619 1157 453 1157 482 1157 619 1158 482 1158 637 1158 637 1159 482 1159 481 1159 637 1160 481 1160 638 1160 638 1161 481 1161 480 1161 638 1162 480 1162 644 1162 644 1163 480 1163 479 1163 644 1164 479 1164 645 1164 645 1165 479 1165 478 1165 645 1166 478 1166 620 1166 620 1167 478 1167 477 1167 620 1168 477 1168 621 1168 621 1169 477 1169 457 1169 621 1170 457 1170 622 1170 622 1171 457 1171 456 1171 622 1172 456 1172 625 1172 625 1173 456 1173 455 1173 625 1174 455 1174 624 1174 624 1175 455 1175 448 1175 710 1176 378 1176 711 1176 711 1177 378 1177 402 1177 711 1178 402 1178 712 1178 712 1179 402 1179 401 1179 712 1180 401 1180 713 1180 713 1181 401 1181 395 1181 713 1182 395 1182 714 1182 714 1183 395 1183 394 1183 714 1184 394 1184 715 1184 715 1185 394 1185 393 1185 715 1186 393 1186 716 1186 716 1187 393 1187 392 1187 716 1188 392 1188 717 1188 717 1189 392 1189 391 1189 717 1118 391 1118 718 1118 718 1190 391 1190 390 1190 718 1191 390 1191 719 1191 719 1192 390 1192 377 1192 719 1193 377 1193 694 1193 694 1194 377 1194 376 1194 694 1124 376 1124 695 1124 695 1195 376 1195 407 1195 695 1196 407 1196 696 1196 696 1197 407 1197 406 1197 696 1198 406 1198 697 1198 697 1199 406 1199 400 1199 697 1200 400 1200 698 1200 698 1201 400 1201 399 1201 698 1202 399 1202 699 1202 699 1203 399 1203 398 1203 699 1134 398 1134 700 1134 700 1204 398 1204 397 1204 700 1136 397 1136 701 1136 701 1205 397 1205 396 1205 701 1206 396 1206 684 1206 684 1207 396 1207 405 1207 684 1208 405 1208 685 1208 685 1209 405 1209 404 1209 685 1210 404 1210 686 1210 686 1211 404 1211 403 1211 686 1212 403 1212 687 1212 687 1213 403 1213 389 1213 687 1146 389 1146 688 1146 688 1214 389 1214 388 1214 688 1215 388 1215 689 1215 689 1216 388 1216 387 1216 689 1217 387 1217 690 1217 690 1151 387 1151 384 1151 690 1152 384 1152 691 1152 691 1218 384 1218 383 1218 691 1219 383 1219 692 1219 692 1220 383 1220 382 1220 692 1221 382 1221 693 1221 693 1222 382 1222 375 1222 693 1223 375 1223 702 1223 702 1224 375 1224 373 1224 702 1225 373 1225 703 1225 703 1226 373 1226 386 1226 703 1227 386 1227 704 1227 704 1228 386 1228 385 1228 704 1164 385 1164 705 1164 705 1229 385 1229 381 1229 705 1230 381 1230 706 1230 706 1231 381 1231 380 1231 706 1232 380 1232 707 1232 707 1233 380 1233 379 1233 707 1234 379 1234 708 1234 708 1235 379 1235 372 1235 708 1236 372 1236 709 1236 709 1237 372 1237 371 1237 709 1238 371 1238 710 1238 710 1239 371 1239 378 1239 270 1240 792 1240 268 1240 268 1241 792 1241 793 1241 268 1242 793 1242 266 1242 266 1243 793 1243 794 1243 266 1244 794 1244 264 1244 264 1245 794 1245 795 1245 264 1246 795 1246 262 1246 262 1247 795 1247 796 1247 262 1248 796 1248 260 1248 260 1249 796 1249 797 1249 260 1250 797 1250 258 1250 258 1251 797 1251 798 1251 258 1252 798 1252 256 1252 256 1253 798 1253 799 1253 256 1254 799 1254 254 1254 254 1255 799 1255 800 1255 254 1256 800 1256 252 1256 252 1257 800 1257 801 1257 252 1258 801 1258 250 1258 250 1259 801 1259 802 1259 250 635 802 635 248 635 248 1260 802 1260 803 1260 248 1261 803 1261 246 1261 246 1262 803 1262 804 1262 246 1263 804 1263 244 1263 244 1264 804 1264 805 1264 244 1254 805 1254 242 1254 242 1265 805 1265 806 1265 242 1266 806 1266 240 1266 240 1267 806 1267 807 1267 240 1268 807 1268 238 1268 238 1269 807 1269 808 1269 238 1270 808 1270 236 1270 236 1271 808 1271 809 1271 236 1272 809 1272 234 1272 234 1273 809 1273 810 1273 234 1274 810 1274 232 1274 232 1275 810 1275 811 1275 232 1276 811 1276 230 1276 230 1277 811 1277 812 1277 230 1278 812 1278 228 1278 228 1279 812 1279 813 1279 228 1246 813 1246 226 1246 226 1280 813 1280 814 1280 226 1281 814 1281 224 1281 224 1282 814 1282 815 1282 224 1283 815 1283 222 1283 222 1284 815 1284 816 1284 222 1252 816 1252 220 1252 220 1285 816 1285 817 1285 220 1286 817 1286 218 1286 218 1287 817 1287 818 1287 218 1288 818 1288 216 1288 216 1289 818 1289 819 1289 216 1252 819 1252 286 1252 286 1290 819 1290 820 1290 286 1291 820 1291 284 1291 284 1292 820 1292 821 1292 284 1293 821 1293 282 1293 282 1294 821 1294 822 1294 282 1295 822 1295 280 1295 280 1296 822 1296 823 1296 280 635 823 635 278 635 278 1297 823 1297 824 1297 278 1240 824 1240 276 1240 276 1298 824 1298 825 1298 276 1254 825 1254 274 1254 274 1294 825 1294 826 1294 274 1299 826 1299 272 1299 272 1300 826 1300 827 1300 272 1240 827 1240 270 1240 270 1301 827 1301 792 1301 801 1302 489 1302 802 1302 802 1303 489 1303 488 1303 802 1304 488 1304 803 1304 803 1305 488 1305 753 1305 803 1306 753 1306 804 1306 804 1307 753 1307 752 1307 804 1308 752 1308 805 1308 805 1309 752 1309 751 1309 805 1310 751 1310 806 1310 806 1311 751 1311 750 1311 806 1312 750 1312 807 1312 807 1313 750 1313 749 1313 807 1314 749 1314 808 1314 808 1315 749 1315 748 1315 808 1316 748 1316 809 1316 809 1317 748 1317 747 1317 809 1318 747 1318 810 1318 810 1319 747 1319 746 1319 810 1320 746 1320 811 1320 811 1321 746 1321 745 1321 811 1322 745 1322 812 1322 812 1323 745 1323 744 1323 812 1324 744 1324 813 1324 813 1325 744 1325 743 1325 813 1326 743 1326 814 1326 814 1327 743 1327 742 1327 814 1328 742 1328 815 1328 815 1329 742 1329 741 1329 815 1330 741 1330 816 1330 816 1331 741 1331 737 1331 816 1332 737 1332 817 1332 817 1333 737 1333 736 1333 817 1334 736 1334 818 1334 818 1335 736 1335 740 1335 818 1336 740 1336 819 1336 819 1337 740 1337 739 1337 819 1338 739 1338 820 1338 820 1339 739 1339 738 1339 820 1340 738 1340 821 1340 821 1341 738 1341 735 1341 821 1342 735 1342 822 1342 822 1343 735 1343 734 1343 822 1344 734 1344 823 1344 823 1345 734 1345 733 1345 823 1346 733 1346 824 1346 824 1347 733 1347 732 1347 824 1348 732 1348 825 1348 825 1349 732 1349 731 1349 825 1350 731 1350 826 1350 826 1351 731 1351 730 1351 826 1352 730 1352 827 1352 827 1353 730 1353 729 1353 827 1354 729 1354 792 1354 792 1355 729 1355 728 1355 792 1356 728 1356 793 1356 793 1357 728 1357 727 1357 793 1358 727 1358 794 1358 794 1359 727 1359 726 1359 794 1360 726 1360 795 1360 795 1361 726 1361 723 1361 795 1362 723 1362 796 1362 796 1363 723 1363 722 1363 796 1364 722 1364 797 1364 797 1365 722 1365 721 1365 797 1366 721 1366 798 1366 798 1367 721 1367 720 1367 798 1368 720 1368 799 1368 799 1369 720 1369 725 1369 799 1370 725 1370 800 1370 800 1371 725 1371 724 1371 800 1372 724 1372 801 1372 801 1373 724 1373 489 1373 828 1374 530 1374 829 1374 829 1375 530 1375 529 1375 829 1376 529 1376 830 1376 830 1377 529 1377 528 1377 830 1306 528 1306 831 1306 831 1378 528 1378 527 1378 831 1308 527 1308 832 1308 832 1379 527 1379 526 1379 832 1380 526 1380 833 1380 833 1381 526 1381 525 1381 833 1312 525 1312 834 1312 834 1382 525 1382 524 1382 834 1383 524 1383 835 1383 835 1384 524 1384 523 1384 835 1385 523 1385 836 1385 836 1386 523 1386 522 1386 836 1387 522 1387 837 1387 837 1388 522 1388 518 1388 837 1389 518 1389 838 1389 838 1390 518 1390 517 1390 838 1391 517 1391 839 1391 839 1392 517 1392 521 1392 839 1393 521 1393 840 1393 840 1394 521 1394 520 1394 840 1326 520 1326 841 1326 841 1395 520 1395 513 1395 841 1396 513 1396 842 1396 842 1397 513 1397 512 1397 842 1330 512 1330 843 1330 843 1398 512 1398 511 1398 843 1332 511 1332 844 1332 844 1399 511 1399 510 1399 844 1400 510 1400 845 1400 845 1401 510 1401 516 1401 845 1336 516 1336 846 1336 846 1402 516 1402 515 1402 846 1403 515 1403 847 1403 847 1404 515 1404 514 1404 847 1405 514 1405 848 1405 848 1406 514 1406 506 1406 848 1407 506 1407 849 1407 849 1408 506 1408 505 1408 849 1409 505 1409 850 1409 850 1410 505 1410 504 1410 850 1411 504 1411 851 1411 851 1412 504 1412 496 1412 851 1413 496 1413 852 1413 852 1414 496 1414 495 1414 852 1415 495 1415 853 1415 853 1416 495 1416 494 1416 853 1417 494 1417 854 1417 854 1418 494 1418 509 1418 854 1419 509 1419 855 1419 855 1420 509 1420 508 1420 855 1421 508 1421 856 1421 856 1422 508 1422 507 1422 856 1423 507 1423 857 1423 857 1424 507 1424 503 1424 857 1425 503 1425 858 1425 858 1426 503 1426 502 1426 858 1427 502 1427 859 1427 859 1428 502 1428 501 1428 859 1429 501 1429 860 1429 860 1430 501 1430 500 1430 860 1431 500 1431 861 1431 861 1432 500 1432 499 1432 861 1433 499 1433 862 1433 862 1434 499 1434 498 1434 862 1435 498 1435 863 1435 863 1436 498 1436 497 1436 863 1437 497 1437 828 1437 828 1438 497 1438 530 1438 198 1439 855 1439 196 1439 196 1440 855 1440 856 1440 196 1441 856 1441 194 1441 194 1442 856 1442 857 1442 194 1443 857 1443 192 1443 192 1444 857 1444 858 1444 192 1439 858 1439 190 1439 190 1445 858 1445 859 1445 190 1446 859 1446 188 1446 188 1447 859 1447 860 1447 188 1439 860 1439 186 1439 186 1448 860 1448 861 1448 186 1449 861 1449 184 1449 184 1450 861 1450 862 1450 184 1451 862 1451 182 1451 182 1452 862 1452 863 1452 182 1453 863 1453 180 1453 180 1454 863 1454 828 1454 180 1455 828 1455 178 1455 178 1456 828 1456 829 1456 178 1286 829 1286 176 1286 176 1457 829 1457 830 1457 176 1458 830 1458 174 1458 174 1459 830 1459 831 1459 174 1460 831 1460 172 1460 172 1461 831 1461 832 1461 172 1462 832 1462 170 1462 170 1463 832 1463 833 1463 170 1462 833 1462 168 1462 168 1464 833 1464 834 1464 168 1299 834 1299 166 1299 166 1465 834 1465 835 1465 166 1274 835 1274 164 1274 164 1466 835 1466 836 1466 164 1467 836 1467 162 1467 162 1468 836 1468 837 1468 162 1274 837 1274 160 1274 160 1469 837 1469 838 1469 160 1470 838 1470 158 1470 158 1471 838 1471 839 1471 158 1472 839 1472 156 1472 156 1450 839 1450 840 1450 156 1283 840 1283 154 1283 154 1473 840 1473 841 1473 154 1446 841 1446 152 1446 152 1474 841 1474 842 1474 152 1274 842 1274 150 1274 150 1475 842 1475 843 1475 150 1476 843 1476 148 1476 148 1477 843 1477 844 1477 148 1478 844 1478 146 1478 146 1479 844 1479 845 1479 146 1288 845 1288 144 1288 144 1480 845 1480 846 1480 144 1481 846 1481 214 1481 214 1482 846 1482 847 1482 214 1483 847 1483 212 1483 212 1484 847 1484 848 1484 212 1288 848 1288 210 1288 210 1485 848 1485 849 1485 210 635 849 635 208 635 208 1486 849 1486 850 1486 208 1295 850 1295 206 1295 206 1487 850 1487 851 1487 206 1439 851 1439 204 1439 204 1488 851 1488 852 1488 204 1254 852 1254 202 1254 202 1489 852 1489 853 1489 202 1299 853 1299 200 1299 200 1490 853 1490 854 1490 200 1246 854 1246 198 1246 198 1469 854 1469 855 1469 864 1491 791 1491 865 1491 865 1492 791 1492 790 1492 865 1493 790 1493 866 1493 866 1494 790 1494 789 1494 866 1495 789 1495 867 1495 867 1496 789 1496 788 1496 867 1497 788 1497 868 1497 868 1498 788 1498 787 1498 868 1499 787 1499 869 1499 869 1500 787 1500 786 1500 869 1501 786 1501 870 1501 870 1502 786 1502 785 1502 870 1503 785 1503 871 1503 871 1504 785 1504 784 1504 871 1505 784 1505 872 1505 872 1506 784 1506 783 1506 872 1507 783 1507 873 1507 873 1508 783 1508 780 1508 873 1509 780 1509 874 1509 874 1510 780 1510 781 1510 874 1511 781 1511 875 1511 875 1512 781 1512 782 1512 875 1513 782 1513 876 1513 876 1514 782 1514 779 1514 876 1515 779 1515 877 1515 877 1516 779 1516 778 1516 877 975 778 975 878 975 878 1517 778 1517 777 1517 878 1518 777 1518 879 1518 879 1519 777 1519 773 1519 879 1520 773 1520 880 1520 880 1521 773 1521 772 1521 880 1522 772 1522 881 1522 881 1523 772 1523 776 1523 881 1524 776 1524 882 1524 882 1525 776 1525 775 1525 882 1526 775 1526 883 1526 883 1527 775 1527 774 1527 883 1528 774 1528 884 1528 884 1529 774 1529 770 1529 884 1530 770 1530 885 1530 885 1531 770 1531 769 1531 885 1532 769 1532 886 1532 886 1533 769 1533 768 1533 886 1534 768 1534 887 1534 887 1535 768 1535 767 1535 887 1536 767 1536 888 1536 888 1537 767 1537 766 1537 888 1538 766 1538 889 1538 889 1539 766 1539 765 1539 889 1540 765 1540 890 1540 890 1541 765 1541 764 1541 890 1542 764 1542 891 1542 891 1543 764 1543 763 1543 891 1544 763 1544 892 1544 892 1545 763 1545 762 1545 892 1546 762 1546 893 1546 893 1547 762 1547 761 1547 893 1548 761 1548 894 1548 894 1549 761 1549 760 1549 894 1550 760 1550 895 1550 895 1551 760 1551 759 1551 895 1552 759 1552 896 1552 896 1553 759 1553 758 1553 896 1554 758 1554 897 1554 897 1555 758 1555 755 1555 897 1556 755 1556 898 1556 898 1557 755 1557 754 1557 898 1558 754 1558 899 1558 899 1559 754 1559 757 1559 899 1560 757 1560 864 1560 864 1561 757 1561 791 1561 126 1283 891 1283 124 1283 124 1562 891 1562 892 1562 124 1563 892 1563 122 1563 122 1564 892 1564 893 1564 122 1565 893 1565 120 1565 120 1566 893 1566 894 1566 120 1567 894 1567 118 1567 118 1568 894 1568 895 1568 118 1299 895 1299 116 1299 116 1569 895 1569 896 1569 116 1272 896 1272 114 1272 114 1570 896 1570 897 1570 114 1571 897 1571 112 1571 112 1572 897 1572 898 1572 112 1573 898 1573 110 1573 110 1574 898 1574 899 1574 110 1575 899 1575 108 1575 108 1576 899 1576 864 1576 108 1577 864 1577 106 1577 106 1578 864 1578 865 1578 106 1579 865 1579 104 1579 104 1580 865 1580 866 1580 104 1581 866 1581 102 1581 102 1582 866 1582 867 1582 102 1295 867 1295 100 1295 100 1583 867 1583 868 1583 100 1584 868 1584 98 1584 98 1585 868 1585 869 1585 98 1586 869 1586 96 1586 96 1587 869 1587 870 1587 96 1588 870 1588 94 1588 94 1589 870 1589 871 1589 94 1590 871 1590 92 1590 92 1591 871 1591 872 1591 92 1592 872 1592 90 1592 90 1593 872 1593 873 1593 90 1274 873 1274 88 1274 88 1594 873 1594 874 1594 88 1595 874 1595 86 1595 86 1596 874 1596 875 1596 86 1597 875 1597 84 1597 84 1598 875 1598 876 1598 84 1599 876 1599 82 1599 82 1600 876 1600 877 1600 82 1601 877 1601 80 1601 80 1602 877 1602 878 1602 80 1603 878 1603 78 1603 78 1604 878 1604 879 1604 78 1605 879 1605 76 1605 76 1606 879 1606 880 1606 76 1607 880 1607 74 1607 74 1608 880 1608 881 1608 74 1295 881 1295 72 1295 72 1609 881 1609 882 1609 72 1610 882 1610 142 1610 142 1611 882 1611 883 1611 142 1612 883 1612 140 1612 140 1613 883 1613 884 1613 140 1614 884 1614 138 1614 138 1615 884 1615 885 1615 138 1616 885 1616 136 1616 136 1617 885 1617 886 1617 136 1573 886 1573 134 1573 134 1618 886 1618 887 1618 134 1240 887 1240 132 1240 132 1619 887 1619 888 1619 132 1620 888 1620 130 1620 130 1621 888 1621 889 1621 130 1622 889 1622 128 1622 128 1623 889 1623 890 1623 128 1624 890 1624 126 1624 126 1625 890 1625 891 1625 54 1274 900 1274 52 1274 52 1626 900 1626 901 1626 52 1627 901 1627 50 1627 50 1628 901 1628 902 1628 50 1565 902 1565 48 1565 48 1629 902 1629 903 1629 48 1439 903 1439 46 1439 46 1630 903 1630 904 1630 46 1631 904 1631 44 1631 44 1632 904 1632 905 1632 44 1248 905 1248 42 1248 42 1633 905 1633 906 1633 42 1634 906 1634 40 1634 40 1635 906 1635 907 1635 40 1636 907 1636 38 1636 38 1637 907 1637 908 1637 38 1575 908 1575 36 1575 36 1638 908 1638 909 1638 36 1639 909 1639 34 1639 34 1640 909 1640 910 1640 34 1641 910 1641 32 1641 32 1642 910 1642 911 1642 32 1643 911 1643 30 1643 30 1644 911 1644 912 1644 30 635 912 635 28 635 28 1645 912 1645 913 1645 28 1646 913 1646 26 1646 26 1647 913 1647 914 1647 26 1648 914 1648 24 1648 24 1587 914 1587 915 1587 24 1295 915 1295 22 1295 22 1649 915 1649 916 1649 22 1650 916 1650 20 1650 20 1651 916 1651 917 1651 20 1652 917 1652 18 1652 18 1653 917 1653 918 1653 18 1274 918 1274 16 1274 16 1654 918 1654 919 1654 16 1655 919 1655 14 1655 14 1656 919 1656 920 1656 14 1657 920 1657 12 1657 12 1658 920 1658 921 1658 12 1659 921 1659 10 1659 10 1660 921 1660 922 1660 10 1661 922 1661 8 1661 8 1662 922 1662 923 1662 8 1607 923 1607 6 1607 6 1663 923 1663 924 1663 6 1664 924 1664 4 1664 4 1665 924 1665 925 1665 4 1666 925 1666 2 1666 2 1667 925 1667 926 1667 2 635 926 635 0 635 0 1668 926 1668 927 1668 0 1669 927 1669 70 1669 70 1670 927 1670 928 1670 70 1671 928 1671 68 1671 68 1672 928 1672 929 1672 68 1673 929 1673 66 1673 66 1674 929 1674 930 1674 66 1675 930 1675 64 1675 64 1676 930 1676 931 1676 64 1446 931 1446 62 1446 62 1677 931 1677 932 1677 62 1483 932 1483 60 1483 60 1678 932 1678 933 1678 60 1679 933 1679 58 1679 58 1680 933 1680 934 1680 58 1622 934 1622 56 1622 56 1681 934 1681 935 1681 56 1682 935 1682 54 1682 54 1683 935 1683 900 1683 909 1684 568 1684 910 1684 910 1685 568 1685 567 1685 910 1686 567 1686 911 1686 911 1687 567 1687 566 1687 911 1495 566 1495 912 1495 912 1688 566 1688 565 1688 912 1497 565 1497 913 1497 913 1689 565 1689 564 1689 913 1690 564 1690 914 1690 914 1691 564 1691 563 1691 914 1501 563 1501 915 1501 915 1692 563 1692 562 1692 915 1693 562 1693 916 1693 916 1694 562 1694 561 1694 916 1695 561 1695 917 1695 917 1696 561 1696 560 1696 917 1697 560 1697 918 1697 918 1698 560 1698 556 1698 918 1699 556 1699 919 1699 919 1700 556 1700 555 1700 919 1701 555 1701 920 1701 920 1702 555 1702 559 1702 920 1703 559 1703 921 1703 921 1704 559 1704 558 1704 921 1515 558 1515 922 1515 922 1705 558 1705 551 1705 922 1706 551 1706 923 1706 923 1707 551 1707 550 1707 923 1518 550 1518 924 1518 924 1708 550 1708 548 1708 924 1520 548 1520 925 1520 925 1709 548 1709 547 1709 925 1710 547 1710 926 1710 926 1711 547 1711 554 1711 926 1524 554 1524 927 1524 927 1712 554 1712 553 1712 927 1713 553 1713 928 1713 928 1714 553 1714 552 1714 928 1715 552 1715 929 1715 929 1716 552 1716 543 1716 929 1717 543 1717 930 1717 930 1718 543 1718 542 1718 930 1719 542 1719 931 1719 931 1720 542 1720 541 1720 931 1721 541 1721 932 1721 932 1722 541 1722 533 1722 932 1723 533 1723 933 1723 933 1724 533 1724 532 1724 933 1725 532 1725 934 1725 934 1726 532 1726 531 1726 934 1727 531 1727 935 1727 935 1728 531 1728 546 1728 935 1729 546 1729 900 1729 900 1730 546 1730 545 1730 900 1731 545 1731 901 1731 901 1732 545 1732 544 1732 901 1733 544 1733 902 1733 902 1734 544 1734 540 1734 902 1735 540 1735 903 1735 903 1736 540 1736 539 1736 903 1737 539 1737 904 1737 904 1738 539 1738 538 1738 904 1739 538 1739 905 1739 905 1740 538 1740 537 1740 905 1741 537 1741 906 1741 906 1742 537 1742 536 1742 906 1743 536 1743 907 1743 907 1744 536 1744 535 1744 907 1745 535 1745 908 1745 908 1746 535 1746 534 1746 908 1747 534 1747 909 1747 909 1748 534 1748 568 1748</p>
        </triangles>
      </mesh>
    </geometry>
    <geometry id="MMO_700_dual_-_rail_cover_small-4-mesh" name="MMO_700_dual - rail_cover_small-4">
      <mesh>
        <source id="MMO_700_dual_-_rail_cover_small-4-mesh-positions">
          <float_array id="MMO_700_dual_-_rail_cover_small-4-mesh-positions-array" count="246">0.461105 0.54711 1.416952 0.461105 0.54711 1.451951 0.471105 0.54711 1.416952 0.471105 0.54711 1.451951 0.461105 0.50711 1.411952 0.461105 0.54211 1.411952 0.471105 0.50711 1.411952 0.471105 0.54211 1.411952 0.471105 0.50211 1.416952 0.471105 0.50211 1.451951 0.461105 0.50211 1.416952 0.461105 0.50211 1.451951 0.471105 0.50711 1.456951 0.471105 0.54211 1.456951 0.461105 0.50711 1.456951 0.461105 0.54211 1.456951 0.461105 0.50484 1.456406 0.461105 0.5055649 1.456707 0.461105 0.5030649 1.45489 0.461105 0.5035744 1.455487 0.461105 0.502655 1.454221 0.461105 0.5041711 1.455997 0.461105 0.5023547 1.453497 0.461105 0.5063278 1.45689 0.461105 0.5438201 1.412253 0.461105 0.5468085 1.415241 0.461105 0.5464401 1.414451 0.461105 0.5429782 1.412027 0.461105 0.547034 1.416083 0.461105 0.5021716 1.452734 0.461105 0.5468085 1.453662 0.461105 0.5438201 1.45665 0.461105 0.54461 1.456282 0.461105 0.5429782 1.456876 0.461105 0.547034 1.45282 0.461105 0.50461 1.412621 0.461105 0.5038961 1.413121 0.461105 0.5053999 1.412253 0.461105 0.5032798 1.413738 0.461105 0.5062417 1.412027 0.461105 0.5027799 1.414451 0.461105 0.5024116 1.415241 0.461105 0.502186 1.416083 0.461105 0.5459402 1.413738 0.461105 0.5453239 1.413121 0.461105 0.54461 1.412621 0.461105 0.5453239 1.455782 0.461105 0.5459402 1.455165 0.461105 0.5464401 1.454451 0.471105 0.547034 1.416083 0.471105 0.5063278 1.45689 0.471105 0.5055649 1.456707 0.471105 0.50484 1.456406 0.471105 0.5041711 1.455997 0.471105 0.5035744 1.455487 0.471105 0.5030649 1.45489 0.471105 0.502655 1.454221 0.471105 0.5023547 1.453497 0.471105 0.5021716 1.452734 0.471105 0.547034 1.45282 0.471105 0.5429782 1.456876 0.471105 0.5468085 1.453662 0.471105 0.5438201 1.45665 0.471105 0.5464401 1.454451 0.471105 0.502186 1.416083 0.471105 0.5024116 1.415241 0.471105 0.50461 1.412621 0.471105 0.5053999 1.412253 0.471105 0.5038961 1.413121 0.471105 0.5032798 1.413738 0.471105 0.5027799 1.414451 0.471105 0.5062417 1.412027 0.471105 0.5429782 1.412027 0.471105 0.5438201 1.412253 0.471105 0.5468085 1.415241 0.471105 0.54461 1.412621 0.471105 0.5459402 1.455165 0.471105 0.5453239 1.455782 0.471105 0.54461 1.456282 0.471105 0.5453239 1.413121 0.471105 0.5459402 1.413738 0.471105 0.5464401 1.414451</float_array>
          <technique_common>
            <accessor source="#MMO_700_dual_-_rail_cover_small-4-mesh-positions-array" count="82" stride="3">
              <param name="X" type="float"/>
              <param name="Y" type="float"/>
              <param name="Z" type="float"/>
            </accessor>
          </technique_common>
        </source>
        <source id="MMO_700_dual_-_rail_cover_small-4-mesh-normals">
          <float_array id="MMO_700_dual_-_rail_cover_small-4-mesh-normals-array" count="336">0 1 0 0 0 -1 0 -1 0 0 0 1 -1 0 0 -1 1.01626e-4 0 -1 9.24642e-5 0 -1 2.62042e-5 0 -1 7.24218e-5 0 -1 -1.25156e-4 0 -1 8.54099e-5 0 -1 -1.88135e-4 0 -1 1.17564e-4 0 -1 4.0752e-5 0 -1 -9.31793e-5 0 -1 -3.16016e-5 0 -1 4.65896e-5 0 -1 -7.24218e-5 0 -1 -2.93864e-5 0 -1 2.93885e-5 0 -1 -3.0175e-4 0 -1 -1.48765e-4 0 -1 -4.40529e-4 0 1 -2.12872e-5 0 1 0 0 1 -5.8782e-5 0 1 3.88803e-5 0 1 6.03748e-5 0 1 -1.25156e-4 0 1 4.26913e-5 0 1 -6.27668e-5 0 1 4.06256e-4 0 0.9999998 -6.04595e-4 0 1 -2.32775e-5 0 1 -1.2639e-4 0 1 4.62321e-5 0 1 2.66093e-6 0 1 2.93864e-5 0 1 1.81058e-5 0 1 -4.43262e-4 0 1 3.16016e-5 0 1 3.4926e-5 0 1 -1.1557e-4 0 1 -2.2007e-4 0 1 3.0175e-4 0 0 -0.08711493 -0.9961984 0 -0.08713346 -0.9961967 0 -0.2587964 -0.9659319 0 -0.2587681 -0.9659395 0 -0.4226562 -0.9062901 0 -0.422659 -0.9062889 0 -0.573522 -0.8191902 0 -0.7071369 -0.7070768 0 -0.7070868 -0.7071269 0 -0.8191896 -0.5735229 0 -0.8191394 -0.5735946 0 -0.9062616 -0.4227173 0 -0.9063447 -0.4225392 0 -0.9659016 -0.2589094 0 -0.9659546 -0.2587117 0 -0.996192 -0.08718746 0 -0.9962013 -0.08708143 0 -0.9969261 0.07834798 0 -0.9969076 0.07858389 0 -0.9723895 0.2333639 0 -0.9238421 0.3827737 0 -0.923883 0.382675 0 -0.8525965 0.52257 0 -0.7604389 0.6494095 0 -0.7605006 0.6493372 0 -0.6494415 0.7604116 0 -0.649498 0.7603633 0 -0.5224573 0.8526655 0 -0.5224016 0.8526995 0 -0.3826909 0.9238764 0 -0.2335165 0.9723529 0 -0.2335435 0.9723464 0 -0.07840478 0.9969217 0 -0.07839596 0.9969224 0 0.9962013 -0.08708143 0 0.9961827 -0.0872935 0 0.9659283 -0.2588098 0 0.9659546 -0.2587117 0 0.9062616 -0.4227173 0 0.9063038 -0.422627 0 0.8191394 -0.5735946 0 0.8191896 -0.5735229 0 0.7070834 -0.7071301 0 0.7071402 -0.7070734 0 0.573522 -0.8191902 0 0.4226153 -0.9063093 0 0.422659 -0.9062889 0 0.2587964 -0.9659319 0 0.2587949 -0.9659323 0 0.08712416 -0.9961975 0 0.08712416 0.9961975 0 0.2587964 0.9659319 0 0.2587949 0.9659323 0 0.4226562 0.9062901 0 0.422618 0.9063079 0 0.5736138 0.8191259 0 0.5736161 0.8191244 0 0.7071369 0.7070768 0 0.7070868 0.7071269 0 0.8191896 0.5735229 0 0.8191394 0.5735946 0 0.9063026 0.4226295 0 0.9062628 0.4227147 0 0.965955 0.25871 0 0.9659279 0.2588114 0 0.9961816 0.08730512 0 0.9962002 0.08709305</float_array>
          <technique_common>
            <accessor source="#MMO_700_dual_-_rail_cover_small-4-mesh-normals-array" count="112" stride="3">
              <param name="X" type="float"/>
              <param name="Y" type="float"/>
              <param name="Z" type="float"/>
            </accessor>
          </technique_common>
        </source>
        <vertices id="MMO_700_dual_-_rail_cover_small-4-mesh-vertices">
          <input semantic="POSITION" source="#MMO_700_dual_-_rail_cover_small-4-mesh-positions"/>
        </vertices>
        <triangles count="160">
          <input semantic="VERTEX" source="#MMO_700_dual_-_rail_cover_small-4-mesh-vertices" offset="0"/>
          <input semantic="NORMAL" source="#MMO_700_dual_-_rail_cover_small-4-mesh-normals" offset="1"/>
          <p>0 0 1 0 2 0 2 0 1 0 3 0 4 1 5 1 6 1 6 1 5 1 7 1 8 2 9 2 10 2 10 2 9 2 11 2 12 3 13 3 14 3 14 3 13 3 15 3 11 4 1 4 10 4 10 4 1 4 0 4 16 4 17 4 11 4 18 4 19 4 20 4 20 5 19 5 21 5 20 4 21 4 22 4 15 4 1 4 14 4 14 4 1 4 11 4 14 4 11 4 23 4 23 4 11 4 17 4 24 6 25 6 26 6 24 4 27 4 25 4 25 7 27 7 5 7 25 8 5 8 28 8 16 9 11 9 21 9 21 10 11 10 29 10 21 11 29 11 22 11 30 4 31 4 32 4 15 12 33 12 1 12 1 13 33 13 31 13 1 14 31 14 34 14 34 4 31 4 30 4 35 4 36 4 37 4 37 4 36 4 38 4 37 4 38 4 39 4 39 4 38 4 4 4 4 15 38 15 40 15 4 16 40 16 41 16 41 17 42 17 4 17 4 18 42 18 10 18 4 4 10 4 5 4 5 4 10 4 0 4 5 19 0 19 28 19 26 20 43 20 24 20 24 4 43 4 44 4 24 4 44 4 45 4 32 4 46 4 30 4 30 21 46 21 47 21 30 22 47 22 48 22 2 23 3 23 7 23 13 24 12 24 9 24 2 25 7 25 49 25 12 24 50 24 9 24 9 26 50 26 51 26 9 27 51 27 52 27 52 28 53 28 9 28 9 29 53 29 54 29 9 30 54 30 55 30 55 24 56 24 9 24 9 31 56 31 57 31 9 32 57 32 58 32 3 24 59 24 60 24 60 33 59 33 61 33 60 34 61 34 62 34 62 35 61 35 63 35 60 24 13 24 3 24 3 24 13 24 9 24 3 24 9 24 7 24 7 36 9 36 8 36 7 24 8 24 6 24 6 37 8 37 64 37 6 38 64 38 65 38 66 39 67 39 68 39 68 24 67 24 69 24 65 24 70 24 6 24 6 40 70 40 69 40 6 24 69 24 71 24 71 24 69 24 67 24 7 24 72 24 49 24 49 41 72 41 73 41 49 24 73 24 74 24 74 42 73 42 75 42 63 24 76 24 62 24 62 24 76 24 77 24 62 43 77 43 78 43 75 44 79 44 74 44 74 24 79 24 80 24 74 24 80 24 81 24 4 45 6 45 71 45 4 46 71 46 39 46 39 47 71 47 67 47 39 48 67 48 37 48 37 49 67 49 66 49 37 50 66 50 35 50 35 51 66 51 68 51 35 51 68 51 36 51 36 52 68 52 69 52 36 53 69 53 38 53 38 54 69 54 70 54 38 55 70 55 40 55 40 56 70 56 65 56 40 57 65 57 41 57 41 58 65 58 64 58 41 59 64 59 42 59 42 60 64 60 8 60 42 61 8 61 10 61 11 62 9 62 58 62 11 63 58 63 29 63 29 64 58 64 57 64 29 64 57 64 22 64 22 65 57 65 56 65 22 66 56 66 20 66 20 67 56 67 55 67 20 67 55 67 18 67 18 68 55 68 54 68 18 69 54 69 19 69 19 70 54 70 53 70 19 71 53 71 21 71 21 72 53 72 52 72 21 73 52 73 16 73 16 74 52 74 51 74 16 74 51 74 17 74 17 75 51 75 50 75 17 76 50 76 23 76 23 77 50 77 12 77 23 78 12 78 14 78 0 79 2 79 49 79 0 80 49 80 28 80 28 81 49 81 74 81 28 82 74 82 25 82 25 83 74 83 81 83 25 84 81 84 26 84 26 85 81 85 80 85 26 86 80 86 43 86 43 87 80 87 79 87 43 88 79 88 44 88 44 89 79 89 75 89 44 89 75 89 45 89 45 90 75 90 73 90 45 91 73 91 24 91 24 92 73 92 72 92 24 93 72 93 27 93 27 94 72 94 7 94 27 94 7 94 5 94 15 95 13 95 60 95 15 95 60 95 33 95 33 96 60 96 62 96 33 97 62 97 31 97 31 98 62 98 78 98 31 99 78 99 32 99 32 100 78 100 77 100 32 101 77 101 46 101 46 102 77 102 76 102 46 103 76 103 47 103 47 104 76 104 63 104 47 105 63 105 48 105 48 106 63 106 61 106 48 107 61 107 30 107 30 108 61 108 59 108 30 109 59 109 34 109 34 110 59 110 3 110 34 111 3 111 1 111</p>
        </triangles>
      </mesh>
    </geometry>
    <geometry id="MMO_700_dual_-_rail_cover_small-3-mesh" name="MMO_700_dual - rail_cover_small-3">
      <mesh>
        <source id="MMO_700_dual_-_rail_cover_small-3-mesh-positions">
          <float_array id="MMO_700_dual_-_rail_cover_small-3-mesh-positions-array" count="246">0.05910497 0.34711 1.416952 0.05910497 0.34711 1.451951 0.04910498 0.34711 1.416952 0.04910498 0.34711 1.451951 0.05910497 0.38711 1.411952 0.05910497 0.35211 1.411952 0.04910498 0.38711 1.411952 0.04910498 0.35211 1.411952 0.04910498 0.39211 1.416952 0.04910498 0.39211 1.451951 0.05910497 0.39211 1.416952 0.05910497 0.39211 1.451951 0.04910498 0.38711 1.456951 0.04910498 0.35211 1.456951 0.05910497 0.38711 1.456951 0.05910497 0.35211 1.456951 0.05910497 0.3893799 1.456406 0.05910497 0.3886551 1.456707 0.05910497 0.3911551 1.45489 0.05910497 0.3906455 1.455487 0.05910497 0.391565 1.454221 0.05910497 0.3900489 1.455997 0.05910497 0.3918653 1.453497 0.05910497 0.3878921 1.45689 0.05910497 0.3503999 1.412253 0.05910497 0.3474115 1.415241 0.05910497 0.3477799 1.414451 0.05910497 0.3512417 1.412027 0.05910497 0.3471859 1.416083 0.05910497 0.3920484 1.452734 0.05910497 0.3474115 1.453662 0.05910497 0.3503999 1.45665 0.05910497 0.34961 1.456282 0.05910497 0.3512417 1.456876 0.05910497 0.3471859 1.45282 0.05910497 0.38961 1.412621 0.05910497 0.3903239 1.413121 0.05910497 0.3888201 1.412253 0.05910497 0.3909402 1.413738 0.05910497 0.3879782 1.412027 0.05910497 0.3914401 1.414451 0.05910497 0.3918085 1.415241 0.05910497 0.392034 1.416083 0.05910497 0.3482798 1.413738 0.05910497 0.348896 1.413121 0.05910497 0.34961 1.412621 0.05910497 0.348896 1.455782 0.05910497 0.3482798 1.455165 0.05910497 0.3477799 1.454451 0.04910498 0.3471859 1.416083 0.04910498 0.3878921 1.45689 0.04910498 0.3886551 1.456707 0.04910498 0.3893799 1.456406 0.04910498 0.3900489 1.455997 0.04910498 0.3906455 1.455487 0.04910498 0.3911551 1.45489 0.04910498 0.391565 1.454221 0.04910498 0.3918653 1.453497 0.04910498 0.3920484 1.452734 0.04910498 0.3471859 1.45282 0.04910498 0.3512417 1.456876 0.04910498 0.3474115 1.453662 0.04910498 0.3503999 1.45665 0.04910498 0.3477799 1.454451 0.04910498 0.392034 1.416083 0.04910498 0.3918085 1.415241 0.04910498 0.38961 1.412621 0.04910498 0.3888201 1.412253 0.04910498 0.3903239 1.413121 0.04910498 0.3909402 1.413738 0.04910498 0.3914401 1.414451 0.04910498 0.3879782 1.412027 0.04910498 0.3512417 1.412027 0.04910498 0.3503999 1.412253 0.04910498 0.3474115 1.415241 0.04910498 0.34961 1.412621 0.04910498 0.3482798 1.455165 0.04910498 0.348896 1.455782 0.04910498 0.34961 1.456282 0.04910498 0.348896 1.413121 0.04910498 0.3482798 1.413738 0.04910498 0.3477799 1.414451</float_array>
          <technique_common>
            <accessor source="#MMO_700_dual_-_rail_cover_small-3-mesh-positions-array" count="82" stride="3">
              <param name="X" type="float"/>
              <param name="Y" type="float"/>
              <param name="Z" type="float"/>
            </accessor>
          </technique_common>
        </source>
        <source id="MMO_700_dual_-_rail_cover_small-3-mesh-normals">
          <float_array id="MMO_700_dual_-_rail_cover_small-3-mesh-normals-array" count="324">0 -1 0 0 0 -1 0 1 0 0 0 1 1 0 0 1 -1.27136e-5 0 1 -1.94401e-5 0 1 -1.45579e-6 0 1 1.81054e-5 0 1 1.56406e-5 0 1 5.33789e-6 0 1 -1.56858e-5 0 1 -1.1557e-5 0 1 5.66e-7 0 1 5.5212e-5 0 1 -1.85405e-5 0 1 1.8848e-5 0 1 3.9482e-6 0 1 -1.81054e-5 0 1 9.1825e-6 0 1 -9.18324e-6 0 1 -1.88708e-5 0 1 1.85405e-5 0 1 -2.76549e-5 0 1 5.51146e-5 0 -1 0 0 -1 -7.34603e-6 0 -1 1.82251e-6 0 -1 -5.28331e-6 0 -1 1.06746e-5 0 -1 7.84486e-6 0 -1 -2.54013e-5 0 -1 1.57988e-5 0 -1 1.66308e-7 0 -1 3.673e-6 0 -1 3.9482e-6 0 -1 1.88594e-5 0 -1 -5.09337e-6 0 -1 5.7742e-6 0 -1 -5.50176e-5 0 0 0.08712893 -0.9961971 0 0.08712416 -0.9961975 0 0.2587958 -0.9659321 0 0.2587825 -0.9659357 0 0.4226163 -0.9063087 0 0.4226368 -0.9062992 0 0.5735479 -0.819172 0 0.5735226 -0.8191899 0 0.7070855 -0.7071281 0 0.7071389 -0.7070747 0 0.819189 -0.5735237 0 0.8191388 -0.5735954 0 0.9063032 -0.4226282 0 0.9659283 -0.2588102 0 0.996192 -0.08718729 0 0.9962013 -0.08708131 0 0.9969261 0.07834774 0 0.9969168 0.07846581 0 0.9723626 0.2334762 0 0.9239261 0.3825711 0 0.9238421 0.3827741 0 0.8525972 0.5225687 0 0.8525969 0.5225691 0 0.7604991 0.6493391 0 0.7603814 0.6494768 0 0.6495298 0.7603362 0 0.6494709 0.7603866 0 0.5224033 0.8526985 0 0.5224027 0.8526991 0 0.382734 0.9238587 0 0.3827127 0.9238674 0 0.2335168 0.9723528 0 0.23353 0.9723497 0 0.07840055 0.996922 0 -0.9962012 -0.08708125 0 -0.9961966 -0.0871343 0 -0.9659149 -0.25886 0 -0.9063237 -0.4225844 0 -0.9063032 -0.4226282 0 -0.819164 -0.5735595 0 -0.8191388 -0.5735954 0 -0.7071123 -0.7071014 0 -0.7071389 -0.7070747 0 -0.5735228 -0.8191897 0 -0.5735226 -0.8191899 0 -0.4226572 -0.9062896 0 -0.4226368 -0.9062992 0 -0.2587825 -0.9659357 0 -0.2587958 -0.9659321 0 -0.08712428 -0.9961975 0 -0.08712416 -0.9961975 0 -0.08712428 0.9961975 0 -0.08712416 0.9961975 0 -0.2587958 0.9659321 0 -0.2587825 0.9659357 0 -0.4226368 0.9062992 0 -0.4226572 0.9062896 0 -0.5736147 0.8191253 0 -0.5736144 0.8191255 0 -0.7071389 0.7070747 0 -0.7071123 0.7071014 0 -0.8191388 0.5735954 0 -0.819164 0.5735595 0 -0.9063032 0.4226282 0 -0.9063237 0.4225844 0 -0.9659149 0.25886 0 -0.9961956 0.0871461 0 -0.9962002 0.08709311</float_array>
          <technique_common>
            <accessor source="#MMO_700_dual_-_rail_cover_small-3-mesh-normals-array" count="108" stride="3">
              <param name="X" type="float"/>
              <param name="Y" type="float"/>
              <param name="Z" type="float"/>
            </accessor>
          </technique_common>
        </source>
        <vertices id="MMO_700_dual_-_rail_cover_small-3-mesh-vertices">
          <input semantic="POSITION" source="#MMO_700_dual_-_rail_cover_small-3-mesh-positions"/>
        </vertices>
        <triangles count="160">
          <input semantic="VERTEX" source="#MMO_700_dual_-_rail_cover_small-3-mesh-vertices" offset="0"/>
          <input semantic="NORMAL" source="#MMO_700_dual_-_rail_cover_small-3-mesh-normals" offset="1"/>
          <p>0 0 1 0 2 0 2 0 1 0 3 0 4 1 5 1 6 1 6 1 5 1 7 1 8 2 9 2 10 2 10 2 9 2 11 2 12 3 13 3 14 3 14 3 13 3 15 3 11 4 1 4 10 4 10 4 1 4 0 4 16 4 17 4 11 4 18 4 19 4 20 4 20 5 19 5 21 5 20 4 21 4 22 4 15 4 1 4 14 4 14 4 1 4 11 4 14 4 11 4 23 4 23 6 11 6 17 6 24 4 25 4 26 4 24 4 27 4 25 4 25 7 27 7 5 7 25 8 5 8 28 8 16 9 11 9 21 9 21 10 11 10 29 10 21 11 29 11 22 11 30 12 31 12 32 12 15 4 33 4 1 4 1 13 33 13 31 13 1 4 31 4 34 4 34 4 31 4 30 4 35 14 36 14 37 14 37 15 36 15 38 15 37 16 38 16 39 16 39 12 38 12 4 12 4 17 38 17 40 17 4 4 40 4 41 4 41 18 42 18 4 18 4 19 42 19 10 19 4 4 10 4 5 4 5 4 10 4 0 4 5 20 0 20 28 20 26 21 43 21 24 21 24 22 43 22 44 22 24 23 44 23 45 23 32 4 46 4 30 4 30 4 46 4 47 4 30 24 47 24 48 24 2 25 3 25 7 25 13 25 12 25 9 25 2 26 7 26 49 26 12 25 50 25 9 25 9 27 50 27 51 27 9 28 51 28 52 28 52 25 53 25 9 25 9 29 53 29 54 29 9 30 54 30 55 30 55 25 56 25 9 25 9 31 56 31 57 31 9 25 57 25 58 25 3 25 59 25 60 25 60 25 59 25 61 25 60 32 61 32 62 32 62 25 61 25 63 25 60 25 13 25 3 25 3 25 13 25 9 25 3 25 9 25 7 25 7 33 9 33 8 33 7 25 8 25 6 25 6 34 8 34 64 34 6 25 64 25 65 25 66 25 67 25 68 25 68 25 67 25 69 25 65 25 70 25 6 25 6 35 70 35 69 35 6 25 69 25 71 25 71 36 69 36 67 36 7 25 72 25 49 25 49 37 72 37 73 37 49 25 73 25 74 25 74 38 73 38 75 38 63 25 76 25 62 25 62 25 76 25 77 25 62 25 77 25 78 25 75 25 79 25 74 25 74 25 79 25 80 25 74 39 80 39 81 39 4 40 6 40 71 40 4 41 71 41 39 41 39 42 71 42 67 42 39 43 67 43 37 43 37 44 67 44 66 44 37 45 66 45 35 45 35 46 66 46 68 46 35 47 68 47 36 47 36 48 68 48 69 48 36 49 69 49 38 49 38 50 69 50 70 50 38 51 70 51 40 51 40 52 70 52 65 52 40 52 65 52 41 52 41 53 65 53 64 53 41 53 64 53 42 53 42 54 64 54 8 54 42 55 8 55 10 55 11 56 9 56 58 56 11 57 58 57 29 57 29 58 58 58 57 58 29 58 57 58 22 58 22 59 57 59 56 59 22 60 56 60 20 60 20 61 56 61 55 61 20 62 55 62 18 62 18 63 55 63 54 63 18 64 54 64 19 64 19 65 54 65 53 65 19 66 53 66 21 66 21 67 53 67 52 67 21 68 52 68 16 68 16 69 52 69 51 69 16 70 51 70 17 70 17 71 51 71 50 71 17 72 50 72 23 72 23 73 50 73 12 73 23 73 12 73 14 73 0 74 2 74 49 74 0 75 49 75 28 75 28 76 49 76 74 76 28 76 74 76 25 76 25 77 74 77 81 77 25 78 81 78 26 78 26 79 81 79 80 79 26 80 80 80 43 80 43 81 80 81 79 81 43 82 79 82 44 82 44 83 79 83 75 83 44 84 75 84 45 84 45 85 75 85 73 85 45 86 73 86 24 86 24 87 73 87 72 87 24 88 72 88 27 88 27 89 72 89 7 89 27 90 7 90 5 90 15 91 13 91 60 91 15 92 60 92 33 92 33 93 60 93 62 93 33 94 62 94 31 94 31 95 62 95 78 95 31 96 78 96 32 96 32 97 78 97 77 97 32 98 77 98 46 98 46 99 77 99 76 99 46 100 76 100 47 100 47 101 76 101 63 101 47 102 63 102 48 102 48 103 63 103 61 103 48 104 61 104 30 104 30 105 61 105 59 105 30 105 59 105 34 105 34 106 59 106 3 106 34 107 3 107 1 107</p>
        </triangles>
      </mesh>
    </geometry>
    <geometry id="MMO_700_dual_-_rail_cover_small-2-mesh" name="MMO_700_dual - rail_cover_small-2">
      <mesh>
        <source id="MMO_700_dual_-_rail_cover_small-2-mesh-positions">
          <float_array id="MMO_700_dual_-_rail_cover_small-2-mesh-positions-array" count="246">0.05910497 0.50211 1.416952 0.05910497 0.50211 1.451951 0.04910498 0.50211 1.416952 0.04910498 0.50211 1.451951 0.05910497 0.54211 1.411952 0.05910497 0.50711 1.411952 0.04910498 0.54211 1.411952 0.04910498 0.50711 1.411952 0.04910498 0.54711 1.416952 0.04910498 0.54711 1.451951 0.05910497 0.54711 1.416952 0.05910497 0.54711 1.451951 0.04910498 0.54211 1.456951 0.04910498 0.50711 1.456951 0.05910497 0.54211 1.456951 0.05910497 0.50711 1.456951 0.05910497 0.54438 1.456406 0.05910497 0.5436551 1.456707 0.05910497 0.5461551 1.45489 0.05910497 0.5456455 1.455487 0.05910497 0.546565 1.454221 0.05910497 0.5450489 1.455997 0.05910497 0.5468653 1.453497 0.05910497 0.5428922 1.45689 0.05910497 0.5053999 1.412253 0.05910497 0.5024116 1.415241 0.05910497 0.5027799 1.414451 0.05910497 0.5062417 1.412027 0.05910497 0.502186 1.416083 0.05910497 0.5470485 1.452734 0.05910497 0.5024116 1.453662 0.05910497 0.5053999 1.45665 0.05910497 0.50461 1.456282 0.05910497 0.5062417 1.456876 0.05910497 0.502186 1.45282 0.05910497 0.54461 1.412621 0.05910497 0.5453239 1.413121 0.05910497 0.5438201 1.412253 0.05910497 0.5459402 1.413738 0.05910497 0.5429782 1.412027 0.05910497 0.5464401 1.414451 0.05910497 0.5468085 1.415241 0.05910497 0.547034 1.416083 0.05910497 0.5032798 1.413738 0.05910497 0.5038961 1.413121 0.05910497 0.50461 1.412621 0.05910497 0.5038961 1.455782 0.05910497 0.5032798 1.455165 0.05910497 0.5027799 1.454451 0.04910498 0.502186 1.416083 0.04910498 0.5428922 1.45689 0.04910498 0.5436551 1.456707 0.04910498 0.54438 1.456406 0.04910498 0.5450489 1.455997 0.04910498 0.5456455 1.455487 0.04910498 0.5461551 1.45489 0.04910498 0.546565 1.454221 0.04910498 0.5468653 1.453497 0.04910498 0.5470485 1.452734 0.04910498 0.502186 1.45282 0.04910498 0.5062417 1.456876 0.04910498 0.5024116 1.453662 0.04910498 0.5053999 1.45665 0.04910498 0.5027799 1.454451 0.04910498 0.547034 1.416083 0.04910498 0.5468085 1.415241 0.04910498 0.54461 1.412621 0.04910498 0.5438201 1.412253 0.04910498 0.5453239 1.413121 0.04910498 0.5459402 1.413738 0.04910498 0.5464401 1.414451 0.04910498 0.5429782 1.412027 0.04910498 0.5062417 1.412027 0.04910498 0.5053999 1.412253 0.04910498 0.5024116 1.415241 0.04910498 0.50461 1.412621 0.04910498 0.5032798 1.455165 0.04910498 0.5038961 1.455782 0.04910498 0.50461 1.456282 0.04910498 0.5038961 1.413121 0.04910498 0.5032798 1.413738 0.04910498 0.5027799 1.414451</float_array>
          <technique_common>
            <accessor source="#MMO_700_dual_-_rail_cover_small-2-mesh-positions-array" count="82" stride="3">
              <param name="X" type="float"/>
              <param name="Y" type="float"/>
              <param name="Z" type="float"/>
            </accessor>
          </technique_common>
        </source>
        <source id="MMO_700_dual_-_rail_cover_small-2-mesh-normals">
          <float_array id="MMO_700_dual_-_rail_cover_small-2-mesh-normals-array" count="333">0 -1 0 0 0 -1 0 1 0 0 0 1 1 0 0 1 -1.27033e-5 0 1 -1.94401e-5 0 1 -1.45579e-6 0 1 1.81054e-5 0 1 1.56446e-5 0 1 5.33812e-6 0 1 -1.56779e-5 0 1 -1.1557e-5 0 1 5.66e-7 0 1 5.54078e-5 0 1 -1.8535e-5 0 1 1.8848e-5 0 1 3.9502e-6 0 1 -1.81054e-5 0 1 9.18392e-6 0 1 -9.18324e-6 0 1 -1.88594e-5 0 1 1.8535e-5 0 1 -2.76549e-5 0 1 5.51146e-5 0 -1 0 0 -1 -7.34603e-6 0 -1 1.82237e-6 0 -1 -5.28382e-6 0 -1 1.06728e-5 0 -1 7.84388e-6 0 -1 -2.53859e-5 0 -1 1.57988e-5 0 -1 1.66308e-7 0 -1 3.67357e-6 0 -1 3.9502e-6 0 -1 1.88594e-5 0 -1 -5.09337e-6 0 -1 5.7742e-6 0 -1 -5.50176e-5 0 0 0.08712428 -0.9961975 0 0.08712416 -0.9961975 0 0.2587958 -0.9659321 0 0.4226163 -0.9063087 0 0.4226572 -0.9062896 0 0.5735228 -0.8191897 0 0.5735226 -0.8191899 0 0.7071389 -0.7070747 0 0.7070855 -0.7071281 0 0.819189 -0.5735237 0 0.8191388 -0.5735954 0 0.9063032 -0.4226282 0 0.9062623 -0.422716 0 0.965955 -0.2587105 0 0.9659283 -0.2588102 0 0.9961827 -0.08729332 0 0.9962013 -0.08708131 0 0.9969075 0.07858371 0 0.9969261 0.0783478 0 0.9723895 0.2333639 0 0.9723356 0.2335884 0 0.9238842 0.3826724 0 0.923884 0.3826727 0 0.8525972 0.5225687 0 0.8526499 0.5224828 0 0.7604991 0.6493391 0 0.7603814 0.6494768 0 0.6494418 0.7604113 0 0.6495002 0.7603616 0 0.5224562 0.8526661 0 0.5223498 0.8527314 0 0.3827759 0.9238412 0 0.3826918 0.9238761 0 0.2335168 0.9723528 0 0.2335165 0.9723529 0 0.0784052 0.9969217 0 0.0783959 0.9969224 0 -0.9962012 -0.08708125 0 -0.996192 -0.08718734 0 -0.965955 -0.2587105 0 -0.9658749 -0.2590095 0 -0.906385 -0.4224527 0 -0.9062623 -0.422716 0 -0.8191388 -0.5735954 0 -0.819189 -0.5735237 0 -0.7070855 -0.7071281 0 -0.7071389 -0.7070747 0 -0.5735228 -0.8191897 0 -0.5735226 -0.8191899 0 -0.4226572 -0.9062896 0 -0.4226163 -0.9063087 0 -0.2587958 -0.9659321 0 -0.08712428 -0.9961975 0 -0.08712416 -0.9961975 0 -0.08712428 0.9961975 0 -0.08712416 0.9961975 0 -0.2587958 0.9659321 0 -0.4226163 0.9063087 0 -0.4226572 0.9062896 0 -0.5736147 0.8191253 0 -0.5736144 0.8191255 0 -0.7071389 0.7070747 0 -0.7070855 0.7071281 0 -0.819189 0.5735237 0 -0.8191388 0.5735954 0 -0.9062623 0.422716 0 -0.906385 0.4224527 0 -0.9658749 0.2590095 0 -0.965955 0.2587105 0 -0.996191 0.08719915 0 -0.9962002 0.08709311</float_array>
          <technique_common>
            <accessor source="#MMO_700_dual_-_rail_cover_small-2-mesh-normals-array" count="111" stride="3">
              <param name="X" type="float"/>
              <param name="Y" type="float"/>
              <param name="Z" type="float"/>
            </accessor>
          </technique_common>
        </source>
        <vertices id="MMO_700_dual_-_rail_cover_small-2-mesh-vertices">
          <input semantic="POSITION" source="#MMO_700_dual_-_rail_cover_small-2-mesh-positions"/>
        </vertices>
        <triangles count="160">
          <input semantic="VERTEX" source="#MMO_700_dual_-_rail_cover_small-2-mesh-vertices" offset="0"/>
          <input semantic="NORMAL" source="#MMO_700_dual_-_rail_cover_small-2-mesh-normals" offset="1"/>
          <p>0 0 1 0 2 0 2 0 1 0 3 0 4 1 5 1 6 1 6 1 5 1 7 1 8 2 9 2 10 2 10 2 9 2 11 2 12 3 13 3 14 3 14 3 13 3 15 3 11 4 1 4 10 4 10 4 1 4 0 4 16 4 17 4 11 4 18 4 19 4 20 4 20 5 19 5 21 5 20 4 21 4 22 4 15 4 1 4 14 4 14 4 1 4 11 4 14 4 11 4 23 4 23 6 11 6 17 6 24 4 25 4 26 4 24 4 27 4 25 4 25 7 27 7 5 7 25 8 5 8 28 8 16 9 11 9 21 9 21 10 11 10 29 10 21 11 29 11 22 11 30 12 31 12 32 12 15 4 33 4 1 4 1 13 33 13 31 13 1 4 31 4 34 4 34 4 31 4 30 4 35 14 36 14 37 14 37 15 36 15 38 15 37 16 38 16 39 16 39 12 38 12 4 12 4 17 38 17 40 17 4 4 40 4 41 4 41 18 42 18 4 18 4 19 42 19 10 19 4 4 10 4 5 4 5 4 10 4 0 4 5 20 0 20 28 20 26 21 43 21 24 21 24 22 43 22 44 22 24 23 44 23 45 23 32 4 46 4 30 4 30 4 46 4 47 4 30 24 47 24 48 24 2 25 3 25 7 25 13 25 12 25 9 25 2 26 7 26 49 26 12 25 50 25 9 25 9 27 50 27 51 27 9 28 51 28 52 28 52 25 53 25 9 25 9 29 53 29 54 29 9 30 54 30 55 30 55 25 56 25 9 25 9 31 56 31 57 31 9 25 57 25 58 25 3 25 59 25 60 25 60 25 59 25 61 25 60 32 61 32 62 32 62 25 61 25 63 25 60 25 13 25 3 25 3 25 13 25 9 25 3 25 9 25 7 25 7 33 9 33 8 33 7 25 8 25 6 25 6 34 8 34 64 34 6 25 64 25 65 25 66 25 67 25 68 25 68 25 67 25 69 25 65 25 70 25 6 25 6 35 70 35 69 35 6 25 69 25 71 25 71 36 69 36 67 36 7 25 72 25 49 25 49 37 72 37 73 37 49 25 73 25 74 25 74 38 73 38 75 38 63 25 76 25 62 25 62 25 76 25 77 25 62 25 77 25 78 25 75 25 79 25 74 25 74 25 79 25 80 25 74 39 80 39 81 39 4 40 6 40 71 40 4 41 71 41 39 41 39 42 71 42 67 42 39 42 67 42 37 42 37 43 67 43 66 43 37 44 66 44 35 44 35 45 66 45 68 45 35 46 68 46 36 46 36 47 68 47 69 47 36 48 69 48 38 48 38 49 69 49 70 49 38 50 70 50 40 50 40 51 70 51 65 51 40 52 65 52 41 52 41 53 65 53 64 53 41 54 64 54 42 54 42 55 64 55 8 55 42 56 8 56 10 56 11 57 9 57 58 57 11 58 58 58 29 58 29 59 58 59 57 59 29 60 57 60 22 60 22 61 57 61 56 61 22 62 56 62 20 62 20 63 56 63 55 63 20 64 55 64 18 64 18 65 55 65 54 65 18 66 54 66 19 66 19 67 54 67 53 67 19 68 53 68 21 68 21 69 53 69 52 69 21 70 52 70 16 70 16 71 52 71 51 71 16 72 51 72 17 72 17 73 51 73 50 73 17 74 50 74 23 74 23 75 50 75 12 75 23 76 12 76 14 76 0 77 2 77 49 77 0 78 49 78 28 78 28 79 49 79 74 79 28 80 74 80 25 80 25 81 74 81 81 81 25 82 81 82 26 82 26 83 81 83 80 83 26 84 80 84 43 84 43 85 80 85 79 85 43 86 79 86 44 86 44 87 79 87 75 87 44 88 75 88 45 88 45 89 75 89 73 89 45 90 73 90 24 90 24 91 73 91 72 91 24 91 72 91 27 91 27 92 72 92 7 92 27 93 7 93 5 93 15 94 13 94 60 94 15 95 60 95 33 95 33 96 60 96 62 96 33 96 62 96 31 96 31 97 62 97 78 97 31 98 78 98 32 98 32 99 78 99 77 99 32 100 77 100 46 100 46 101 77 101 76 101 46 102 76 102 47 102 47 103 76 103 63 103 47 104 63 104 48 104 48 105 63 105 61 105 48 106 61 106 30 106 30 107 61 107 59 107 30 108 59 108 34 108 34 109 59 109 3 109 34 110 3 110 1 110</p>
        </triangles>
      </mesh>
    </geometry>
    <geometry id="MMO_700_dual_-_rail_cover_small-1-mesh" name="MMO_700_dual - rail_cover_small-1">
      <mesh>
        <source id="MMO_700_dual_-_rail_cover_small-1-mesh-positions">
          <float_array id="MMO_700_dual_-_rail_cover_small-1-mesh-positions-array" count="246">0.461105 0.39211 1.416952 0.461105 0.39211 1.451951 0.471105 0.39211 1.416952 0.471105 0.39211 1.451951 0.461105 0.35211 1.411952 0.461105 0.38711 1.411952 0.471105 0.35211 1.411952 0.471105 0.38711 1.411952 0.471105 0.34711 1.416952 0.471105 0.34711 1.451951 0.461105 0.34711 1.416952 0.461105 0.34711 1.451951 0.471105 0.35211 1.456951 0.471105 0.38711 1.456951 0.461105 0.35211 1.456951 0.461105 0.38711 1.456951 0.461105 0.3498401 1.456406 0.461105 0.3505649 1.456707 0.461105 0.3480649 1.45489 0.461105 0.3485745 1.455487 0.461105 0.3476549 1.454221 0.461105 0.3491711 1.455997 0.461105 0.3473547 1.453497 0.461105 0.3513278 1.45689 0.461105 0.3888201 1.412253 0.461105 0.3918085 1.415241 0.461105 0.3914401 1.414451 0.461105 0.3879782 1.412027 0.461105 0.392034 1.416083 0.461105 0.3471716 1.452734 0.461105 0.3918085 1.453662 0.461105 0.3888201 1.45665 0.461105 0.38961 1.456282 0.461105 0.3879782 1.456876 0.461105 0.392034 1.45282 0.461105 0.34961 1.412621 0.461105 0.348896 1.413121 0.461105 0.3503999 1.412253 0.461105 0.3482798 1.413738 0.461105 0.3512417 1.412027 0.461105 0.3477799 1.414451 0.461105 0.3474115 1.415241 0.461105 0.3471859 1.416083 0.461105 0.3909402 1.413738 0.461105 0.3903239 1.413121 0.461105 0.38961 1.412621 0.461105 0.3903239 1.455782 0.461105 0.3909402 1.455165 0.461105 0.3914401 1.454451 0.471105 0.392034 1.416083 0.471105 0.3513278 1.45689 0.471105 0.3505649 1.456707 0.471105 0.3498401 1.456406 0.471105 0.3491711 1.455997 0.471105 0.3485745 1.455487 0.471105 0.3480649 1.45489 0.471105 0.3476549 1.454221 0.471105 0.3473547 1.453497 0.471105 0.3471716 1.452734 0.471105 0.392034 1.45282 0.471105 0.3879782 1.456876 0.471105 0.3918085 1.453662 0.471105 0.3888201 1.45665 0.471105 0.3914401 1.454451 0.471105 0.3471859 1.416083 0.471105 0.3474115 1.415241 0.471105 0.34961 1.412621 0.471105 0.3503999 1.412253 0.471105 0.348896 1.413121 0.471105 0.3482798 1.413738 0.471105 0.3477799 1.414451 0.471105 0.3512417 1.412027 0.471105 0.3879782 1.412027 0.471105 0.3888201 1.412253 0.471105 0.3918085 1.415241 0.471105 0.38961 1.412621 0.471105 0.3909402 1.455165 0.471105 0.3903239 1.455782 0.471105 0.38961 1.456282 0.471105 0.3903239 1.413121 0.471105 0.3909402 1.413738 0.471105 0.3914401 1.414451</float_array>
          <technique_common>
            <accessor source="#MMO_700_dual_-_rail_cover_small-1-mesh-positions-array" count="82" stride="3">
              <param name="X" type="float"/>
              <param name="Y" type="float"/>
              <param name="Z" type="float"/>
            </accessor>
          </technique_common>
        </source>
        <source id="MMO_700_dual_-_rail_cover_small-1-mesh-normals">
          <float_array id="MMO_700_dual_-_rail_cover_small-1-mesh-normals-array" count="339">0 1 0 0 0 -1 0 -1 0 0 0 1 -1 0 0 -1 1.01709e-4 0 -1 9.24214e-5 0 -1 2.61994e-5 0 -1 7.24218e-5 0 -1 -1.25125e-4 0 -1 8.54062e-5 0 -1 -1.88229e-4 0 -1 1.17564e-4 0 -1 4.0752e-5 0 -1 -9.31793e-5 0 -1 -3.15856e-5 0 -1 4.65983e-5 0 -1 -7.24218e-5 0 -1 -2.93864e-5 0 -1 2.9384e-5 0 -1 -3.0175e-4 0 -1 -1.48633e-4 0 -1 -4.40917e-4 0 1 -2.12875e-5 0 1 0 0 1 -5.87682e-5 0 1 3.88803e-5 0 1 6.03865e-5 0 1 -1.25125e-4 0 1 4.26985e-5 0 1 -6.2751e-5 0 1 4.06421e-4 0 0.9999999 -6.03865e-4 0 1 -2.32775e-5 0 1 -1.2639e-4 0 1 4.62364e-5 0 1 2.66093e-6 0 1 2.93864e-5 0 1 1.81058e-5 0 1 -4.43262e-4 0 1 3.15856e-5 0 1 3.4926e-5 0 1 -1.15527e-4 0 1 -2.20459e-4 0 1 3.0175e-4 0 0 -0.08712416 -0.9961975 0 -0.2587964 -0.9659319 0 -0.2587815 -0.965936 0 -0.4226357 -0.9062997 0 -0.422659 -0.9062889 0 -0.573522 -0.8191902 0 -0.7071369 -0.7070768 0 -0.7071135 -0.7071002 0 -0.8191645 -0.5735588 0 -0.8191394 -0.5735946 0 -0.9063026 -0.4226295 0 -0.9063242 -0.4225831 0 -0.965915 -0.2588596 0 -0.9659145 -0.2588613 0 -0.9962013 -0.08708143 0 -0.9961966 -0.08713448 0 -0.9969168 0.07846593 0 -0.9969215 0.07840692 0 -0.9723626 0.2334762 0 -0.972376 0.2334201 0 -0.9238631 0.382723 0 -0.923904 0.3826243 0 -0.8526229 0.5225268 0 -0.7604096 0.6494439 0 -0.7604127 0.6494402 0 -0.6494709 0.7603866 0 -0.6495273 0.7603383 0 -0.5224308 0.8526817 0 -0.5223752 0.8527157 0 -0.3827329 0.9238591 0 -0.2335165 0.9723529 0 -0.23353 0.9723497 0 -0.07840013 0.996922 0 -0.07839596 0.9969224 0 0.9962013 -0.08708143 0 0.996192 -0.08718746 0 0.9659016 -0.2589094 0 0.9659279 -0.2588114 0 0.9063026 -0.4226295 0 0.9063447 -0.4225392 0 0.8191394 -0.5735946 0 0.7071369 -0.7070768 0 0.7071135 -0.7071002 0 0.5735471 -0.8191726 0 0.573522 -0.8191902 0 0.4226357 -0.9062997 0 0.422618 -0.9063079 0 0.2587964 -0.9659319 0 0.2587815 -0.965936 0 0.08712416 -0.9961975 0 0.08713346 -0.9961967 0 0.08713346 0.9961967 0 0.08712416 0.9961975 0 0.2587831 0.9659355 0 0.2587949 0.9659323 0 0.4226153 0.9063093 0 0.4226384 0.9062983 0 0.5736138 0.8191259 0 0.5736412 0.8191068 0 0.7071101 0.7071034 0 0.7071402 0.7070734 0 0.8191394 0.5735946 0 0.9063435 0.4225417 0 0.9063038 0.422627 0 0.9659283 0.2588098 0 0.9659012 0.2589111 0 0.996191 0.08719909 0 0.9962002 0.08709305</float_array>
          <technique_common>
            <accessor source="#MMO_700_dual_-_rail_cover_small-1-mesh-normals-array" count="113" stride="3">
              <param name="X" type="float"/>
              <param name="Y" type="float"/>
              <param name="Z" type="float"/>
            </accessor>
          </technique_common>
        </source>
        <vertices id="MMO_700_dual_-_rail_cover_small-1-mesh-vertices">
          <input semantic="POSITION" source="#MMO_700_dual_-_rail_cover_small-1-mesh-positions"/>
        </vertices>
        <triangles count="160">
          <input semantic="VERTEX" source="#MMO_700_dual_-_rail_cover_small-1-mesh-vertices" offset="0"/>
          <input semantic="NORMAL" source="#MMO_700_dual_-_rail_cover_small-1-mesh-normals" offset="1"/>
          <p>0 0 1 0 2 0 2 0 1 0 3 0 4 1 5 1 6 1 6 1 5 1 7 1 8 2 9 2 10 2 10 2 9 2 11 2 12 3 13 3 14 3 14 3 13 3 15 3 11 4 1 4 10 4 10 4 1 4 0 4 16 4 17 4 11 4 18 4 19 4 20 4 20 5 19 5 21 5 20 4 21 4 22 4 15 4 1 4 14 4 14 4 1 4 11 4 14 4 11 4 23 4 23 4 11 4 17 4 24 6 25 6 26 6 24 4 27 4 25 4 25 7 27 7 5 7 25 8 5 8 28 8 16 9 11 9 21 9 21 10 11 10 29 10 21 11 29 11 22 11 30 4 31 4 32 4 15 12 33 12 1 12 1 13 33 13 31 13 1 14 31 14 34 14 34 4 31 4 30 4 35 4 36 4 37 4 37 4 36 4 38 4 37 4 38 4 39 4 39 4 38 4 4 4 4 15 38 15 40 15 4 16 40 16 41 16 41 17 42 17 4 17 4 18 42 18 10 18 4 4 10 4 5 4 5 4 10 4 0 4 5 19 0 19 28 19 26 20 43 20 24 20 24 4 43 4 44 4 24 4 44 4 45 4 32 4 46 4 30 4 30 21 46 21 47 21 30 22 47 22 48 22 2 23 3 23 7 23 13 24 12 24 9 24 2 25 7 25 49 25 12 24 50 24 9 24 9 26 50 26 51 26 9 27 51 27 52 27 52 28 53 28 9 28 9 29 53 29 54 29 9 30 54 30 55 30 55 24 56 24 9 24 9 31 56 31 57 31 9 32 57 32 58 32 3 24 59 24 60 24 60 33 59 33 61 33 60 34 61 34 62 34 62 35 61 35 63 35 60 24 13 24 3 24 3 24 13 24 9 24 3 24 9 24 7 24 7 36 9 36 8 36 7 24 8 24 6 24 6 37 8 37 64 37 6 38 64 38 65 38 66 39 67 39 68 39 68 24 67 24 69 24 65 24 70 24 6 24 6 40 70 40 69 40 6 24 69 24 71 24 71 24 69 24 67 24 7 24 72 24 49 24 49 41 72 41 73 41 49 24 73 24 74 24 74 42 73 42 75 42 63 24 76 24 62 24 62 24 76 24 77 24 62 43 77 43 78 43 75 44 79 44 74 44 74 24 79 24 80 24 74 24 80 24 81 24 4 45 6 45 71 45 4 45 71 45 39 45 39 46 71 46 67 46 39 47 67 47 37 47 37 48 67 48 66 48 37 49 66 49 35 49 35 50 66 50 68 50 35 50 68 50 36 50 36 51 68 51 69 51 36 52 69 52 38 52 38 53 69 53 70 53 38 54 70 54 40 54 40 55 70 55 65 55 40 56 65 56 41 56 41 57 65 57 64 57 41 58 64 58 42 58 42 59 64 59 8 59 42 60 8 60 10 60 11 61 9 61 58 61 11 62 58 62 29 62 29 63 58 63 57 63 29 64 57 64 22 64 22 65 57 65 56 65 22 66 56 66 20 66 20 67 56 67 55 67 20 67 55 67 18 67 18 68 55 68 54 68 18 69 54 69 19 69 19 70 54 70 53 70 19 71 53 71 21 71 21 72 53 72 52 72 21 73 52 73 16 73 16 74 52 74 51 74 16 74 51 74 17 74 17 75 51 75 50 75 17 76 50 76 23 76 23 77 50 77 12 77 23 78 12 78 14 78 0 79 2 79 49 79 0 80 49 80 28 80 28 81 49 81 74 81 28 82 74 82 25 82 25 83 74 83 81 83 25 84 81 84 26 84 26 85 81 85 80 85 26 85 80 85 43 85 43 86 80 86 79 86 43 87 79 87 44 87 44 88 79 88 75 88 44 89 75 89 45 89 45 90 75 90 73 90 45 91 73 91 24 91 24 92 73 92 72 92 24 93 72 93 27 93 27 94 72 94 7 94 27 95 7 95 5 95 15 96 13 96 60 96 15 97 60 97 33 97 33 98 60 98 62 98 33 99 62 99 31 99 31 100 62 100 78 100 31 101 78 101 32 101 32 102 78 102 77 102 32 103 77 103 46 103 46 104 77 104 76 104 46 105 76 105 47 105 47 106 76 106 63 106 47 106 63 106 48 106 48 107 63 107 61 107 48 108 61 108 30 108 30 109 61 109 59 109 30 110 59 110 34 110 34 111 59 111 3 111 34 112 3 112 1 112</p>
        </triangles>
      </mesh>
    </geometry>
    <geometry id="MMO_700_dual_-_rail_cover-2-mesh" name="MMO_700_dual - rail_cover-2">
      <mesh>
        <source id="MMO_700_dual_-_rail_cover-2-mesh-positions">
          <float_array id="MMO_700_dual_-_rail_cover-2-mesh-positions-array" count="246">0.305105 0.50711 1.646952 0.305105 0.54211 1.646952 0.305105 0.50711 1.656952 0.305105 0.54211 1.656952 0.220105 0.50211 1.646952 0.300105 0.50211 1.646952 0.220105 0.50211 1.656952 0.300105 0.50211 1.656952 0.2151049 0.50711 1.656952 0.2151049 0.54211 1.656952 0.2151049 0.50711 1.646952 0.2151049 0.54211 1.646952 0.220105 0.54711 1.656952 0.300105 0.54711 1.656952 0.220105 0.54711 1.646952 0.300105 0.54711 1.646952 0.3039352 0.5453239 1.646952 0.3044351 0.54461 1.646952 0.2192367 0.502186 1.646952 0.2183949 0.5024116 1.646952 0.217835 0.546565 1.646952 0.2185599 0.5468653 1.646952 0.2193228 0.5470485 1.646952 0.21565 0.54438 1.646952 0.2160599 0.5450489 1.646952 0.2153497 0.5436551 1.646952 0.2165694 0.5456455 1.646952 0.2151665 0.5428922 1.646952 0.2171661 0.5461551 1.646952 0.3009732 0.547034 1.646952 0.3018151 0.5468085 1.646952 0.3048034 0.5438201 1.646952 0.305029 0.5429782 1.646952 0.305029 0.5062417 1.646952 0.3048034 0.5053999 1.646952 0.3044351 0.50461 1.646952 0.3039352 0.5038961 1.646952 0.3033189 0.5032798 1.646952 0.217605 0.5027799 1.646952 0.2168911 0.5032798 1.646952 0.2162747 0.5038961 1.646952 0.2157748 0.50461 1.646952 0.2154065 0.5053999 1.646952 0.2151809 0.5062417 1.646952 0.302605 0.5464401 1.646952 0.3033189 0.5459402 1.646952 0.302605 0.5027799 1.646952 0.3018151 0.5024116 1.646952 0.3009732 0.502186 1.646952 0.2154065 0.5053999 1.656952 0.2157748 0.50461 1.656952 0.2183949 0.5024116 1.656952 0.2192367 0.502186 1.656952 0.305029 0.5429782 1.656952 0.3048034 0.5438201 1.656952 0.3044351 0.54461 1.656952 0.3039352 0.5453239 1.656952 0.3033189 0.5459402 1.656952 0.2193228 0.5470485 1.656952 0.2185599 0.5468653 1.656952 0.217835 0.546565 1.656952 0.21565 0.54438 1.656952 0.2153497 0.5436551 1.656952 0.2160599 0.5450489 1.656952 0.2165694 0.5456455 1.656952 0.3039352 0.5038961 1.656952 0.3044351 0.50461 1.656952 0.302605 0.5464401 1.656952 0.3018151 0.5468085 1.656952 0.3009732 0.547034 1.656952 0.2151665 0.5428922 1.656952 0.2171661 0.5461551 1.656952 0.2151809 0.5062417 1.656952 0.2162747 0.5038961 1.656952 0.2168911 0.5032798 1.656952 0.217605 0.5027799 1.656952 0.3018151 0.5024116 1.656952 0.302605 0.5027799 1.656952 0.3033189 0.5032798 1.656952 0.3048034 0.5053999 1.656952 0.305029 0.5062417 1.656952 0.3009732 0.502186 1.656952</float_array>
          <technique_common>
            <accessor source="#MMO_700_dual_-_rail_cover-2-mesh-positions-array" count="82" stride="3">
              <param name="X" type="float"/>
              <param name="Y" type="float"/>
              <param name="Z" type="float"/>
            </accessor>
          </technique_common>
        </source>
        <source id="MMO_700_dual_-_rail_cover-2-mesh-normals">
          <float_array id="MMO_700_dual_-_rail_cover-2-mesh-normals-array" count="327">1 0 0 0 -1 0 -1 0 0 0 1 0 0 0 -1 -3.96732e-4 0 -1 2.717e-4 0 -1 4.66463e-4 0 -1 1.44917e-4 0 -1 -1.76326e-4 0 -1 5.87761e-5 0 -1 1.44914e-4 0 -1 -3.72648e-4 0 -1 1.2639e-4 0 -1 5.94265e-4 0 -0.9999998 -3.0175e-4 0 -1 2.52837e-4 0 -1 -9.31557e-5 0 -1 -1.84809e-4 0 -1 -4.45633e-4 0 -0.9999999 2.26432e-4 0 -1 0 0 1 -2.35102e-4 0 1 2.17376e-4 0 1 -2.52829e-4 0 1 -1.9436e-5 0 1 1.44935e-4 0 1 0.001625299 0 0.9999988 3.0175e-4 0 1 -4.41501e-4 0 1 -5.01862e-4 0 0.9999999 6.83293e-4 0 0.9999998 2.89813e-4 0 1 -3.72623e-4 0 1 1.26418e-4 0 1 2.17372e-4 0 1 -2.35104e-4 0 1 1.84809e-4 0 1 -1.88693e-4 0 1 2.97089e-4 0 1 -0.08713048 -0.996197 0 -0.08712249 -0.9961976 0 -0.2588571 -0.9659156 0 -0.25885 -0.9659176 0 -0.4225863 -0.9063227 0 -0.4225754 -0.9063279 0 -0.5735645 -0.8191604 0 -0.5735735 -0.8191542 0 -0.7071335 -0.7070801 0 -0.7071202 -0.7070935 0 -0.8191579 -0.5735682 0 -0.8191667 -0.5735556 0 -0.9063026 -0.4226295 0 -0.9062821 -0.4226734 0 -0.9659274 -0.2588131 0 -0.9659293 -0.2588064 0 -0.996196 -0.08714139 0 -0.9961916 -0.08719211 0 -0.9969127 0.07851856 0 -0.9969174 0.07845956 0 -0.972376 0.2334201 0 -0.9238722 0.3827013 0 -0.8526452 0.5224904 0 -0.8526107 0.5225468 0 -0.7604159 0.6494365 0 -0.7604452 0.6494022 0 -0.6494487 0.7604054 0 -0.6494573 0.7603982 0 -0.5224556 0.8526665 0 -0.3827056 0.9238703 0 -0.3827393 0.9238565 0 -0.2334411 0.9723711 0 -0.2334616 0.9723661 0 -0.0784766 0.9969159 0 0.9961914 -0.08719444 0 0.9961962 -0.08713907 0 0.9659274 -0.2588131 0 0.9659159 -0.2588562 0 0.906323 -0.4225856 0 0.9063026 -0.4226295 0 0.8191579 -0.5735682 0 0.8191416 -0.5735914 0 0.7071068 -0.7071068 0 0.7071468 -0.7070667 0 0.5735645 -0.8191604 0 0.5735986 -0.8191366 0 0.4225659 -0.9063322 0 0.4225754 -0.9063279 0 0.2588438 -0.9659192 0 0.2588634 -0.965914 0 0.08713048 -0.996197 0 0.08712714 -0.9961972 0 0.08719676 0.9961912 0 0.2587949 0.9659323 0 0.2587877 0.9659342 0 0.4226412 0.9062971 0 0.4226208 0.9063066 0 0.5735897 0.8191428 0 0.5735735 0.8191542 0 0.7071335 0.7070801 0 0.7071202 0.7070935 0 0.8191328 0.573604 0 0.8191667 0.5735556 0 0.9063026 0.4226295 0 0.906323 0.4225856 0 0.9659141 0.258863 0 0.9659293 0.2588064 0 0.996196 0.08714139 0 0.9961916 0.08719211 0</float_array>
          <technique_common>
            <accessor source="#MMO_700_dual_-_rail_cover-2-mesh-normals-array" count="109" stride="3">
              <param name="X" type="float"/>
              <param name="Y" type="float"/>
              <param name="Z" type="float"/>
            </accessor>
          </technique_common>
        </source>
        <vertices id="MMO_700_dual_-_rail_cover-2-mesh-vertices">
          <input semantic="POSITION" source="#MMO_700_dual_-_rail_cover-2-mesh-positions"/>
        </vertices>
        <triangles count="160">
          <input semantic="VERTEX" source="#MMO_700_dual_-_rail_cover-2-mesh-vertices" offset="0"/>
          <input semantic="NORMAL" source="#MMO_700_dual_-_rail_cover-2-mesh-normals" offset="1"/>
          <p>0 0 1 0 2 0 2 0 1 0 3 0 4 1 5 1 6 1 6 1 5 1 7 1 8 2 9 2 10 2 10 2 9 2 11 2 12 3 13 3 14 3 14 3 13 3 15 3 14 4 15 4 1 4 16 4 17 4 15 4 5 4 4 4 10 4 10 5 4 5 18 5 10 6 18 6 19 6 20 4 21 4 11 4 11 7 21 7 22 7 23 4 24 4 25 4 25 4 24 4 26 4 25 4 26 4 27 4 27 4 26 4 11 4 11 4 26 4 28 4 11 4 28 4 20 4 15 4 29 4 30 4 17 4 31 4 15 4 15 8 31 8 32 8 15 9 32 9 1 9 22 4 14 4 11 4 11 4 14 4 1 4 11 4 1 4 10 4 10 4 1 4 0 4 10 4 0 4 5 4 5 10 0 10 33 10 5 11 33 11 34 11 34 12 35 12 5 12 5 13 35 13 36 13 5 4 36 4 37 4 38 4 39 4 19 4 19 14 39 14 40 14 19 15 40 15 41 15 41 4 42 4 19 4 19 16 42 16 43 16 19 17 43 17 10 17 30 4 44 4 15 4 15 4 44 4 45 4 15 18 45 18 16 18 46 4 47 4 37 4 37 19 47 19 48 19 37 20 48 20 5 20 13 21 12 21 9 21 49 21 50 21 51 21 6 21 7 21 2 21 52 21 6 21 8 21 8 21 6 21 2 21 8 21 2 21 9 21 9 21 2 21 3 21 9 21 3 21 13 21 13 22 3 22 53 22 13 23 53 23 54 23 54 21 55 21 13 21 13 24 55 24 56 24 13 21 56 21 57 21 12 21 58 21 9 21 9 25 58 25 59 25 9 26 59 26 60 26 61 21 62 21 63 21 63 27 62 27 64 27 65 21 66 21 7 21 57 28 67 28 13 28 13 21 67 21 68 21 13 29 68 29 69 29 62 21 70 21 64 21 64 30 70 30 9 30 64 31 9 31 71 31 71 21 9 21 60 21 52 32 8 32 51 32 51 33 8 33 72 33 51 34 72 34 49 34 50 21 73 21 51 21 51 21 73 21 74 21 51 21 74 21 75 21 76 21 77 21 78 21 66 21 79 21 7 21 7 35 79 35 80 35 7 36 80 36 2 36 65 37 7 37 78 37 78 38 7 38 81 38 78 39 81 39 76 39 4 40 6 40 52 40 4 41 52 41 18 41 18 42 52 42 51 42 18 43 51 43 19 43 19 44 51 44 75 44 19 45 75 45 38 45 38 46 75 46 74 46 38 47 74 47 39 47 39 48 74 48 73 48 39 49 73 49 40 49 40 50 73 50 50 50 40 51 50 51 41 51 41 52 50 52 49 52 41 53 49 53 42 53 42 54 49 54 72 54 42 55 72 55 43 55 43 56 72 56 8 56 43 57 8 57 10 57 11 58 9 58 70 58 11 59 70 59 27 59 27 60 70 60 62 60 27 60 62 60 25 60 25 61 62 61 61 61 25 61 61 61 23 61 23 62 61 62 63 62 23 63 63 63 24 63 24 64 63 64 64 64 24 65 64 65 26 65 26 66 64 66 71 66 26 67 71 67 28 67 28 68 71 68 60 68 28 68 60 68 20 68 20 69 60 69 59 69 20 70 59 70 21 70 21 71 59 71 58 71 21 72 58 72 22 72 22 73 58 73 12 73 22 73 12 73 14 73 0 74 2 74 80 74 0 75 80 75 33 75 33 76 80 76 79 76 33 77 79 77 34 77 34 78 79 78 66 78 34 79 66 79 35 79 35 80 66 80 65 80 35 81 65 81 36 81 36 82 65 82 78 82 36 83 78 83 37 83 37 84 78 84 77 84 37 85 77 85 46 85 46 86 77 86 76 86 46 87 76 87 47 87 47 88 76 88 81 88 47 89 81 89 48 89 48 90 81 90 7 90 48 91 7 91 5 91 15 92 13 92 69 92 15 92 69 92 29 92 29 93 69 93 68 93 29 94 68 94 30 94 30 95 68 95 67 95 30 96 67 96 44 96 44 97 67 97 57 97 44 98 57 98 45 98 45 99 57 99 56 99 45 100 56 100 16 100 16 101 56 101 55 101 16 102 55 102 17 102 17 103 55 103 54 103 17 104 54 104 31 104 31 105 54 105 53 105 31 106 53 106 32 106 32 107 53 107 3 107 32 108 3 108 1 108</p>
        </triangles>
      </mesh>
    </geometry>
    <geometry id="MMO_700_dual_-_rail_cover-1-mesh" name="MMO_700_dual - rail_cover-1">
      <mesh>
        <source id="MMO_700_dual_-_rail_cover-1-mesh-positions">
          <float_array id="MMO_700_dual_-_rail_cover-1-mesh-positions-array" count="246">0.305105 0.35211 1.646952 0.305105 0.38711 1.646952 0.305105 0.35211 1.656952 0.305105 0.38711 1.656952 0.220105 0.34711 1.646952 0.300105 0.34711 1.646952 0.220105 0.34711 1.656952 0.300105 0.34711 1.656952 0.2151049 0.35211 1.656952 0.2151049 0.38711 1.656952 0.2151049 0.35211 1.646952 0.2151049 0.38711 1.646952 0.220105 0.39211 1.656952 0.300105 0.39211 1.656952 0.220105 0.39211 1.646952 0.300105 0.39211 1.646952 0.3039352 0.3903239 1.646952 0.3044351 0.38961 1.646952 0.2192367 0.3471859 1.646952 0.2183949 0.3474115 1.646952 0.217835 0.391565 1.646952 0.2185599 0.3918653 1.646952 0.2193228 0.3920484 1.646952 0.21565 0.3893799 1.646952 0.2160599 0.3900489 1.646952 0.2153497 0.3886551 1.646952 0.2165694 0.3906455 1.646952 0.2151665 0.3878921 1.646952 0.2171661 0.3911551 1.646952 0.3009732 0.392034 1.646952 0.3018151 0.3918085 1.646952 0.3048034 0.3888201 1.646952 0.305029 0.3879782 1.646952 0.305029 0.3512417 1.646952 0.3048034 0.3503999 1.646952 0.3044351 0.34961 1.646952 0.3039352 0.348896 1.646952 0.3033189 0.3482798 1.646952 0.217605 0.3477799 1.646952 0.2168911 0.3482798 1.646952 0.2162747 0.348896 1.646952 0.2157748 0.34961 1.646952 0.2154065 0.3503999 1.646952 0.2151809 0.3512417 1.646952 0.302605 0.3914401 1.646952 0.3033189 0.3909402 1.646952 0.302605 0.3477799 1.646952 0.3018151 0.3474115 1.646952 0.3009732 0.3471859 1.646952 0.2154065 0.3503999 1.656952 0.2157748 0.34961 1.656952 0.2183949 0.3474115 1.656952 0.2192367 0.3471859 1.656952 0.305029 0.3879782 1.656952 0.3048034 0.3888201 1.656952 0.3044351 0.38961 1.656952 0.3039352 0.3903239 1.656952 0.3033189 0.3909402 1.656952 0.2193228 0.3920484 1.656952 0.2185599 0.3918653 1.656952 0.217835 0.391565 1.656952 0.21565 0.3893799 1.656952 0.2153497 0.3886551 1.656952 0.2160599 0.3900489 1.656952 0.2165694 0.3906455 1.656952 0.3039352 0.348896 1.656952 0.3044351 0.34961 1.656952 0.302605 0.3914401 1.656952 0.3018151 0.3918085 1.656952 0.3009732 0.392034 1.656952 0.2151665 0.3878921 1.656952 0.2171661 0.3911551 1.656952 0.2151809 0.3512417 1.656952 0.2162747 0.348896 1.656952 0.2168911 0.3482798 1.656952 0.217605 0.3477799 1.656952 0.3018151 0.3474115 1.656952 0.302605 0.3477799 1.656952 0.3033189 0.3482798 1.656952 0.3048034 0.3503999 1.656952 0.305029 0.3512417 1.656952 0.3009732 0.3471859 1.656952</float_array>
          <technique_common>
            <accessor source="#MMO_700_dual_-_rail_cover-1-mesh-positions-array" count="82" stride="3">
              <param name="X" type="float"/>
              <param name="Y" type="float"/>
              <param name="Z" type="float"/>
            </accessor>
          </technique_common>
        </source>
        <source id="MMO_700_dual_-_rail_cover-1-mesh-normals">
          <float_array id="MMO_700_dual_-_rail_cover-1-mesh-normals-array" count="351">1 0 0 0 -1 0 -1 0 0 0 1 0 0 0 -1 -3.96703e-4 0 -1 2.71734e-4 0 -1 -1.55494e-4 0 -1 8.12347e-4 0 -0.9999997 -0.001003742 0 -0.9999995 2.56213e-4 0 -1 1.25102e-4 0 -1 4.41306e-4 0 -1 -1.44916e-4 0 -1 2.3512e-4 0 -1 -5.16929e-4 0 -0.9999999 5.87751e-5 0 -1 1.44916e-4 0 -1 -3.72578e-4 0 -1 1.26434e-4 0 -1 1.84779e-4 0 -1 -3.01773e-4 0 -1 2.52872e-4 0 -1 -9.31444e-5 0 -1 1.84826e-4 0 -1 1.48655e-4 0 -1 -7.54546e-5 0 -1 0 0 1 -2.3512e-4 0 1 2.17375e-4 0 1 -2.52868e-4 0 1 1.84826e-4 0 1 -1.94367e-5 0 1 1.44928e-4 0 1 -3.01659e-4 0 1 2.97398e-4 0 1 -7.52867e-4 0 0.9999998 6.83235e-4 0 0.9999998 2.89855e-4 0 1 -3.72578e-4 0 1 1.26436e-4 0 1 2.17374e-4 0 1 -2.351e-4 0 1 1.84775e-4 0 1 -1.88637e-4 0 1 2.97309e-4 0 1 -0.08713048 -0.996197 0 -0.08712249 -0.9961976 0 -0.2588571 -0.9659156 0 -0.25885 -0.9659176 0 -0.4226083 -0.9063125 0 -0.5735645 -0.8191604 0 -0.5735735 -0.8191542 0 -0.7071202 -0.7070935 0 -0.7070935 -0.7071202 0 -0.8191579 -0.5735682 0 -0.8191667 -0.5735556 0 -0.9063026 -0.4226295 0 -0.9062821 -0.4226734 0 -0.9659274 -0.2588131 0 -0.9659293 -0.2588064 0 -0.996196 -0.08714139 0 -0.9961916 -0.08719211 0 -0.9969123 0.07852315 0 -0.9969171 0.07846188 0 -0.9723728 0.2334336 0 -0.9723744 0.2334268 0 -0.9238766 0.3826908 0 -0.9238809 0.3826803 0 -0.8526534 0.5224772 0 -0.8526269 0.5225203 0 -0.7603908 0.6494659 0 -0.7604201 0.6494315 0 -0.6494315 0.7604201 0 -0.5225096 0.8526335 0 -0.5225203 0.8526269 0 -0.3826803 0.9238809 0 -0.3827013 0.9238722 0 -0.2334411 0.9723711 0 -0.2334616 0.9723661 0 -0.07843792 0.9969191 0 0.9961914 -0.08719444 0 0.9961962 -0.08713907 0 0.9659274 -0.2588131 0 0.9659159 -0.2588562 0 0.906323 -0.4225856 0 0.9063026 -0.4226295 0 0.8191579 -0.5735682 0 0.8191416 -0.5735914 0 0.7070935 -0.7071202 0 0.7071202 -0.7070935 0 0.5735645 -0.8191604 0 0.5735986 -0.8191366 0 0.4225878 -0.906322 0 0.4226083 -0.9063125 0 0.2588438 -0.9659192 0 0.2588634 -0.965914 0 0.08713048 -0.996197 0 0.08712714 -0.9961972 0 0.08716028 0.9961943 0 0.08716362 0.9961941 0 0.258826 0.965924 0 0.2588126 0.9659276 0 0.4226083 0.9063125 0 0.4225878 0.906322 0 0.5735897 0.8191428 0 0.5735735 0.8191542 0 0.7071202 0.7070935 0 0.7070935 0.7071202 0 0.8191328 0.573604 0 0.8191667 0.5735556 0 0.9063073 0.4226193 0 0.9063326 0.4225652 0 0.9659141 0.258863 0 0.9659293 0.2588064 0 0.9961957 0.08714371 0 0.9961912 0.08719676 0</float_array>
          <technique_common>
            <accessor source="#MMO_700_dual_-_rail_cover-1-mesh-normals-array" count="117" stride="3">
              <param name="X" type="float"/>
              <param name="Y" type="float"/>
              <param name="Z" type="float"/>
            </accessor>
          </technique_common>
        </source>
        <vertices id="MMO_700_dual_-_rail_cover-1-mesh-vertices">
          <input semantic="POSITION" source="#MMO_700_dual_-_rail_cover-1-mesh-positions"/>
        </vertices>
        <triangles count="160">
          <input semantic="VERTEX" source="#MMO_700_dual_-_rail_cover-1-mesh-vertices" offset="0"/>
          <input semantic="NORMAL" source="#MMO_700_dual_-_rail_cover-1-mesh-normals" offset="1"/>
          <p>0 0 1 0 2 0 2 0 1 0 3 0 4 1 5 1 6 1 6 1 5 1 7 1 8 2 9 2 10 2 10 2 9 2 11 2 12 3 13 3 14 3 14 3 13 3 15 3 14 4 15 4 1 4 16 4 17 4 15 4 5 4 4 4 10 4 10 5 4 5 18 5 10 6 18 6 19 6 20 4 21 4 11 4 11 7 21 7 22 7 23 4 24 4 25 4 25 8 24 8 26 8 25 4 26 4 27 4 27 9 26 9 11 9 11 10 26 10 28 10 11 11 28 11 20 11 15 12 29 12 30 12 17 4 31 4 15 4 15 13 31 13 32 13 15 14 32 14 1 14 22 15 14 15 11 15 11 4 14 4 1 4 11 4 1 4 10 4 10 4 1 4 0 4 10 4 0 4 5 4 5 16 0 16 33 16 5 17 33 17 34 17 34 18 35 18 5 18 5 19 35 19 36 19 5 20 36 20 37 20 38 4 39 4 19 4 19 4 39 4 40 4 19 21 40 21 41 21 41 4 42 4 19 4 19 22 42 22 43 22 19 23 43 23 10 23 30 4 44 4 15 4 15 4 44 4 45 4 15 24 45 24 16 24 46 4 47 4 37 4 37 25 47 25 48 25 37 26 48 26 5 26 13 27 12 27 9 27 49 27 50 27 51 27 6 27 7 27 2 27 52 27 6 27 8 27 8 27 6 27 2 27 8 27 2 27 9 27 9 27 2 27 3 27 9 27 3 27 13 27 13 28 3 28 53 28 13 29 53 29 54 29 54 27 55 27 13 27 13 30 55 30 56 30 13 31 56 31 57 31 12 27 58 27 9 27 9 32 58 32 59 32 9 33 59 33 60 33 61 27 62 27 63 27 63 27 62 27 64 27 65 27 66 27 7 27 57 34 67 34 13 34 13 35 67 35 68 35 13 27 68 27 69 27 62 27 70 27 64 27 64 36 70 36 9 36 64 37 9 37 71 37 71 27 9 27 60 27 52 38 8 38 51 38 51 39 8 39 72 39 51 40 72 40 49 40 50 27 73 27 51 27 51 27 73 27 74 27 51 27 74 27 75 27 76 27 77 27 78 27 66 27 79 27 7 27 7 41 79 41 80 41 7 42 80 42 2 42 65 43 7 43 78 43 78 44 7 44 81 44 78 45 81 45 76 45 4 46 6 46 52 46 4 47 52 47 18 47 18 48 52 48 51 48 18 49 51 49 19 49 19 50 51 50 75 50 19 50 75 50 38 50 38 51 75 51 74 51 38 52 74 52 39 52 39 53 74 53 73 53 39 54 73 54 40 54 40 55 73 55 50 55 40 56 50 56 41 56 41 57 50 57 49 57 41 58 49 58 42 58 42 59 49 59 72 59 42 60 72 60 43 60 43 61 72 61 8 61 43 62 8 62 10 62 11 63 9 63 70 63 11 64 70 64 27 64 27 65 70 65 62 65 27 66 62 66 25 66 25 67 62 67 61 67 25 68 61 68 23 68 23 69 61 69 63 69 23 70 63 70 24 70 24 71 63 71 64 71 24 72 64 72 26 72 26 73 64 73 71 73 26 73 71 73 28 73 28 74 71 74 60 74 28 75 60 75 20 75 20 76 60 76 59 76 20 77 59 77 21 77 21 78 59 78 58 78 21 79 58 79 22 79 22 80 58 80 12 80 22 80 12 80 14 80 0 81 2 81 80 81 0 82 80 82 33 82 33 83 80 83 79 83 33 84 79 84 34 84 34 85 79 85 66 85 34 86 66 86 35 86 35 87 66 87 65 87 35 88 65 88 36 88 36 89 65 89 78 89 36 90 78 90 37 90 37 91 78 91 77 91 37 92 77 92 46 92 46 93 77 93 76 93 46 94 76 94 47 94 47 95 76 95 81 95 47 96 81 96 48 96 48 97 81 97 7 97 48 98 7 98 5 98 15 99 13 99 69 99 15 100 69 100 29 100 29 101 69 101 68 101 29 102 68 102 30 102 30 103 68 103 67 103 30 104 67 104 44 104 44 105 67 105 57 105 44 106 57 106 45 106 45 107 57 107 56 107 45 108 56 108 16 108 16 109 56 109 55 109 16 110 55 110 17 110 17 111 55 111 54 111 17 112 54 112 31 112 31 113 54 113 53 113 31 114 53 114 32 114 32 115 53 115 3 115 32 116 3 116 1 116</p>
        </triangles>
      </mesh>
    </geometry>
    <geometry id="MMO_700_dual_-_bracket_single-8-mesh" name="MMO_700_dual - bracket_single-8">
      <mesh>
        <source id="MMO_700_dual_-_bracket_single-8-mesh-positions">
          <float_array id="MMO_700_dual_-_bracket_single-8-mesh-positions-array" count="1140">0.317105 0.35711 1.468951 0.317105 0.36961 1.480952 0.317105 0.3689154 1.481012 0.317105 0.3682419 1.526193 0.317105 0.36761 1.526487 0.317105 0.3689154 1.533891 0.317105 0.36961 1.533951 0.317105 0.35711 1.546952 0.317105 0.3682419 1.481193 0.317105 0.36761 1.481487 0.317105 0.3670389 1.481887 0.317105 0.3665458 1.48238 0.317105 0.3661459 1.482951 0.317105 0.3658512 1.483583 0.317105 0.3656708 1.484257 0.317105 0.36561 1.484951 0.317105 0.3656708 1.485646 0.317105 0.38211 1.546952 0.317105 0.3703046 1.533891 0.317105 0.3709781 1.53371 0.317105 0.37161 1.533416 0.317105 0.3721811 1.533016 0.317105 0.3726742 1.532523 0.317105 0.3670389 1.526887 0.317105 0.3665458 1.52738 0.317105 0.3661459 1.527951 0.317105 0.3670389 1.533016 0.317105 0.36761 1.533416 0.317105 0.3682419 1.53371 0.317105 0.3730741 1.531952 0.317105 0.3733687 1.53132 0.317105 0.3735492 1.530646 0.317105 0.3730741 1.527951 0.317105 0.3726742 1.52738 0.317105 0.38211 1.468951 0.317105 0.37361 1.484951 0.317105 0.3735492 1.484257 0.317105 0.3656708 1.530646 0.317105 0.3658512 1.53132 0.317105 0.3661459 1.531952 0.317105 0.3665458 1.532523 0.317105 0.37361 1.529951 0.317105 0.3735492 1.529257 0.317105 0.3733687 1.528583 0.317105 0.3721811 1.526887 0.317105 0.37161 1.526487 0.317105 0.3709781 1.526193 0.317105 0.36761 1.488416 0.317105 0.3682419 1.48871 0.317105 0.36961 1.525951 0.317105 0.3703046 1.481012 0.317105 0.3709781 1.481193 0.317105 0.3658512 1.528583 0.317105 0.3656708 1.529257 0.317105 0.36561 1.529951 0.317105 0.3733687 1.483583 0.317105 0.3730741 1.482951 0.317105 0.3726742 1.48238 0.317105 0.3689154 1.526012 0.317105 0.3658512 1.48632 0.317105 0.3661459 1.486951 0.317105 0.3665458 1.487523 0.317105 0.3670389 1.488016 0.317105 0.37161 1.488416 0.317105 0.3721811 1.488016 0.317105 0.3726742 1.487523 0.317105 0.3730741 1.486951 0.317105 0.3733687 1.48632 0.317105 0.3735492 1.485646 0.317105 0.3721811 1.481887 0.317105 0.37161 1.481487 0.317105 0.3689154 1.488891 0.317105 0.36961 1.488951 0.317105 0.3703046 1.526012 0.317105 0.3703046 1.488891 0.317105 0.3709781 1.48871 0.395105 0.35711 1.468951 0.383105 0.36961 1.468951 0.3830443 0.3689154 1.468951 0.3830443 0.3703046 1.468951 0.395105 0.38211 1.468951 0.3828638 0.3709781 1.468951 0.3354731 0.3733687 1.468951 0.336105 0.3730741 1.468951 0.3756409 0.36761 1.468951 0.3378638 0.3682419 1.468951 0.3375691 0.36761 1.468951 0.3756409 0.37161 1.468951 0.3760408 0.3721811 1.468951 0.3765339 0.3726742 1.468951 0.377105 0.3730741 1.468951 0.3816761 0.3726742 1.468951 0.3821692 0.3721811 1.468951 0.3825691 0.37161 1.468951 0.3366761 0.3726742 1.468951 0.3371692 0.3721811 1.468951 0.3375691 0.37161 1.468951 0.3828638 0.3682419 1.468951 0.3825691 0.36761 1.468951 0.3821692 0.3670389 1.468951 0.3347996 0.3735492 1.468951 0.3753463 0.3682419 1.468951 0.3751658 0.3689154 1.468951 0.3797996 0.3735492 1.468951 0.3804731 0.3733687 1.468951 0.381105 0.3730741 1.468951 0.3816761 0.3665458 1.468951 0.381105 0.3661459 1.468951 0.3804731 0.3658512 1.468951 0.3777369 0.3733687 1.468951 0.3784104 0.3735492 1.468951 0.379105 0.37361 1.468951 0.3378638 0.3709781 1.468951 0.3380442 0.3703046 1.468951 0.3760408 0.3670389 1.468951 0.338105 0.36961 1.468951 0.3765339 0.3665458 1.468951 0.377105 0.3661459 1.468951 0.3797996 0.3656708 1.468951 0.379105 0.36561 1.468951 0.3784104 0.3656708 1.468951 0.3371692 0.3670389 1.468951 0.3366761 0.3665458 1.468951 0.336105 0.3661459 1.468951 0.3334104 0.3656708 1.468951 0.3327369 0.3658512 1.468951 0.332105 0.3661459 1.468951 0.3380442 0.3689154 1.468951 0.3777369 0.3658512 1.468951 0.3315339 0.3665458 1.468951 0.3310408 0.3670389 1.468951 0.3306409 0.36761 1.468951 0.3306409 0.37161 1.468951 0.3303462 0.3709781 1.468951 0.3301658 0.3703046 1.468951 0.3310408 0.3721811 1.468951 0.3315339 0.3726742 1.468951 0.332105 0.3730741 1.468951 0.334105 0.37361 1.468951 0.3354731 0.3658512 1.468951 0.3347996 0.3656708 1.468951 0.334105 0.36561 1.468951 0.3303462 0.3682419 1.468951 0.3301658 0.3689154 1.468951 0.330105 0.36961 1.468951 0.3327369 0.3733687 1.468951 0.3334104 0.3735492 1.468951 0.375105 0.36961 1.468951 0.3751658 0.3703046 1.468951 0.3753463 0.3709781 1.468951 0.3310408 0.3721811 1.456951 0.3306409 0.37161 1.456951 0.305105 0.38711 1.456951 0.330105 0.36961 1.456951 0.305105 0.35211 1.456951 0.3301658 0.3703046 1.456951 0.3303462 0.3709781 1.456951 0.3301658 0.3689154 1.456951 0.3303462 0.3682419 1.456951 0.3306409 0.36761 1.456951 0.332105 0.3661459 1.456951 0.3327369 0.3658512 1.456951 0.3753463 0.3682419 1.456951 0.3756409 0.36761 1.456951 0.3760408 0.3670389 1.456951 0.3765339 0.3665458 1.456951 0.381105 0.3661459 1.456951 0.3816761 0.3665458 1.456951 0.395105 0.35211 1.456951 0.3828638 0.3709781 1.456951 0.3825691 0.37161 1.456951 0.395105 0.38711 1.456951 0.3821692 0.3721811 1.456951 0.3816761 0.3726742 1.456951 0.3821692 0.3670389 1.456951 0.3825691 0.36761 1.456951 0.3828638 0.3682419 1.456951 0.3830443 0.3689154 1.456951 0.383105 0.36961 1.456951 0.3830443 0.3703046 1.456951 0.377105 0.3730741 1.456951 0.3765339 0.3726742 1.456951 0.3760408 0.3721811 1.456951 0.3756409 0.37161 1.456951 0.3753463 0.3709781 1.456951 0.3751658 0.3703046 1.456951 0.3334104 0.3656708 1.456951 0.334105 0.36561 1.456951 0.3347996 0.3656708 1.456951 0.381105 0.3730741 1.456951 0.3804731 0.3733687 1.456951 0.3797996 0.3735492 1.456951 0.336105 0.3661459 1.456951 0.3366761 0.3665458 1.456951 0.375105 0.36961 1.456951 0.3310408 0.3670389 1.456951 0.3315339 0.3665458 1.456951 0.379105 0.37361 1.456951 0.3784104 0.3735492 1.456951 0.3777369 0.3733687 1.456951 0.379105 0.36561 1.456951 0.3797996 0.3656708 1.456951 0.3804731 0.3658512 1.456951 0.3751658 0.3689154 1.456951 0.3354731 0.3658512 1.456951 0.3334104 0.3735492 1.456951 0.3327369 0.3733687 1.456951 0.377105 0.3661459 1.456951 0.3777369 0.3658512 1.456951 0.3784104 0.3656708 1.456951 0.3371692 0.3670389 1.456951 0.3375691 0.36761 1.456951 0.3378638 0.3682419 1.456951 0.3378638 0.3709781 1.456951 0.3375691 0.37161 1.456951 0.3371692 0.3721811 1.456951 0.3366761 0.3726742 1.456951 0.336105 0.3730741 1.456951 0.332105 0.3730741 1.456951 0.3315339 0.3726742 1.456951 0.3354731 0.3733687 1.456951 0.3347996 0.3735492 1.456951 0.334105 0.37361 1.456951 0.3380442 0.3689154 1.456951 0.338105 0.36961 1.456951 0.3380442 0.3703046 1.456951 0.305105 0.3661459 1.527951 0.305105 0.3665458 1.52738 0.305105 0.36961 1.488951 0.305105 0.37161 1.526487 0.305105 0.3721811 1.526887 0.305105 0.3726742 1.52738 0.305105 0.3689154 1.533891 0.305105 0.3682419 1.53371 0.305105 0.35211 1.546952 0.305105 0.36761 1.533416 0.305105 0.3670389 1.533016 0.305105 0.3689154 1.526012 0.305105 0.3735492 1.485646 0.305105 0.3682419 1.526193 0.305105 0.3733687 1.48632 0.305105 0.3730741 1.486951 0.305105 0.3733687 1.53132 0.305105 0.38711 1.546952 0.305105 0.3735492 1.530646 0.305105 0.37361 1.529951 0.305105 0.3726742 1.487523 0.305105 0.3721811 1.488016 0.305105 0.37161 1.488416 0.305105 0.3689154 1.488891 0.305105 0.3682419 1.48871 0.305105 0.36761 1.488416 0.305105 0.37361 1.484951 0.305105 0.3730741 1.527951 0.305105 0.3733687 1.528583 0.305105 0.3735492 1.529257 0.305105 0.3730741 1.531952 0.305105 0.3726742 1.532523 0.305105 0.3721811 1.533016 0.305105 0.3703046 1.533891 0.305105 0.36961 1.533951 0.305105 0.3665458 1.532523 0.305105 0.3661459 1.531952 0.305105 0.3658512 1.53132 0.305105 0.3670389 1.481887 0.305105 0.36761 1.481487 0.305105 0.3682419 1.481193 0.305105 0.3709781 1.481193 0.305105 0.37161 1.481487 0.305105 0.3721811 1.481887 0.305105 0.3726742 1.48238 0.305105 0.3730741 1.482951 0.305105 0.36961 1.525951 0.305105 0.3703046 1.526012 0.305105 0.3709781 1.526193 0.305105 0.37161 1.533416 0.305105 0.3709781 1.53371 0.305105 0.3709781 1.48871 0.305105 0.3703046 1.488891 0.305105 0.36761 1.526487 0.305105 0.3670389 1.526887 0.305105 0.3670389 1.488016 0.305105 0.3665458 1.487523 0.305105 0.3661459 1.486951 0.305105 0.3656708 1.484257 0.305105 0.3658512 1.483583 0.305105 0.3733687 1.483583 0.305105 0.3735492 1.484257 0.305105 0.3656708 1.530646 0.305105 0.36561 1.529951 0.305105 0.3656708 1.529257 0.305105 0.3658512 1.528583 0.305105 0.3661459 1.482951 0.305105 0.3665458 1.48238 0.305105 0.3689154 1.481012 0.305105 0.36961 1.480952 0.305105 0.3703046 1.481012 0.305105 0.3658512 1.48632 0.305105 0.3656708 1.485646 0.305105 0.36561 1.484951 0.317105 0.38711 1.546952 0.317105 0.35211 1.546952 0.395105 0.35211 1.468951 0.395105 0.38711 1.468951 0.3889852 0.38711 1.469192 0.328599 0.38711 1.506197 0.3320017 0.38711 1.501104 0.3357933 0.38711 1.496294 0.3399507 0.38711 1.491797 0.344448 0.38711 1.48764 0.3492578 0.38711 1.483848 0.3209226 0.38711 1.522848 0.3230424 0.38711 1.517102 0.3256065 0.38711 1.51154 0.3543501 0.38711 1.480446 0.3596937 0.38711 1.477453 0.3652557 0.38711 1.474889 0.3710017 0.38711 1.472769 0.3768963 0.38711 1.471107 0.3829031 0.38711 1.469912 0.3173454 0.38711 1.540832 0.3180653 0.38711 1.53475 0.3192601 0.38711 1.528743 0.3889852 0.38211 1.469192 0.3829031 0.38211 1.469912 0.3768963 0.38211 1.471107 0.3710017 0.38211 1.472769 0.3652557 0.38211 1.474889 0.3596937 0.38211 1.477453 0.3543501 0.38211 1.480446 0.3492578 0.38211 1.483848 0.344448 0.38211 1.48764 0.3399507 0.38211 1.491797 0.3357933 0.38211 1.496294 0.3320017 0.38211 1.501104 0.328599 0.38211 1.506197 0.3256065 0.38211 1.51154 0.3230424 0.38211 1.517102 0.3209226 0.38211 1.522848 0.3192601 0.38211 1.528743 0.3180653 0.38211 1.53475 0.3173454 0.38211 1.540832 0.3889852 0.35211 1.469192 0.3889852 0.35711 1.469192 0.3829031 0.35211 1.469912 0.3829031 0.35711 1.469912 0.3768963 0.35211 1.471107 0.3768963 0.35711 1.471107 0.3710017 0.35211 1.472769 0.3710017 0.35711 1.472769 0.3652557 0.35211 1.474889 0.3652557 0.35711 1.474889 0.3596937 0.35211 1.477453 0.3596937 0.35711 1.477453 0.3543501 0.35211 1.480446 0.3543501 0.35711 1.480446 0.3492578 0.35211 1.483848 0.3492578 0.35711 1.483848 0.344448 0.35211 1.48764 0.344448 0.35711 1.48764 0.3399507 0.35211 1.491797 0.3399507 0.35711 1.491797 0.3357933 0.35211 1.496294 0.3357933 0.35711 1.496294 0.3320017 0.35211 1.501104 0.3320017 0.35711 1.501104 0.328599 0.35211 1.506197 0.328599 0.35711 1.506197 0.3256065 0.35211 1.51154 0.3256065 0.35711 1.51154 0.3230424 0.35211 1.517102 0.3230424 0.35711 1.517102 0.3209226 0.35211 1.522848 0.3209226 0.35711 1.522848 0.3192601 0.35211 1.528743 0.3192601 0.35711 1.528743 0.3180653 0.35211 1.53475 0.3180653 0.35711 1.53475 0.3173454 0.35211 1.540832 0.3173454 0.35711 1.540832</float_array>
          <technique_common>
            <accessor source="#MMO_700_dual_-_bracket_single-8-mesh-positions-array" count="380" stride="3">
              <param name="X" type="float"/>
              <param name="Y" type="float"/>
              <param name="Z" type="float"/>
            </accessor>
          </technique_common>
        </source>
        <source id="MMO_700_dual_-_bracket_single-8-mesh-normals">
          <float_array id="MMO_700_dual_-_bracket_single-8-mesh-normals-array" count="1464">1 -5.2026e-6 0 1 -2.39755e-5 0 1 0 0 1 2.64173e-5 0 1 -1.02497e-5 0 1 -2.36692e-5 0 1 -1.09218e-4 0 1 9.31457e-5 0 1 -5.90019e-5 0 1 2.15492e-5 0 1 -1.53196e-5 0 1 -2.43931e-6 0 1 -1.23679e-5 0 1 4.34922e-6 0 1 -1.49889e-5 0 1 1.53196e-5 0 1 2.29822e-5 0 1 -3.67588e-5 0 1 -1.35501e-4 0 1 1.23679e-5 0 1 -1.61414e-4 0 1 -1.87041e-4 0 1 5.04063e-5 0 1 -2.19884e-5 0 1 2.39765e-5 0 1 1.87041e-4 0 1 -1.39474e-6 0 1 1.61414e-4 0 1 -4.19455e-5 0 1 2.36671e-5 0 1 1.00787e-4 0 1 -1.25142e-4 0 1 8.34624e-6 0 1 3.94858e-5 0 1 -7.98294e-6 0 1 1.13698e-4 0 1 -1.69151e-4 0 1 5.90019e-5 0 1 1.02489e-5 0 1 -2.6419e-5 0 1 -1.84028e-6 0 1 7.24756e-5 0 1 1.83419e-6 0 1 -7.45018e-5 0 1 3.02629e-5 0 1 7.37267e-6 0 5.12069e-5 0 1 0 0 1 -4.72144e-5 0 1 -4.94951e-5 0 1 2.05729e-5 0 1 -3.19455e-5 0 1 9.22346e-5 0 1 -2.21945e-4 0 1 1.39311e-5 0 1 5.77838e-6 0 1 -2.21925e-4 0 1 9.22426e-5 0 1 2.41931e-5 0 1 -1.76721e-5 0 1 -4.73457e-5 0 1 8.65539e-5 0 1 8.65489e-5 0 1 -4.7346e-5 0 1 -3.45901e-6 0 1 -5.60598e-5 0 1 4.02069e-5 0 1 -4.07067e-5 0 1 1.87497e-5 0 1 4.0212e-5 0 1 -5.60485e-5 0 1 5.02563e-5 0 1 -2.08762e-5 0 1 3.23858e-5 0 1 4.59662e-5 0 1 -1.2596e-5 0 1 -5.00573e-5 0 1 -1.66903e-4 0 1 5.93632e-5 0 1 -8.78282e-5 0 1 3.19846e-4 0 1 -1.56128e-4 0 1 5.93707e-5 0 1 -8.3455e-5 0 1 5.67679e-5 0 1 3.49685e-6 0 1 5.67598e-5 0 1 -3.98557e-5 0 1 3.19821e-4 0 1 -1.27849e-4 0 1 -5.63171e-5 0 1 1.42693e-4 0 1 -6.68396e-6 0 1 -3.9856e-5 0 1 -1.64918e-5 0 1 -3.38774e-5 0 1 6.0994e-5 0 1 0 0 -1 7.01669e-5 0 -1 -1.4619e-4 0 -1 -7.58035e-5 0 -1 2.25396e-5 0 -1 5.22511e-5 0 -1 1.13287e-4 0 -1 -1.61012e-4 0 -1 -2.71168e-4 0 -1 -7.84295e-5 0 -1 2.42351e-4 0 -1 -1.48643e-4 0 -1 1.2386e-4 0 -1 -1.25229e-4 0 -1 -1.01204e-4 0 -1 5.22533e-5 0 -1 -9.47669e-6 0 -1 2.78162e-5 0 -1 -2.61609e-4 0 -1 1.95986e-4 0 -1 -2.86614e-4 0 -1 2.73617e-4 0 -1 -1.07507e-4 0 -1 1.6637e-4 0 -1 6.83807e-5 0 -1 1.0978e-4 0 -1 -7.42458e-5 0 -1 -3.59939e-4 0 -1 2.59704e-4 0 -1 -8.84947e-5 0 -1 4.64315e-5 0 -1 1.66394e-4 0 -1 -2.23957e-5 0 -1 2.51851e-5 0 -1 -3.1292e-5 0 -1 -1.38973e-4 0 -1 9.67356e-6 0 -1 -3.23348e-4 0 -1 2.59702e-4 0 -1 -2.67094e-5 0 -1 1.69227e-5 0 -1 -1.00661e-5 0 -1 -1.96135e-5 0 -1 1.65856e-5 0 -1 -1.36129e-4 0 -1 1.09794e-4 0 -1 2.28318e-5 0 -1 -2.8671e-4 0 -1 1.95922e-4 0 -1 -1 0 0 -1 -4.59068e-5 0 -1 1.4417e-5 0 -1 -3.55182e-5 0 -1 5.44298e-5 0 -1 1.57319e-4 0 -1 -3.44837e-6 0 -1 -2.66158e-5 0 -1 -8.84017e-5 0 -1 4.55185e-6 0 -1 -9.48299e-5 0 -1 -1.75822e-5 0 -1 -1.50613e-6 0 -1 -1.3708e-4 0 -1 3.48958e-5 0 -1 -7.00673e-5 0 -1 -4.15276e-6 0 -1 -4.09098e-6 0 -1 5.75405e-5 0 -1 -4.54226e-5 0 -1 4.15331e-6 0 -1 3.94071e-5 0 -1 9.42428e-6 0 -1 -9.42548e-6 0 -1 -2.96149e-6 0 -1 -5.37451e-5 0 -1 -6.71096e-5 0 -1 4.92183e-5 0 -1 -3.42183e-5 0 -1 3.65973e-5 0 -1 6.68449e-5 0 -1 -1.44189e-5 0 -1 1.41472e-5 0 -1 6.76121e-6 0 -1 -1.44394e-5 0 -1 -4.95455e-5 0 -1 6.00089e-5 0 -1 1.12638e-4 0 -1 1.44938e-5 0 -1 -6.56573e-5 0 -1 -1.95694e-5 0 -1 3.73931e-6 0 -0.9999949 0.003209054 0 -1 -6.59718e-5 0 -1 3.78015e-4 0 -1 -1.43913e-4 0 -1 -1.12663e-4 0 -1 5.37369e-5 0 -1 2.96149e-6 0 -1 2.11307e-5 0 -1 -2.11276e-5 0 -1 8.69915e-6 0 -1 -1.02303e-4 0 -1 1.52617e-6 0 -1 9.48299e-5 0 -1 6.56573e-5 0 1.86264e-5 0 1 0 1 0 0 1 -3.0881e-6 0 1 -3.92269e-6 0 1 4.26567e-6 0 1 6.82497e-6 0 1 -3.66666e-6 0 1 -1.14813e-5 0 1 2.19313e-6 0 1 7.35975e-6 0 1 -8.3104e-7 0 1 6.81553e-7 0 1 -1.14815e-6 0.03923255 0 0.9992302 0.03929328 0 0.9992278 0.1175153 0 0.9930711 0.117577 0 0.9930639 0.1950984 0 0.9807837 0.1950691 0 0.9807896 0.271466 0 0.9624481 0.2714338 0 0.9624571 0.3461275 0 0.9381875 0.3461007 0 0.9381974 0.418657 0 0.9081445 0.4186628 0 0.9081419 0.4886136 0 0.8725004 0.4886432 0 0.8724838 0.5555807 0 0.8314626 0.5555562 0 0.8314791 0.619086 0 0.7853232 0.619071 0 0.7853351 0.6788105 0 0.7343136 0.6788067 0 0.7343171 0.7343211 0 0.6788023 0.7853158 0 0.6190954 0.7853196 0 0.6190907 0.8314639 0 0.555579 0.8314768 0 0.5555596 0.8724967 0 0.4886201 0.8725007 0 0.4886129 0.9081445 0 0.418657 0.9081421 0 0.4186623 0.9381894 0 0.3461223 0.962455 0 0.2714413 0.9624573 0 0.2714334 0.9807841 0 0.1950969 0.9807867 0 0.1950834 0.9930683 0 0.1175397 0.993068 0 0.1175413 0.9992292 0 0.03925734 0.999229 0 0.03925973 0 -1 4.96581e-5 0 -1 0 0 -1 -7.0012e-5 0 -1 5.51819e-6 0 -1 1.66149e-5 0 -1 -3.77021e-6 0 -1 2.69362e-6 0 -1 -2.97574e-6 0 -1 -2.69353e-6 0 -1 -2.40579e-6 0 -1 3.53265e-6 0 -1 -1.70965e-6 0 -1 -6.89785e-7 0.1175171 0 0.9930709 0.1175752 0 0.993064 0.3461323 0 0.9381857 0.4886168 0 0.8724985 0.4886399 0 0.8724855 0.5555772 0 0.8314651 0.5555597 0 0.8314768 0.8314732 0 0.5555649 0.8724935 0 0.4886258 0.9081459 0 0.4186539 0.9081406 0 0.4186654 0.9930678 0 0.1175432 0 -1 6.27616e-6 0 -1 -6.17639e-6 0 -1 3.19376e-6 0 -1 -5.45247e-6 0 -1 -4.59253e-6 0 -1 1.70627e-6 0 -1 -2.74994e-6 0 -1 5.97185e-6 0 -1 -6.48555e-6 0 -1 1.56908e-6 0 -1 3.86012e-6 0 -1 2.87039e-6 0 -1 -2.75992e-6 0 -1 -1.66208e-6 0 1 -1.98632e-4 0 1 6.89779e-7 0 1 -1.03848e-6 0 1 -7.06531e-6 0 1 -1.2029e-6 0 1 -1.34677e-6 0 1 -5.95147e-6 0 1 2.73546e-5 0 1 -2.90761e-5 0 1 3.31091e-5 0 -0.08719325 0.9961915 0 -0.08719241 0.9961916 0 -0.2588166 0.9659265 0 -0.2588707 0.965912 0 -0.4225078 0.9063593 0 -0.4225064 0.90636 0 -0.5736116 0.8191275 0 -0.5735558 0.8191667 0 -0.7071572 0.7070564 0 -0.7070999 0.7071138 0 -0.8191431 0.5735894 0 -0.8191407 0.5735926 0 -0.9063016 0.4226319 0 -0.9063003 0.4226345 0 -0.9659641 0.2586766 0 -0.9659082 0.2588852 0 -0.996194 0.08716523 0 -0.996194 0.08716553 0 -0.9961953 -0.08715009 0 -0.9961951 -0.08715099 0 -0.9659084 -0.2588843 0 -0.9659638 -0.2586774 0 -0.9063016 -0.4226319 0 -0.9063003 -0.4226345 0 -0.8191431 -0.5735894 0 -0.8191407 -0.5735926 0 -0.7071015 -0.707112 0 -0.7071555 -0.7070581 0 -0.5734437 -0.819245 0 -0.5734959 -0.8192084 0 -0.4226478 -0.9062941 0 -0.4226464 -0.9062947 0 -0.2588723 -0.9659116 0 -0.258815 -0.965927 0 -0.08719325 -0.9961915 0 -0.08719241 -0.9961916 0 0.0872029 -0.9961906 0 0.08719241 -0.9961916 0 0.2588723 -0.9659116 0 0.258815 -0.965927 0 0.4226478 -0.9062941 0 0.4226464 -0.9062947 0 0.5734959 -0.8192084 0 0.7071015 -0.707112 0 0.7071555 -0.7070581 0 0.8190907 -0.573664 0 0.8191407 -0.5735926 0 0.9063441 -0.4225404 0 0.9063003 -0.4226345 0 0.9659084 -0.2588843 0 0.9659638 -0.2586774 0 0.9961953 -0.08715009 0 0.9961951 -0.08715099 0 0.996194 0.08716523 0 0.996194 0.08716553 0 0.9659641 0.2586766 0 0.9659082 0.2588852 0 0.9063016 0.4226319 0 0.9063429 0.4225431 0 0.8191431 0.5735894 0 0.8190884 0.5736673 0 0.7071572 0.7070564 0 0.7070999 0.7071138 0 0.5736116 0.8191275 0 0.5736081 0.8191301 0 0.4225078 0.9063593 0 0.4225064 0.90636 0 0.2588166 0.9659265 0 0.2588707 0.965912 0 0.08719325 0.9961915 0 0.08720207 0.9961907 0 -0.08702325 0.9962063 0 -0.4226478 0.9062941 0 -0.4226464 0.9062947 0 -0.9659526 0.2587192 0 -0.9658968 0.2589278 0 -0.9961953 0.08715009 0 -0.9961951 0.08715099 0 -0.965897 -0.2589269 0 -0.9659524 -0.25872 0 -0.5735592 -0.8191641 0 -0.5736081 -0.8191301 0 -0.08702325 -0.9962063 0 0.08703291 -0.9962055 0 0.08702325 -0.9962063 0 0.5736116 -0.8191275 0 0.5736081 -0.8191301 0 0.965897 -0.2589269 0 0.9659524 -0.25872 0 0.9961953 0.08715009 0 0.9961951 0.08715099 0 0.9659526 0.2587192 0 0.9658968 0.2589278 0 0.4226478 0.9062941 0 0.4226464 0.9062947 0 0.08702325 0.9962063 0 0.08703291 0.9962055 -0.9961947 -0.08715552 0 -0.996195 -0.08715313 0 -0.9659035 -0.2589025 0 -0.9659629 -0.2586809 0 -0.9062916 -0.4226531 0 -0.9062941 -0.4226478 0 -0.8191568 -0.5735698 0 -0.707072 -0.7071416 0 -0.7071346 -0.7070789 0 -0.57358 -0.8191496 0 -0.4226478 -0.9062941 0 -0.4226052 -0.906314 0 -0.258826 -0.965924 0 -0.2587769 -0.9659372 0 -0.08715933 -0.9961945 0 -0.0871514 -0.9961951 0 0.08714967 -0.9961953 0 0.08716106 -0.9961943 0 0.2587982 -0.9659315 0 0.2588047 -0.9659297 0 0.4226478 -0.9062941 0 0.5735278 -0.8191863 0 0.57358 -0.8191496 0 0.707072 -0.7071416 0 0.7071346 -0.7070789 0 0.819209 -0.573495 0 0.8191046 -0.5736445 0 0.9062916 -0.4226531 0 0.9062941 -0.4226478 0 0.9659313 -0.2587987 0 0.9659351 -0.2587848 0 0.9962044 -0.08704507 0 0.9961853 -0.08726358 0 0.9961849 0.08726841 0 0.9962043 0.08704751 0 0.9659313 0.2587987 0 0.9659351 0.2587848 0 0.906299 0.4226371 0 0.9063016 0.4226319 0 0.8190907 0.573664 0 0.8191954 0.5735147 0 0.7071276 0.7070859 0 0.7070789 0.7071346 0 0.5736081 0.8191301 0 0.5735558 0.8191667 0 0.4226078 0.9063127 0 0.4226136 0.9063101 0 0.2587982 0.9659315 0 0.2588047 0.9659297 0 0.08715933 0.9961945 0 0.0871514 0.9961951 0 -0.08714967 0.9961953 0 -0.08716106 0.9961943 0 -0.2587704 0.9659389 0 -0.2588325 0.9659222 0 -0.4225652 0.9063326 0 -0.4226136 0.9063101 0 -0.5736081 0.8191301 0 -0.7071276 0.7070859 0 -0.7070789 0.7071346 0 -0.8191431 0.5735894 0 -0.906299 0.4226371 0 -0.9063016 0.4226319 0 -0.9659592 0.2586948 0 -0.9659072 0.2588886 0 -0.9961946 0.08715796 0 -0.5735278 -0.8191863 0 -0.2587982 -0.9659315 0 -0.2588325 -0.9659222 0 -0.08714002 -0.9961961 0 -0.08716106 -0.9961943 0 0.0871514 -0.9961951 0 0.2588325 -0.9659222 0 0.4226052 -0.906314 0 0.9063343 -0.4225617 0 0.9659035 -0.2589025 0 0.9961851 -0.08726602 0 0.9962046 -0.08704268 0 0.9659072 0.2588886 0 0.9063441 0.4225404 0 0.4225652 0.9063326 0 0.258826 0.965924 0 0.08714967 0.9961953 0 -0.08715933 0.9961945 0 -0.08714175 0.996196 0 -0.258826 0.965924 0 -0.2588047 0.9659297 0 -0.4226078 0.9063127 0 -0.5735558 0.8191667 0</float_array>
          <technique_common>
            <accessor source="#MMO_700_dual_-_bracket_single-8-mesh-normals-array" count="488" stride="3">
              <param name="X" type="float"/>
              <param name="Y" type="float"/>
              <param name="Z" type="float"/>
            </accessor>
          </technique_common>
        </source>
        <vertices id="MMO_700_dual_-_bracket_single-8-mesh-vertices">
          <input semantic="POSITION" source="#MMO_700_dual_-_bracket_single-8-mesh-positions"/>
        </vertices>
        <triangles count="772">
          <input semantic="VERTEX" source="#MMO_700_dual_-_bracket_single-8-mesh-vertices" offset="0"/>
          <input semantic="NORMAL" source="#MMO_700_dual_-_bracket_single-8-mesh-normals" offset="1"/>
          <p>0 0 1 0 2 0 0 1 3 1 4 1 5 2 6 2 7 2 2 2 8 2 0 2 0 3 8 3 9 3 0 4 9 4 10 4 10 2 11 2 0 2 0 2 11 2 12 2 0 5 12 5 13 5 13 6 14 6 0 6 0 7 14 7 15 7 0 8 15 8 16 8 7 2 6 2 17 2 17 9 6 9 18 9 17 10 18 10 19 10 19 2 20 2 17 2 17 11 20 11 21 11 17 12 21 12 22 12 4 2 23 2 0 2 0 13 23 13 24 13 0 2 24 2 25 2 26 2 27 2 7 2 7 14 27 14 28 14 7 15 28 15 5 15 22 2 29 2 17 2 17 16 29 16 30 16 17 17 30 17 31 17 32 2 33 2 34 2 35 18 36 18 34 18 37 2 38 2 7 2 38 2 39 2 7 2 7 2 39 2 40 2 7 19 40 19 26 19 31 2 41 2 17 2 17 20 41 20 42 20 17 2 42 2 34 2 34 21 42 21 43 21 34 22 43 22 32 22 33 2 44 2 34 2 34 23 44 23 45 23 34 24 45 24 46 24 47 2 48 2 49 2 1 2 0 2 50 2 50 2 0 2 34 2 50 2 34 2 51 2 25 2 52 2 0 2 0 25 52 25 53 25 0 26 53 26 7 26 7 27 53 27 54 27 7 28 54 28 37 28 36 2 55 2 34 2 34 29 55 29 56 29 34 2 56 2 57 2 3 2 0 2 58 2 58 2 0 2 16 2 58 2 16 2 49 2 49 30 16 30 59 30 49 31 59 31 60 31 60 2 61 2 49 2 49 32 61 32 62 32 49 33 62 33 47 33 63 2 64 2 46 2 46 34 64 34 65 34 65 2 66 2 46 2 46 35 66 35 67 35 46 2 67 2 34 2 34 36 67 36 68 36 34 37 68 37 35 37 57 2 69 2 34 2 34 38 69 38 70 38 34 39 70 39 51 39 48 2 71 2 49 2 49 40 71 40 72 40 49 41 72 41 73 41 73 42 72 42 74 42 73 43 74 43 46 43 46 44 74 44 75 44 46 45 75 45 63 45 76 46 77 46 78 46 77 47 76 47 79 47 79 47 76 47 80 47 79 47 80 47 81 47 82 47 83 47 84 47 85 48 86 48 76 48 87 49 88 49 34 49 34 50 88 50 89 50 34 51 89 51 90 51 91 47 92 47 80 47 80 52 92 52 93 52 80 53 93 53 81 53 83 47 94 47 84 47 84 54 94 54 95 54 84 55 95 55 96 55 78 47 97 47 76 47 76 56 97 56 98 56 76 57 98 57 99 57 82 47 84 47 100 47 100 58 84 58 101 58 100 59 101 59 102 59 103 47 104 47 80 47 80 60 104 60 105 60 80 61 105 61 91 61 99 47 106 47 76 47 76 62 106 62 107 62 76 63 107 63 108 63 90 47 109 47 34 47 34 64 109 64 110 64 34 47 110 47 80 47 80 65 110 65 111 65 80 66 111 66 103 66 96 67 112 67 84 67 84 68 112 68 113 68 84 47 113 47 114 47 114 47 113 47 115 47 114 47 115 47 116 47 116 47 115 47 117 47 108 47 118 47 76 47 76 69 118 69 119 69 76 70 119 70 120 70 86 71 121 71 76 71 76 72 121 72 122 72 76 73 122 73 123 73 124 47 125 47 0 47 0 74 125 74 126 74 85 47 76 47 127 47 127 47 76 47 120 47 127 47 120 47 115 47 115 75 120 75 128 75 115 76 128 76 117 76 126 77 129 77 0 77 0 78 129 78 130 78 0 79 130 79 131 79 132 80 34 80 133 80 133 47 34 47 134 47 132 81 135 81 34 81 34 82 135 82 136 82 34 83 136 83 137 83 34 84 138 84 100 84 123 47 139 47 76 47 76 85 139 85 140 85 76 47 140 47 0 47 0 86 140 86 141 86 0 87 141 87 124 87 131 88 142 88 0 88 0 89 142 89 143 89 0 47 143 47 34 47 34 90 143 90 144 90 34 91 144 91 134 91 137 47 145 47 34 47 34 92 145 92 146 92 34 93 146 93 138 93 102 47 147 47 100 47 100 94 147 94 148 94 100 47 148 47 34 47 34 95 148 95 149 95 34 96 149 96 87 96 150 97 151 97 152 97 153 97 154 97 155 97 155 97 154 97 152 97 155 97 152 97 156 97 156 97 152 97 151 97 153 97 157 97 154 97 154 98 157 98 158 98 154 99 158 99 159 99 160 97 161 97 154 97 162 100 163 100 154 100 154 101 163 101 164 101 154 102 164 102 165 102 166 97 167 97 168 97 169 97 170 97 171 97 171 103 170 103 172 103 171 104 172 104 173 104 167 105 174 105 168 105 168 106 174 106 175 106 168 107 175 107 176 107 176 97 177 97 168 97 168 108 177 108 178 108 168 97 178 97 171 97 171 109 178 109 179 109 171 110 179 110 169 110 180 111 181 111 152 111 152 112 181 112 182 112 182 97 183 97 152 97 152 113 183 113 184 113 152 114 184 114 185 114 161 115 186 115 154 115 154 116 186 116 187 116 154 117 187 117 188 117 173 118 189 118 171 118 171 119 189 119 190 119 171 120 190 120 191 120 192 121 193 121 194 121 159 97 195 97 154 97 154 122 195 122 196 122 154 123 196 123 160 123 191 124 197 124 171 124 171 125 197 125 198 125 171 97 198 97 152 97 152 126 198 126 199 126 152 127 199 127 180 127 200 124 201 124 168 124 168 128 201 128 202 128 168 129 202 129 166 129 162 97 154 97 203 97 203 97 154 97 188 97 203 97 188 97 194 97 194 130 188 130 204 130 194 131 204 131 192 131 152 132 205 132 206 132 165 97 207 97 154 97 154 133 207 133 208 133 154 97 208 97 168 97 168 134 208 134 209 134 168 135 209 135 200 135 193 136 210 136 194 136 194 137 210 137 211 137 194 138 211 138 212 138 185 97 213 97 214 97 214 97 215 97 185 97 185 139 215 139 216 139 185 140 216 140 217 140 206 97 218 97 152 97 152 141 218 141 219 141 152 142 219 142 150 142 217 97 220 97 185 97 185 143 220 143 221 143 185 97 221 97 152 97 152 144 221 144 222 144 152 145 222 145 205 145 212 97 223 97 194 97 194 97 223 97 224 97 194 97 224 97 185 97 185 97 224 97 225 97 185 97 225 97 213 97 226 146 227 146 228 146 229 146 230 146 152 146 152 147 230 147 231 147 232 146 233 146 234 146 234 148 233 148 235 148 234 149 235 149 236 149 237 146 238 146 239 146 239 150 238 150 240 150 239 151 240 151 241 151 242 146 243 146 244 146 244 146 243 146 245 146 241 146 246 146 239 146 239 152 246 152 247 152 239 153 247 153 248 153 249 154 250 154 234 154 234 155 250 155 251 155 152 156 252 156 238 156 231 146 253 146 152 146 152 157 253 157 254 157 152 158 254 158 243 158 243 159 254 159 255 159 243 160 255 160 245 160 242 161 256 161 243 161 243 162 256 162 257 162 243 163 257 163 258 163 243 146 259 146 234 146 234 164 259 164 260 164 234 165 260 165 232 165 236 146 261 146 234 146 234 166 261 166 262 166 234 167 262 167 263 167 264 146 265 146 154 146 154 168 265 168 266 168 152 169 267 169 268 169 268 146 269 146 152 146 152 170 269 170 270 170 152 171 270 171 271 171 237 172 272 172 238 172 238 173 272 173 273 173 238 146 273 146 152 146 152 174 273 174 274 174 152 175 274 175 229 175 258 176 275 176 243 176 243 177 275 177 276 177 243 178 276 178 259 178 248 146 277 146 239 146 239 179 277 179 278 179 239 146 278 146 279 146 279 180 278 180 228 180 279 146 228 146 280 146 280 146 228 146 227 146 251 146 281 146 234 146 234 181 281 181 282 181 234 182 282 182 283 182 284 146 285 146 154 146 271 183 286 183 152 183 152 184 286 184 287 184 152 185 287 185 252 185 263 146 288 146 234 146 234 186 288 186 289 186 234 187 289 187 249 187 249 188 289 188 290 188 249 189 290 189 228 189 228 190 290 190 291 190 228 191 291 191 226 191 285 192 292 192 154 192 154 193 292 193 293 193 154 194 293 194 264 194 266 146 294 146 154 146 154 195 294 195 295 195 154 146 295 146 152 146 152 196 295 196 296 196 152 197 296 197 267 197 283 146 297 146 234 146 234 198 297 198 298 198 234 199 298 199 154 199 154 200 298 200 299 200 154 201 299 201 284 201 300 47 243 47 17 47 17 47 243 47 234 47 17 202 234 202 7 202 7 47 234 47 301 47 302 2 168 2 76 2 76 2 168 2 171 2 76 2 171 2 80 2 80 2 171 2 303 2 304 203 303 203 171 203 305 203 306 203 152 203 152 203 306 203 307 203 307 203 308 203 152 203 152 204 308 204 309 204 152 205 309 205 310 205 311 203 312 203 152 203 152 203 312 203 313 203 152 206 313 206 305 206 310 203 314 203 152 203 152 207 314 207 315 207 152 208 315 208 316 208 316 203 317 203 152 203 152 209 317 209 318 209 152 210 318 210 171 210 171 211 318 211 319 211 171 203 319 203 304 203 300 203 320 203 243 203 243 212 320 212 321 212 243 203 321 203 152 203 152 213 321 213 322 213 152 214 322 214 311 214 80 215 303 215 323 215 323 216 303 216 304 216 323 217 304 217 324 217 324 218 304 218 319 218 324 219 319 219 325 219 325 220 319 220 318 220 325 221 318 221 326 221 326 222 318 222 317 222 326 223 317 223 327 223 327 224 317 224 316 224 327 225 316 225 328 225 328 226 316 226 315 226 328 227 315 227 329 227 329 228 315 228 314 228 329 229 314 229 330 229 330 230 314 230 310 230 330 231 310 231 331 231 331 232 310 232 309 232 331 233 309 233 332 233 332 234 309 234 308 234 332 235 308 235 333 235 333 235 308 235 307 235 333 236 307 236 334 236 334 237 307 237 306 237 334 238 306 238 335 238 335 239 306 239 305 239 335 240 305 240 336 240 336 241 305 241 313 241 336 242 313 242 337 242 337 243 313 243 312 243 337 244 312 244 338 244 338 244 312 244 311 244 338 245 311 245 339 245 339 246 311 246 322 246 339 247 322 247 340 247 340 248 322 248 321 248 340 249 321 249 341 249 341 250 321 250 320 250 341 251 320 251 17 251 17 252 320 252 300 252 34 253 80 253 323 253 332 254 333 254 34 254 323 255 324 255 34 255 34 256 324 256 325 256 34 257 325 257 326 257 333 254 334 254 34 254 34 258 334 258 335 258 34 259 335 259 336 259 326 254 327 254 34 254 34 260 327 260 328 260 34 261 328 261 329 261 329 254 330 254 34 254 34 262 330 262 331 262 34 263 331 263 332 263 336 254 337 254 34 254 34 264 337 264 338 264 34 254 338 254 339 254 339 265 340 265 34 265 34 254 340 254 341 254 34 254 341 254 17 254 302 215 76 215 342 215 342 216 76 216 343 216 342 266 343 266 344 266 344 267 343 267 345 267 344 219 345 219 346 219 346 220 345 220 347 220 346 221 347 221 348 221 348 222 347 222 349 222 348 268 349 268 350 268 350 224 349 224 351 224 350 226 351 226 352 226 352 226 351 226 353 226 352 269 353 269 354 269 354 270 353 270 355 270 354 271 355 271 356 271 356 272 355 272 357 272 356 231 357 231 358 231 358 232 357 232 359 232 358 233 359 233 360 233 360 234 359 234 361 234 360 235 361 235 362 235 362 235 361 235 363 235 362 237 363 237 364 237 364 237 363 237 365 237 364 238 365 238 366 238 366 273 365 273 367 273 366 274 367 274 368 274 368 241 367 241 369 241 368 275 369 275 370 275 370 276 369 276 371 276 370 244 371 244 372 244 372 244 371 244 373 244 372 245 373 245 374 245 374 246 373 246 375 246 374 247 375 247 376 247 376 248 375 248 377 248 376 249 377 249 378 249 378 277 377 277 379 277 378 251 379 251 301 251 301 252 379 252 7 252 378 254 301 254 234 254 362 278 364 278 154 278 362 279 154 279 360 279 302 254 342 254 168 254 168 254 342 254 344 254 168 280 344 280 154 280 154 281 344 281 346 281 154 282 346 282 348 282 364 254 366 254 154 254 154 283 366 283 368 283 154 284 368 284 370 284 348 254 350 254 154 254 154 254 350 254 352 254 154 285 352 285 354 285 354 286 356 286 154 286 154 287 356 287 358 287 154 288 358 288 360 288 370 254 372 254 154 254 154 289 372 289 374 289 154 254 374 254 234 254 234 290 374 290 376 290 234 291 376 291 378 291 343 292 76 292 0 292 343 203 0 203 345 203 0 203 7 203 379 203 367 203 365 203 0 203 0 203 365 203 363 203 379 203 377 203 0 203 0 293 377 293 375 293 0 294 375 294 373 294 373 203 371 203 0 203 0 203 371 203 369 203 0 203 369 203 367 203 363 203 361 203 0 203 0 295 361 295 359 295 0 296 359 296 357 296 357 203 355 203 0 203 0 297 355 297 353 297 0 298 353 298 351 298 351 299 349 299 0 299 0 300 349 300 347 300 0 301 347 301 345 301 272 302 49 302 273 302 273 303 49 303 73 303 273 304 73 304 274 304 274 305 73 305 46 305 274 306 46 306 229 306 229 307 46 307 45 307 229 308 45 308 230 308 230 309 45 309 44 309 230 310 44 310 231 310 231 311 44 311 33 311 231 312 33 312 253 312 253 313 33 313 32 313 253 314 32 314 254 314 254 315 32 315 43 315 254 316 43 316 255 316 255 317 43 317 42 317 255 318 42 318 245 318 245 319 42 319 41 319 245 320 41 320 244 320 244 321 41 321 31 321 244 322 31 322 242 322 242 323 31 323 30 323 242 324 30 324 256 324 256 325 30 325 29 325 256 326 29 326 257 326 257 327 29 327 22 327 257 328 22 328 258 328 258 329 22 329 21 329 258 330 21 330 275 330 275 331 21 331 20 331 275 332 20 332 276 332 276 333 20 333 19 333 276 334 19 334 259 334 259 335 19 335 18 335 259 336 18 336 260 336 260 337 18 337 6 337 260 338 6 338 232 338 232 339 6 339 5 339 232 340 5 340 233 340 233 341 5 341 28 341 233 342 28 342 235 342 235 343 28 343 27 343 235 344 27 344 236 344 236 344 27 344 26 344 236 345 26 345 261 345 261 346 26 346 40 346 261 347 40 347 262 347 262 348 40 348 39 348 262 349 39 349 263 349 263 350 39 350 38 350 263 351 38 351 288 351 288 352 38 352 37 352 288 353 37 353 289 353 289 354 37 354 54 354 289 355 54 355 290 355 290 356 54 356 53 356 290 357 53 357 291 357 291 358 53 358 52 358 291 359 52 359 226 359 226 360 52 360 25 360 226 361 25 361 227 361 227 362 25 362 24 362 227 363 24 363 280 363 280 364 24 364 23 364 280 365 23 365 279 365 279 366 23 366 4 366 279 367 4 367 239 367 239 368 4 368 3 368 239 369 3 369 237 369 237 370 3 370 58 370 237 371 58 371 272 371 272 372 58 372 49 372 295 373 1 373 296 373 296 373 1 373 50 373 296 304 50 304 267 304 267 305 50 305 51 305 267 374 51 374 268 374 268 375 51 375 70 375 268 308 70 308 269 308 269 309 70 309 69 309 269 310 69 310 270 310 270 311 69 311 57 311 270 312 57 312 271 312 271 313 57 313 56 313 271 314 56 314 286 314 286 315 56 315 55 315 286 376 55 376 287 376 287 377 55 377 36 377 287 378 36 378 252 378 252 379 36 379 35 379 252 320 35 320 238 320 238 321 35 321 68 321 238 380 68 380 240 380 240 381 68 381 67 381 240 324 67 324 241 324 241 325 67 325 66 325 241 326 66 326 246 326 246 327 66 327 65 327 246 328 65 328 247 328 247 329 65 329 64 329 247 382 64 382 248 382 248 383 64 383 63 383 248 332 63 332 277 332 277 333 63 333 75 333 277 334 75 334 278 334 278 335 75 335 74 335 278 384 74 384 228 384 228 384 74 384 72 384 228 385 72 385 249 385 249 386 72 386 71 386 249 340 71 340 250 340 250 341 71 341 48 341 250 342 48 342 251 342 251 343 48 343 47 343 251 387 47 387 281 387 281 388 47 388 62 388 281 345 62 345 282 345 282 346 62 346 61 346 282 347 61 347 283 347 283 348 61 348 60 348 283 349 60 349 297 349 297 350 60 350 59 350 297 389 59 389 298 389 298 390 59 390 16 390 298 353 16 353 299 353 299 354 16 354 15 354 299 391 15 391 284 391 284 392 15 392 14 392 284 393 14 393 285 393 285 394 14 394 13 394 285 359 13 359 292 359 292 360 13 360 12 360 292 361 12 361 293 361 293 362 12 362 11 362 293 363 11 363 264 363 264 364 11 364 10 364 264 365 10 365 265 365 265 366 10 366 9 366 265 395 9 395 266 395 266 396 9 396 8 396 266 369 8 369 294 369 294 370 8 370 2 370 294 397 2 397 295 397 295 398 2 398 1 398 224 399 115 399 225 399 225 400 115 400 113 400 225 401 113 401 213 401 213 402 113 402 112 402 213 403 112 403 214 403 214 404 112 404 96 404 214 405 96 405 215 405 215 405 96 405 95 405 215 406 95 406 216 406 216 407 95 407 94 407 216 408 94 408 217 408 217 408 94 408 83 408 217 409 83 409 220 409 220 410 83 410 82 410 220 411 82 411 221 411 221 412 82 412 100 412 221 413 100 413 222 413 222 414 100 414 138 414 222 415 138 415 205 415 205 416 138 416 146 416 205 417 146 417 206 417 206 418 146 418 145 418 206 419 145 419 218 419 218 419 145 419 137 419 218 420 137 420 219 420 219 421 137 421 136 421 219 422 136 422 150 422 150 423 136 423 135 423 150 424 135 424 151 424 151 425 135 425 132 425 151 426 132 426 156 426 156 427 132 427 133 427 156 428 133 428 155 428 155 429 133 429 134 429 155 430 134 430 153 430 153 431 134 431 144 431 153 432 144 432 157 432 157 433 144 433 143 433 157 434 143 434 158 434 158 435 143 435 142 435 158 436 142 436 159 436 159 437 142 437 131 437 159 438 131 438 195 438 195 439 131 439 130 439 195 440 130 440 196 440 196 441 130 441 129 441 196 442 129 442 160 442 160 443 129 443 126 443 160 444 126 444 161 444 161 445 126 445 125 445 161 446 125 446 186 446 186 447 125 447 124 447 186 448 124 448 187 448 187 449 124 449 141 449 187 450 141 450 188 450 188 451 141 451 140 451 188 452 140 452 204 452 204 453 140 453 139 453 204 454 139 454 192 454 192 455 139 455 123 455 192 456 123 456 193 456 193 456 123 456 122 456 193 457 122 457 210 457 210 458 122 458 121 458 210 459 121 459 211 459 211 459 121 459 86 459 211 460 86 460 212 460 212 461 86 461 85 461 212 462 85 462 223 462 223 463 85 463 127 463 223 464 127 464 224 464 224 464 127 464 115 464 178 399 77 399 179 399 179 400 77 400 79 400 179 401 79 401 169 401 169 402 79 402 81 402 169 403 81 403 170 403 170 404 81 404 93 404 170 405 93 405 172 405 172 405 93 405 92 405 172 406 92 406 173 406 173 407 92 407 91 407 173 465 91 465 189 465 189 408 91 408 105 408 189 409 105 409 190 409 190 409 105 409 104 409 190 466 104 466 191 466 191 467 104 467 103 467 191 468 103 468 197 468 197 469 103 469 111 469 197 415 111 415 198 415 198 470 111 470 110 470 198 417 110 417 199 417 199 471 110 471 109 471 199 419 109 419 180 419 180 472 109 472 90 472 180 421 90 421 181 421 181 421 90 421 89 421 181 422 89 422 182 422 182 423 89 423 88 423 182 425 88 425 183 425 183 424 88 424 87 424 183 473 87 473 184 473 184 427 87 427 149 427 184 474 149 474 185 474 185 429 149 429 148 429 185 475 148 475 194 475 194 476 148 476 147 476 194 433 147 433 203 433 203 432 147 432 102 432 203 434 102 434 162 434 162 477 102 477 101 477 162 436 101 436 163 436 163 478 101 478 84 478 163 439 84 439 164 439 164 438 84 438 114 438 164 440 114 440 165 440 165 441 114 441 116 441 165 442 116 442 207 442 207 442 116 442 117 442 207 479 117 479 208 479 208 445 117 445 128 445 208 480 128 480 209 480 209 447 128 447 120 447 209 481 120 481 200 481 200 449 120 449 119 449 200 482 119 482 201 482 201 483 119 483 118 483 201 484 118 484 202 484 202 485 118 485 108 485 202 486 108 486 166 486 166 455 108 455 107 455 166 456 107 456 167 456 167 487 107 487 106 487 167 457 106 457 174 457 174 458 106 458 99 458 174 459 99 459 175 459 175 459 99 459 98 459 175 460 98 460 176 460 176 461 98 461 97 461 176 462 97 462 177 462 177 463 97 463 78 463 177 464 78 464 178 464 178 464 78 464 77 464</p>
        </triangles>
      </mesh>
    </geometry>
    <geometry id="MMO_700_dual_-_bracket_single-7-mesh" name="MMO_700_dual - bracket_single-7">
      <mesh>
        <source id="MMO_700_dual_-_bracket_single-7-mesh-positions">
          <float_array id="MMO_700_dual_-_bracket_single-7-mesh-positions-array" count="1140">0.317105 0.51211 1.468951 0.317105 0.52461 1.480952 0.317105 0.5239154 1.481012 0.317105 0.5232419 1.526193 0.317105 0.52261 1.526487 0.317105 0.5239154 1.533891 0.317105 0.52461 1.533951 0.317105 0.51211 1.546952 0.317105 0.5232419 1.481193 0.317105 0.52261 1.481487 0.317105 0.5220388 1.481887 0.317105 0.5215458 1.48238 0.317105 0.5211459 1.482951 0.317105 0.5208512 1.483583 0.317105 0.5206708 1.484257 0.317105 0.52061 1.484951 0.317105 0.5206708 1.485646 0.317105 0.53711 1.546952 0.317105 0.5253046 1.533891 0.317105 0.5259781 1.53371 0.317105 0.52661 1.533416 0.317105 0.5271812 1.533016 0.317105 0.5276742 1.532523 0.317105 0.5220388 1.526887 0.317105 0.5215458 1.52738 0.317105 0.5211459 1.527951 0.317105 0.5220388 1.533016 0.317105 0.52261 1.533416 0.317105 0.5232419 1.53371 0.317105 0.5280741 1.531952 0.317105 0.5283688 1.53132 0.317105 0.5285493 1.530646 0.317105 0.5280741 1.527951 0.317105 0.5276742 1.52738 0.317105 0.53711 1.468951 0.317105 0.52861 1.484951 0.317105 0.5285493 1.484257 0.317105 0.5206708 1.530646 0.317105 0.5208512 1.53132 0.317105 0.5211459 1.531952 0.317105 0.5215458 1.532523 0.317105 0.52861 1.529951 0.317105 0.5285493 1.529257 0.317105 0.5283688 1.528583 0.317105 0.5271812 1.526887 0.317105 0.52661 1.526487 0.317105 0.5259781 1.526193 0.317105 0.52261 1.488416 0.317105 0.5232419 1.48871 0.317105 0.52461 1.525951 0.317105 0.5253046 1.481012 0.317105 0.5259781 1.481193 0.317105 0.5208512 1.528583 0.317105 0.5206708 1.529257 0.317105 0.52061 1.529951 0.317105 0.5283688 1.483583 0.317105 0.5280741 1.482951 0.317105 0.5276742 1.48238 0.317105 0.5239154 1.526012 0.317105 0.5208512 1.48632 0.317105 0.5211459 1.486951 0.317105 0.5215458 1.487523 0.317105 0.5220388 1.488016 0.317105 0.52661 1.488416 0.317105 0.5271812 1.488016 0.317105 0.5276742 1.487523 0.317105 0.5280741 1.486951 0.317105 0.5283688 1.48632 0.317105 0.5285493 1.485646 0.317105 0.5271812 1.481887 0.317105 0.52661 1.481487 0.317105 0.5239154 1.488891 0.317105 0.52461 1.488951 0.317105 0.5253046 1.526012 0.317105 0.5253046 1.488891 0.317105 0.5259781 1.48871 0.395105 0.51211 1.468951 0.383105 0.52461 1.468951 0.3830443 0.5239154 1.468951 0.3830443 0.5253046 1.468951 0.395105 0.53711 1.468951 0.3828638 0.5259781 1.468951 0.3354731 0.5283688 1.468951 0.336105 0.5280741 1.468951 0.3756409 0.52261 1.468951 0.3378638 0.5232419 1.468951 0.3375691 0.52261 1.468951 0.3756409 0.52661 1.468951 0.3760408 0.5271812 1.468951 0.3765339 0.5276742 1.468951 0.377105 0.5280741 1.468951 0.3816761 0.5276742 1.468951 0.3821692 0.5271812 1.468951 0.3825691 0.52661 1.468951 0.3366761 0.5276742 1.468951 0.3371692 0.5271812 1.468951 0.3375691 0.52661 1.468951 0.3828638 0.5232419 1.468951 0.3825691 0.52261 1.468951 0.3821692 0.5220388 1.468951 0.3347996 0.5285493 1.468951 0.3753463 0.5232419 1.468951 0.3751658 0.5239154 1.468951 0.3797996 0.5285493 1.468951 0.3804731 0.5283688 1.468951 0.381105 0.5280741 1.468951 0.3816761 0.5215458 1.468951 0.381105 0.5211459 1.468951 0.3804731 0.5208512 1.468951 0.3777369 0.5283688 1.468951 0.3784104 0.5285493 1.468951 0.379105 0.52861 1.468951 0.3378638 0.5259781 1.468951 0.3380442 0.5253046 1.468951 0.3760408 0.5220388 1.468951 0.338105 0.52461 1.468951 0.3765339 0.5215458 1.468951 0.377105 0.5211459 1.468951 0.3797996 0.5206708 1.468951 0.379105 0.52061 1.468951 0.3784104 0.5206708 1.468951 0.3371692 0.5220388 1.468951 0.3366761 0.5215458 1.468951 0.336105 0.5211459 1.468951 0.3334104 0.5206708 1.468951 0.3327369 0.5208512 1.468951 0.332105 0.5211459 1.468951 0.3380442 0.5239154 1.468951 0.3777369 0.5208512 1.468951 0.3315339 0.5215458 1.468951 0.3310408 0.5220388 1.468951 0.3306409 0.52261 1.468951 0.3306409 0.52661 1.468951 0.3303462 0.5259781 1.468951 0.3301658 0.5253046 1.468951 0.3310408 0.5271812 1.468951 0.3315339 0.5276742 1.468951 0.332105 0.5280741 1.468951 0.334105 0.52861 1.468951 0.3354731 0.5208512 1.468951 0.3347996 0.5206708 1.468951 0.334105 0.52061 1.468951 0.3303462 0.5232419 1.468951 0.3301658 0.5239154 1.468951 0.330105 0.52461 1.468951 0.3327369 0.5283688 1.468951 0.3334104 0.5285493 1.468951 0.375105 0.52461 1.468951 0.3751658 0.5253046 1.468951 0.3753463 0.5259781 1.468951 0.3310408 0.5271812 1.456951 0.3306409 0.52661 1.456951 0.305105 0.54211 1.456951 0.330105 0.52461 1.456951 0.305105 0.50711 1.456951 0.3301658 0.5253046 1.456951 0.3303462 0.5259781 1.456951 0.3301658 0.5239154 1.456951 0.3303462 0.5232419 1.456951 0.3306409 0.52261 1.456951 0.332105 0.5211459 1.456951 0.3327369 0.5208512 1.456951 0.3753463 0.5232419 1.456951 0.3756409 0.52261 1.456951 0.3760408 0.5220388 1.456951 0.3765339 0.5215458 1.456951 0.381105 0.5211459 1.456951 0.3816761 0.5215458 1.456951 0.395105 0.50711 1.456951 0.3828638 0.5259781 1.456951 0.3825691 0.52661 1.456951 0.395105 0.54211 1.456951 0.3821692 0.5271812 1.456951 0.3816761 0.5276742 1.456951 0.3821692 0.5220388 1.456951 0.3825691 0.52261 1.456951 0.3828638 0.5232419 1.456951 0.3830443 0.5239154 1.456951 0.383105 0.52461 1.456951 0.3830443 0.5253046 1.456951 0.377105 0.5280741 1.456951 0.3765339 0.5276742 1.456951 0.3760408 0.5271812 1.456951 0.3756409 0.52661 1.456951 0.3753463 0.5259781 1.456951 0.3751658 0.5253046 1.456951 0.3334104 0.5206708 1.456951 0.334105 0.52061 1.456951 0.3347996 0.5206708 1.456951 0.381105 0.5280741 1.456951 0.3804731 0.5283688 1.456951 0.3797996 0.5285493 1.456951 0.336105 0.5211459 1.456951 0.3366761 0.5215458 1.456951 0.375105 0.52461 1.456951 0.3310408 0.5220388 1.456951 0.3315339 0.5215458 1.456951 0.379105 0.52861 1.456951 0.3784104 0.5285493 1.456951 0.3777369 0.5283688 1.456951 0.379105 0.52061 1.456951 0.3797996 0.5206708 1.456951 0.3804731 0.5208512 1.456951 0.3751658 0.5239154 1.456951 0.3354731 0.5208512 1.456951 0.3334104 0.5285493 1.456951 0.3327369 0.5283688 1.456951 0.377105 0.5211459 1.456951 0.3777369 0.5208512 1.456951 0.3784104 0.5206708 1.456951 0.3371692 0.5220388 1.456951 0.3375691 0.52261 1.456951 0.3378638 0.5232419 1.456951 0.3378638 0.5259781 1.456951 0.3375691 0.52661 1.456951 0.3371692 0.5271812 1.456951 0.3366761 0.5276742 1.456951 0.336105 0.5280741 1.456951 0.332105 0.5280741 1.456951 0.3315339 0.5276742 1.456951 0.3354731 0.5283688 1.456951 0.3347996 0.5285493 1.456951 0.334105 0.52861 1.456951 0.3380442 0.5239154 1.456951 0.338105 0.52461 1.456951 0.3380442 0.5253046 1.456951 0.305105 0.5211459 1.527951 0.305105 0.5215458 1.52738 0.305105 0.52461 1.488951 0.305105 0.52661 1.526487 0.305105 0.5271812 1.526887 0.305105 0.5276742 1.52738 0.305105 0.5239154 1.533891 0.305105 0.5232419 1.53371 0.305105 0.50711 1.546952 0.305105 0.52261 1.533416 0.305105 0.5220388 1.533016 0.305105 0.5239154 1.526012 0.305105 0.5285493 1.485646 0.305105 0.5232419 1.526193 0.305105 0.5283688 1.48632 0.305105 0.5280741 1.486951 0.305105 0.5283688 1.53132 0.305105 0.54211 1.546952 0.305105 0.5285493 1.530646 0.305105 0.52861 1.529951 0.305105 0.5276742 1.487523 0.305105 0.5271812 1.488016 0.305105 0.52661 1.488416 0.305105 0.5239154 1.488891 0.305105 0.5232419 1.48871 0.305105 0.52261 1.488416 0.305105 0.52861 1.484951 0.305105 0.5280741 1.527951 0.305105 0.5283688 1.528583 0.305105 0.5285493 1.529257 0.305105 0.5280741 1.531952 0.305105 0.5276742 1.532523 0.305105 0.5271812 1.533016 0.305105 0.5253046 1.533891 0.305105 0.52461 1.533951 0.305105 0.5215458 1.532523 0.305105 0.5211459 1.531952 0.305105 0.5208512 1.53132 0.305105 0.5220388 1.481887 0.305105 0.52261 1.481487 0.305105 0.5232419 1.481193 0.305105 0.5259781 1.481193 0.305105 0.52661 1.481487 0.305105 0.5271812 1.481887 0.305105 0.5276742 1.48238 0.305105 0.5280741 1.482951 0.305105 0.52461 1.525951 0.305105 0.5253046 1.526012 0.305105 0.5259781 1.526193 0.305105 0.52661 1.533416 0.305105 0.5259781 1.53371 0.305105 0.5259781 1.48871 0.305105 0.5253046 1.488891 0.305105 0.52261 1.526487 0.305105 0.5220388 1.526887 0.305105 0.5220388 1.488016 0.305105 0.5215458 1.487523 0.305105 0.5211459 1.486951 0.305105 0.5206708 1.484257 0.305105 0.5208512 1.483583 0.305105 0.5283688 1.483583 0.305105 0.5285493 1.484257 0.305105 0.5206708 1.530646 0.305105 0.52061 1.529951 0.305105 0.5206708 1.529257 0.305105 0.5208512 1.528583 0.305105 0.5211459 1.482951 0.305105 0.5215458 1.48238 0.305105 0.5239154 1.481012 0.305105 0.52461 1.480952 0.305105 0.5253046 1.481012 0.305105 0.5208512 1.48632 0.305105 0.5206708 1.485646 0.305105 0.52061 1.484951 0.317105 0.54211 1.546952 0.317105 0.50711 1.546952 0.395105 0.50711 1.468951 0.395105 0.54211 1.468951 0.3889852 0.54211 1.469192 0.328599 0.54211 1.506197 0.3320017 0.54211 1.501104 0.3357933 0.54211 1.496294 0.3399507 0.54211 1.491797 0.344448 0.54211 1.48764 0.3492578 0.54211 1.483848 0.3209226 0.54211 1.522848 0.3230424 0.54211 1.517102 0.3256065 0.54211 1.51154 0.3543501 0.54211 1.480446 0.3596937 0.54211 1.477453 0.3652557 0.54211 1.474889 0.3710017 0.54211 1.472769 0.3768963 0.54211 1.471107 0.3829031 0.54211 1.469912 0.3173454 0.54211 1.540832 0.3180653 0.54211 1.53475 0.3192601 0.54211 1.528743 0.3889852 0.53711 1.469192 0.3829031 0.53711 1.469912 0.3768963 0.53711 1.471107 0.3710017 0.53711 1.472769 0.3652557 0.53711 1.474889 0.3596937 0.53711 1.477453 0.3543501 0.53711 1.480446 0.3492578 0.53711 1.483848 0.344448 0.53711 1.48764 0.3399507 0.53711 1.491797 0.3357933 0.53711 1.496294 0.3320017 0.53711 1.501104 0.328599 0.53711 1.506197 0.3256065 0.53711 1.51154 0.3230424 0.53711 1.517102 0.3209226 0.53711 1.522848 0.3192601 0.53711 1.528743 0.3180653 0.53711 1.53475 0.3173454 0.53711 1.540832 0.3889852 0.50711 1.469192 0.3889852 0.51211 1.469192 0.3829031 0.50711 1.469912 0.3829031 0.51211 1.469912 0.3768963 0.50711 1.471107 0.3768963 0.51211 1.471107 0.3710017 0.50711 1.472769 0.3710017 0.51211 1.472769 0.3652557 0.50711 1.474889 0.3652557 0.51211 1.474889 0.3596937 0.50711 1.477453 0.3596937 0.51211 1.477453 0.3543501 0.50711 1.480446 0.3543501 0.51211 1.480446 0.3492578 0.50711 1.483848 0.3492578 0.51211 1.483848 0.344448 0.50711 1.48764 0.344448 0.51211 1.48764 0.3399507 0.50711 1.491797 0.3399507 0.51211 1.491797 0.3357933 0.50711 1.496294 0.3357933 0.51211 1.496294 0.3320017 0.50711 1.501104 0.3320017 0.51211 1.501104 0.328599 0.50711 1.506197 0.328599 0.51211 1.506197 0.3256065 0.50711 1.51154 0.3256065 0.51211 1.51154 0.3230424 0.50711 1.517102 0.3230424 0.51211 1.517102 0.3209226 0.50711 1.522848 0.3209226 0.51211 1.522848 0.3192601 0.50711 1.528743 0.3192601 0.51211 1.528743 0.3180653 0.50711 1.53475 0.3180653 0.51211 1.53475 0.3173454 0.50711 1.540832 0.3173454 0.51211 1.540832</float_array>
          <technique_common>
            <accessor source="#MMO_700_dual_-_bracket_single-7-mesh-positions-array" count="380" stride="3">
              <param name="X" type="float"/>
              <param name="Y" type="float"/>
              <param name="Z" type="float"/>
            </accessor>
          </technique_common>
        </source>
        <source id="MMO_700_dual_-_bracket_single-7-mesh-normals">
          <float_array id="MMO_700_dual_-_bracket_single-7-mesh-normals-array" count="1416">1 -5.2026e-6 0 1 -2.39755e-5 0 1 0 0 1 2.64218e-5 0 1 -1.02499e-5 0 1 -2.36716e-5 0 1 -1.09194e-4 0 1 9.31331e-5 0 1 -5.90138e-5 0 1 2.15538e-5 0 1 -1.5317e-5 0 1 -2.44005e-6 0 1 -1.23679e-5 0 1 4.34943e-6 0 1 -1.49937e-5 0 1 1.5317e-5 0 1 2.29779e-5 0 1 -3.67664e-5 0 1 -1.35465e-4 0 1 1.23678e-5 0 1 -1.61411e-4 0 1 -1.87021e-4 0 1 5.04063e-5 0 1 -2.19893e-5 0 1 2.39755e-5 0 1 1.8706e-4 0 1 -1.39474e-6 0 1 1.61418e-4 0 1 -4.19452e-5 0 1 2.36716e-5 0 1 1.00806e-4 0 1 -1.25131e-4 0 1 8.34663e-6 0 1 3.94822e-5 0 1 -7.98243e-6 0 1 1.13698e-4 0 1 -1.69215e-4 0 1 5.90124e-5 0 1 1.02514e-5 0 1 -2.64218e-5 0 1 -1.84028e-6 0 1 7.24723e-5 0 1 1.8341e-6 0 1 -7.45045e-5 0 1 3.02642e-5 0 1 7.37231e-6 0 5.11971e-5 0 1 0 0 1 -4.94951e-5 0 1 1.71444e-5 0 1 -3.19402e-5 0 1 9.22384e-5 0 1 -5.28395e-5 0 1 2.08927e-5 0 1 5.78063e-6 0 1 -5.2835e-5 0 1 9.22389e-5 0 1 2.41922e-5 0 1 -8.83558e-6 0 1 -4.73443e-5 0 1 8.6552e-5 0 1 8.65351e-5 0 1 -4.73432e-5 0 1 -3.45982e-6 0 1 -5.3093e-5 0 1 3.8103e-5 0 1 -4.07034e-5 0 1 9.37612e-6 0 1 4.02042e-5 0 1 -5.60756e-5 0 1 5.02563e-5 0 1 -2.08817e-5 0 1 3.23744e-5 0 1 4.59678e-5 0 1 -1.25956e-5 0 1 -5.00591e-5 0 1 -1.66875e-4 0 1 5.93748e-5 0 1 -8.78248e-5 0 1 -1.56128e-4 0 1 4.94702e-5 0 1 -8.34533e-5 0 1 5.37647e-5 0 1 3.498e-6 0 1 5.67761e-5 0 1 -3.9848e-5 0 1 6.39321e-5 0 1 -5.63115e-5 0 1 -4.75594e-5 0 1 -6.68413e-6 0 1 -3.77653e-5 0 1 -1.64912e-5 0 1 1.69416e-5 0 1 1.45221e-5 0 1 0 0 -1 1.16936e-5 0 -1 3.37408e-5 0 -1 -7.51133e-6 0 -1 2.47481e-5 0 -1 -7.84319e-5 0 -1 3.38963e-5 0 -1 2.61404e-5 0 -1 -5.59356e-5 0 -1 -1.48659e-4 0 -1 -2.08708e-5 0 -1 -1.09999e-5 0 -1 1.42126e-5 0 -1 4.636e-6 0 -1 -2.61575e-4 0 -1 -3.39669e-5 0 -1 4.96949e-5 0 -1 -1.07504e-4 0 -1 7.33999e-5 0 -1 6.83807e-5 0 -1 5.2e-5 0 -1 -7.42648e-5 0 -1 3.59906e-4 0 -1 -3.22082e-4 0 -1 -3.90487e-5 0 -1 4.64253e-5 0 -1 2.64228e-4 0 -1 -1.07502e-4 0 -1 7.55534e-5 0 -1 -5.00591e-5 0 -1 -6.13126e-5 0 -1 4.64336e-5 0 -1 -5.13537e-4 0 -1 -4.50179e-5 0 -1 -5.63926e-6 0 -1 1.00665e-5 0 -1 3.31642e-5 0 -1 -2.3113e-5 0 -1 -9.54198e-5 0 -1 -1.14162e-5 0 -1 3.55499e-4 0 -1 -2.4293e-4 0 -1 -9.37594e-6 0 -1 -1 0 0 -1 -4.5905e-5 0 -1 1.44211e-5 0 -1 -3.55188e-5 0 -1 5.44044e-5 0 -1 1.57336e-4 0 -1 -3.44823e-6 0 -1 -2.66167e-5 0 -1 -8.84095e-5 0 -1 4.55185e-6 0 -1 -9.47946e-5 0 -1 -1.75822e-5 0 -1 -1.50613e-6 0 -1 -1.37126e-4 0 -1 3.49032e-5 0 -1 -7.00673e-5 0 -1 -4.15438e-6 0 -1 -4.08938e-6 0 -1 5.75288e-5 0 -1 -4.54226e-5 0 -1 4.15331e-6 0 -1 3.94128e-5 0 -1 9.42603e-6 0 -1 -9.42603e-6 0 -1 -2.96166e-6 0 -1 -5.3742e-5 0 -1 -6.71096e-5 0 -1 4.92154e-5 0 -1 -3.42167e-5 0 -1 3.65989e-5 0 -1 6.68807e-5 0 -1 -1.4417e-5 0 -1 1.4145e-5 0 -1 6.76165e-6 0 -1 -1.44388e-5 0 -1 -4.95516e-5 0 -1 6.00089e-5 0 -1 1.12663e-4 0 -1 1.44909e-5 0 -1 -6.56739e-5 0 -1 -1.95658e-5 0 -1 3.73933e-6 0 -0.999995 0.003195762 0 -1 -6.59718e-5 0 -1 3.78077e-4 0 -1 -1.43901e-4 0 -1 -1.12663e-4 0 -1 5.37369e-5 0 -1 2.96189e-6 0 -1 2.11307e-5 0 -1 -2.1129e-5 0 -1 8.69863e-6 0 -1 -1.02327e-4 0 -1 1.52617e-6 0 -1 9.48191e-5 0 -1 6.56628e-5 0 1.77395e-5 0 1 -6.20883e-6 0 1 0 1 0 0 1 -4.70713e-6 0 1 1.23528e-5 0 1 -8.07833e-6 0 1 3.66659e-6 0 1 1.70627e-6 0 1 -5.11872e-6 0 1 3.2313e-5 0 1 -4.59253e-6 0 1 -1.46209e-6 0 1 2.20793e-5 0 1 -6.64845e-6 0 1 -8.3104e-6 0 1 2.72621e-6 0 1 1.72223e-6 0.03923255 0 0.9992302 0.03929328 0 0.9992278 0.1175171 0 0.9930709 0.1175752 0 0.993064 0.1950984 0 0.9807837 0.1950691 0 0.9807896 0.271466 0 0.9624481 0.2714338 0 0.9624571 0.3461275 0 0.9381875 0.3461007 0 0.9381974 0.4186628 0 0.9081419 0.4886136 0 0.8725004 0.4886432 0 0.8724838 0.5555772 0 0.8314651 0.5555562 0 0.8314791 0.6190934 0 0.7853174 0.6190673 0 0.7853379 0.6788105 0 0.7343136 0.7343211 0 0.6788023 0.7853158 0 0.6190954 0.7853232 0 0.619086 0.8314639 0 0.555579 0.8314768 0 0.5555596 0.8724935 0 0.4886258 0.8725007 0 0.4886129 0.9081474 0 0.4186508 0.9081391 0 0.4186685 0.9381881 0 0.3461257 0.9381907 0 0.346119 0.962455 0 0.2714413 0.9624573 0 0.2714334 0.9807841 0 0.1950969 0.9807863 0 0.1950852 0.9930685 0 0.1175377 0.9930678 0 0.1175432 0.9992292 0 0.03925734 0.999229 0 0.03925973 0 -1 1.48974e-4 0 -1 0 0 -1 1.65546e-5 0 -1 -2.90761e-5 0 -1 -9.62306e-6 0 -1 6.28369e-6 0 -1 1.78544e-5 0 -1 -1.61612e-5 0 -1 2.40579e-6 0 -1 -2.97566e-6 0 -1 -1.03848e-6 0 -1 -1.37957e-6 0.1175153 0 0.9930711 0.117577 0 0.9930639 0.418657 0 0.9081445 0.619086 0 0.7853232 0.6788029 0 0.7343205 0.7853196 0 0.6190907 0.8724967 0 0.4886201 0.9081445 0 0.418657 0.9081421 0 0.4186623 0.9807848 0 0.1950932 0.9930683 0 0.1175397 0.993068 0 0.1175413 0.9992292 0 0.03925782 0 -1 -6.64845e-6 0 -1 -1.90837e-5 0 -1 9.18507e-6 0 -1 6.4855e-6 0 -1 1.70627e-6 0 -1 9.16647e-7 0 -1 -1.61565e-5 0 -1 -1.83333e-6 0 -1 5.11872e-6 0 -1 -7.84538e-6 0 -1 1.54405e-6 0 -1 -8.07833e-6 0 -1 7.35979e-6 0 -1 -6.64832e-6 0 1 1.40024e-4 0 1 2.07695e-6 0 1 1.34681e-6 0 1 -4.7102e-6 0 1 -7.21738e-6 0 1 1.07741e-5 0 1 -5.95147e-6 0 1 -2.07687e-5 0 1 -2.75909e-5 0 -0.08719325 0.9961915 0 -0.0871827 0.9961923 0 -0.2588723 0.9659116 0 -0.2588428 0.9659195 0 -0.4225078 0.9063593 0 -0.4224637 0.9063799 0 -0.5736116 0.8191275 0 -0.5736081 0.8191301 0 -0.7071572 0.7070564 0 -0.7070999 0.7071138 0 -0.8191954 0.5735147 0 -0.8191407 0.5735926 0 -0.9063016 0.4226319 0 -0.9063003 0.4226345 0 -0.9659084 0.2588843 0 -0.965936 0.2587813 0 -0.9962036 0.08705472 0 -0.9961842 0.08727598 0 -0.9961856 -0.08726054 0 -0.9962048 -0.08704054 0 -0.9659363 -0.2587804 0 -0.9659082 -0.2588852 0 -0.9063016 -0.4226319 0 -0.9063003 -0.4226345 0 -0.8191431 -0.5735894 0 -0.8191931 -0.5735179 0 -0.7071015 -0.707112 0 -0.7071555 -0.7070581 0 -0.5734959 -0.8192084 0 -0.4226052 -0.906314 0 -0.4226464 -0.9062947 0 -0.2588444 -0.9659191 0 -0.2588707 -0.965912 0 -0.08718359 -0.9961923 0 -0.08719241 -0.9961916 0 0.08719325 -0.9961915 0 0.08720207 -0.9961907 0 0.2588444 -0.9659191 0 0.2588707 -0.965912 0 0.4226478 -0.9062941 0 0.4226037 -0.9063146 0 0.5734959 -0.8192084 0 0.5734437 -0.819245 0 0.7071015 -0.707112 0 0.7071555 -0.7070581 0 0.8191431 -0.5735894 0 0.8191407 -0.5735926 0 0.9063016 -0.4226319 0 0.9063003 -0.4226345 0 0.9659641 -0.2586766 0 0.9659082 -0.2588852 0 0.9961953 -0.08715009 0 0.9961951 -0.08715099 0 0.996194 0.08716523 0 0.996194 0.08716553 0 0.9659084 0.2588843 0 0.9659638 0.2586774 0 0.9063016 0.4226319 0 0.9063003 0.4226345 0 0.8191431 0.5735894 0 0.8191407 0.5735926 0 0.7071572 0.7070564 0 0.7070999 0.7071138 0 0.5735592 0.8191641 0 0.5736081 0.8191301 0 0.4224652 0.9063792 0 0.4225064 0.90636 0 0.2588723 0.9659116 0 0.2588428 0.9659195 0 0.0872029 0.9961906 0 0.08719241 0.9961916 0 -0.08702325 0.9962063 0 -0.0870136 0.9962071 0 -0.4226478 0.9062941 0 -0.4226037 0.9063146 0 -0.965897 0.2589269 0 -0.9659246 0.2588239 0 -0.9962049 0.08703964 0 -0.9961855 0.08726149 0 -0.9659248 -0.258823 0 -0.9658968 -0.2589278 0 -0.5736116 -0.8191275 0 -0.5736081 -0.8191301 0 -0.0870136 -0.9962071 0 -0.08702325 -0.9962063 0 0.08702325 -0.9962063 0 0.08703291 -0.9962055 0 0.5736116 -0.8191275 0 0.5735558 -0.8191667 0 0.9659526 -0.2587192 0 0.9658968 -0.2589278 0 0.9961953 0.08715009 0 0.9961951 0.08715099 0 0.965897 0.2589269 0 0.9659524 0.25872 0 0.4226052 0.906314 0 0.4226464 0.9062947 0 0.08703291 0.9962055 0 0.08702325 0.9962063 -0.9961951 -0.08715069 0 -0.9659016 -0.2589095 0 -0.9659573 -0.2587018 0 -0.906299 -0.4226371 0 -0.9063016 -0.4226319 0 -0.8191431 -0.5735894 0 -0.7070999 -0.7071138 0 -0.7071624 -0.7070511 0 -0.573552 -0.8191692 0 -0.4226478 -0.9062941 0 -0.4226052 -0.906314 0 -0.2588715 -0.9659118 0 -0.2588158 -0.9659268 0 -0.08711791 -0.996198 0 -0.08710825 -0.996199 0 0.08710825 -0.996199 0 0.08711791 -0.996198 0 0.2588437 -0.9659193 0 0.4226478 -0.9062941 0 0.5734997 -0.8192059 0 0.573552 -0.8191692 0 0.7070999 -0.7071138 0 0.7071624 -0.7070511 0 0.8191954 -0.5735147 0 0.8190907 -0.573664 0 0.906299 -0.4226371 0 0.9063016 -0.4226319 0 0.9659295 -0.2588056 0 0.9962048 -0.08704024 0 0.9961856 -0.08726114 0 0.9961849 0.08726841 0 0.9962043 0.08704751 0 0.9659295 0.2588056 0 0.906299 0.4226371 0 0.9063016 0.4226319 0 0.8191182 0.5736248 0 0.8192229 0.5734755 0 0.7071068 0.7071068 0 0.7070581 0.7071555 0 0.5736081 0.8191301 0 0.5735558 0.8191667 0 0.4226478 0.9062941 0 0.2587593 0.9659419 0 0.2587658 0.9659401 0 0.08720076 0.9961908 0 0.08719283 0.9961916 0 -0.0871911 0.9961917 0 -0.08720248 0.9961906 0 -0.2587314 0.9659494 0 -0.2587936 0.9659327 0 -0.4226052 0.906314 0 -0.4226478 0.9062941 0 -0.5736081 0.8191301 0 -0.7071068 0.7071068 0 -0.7070581 0.7071555 0 -0.8191705 0.5735501 0 -0.906299 0.4226371 0 -0.9063016 0.4226319 0 -0.9659573 0.2587018 0 -0.9659016 0.2589095 0 -0.9961946 0.08715796 0 -0.5734997 -0.8192059 0 -0.2588437 -0.9659193 0 -0.08709859 -0.9961997 0 0.2588715 -0.9659118 0 0.4226052 -0.906314 0 0.9063416 -0.4225457 0 0.9659016 -0.2589095 0 0.9659016 0.2589095 0 0.9063441 0.4225404 0 0.4226052 0.906314 0 0.2587871 0.9659344 0 0.0871911 0.9961917 0 -0.08720076 0.9961908 0 -0.08718317 0.9961923 0 -0.2587871 0.9659344 0 -0.2587658 0.9659401 0 -0.5735558 0.8191667 0</float_array>
          <technique_common>
            <accessor source="#MMO_700_dual_-_bracket_single-7-mesh-normals-array" count="472" stride="3">
              <param name="X" type="float"/>
              <param name="Y" type="float"/>
              <param name="Z" type="float"/>
            </accessor>
          </technique_common>
        </source>
        <vertices id="MMO_700_dual_-_bracket_single-7-mesh-vertices">
          <input semantic="POSITION" source="#MMO_700_dual_-_bracket_single-7-mesh-positions"/>
        </vertices>
        <triangles count="772">
          <input semantic="VERTEX" source="#MMO_700_dual_-_bracket_single-7-mesh-vertices" offset="0"/>
          <input semantic="NORMAL" source="#MMO_700_dual_-_bracket_single-7-mesh-normals" offset="1"/>
          <p>0 0 1 0 2 0 0 1 3 1 4 1 5 2 6 2 7 2 2 2 8 2 0 2 0 3 8 3 9 3 0 4 9 4 10 4 10 2 11 2 0 2 0 2 11 2 12 2 0 5 12 5 13 5 13 6 14 6 0 6 0 7 14 7 15 7 0 8 15 8 16 8 7 2 6 2 17 2 17 9 6 9 18 9 17 10 18 10 19 10 19 2 20 2 17 2 17 11 20 11 21 11 17 12 21 12 22 12 4 2 23 2 0 2 0 13 23 13 24 13 0 2 24 2 25 2 26 2 27 2 7 2 7 14 27 14 28 14 7 15 28 15 5 15 22 2 29 2 17 2 17 16 29 16 30 16 17 17 30 17 31 17 32 2 33 2 34 2 35 18 36 18 34 18 37 2 38 2 7 2 38 2 39 2 7 2 7 2 39 2 40 2 7 19 40 19 26 19 31 2 41 2 17 2 17 20 41 20 42 20 17 2 42 2 34 2 34 21 42 21 43 21 34 22 43 22 32 22 33 2 44 2 34 2 34 23 44 23 45 23 34 24 45 24 46 24 47 2 48 2 49 2 1 2 0 2 50 2 50 2 0 2 34 2 50 2 34 2 51 2 25 2 52 2 0 2 0 25 52 25 53 25 0 26 53 26 7 26 7 27 53 27 54 27 7 28 54 28 37 28 36 2 55 2 34 2 34 29 55 29 56 29 34 2 56 2 57 2 3 2 0 2 58 2 58 2 0 2 16 2 58 2 16 2 49 2 49 30 16 30 59 30 49 31 59 31 60 31 60 2 61 2 49 2 49 32 61 32 62 32 49 33 62 33 47 33 63 2 64 2 46 2 46 34 64 34 65 34 65 2 66 2 46 2 46 35 66 35 67 35 46 2 67 2 34 2 34 36 67 36 68 36 34 37 68 37 35 37 57 2 69 2 34 2 34 38 69 38 70 38 34 39 70 39 51 39 48 2 71 2 49 2 49 40 71 40 72 40 49 41 72 41 73 41 73 42 72 42 74 42 73 43 74 43 46 43 46 44 74 44 75 44 46 45 75 45 63 45 76 46 77 46 78 46 77 47 76 47 79 47 79 47 76 47 80 47 79 47 80 47 81 47 82 47 83 47 84 47 85 47 86 47 76 47 87 48 88 48 34 48 34 49 88 49 89 49 34 50 89 50 90 50 91 47 92 47 80 47 80 51 92 51 93 51 80 52 93 52 81 52 83 47 94 47 84 47 84 53 94 53 95 53 84 54 95 54 96 54 78 47 97 47 76 47 76 55 97 55 98 55 76 56 98 56 99 56 82 47 84 47 100 47 100 57 84 57 101 57 100 58 101 58 102 58 103 47 104 47 80 47 80 59 104 59 105 59 80 60 105 60 91 60 99 47 106 47 76 47 76 61 106 61 107 61 76 62 107 62 108 62 90 47 109 47 34 47 34 63 109 63 110 63 34 47 110 47 80 47 80 64 110 64 111 64 80 65 111 65 103 65 96 66 112 66 84 66 84 67 112 67 113 67 84 47 113 47 114 47 114 47 113 47 115 47 114 47 115 47 116 47 116 47 115 47 117 47 108 47 118 47 76 47 76 68 118 68 119 68 76 69 119 69 120 69 86 70 121 70 76 70 76 71 121 71 122 71 76 72 122 72 123 72 124 47 125 47 0 47 0 73 125 73 126 73 85 47 76 47 127 47 127 47 76 47 120 47 127 47 120 47 115 47 115 74 120 74 128 74 115 75 128 75 117 75 126 76 129 76 0 76 0 77 129 77 130 77 0 78 130 78 131 78 132 47 34 47 133 47 133 47 34 47 134 47 132 79 135 79 34 79 34 80 135 80 136 80 34 81 136 81 137 81 34 82 138 82 100 82 123 47 139 47 76 47 76 83 139 83 140 83 76 47 140 47 0 47 0 84 140 84 141 84 0 85 141 85 124 85 131 47 142 47 0 47 0 86 142 86 143 86 0 47 143 47 34 47 34 87 143 87 144 87 34 88 144 88 134 88 137 47 145 47 34 47 34 89 145 89 146 89 34 90 146 90 138 90 102 47 147 47 100 47 100 91 147 91 148 91 100 47 148 47 34 47 34 92 148 92 149 92 34 93 149 93 87 93 150 94 151 94 152 94 153 94 154 94 155 94 155 94 154 94 152 94 155 94 152 94 156 94 156 94 152 94 151 94 153 94 157 94 154 94 154 95 157 95 158 95 154 96 158 96 159 96 160 94 161 94 154 94 162 94 163 94 154 94 154 97 163 97 164 97 154 98 164 98 165 98 166 94 167 94 168 94 169 94 170 94 171 94 171 99 170 99 172 99 171 100 172 100 173 100 167 94 174 94 168 94 168 101 174 101 175 101 168 102 175 102 176 102 176 94 177 94 168 94 168 103 177 103 178 103 168 94 178 94 171 94 171 94 178 94 179 94 171 104 179 104 169 104 180 94 181 94 152 94 152 105 181 105 182 105 182 94 183 94 152 94 152 106 183 106 184 106 152 107 184 107 185 107 161 108 186 108 154 108 154 109 186 109 187 109 154 110 187 110 188 110 173 94 189 94 171 94 171 111 189 111 190 111 171 112 190 112 191 112 192 113 193 113 194 113 159 94 195 94 154 94 154 114 195 114 196 114 154 115 196 115 160 115 191 116 197 116 171 116 171 117 197 117 198 117 171 94 198 94 152 94 152 118 198 118 199 118 152 119 199 119 180 119 200 94 201 94 168 94 168 120 201 120 202 120 168 121 202 121 166 121 162 94 154 94 203 94 203 94 154 94 188 94 203 94 188 94 194 94 194 122 188 122 204 122 194 123 204 123 192 123 152 124 205 124 206 124 165 94 207 94 154 94 154 125 207 125 208 125 154 94 208 94 168 94 168 126 208 126 209 126 168 127 209 127 200 127 193 94 210 94 194 94 194 128 210 128 211 128 194 129 211 129 212 129 185 94 213 94 214 94 214 94 215 94 185 94 185 94 215 94 216 94 185 130 216 130 217 130 206 94 218 94 152 94 152 94 218 94 219 94 152 131 219 131 150 131 217 132 220 132 185 132 185 133 220 133 221 133 185 94 221 94 152 94 152 134 221 134 222 134 152 135 222 135 205 135 212 136 223 136 194 136 194 94 223 94 224 94 194 94 224 94 185 94 185 94 224 94 225 94 185 94 225 94 213 94 226 137 227 137 228 137 229 137 230 137 152 137 152 138 230 138 231 138 232 137 233 137 234 137 234 139 233 139 235 139 234 140 235 140 236 140 237 137 238 137 239 137 239 141 238 141 240 141 239 142 240 142 241 142 242 137 243 137 244 137 244 137 243 137 245 137 241 137 246 137 239 137 239 143 246 143 247 143 239 144 247 144 248 144 249 145 250 145 234 145 234 146 250 146 251 146 152 147 252 147 238 147 231 137 253 137 152 137 152 148 253 148 254 148 152 149 254 149 243 149 243 150 254 150 255 150 243 151 255 151 245 151 242 152 256 152 243 152 243 153 256 153 257 153 243 154 257 154 258 154 243 137 259 137 234 137 234 155 259 155 260 155 234 156 260 156 232 156 236 137 261 137 234 137 234 157 261 157 262 157 234 158 262 158 263 158 264 137 265 137 154 137 154 159 265 159 266 159 152 160 267 160 268 160 268 137 269 137 152 137 152 161 269 161 270 161 152 162 270 162 271 162 237 163 272 163 238 163 238 164 272 164 273 164 238 137 273 137 152 137 152 165 273 165 274 165 152 166 274 166 229 166 258 167 275 167 243 167 243 168 275 168 276 168 243 169 276 169 259 169 248 137 277 137 239 137 239 170 277 170 278 170 239 137 278 137 279 137 279 171 278 171 228 171 279 137 228 137 280 137 280 137 228 137 227 137 251 137 281 137 234 137 234 172 281 172 282 172 234 173 282 173 283 173 284 137 285 137 154 137 271 174 286 174 152 174 152 175 286 175 287 175 152 176 287 176 252 176 263 137 288 137 234 137 234 177 288 177 289 177 234 178 289 178 249 178 249 179 289 179 290 179 249 180 290 180 228 180 228 181 290 181 291 181 228 182 291 182 226 182 285 183 292 183 154 183 154 184 292 184 293 184 154 185 293 185 264 185 266 137 294 137 154 137 154 186 294 186 295 186 154 137 295 137 152 137 152 187 295 187 296 187 152 188 296 188 267 188 283 137 297 137 234 137 234 189 297 189 298 189 234 190 298 190 154 190 154 191 298 191 299 191 154 192 299 192 284 192 300 47 243 47 17 47 17 193 243 193 234 193 17 194 234 194 7 194 7 47 234 47 301 47 302 2 168 2 76 2 76 2 168 2 171 2 76 2 171 2 80 2 80 2 171 2 303 2 304 195 303 195 171 195 305 195 306 195 152 195 152 196 306 196 307 196 307 197 308 197 152 197 152 195 308 195 309 195 152 195 309 195 310 195 311 198 312 198 152 198 152 199 312 199 313 199 152 200 313 200 305 200 310 195 314 195 152 195 152 201 314 201 315 201 152 195 315 195 316 195 316 202 317 202 152 202 152 203 317 203 318 203 152 204 318 204 171 204 171 205 318 205 319 205 171 206 319 206 304 206 300 195 320 195 243 195 243 207 320 207 321 207 243 195 321 195 152 195 152 208 321 208 322 208 152 209 322 209 311 209 80 210 303 210 323 210 323 211 303 211 304 211 323 212 304 212 324 212 324 213 304 213 319 213 324 214 319 214 325 214 325 215 319 215 318 215 325 216 318 216 326 216 326 217 318 217 317 217 326 218 317 218 327 218 327 219 317 219 316 219 327 220 316 220 328 220 328 220 316 220 315 220 328 221 315 221 329 221 329 222 315 222 314 222 329 223 314 223 330 223 330 224 314 224 310 224 330 225 310 225 331 225 331 226 310 226 309 226 331 227 309 227 332 227 332 227 309 227 308 227 332 228 308 228 333 228 333 228 308 228 307 228 333 229 307 229 334 229 334 230 307 230 306 230 334 231 306 231 335 231 335 232 306 232 305 232 335 233 305 233 336 233 336 234 305 234 313 234 336 235 313 235 337 235 337 236 313 236 312 236 337 237 312 237 338 237 338 238 312 238 311 238 338 239 311 239 339 239 339 240 311 240 322 240 339 241 322 241 340 241 340 242 322 242 321 242 340 243 321 243 341 243 341 244 321 244 320 244 341 245 320 245 17 245 17 246 320 246 300 246 34 247 80 247 323 247 332 248 333 248 34 248 323 248 324 248 34 248 34 249 324 249 325 249 34 250 325 250 326 250 333 251 334 251 34 251 34 252 334 252 335 252 34 248 335 248 336 248 326 248 327 248 34 248 34 253 327 253 328 253 34 254 328 254 329 254 329 248 330 248 34 248 34 255 330 255 331 255 34 248 331 248 332 248 336 256 337 256 34 256 34 248 337 248 338 248 34 257 338 257 339 257 339 258 340 258 34 258 34 248 340 248 341 248 34 248 341 248 17 248 302 210 76 210 342 210 342 211 76 211 343 211 342 259 343 259 344 259 344 260 343 260 345 260 344 214 345 214 346 214 346 215 345 215 347 215 346 216 347 216 348 216 348 217 347 217 349 217 348 218 349 218 350 218 350 219 349 219 351 219 350 261 351 261 352 261 352 220 351 220 353 220 352 221 353 221 354 221 354 222 353 222 355 222 354 223 355 223 356 223 356 224 355 224 357 224 356 262 357 262 358 262 358 226 357 226 359 226 358 263 359 263 360 263 360 227 359 227 361 227 360 228 361 228 362 228 362 228 361 228 363 228 362 229 363 229 364 229 364 264 363 264 365 264 364 231 365 231 366 231 366 232 365 232 367 232 366 265 367 265 368 265 368 234 367 234 369 234 368 266 369 266 370 266 370 267 369 267 371 267 370 237 371 237 372 237 372 238 371 238 373 238 372 239 373 239 374 239 374 240 373 240 375 240 374 268 375 268 376 268 376 242 375 242 377 242 376 269 377 269 378 269 378 270 377 270 379 270 378 271 379 271 301 271 301 246 379 246 7 246 378 248 301 248 234 248 362 248 364 248 154 248 362 248 154 248 360 248 302 248 342 248 168 248 168 272 342 272 344 272 168 248 344 248 154 248 154 273 344 273 346 273 154 274 346 274 348 274 364 275 366 275 154 275 154 276 366 276 368 276 154 277 368 277 370 277 348 278 350 278 154 278 154 279 350 279 352 279 154 280 352 280 354 280 354 248 356 248 154 248 154 281 356 281 358 281 154 282 358 282 360 282 370 283 372 283 154 283 154 248 372 248 374 248 154 248 374 248 234 248 234 284 374 284 376 284 234 285 376 285 378 285 343 195 76 195 0 195 343 286 0 286 345 286 0 195 7 195 379 195 367 195 365 195 0 195 0 195 365 195 363 195 379 195 377 195 0 195 0 195 377 195 375 195 0 287 375 287 373 287 373 195 371 195 0 195 0 195 371 195 369 195 0 288 369 288 367 288 363 195 361 195 0 195 0 289 361 289 359 289 0 290 359 290 357 290 357 195 355 195 0 195 0 291 355 291 353 291 0 292 353 292 351 292 351 195 349 195 0 195 0 293 349 293 347 293 0 294 347 294 345 294 272 295 49 295 273 295 273 296 49 296 73 296 273 297 73 297 274 297 274 298 73 298 46 298 274 299 46 299 229 299 229 300 46 300 45 300 229 301 45 301 230 301 230 302 45 302 44 302 230 303 44 303 231 303 231 304 44 304 33 304 231 305 33 305 253 305 253 306 33 306 32 306 253 307 32 307 254 307 254 308 32 308 43 308 254 309 43 309 255 309 255 310 43 310 42 310 255 311 42 311 245 311 245 312 42 312 41 312 245 313 41 313 244 313 244 314 41 314 31 314 244 315 31 315 242 315 242 316 31 316 30 316 242 317 30 317 256 317 256 318 30 318 29 318 256 319 29 319 257 319 257 320 29 320 22 320 257 321 22 321 258 321 258 322 22 322 21 322 258 323 21 323 275 323 275 323 21 323 20 323 275 324 20 324 276 324 276 325 20 325 19 325 276 326 19 326 259 326 259 327 19 327 18 327 259 328 18 328 260 328 260 329 18 329 6 329 260 330 6 330 232 330 232 331 6 331 5 331 232 332 5 332 233 332 233 333 5 333 28 333 233 334 28 334 235 334 235 335 28 335 27 335 235 336 27 336 236 336 236 337 27 337 26 337 236 338 26 338 261 338 261 339 26 339 40 339 261 340 40 340 262 340 262 341 40 341 39 341 262 342 39 342 263 342 263 343 39 343 38 343 263 344 38 344 288 344 288 345 38 345 37 345 288 346 37 346 289 346 289 347 37 347 54 347 289 348 54 348 290 348 290 349 54 349 53 349 290 350 53 350 291 350 291 351 53 351 52 351 291 352 52 352 226 352 226 353 52 353 25 353 226 354 25 354 227 354 227 355 25 355 24 355 227 356 24 356 280 356 280 357 24 357 23 357 280 358 23 358 279 358 279 359 23 359 4 359 279 360 4 360 239 360 239 361 4 361 3 361 239 362 3 362 237 362 237 363 3 363 58 363 237 364 58 364 272 364 272 365 58 365 49 365 295 366 1 366 296 366 296 367 1 367 50 367 296 297 50 297 267 297 267 298 50 298 51 298 267 368 51 368 268 368 268 369 51 369 70 369 268 301 70 301 269 301 269 302 70 302 69 302 269 303 69 303 270 303 270 304 69 304 57 304 270 305 57 305 271 305 271 306 57 306 56 306 271 307 56 307 286 307 286 308 56 308 55 308 286 370 55 370 287 370 287 371 55 371 36 371 287 372 36 372 252 372 252 373 36 373 35 373 252 313 35 313 238 313 238 314 35 314 68 314 238 374 68 374 240 374 240 375 68 375 67 375 240 317 67 317 241 317 241 318 67 318 66 318 241 319 66 319 246 319 246 320 66 320 65 320 246 321 65 321 247 321 247 322 65 322 64 322 247 376 64 376 248 376 248 377 64 377 63 377 248 324 63 324 277 324 277 325 63 325 75 325 277 326 75 326 278 326 278 327 75 327 74 327 278 378 74 378 228 378 228 379 74 379 72 379 228 380 72 380 249 380 249 381 72 381 71 381 249 332 71 332 250 332 250 333 71 333 48 333 250 334 48 334 251 334 251 335 48 335 47 335 251 382 47 382 281 382 281 383 47 383 62 383 281 338 62 338 282 338 282 339 62 339 61 339 282 340 61 340 283 340 283 341 61 341 60 341 283 342 60 342 297 342 297 343 60 343 59 343 297 384 59 384 298 384 298 385 59 385 16 385 298 346 16 346 299 346 299 347 16 347 15 347 299 386 15 386 284 386 284 387 15 387 14 387 284 388 14 388 285 388 285 389 14 389 13 389 285 352 13 352 292 352 292 353 13 353 12 353 292 354 12 354 293 354 293 355 12 355 11 355 293 356 11 356 264 356 264 357 11 357 10 357 264 358 10 358 265 358 265 359 10 359 9 359 265 390 9 390 266 390 266 391 9 391 8 391 266 362 8 362 294 362 294 363 8 363 2 363 294 392 2 392 295 392 295 393 2 393 1 393 224 394 115 394 225 394 225 394 115 394 113 394 225 395 113 395 213 395 213 396 113 396 112 396 213 397 112 397 214 397 214 398 112 398 96 398 214 399 96 399 215 399 215 399 96 399 95 399 215 400 95 400 216 400 216 401 95 401 94 401 216 402 94 402 217 402 217 402 94 402 83 402 217 403 83 403 220 403 220 404 83 404 82 404 220 405 82 405 221 405 221 406 82 406 100 406 221 407 100 407 222 407 222 408 100 408 138 408 222 409 138 409 205 409 205 410 138 410 146 410 205 411 146 411 206 411 206 411 146 411 145 411 206 412 145 412 218 412 218 412 145 412 137 412 218 413 137 413 219 413 219 414 137 414 136 414 219 415 136 415 150 415 150 416 136 416 135 416 150 417 135 417 151 417 151 418 135 418 132 418 151 419 132 419 156 419 156 420 132 420 133 420 156 421 133 421 155 421 155 421 133 421 134 421 155 422 134 422 153 422 153 423 134 423 144 423 153 424 144 424 157 424 157 425 144 425 143 425 157 426 143 426 158 426 158 426 143 426 142 426 158 427 142 427 159 427 159 428 142 428 131 428 159 429 131 429 195 429 195 430 131 430 130 430 195 431 130 431 196 431 196 432 130 432 129 432 196 433 129 433 160 433 160 434 129 434 126 434 160 435 126 435 161 435 161 435 126 435 125 435 161 436 125 436 186 436 186 437 125 437 124 437 186 438 124 438 187 438 187 439 124 439 141 439 187 440 141 440 188 440 188 441 141 441 140 441 188 442 140 442 204 442 204 443 140 443 139 443 204 444 139 444 192 444 192 445 139 445 123 445 192 446 123 446 193 446 193 446 123 446 122 446 193 447 122 447 210 447 210 448 122 448 121 448 210 449 121 449 211 449 211 449 121 449 86 449 211 450 86 450 212 450 212 451 86 451 85 451 212 452 85 452 223 452 223 453 85 453 127 453 223 454 127 454 224 454 224 454 127 454 115 454 178 394 77 394 179 394 179 394 77 394 79 394 179 395 79 395 169 395 169 396 79 396 81 396 169 397 81 397 170 397 170 398 81 398 93 398 170 399 93 399 172 399 172 399 93 399 92 399 172 400 92 400 173 400 173 401 92 401 91 401 173 455 91 455 189 455 189 402 91 402 105 402 189 403 105 403 190 403 190 403 105 403 104 403 190 456 104 456 191 456 191 405 104 405 103 405 191 457 103 457 197 457 197 407 103 407 111 407 197 409 111 409 198 409 198 409 111 409 110 409 198 411 110 411 199 411 199 458 110 458 109 458 199 412 109 412 180 412 180 459 109 459 90 459 180 414 90 414 181 414 181 414 90 414 89 414 181 415 89 415 182 415 182 416 89 416 88 416 182 418 88 418 183 418 183 417 88 417 87 417 183 460 87 460 184 460 184 420 87 420 149 420 184 461 149 461 185 461 185 421 149 421 148 421 185 423 148 423 194 423 194 422 148 422 147 422 194 425 147 425 203 425 203 424 147 424 102 424 203 426 102 426 162 426 162 462 102 462 101 462 162 427 101 427 163 427 163 463 101 463 84 463 163 430 84 430 164 430 164 429 84 429 114 429 164 431 114 431 165 431 165 432 114 432 116 432 165 433 116 433 207 433 207 433 116 433 117 433 207 464 117 464 208 464 208 435 117 435 128 435 208 465 128 465 209 465 209 437 128 437 120 437 209 466 120 466 200 466 200 439 120 439 119 439 200 467 119 467 201 467 201 468 119 468 118 468 201 469 118 469 202 469 202 470 118 470 108 470 202 445 108 445 166 445 166 445 108 445 107 445 166 446 107 446 167 446 167 471 107 471 106 471 167 447 106 447 174 447 174 448 106 448 99 448 174 449 99 449 175 449 175 449 99 449 98 449 175 450 98 450 176 450 176 451 98 451 97 451 176 452 97 452 177 452 177 453 97 453 78 453 177 454 78 454 178 454 178 454 78 454 77 454</p>
        </triangles>
      </mesh>
    </geometry>
    <geometry id="MMO_700_dual_-_bracket_single-6-mesh" name="MMO_700_dual - bracket_single-6">
      <mesh>
        <source id="MMO_700_dual_-_bracket_single-6-mesh-positions">
          <float_array id="MMO_700_dual_-_bracket_single-6-mesh-positions-array" count="1140">0.203105 0.38211 1.468951 0.203105 0.36961 1.480952 0.203105 0.3703046 1.481012 0.203105 0.3709781 1.526193 0.203105 0.37161 1.526487 0.203105 0.3703046 1.533891 0.203105 0.36961 1.533951 0.203105 0.38211 1.546952 0.203105 0.3709781 1.481193 0.203105 0.37161 1.481487 0.203105 0.3721811 1.481887 0.203105 0.3726742 1.48238 0.203105 0.3730741 1.482951 0.203105 0.3733687 1.483583 0.203105 0.3735492 1.484257 0.203105 0.37361 1.484951 0.203105 0.3735492 1.485646 0.203105 0.35711 1.546952 0.203105 0.3689154 1.533891 0.203105 0.3682419 1.53371 0.203105 0.36761 1.533416 0.203105 0.3670389 1.533016 0.203105 0.3665458 1.532523 0.203105 0.3721811 1.526887 0.203105 0.3726742 1.52738 0.203105 0.3730741 1.527951 0.203105 0.3721811 1.533016 0.203105 0.37161 1.533416 0.203105 0.3709781 1.53371 0.203105 0.3661459 1.531952 0.203105 0.3658512 1.53132 0.203105 0.3656708 1.530646 0.203105 0.3661459 1.527951 0.203105 0.3665458 1.52738 0.203105 0.35711 1.468951 0.203105 0.36561 1.484951 0.203105 0.3656708 1.484257 0.203105 0.3735492 1.530646 0.203105 0.3733687 1.53132 0.203105 0.3730741 1.531952 0.203105 0.3726742 1.532523 0.203105 0.36561 1.529951 0.203105 0.3656708 1.529257 0.203105 0.3658512 1.528583 0.203105 0.3670389 1.526887 0.203105 0.36761 1.526487 0.203105 0.3682419 1.526193 0.203105 0.37161 1.488416 0.203105 0.3709781 1.48871 0.203105 0.36961 1.525951 0.203105 0.3689154 1.481012 0.203105 0.3682419 1.481193 0.203105 0.3733687 1.528583 0.203105 0.3735492 1.529257 0.203105 0.37361 1.529951 0.203105 0.3658512 1.483583 0.203105 0.3661459 1.482951 0.203105 0.3665458 1.48238 0.203105 0.3703046 1.526012 0.203105 0.3733687 1.48632 0.203105 0.3730741 1.486951 0.203105 0.3726742 1.487523 0.203105 0.3721811 1.488016 0.203105 0.36761 1.488416 0.203105 0.3670389 1.488016 0.203105 0.3665458 1.487523 0.203105 0.3661459 1.486951 0.203105 0.3658512 1.48632 0.203105 0.3656708 1.485646 0.203105 0.3670389 1.481887 0.203105 0.36761 1.481487 0.203105 0.3703046 1.488891 0.203105 0.36961 1.488951 0.203105 0.3689154 1.526012 0.203105 0.3689154 1.488891 0.203105 0.3682419 1.48871 0.125105 0.38211 1.468951 0.137105 0.36961 1.468951 0.1371657 0.3703046 1.468951 0.1371657 0.3689154 1.468951 0.125105 0.35711 1.468951 0.1373462 0.3682419 1.468951 0.1847369 0.3658512 1.468951 0.184105 0.3661459 1.468951 0.1445691 0.37161 1.468951 0.1823462 0.3709781 1.468951 0.1826409 0.37161 1.468951 0.1445691 0.36761 1.468951 0.1441692 0.3670389 1.468951 0.1436761 0.3665458 1.468951 0.143105 0.3661459 1.468951 0.1385338 0.3665458 1.468951 0.1380408 0.3670389 1.468951 0.1376409 0.36761 1.468951 0.1835339 0.3665458 1.468951 0.1830408 0.3670389 1.468951 0.1826409 0.36761 1.468951 0.1373462 0.3709781 1.468951 0.1376409 0.37161 1.468951 0.1380408 0.3721811 1.468951 0.1854104 0.3656708 1.468951 0.1448637 0.3709781 1.468951 0.1450442 0.3703046 1.468951 0.1404104 0.3656708 1.468951 0.1397369 0.3658512 1.468951 0.139105 0.3661459 1.468951 0.1385338 0.3726742 1.468951 0.139105 0.3730741 1.468951 0.1397369 0.3733687 1.468951 0.1424731 0.3658512 1.468951 0.1417996 0.3656708 1.468951 0.141105 0.36561 1.468951 0.1823462 0.3682419 1.468951 0.1821658 0.3689154 1.468951 0.1441692 0.3721811 1.468951 0.182105 0.36961 1.468951 0.1436761 0.3726742 1.468951 0.143105 0.3730741 1.468951 0.1404104 0.3735492 1.468951 0.141105 0.37361 1.468951 0.1417996 0.3735492 1.468951 0.1830408 0.3721811 1.468951 0.1835339 0.3726742 1.468951 0.184105 0.3730741 1.468951 0.1867996 0.3735492 1.468951 0.1874731 0.3733687 1.468951 0.188105 0.3730741 1.468951 0.1821658 0.3703046 1.468951 0.1424731 0.3733687 1.468951 0.1886761 0.3726742 1.468951 0.1891692 0.3721811 1.468951 0.1895691 0.37161 1.468951 0.1895691 0.36761 1.468951 0.1898638 0.3682419 1.468951 0.1900442 0.3689154 1.468951 0.1891692 0.3670389 1.468951 0.1886761 0.3665458 1.468951 0.188105 0.3661459 1.468951 0.186105 0.36561 1.468951 0.1847369 0.3733687 1.468951 0.1854104 0.3735492 1.468951 0.186105 0.37361 1.468951 0.1898638 0.3709781 1.468951 0.1900442 0.3703046 1.468951 0.190105 0.36961 1.468951 0.1874731 0.3658512 1.468951 0.1867996 0.3656708 1.468951 0.145105 0.36961 1.468951 0.1450442 0.3689154 1.468951 0.1448637 0.3682419 1.468951 0.1891692 0.3670389 1.456951 0.1895691 0.36761 1.456951 0.215105 0.35211 1.456951 0.190105 0.36961 1.456951 0.215105 0.38711 1.456951 0.1900442 0.3689154 1.456951 0.1898638 0.3682419 1.456951 0.1900442 0.3703046 1.456951 0.1898638 0.3709781 1.456951 0.1895691 0.37161 1.456951 0.188105 0.3730741 1.456951 0.1874731 0.3733687 1.456951 0.1448637 0.3709781 1.456951 0.1445691 0.37161 1.456951 0.1441692 0.3721811 1.456951 0.1436761 0.3726742 1.456951 0.139105 0.3730741 1.456951 0.1385338 0.3726742 1.456951 0.125105 0.38711 1.456951 0.1373462 0.3682419 1.456951 0.1376409 0.36761 1.456951 0.125105 0.35211 1.456951 0.1380408 0.3670389 1.456951 0.1385338 0.3665458 1.456951 0.1380408 0.3721811 1.456951 0.1376409 0.37161 1.456951 0.1373462 0.3709781 1.456951 0.1371657 0.3703046 1.456951 0.137105 0.36961 1.456951 0.1371657 0.3689154 1.456951 0.143105 0.3661459 1.456951 0.1436761 0.3665458 1.456951 0.1441692 0.3670389 1.456951 0.1445691 0.36761 1.456951 0.1448637 0.3682419 1.456951 0.1450442 0.3689154 1.456951 0.1867996 0.3735492 1.456951 0.186105 0.37361 1.456951 0.1854104 0.3735492 1.456951 0.139105 0.3661459 1.456951 0.1397369 0.3658512 1.456951 0.1404104 0.3656708 1.456951 0.184105 0.3730741 1.456951 0.1835339 0.3726742 1.456951 0.145105 0.36961 1.456951 0.1891692 0.3721811 1.456951 0.1886761 0.3726742 1.456951 0.141105 0.36561 1.456951 0.1417996 0.3656708 1.456951 0.1424731 0.3658512 1.456951 0.141105 0.37361 1.456951 0.1404104 0.3735492 1.456951 0.1397369 0.3733687 1.456951 0.1450442 0.3703046 1.456951 0.1847369 0.3733687 1.456951 0.1867996 0.3656708 1.456951 0.1874731 0.3658512 1.456951 0.143105 0.3730741 1.456951 0.1424731 0.3733687 1.456951 0.1417996 0.3735492 1.456951 0.1830408 0.3721811 1.456951 0.1826409 0.37161 1.456951 0.1823462 0.3709781 1.456951 0.1823462 0.3682419 1.456951 0.1826409 0.36761 1.456951 0.1830408 0.3670389 1.456951 0.1835339 0.3665458 1.456951 0.184105 0.3661459 1.456951 0.188105 0.3661459 1.456951 0.1886761 0.3665458 1.456951 0.1847369 0.3658512 1.456951 0.1854104 0.3656708 1.456951 0.186105 0.36561 1.456951 0.1821658 0.3703046 1.456951 0.182105 0.36961 1.456951 0.1821658 0.3689154 1.456951 0.215105 0.3730741 1.527951 0.215105 0.3726742 1.52738 0.215105 0.36961 1.488951 0.215105 0.36761 1.526487 0.215105 0.3670389 1.526887 0.215105 0.3665458 1.52738 0.215105 0.3703046 1.533891 0.215105 0.3709781 1.53371 0.215105 0.38711 1.546952 0.215105 0.37161 1.533416 0.215105 0.3721811 1.533016 0.215105 0.3703046 1.526012 0.215105 0.3656708 1.485646 0.215105 0.3709781 1.526193 0.215105 0.3658512 1.48632 0.215105 0.3661459 1.486951 0.215105 0.3658512 1.53132 0.215105 0.35211 1.546952 0.215105 0.3656708 1.530646 0.215105 0.36561 1.529951 0.215105 0.3665458 1.487523 0.215105 0.3670389 1.488016 0.215105 0.36761 1.488416 0.215105 0.3703046 1.488891 0.215105 0.3709781 1.48871 0.215105 0.37161 1.488416 0.215105 0.36561 1.484951 0.215105 0.3661459 1.527951 0.215105 0.3658512 1.528583 0.215105 0.3656708 1.529257 0.215105 0.3661459 1.531952 0.215105 0.3665458 1.532523 0.215105 0.3670389 1.533016 0.215105 0.3689154 1.533891 0.215105 0.36961 1.533951 0.215105 0.3726742 1.532523 0.215105 0.3730741 1.531952 0.215105 0.3733687 1.53132 0.215105 0.3721811 1.481887 0.215105 0.37161 1.481487 0.215105 0.3709781 1.481193 0.215105 0.3682419 1.481193 0.215105 0.36761 1.481487 0.215105 0.3670389 1.481887 0.215105 0.3665458 1.48238 0.215105 0.3661459 1.482951 0.215105 0.36961 1.525951 0.215105 0.3689154 1.526012 0.215105 0.3682419 1.526193 0.215105 0.36761 1.533416 0.215105 0.3682419 1.53371 0.215105 0.3682419 1.48871 0.215105 0.3689154 1.488891 0.215105 0.37161 1.526487 0.215105 0.3721811 1.526887 0.215105 0.3721811 1.488016 0.215105 0.3726742 1.487523 0.215105 0.3730741 1.486951 0.215105 0.3735492 1.484257 0.215105 0.3733687 1.483583 0.215105 0.3658512 1.483583 0.215105 0.3656708 1.484257 0.215105 0.3735492 1.530646 0.215105 0.37361 1.529951 0.215105 0.3735492 1.529257 0.215105 0.3733687 1.528583 0.215105 0.3730741 1.482951 0.215105 0.3726742 1.48238 0.215105 0.3703046 1.481012 0.215105 0.36961 1.480952 0.215105 0.3689154 1.481012 0.215105 0.3733687 1.48632 0.215105 0.3735492 1.485646 0.215105 0.37361 1.484951 0.203105 0.35211 1.546952 0.203105 0.38711 1.546952 0.125105 0.38711 1.468951 0.125105 0.35211 1.468951 0.1312248 0.35211 1.469192 0.1916109 0.35211 1.506197 0.1882083 0.35211 1.501104 0.1844167 0.35211 1.496294 0.1802593 0.35211 1.491797 0.1757619 0.35211 1.48764 0.1709522 0.35211 1.483848 0.1992874 0.35211 1.522848 0.1971676 0.35211 1.517102 0.1946035 0.35211 1.51154 0.1658599 0.35211 1.480446 0.1605162 0.35211 1.477453 0.1549543 0.35211 1.474889 0.1492083 0.35211 1.472769 0.1433137 0.35211 1.471107 0.1373069 0.35211 1.469912 0.2028645 0.35211 1.540832 0.2021447 0.35211 1.53475 0.2009499 0.35211 1.528743 0.1312248 0.35711 1.469192 0.1373069 0.35711 1.469912 0.1433137 0.35711 1.471107 0.1492083 0.35711 1.472769 0.1549543 0.35711 1.474889 0.1605162 0.35711 1.477453 0.1658599 0.35711 1.480446 0.1709522 0.35711 1.483848 0.1757619 0.35711 1.48764 0.1802593 0.35711 1.491797 0.1844167 0.35711 1.496294 0.1882083 0.35711 1.501104 0.1916109 0.35711 1.506197 0.1946035 0.35711 1.51154 0.1971676 0.35711 1.517102 0.1992874 0.35711 1.522848 0.2009499 0.35711 1.528743 0.2021447 0.35711 1.53475 0.2028645 0.35711 1.540832 0.1312248 0.38711 1.469192 0.1312248 0.38211 1.469192 0.1373069 0.38711 1.469912 0.1373069 0.38211 1.469912 0.1433137 0.38711 1.471107 0.1433137 0.38211 1.471107 0.1492083 0.38711 1.472769 0.1492083 0.38211 1.472769 0.1549543 0.38711 1.474889 0.1549543 0.38211 1.474889 0.1605162 0.38711 1.477453 0.1605162 0.38211 1.477453 0.1658599 0.38711 1.480446 0.1658599 0.38211 1.480446 0.1709522 0.38711 1.483848 0.1709522 0.38211 1.483848 0.1757619 0.38711 1.48764 0.1757619 0.38211 1.48764 0.1802593 0.38711 1.491797 0.1802593 0.38211 1.491797 0.1844167 0.38711 1.496294 0.1844167 0.38211 1.496294 0.1882083 0.38711 1.501104 0.1882083 0.38211 1.501104 0.1916109 0.38711 1.506197 0.1916109 0.38211 1.506197 0.1946035 0.38711 1.51154 0.1946035 0.38211 1.51154 0.1971676 0.38711 1.517102 0.1971676 0.38211 1.517102 0.1992874 0.38711 1.522848 0.1992874 0.38211 1.522848 0.2009499 0.38711 1.528743 0.2009499 0.38211 1.528743 0.2021447 0.38711 1.53475 0.2021447 0.38211 1.53475 0.2028645 0.38711 1.540832 0.2028645 0.38211 1.540832</float_array>
          <technique_common>
            <accessor source="#MMO_700_dual_-_bracket_single-6-mesh-positions-array" count="380" stride="3">
              <param name="X" type="float"/>
              <param name="Y" type="float"/>
              <param name="Z" type="float"/>
            </accessor>
          </technique_common>
        </source>
        <source id="MMO_700_dual_-_bracket_single-6-mesh-normals">
          <float_array id="MMO_700_dual_-_bracket_single-6-mesh-normals-array" count="1566">-1 1.08024e-5 0 -1 1.53075e-5 0 -1 0 0 -1 4.5405e-5 0 -1 -2.90639e-5 0 -1 1.40923e-5 0 -1 2.70533e-6 0 -1 -3.55006e-5 0 -1 4.65729e-5 0 -1 -2.9501e-5 0 -1 -1.05908e-5 0 -1 -2.13142e-5 0 -1 3.99744e-5 0 -1 -1.34162e-5 0 -1 -1.36047e-5 0 -1 -2.30509e-5 0 -1 1.72049e-5 0 -1 -2.74885e-5 0 -1 2.13106e-5 0 -1 3.4473e-5 0 -1 -4.67839e-5 0 -1 -6.77507e-5 0 -1 5.34645e-5 0 -1 -4.59643e-5 0 -1 2.60846e-6 0 -1 1.36047e-5 0 -1 3.58698e-5 0 -1 -2.78947e-6 0 -1 5.94335e-5 0 -1 -4.5369e-5 0 -1 2.08105e-5 0 -1 -1.53081e-5 0 -1 -4.5405e-5 0 -1 8.06517e-5 0 -1 -5.94335e-5 0 -1 2.78947e-6 0 -1 -3.58698e-5 0 -1 -2.09728e-5 0 -1 3.55038e-5 0 -1 -2.7051e-6 0 -1 3.19605e-6 0 -1 -6.59674e-5 0 -1 1.8264e-4 0 -1 -8.7592e-5 0 -1 6.83854e-5 0 -1 9.18087e-6 0 -1 7.75587e-6 0 -1 -8.78123e-6 0 -1 1.28477e-4 0 -1 -1.02341e-4 0 -1 3.17158e-5 0 -1 2.9501e-5 0 -1 -1.40923e-5 0 -1 2.90609e-5 0 -1 3.7502e-5 0 -1 -1.42969e-5 0 -1 -2.18701e-5 0 -1 9.22297e-6 0 -1 -2.58044e-5 0 1.53593e-4 0 1 0 0 1 4.94951e-5 0 1 -2.05716e-5 0 1 3.19433e-5 0 1 -9.22426e-5 0 1 2.21921e-4 0 1 -1.39324e-5 0 1 -5.77845e-6 0 1 5.28401e-5 0 1 -9.22346e-5 0 1 -2.41937e-5 0 1 8.83733e-6 0 1 4.73447e-5 0 1 -8.65543e-5 0 1 4.7346e-5 0 1 3.45886e-6 0 1 5.60558e-5 0 1 -4.0212e-5 0 1 4.07067e-5 0 1 -1.87509e-5 0 1 -4.02069e-5 0 1 5.60704e-5 0 1 -5.02513e-5 0 1 2.08777e-5 0 1 -3.23924e-5 0 1 -4.59662e-5 0 1 1.25989e-5 0 1 5.00519e-5 0 1 1.66917e-4 0 1 -5.93704e-5 0 1 8.78209e-5 0 1 -3.19821e-4 0 1 1.56128e-4 0 1 -5.93644e-5 0 1 8.34555e-5 0 1 -5.67557e-5 0 1 -3.49616e-6 0 1 -5.67673e-5 0 1 3.98507e-5 0 1 -6.39265e-5 0 1 -1.68918e-4 0 1 4.75678e-5 0 1 6.6848e-6 0 1 3.98594e-5 0 1 1.64933e-5 0 1 3.38818e-5 0 1 -6.09904e-5 0 1 0 0 -1 -1.16936e-5 0 -1 -3.37395e-5 0 -1 3.25532e-5 0 -1 -5.22535e-5 0 -1 -2.73617e-4 0 -1 -1.13287e-4 0 -1 1.61008e-4 0 -1 2.71168e-4 0 -1 -1.13287e-4 0 -1 5.59278e-5 0 -1 -1.2386e-4 0 -1 1.48643e-4 0 -1 1.25225e-4 0 -1 -5.22505e-5 0 -1 9.47552e-6 0 -1 -2.78192e-5 0 -1 2.61609e-4 0 -1 -1.95922e-4 0 -1 2.86708e-4 0 -1 2.23969e-5 0 -1 -1.66385e-4 0 -1 -6.83901e-5 0 -1 -1.09793e-4 0 -1 1.36129e-4 0 -1 3.59939e-4 0 -1 -2.59693e-4 0 -1 8.85064e-5 0 -1 -9.67356e-6 0 -1 -1.6637e-4 0 -1 1.07507e-4 0 -1 -2.51978e-5 0 -1 5.00522e-5 0 -1 1.38984e-4 0 -1 1.01204e-4 0 -1 -4.64315e-5 0 -1 3.23403e-4 0 -1 -2.59704e-4 0 -1 2.67065e-5 0 -1 -5.64075e-6 0 -1 1.00656e-5 0 -1 1.96111e-5 0 -1 7.42448e-5 0 -1 -1.09782e-4 0 -1 -2.2837e-5 0 -1 2.86636e-4 0 -1 -1.95981e-4 0 -1 1 0 0 1 -1.39111e-5 0 1 3.93577e-5 0 1 -1.22025e-5 0 1 -1.14897e-5 0 1 7.06914e-5 0 1 -2.02118e-4 0 1 4.78891e-5 0 1 -1.43999e-4 0 1 7.58642e-5 0 1 -6.40218e-5 0 1 2.97621e-5 0 1 -8.72435e-5 0 1 1.36759e-5 0 1 -7.53066e-7 0 1 9.79144e-5 0 1 -1.74479e-5 0 1 4.15331e-6 0 1 -8.18197e-6 0 1 4.54494e-5 0 1 -3.58628e-5 0 1 -4.15276e-6 0 1 4.3792e-6 0 1 1.52267e-5 0 1 -1.52258e-5 0 1 1.77689e-5 0 1 -2.2127e-5 0 1 -3.67211e-6 0 1 -4.10007e-6 0 1 1.39517e-5 0 1 -5.09963e-6 0 1 1.22006e-5 0 1 -2.02982e-5 0 1 2.79272e-5 0 1 -3.74314e-5 0 1 1.59824e-5 0 1 -1.63664e-5 0 1 1.24232e-5 0 1 2.36366e-5 0 1 1.95694e-5 0 0.9999988 -0.001604497 0 1 -2.5201e-5 0 1 1.56414e-4 0 1 2.21303e-5 0 1 -1.77689e-5 0 1 -4.84121e-5 0 1 2.25635e-6 0 1 -2.25667e-6 0 1 3.59313e-5 0 1 3.74632e-5 0 1 -7.63086e-7 0 1 8.72435e-5 0 1 -2.36366e-5 0 -1.86264e-5 0 1 0 -1 0 0 -1 4.70719e-6 0 -1 -6.17635e-6 0 -1 3.86015e-6 0 -1 -2.35362e-6 0 -1 -8.53119e-7 0 -1 3.41248e-6 0 -1 -9.16664e-6 0 -1 1.61566e-5 0 -1 -6.88877e-6 0 -1 7.31043e-7 0 -1 1.26817e-5 0 -1 -4.98625e-6 0 -1 -1.02236e-6 0 -1 -5.74067e-7 -0.03923255 0 0.9992302 -0.03929328 0 0.9992278 -0.1175153 0 0.9930711 -0.1175752 0 0.993064 -0.1950984 0 0.9807837 -0.1950691 0 0.9807896 -0.271462 0 0.9624493 -0.2714378 0 0.9624561 -0.3461275 0 0.9381875 -0.3461056 0 0.9381957 -0.4186628 0 0.9081419 -0.4886136 0 0.8725004 -0.4886399 0 0.8724855 -0.5555772 0 0.8314651 -0.5555562 0 0.8314791 -0.6190897 0 0.7853204 -0.619071 0 0.7853351 -0.6788067 0 0.7343171 -0.6788105 0 0.7343136 -0.7343211 0 0.6788023 -0.7853196 0 0.6190907 -0.8314674 0 0.5555737 -0.8314732 0 0.5555649 -0.8724935 0 0.4886258 -0.8725007 0 0.4886129 -0.9081459 0 0.4186539 -0.9081421 0 0.4186623 -0.9381894 0 0.3461223 -0.962454 0 0.2714448 -0.9624573 0 0.2714334 -0.9807844 0 0.1950951 -0.9807863 0 0.1950852 -0.9930685 0 0.1175377 -0.9930683 0 0.1175394 -0.9992292 0 0.03925734 -0.999229 0 0.03925973 0 1 -1.24145e-4 0 1 0 0 1 -2.20728e-5 0 1 8.30748e-6 0 1 1.34677e-6 0 1 8.92724e-6 0 1 1.34676e-6 0 1 -3.60868e-6 0 1 2.35511e-6 0 1 -8.54824e-7 -0.03923314 0 0.9992302 -0.271466 0 0.9624481 -0.2714338 0 0.9624571 -0.3461007 0 0.9381974 -0.4886432 0 0.8724838 -0.5555842 0 0.8314602 -0.5555527 0 0.8314815 -0.619086 0 0.7853232 -0.7853158 0 0.6190954 -0.8724975 0 0.4886187 -0.9081445 0 0.418657 -0.962455 0 0.2714413 -0.9624564 0 0.2714369 -0.9930686 0 0.1175359 -0.993068 0 0.1175413 0 1 6.64839e-6 0 1 8.17876e-6 0 1 6.88877e-6 0 1 2.55936e-6 0 1 9.1666e-7 0 1 -1.61566e-5 0 1 5.11873e-6 0 1 -3.13816e-6 0 1 -3.08812e-6 0 1 -4.03916e-6 0 1 1.7222e-6 0 1 1.83994e-6 0 1 4.15521e-6 0 -1 -7.0012e-5 0 -1 -5.02702e-6 0 -1 1.20289e-6 0 -1 -6.89769e-7 0 -1 2.69354e-6 0 -1 3.53266e-6 0 -1 -3.60868e-6 0 -1 1.00541e-5 0 -1 -1.07741e-5 0 -1 1.78545e-5 0 -1 -2.73545e-5 0 -1 1.6615e-5 0 -1 5.5182e-6 0 0.08720272 0.9961906 0 0.08719301 0.9961915 0 0.2588715 0.9659118 0 0.2588166 0.9659265 0 0.4225064 0.90636 0 0.4225071 0.9063597 0 0.573558 0.8191649 0 0.5736104 0.8191283 0 0.7071564 0.7070572 0 0.7071015 0.707112 0 0.8191419 0.573591 0 0.8191431 0.5735894 0 0.9063436 0.4225417 0 0.9063009 0.4226331 0 0.9659082 0.2588852 0 0.9659365 0.2587796 0 0.9962036 0.08705502 0 0.9961842 0.08727568 0 0.9961856 -0.08726114 0 0.9962049 -0.08703964 0 0.965936 -0.2587813 0 0.9659087 -0.2588834 0 0.9063009 -0.4226331 0 0.9063436 -0.4225417 0 0.8191419 -0.573591 0 0.8191431 -0.5735894 0 0.7071008 -0.7071129 0 0.7071572 -0.7070564 0 0.5734959 -0.8192084 0 0.5734437 -0.819245 0 0.4226464 -0.9062947 0 0.4226478 -0.9062941 0 0.2588158 -0.9659268 0 0.2588723 -0.9659116 0 0.08719301 -0.9961915 0 0.08720272 -0.9961906 0 -0.08719301 -0.9961915 0 -0.2588437 -0.9659193 0 -0.2588723 -0.9659116 0 -0.4226037 -0.9063146 0 -0.4226478 -0.9062941 0 -0.5734959 -0.8192084 0 -0.5734437 -0.819245 0 -0.7071564 -0.7070572 0 -0.7071015 -0.707112 0 -0.8191419 -0.573591 0 -0.8191954 -0.5735147 0 -0.9063009 -0.4226331 0 -0.965936 -0.2587813 0 -0.9659087 -0.2588834 0 -0.9961951 -0.08715069 0 -0.9961953 -0.08715009 0 -0.996194 0.08716553 0 -0.996194 0.08716523 0 -0.9659082 0.2588852 0 -0.9659365 0.2587796 0 -0.9063009 0.4226331 0 -0.8191941 0.5735163 0 -0.8191431 0.5735894 0 -0.7071008 0.7071129 0 -0.7071572 0.7070564 0 -0.573558 0.8191649 0 -0.5736104 0.8191283 0 -0.4225064 0.90636 0 -0.4224644 0.9063795 0 -0.2588715 0.9659118 0 -0.2588444 0.9659191 0 -0.08719301 0.9961915 0 0.08703267 0.9962055 0 0.08702343 0.9962063 0 0.4226464 0.9062947 0 0.4226478 0.9062941 0 0.9658968 0.2589278 0 0.9659248 0.258823 0 0.9962048 0.08704024 0 0.9961856 0.08726054 0 0.9659246 -0.2588239 0 0.965897 -0.2589269 0 0.5736104 -0.8191283 0 0.573558 -0.8191649 0 0.08702301 -0.9962064 0 0.08703309 -0.9962055 0 -0.08702301 -0.9962064 0 -0.08702343 -0.9962063 0 -0.5736104 -0.8191283 0 -0.573558 -0.8191649 0 -0.9659246 -0.2588239 0 -0.965897 -0.2589269 0 -0.9961951 0.08715069 0 -0.9961953 0.08715009 0 -0.9658968 0.2589278 0 -0.9659248 0.258823 0 -0.4226464 0.9062947 0 -0.4226052 0.906314 0 -0.08702301 0.9962064 0 -0.08702343 0.9962063 0.9961946 0.08715796 0 0.9659174 0.2588506 0 0.9659351 0.2587848 0 0.9063129 0.4226074 0 0.9062941 0.4226478 0 0.8191568 0.5735698 0 0.7070999 0.7071138 0 0.7071068 0.7071068 0 0.5735819 0.8191483 0 0.5736081 0.8191301 0 0.4225865 0.9063227 0 0.4226348 0.9063001 0 0.2587982 0.9659315 0 0.2588047 0.9659297 0 0.0871545 0.9961948 0 0.0871514 0.9961951 0 -0.0871545 0.9961948 0 -0.0871514 0.9961951 0 -0.2587982 0.9659315 0 -0.2588186 0.965926 0 -0.4225865 0.9063227 0 -0.4226348 0.9063001 0 -0.5735819 0.8191483 0 -0.5736081 0.8191301 0 -0.707072 0.7071416 0 -0.7071068 0.7071068 0 -0.8191568 0.5735698 0 -0.8191829 0.5735324 0 -0.9062916 0.4226531 0 -0.9063153 0.4226021 0 -0.9659174 0.2588506 0 -0.9659211 0.2588367 0 -0.9961946 0.08715796 0 -0.9961947 -0.08715552 0 -0.996195 -0.08715313 0 -0.9659155 -0.2588576 0 -0.9063203 -0.4225914 0 -0.9063016 -0.4226319 0 -0.8191829 -0.5735324 0 -0.8191568 -0.5735698 0 -0.7070999 -0.7071138 0 -0.7070789 -0.7071346 0 -0.57358 -0.8191496 0 -0.5735539 -0.8191679 0 -0.4226692 -0.9062842 0 -0.4226265 -0.9063041 0 -0.2588121 -0.9659277 0 -0.2588047 -0.9659297 0 -0.08714967 -0.9961953 0 -0.08715623 -0.9961947 0 0.08714967 -0.9961953 0 0.08715623 -0.9961947 0 0.2587982 -0.9659315 0 0.2588047 -0.9659297 0 0.4226692 -0.9062842 0 0.4226265 -0.9063041 0 0.57358 -0.8191496 0 0.5735539 -0.8191679 0 0.7070999 -0.7071138 0 0.7071068 -0.7071068 0 0.8191568 -0.5735698 0 0.906299 -0.4226371 0 0.9063228 -0.4225861 0 0.9659295 -0.2588056 0 0.9659155 -0.2588576 0 0.9961947 -0.08715552 0 0.996195 -0.08715313 0 0.996197 0.08713036 0 0.9659243 0.2588247 0 0.9659211 0.2588367 0 0.9062916 0.4226531 0 0.9063153 0.4226021 0 0.8191699 0.5735511 0 0.7070789 0.7071346 0 0.5736211 0.8191208 0 0.4226185 0.9063077 0 0.4225922 0.90632 0 0.2588121 0.9659277 0 0.08714967 0.9961953 0 0.08715379 0.9961949 0 -0.08715206 0.9961951 0 -0.08715623 0.9961947 0 -0.2588052 0.9659296 0 -0.2588047 0.9659297 0 -0.4225971 0.9063177 0 -0.4226029 0.906315 0 -0.5736211 0.8191208 0 -0.7070999 0.7071138 0 -0.8191437 0.5735884 0 -0.9063129 0.4226074 0 -0.9062941 0.4226478 0 -0.9659243 0.2588247 0 -0.9659351 0.2587848 0 -0.9659295 -0.2588056 0 -0.9659225 -0.2588316 0 -0.906299 -0.4226371 0 -0.9063228 -0.4225861 0 -0.8191437 -0.5735884 0 -0.7071068 -0.7071068 0 -0.5735931 -0.8191404 0 -0.4226371 -0.906299 0 -0.2587982 -0.9659315 0 -0.2588117 -0.9659279 0 -0.0871545 -0.9961948 0 -0.08715379 -0.9961949 0 0.08715206 -0.9961951 0 0.0871514 -0.9961951 0 0.2588186 -0.965926 0 0.4226585 -0.9062891 0 0.5735931 -0.8191404 0 0.707072 -0.7071416 0 0.8191699 -0.5735511 0 0.9063203 -0.4225914 0 0.9063016 -0.4226319 0 0.9659225 -0.2588316 0 0.9961974 -0.08712553 0</float_array>
          <technique_common>
            <accessor source="#MMO_700_dual_-_bracket_single-6-mesh-normals-array" count="522" stride="3">
              <param name="X" type="float"/>
              <param name="Y" type="float"/>
              <param name="Z" type="float"/>
            </accessor>
          </technique_common>
        </source>
        <vertices id="MMO_700_dual_-_bracket_single-6-mesh-vertices">
          <input semantic="POSITION" source="#MMO_700_dual_-_bracket_single-6-mesh-positions"/>
        </vertices>
        <triangles count="772">
          <input semantic="VERTEX" source="#MMO_700_dual_-_bracket_single-6-mesh-vertices" offset="0"/>
          <input semantic="NORMAL" source="#MMO_700_dual_-_bracket_single-6-mesh-normals" offset="1"/>
          <p>0 0 1 0 2 0 0 1 3 1 4 1 5 2 6 2 7 2 2 3 8 3 0 3 0 4 8 4 9 4 0 5 9 5 10 5 10 2 11 2 0 2 0 6 11 6 12 6 0 7 12 7 13 7 13 2 14 2 0 2 0 8 14 8 15 8 0 9 15 9 16 9 7 2 6 2 17 2 17 10 6 10 18 10 17 11 18 11 19 11 19 12 20 12 17 12 17 13 20 13 21 13 17 14 21 14 22 14 4 2 23 2 0 2 0 15 23 15 24 15 0 16 24 16 25 16 26 2 27 2 7 2 7 17 27 17 28 17 7 18 28 18 5 18 22 2 29 2 17 2 17 19 29 19 30 19 17 20 30 20 31 20 32 2 33 2 34 2 35 21 36 21 34 21 37 22 38 22 7 22 38 23 39 23 7 23 7 24 39 24 40 24 7 25 40 25 26 25 31 2 41 2 17 2 17 26 41 26 42 26 17 27 42 27 34 27 34 28 42 28 43 28 34 29 43 29 32 29 33 2 44 2 34 2 34 30 44 30 45 30 34 31 45 31 46 31 47 2 48 2 49 2 1 2 0 2 50 2 50 2 0 2 34 2 50 32 34 32 51 32 25 33 52 33 0 33 0 34 52 34 53 34 0 35 53 35 7 35 7 36 53 36 54 36 7 37 54 37 37 37 36 2 55 2 34 2 34 38 55 38 56 38 34 39 56 39 57 39 3 2 0 2 58 2 58 40 0 40 16 40 58 41 16 41 49 41 49 42 16 42 59 42 49 43 59 43 60 43 60 44 61 44 49 44 49 45 61 45 62 45 49 46 62 46 47 46 63 2 64 2 46 2 46 47 64 47 65 47 65 48 66 48 46 48 46 49 66 49 67 49 46 2 67 2 34 2 34 50 67 50 68 50 34 51 68 51 35 51 57 2 69 2 34 2 34 52 69 52 70 52 34 53 70 53 51 53 48 54 71 54 49 54 49 55 71 55 72 55 49 2 72 2 73 2 73 56 72 56 74 56 73 2 74 2 46 2 46 57 74 57 75 57 46 58 75 58 63 58 76 59 77 59 78 59 77 60 76 60 79 60 79 60 76 60 80 60 79 60 80 60 81 60 82 60 83 60 84 60 85 60 86 60 76 60 87 61 88 61 34 61 34 62 88 62 89 62 34 63 89 63 90 63 91 60 92 60 80 60 80 64 92 64 93 64 80 65 93 65 81 65 83 60 94 60 84 60 84 66 94 66 95 66 84 67 95 67 96 67 78 60 97 60 76 60 76 68 97 68 98 68 76 69 98 69 99 69 82 60 84 60 100 60 100 70 84 70 101 70 100 71 101 71 102 71 103 60 104 60 80 60 80 72 104 72 105 72 80 73 105 73 91 73 99 60 106 60 76 60 76 73 106 73 107 73 76 74 107 74 108 74 90 60 109 60 34 60 34 75 109 75 110 75 34 60 110 60 80 60 80 76 110 76 111 76 80 77 111 77 103 77 96 78 112 78 84 78 84 79 112 79 113 79 84 60 113 60 114 60 114 60 113 60 115 60 114 60 115 60 116 60 116 60 115 60 117 60 108 60 118 60 76 60 76 80 118 80 119 80 76 81 119 81 120 81 86 82 121 82 76 82 76 83 121 83 122 83 76 84 122 84 123 84 124 60 125 60 0 60 0 85 125 85 126 85 85 60 76 60 127 60 127 60 76 60 120 60 127 60 120 60 115 60 115 86 120 86 128 86 115 87 128 87 117 87 126 88 129 88 0 88 0 89 129 89 130 89 0 90 130 90 131 90 132 91 34 91 133 91 133 60 34 60 134 60 132 92 135 92 34 92 34 93 135 93 136 93 34 94 136 94 137 94 34 95 138 95 100 95 123 60 139 60 76 60 76 96 139 96 140 96 76 60 140 60 0 60 0 97 140 97 141 97 0 98 141 98 124 98 131 60 142 60 0 60 0 99 142 99 143 99 0 60 143 60 34 60 34 100 143 100 144 100 34 101 144 101 134 101 137 60 145 60 34 60 34 102 145 102 146 102 34 103 146 103 138 103 102 60 147 60 100 60 100 104 147 104 148 104 100 60 148 60 34 60 34 105 148 105 149 105 34 106 149 106 87 106 150 107 151 107 152 107 153 107 154 107 155 107 155 107 154 107 152 107 155 107 152 107 156 107 156 107 152 107 151 107 153 107 157 107 154 107 154 108 157 108 158 108 154 109 158 109 159 109 160 107 161 107 154 107 162 107 163 107 154 107 154 110 163 110 164 110 154 111 164 111 165 111 166 112 167 112 168 112 169 107 170 107 171 107 171 113 170 113 172 113 171 114 172 114 173 114 167 115 174 115 168 115 168 116 174 116 175 116 168 117 175 117 176 117 176 107 177 107 168 107 168 118 177 118 178 118 168 107 178 107 171 107 171 119 178 119 179 119 171 120 179 120 169 120 180 107 181 107 152 107 152 121 181 121 182 121 182 107 183 107 152 107 152 122 183 122 184 122 152 123 184 123 185 123 161 124 186 124 154 124 154 125 186 125 187 125 154 126 187 126 188 126 173 107 189 107 171 107 171 127 189 127 190 127 171 128 190 128 191 128 192 129 193 129 194 129 159 107 195 107 154 107 154 130 195 130 196 130 154 131 196 131 160 131 191 132 197 132 171 132 171 133 197 133 198 133 171 107 198 107 152 107 152 134 198 134 199 134 152 135 199 135 180 135 200 132 201 132 168 132 168 136 201 136 202 136 168 137 202 137 166 137 162 107 154 107 203 107 203 107 154 107 188 107 203 107 188 107 194 107 194 138 188 138 204 138 194 139 204 139 192 139 152 140 205 140 206 140 165 141 207 141 154 141 154 142 207 142 208 142 154 107 208 107 168 107 168 143 208 143 209 143 168 144 209 144 200 144 193 145 210 145 194 145 194 146 210 146 211 146 194 147 211 147 212 147 185 107 213 107 214 107 214 107 215 107 185 107 185 148 215 148 216 148 185 107 216 107 217 107 206 107 218 107 152 107 152 149 218 149 219 149 152 150 219 150 150 150 217 107 220 107 185 107 185 151 220 151 221 151 185 107 221 107 152 107 152 152 221 152 222 152 152 153 222 153 205 153 212 107 223 107 194 107 194 107 223 107 224 107 194 107 224 107 185 107 185 107 224 107 225 107 185 107 225 107 213 107 226 154 227 154 228 154 229 154 230 154 152 154 152 155 230 155 231 155 232 156 233 156 234 156 234 157 233 157 235 157 234 158 235 158 236 158 237 159 238 159 239 159 239 160 238 160 240 160 239 161 240 161 241 161 242 154 243 154 244 154 244 154 243 154 245 154 241 162 246 162 239 162 239 163 246 163 247 163 239 164 247 164 248 164 249 154 250 154 234 154 234 165 250 165 251 165 152 166 252 166 238 166 231 154 253 154 152 154 152 167 253 167 254 167 152 168 254 168 243 168 243 169 254 169 255 169 243 170 255 170 245 170 242 154 256 154 243 154 243 171 256 171 257 171 243 172 257 172 258 172 243 154 259 154 234 154 234 173 259 173 260 173 234 174 260 174 232 174 236 154 261 154 234 154 234 175 261 175 262 175 234 176 262 176 263 176 264 154 265 154 154 154 154 177 265 177 266 177 152 178 267 178 268 178 268 154 269 154 152 154 152 179 269 179 270 179 152 180 270 180 271 180 237 154 272 154 238 154 238 181 272 181 273 181 238 182 273 182 152 182 152 183 273 183 274 183 152 184 274 184 229 184 258 154 275 154 243 154 243 185 275 185 276 185 243 186 276 186 259 186 248 154 277 154 239 154 239 187 277 187 278 187 239 154 278 154 279 154 279 188 278 188 228 188 279 154 228 154 280 154 280 154 228 154 227 154 251 154 281 154 234 154 234 189 281 189 282 189 234 190 282 190 283 190 284 154 285 154 154 154 271 154 286 154 152 154 152 191 286 191 287 191 152 192 287 192 252 192 263 154 288 154 234 154 234 193 288 193 289 193 234 154 289 154 249 154 249 194 289 194 290 194 249 154 290 154 228 154 228 195 290 195 291 195 228 196 291 196 226 196 285 154 292 154 154 154 154 197 292 197 293 197 154 198 293 198 264 198 266 199 294 199 154 199 154 200 294 200 295 200 154 154 295 154 152 154 152 201 295 201 296 201 152 202 296 202 267 202 283 154 297 154 234 154 234 203 297 203 298 203 234 204 298 204 154 204 154 205 298 205 299 205 154 206 299 206 284 206 300 60 243 60 17 60 17 60 243 60 234 60 17 207 234 207 7 207 7 60 234 60 301 60 302 2 168 2 76 2 76 2 168 2 171 2 76 2 171 2 80 2 80 2 171 2 303 2 304 208 303 208 171 208 305 208 306 208 152 208 152 209 306 209 307 209 307 210 308 210 152 210 152 211 308 211 309 211 152 212 309 212 310 212 311 208 312 208 152 208 152 208 312 208 313 208 152 213 313 213 305 213 310 208 314 208 152 208 152 214 314 214 315 214 152 215 315 215 316 215 316 216 317 216 152 216 152 217 317 217 318 217 152 218 318 218 171 218 171 208 318 208 319 208 171 208 319 208 304 208 300 219 320 219 243 219 243 220 320 220 321 220 243 208 321 208 152 208 152 221 321 221 322 221 152 222 322 222 311 222 80 223 303 223 323 223 323 224 303 224 304 224 323 225 304 225 324 225 324 226 304 226 319 226 324 227 319 227 325 227 325 228 319 228 318 228 325 229 318 229 326 229 326 230 318 230 317 230 326 231 317 231 327 231 327 232 317 232 316 232 327 233 316 233 328 233 328 233 316 233 315 233 328 234 315 234 329 234 329 235 315 235 314 235 329 236 314 236 330 236 330 237 314 237 310 237 330 238 310 238 331 238 331 239 310 239 309 239 331 240 309 240 332 240 332 241 309 241 308 241 332 242 308 242 333 242 333 242 308 242 307 242 333 243 307 243 334 243 334 243 307 243 306 243 334 244 306 244 335 244 335 245 306 245 305 245 335 246 305 246 336 246 336 247 305 247 313 247 336 248 313 248 337 248 337 249 313 249 312 249 337 250 312 250 338 250 338 250 312 250 311 250 338 251 311 251 339 251 339 252 311 252 322 252 339 253 322 253 340 253 340 254 322 254 321 254 340 255 321 255 341 255 341 256 321 256 320 256 341 257 320 257 17 257 17 258 320 258 300 258 34 259 80 259 323 259 332 260 333 260 34 260 323 260 324 260 34 260 34 261 324 261 325 261 34 262 325 262 326 262 333 260 334 260 34 260 34 260 334 260 335 260 34 263 335 263 336 263 326 260 327 260 34 260 34 264 327 264 328 264 34 265 328 265 329 265 329 260 330 260 34 260 34 266 330 266 331 266 34 267 331 267 332 267 336 260 337 260 34 260 34 268 337 268 338 268 34 260 338 260 339 260 339 260 340 260 34 260 34 260 340 260 341 260 34 260 341 260 17 260 302 269 76 269 342 269 342 224 76 224 343 224 342 225 343 225 344 225 344 226 343 226 345 226 344 227 345 227 346 227 346 228 345 228 347 228 346 270 347 270 348 270 348 271 347 271 349 271 348 231 349 231 350 231 350 272 349 272 351 272 350 233 351 233 352 233 352 233 351 233 353 233 352 234 353 234 354 234 354 273 353 273 355 273 354 274 355 274 356 274 356 275 355 275 357 275 356 276 357 276 358 276 358 239 357 239 359 239 358 240 359 240 360 240 360 241 359 241 361 241 360 242 361 242 362 242 362 242 361 242 363 242 362 243 363 243 364 243 364 277 363 277 365 277 364 244 365 244 366 244 366 245 365 245 367 245 366 246 367 246 368 246 368 278 367 278 369 278 368 279 369 279 370 279 370 249 369 249 371 249 370 250 371 250 372 250 372 250 371 250 373 250 372 280 373 280 374 280 374 281 373 281 375 281 374 253 375 253 376 253 376 254 375 254 377 254 376 282 377 282 378 282 378 283 377 283 379 283 378 257 379 257 301 257 301 258 379 258 7 258 378 260 301 260 234 260 362 260 364 260 154 260 362 260 154 260 360 260 302 260 342 260 168 260 168 284 342 284 344 284 168 260 344 260 154 260 154 285 344 285 346 285 154 286 346 286 348 286 364 260 366 260 154 260 154 287 366 287 368 287 154 288 368 288 370 288 348 289 350 289 154 289 154 260 350 260 352 260 154 290 352 290 354 290 354 260 356 260 154 260 154 291 356 291 358 291 154 292 358 292 360 292 370 293 372 293 154 293 154 294 372 294 374 294 154 260 374 260 234 260 234 295 374 295 376 295 234 296 376 296 378 296 343 208 76 208 0 208 343 297 0 297 345 297 0 208 7 208 379 208 367 298 365 298 0 298 0 299 365 299 363 299 379 208 377 208 0 208 0 300 377 300 375 300 0 208 375 208 373 208 373 208 371 208 0 208 0 208 371 208 369 208 0 301 369 301 367 301 363 208 361 208 0 208 0 302 361 302 359 302 0 303 359 303 357 303 357 304 355 304 0 304 0 305 355 305 353 305 0 306 353 306 351 306 351 307 349 307 0 307 0 308 349 308 347 308 0 309 347 309 345 309 272 310 49 310 273 310 273 311 49 311 73 311 273 312 73 312 274 312 274 313 73 313 46 313 274 314 46 314 229 314 229 315 46 315 45 315 229 316 45 316 230 316 230 317 45 317 44 317 230 318 44 318 231 318 231 319 44 319 33 319 231 320 33 320 253 320 253 321 33 321 32 321 253 322 32 322 254 322 254 323 32 323 43 323 254 324 43 324 255 324 255 325 43 325 42 325 255 326 42 326 245 326 245 327 42 327 41 327 245 328 41 328 244 328 244 329 41 329 31 329 244 330 31 330 242 330 242 331 31 331 30 331 242 332 30 332 256 332 256 333 30 333 29 333 256 334 29 334 257 334 257 335 29 335 22 335 257 336 22 336 258 336 258 337 22 337 21 337 258 338 21 338 275 338 275 339 21 339 20 339 275 340 20 340 276 340 276 341 20 341 19 341 276 342 19 342 259 342 259 343 19 343 18 343 259 344 18 344 260 344 260 345 18 345 6 345 260 346 6 346 232 346 232 346 6 346 5 346 232 347 5 347 233 347 233 348 5 348 28 348 233 349 28 349 235 349 235 350 28 350 27 350 235 351 27 351 236 351 236 352 27 352 26 352 236 353 26 353 261 353 261 354 26 354 40 354 261 355 40 355 262 355 262 356 40 356 39 356 262 357 39 357 263 357 263 357 39 357 38 357 263 358 38 358 288 358 288 359 38 359 37 359 288 360 37 360 289 360 289 361 37 361 54 361 289 362 54 362 290 362 290 363 54 363 53 363 290 364 53 364 291 364 291 365 53 365 52 365 291 366 52 366 226 366 226 366 52 366 25 366 226 367 25 367 227 367 227 368 25 368 24 368 227 369 24 369 280 369 280 370 24 370 23 370 280 371 23 371 279 371 279 372 23 372 4 372 279 373 4 373 239 373 239 374 4 374 3 374 239 375 3 375 237 375 237 376 3 376 58 376 237 377 58 377 272 377 272 377 58 377 49 377 295 378 1 378 296 378 296 379 1 379 50 379 296 312 50 312 267 312 267 313 50 313 51 313 267 380 51 380 268 380 268 381 51 381 70 381 268 316 70 316 269 316 269 317 70 317 69 317 269 318 69 318 270 318 270 319 69 319 57 319 270 320 57 320 271 320 271 321 57 321 56 321 271 322 56 322 286 322 286 323 56 323 55 323 286 382 55 382 287 382 287 383 55 383 36 383 287 384 36 384 252 384 252 385 36 385 35 385 252 328 35 328 238 328 238 329 35 329 68 329 238 386 68 386 240 386 240 387 68 387 67 387 240 332 67 332 241 332 241 333 67 333 66 333 241 334 66 334 246 334 246 335 66 335 65 335 246 336 65 336 247 336 247 337 65 337 64 337 247 388 64 388 248 388 248 389 64 389 63 389 248 340 63 340 277 340 277 341 63 341 75 341 277 342 75 342 278 342 278 343 75 343 74 343 278 390 74 390 228 390 228 391 74 391 72 391 228 392 72 392 249 392 249 393 72 393 71 393 249 347 71 347 250 347 250 348 71 348 48 348 250 349 48 349 251 349 251 350 48 350 47 350 251 394 47 394 281 394 281 395 47 395 62 395 281 353 62 353 282 353 282 354 62 354 61 354 282 355 61 355 283 355 283 356 61 356 60 356 283 357 60 357 297 357 297 357 60 357 59 357 297 396 59 396 298 396 298 397 59 397 16 397 298 360 16 360 299 360 299 361 16 361 15 361 299 398 15 398 284 398 284 399 15 399 14 399 284 400 14 400 285 400 285 401 14 401 13 401 285 366 13 366 292 366 292 366 13 366 12 366 292 367 12 367 293 367 293 368 12 368 11 368 293 369 11 369 264 369 264 370 11 370 10 370 264 371 10 371 265 371 265 372 10 372 9 372 265 402 9 402 266 402 266 403 9 403 8 403 266 375 8 375 294 375 294 376 8 376 2 376 294 404 2 404 295 404 295 405 2 405 1 405 224 406 115 406 225 406 225 406 115 406 113 406 225 407 113 407 213 407 213 408 113 408 112 408 213 409 112 409 214 409 214 410 112 410 96 410 214 411 96 411 215 411 215 411 96 411 95 411 215 412 95 412 216 412 216 413 95 413 94 413 216 414 94 414 217 414 217 415 94 415 83 415 217 416 83 416 220 416 220 417 83 417 82 417 220 418 82 418 221 418 221 419 82 419 100 419 221 420 100 420 222 420 222 421 100 421 138 421 222 422 138 422 205 422 205 423 138 423 146 423 205 424 146 424 206 424 206 425 146 425 145 425 206 426 145 426 218 426 218 427 145 427 137 427 218 428 137 428 219 428 219 429 137 429 136 429 219 430 136 430 150 430 150 431 136 431 135 431 150 432 135 432 151 432 151 433 135 433 132 433 151 434 132 434 156 434 156 435 132 435 133 435 156 436 133 436 155 436 155 437 133 437 134 437 155 438 134 438 153 438 153 438 134 438 144 438 153 439 144 439 157 439 157 440 144 440 143 440 157 441 143 441 158 441 158 441 143 441 142 441 158 442 142 442 159 442 159 443 142 443 131 443 159 444 131 444 195 444 195 445 131 445 130 445 195 446 130 446 196 446 196 447 130 447 129 447 196 448 129 448 160 448 160 449 129 449 126 449 160 450 126 450 161 450 161 451 126 451 125 451 161 452 125 452 186 452 186 453 125 453 124 453 186 454 124 454 187 454 187 455 124 455 141 455 187 456 141 456 188 456 188 457 141 457 140 457 188 458 140 458 204 458 204 459 140 459 139 459 204 460 139 460 192 460 192 461 139 461 123 461 192 462 123 462 193 462 193 463 123 463 122 463 193 464 122 464 210 464 210 465 122 465 121 465 210 466 121 466 211 466 211 466 121 466 86 466 211 467 86 467 212 467 212 468 86 468 85 468 212 469 85 469 223 469 223 470 85 470 127 470 223 471 127 471 224 471 224 472 127 472 115 472 178 473 77 473 179 473 179 406 77 406 79 406 179 474 79 474 169 474 169 475 79 475 81 475 169 476 81 476 170 476 170 477 81 477 93 477 170 411 93 411 172 411 172 478 93 478 92 478 172 412 92 412 173 412 173 479 92 479 91 479 173 480 91 480 189 480 189 414 91 414 105 414 189 481 105 481 190 481 190 482 105 482 104 482 190 483 104 483 191 483 191 419 104 419 103 419 191 484 103 484 197 484 197 485 103 485 111 485 197 486 111 486 198 486 198 487 111 487 110 487 198 488 110 488 199 488 199 489 110 489 109 489 199 490 109 490 180 490 180 491 109 491 90 491 180 428 90 428 181 428 181 492 90 492 89 492 181 493 89 493 182 493 182 431 89 431 88 431 182 494 88 494 183 494 183 432 88 432 87 432 183 495 87 495 184 495 184 496 87 496 149 496 184 497 149 497 185 497 185 498 149 498 148 498 185 438 148 438 194 438 194 438 148 438 147 438 194 439 147 439 203 439 203 440 147 440 102 440 203 499 102 499 162 499 162 500 102 500 101 500 162 501 101 501 163 501 163 502 101 502 84 502 163 445 84 445 164 445 164 503 84 503 114 503 164 446 114 446 165 446 165 504 114 504 116 504 165 505 116 505 207 505 207 449 116 449 117 449 207 506 117 506 208 506 208 506 117 506 128 506 208 507 128 507 209 507 209 508 128 508 120 508 209 509 120 509 200 509 200 510 120 510 119 510 200 511 119 511 201 511 201 512 119 512 118 512 201 458 118 458 202 458 202 513 118 513 108 513 202 461 108 461 166 461 166 514 108 514 107 514 166 463 107 463 167 463 167 515 107 515 106 515 167 516 106 516 174 516 174 465 106 465 99 465 174 517 99 517 175 517 175 466 99 466 98 466 175 518 98 518 176 518 176 519 98 519 97 519 176 470 97 470 177 470 177 520 97 520 78 520 177 471 78 471 178 471 178 521 78 521 77 521</p>
        </triangles>
      </mesh>
    </geometry>
    <geometry id="MMO_700_dual_-_bracket_single-5-mesh" name="MMO_700_dual - bracket_single-5">
      <mesh>
        <source id="MMO_700_dual_-_bracket_single-5-mesh-positions">
          <float_array id="MMO_700_dual_-_bracket_single-5-mesh-positions-array" count="1140">0.203105 0.53711 1.468951 0.203105 0.52461 1.480952 0.203105 0.5253046 1.481012 0.203105 0.5259781 1.526193 0.203105 0.52661 1.526487 0.203105 0.5253046 1.533891 0.203105 0.52461 1.533951 0.203105 0.53711 1.546952 0.203105 0.5259781 1.481193 0.203105 0.52661 1.481487 0.203105 0.5271812 1.481887 0.203105 0.5276742 1.48238 0.203105 0.5280741 1.482951 0.203105 0.5283688 1.483583 0.203105 0.5285492 1.484257 0.203105 0.52861 1.484951 0.203105 0.5285492 1.485646 0.203105 0.51211 1.546952 0.203105 0.5239154 1.533891 0.203105 0.5232419 1.53371 0.203105 0.52261 1.533416 0.203105 0.5220388 1.533016 0.203105 0.5215458 1.532523 0.203105 0.5271812 1.526887 0.203105 0.5276742 1.52738 0.203105 0.5280741 1.527951 0.203105 0.5271812 1.533016 0.203105 0.52661 1.533416 0.203105 0.5259781 1.53371 0.203105 0.5211459 1.531952 0.203105 0.5208512 1.53132 0.203105 0.5206708 1.530646 0.203105 0.5211459 1.527951 0.203105 0.5215458 1.52738 0.203105 0.51211 1.468951 0.203105 0.52061 1.484951 0.203105 0.5206708 1.484257 0.203105 0.5285492 1.530646 0.203105 0.5283688 1.53132 0.203105 0.5280741 1.531952 0.203105 0.5276742 1.532523 0.203105 0.52061 1.529951 0.203105 0.5206708 1.529257 0.203105 0.5208512 1.528583 0.203105 0.5220388 1.526887 0.203105 0.52261 1.526487 0.203105 0.5232419 1.526193 0.203105 0.52661 1.488416 0.203105 0.5259781 1.48871 0.203105 0.52461 1.525951 0.203105 0.5239154 1.481012 0.203105 0.5232419 1.481193 0.203105 0.5283688 1.528583 0.203105 0.5285492 1.529257 0.203105 0.52861 1.529951 0.203105 0.5208512 1.483583 0.203105 0.5211459 1.482951 0.203105 0.5215458 1.48238 0.203105 0.5253046 1.526012 0.203105 0.5283688 1.48632 0.203105 0.5280741 1.486951 0.203105 0.5276742 1.487523 0.203105 0.5271812 1.488016 0.203105 0.52261 1.488416 0.203105 0.5220388 1.488016 0.203105 0.5215458 1.487523 0.203105 0.5211459 1.486951 0.203105 0.5208512 1.48632 0.203105 0.5206708 1.485646 0.203105 0.5220388 1.481887 0.203105 0.52261 1.481487 0.203105 0.5253046 1.488891 0.203105 0.52461 1.488951 0.203105 0.5239154 1.526012 0.203105 0.5239154 1.488891 0.203105 0.5232419 1.48871 0.125105 0.53711 1.468951 0.137105 0.52461 1.468951 0.1371657 0.5253046 1.468951 0.1371657 0.5239154 1.468951 0.125105 0.51211 1.468951 0.1373462 0.5232419 1.468951 0.1847369 0.5208512 1.468951 0.184105 0.5211459 1.468951 0.1445691 0.52661 1.468951 0.1823462 0.5259781 1.468951 0.1826409 0.52661 1.468951 0.1445691 0.52261 1.468951 0.1441692 0.5220388 1.468951 0.1436761 0.5215458 1.468951 0.143105 0.5211459 1.468951 0.1385338 0.5215458 1.468951 0.1380408 0.5220388 1.468951 0.1376409 0.52261 1.468951 0.1835339 0.5215458 1.468951 0.1830408 0.5220388 1.468951 0.1826409 0.52261 1.468951 0.1373462 0.5259781 1.468951 0.1376409 0.52661 1.468951 0.1380408 0.5271812 1.468951 0.1854104 0.5206708 1.468951 0.1448637 0.5259781 1.468951 0.1450442 0.5253046 1.468951 0.1404104 0.5206708 1.468951 0.1397369 0.5208512 1.468951 0.139105 0.5211459 1.468951 0.1385338 0.5276742 1.468951 0.139105 0.5280741 1.468951 0.1397369 0.5283688 1.468951 0.1424731 0.5208512 1.468951 0.1417996 0.5206708 1.468951 0.141105 0.52061 1.468951 0.1823462 0.5232419 1.468951 0.1821658 0.5239154 1.468951 0.1441692 0.5271812 1.468951 0.182105 0.52461 1.468951 0.1436761 0.5276742 1.468951 0.143105 0.5280741 1.468951 0.1404104 0.5285492 1.468951 0.141105 0.52861 1.468951 0.1417996 0.5285492 1.468951 0.1830408 0.5271812 1.468951 0.1835339 0.5276742 1.468951 0.184105 0.5280741 1.468951 0.1867996 0.5285492 1.468951 0.1874731 0.5283688 1.468951 0.188105 0.5280741 1.468951 0.1821658 0.5253046 1.468951 0.1424731 0.5283688 1.468951 0.1886761 0.5276742 1.468951 0.1891692 0.5271812 1.468951 0.1895691 0.52661 1.468951 0.1895691 0.52261 1.468951 0.1898638 0.5232419 1.468951 0.1900442 0.5239154 1.468951 0.1891692 0.5220388 1.468951 0.1886761 0.5215458 1.468951 0.188105 0.5211459 1.468951 0.186105 0.52061 1.468951 0.1847369 0.5283688 1.468951 0.1854104 0.5285492 1.468951 0.186105 0.52861 1.468951 0.1898638 0.5259781 1.468951 0.1900442 0.5253046 1.468951 0.190105 0.52461 1.468951 0.1874731 0.5208512 1.468951 0.1867996 0.5206708 1.468951 0.145105 0.52461 1.468951 0.1450442 0.5239154 1.468951 0.1448637 0.5232419 1.468951 0.1891692 0.5220388 1.456951 0.1895691 0.52261 1.456951 0.215105 0.50711 1.456951 0.190105 0.52461 1.456951 0.215105 0.54211 1.456951 0.1900442 0.5239154 1.456951 0.1898638 0.5232419 1.456951 0.1900442 0.5253046 1.456951 0.1898638 0.5259781 1.456951 0.1895691 0.52661 1.456951 0.188105 0.5280741 1.456951 0.1874731 0.5283688 1.456951 0.1448637 0.5259781 1.456951 0.1445691 0.52661 1.456951 0.1441692 0.5271812 1.456951 0.1436761 0.5276742 1.456951 0.139105 0.5280741 1.456951 0.1385338 0.5276742 1.456951 0.125105 0.54211 1.456951 0.1373462 0.5232419 1.456951 0.1376409 0.52261 1.456951 0.125105 0.50711 1.456951 0.1380408 0.5220388 1.456951 0.1385338 0.5215458 1.456951 0.1380408 0.5271812 1.456951 0.1376409 0.52661 1.456951 0.1373462 0.5259781 1.456951 0.1371657 0.5253046 1.456951 0.137105 0.52461 1.456951 0.1371657 0.5239154 1.456951 0.143105 0.5211459 1.456951 0.1436761 0.5215458 1.456951 0.1441692 0.5220388 1.456951 0.1445691 0.52261 1.456951 0.1448637 0.5232419 1.456951 0.1450442 0.5239154 1.456951 0.1867996 0.5285492 1.456951 0.186105 0.52861 1.456951 0.1854104 0.5285492 1.456951 0.139105 0.5211459 1.456951 0.1397369 0.5208512 1.456951 0.1404104 0.5206708 1.456951 0.184105 0.5280741 1.456951 0.1835339 0.5276742 1.456951 0.145105 0.52461 1.456951 0.1891692 0.5271812 1.456951 0.1886761 0.5276742 1.456951 0.141105 0.52061 1.456951 0.1417996 0.5206708 1.456951 0.1424731 0.5208512 1.456951 0.141105 0.52861 1.456951 0.1404104 0.5285492 1.456951 0.1397369 0.5283688 1.456951 0.1450442 0.5253046 1.456951 0.1847369 0.5283688 1.456951 0.1867996 0.5206708 1.456951 0.1874731 0.5208512 1.456951 0.143105 0.5280741 1.456951 0.1424731 0.5283688 1.456951 0.1417996 0.5285492 1.456951 0.1830408 0.5271812 1.456951 0.1826409 0.52661 1.456951 0.1823462 0.5259781 1.456951 0.1823462 0.5232419 1.456951 0.1826409 0.52261 1.456951 0.1830408 0.5220388 1.456951 0.1835339 0.5215458 1.456951 0.184105 0.5211459 1.456951 0.188105 0.5211459 1.456951 0.1886761 0.5215458 1.456951 0.1847369 0.5208512 1.456951 0.1854104 0.5206708 1.456951 0.186105 0.52061 1.456951 0.1821658 0.5253046 1.456951 0.182105 0.52461 1.456951 0.1821658 0.5239154 1.456951 0.215105 0.5280741 1.527951 0.215105 0.5276742 1.52738 0.215105 0.52461 1.488951 0.215105 0.52261 1.526487 0.215105 0.5220388 1.526887 0.215105 0.5215458 1.52738 0.215105 0.5253046 1.533891 0.215105 0.5259781 1.53371 0.215105 0.54211 1.546952 0.215105 0.52661 1.533416 0.215105 0.5271812 1.533016 0.215105 0.5253046 1.526012 0.215105 0.5206708 1.485646 0.215105 0.5259781 1.526193 0.215105 0.5208512 1.48632 0.215105 0.5211459 1.486951 0.215105 0.5208512 1.53132 0.215105 0.50711 1.546952 0.215105 0.5206708 1.530646 0.215105 0.52061 1.529951 0.215105 0.5215458 1.487523 0.215105 0.5220388 1.488016 0.215105 0.52261 1.488416 0.215105 0.5253046 1.488891 0.215105 0.5259781 1.48871 0.215105 0.52661 1.488416 0.215105 0.52061 1.484951 0.215105 0.5211459 1.527951 0.215105 0.5208512 1.528583 0.215105 0.5206708 1.529257 0.215105 0.5211459 1.531952 0.215105 0.5215458 1.532523 0.215105 0.5220388 1.533016 0.215105 0.5239154 1.533891 0.215105 0.52461 1.533951 0.215105 0.5276742 1.532523 0.215105 0.5280741 1.531952 0.215105 0.5283688 1.53132 0.215105 0.5271812 1.481887 0.215105 0.52661 1.481487 0.215105 0.5259781 1.481193 0.215105 0.5232419 1.481193 0.215105 0.52261 1.481487 0.215105 0.5220388 1.481887 0.215105 0.5215458 1.48238 0.215105 0.5211459 1.482951 0.215105 0.52461 1.525951 0.215105 0.5239154 1.526012 0.215105 0.5232419 1.526193 0.215105 0.52261 1.533416 0.215105 0.5232419 1.53371 0.215105 0.5232419 1.48871 0.215105 0.5239154 1.488891 0.215105 0.52661 1.526487 0.215105 0.5271812 1.526887 0.215105 0.5271812 1.488016 0.215105 0.5276742 1.487523 0.215105 0.5280741 1.486951 0.215105 0.5285492 1.484257 0.215105 0.5283688 1.483583 0.215105 0.5208512 1.483583 0.215105 0.5206708 1.484257 0.215105 0.5285492 1.530646 0.215105 0.52861 1.529951 0.215105 0.5285492 1.529257 0.215105 0.5283688 1.528583 0.215105 0.5280741 1.482951 0.215105 0.5276742 1.48238 0.215105 0.5253046 1.481012 0.215105 0.52461 1.480952 0.215105 0.5239154 1.481012 0.215105 0.5283688 1.48632 0.215105 0.5285492 1.485646 0.215105 0.52861 1.484951 0.203105 0.50711 1.546952 0.203105 0.54211 1.546952 0.125105 0.54211 1.468951 0.125105 0.50711 1.468951 0.1312248 0.50711 1.469192 0.1916109 0.50711 1.506197 0.1882083 0.50711 1.501104 0.1844167 0.50711 1.496294 0.1802593 0.50711 1.491797 0.1757619 0.50711 1.48764 0.1709522 0.50711 1.483848 0.1992874 0.50711 1.522848 0.1971676 0.50711 1.517102 0.1946035 0.50711 1.51154 0.1658599 0.50711 1.480446 0.1605162 0.50711 1.477453 0.1549543 0.50711 1.474889 0.1492083 0.50711 1.472769 0.1433137 0.50711 1.471107 0.1373069 0.50711 1.469912 0.2028645 0.50711 1.540832 0.2021447 0.50711 1.53475 0.2009499 0.50711 1.528743 0.1312248 0.51211 1.469192 0.1373069 0.51211 1.469912 0.1433137 0.51211 1.471107 0.1492083 0.51211 1.472769 0.1549543 0.51211 1.474889 0.1605162 0.51211 1.477453 0.1658599 0.51211 1.480446 0.1709522 0.51211 1.483848 0.1757619 0.51211 1.48764 0.1802593 0.51211 1.491797 0.1844167 0.51211 1.496294 0.1882083 0.51211 1.501104 0.1916109 0.51211 1.506197 0.1946035 0.51211 1.51154 0.1971676 0.51211 1.517102 0.1992874 0.51211 1.522848 0.2009499 0.51211 1.528743 0.2021447 0.51211 1.53475 0.2028645 0.51211 1.540832 0.1312248 0.54211 1.469192 0.1312248 0.53711 1.469192 0.1373069 0.54211 1.469912 0.1373069 0.53711 1.469912 0.1433137 0.54211 1.471107 0.1433137 0.53711 1.471107 0.1492083 0.54211 1.472769 0.1492083 0.53711 1.472769 0.1549543 0.54211 1.474889 0.1549543 0.53711 1.474889 0.1605162 0.54211 1.477453 0.1605162 0.53711 1.477453 0.1658599 0.54211 1.480446 0.1658599 0.53711 1.480446 0.1709522 0.54211 1.483848 0.1709522 0.53711 1.483848 0.1757619 0.54211 1.48764 0.1757619 0.53711 1.48764 0.1802593 0.54211 1.491797 0.1802593 0.53711 1.491797 0.1844167 0.54211 1.496294 0.1844167 0.53711 1.496294 0.1882083 0.54211 1.501104 0.1882083 0.53711 1.501104 0.1916109 0.54211 1.506197 0.1916109 0.53711 1.506197 0.1946035 0.54211 1.51154 0.1946035 0.53711 1.51154 0.1971676 0.54211 1.517102 0.1971676 0.53711 1.517102 0.1992874 0.54211 1.522848 0.1992874 0.53711 1.522848 0.2009499 0.54211 1.528743 0.2009499 0.53711 1.528743 0.2021447 0.54211 1.53475 0.2021447 0.53711 1.53475 0.2028645 0.54211 1.540832 0.2028645 0.53711 1.540832</float_array>
          <technique_common>
            <accessor source="#MMO_700_dual_-_bracket_single-5-mesh-positions-array" count="380" stride="3">
              <param name="X" type="float"/>
              <param name="Y" type="float"/>
              <param name="Z" type="float"/>
            </accessor>
          </technique_common>
        </source>
        <source id="MMO_700_dual_-_bracket_single-5-mesh-normals">
          <float_array id="MMO_700_dual_-_bracket_single-5-mesh-normals-array" count="1575">-1 1.08054e-5 0 -1 1.53075e-5 0 -1 0 0 -1 4.53885e-5 0 -1 -2.90639e-5 0 -1 1.40956e-5 0 -1 2.70507e-6 0 -1 -3.55074e-5 0 -1 4.65666e-5 0 -1 -2.95069e-5 0 -1 -1.05908e-5 0 -1 -2.13106e-5 0 -1 3.99872e-5 0 -1 -1.34163e-5 0 -1 -1.36046e-5 0 -1 -2.30497e-5 0 -1 1.72059e-5 0 -1 -2.74797e-5 0 -1 2.13111e-5 0 -1 3.44669e-5 0 -1 -4.67939e-5 0 -1 -6.77323e-5 0 -1 5.34759e-5 0 -1 -4.59559e-5 0 -1 2.60843e-6 0 -1 1.36047e-5 0 -1 3.58706e-5 0 -1 -2.78947e-6 0 -1 5.94395e-5 0 -1 -4.53656e-5 0 -1 2.08096e-5 0 -1 -1.53075e-5 0 -1 -4.5405e-5 0 -1 8.06517e-5 0 -1 -5.94395e-5 0 -1 2.78947e-6 0 -1 -3.58706e-5 0 -1 -2.09726e-5 0 -1 3.55074e-5 0 -1 -2.7051e-6 0 -1 3.19605e-6 0 -1 -6.59696e-5 0 -1 1.82712e-4 0 -1 -8.7592e-5 0 -1 6.83948e-5 0 -1 9.18001e-6 0 -1 7.75631e-6 0 -1 -8.78173e-6 0 -1 1.28477e-4 0 -1 -1.02329e-4 0 -1 3.17259e-5 0 -1 2.95069e-5 0 -1 -1.40936e-5 0 -1 2.90639e-5 0 -1 3.74985e-5 0 -1 -1.42976e-5 0 -1 -2.18701e-5 0 -1 9.22339e-6 0 -1 -2.58031e-5 0 -5.11971e-5 0 1 0 0 1 4.95e-5 0 1 -2.05769e-5 0 1 3.19312e-5 0 1 -9.22389e-5 0 1 5.28337e-5 0 1 -1.39281e-5 0 1 -5.77832e-6 0 1 5.28402e-5 0 1 -9.22384e-5 0 1 -2.41937e-5 0 1 1.76707e-5 0 1 4.73462e-5 0 1 -8.65403e-5 0 1 -8.65529e-5 0 1 4.73446e-5 0 1 3.45939e-6 0 1 5.60829e-5 0 1 -4.02042e-5 0 1 4.071e-5 0 1 -9.37384e-6 0 1 -4.02089e-5 0 1 5.60538e-5 0 1 -5.02664e-5 0 1 1.73959e-5 0 1 -3.23838e-5 0 1 -4.59691e-5 0 1 1.25914e-5 0 1 5.00504e-5 0 1 1.66889e-4 0 1 -4.94697e-5 0 1 8.78244e-5 0 1 1.56128e-4 0 1 -5.93716e-5 0 1 8.34355e-5 0 1 -5.67618e-5 0 1 -3.49715e-6 0 1 -5.67713e-5 0 1 3.98584e-5 0 1 -4.26125e-5 0 1 5.63179e-5 0 1 4.75639e-5 0 1 6.68539e-6 0 1 3.98624e-5 0 1 1.64939e-5 0 1 -1.69418e-5 0 1 -1.45188e-5 0 1 0 0 -1 2.28519e-4 0 -1 -8.4943e-6 0 -1 5.84641e-5 0 -1 -3.37365e-5 0 -1 -2.25411e-5 0 -1 1.09994e-5 0 -1 -2.61404e-5 0 -1 7.62644e-5 0 -1 7.84319e-5 0 -1 5.59279e-5 0 -1 1.48645e-4 0 -1 1.48659e-4 0 -1 2.08699e-5 0 -1 -2.47489e-5 0 -1 -1.42165e-5 0 -1 -4.6364e-6 0 -1 2.61575e-4 0 -1 3.3961e-5 0 -1 -4.96923e-5 0 -1 1.075e-4 0 -1 -2.64234e-4 0 -1 2.31118e-5 0 -1 4.50213e-5 0 -1 1.40562e-4 0 -1 -4.64336e-5 0 -1 -2.64256e-4 0 -1 1.07497e-4 0 -1 -7.55487e-5 0 -1 5.00657e-5 0 -1 2.20693e-4 0 -1 -4.64253e-5 0 -1 5.13567e-4 0 -1 4.50176e-5 0 -1 -2.67037e-5 0 -1 5.63935e-6 0 -1 -1.00688e-5 0 -1 6.53721e-6 0 -1 7.42673e-5 0 -1 -5.19983e-5 0 -1 1.1416e-4 0 -1 -4.96991e-5 0 -1 3.39631e-5 0 -1 9.37453e-6 0 -1 1 0 0 1 -1.39117e-5 0 1 3.93577e-5 0 1 -1.2199e-5 0 1 -1.14943e-5 0 1 7.06864e-5 0 1 -2.02215e-4 0 1 4.78849e-5 0 1 -1.43988e-4 0 1 7.5872e-5 0 1 -6.40166e-5 0 1 2.97647e-5 0 1 -8.72336e-5 0 1 1.36751e-5 0 1 -7.53066e-7 0 1 9.79422e-5 0 1 -1.7452e-5 0 1 4.15331e-6 0 1 -8.18083e-6 0 1 4.54281e-5 0 1 -3.58694e-5 0 1 -4.15438e-6 0 1 4.3792e-6 0 1 1.52267e-5 0 1 -1.52267e-5 0 1 1.77714e-5 0 1 -2.2127e-5 0 1 -3.67211e-6 0 1 -4.10007e-6 0 1 1.39521e-5 0 1 -5.09946e-6 0 1 1.22025e-5 0 1 -2.0295e-5 0 1 2.79286e-5 0 1 -3.7432e-5 0 1 1.59837e-5 0 1 -1.63669e-5 0 1 1.24224e-5 0 1 2.36386e-5 0 1 1.95658e-5 0 0.9999988 -0.001597881 0 1 -2.52051e-5 0 1 1.56414e-4 0 1 2.21291e-5 0 1 -1.777e-5 0 1 -4.84027e-5 0 1 2.25667e-6 0 1 -2.25667e-6 0 1 3.59291e-5 0 1 3.74718e-5 0 1 -7.63086e-7 0 1 8.72336e-5 0 1 -2.36386e-5 0 -1.77395e-5 0 1 6.20881e-6 0 1 0 -1 0 0 -1 6.4855e-6 0 -1 -2.35359e-6 0 -1 1.54406e-6 0 -1 -7.8454e-6 0 -1 -8.07833e-6 0 -1 1.70624e-6 0 -1 -6.82497e-6 0 -1 1.1e-5 0 -1 9.18502e-6 0 -1 -1.46209e-6 0 -1 7.35971e-6 0 -1 -1.26817e-5 0 -1 3.32417e-6 0 -1 2.72628e-6 0 -1 1.14813e-6 -0.03923314 0 0.9992302 -0.03929328 0 0.9992278 -0.1175153 0 0.9930711 -0.1175752 0 0.993064 -0.1950984 0 0.9807837 -0.1950691 0 0.9807896 -0.271466 0 0.9624481 -0.2714338 0 0.9624571 -0.3461275 0 0.9381875 -0.3461007 0 0.9381974 -0.4186628 0 0.9081419 -0.4886136 0 0.8725004 -0.4886432 0 0.8724838 -0.5555842 0 0.8314602 -0.5555562 0 0.8314791 -0.619086 0 0.7853232 -0.6190747 0 0.7853322 -0.6788105 0 0.7343136 -0.6788029 0 0.7343205 -0.7343211 0 0.6788023 -0.7853196 0 0.6190907 -0.7853158 0 0.6190954 -0.8314674 0 0.5555737 -0.8314732 0 0.5555649 -0.8724935 0 0.4886258 -0.8724975 0 0.4886187 -0.9081445 0 0.418657 -0.9081421 0 0.4186623 -0.9381907 0 0.346119 -0.9381881 0 0.3461257 -0.962455 0 0.2714413 -0.9624564 0 0.2714369 -0.9807841 0 0.1950969 -0.980787 0 0.1950815 -0.9930686 0 0.1175359 -0.993068 0 0.1175413 -0.9992292 0 0.03925734 -0.999229 0 0.0392602 0 1 2.4829e-5 0 1 -9.4205e-6 0 1 1.40024e-4 0 1 -2.7591e-5 0 1 1.24612e-5 0 1 4.81156e-6 0 1 -1.25676e-6 0 1 -1.34677e-6 0 1 0 0 1 8.08057e-6 0 1 -4.81157e-6 0 1 4.71022e-6 0 1 -1.70965e-6 0 1 3.11538e-6 0 1 -1.37954e-6 0 1 1.09402e-6 -0.03923255 0 0.9992302 -0.03929388 0 0.9992277 -0.5555772 0 0.8314651 -0.5555632 0 0.8314744 -0.6190934 0 0.7853174 -0.6190673 0 0.7853379 -0.7853232 0 0.619086 -0.8724902 0 0.4886316 -0.8725007 0 0.4886129 -0.9081474 0 0.4186508 -0.962454 0 0.2714448 -0.9624573 0 0.2714334 -0.9807863 0 0.1950852 -0.9930685 0 0.1175377 -0.9930683 0 0.1175394 -0.999229 0 0.03925973 0 1 -6.27624e-6 0 1 1.23527e-5 0 1 6.64839e-6 0 1 -1.36313e-5 0 1 2.75551e-5 0 1 -3.41247e-6 0 1 1.83332e-6 0 1 9.16664e-6 0 1 -1.02375e-5 0 1 1.2971e-5 0 1 -7.8454e-6 0 1 -4.59253e-6 0 1 7.35976e-6 0 1 -4.15521e-6 0 -1 4.81154e-6 0 -1 2.18807e-6 0 -1 -1.37954e-6 0 -1 -1.03846e-6 0 -1 2.97574e-6 0 -1 -4.04031e-6 0 -1 -9.4205e-6 0 -1 -4.81157e-6 0 -1 2.01082e-5 0 -1 -8.08057e-6 0 -1 2.97575e-6 0 -1 2.73545e-5 0 -1 1.24612e-5 0 -1 5.5182e-6 0 0.08719301 0.9961915 0 0.08720272 0.9961906 0 0.2588437 0.9659193 0 0.2588723 0.9659116 0 0.4224637 0.9063799 0 0.4225071 0.9063597 0 0.5736104 0.8191283 0 0.5735058 0.8192015 0 0.7071564 0.7070572 0 0.7071572 0.7070564 0 0.8191419 0.573591 0 0.8191431 0.5735894 0 0.9063009 0.4226331 0 0.9659638 0.2586774 0 0.9659087 0.2588834 0 0.996194 0.08716553 0 0.9961842 0.08727568 0 0.9961856 -0.08726114 0 0.9961953 -0.08715009 0 0.9659082 -0.2588852 0 0.9659643 -0.2586757 0 0.9063009 -0.4226331 0 0.8191419 -0.573591 0 0.8191431 -0.5735894 0 0.7071564 -0.7070572 0 0.7071572 -0.7070564 0 0.5733914 -0.8192816 0 0.5734959 -0.8192084 0 0.4226464 -0.9062947 0 0.4226052 -0.906314 0 0.2588715 -0.9659118 0 0.2588444 -0.9659191 0 0.08720272 -0.9961906 0 0.08719301 -0.9961915 0 -0.08719301 -0.9961915 0 -0.08720272 -0.9961906 0 -0.2588437 -0.9659193 0 -0.2588166 -0.9659265 0 -0.4226464 -0.9062947 0 -0.4226478 -0.9062941 0 -0.5734959 -0.8192084 0 -0.7071008 -0.7071129 0 -0.7071015 -0.707112 0 -0.8191941 -0.5735163 0 -0.8191431 -0.5735894 0 -0.9063009 -0.4226331 0 -0.9659638 -0.2586774 0 -0.9659087 -0.2588834 0 -0.9961951 -0.08715069 0 -0.9961953 -0.08715009 0 -0.996194 0.08716553 0 -0.996194 0.08716523 0 -0.9659082 0.2588852 0 -0.9659643 0.2586757 0 -0.9063009 0.4226331 0 -0.8191419 0.573591 0 -0.8191954 0.5735147 0 -0.7071008 0.7071129 0 -0.7071015 0.707112 0 -0.5736104 0.8191283 0 -0.4225064 0.90636 0 -0.4225071 0.9063597 0 -0.2588158 0.9659268 0 -0.2588444 0.9659191 0 -0.08720272 0.9961906 0 -0.08719301 0.9961915 0 0.08702301 0.9962064 0 0.08703309 0.9962055 0 0.4226037 0.9063146 0 0.4226478 0.9062941 0 0.9659524 0.25872 0 0.965897 0.2589269 0 0.9961951 0.08715069 0 0.9961856 0.08726054 0 0.9658968 -0.2589278 0 0.9659526 -0.2587192 0 0.5735058 -0.8192015 0 0.5736104 -0.8191283 0 0.08703267 -0.9962055 0 0.08702343 -0.9962063 0 -0.08702301 -0.9962064 0 -0.08703309 -0.9962055 0 -0.5736104 -0.8191283 0 -0.9659524 -0.25872 0 -0.965897 -0.2589269 0 -0.9961951 0.08715069 0 -0.9961953 0.08715009 0 -0.9658968 0.2589278 0 -0.9659526 0.2587192 0 -0.4226464 0.9062947 0 -0.4226478 0.9062941 0 -0.08703267 0.9962055 0 -0.08702343 0.9962063 0.9961946 0.08715796 0 0.9659155 0.2588576 0 0.9659295 0.2588056 0 0.9063203 0.4225914 0 0.9063016 0.4226319 0 0.8191705 0.5735501 0 0.7070789 0.7071346 0 0.7070859 0.7071276 0 0.5735819 0.8191483 0 0.5736081 0.8191301 0 0.4226265 0.9063041 0 0.4226692 0.9062842 0 0.2587593 0.9659419 0 0.2587658 0.9659401 0 0.08719593 0.9961913 0 0.08719283 0.9961916 0 -0.08719593 0.9961913 0 -0.08719283 0.9961916 0 -0.2587593 0.9659419 0 -0.2587797 0.9659364 0 -0.4226265 0.9063041 0 -0.4226692 0.9062842 0 -0.5735819 0.8191483 0 -0.5736081 0.8191301 0 -0.7070511 0.7071624 0 -0.7070859 0.7071276 0 -0.8191705 0.5735501 0 -0.8191967 0.5735128 0 -0.906299 0.4226371 0 -0.9063228 0.4225861 0 -0.9659155 0.2588576 0 -0.9961946 0.08715796 0 -0.9961946 -0.08715796 0 -0.9659211 -0.2588367 0 -0.9659231 -0.2588298 0 -0.9063203 -0.4225914 0 -0.9063016 -0.4226319 0 -0.8191692 -0.573552 0 -0.8191431 -0.5735894 0 -0.7071276 -0.7070859 0 -0.7071068 -0.7071068 0 -0.573552 -0.8191692 0 -0.5735259 -0.8191875 0 -0.4226692 -0.9062842 0 -0.4226265 -0.9063041 0 -0.2587732 -0.9659382 0 -0.2587658 -0.9659401 0 -0.0871911 -0.9961917 0 -0.08719766 -0.9961911 0 0.0871911 -0.9961917 0 0.08719766 -0.9961911 0 0.2587593 -0.9659419 0 0.2587658 -0.9659401 0 0.4226692 -0.9062842 0 0.4226265 -0.9063041 0 0.573552 -0.8191692 0 0.5735259 -0.8191875 0 0.7071276 -0.7070859 0 0.7071346 -0.7070789 0 0.8191431 -0.5735894 0 0.906299 -0.4226371 0 0.9063228 -0.4225861 0 0.9659351 -0.2587848 0 0.9659231 -0.2588298 0 0.9961946 -0.08715796 0 0.996197 0.08713036 0 0.9659225 0.2588316 0 0.906299 0.4226371 0 0.9063228 0.4225861 0 0.8191836 0.5735315 0 0.7070581 0.7071555 0 0.5736211 0.8191208 0 0.4226585 0.9062891 0 0.2587732 0.9659382 0 0.0871911 0.9961917 0 0.08719521 0.9961913 0 -0.08719348 0.9961915 0 -0.08719766 0.9961911 0 -0.2587662 0.96594 0 -0.2587658 0.9659401 0 -0.4226371 0.906299 0 -0.5736211 0.8191208 0 -0.7070789 0.7071346 0 -0.8191575 0.5735688 0 -0.9063203 0.4225914 0 -0.9063016 0.4226319 0 -0.9659225 0.2588316 0 -0.9659295 0.2588056 0 -0.9659351 -0.2587848 0 -0.9659299 -0.2588038 0 -0.906299 -0.4226371 0 -0.9063228 -0.4225861 0 -0.8191301 -0.5736081 0 -0.7071346 -0.7070789 0 -0.5735651 -0.81916 0 -0.4226371 -0.906299 0 -0.2587593 -0.9659419 0 -0.2587727 -0.9659383 0 -0.08719593 -0.9961913 0 -0.08719521 -0.9961913 0 0.08719348 -0.9961915 0 0.08719283 -0.9961916 0 0.2587797 -0.9659364 0 0.4226585 -0.9062891 0 0.5735651 -0.81916 0 0.7070999 -0.7071138 0 0.8191561 -0.5735707 0 0.9063203 -0.4225914 0 0.9063016 -0.4226319 0 0.9659211 -0.2588367 0 0.9659299 -0.2588038 0 0.996197 -0.08713036 0</float_array>
          <technique_common>
            <accessor source="#MMO_700_dual_-_bracket_single-5-mesh-normals-array" count="525" stride="3">
              <param name="X" type="float"/>
              <param name="Y" type="float"/>
              <param name="Z" type="float"/>
            </accessor>
          </technique_common>
        </source>
        <vertices id="MMO_700_dual_-_bracket_single-5-mesh-vertices">
          <input semantic="POSITION" source="#MMO_700_dual_-_bracket_single-5-mesh-positions"/>
        </vertices>
        <triangles count="772">
          <input semantic="VERTEX" source="#MMO_700_dual_-_bracket_single-5-mesh-vertices" offset="0"/>
          <input semantic="NORMAL" source="#MMO_700_dual_-_bracket_single-5-mesh-normals" offset="1"/>
          <p>0 0 1 0 2 0 0 1 3 1 4 1 5 2 6 2 7 2 2 3 8 3 0 3 0 4 8 4 9 4 0 5 9 5 10 5 10 2 11 2 0 2 0 6 11 6 12 6 0 7 12 7 13 7 13 2 14 2 0 2 0 8 14 8 15 8 0 9 15 9 16 9 7 2 6 2 17 2 17 10 6 10 18 10 17 11 18 11 19 11 19 12 20 12 17 12 17 13 20 13 21 13 17 14 21 14 22 14 4 2 23 2 0 2 0 15 23 15 24 15 0 16 24 16 25 16 26 2 27 2 7 2 7 17 27 17 28 17 7 18 28 18 5 18 22 2 29 2 17 2 17 19 29 19 30 19 17 20 30 20 31 20 32 2 33 2 34 2 35 21 36 21 34 21 37 22 38 22 7 22 38 23 39 23 7 23 7 24 39 24 40 24 7 25 40 25 26 25 31 2 41 2 17 2 17 26 41 26 42 26 17 27 42 27 34 27 34 28 42 28 43 28 34 29 43 29 32 29 33 2 44 2 34 2 34 30 44 30 45 30 34 31 45 31 46 31 47 2 48 2 49 2 1 2 0 2 50 2 50 2 0 2 34 2 50 32 34 32 51 32 25 33 52 33 0 33 0 34 52 34 53 34 0 35 53 35 7 35 7 36 53 36 54 36 7 37 54 37 37 37 36 2 55 2 34 2 34 38 55 38 56 38 34 39 56 39 57 39 3 2 0 2 58 2 58 40 0 40 16 40 58 41 16 41 49 41 49 42 16 42 59 42 49 43 59 43 60 43 60 44 61 44 49 44 49 45 61 45 62 45 49 46 62 46 47 46 63 2 64 2 46 2 46 47 64 47 65 47 65 48 66 48 46 48 46 49 66 49 67 49 46 2 67 2 34 2 34 50 67 50 68 50 34 51 68 51 35 51 57 2 69 2 34 2 34 52 69 52 70 52 34 53 70 53 51 53 48 54 71 54 49 54 49 55 71 55 72 55 49 2 72 2 73 2 73 56 72 56 74 56 73 2 74 2 46 2 46 57 74 57 75 57 46 58 75 58 63 58 76 59 77 59 78 59 77 60 76 60 79 60 79 60 76 60 80 60 79 60 80 60 81 60 82 60 83 60 84 60 85 60 86 60 76 60 87 61 88 61 34 61 34 62 88 62 89 62 34 63 89 63 90 63 91 60 92 60 80 60 80 64 92 64 93 64 80 65 93 65 81 65 83 60 94 60 84 60 84 66 94 66 95 66 84 67 95 67 96 67 78 60 97 60 76 60 76 68 97 68 98 68 76 69 98 69 99 69 82 60 84 60 100 60 100 70 84 70 101 70 100 71 101 71 102 71 103 60 104 60 80 60 80 72 104 72 105 72 80 73 105 73 91 73 99 60 106 60 76 60 76 74 106 74 107 74 76 75 107 75 108 75 90 60 109 60 34 60 34 76 109 76 110 76 34 60 110 60 80 60 80 77 110 77 111 77 80 78 111 78 103 78 96 79 112 79 84 79 84 80 112 80 113 80 84 60 113 60 114 60 114 60 113 60 115 60 114 60 115 60 116 60 116 60 115 60 117 60 108 60 118 60 76 60 76 81 118 81 119 81 76 82 119 82 120 82 86 83 121 83 76 83 76 84 121 84 122 84 76 85 122 85 123 85 124 60 125 60 0 60 0 86 125 86 126 86 85 60 76 60 127 60 127 60 76 60 120 60 127 60 120 60 115 60 115 87 120 87 128 87 115 88 128 88 117 88 126 89 129 89 0 89 0 90 129 90 130 90 0 91 130 91 131 91 132 60 34 60 133 60 133 60 34 60 134 60 132 92 135 92 34 92 34 93 135 93 136 93 34 94 136 94 137 94 34 95 138 95 100 95 123 60 139 60 76 60 76 96 139 96 140 96 76 60 140 60 0 60 0 97 140 97 141 97 0 98 141 98 124 98 131 60 142 60 0 60 0 99 142 99 143 99 0 60 143 60 34 60 34 100 143 100 144 100 34 101 144 101 134 101 137 60 145 60 34 60 34 102 145 102 146 102 34 103 146 103 138 103 102 60 147 60 100 60 100 104 147 104 148 104 100 60 148 60 34 60 34 105 148 105 149 105 34 106 149 106 87 106 150 107 151 107 152 107 153 108 154 108 155 108 155 109 154 109 152 109 155 107 152 107 156 107 156 107 152 107 151 107 153 107 157 107 154 107 154 110 157 110 158 110 154 111 158 111 159 111 160 107 161 107 154 107 162 107 163 107 154 107 154 112 163 112 164 112 154 113 164 113 165 113 166 107 167 107 168 107 169 107 170 107 171 107 171 114 170 114 172 114 171 115 172 115 173 115 167 107 174 107 168 107 168 116 174 116 175 116 168 117 175 117 176 117 176 107 177 107 168 107 168 118 177 118 178 118 168 107 178 107 171 107 171 119 178 119 179 119 171 120 179 120 169 120 180 107 181 107 152 107 152 121 181 121 182 121 182 107 183 107 152 107 152 122 183 122 184 122 152 123 184 123 185 123 161 124 186 124 154 124 154 125 186 125 187 125 154 126 187 126 188 126 173 107 189 107 171 107 171 127 189 127 190 127 171 128 190 128 191 128 192 107 193 107 194 107 159 107 195 107 154 107 154 129 195 129 196 129 154 107 196 107 160 107 191 107 197 107 171 107 171 130 197 130 198 130 171 107 198 107 152 107 152 131 198 131 199 131 152 132 199 132 180 132 200 107 201 107 168 107 168 133 201 133 202 133 168 134 202 134 166 134 162 107 154 107 203 107 203 107 154 107 188 107 203 107 188 107 194 107 194 135 188 135 204 135 194 136 204 136 192 136 152 137 205 137 206 137 165 107 207 107 154 107 154 138 207 138 208 138 154 107 208 107 168 107 168 139 208 139 209 139 168 140 209 140 200 140 193 141 210 141 194 141 194 142 210 142 211 142 194 143 211 143 212 143 185 107 213 107 214 107 214 107 215 107 185 107 185 144 215 144 216 144 185 107 216 107 217 107 206 107 218 107 152 107 152 145 218 145 219 145 152 146 219 146 150 146 217 107 220 107 185 107 185 147 220 147 221 147 185 107 221 107 152 107 152 148 221 148 222 148 152 149 222 149 205 149 212 150 223 150 194 150 194 107 223 107 224 107 194 107 224 107 185 107 185 107 224 107 225 107 185 107 225 107 213 107 226 151 227 151 228 151 229 151 230 151 152 151 152 152 230 152 231 152 232 153 233 153 234 153 234 154 233 154 235 154 234 155 235 155 236 155 237 156 238 156 239 156 239 157 238 157 240 157 239 158 240 158 241 158 242 151 243 151 244 151 244 151 243 151 245 151 241 159 246 159 239 159 239 160 246 160 247 160 239 161 247 161 248 161 249 151 250 151 234 151 234 162 250 162 251 162 152 163 252 163 238 163 231 151 253 151 152 151 152 164 253 164 254 164 152 165 254 165 243 165 243 166 254 166 255 166 243 167 255 167 245 167 242 151 256 151 243 151 243 168 256 168 257 168 243 169 257 169 258 169 243 151 259 151 234 151 234 170 259 170 260 170 234 171 260 171 232 171 236 151 261 151 234 151 234 172 261 172 262 172 234 173 262 173 263 173 264 151 265 151 154 151 154 174 265 174 266 174 152 175 267 175 268 175 268 151 269 151 152 151 152 176 269 176 270 176 152 177 270 177 271 177 237 151 272 151 238 151 238 178 272 178 273 178 238 179 273 179 152 179 152 180 273 180 274 180 152 181 274 181 229 181 258 151 275 151 243 151 243 182 275 182 276 182 243 183 276 183 259 183 248 151 277 151 239 151 239 184 277 184 278 184 239 151 278 151 279 151 279 185 278 185 228 185 279 151 228 151 280 151 280 151 228 151 227 151 251 151 281 151 234 151 234 186 281 186 282 186 234 187 282 187 283 187 284 151 285 151 154 151 271 151 286 151 152 151 152 188 286 188 287 188 152 189 287 189 252 189 263 151 288 151 234 151 234 190 288 190 289 190 234 151 289 151 249 151 249 191 289 191 290 191 249 151 290 151 228 151 228 192 290 192 291 192 228 193 291 193 226 193 285 151 292 151 154 151 154 194 292 194 293 194 154 195 293 195 264 195 266 196 294 196 154 196 154 197 294 197 295 197 154 151 295 151 152 151 152 198 295 198 296 198 152 199 296 199 267 199 283 151 297 151 234 151 234 200 297 200 298 200 234 201 298 201 154 201 154 202 298 202 299 202 154 203 299 203 284 203 300 60 243 60 17 60 17 204 243 204 234 204 17 205 234 205 7 205 7 60 234 60 301 60 302 2 168 2 76 2 76 2 168 2 171 2 76 2 171 2 80 2 80 2 171 2 303 2 304 206 303 206 171 206 305 207 306 207 152 207 152 208 306 208 307 208 307 206 308 206 152 206 152 209 308 209 309 209 152 210 309 210 310 210 311 211 312 211 152 211 152 206 312 206 313 206 152 212 313 212 305 212 310 206 314 206 152 206 152 213 314 213 315 213 152 214 315 214 316 214 316 206 317 206 152 206 152 215 317 215 318 215 152 216 318 216 171 216 171 217 318 217 319 217 171 206 319 206 304 206 300 218 320 218 243 218 243 219 320 219 321 219 243 206 321 206 152 206 152 220 321 220 322 220 152 221 322 221 311 221 80 222 303 222 323 222 323 223 303 223 304 223 323 224 304 224 324 224 324 225 304 225 319 225 324 226 319 226 325 226 325 227 319 227 318 227 325 228 318 228 326 228 326 229 318 229 317 229 326 230 317 230 327 230 327 231 317 231 316 231 327 232 316 232 328 232 328 232 316 232 315 232 328 233 315 233 329 233 329 234 315 234 314 234 329 235 314 235 330 235 330 236 314 236 310 236 330 237 310 237 331 237 331 238 310 238 309 238 331 239 309 239 332 239 332 240 309 240 308 240 332 241 308 241 333 241 333 241 308 241 307 241 333 242 307 242 334 242 334 243 307 243 306 243 334 244 306 244 335 244 335 245 306 245 305 245 335 246 305 246 336 246 336 247 305 247 313 247 336 248 313 248 337 248 337 249 313 249 312 249 337 250 312 250 338 250 338 251 312 251 311 251 338 252 311 252 339 252 339 253 311 253 322 253 339 254 322 254 340 254 340 255 322 255 321 255 340 256 321 256 341 256 341 257 321 257 320 257 341 258 320 258 17 258 17 259 320 259 300 259 34 260 80 260 323 260 332 261 333 261 34 261 323 262 324 262 34 262 34 263 324 263 325 263 34 264 325 264 326 264 333 265 334 265 34 265 34 266 334 266 335 266 34 267 335 267 336 267 326 268 327 268 34 268 34 268 327 268 328 268 34 269 328 269 329 269 329 268 330 268 34 268 34 270 330 270 331 270 34 271 331 271 332 271 336 268 337 268 34 268 34 272 337 272 338 272 34 273 338 273 339 273 339 274 340 274 34 274 34 275 340 275 341 275 34 268 341 268 17 268 302 276 76 276 342 276 342 277 76 277 343 277 342 224 343 224 344 224 344 225 343 225 345 225 344 226 345 226 346 226 346 227 345 227 347 227 346 228 347 228 348 228 348 229 347 229 349 229 348 230 349 230 350 230 350 231 349 231 351 231 350 232 351 232 352 232 352 232 351 232 353 232 352 233 353 233 354 233 354 234 353 234 355 234 354 278 355 278 356 278 356 279 355 279 357 279 356 280 357 280 358 280 358 281 357 281 359 281 358 239 359 239 360 239 360 239 359 239 361 239 360 241 361 241 362 241 362 241 361 241 363 241 362 282 363 282 364 282 364 243 363 243 365 243 364 244 365 244 366 244 366 245 365 245 367 245 366 283 367 283 368 283 368 284 367 284 369 284 368 285 369 285 370 285 370 249 369 249 371 249 370 250 371 250 372 250 372 251 371 251 373 251 372 286 373 286 374 286 374 287 373 287 375 287 374 254 375 254 376 254 376 288 375 288 377 288 376 289 377 289 378 289 378 290 377 290 379 290 378 258 379 258 301 258 301 291 379 291 7 291 378 268 301 268 234 268 362 292 364 292 154 292 362 293 154 293 360 293 302 268 342 268 168 268 168 294 342 294 344 294 168 268 344 268 154 268 154 295 344 295 346 295 154 296 346 296 348 296 364 268 366 268 154 268 154 297 366 297 368 297 154 298 368 298 370 298 348 268 350 268 154 268 154 299 350 299 352 299 154 300 352 300 354 300 354 301 356 301 154 301 154 302 356 302 358 302 154 268 358 268 360 268 370 268 372 268 154 268 154 303 372 303 374 303 154 268 374 268 234 268 234 304 374 304 376 304 234 305 376 305 378 305 343 206 76 206 0 206 343 206 0 206 345 206 0 206 7 206 379 206 367 206 365 206 0 206 0 306 365 306 363 306 379 307 377 307 0 307 0 308 377 308 375 308 0 309 375 309 373 309 373 206 371 206 0 206 0 310 371 310 369 310 0 311 369 311 367 311 363 312 361 312 0 312 0 206 361 206 359 206 0 313 359 313 357 313 357 314 355 314 0 314 0 315 355 315 353 315 0 316 353 316 351 316 351 317 349 317 0 317 0 318 349 318 347 318 0 319 347 319 345 319 272 320 49 320 273 320 273 321 49 321 73 321 273 322 73 322 274 322 274 323 73 323 46 323 274 324 46 324 229 324 229 325 46 325 45 325 229 326 45 326 230 326 230 327 45 327 44 327 230 328 44 328 231 328 231 329 44 329 33 329 231 330 33 330 253 330 253 331 33 331 32 331 253 332 32 332 254 332 254 332 32 332 43 332 254 333 43 333 255 333 255 334 43 334 42 334 255 335 42 335 245 335 245 336 42 336 41 336 245 337 41 337 244 337 244 338 41 338 31 338 244 339 31 339 242 339 242 340 31 340 30 340 242 341 30 341 256 341 256 341 30 341 29 341 256 342 29 342 257 342 257 343 29 343 22 343 257 344 22 344 258 344 258 345 22 345 21 345 258 346 21 346 275 346 275 347 21 347 20 347 275 348 20 348 276 348 276 349 20 349 19 349 276 350 19 350 259 350 259 351 19 351 18 351 259 352 18 352 260 352 260 353 18 353 6 353 260 354 6 354 232 354 232 355 6 355 5 355 232 356 5 356 233 356 233 357 5 357 28 357 233 358 28 358 235 358 235 359 28 359 27 359 235 360 27 360 236 360 236 360 27 360 26 360 236 361 26 361 261 361 261 362 26 362 40 362 261 363 40 363 262 363 262 364 40 364 39 364 262 365 39 365 263 365 263 365 39 365 38 365 263 366 38 366 288 366 288 367 38 367 37 367 288 368 37 368 289 368 289 369 37 369 54 369 289 370 54 370 290 370 290 371 54 371 53 371 290 372 53 372 291 372 291 373 53 373 52 373 291 374 52 374 226 374 226 374 52 374 25 374 226 375 25 375 227 375 227 376 25 376 24 376 227 377 24 377 280 377 280 378 24 378 23 378 280 379 23 379 279 379 279 379 23 379 4 379 279 380 4 380 239 380 239 381 4 381 3 381 239 382 3 382 237 382 237 383 3 383 58 383 237 384 58 384 272 384 272 385 58 385 49 385 295 386 1 386 296 386 296 387 1 387 50 387 296 322 50 322 267 322 267 323 50 323 51 323 267 388 51 388 268 388 268 389 51 389 70 389 268 326 70 326 269 326 269 327 70 327 69 327 269 328 69 328 270 328 270 329 69 329 57 329 270 330 57 330 271 330 271 331 57 331 56 331 271 332 56 332 286 332 286 332 56 332 55 332 286 390 55 390 287 390 287 391 55 391 36 391 287 392 36 392 252 392 252 393 36 393 35 393 252 337 35 337 238 337 238 338 35 338 68 338 238 394 68 394 240 394 240 395 68 395 67 395 240 341 67 341 241 341 241 341 67 341 66 341 241 342 66 342 246 342 246 343 66 343 65 343 246 344 65 344 247 344 247 345 65 345 64 345 247 396 64 396 248 396 248 397 64 397 63 397 248 348 63 348 277 348 277 349 63 349 75 349 277 350 75 350 278 350 278 351 75 351 74 351 278 398 74 398 228 398 228 399 74 399 72 399 228 400 72 400 249 400 249 401 72 401 71 401 249 356 71 356 250 356 250 357 71 357 48 357 250 358 48 358 251 358 251 359 48 359 47 359 251 402 47 402 281 402 281 402 47 402 62 402 281 361 62 361 282 361 282 362 62 362 61 362 282 363 61 363 283 363 283 364 61 364 60 364 283 365 60 365 297 365 297 365 60 365 59 365 297 403 59 403 298 403 298 404 59 404 16 404 298 368 16 368 299 368 299 369 16 369 15 369 299 405 15 405 284 405 284 406 15 406 14 406 284 407 14 407 285 407 285 408 14 408 13 408 285 374 13 374 292 374 292 374 13 374 12 374 292 375 12 375 293 375 293 376 12 376 11 376 293 377 11 377 264 377 264 378 11 378 10 378 264 379 10 379 265 379 265 379 10 379 9 379 265 409 9 409 266 409 266 410 9 410 8 410 266 382 8 382 294 382 294 383 8 383 2 383 294 411 2 411 295 411 295 412 2 412 1 412 224 413 115 413 225 413 225 413 115 413 113 413 225 414 113 414 213 414 213 415 113 415 112 415 213 416 112 416 214 416 214 417 112 417 96 417 214 418 96 418 215 418 215 418 96 418 95 418 215 419 95 419 216 419 216 420 95 420 94 420 216 421 94 421 217 421 217 422 94 422 83 422 217 423 83 423 220 423 220 424 83 424 82 424 220 425 82 425 221 425 221 426 82 426 100 426 221 427 100 427 222 427 222 428 100 428 138 428 222 429 138 429 205 429 205 430 138 430 146 430 205 431 146 431 206 431 206 432 146 432 145 432 206 433 145 433 218 433 218 434 145 434 137 434 218 435 137 435 219 435 219 436 137 436 136 436 219 437 136 437 150 437 150 438 136 438 135 438 150 439 135 439 151 439 151 440 135 440 132 440 151 441 132 441 156 441 156 442 132 442 133 442 156 443 133 443 155 443 155 443 133 443 134 443 155 444 134 444 153 444 153 444 134 444 144 444 153 445 144 445 157 445 157 445 144 445 143 445 157 446 143 446 158 446 158 447 143 447 142 447 158 448 142 448 159 448 159 449 142 449 131 449 159 450 131 450 195 450 195 451 131 451 130 451 195 452 130 452 196 452 196 453 130 453 129 453 196 454 129 454 160 454 160 455 129 455 126 455 160 456 126 456 161 456 161 457 126 457 125 457 161 458 125 458 186 458 186 459 125 459 124 459 186 460 124 460 187 460 187 461 124 461 141 461 187 462 141 462 188 462 188 463 141 463 140 463 188 464 140 464 204 464 204 465 140 465 139 465 204 466 139 466 192 466 192 467 139 467 123 467 192 468 123 468 193 468 193 469 123 469 122 469 193 470 122 470 210 470 210 471 122 471 121 471 210 472 121 472 211 472 211 472 121 472 86 472 211 473 86 473 212 473 212 474 86 474 85 474 212 475 85 475 223 475 223 476 85 476 127 476 223 477 127 477 224 477 224 477 127 477 115 477 178 478 77 478 179 478 179 413 77 413 79 413 179 479 79 479 169 479 169 414 79 414 81 414 169 480 81 480 170 480 170 481 81 481 93 481 170 418 93 418 172 418 172 482 93 482 92 482 172 419 92 419 173 419 173 483 92 483 91 483 173 484 91 484 189 484 189 421 91 421 105 421 189 485 105 485 190 485 190 423 105 423 104 423 190 486 104 486 191 486 191 426 104 426 103 426 191 487 103 487 197 487 197 488 103 488 111 488 197 489 111 489 198 489 198 490 111 490 110 490 198 491 110 491 199 491 199 492 110 492 109 492 199 493 109 493 180 493 180 493 109 493 90 493 180 435 90 435 181 435 181 494 90 494 89 494 181 495 89 495 182 495 182 438 89 438 88 438 182 496 88 496 183 496 183 439 88 439 87 439 183 497 87 497 184 497 184 498 87 498 149 498 184 499 149 499 185 499 185 500 149 500 148 500 185 444 148 444 194 444 194 444 148 444 147 444 194 445 147 445 203 445 203 445 147 445 102 445 203 501 102 501 162 501 162 502 102 502 101 502 162 503 101 503 163 503 163 504 101 504 84 504 163 451 84 451 164 451 164 505 84 505 114 505 164 452 114 452 165 452 165 506 114 506 116 506 165 507 116 507 207 507 207 455 116 455 117 455 207 508 117 508 208 508 208 508 117 508 128 508 208 509 128 509 209 509 209 510 128 510 120 510 209 511 120 511 200 511 200 512 120 512 119 512 200 513 119 513 201 513 201 514 119 514 118 514 201 464 118 464 202 464 202 515 118 515 108 515 202 467 108 467 166 467 166 516 108 516 107 516 166 469 107 469 167 469 167 517 107 517 106 517 167 518 106 518 174 518 174 471 106 471 99 471 174 519 99 519 175 519 175 472 99 472 98 472 175 520 98 520 176 520 176 521 98 521 97 521 176 522 97 522 177 522 177 523 97 523 78 523 177 477 78 477 178 477 178 524 78 524 77 524</p>
        </triangles>
      </mesh>
    </geometry>
    <geometry id="MMO_700_dual_-_bracket_single-4-mesh" name="MMO_700_dual - bracket_single-4">
      <mesh>
        <source id="MMO_700_dual_-_bracket_single-4-mesh-positions">
          <float_array id="MMO_700_dual_-_bracket_single-4-mesh-positions-array" count="1140">0.203105 0.38211 0.7789515 0.203105 0.36961 0.7909515 0.203105 0.3703046 0.7910123 0.203105 0.3709781 0.8361927 0.203105 0.37161 0.8364874 0.203105 0.3703046 0.8438907 0.203105 0.36961 0.8439515 0.203105 0.38211 0.8569515 0.203105 0.3709781 0.7911927 0.203105 0.37161 0.7914874 0.203105 0.3721811 0.7918874 0.203105 0.3726742 0.7923803 0.203105 0.3730741 0.7929515 0.203105 0.3733687 0.7935834 0.203105 0.3735492 0.7942569 0.203105 0.37361 0.7949515 0.203105 0.3735492 0.7956461 0.203105 0.35711 0.8569515 0.203105 0.3689154 0.8438907 0.203105 0.3682419 0.8437103 0.203105 0.36761 0.8434156 0.203105 0.3670389 0.8430157 0.203105 0.3665458 0.8425226 0.203105 0.3721811 0.8368873 0.203105 0.3726742 0.8373804 0.203105 0.3730741 0.8379515 0.203105 0.3721811 0.8430157 0.203105 0.37161 0.8434156 0.203105 0.3709781 0.8437103 0.203105 0.3661459 0.8419515 0.203105 0.3658512 0.8413196 0.203105 0.3656708 0.8406461 0.203105 0.3661459 0.8379515 0.203105 0.3665458 0.8373804 0.203105 0.35711 0.7789515 0.203105 0.36561 0.7949515 0.203105 0.3656708 0.7942569 0.203105 0.3735492 0.8406461 0.203105 0.3733687 0.8413196 0.203105 0.3730741 0.8419515 0.203105 0.3726742 0.8425226 0.203105 0.36561 0.8399515 0.203105 0.3656708 0.8392569 0.203105 0.3658512 0.8385834 0.203105 0.3670389 0.8368873 0.203105 0.36761 0.8364874 0.203105 0.3682419 0.8361927 0.203105 0.37161 0.7984156 0.203105 0.3709781 0.7987103 0.203105 0.36961 0.8359515 0.203105 0.3689154 0.7910123 0.203105 0.3682419 0.7911927 0.203105 0.3733687 0.8385834 0.203105 0.3735492 0.8392569 0.203105 0.37361 0.8399515 0.203105 0.3658512 0.7935834 0.203105 0.3661459 0.7929515 0.203105 0.3665458 0.7923803 0.203105 0.3703046 0.8360123 0.203105 0.3733687 0.7963196 0.203105 0.3730741 0.7969515 0.203105 0.3726742 0.7975227 0.203105 0.3721811 0.7980157 0.203105 0.36761 0.7984156 0.203105 0.3670389 0.7980157 0.203105 0.3665458 0.7975227 0.203105 0.3661459 0.7969515 0.203105 0.3658512 0.7963196 0.203105 0.3656708 0.7956461 0.203105 0.3670389 0.7918874 0.203105 0.36761 0.7914874 0.203105 0.3703046 0.7988907 0.203105 0.36961 0.7989515 0.203105 0.3689154 0.8360123 0.203105 0.3689154 0.7988907 0.203105 0.3682419 0.7987103 0.125105 0.38211 0.7789515 0.137105 0.36961 0.7789515 0.1371657 0.3703046 0.7789515 0.1371657 0.3689154 0.7789515 0.125105 0.35711 0.7789515 0.1373462 0.3682419 0.7789515 0.1847369 0.3658512 0.7789515 0.184105 0.3661459 0.7789515 0.1445691 0.37161 0.7789515 0.1823462 0.3709781 0.7789515 0.1826409 0.37161 0.7789515 0.1445691 0.36761 0.7789515 0.1441692 0.3670389 0.7789515 0.1436761 0.3665458 0.7789515 0.143105 0.3661459 0.7789515 0.1385338 0.3665458 0.7789515 0.1380408 0.3670389 0.7789515 0.1376409 0.36761 0.7789515 0.1835339 0.3665458 0.7789515 0.1830408 0.3670389 0.7789515 0.1826409 0.36761 0.7789515 0.1373462 0.3709781 0.7789515 0.1376409 0.37161 0.7789515 0.1380408 0.3721811 0.7789515 0.1854104 0.3656708 0.7789515 0.1448637 0.3709781 0.7789515 0.1450442 0.3703046 0.7789515 0.1404104 0.3656708 0.7789515 0.1397369 0.3658512 0.7789515 0.139105 0.3661459 0.7789515 0.1385338 0.3726742 0.7789515 0.139105 0.3730741 0.7789515 0.1397369 0.3733687 0.7789515 0.1424731 0.3658512 0.7789515 0.1417996 0.3656708 0.7789515 0.141105 0.36561 0.7789515 0.1823462 0.3682419 0.7789515 0.1821658 0.3689154 0.7789515 0.1441692 0.3721811 0.7789515 0.182105 0.36961 0.7789515 0.1436761 0.3726742 0.7789515 0.143105 0.3730741 0.7789515 0.1404104 0.3735492 0.7789515 0.141105 0.37361 0.7789515 0.1417996 0.3735492 0.7789515 0.1830408 0.3721811 0.7789515 0.1835339 0.3726742 0.7789515 0.184105 0.3730741 0.7789515 0.1867996 0.3735492 0.7789515 0.1874731 0.3733687 0.7789515 0.188105 0.3730741 0.7789515 0.1821658 0.3703046 0.7789515 0.1424731 0.3733687 0.7789515 0.1886761 0.3726742 0.7789515 0.1891692 0.3721811 0.7789515 0.1895691 0.37161 0.7789515 0.1895691 0.36761 0.7789515 0.1898638 0.3682419 0.7789515 0.1900442 0.3689154 0.7789515 0.1891692 0.3670389 0.7789515 0.1886761 0.3665458 0.7789515 0.188105 0.3661459 0.7789515 0.186105 0.36561 0.7789515 0.1847369 0.3733687 0.7789515 0.1854104 0.3735492 0.7789515 0.186105 0.37361 0.7789515 0.1898638 0.3709781 0.7789515 0.1900442 0.3703046 0.7789515 0.190105 0.36961 0.7789515 0.1874731 0.3658512 0.7789515 0.1867996 0.3656708 0.7789515 0.145105 0.36961 0.7789515 0.1450442 0.3689154 0.7789515 0.1448637 0.3682419 0.7789515 0.1891692 0.3670389 0.7669515 0.1895691 0.36761 0.7669515 0.215105 0.35211 0.7669515 0.190105 0.36961 0.7669515 0.215105 0.38711 0.7669515 0.1900442 0.3689154 0.7669515 0.1898638 0.3682419 0.7669515 0.1900442 0.3703046 0.7669515 0.1898638 0.3709781 0.7669515 0.1895691 0.37161 0.7669515 0.188105 0.3730741 0.7669515 0.1874731 0.3733687 0.7669515 0.1448637 0.3709781 0.7669515 0.1445691 0.37161 0.7669515 0.1441692 0.3721811 0.7669515 0.1436761 0.3726742 0.7669515 0.139105 0.3730741 0.7669515 0.1385338 0.3726742 0.7669515 0.125105 0.38711 0.7669515 0.1373462 0.3682419 0.7669515 0.1376409 0.36761 0.7669515 0.125105 0.35211 0.7669515 0.1380408 0.3670389 0.7669515 0.1385338 0.3665458 0.7669515 0.1380408 0.3721811 0.7669515 0.1376409 0.37161 0.7669515 0.1373462 0.3709781 0.7669515 0.1371657 0.3703046 0.7669515 0.137105 0.36961 0.7669515 0.1371657 0.3689154 0.7669515 0.143105 0.3661459 0.7669515 0.1436761 0.3665458 0.7669515 0.1441692 0.3670389 0.7669515 0.1445691 0.36761 0.7669515 0.1448637 0.3682419 0.7669515 0.1450442 0.3689154 0.7669515 0.1867996 0.3735492 0.7669515 0.186105 0.37361 0.7669515 0.1854104 0.3735492 0.7669515 0.139105 0.3661459 0.7669515 0.1397369 0.3658512 0.7669515 0.1404104 0.3656708 0.7669515 0.184105 0.3730741 0.7669515 0.1835339 0.3726742 0.7669515 0.145105 0.36961 0.7669515 0.1891692 0.3721811 0.7669515 0.1886761 0.3726742 0.7669515 0.141105 0.36561 0.7669515 0.1417996 0.3656708 0.7669515 0.1424731 0.3658512 0.7669515 0.141105 0.37361 0.7669515 0.1404104 0.3735492 0.7669515 0.1397369 0.3733687 0.7669515 0.1450442 0.3703046 0.7669515 0.1847369 0.3733687 0.7669515 0.1867996 0.3656708 0.7669515 0.1874731 0.3658512 0.7669515 0.143105 0.3730741 0.7669515 0.1424731 0.3733687 0.7669515 0.1417996 0.3735492 0.7669515 0.1830408 0.3721811 0.7669515 0.1826409 0.37161 0.7669515 0.1823462 0.3709781 0.7669515 0.1823462 0.3682419 0.7669515 0.1826409 0.36761 0.7669515 0.1830408 0.3670389 0.7669515 0.1835339 0.3665458 0.7669515 0.184105 0.3661459 0.7669515 0.188105 0.3661459 0.7669515 0.1886761 0.3665458 0.7669515 0.1847369 0.3658512 0.7669515 0.1854104 0.3656708 0.7669515 0.186105 0.36561 0.7669515 0.1821658 0.3703046 0.7669515 0.182105 0.36961 0.7669515 0.1821658 0.3689154 0.7669515 0.215105 0.3730741 0.8379515 0.215105 0.3726742 0.8373804 0.215105 0.36961 0.7989515 0.215105 0.36761 0.8364874 0.215105 0.3670389 0.8368873 0.215105 0.3665458 0.8373804 0.215105 0.3703046 0.8438907 0.215105 0.3709781 0.8437103 0.215105 0.38711 0.8569515 0.215105 0.37161 0.8434156 0.215105 0.3721811 0.8430157 0.215105 0.3703046 0.8360123 0.215105 0.3656708 0.7956461 0.215105 0.3709781 0.8361927 0.215105 0.3658512 0.7963196 0.215105 0.3661459 0.7969515 0.215105 0.3658512 0.8413196 0.215105 0.35211 0.8569515 0.215105 0.3656708 0.8406461 0.215105 0.36561 0.8399515 0.215105 0.3665458 0.7975227 0.215105 0.3670389 0.7980157 0.215105 0.36761 0.7984156 0.215105 0.3703046 0.7988907 0.215105 0.3709781 0.7987103 0.215105 0.37161 0.7984156 0.215105 0.36561 0.7949515 0.215105 0.3661459 0.8379515 0.215105 0.3658512 0.8385834 0.215105 0.3656708 0.8392569 0.215105 0.3661459 0.8419515 0.215105 0.3665458 0.8425226 0.215105 0.3670389 0.8430157 0.215105 0.3689154 0.8438907 0.215105 0.36961 0.8439515 0.215105 0.3726742 0.8425226 0.215105 0.3730741 0.8419515 0.215105 0.3733687 0.8413196 0.215105 0.3721811 0.7918874 0.215105 0.37161 0.7914874 0.215105 0.3709781 0.7911927 0.215105 0.3682419 0.7911927 0.215105 0.36761 0.7914874 0.215105 0.3670389 0.7918874 0.215105 0.3665458 0.7923803 0.215105 0.3661459 0.7929515 0.215105 0.36961 0.8359515 0.215105 0.3689154 0.8360123 0.215105 0.3682419 0.8361927 0.215105 0.36761 0.8434156 0.215105 0.3682419 0.8437103 0.215105 0.3682419 0.7987103 0.215105 0.3689154 0.7988907 0.215105 0.37161 0.8364874 0.215105 0.3721811 0.8368873 0.215105 0.3721811 0.7980157 0.215105 0.3726742 0.7975227 0.215105 0.3730741 0.7969515 0.215105 0.3735492 0.7942569 0.215105 0.3733687 0.7935834 0.215105 0.3658512 0.7935834 0.215105 0.3656708 0.7942569 0.215105 0.3735492 0.8406461 0.215105 0.37361 0.8399515 0.215105 0.3735492 0.8392569 0.215105 0.3733687 0.8385834 0.215105 0.3730741 0.7929515 0.215105 0.3726742 0.7923803 0.215105 0.3703046 0.7910123 0.215105 0.36961 0.7909515 0.215105 0.3689154 0.7910123 0.215105 0.3733687 0.7963196 0.215105 0.3735492 0.7956461 0.215105 0.37361 0.7949515 0.203105 0.35211 0.8569515 0.203105 0.38711 0.8569515 0.125105 0.38711 0.7789515 0.125105 0.35211 0.7789515 0.1312248 0.35211 0.779192 0.1916109 0.35211 0.8161966 0.1882083 0.35211 0.8111042 0.1844167 0.35211 0.8062946 0.1802593 0.35211 0.8017972 0.1757619 0.35211 0.7976399 0.1709522 0.35211 0.7938482 0.1992874 0.35211 0.8328482 0.1971676 0.35211 0.8271022 0.1946035 0.35211 0.8215402 0.1658599 0.35211 0.7904456 0.1605162 0.35211 0.787453 0.1549543 0.35211 0.7848889 0.1492083 0.35211 0.7827691 0.1433137 0.35211 0.7811067 0.1373069 0.35211 0.7799118 0.2028645 0.35211 0.8508317 0.2021447 0.35211 0.8447496 0.2009499 0.35211 0.8387427 0.1312248 0.35711 0.779192 0.1373069 0.35711 0.7799118 0.1433137 0.35711 0.7811067 0.1492083 0.35711 0.7827691 0.1549543 0.35711 0.7848889 0.1605162 0.35711 0.787453 0.1658599 0.35711 0.7904456 0.1709522 0.35711 0.7938482 0.1757619 0.35711 0.7976399 0.1802593 0.35711 0.8017972 0.1844167 0.35711 0.8062946 0.1882083 0.35711 0.8111042 0.1916109 0.35711 0.8161966 0.1946035 0.35711 0.8215402 0.1971676 0.35711 0.8271022 0.1992874 0.35711 0.8328482 0.2009499 0.35711 0.8387427 0.2021447 0.35711 0.8447496 0.2028645 0.35711 0.8508317 0.1312248 0.38711 0.779192 0.1312248 0.38211 0.779192 0.1373069 0.38711 0.7799118 0.1373069 0.38211 0.7799118 0.1433137 0.38711 0.7811067 0.1433137 0.38211 0.7811067 0.1492083 0.38711 0.7827691 0.1492083 0.38211 0.7827691 0.1549543 0.38711 0.7848889 0.1549543 0.38211 0.7848889 0.1605162 0.38711 0.787453 0.1605162 0.38211 0.787453 0.1658599 0.38711 0.7904456 0.1658599 0.38211 0.7904456 0.1709522 0.38711 0.7938482 0.1709522 0.38211 0.7938482 0.1757619 0.38711 0.7976399 0.1757619 0.38211 0.7976399 0.1802593 0.38711 0.8017972 0.1802593 0.38211 0.8017972 0.1844167 0.38711 0.8062946 0.1844167 0.38211 0.8062946 0.1882083 0.38711 0.8111042 0.1882083 0.38211 0.8111042 0.1916109 0.38711 0.8161966 0.1916109 0.38211 0.8161966 0.1946035 0.38711 0.8215402 0.1946035 0.38211 0.8215402 0.1971676 0.38711 0.8271022 0.1971676 0.38211 0.8271022 0.1992874 0.38711 0.8328482 0.1992874 0.38211 0.8328482 0.2009499 0.38711 0.8387427 0.2009499 0.38211 0.8387427 0.2021447 0.38711 0.8447496 0.2021447 0.38211 0.8447496 0.2028645 0.38711 0.8508317 0.2028645 0.38211 0.8508317</float_array>
          <technique_common>
            <accessor source="#MMO_700_dual_-_bracket_single-4-mesh-positions-array" count="380" stride="3">
              <param name="X" type="float"/>
              <param name="Y" type="float"/>
              <param name="Z" type="float"/>
            </accessor>
          </technique_common>
        </source>
        <source id="MMO_700_dual_-_bracket_single-4-mesh-normals">
          <float_array id="MMO_700_dual_-_bracket_single-4-mesh-normals-array" count="1620">-1 1.1399e-5 0 -1 1.54914e-5 0 -1 0 0 -1 4.54215e-5 0 -1 -2.90606e-5 0 -1 1.40904e-5 0 -1 2.70488e-6 0 -1 -3.55078e-5 0 -1 4.23232e-5 0 -1 -3.54129e-5 0 -1 -1.05898e-5 0 -1 -2.13074e-5 0 -1 3.99872e-5 0 -1 -1.34157e-5 0 -1 -1.36058e-5 0 -1 -2.30508e-5 0 -1 1.72049e-5 0 -1 -2.74871e-5 0 -1 2.13111e-5 0 -1 3.44764e-5 0 -1 -4.34476e-5 0 -1 -6.7714e-5 0 -1 5.34759e-5 0 -1 -4.59686e-5 0 -1 2.60779e-6 0 -1 1.36058e-5 0 -1 2.98758e-5 0 -1 -2.78947e-6 0 -1 6.11877e-5 0 -1 -4.53687e-5 0 -1 2.08107e-5 0 -1 -1.54919e-5 0 -1 -4.54215e-5 0 -1 8.06517e-5 0 -1 -6.11877e-5 0 -1 2.78947e-6 0 -1 -2.98758e-5 0 -1 -2.51733e-5 0 -1 3.55104e-5 0 -1 -2.70471e-6 0 -1 3.19604e-6 0 -1 -6.59674e-5 0 -1 1.88985e-4 0 -1 -8.75914e-5 0 -1 6.83878e-5 0 -1 9.18099e-6 0 -1 7.75561e-6 0 -1 -8.78123e-6 0 -1 1.28483e-4 0 -1 -1.02335e-4 0 -1 2.11383e-5 0 -1 3.54129e-5 0 -1 -1.40904e-5 0 -1 2.90621e-5 0 -1 3.75016e-5 0 -1 -1.40847e-5 0 -1 -2.20817e-5 0 -1 9.22301e-6 0 -1 -2.58045e-5 0 -1.53593e-4 0 1 0 0 1 -1.13611e-4 0 1 4.72144e-5 0 1 2.47476e-5 0 1 -1.37144e-5 0 1 -3.99292e-6 0 1 -6.66197e-5 0 1 8.45413e-5 0 1 2.78647e-5 0 1 -1.44461e-5 0 1 9.51122e-5 0 1 -6.66139e-5 0 1 3.38712e-5 0 1 -8.83733e-6 0 1 -5.62218e-5 0 1 1.08193e-5 0 1 8.26173e-5 0 1 -5.40965e-6 0 1 -4.14277e-5 0 1 3.98153e-5 0 1 1.55648e-5 0 1 -1.78493e-4 0 1 1.28043e-4 0 1 1.40632e-5 0 1 -4.4444e-6 0 1 1.28027e-4 0 1 -1.7854e-4 0 1 -2.51256e-5 0 1 1.39184e-5 0 1 -2.02453e-6 0 1 4.02204e-5 0 1 -3.19602e-6 0 1 5.66951e-5 0 1 -6.25649e-6 0 1 -3.95803e-5 0 1 6.34262e-5 0 1 7.8064e-5 0 1 -3.95762e-5 0 1 -1.04319e-5 0 1 1.80722e-4 0 1 -1.57327e-5 0 1 1.80759e-4 0 1 -1.26893e-4 0 1 -1.5991e-4 0 1 -2.13088e-5 0 1 -5.6306e-5 0 1 1.54595e-4 0 1 9.19287e-5 0 1 3.00816e-5 0 1 -1.26921e-4 0 1 -1.237e-5 0 1 -8.47044e-6 0 1 -2.32345e-5 0 1 0 0 -1 4.24714e-6 0 -1 -8.99604e-5 0 -1 -2.33872e-5 0 -1 -5.62325e-6 0 -1 -1.25205e-6 0 -1 1.23758e-5 0 -1 1.49142e-4 0 -1 4.35719e-6 0 -1 -3.81334e-5 0 -1 4.35718e-6 0 -1 9.3213e-6 0 -1 -3.71579e-5 0 -1 -1.36256e-4 0 -1 -3.13063e-5 0 -1 -5.0597e-5 0 -1 1.23751e-5 0 -1 -2.01355e-5 0 -1 6.9548e-6 0 -1 -1.30804e-4 0 -1 -8.48994e-6 0 -1 1.2424e-5 0 -1 1.36799e-4 0 -1 -1.16464e-4 0 -1 8.07458e-5 0 -1 2.60037e-5 0 -1 -1.23754e-5 0 -1 -1.12534e-5 0 -1 -4.29516e-5 0 -1 5.03025e-5 0 -1 8.07383e-5 0 -1 -4.03152e-5 0 -1 4.1296e-6 0 -1 6.29945e-6 0 -1 -6.25653e-6 0 -1 -6.7448e-5 0 -1 1.74118e-5 0 -1 -1.56946e-4 0 -1 -1.12539e-5 0 -1 -8.46113e-6 0 -1 5.03279e-6 0 -1 7.47085e-6 0 -1 -1.11141e-5 0 -1 9.80554e-6 0 -1 -1.24358e-5 0 -1 1.10705e-4 0 -1 -6.49642e-5 0 -1 2.60009e-5 0 -1 5.70926e-6 0 -1 4.12959e-6 0 -1 1.24209e-5 0 -1 -8.49251e-6 0 -1 -4.68727e-6 0 -1 1 0 0 1 -1.3912e-5 0 1 3.93701e-5 0 1 -1.44205e-5 0 1 -7.31144e-6 0 1 7.06914e-5 0 1 -4.66683e-4 0 1 -3.85624e-5 0 1 4.47387e-5 0 1 1.44009e-4 0 1 5.00021e-5 0 1 -6.40188e-5 0 1 -1.50566e-5 0 1 -2.2753e-5 0 1 1.36775e-5 0 1 -7.53064e-7 0 1 2.45048e-5 0 1 -2.44114e-5 0 1 4.15353e-6 0 1 -8.18036e-6 0 1 4.54441e-5 0 1 -3.58595e-5 0 1 -4.15357e-6 0 1 4.37978e-6 0 1 1.52243e-5 0 1 -1.52247e-5 0 1 -4.44202e-6 0 1 1.58044e-6 0 1 -1.90051e-5 0 1 -2.36435e-5 0 1 1.28997e-5 0 1 1.44206e-5 0 1 -2.02986e-5 0 1 1.02889e-5 0 1 -3.99548e-6 0 1 4.69969e-5 0 1 -2.31776e-5 0 1 2.81842e-5 0 1 8.27928e-6 0 1 6.83079e-5 0 1 3.85624e-5 0 1 -2.79608e-5 0 0.9999945 0.003358721 0 1 6.92931e-5 0 1 -4.37941e-5 0 1 -1.5805e-6 0 1 4.44202e-6 0 1 5.84691e-6 0 1 -5.8471e-6 0 1 1.32376e-5 0 1 -5.76443e-6 0 1 2.2753e-5 0 1 -6.83079e-5 0 6.20881e-6 0 1 0 -1 0 0 -1 4.70719e-6 0 -1 -6.17631e-6 0 -1 3.8602e-6 0 -1 -2.35358e-6 0 -1 -8.53128e-7 0 -1 3.41252e-6 0 -1 -9.16664e-6 0 -1 1.61564e-5 0 -1 -6.88892e-6 0 -1 7.31043e-7 0 -1 1.26818e-5 0 -1 -4.98627e-6 0 -1 -1.02235e-6 0 -1 -5.74069e-7 -0.03924775 0 0.9992296 -0.03926295 0 0.999229 -0.1175302 0 0.9930693 -0.1175453 0 0.9930676 -0.1950837 0 0.9807866 -0.1950984 0 0.9807837 -0.2714338 0 0.9624571 -0.2714378 0 0.9624561 -0.3461007 0 0.9381974 -0.3461592 0 0.9381759 -0.4186377 0 0.9081534 -0.4186628 0 0.9081419 -0.4886136 0 0.8725004 -0.4886399 0 0.8724855 -0.5555562 0 0.8314791 -0.5555772 0 0.8314651 -0.6190897 0 0.7853204 -0.6788067 0 0.7343171 -0.6787941 0 0.7343287 -0.7343211 0 0.6788023 -0.7343352 0 0.6787871 -0.7853079 0 0.6191055 -0.7853196 0 0.6190907 -0.8314768 0 0.5555596 -0.8314639 0 0.555579 -0.8724935 0 0.4886258 -0.8725007 0 0.4886129 -0.9081406 0 0.4186654 -0.9081474 0 0.4186508 -0.9381894 0 0.3461223 -0.938193 0 0.3461124 -0.962454 0 0.2714448 -0.962455 0 0.2714413 -0.9807867 0 0.1950834 -0.9807841 0 0.1950969 -0.9930685 0 0.1175377 -0.9930686 0 0.1175359 -0.9992291 0 0.03925853 -0.999229 0 0.03925973 0 1 -1.24145e-4 0 1 0 0 1 -2.20729e-5 0 1 8.30777e-6 0 1 1.34678e-6 0 1 8.92725e-6 0 1 1.34679e-6 0 1 -3.60863e-6 0 1 2.35515e-6 0 1 -8.54816e-7 -0.03924834 0 0.9992295 -0.3461542 0 0.9381777 -0.4886432 0 0.8724838 -0.5555632 0 0.8314744 -0.5555737 0 0.8314673 -0.619086 0 0.7853232 -0.7853158 0 0.6190954 -0.8724975 0 0.4886187 -0.9081391 0 0.4186685 0 1 6.64833e-6 0 1 8.17876e-6 0 1 6.88892e-6 0 1 2.55938e-6 0 1 9.16653e-7 0 1 -1.61564e-5 0 1 5.11878e-6 0 1 -3.1381e-6 0 1 -3.08816e-6 0 1 -4.03916e-6 0 1 1.72221e-6 0 1 1.83991e-6 0 1 4.15523e-6 0 -1 -7.00177e-5 0 -1 -5.02702e-6 0 -1 1.20289e-6 0 -1 -6.89767e-7 0 -1 2.69357e-6 0 -1 3.53272e-6 0 -1 -3.60863e-6 0 -1 1.00541e-5 0 -1 -1.07743e-5 0 -1 1.78545e-5 0 -1 -2.73541e-5 0 -1 1.66155e-5 0 -1 5.51822e-6 0 0.08711767 0.9961981 0 0.08710801 0.9961989 0 0.2588715 0.9659118 0 0.2588166 0.9659265 0 0.4226464 0.9062947 0 0.4226478 0.9062941 0 0.5735009 0.819205 0 0.5735532 0.8191684 0 0.7071564 0.7070572 0 0.7071015 0.707112 0 0.8191419 0.573591 0 0.8191431 0.5735894 0 0.9063436 0.4225417 0 0.9063009 0.4226331 0 0.9659025 0.258906 0 0.9659304 0.2588022 0 0.9962048 0.08704024 0 0.9961856 0.08726054 0 0.9961849 -0.08726841 0 0.9962043 -0.08704751 0 0.9659304 -0.2588022 0 0.9659025 -0.258906 0 0.9063009 -0.4226331 0 0.9063436 -0.4225417 0 0.8191419 -0.573591 0 0.8191431 -0.5735894 0 0.7071008 -0.7071129 0 0.7071572 -0.7070564 0 0.5736104 -0.8191283 0 0.573558 -0.8191649 0 0.4225764 -0.9063274 0 0.4225778 -0.9063267 0 0.2588158 -0.9659268 0 0.2588723 -0.9659116 0 0.08719301 -0.9961915 0 0.08720272 -0.9961906 0 -0.08719301 -0.9961915 0 -0.2588437 -0.9659193 0 -0.2588723 -0.9659116 0 -0.4225338 -0.9063473 0 -0.4225778 -0.9063267 0 -0.5736104 -0.8191283 0 -0.573558 -0.8191649 0 -0.7071564 -0.7070572 0 -0.7071015 -0.707112 0 -0.8191419 -0.573591 0 -0.8191954 -0.5735147 0 -0.9063009 -0.4226331 0 -0.9659304 -0.2588022 0 -0.9659025 -0.258906 0 -0.9961946 -0.08715796 0 -0.9961951 0.08715069 0 -0.9961953 0.08715009 0 -0.9659025 0.258906 0 -0.9659304 0.2588022 0 -0.9063009 0.4226331 0 -0.8191941 0.5735163 0 -0.8191431 0.5735894 0 -0.7071008 0.7071129 0 -0.7071572 0.7070564 0 -0.5735009 0.819205 0 -0.5735532 0.8191684 0 -0.4226464 0.9062947 0 -0.4226052 0.906314 0 -0.2588715 0.9659118 0 -0.2588444 0.9659191 0 -0.08710801 0.9961989 0 0.08720272 0.9961906 0 0.08719301 0.9961915 0 0.258792 0.9659332 0 0.2587372 0.9659479 0 0.573558 0.8191649 0 0.5736104 0.8191283 0 0.7071138 0.7070998 0 0.707059 0.7071546 0 0.8191699 0.5735509 0 0.8191711 0.5735493 0 0.906328 0.422575 0 0.9062854 0.4226665 0 0.9659082 0.2588852 0 0.9659365 0.2587796 0 0.9962043 0.08704751 0 0.9961849 0.08726841 0 0.965936 -0.2587813 0 0.9659087 -0.2588834 0 0.9062854 -0.4226665 0 0.906328 -0.422575 0 0.8191699 -0.5735509 0 0.8191711 -0.5735493 0 0.7070581 -0.7071555 0 0.7071146 -0.707099 0 0.4226464 -0.9062947 0 0.4226478 -0.9062941 0 0.2587363 -0.965948 0 0.2587928 -0.9659329 0 -0.2587642 -0.9659406 0 -0.2587928 -0.9659329 0 -0.4226037 -0.9063146 0 -0.4226478 -0.9062941 0 -0.7071138 -0.7070998 0 -0.707059 -0.7071546 0 -0.8191699 -0.5735509 0 -0.8192234 -0.5734746 0 -0.9062854 -0.4226665 0 -0.965936 -0.2587813 0 -0.9659087 -0.2588834 0 -0.9961946 0.08715796 0 -0.9659082 0.2588852 0 -0.9659365 0.2587796 0 -0.9062854 0.4226665 0 -0.8192223 0.5734763 0 -0.8191711 0.5735493 0 -0.7070581 0.7071555 0 -0.7071146 0.707099 0 -0.573558 0.8191649 0 -0.5736104 0.8191283 0 -0.258792 0.9659332 0 -0.258765 0.9659404 0 -0.08719301 0.9961915 0.9961994 0.08710271 0 0.9961946 0.08715796 0 0.9659183 0.2588471 0 0.9659202 0.2588402 0 0.9063141 0.4226047 0 0.9062941 0.4226478 0 0.8191545 0.573573 0 0.819159 0.5735664 0 0.7071068 0.7071068 0 0.7071102 0.7071033 0 0.5735819 0.8191483 0 0.5736127 0.8191267 0 0.4225894 0.9063214 0 0.4226136 0.9063101 0 0.2588047 0.9659297 0 0.2588186 0.965926 0 0.08715051 0.9961951 0 -0.08715534 0.9961947 0 -0.08715051 0.9961951 0 -0.2588047 0.9659297 0 -0.2588186 0.965926 0 -0.4225894 0.9063214 0 -0.4226136 0.9063101 0 -0.5736081 0.8191301 0 -0.5736127 0.8191267 0 -0.7070789 0.7071346 0 -0.7071102 0.7071033 0 -0.8191545 0.573573 0 -0.819159 0.5735664 0 -0.9063141 0.4226047 0 -0.9062941 0.4226478 0 -0.9659183 0.2588471 0 -0.9659342 0.2587882 0 -0.9961946 0.08715796 0 -0.9961949 -0.08715432 0 -0.996195 -0.08715313 0 -0.9659304 -0.2588022 0 -0.9659165 -0.2588541 0 -0.9063016 -0.4226319 0 -0.9063228 -0.4225861 0 -0.8191545 -0.573573 0 -0.819159 -0.5735664 0 -0.7071068 -0.7071068 0 -0.7070825 -0.7071312 0 -0.57358 -0.8191496 0 -0.5735847 -0.8191463 0 -0.4226478 -0.9062941 0 -0.4226265 -0.9063041 0 -0.2588186 -0.965926 0 -0.2588047 -0.9659297 0 -0.08715051 -0.9961951 0 -0.08715534 -0.9961947 0 0.08715051 -0.9961951 0 0.2588186 -0.965926 0 0.2588047 -0.9659297 0 0.4226478 -0.9062941 0 0.4226265 -0.9063041 0 0.57358 -0.8191496 0 0.5735586 -0.8191647 0 0.7071068 -0.7071068 0 0.7071102 -0.7071033 0 0.8191545 -0.573573 0 0.819159 -0.5735664 0 0.9063016 -0.4226319 0 0.9063228 -0.4225861 0 0.9659165 -0.2588541 0 0.9961949 -0.08715432 0 0.9961998 -0.08709788 0 0.9659323 0.2587952 0 0.9062929 0.4226505 0 0.9063047 0.422625 0 0.8191676 0.5735543 0 0.7070825 0.7071312 0 0.5736081 0.8191301 0 0.5735996 0.8191359 0 0.4226107 0.9063113 0 0.4226029 0.906315 0 0.2588117 0.9659279 0 0.08715295 0.996195 0 -0.2588117 0.9659279 0 -0.4226 0.9063164 0 -0.4225922 0.90632 0 -0.5735949 0.8191391 0 -0.7071068 0.7071068 0 -0.8191414 0.5735917 0 -0.9659253 0.2588212 0 -0.9659234 -0.2588281 0 -0.819146 -0.5735852 0 -0.7071102 -0.7071033 0 -0.5735716 -0.8191555 0 -0.4226371 -0.906299 0 -0.2588117 -0.9659279 0 0.08715295 -0.996195 0 0.2588117 -0.9659279 0 0.4226371 -0.906299 0 0.5735669 -0.8191587 0 0.5735847 -0.8191463 0 0.7070789 -0.7071346 0 0.8191722 -0.5735478 0 0.9063122 -0.422609 0 0.9659304 -0.2588022 0 0.996195 -0.08715313 0</float_array>
          <technique_common>
            <accessor source="#MMO_700_dual_-_bracket_single-4-mesh-normals-array" count="540" stride="3">
              <param name="X" type="float"/>
              <param name="Y" type="float"/>
              <param name="Z" type="float"/>
            </accessor>
          </technique_common>
        </source>
        <vertices id="MMO_700_dual_-_bracket_single-4-mesh-vertices">
          <input semantic="POSITION" source="#MMO_700_dual_-_bracket_single-4-mesh-positions"/>
        </vertices>
        <triangles count="772">
          <input semantic="VERTEX" source="#MMO_700_dual_-_bracket_single-4-mesh-vertices" offset="0"/>
          <input semantic="NORMAL" source="#MMO_700_dual_-_bracket_single-4-mesh-normals" offset="1"/>
          <p>0 0 1 0 2 0 0 1 3 1 4 1 5 2 6 2 7 2 2 3 8 3 0 3 0 4 8 4 9 4 0 5 9 5 10 5 10 2 11 2 0 2 0 6 11 6 12 6 0 7 12 7 13 7 13 2 14 2 0 2 0 8 14 8 15 8 0 9 15 9 16 9 7 2 6 2 17 2 17 10 6 10 18 10 17 11 18 11 19 11 19 12 20 12 17 12 17 13 20 13 21 13 17 14 21 14 22 14 4 2 23 2 0 2 0 15 23 15 24 15 0 16 24 16 25 16 26 2 27 2 7 2 7 17 27 17 28 17 7 18 28 18 5 18 22 2 29 2 17 2 17 19 29 19 30 19 17 20 30 20 31 20 32 2 33 2 34 2 35 21 36 21 34 21 37 22 38 22 7 22 38 23 39 23 7 23 7 24 39 24 40 24 7 25 40 25 26 25 31 2 41 2 17 2 17 26 41 26 42 26 17 27 42 27 34 27 34 28 42 28 43 28 34 29 43 29 32 29 33 2 44 2 34 2 34 30 44 30 45 30 34 31 45 31 46 31 47 2 48 2 49 2 1 2 0 2 50 2 50 2 0 2 34 2 50 32 34 32 51 32 25 33 52 33 0 33 0 34 52 34 53 34 0 35 53 35 7 35 7 36 53 36 54 36 7 37 54 37 37 37 36 2 55 2 34 2 34 38 55 38 56 38 34 39 56 39 57 39 3 2 0 2 58 2 58 40 0 40 16 40 58 41 16 41 49 41 49 42 16 42 59 42 49 43 59 43 60 43 60 44 61 44 49 44 49 45 61 45 62 45 49 46 62 46 47 46 63 2 64 2 46 2 46 47 64 47 65 47 65 48 66 48 46 48 46 49 66 49 67 49 46 2 67 2 34 2 34 50 67 50 68 50 34 51 68 51 35 51 57 2 69 2 34 2 34 52 69 52 70 52 34 53 70 53 51 53 48 54 71 54 49 54 49 55 71 55 72 55 49 2 72 2 73 2 73 56 72 56 74 56 73 2 74 2 46 2 46 57 74 57 75 57 46 58 75 58 63 58 76 59 77 59 78 59 77 60 76 60 79 60 79 60 76 60 80 60 79 60 80 60 81 60 82 61 83 61 84 61 85 62 86 62 76 62 87 63 88 63 34 63 34 64 88 64 89 64 34 65 89 65 90 65 91 60 92 60 80 60 80 66 92 66 93 66 80 67 93 67 81 67 83 60 94 60 84 60 84 68 94 68 95 68 84 69 95 69 96 69 78 60 97 60 76 60 76 70 97 70 98 70 76 71 98 71 99 71 82 60 84 60 100 60 100 72 84 72 101 72 100 73 101 73 102 73 103 60 104 60 80 60 80 74 104 74 105 74 80 75 105 75 91 75 99 76 106 76 76 76 76 77 106 77 107 77 76 78 107 78 108 78 90 79 109 79 34 79 34 80 109 80 110 80 34 60 110 60 80 60 80 81 110 81 111 81 80 82 111 82 103 82 96 60 112 60 84 60 84 83 112 83 113 83 84 60 113 60 114 60 114 84 113 84 115 84 114 60 115 60 116 60 116 60 115 60 117 60 108 60 118 60 76 60 76 85 118 85 119 85 76 86 119 86 120 86 86 87 121 87 76 87 76 88 121 88 122 88 76 89 122 89 123 89 124 60 125 60 0 60 0 90 125 90 126 90 85 60 76 60 127 60 127 91 76 91 120 91 127 60 120 60 115 60 115 92 120 92 128 92 115 93 128 93 117 93 126 60 129 60 0 60 0 94 129 94 130 94 0 95 130 95 131 95 132 60 34 60 133 60 133 60 34 60 134 60 132 96 135 96 34 96 34 97 135 97 136 97 34 98 136 98 137 98 34 99 138 99 100 99 123 60 139 60 76 60 76 100 139 100 140 100 76 60 140 60 0 60 0 101 140 101 141 101 0 102 141 102 124 102 131 103 142 103 0 103 0 104 142 104 143 104 0 60 143 60 34 60 34 105 143 105 144 105 34 106 144 106 134 106 137 107 145 107 34 107 34 108 145 108 146 108 34 109 146 109 138 109 102 60 147 60 100 60 100 110 147 110 148 110 100 60 148 60 34 60 34 111 148 111 149 111 34 112 149 112 87 112 150 113 151 113 152 113 153 113 154 113 155 113 155 114 154 114 152 114 155 113 152 113 156 113 156 115 152 115 151 115 153 113 157 113 154 113 154 116 157 116 158 116 154 117 158 117 159 117 160 113 161 113 154 113 162 113 163 113 154 113 154 118 163 118 164 118 154 119 164 119 165 119 166 113 167 113 168 113 169 120 170 120 171 120 171 121 170 121 172 121 171 122 172 122 173 122 167 113 174 113 168 113 168 123 174 123 175 123 168 124 175 124 176 124 176 113 177 113 168 113 168 125 177 125 178 125 168 113 178 113 171 113 171 126 178 126 179 126 171 127 179 127 169 127 180 128 181 128 152 128 152 129 181 129 182 129 182 113 183 113 152 113 152 130 183 130 184 130 152 131 184 131 185 131 161 132 186 132 154 132 154 133 186 133 187 133 154 134 187 134 188 134 173 135 189 135 171 135 171 136 189 136 190 136 171 137 190 137 191 137 192 113 193 113 194 113 159 113 195 113 154 113 154 138 195 138 196 138 154 139 196 139 160 139 191 113 197 113 171 113 171 140 197 140 198 140 171 113 198 113 152 113 152 141 198 141 199 141 152 142 199 142 180 142 200 113 201 113 168 113 168 143 201 143 202 143 168 144 202 144 166 144 162 113 154 113 203 113 203 145 154 145 188 145 203 113 188 113 194 113 194 146 188 146 204 146 194 147 204 147 192 147 152 148 205 148 206 148 165 113 207 113 154 113 154 149 207 149 208 149 154 113 208 113 168 113 168 150 208 150 209 150 168 151 209 151 200 151 193 113 210 113 194 113 194 152 210 152 211 152 194 153 211 153 212 153 185 154 213 154 214 154 214 155 215 155 185 155 185 156 215 156 216 156 185 157 216 157 217 157 206 158 218 158 152 158 152 159 218 159 219 159 152 160 219 160 150 160 217 113 220 113 185 113 185 161 220 161 221 161 185 162 221 162 152 162 152 163 221 163 222 163 152 164 222 164 205 164 212 165 223 165 194 165 194 113 223 113 224 113 194 113 224 113 185 113 185 113 224 113 225 113 185 113 225 113 213 113 226 166 227 166 228 166 229 166 230 166 152 166 152 167 230 167 231 167 232 168 233 168 234 168 234 169 233 169 235 169 234 170 235 170 236 170 237 171 238 171 239 171 239 172 238 172 240 172 239 166 240 166 241 166 242 173 243 173 244 173 244 174 243 174 245 174 241 175 246 175 239 175 239 176 246 176 247 176 239 177 247 177 248 177 249 166 250 166 234 166 234 178 250 178 251 178 152 179 252 179 238 179 231 166 253 166 152 166 152 180 253 180 254 180 152 181 254 181 243 181 243 182 254 182 255 182 243 183 255 183 245 183 242 166 256 166 243 166 243 184 256 184 257 184 243 185 257 185 258 185 243 166 259 166 234 166 234 186 259 186 260 186 234 187 260 187 232 187 236 166 261 166 234 166 234 188 261 188 262 188 234 189 262 189 263 189 264 166 265 166 154 166 154 190 265 190 266 190 152 191 267 191 268 191 268 166 269 166 152 166 152 192 269 192 270 192 152 193 270 193 271 193 237 166 272 166 238 166 238 194 272 194 273 194 238 166 273 166 152 166 152 195 273 195 274 195 152 196 274 196 229 196 258 166 275 166 243 166 243 197 275 197 276 197 243 198 276 198 259 198 248 166 277 166 239 166 239 199 277 199 278 199 239 166 278 166 279 166 279 200 278 200 228 200 279 166 228 166 280 166 280 166 228 166 227 166 251 201 281 201 234 201 234 202 281 202 282 202 234 203 282 203 283 203 284 166 285 166 154 166 271 166 286 166 152 166 152 204 286 204 287 204 152 205 287 205 252 205 263 206 288 206 234 206 234 207 288 207 289 207 234 166 289 166 249 166 249 208 289 208 290 208 249 166 290 166 228 166 228 209 290 209 291 209 228 210 291 210 226 210 285 166 292 166 154 166 154 211 292 211 293 211 154 212 293 212 264 212 266 166 294 166 154 166 154 213 294 213 295 213 154 166 295 166 152 166 152 214 295 214 296 214 152 215 296 215 267 215 283 166 297 166 234 166 234 216 297 216 298 216 234 166 298 166 154 166 154 217 298 217 299 217 154 218 299 218 284 218 300 60 243 60 17 60 17 60 243 60 234 60 17 219 234 219 7 219 7 60 234 60 301 60 302 2 168 2 76 2 76 2 168 2 171 2 76 2 171 2 80 2 80 2 171 2 303 2 304 220 303 220 171 220 305 220 306 220 152 220 152 221 306 221 307 221 307 222 308 222 152 222 152 223 308 223 309 223 152 224 309 224 310 224 311 220 312 220 152 220 152 220 312 220 313 220 152 225 313 225 305 225 310 220 314 220 152 220 152 226 314 226 315 226 152 227 315 227 316 227 316 228 317 228 152 228 152 229 317 229 318 229 152 230 318 230 171 230 171 220 318 220 319 220 171 220 319 220 304 220 300 231 320 231 243 231 243 232 320 232 321 232 243 220 321 220 152 220 152 233 321 233 322 233 152 234 322 234 311 234 80 235 303 235 323 235 323 236 303 236 304 236 323 237 304 237 324 237 324 238 304 238 319 238 324 239 319 239 325 239 325 240 319 240 318 240 325 241 318 241 326 241 326 242 318 242 317 242 326 243 317 243 327 243 327 244 317 244 316 244 327 245 316 245 328 245 328 246 316 246 315 246 328 247 315 247 329 247 329 248 315 248 314 248 329 249 314 249 330 249 330 250 314 250 310 250 330 251 310 251 331 251 331 251 310 251 309 251 331 252 309 252 332 252 332 253 309 253 308 253 332 254 308 254 333 254 333 255 308 255 307 255 333 256 307 256 334 256 334 257 307 257 306 257 334 258 306 258 335 258 335 259 306 259 305 259 335 260 305 260 336 260 336 261 305 261 313 261 336 262 313 262 337 262 337 263 313 263 312 263 337 264 312 264 338 264 338 265 312 265 311 265 338 266 311 266 339 266 339 267 311 267 322 267 339 268 322 268 340 268 340 269 322 269 321 269 340 270 321 270 341 270 341 271 321 271 320 271 341 272 320 272 17 272 17 273 320 273 300 273 34 274 80 274 323 274 332 275 333 275 34 275 323 275 324 275 34 275 34 276 324 276 325 276 34 277 325 277 326 277 333 275 334 275 34 275 34 275 334 275 335 275 34 278 335 278 336 278 326 275 327 275 34 275 34 279 327 279 328 279 34 280 328 280 329 280 329 275 330 275 34 275 34 281 330 281 331 281 34 282 331 282 332 282 336 275 337 275 34 275 34 283 337 283 338 283 34 275 338 275 339 275 339 275 340 275 34 275 34 275 340 275 341 275 34 275 341 275 17 275 302 284 76 284 342 284 342 236 76 236 343 236 342 237 343 237 344 237 344 238 343 238 345 238 344 239 345 239 346 239 346 240 345 240 347 240 346 242 347 242 348 242 348 241 347 241 349 241 348 243 349 243 350 243 350 285 349 285 351 285 350 245 351 245 352 245 352 246 351 246 353 246 352 247 353 247 354 247 354 286 353 286 355 286 354 287 355 287 356 287 356 288 355 288 357 288 356 289 357 289 358 289 358 251 357 251 359 251 358 252 359 252 360 252 360 253 359 253 361 253 360 254 361 254 362 254 362 255 361 255 363 255 362 256 363 256 364 256 364 290 363 290 365 290 364 258 365 258 366 258 366 259 365 259 367 259 366 260 367 260 368 260 368 291 367 291 369 291 368 292 369 292 370 292 370 263 369 263 371 263 370 264 371 264 372 264 372 265 371 265 373 265 372 267 373 267 374 267 374 266 373 266 375 266 374 268 375 268 376 268 376 269 375 269 377 269 376 271 377 271 378 271 378 270 377 270 379 270 378 272 379 272 301 272 301 273 379 273 7 273 378 275 301 275 234 275 362 275 364 275 154 275 362 275 154 275 360 275 302 275 342 275 168 275 168 293 342 293 344 293 168 275 344 275 154 275 154 294 344 294 346 294 154 295 346 295 348 295 364 275 366 275 154 275 154 296 366 296 368 296 154 297 368 297 370 297 348 298 350 298 154 298 154 275 350 275 352 275 154 299 352 299 354 299 354 275 356 275 154 275 154 300 356 300 358 300 154 301 358 301 360 301 370 302 372 302 154 302 154 303 372 303 374 303 154 275 374 275 234 275 234 304 374 304 376 304 234 305 376 305 378 305 343 220 76 220 0 220 343 306 0 306 345 306 0 220 7 220 379 220 367 307 365 307 0 307 0 308 365 308 363 308 379 220 377 220 0 220 0 309 377 309 375 309 0 220 375 220 373 220 373 220 371 220 0 220 0 220 371 220 369 220 0 310 369 310 367 310 363 220 361 220 0 220 0 311 361 311 359 311 0 312 359 312 357 312 357 313 355 313 0 313 0 314 355 314 353 314 0 315 353 315 351 315 351 316 349 316 0 316 0 317 349 317 347 317 0 318 347 318 345 318 272 319 49 319 273 319 273 320 49 320 73 320 273 321 73 321 274 321 274 322 73 322 46 322 274 323 46 323 229 323 229 324 46 324 45 324 229 325 45 325 230 325 230 326 45 326 44 326 230 327 44 327 231 327 231 328 44 328 33 328 231 329 33 329 253 329 253 330 33 330 32 330 253 331 32 331 254 331 254 332 32 332 43 332 254 333 43 333 255 333 255 334 43 334 42 334 255 335 42 335 245 335 245 336 42 336 41 336 245 337 41 337 244 337 244 338 41 338 31 338 244 339 31 339 242 339 242 340 31 340 30 340 242 341 30 341 256 341 256 342 30 342 29 342 256 343 29 343 257 343 257 344 29 344 22 344 257 345 22 345 258 345 258 346 22 346 21 346 258 347 21 347 275 347 275 348 21 348 20 348 275 349 20 349 276 349 276 350 20 350 19 350 276 351 19 351 259 351 259 352 19 352 18 352 259 353 18 353 260 353 260 354 18 354 6 354 260 355 6 355 232 355 232 355 6 355 5 355 232 356 5 356 233 356 233 357 5 357 28 357 233 358 28 358 235 358 235 359 28 359 27 359 235 360 27 360 236 360 236 361 27 361 26 361 236 362 26 362 261 362 261 363 26 363 40 363 261 364 40 364 262 364 262 365 40 365 39 365 262 366 39 366 263 366 263 366 39 366 38 366 263 367 38 367 288 367 288 368 38 368 37 368 288 369 37 369 289 369 289 369 37 369 54 369 289 370 54 370 290 370 290 371 54 371 53 371 290 372 53 372 291 372 291 373 53 373 52 373 291 374 52 374 226 374 226 374 52 374 25 374 226 375 25 375 227 375 227 376 25 376 24 376 227 377 24 377 280 377 280 378 24 378 23 378 280 379 23 379 279 379 279 380 23 380 4 380 279 381 4 381 239 381 239 382 4 382 3 382 239 383 3 383 237 383 237 384 3 384 58 384 237 385 58 385 272 385 272 385 58 385 49 385 295 386 1 386 296 386 296 387 1 387 50 387 296 388 50 388 267 388 267 389 50 389 51 389 267 323 51 323 268 323 268 324 51 324 70 324 268 390 70 390 269 390 269 391 70 391 69 391 269 392 69 392 270 392 270 393 69 393 57 393 270 394 57 394 271 394 271 395 57 395 56 395 271 396 56 396 286 396 286 397 56 397 55 397 286 398 55 398 287 398 287 399 55 399 36 399 287 400 36 400 252 400 252 401 36 401 35 401 252 337 35 337 238 337 238 338 35 338 68 338 238 402 68 402 240 402 240 403 68 403 67 403 240 404 67 404 241 404 241 405 67 405 66 405 241 406 66 406 246 406 246 407 66 407 65 407 246 408 65 408 247 408 247 409 65 409 64 409 247 347 64 347 248 347 248 348 64 348 63 348 248 410 63 410 277 410 277 411 63 411 75 411 277 412 75 412 278 412 278 413 75 413 74 413 278 353 74 353 228 353 228 354 74 354 72 354 228 355 72 355 249 355 249 355 72 355 71 355 249 414 71 414 250 414 250 415 71 415 48 415 250 416 48 416 251 416 251 417 48 417 47 417 251 360 47 360 281 360 281 361 47 361 62 361 281 418 62 418 282 418 282 419 62 419 61 419 282 420 61 420 283 420 283 421 61 421 60 421 283 422 60 422 297 422 297 422 60 422 59 422 297 423 59 423 298 423 298 424 59 424 16 424 298 369 16 369 299 369 299 369 16 369 15 369 299 425 15 425 284 425 284 425 15 425 14 425 284 426 14 426 285 426 285 427 14 427 13 427 285 428 13 428 292 428 292 428 13 428 12 428 292 429 12 429 293 429 293 430 12 430 11 430 293 431 11 431 264 431 264 432 11 432 10 432 264 433 10 433 265 433 265 434 10 434 9 434 265 381 9 381 266 381 266 382 9 382 8 382 266 435 8 435 294 435 294 436 8 436 2 436 294 437 2 437 295 437 295 437 2 437 1 437 224 438 115 438 225 438 225 439 115 439 113 439 225 440 113 440 213 440 213 441 113 441 112 441 213 442 112 442 214 442 214 443 112 443 96 443 214 444 96 444 215 444 215 445 96 445 95 445 215 446 95 446 216 446 216 447 95 447 94 447 216 448 94 448 217 448 217 449 94 449 83 449 217 450 83 450 220 450 220 451 83 451 82 451 220 452 82 452 221 452 221 453 82 453 100 453 221 454 100 454 222 454 222 454 100 454 138 454 222 455 138 455 205 455 205 456 138 456 146 456 205 457 146 457 206 457 206 458 146 458 145 458 206 459 145 459 218 459 218 460 145 460 137 460 218 461 137 461 219 461 219 462 137 462 136 462 219 463 136 463 150 463 150 464 136 464 135 464 150 465 135 465 151 465 151 466 135 466 132 466 151 467 132 467 156 467 156 468 132 468 133 468 156 469 133 469 155 469 155 470 133 470 134 470 155 471 134 471 153 471 153 471 134 471 144 471 153 472 144 472 157 472 157 473 144 473 143 473 157 474 143 474 158 474 158 475 143 475 142 475 158 476 142 476 159 476 159 477 142 477 131 477 159 478 131 478 195 478 195 479 131 479 130 479 195 480 130 480 196 480 196 481 130 481 129 481 196 482 129 482 160 482 160 483 129 483 126 483 160 484 126 484 161 484 161 485 126 485 125 485 161 486 125 486 186 486 186 487 125 487 124 487 186 488 124 488 187 488 187 489 124 489 141 489 187 490 141 490 188 490 188 490 141 490 140 490 188 491 140 491 204 491 204 492 140 492 139 492 204 493 139 493 192 493 192 494 139 494 123 494 192 495 123 495 193 495 193 496 123 496 122 496 193 497 122 497 210 497 210 498 122 498 121 498 210 499 121 499 211 499 211 500 121 500 86 500 211 501 86 501 212 501 212 502 86 502 85 502 212 503 85 503 223 503 223 503 85 503 127 503 223 504 127 504 224 504 224 505 127 505 115 505 178 439 77 439 179 439 179 439 77 439 79 439 179 506 79 506 169 506 169 441 79 441 81 441 169 507 81 507 170 507 170 508 81 508 93 508 170 509 93 509 172 509 172 445 93 445 92 445 172 446 92 446 173 446 173 510 92 510 91 510 173 511 91 511 189 511 189 512 91 512 105 512 189 513 105 513 190 513 190 514 105 514 104 514 190 515 104 515 191 515 191 452 104 452 103 452 191 454 103 454 197 454 197 516 103 516 111 516 197 456 111 456 198 456 198 455 111 455 110 455 198 517 110 517 199 517 199 457 110 457 109 457 199 518 109 518 180 518 180 519 109 519 90 519 180 520 90 520 181 520 181 462 90 462 89 462 181 521 89 521 182 521 182 464 89 464 88 464 182 522 88 522 183 522 183 466 88 466 87 466 183 467 87 467 184 467 184 468 87 468 149 468 184 523 149 523 185 523 185 470 149 470 148 470 185 471 148 471 194 471 194 471 148 471 147 471 194 472 147 472 203 472 203 473 147 473 102 473 203 474 102 474 162 474 162 524 102 524 101 524 162 476 101 476 163 476 163 477 101 477 84 477 163 478 84 478 164 478 164 525 84 525 114 525 164 480 114 480 165 480 165 526 114 526 116 526 165 482 116 482 207 482 207 527 116 527 117 527 207 485 117 485 208 485 208 528 117 528 128 528 208 487 128 487 209 487 209 529 128 529 120 529 209 489 120 489 200 489 200 488 120 488 119 488 200 530 119 530 201 530 201 490 119 490 118 490 201 492 118 492 202 492 202 531 118 531 108 531 202 532 108 532 166 532 166 493 108 493 107 493 166 533 107 533 167 533 167 534 107 534 106 534 167 535 106 535 174 535 174 498 106 498 99 498 174 499 99 499 175 499 175 536 99 536 98 536 175 537 98 537 176 537 176 501 98 501 97 501 176 503 97 503 177 503 177 538 97 538 78 538 177 504 78 504 178 504 178 539 78 539 77 539</p>
        </triangles>
      </mesh>
    </geometry>
    <geometry id="MMO_700_dual_-_bracket_single-3-mesh" name="MMO_700_dual - bracket_single-3">
      <mesh>
        <source id="MMO_700_dual_-_bracket_single-3-mesh-positions">
          <float_array id="MMO_700_dual_-_bracket_single-3-mesh-positions-array" count="1140">0.317105 0.38211 0.7789515 0.329105 0.36961 0.7789515 0.3291658 0.3703046 0.7789515 0.3743462 0.3709781 0.7789515 0.3746409 0.37161 0.7789515 0.3820442 0.3703046 0.7789515 0.382105 0.36961 0.7789515 0.395105 0.38211 0.7789515 0.3293462 0.3709781 0.7789515 0.3296409 0.37161 0.7789515 0.3300408 0.3721811 0.7789515 0.3305339 0.3726742 0.7789515 0.331105 0.3730741 0.7789515 0.3317369 0.3733687 0.7789515 0.3324104 0.3735492 0.7789515 0.333105 0.37361 0.7789515 0.3337996 0.3735492 0.7789515 0.395105 0.35711 0.7789515 0.3820442 0.3689154 0.7789515 0.3818638 0.3682419 0.7789515 0.3815691 0.36761 0.7789515 0.3811691 0.3670389 0.7789515 0.3806762 0.3665458 0.7789515 0.3750408 0.3721811 0.7789515 0.3755338 0.3726742 0.7789515 0.376105 0.3730741 0.7789515 0.3811691 0.3721811 0.7789515 0.3815691 0.37161 0.7789515 0.3818638 0.3709781 0.7789515 0.380105 0.3661459 0.7789515 0.3794731 0.3658512 0.7789515 0.3787996 0.3656708 0.7789515 0.376105 0.3661459 0.7789515 0.3755338 0.3665458 0.7789515 0.317105 0.35711 0.7789515 0.333105 0.36561 0.7789515 0.3324104 0.3656708 0.7789515 0.3787996 0.3735492 0.7789515 0.3794731 0.3733687 0.7789515 0.380105 0.3730741 0.7789515 0.3806762 0.3726742 0.7789515 0.378105 0.36561 0.7789515 0.3774104 0.3656708 0.7789515 0.3767369 0.3658512 0.7789515 0.3750408 0.3670389 0.7789515 0.3746409 0.36761 0.7789515 0.3743462 0.3682419 0.7789515 0.3365691 0.37161 0.7789515 0.3368638 0.3709781 0.7789515 0.374105 0.36961 0.7789515 0.3291658 0.3689154 0.7789515 0.3293462 0.3682419 0.7789515 0.3767369 0.3733687 0.7789515 0.3774104 0.3735492 0.7789515 0.378105 0.37361 0.7789515 0.3317369 0.3658512 0.7789515 0.331105 0.3661459 0.7789515 0.3305339 0.3665458 0.7789515 0.3741658 0.3703046 0.7789515 0.3344731 0.3733687 0.7789515 0.335105 0.3730741 0.7789515 0.3356761 0.3726742 0.7789515 0.3361692 0.3721811 0.7789515 0.3365691 0.36761 0.7789515 0.3361692 0.3670389 0.7789515 0.3356761 0.3665458 0.7789515 0.335105 0.3661459 0.7789515 0.3344731 0.3658512 0.7789515 0.3337996 0.3656708 0.7789515 0.3300408 0.3670389 0.7789515 0.3296409 0.36761 0.7789515 0.3370442 0.3703046 0.7789515 0.337105 0.36961 0.7789515 0.3741658 0.3689154 0.7789515 0.3370442 0.3689154 0.7789515 0.3368638 0.3682419 0.7789515 0.317105 0.38211 0.8569515 0.317105 0.36961 0.8449515 0.317105 0.3703046 0.8448907 0.317105 0.3689154 0.8448907 0.317105 0.35711 0.8569515 0.317105 0.3682419 0.8447103 0.317105 0.3658512 0.7973196 0.317105 0.3661459 0.7979515 0.317105 0.37161 0.8374874 0.317105 0.3709781 0.7997103 0.317105 0.37161 0.7994156 0.317105 0.36761 0.8374874 0.317105 0.3670389 0.8378874 0.317105 0.3665458 0.8383803 0.317105 0.3661459 0.8389515 0.317105 0.3665458 0.8435227 0.317105 0.3670389 0.8440157 0.317105 0.36761 0.8444156 0.317105 0.3665458 0.7985227 0.317105 0.3670389 0.7990157 0.317105 0.36761 0.7994156 0.317105 0.3709781 0.8447103 0.317105 0.37161 0.8444156 0.317105 0.3721811 0.8440157 0.317105 0.3656708 0.7966461 0.317105 0.3709781 0.8371927 0.317105 0.3703046 0.8370123 0.317105 0.3656708 0.8416461 0.317105 0.3658512 0.8423196 0.317105 0.3661459 0.8429515 0.317105 0.3726742 0.8435227 0.317105 0.3730741 0.8429515 0.317105 0.3733687 0.8423196 0.317105 0.3658512 0.8395834 0.317105 0.3656708 0.8402569 0.317105 0.36561 0.8409515 0.317105 0.3682419 0.7997103 0.317105 0.3689154 0.7998908 0.317105 0.3721811 0.8378874 0.317105 0.36961 0.7999515 0.317105 0.3726742 0.8383803 0.317105 0.3730741 0.8389515 0.317105 0.3735492 0.8416461 0.317105 0.37361 0.8409515 0.317105 0.3735492 0.8402569 0.317105 0.3721811 0.7990157 0.317105 0.3726742 0.7985227 0.317105 0.3730741 0.7979515 0.317105 0.3735492 0.7952569 0.317105 0.3733687 0.7945834 0.317105 0.3730741 0.7939515 0.317105 0.3703046 0.7998908 0.317105 0.3733687 0.8395834 0.317105 0.3726742 0.7933804 0.317105 0.3721811 0.7928873 0.317105 0.37161 0.7924874 0.317105 0.36761 0.7924874 0.317105 0.3682419 0.7921928 0.317105 0.3689154 0.7920123 0.317105 0.3670389 0.7928873 0.317105 0.3665458 0.7933804 0.317105 0.3661459 0.7939515 0.317105 0.36561 0.7959515 0.317105 0.3733687 0.7973196 0.317105 0.3735492 0.7966461 0.317105 0.37361 0.7959515 0.317105 0.3709781 0.7921928 0.317105 0.3703046 0.7920123 0.317105 0.36961 0.7919515 0.317105 0.3658512 0.7945834 0.317105 0.3656708 0.7952569 0.317105 0.36961 0.8369515 0.317105 0.3689154 0.8370123 0.317105 0.3682419 0.8371927 0.305105 0.3670389 0.7928873 0.305105 0.36761 0.7924874 0.305105 0.35211 0.7669515 0.305105 0.36961 0.7919515 0.305105 0.38711 0.7669515 0.305105 0.3689154 0.7920123 0.305105 0.3682419 0.7921928 0.305105 0.3703046 0.7920123 0.305105 0.3709781 0.7921928 0.305105 0.37161 0.7924874 0.305105 0.3730741 0.7939515 0.305105 0.3733687 0.7945834 0.305105 0.3709781 0.8371927 0.305105 0.37161 0.8374874 0.305105 0.3721811 0.8378874 0.305105 0.3726742 0.8383803 0.305105 0.3730741 0.8429515 0.305105 0.3726742 0.8435227 0.305105 0.38711 0.8569515 0.305105 0.3682419 0.8447103 0.305105 0.36761 0.8444156 0.305105 0.35211 0.8569515 0.305105 0.3670389 0.8440157 0.305105 0.3665458 0.8435227 0.305105 0.3721811 0.8440157 0.305105 0.37161 0.8444156 0.305105 0.3709781 0.8447103 0.305105 0.3703046 0.8448907 0.305105 0.36961 0.8449515 0.305105 0.3689154 0.8448907 0.305105 0.3661459 0.8389515 0.305105 0.3665458 0.8383803 0.305105 0.3670389 0.8378874 0.305105 0.36761 0.8374874 0.305105 0.3682419 0.8371927 0.305105 0.3689154 0.8370123 0.305105 0.3735492 0.7952569 0.305105 0.37361 0.7959515 0.305105 0.3735492 0.7966461 0.305105 0.3661459 0.8429515 0.305105 0.3658512 0.8423196 0.305105 0.3656708 0.8416461 0.305105 0.3730741 0.7979515 0.305105 0.3726742 0.7985227 0.305105 0.36961 0.8369515 0.305105 0.3721811 0.7928873 0.305105 0.3726742 0.7933804 0.305105 0.36561 0.8409515 0.305105 0.3656708 0.8402569 0.305105 0.3658512 0.8395834 0.305105 0.37361 0.8409515 0.305105 0.3735492 0.8416461 0.305105 0.3733687 0.8423196 0.305105 0.3703046 0.8370123 0.305105 0.3733687 0.7973196 0.305105 0.3656708 0.7952569 0.305105 0.3658512 0.7945834 0.305105 0.3730741 0.8389515 0.305105 0.3733687 0.8395834 0.305105 0.3735492 0.8402569 0.305105 0.3721811 0.7990157 0.305105 0.37161 0.7994156 0.305105 0.3709781 0.7997103 0.305105 0.3682419 0.7997103 0.305105 0.36761 0.7994156 0.305105 0.3670389 0.7990157 0.305105 0.3665458 0.7985227 0.305105 0.3661459 0.7979515 0.305105 0.3661459 0.7939515 0.305105 0.3665458 0.7933804 0.305105 0.3658512 0.7973196 0.305105 0.3656708 0.7966461 0.305105 0.36561 0.7959515 0.305105 0.3703046 0.7998908 0.305105 0.36961 0.7999515 0.305105 0.3689154 0.7998908 0.376105 0.3730741 0.7669515 0.3755338 0.3726742 0.7669515 0.337105 0.36961 0.7669515 0.3746409 0.36761 0.7669515 0.3750408 0.3670389 0.7669515 0.3755338 0.3665458 0.7669515 0.3820442 0.3703046 0.7669515 0.3818638 0.3709781 0.7669515 0.395105 0.38711 0.7669515 0.3815691 0.37161 0.7669515 0.3811691 0.3721811 0.7669515 0.3741658 0.3703046 0.7669515 0.3337996 0.3656708 0.7669515 0.3743462 0.3709781 0.7669515 0.3344731 0.3658512 0.7669515 0.335105 0.3661459 0.7669515 0.3794731 0.3658512 0.7669515 0.395105 0.35211 0.7669515 0.3787996 0.3656708 0.7669515 0.378105 0.36561 0.7669515 0.3356761 0.3665458 0.7669515 0.3361692 0.3670389 0.7669515 0.3365691 0.36761 0.7669515 0.3370442 0.3703046 0.7669515 0.3368638 0.3709781 0.7669515 0.3365691 0.37161 0.7669515 0.333105 0.36561 0.7669515 0.376105 0.3661459 0.7669515 0.3767369 0.3658512 0.7669515 0.3774104 0.3656708 0.7669515 0.380105 0.3661459 0.7669515 0.3806762 0.3665458 0.7669515 0.3811691 0.3670389 0.7669515 0.3820442 0.3689154 0.7669515 0.382105 0.36961 0.7669515 0.3806762 0.3726742 0.7669515 0.380105 0.3730741 0.7669515 0.3794731 0.3733687 0.7669515 0.3300408 0.3721811 0.7669515 0.3296409 0.37161 0.7669515 0.3293462 0.3709781 0.7669515 0.3293462 0.3682419 0.7669515 0.3296409 0.36761 0.7669515 0.3300408 0.3670389 0.7669515 0.3305339 0.3665458 0.7669515 0.331105 0.3661459 0.7669515 0.374105 0.36961 0.7669515 0.3741658 0.3689154 0.7669515 0.3743462 0.3682419 0.7669515 0.3815691 0.36761 0.7669515 0.3818638 0.3682419 0.7669515 0.3368638 0.3682419 0.7669515 0.3370442 0.3689154 0.7669515 0.3746409 0.37161 0.7669515 0.3750408 0.3721811 0.7669515 0.3361692 0.3721811 0.7669515 0.3356761 0.3726742 0.7669515 0.335105 0.3730741 0.7669515 0.3324104 0.3735492 0.7669515 0.3317369 0.3733687 0.7669515 0.3317369 0.3658512 0.7669515 0.3324104 0.3656708 0.7669515 0.3787996 0.3735492 0.7669515 0.378105 0.37361 0.7669515 0.3774104 0.3735492 0.7669515 0.3767369 0.3733687 0.7669515 0.331105 0.3730741 0.7669515 0.3305339 0.3726742 0.7669515 0.3291658 0.3703046 0.7669515 0.329105 0.36961 0.7669515 0.3291658 0.3689154 0.7669515 0.3344731 0.3733687 0.7669515 0.3337996 0.3735492 0.7669515 0.333105 0.37361 0.7669515 0.395105 0.35211 0.7789515 0.395105 0.38711 0.7789515 0.317105 0.38711 0.8569515 0.317105 0.35211 0.8569515 0.3173454 0.35211 0.8508317 0.3543501 0.35211 0.7904456 0.3492578 0.35211 0.7938482 0.344448 0.35211 0.7976399 0.3399507 0.35211 0.8017972 0.3357933 0.35211 0.8062946 0.3320017 0.35211 0.8111042 0.3710017 0.35211 0.7827691 0.3652557 0.35211 0.7848889 0.3596937 0.35211 0.787453 0.328599 0.35211 0.8161966 0.3256065 0.35211 0.8215402 0.3230424 0.35211 0.8271022 0.3209226 0.35211 0.8328482 0.3192601 0.35211 0.8387427 0.3180653 0.35211 0.8447496 0.3889852 0.35211 0.779192 0.3829031 0.35211 0.7799118 0.3768963 0.35211 0.7811067 0.3173454 0.35711 0.8508317 0.3180653 0.35711 0.8447496 0.3192601 0.35711 0.8387427 0.3209226 0.35711 0.8328482 0.3230424 0.35711 0.8271022 0.3256065 0.35711 0.8215402 0.328599 0.35711 0.8161966 0.3320017 0.35711 0.8111042 0.3357933 0.35711 0.8062946 0.3399507 0.35711 0.8017972 0.344448 0.35711 0.7976399 0.3492578 0.35711 0.7938482 0.3543501 0.35711 0.7904456 0.3596937 0.35711 0.787453 0.3652557 0.35711 0.7848889 0.3710017 0.35711 0.7827691 0.3768963 0.35711 0.7811067 0.3829031 0.35711 0.7799118 0.3889852 0.35711 0.779192 0.3173454 0.38711 0.8508317 0.3173454 0.38211 0.8508317 0.3180653 0.38711 0.8447496 0.3180653 0.38211 0.8447496 0.3192601 0.38711 0.8387427 0.3192601 0.38211 0.8387427 0.3209226 0.38711 0.8328482 0.3209226 0.38211 0.8328482 0.3230424 0.38711 0.8271022 0.3230424 0.38211 0.8271022 0.3256065 0.38711 0.8215402 0.3256065 0.38211 0.8215402 0.328599 0.38711 0.8161966 0.328599 0.38211 0.8161966 0.3320017 0.38711 0.8111042 0.3320017 0.38211 0.8111042 0.3357933 0.38711 0.8062946 0.3357933 0.38211 0.8062946 0.3399507 0.38711 0.8017972 0.3399507 0.38211 0.8017972 0.344448 0.38711 0.7976399 0.344448 0.38211 0.7976399 0.3492578 0.38711 0.7938482 0.3492578 0.38211 0.7938482 0.3543501 0.38711 0.7904456 0.3543501 0.38211 0.7904456 0.3596937 0.38711 0.787453 0.3596937 0.38211 0.787453 0.3652557 0.38711 0.7848889 0.3652557 0.38211 0.7848889 0.3710017 0.38711 0.7827691 0.3710017 0.38211 0.7827691 0.3768963 0.38711 0.7811067 0.3768963 0.38211 0.7811067 0.3829031 0.38711 0.7799118 0.3829031 0.38211 0.7799118 0.3889852 0.38711 0.779192 0.3889852 0.38211 0.779192</float_array>
          <technique_common>
            <accessor source="#MMO_700_dual_-_bracket_single-3-mesh-positions-array" count="380" stride="3">
              <param name="X" type="float"/>
              <param name="Y" type="float"/>
              <param name="Z" type="float"/>
            </accessor>
          </technique_common>
        </source>
        <source id="MMO_700_dual_-_bracket_single-3-mesh-normals">
          <float_array id="MMO_700_dual_-_bracket_single-3-mesh-normals-array" count="1593">-1.53593e-4 0 1 2.65573e-5 0 1 1.90259e-4 0 1 0 0 1 9.5113e-5 0 1 -6.66129e-5 0 1 8.26173e-5 0 1 -5.41016e-6 0 1 -4.14275e-5 0 1 1.28028e-4 0 1 -1.78506e-4 0 1 -5.73122e-6 0 1 1.5461e-4 0 1 -3.19622e-5 0 1 6.3429e-5 0 1 -3.95755e-5 0 1 -2.51256e-5 0 1 1.39185e-5 0 1 -2.02452e-6 0 1 -8.99566e-5 0 1 -2.13091e-5 0 1 5.45848e-5 0 1 3.00826e-5 0 1 1.35465e-4 0 1 5.21601e-6 0 1 -3.95805e-5 0 1 -1.34264e-4 0 1 1.80722e-4 0 1 -1.57358e-5 0 1 -2.39404e-5 0 1 -2.04166e-5 0 1 2.36076e-5 0 1 1.00652e-5 0 1 -1.57327e-5 0 1 1.80759e-4 0 1 -1.26911e-4 0 1 -5.62233e-5 0 1 1.0819e-5 0 1 -3.19603e-6 0 1 5.66951e-5 0 1 -6.25649e-6 0 1 -8.46113e-6 0 1 -1.60586e-5 0 1 8.53005e-6 0 1 9.51495e-5 0 1 -1.7847e-4 0 1 -6.6617e-5 0 1 8.45468e-5 0 1 1 2.32012e-5 0 1 0 0 1 4.54215e-5 0 1 9.44242e-5 0 1 -9.89903e-5 0 1 2.05734e-5 0 1 8.2631e-5 0 1 -1.02468e-5 0 1 -1.5851e-5 0 1 8.70689e-6 0 1 -2.60043e-5 0 1 -4.54215e-5 0 1 1.58512e-5 0 1 1.02468e-5 0 1 7.25833e-6 0 1 8.28414e-6 0 1 -1.09206e-4 0 1 3.25484e-5 0 1 -5.13911e-5 0 1 -8.2631e-5 0 1 5.13911e-5 0 1 -3.2548e-5 0 1 1.85046e-4 0 1 -4.18422e-6 0 1 4.721e-5 0 1 3.38622e-5 0 1 4.42381e-5 0 1 -2.27783e-5 0 1 1.06832e-4 0 1 1.09206e-4 0 1 -3.38622e-5 0 1 -4.721e-5 0 1 -4.34927e-6 0 1 2.29845e-5 0 1 -3.19606e-6 0 1 -6.59685e-5 0 1 1.32285e-4 0 1 -7.50802e-5 0 1 -1.23683e-5 0 1 9.75753e-6 0 1 -7.99616e-5 0 1 1.23683e-5 0 1 1.31448e-4 0 1 3.49627e-6 0 1 1.39474e-6 0 1 -1.31448e-4 0 1 -3.35653e-5 0 1 7.99616e-5 0 1 -1.53163e-5 0 1 -8.70976e-5 0 1 7.35801e-5 0 1 -6.68416e-6 0 1 3.35653e-5 0 1 2.55123e-5 0 1 -5.2938e-6 0 1 4.21122e-5 0 -1 4.48109e-5 0 -1 0 0 -1 8.40456e-6 0 -1 -7.02887e-6 0 -1 1.10705e-4 0 -1 -1.15825e-5 0 -1 2.19994e-5 0 -1 -3.72856e-5 0 -1 5.4462e-6 0 -1 -5.4462e-6 0 -1 2.21371e-5 0 -1 -4.17502e-5 0 -1 -7.74042e-7 0 -1 7.74185e-7 0 -1 2.21786e-5 0 -1 -2.19994e-5 0 -1 3.84971e-6 0 -1 -2.28929e-5 0 -1 2.09045e-5 0 -1 -9.55051e-5 0 -1 -3.35945e-5 0 -1 6.85049e-5 0 -1 -2.88923e-6 0 -1 -3.0936e-6 0 -1 -2.77055e-5 0 -1 -5.20619e-6 0 -1 1.74119e-5 0 -1 -6.85049e-5 0 -1 3.35894e-5 0 -1 -4.1296e-6 0 -1 6.59674e-5 0 -1 -1.63788e-4 0 -1 -5.63052e-5 0 -1 5.31342e-5 0 -1 -1.74098e-5 0 -1 1.90204e-5 0 -1 2.77055e-5 0 -1 2.11518e-5 0 -1 -8.17853e-6 0 -1 8.09388e-6 0 -1 3.26865e-6 0 -1 4.14577e-6 0 -1 -1.10705e-4 0 -1 3.09348e-6 0 -1 2.88923e-6 0 -1 -2.16907e-4 0 -1 4.1296e-6 0 -1 9.55051e-5 0 -1 -2.09045e-5 0 -1 1.9676e-5 0 -1 -1.96125e-5 0 -1 -6.69349e-6 0 0 0 -1 -1.25206e-5 0 -1 -8.87215e-6 0 -1 -4.17855e-6 0 -1 -7.77387e-6 0 -1 6.83915e-5 0 -1 -1.54261e-4 0 -1 -3.60023e-5 0 -1 3.44845e-6 0 -1 -2.87725e-6 0 -1 -2.80135e-6 0 -1 -1.23214e-5 0 -1 5.11509e-5 0 -1 -5.07985e-5 0 -1 1.61682e-4 0 -1 1.13354e-5 0 -1 1.40144e-4 0 -1 -8.72167e-5 0 -1 3.68102e-5 0 -1 4.07467e-6 0 -1 -7.30797e-5 0 -1 3.46003e-5 0 -1 -1.66142e-5 0 -1 3.94166e-5 0 -1 5.79965e-6 0 -1 4.92999e-5 0 -1 -2.66536e-5 0 -1 6.6376e-5 0 -1 4.12333e-6 0 -1 -7.04892e-6 0 -1 2.04e-5 0 -1 -7.54147e-5 0 -1 2.95261e-5 0 -1 4.70391e-6 0 -1 4.48586e-6 0 -1 1.43864e-5 0 -1 -7.27347e-6 0 -1 1.32468e-4 0 -1 -1.12676e-4 0 -1 6.83162e-5 0 -1 8.53798e-6 0 -1 -1.54238e-4 0 -1 -9.08623e-6 0 -1 1.86966e-6 0 -1 4.73071e-4 0 -0.9999999 6.29937e-6 0 -1 -6.25657e-6 0 -1 1.26458e-5 0 -1 -2.66543e-5 0 -1 -1.96933e-5 0 -1 -7.2219e-5 0 -1 -1.81549e-5 0 -1 -4.75477e-5 0 -1 -1.23245e-5 0 -1 8.53852e-6 0 -1 -6.20881e-6 0 1 0 -1 0 0 -1 -6.48555e-6 0 -1 1.56904e-6 0 -1 6.17631e-6 0 -1 -4.63223e-6 0 -1 4.70717e-6 0 -1 5.97192e-6 0 -1 1.70628e-6 0 -1 -2.74994e-6 0 -1 2.87041e-6 0 -1 -2.75989e-6 0 -1 -1.66208e-6 0 -1 3.19376e-6 0 -1 -5.45247e-6 0 -1 -4.59264e-6 0.999229 0 0.03925973 0.9992291 0 0.03925853 0.9930683 0 0.1175397 0.9807844 0 0.1950951 0.9807863 0 0.1950852 0.962455 0 0.2714413 0.938193 0 0.3461124 0.9381894 0 0.3461223 0.9081459 0 0.4186539 0.9081406 0 0.4186654 0.8725007 0 0.4886129 0.8724935 0 0.4886258 0.8314639 0 0.555579 0.8314732 0 0.5555649 0.7853196 0 0.6190907 0.7853079 0 0.6191055 0.7343352 0 0.6787871 0.7343211 0 0.6788023 0.6787903 0 0.7343323 0.6788105 0 0.7343136 0.6190897 0 0.7853204 0.619086 0 0.7853232 0.5555807 0 0.8314626 0.5555562 0 0.8314791 0.4886399 0 0.8724855 0.4886168 0 0.8724985 0.4186628 0 0.9081419 0.4186377 0 0.9081534 0.3461542 0 0.9381777 0.3461056 0 0.9381957 0.2714338 0 0.9624571 0.2714378 0 0.9624561 0.1950984 0 0.9807837 0.1950837 0 0.9807866 0.1175453 0 0.9930676 0.117532 0 0.9930691 0.03926295 0 0.999229 0.03924775 0 0.9992296 0 1 0 0 1 -9.4205e-6 0 1 6.89773e-7 0 1 -1.03849e-6 0 1 2.51353e-6 0 1 -1.34679e-6 0 1 2.3551e-6 0 1 2.73541e-5 0 1 -2.90772e-5 0 1 4.41457e-5 0 1 -8.75221e-6 0 1 -9.93161e-5 0.9930685 0 0.1175377 0.9081474 0 0.4186508 0.9081391 0 0.4186685 0.8724967 0 0.4886201 0.8314674 0 0.5555737 0.7853041 0 0.6191102 0.5555772 0 0.8314651 0.5555597 0 0.8314768 0.4886432 0 0.8724838 0.4886136 0 0.8725004 0.4186319 0 0.908156 0.3461007 0 0.9381974 0.117547 0 0.9930673 0.1175302 0 0.9930693 0 1 -6.17631e-6 0 1 -8.3104e-7 0 1 6.8155e-7 0 1 -1.14816e-6 0 1 6.82505e-6 0 1 -3.66666e-6 0 1 4.26569e-6 0 1 7.72039e-7 0 1 -1.14816e-5 0 1 2.19313e-6 0 1 7.35975e-6 0 -1 4.96581e-5 0 -1 -2.40575e-6 0 -1 -7.00177e-5 0 -1 5.51822e-6 0 -1 1.66155e-5 0 -1 -2.97574e-6 0 -1 -2.69359e-6 0 -1 -1.17755e-6 0 -1 1.20289e-6 0 -1 -5.02699e-6 0 -1 2.69362e-6 0 -1 1.48784e-6 0 -1 -1.70966e-6 0 -1 -6.89773e-7 0.9961946 0.08715796 0 0.9659045 0.258899 0 0.965962 0.2586844 0 0.9062929 0.4226505 0 0.9062941 0.4226478 0 0.8191545 0.573573 0 0.819159 0.5735664 0 0.7070789 0.7071346 0 0.7071381 0.7070755 0 0.5735558 0.8191667 0 0.5736127 0.8191267 0 0.4226107 0.9063113 0 0.4226136 0.9063101 0 0.2588047 0.9659297 0 0.08715051 0.9961951 0 -0.08716022 0.9961944 0 -0.08715051 0.9961951 0 -0.2588325 0.9659222 0 -0.2587769 0.9659372 0 -0.4226107 0.9063113 0 -0.4225709 0.9063299 0 -0.5736081 0.8191301 0 -0.5736127 0.8191267 0 -0.7071346 0.7070789 0 -0.7070825 0.7071312 0 -0.8191545 0.573573 0 -0.819159 0.5735664 0 -0.9063354 0.422559 0 -0.9062941 0.4226478 0 -0.9659045 0.258899 0 -0.9659342 0.2587882 0 -0.9962043 0.08704751 0 -0.9961849 0.08726841 0 -0.9961853 -0.08726477 0 -0.9962046 -0.08704268 0 -0.9659304 -0.2588022 0 -0.9659025 -0.258906 0 -0.9063016 -0.4226319 0 -0.9063441 -0.4225404 0 -0.8191545 -0.573573 0 -0.819159 -0.5735664 0 -0.7070789 -0.7071346 0 -0.7071381 -0.7070755 0 -0.57358 -0.8191496 0 -0.5735847 -0.8191463 0 -0.4226052 -0.906314 0 -0.4226478 -0.9062941 0 -0.2587769 -0.9659372 0 -0.2588325 -0.9659222 0 -0.08715051 -0.9961951 0 -0.08716022 -0.9961944 0 0.08715051 -0.9961951 0 0.2588047 -0.9659297 0 0.4226478 -0.9062941 0 0.57358 -0.8191496 0 0.5735324 -0.8191829 0 0.7071346 -0.7070789 0 0.7070825 -0.7071312 0 0.8191545 -0.573573 0 0.819159 -0.5735664 0 0.9063016 -0.4226319 0 0.9659582 -0.2586983 0 0.9659025 -0.258906 0 0.9961949 -0.08715432 0 0.996195 -0.08715313 0 0.9659323 0.2587952 0 0.9659342 0.2587882 0 0.9063367 0.4225564 0 0.8191022 0.5736477 0 0.7071346 0.7070789 0 0.7070825 0.7071312 0 0.5736081 0.8191301 0 0.4225709 0.9063299 0 0.08716022 0.9961944 0 -0.08714085 0.9961961 0 -0.2588047 0.9659297 0 -0.7070789 0.7071346 0 -0.7071381 0.7070755 0 -0.8191022 0.5736477 0 -0.8192113 0.5734918 0 -0.9062929 0.4226505 0 -0.9659323 0.2587952 0 -0.9659063 0.2588921 0 -0.9961946 0.08715796 0 -0.9962045 -0.08704388 0 -0.996195 -0.08715313 0 -0.8192067 -0.5734983 0 -0.8191068 -0.5736411 0 -0.7071346 -0.7070789 0 -0.7070825 -0.7071312 0 -0.2588047 -0.9659297 0 -0.08714085 -0.9961961 0 0.08716022 -0.9961944 0 0.4226052 -0.906314 0 0.5735847 -0.8191463 0 0.7070789 -0.7071346 0 0.7071381 -0.7070755 0 0.8191068 -0.5736411 0 0.9063441 -0.4225404 0 0.9659304 -0.2588022 0 0 0.08711791 -0.996198 0 0.08710783 -0.9961989 0 0.2588723 -0.9659116 0 0.258815 -0.965927 0 0.4226478 -0.9062941 0 0.4226464 -0.9062947 0 0.5735543 -0.8191676 0 0.573552 -0.8191692 0 0.7071015 -0.707112 0 0.7071555 -0.7070581 0 0.8190907 -0.573664 0 0.8191407 -0.5735926 0 0.9063441 -0.4225404 0 0.9063003 -0.4226345 0 0.9659028 -0.2589051 0 0.9659579 -0.2586992 0 0.9961953 -0.08715009 0 0.9961951 -0.08715099 0 0.9961946 0.08715796 0 0.9659584 0.2586974 0 0.9659023 0.2589069 0 0.9063016 0.4226319 0 0.9063429 0.4225431 0 0.8191431 0.5735894 0 0.8190884 0.5736673 0 0.7071572 0.7070564 0 0.7070999 0.7071138 0 0.5736116 0.8191275 0 0.5736081 0.8191301 0 0.4225778 0.9063267 0 0.4225749 0.906328 0 0.2588166 0.9659265 0 0.2588707 0.965912 0 0.08719325 0.9961915 0 0.08720207 0.9961907 0 -0.08719325 0.9961915 0 -0.08719241 0.9961916 0 -0.2588444 0.9659191 0 -0.2588707 0.965912 0 -0.4225352 0.9063466 0 -0.4225749 0.906328 0 -0.5736116 0.8191275 0 -0.5735558 0.8191667 0 -0.7071572 0.7070564 0 -0.7070999 0.7071138 0 -0.8191431 0.5735894 0 -0.8191407 0.5735926 0 -0.9063016 0.4226319 0 -0.9063003 0.4226345 0 -0.9659584 0.2586974 0 -0.9659023 0.2589069 0 -0.9961946 0.08715796 0 -0.9961953 -0.08715009 0 -0.9961951 -0.08715099 0 -0.9659028 -0.2589051 0 -0.9659579 -0.2586992 0 -0.9063016 -0.4226319 0 -0.9063003 -0.4226345 0 -0.8191431 -0.5735894 0 -0.8191407 -0.5735926 0 -0.7071015 -0.707112 0 -0.7071555 -0.7070581 0 -0.5735021 -0.8192042 0 -0.573552 -0.8191692 0 -0.4226478 -0.9062941 0 -0.4226037 -0.9063146 0 -0.2588723 -0.9659116 0 -0.2588428 -0.9659195 0 -0.08710825 -0.996199 0 -0.08710783 -0.9961989 0 0.0872029 -0.9961906 0 0.08719241 -0.9961916 0 0.258792 -0.9659332 0 0.2587363 -0.965948 0 0.5736116 -0.8191275 0 0.5736081 -0.8191301 0 0.7070598 -0.7071537 0 0.707112 -0.7071016 0 0.8191182 -0.5736248 0 0.8191694 -0.5735518 0 0.906328 -0.422575 0 0.9062854 -0.4226665 0 0.9659084 -0.2588843 0 0.9659638 -0.2586774 0 0.9961946 -0.08715796 0 0.9659641 0.2586766 0 0.9659082 0.2588852 0 0.7071155 0.7070981 0 0.7070564 0.7071572 0 0.4226478 0.9062941 0 0.4226464 0.9062947 0 0.2587363 0.965948 0 0.258792 0.9659332 0 -0.2587642 0.9659406 0 -0.258792 0.9659332 0 -0.4226052 0.906314 0 -0.4226464 0.9062947 0 -0.7071155 0.7070981 0 -0.7070564 0.7071572 0 -0.9659641 0.2586766 0 -0.9659082 0.2588852 0 -0.9961946 -0.08715796 0 -0.9659084 -0.2588843 0 -0.9659638 -0.2586774 0 -0.9062854 -0.4226665 0 -0.8191705 -0.5735501 0 -0.8191694 -0.5735518 0 -0.7070598 -0.7071537 0 -0.707112 -0.7071016 0 -0.5735592 -0.8191641 0 -0.5736081 -0.8191301 0 -0.258792 -0.9659332 0 -0.2587642 -0.9659406 0 -0.08719325 -0.9961915 0 -0.08719241 -0.9961916</float_array>
          <technique_common>
            <accessor source="#MMO_700_dual_-_bracket_single-3-mesh-normals-array" count="531" stride="3">
              <param name="X" type="float"/>
              <param name="Y" type="float"/>
              <param name="Z" type="float"/>
            </accessor>
          </technique_common>
        </source>
        <vertices id="MMO_700_dual_-_bracket_single-3-mesh-vertices">
          <input semantic="POSITION" source="#MMO_700_dual_-_bracket_single-3-mesh-positions"/>
        </vertices>
        <triangles count="772">
          <input semantic="VERTEX" source="#MMO_700_dual_-_bracket_single-3-mesh-vertices" offset="0"/>
          <input semantic="NORMAL" source="#MMO_700_dual_-_bracket_single-3-mesh-normals" offset="1"/>
          <p>0 0 1 0 2 0 0 1 3 1 4 1 5 2 6 2 7 2 2 3 8 3 0 3 0 4 8 4 9 4 0 5 9 5 10 5 10 6 11 6 0 6 0 7 11 7 12 7 0 8 12 8 13 8 13 3 14 3 0 3 0 9 14 9 15 9 0 10 15 10 16 10 7 11 6 11 17 11 17 12 6 12 18 12 17 13 18 13 19 13 19 3 20 3 17 3 17 14 20 14 21 14 17 15 21 15 22 15 4 16 23 16 0 16 0 17 23 17 24 17 0 18 24 18 25 18 26 3 27 3 7 3 7 19 27 19 28 19 7 20 28 20 5 20 22 3 29 3 17 3 17 21 29 21 30 21 17 22 30 22 31 22 32 3 33 3 34 3 35 23 36 23 34 23 37 3 38 3 7 3 38 3 39 3 7 3 7 24 39 24 40 24 7 25 40 25 26 25 31 26 41 26 17 26 17 27 41 27 42 27 17 3 42 3 34 3 34 28 42 28 43 28 34 29 43 29 32 29 33 3 44 3 34 3 34 30 44 30 45 30 34 31 45 31 46 31 47 32 48 32 49 32 1 3 0 3 50 3 50 3 0 3 34 3 50 3 34 3 51 3 25 3 52 3 0 3 0 33 52 33 53 33 0 3 53 3 7 3 7 34 53 34 54 34 7 35 54 35 37 35 36 3 55 3 34 3 34 36 55 36 56 36 34 37 56 37 57 37 3 3 0 3 58 3 58 38 0 38 16 38 58 3 16 3 49 3 49 39 16 39 59 39 49 40 59 40 60 40 60 3 61 3 49 3 49 3 61 3 62 3 49 41 62 41 47 41 63 3 64 3 46 3 46 3 64 3 65 3 65 42 66 42 46 42 46 43 66 43 67 43 46 3 67 3 34 3 34 44 67 44 68 44 34 45 68 45 35 45 57 3 69 3 34 3 34 46 69 46 70 46 34 47 70 47 51 47 48 3 71 3 49 3 49 3 71 3 72 3 49 3 72 3 73 3 73 3 72 3 74 3 73 3 74 3 46 3 46 3 74 3 75 3 46 3 75 3 63 3 76 48 77 48 78 48 77 49 76 49 79 49 79 49 76 49 80 49 79 50 80 50 81 50 82 49 83 49 84 49 85 51 86 51 76 51 87 52 88 52 34 52 34 53 88 53 89 53 34 49 89 49 90 49 91 54 92 54 80 54 80 55 92 55 93 55 80 56 93 56 81 56 83 49 94 49 84 49 84 57 94 57 95 57 84 58 95 58 96 58 78 59 97 59 76 59 76 60 97 60 98 60 76 61 98 61 99 61 82 49 84 49 100 49 100 62 84 62 101 62 100 63 101 63 102 63 103 64 104 64 80 64 80 65 104 65 105 65 80 66 105 66 91 66 99 67 106 67 76 67 76 68 106 68 107 68 76 69 107 69 108 69 90 49 109 49 34 49 34 70 109 70 110 70 34 71 110 71 80 71 80 72 110 72 111 72 80 73 111 73 103 73 96 49 112 49 84 49 84 74 112 74 113 74 84 49 113 49 114 49 114 75 113 75 115 75 114 76 115 76 116 76 116 49 115 49 117 49 108 77 118 77 76 77 76 78 118 78 119 78 76 79 119 79 120 79 86 49 121 49 76 49 76 80 121 80 122 80 76 49 122 49 123 49 124 49 125 49 0 49 0 81 125 81 126 81 85 49 76 49 127 49 127 82 76 82 120 82 127 83 120 83 115 83 115 84 120 84 128 84 115 85 128 85 117 85 126 49 129 49 0 49 0 86 129 86 130 86 0 87 130 87 131 87 132 88 34 88 133 88 133 49 34 49 134 49 132 49 135 49 34 49 34 89 135 89 136 89 34 49 136 49 137 49 34 90 138 90 100 90 123 49 139 49 76 49 76 91 139 91 140 91 76 92 140 92 0 92 0 93 140 93 141 93 0 94 141 94 124 94 131 95 142 95 0 95 0 96 142 96 143 96 0 49 143 49 34 49 34 97 143 97 144 97 34 98 144 98 134 98 137 49 145 49 34 49 34 99 145 99 146 99 34 100 146 100 138 100 102 49 147 49 100 49 100 101 147 101 148 101 100 49 148 49 34 49 34 102 148 102 149 102 34 103 149 103 87 103 150 104 151 104 152 104 153 105 154 105 155 105 155 105 154 105 152 105 155 105 152 105 156 105 156 105 152 105 151 105 153 105 157 105 154 105 154 106 157 106 158 106 154 107 158 107 159 107 160 108 161 108 154 108 162 105 163 105 154 105 154 109 163 109 164 109 154 110 164 110 165 110 166 105 167 105 168 105 169 111 170 111 171 111 171 112 170 112 172 112 171 105 172 105 173 105 167 105 174 105 168 105 168 113 174 113 175 113 168 114 175 114 176 114 176 115 177 115 168 115 168 116 177 116 178 116 168 105 178 105 171 105 171 117 178 117 179 117 171 118 179 118 169 118 180 105 181 105 152 105 152 119 181 119 182 119 182 105 183 105 152 105 152 120 183 120 184 120 152 121 184 121 185 121 161 105 186 105 154 105 154 122 186 122 187 122 154 123 187 123 188 123 173 105 189 105 171 105 171 124 189 124 190 124 171 125 190 125 191 125 192 105 193 105 194 105 159 105 195 105 154 105 154 126 195 126 196 126 154 127 196 127 160 127 191 105 197 105 171 105 171 128 197 128 198 128 171 105 198 105 152 105 152 129 198 129 199 129 152 130 199 130 180 130 200 105 201 105 168 105 168 131 201 131 202 131 168 132 202 132 166 132 162 105 154 105 203 105 203 133 154 133 188 133 203 134 188 134 194 134 194 135 188 135 204 135 194 136 204 136 192 136 152 137 205 137 206 137 165 105 207 105 154 105 154 138 207 138 208 138 154 105 208 105 168 105 168 139 208 139 209 139 168 140 209 140 200 140 193 105 210 105 194 105 194 141 210 141 211 141 194 142 211 142 212 142 185 143 213 143 214 143 214 105 215 105 185 105 185 144 215 144 216 144 185 145 216 145 217 145 206 146 218 146 152 146 152 147 218 147 219 147 152 148 219 148 150 148 217 105 220 105 185 105 185 149 220 149 221 149 185 150 221 150 152 150 152 151 221 151 222 151 152 152 222 152 205 152 212 105 223 105 194 105 194 153 223 153 224 153 194 105 224 105 185 105 185 154 224 154 225 154 185 155 225 155 213 155 226 156 227 156 228 156 229 156 230 156 152 156 152 157 230 157 231 157 232 156 233 156 234 156 234 158 233 158 235 158 234 159 235 159 236 159 237 156 238 156 239 156 239 160 238 160 240 160 239 161 240 161 241 161 242 162 243 162 244 162 244 156 243 156 245 156 241 163 246 163 239 163 239 164 246 164 247 164 239 165 247 165 248 165 249 156 250 156 234 156 234 166 250 166 251 166 152 167 252 167 238 167 231 168 253 168 152 168 152 169 253 169 254 169 152 156 254 156 243 156 243 170 254 170 255 170 243 171 255 171 245 171 242 172 256 172 243 172 243 173 256 173 257 173 243 174 257 174 258 174 243 175 259 175 234 175 234 176 259 176 260 176 234 177 260 177 232 177 236 156 261 156 234 156 234 178 261 178 262 178 234 179 262 179 263 179 264 156 265 156 154 156 154 180 265 180 266 180 152 181 267 181 268 181 268 156 269 156 152 156 152 182 269 182 270 182 152 183 270 183 271 183 237 156 272 156 238 156 238 184 272 184 273 184 238 156 273 156 152 156 152 185 273 185 274 185 152 186 274 186 229 186 258 156 275 156 243 156 243 187 275 187 276 187 243 188 276 188 259 188 248 156 277 156 239 156 239 189 277 189 278 189 239 156 278 156 279 156 279 190 278 190 228 190 279 156 228 156 280 156 280 156 228 156 227 156 251 156 281 156 234 156 234 191 281 191 282 191 234 192 282 192 283 192 284 193 285 193 154 193 271 194 286 194 152 194 152 195 286 195 287 195 152 196 287 196 252 196 263 197 288 197 234 197 234 198 288 198 289 198 234 199 289 199 249 199 249 200 289 200 290 200 249 156 290 156 228 156 228 201 290 201 291 201 228 202 291 202 226 202 285 156 292 156 154 156 154 203 292 203 293 203 154 204 293 204 264 204 266 156 294 156 154 156 154 205 294 205 295 205 154 156 295 156 152 156 152 206 295 206 296 206 152 207 296 207 267 207 283 156 297 156 234 156 234 208 297 208 298 208 234 156 298 156 154 156 154 209 298 209 299 209 154 210 299 210 284 210 300 49 243 49 17 49 17 49 243 49 234 49 17 49 234 49 7 49 7 49 234 49 301 49 302 3 168 3 76 3 76 3 168 3 171 3 76 211 171 211 80 211 80 3 171 3 303 3 304 212 303 212 171 212 305 213 306 213 152 213 152 214 306 214 307 214 307 215 308 215 152 215 152 216 308 216 309 216 152 217 309 217 310 217 311 212 312 212 152 212 152 212 312 212 313 212 152 218 313 218 305 218 310 212 314 212 152 212 152 219 314 219 315 219 152 220 315 220 316 220 316 212 317 212 152 212 152 221 317 221 318 221 152 212 318 212 171 212 171 222 318 222 319 222 171 223 319 223 304 223 300 212 320 212 243 212 243 212 320 212 321 212 243 224 321 224 152 224 152 225 321 225 322 225 152 226 322 226 311 226 80 227 303 227 323 227 323 228 303 228 304 228 323 229 304 229 324 229 324 229 304 229 319 229 324 230 319 230 325 230 325 231 319 231 318 231 325 232 318 232 326 232 326 232 318 232 317 232 326 233 317 233 327 233 327 234 317 234 316 234 327 235 316 235 328 235 328 236 316 236 315 236 328 237 315 237 329 237 329 238 315 238 314 238 329 239 314 239 330 239 330 240 314 240 310 240 330 241 310 241 331 241 331 242 310 242 309 242 331 243 309 243 332 243 332 244 309 244 308 244 332 245 308 245 333 245 333 246 308 246 307 246 333 247 307 247 334 247 334 248 307 248 306 248 334 249 306 249 335 249 335 250 306 250 305 250 335 251 305 251 336 251 336 252 305 252 313 252 336 253 313 253 337 253 337 254 313 254 312 254 337 255 312 255 338 255 338 256 312 256 311 256 338 257 311 257 339 257 339 258 311 258 322 258 339 259 322 259 340 259 340 260 322 260 321 260 340 261 321 261 341 261 341 262 321 262 320 262 341 263 320 263 17 263 17 264 320 264 300 264 34 265 80 265 323 265 332 266 333 266 34 266 323 265 324 265 34 265 34 267 324 267 325 267 34 268 325 268 326 268 333 265 334 265 34 265 34 269 334 269 335 269 34 270 335 270 336 270 326 265 327 265 34 265 34 265 327 265 328 265 34 265 328 265 329 265 329 265 330 265 34 265 34 265 330 265 331 265 34 271 331 271 332 271 336 265 337 265 34 265 34 272 337 272 338 272 34 273 338 273 339 273 339 274 340 274 34 274 34 275 340 275 341 275 34 276 341 276 17 276 302 227 76 227 342 227 342 228 76 228 343 228 342 277 343 277 344 277 344 229 343 229 345 229 344 230 345 230 346 230 346 231 345 231 347 231 346 232 347 232 348 232 348 232 347 232 349 232 348 233 349 233 350 233 350 234 349 234 351 234 350 278 351 278 352 278 352 279 351 279 353 279 352 237 353 237 354 237 354 280 353 280 355 280 354 281 355 281 356 281 356 240 355 240 357 240 356 241 357 241 358 241 358 282 357 282 359 282 358 243 359 243 360 243 360 244 359 244 361 244 360 245 361 245 362 245 362 246 361 246 363 246 362 247 363 247 364 247 364 248 363 248 365 248 364 283 365 283 366 283 366 284 365 284 367 284 366 285 367 285 368 285 368 286 367 286 369 286 368 253 369 253 370 253 370 287 369 287 371 287 370 255 371 255 372 255 372 288 371 288 373 288 372 257 373 257 374 257 374 258 373 258 375 258 374 259 375 259 376 259 376 260 375 260 377 260 376 289 377 289 378 289 378 290 377 290 379 290 378 263 379 263 301 263 301 264 379 264 7 264 378 265 301 265 234 265 362 265 364 265 154 265 362 291 154 291 360 291 302 265 342 265 168 265 168 292 342 292 344 292 168 265 344 265 154 265 154 293 344 293 346 293 154 294 346 294 348 294 364 265 366 265 154 265 154 295 366 295 368 295 154 296 368 296 370 296 348 265 350 265 154 265 154 265 350 265 352 265 154 297 352 297 354 297 354 265 356 265 154 265 154 265 356 265 358 265 154 298 358 298 360 298 370 265 372 265 154 265 154 299 372 299 374 299 154 300 374 300 234 300 234 301 374 301 376 301 234 265 376 265 378 265 343 212 76 212 0 212 343 212 0 212 345 212 0 302 7 302 379 302 367 212 365 212 0 212 0 303 365 303 363 303 379 304 377 304 0 304 0 305 377 305 375 305 0 306 375 306 373 306 373 212 371 212 0 212 0 307 371 307 369 307 0 308 369 308 367 308 363 212 361 212 0 212 0 309 361 309 359 309 0 310 359 310 357 310 357 311 355 311 0 311 0 312 355 312 353 312 0 313 353 313 351 313 351 314 349 314 0 314 0 212 349 212 347 212 0 315 347 315 345 315 272 316 49 316 273 316 273 316 49 316 73 316 273 317 73 317 274 317 274 318 73 318 46 318 274 319 46 319 229 319 229 320 46 320 45 320 229 321 45 321 230 321 230 322 45 322 44 322 230 323 44 323 231 323 231 324 44 324 33 324 231 325 33 325 253 325 253 326 33 326 32 326 253 327 32 327 254 327 254 328 32 328 43 328 254 329 43 329 255 329 255 329 43 329 42 329 255 330 42 330 245 330 245 330 42 330 41 330 245 331 41 331 244 331 244 332 41 332 31 332 244 333 31 333 242 333 242 334 31 334 30 334 242 335 30 335 256 335 256 336 30 336 29 336 256 337 29 337 257 337 257 338 29 338 22 338 257 339 22 339 258 339 258 340 22 340 21 340 258 341 21 341 275 341 275 342 21 342 20 342 275 343 20 343 276 343 276 344 20 344 19 344 276 345 19 345 259 345 259 346 19 346 18 346 259 347 18 347 260 347 260 348 18 348 6 348 260 349 6 349 232 349 232 350 6 350 5 350 232 351 5 351 233 351 233 352 5 352 28 352 233 353 28 353 235 353 235 354 28 354 27 354 235 355 27 355 236 355 236 356 27 356 26 356 236 357 26 357 261 357 261 358 26 358 40 358 261 359 40 359 262 359 262 360 40 360 39 360 262 361 39 361 263 361 263 362 39 362 38 362 263 363 38 363 288 363 288 364 38 364 37 364 288 365 37 365 289 365 289 366 37 366 54 366 289 367 54 367 290 367 290 367 54 367 53 367 290 368 53 368 291 368 291 368 53 368 52 368 291 369 52 369 226 369 226 369 52 369 25 369 226 370 25 370 227 370 227 371 25 371 24 371 227 372 24 372 280 372 280 373 24 373 23 373 280 374 23 374 279 374 279 375 23 375 4 375 279 376 4 376 239 376 239 376 4 376 3 376 239 377 3 377 237 377 237 378 3 378 58 378 237 379 58 379 272 379 272 380 58 380 49 380 295 316 1 316 296 316 296 316 1 316 50 316 296 381 50 381 267 381 267 382 50 382 51 382 267 319 51 319 268 319 268 383 51 383 70 383 268 384 70 384 269 384 269 322 70 322 69 322 269 385 69 385 270 385 270 386 69 386 57 386 270 387 57 387 271 387 271 326 57 326 56 326 271 327 56 327 286 327 286 388 56 388 55 388 286 329 55 329 287 329 287 329 55 329 36 329 287 389 36 389 252 389 252 330 36 330 35 330 252 331 35 331 238 331 238 390 35 390 68 390 238 333 68 333 240 333 240 391 68 391 67 391 240 335 67 335 241 335 241 336 67 336 66 336 241 337 66 337 246 337 246 338 66 338 65 338 246 392 65 392 247 392 247 393 65 393 64 393 247 394 64 394 248 394 248 395 64 395 63 395 248 396 63 396 277 396 277 344 63 344 75 344 277 397 75 397 278 397 278 398 75 398 74 398 278 399 74 399 228 399 228 347 74 347 72 347 228 400 72 400 249 400 249 401 72 401 71 401 249 352 71 352 250 352 250 351 71 351 48 351 250 353 48 353 251 353 251 353 48 353 47 353 251 402 47 402 281 402 281 403 47 403 62 403 281 404 62 404 282 404 282 405 62 405 61 405 282 359 61 359 283 359 283 360 61 360 60 360 283 361 60 361 297 361 297 362 60 362 59 362 297 406 59 406 298 406 298 364 59 364 16 364 298 407 16 407 299 407 299 366 16 366 15 366 299 367 15 367 284 367 284 408 15 408 14 408 284 368 14 368 285 368 285 368 14 368 13 368 285 409 13 409 292 409 292 369 13 369 12 369 292 370 12 370 293 370 293 410 12 410 11 410 293 411 11 411 264 411 264 412 11 412 10 412 264 374 10 374 265 374 265 413 10 413 9 413 265 414 9 414 266 414 266 376 9 376 8 376 266 415 8 415 294 415 294 415 8 415 2 415 294 379 2 379 295 379 295 380 2 380 1 380 224 416 115 416 225 416 225 417 115 417 113 417 225 418 113 418 213 418 213 419 113 419 112 419 213 420 112 420 214 420 214 421 112 421 96 421 214 422 96 422 215 422 215 423 96 423 95 423 215 424 95 424 216 424 216 425 95 425 94 425 216 426 94 426 217 426 217 427 94 427 83 427 217 428 83 428 220 428 220 429 83 429 82 429 220 430 82 430 221 430 221 431 82 431 100 431 221 432 100 432 222 432 222 433 100 433 138 433 222 434 138 434 205 434 205 434 138 434 146 434 205 435 146 435 206 435 206 436 146 436 145 436 206 437 145 437 218 437 218 438 145 438 137 438 218 439 137 439 219 439 219 440 137 440 136 440 219 441 136 441 150 441 150 442 136 442 135 442 150 443 135 443 151 443 151 444 135 444 132 444 151 445 132 445 156 445 156 446 132 446 133 446 156 447 133 447 155 447 155 448 133 448 134 448 155 449 134 449 153 449 153 450 134 450 144 450 153 451 144 451 157 451 157 452 144 452 143 452 157 453 143 453 158 453 158 454 143 454 142 454 158 455 142 455 159 455 159 456 142 456 131 456 159 457 131 457 195 457 195 458 131 458 130 458 195 459 130 459 196 459 196 460 130 460 129 460 196 461 129 461 160 461 160 462 129 462 126 462 160 463 126 463 161 463 161 464 126 464 125 464 161 465 125 465 186 465 186 466 125 466 124 466 186 467 124 467 187 467 187 467 124 467 141 467 187 468 141 468 188 468 188 469 141 469 140 469 188 470 140 470 204 470 204 471 140 471 139 471 204 472 139 472 192 472 192 473 139 473 123 473 192 474 123 474 193 474 193 475 123 475 122 475 193 476 122 476 210 476 210 477 122 477 121 477 210 478 121 478 211 478 211 479 121 479 86 479 211 480 86 480 212 480 212 481 86 481 85 481 212 482 85 482 223 482 223 483 85 483 127 483 223 484 127 484 224 484 224 485 127 485 115 485 178 486 77 486 179 486 179 487 77 487 79 487 179 488 79 488 169 488 169 489 79 489 81 489 169 420 81 420 170 420 170 421 81 421 93 421 170 490 93 490 172 490 172 491 93 491 92 491 172 492 92 492 173 492 173 493 92 493 91 493 173 494 91 494 189 494 189 495 91 495 105 495 189 496 105 496 190 496 190 497 105 497 104 497 190 498 104 498 191 498 191 499 104 499 103 499 191 500 103 500 197 500 197 500 103 500 111 500 197 434 111 434 198 434 198 434 111 434 110 434 198 501 110 501 199 501 199 502 110 502 109 502 199 437 109 437 180 437 180 438 109 438 90 438 180 439 90 439 181 439 181 440 90 440 89 440 181 503 89 503 182 503 182 504 89 504 88 504 182 443 88 443 183 443 183 444 88 444 87 444 183 505 87 505 184 505 184 506 87 506 149 506 184 507 149 507 185 507 185 508 149 508 148 508 185 449 148 449 194 449 194 450 148 450 147 450 194 451 147 451 203 451 203 452 147 452 102 452 203 509 102 509 162 509 162 510 102 510 101 510 162 511 101 511 163 511 163 512 101 512 84 512 163 457 84 457 164 457 164 458 84 458 114 458 164 513 114 513 165 513 165 514 114 514 116 514 165 461 116 461 207 461 207 462 116 462 117 462 207 463 117 463 208 463 208 464 117 464 128 464 208 515 128 515 209 515 209 516 128 516 120 516 209 467 120 467 200 467 200 467 120 467 119 467 200 517 119 517 201 517 201 517 119 517 118 517 201 518 118 518 202 518 202 519 118 519 108 519 202 520 108 520 166 520 166 520 108 520 107 520 166 521 107 521 167 521 167 522 107 522 106 522 167 523 106 523 174 523 174 524 106 524 99 524 174 525 99 525 175 525 175 526 99 526 98 526 175 480 98 480 176 480 176 481 98 481 97 481 176 527 97 527 177 527 177 528 97 528 78 528 177 529 78 529 178 529 178 530 78 530 77 530</p>
        </triangles>
      </mesh>
    </geometry>
    <geometry id="MMO_700_dual_-_bracket_single-2-mesh" name="MMO_700_dual - bracket_single-2">
      <mesh>
        <source id="MMO_700_dual_-_bracket_single-2-mesh-positions">
          <float_array id="MMO_700_dual_-_bracket_single-2-mesh-positions-array" count="1140">0.317105 0.53711 0.7789515 0.329105 0.52461 0.7789515 0.3291658 0.5253046 0.7789515 0.3743462 0.5259781 0.7789515 0.3746409 0.52661 0.7789515 0.3820442 0.5253046 0.7789515 0.382105 0.52461 0.7789515 0.395105 0.53711 0.7789515 0.3293462 0.5259781 0.7789515 0.3296409 0.52661 0.7789515 0.3300408 0.5271812 0.7789515 0.3305339 0.5276742 0.7789515 0.331105 0.5280741 0.7789515 0.3317369 0.5283688 0.7789515 0.3324104 0.5285492 0.7789515 0.333105 0.52861 0.7789515 0.3337996 0.5285492 0.7789515 0.395105 0.51211 0.7789515 0.3820442 0.5239154 0.7789515 0.3818638 0.5232419 0.7789515 0.3815691 0.52261 0.7789515 0.3811691 0.5220388 0.7789515 0.3806762 0.5215458 0.7789515 0.3750408 0.5271812 0.7789515 0.3755338 0.5276742 0.7789515 0.376105 0.5280741 0.7789515 0.3811691 0.5271812 0.7789515 0.3815691 0.52661 0.7789515 0.3818638 0.5259781 0.7789515 0.380105 0.5211459 0.7789515 0.3794731 0.5208512 0.7789515 0.3787996 0.5206708 0.7789515 0.376105 0.5211459 0.7789515 0.3755338 0.5215458 0.7789515 0.317105 0.51211 0.7789515 0.333105 0.52061 0.7789515 0.3324104 0.5206708 0.7789515 0.3787996 0.5285492 0.7789515 0.3794731 0.5283688 0.7789515 0.380105 0.5280741 0.7789515 0.3806762 0.5276742 0.7789515 0.378105 0.52061 0.7789515 0.3774104 0.5206708 0.7789515 0.3767369 0.5208512 0.7789515 0.3750408 0.5220388 0.7789515 0.3746409 0.52261 0.7789515 0.3743462 0.5232419 0.7789515 0.3365691 0.52661 0.7789515 0.3368638 0.5259781 0.7789515 0.374105 0.52461 0.7789515 0.3291658 0.5239154 0.7789515 0.3293462 0.5232419 0.7789515 0.3767369 0.5283688 0.7789515 0.3774104 0.5285492 0.7789515 0.378105 0.52861 0.7789515 0.3317369 0.5208512 0.7789515 0.331105 0.5211459 0.7789515 0.3305339 0.5215458 0.7789515 0.3741658 0.5253046 0.7789515 0.3344731 0.5283688 0.7789515 0.335105 0.5280741 0.7789515 0.3356761 0.5276742 0.7789515 0.3361692 0.5271812 0.7789515 0.3365691 0.52261 0.7789515 0.3361692 0.5220388 0.7789515 0.3356761 0.5215458 0.7789515 0.335105 0.5211459 0.7789515 0.3344731 0.5208512 0.7789515 0.3337996 0.5206708 0.7789515 0.3300408 0.5220388 0.7789515 0.3296409 0.52261 0.7789515 0.3370442 0.5253046 0.7789515 0.337105 0.52461 0.7789515 0.3741658 0.5239154 0.7789515 0.3370442 0.5239154 0.7789515 0.3368638 0.5232419 0.7789515 0.317105 0.53711 0.8569515 0.317105 0.52461 0.8449515 0.317105 0.5253046 0.8448907 0.317105 0.5239154 0.8448907 0.317105 0.51211 0.8569515 0.317105 0.5232419 0.8447103 0.317105 0.5208512 0.7973196 0.317105 0.5211459 0.7979515 0.317105 0.52661 0.8374874 0.317105 0.5259781 0.7997103 0.317105 0.52661 0.7994156 0.317105 0.52261 0.8374874 0.317105 0.5220388 0.8378874 0.317105 0.5215458 0.8383803 0.317105 0.5211459 0.8389515 0.317105 0.5215458 0.8435227 0.317105 0.5220388 0.8440157 0.317105 0.52261 0.8444156 0.317105 0.5215458 0.7985227 0.317105 0.5220388 0.7990157 0.317105 0.52261 0.7994156 0.317105 0.5259781 0.8447103 0.317105 0.52661 0.8444156 0.317105 0.5271812 0.8440157 0.317105 0.5206708 0.7966461 0.317105 0.5259781 0.8371927 0.317105 0.5253046 0.8370123 0.317105 0.5206708 0.8416461 0.317105 0.5208512 0.8423196 0.317105 0.5211459 0.8429515 0.317105 0.5276742 0.8435227 0.317105 0.5280741 0.8429515 0.317105 0.5283688 0.8423196 0.317105 0.5208512 0.8395834 0.317105 0.5206708 0.8402569 0.317105 0.52061 0.8409515 0.317105 0.5232419 0.7997103 0.317105 0.5239154 0.7998908 0.317105 0.5271812 0.8378874 0.317105 0.52461 0.7999515 0.317105 0.5276742 0.8383803 0.317105 0.5280741 0.8389515 0.317105 0.5285492 0.8416461 0.317105 0.52861 0.8409515 0.317105 0.5285492 0.8402569 0.317105 0.5271812 0.7990157 0.317105 0.5276742 0.7985227 0.317105 0.5280741 0.7979515 0.317105 0.5285492 0.7952569 0.317105 0.5283688 0.7945834 0.317105 0.5280741 0.7939515 0.317105 0.5253046 0.7998908 0.317105 0.5283688 0.8395834 0.317105 0.5276742 0.7933804 0.317105 0.5271812 0.7928873 0.317105 0.52661 0.7924874 0.317105 0.52261 0.7924874 0.317105 0.5232419 0.7921928 0.317105 0.5239154 0.7920123 0.317105 0.5220388 0.7928873 0.317105 0.5215458 0.7933804 0.317105 0.5211459 0.7939515 0.317105 0.52061 0.7959515 0.317105 0.5283688 0.7973196 0.317105 0.5285492 0.7966461 0.317105 0.52861 0.7959515 0.317105 0.5259781 0.7921928 0.317105 0.5253046 0.7920123 0.317105 0.52461 0.7919515 0.317105 0.5208512 0.7945834 0.317105 0.5206708 0.7952569 0.317105 0.52461 0.8369515 0.317105 0.5239154 0.8370123 0.317105 0.5232419 0.8371927 0.305105 0.5220388 0.7928873 0.305105 0.52261 0.7924874 0.305105 0.50711 0.7669515 0.305105 0.52461 0.7919515 0.305105 0.54211 0.7669515 0.305105 0.5239154 0.7920123 0.305105 0.5232419 0.7921928 0.305105 0.5253046 0.7920123 0.305105 0.5259781 0.7921928 0.305105 0.52661 0.7924874 0.305105 0.5280741 0.7939515 0.305105 0.5283688 0.7945834 0.305105 0.5259781 0.8371927 0.305105 0.52661 0.8374874 0.305105 0.5271812 0.8378874 0.305105 0.5276742 0.8383803 0.305105 0.5280741 0.8429515 0.305105 0.5276742 0.8435227 0.305105 0.54211 0.8569515 0.305105 0.5232419 0.8447103 0.305105 0.52261 0.8444156 0.305105 0.50711 0.8569515 0.305105 0.5220388 0.8440157 0.305105 0.5215458 0.8435227 0.305105 0.5271812 0.8440157 0.305105 0.52661 0.8444156 0.305105 0.5259781 0.8447103 0.305105 0.5253046 0.8448907 0.305105 0.52461 0.8449515 0.305105 0.5239154 0.8448907 0.305105 0.5211459 0.8389515 0.305105 0.5215458 0.8383803 0.305105 0.5220388 0.8378874 0.305105 0.52261 0.8374874 0.305105 0.5232419 0.8371927 0.305105 0.5239154 0.8370123 0.305105 0.5285492 0.7952569 0.305105 0.52861 0.7959515 0.305105 0.5285492 0.7966461 0.305105 0.5211459 0.8429515 0.305105 0.5208512 0.8423196 0.305105 0.5206708 0.8416461 0.305105 0.5280741 0.7979515 0.305105 0.5276742 0.7985227 0.305105 0.52461 0.8369515 0.305105 0.5271812 0.7928873 0.305105 0.5276742 0.7933804 0.305105 0.52061 0.8409515 0.305105 0.5206708 0.8402569 0.305105 0.5208512 0.8395834 0.305105 0.52861 0.8409515 0.305105 0.5285492 0.8416461 0.305105 0.5283688 0.8423196 0.305105 0.5253046 0.8370123 0.305105 0.5283688 0.7973196 0.305105 0.5206708 0.7952569 0.305105 0.5208512 0.7945834 0.305105 0.5280741 0.8389515 0.305105 0.5283688 0.8395834 0.305105 0.5285492 0.8402569 0.305105 0.5271812 0.7990157 0.305105 0.52661 0.7994156 0.305105 0.5259781 0.7997103 0.305105 0.5232419 0.7997103 0.305105 0.52261 0.7994156 0.305105 0.5220388 0.7990157 0.305105 0.5215458 0.7985227 0.305105 0.5211459 0.7979515 0.305105 0.5211459 0.7939515 0.305105 0.5215458 0.7933804 0.305105 0.5208512 0.7973196 0.305105 0.5206708 0.7966461 0.305105 0.52061 0.7959515 0.305105 0.5253046 0.7998908 0.305105 0.52461 0.7999515 0.305105 0.5239154 0.7998908 0.376105 0.5280741 0.7669515 0.3755338 0.5276742 0.7669515 0.337105 0.52461 0.7669515 0.3746409 0.52261 0.7669515 0.3750408 0.5220388 0.7669515 0.3755338 0.5215458 0.7669515 0.3820442 0.5253046 0.7669515 0.3818638 0.5259781 0.7669515 0.395105 0.54211 0.7669515 0.3815691 0.52661 0.7669515 0.3811691 0.5271812 0.7669515 0.3741658 0.5253046 0.7669515 0.3337996 0.5206708 0.7669515 0.3743462 0.5259781 0.7669515 0.3344731 0.5208512 0.7669515 0.335105 0.5211459 0.7669515 0.3794731 0.5208512 0.7669515 0.395105 0.50711 0.7669515 0.3787996 0.5206708 0.7669515 0.378105 0.52061 0.7669515 0.3356761 0.5215458 0.7669515 0.3361692 0.5220388 0.7669515 0.3365691 0.52261 0.7669515 0.3370442 0.5253046 0.7669515 0.3368638 0.5259781 0.7669515 0.3365691 0.52661 0.7669515 0.333105 0.52061 0.7669515 0.376105 0.5211459 0.7669515 0.3767369 0.5208512 0.7669515 0.3774104 0.5206708 0.7669515 0.380105 0.5211459 0.7669515 0.3806762 0.5215458 0.7669515 0.3811691 0.5220388 0.7669515 0.3820442 0.5239154 0.7669515 0.382105 0.52461 0.7669515 0.3806762 0.5276742 0.7669515 0.380105 0.5280741 0.7669515 0.3794731 0.5283688 0.7669515 0.3300408 0.5271812 0.7669515 0.3296409 0.52661 0.7669515 0.3293462 0.5259781 0.7669515 0.3293462 0.5232419 0.7669515 0.3296409 0.52261 0.7669515 0.3300408 0.5220388 0.7669515 0.3305339 0.5215458 0.7669515 0.331105 0.5211459 0.7669515 0.374105 0.52461 0.7669515 0.3741658 0.5239154 0.7669515 0.3743462 0.5232419 0.7669515 0.3815691 0.52261 0.7669515 0.3818638 0.5232419 0.7669515 0.3368638 0.5232419 0.7669515 0.3370442 0.5239154 0.7669515 0.3746409 0.52661 0.7669515 0.3750408 0.5271812 0.7669515 0.3361692 0.5271812 0.7669515 0.3356761 0.5276742 0.7669515 0.335105 0.5280741 0.7669515 0.3324104 0.5285492 0.7669515 0.3317369 0.5283688 0.7669515 0.3317369 0.5208512 0.7669515 0.3324104 0.5206708 0.7669515 0.3787996 0.5285492 0.7669515 0.378105 0.52861 0.7669515 0.3774104 0.5285492 0.7669515 0.3767369 0.5283688 0.7669515 0.331105 0.5280741 0.7669515 0.3305339 0.5276742 0.7669515 0.3291658 0.5253046 0.7669515 0.329105 0.52461 0.7669515 0.3291658 0.5239154 0.7669515 0.3344731 0.5283688 0.7669515 0.3337996 0.5285492 0.7669515 0.333105 0.52861 0.7669515 0.395105 0.50711 0.7789515 0.395105 0.54211 0.7789515 0.317105 0.54211 0.8569515 0.317105 0.50711 0.8569515 0.3173454 0.50711 0.8508317 0.3543501 0.50711 0.7904456 0.3492578 0.50711 0.7938482 0.344448 0.50711 0.7976399 0.3399507 0.50711 0.8017972 0.3357933 0.50711 0.8062946 0.3320017 0.50711 0.8111042 0.3710017 0.50711 0.7827691 0.3652557 0.50711 0.7848889 0.3596937 0.50711 0.787453 0.328599 0.50711 0.8161966 0.3256065 0.50711 0.8215402 0.3230424 0.50711 0.8271022 0.3209226 0.50711 0.8328482 0.3192601 0.50711 0.8387427 0.3180653 0.50711 0.8447496 0.3889852 0.50711 0.779192 0.3829031 0.50711 0.7799118 0.3768963 0.50711 0.7811067 0.3173454 0.51211 0.8508317 0.3180653 0.51211 0.8447496 0.3192601 0.51211 0.8387427 0.3209226 0.51211 0.8328482 0.3230424 0.51211 0.8271022 0.3256065 0.51211 0.8215402 0.328599 0.51211 0.8161966 0.3320017 0.51211 0.8111042 0.3357933 0.51211 0.8062946 0.3399507 0.51211 0.8017972 0.344448 0.51211 0.7976399 0.3492578 0.51211 0.7938482 0.3543501 0.51211 0.7904456 0.3596937 0.51211 0.787453 0.3652557 0.51211 0.7848889 0.3710017 0.51211 0.7827691 0.3768963 0.51211 0.7811067 0.3829031 0.51211 0.7799118 0.3889852 0.51211 0.779192 0.3173454 0.54211 0.8508317 0.3173454 0.53711 0.8508317 0.3180653 0.54211 0.8447496 0.3180653 0.53711 0.8447496 0.3192601 0.54211 0.8387427 0.3192601 0.53711 0.8387427 0.3209226 0.54211 0.8328482 0.3209226 0.53711 0.8328482 0.3230424 0.54211 0.8271022 0.3230424 0.53711 0.8271022 0.3256065 0.54211 0.8215402 0.3256065 0.53711 0.8215402 0.328599 0.54211 0.8161966 0.328599 0.53711 0.8161966 0.3320017 0.54211 0.8111042 0.3320017 0.53711 0.8111042 0.3357933 0.54211 0.8062946 0.3357933 0.53711 0.8062946 0.3399507 0.54211 0.8017972 0.3399507 0.53711 0.8017972 0.344448 0.54211 0.7976399 0.344448 0.53711 0.7976399 0.3492578 0.54211 0.7938482 0.3492578 0.53711 0.7938482 0.3543501 0.54211 0.7904456 0.3543501 0.53711 0.7904456 0.3596937 0.54211 0.787453 0.3596937 0.53711 0.787453 0.3652557 0.54211 0.7848889 0.3652557 0.53711 0.7848889 0.3710017 0.54211 0.7827691 0.3710017 0.53711 0.7827691 0.3768963 0.54211 0.7811067 0.3768963 0.53711 0.7811067 0.3829031 0.54211 0.7799118 0.3829031 0.53711 0.7799118 0.3889852 0.54211 0.779192 0.3889852 0.53711 0.779192</float_array>
          <technique_common>
            <accessor source="#MMO_700_dual_-_bracket_single-2-mesh-positions-array" count="380" stride="3">
              <param name="X" type="float"/>
              <param name="Y" type="float"/>
              <param name="Z" type="float"/>
            </accessor>
          </technique_common>
        </source>
        <source id="MMO_700_dual_-_bracket_single-2-mesh-normals">
          <float_array id="MMO_700_dual_-_bracket_single-2-mesh-normals-array" count="1566">-1.66391e-4 0 1 2.65554e-5 0 1 1.90277e-4 0 1 0 0 1 9.51135e-5 0 1 -7.68636e-5 0 1 7.0325e-5 0 1 -4.14262e-5 0 1 1.16397e-5 0 1 -1.6229e-5 0 1 1.54597e-4 0 1 -2.13107e-5 0 1 -1.59885e-4 0 1 4.87899e-5 0 1 -2.96874e-5 0 1 -2.51307e-5 0 1 -8.69871e-6 0 1 2.63126e-5 0 1 -8.99571e-5 0 1 -4.26131e-5 0 1 4.02181e-5 0 1 4.68046e-5 0 1 -6.78072e-5 0 1 2.47351e-5 0 1 1.64311e-5 0 1 -2.4486e-5 0 1 -1.76419e-5 0 1 -1.57064e-5 0 1 2.65504e-5 0 1 -2.44813e-5 0 1 1.64338e-5 0 1 -1.15366e-5 0 1 -4.14253e-5 0 1 1.08172e-5 0 1 -3.19605e-6 0 1 1.64929e-5 0 1 -1.25992e-5 0 1 -6.25629e-6 0 1 -3.41997e-5 0 1 1.6689e-5 0 1 -2.81968e-6 0 1 6.38778e-6 0 1 -5.68379e-6 0 1 1.47901e-4 0 1 -1.62324e-5 0 1 -5.1242e-5 0 1 9.51068e-5 0 1 4.68727e-6 0 1 1 2.32009e-5 0 1 0 0 1 4.54215e-5 0 1 9.44242e-5 0 1 -9.89854e-5 0 1 2.05743e-5 0 1 8.2631e-5 0 1 -1.02468e-5 0 1 -1.58512e-5 0 1 8.70707e-6 0 1 -2.60033e-5 0 1 -4.54215e-5 0 1 1.58512e-5 0 1 1.02468e-5 0 1 7.25833e-6 0 1 8.28323e-6 0 1 -1.09206e-4 0 1 3.2548e-5 0 1 -5.13911e-5 0 1 -8.26173e-5 0 1 5.14002e-5 0 1 -3.2548e-5 0 1 1.85064e-4 0 1 -4.18422e-6 0 1 4.72208e-5 0 1 3.38569e-5 0 1 4.42404e-5 0 1 -2.27783e-5 0 1 1.06826e-4 0 1 1.09206e-4 0 1 -3.38569e-5 0 1 -4.72208e-5 0 1 -4.34892e-6 0 1 2.29824e-5 0 1 -3.19606e-6 0 1 -6.59696e-5 0 1 1.32333e-4 0 1 -7.50802e-5 0 1 -1.23666e-5 0 1 9.75886e-6 0 1 -7.99616e-5 0 1 1.23681e-5 0 1 1.31473e-4 0 1 3.49666e-6 0 1 1.39474e-6 0 1 -1.31473e-4 0 1 -3.35612e-5 0 1 7.99616e-5 0 1 -1.53145e-5 0 1 -8.71037e-5 0 1 7.35801e-5 0 1 -6.68478e-6 0 1 3.35612e-5 0 1 2.55123e-5 0 1 -5.29398e-6 0 1 4.21106e-5 0 -1 4.48069e-5 0 -1 0 0 -1 8.40402e-6 0 -1 -7.02824e-6 0 -1 1.10705e-4 0 -1 -1.15828e-5 0 -1 2.19986e-5 0 -1 -3.72856e-5 0 -1 5.4462e-6 0 -1 -5.4462e-6 0 -1 2.21371e-5 0 -1 -4.17502e-5 0 -1 -7.74185e-7 0 -1 7.74185e-7 0 -1 2.21784e-5 0 -1 -2.20002e-5 0 -1 3.84959e-6 0 -1 -2.28936e-5 0 -1 2.09029e-5 0 -1 -9.55164e-5 0 -1 -3.35942e-5 0 -1 6.85056e-5 0 -1 -2.88913e-6 0 -1 -3.09372e-6 0 -1 -2.77061e-5 0 -1 -5.20658e-6 0 -1 1.74109e-5 0 -1 -6.85056e-5 0 -1 3.35942e-5 0 -1 -4.1296e-6 0 -1 6.59707e-5 0 -1 -1.63821e-4 0 -1 -5.63052e-5 0 -1 5.31372e-5 0 -1 -1.74109e-5 0 -1 1.9014e-5 0 -1 2.77061e-5 0 -1 2.11528e-5 0 -1 -8.17853e-6 0 -1 8.09348e-6 0 -1 3.26884e-6 0 -1 4.14577e-6 0 -1 -1.10705e-4 0 -1 3.09348e-6 0 -1 2.88933e-6 0 -1 -2.16947e-4 0 -1 4.1296e-6 0 -1 9.55164e-5 0 -1 -2.09029e-5 0 -1 1.96769e-5 0 -1 -1.96125e-5 0 -1 -6.6938e-6 0 0 0 -1 8.34657e-6 0 -1 -8.87219e-6 0 -1 7.10373e-5 0 -1 7.78513e-6 0 -1 6.15414e-5 0 -1 -3.59919e-5 0 -1 6.89822e-6 0 -1 -5.75491e-6 0 -1 -2.80142e-6 0 -1 9.86021e-5 0 -1 5.11666e-5 0 -1 -1.75831e-5 0 -1 -4.90014e-6 0 -1 -9.06789e-5 0 -1 -8.72231e-5 0 -1 -2.45409e-5 0 -1 4.07467e-6 0 -1 -7.30637e-5 0 -1 1.2689e-4 0 -1 -7.47632e-5 0 -1 3.94185e-5 0 -1 -9.21489e-5 0 -1 5.79993e-6 0 -1 5.80078e-6 0 -1 1.77686e-5 0 -1 6.63864e-5 0 -1 4.12348e-6 0 -1 9.39828e-6 0 -1 2.40033e-6 0 -1 -8.87355e-6 0 -1 -3.93664e-5 0 -1 9.40939e-6 0 -1 -4.48701e-6 0 -1 4.69925e-5 0 -1 -1.27861e-5 0 -1 -3.27389e-5 0 -1 -2.0699e-6 0 -1 -6.82952e-5 0 -1 7.26931e-5 0 -1 8.78992e-4 0 -0.9999997 -6.29683e-6 0 -1 -6.25767e-6 0 -1 5.69087e-5 0 -1 2.36912e-5 0 -1 -7.22119e-5 0 -1 -7.22233e-5 0 -1 2.42046e-5 0 -1 1.44085e-6 0 -1 9.86126e-5 0 -1 -6.82938e-5 0 -1 -6.20883e-6 0 1 0 -1 0 0 -1 -7.84521e-6 0 -1 1.54408e-6 0 -1 -2.35359e-6 0 -1 -1.61563e-5 0 -1 -1.83333e-6 0 -1 5.11879e-6 0 -1 6.4855e-6 0 -1 1.70628e-6 0 -1 9.16647e-7 0 -1 -8.07833e-6 0 -1 7.35971e-6 0 -1 -6.64832e-6 0 -1 -6.64831e-6 0 -1 -1.90837e-5 0 -1 9.18527e-6 0.999229 0 0.03925973 0.9992291 0 0.03925901 0.9930685 0 0.1175377 0.9930683 0 0.1175397 0.9807841 0 0.1950969 0.980787 0 0.1950815 0.962455 0 0.2714413 0.9381943 0 0.3461091 0.9381881 0 0.3461257 0.9081474 0 0.4186508 0.9081391 0 0.4186685 0.8725007 0 0.4886129 0.8724967 0 0.4886201 0.8314674 0 0.5555737 0.8314732 0 0.5555649 0.7853196 0 0.6190907 0.7853041 0 0.6191102 0.7343352 0 0.6787871 0.7343211 0 0.6788023 0.6787941 0 0.7343287 0.6788029 0 0.7343205 0.619086 0 0.7853232 0.5555772 0 0.8314651 0.5555562 0 0.8314791 0.4886432 0 0.8724838 0.4886136 0 0.8725004 0.4186628 0 0.9081419 0.4186319 0 0.908156 0.3461542 0 0.9381777 0.3461007 0 0.9381974 0.2714338 0 0.9624571 0.2714378 0 0.9624561 0.1950984 0 0.9807837 0.1950837 0 0.9807866 0.117547 0 0.9930673 0.1175302 0 0.9930693 0.03926295 0 0.999229 0.03924775 0 0.9992296 0 1 0 0 1 2.07699e-6 0 1 1.07744e-5 0 1 1.34681e-6 0 1 2.3551e-6 0 1 1.3677e-5 0 1 -2.07694e-5 0 1 1.05026e-4 0.9992291 0 0.03925853 0.9807863 0 0.1950852 0.9081445 0 0.418657 0.9081421 0 0.4186623 0.8724935 0 0.4886258 0.7853232 0 0.619086 0.6788105 0 0.7343136 0.6190934 0 0.7853174 0.4186377 0 0.9081534 0.1175453 0 0.9930676 0.117532 0 0.9930691 0 1 -8.3104e-6 0 1 2.7262e-6 0 1 1.72225e-6 0 1 -5.11879e-6 0 1 -8.07833e-6 0 1 3.66659e-6 0 1 1.70628e-6 0 1 -4.70717e-6 0 1 7.72039e-6 0 1 3.23125e-5 0 1 -4.59264e-6 0 1 -1.46209e-6 0 1 2.20793e-5 0 1 -6.64831e-6 0 -1 1.48974e-4 0 -1 2.40575e-6 0 -1 1.65546e-5 0 -1 -2.90772e-5 0 -1 1.78544e-5 0 -1 -1.61615e-5 0 -1 2.3551e-6 0 -1 -4.81156e-6 0 -1 5.02699e-6 0 -1 -1.48784e-6 0 -1 -1.03849e-6 0 -1 -1.37955e-6 0.9961946 0.08715796 0 0.9659025 0.258906 0 0.9659582 0.2586983 0 0.9063016 0.4226319 0 0.8191682 0.5735534 0 0.8191728 0.5735469 0 0.7070546 0.7071589 0 0.7071173 0.7070964 0 0.5735558 0.8191667 0 0.5736127 0.8191267 0 0.4226478 0.9062941 0 0.2587625 0.965941 0 0.2587658 0.9659401 0 0.08719283 0.9961916 0 0.08719366 0.9961915 0 -0.08720248 0.9961906 0 -0.08719366 0.9961915 0 -0.2587903 0.9659336 0 -0.2587379 0.9659476 0 -0.4226478 0.9062941 0 -0.4226052 0.906314 0 -0.5736081 0.8191301 0 -0.5736127 0.8191267 0 -0.7071102 0.7071033 0 -0.7070616 0.707152 0 -0.8191682 0.5735534 0 -0.8191728 0.5735469 0 -0.9063441 0.4225404 0 -0.9063016 0.4226319 0 -0.9659025 0.258906 0 -0.9659304 0.2588022 0 -0.9962043 0.08704751 0 -0.9961849 0.08726841 0 -0.9961849 -0.08726841 0 -0.9962043 -0.08704751 0 -0.965936 -0.2587813 0 -0.9659091 -0.2588816 0 -0.9063016 -0.4226319 0 -0.9063441 -0.4225404 0 -0.8191407 -0.5735926 0 -0.8191453 -0.5735861 0 -0.7070999 -0.7071138 0 -0.707159 -0.7070546 0 -0.573552 -0.8191692 0 -0.5735567 -0.8191659 0 -0.4226052 -0.906314 0 -0.4226478 -0.9062941 0 -0.2587347 -0.9659485 0 -0.2587936 -0.9659327 0 -0.08719283 -0.9961916 0 -0.08720338 -0.9961906 0 0.08719283 -0.9961916 0 0.08719366 -0.9961915 0 0.2587625 -0.965941 0 0.2587658 -0.9659401 0 0.4226478 -0.9062941 0 0.573552 -0.8191692 0 0.5735044 -0.8192026 0 0.7071555 -0.7070581 0 0.7071033 -0.7071103 0 0.8191407 -0.5735926 0 0.8191453 -0.5735861 0 0.9063016 -0.4226319 0 0.9659638 -0.2586774 0 0.9659091 -0.2588816 0 0.9961946 -0.08715796 0 0.9659304 0.2588022 0 0.9063441 0.4225404 0 0.8191159 0.5736281 0 0.7071102 0.7071033 0 0.7070616 0.707152 0 0.5736081 0.8191301 0 0.4226052 0.906314 0 0.08720248 0.9961906 0 -0.08718401 0.9961922 0 -0.2587658 0.9659401 0 -0.7070546 0.7071589 0 -0.7071173 0.7070964 0 -0.8191159 0.5736281 0 -0.8192251 0.5734722 0 -0.9961946 0.08715796 0 -0.9961946 -0.08715796 0 -0.9659082 -0.2588852 0 -0.9659369 -0.2587778 0 -0.8191931 -0.5735179 0 -0.819093 -0.5736607 0 -0.7071555 -0.7070581 0 -0.7071033 -0.7071103 0 -0.2587625 -0.965941 0 -0.08718317 -0.9961923 0 0.08720338 -0.9961906 0 0.4226052 -0.906314 0 0.5735567 -0.8191659 0 0.7070999 -0.7071138 0 0.707159 -0.7070546 0 0.819093 -0.5736607 0 0.9063441 -0.4225404 0 0.965936 -0.2587813 0 0.9659369 -0.2587778 0 0 0.08710825 -0.996199 0 0.08711749 -0.9961981 0 0.2588444 -0.9659191 0 0.2588707 -0.965912 0 0.4226478 -0.9062941 0 0.4226037 -0.9063146 0 0.5735543 -0.8191676 0 0.5734997 -0.8192059 0 0.7071015 -0.707112 0 0.7071555 -0.7070581 0 0.8191431 -0.5735894 0 0.8191407 -0.5735926 0 0.9063016 -0.4226319 0 0.9063003 -0.4226345 0 0.9659584 -0.2586974 0 0.9659023 -0.2589069 0 0.9961953 -0.08715009 0 0.9961951 -0.08715099 0 0.9961946 0.08715796 0 0.9659028 0.2589051 0 0.9659579 0.2586992 0 0.9063016 0.4226319 0 0.9063003 0.4226345 0 0.8191431 0.5735894 0 0.8191407 0.5735926 0 0.7071572 0.7070564 0 0.7070999 0.7071138 0 0.5735592 0.8191641 0 0.5736081 0.8191301 0 0.4225352 0.9063466 0 0.4225749 0.906328 0 0.2588723 0.9659116 0 0.2588428 0.9659195 0 0.0872029 0.9961906 0 0.08719241 0.9961916 0 -0.08719325 0.9961915 0 -0.08720207 0.9961907 0 -0.2588166 0.9659265 0 -0.2588428 0.9659195 0 -0.4225778 0.9063267 0 -0.4225323 0.9063479 0 -0.5736116 0.8191275 0 -0.5736081 0.8191301 0 -0.7071572 0.7070564 0 -0.7070999 0.7071138 0 -0.8191954 0.5735147 0 -0.8191407 0.5735926 0 -0.9063016 0.4226319 0 -0.9063003 0.4226345 0 -0.9659584 0.2586974 0 -0.9659023 0.2589069 0 -0.9961946 0.08715796 0 -0.9961849 0.08726841 0 -0.9961856 -0.08726054 0 -0.9961951 -0.08715099 0 -0.9659028 -0.2589051 0 -0.9659579 -0.2586992 0 -0.9063016 -0.4226319 0 -0.9063003 -0.4226345 0 -0.8191431 -0.5735894 0 -0.8191931 -0.5735179 0 -0.7071015 -0.707112 0 -0.7071555 -0.7070581 0 -0.5735543 -0.8191676 0 -0.573552 -0.8191692 0 -0.4226052 -0.906314 0 -0.4226464 -0.9062947 0 -0.2588444 -0.9659191 0 -0.258815 -0.965927 0 -0.08711791 -0.996198 0 -0.08710783 -0.9961989 0 0.08719325 -0.9961915 0 0.08720207 -0.9961907 0 0.2587642 -0.9659406 0 0.258792 -0.9659332 0 0.5736116 -0.8191275 0 0.5735558 -0.8191667 0 0.7070598 -0.7071537 0 0.707112 -0.7071016 0 0.8191705 -0.5735501 0 0.8191694 -0.5735518 0 0.9062854 -0.4226665 0 0.9659641 -0.2586766 0 0.9659082 -0.2588852 0 0.9961946 -0.08715796 0 0.9659084 0.2588843 0 0.9659638 0.2586774 0 0.7071155 0.7070981 0 0.7070564 0.7071572 0 0.4226052 0.906314 0 0.4226464 0.9062947 0 0.258792 0.9659332 0 0.2587642 0.9659406 0 -0.2587363 0.965948 0 -0.2587642 0.9659406 0 -0.4226478 0.9062941 0 -0.4226037 0.9063146 0 -0.7071155 0.7070981 0 -0.7070564 0.7071572 0 -0.9659641 0.2586766 0 -0.9659082 0.2588852 0 -0.9961849 -0.08726841 0 -0.9961946 -0.08715796 0 -0.9659084 -0.2588843 0 -0.9659638 -0.2586774 0 -0.9062854 -0.4226665 0 -0.8191705 -0.5735501 0 -0.8192217 -0.5734771 0 -0.7070598 -0.7071537 0 -0.707112 -0.7071016 0 -0.5736116 -0.8191275 0 -0.5736081 -0.8191301 0 -0.2587642 -0.9659406 0 -0.2587363 -0.965948 0 -0.0872029 -0.9961906 0 -0.08719241 -0.9961916</float_array>
          <technique_common>
            <accessor source="#MMO_700_dual_-_bracket_single-2-mesh-normals-array" count="522" stride="3">
              <param name="X" type="float"/>
              <param name="Y" type="float"/>
              <param name="Z" type="float"/>
            </accessor>
          </technique_common>
        </source>
        <vertices id="MMO_700_dual_-_bracket_single-2-mesh-vertices">
          <input semantic="POSITION" source="#MMO_700_dual_-_bracket_single-2-mesh-positions"/>
        </vertices>
        <triangles count="772">
          <input semantic="VERTEX" source="#MMO_700_dual_-_bracket_single-2-mesh-vertices" offset="0"/>
          <input semantic="NORMAL" source="#MMO_700_dual_-_bracket_single-2-mesh-normals" offset="1"/>
          <p>0 0 1 0 2 0 0 1 3 1 4 1 5 2 6 2 7 2 2 3 8 3 0 3 0 4 8 4 9 4 0 5 9 5 10 5 10 3 11 3 0 3 0 6 11 6 12 6 0 7 12 7 13 7 13 3 14 3 0 3 0 8 14 8 15 8 0 9 15 9 16 9 7 3 6 3 17 3 17 10 6 10 18 10 17 11 18 11 19 11 19 12 20 12 17 12 17 13 20 13 21 13 17 14 21 14 22 14 4 15 23 15 0 15 0 16 23 16 24 16 0 17 24 17 25 17 26 3 27 3 7 3 7 18 27 18 28 18 7 19 28 19 5 19 22 3 29 3 17 3 17 20 29 20 30 20 17 21 30 21 31 21 32 3 33 3 34 3 35 3 36 3 34 3 37 3 38 3 7 3 38 3 39 3 7 3 7 22 39 22 40 22 7 23 40 23 26 23 31 3 41 3 17 3 17 24 41 24 42 24 17 3 42 3 34 3 34 25 42 25 43 25 34 26 43 26 32 26 33 3 44 3 34 3 34 27 44 27 45 27 34 28 45 28 46 28 47 3 48 3 49 3 1 3 0 3 50 3 50 3 0 3 34 3 50 3 34 3 51 3 25 3 52 3 0 3 0 29 52 29 53 29 0 3 53 3 7 3 7 30 53 30 54 30 7 31 54 31 37 31 36 3 55 3 34 3 34 32 55 32 56 32 34 33 56 33 57 33 3 3 0 3 58 3 58 34 0 34 16 34 58 35 16 35 49 35 49 36 16 36 59 36 49 37 59 37 60 37 60 38 61 38 49 38 49 39 61 39 62 39 49 40 62 40 47 40 63 3 64 3 46 3 46 41 64 41 65 41 65 3 66 3 46 3 46 42 66 42 67 42 46 3 67 3 34 3 34 43 67 43 68 43 34 44 68 44 35 44 57 3 69 3 34 3 34 45 69 45 70 45 34 46 70 46 51 46 48 47 71 47 49 47 49 3 71 3 72 3 49 3 72 3 73 3 73 3 72 3 74 3 73 3 74 3 46 3 46 3 74 3 75 3 46 3 75 3 63 3 76 48 77 48 78 48 77 49 76 49 79 49 79 49 76 49 80 49 79 50 80 50 81 50 82 49 83 49 84 49 85 51 86 51 76 51 87 52 88 52 34 52 34 53 88 53 89 53 34 49 89 49 90 49 91 54 92 54 80 54 80 55 92 55 93 55 80 56 93 56 81 56 83 49 94 49 84 49 84 57 94 57 95 57 84 58 95 58 96 58 78 59 97 59 76 59 76 60 97 60 98 60 76 61 98 61 99 61 82 49 84 49 100 49 100 62 84 62 101 62 100 63 101 63 102 63 103 64 104 64 80 64 80 65 104 65 105 65 80 66 105 66 91 66 99 67 106 67 76 67 76 68 106 68 107 68 76 69 107 69 108 69 90 49 109 49 34 49 34 70 109 70 110 70 34 71 110 71 80 71 80 72 110 72 111 72 80 73 111 73 103 73 96 49 112 49 84 49 84 74 112 74 113 74 84 49 113 49 114 49 114 75 113 75 115 75 114 76 115 76 116 76 116 49 115 49 117 49 108 77 118 77 76 77 76 78 118 78 119 78 76 79 119 79 120 79 86 49 121 49 76 49 76 80 121 80 122 80 76 49 122 49 123 49 124 49 125 49 0 49 0 81 125 81 126 81 85 49 76 49 127 49 127 82 76 82 120 82 127 83 120 83 115 83 115 84 120 84 128 84 115 85 128 85 117 85 126 49 129 49 0 49 0 86 129 86 130 86 0 87 130 87 131 87 132 88 34 88 133 88 133 49 34 49 134 49 132 49 135 49 34 49 34 89 135 89 136 89 34 49 136 49 137 49 34 90 138 90 100 90 123 49 139 49 76 49 76 91 139 91 140 91 76 92 140 92 0 92 0 93 140 93 141 93 0 94 141 94 124 94 131 95 142 95 0 95 0 96 142 96 143 96 0 49 143 49 34 49 34 97 143 97 144 97 34 98 144 98 134 98 137 49 145 49 34 49 34 99 145 99 146 99 34 100 146 100 138 100 102 49 147 49 100 49 100 101 147 101 148 101 100 49 148 49 34 49 34 102 148 102 149 102 34 103 149 103 87 103 150 104 151 104 152 104 153 105 154 105 155 105 155 105 154 105 152 105 155 105 152 105 156 105 156 105 152 105 151 105 153 105 157 105 154 105 154 106 157 106 158 106 154 107 158 107 159 107 160 108 161 108 154 108 162 105 163 105 154 105 154 109 163 109 164 109 154 110 164 110 165 110 166 105 167 105 168 105 169 111 170 111 171 111 171 112 170 112 172 112 171 105 172 105 173 105 167 105 174 105 168 105 168 113 174 113 175 113 168 114 175 114 176 114 176 115 177 115 168 115 168 116 177 116 178 116 168 105 178 105 171 105 171 117 178 117 179 117 171 118 179 118 169 118 180 105 181 105 152 105 152 119 181 119 182 119 182 105 183 105 152 105 152 120 183 120 184 120 152 121 184 121 185 121 161 105 186 105 154 105 154 122 186 122 187 122 154 123 187 123 188 123 173 105 189 105 171 105 171 124 189 124 190 124 171 125 190 125 191 125 192 105 193 105 194 105 159 105 195 105 154 105 154 126 195 126 196 126 154 127 196 127 160 127 191 105 197 105 171 105 171 128 197 128 198 128 171 105 198 105 152 105 152 129 198 129 199 129 152 130 199 130 180 130 200 105 201 105 168 105 168 131 201 131 202 131 168 132 202 132 166 132 162 105 154 105 203 105 203 133 154 133 188 133 203 134 188 134 194 134 194 135 188 135 204 135 194 136 204 136 192 136 152 137 205 137 206 137 165 105 207 105 154 105 154 138 207 138 208 138 154 105 208 105 168 105 168 139 208 139 209 139 168 140 209 140 200 140 193 105 210 105 194 105 194 141 210 141 211 141 194 142 211 142 212 142 185 143 213 143 214 143 214 105 215 105 185 105 185 144 215 144 216 144 185 145 216 145 217 145 206 146 218 146 152 146 152 147 218 147 219 147 152 148 219 148 150 148 217 105 220 105 185 105 185 149 220 149 221 149 185 150 221 150 152 150 152 151 221 151 222 151 152 152 222 152 205 152 212 105 223 105 194 105 194 153 223 153 224 153 194 105 224 105 185 105 185 154 224 154 225 154 185 155 225 155 213 155 226 156 227 156 228 156 229 156 230 156 152 156 152 157 230 157 231 157 232 156 233 156 234 156 234 158 233 158 235 158 234 159 235 159 236 159 237 156 238 156 239 156 239 160 238 160 240 160 239 161 240 161 241 161 242 156 243 156 244 156 244 156 243 156 245 156 241 162 246 162 239 162 239 163 246 163 247 163 239 164 247 164 248 164 249 156 250 156 234 156 234 165 250 165 251 165 152 166 252 166 238 166 231 167 253 167 152 167 152 168 253 168 254 168 152 156 254 156 243 156 243 169 254 169 255 169 243 170 255 170 245 170 242 156 256 156 243 156 243 171 256 171 257 171 243 172 257 172 258 172 243 173 259 173 234 173 234 174 259 174 260 174 234 175 260 175 232 175 236 156 261 156 234 156 234 176 261 176 262 176 234 177 262 177 263 177 264 178 265 178 154 178 154 179 265 179 266 179 152 180 267 180 268 180 268 156 269 156 152 156 152 181 269 181 270 181 152 182 270 182 271 182 237 156 272 156 238 156 238 183 272 183 273 183 238 156 273 156 152 156 152 184 273 184 274 184 152 185 274 185 229 185 258 156 275 156 243 156 243 186 275 186 276 186 243 187 276 187 259 187 248 156 277 156 239 156 239 188 277 188 278 188 239 156 278 156 279 156 279 189 278 189 228 189 279 156 228 156 280 156 280 156 228 156 227 156 251 190 281 190 234 190 234 191 281 191 282 191 234 192 282 192 283 192 284 156 285 156 154 156 271 156 286 156 152 156 152 193 286 193 287 193 152 194 287 194 252 194 263 156 288 156 234 156 234 195 288 195 289 195 234 156 289 156 249 156 249 196 289 196 290 196 249 156 290 156 228 156 228 197 290 197 291 197 228 198 291 198 226 198 285 156 292 156 154 156 154 199 292 199 293 199 154 200 293 200 264 200 266 156 294 156 154 156 154 201 294 201 295 201 154 156 295 156 152 156 152 202 295 202 296 202 152 203 296 203 267 203 283 156 297 156 234 156 234 204 297 204 298 204 234 156 298 156 154 156 154 205 298 205 299 205 154 206 299 206 284 206 300 49 243 49 17 49 17 49 243 49 234 49 17 49 234 49 7 49 7 49 234 49 301 49 302 3 168 3 76 3 76 3 168 3 171 3 76 207 171 207 80 207 80 3 171 3 303 3 304 208 303 208 171 208 305 208 306 208 152 208 152 209 306 209 307 209 307 208 308 208 152 208 152 210 308 210 309 210 152 211 309 211 310 211 311 212 312 212 152 212 152 213 312 213 313 213 152 214 313 214 305 214 310 215 314 215 152 215 152 216 314 216 315 216 152 217 315 217 316 217 316 218 317 218 152 218 152 208 317 208 318 208 152 208 318 208 171 208 171 219 318 219 319 219 171 220 319 220 304 220 300 208 320 208 243 208 243 221 320 221 321 221 243 208 321 208 152 208 152 222 321 222 322 222 152 223 322 223 311 223 80 224 303 224 323 224 323 225 303 225 304 225 323 226 304 226 324 226 324 227 304 227 319 227 324 228 319 228 325 228 325 229 319 229 318 229 325 230 318 230 326 230 326 230 318 230 317 230 326 231 317 231 327 231 327 232 317 232 316 232 327 233 316 233 328 233 328 234 316 234 315 234 328 235 315 235 329 235 329 236 315 236 314 236 329 237 314 237 330 237 330 238 314 238 310 238 330 239 310 239 331 239 331 240 310 240 309 240 331 241 309 241 332 241 332 242 309 242 308 242 332 243 308 243 333 243 333 244 308 244 307 244 333 245 307 245 334 245 334 245 307 245 306 245 334 246 306 246 335 246 335 247 306 247 305 247 335 248 305 248 336 248 336 249 305 249 313 249 336 250 313 250 337 250 337 251 313 251 312 251 337 252 312 252 338 252 338 253 312 253 311 253 338 254 311 254 339 254 339 255 311 255 322 255 339 256 322 256 340 256 340 257 322 257 321 257 340 258 321 258 341 258 341 259 321 259 320 259 341 260 320 260 17 260 17 261 320 261 300 261 34 262 80 262 323 262 332 262 333 262 34 262 323 262 324 262 34 262 34 262 324 262 325 262 34 263 325 263 326 263 333 262 334 262 34 262 34 262 334 262 335 262 34 264 335 264 336 264 326 262 327 262 34 262 34 262 327 262 328 262 34 265 328 265 329 265 329 262 330 262 34 262 34 262 330 262 331 262 34 266 331 266 332 266 336 262 337 262 34 262 34 267 337 267 338 267 34 268 338 268 339 268 339 262 340 262 34 262 34 269 340 269 341 269 34 262 341 262 17 262 302 224 76 224 342 224 342 270 76 270 343 270 342 227 343 227 344 227 344 226 343 226 345 226 344 228 345 228 346 228 346 271 345 271 347 271 346 230 347 230 348 230 348 230 347 230 349 230 348 231 349 231 350 231 350 232 349 232 351 232 350 272 351 272 352 272 352 273 351 273 353 273 352 235 353 235 354 235 354 274 353 274 355 274 354 237 355 237 356 237 356 238 355 238 357 238 356 275 357 275 358 275 358 240 357 240 359 240 358 241 359 241 360 241 360 242 359 242 361 242 360 243 361 243 362 243 362 276 361 276 363 276 362 245 363 245 364 245 364 277 363 277 365 277 364 246 365 246 366 246 366 247 365 247 367 247 366 248 367 248 368 248 368 249 367 249 369 249 368 250 369 250 370 250 370 278 369 278 371 278 370 252 371 252 372 252 372 253 371 253 373 253 372 254 373 254 374 254 374 255 373 255 375 255 374 256 375 256 376 256 376 257 375 257 377 257 376 279 377 279 378 279 378 280 377 280 379 280 378 260 379 260 301 260 301 261 379 261 7 261 378 262 301 262 234 262 362 262 364 262 154 262 362 262 154 262 360 262 302 262 342 262 168 262 168 281 342 281 344 281 168 262 344 262 154 262 154 282 344 282 346 282 154 283 346 283 348 283 364 262 366 262 154 262 154 284 366 284 368 284 154 262 368 262 370 262 348 285 350 285 154 285 154 286 350 286 352 286 154 287 352 287 354 287 354 262 356 262 154 262 154 288 356 288 358 288 154 289 358 289 360 289 370 290 372 290 154 290 154 291 372 291 374 291 154 292 374 292 234 292 234 293 374 293 376 293 234 294 376 294 378 294 343 208 76 208 0 208 343 208 0 208 345 208 0 295 7 295 379 295 367 208 365 208 0 208 0 296 365 296 363 296 379 208 377 208 0 208 0 297 377 297 375 297 0 298 375 298 373 298 373 208 371 208 0 208 0 299 371 299 369 299 0 300 369 300 367 300 363 208 361 208 0 208 0 301 361 301 359 301 0 302 359 302 357 302 357 303 355 303 0 303 0 208 355 208 353 208 0 304 353 304 351 304 351 208 349 208 0 208 0 305 349 305 347 305 0 306 347 306 345 306 272 307 49 307 273 307 273 307 49 307 73 307 273 308 73 308 274 308 274 309 73 309 46 309 274 310 46 310 229 310 229 310 46 310 45 310 229 311 45 311 230 311 230 312 45 312 44 312 230 313 44 313 231 313 231 314 44 314 33 314 231 315 33 315 253 315 253 316 33 316 32 316 253 317 32 317 254 317 254 317 32 317 43 317 254 318 43 318 255 318 255 319 43 319 42 319 255 320 42 320 245 320 245 321 42 321 41 321 245 322 41 322 244 322 244 323 41 323 31 323 244 324 31 324 242 324 242 325 31 325 30 325 242 326 30 326 256 326 256 327 30 327 29 327 256 328 29 328 257 328 257 329 29 329 22 329 257 330 22 330 258 330 258 331 22 331 21 331 258 332 21 332 275 332 275 333 21 333 20 333 275 334 20 334 276 334 276 335 20 335 19 335 276 336 19 336 259 336 259 337 19 337 18 337 259 338 18 338 260 338 260 339 18 339 6 339 260 340 6 340 232 340 232 341 6 341 5 341 232 342 5 342 233 342 233 343 5 343 28 343 233 344 28 344 235 344 235 345 28 345 27 345 235 346 27 346 236 346 236 347 27 347 26 347 236 348 26 348 261 348 261 349 26 349 40 349 261 350 40 350 262 350 262 351 40 351 39 351 262 352 39 352 263 352 263 353 39 353 38 353 263 354 38 354 288 354 288 355 38 355 37 355 288 356 37 356 289 356 289 357 37 357 54 357 289 358 54 358 290 358 290 359 54 359 53 359 290 360 53 360 291 360 291 361 53 361 52 361 291 362 52 362 226 362 226 362 52 362 25 362 226 363 25 363 227 363 227 364 25 364 24 364 227 365 24 365 280 365 280 366 24 366 23 366 280 367 23 367 279 367 279 368 23 368 4 368 279 369 4 369 239 369 239 369 4 369 3 369 239 370 3 370 237 370 237 371 3 371 58 371 237 372 58 372 272 372 272 372 58 372 49 372 295 307 1 307 296 307 296 307 1 307 50 307 296 373 50 373 267 373 267 373 50 373 51 373 267 310 51 310 268 310 268 374 51 374 70 374 268 375 70 375 269 375 269 312 70 312 69 312 269 376 69 376 270 376 270 377 69 377 57 377 270 378 57 378 271 378 271 316 57 316 56 316 271 317 56 317 286 317 286 379 56 379 55 379 286 318 55 318 287 318 287 319 55 319 36 319 287 380 36 380 252 380 252 321 36 321 35 321 252 322 35 322 238 322 238 381 35 381 68 381 238 324 68 324 240 324 240 382 68 382 67 382 240 326 67 326 241 326 241 327 67 327 66 327 241 328 66 328 246 328 246 329 66 329 65 329 246 383 65 383 247 383 247 384 65 384 64 384 247 385 64 385 248 385 248 386 64 386 63 386 248 335 63 335 277 335 277 335 63 335 75 335 277 337 75 337 278 337 278 336 75 336 74 336 278 387 74 387 228 387 228 338 74 338 72 338 228 341 72 341 249 341 249 388 72 388 71 388 249 389 71 389 250 389 250 390 71 390 48 390 250 344 48 344 251 344 251 344 48 344 47 344 251 391 47 391 281 391 281 392 47 392 62 392 281 393 62 393 282 393 282 394 62 394 61 394 282 350 61 350 283 350 283 351 61 351 60 351 283 352 60 352 297 352 297 353 60 353 59 353 297 395 59 395 298 395 298 355 59 355 16 355 298 396 16 396 299 396 299 357 16 357 15 357 299 358 15 358 284 358 284 397 15 397 14 397 284 360 14 360 285 360 285 361 14 361 13 361 285 398 13 398 292 398 292 362 13 362 12 362 292 363 12 363 293 363 293 399 12 399 11 399 293 400 11 400 264 400 264 401 11 401 10 401 264 367 10 367 265 367 265 402 10 402 9 402 265 403 9 403 266 403 266 369 9 369 8 369 266 404 8 404 294 404 294 405 8 405 2 405 294 372 2 372 295 372 295 372 2 372 1 372 224 406 115 406 225 406 225 407 115 407 113 407 225 408 113 408 213 408 213 409 113 409 112 409 213 410 112 410 214 410 214 411 112 411 96 411 214 412 96 412 215 412 215 413 96 413 95 413 215 414 95 414 216 414 216 415 95 415 94 415 216 416 94 416 217 416 217 417 94 417 83 417 217 418 83 418 220 418 220 419 83 419 82 419 220 420 82 420 221 420 221 421 82 421 100 421 221 422 100 422 222 422 222 423 100 423 138 423 222 424 138 424 205 424 205 424 138 424 146 424 205 425 146 425 206 425 206 426 146 426 145 426 206 427 145 427 218 427 218 428 145 428 137 428 218 429 137 429 219 429 219 430 137 430 136 430 219 431 136 431 150 431 150 432 136 432 135 432 150 433 135 433 151 433 151 434 135 434 132 434 151 435 132 435 156 435 156 436 132 436 133 436 156 437 133 437 155 437 155 438 133 438 134 438 155 439 134 439 153 439 153 440 134 440 144 440 153 441 144 441 157 441 157 442 144 442 143 442 157 443 143 443 158 443 158 444 143 444 142 444 158 445 142 445 159 445 159 446 142 446 131 446 159 447 131 447 195 447 195 448 131 448 130 448 195 449 130 449 196 449 196 450 130 450 129 450 196 451 129 451 160 451 160 452 129 452 126 452 160 453 126 453 161 453 161 454 126 454 125 454 161 455 125 455 186 455 186 456 125 456 124 456 186 457 124 457 187 457 187 458 124 458 141 458 187 459 141 459 188 459 188 460 141 460 140 460 188 461 140 461 204 461 204 462 140 462 139 462 204 463 139 463 192 463 192 464 139 464 123 464 192 465 123 465 193 465 193 466 123 466 122 466 193 467 122 467 210 467 210 468 122 468 121 468 210 469 121 469 211 469 211 470 121 470 86 470 211 471 86 471 212 471 212 472 86 472 85 472 212 473 85 473 223 473 223 474 85 474 127 474 223 475 127 475 224 475 224 476 127 476 115 476 178 477 77 477 179 477 179 478 77 478 79 478 179 479 79 479 169 479 169 480 79 480 81 480 169 410 81 410 170 410 170 411 81 411 93 411 170 481 93 481 172 481 172 482 93 482 92 482 172 483 92 483 173 483 173 484 92 484 91 484 173 485 91 485 189 485 189 486 91 486 105 486 189 487 105 487 190 487 190 487 105 487 104 487 190 488 104 488 191 488 191 489 104 489 103 489 191 490 103 490 197 490 197 490 103 490 111 490 197 424 111 424 198 424 198 424 111 424 110 424 198 491 110 491 199 491 199 492 110 492 109 492 199 427 109 427 180 427 180 428 109 428 90 428 180 429 90 429 181 429 181 430 90 430 89 430 181 493 89 493 182 493 182 494 89 494 88 494 182 433 88 433 183 433 183 434 88 434 87 434 183 495 87 495 184 495 184 496 87 496 149 496 184 497 149 497 185 497 185 498 149 498 148 498 185 439 148 439 194 439 194 440 148 440 147 440 194 441 147 441 203 441 203 442 147 442 102 442 203 499 102 499 162 499 162 500 102 500 101 500 162 501 101 501 163 501 163 502 101 502 84 502 163 447 84 447 164 447 164 448 84 448 114 448 164 503 114 503 165 503 165 504 114 504 116 504 165 451 116 451 207 451 207 452 116 452 117 452 207 453 117 453 208 453 208 454 117 454 128 454 208 505 128 505 209 505 209 506 128 506 120 506 209 457 120 457 200 457 200 458 120 458 119 458 200 507 119 507 201 507 201 508 119 508 118 508 201 509 118 509 202 509 202 510 118 510 108 510 202 511 108 511 166 511 166 511 108 511 107 511 166 512 107 512 167 512 167 513 107 513 106 513 167 514 106 514 174 514 174 515 106 515 99 515 174 516 99 516 175 516 175 517 99 517 98 517 175 471 98 471 176 471 176 472 98 472 97 472 176 518 97 518 177 518 177 519 97 519 78 519 177 520 78 520 178 520 178 521 78 521 77 521</p>
        </triangles>
      </mesh>
    </geometry>
    <geometry id="MMO_700_dual_-_bracket_single-1-mesh" name="MMO_700_dual - bracket_single-1">
      <mesh>
        <source id="MMO_700_dual_-_bracket_single-1-mesh-positions">
          <float_array id="MMO_700_dual_-_bracket_single-1-mesh-positions-array" count="1140">0.203105 0.53711 0.7789515 0.203105 0.52461 0.7909515 0.203105 0.5253046 0.7910123 0.203105 0.5259781 0.8361927 0.203105 0.52661 0.8364874 0.203105 0.5253046 0.8438907 0.203105 0.52461 0.8439515 0.203105 0.53711 0.8569515 0.203105 0.5259781 0.7911927 0.203105 0.52661 0.7914874 0.203105 0.5271812 0.7918874 0.203105 0.5276742 0.7923803 0.203105 0.5280741 0.7929515 0.203105 0.5283688 0.7935834 0.203105 0.5285492 0.7942569 0.203105 0.52861 0.7949515 0.203105 0.5285492 0.7956461 0.203105 0.51211 0.8569515 0.203105 0.5239154 0.8438907 0.203105 0.5232419 0.8437103 0.203105 0.52261 0.8434156 0.203105 0.5220388 0.8430157 0.203105 0.5215458 0.8425226 0.203105 0.5271812 0.8368873 0.203105 0.5276742 0.8373804 0.203105 0.5280741 0.8379515 0.203105 0.5271812 0.8430157 0.203105 0.52661 0.8434156 0.203105 0.5259781 0.8437103 0.203105 0.5211459 0.8419515 0.203105 0.5208512 0.8413196 0.203105 0.5206708 0.8406461 0.203105 0.5211459 0.8379515 0.203105 0.5215458 0.8373804 0.203105 0.51211 0.7789515 0.203105 0.52061 0.7949515 0.203105 0.5206708 0.7942569 0.203105 0.5285492 0.8406461 0.203105 0.5283688 0.8413196 0.203105 0.5280741 0.8419515 0.203105 0.5276742 0.8425226 0.203105 0.52061 0.8399515 0.203105 0.5206708 0.8392569 0.203105 0.5208512 0.8385834 0.203105 0.5220388 0.8368873 0.203105 0.52261 0.8364874 0.203105 0.5232419 0.8361927 0.203105 0.52661 0.7984156 0.203105 0.5259781 0.7987103 0.203105 0.52461 0.8359515 0.203105 0.5239154 0.7910123 0.203105 0.5232419 0.7911927 0.203105 0.5283688 0.8385834 0.203105 0.5285492 0.8392569 0.203105 0.52861 0.8399515 0.203105 0.5208512 0.7935834 0.203105 0.5211459 0.7929515 0.203105 0.5215458 0.7923803 0.203105 0.5253046 0.8360123 0.203105 0.5283688 0.7963196 0.203105 0.5280741 0.7969515 0.203105 0.5276742 0.7975227 0.203105 0.5271812 0.7980157 0.203105 0.52261 0.7984156 0.203105 0.5220388 0.7980157 0.203105 0.5215458 0.7975227 0.203105 0.5211459 0.7969515 0.203105 0.5208512 0.7963196 0.203105 0.5206708 0.7956461 0.203105 0.5220388 0.7918874 0.203105 0.52261 0.7914874 0.203105 0.5253046 0.7988907 0.203105 0.52461 0.7989515 0.203105 0.5239154 0.8360123 0.203105 0.5239154 0.7988907 0.203105 0.5232419 0.7987103 0.125105 0.53711 0.7789515 0.137105 0.52461 0.7789515 0.1371657 0.5253046 0.7789515 0.1371657 0.5239154 0.7789515 0.125105 0.51211 0.7789515 0.1373462 0.5232419 0.7789515 0.1847369 0.5208512 0.7789515 0.184105 0.5211459 0.7789515 0.1445691 0.52661 0.7789515 0.1823462 0.5259781 0.7789515 0.1826409 0.52661 0.7789515 0.1445691 0.52261 0.7789515 0.1441692 0.5220388 0.7789515 0.1436761 0.5215458 0.7789515 0.143105 0.5211459 0.7789515 0.1385338 0.5215458 0.7789515 0.1380408 0.5220388 0.7789515 0.1376409 0.52261 0.7789515 0.1835339 0.5215458 0.7789515 0.1830408 0.5220388 0.7789515 0.1826409 0.52261 0.7789515 0.1373462 0.5259781 0.7789515 0.1376409 0.52661 0.7789515 0.1380408 0.5271812 0.7789515 0.1854104 0.5206708 0.7789515 0.1448637 0.5259781 0.7789515 0.1450442 0.5253046 0.7789515 0.1404104 0.5206708 0.7789515 0.1397369 0.5208512 0.7789515 0.139105 0.5211459 0.7789515 0.1385338 0.5276742 0.7789515 0.139105 0.5280741 0.7789515 0.1397369 0.5283688 0.7789515 0.1424731 0.5208512 0.7789515 0.1417996 0.5206708 0.7789515 0.141105 0.52061 0.7789515 0.1823462 0.5232419 0.7789515 0.1821658 0.5239154 0.7789515 0.1441692 0.5271812 0.7789515 0.182105 0.52461 0.7789515 0.1436761 0.5276742 0.7789515 0.143105 0.5280741 0.7789515 0.1404104 0.5285492 0.7789515 0.141105 0.52861 0.7789515 0.1417996 0.5285492 0.7789515 0.1830408 0.5271812 0.7789515 0.1835339 0.5276742 0.7789515 0.184105 0.5280741 0.7789515 0.1867996 0.5285492 0.7789515 0.1874731 0.5283688 0.7789515 0.188105 0.5280741 0.7789515 0.1821658 0.5253046 0.7789515 0.1424731 0.5283688 0.7789515 0.1886761 0.5276742 0.7789515 0.1891692 0.5271812 0.7789515 0.1895691 0.52661 0.7789515 0.1895691 0.52261 0.7789515 0.1898638 0.5232419 0.7789515 0.1900442 0.5239154 0.7789515 0.1891692 0.5220388 0.7789515 0.1886761 0.5215458 0.7789515 0.188105 0.5211459 0.7789515 0.186105 0.52061 0.7789515 0.1847369 0.5283688 0.7789515 0.1854104 0.5285492 0.7789515 0.186105 0.52861 0.7789515 0.1898638 0.5259781 0.7789515 0.1900442 0.5253046 0.7789515 0.190105 0.52461 0.7789515 0.1874731 0.5208512 0.7789515 0.1867996 0.5206708 0.7789515 0.145105 0.52461 0.7789515 0.1450442 0.5239154 0.7789515 0.1448637 0.5232419 0.7789515 0.1891692 0.5220388 0.7669515 0.1895691 0.52261 0.7669515 0.215105 0.50711 0.7669515 0.190105 0.52461 0.7669515 0.215105 0.54211 0.7669515 0.1900442 0.5239154 0.7669515 0.1898638 0.5232419 0.7669515 0.1900442 0.5253046 0.7669515 0.1898638 0.5259781 0.7669515 0.1895691 0.52661 0.7669515 0.188105 0.5280741 0.7669515 0.1874731 0.5283688 0.7669515 0.1448637 0.5259781 0.7669515 0.1445691 0.52661 0.7669515 0.1441692 0.5271812 0.7669515 0.1436761 0.5276742 0.7669515 0.139105 0.5280741 0.7669515 0.1385338 0.5276742 0.7669515 0.125105 0.54211 0.7669515 0.1373462 0.5232419 0.7669515 0.1376409 0.52261 0.7669515 0.125105 0.50711 0.7669515 0.1380408 0.5220388 0.7669515 0.1385338 0.5215458 0.7669515 0.1380408 0.5271812 0.7669515 0.1376409 0.52661 0.7669515 0.1373462 0.5259781 0.7669515 0.1371657 0.5253046 0.7669515 0.137105 0.52461 0.7669515 0.1371657 0.5239154 0.7669515 0.143105 0.5211459 0.7669515 0.1436761 0.5215458 0.7669515 0.1441692 0.5220388 0.7669515 0.1445691 0.52261 0.7669515 0.1448637 0.5232419 0.7669515 0.1450442 0.5239154 0.7669515 0.1867996 0.5285492 0.7669515 0.186105 0.52861 0.7669515 0.1854104 0.5285492 0.7669515 0.139105 0.5211459 0.7669515 0.1397369 0.5208512 0.7669515 0.1404104 0.5206708 0.7669515 0.184105 0.5280741 0.7669515 0.1835339 0.5276742 0.7669515 0.145105 0.52461 0.7669515 0.1891692 0.5271812 0.7669515 0.1886761 0.5276742 0.7669515 0.141105 0.52061 0.7669515 0.1417996 0.5206708 0.7669515 0.1424731 0.5208512 0.7669515 0.141105 0.52861 0.7669515 0.1404104 0.5285492 0.7669515 0.1397369 0.5283688 0.7669515 0.1450442 0.5253046 0.7669515 0.1847369 0.5283688 0.7669515 0.1867996 0.5206708 0.7669515 0.1874731 0.5208512 0.7669515 0.143105 0.5280741 0.7669515 0.1424731 0.5283688 0.7669515 0.1417996 0.5285492 0.7669515 0.1830408 0.5271812 0.7669515 0.1826409 0.52661 0.7669515 0.1823462 0.5259781 0.7669515 0.1823462 0.5232419 0.7669515 0.1826409 0.52261 0.7669515 0.1830408 0.5220388 0.7669515 0.1835339 0.5215458 0.7669515 0.184105 0.5211459 0.7669515 0.188105 0.5211459 0.7669515 0.1886761 0.5215458 0.7669515 0.1847369 0.5208512 0.7669515 0.1854104 0.5206708 0.7669515 0.186105 0.52061 0.7669515 0.1821658 0.5253046 0.7669515 0.182105 0.52461 0.7669515 0.1821658 0.5239154 0.7669515 0.215105 0.5280741 0.8379515 0.215105 0.5276742 0.8373804 0.215105 0.52461 0.7989515 0.215105 0.52261 0.8364874 0.215105 0.5220388 0.8368873 0.215105 0.5215458 0.8373804 0.215105 0.5253046 0.8438907 0.215105 0.5259781 0.8437103 0.215105 0.54211 0.8569515 0.215105 0.52661 0.8434156 0.215105 0.5271812 0.8430157 0.215105 0.5253046 0.8360123 0.215105 0.5206708 0.7956461 0.215105 0.5259781 0.8361927 0.215105 0.5208512 0.7963196 0.215105 0.5211459 0.7969515 0.215105 0.5208512 0.8413196 0.215105 0.50711 0.8569515 0.215105 0.5206708 0.8406461 0.215105 0.52061 0.8399515 0.215105 0.5215458 0.7975227 0.215105 0.5220388 0.7980157 0.215105 0.52261 0.7984156 0.215105 0.5253046 0.7988907 0.215105 0.5259781 0.7987103 0.215105 0.52661 0.7984156 0.215105 0.52061 0.7949515 0.215105 0.5211459 0.8379515 0.215105 0.5208512 0.8385834 0.215105 0.5206708 0.8392569 0.215105 0.5211459 0.8419515 0.215105 0.5215458 0.8425226 0.215105 0.5220388 0.8430157 0.215105 0.5239154 0.8438907 0.215105 0.52461 0.8439515 0.215105 0.5276742 0.8425226 0.215105 0.5280741 0.8419515 0.215105 0.5283688 0.8413196 0.215105 0.5271812 0.7918874 0.215105 0.52661 0.7914874 0.215105 0.5259781 0.7911927 0.215105 0.5232419 0.7911927 0.215105 0.52261 0.7914874 0.215105 0.5220388 0.7918874 0.215105 0.5215458 0.7923803 0.215105 0.5211459 0.7929515 0.215105 0.52461 0.8359515 0.215105 0.5239154 0.8360123 0.215105 0.5232419 0.8361927 0.215105 0.52261 0.8434156 0.215105 0.5232419 0.8437103 0.215105 0.5232419 0.7987103 0.215105 0.5239154 0.7988907 0.215105 0.52661 0.8364874 0.215105 0.5271812 0.8368873 0.215105 0.5271812 0.7980157 0.215105 0.5276742 0.7975227 0.215105 0.5280741 0.7969515 0.215105 0.5285492 0.7942569 0.215105 0.5283688 0.7935834 0.215105 0.5208512 0.7935834 0.215105 0.5206708 0.7942569 0.215105 0.5285492 0.8406461 0.215105 0.52861 0.8399515 0.215105 0.5285492 0.8392569 0.215105 0.5283688 0.8385834 0.215105 0.5280741 0.7929515 0.215105 0.5276742 0.7923803 0.215105 0.5253046 0.7910123 0.215105 0.52461 0.7909515 0.215105 0.5239154 0.7910123 0.215105 0.5283688 0.7963196 0.215105 0.5285492 0.7956461 0.215105 0.52861 0.7949515 0.203105 0.50711 0.8569515 0.203105 0.54211 0.8569515 0.125105 0.54211 0.7789515 0.125105 0.50711 0.7789515 0.1312248 0.50711 0.779192 0.1916109 0.50711 0.8161966 0.1882083 0.50711 0.8111042 0.1844167 0.50711 0.8062946 0.1802593 0.50711 0.8017972 0.1757619 0.50711 0.7976399 0.1709522 0.50711 0.7938482 0.1992874 0.50711 0.8328482 0.1971676 0.50711 0.8271022 0.1946035 0.50711 0.8215402 0.1658599 0.50711 0.7904456 0.1605162 0.50711 0.787453 0.1549543 0.50711 0.7848889 0.1492083 0.50711 0.7827691 0.1433137 0.50711 0.7811067 0.1373069 0.50711 0.7799118 0.2028645 0.50711 0.8508317 0.2021447 0.50711 0.8447496 0.2009499 0.50711 0.8387427 0.1312248 0.51211 0.779192 0.1373069 0.51211 0.7799118 0.1433137 0.51211 0.7811067 0.1492083 0.51211 0.7827691 0.1549543 0.51211 0.7848889 0.1605162 0.51211 0.787453 0.1658599 0.51211 0.7904456 0.1709522 0.51211 0.7938482 0.1757619 0.51211 0.7976399 0.1802593 0.51211 0.8017972 0.1844167 0.51211 0.8062946 0.1882083 0.51211 0.8111042 0.1916109 0.51211 0.8161966 0.1946035 0.51211 0.8215402 0.1971676 0.51211 0.8271022 0.1992874 0.51211 0.8328482 0.2009499 0.51211 0.8387427 0.2021447 0.51211 0.8447496 0.2028645 0.51211 0.8508317 0.1312248 0.54211 0.779192 0.1312248 0.53711 0.779192 0.1373069 0.54211 0.7799118 0.1373069 0.53711 0.7799118 0.1433137 0.54211 0.7811067 0.1433137 0.53711 0.7811067 0.1492083 0.54211 0.7827691 0.1492083 0.53711 0.7827691 0.1549543 0.54211 0.7848889 0.1549543 0.53711 0.7848889 0.1605162 0.54211 0.787453 0.1605162 0.53711 0.787453 0.1658599 0.54211 0.7904456 0.1658599 0.53711 0.7904456 0.1709522 0.54211 0.7938482 0.1709522 0.53711 0.7938482 0.1757619 0.54211 0.7976399 0.1757619 0.53711 0.7976399 0.1802593 0.54211 0.8017972 0.1802593 0.53711 0.8017972 0.1844167 0.54211 0.8062946 0.1844167 0.53711 0.8062946 0.1882083 0.54211 0.8111042 0.1882083 0.53711 0.8111042 0.1916109 0.54211 0.8161966 0.1916109 0.53711 0.8161966 0.1946035 0.54211 0.8215402 0.1946035 0.53711 0.8215402 0.1971676 0.54211 0.8271022 0.1971676 0.53711 0.8271022 0.1992874 0.54211 0.8328482 0.1992874 0.53711 0.8328482 0.2009499 0.54211 0.8387427 0.2009499 0.53711 0.8387427 0.2021447 0.54211 0.8447496 0.2021447 0.53711 0.8447496 0.2028645 0.54211 0.8508317 0.2028645 0.53711 0.8508317</float_array>
          <technique_common>
            <accessor source="#MMO_700_dual_-_bracket_single-1-mesh-positions-array" count="380" stride="3">
              <param name="X" type="float"/>
              <param name="Y" type="float"/>
              <param name="Z" type="float"/>
            </accessor>
          </technique_common>
        </source>
        <source id="MMO_700_dual_-_bracket_single-1-mesh-normals">
          <float_array id="MMO_700_dual_-_bracket_single-1-mesh-normals-array" count="1665">-1 1.13997e-5 0 -1 1.54914e-5 0 -1 0 0 -1 4.54215e-5 0 -1 -2.90655e-5 0 -1 1.409e-5 0 -1 2.70504e-6 0 -1 -3.55078e-5 0 -1 4.2324e-5 0 -1 -3.54122e-5 0 -1 -1.05898e-5 0 -1 -2.13111e-5 0 -1 3.99808e-5 0 -1 -1.34157e-5 0 -1 -1.36058e-5 0 -1 -2.30491e-5 0 -1 1.72063e-5 0 -1 -2.74871e-5 0 -1 2.13074e-5 0 -1 3.4476e-5 0 -1 -4.34485e-5 0 -1 -6.7714e-5 0 -1 5.34759e-5 0 -1 -4.59686e-5 0 -1 2.60824e-6 0 -1 1.36036e-5 0 -1 2.98773e-5 0 -1 -2.78947e-6 0 -1 6.11935e-5 0 -1 -4.53658e-5 0 -1 2.08099e-5 0 -1 -1.54914e-5 0 -1 -4.54215e-5 0 -1 8.06517e-5 0 -1 -6.11935e-5 0 -1 2.78947e-6 0 -1 -2.98773e-5 0 -1 -2.51725e-5 0 -1 3.55078e-5 0 -1 -2.70471e-6 0 -1 3.19604e-6 0 -1 -6.59707e-5 0 -1 1.89024e-4 0 -1 -8.75914e-5 0 -1 6.83948e-5 0 -1 9.18028e-6 0 -1 7.756e-6 0 -1 -8.78176e-6 0 -1 1.28483e-4 0 -1 -1.02323e-4 0 -1 2.11385e-5 0 -1 3.54122e-5 0 -1 -1.40907e-5 0 -1 2.90606e-5 0 -1 3.74985e-5 0 -1 -1.40852e-5 0 -1 -2.20817e-5 0 -1 9.22339e-6 0 -1 -2.58032e-5 0 -1.66391e-4 0 1 0 0 1 1.13585e-4 0 1 4.72099e-5 0 1 2.475e-5 0 1 -1.02885e-5 0 1 -3.9914e-6 0 1 -5.12438e-5 0 1 9.51007e-5 0 1 -3.48203e-5 0 1 1.7335e-5 0 1 9.51123e-5 0 1 -7.68653e-5 0 1 -4.83875e-6 0 1 1.76707e-5 0 1 -4.1428e-5 0 1 1.08175e-5 0 1 7.03242e-5 0 1 -4.14265e-5 0 1 2.42158e-5 0 1 -1.62345e-5 0 1 1.1638e-5 0 1 -2.0355e-5 0 1 9.37384e-6 0 1 -4.44426e-6 0 1 2.67037e-5 0 1 -3.42091e-5 0 1 1.16394e-5 0 1 -1.62261e-5 0 1 -2.51332e-5 0 1 -8.69795e-6 0 1 2.63118e-5 0 1 4.02229e-5 0 1 -3.19605e-6 0 1 1.64929e-5 0 1 -1.25914e-5 0 1 -6.25629e-6 0 1 -8.34446e-5 0 1 2.47348e-5 0 1 7.3187e-5 0 1 -1.59885e-4 0 1 7.8064e-5 0 1 -2.96858e-5 0 1 -1.04294e-5 0 1 1.64311e-5 0 1 -2.44801e-5 0 1 1.64338e-5 0 1 -1.15379e-5 0 1 -1.59923e-4 0 1 -4.26125e-5 0 1 5.70456e-6 0 1 -4.22384e-5 0 1 1.54583e-4 0 1 4.67977e-5 0 1 -1.15391e-5 0 1 -1.23704e-5 0 1 -5.64727e-6 0 1 -2.61339e-5 0 1 0 0 -1 4.24715e-6 0 -1 1.01082e-4 0 -1 -2.9232e-5 0 -1 -5.62275e-6 0 -1 2.12888e-5 0 -1 -1.09994e-5 0 -1 1.36808e-4 0 -1 -6.09943e-5 0 -1 2.54215e-5 0 -1 -7.40746e-5 0 -1 9.32131e-6 0 -1 -1.36258e-4 0 -1 -1.36271e-4 0 -1 4.17399e-5 0 -1 -5.06073e-5 0 -1 -8.24962e-6 0 -1 -2.36942e-6 0 -1 -9.27279e-6 0 -1 6.7922e-5 0 -1 -9.93846e-5 0 -1 1.36818e-4 0 -1 -4.03125e-5 0 -1 -2.44661e-6 0 -1 8.96218e-5 0 -1 -2.31118e-5 0 -1 -5.56996e-5 0 -1 9.00427e-5 0 -1 1.3015e-6 0 -1 1.74126e-5 0 -1 -2.44682e-6 0 -1 -4.03114e-5 0 -1 4.12957e-6 0 -1 -6.29572e-6 0 -1 -6.25821e-6 0 -1 2.04345e-6 0 -1 -5.06175e-5 0 -1 1.74095e-5 0 -1 4.75525e-6 0 -1 9.00352e-5 0 -1 -2.81968e-6 0 -1 -5.03441e-6 0 -1 4.98175e-6 0 -1 -1.11111e-5 0 -1 6.53721e-6 0 -1 -1.24425e-5 0 -1 -6.49839e-5 0 -1 -1.73328e-5 0 -1 -5.70802e-6 0 -1 -9.93983e-5 0 -1 6.79263e-5 0 -1 1 0 0 1 -1.39125e-5 0 1 3.93701e-5 0 1 -1.44184e-5 0 1 -7.31245e-6 0 1 7.06839e-5 0 1 -4.66803e-4 0 1 -3.85624e-5 0 1 4.47307e-5 0 1 1.44014e-4 0 1 5.00047e-5 0 1 -6.40161e-5 0 1 -1.50566e-5 0 1 -2.27554e-5 0 1 1.36768e-5 0 1 -7.53065e-7 0 1 2.45036e-5 0 1 -2.44175e-5 0 1 4.15353e-6 0 1 -8.18039e-6 0 1 4.54441e-5 0 1 -3.58595e-5 0 1 -4.15358e-6 0 1 4.37978e-6 0 1 1.52243e-5 0 1 -1.52243e-5 0 1 -4.44217e-6 0 1 1.58044e-6 0 1 -1.90051e-5 0 1 -2.36441e-5 0 1 1.28993e-5 0 1 1.44205e-5 0 1 -2.02986e-5 0 1 1.02895e-5 0 1 -3.99552e-6 0 1 4.69991e-5 0 1 -2.31759e-5 0 1 2.8185e-5 0 1 8.27972e-6 0 1 6.8303e-5 0 1 3.85624e-5 0 1 -2.79552e-5 0 0.9999945 0.003339469 0 1 6.93097e-5 0 1 -4.37941e-5 0 1 -1.58056e-6 0 1 4.44188e-6 0 1 5.8471e-6 0 1 -5.8471e-6 0 1 1.32381e-5 0 1 -5.7647e-6 0 1 2.27554e-5 0 1 -6.8303e-5 0 6.20881e-6 0 1 0 -1 0 0 -1 6.4855e-6 0 -1 -2.3536e-6 0 -1 1.54408e-6 0 -1 -7.84526e-6 0 -1 -8.07833e-6 0 -1 1.70626e-6 0 -1 -6.82504e-6 0 -1 1.1e-5 0 -1 9.18522e-6 0 -1 -1.46209e-6 0 -1 7.35971e-6 0 -1 -1.26818e-5 0 -1 3.32418e-6 0 -1 2.72628e-6 0 -1 1.14814e-6 -0.03924834 0 0.9992295 -0.03926295 0 0.999229 -0.1175302 0 0.9930693 -0.1175453 0 0.9930676 -0.1950837 0 0.9807866 -0.1950984 0 0.9807837 -0.2714378 0 0.9624561 -0.2714338 0 0.9624571 -0.3461007 0 0.9381974 -0.3461542 0 0.9381777 -0.4186377 0 0.9081534 -0.4186628 0 0.9081419 -0.4886136 0 0.8725004 -0.4886432 0 0.8724838 -0.5555632 0 0.8314744 -0.5555772 0 0.8314651 -0.619086 0 0.7853232 -0.6190934 0 0.7853174 -0.6788105 0 0.7343136 -0.6787865 0 0.7343357 -0.7343211 0 0.6788023 -0.7343352 0 0.6787871 -0.7853079 0 0.6191055 -0.7853158 0 0.6190954 -0.8314768 0 0.5555596 -0.8314639 0 0.555579 -0.8724935 0 0.4886258 -0.8724975 0 0.4886187 -0.9081391 0 0.4186685 -0.9081474 0 0.4186508 -0.9381907 0 0.346119 -0.9381918 0 0.3461158 -0.962455 0 0.2714413 -0.962454 0 0.2714448 -0.9807863 0 0.1950852 -0.9807848 0 0.1950932 -0.9930686 0 0.1175359 -0.9930685 0 0.1175377 -0.9992291 0 0.03925853 -0.999229 0 0.0392602 0 1 2.4829e-5 0 1 -9.42041e-6 0 1 1.40035e-4 0 1 -2.75911e-5 0 1 1.24617e-5 0 1 4.81158e-6 0 1 -1.25676e-6 0 1 -1.34678e-6 0 1 0 0 1 8.08072e-6 0 1 -4.8115e-6 0 1 4.71029e-6 0 1 -1.70963e-6 0 1 3.11539e-6 0 1 -1.37954e-6 0 1 1.09402e-6 -0.03924775 0 0.9992296 -0.03926354 0 0.9992289 -0.5555562 0 0.8314791 -0.5555842 0 0.8314602 -0.6787941 0 0.7343287 -0.7853115 0 0.6191008 -0.8724902 0 0.4886316 -0.8725007 0 0.4886129 -0.9081421 0 0.4186623 -0.9807841 0 0.1950969 -0.999229 0 0.03925973 0 1 -6.27624e-6 0 1 1.23526e-5 0 1 6.64833e-6 0 1 -1.36313e-5 0 1 2.75557e-5 0 1 -3.41251e-6 0 1 1.83331e-6 0 1 9.16664e-6 0 1 -1.02376e-5 0 1 1.2971e-5 0 1 -7.84526e-6 0 1 -4.59255e-6 0 1 7.35962e-6 0 1 -4.15523e-6 0 -1 4.81157e-6 0 -1 2.18807e-6 0 -1 -1.37953e-6 0 -1 -1.03846e-6 0 -1 2.97574e-6 0 -1 -4.04035e-6 0 -1 -9.42041e-6 0 -1 -4.8115e-6 0 -1 2.01082e-5 0 -1 -8.08072e-6 0 -1 2.97575e-6 0 -1 2.73541e-5 0 -1 1.24617e-5 0 -1 5.51822e-6 0 0.08710801 0.9961989 0 0.08711767 0.9961981 0 0.2588437 0.9659193 0 0.2588723 0.9659116 0 0.4226037 0.9063146 0 0.4226478 0.9062941 0 0.5735532 0.8191684 0 0.5734486 0.8192416 0 0.7071564 0.7070572 0 0.7071572 0.7070564 0 0.8191419 0.573591 0 0.8191431 0.5735894 0 0.9063009 0.4226331 0 0.9659582 0.2586983 0 0.9659025 0.258906 0 0.9961951 0.08715069 0 0.9961856 0.08726054 0 0.9961849 -0.08726841 0 0.9961946 -0.08715796 0 0.9659025 -0.258906 0 0.9659582 -0.2586983 0 0.9063009 -0.4226331 0 0.8191419 -0.573591 0 0.8191431 -0.5735894 0 0.7071564 -0.7070572 0 0.7071572 -0.7070564 0 0.5735058 -0.8192015 0 0.5736104 -0.8191283 0 0.4225764 -0.9063274 0 0.4225352 -0.9063466 0 0.2588715 -0.9659118 0 0.2588444 -0.9659191 0 0.08720272 -0.9961906 0 0.08719301 -0.9961915 0 -0.08719301 -0.9961915 0 -0.08720272 -0.9961906 0 -0.2588437 -0.9659193 0 -0.2588166 -0.9659265 0 -0.4225764 -0.9063274 0 -0.4225778 -0.9063267 0 -0.5736104 -0.8191283 0 -0.7071008 -0.7071129 0 -0.7071015 -0.707112 0 -0.8191941 -0.5735163 0 -0.8191431 -0.5735894 0 -0.9063009 -0.4226331 0 -0.9659582 -0.2586983 0 -0.9659025 -0.258906 0 -0.9961946 -0.08715796 0 -0.9961951 0.08715069 0 -0.9961953 0.08715009 0 -0.9659025 0.258906 0 -0.9659582 0.2586983 0 -0.9063009 0.4226331 0 -0.8191419 0.573591 0 -0.8191954 0.5735147 0 -0.7071008 0.7071129 0 -0.7071015 0.707112 0 -0.5735532 0.8191684 0 -0.4226464 0.9062947 0 -0.4226478 0.9062941 0 -0.2588158 0.9659268 0 -0.2588444 0.9659191 0 -0.08711767 0.9961981 0 -0.08710801 0.9961989 0 0.08719301 0.9961915 0 0.08720272 0.9961906 0 0.2587642 0.9659406 0 0.2587928 0.9659329 0 0.5736104 0.8191283 0 0.5735058 0.8192015 0 0.7071138 0.7070998 0 0.7071146 0.707099 0 0.8191699 0.5735509 0 0.8191711 0.5735493 0 0.9062854 0.4226665 0 0.9659638 0.2586774 0 0.9659087 0.2588834 0 0.9961946 0.08715796 0 0.9961849 0.08726841 0 0.9659082 -0.2588852 0 0.9659643 -0.2586757 0 0.9062854 -0.4226665 0 0.8191699 -0.5735509 0 0.8191711 -0.5735493 0 0.7071138 -0.7070998 0 0.7071146 -0.707099 0 0.4226464 -0.9062947 0 0.4226052 -0.906314 0 0.258792 -0.9659332 0 0.258765 -0.9659404 0 -0.2587642 -0.9659406 0 -0.2587372 -0.9659479 0 -0.4226464 -0.9062947 0 -0.4226478 -0.9062941 0 -0.7070581 -0.7071555 0 -0.707059 -0.7071546 0 -0.8192223 -0.5734763 0 -0.8191711 -0.5735493 0 -0.9062854 -0.4226665 0 -0.9659638 -0.2586774 0 -0.9659087 -0.2588834 0 -0.9961946 0.08715796 0 -0.9659082 0.2588852 0 -0.9659643 0.2586757 0 -0.9062854 0.4226665 0 -0.8191699 0.5735509 0 -0.8192234 0.5734746 0 -0.7070581 0.7071555 0 -0.707059 0.7071546 0 -0.5736104 0.8191283 0 -0.2587363 0.965948 0 -0.258765 0.9659404 0 -0.08720272 0.9961906 0 -0.08719301 0.9961915 0.9961994 0.08710271 0 0.9961946 0.08715796 0 0.9659165 0.2588541 0 0.9063228 0.4225861 0 0.9063016 0.4226319 0 0.8191682 0.5735534 0 0.8191728 0.5735469 0 0.7070824 0.7071312 0 0.7070894 0.7071242 0 0.5735819 0.8191483 0 0.5736127 0.8191267 0 0.4226265 0.9063041 0 0.4226478 0.9062941 0 0.2587625 0.965941 0 0.2587797 0.9659364 0 0.08719283 0.9961916 0 0.08719366 0.9961915 0 -0.08719766 0.9961911 0 -0.08719366 0.9961915 0 -0.2587625 0.965941 0 -0.2587797 0.9659364 0 -0.4226265 0.9063041 0 -0.4226478 0.9062941 0 -0.5736081 0.8191301 0 -0.5736127 0.8191267 0 -0.7070546 0.7071589 0 -0.7070894 0.7071242 0 -0.8191682 0.5735534 0 -0.8191728 0.5735469 0 -0.9063228 0.4225861 0 -0.9063016 0.4226319 0 -0.9659165 0.2588541 0 -0.9659304 0.2588022 0 -0.9961946 0.08715796 0 -0.9961946 -0.08715796 0 -0.965936 -0.2587813 0 -0.9659231 -0.2588298 0 -0.9063016 -0.4226319 0 -0.9063228 -0.4225861 0 -0.8191407 -0.5735926 0 -0.8191453 -0.5735861 0 -0.7071276 -0.7070859 0 -0.7071033 -0.7071103 0 -0.573552 -0.8191692 0 -0.5735567 -0.8191659 0 -0.4226478 -0.9062941 0 -0.4226265 -0.9063041 0 -0.2587764 -0.9659373 0 -0.2587658 -0.9659401 0 -0.08719283 -0.9961916 0 -0.08719849 -0.996191 0 0.08719283 -0.9961916 0 0.08719366 -0.9961915 0 0.2587764 -0.9659373 0 0.2587658 -0.9659401 0 0.4226478 -0.9062941 0 0.4226265 -0.9063041 0 0.573552 -0.8191692 0 0.5735306 -0.8191843 0 0.7071276 -0.7070859 0 0.7071312 -0.7070825 0 0.8191407 -0.5735926 0 0.8191453 -0.5735861 0 0.9063016 -0.4226319 0 0.9063228 -0.4225861 0 0.9659221 -0.2588332 0 0.9659231 -0.2588298 0 0.9961946 -0.08715796 0 0.9961994 -0.08710271 0 0.9659304 0.2588022 0 0.9063122 0.422609 0 0.8191813 0.5735347 0 0.7070616 0.707152 0 0.5736081 0.8191301 0 0.5735996 0.8191359 0 0.4226371 0.906299 0 0.2587695 0.9659391 0 0.2587658 0.9659401 0 0.08719611 0.9961913 0 -0.08719283 0.9961916 0 -0.08719849 0.996191 0 -0.2587695 0.9659391 0 -0.2587658 0.9659401 0 -0.4226371 0.906299 0 -0.5735949 0.8191391 0 -0.7070824 0.7071312 0 -0.8191552 0.5735721 0 -0.9659234 0.2588281 0 -0.9659299 -0.2588038 0 -0.8191323 -0.5736048 0 -0.7071312 -0.7070825 0 -0.5735436 -0.8191751 0 -0.4226371 -0.906299 0 -0.2587625 -0.965941 0 -0.2587727 -0.9659383 0 -0.08719766 -0.9961911 0 -0.08719366 -0.9961915 0 0.08719521 -0.9961913 0 0.2587625 -0.965941 0 0.2587727 -0.9659383 0 0.4226371 -0.906299 0 0.573539 -0.8191784 0 0.5735567 -0.8191659 0 0.7070999 -0.7071138 0 0.8191584 -0.5735674 0 0.9063122 -0.422609 0 0.9659369 -0.2587778 0</float_array>
          <technique_common>
            <accessor source="#MMO_700_dual_-_bracket_single-1-mesh-normals-array" count="555" stride="3">
              <param name="X" type="float"/>
              <param name="Y" type="float"/>
              <param name="Z" type="float"/>
            </accessor>
          </technique_common>
        </source>
        <vertices id="MMO_700_dual_-_bracket_single-1-mesh-vertices">
          <input semantic="POSITION" source="#MMO_700_dual_-_bracket_single-1-mesh-positions"/>
        </vertices>
        <triangles count="772">
          <input semantic="VERTEX" source="#MMO_700_dual_-_bracket_single-1-mesh-vertices" offset="0"/>
          <input semantic="NORMAL" source="#MMO_700_dual_-_bracket_single-1-mesh-normals" offset="1"/>
          <p>0 0 1 0 2 0 0 1 3 1 4 1 5 2 6 2 7 2 2 3 8 3 0 3 0 4 8 4 9 4 0 5 9 5 10 5 10 2 11 2 0 2 0 6 11 6 12 6 0 7 12 7 13 7 13 2 14 2 0 2 0 8 14 8 15 8 0 9 15 9 16 9 7 2 6 2 17 2 17 10 6 10 18 10 17 11 18 11 19 11 19 12 20 12 17 12 17 13 20 13 21 13 17 14 21 14 22 14 4 2 23 2 0 2 0 15 23 15 24 15 0 16 24 16 25 16 26 2 27 2 7 2 7 17 27 17 28 17 7 18 28 18 5 18 22 2 29 2 17 2 17 19 29 19 30 19 17 20 30 20 31 20 32 2 33 2 34 2 35 21 36 21 34 21 37 22 38 22 7 22 38 23 39 23 7 23 7 24 39 24 40 24 7 25 40 25 26 25 31 2 41 2 17 2 17 26 41 26 42 26 17 27 42 27 34 27 34 28 42 28 43 28 34 29 43 29 32 29 33 2 44 2 34 2 34 30 44 30 45 30 34 31 45 31 46 31 47 2 48 2 49 2 1 2 0 2 50 2 50 2 0 2 34 2 50 32 34 32 51 32 25 33 52 33 0 33 0 34 52 34 53 34 0 35 53 35 7 35 7 36 53 36 54 36 7 37 54 37 37 37 36 2 55 2 34 2 34 38 55 38 56 38 34 39 56 39 57 39 3 2 0 2 58 2 58 40 0 40 16 40 58 41 16 41 49 41 49 42 16 42 59 42 49 43 59 43 60 43 60 44 61 44 49 44 49 45 61 45 62 45 49 46 62 46 47 46 63 2 64 2 46 2 46 47 64 47 65 47 65 48 66 48 46 48 46 49 66 49 67 49 46 2 67 2 34 2 34 50 67 50 68 50 34 51 68 51 35 51 57 2 69 2 34 2 34 52 69 52 70 52 34 53 70 53 51 53 48 54 71 54 49 54 49 55 71 55 72 55 49 2 72 2 73 2 73 56 72 56 74 56 73 2 74 2 46 2 46 57 74 57 75 57 46 58 75 58 63 58 76 59 77 59 78 59 77 60 76 60 79 60 79 60 76 60 80 60 79 60 80 60 81 60 82 61 83 61 84 61 85 62 86 62 76 62 87 63 88 63 34 63 34 64 88 64 89 64 34 65 89 65 90 65 91 60 92 60 80 60 80 66 92 66 93 66 80 67 93 67 81 67 83 60 94 60 84 60 84 68 94 68 95 68 84 69 95 69 96 69 78 60 97 60 76 60 76 70 97 70 98 70 76 71 98 71 99 71 82 60 84 60 100 60 100 72 84 72 101 72 100 73 101 73 102 73 103 60 104 60 80 60 80 74 104 74 105 74 80 75 105 75 91 75 99 60 106 60 76 60 76 76 106 76 107 76 76 77 107 77 108 77 90 60 109 60 34 60 34 78 109 78 110 78 34 60 110 60 80 60 80 79 110 79 111 79 80 80 111 80 103 80 96 81 112 81 84 81 84 82 112 82 113 82 84 60 113 60 114 60 114 83 113 83 115 83 114 84 115 84 116 84 116 85 115 85 117 85 108 60 118 60 76 60 76 86 118 86 119 86 76 87 119 87 120 87 86 88 121 88 76 88 76 89 121 89 122 89 76 90 122 90 123 90 124 60 125 60 0 60 0 91 125 91 126 91 85 60 76 60 127 60 127 92 76 92 120 92 127 93 120 93 115 93 115 94 120 94 128 94 115 95 128 95 117 95 126 96 129 96 0 96 0 97 129 97 130 97 0 98 130 98 131 98 132 99 34 99 133 99 133 60 34 60 134 60 132 100 135 100 34 100 34 101 135 101 136 101 34 102 136 102 137 102 34 103 138 103 100 103 123 60 139 60 76 60 76 104 139 104 140 104 76 60 140 60 0 60 0 105 140 105 141 105 0 106 141 106 124 106 131 107 142 107 0 107 0 108 142 108 143 108 0 109 143 109 34 109 34 110 143 110 144 110 34 111 144 111 134 111 137 60 145 60 34 60 34 112 145 112 146 112 34 113 146 113 138 113 102 60 147 60 100 60 100 114 147 114 148 114 100 60 148 60 34 60 34 115 148 115 149 115 34 116 149 116 87 116 150 117 151 117 152 117 153 117 154 117 155 117 155 118 154 118 152 118 155 117 152 117 156 117 156 117 152 117 151 117 153 119 157 119 154 119 154 120 157 120 158 120 154 121 158 121 159 121 160 117 161 117 154 117 162 117 163 117 154 117 154 122 163 122 164 122 154 123 164 123 165 123 166 124 167 124 168 124 169 117 170 117 171 117 171 125 170 125 172 125 171 126 172 126 173 126 167 117 174 117 168 117 168 127 174 127 175 127 168 128 175 128 176 128 176 117 177 117 168 117 168 129 177 129 178 129 168 117 178 117 171 117 171 130 178 130 179 130 171 131 179 131 169 131 180 132 181 132 152 132 152 133 181 133 182 133 182 117 183 117 152 117 152 134 183 134 184 134 152 135 184 135 185 135 161 117 186 117 154 117 154 136 186 136 187 136 154 137 187 137 188 137 173 138 189 138 171 138 171 139 189 139 190 139 171 140 190 140 191 140 192 117 193 117 194 117 159 141 195 141 154 141 154 142 195 142 196 142 154 143 196 143 160 143 191 117 197 117 171 117 171 144 197 144 198 144 171 117 198 117 152 117 152 145 198 145 199 145 152 146 199 146 180 146 200 117 201 117 168 117 168 147 201 147 202 147 168 148 202 148 166 148 162 117 154 117 203 117 203 149 154 149 188 149 203 117 188 117 194 117 194 150 188 150 204 150 194 151 204 151 192 151 152 152 205 152 206 152 165 153 207 153 154 153 154 154 207 154 208 154 154 117 208 117 168 117 168 155 208 155 209 155 168 156 209 156 200 156 193 117 210 117 194 117 194 157 210 157 211 157 194 158 211 158 212 158 185 159 213 159 214 159 214 160 215 160 185 160 185 161 215 161 216 161 185 162 216 162 217 162 206 117 218 117 152 117 152 163 218 163 219 163 152 164 219 164 150 164 217 117 220 117 185 117 185 165 220 165 221 165 185 149 221 149 152 149 152 166 221 166 222 166 152 167 222 167 205 167 212 117 223 117 194 117 194 117 223 117 224 117 194 117 224 117 185 117 185 117 224 117 225 117 185 117 225 117 213 117 226 168 227 168 228 168 229 168 230 168 152 168 152 169 230 169 231 169 232 170 233 170 234 170 234 171 233 171 235 171 234 172 235 172 236 172 237 173 238 173 239 173 239 174 238 174 240 174 239 168 240 168 241 168 242 175 243 175 244 175 244 176 243 176 245 176 241 177 246 177 239 177 239 178 246 178 247 178 239 179 247 179 248 179 249 168 250 168 234 168 234 180 250 180 251 180 152 181 252 181 238 181 231 168 253 168 152 168 152 182 253 182 254 182 152 183 254 183 243 183 243 184 254 184 255 184 243 185 255 185 245 185 242 168 256 168 243 168 243 186 256 186 257 186 243 187 257 187 258 187 243 168 259 168 234 168 234 188 259 188 260 188 234 189 260 189 232 189 236 168 261 168 234 168 234 190 261 190 262 190 234 191 262 191 263 191 264 168 265 168 154 168 154 192 265 192 266 192 152 193 267 193 268 193 268 168 269 168 152 168 152 194 269 194 270 194 152 195 270 195 271 195 237 168 272 168 238 168 238 196 272 196 273 196 238 168 273 168 152 168 152 197 273 197 274 197 152 198 274 198 229 198 258 168 275 168 243 168 243 199 275 199 276 199 243 200 276 200 259 200 248 168 277 168 239 168 239 201 277 201 278 201 239 168 278 168 279 168 279 202 278 202 228 202 279 168 228 168 280 168 280 168 228 168 227 168 251 203 281 203 234 203 234 204 281 204 282 204 234 205 282 205 283 205 284 168 285 168 154 168 271 168 286 168 152 168 152 206 286 206 287 206 152 207 287 207 252 207 263 208 288 208 234 208 234 209 288 209 289 209 234 168 289 168 249 168 249 210 289 210 290 210 249 168 290 168 228 168 228 211 290 211 291 211 228 212 291 212 226 212 285 168 292 168 154 168 154 213 292 213 293 213 154 214 293 214 264 214 266 168 294 168 154 168 154 215 294 215 295 215 154 168 295 168 152 168 152 216 295 216 296 216 152 217 296 217 267 217 283 168 297 168 234 168 234 218 297 218 298 218 234 168 298 168 154 168 154 219 298 219 299 219 154 220 299 220 284 220 300 60 243 60 17 60 17 60 243 60 234 60 17 221 234 221 7 221 7 60 234 60 301 60 302 2 168 2 76 2 76 2 168 2 171 2 76 2 171 2 80 2 80 2 171 2 303 2 304 222 303 222 171 222 305 223 306 223 152 223 152 224 306 224 307 224 307 222 308 222 152 222 152 225 308 225 309 225 152 226 309 226 310 226 311 227 312 227 152 227 152 222 312 222 313 222 152 228 313 228 305 228 310 222 314 222 152 222 152 229 314 229 315 229 152 230 315 230 316 230 316 222 317 222 152 222 152 231 317 231 318 231 152 232 318 232 171 232 171 233 318 233 319 233 171 222 319 222 304 222 300 234 320 234 243 234 243 235 320 235 321 235 243 222 321 222 152 222 152 236 321 236 322 236 152 237 322 237 311 237 80 238 303 238 323 238 323 239 303 239 304 239 323 240 304 240 324 240 324 241 304 241 319 241 324 242 319 242 325 242 325 243 319 243 318 243 325 244 318 244 326 244 326 245 318 245 317 245 326 246 317 246 327 246 327 247 317 247 316 247 327 248 316 248 328 248 328 249 316 249 315 249 328 250 315 250 329 250 329 251 315 251 314 251 329 252 314 252 330 252 330 253 314 253 310 253 330 254 310 254 331 254 331 255 310 255 309 255 331 256 309 256 332 256 332 257 309 257 308 257 332 258 308 258 333 258 333 259 308 259 307 259 333 260 307 260 334 260 334 261 307 261 306 261 334 262 306 262 335 262 335 263 306 263 305 263 335 264 305 264 336 264 336 265 305 265 313 265 336 266 313 266 337 266 337 267 313 267 312 267 337 268 312 268 338 268 338 269 312 269 311 269 338 270 311 270 339 270 339 271 311 271 322 271 339 272 322 272 340 272 340 273 322 273 321 273 340 274 321 274 341 274 341 275 321 275 320 275 341 276 320 276 17 276 17 277 320 277 300 277 34 278 80 278 323 278 332 279 333 279 34 279 323 280 324 280 34 280 34 281 324 281 325 281 34 282 325 282 326 282 333 283 334 283 34 283 34 284 334 284 335 284 34 285 335 285 336 285 326 286 327 286 34 286 34 286 327 286 328 286 34 287 328 287 329 287 329 286 330 286 34 286 34 288 330 288 331 288 34 289 331 289 332 289 336 286 337 286 34 286 34 290 337 290 338 290 34 291 338 291 339 291 339 292 340 292 34 292 34 293 340 293 341 293 34 286 341 286 17 286 302 294 76 294 342 294 342 295 76 295 343 295 342 240 343 240 344 240 344 241 343 241 345 241 344 242 345 242 346 242 346 243 345 243 347 243 346 244 347 244 348 244 348 245 347 245 349 245 348 246 349 246 350 246 350 247 349 247 351 247 350 248 351 248 352 248 352 249 351 249 353 249 352 250 353 250 354 250 354 251 353 251 355 251 354 296 355 296 356 296 356 297 355 297 357 297 356 255 357 255 358 255 358 254 357 254 359 254 358 256 359 256 360 256 360 298 359 298 361 298 360 258 361 258 362 258 362 259 361 259 363 259 362 299 363 299 364 299 364 261 363 261 365 261 364 262 365 262 366 262 366 263 365 263 367 263 366 300 367 300 368 300 368 301 367 301 369 301 368 302 369 302 370 302 370 267 369 267 371 267 370 268 371 268 372 268 372 269 371 269 373 269 372 271 373 271 374 271 374 270 373 270 375 270 374 272 375 272 376 272 376 303 375 303 377 303 376 275 377 275 378 275 378 274 377 274 379 274 378 276 379 276 301 276 301 304 379 304 7 304 378 286 301 286 234 286 362 305 364 305 154 305 362 306 154 306 360 306 302 286 342 286 168 286 168 307 342 307 344 307 168 286 344 286 154 286 154 308 344 308 346 308 154 309 346 309 348 309 364 286 366 286 154 286 154 310 366 310 368 310 154 311 368 311 370 311 348 286 350 286 154 286 154 312 350 312 352 312 154 313 352 313 354 313 354 314 356 314 154 314 154 315 356 315 358 315 154 286 358 286 360 286 370 286 372 286 154 286 154 316 372 316 374 316 154 286 374 286 234 286 234 317 374 317 376 317 234 318 376 318 378 318 343 222 76 222 0 222 343 222 0 222 345 222 0 222 7 222 379 222 367 222 365 222 0 222 0 319 365 319 363 319 379 320 377 320 0 320 0 321 377 321 375 321 0 322 375 322 373 322 373 222 371 222 0 222 0 323 371 323 369 323 0 324 369 324 367 324 363 325 361 325 0 325 0 222 361 222 359 222 0 326 359 326 357 326 357 327 355 327 0 327 0 328 355 328 353 328 0 329 353 329 351 329 351 330 349 330 0 330 0 331 349 331 347 331 0 332 347 332 345 332 272 333 49 333 273 333 273 334 49 334 73 334 273 335 73 335 274 335 274 336 73 336 46 336 274 337 46 337 229 337 229 338 46 338 45 338 229 339 45 339 230 339 230 340 45 340 44 340 230 341 44 341 231 341 231 342 44 342 33 342 231 343 33 343 253 343 253 344 33 344 32 344 253 345 32 345 254 345 254 345 32 345 43 345 254 346 43 346 255 346 255 347 43 347 42 347 255 348 42 348 245 348 245 349 42 349 41 349 245 350 41 350 244 350 244 351 41 351 31 351 244 352 31 352 242 352 242 353 31 353 30 353 242 354 30 354 256 354 256 354 30 354 29 354 256 355 29 355 257 355 257 356 29 356 22 356 257 357 22 357 258 357 258 358 22 358 21 358 258 359 21 359 275 359 275 360 21 360 20 360 275 361 20 361 276 361 276 362 20 362 19 362 276 363 19 363 259 363 259 364 19 364 18 364 259 365 18 365 260 365 260 366 18 366 6 366 260 367 6 367 232 367 232 368 6 368 5 368 232 369 5 369 233 369 233 370 5 370 28 370 233 371 28 371 235 371 235 372 28 372 27 372 235 373 27 373 236 373 236 373 27 373 26 373 236 374 26 374 261 374 261 375 26 375 40 375 261 376 40 376 262 376 262 377 40 377 39 377 262 378 39 378 263 378 263 378 39 378 38 378 263 379 38 379 288 379 288 380 38 380 37 380 288 381 37 381 289 381 289 381 37 381 54 381 289 382 54 382 290 382 290 383 54 383 53 383 290 384 53 384 291 384 291 385 53 385 52 385 291 386 52 386 226 386 226 386 52 386 25 386 226 387 25 387 227 387 227 388 25 388 24 388 227 389 24 389 280 389 280 390 24 390 23 390 280 391 23 391 279 391 279 391 23 391 4 391 279 392 4 392 239 392 239 393 4 393 3 393 239 394 3 394 237 394 237 395 3 395 58 395 237 396 58 396 272 396 272 397 58 397 49 397 295 398 1 398 296 398 296 399 1 399 50 399 296 400 50 400 267 400 267 401 50 401 51 401 267 337 51 337 268 337 268 338 51 338 70 338 268 402 70 402 269 402 269 403 70 403 69 403 269 404 69 404 270 404 270 405 69 405 57 405 270 406 57 406 271 406 271 407 57 407 56 407 271 408 56 408 286 408 286 408 56 408 55 408 286 409 55 409 287 409 287 410 55 410 36 410 287 411 36 411 252 411 252 412 36 412 35 412 252 350 35 350 238 350 238 351 35 351 68 351 238 413 68 413 240 413 240 414 68 414 67 414 240 415 67 415 241 415 241 415 67 415 66 415 241 416 66 416 246 416 246 417 66 417 65 417 246 418 65 418 247 418 247 419 65 419 64 419 247 359 64 359 248 359 248 360 64 360 63 360 248 420 63 420 277 420 277 421 63 421 75 421 277 422 75 422 278 422 278 423 75 423 74 423 278 365 74 365 228 365 228 366 74 366 72 366 228 367 72 367 249 367 249 368 72 368 71 368 249 424 71 424 250 424 250 425 71 425 48 425 250 426 48 426 251 426 251 427 48 427 47 427 251 373 47 373 281 373 281 373 47 373 62 373 281 428 62 428 282 428 282 429 62 429 61 429 282 430 61 430 283 430 283 431 61 431 60 431 283 432 60 432 297 432 297 432 60 432 59 432 297 433 59 433 298 433 298 434 59 434 16 434 298 381 16 381 299 381 299 381 16 381 15 381 299 435 15 435 284 435 284 435 15 435 14 435 284 436 14 436 285 436 285 437 14 437 13 437 285 438 13 438 292 438 292 438 13 438 12 438 292 439 12 439 293 439 293 440 12 440 11 440 293 441 11 441 264 441 264 442 11 442 10 442 264 443 10 443 265 443 265 443 10 443 9 443 265 392 9 392 266 392 266 393 9 393 8 393 266 444 8 444 294 444 294 445 8 445 2 445 294 446 2 446 295 446 295 447 2 447 1 447 224 448 115 448 225 448 225 449 115 449 113 449 225 450 113 450 213 450 213 450 113 450 112 450 213 451 112 451 214 451 214 452 112 452 96 452 214 453 96 453 215 453 215 454 96 454 95 454 215 455 95 455 216 455 216 456 95 456 94 456 216 457 94 457 217 457 217 458 94 458 83 458 217 459 83 459 220 459 220 460 83 460 82 460 220 461 82 461 221 461 221 462 82 462 100 462 221 463 100 463 222 463 222 464 100 464 138 464 222 465 138 465 205 465 205 466 138 466 146 466 205 467 146 467 206 467 206 468 146 468 145 468 206 469 145 469 218 469 218 470 145 470 137 470 218 471 137 471 219 471 219 472 137 472 136 472 219 473 136 473 150 473 150 474 136 474 135 474 150 475 135 475 151 475 151 476 135 476 132 476 151 477 132 477 156 477 156 478 132 478 133 478 156 479 133 479 155 479 155 480 133 480 134 480 155 481 134 481 153 481 153 481 134 481 144 481 153 482 144 482 157 482 157 482 144 482 143 482 157 483 143 483 158 483 158 484 143 484 142 484 158 485 142 485 159 485 159 486 142 486 131 486 159 487 131 487 195 487 195 488 131 488 130 488 195 489 130 489 196 489 196 490 130 490 129 490 196 491 129 491 160 491 160 492 129 492 126 492 160 493 126 493 161 493 161 494 126 494 125 494 161 495 125 495 186 495 186 496 125 496 124 496 186 497 124 497 187 497 187 498 124 498 141 498 187 499 141 499 188 499 188 500 141 500 140 500 188 501 140 501 204 501 204 502 140 502 139 502 204 503 139 503 192 503 192 504 139 504 123 504 192 505 123 505 193 505 193 506 123 506 122 506 193 507 122 507 210 507 210 508 122 508 121 508 210 509 121 509 211 509 211 510 121 510 86 510 211 511 86 511 212 511 212 512 86 512 85 512 212 513 85 513 223 513 223 514 85 514 127 514 223 515 127 515 224 515 224 516 127 516 115 516 178 449 77 449 179 449 179 449 77 449 79 449 179 517 79 517 169 517 169 450 79 450 81 450 169 452 81 452 170 452 170 518 81 518 93 518 170 519 93 519 172 519 172 454 93 454 92 454 172 455 92 455 173 455 173 520 92 520 91 520 173 521 91 521 189 521 189 522 91 522 105 522 189 460 105 460 190 460 190 523 105 523 104 523 190 524 104 524 191 524 191 525 104 525 103 525 191 463 103 463 197 463 197 526 103 526 111 526 197 527 111 527 198 527 198 528 111 528 110 528 198 529 110 529 199 529 199 530 110 530 109 530 199 531 109 531 180 531 180 469 109 469 90 469 180 532 90 532 181 532 181 472 90 472 89 472 181 533 89 533 182 533 182 474 89 474 88 474 182 534 88 534 183 534 183 476 88 476 87 476 183 477 87 477 184 477 184 478 87 478 149 478 184 535 149 535 185 535 185 480 149 480 148 480 185 481 148 481 194 481 194 481 148 481 147 481 194 482 147 482 203 482 203 482 147 482 102 482 203 483 102 483 162 483 162 536 102 536 101 536 162 485 101 485 163 485 163 486 101 486 84 486 163 487 84 487 164 487 164 537 84 537 114 537 164 489 114 489 165 489 165 538 114 538 116 538 165 491 116 491 207 491 207 539 116 539 117 539 207 494 117 494 208 494 208 540 117 540 128 540 208 541 128 541 209 541 209 542 128 542 120 542 209 543 120 543 200 543 200 544 120 544 119 544 200 545 119 545 201 545 201 500 119 500 118 500 201 546 118 546 202 546 202 547 118 547 108 547 202 548 108 548 166 548 166 503 108 503 107 503 166 549 107 549 167 549 167 550 107 550 106 550 167 551 106 551 174 551 174 508 106 508 99 508 174 509 99 509 175 509 175 552 99 552 98 552 175 553 98 553 176 553 176 511 98 511 97 511 176 513 97 513 177 513 177 554 97 554 78 554 177 515 78 515 178 515 178 515 78 515 77 515</p>
        </triangles>
      </mesh>
    </geometry>
    <geometry id="MMO_700_dual_-_bracket-2-mesh" name="MMO_700_dual - bracket-2">
      <mesh>
        <source id="MMO_700_dual_-_bracket-2-mesh-positions">
          <float_array id="MMO_700_dual_-_bracket-2-mesh-positions-array" count="2118">0.2413638 0.33511 0.8385834 0.2410691 0.33511 0.8379515 0.2341409 0.33511 0.7969515 0.2406691 0.33511 0.8373804 0.2401762 0.33511 0.8368873 0.239605 0.33511 0.8364874 0.2369104 0.33511 0.7910123 0.2362369 0.33511 0.7911927 0.225105 0.33511 0.7789515 0.235605 0.33511 0.7914874 0.2350338 0.33511 0.7918874 0.2345408 0.33511 0.7923803 0.2341409 0.33511 0.7929515 0.2338462 0.33511 0.7935834 0.235605 0.33511 0.8364874 0.2350338 0.33511 0.8368873 0.2345408 0.33511 0.8373804 0.2341409 0.33511 0.8379515 0.2336658 0.33511 0.8406461 0.2338462 0.33511 0.8413196 0.225105 0.33511 0.8569515 0.2341409 0.33511 0.8419515 0.2345408 0.33511 0.8425226 0.2350338 0.33511 0.7980157 0.235605 0.33511 0.7984156 0.2415442 0.33511 0.8392569 0.2362369 0.33511 0.7987103 0.2369104 0.33511 0.7988907 0.2336658 0.33511 0.7942569 0.233605 0.33511 0.7949515 0.2336658 0.33511 0.7956461 0.2345408 0.33511 0.7975227 0.238973 0.33511 0.8437103 0.239605 0.33511 0.8434156 0.257605 0.33511 0.8569515 0.238973 0.33511 0.8361927 0.2382996 0.33511 0.8360123 0.2338462 0.33511 0.7963196 0.237605 0.33511 0.8359515 0.2369104 0.33511 0.8360123 0.2362369 0.33511 0.8361927 0.2338462 0.33511 0.8385834 0.2336658 0.33511 0.8392569 0.233605 0.33511 0.8399515 0.2410691 0.33511 0.8419515 0.2413638 0.33511 0.8413196 0.2415442 0.33511 0.8406461 0.241605 0.33511 0.8399515 0.239605 0.33511 0.7984156 0.2401762 0.33511 0.7980157 0.2406691 0.33511 0.7975227 0.2401762 0.33511 0.8430157 0.2406691 0.33511 0.8425226 0.2410691 0.33511 0.7969515 0.2413638 0.33511 0.7963196 0.257605 0.33511 0.7789515 0.2415442 0.33511 0.7956461 0.241605 0.33511 0.7949515 0.2415442 0.33511 0.7942569 0.2413638 0.33511 0.7935834 0.2410691 0.33511 0.7929515 0.2406691 0.33511 0.7923803 0.2401762 0.33511 0.7918874 0.239605 0.33511 0.7914874 0.2350338 0.33511 0.8430157 0.235605 0.33511 0.8434156 0.2362369 0.33511 0.8437103 0.237605 0.33511 0.7989515 0.2382996 0.33511 0.7988907 0.238973 0.33511 0.7987103 0.238973 0.33511 0.7911927 0.2382996 0.33511 0.7910123 0.237605 0.33511 0.7909515 0.2369104 0.33511 0.8438907 0.237605 0.33511 0.8439515 0.2382996 0.33511 0.8438907 0.2369104 0.2691708 0.7789515 0.2362369 0.2693512 0.7789515 0.225105 0.25711 0.7789515 0.235605 0.2696459 0.7789515 0.2350338 0.2700458 0.7789515 0.2345408 0.2705388 0.7789515 0.239605 0.2696459 0.7789515 0.238973 0.2693512 0.7789515 0.257605 0.25711 0.7789515 0.2382996 0.2691708 0.7789515 0.237605 0.26911 0.7789515 0.2341409 0.27111 0.7789515 0.2338462 0.2717419 0.7789515 0.2336658 0.2724154 0.7789515 0.235605 0.3146459 0.7789515 0.2362369 0.3143512 0.7789515 0.2369104 0.3141707 0.7789515 0.2401762 0.3150458 0.7789515 0.239605 0.3146459 0.7789515 0.2382996 0.2770492 0.7789515 0.237605 0.31411 0.7789515 0.2336658 0.2738046 0.7789515 0.233605 0.27311 0.7789515 0.238973 0.3218687 0.7789515 0.239605 0.3215741 0.7789515 0.2415442 0.3188046 0.7789515 0.2413638 0.319478 0.7789515 0.2410691 0.32011 0.7789515 0.241605 0.31811 0.7789515 0.2415442 0.3174154 0.7789515 0.2413638 0.3167419 0.7789515 0.2410691 0.31611 0.7789515 0.238973 0.2768688 0.7789515 0.239605 0.2765741 0.7789515 0.2401762 0.2761741 0.7789515 0.2410691 0.27111 0.7789515 0.2406691 0.2705388 0.7789515 0.2401762 0.2700458 0.7789515 0.2350338 0.3150458 0.7789515 0.2345408 0.3155388 0.7789515 0.2341409 0.31611 0.7789515 0.2338462 0.3167419 0.7789515 0.2336658 0.3174154 0.7789515 0.233605 0.31811 0.7789515 0.2336658 0.3188046 0.7789515 0.2406691 0.3155388 0.7789515 0.2338462 0.2744781 0.7789515 0.2341409 0.27511 0.7789515 0.2345408 0.2756811 0.7789515 0.2401762 0.3211742 0.7789515 0.2406691 0.3206812 0.7789515 0.2350338 0.2761741 0.7789515 0.235605 0.2765741 0.7789515 0.2362369 0.2768688 0.7789515 0.2338462 0.319478 0.7789515 0.2341409 0.32011 0.7789515 0.2345408 0.3206812 0.7789515 0.2415442 0.2738046 0.7789515 0.241605 0.27311 0.7789515 0.2350338 0.3211742 0.7789515 0.235605 0.3215741 0.7789515 0.2362369 0.3218687 0.7789515 0.2369104 0.2770492 0.7789515 0.237605 0.27711 0.7789515 0.2382996 0.3141707 0.7789515 0.238973 0.3143512 0.7789515 0.2406691 0.2756811 0.7789515 0.2410691 0.27511 0.7789515 0.2413638 0.2744781 0.7789515 0.2415442 0.2724154 0.7789515 0.2413638 0.2717419 0.7789515 0.2369104 0.3220492 0.7789515 0.237605 0.32211 0.7789515 0.2382996 0.3220492 0.7789515 0.2819104 0.33511 0.8360123 0.2812369 0.33511 0.8361927 0.2819104 0.33511 0.7988907 0.2812369 0.33511 0.7911927 0.280605 0.33511 0.7914874 0.262605 0.33511 0.7789515 0.2832996 0.33511 0.8438907 0.2839731 0.33511 0.8437103 0.295105 0.33511 0.8569515 0.280605 0.33511 0.8364874 0.2800338 0.33511 0.8368873 0.2795408 0.33511 0.8373804 0.2800338 0.33511 0.7918874 0.2795408 0.33511 0.7923803 0.2791409 0.33511 0.7929515 0.2795408 0.33511 0.7975227 0.2800338 0.33511 0.7980157 0.280605 0.33511 0.7984156 0.2812369 0.33511 0.7987103 0.2791409 0.33511 0.8419515 0.2795408 0.33511 0.8425226 0.262605 0.33511 0.8569515 0.2800338 0.33511 0.8430157 0.2819104 0.33511 0.8438907 0.282605 0.33511 0.8439515 0.284605 0.33511 0.8434156 0.2851762 0.33511 0.8430157 0.2856692 0.33511 0.8425226 0.280605 0.33511 0.8434156 0.2812369 0.33511 0.8437103 0.2860691 0.33511 0.8419515 0.2863638 0.33511 0.8413196 0.2865442 0.33511 0.8406461 0.2860691 0.33511 0.8379515 0.2856692 0.33511 0.8373804 0.295105 0.33511 0.7789515 0.286605 0.33511 0.7949515 0.2865442 0.33511 0.7942569 0.2788462 0.33511 0.7935834 0.2786658 0.33511 0.7942569 0.278605 0.33511 0.7949515 0.286605 0.33511 0.8399515 0.2865442 0.33511 0.8392569 0.2863638 0.33511 0.8385834 0.2839731 0.33511 0.7911927 0.2832996 0.33511 0.7910123 0.282605 0.33511 0.7909515 0.2819104 0.33511 0.7910123 0.2786658 0.33511 0.7956461 0.2788462 0.33511 0.7963196 0.2791409 0.33511 0.7969515 0.278605 0.33511 0.8399515 0.2786658 0.33511 0.8406461 0.2788462 0.33511 0.8413196 0.2851762 0.33511 0.8368873 0.284605 0.33511 0.8364874 0.2839731 0.33511 0.8361927 0.2791409 0.33511 0.8379515 0.2788462 0.33511 0.8385834 0.2786658 0.33511 0.8392569 0.284605 0.33511 0.7984156 0.2851762 0.33511 0.7980157 0.2856692 0.33511 0.7975227 0.2860691 0.33511 0.7969515 0.2863638 0.33511 0.7963196 0.2865442 0.33511 0.7956461 0.2863638 0.33511 0.7935834 0.2860691 0.33511 0.7929515 0.2856692 0.33511 0.7923803 0.2851762 0.33511 0.7918874 0.284605 0.33511 0.7914874 0.282605 0.33511 0.8359515 0.282605 0.33511 0.7989515 0.2832996 0.33511 0.8360123 0.2832996 0.33511 0.7988907 0.2839731 0.33511 0.7987103 0.2839731 0.2693512 0.7789515 0.2832996 0.2691708 0.7789515 0.295105 0.25711 0.7789515 0.282605 0.26911 0.7789515 0.262605 0.25711 0.7789515 0.2819104 0.2691708 0.7789515 0.2812369 0.2693512 0.7789515 0.2860691 0.27111 0.7789515 0.2856692 0.2705388 0.7789515 0.2851762 0.2700458 0.7789515 0.284605 0.2696459 0.7789515 0.2812369 0.3143512 0.7789515 0.280605 0.3146459 0.7789515 0.2819104 0.2770492 0.7789515 0.2791409 0.27511 0.7789515 0.2795408 0.2756811 0.7789515 0.2800338 0.2761741 0.7789515 0.280605 0.2765741 0.7789515 0.2812369 0.2768688 0.7789515 0.286605 0.27311 0.7789515 0.2865442 0.2738046 0.7789515 0.2865442 0.2724154 0.7789515 0.2863638 0.2717419 0.7789515 0.280605 0.2696459 0.7789515 0.2800338 0.2700458 0.7789515 0.2795408 0.2705388 0.7789515 0.2832996 0.2770492 0.7789515 0.2839731 0.2768688 0.7789515 0.2791409 0.27111 0.7789515 0.2788462 0.2717419 0.7789515 0.2786658 0.2724154 0.7789515 0.278605 0.27311 0.7789515 0.2786658 0.2738046 0.7789515 0.2788462 0.2744781 0.7789515 0.2800338 0.3150458 0.7789515 0.2795408 0.3155388 0.7789515 0.284605 0.2765741 0.7789515 0.2851762 0.2761741 0.7789515 0.2856692 0.2756811 0.7789515 0.2860691 0.27511 0.7789515 0.2863638 0.2744781 0.7789515 0.284605 0.3215741 0.7789515 0.2839731 0.3218687 0.7789515 0.2832996 0.3220492 0.7789515 0.2851762 0.3211742 0.7789515 0.2856692 0.3206812 0.7789515 0.2860691 0.32011 0.7789515 0.2791409 0.31611 0.7789515 0.2788462 0.3167419 0.7789515 0.2786658 0.3174154 0.7789515 0.278605 0.31811 0.7789515 0.2786658 0.3188046 0.7789515 0.2788462 0.319478 0.7789515 0.2791409 0.32011 0.7789515 0.2795408 0.3206812 0.7789515 0.2800338 0.3211742 0.7789515 0.280605 0.3215741 0.7789515 0.2812369 0.3218687 0.7789515 0.2819104 0.3220492 0.7789515 0.282605 0.32211 0.7789515 0.2863638 0.319478 0.7789515 0.2865442 0.3188046 0.7789515 0.286605 0.31811 0.7789515 0.2865442 0.3174154 0.7789515 0.2863638 0.3167419 0.7789515 0.2860691 0.31611 0.7789515 0.2856692 0.3155388 0.7789515 0.2851762 0.3150458 0.7789515 0.284605 0.3146459 0.7789515 0.2839731 0.3143512 0.7789515 0.2832996 0.3141707 0.7789515 0.282605 0.27711 0.7789515 0.282605 0.31411 0.7789515 0.2819104 0.3141707 0.7789515 0.220105 0.34711 0.7669515 0.237605 0.32211 0.7669515 0.2369104 0.3220492 0.7669515 0.2851762 0.2700458 0.7669515 0.2856692 0.2705388 0.7669515 0.300105 0.25711 0.7669515 0.2362369 0.3218687 0.7669515 0.235605 0.3215741 0.7669515 0.2350338 0.3211742 0.7669515 0.2401762 0.3211742 0.7669515 0.239605 0.3215741 0.7669515 0.280605 0.3215741 0.7669515 0.2851762 0.3211742 0.7669515 0.284605 0.3215741 0.7669515 0.300105 0.34711 0.7669515 0.2839731 0.3218687 0.7669515 0.2832996 0.3220492 0.7669515 0.2812369 0.3218687 0.7669515 0.282605 0.32211 0.7669515 0.2819104 0.3220492 0.7669515 0.233605 0.27311 0.7669515 0.2336658 0.2724154 0.7669515 0.220105 0.25711 0.7669515 0.2860691 0.27111 0.7669515 0.2863638 0.2717419 0.7669515 0.2865442 0.2724154 0.7669515 0.2791409 0.31611 0.7669515 0.2795408 0.3155388 0.7669515 0.282605 0.27711 0.7669515 0.238973 0.3218687 0.7669515 0.2382996 0.3220492 0.7669515 0.2863638 0.2744781 0.7669515 0.2865442 0.2738046 0.7669515 0.286605 0.27311 0.7669515 0.2345408 0.3206812 0.7669515 0.2341409 0.32011 0.7669515 0.2338462 0.319478 0.7669515 0.2812369 0.2693512 0.7669515 0.2819104 0.2691708 0.7669515 0.282605 0.26911 0.7669515 0.2832996 0.2691708 0.7669515 0.2839731 0.2693512 0.7669515 0.284605 0.2696459 0.7669515 0.2860691 0.27511 0.7669515 0.2856692 0.2756811 0.7669515 0.2851762 0.2761741 0.7669515 0.237605 0.27711 0.7669515 0.2341409 0.31611 0.7669515 0.2345408 0.3155388 0.7669515 0.2795408 0.2756811 0.7669515 0.2382996 0.2691708 0.7669515 0.2800338 0.2761741 0.7669515 0.280605 0.2765741 0.7669515 0.2791409 0.27111 0.7669515 0.2795408 0.2705388 0.7669515 0.284605 0.2765741 0.7669515 0.2839731 0.2768688 0.7669515 0.2832996 0.2770492 0.7669515 0.2410691 0.31611 0.7669515 0.2819104 0.2770492 0.7669515 0.2413638 0.319478 0.7669515 0.2410691 0.32011 0.7669515 0.2406691 0.3206812 0.7669515 0.2336658 0.3188046 0.7669515 0.233605 0.31811 0.7669515 0.2336658 0.3174154 0.7669515 0.2362369 0.2768688 0.7669515 0.235605 0.2765741 0.7669515 0.2350338 0.2761741 0.7669515 0.2345408 0.2756811 0.7669515 0.2341409 0.27511 0.7669515 0.2338462 0.2744781 0.7669515 0.2336658 0.2738046 0.7669515 0.2338462 0.2717419 0.7669515 0.2341409 0.27111 0.7669515 0.2345408 0.2705388 0.7669515 0.2800338 0.2700458 0.7669515 0.280605 0.2696459 0.7669515 0.2865442 0.3188046 0.7669515 0.2863638 0.319478 0.7669515 0.2786658 0.3174154 0.7669515 0.2788462 0.3167419 0.7669515 0.2369104 0.2770492 0.7669515 0.2338462 0.3167419 0.7669515 0.2350338 0.2700458 0.7669515 0.235605 0.2696459 0.7669515 0.2362369 0.2693512 0.7669515 0.2800338 0.3150458 0.7669515 0.280605 0.3146459 0.7669515 0.2812369 0.3143512 0.7669515 0.2839731 0.3143512 0.7669515 0.284605 0.3146459 0.7669515 0.2851762 0.3150458 0.7669515 0.2856692 0.3155388 0.7669515 0.2860691 0.31611 0.7669515 0.2860691 0.32011 0.7669515 0.2856692 0.3206812 0.7669515 0.2350338 0.3150458 0.7669515 0.235605 0.3146459 0.7669515 0.2362369 0.3143512 0.7669515 0.238973 0.3143512 0.7669515 0.239605 0.3146459 0.7669515 0.2382996 0.2770492 0.7669515 0.2401762 0.3150458 0.7669515 0.2795408 0.3206812 0.7669515 0.2791409 0.32011 0.7669515 0.2415442 0.3188046 0.7669515 0.2791409 0.27511 0.7669515 0.2788462 0.2744781 0.7669515 0.2786658 0.2738046 0.7669515 0.238973 0.2693512 0.7669515 0.239605 0.2696459 0.7669515 0.2401762 0.2700458 0.7669515 0.239605 0.2765741 0.7669515 0.238973 0.2768688 0.7669515 0.2406691 0.3155388 0.7669515 0.2863638 0.3167419 0.7669515 0.2865442 0.3174154 0.7669515 0.286605 0.31811 0.7669515 0.2369104 0.3141707 0.7669515 0.237605 0.31411 0.7669515 0.2382996 0.3141707 0.7669515 0.2800338 0.3211742 0.7669515 0.2413638 0.3167419 0.7669515 0.2415442 0.3174154 0.7669515 0.278605 0.31811 0.7669515 0.241605 0.31811 0.7669515 0.2786658 0.3188046 0.7669515 0.2788462 0.319478 0.7669515 0.2819104 0.3141707 0.7669515 0.282605 0.31411 0.7669515 0.2832996 0.3141707 0.7669515 0.2410691 0.27511 0.7669515 0.2406691 0.2756811 0.7669515 0.2369104 0.2691708 0.7669515 0.237605 0.26911 0.7669515 0.2406691 0.2705388 0.7669515 0.2410691 0.27111 0.7669515 0.2413638 0.2717419 0.7669515 0.2401762 0.2761741 0.7669515 0.278605 0.27311 0.7669515 0.2786658 0.2724154 0.7669515 0.2788462 0.2717419 0.7669515 0.2415442 0.2724154 0.7669515 0.241605 0.27311 0.7669515 0.2812369 0.2768688 0.7669515 0.2415442 0.2738046 0.7669515 0.2413638 0.2744781 0.7669515 0.2812369 0.34711 0.8437103 0.239605 0.34711 0.8364874 0.2401762 0.34711 0.8368873 0.2406691 0.34711 0.8373804 0.2410691 0.34711 0.8379515 0.2413638 0.34711 0.8385834 0.300105 0.34711 0.8569515 0.2406691 0.34711 0.8425226 0.2401762 0.34711 0.8430157 0.2791409 0.34711 0.8379515 0.2795408 0.34711 0.8373804 0.282605 0.34711 0.7989515 0.2788462 0.34711 0.8385834 0.2341409 0.34711 0.8419515 0.220105 0.34711 0.8569515 0.2345408 0.34711 0.8425226 0.2350338 0.34711 0.8430157 0.284605 0.34711 0.8364874 0.2851762 0.34711 0.8368873 0.2856692 0.34711 0.8373804 0.2415442 0.34711 0.8406461 0.2413638 0.34711 0.8413196 0.2410691 0.34711 0.8419515 0.239605 0.34711 0.8434156 0.238973 0.34711 0.8437103 0.2382996 0.34711 0.8438907 0.237605 0.34711 0.8439515 0.2369104 0.34711 0.8438907 0.2863638 0.34711 0.8413196 0.2865442 0.34711 0.8406461 0.286605 0.34711 0.8399515 0.2415442 0.34711 0.8392569 0.241605 0.34711 0.8399515 0.2819104 0.34711 0.8438907 0.282605 0.34711 0.8439515 0.2832996 0.34711 0.8438907 0.2860691 0.34711 0.7969515 0.2856692 0.34711 0.7975227 0.2812369 0.34711 0.8361927 0.2851762 0.34711 0.7980157 0.284605 0.34711 0.7984156 0.2362369 0.34711 0.8437103 0.235605 0.34711 0.8434156 0.2860691 0.34711 0.8379515 0.2863638 0.34711 0.8385834 0.2865442 0.34711 0.8392569 0.2860691 0.34711 0.8419515 0.2856692 0.34711 0.8425226 0.2851762 0.34711 0.8430157 0.235605 0.34711 0.7984156 0.2350338 0.34711 0.7980157 0.2345408 0.34711 0.7975227 0.2341409 0.34711 0.7969515 0.284605 0.34711 0.8434156 0.2839731 0.34711 0.8437103 0.2839731 0.34711 0.7987103 0.2832996 0.34711 0.7988907 0.280605 0.34711 0.8364874 0.2800338 0.34711 0.8368873 0.2338462 0.34711 0.8413196 0.2336658 0.34711 0.8406461 0.233605 0.34711 0.8399515 0.2362369 0.34711 0.7987103 0.2369104 0.34711 0.7988907 0.2336658 0.34711 0.8392569 0.237605 0.34711 0.7989515 0.2338462 0.34711 0.8385834 0.2341409 0.34711 0.8379515 0.2410691 0.34711 0.7969515 0.2406691 0.34711 0.7975227 0.235605 0.34711 0.8364874 0.2401762 0.34711 0.7980157 0.239605 0.34711 0.7984156 0.2338462 0.34711 0.7963196 0.2336658 0.34711 0.7956461 0.233605 0.34711 0.7949515 0.2336658 0.34711 0.7942569 0.2338462 0.34711 0.7935834 0.2786658 0.34711 0.8392569 0.2819104 0.34711 0.7988907 0.278605 0.34711 0.8399515 0.2800338 0.34711 0.7918874 0.280605 0.34711 0.7914874 0.2415442 0.34711 0.7942569 0.2812369 0.34711 0.7911927 0.238973 0.34711 0.7987103 0.2382996 0.34711 0.7988907 0.2350338 0.34711 0.8368873 0.2345408 0.34711 0.8373804 0.2341409 0.34711 0.7929515 0.2345408 0.34711 0.7923803 0.2350338 0.34711 0.7918874 0.239605 0.34711 0.7914874 0.2401762 0.34711 0.7918874 0.2406691 0.34711 0.7923803 0.2851762 0.34711 0.7918874 0.284605 0.34711 0.7914874 0.2839731 0.34711 0.7911927 0.2819104 0.34711 0.8360123 0.2865442 0.34711 0.7956461 0.2863638 0.34711 0.7963196 0.2362369 0.34711 0.8361927 0.2415442 0.34711 0.7956461 0.2413638 0.34711 0.7963196 0.2856692 0.34711 0.7923803 0.2860691 0.34711 0.7929515 0.2863638 0.34711 0.7935834 0.2865442 0.34711 0.7942569 0.286605 0.34711 0.7949515 0.280605 0.34711 0.8434156 0.2382996 0.34711 0.8360123 0.238973 0.34711 0.8361927 0.235605 0.34711 0.7914874 0.2362369 0.34711 0.7911927 0.2369104 0.34711 0.7910123 0.237605 0.34711 0.7909515 0.2382996 0.34711 0.7910123 0.238973 0.34711 0.7911927 0.2410691 0.34711 0.7929515 0.2413638 0.34711 0.7935834 0.282605 0.34711 0.8359515 0.2832996 0.34711 0.8360123 0.2839731 0.34711 0.8361927 0.2819104 0.34711 0.7910123 0.282605 0.34711 0.7909515 0.2832996 0.34711 0.7910123 0.2800338 0.34711 0.8430157 0.2795408 0.34711 0.8425226 0.2791409 0.34711 0.8419515 0.2788462 0.34711 0.8413196 0.2786658 0.34711 0.8406461 0.2369104 0.34711 0.8360123 0.237605 0.34711 0.8359515 0.2791409 0.34711 0.7969515 0.2812369 0.34711 0.7987103 0.280605 0.34711 0.7984156 0.2800338 0.34711 0.7980157 0.2795408 0.34711 0.7975227 0.2788462 0.34711 0.7963196 0.2786658 0.34711 0.7956461 0.241605 0.34711 0.7949515 0.278605 0.34711 0.7949515 0.2786658 0.34711 0.7942569 0.2788462 0.34711 0.7935834 0.2791409 0.34711 0.7929515 0.2795408 0.34711 0.7923803 0.220105 0.33511 0.8569515 0.300105 0.33511 0.8569515 0.300105 0.25711 0.7789515 0.220105 0.25711 0.7789515 0.300105 0.3348436 0.8505103 0.300105 0.3340462 0.8441131 0.300105 0.3327232 0.8378036 0.300105 0.3308838 0.8316249 0.300105 0.3285403 0.8256193 0.300105 0.2635512 0.7792179 0.300105 0.2699484 0.7800153 0.300105 0.3257089 0.8198276 0.300105 0.322409 0.8142896 0.300105 0.318663 0.8090429 0.300105 0.3050186 0.7953985 0.300105 0.2997719 0.7916525 0.300105 0.2762579 0.7813383 0.300105 0.2824366 0.7831777 0.300105 0.2942339 0.7883526 0.300105 0.2884422 0.7855212 0.300105 0.3144965 0.8041235 0.300105 0.309938 0.799565 0.220105 0.3348436 0.8505103 0.220105 0.2635512 0.7792179 0.220105 0.2699484 0.7800153 0.220105 0.2762579 0.7813383 0.220105 0.322409 0.8142896 0.220105 0.3257089 0.8198276 0.220105 0.3285403 0.8256193 0.220105 0.2824366 0.7831777 0.220105 0.2884422 0.7855212 0.220105 0.2942339 0.7883526 0.220105 0.3308838 0.8316249 0.220105 0.3327232 0.8378036 0.220105 0.3340462 0.8441131 0.220105 0.2997719 0.7916525 0.220105 0.3050186 0.7953985 0.220105 0.309938 0.799565 0.220105 0.3144965 0.8041235 0.220105 0.318663 0.8090429 0.295105 0.2635512 0.7792179 0.295105 0.2699484 0.7800153 0.295105 0.2762579 0.7813383 0.295105 0.2824366 0.7831777 0.295105 0.2884422 0.7855212 0.295105 0.2942339 0.7883526 0.295105 0.2997719 0.7916525 0.295105 0.3050186 0.7953985 0.295105 0.309938 0.799565 0.295105 0.3144965 0.8041235 0.295105 0.318663 0.8090429 0.295105 0.322409 0.8142896 0.295105 0.3257089 0.8198276 0.295105 0.3285403 0.8256193 0.295105 0.3308838 0.8316249 0.295105 0.3327232 0.8378036 0.295105 0.3340462 0.8441131 0.295105 0.3348436 0.8505103 0.257605 0.2635512 0.7792179 0.262605 0.2635512 0.7792179 0.257605 0.2699484 0.7800153 0.262605 0.2699484 0.7800153 0.257605 0.2762579 0.7813383 0.262605 0.2762579 0.7813383 0.257605 0.2824366 0.7831777 0.262605 0.2824366 0.7831777 0.257605 0.2884422 0.7855212 0.262605 0.2884422 0.7855212 0.257605 0.2942339 0.7883526 0.262605 0.2942339 0.7883526 0.257605 0.2997719 0.7916525 0.262605 0.2997719 0.7916525 0.257605 0.3050186 0.7953985 0.262605 0.3050186 0.7953985 0.257605 0.309938 0.799565 0.262605 0.309938 0.799565 0.257605 0.3144965 0.8041235 0.262605 0.3144965 0.8041235 0.257605 0.318663 0.8090429 0.262605 0.318663 0.8090429 0.257605 0.322409 0.8142896 0.262605 0.322409 0.8142896 0.257605 0.3257089 0.8198276 0.262605 0.3257089 0.8198276 0.257605 0.3285403 0.8256193 0.262605 0.3285403 0.8256193 0.257605 0.3308838 0.8316249 0.262605 0.3308838 0.8316249 0.257605 0.3327232 0.8378036 0.262605 0.3327232 0.8378036 0.257605 0.3340462 0.8441131 0.262605 0.3340462 0.8441131 0.257605 0.3348436 0.8505103 0.262605 0.3348436 0.8505103 0.225105 0.2635512 0.7792179 0.225105 0.2699484 0.7800153 0.225105 0.2762579 0.7813383 0.225105 0.2824366 0.7831777 0.225105 0.2884422 0.7855212 0.225105 0.2942339 0.7883526 0.225105 0.2997719 0.7916525 0.225105 0.3050186 0.7953985 0.225105 0.309938 0.799565 0.225105 0.3144965 0.8041235 0.225105 0.318663 0.8090429 0.225105 0.322409 0.8142896 0.225105 0.3257089 0.8198276 0.225105 0.3285403 0.8256193 0.225105 0.3308838 0.8316249 0.225105 0.3327232 0.8378036 0.225105 0.3340462 0.8441131 0.225105 0.3348436 0.8505103</float_array>
          <technique_common>
            <accessor source="#MMO_700_dual_-_bracket-2-mesh-positions-array" count="706" stride="3">
              <param name="X" type="float"/>
              <param name="Y" type="float"/>
              <param name="Z" type="float"/>
            </accessor>
          </technique_common>
        </source>
        <source id="MMO_700_dual_-_bracket-2-mesh-normals">
          <float_array id="MMO_700_dual_-_bracket-2-mesh-normals-array" count="2520">0 -1 0 0 -1 -6.96587e-6 0 -1 1.42697e-6 0 -1 -1.79352e-5 0 -1 -1.62294e-5 0 -1 8.8775e-6 0 -1 2.60934e-6 0 -1 -6.07305e-6 0 -1 -8.6192e-6 0 -1 1.56483e-5 0 -1 -9.67779e-6 0 -1 3.31344e-6 0 -1 1.58719e-6 0 -1 -2.21304e-6 0 -1 1.37583e-5 0 -1 -5.09939e-6 0 -1 5.69417e-6 0 -1 -3.19841e-6 0 -1 5.04032e-5 0 -1 -3.09222e-6 0 -1 3.19605e-6 0 -1 -2.15259e-6 0 -1 -1.00526e-5 0 -1 2.24059e-6 0 -1 -1.57334e-6 0 -1 1.2163e-5 0 -1 -3.92358e-5 0 -1 -2.29221e-5 0 -1 1.54598e-5 0 -1 -6.23791e-5 0 -1 3.76401e-5 0 -1 -3.20378e-5 0 -1 -2.78505e-5 0 -1 1.34517e-5 0 -1 2.14426e-5 0 -1 -4.69934e-5 0 -1 7.70653e-5 0 -1 -1.2323e-5 0 -1 -2.59615e-5 0 -1 6.19061e-5 0 -1 -3.88829e-5 0 -1 5.0672e-5 0 -1 1.70763e-5 0 -1 -8.3887e-6 0 -1 3.09233e-6 0 -1 2.05021e-6 0 -1 -7.52322e-6 0 -1 -7.3001e-5 0 -1 4.1599e-5 0 -1 -3.86468e-5 0 -1 5.39702e-5 0 -1 7.10988e-6 0 0 1 -5.12443e-6 0 1 -4.13096e-5 0 1 -5.76695e-5 0 1 6.72368e-6 0 1 -5.60004e-6 0 1 9.46939e-5 0 1 4.09527e-5 0 1 -3.77715e-4 0 1 1.38597e-4 0 1 -1.07304e-5 0 1 2.92766e-5 0 1 -8.54284e-5 0 1 3.1107e-5 0 1 4.05384e-6 0 1 4.69703e-5 0 1 -1.59911e-4 0 1 1.39862e-5 0 1 5.57895e-6 0 1 -2.8682e-4 0 1 6.71223e-5 0 1 1.38968e-4 0 1 -2.03149e-4 0 1 1.2094e-4 0 1 -8.75957e-5 0 1 2.09436e-4 0 1 3.01147e-5 0 1 -7.161e-5 0 1 -8.461e-5 0 1 1.63571e-5 0 1 -8.04424e-5 0 1 9.91016e-5 0 1 1.83688e-4 0 1 -4.87913e-6 0 1 3.24818e-5 0 1 -7.44589e-5 0 1 1.44954e-4 0 1 -7.02646e-5 0 1 3.70134e-4 0 1 -1.73943e-4 0 1 2.74738e-6 0 1 -2.03608e-4 0 1 -4.47507e-5 0 1 -2.57186e-5 0 1 -6.39004e-5 0 1 -5.20243e-6 0 1 4.97118e-6 0 1 -6.39862e-5 0 1 0 -1 4.26167e-5 0 -1 1.16244e-5 0 -1 9.39865e-6 0 -1 2.33296e-5 0 -1 -4.64289e-5 0 -1 -3.19301e-6 0 -1 6.03045e-5 0 -1 -2.25838e-5 0 -1 3.51912e-5 0 -1 -1.1892e-5 0 -1 9.89323e-6 0 -1 2.94052e-5 0 -1 2.84394e-5 0 -1 -4.17258e-5 0 -1 1.72378e-5 0 -1 1.92188e-5 0 -1 1.61917e-5 0 -1 5.62601e-5 0 -1 -3.76293e-5 0 -1 2.24016e-6 0 -1 -1.00533e-5 0 -1 -7.5604e-6 0 -1 1.27998e-5 0 -1 -2.38801e-6 0 -1 6.70368e-5 0 -1 -3.00929e-5 0 -1 -9.78809e-5 0 -1 7.68335e-7 0 -1 -5.55277e-5 0 -1 7.8292e-6 0 -1 1.47542e-6 0 -1 -2.81849e-5 0 -1 -4.18258e-6 0 -1 1.00209e-4 0 -1 -4.51037e-5 0 -1 -3.19294e-6 0 -1 -5.68445e-6 0 -1 6.07687e-5 0 -1 -2.21279e-6 0 -1 -1.77558e-5 0 -1 2.70468e-5 0 -1 5.28395e-6 5.59996e-6 0 1 -5.33252e-6 0 1 5.76713e-5 0 1 5.12437e-6 0 1 -4.75571e-5 0 1 -1.11314e-4 0 1 1.4039e-4 0 1 3.77715e-4 0 1 -4.09527e-5 0 1 -9.46922e-5 0 1 -4.05393e-6 0 1 -3.1107e-5 0 1 6.39073e-5 0 1 2.57186e-5 0 1 -1.49248e-4 0 1 -6.91732e-5 0 1 -2.89705e-5 0 1 -2.67681e-6 0 1 -1.15259e-4 0 1 -1.51579e-4 0 1 1.23438e-4 0 1 3.48383e-5 0 1 8.99318e-5 0 1 3.95783e-5 0 1 -9.91016e-5 0 1 2.71381e-4 0 1 -6.00786e-6 0 1 3.05425e-5 0 1 -1.38584e-4 0 1 1.69224e-5 0 1 -5.4802e-5 0 1 1.20605e-4 0 1 -3.01147e-5 0 1 -3.89885e-6 0 1 6.39877e-5 0 1 -6.15904e-6 0 1 5.20257e-6 0 1 -2.67384e-5 0 1 -6.71223e-5 0 1 3.82409e-4 0 1 -9.05036e-5 0 1 8.34906e-5 0 1 -2.65347e-4 0 1 2.77818e-6 0 1 4.30712e-5 0 1 7.44573e-5 0 1 -1.44957e-4 0 1 7.02661e-5 0 1 -4.30712e-5 0 1 5.13307e-6 0 -1 -1.35589e-4 0 -1 0 0 -1 1.06838e-4 0 -1 -7.84168e-5 0 -1 -1.0684e-4 0 -1 8.76983e-5 0 -1 5.80217e-6 0 -1 -1.2845e-4 0 -1 6.71921e-5 0 -1 2.9359e-5 0 -1 3.56392e-6 0 -1 -6.51292e-5 0 -1 1.28456e-4 0 -1 -5.80194e-6 0 -1 3.09388e-6 0 -1 6.91856e-6 0 -1 1.301e-5 0 -1 -1.0063e-5 0 -1 4.19483e-5 0 -1 -1.743e-5 0 -1 -2.47632e-4 0 -1 2.68818e-5 0 -1 1.00374e-4 0 -1 -7.26611e-5 0 -1 -1.20827e-4 0 -1 1.29237e-4 0 -1 3.19394e-6 0 -1 -9.16154e-6 0 -1 2.51237e-6 0 -1 -2.89175e-6 0 -1 1.35863e-4 0 -1 -2.90457e-4 0 -1 1.51619e-4 0 -1 -1.37739e-5 0 -1 -1.00371e-4 0 -1 1.27692e-4 0 -1 3.01226e-6 0 -1 -5.7058e-5 0 -1 6.92642e-5 0 -1 -6.7193e-5 0 -1 4.27501e-6 0 -1 5.18511e-5 0 -1 7.42674e-6 0 -1 -2.03426e-5 0 -1 -3.27004e-5 0 -1 1.00785e-4 0 -1 1.25144e-5 0 -1 -1.48365e-4 0 -1 8.25917e-6 0 -1 1.25136e-5 0 -1 1.35584e-4 0 -1 1.74308e-5 0 -1 -4.19443e-5 0 -1 1.01529e-4 0 -1 -6.54314e-5 0 -1 6.47509e-5 0 -1 -1.77803e-4 0 -1 -2.61493e-5 0 -1 7.0483e-5 0 -1 -3.09373e-6 0 -1 2.60017e-5 0 -1 1.01532e-4 0 -1 -6.54284e-5 0 -1 -1.00017e-4 0 -1 -1.11141e-5 0 -1 4.83912e-6 0 -1 -1.32524e-5 0 -1 -5.28981e-5 0 -1 -1.87189e-5 0 -1 -3.58277e-5 0 -1 -9.1323e-5 0 -1 -8.25917e-6 0 -1 2.90457e-4 0 -1 -1.35863e-4 0 -1 3.68048e-6 0 -1 -3.66843e-6 0 -1 6.98466e-5 0 -1 1.73732e-5 0 -1 -1.65833e-5 0 -1 9.80485e-6 0 -1 -4.98087e-6 0 -1 3.68055e-6 0 -1 -3.66835e-6 0 -1 6.98452e-5 0 -1 -9.65997e-6 0 -1 1.00636e-5 0 -1 -1.30091e-5 0 -1 5.57165e-5 0 -1 -2.85401e-6 0 -1 -2.4904e-6 0 -1 2.60251e-5 0 -1 2.76386e-5 0 -1 4.1229e-6 0 -1 -8.27524e-6 0 -1 -2.10752e-5 0 -1 -4.33119e-6 0 -1 -4.19394e-6 0 -1 1.25751e-5 0 -1 -4.41317e-6 0 -1 0 1 -9.29628e-6 0 1 0 0 1 5.78182e-5 0 1 -4.73061e-5 0 1 -1.5184e-5 0 1 1.70952e-5 0 1 6.6454e-5 0 1 1.32162e-5 0 1 -1.77859e-5 0 1 -3.00442e-5 0 1 -9.92979e-6 0 1 8.79188e-7 0 1 -1.82686e-5 0 1 -1.4417e-5 0 1 -7.71307e-5 0 1 -1.59904e-5 0 1 4.03043e-4 0 1 -5.0509e-5 0 1 7.82716e-6 0 1 1.80012e-5 0 1 -5.172e-6 0 1 7.87278e-5 0 1 -1.99643e-5 0 1 8.3572e-6 0 1 -2.55754e-5 0 1 -9.7692e-6 0 1 1.47e-4 0 1 -5.23087e-5 0 1 4.15319e-5 0 1 -3.88531e-5 0 1 -1.19871e-5 0 1 1.81844e-5 0 1 -3.54908e-5 0 1 5.41271e-5 0 1 2.3518e-6 0 1 -2.2429e-6 0 1 -7.23085e-5 0 1 4.19358e-5 0 1 1.46908e-4 0 1 -8.24593e-6 0 1 3.77965e-5 0 1 -2.03361e-5 0 1 8.70599e-6 0 1 -5.7788e-6 0 1 -4.32333e-5 0 1 -3.94046e-5 0 1 6.20956e-5 0 1 -1.03082e-6 0 1 4.77081e-5 0 1 3.51586e-6 0 1 3.33334e-6 0 1 -3.16102e-5 0 1 2.22119e-5 0 1 1.32172e-5 0 1 4.63972e-5 0 1 1.55592e-5 0 1 -2.05167e-5 0 1 1.93543e-5 0 1 1.72703e-5 0 1 -3.37333e-5 0 1 4.73866e-5 0 1 -3.16071e-5 0 1 -1.76057e-5 0 1 6.62427e-5 0 1 -3.94043e-5 0 1 5.6874e-5 0 1 5.10738e-4 0 1 -2.07767e-4 0 1 1.3049e-5 0 1 -2.87462e-5 0 1 9.32449e-6 0 1 -8.83011e-5 0 1 7.85785e-6 0 1 1.65054e-5 0 1 -1.31187e-6 0 1 2.06162e-6 0 1 -1.29241e-5 0 1 9.599e-6 0 0.9999992 0.001306951 0 1 -2.008e-6 0 1 3.28226e-6 0 1 -3.32859e-5 0 1 7.64792e-5 0 1 -6.94593e-6 0 1 2.20906e-6 0 1 -5.13806e-5 0 1 -3.14576e-6 0 1 4.12079e-6 0 1 -1.81929e-5 0 1 6.43915e-5 0 1 -1.39569e-5 0 1 -3.70066e-6 0 1 2.32806e-6 0 1 -5.54915e-5 0 1 7.24788e-5 0 1 -1.69316e-5 0 1 -2.32806e-6 0 1 6.94507e-6 0 1 -7.3549e-5 0 -1 -1.5522e-5 0 -1 4.77601e-6 1 0 0 1 -3.17489e-6 0 1 -1.06207e-6 0 1 5.61025e-6 0 1 1.26997e-5 0 1 -1.3613e-5 0 1 6.35694e-6 0 1 -3.79292e-6 0 1 8.50818e-7 0 1 -2.80495e-6 0 1 5.90716e-6 0 1 -1.46382e-6 0 1 7.38398e-7 0 -1 0 0 -1 -3.57179e-6 0 -1 1.57738e-6 0 -1 6.35696e-6 0 -1 -3.40324e-6 0 -1 -4.67492e-7 0 -1 8.50818e-7 0 -1 4.24829e-6 0 -1 3.55787e-6 0 -1 1.89649e-6 0 -1 3.69199e-7 0 -1 -2.21519e-6 0 -1 -3.03434e-6 0 0 -0.04131942 0.999146 0 -0.1236907 0.9923208 0 -0.1236889 0.9923211 0 -0.2052184 0.9787163 0 -0.2052186 0.9787163 0 -0.285334 0.9584282 0 -0.2853373 0.9584273 0 -0.3635189 0.9315868 0 -0.3635134 0.9315891 0 -0.4391923 0.8983931 0 -0.5118834 0.8590549 0 -0.5118866 0.859053 0 -0.5810742 0.8138507 0 -0.581079 0.8138472 0 -0.6463026 0.7630813 0 -0.6462948 0.7630879 0 -0.7071068 0.7071068 0 -0.7630844 0.646299 0 -0.763091 0.6462913 0 -0.8138481 0.5810776 0 -0.8138472 0.581079 0 -0.8590549 0.5118834 0 -0.8590499 0.511892 0 -0.8983889 0.4392011 0 -0.8983945 0.4391894 0 -0.9315918 0.3635064 0 -0.9315893 0.3635126 0 -0.9584282 0.285334 0 -0.9787159 0.2052201 0 -0.9787163 0.2052186 0 -0.9923207 0.1236916 0 -0.9923217 0.1236844 0 -0.9991455 0.04133158 0 -0.9991461 0.04131716 -1 4.95175e-7 0 -1 -6.26447e-7 0 -1 -9.96309e-6 0 -1 1.36812e-6 0 -1 9.38731e-6 0 -1 -3.02861e-5 0 -1 2.50572e-5 0 -1 -3.56589e-5 0 -1 7.82267e-7 0 -1 2.49078e-6 0 -1 1.1699e-6 0 -1 -1.12868e-6 0 -1 2.33983e-6 0 0 -0.1236898 0.992321 0 -0.1236898 0.992321 0 -0.2052201 0.9787159 0 -0.2052169 0.9787166 0 -0.2853357 0.9584277 0 -0.3635158 0.9315881 0 -0.5810766 0.8138489 0 -0.7630873 0.6462955 0 -0.7630879 0.6462948 0 -0.8138507 0.5810742 0 -0.8138447 0.5810824 0 -0.859053 0.5118866 0 -0.8590518 0.5118888 0 -0.9315903 0.3635103 0 -0.9923208 0.1236907 -1 -4.95175e-7 0 -1 2.73623e-6 0 -1 -7.51716e-6 0 -1 -7.9242e-6 0 -1 -7.82267e-7 0 -1 -1.36813e-6 0 -1 5.84951e-7 0 -1 -2.25743e-6 0 -1 -1.16991e-6 0 1 -2.00458e-5 0 1 7.57153e-6 0 1 -4.69365e-6 0 1 4.95175e-7 0 1 1.09449e-5 0 1 -1.24539e-6 0 1 -2.33983e-6 0 1 -7.82267e-7 0 1 2.23111e-6 0 1 -1.12871e-6 0 0 -0.511884 0.8590547 0 -0.6463005 0.7630831 0 -0.6462969 0.7630861 0 -0.8983932 0.4391923 1 9.46453e-7 0 1 3.1291e-6 0 1 -1.09449e-5 0 1 6.22693e-6 0 1 -3.50974e-6 0 1 1.36813e-6 0 1 4.51467e-6 0 1 -1.69307e-6 0 -0.08726447 0 0.9961852 -0.08704358 0 0.9962045 -0.2588947 0 0.9659056 -0.258687 0 0.9659612 -0.4227406 0 0.9062508 -0.4225577 0 0.9063361 -0.5736445 0 0.8191046 -0.573495 0 0.819209 -0.7070772 0 0.7071363 -0.7071903 0 0.7070233 -0.8191846 0 0.57353 -0.8191113 0 0.5736346 -0.9062941 0 0.4226478 -0.9659297 0 0.2588047 -0.9659299 0 0.2588039 -0.9961951 0 0.08715099 -0.9961951 0 0.08715051 -0.9961951 0 -0.08715099 -0.9961935 0 -0.08716988 -0.9659446 0 -0.2587491 -0.9659299 0 -0.2588039 -0.9062543 0 -0.4227331 -0.9062941 0 -0.4226478 -0.8191846 0 -0.57353 -0.7071886 0 -0.7070251 -0.7069676 0 -0.707246 -0.5736445 0 -0.8191046 -0.4225577 0 -0.9063361 -0.4227406 0 -0.9062508 -0.258687 0 -0.9659612 -0.08726447 0 -0.9961852 0.08726841 0 -0.9961849 0.08726811 0 -0.9961849 0.258687 0 -0.9659612 0.4227406 0 -0.9062508 0.4225577 0 -0.9063361 0.5736445 0 -0.8191046 0.7069659 0 -0.7072477 0.7071903 0 -0.7070233 0.8191649 0 -0.573558 0.8191633 0 -0.5735604 0.9063101 0 -0.4226136 0.9062709 0 -0.4226974 0.9659297 0 -0.2588047 0.9659448 0 -0.2587482 0.9961935 0 -0.0871703 0.9961951 0 -0.08715051 0.9961951 0 0.08715099 0.9961951 0 0.08715051 0.9659297 0 0.2588047 0.9659299 0 0.2588039 0.9063101 0 0.4226136 0.9063107 0 0.4226121 0.8190917 0 0.5736626 0.8191633 0 0.5735604 0.7071886 0 0.7070251 0.7070789 0 0.7071346 0.573495 0 0.819209 0.5736445 0 0.8191046 0.4225577 0 0.9063361 0.4227406 0 0.9062508 0.258687 0 0.9659612 0.2588947 0 0.9659056 0.08704751 0 0.9962043 0.08726811 0 0.9961849 -0.9659149 0 0.2588604 -0.9659448 0 0.2587482 -0.9961935 0 -0.0871703 -0.9961951 0 -0.08715051 -0.9659297 0 -0.2588047 -0.8191113 0 -0.5736346 -0.7070789 0 -0.7071346 -0.2588947 0 -0.9659056 0.2588947 0 -0.9659056 0.7070772 0 -0.7071363 0.8190917 0 -0.5736626 0.9063107 0 -0.4226121 0.9659299 0 -0.2588039 0.9961951 0 -0.08715099 0.9961935 0 -0.08716988 0.9659446 0 0.2587491 0.965915 0 0.2588595 0.8191649 0 0.573558 0.8190901 0 0.573665 0.08726841 0 0.9961849 0.08704721 0 0.9962043 -0.08704537 0 0.9962044 -0.08726632 0 0.9961851 -0.2586922 0 0.9659599 -0.2588999 0 0.9659042 -0.4227246 0 0.9062582 -0.4225404 0 0.9063441 -0.5735065 0 0.8192011 -0.5736542 0 0.8190976 -0.8191016 0 0.5736487 -0.8191747 0 0.573544 -0.9063027 0 0.4226292 -0.9063021 0 0.4226307 -0.9063027 0 -0.4226292 -0.9063021 0 -0.4226307 -0.8191747 0 -0.573544 -0.8191016 0 -0.5736487 -0.5736559 0 -0.8190965 -0.5736542 0 -0.8190976 -0.4225417 0 -0.9063436 -0.4225404 0 -0.9063441 -0.2586922 0 -0.9659599 -0.2588999 0 -0.9659042 -0.08726632 0 -0.9961851 0.08726632 0 -0.9961851 0.2588999 0 -0.9659042 0.2586922 0 -0.9659599 0.4225417 0 -0.9063436 0.4225404 0 -0.9063441 0.5736559 0 -0.8190965 0.5736542 0 -0.8190976 0.7070668 0 -0.7071468 0.7071781 0 -0.7070355 0.8191113 0 -0.5736346 0.8191846 0 -0.57353 0.9063027 0 -0.4226292 0.9063021 0 -0.4226307 0.9063027 0 0.4226292 0.9063021 0 0.4226307 0.8191846 0 0.57353 0.8191113 0 0.5736346 0.7071781 0 0.7070355 0.7070668 0 0.7071468 0.5736559 0 0.8190965 0.5735049 0 0.8192022 0.4225417 0 0.9063436 0.4227232 0 0.9062589 0.2588999 0 0.9659042 0.2586922 0 0.9659599 0.08726632 0 0.9961851 0.08704537 0 0.9962044 -0.5736559 0 0.8190965 -0.5735049 0 0.8192022 -0.9062629 0 -0.4227145 -0.4227232 0 -0.9062589 0.4227246 0 -0.9062582 0.7069554 0 -0.7072581 0.9062623 0 -0.422716 0.5735065 0 0.8192011 0.5736542 0 0.8190976 -0.08715051 0.9961951 0 -0.2588186 0.965926 0 -0.2587908 0.9659334 0 -0.4226478 0.9062941 0 -0.5735539 0.8191679 0 -0.5735847 0.8191463 0 -0.7070789 0.7071346 0 -0.7071381 0.7070755 0 -0.8191807 0.5735357 0 -0.8191329 0.5736039 0 -0.9062929 0.4226505 0 -0.9062941 0.4226478 0 -0.9659183 0.2588471 0 -0.9659481 0.2587363 0 -0.9961997 0.08709907 0 -0.9961901 0.08720833 0 -0.9961897 -0.08721321 0 -0.9961994 -0.08710271 0 -0.9659461 -0.2587433 0 -0.9659202 -0.2588402 0 -0.9063016 -0.4226319 0 -0.8191146 -0.57363 0 -0.8191716 -0.5735487 0 -0.7071346 -0.7070789 0 -0.7070825 -0.7071312 0 -0.5736081 -0.8191301 0 -0.5735866 -0.8191451 0 -0.4226107 -0.9063113 0 -0.4226136 -0.9063101 0 -0.2587908 -0.9659334 0 -0.2588186 -0.965926 0 -0.08715051 -0.9961951 0 0.08715534 -0.9961947 0 0.2587908 -0.9659334 0 0.2588186 -0.965926 0 0.422632 -0.9063015 0 0.4225922 -0.90632 0 0.5736081 -0.8191301 0 0.5735604 -0.8191633 0 0.7071346 -0.7070789 0 0.7070825 -0.7071312 0 0.8191407 -0.5735926 0 0.8191192 -0.5736234 0 0.9063016 -0.4226319 0 0.9063441 -0.4225404 0 0.9659323 -0.2587952 0 0.9659202 -0.2588402 0 0.9961897 -0.08721321 0 0.9961994 -0.08710271 0 0.9961997 0.08709907 0 0.9961901 0.08720833 0 0.9659183 0.2588471 0 0.9659342 0.2587882 0 0.9063354 0.422559 0 0.9062941 0.4226478 0 0.8191284 0.5736104 0 0.819159 0.5735664 0 0.7070789 0.7071346 0 0.7071381 0.7070755 0 0.5735278 0.8191863 0 0.5735847 0.8191463 0 0.4226265 0.9063041 0 0.4226692 0.9062842 0 0.2588186 0.965926 0 0.2587908 0.9659334 0 0.08715534 0.9961947 0 -0.08715534 0.9961947 0 -0.2588437 0.9659193 0 -0.2588469 0.9659184 0 -0.4226107 0.9063113 0 -0.4225922 0.90632 0 -0.57358 0.8191496 0 -0.5735586 0.8191647 0 -0.7071276 0.7070859 0 -0.7071312 0.7070825 0 -0.8191407 0.5735926 0 -0.8191453 0.5735861 0 -0.9063016 0.4226319 0 -0.9659304 0.2588022 0 -0.9961949 0.08715432 0 -0.996195 0.08715313 0 -0.9961949 -0.08715432 0 -0.996195 -0.08715313 0 -0.9659304 -0.2588022 0 -0.8191545 -0.573573 0 -0.819159 -0.5735664 0 -0.7071068 -0.7071068 0 -0.7071102 -0.7071033 0 -0.5735539 -0.8191679 0 -0.5735847 -0.8191463 0 -0.4225894 -0.9063214 0 -0.2588437 -0.9659193 0 -0.2588469 -0.9659184 0 -0.08715534 -0.9961947 0 0.08715051 -0.9961951 0 0.2588437 -0.9659193 0 0.2588469 -0.9659184 0 0.4226107 -0.9063113 0 0.57358 -0.8191496 0 0.5735586 -0.8191647 0 0.7071068 -0.7071068 0 0.8191807 -0.5735357 0 0.819159 -0.5735664 0 0.9659304 -0.2588022 0 0.9961949 -0.08715432 0 0.996195 -0.08715313 0 0.9961949 0.08715432 0 0.996195 0.08715313 0 0.9659304 0.2588022 0 0.9063016 0.4226319 0 0.8191407 0.5735926 0 0.8191716 0.5735487 0 0.7070999 0.7071138 0 0.7071312 0.7070825 0 0.5735539 0.8191679 0 0.4225894 0.9063214 0 0.4226136 0.9063101 0 0.2588437 0.9659193 0 0.2588469 0.9659184 0 0.08715051 0.9961951 0 -0.2588047 0.9659297 0 -0.4226265 0.9063041 0 -0.7071068 0.7071068 0 -0.7071102 0.7071033 0 -0.8191545 0.573573 0 -0.819159 0.5735664 0 -0.9659323 0.2587952 0 -0.9659342 0.2587882 0 -0.9961946 -0.08715796 0 -0.9659323 -0.2587952 0 -0.9659342 -0.2587882 0 -0.8191407 -0.5735926 0 -0.8191453 -0.5735861 0 -0.5735819 -0.8191483 0 -0.5736127 -0.8191267 0 -0.2588047 -0.9659297 0 0.2588047 -0.9659297 0 0.5735866 -0.8191451 0 0.819167 -0.5735553 0 0.8191453 -0.5735861 0 0.9659342 -0.2587882 0 0.9961946 -0.08715796 0 0.9659323 0.2587952 0 0.9062929 0.4226505 0 0.8191545 0.573573 0 0.8191852 0.5735291 0 0.7071102 0.7071033 0 0.4226478 0.9062941 0 0.2588047 0.9659297 0 -0.2588576 0.9659155 0 -0.258833 0.9659221 0 -0.4226136 0.9063101 0 -0.7070999 0.7071138 0 -0.707159 0.7070546 0 -0.819167 0.5735553 0 -0.8191192 0.5736234 0 -0.9659165 0.2588541 0 -0.9659444 0.2587502 0 -0.99619 -0.08720958 0 -0.9961998 -0.08709788 0 -0.9659444 -0.2587502 0 -0.9659165 -0.2588541 0 -0.8191284 -0.5736104 0 -0.8191852 -0.5735291 0 -0.57358 -0.8191496 0 -0.5735586 -0.8191647 0 -0.2588298 -0.9659231 0 -0.2588608 -0.9659147 0 0.2588298 -0.9659231 0 0.2588608 -0.9659147 0 0.5735324 -0.8191829 0 0.8191545 -0.573573 0 0.8191329 -0.5736039 0 0.9659165 -0.2588541 0 0.99619 -0.08720958 0 0.9961998 -0.08709788 0 0.9659165 0.2588541 0 0.9063441 0.4225404 0 0.8191146 0.57363 0 0.8191453 0.5735861 0 0.707159 0.7070546 0 0.4226348 0.9063001 0 0.2588576 0.9659155 0 0.258833 0.9659221 0</float_array>
          <technique_common>
            <accessor source="#MMO_700_dual_-_bracket-2-mesh-normals-array" count="840" stride="3">
              <param name="X" type="float"/>
              <param name="Y" type="float"/>
              <param name="Z" type="float"/>
            </accessor>
          </technique_common>
        </source>
        <vertices id="MMO_700_dual_-_bracket-2-mesh-vertices">
          <input semantic="POSITION" source="#MMO_700_dual_-_bracket-2-mesh-positions"/>
        </vertices>
        <triangles count="1440">
          <input semantic="VERTEX" source="#MMO_700_dual_-_bracket-2-mesh-vertices" offset="0"/>
          <input semantic="NORMAL" source="#MMO_700_dual_-_bracket-2-mesh-normals" offset="1"/>
          <p>0 0 1 0 2 0 1 0 3 0 2 0 2 1 3 1 4 1 2 2 4 2 5 2 6 0 7 0 8 0 8 0 7 0 9 0 8 3 9 3 10 3 10 0 11 0 8 0 8 4 11 4 12 4 8 5 12 5 13 5 14 0 15 0 8 0 8 6 15 6 16 6 8 7 16 7 17 7 18 0 19 0 20 0 20 8 19 8 21 8 20 9 21 9 22 9 23 0 24 0 25 0 25 10 24 10 26 10 25 11 26 11 27 11 13 0 28 0 8 0 8 12 28 12 29 12 8 13 29 13 30 13 0 0 2 0 25 0 25 14 2 14 31 14 25 15 31 15 23 15 32 0 33 0 34 0 5 0 35 0 2 0 2 16 35 16 36 16 2 0 36 0 37 0 37 17 36 17 38 17 37 18 38 18 30 18 30 19 38 19 39 19 30 20 39 20 8 20 8 21 39 21 40 21 8 0 40 0 14 0 17 0 41 0 8 0 8 22 41 22 42 22 8 0 42 0 20 0 20 23 42 23 43 23 20 24 43 24 18 24 44 0 45 0 34 0 34 25 45 25 46 25 34 26 46 26 47 26 48 27 49 27 34 27 34 28 49 28 50 28 33 29 51 29 34 29 34 30 51 30 52 30 34 31 52 31 44 31 50 32 53 32 34 32 34 33 53 33 54 33 34 0 54 0 55 0 55 34 54 34 56 34 55 35 56 35 57 35 57 36 58 36 55 36 55 37 58 37 59 37 55 38 59 38 60 38 60 39 61 39 55 39 55 40 61 40 62 40 55 41 62 41 63 41 22 0 64 0 20 0 20 42 64 42 65 42 20 0 65 0 66 0 27 43 67 43 25 43 25 44 67 44 68 44 25 0 68 0 47 0 47 0 68 0 34 0 34 45 68 45 69 45 34 0 69 0 48 0 63 0 70 0 55 0 55 46 70 46 71 46 55 0 71 0 8 0 8 47 71 47 72 47 8 48 72 48 6 48 66 0 73 0 20 0 20 49 73 49 74 49 20 0 74 0 34 0 34 50 74 50 75 50 34 51 75 51 32 51 76 52 77 52 78 52 77 52 79 52 78 52 78 53 79 53 80 53 78 54 80 54 81 54 82 52 83 52 84 52 84 55 83 55 85 55 84 52 85 52 78 52 78 56 85 56 86 56 78 57 86 57 76 57 81 52 87 52 78 52 78 58 87 58 88 58 78 59 88 59 89 59 90 52 78 52 91 52 91 52 78 52 92 52 93 52 94 52 95 52 96 52 92 52 97 52 97 52 92 52 78 52 97 60 78 60 98 60 98 52 78 52 89 52 99 52 100 52 55 52 101 52 55 52 102 52 102 52 55 52 103 52 101 52 104 52 55 52 55 61 104 61 105 61 55 52 105 52 84 52 84 62 105 62 106 62 84 63 106 63 107 63 108 52 109 52 107 52 107 64 109 64 110 64 111 52 112 52 84 52 84 65 112 65 113 65 84 66 113 66 82 66 90 52 114 52 78 52 78 67 114 67 115 67 78 68 115 68 116 68 116 52 117 52 78 52 78 69 117 69 118 69 78 70 118 70 8 70 8 71 118 71 119 71 8 72 119 72 120 72 108 73 107 73 95 73 95 74 107 74 121 74 95 75 121 75 93 75 97 52 122 52 96 52 96 76 122 76 123 76 96 77 123 77 124 77 100 52 125 52 55 52 55 78 125 78 126 78 55 79 126 79 103 79 124 52 127 52 96 52 96 80 127 80 128 80 96 81 128 81 129 81 120 52 130 52 8 52 8 82 130 82 131 82 8 83 131 83 132 83 133 84 134 84 84 84 132 52 135 52 8 52 8 85 135 85 136 85 8 86 136 86 137 86 129 52 138 52 96 52 96 87 138 87 139 87 96 88 139 88 140 88 140 89 139 89 95 89 140 52 95 52 141 52 141 52 95 52 94 52 110 90 142 90 107 90 107 91 142 91 143 91 107 92 143 92 84 92 84 93 143 93 144 93 84 94 144 94 133 94 134 52 145 52 84 52 84 95 145 95 146 95 84 96 146 96 111 96 137 52 147 52 8 52 8 97 147 97 148 97 8 52 148 52 55 52 55 98 148 98 149 98 55 99 149 99 99 99 150 0 151 0 152 0 153 0 154 0 155 0 156 100 157 100 158 100 151 0 159 0 155 0 155 101 159 101 160 101 155 102 160 102 161 102 154 0 162 0 155 0 155 103 162 103 163 103 155 104 163 104 164 104 165 105 166 105 151 105 166 0 167 0 151 0 151 0 167 0 168 0 151 0 168 0 152 0 169 106 170 106 171 106 171 107 170 107 172 107 171 0 173 0 158 0 158 108 173 108 174 108 158 109 174 109 156 109 157 0 175 0 158 0 158 0 175 0 176 0 158 110 176 110 177 110 172 0 178 0 171 0 171 111 178 111 179 111 171 112 179 112 173 112 177 113 180 113 158 113 158 114 180 114 181 114 158 115 181 115 182 115 183 116 184 116 185 116 186 0 187 0 185 0 164 0 188 0 155 0 155 117 188 117 189 117 155 118 189 118 190 118 182 0 191 0 158 0 158 119 191 119 192 119 158 0 192 0 185 0 185 120 192 120 193 120 185 121 193 121 183 121 194 0 195 0 185 0 185 122 195 122 196 122 185 123 196 123 155 123 155 124 196 124 197 124 155 125 197 125 153 125 190 0 198 0 155 0 155 126 198 126 199 126 155 127 199 127 151 127 151 0 199 0 200 0 151 0 200 0 165 0 201 0 202 0 171 0 171 128 202 128 203 128 171 129 203 129 169 129 184 0 204 0 185 0 185 0 204 0 205 0 185 130 205 130 206 130 161 131 207 131 155 131 155 132 207 132 208 132 155 0 208 0 171 0 171 133 208 133 209 133 171 134 209 134 201 134 210 0 211 0 206 0 206 135 211 135 212 135 212 0 213 0 206 0 206 136 213 136 214 136 206 0 214 0 185 0 185 137 214 137 215 137 185 138 215 138 186 138 187 0 216 0 185 0 185 139 216 139 217 139 185 140 217 140 218 140 218 0 219 0 185 0 185 0 219 0 220 0 185 141 220 141 194 141 150 0 152 0 221 0 221 0 152 0 222 0 221 0 222 0 223 0 223 0 222 0 224 0 223 0 224 0 206 0 206 0 224 0 225 0 206 0 225 0 210 0 226 52 227 52 228 52 228 142 227 142 229 142 228 52 229 52 230 52 230 143 229 143 231 143 230 144 231 144 232 144 233 52 234 52 228 52 234 52 235 52 228 52 228 145 235 145 236 145 228 146 236 146 226 146 237 52 238 52 239 52 240 52 241 52 155 52 155 147 241 147 242 147 155 148 242 148 243 148 239 52 238 52 244 52 245 149 228 149 246 149 246 52 228 52 185 52 245 52 247 52 228 52 228 150 247 150 248 150 228 151 248 151 233 151 232 52 249 52 230 52 230 152 249 152 250 152 230 153 250 153 251 153 252 52 253 52 185 52 251 52 254 52 230 52 230 154 254 154 255 154 230 155 255 155 256 155 256 52 257 52 230 52 230 156 257 156 258 156 230 52 258 52 155 52 155 157 258 157 259 157 155 158 259 158 240 158 244 52 238 52 243 52 243 159 238 159 260 159 243 160 260 160 261 160 253 52 262 52 185 52 185 161 262 161 263 161 185 162 263 162 264 162 264 52 265 52 185 52 185 163 265 163 266 163 185 164 266 164 246 164 267 52 185 52 268 52 268 52 185 52 269 52 267 52 270 52 185 52 185 165 270 165 271 165 185 166 271 166 272 166 261 52 273 52 243 52 243 167 273 167 274 167 243 168 274 168 155 168 155 169 274 169 275 169 155 170 275 170 276 170 276 52 277 52 155 52 155 171 277 171 278 171 155 172 278 172 279 172 279 173 280 173 155 173 155 174 280 174 281 174 155 175 281 175 282 175 282 52 283 52 155 52 155 176 283 176 284 176 155 52 284 52 185 52 185 177 284 177 285 177 185 178 285 178 269 178 272 52 286 52 185 52 185 179 286 179 287 179 185 180 287 180 288 180 288 181 289 181 185 181 185 182 289 182 290 182 185 52 290 52 252 52 252 183 290 183 291 183 291 184 292 184 252 184 252 75 292 75 293 75 252 185 293 185 294 185 294 52 295 52 252 52 252 186 295 186 296 186 252 52 296 52 297 52 297 187 296 187 298 187 297 188 298 188 239 188 239 189 298 189 299 189 239 190 299 190 237 190 300 191 301 191 302 191 303 192 304 192 305 192 302 193 306 193 300 193 300 194 306 194 307 194 300 195 307 195 308 195 309 193 310 193 311 193 312 193 313 193 314 193 314 196 313 196 315 196 314 197 315 197 316 197 311 193 310 193 317 193 316 193 318 193 314 193 314 198 318 198 319 198 314 199 319 199 317 199 320 193 321 193 322 193 304 193 323 193 305 193 305 200 323 200 324 200 305 201 324 201 325 201 326 193 327 193 328 193 317 202 310 202 314 202 314 203 310 203 329 203 314 193 329 193 300 193 300 204 329 204 330 204 300 205 330 205 301 205 331 193 314 193 332 193 332 193 314 193 305 193 332 193 305 193 333 193 333 193 305 193 325 193 308 193 334 193 300 193 300 206 334 206 335 206 300 207 335 207 336 207 305 193 322 193 337 193 337 193 338 193 305 193 305 208 338 208 339 208 305 209 339 209 340 209 340 193 341 193 305 193 305 210 341 210 342 210 305 211 342 211 303 211 331 212 343 212 314 212 314 213 343 213 344 213 314 214 344 214 345 214 346 215 347 215 348 215 349 193 350 193 351 193 351 193 350 193 352 193 353 193 354 193 322 193 345 193 355 193 314 193 314 216 355 216 356 216 314 217 356 217 357 217 358 218 328 218 359 218 360 219 361 219 311 219 311 220 361 220 362 220 311 221 362 221 309 221 336 193 363 193 300 193 300 222 363 222 364 222 300 223 364 223 365 223 366 224 367 224 300 224 300 225 367 225 368 225 300 226 368 226 369 226 369 193 370 193 300 193 300 227 370 227 371 227 300 228 371 228 322 228 322 229 371 229 372 229 322 230 372 230 320 230 321 193 373 193 322 193 322 231 373 231 374 231 322 232 374 232 375 232 354 233 376 233 322 233 322 234 376 234 377 234 322 235 377 235 337 235 314 236 378 236 379 236 358 193 380 193 328 193 328 237 380 237 381 237 328 238 381 238 326 238 366 239 300 239 382 239 382 240 300 240 365 240 382 193 365 193 346 193 346 237 365 237 383 237 346 241 383 241 347 241 375 242 384 242 322 242 322 243 384 243 385 243 322 244 385 244 386 244 327 193 387 193 328 193 328 245 387 245 388 245 328 246 388 246 389 246 357 247 390 247 391 247 391 248 392 248 357 248 357 249 392 249 393 249 357 250 393 250 394 250 379 193 395 193 314 193 314 251 395 251 396 251 314 252 396 252 312 252 348 193 397 193 346 193 346 253 397 253 398 253 346 254 398 254 399 254 400 193 401 193 402 193 402 255 401 255 403 255 404 256 405 256 406 256 349 193 407 193 350 193 350 257 407 257 408 257 350 258 408 258 409 258 350 193 410 193 352 193 352 259 410 259 411 259 352 260 411 260 412 260 413 193 414 193 358 193 358 261 414 261 402 261 358 193 402 193 415 193 415 193 402 193 403 193 394 193 416 193 357 193 357 262 416 262 417 262 357 263 417 263 314 263 314 264 417 264 418 264 314 265 418 265 378 265 399 193 419 193 346 193 346 266 419 266 420 266 346 193 420 193 402 193 402 267 420 267 421 267 402 268 421 268 400 268 360 269 311 269 406 269 406 270 311 270 422 270 406 271 422 271 404 271 358 272 423 272 380 272 380 193 423 193 424 193 380 193 424 193 425 193 425 193 424 193 426 193 425 193 426 193 427 193 427 193 426 193 406 193 427 193 406 193 428 193 428 193 406 193 405 193 389 193 429 193 328 193 328 273 429 273 430 273 328 193 430 193 357 193 357 274 430 274 431 274 357 275 431 275 390 275 432 276 433 276 359 276 386 193 434 193 322 193 322 277 434 277 435 277 322 278 435 278 350 278 412 279 436 279 352 279 352 280 436 280 437 280 352 281 437 281 438 281 359 193 433 193 358 193 358 282 433 282 439 282 358 283 439 283 413 283 409 193 440 193 350 193 350 284 440 284 441 284 350 193 441 193 322 193 322 285 441 285 442 285 322 286 442 286 353 286 438 193 443 193 352 193 352 287 443 287 444 287 352 193 444 193 445 193 445 288 444 288 446 288 445 193 446 193 359 193 359 289 446 289 447 289 359 290 447 290 432 290 448 291 449 291 450 291 450 292 451 292 448 292 448 293 451 293 452 293 448 294 452 294 453 294 454 295 455 295 456 295 457 296 458 296 459 296 457 292 459 292 460 292 461 297 462 297 463 297 463 292 462 292 464 292 465 292 466 292 314 292 314 298 466 298 467 298 468 292 469 292 454 292 454 299 469 299 470 299 454 300 470 300 455 300 456 292 471 292 454 292 454 301 471 301 472 301 454 302 472 302 462 302 472 292 473 292 462 292 462 303 473 303 474 303 462 304 474 304 475 304 476 305 454 305 477 305 477 292 454 292 478 292 453 292 479 292 448 292 448 306 479 306 480 306 448 307 480 307 481 307 481 308 480 308 468 308 481 292 468 292 482 292 482 309 468 309 454 309 482 292 454 292 483 292 484 310 485 310 486 310 486 311 485 311 487 311 486 292 487 292 488 292 475 312 489 312 462 312 462 313 489 313 490 313 462 314 490 314 464 314 467 315 491 315 314 315 314 316 491 316 492 316 314 292 492 292 454 292 454 317 492 317 493 317 454 318 493 318 478 318 476 292 494 292 454 292 454 319 494 319 495 319 454 320 495 320 496 320 497 292 498 292 462 292 462 321 498 321 499 321 462 322 499 322 500 322 496 292 501 292 454 292 454 323 501 323 502 323 454 324 502 324 483 324 488 292 503 292 486 292 486 325 503 325 504 325 486 292 504 292 505 292 505 326 504 326 459 326 505 292 459 292 506 292 506 292 459 292 458 292 461 292 507 292 462 292 462 327 507 327 508 327 462 328 508 328 509 328 497 292 462 292 510 292 510 292 462 292 509 292 510 292 509 292 511 292 511 329 509 329 512 329 511 330 512 330 513 330 513 331 512 331 514 331 513 332 514 332 515 332 516 292 517 292 518 292 518 333 517 333 519 333 518 334 519 334 520 334 500 292 521 292 462 292 462 335 521 335 522 335 462 292 522 292 300 292 522 292 523 292 300 292 300 336 523 336 524 336 300 337 524 337 525 337 460 292 459 292 526 292 526 338 459 338 527 338 526 292 527 292 528 292 529 292 530 292 531 292 531 339 530 339 532 339 520 292 533 292 518 292 518 340 533 340 534 340 518 292 534 292 535 292 535 341 534 341 513 341 535 292 513 292 536 292 536 292 513 292 515 292 525 292 537 292 300 292 300 342 537 342 538 342 300 343 538 343 539 343 540 292 541 292 314 292 314 344 541 344 542 344 543 292 314 292 544 292 544 345 314 345 545 345 546 292 547 292 486 292 486 346 547 346 548 346 486 347 548 347 484 347 549 348 550 348 518 348 518 349 550 349 551 349 518 350 551 350 516 350 543 351 552 351 314 351 314 352 552 352 553 352 314 353 553 353 554 353 554 354 555 354 314 354 314 355 555 355 556 355 314 356 556 356 547 356 557 292 558 292 448 292 448 357 558 357 559 357 448 358 559 358 449 358 539 292 560 292 300 292 300 359 560 359 561 359 300 360 561 360 562 360 562 292 563 292 300 292 300 361 563 361 564 361 300 292 564 292 314 292 314 362 564 362 565 362 314 363 565 363 540 363 542 292 566 292 314 292 314 364 566 364 567 364 314 365 567 365 531 365 546 292 568 292 547 292 547 366 568 366 569 366 547 292 569 292 314 292 314 367 569 367 570 367 314 368 570 368 465 368 532 292 571 292 531 292 531 369 571 369 572 369 531 370 572 370 314 370 314 371 572 371 573 371 314 372 573 372 545 372 557 292 574 292 558 292 558 373 574 373 575 373 558 374 575 374 576 374 576 292 577 292 558 292 558 375 577 375 578 375 558 376 578 376 528 376 549 292 579 292 550 292 550 377 579 377 580 377 550 292 580 292 581 292 527 378 582 378 528 378 528 292 582 292 583 292 528 292 583 292 558 292 558 379 583 379 584 379 558 380 584 380 580 380 580 381 584 381 585 381 580 382 585 382 581 382 581 292 586 292 550 292 550 383 586 383 587 383 550 292 587 292 588 292 588 384 587 384 589 384 588 385 589 385 531 385 531 386 589 386 590 386 531 387 590 387 591 387 591 292 592 292 531 292 531 388 592 388 593 388 531 389 593 389 529 389 462 52 594 52 20 52 20 52 34 52 462 52 462 52 34 52 171 52 462 52 171 52 454 52 454 52 171 52 158 52 454 52 158 52 595 52 305 0 596 0 228 0 228 0 230 0 305 0 305 390 230 390 84 390 305 0 84 0 322 0 322 391 84 391 78 391 322 0 78 0 597 0 595 392 598 392 454 392 454 393 598 393 599 393 454 392 599 392 314 392 599 392 600 392 314 392 314 394 600 394 601 394 314 395 601 395 602 395 596 392 305 392 603 392 603 396 305 396 604 396 602 397 605 397 314 397 314 398 605 398 606 398 314 399 606 399 607 399 608 392 609 392 314 392 604 392 305 392 610 392 610 392 305 392 314 392 610 392 314 392 611 392 609 392 612 392 314 392 314 400 612 400 613 400 314 401 613 401 611 401 607 402 614 402 314 402 314 403 614 403 615 403 314 404 615 404 608 404 616 405 594 405 462 405 597 405 617 405 322 405 322 406 617 406 618 406 322 405 618 405 300 405 300 407 618 407 619 407 620 408 621 408 300 408 300 409 621 409 622 409 619 405 623 405 300 405 300 410 623 410 624 410 300 411 624 411 625 411 622 405 626 405 300 405 300 412 626 412 627 412 300 405 627 405 462 405 462 413 627 413 628 413 462 405 628 405 616 405 625 405 629 405 300 405 300 414 629 414 630 414 300 415 630 415 631 415 631 405 632 405 300 405 300 416 632 416 633 416 300 417 633 417 620 417 228 418 596 418 634 418 634 418 596 418 603 418 634 419 603 419 635 419 635 420 603 420 604 420 635 421 604 421 636 421 636 422 604 422 610 422 636 423 610 423 637 423 637 424 610 424 611 424 637 425 611 425 638 425 638 426 611 426 613 426 638 427 613 427 639 427 639 427 613 427 612 427 639 428 612 428 640 428 640 429 612 429 609 429 640 430 609 430 641 430 641 431 609 431 608 431 641 432 608 432 642 432 642 433 608 433 615 433 642 434 615 434 643 434 643 434 615 434 614 434 643 435 614 435 644 435 644 436 614 436 607 436 644 437 607 437 645 437 645 438 607 438 606 438 645 439 606 439 646 439 646 440 606 440 605 440 646 441 605 441 647 441 647 442 605 442 602 442 647 443 602 443 648 443 648 444 602 444 601 444 648 445 601 445 649 445 649 445 601 445 600 445 649 446 600 446 650 446 650 447 600 447 599 447 650 448 599 448 651 448 651 449 599 449 598 449 651 450 598 450 158 450 158 451 598 451 595 451 651 405 158 405 185 405 228 405 634 405 185 405 185 452 634 452 635 452 185 453 635 453 636 453 645 454 646 454 185 454 185 455 646 455 647 455 185 456 647 456 648 456 648 457 649 457 185 457 185 458 649 458 650 458 185 459 650 459 651 459 636 405 637 405 185 405 185 460 637 460 638 460 185 405 638 405 639 405 639 461 640 461 185 461 185 462 640 462 641 462 185 405 641 405 642 405 642 405 643 405 185 405 185 463 643 463 644 463 185 464 644 464 645 464 84 418 230 418 652 418 652 418 230 418 653 418 652 465 653 465 654 465 654 466 653 466 655 466 654 467 655 467 656 467 656 468 655 468 657 468 656 469 657 469 658 469 658 423 657 423 659 423 658 470 659 470 660 470 660 426 659 426 661 426 660 427 661 427 662 427 662 427 661 427 663 427 662 428 663 428 664 428 664 429 663 429 665 429 664 471 665 471 666 471 666 430 665 430 667 430 666 432 667 432 668 432 668 433 667 433 669 433 668 434 669 434 670 434 670 434 669 434 671 434 670 472 671 472 672 472 672 473 671 473 673 473 672 474 673 474 674 474 674 475 673 475 675 475 674 476 675 476 676 476 676 477 675 477 677 477 676 441 677 441 678 441 678 442 677 442 679 442 678 443 679 443 680 443 680 478 679 478 681 478 680 445 681 445 682 445 682 445 681 445 683 445 682 446 683 446 684 446 684 447 683 447 685 447 684 479 685 479 686 479 686 449 685 449 687 449 686 450 687 450 34 450 34 451 687 451 171 451 686 405 34 405 55 405 84 405 652 405 55 405 55 480 652 480 654 480 55 405 654 405 656 405 674 405 676 405 55 405 55 481 676 481 678 481 55 405 678 405 680 405 680 405 682 405 55 405 55 482 682 482 684 482 55 483 684 483 686 483 656 405 658 405 55 405 55 484 658 484 660 484 55 485 660 485 662 485 662 461 664 461 55 461 55 486 664 486 666 486 55 487 666 487 668 487 668 405 670 405 55 405 55 405 670 405 672 405 55 488 672 488 674 488 653 392 230 392 155 392 685 392 155 392 687 392 687 392 155 392 171 392 685 489 683 489 155 489 155 490 683 490 681 490 155 491 681 491 679 491 659 392 657 392 155 392 155 392 657 392 655 392 155 492 655 492 653 492 679 493 677 493 155 493 155 494 677 494 675 494 155 495 675 495 673 495 667 392 665 392 155 392 665 392 663 392 155 392 155 392 663 392 661 392 155 496 661 496 659 496 673 392 671 392 155 392 155 497 671 497 669 497 155 498 669 498 667 498 597 418 78 418 617 418 617 418 78 418 688 418 617 419 688 419 618 419 618 466 688 466 689 466 618 467 689 467 619 467 619 468 689 468 690 468 619 423 690 423 623 423 623 423 690 423 691 423 623 425 691 425 624 425 624 426 691 426 692 426 624 427 692 427 625 427 625 427 692 427 693 427 625 428 693 428 629 428 629 499 693 499 694 499 629 471 694 471 630 471 630 471 694 471 695 471 630 500 695 500 631 500 631 501 695 501 696 501 631 434 696 434 632 434 632 434 696 434 697 434 632 472 697 472 633 472 633 473 697 473 698 473 633 437 698 437 620 437 620 438 698 438 699 438 620 476 699 476 621 476 621 477 699 477 700 477 621 441 700 441 622 441 622 502 700 502 701 502 622 443 701 443 626 443 626 444 701 444 702 444 626 445 702 445 627 445 627 445 702 445 703 445 627 447 703 447 628 447 628 446 703 446 704 446 628 448 704 448 616 448 616 449 704 449 705 449 616 450 705 450 594 450 594 451 705 451 20 451 688 392 78 392 8 392 704 392 8 392 705 392 705 392 8 392 20 392 691 503 690 503 8 503 8 392 690 392 689 392 8 492 689 492 688 492 704 392 703 392 8 392 8 392 703 392 702 392 8 504 702 504 701 504 701 505 700 505 8 505 8 506 700 506 699 506 8 507 699 507 698 507 695 392 694 392 8 392 694 392 693 392 8 392 8 508 693 508 692 508 8 496 692 496 691 496 698 509 697 509 8 509 8 392 697 392 696 392 8 510 696 510 695 510 572 511 196 511 573 511 573 512 196 512 195 512 573 513 195 513 545 513 545 514 195 514 194 514 545 515 194 515 544 515 544 516 194 516 220 516 544 517 220 517 543 517 543 518 220 518 219 518 543 519 219 519 552 519 552 520 219 520 218 520 552 521 218 521 553 521 553 522 218 522 217 522 553 523 217 523 554 523 554 523 217 523 216 523 554 524 216 524 555 524 555 525 216 525 187 525 555 526 187 526 556 526 556 527 187 527 186 527 556 528 186 528 547 528 547 529 186 529 215 529 547 530 215 530 548 530 548 531 215 531 214 531 548 532 214 532 484 532 484 533 214 533 213 533 484 534 213 534 485 534 485 534 213 534 212 534 485 535 212 535 487 535 487 536 212 536 211 536 487 537 211 537 488 537 488 537 211 537 210 537 488 538 210 538 503 538 503 539 210 539 225 539 503 540 225 540 504 540 504 540 225 540 224 540 504 541 224 541 459 541 459 541 224 541 222 541 459 542 222 542 527 542 527 543 222 543 152 543 527 544 152 544 582 544 582 544 152 544 168 544 582 545 168 545 583 545 583 546 168 546 167 546 583 547 167 547 584 547 584 547 167 547 166 547 584 548 166 548 585 548 585 549 166 549 165 549 585 550 165 550 581 550 581 551 165 551 200 551 581 552 200 552 586 552 586 553 200 553 199 553 586 554 199 554 587 554 587 555 199 555 198 555 587 556 198 556 589 556 589 557 198 557 190 557 589 558 190 558 590 558 590 559 190 559 189 559 590 560 189 560 591 560 591 561 189 561 188 561 591 562 188 562 592 562 592 563 188 563 164 563 592 564 164 564 593 564 593 565 164 565 163 565 593 566 163 566 529 566 529 567 163 567 162 567 529 568 162 568 530 568 530 569 162 569 154 569 530 570 154 570 532 570 532 571 154 571 153 571 532 572 153 572 571 572 571 573 153 573 197 573 571 574 197 574 572 574 572 575 197 575 196 575 568 512 221 512 569 512 569 511 221 511 223 511 569 514 223 514 570 514 570 513 223 513 206 513 570 515 206 515 465 515 465 516 206 516 205 516 465 518 205 518 466 518 466 517 205 517 204 517 466 519 204 519 467 519 467 520 204 520 184 520 467 522 184 522 491 522 491 521 184 521 183 521 491 523 183 523 492 523 492 523 183 523 193 523 492 576 193 576 493 576 493 577 193 577 192 577 493 526 192 526 478 526 478 527 192 527 191 527 478 578 191 578 477 578 477 579 191 579 182 579 477 580 182 580 476 580 476 531 182 531 181 531 476 533 181 533 494 533 494 533 181 533 180 533 494 534 180 534 495 534 495 581 180 581 177 581 495 535 177 535 496 535 496 582 177 582 176 582 496 537 176 537 501 537 501 537 176 537 175 537 501 538 175 538 502 538 502 538 175 538 157 538 502 540 157 540 483 540 483 583 157 583 156 583 483 541 156 541 482 541 482 541 156 541 174 541 482 542 174 542 481 542 481 543 174 543 173 543 481 584 173 584 448 584 448 544 173 544 179 544 448 546 179 546 557 546 557 546 179 546 178 546 557 547 178 547 574 547 574 547 178 547 172 547 574 585 172 585 575 585 575 549 172 549 170 549 575 586 170 586 576 586 576 551 170 551 169 551 576 552 169 552 577 552 577 587 169 587 203 587 577 554 203 554 578 554 578 588 203 588 202 588 578 589 202 589 528 589 528 590 202 590 201 590 528 558 201 558 526 558 526 559 201 559 209 559 526 591 209 591 460 591 460 592 209 592 208 592 460 562 208 562 457 562 457 563 208 563 207 563 457 593 207 593 458 593 458 594 207 594 161 594 458 566 161 566 506 566 506 567 161 567 160 567 506 569 160 569 505 569 505 568 160 568 159 568 505 570 159 570 486 570 486 571 159 571 151 571 486 573 151 573 546 573 546 572 151 572 150 572 546 595 150 595 568 595 568 596 150 596 221 596 580 597 38 597 558 597 558 598 38 598 36 598 558 599 36 599 559 599 559 600 36 600 35 600 559 601 35 601 449 601 449 602 35 602 5 602 449 603 5 603 450 603 450 604 5 604 4 604 450 519 4 519 451 519 451 520 4 520 3 520 451 605 3 605 452 605 452 606 3 606 1 606 452 607 1 607 453 607 453 608 1 608 0 608 453 576 0 576 479 576 479 577 0 577 25 577 479 526 25 526 480 526 480 527 25 527 47 527 480 578 47 578 468 578 468 579 47 579 46 579 468 580 46 580 469 580 469 531 46 531 45 531 469 609 45 609 470 609 470 610 45 610 44 610 470 611 44 611 455 611 455 612 44 612 52 612 455 535 52 535 456 535 456 582 52 582 51 582 456 613 51 613 471 613 471 614 51 614 33 614 471 615 33 615 472 615 472 616 33 616 32 616 472 617 32 617 473 617 473 618 32 618 75 618 473 619 75 619 474 619 474 619 75 619 74 619 474 620 74 620 475 620 475 620 74 620 73 620 475 621 73 621 489 621 489 622 73 622 66 622 489 623 66 623 490 623 490 624 66 624 65 624 490 625 65 625 464 625 464 626 65 626 64 626 464 627 64 627 463 627 463 628 64 628 22 628 463 629 22 629 461 629 461 630 22 630 21 630 461 631 21 631 507 631 507 632 21 632 19 632 507 554 19 554 508 554 508 588 19 588 18 588 508 589 18 589 509 589 509 590 18 590 43 590 509 558 43 558 512 558 512 559 43 559 42 559 512 591 42 591 514 591 514 592 42 592 41 592 514 633 41 633 515 633 515 634 41 634 17 634 515 635 17 635 536 635 536 636 17 636 16 636 536 637 16 637 535 637 535 638 16 638 15 638 535 639 15 639 518 639 518 640 15 640 14 640 518 641 14 641 549 641 549 642 14 642 40 642 549 643 40 643 579 643 579 644 40 644 39 644 579 645 39 645 580 645 580 646 39 646 38 646 563 598 72 598 564 598 564 597 72 597 71 597 564 600 71 600 565 600 565 599 71 599 70 599 565 601 70 601 540 601 540 602 70 602 63 602 540 647 63 647 541 647 541 648 63 648 62 648 541 519 62 519 542 519 542 520 62 520 61 520 542 606 61 606 566 606 566 605 61 605 60 605 566 607 60 607 567 607 567 608 60 608 59 608 567 524 59 524 531 524 531 525 59 525 58 525 531 526 58 526 588 526 588 527 58 527 57 527 588 528 57 528 550 528 550 529 57 529 56 529 550 530 56 530 551 530 551 531 56 531 54 531 551 649 54 649 516 649 516 610 54 610 53 610 516 611 53 611 517 611 517 611 53 611 50 611 517 535 50 535 519 535 519 536 50 536 49 536 519 613 49 613 520 613 520 614 49 614 48 614 520 615 48 615 533 615 533 650 48 650 69 650 533 617 69 617 534 617 534 617 69 617 68 617 534 619 68 619 513 619 513 619 68 619 67 619 513 620 67 620 511 620 511 620 67 620 27 620 511 622 27 622 510 622 510 622 27 622 26 622 510 651 26 651 497 651 497 624 26 624 24 624 497 625 24 625 498 625 498 626 24 626 23 626 498 652 23 652 499 652 499 628 23 628 31 628 499 630 31 630 500 630 500 630 31 630 2 630 500 631 2 631 521 631 521 653 2 653 37 653 521 554 37 554 522 554 522 555 37 555 30 555 522 556 30 556 523 556 523 557 30 557 29 557 523 558 29 558 524 558 524 559 29 559 28 559 524 560 28 560 525 560 525 561 28 561 13 561 525 633 13 633 537 633 537 634 13 634 12 634 537 636 12 636 538 636 538 635 12 635 11 635 538 637 11 637 539 637 539 638 11 638 10 638 539 654 10 654 560 654 560 655 10 655 9 655 560 641 9 641 561 641 561 642 9 642 7 642 561 644 7 644 562 644 562 643 7 643 6 643 562 646 6 646 563 646 563 645 6 645 72 645 339 656 229 656 340 656 340 656 229 656 227 656 340 657 227 657 341 657 341 658 227 658 226 658 341 659 226 659 342 659 342 659 226 659 236 659 342 660 236 660 303 660 303 661 236 661 235 661 303 662 235 662 304 662 304 663 235 663 234 663 304 664 234 664 323 664 323 665 234 665 233 665 323 666 233 666 324 666 324 667 233 667 248 667 324 668 248 668 325 668 325 669 248 669 247 669 325 670 247 670 333 670 333 671 247 671 245 671 333 672 245 672 332 672 332 673 245 673 246 673 332 674 246 674 331 674 331 675 246 675 266 675 331 676 266 676 343 676 343 676 266 676 265 676 343 677 265 677 344 677 344 678 265 678 264 678 344 679 264 679 345 679 345 680 264 680 263 680 345 681 263 681 355 681 355 682 263 682 262 682 355 683 262 683 356 683 356 684 262 684 253 684 356 685 253 685 357 685 357 686 253 686 252 686 357 687 252 687 328 687 328 687 252 687 297 687 328 688 297 688 359 688 359 688 297 688 239 688 359 689 239 689 445 689 445 690 239 690 244 690 445 691 244 691 352 691 352 692 244 692 243 692 352 693 243 693 351 693 351 694 243 694 242 694 351 695 242 695 349 695 349 696 242 696 241 696 349 697 241 697 407 697 407 698 241 698 240 698 407 699 240 699 408 699 408 700 240 700 259 700 408 701 259 701 409 701 409 702 259 702 258 702 409 703 258 703 440 703 440 704 258 704 257 704 440 705 257 705 441 705 441 706 257 706 256 706 441 707 256 707 442 707 442 708 256 708 255 708 442 709 255 709 353 709 353 710 255 710 254 710 353 711 254 711 354 711 354 712 254 712 251 712 354 713 251 713 376 713 376 714 251 714 250 714 376 715 250 715 377 715 377 716 250 716 249 716 377 717 249 717 337 717 337 718 249 718 232 718 337 719 232 719 338 719 338 720 232 720 231 720 338 721 231 721 339 721 339 721 231 721 229 721 420 722 96 722 421 722 421 722 96 722 140 722 421 723 140 723 400 723 400 724 140 724 141 724 400 725 141 725 401 725 401 726 141 726 94 726 401 727 94 727 403 727 403 728 94 728 93 728 403 729 93 729 415 729 415 730 93 730 121 730 415 731 121 731 358 731 358 732 121 732 107 732 358 733 107 733 423 733 423 733 107 733 106 733 423 734 106 734 424 734 424 734 106 734 105 734 424 735 105 735 426 735 426 736 105 736 104 736 426 737 104 737 406 737 406 738 104 738 101 738 406 739 101 739 360 739 360 739 101 739 102 739 360 676 102 676 361 676 361 676 102 676 103 676 361 740 103 740 362 740 362 741 103 741 126 741 362 742 126 742 309 742 309 743 126 743 125 743 309 744 125 744 310 744 310 745 125 745 100 745 310 746 100 746 329 746 329 684 100 684 99 684 329 747 99 747 330 747 330 748 99 748 149 748 330 749 149 749 301 749 301 749 149 749 148 749 301 688 148 688 302 688 302 750 148 750 147 750 302 751 147 751 306 751 306 752 147 752 137 752 306 753 137 753 307 753 307 692 137 692 136 692 307 754 136 754 308 754 308 755 136 755 135 755 308 756 135 756 334 756 334 696 135 696 132 696 334 757 132 757 335 757 335 758 132 758 131 758 335 699 131 699 336 699 336 699 131 699 130 699 336 759 130 759 363 759 363 759 130 759 120 759 363 760 120 760 364 760 364 761 120 761 119 761 364 762 119 762 365 762 365 763 119 763 118 763 365 764 118 764 383 764 383 764 118 764 117 764 383 765 117 765 347 765 347 765 117 765 116 765 347 766 116 766 348 766 348 767 116 767 115 767 348 768 115 768 397 768 397 769 115 769 114 769 397 770 114 770 398 770 398 716 114 716 90 716 398 771 90 771 399 771 399 772 90 772 91 772 399 773 91 773 419 773 419 774 91 774 92 774 419 775 92 775 420 775 420 721 92 721 96 721 435 722 86 722 350 722 350 722 86 722 85 722 350 776 85 776 410 776 410 776 85 776 83 776 410 659 83 659 411 659 411 777 83 777 82 777 411 727 82 727 412 727 412 728 82 728 113 728 412 778 113 778 436 778 436 779 113 779 112 779 436 780 112 780 437 780 437 781 112 781 111 781 437 666 111 666 438 666 438 667 111 667 146 667 438 782 146 782 443 782 443 783 146 783 145 783 443 735 145 735 444 735 444 736 145 736 134 736 444 784 134 784 446 784 446 784 134 784 133 784 446 785 133 785 447 785 447 786 133 786 144 786 447 676 144 676 432 676 432 676 144 676 143 676 432 787 143 787 433 787 433 788 143 788 142 788 433 742 142 742 439 742 439 743 142 743 110 743 439 789 110 789 413 789 413 790 110 790 109 790 413 746 109 746 414 746 414 684 109 684 108 684 414 791 108 791 402 791 402 791 108 791 95 791 402 749 95 749 346 749 346 749 95 749 139 749 346 688 139 688 382 688 382 750 139 750 138 750 382 792 138 792 366 792 366 792 138 792 129 792 366 753 129 753 367 753 367 692 129 692 128 692 367 693 128 693 368 693 368 793 128 793 127 793 368 756 127 756 369 756 369 696 127 696 124 696 369 794 124 794 370 794 370 795 124 795 123 795 370 699 123 699 371 699 371 699 123 699 122 699 371 701 122 701 372 701 372 796 122 796 97 796 372 797 97 797 320 797 320 797 97 797 98 797 320 762 98 762 321 762 321 763 98 763 89 763 321 798 89 798 373 798 373 708 89 708 88 708 373 799 88 799 374 799 374 710 88 710 87 710 374 800 87 800 375 800 375 801 87 801 81 801 375 713 81 713 384 713 384 802 81 802 80 802 384 770 80 770 385 770 385 716 80 716 79 716 385 717 79 717 386 717 386 803 79 803 77 803 386 804 77 804 434 804 434 804 77 804 76 804 434 775 76 775 435 775 435 721 76 721 86 721 430 656 298 656 431 656 431 656 298 656 296 656 431 805 296 805 390 805 390 806 296 806 295 806 390 725 295 725 391 725 391 807 295 807 294 807 391 660 294 660 392 660 392 661 294 661 293 661 392 808 293 808 393 808 393 809 293 809 292 809 393 810 292 810 394 810 394 811 292 811 291 811 394 733 291 733 416 733 416 733 291 733 290 733 416 812 290 812 417 812 417 813 290 813 289 813 417 670 289 670 418 670 418 671 289 671 288 671 418 814 288 814 378 814 378 815 288 815 287 815 378 816 287 816 379 816 379 817 287 817 286 817 379 676 286 676 395 676 395 676 286 676 272 676 395 818 272 818 396 818 396 819 272 819 271 819 396 679 271 679 312 679 312 680 271 680 270 680 312 820 270 820 313 820 313 821 270 821 267 821 313 683 267 683 315 683 315 684 267 684 268 684 315 822 268 822 316 822 316 823 268 823 269 823 316 687 269 687 318 687 318 687 269 687 285 687 318 688 285 688 319 688 319 688 285 688 284 688 319 824 284 824 317 824 317 825 284 825 283 825 317 691 283 691 311 691 311 692 283 692 282 692 311 754 282 754 422 754 422 826 282 826 281 826 422 695 281 695 404 695 404 696 281 696 280 696 404 827 280 827 405 827 405 828 280 828 279 828 405 699 279 699 428 699 428 700 279 700 278 700 428 759 278 759 427 759 427 829 278 829 277 829 427 830 277 830 425 830 425 831 277 831 276 831 425 705 276 705 380 705 380 706 276 706 275 706 380 832 275 832 381 832 381 764 275 764 274 764 381 833 274 833 326 833 326 765 274 765 273 765 326 834 273 834 327 834 327 835 273 835 261 835 327 768 261 768 387 768 387 836 261 836 260 836 387 715 260 715 388 715 388 716 260 716 238 716 388 771 238 771 389 771 389 837 238 837 237 837 389 838 237 838 429 838 429 839 237 839 299 839 429 721 299 721 430 721 430 721 299 721 298 721</p>
        </triangles>
      </mesh>
    </geometry>
    <geometry id="MMO_700_dual_-_bracket-1-mesh" name="MMO_700_dual - bracket-1">
      <mesh>
        <source id="MMO_700_dual_-_bracket-1-mesh-positions">
          <float_array id="MMO_700_dual_-_bracket-1-mesh-positions-array" count="2118">0.2788462 0.55911 0.8385834 0.2791409 0.55911 0.8379515 0.2860691 0.55911 0.7969515 0.2795408 0.55911 0.8373804 0.2800338 0.55911 0.8368873 0.280605 0.55911 0.8364874 0.2832996 0.55911 0.7910123 0.2839731 0.55911 0.7911927 0.295105 0.55911 0.7789515 0.284605 0.55911 0.7914874 0.2851762 0.55911 0.7918874 0.2856692 0.55911 0.7923803 0.2860691 0.55911 0.7929515 0.2863638 0.55911 0.7935834 0.284605 0.55911 0.8364874 0.2851762 0.55911 0.8368873 0.2856692 0.55911 0.8373804 0.2860691 0.55911 0.8379515 0.2865442 0.55911 0.8406461 0.2863638 0.55911 0.8413196 0.295105 0.55911 0.8569515 0.2860691 0.55911 0.8419515 0.2856692 0.55911 0.8425226 0.2851762 0.55911 0.7980157 0.284605 0.55911 0.7984156 0.2786658 0.55911 0.8392569 0.2839731 0.55911 0.7987103 0.2832996 0.55911 0.7988907 0.2865442 0.55911 0.7942569 0.286605 0.55911 0.7949515 0.2865442 0.55911 0.7956461 0.2856692 0.55911 0.7975227 0.2812369 0.55911 0.8437103 0.280605 0.55911 0.8434156 0.262605 0.55911 0.8569515 0.2812369 0.55911 0.8361927 0.2819104 0.55911 0.8360123 0.2863638 0.55911 0.7963196 0.282605 0.55911 0.8359515 0.2832996 0.55911 0.8360123 0.2839731 0.55911 0.8361927 0.2863638 0.55911 0.8385834 0.2865442 0.55911 0.8392569 0.286605 0.55911 0.8399515 0.2791409 0.55911 0.8419515 0.2788462 0.55911 0.8413196 0.2786658 0.55911 0.8406461 0.278605 0.55911 0.8399515 0.280605 0.55911 0.7984156 0.2800338 0.55911 0.7980157 0.2795408 0.55911 0.7975227 0.2800338 0.55911 0.8430157 0.2795408 0.55911 0.8425226 0.2791409 0.55911 0.7969515 0.2788462 0.55911 0.7963196 0.262605 0.55911 0.7789515 0.2786658 0.55911 0.7956461 0.278605 0.55911 0.7949515 0.2786658 0.55911 0.7942569 0.2788462 0.55911 0.7935834 0.2791409 0.55911 0.7929515 0.2795408 0.55911 0.7923803 0.2800338 0.55911 0.7918874 0.280605 0.55911 0.7914874 0.2851762 0.55911 0.8430157 0.284605 0.55911 0.8434156 0.2839731 0.55911 0.8437103 0.282605 0.55911 0.7989515 0.2819104 0.55911 0.7988907 0.2812369 0.55911 0.7987103 0.2812369 0.55911 0.7911927 0.2819104 0.55911 0.7910123 0.282605 0.55911 0.7909515 0.2832996 0.55911 0.8438907 0.282605 0.55911 0.8439515 0.2819104 0.55911 0.8438907 0.2832996 0.6250492 0.7789515 0.2839731 0.6248688 0.7789515 0.295105 0.63711 0.7789515 0.284605 0.6245741 0.7789515 0.2851762 0.6241742 0.7789515 0.2856692 0.6236811 0.7789515 0.280605 0.6245741 0.7789515 0.2812369 0.6248688 0.7789515 0.262605 0.63711 0.7789515 0.2819104 0.6250492 0.7789515 0.282605 0.62511 0.7789515 0.2860691 0.62311 0.7789515 0.2863638 0.6224781 0.7789515 0.2865442 0.6218046 0.7789515 0.284605 0.5795741 0.7789515 0.2839731 0.5798687 0.7789515 0.2832996 0.5800492 0.7789515 0.2800338 0.5791742 0.7789515 0.280605 0.5795741 0.7789515 0.2819104 0.6171708 0.7789515 0.282605 0.58011 0.7789515 0.2865442 0.6204154 0.7789515 0.286605 0.62111 0.7789515 0.2812369 0.5723512 0.7789515 0.280605 0.5726459 0.7789515 0.2786658 0.5754154 0.7789515 0.2788462 0.5747419 0.7789515 0.2791409 0.57411 0.7789515 0.278605 0.57611 0.7789515 0.2786658 0.5768046 0.7789515 0.2788462 0.5774781 0.7789515 0.2791409 0.57811 0.7789515 0.2812369 0.6173512 0.7789515 0.280605 0.6176459 0.7789515 0.2800338 0.6180458 0.7789515 0.2791409 0.62311 0.7789515 0.2795408 0.6236811 0.7789515 0.2800338 0.6241742 0.7789515 0.2851762 0.5791742 0.7789515 0.2856692 0.5786812 0.7789515 0.2860691 0.57811 0.7789515 0.2863638 0.5774781 0.7789515 0.2865442 0.5768046 0.7789515 0.286605 0.57611 0.7789515 0.2865442 0.5754154 0.7789515 0.2795408 0.5786812 0.7789515 0.2863638 0.6197419 0.7789515 0.2860691 0.61911 0.7789515 0.2856692 0.6185389 0.7789515 0.2800338 0.5730458 0.7789515 0.2795408 0.5735388 0.7789515 0.2851762 0.6180458 0.7789515 0.284605 0.6176459 0.7789515 0.2839731 0.6173512 0.7789515 0.2863638 0.5747419 0.7789515 0.2860691 0.57411 0.7789515 0.2856692 0.5735388 0.7789515 0.2786658 0.6204154 0.7789515 0.278605 0.62111 0.7789515 0.2851762 0.5730458 0.7789515 0.284605 0.5726459 0.7789515 0.2839731 0.5723512 0.7789515 0.2832996 0.6171708 0.7789515 0.282605 0.61711 0.7789515 0.2819104 0.5800492 0.7789515 0.2812369 0.5798687 0.7789515 0.2795408 0.6185389 0.7789515 0.2791409 0.61911 0.7789515 0.2788462 0.6197419 0.7789515 0.2786658 0.6218046 0.7789515 0.2788462 0.6224781 0.7789515 0.2832996 0.5721707 0.7789515 0.282605 0.57211 0.7789515 0.2819104 0.5721707 0.7789515 0.2382996 0.55911 0.8360123 0.238973 0.55911 0.8361927 0.2382996 0.55911 0.7988907 0.238973 0.55911 0.7911927 0.239605 0.55911 0.7914874 0.257605 0.55911 0.7789515 0.2369104 0.55911 0.8438907 0.2362369 0.55911 0.8437103 0.225105 0.55911 0.8569515 0.239605 0.55911 0.8364874 0.2401762 0.55911 0.8368873 0.2406691 0.55911 0.8373804 0.2401762 0.55911 0.7918874 0.2406691 0.55911 0.7923803 0.2410691 0.55911 0.7929515 0.2406691 0.55911 0.7975227 0.2401762 0.55911 0.7980157 0.239605 0.55911 0.7984156 0.238973 0.55911 0.7987103 0.2410691 0.55911 0.8419515 0.2406691 0.55911 0.8425226 0.257605 0.55911 0.8569515 0.2401762 0.55911 0.8430157 0.2382996 0.55911 0.8438907 0.237605 0.55911 0.8439515 0.235605 0.55911 0.8434156 0.2350338 0.55911 0.8430157 0.2345408 0.55911 0.8425226 0.239605 0.55911 0.8434156 0.238973 0.55911 0.8437103 0.2341409 0.55911 0.8419515 0.2338462 0.55911 0.8413196 0.2336657 0.55911 0.8406461 0.2341409 0.55911 0.8379515 0.2345408 0.55911 0.8373804 0.225105 0.55911 0.7789515 0.233605 0.55911 0.7949515 0.2336657 0.55911 0.7942569 0.2413638 0.55911 0.7935834 0.2415442 0.55911 0.7942569 0.241605 0.55911 0.7949515 0.233605 0.55911 0.8399515 0.2336657 0.55911 0.8392569 0.2338462 0.55911 0.8385834 0.2362369 0.55911 0.7911927 0.2369104 0.55911 0.7910123 0.237605 0.55911 0.7909515 0.2382996 0.55911 0.7910123 0.2415442 0.55911 0.7956461 0.2413638 0.55911 0.7963196 0.2410691 0.55911 0.7969515 0.241605 0.55911 0.8399515 0.2415442 0.55911 0.8406461 0.2413638 0.55911 0.8413196 0.2350338 0.55911 0.8368873 0.235605 0.55911 0.8364874 0.2362369 0.55911 0.8361927 0.2410691 0.55911 0.8379515 0.2413638 0.55911 0.8385834 0.2415442 0.55911 0.8392569 0.235605 0.55911 0.7984156 0.2350338 0.55911 0.7980157 0.2345408 0.55911 0.7975227 0.2341409 0.55911 0.7969515 0.2338462 0.55911 0.7963196 0.2336657 0.55911 0.7956461 0.2338462 0.55911 0.7935834 0.2341409 0.55911 0.7929515 0.2345408 0.55911 0.7923803 0.2350338 0.55911 0.7918874 0.235605 0.55911 0.7914874 0.237605 0.55911 0.8359515 0.237605 0.55911 0.7989515 0.2369104 0.55911 0.8360123 0.2369104 0.55911 0.7988907 0.2362369 0.55911 0.7987103 0.2362369 0.6248688 0.7789515 0.2369104 0.6250492 0.7789515 0.225105 0.63711 0.7789515 0.237605 0.62511 0.7789515 0.257605 0.63711 0.7789515 0.2382996 0.6250492 0.7789515 0.238973 0.6248688 0.7789515 0.2341409 0.62311 0.7789515 0.2345408 0.6236811 0.7789515 0.2350338 0.6241742 0.7789515 0.235605 0.6245741 0.7789515 0.238973 0.5798687 0.7789515 0.239605 0.5795741 0.7789515 0.2382996 0.6171708 0.7789515 0.2410691 0.61911 0.7789515 0.2406691 0.6185389 0.7789515 0.2401762 0.6180458 0.7789515 0.239605 0.6176459 0.7789515 0.238973 0.6173512 0.7789515 0.233605 0.62111 0.7789515 0.2336657 0.6204154 0.7789515 0.2336657 0.6218046 0.7789515 0.2338462 0.6224781 0.7789515 0.239605 0.6245741 0.7789515 0.2401762 0.6241742 0.7789515 0.2406691 0.6236811 0.7789515 0.2369104 0.6171708 0.7789515 0.2362369 0.6173512 0.7789515 0.2410691 0.62311 0.7789515 0.2413638 0.6224781 0.7789515 0.2415442 0.6218046 0.7789515 0.241605 0.62111 0.7789515 0.2415442 0.6204154 0.7789515 0.2413638 0.6197419 0.7789515 0.2401762 0.5791742 0.7789515 0.2406691 0.5786812 0.7789515 0.235605 0.6176459 0.7789515 0.2350338 0.6180458 0.7789515 0.2345408 0.6185389 0.7789515 0.2341409 0.61911 0.7789515 0.2338462 0.6197419 0.7789515 0.235605 0.5726459 0.7789515 0.2362369 0.5723512 0.7789515 0.2369104 0.5721707 0.7789515 0.2350338 0.5730458 0.7789515 0.2345408 0.5735388 0.7789515 0.2341409 0.57411 0.7789515 0.2410691 0.57811 0.7789515 0.2413638 0.5774781 0.7789515 0.2415442 0.5768046 0.7789515 0.241605 0.57611 0.7789515 0.2415442 0.5754154 0.7789515 0.2413638 0.5747419 0.7789515 0.2410691 0.57411 0.7789515 0.2406691 0.5735388 0.7789515 0.2401762 0.5730458 0.7789515 0.239605 0.5726459 0.7789515 0.238973 0.5723512 0.7789515 0.2382996 0.5721707 0.7789515 0.237605 0.57211 0.7789515 0.2338462 0.5747419 0.7789515 0.2336657 0.5754154 0.7789515 0.233605 0.57611 0.7789515 0.2336657 0.5768046 0.7789515 0.2338462 0.5774781 0.7789515 0.2341409 0.57811 0.7789515 0.2345408 0.5786812 0.7789515 0.2350338 0.5791742 0.7789515 0.235605 0.5795741 0.7789515 0.2362369 0.5798687 0.7789515 0.2369104 0.5800492 0.7789515 0.237605 0.61711 0.7789515 0.237605 0.58011 0.7789515 0.2382996 0.5800492 0.7789515 0.300105 0.54711 0.7669515 0.282605 0.57211 0.7669515 0.2832996 0.5721707 0.7669515 0.2350338 0.6241742 0.7669515 0.2345408 0.6236811 0.7669515 0.220105 0.63711 0.7669515 0.2839731 0.5723512 0.7669515 0.284605 0.5726459 0.7669515 0.2851762 0.5730458 0.7669515 0.2800338 0.5730458 0.7669515 0.280605 0.5726459 0.7669515 0.239605 0.5726459 0.7669515 0.2350338 0.5730458 0.7669515 0.235605 0.5726459 0.7669515 0.220105 0.54711 0.7669515 0.2362369 0.5723512 0.7669515 0.2369104 0.5721707 0.7669515 0.238973 0.5723512 0.7669515 0.237605 0.57211 0.7669515 0.2382996 0.5721707 0.7669515 0.286605 0.62111 0.7669515 0.2865442 0.6218046 0.7669515 0.300105 0.63711 0.7669515 0.2341409 0.62311 0.7669515 0.2338462 0.6224781 0.7669515 0.2336657 0.6218046 0.7669515 0.2410691 0.57811 0.7669515 0.2406691 0.5786812 0.7669515 0.237605 0.61711 0.7669515 0.2812369 0.5723512 0.7669515 0.2819104 0.5721707 0.7669515 0.2338462 0.6197419 0.7669515 0.2336657 0.6204154 0.7669515 0.233605 0.62111 0.7669515 0.2856692 0.5735388 0.7669515 0.2860691 0.57411 0.7669515 0.2863638 0.5747419 0.7669515 0.238973 0.6248688 0.7669515 0.2382996 0.6250492 0.7669515 0.237605 0.62511 0.7669515 0.2369104 0.6250492 0.7669515 0.2362369 0.6248688 0.7669515 0.235605 0.6245741 0.7669515 0.2341409 0.61911 0.7669515 0.2345408 0.6185389 0.7669515 0.2350338 0.6180458 0.7669515 0.282605 0.61711 0.7669515 0.2860691 0.57811 0.7669515 0.2856692 0.5786812 0.7669515 0.2406691 0.6185389 0.7669515 0.2819104 0.6250492 0.7669515 0.2401762 0.6180458 0.7669515 0.239605 0.6176459 0.7669515 0.2410691 0.62311 0.7669515 0.2406691 0.6236811 0.7669515 0.235605 0.6176459 0.7669515 0.2362369 0.6173512 0.7669515 0.2369104 0.6171708 0.7669515 0.2791409 0.57811 0.7669515 0.2382996 0.6171708 0.7669515 0.2788462 0.5747419 0.7669515 0.2791409 0.57411 0.7669515 0.2795408 0.5735388 0.7669515 0.2865442 0.5754154 0.7669515 0.286605 0.57611 0.7669515 0.2865442 0.5768046 0.7669515 0.2839731 0.6173512 0.7669515 0.284605 0.6176459 0.7669515 0.2851762 0.6180458 0.7669515 0.2856692 0.6185389 0.7669515 0.2860691 0.61911 0.7669515 0.2863638 0.6197419 0.7669515 0.2865442 0.6204154 0.7669515 0.2863638 0.6224781 0.7669515 0.2860691 0.62311 0.7669515 0.2856692 0.6236811 0.7669515 0.2401762 0.6241742 0.7669515 0.239605 0.6245741 0.7669515 0.2336657 0.5754154 0.7669515 0.2338462 0.5747419 0.7669515 0.2415442 0.5768046 0.7669515 0.2413638 0.5774781 0.7669515 0.2832996 0.6171708 0.7669515 0.2863638 0.5774781 0.7669515 0.2851762 0.6241742 0.7669515 0.284605 0.6245741 0.7669515 0.2839731 0.6248688 0.7669515 0.2401762 0.5791742 0.7669515 0.239605 0.5795741 0.7669515 0.238973 0.5798687 0.7669515 0.2362369 0.5798687 0.7669515 0.235605 0.5795741 0.7669515 0.2350338 0.5791742 0.7669515 0.2345408 0.5786812 0.7669515 0.2341409 0.57811 0.7669515 0.2341409 0.57411 0.7669515 0.2345408 0.5735388 0.7669515 0.2851762 0.5791742 0.7669515 0.284605 0.5795741 0.7669515 0.2839731 0.5798687 0.7669515 0.2812369 0.5798687 0.7669515 0.280605 0.5795741 0.7669515 0.2819104 0.6171708 0.7669515 0.2800338 0.5791742 0.7669515 0.2406691 0.5735388 0.7669515 0.2410691 0.57411 0.7669515 0.2786658 0.5754154 0.7669515 0.2410691 0.61911 0.7669515 0.2413638 0.6197419 0.7669515 0.2415442 0.6204154 0.7669515 0.2812369 0.6248688 0.7669515 0.280605 0.6245741 0.7669515 0.2800338 0.6241742 0.7669515 0.280605 0.6176459 0.7669515 0.2812369 0.6173512 0.7669515 0.2795408 0.5786812 0.7669515 0.2338462 0.5774781 0.7669515 0.2336657 0.5768046 0.7669515 0.233605 0.57611 0.7669515 0.2832996 0.5800492 0.7669515 0.282605 0.58011 0.7669515 0.2819104 0.5800492 0.7669515 0.2401762 0.5730458 0.7669515 0.2788462 0.5774781 0.7669515 0.2786658 0.5768046 0.7669515 0.241605 0.57611 0.7669515 0.278605 0.57611 0.7669515 0.2415442 0.5754154 0.7669515 0.2413638 0.5747419 0.7669515 0.2382996 0.5800492 0.7669515 0.237605 0.58011 0.7669515 0.2369104 0.5800492 0.7669515 0.2791409 0.61911 0.7669515 0.2795408 0.6185389 0.7669515 0.2832996 0.6250492 0.7669515 0.282605 0.62511 0.7669515 0.2795408 0.6236811 0.7669515 0.2791409 0.62311 0.7669515 0.2788462 0.6224781 0.7669515 0.2800338 0.6180458 0.7669515 0.241605 0.62111 0.7669515 0.2415442 0.6218046 0.7669515 0.2413638 0.6224781 0.7669515 0.2786658 0.6218046 0.7669515 0.278605 0.62111 0.7669515 0.238973 0.6173512 0.7669515 0.2786658 0.6204154 0.7669515 0.2788462 0.6197419 0.7669515 0.238973 0.54711 0.8437103 0.280605 0.54711 0.8364874 0.2800338 0.54711 0.8368873 0.2795408 0.54711 0.8373804 0.2791409 0.54711 0.8379515 0.2788462 0.54711 0.8385834 0.220105 0.54711 0.8569515 0.2795408 0.54711 0.8425226 0.2800338 0.54711 0.8430157 0.2410691 0.54711 0.8379515 0.2406691 0.54711 0.8373804 0.237605 0.54711 0.7989515 0.2413638 0.54711 0.8385834 0.2860691 0.54711 0.8419515 0.300105 0.54711 0.8569515 0.2856692 0.54711 0.8425226 0.2851762 0.54711 0.8430157 0.235605 0.54711 0.8364874 0.2350338 0.54711 0.8368873 0.2345408 0.54711 0.8373804 0.2786658 0.54711 0.8406461 0.2788462 0.54711 0.8413196 0.2791409 0.54711 0.8419515 0.280605 0.54711 0.8434156 0.2812369 0.54711 0.8437103 0.2819104 0.54711 0.8438907 0.282605 0.54711 0.8439515 0.2832996 0.54711 0.8438907 0.2338462 0.54711 0.8413196 0.2336657 0.54711 0.8406461 0.233605 0.54711 0.8399515 0.2786658 0.54711 0.8392569 0.278605 0.54711 0.8399515 0.2382996 0.54711 0.8438907 0.237605 0.54711 0.8439515 0.2369104 0.54711 0.8438907 0.2341409 0.54711 0.7969515 0.2345408 0.54711 0.7975227 0.238973 0.54711 0.8361927 0.2350338 0.54711 0.7980157 0.235605 0.54711 0.7984156 0.2839731 0.54711 0.8437103 0.284605 0.54711 0.8434156 0.2341409 0.54711 0.8379515 0.2338462 0.54711 0.8385834 0.2336657 0.54711 0.8392569 0.2341409 0.54711 0.8419515 0.2345408 0.54711 0.8425226 0.2350338 0.54711 0.8430157 0.284605 0.54711 0.7984156 0.2851762 0.54711 0.7980157 0.2856692 0.54711 0.7975227 0.2860691 0.54711 0.7969515 0.235605 0.54711 0.8434156 0.2362369 0.54711 0.8437103 0.2362369 0.54711 0.7987103 0.2369104 0.54711 0.7988907 0.239605 0.54711 0.8364874 0.2401762 0.54711 0.8368873 0.2863638 0.54711 0.8413196 0.2865442 0.54711 0.8406461 0.286605 0.54711 0.8399515 0.2839731 0.54711 0.7987103 0.2832996 0.54711 0.7988907 0.2865442 0.54711 0.8392569 0.282605 0.54711 0.7989515 0.2863638 0.54711 0.8385834 0.2860691 0.54711 0.8379515 0.2791409 0.54711 0.7969515 0.2795408 0.54711 0.7975227 0.284605 0.54711 0.8364874 0.2800338 0.54711 0.7980157 0.280605 0.54711 0.7984156 0.2863638 0.54711 0.7963196 0.2865442 0.54711 0.7956461 0.286605 0.54711 0.7949515 0.2865442 0.54711 0.7942569 0.2863638 0.54711 0.7935834 0.2415442 0.54711 0.8392569 0.2382996 0.54711 0.7988907 0.241605 0.54711 0.8399515 0.2401762 0.54711 0.7918874 0.239605 0.54711 0.7914874 0.2786658 0.54711 0.7942569 0.238973 0.54711 0.7911927 0.2812369 0.54711 0.7987103 0.2819104 0.54711 0.7988907 0.2851762 0.54711 0.8368873 0.2856692 0.54711 0.8373804 0.2860691 0.54711 0.7929515 0.2856692 0.54711 0.7923803 0.2851762 0.54711 0.7918874 0.280605 0.54711 0.7914874 0.2800338 0.54711 0.7918874 0.2795408 0.54711 0.7923803 0.2350338 0.54711 0.7918874 0.235605 0.54711 0.7914874 0.2362369 0.54711 0.7911927 0.2382996 0.54711 0.8360123 0.2336657 0.54711 0.7956461 0.2338462 0.54711 0.7963196 0.2839731 0.54711 0.8361927 0.2786658 0.54711 0.7956461 0.2788462 0.54711 0.7963196 0.2345408 0.54711 0.7923803 0.2341409 0.54711 0.7929515 0.2338462 0.54711 0.7935834 0.2336657 0.54711 0.7942569 0.233605 0.54711 0.7949515 0.239605 0.54711 0.8434156 0.2819104 0.54711 0.8360123 0.2812369 0.54711 0.8361927 0.284605 0.54711 0.7914874 0.2839731 0.54711 0.7911927 0.2832996 0.54711 0.7910123 0.282605 0.54711 0.7909515 0.2819104 0.54711 0.7910123 0.2812369 0.54711 0.7911927 0.2791409 0.54711 0.7929515 0.2788462 0.54711 0.7935834 0.237605 0.54711 0.8359515 0.2369104 0.54711 0.8360123 0.2362369 0.54711 0.8361927 0.2382996 0.54711 0.7910123 0.237605 0.54711 0.7909515 0.2369104 0.54711 0.7910123 0.2401762 0.54711 0.8430157 0.2406691 0.54711 0.8425226 0.2410691 0.54711 0.8419515 0.2413638 0.54711 0.8413196 0.2415442 0.54711 0.8406461 0.2832996 0.54711 0.8360123 0.282605 0.54711 0.8359515 0.2410691 0.54711 0.7969515 0.238973 0.54711 0.7987103 0.239605 0.54711 0.7984156 0.2401762 0.54711 0.7980157 0.2406691 0.54711 0.7975227 0.2413638 0.54711 0.7963196 0.2415442 0.54711 0.7956461 0.278605 0.54711 0.7949515 0.241605 0.54711 0.7949515 0.2415442 0.54711 0.7942569 0.2413638 0.54711 0.7935834 0.2410691 0.54711 0.7929515 0.2406691 0.54711 0.7923803 0.300105 0.55911 0.8569515 0.220105 0.55911 0.8569515 0.220105 0.63711 0.7789515 0.300105 0.63711 0.7789515 0.220105 0.5593764 0.8505103 0.220105 0.5601738 0.8441131 0.220105 0.5614968 0.8378036 0.220105 0.5633363 0.8316249 0.220105 0.5656797 0.8256193 0.220105 0.6306688 0.7792179 0.220105 0.6242716 0.7800153 0.220105 0.5685111 0.8198276 0.220105 0.571811 0.8142896 0.220105 0.5755571 0.8090429 0.220105 0.5892014 0.7953985 0.220105 0.594448 0.7916525 0.220105 0.6179621 0.7813383 0.220105 0.6117835 0.7831777 0.220105 0.5999861 0.7883526 0.220105 0.6057778 0.7855212 0.220105 0.5797235 0.8041235 0.220105 0.5842821 0.799565 0.300105 0.5593764 0.8505103 0.300105 0.6306688 0.7792179 0.300105 0.6242716 0.7800153 0.300105 0.6179621 0.7813383 0.300105 0.571811 0.8142896 0.300105 0.5685111 0.8198276 0.300105 0.5656797 0.8256193 0.300105 0.6117835 0.7831777 0.300105 0.6057778 0.7855212 0.300105 0.5999861 0.7883526 0.300105 0.5633363 0.8316249 0.300105 0.5614968 0.8378036 0.300105 0.5601738 0.8441131 0.300105 0.594448 0.7916525 0.300105 0.5892014 0.7953985 0.300105 0.5842821 0.799565 0.300105 0.5797235 0.8041235 0.300105 0.5755571 0.8090429 0.225105 0.6306688 0.7792179 0.225105 0.6242716 0.7800153 0.225105 0.6179621 0.7813383 0.225105 0.6117835 0.7831777 0.225105 0.6057778 0.7855212 0.225105 0.5999861 0.7883526 0.225105 0.594448 0.7916525 0.225105 0.5892014 0.7953985 0.225105 0.5842821 0.799565 0.225105 0.5797235 0.8041235 0.225105 0.5755571 0.8090429 0.225105 0.571811 0.8142896 0.225105 0.5685111 0.8198276 0.225105 0.5656797 0.8256193 0.225105 0.5633363 0.8316249 0.225105 0.5614968 0.8378036 0.225105 0.5601738 0.8441131 0.225105 0.5593764 0.8505103 0.262605 0.6306688 0.7792179 0.257605 0.6306688 0.7792179 0.262605 0.6242716 0.7800153 0.257605 0.6242716 0.7800153 0.262605 0.6179621 0.7813383 0.257605 0.6179621 0.7813383 0.262605 0.6117835 0.7831777 0.257605 0.6117835 0.7831777 0.262605 0.6057778 0.7855212 0.257605 0.6057778 0.7855212 0.262605 0.5999861 0.7883526 0.257605 0.5999861 0.7883526 0.262605 0.594448 0.7916525 0.257605 0.594448 0.7916525 0.262605 0.5892014 0.7953985 0.257605 0.5892014 0.7953985 0.262605 0.5842821 0.799565 0.257605 0.5842821 0.799565 0.262605 0.5797235 0.8041235 0.257605 0.5797235 0.8041235 0.262605 0.5755571 0.8090429 0.257605 0.5755571 0.8090429 0.262605 0.571811 0.8142896 0.257605 0.571811 0.8142896 0.262605 0.5685111 0.8198276 0.257605 0.5685111 0.8198276 0.262605 0.5656797 0.8256193 0.257605 0.5656797 0.8256193 0.262605 0.5633363 0.8316249 0.257605 0.5633363 0.8316249 0.262605 0.5614968 0.8378036 0.257605 0.5614968 0.8378036 0.262605 0.5601738 0.8441131 0.257605 0.5601738 0.8441131 0.262605 0.5593764 0.8505103 0.257605 0.5593764 0.8505103 0.295105 0.6306688 0.7792179 0.295105 0.6242716 0.7800153 0.295105 0.6179621 0.7813383 0.295105 0.6117835 0.7831777 0.295105 0.6057778 0.7855212 0.295105 0.5999861 0.7883526 0.295105 0.594448 0.7916525 0.295105 0.5892014 0.7953985 0.295105 0.5842821 0.799565 0.295105 0.5797235 0.8041235 0.295105 0.5755571 0.8090429 0.295105 0.571811 0.8142896 0.295105 0.5685111 0.8198276 0.295105 0.5656797 0.8256193 0.295105 0.5633363 0.8316249 0.295105 0.5614968 0.8378036 0.295105 0.5601738 0.8441131 0.295105 0.5593764 0.8505103</float_array>
          <technique_common>
            <accessor source="#MMO_700_dual_-_bracket-1-mesh-positions-array" count="706" stride="3">
              <param name="X" type="float"/>
              <param name="Y" type="float"/>
              <param name="Z" type="float"/>
            </accessor>
          </technique_common>
        </source>
        <source id="MMO_700_dual_-_bracket-1-mesh-normals">
          <float_array id="MMO_700_dual_-_bracket-1-mesh-normals-array" count="2451">0 1 6.04449e-5 0 1 -3.74308e-5 0 1 1.04472e-5 0 1 2.85403e-6 0 1 0 0 1 2.11358e-5 0 1 5.12435e-6 0 1 -5.13888e-5 0 1 2.95931e-5 0 1 5.21907e-6 0 1 -1.92285e-5 0 1 -2.87296e-5 0 1 4.95508e-5 0 1 -9.67763e-6 0 1 1.3253e-5 0 1 5.18582e-5 0 1 -7.22846e-5 0 1 -2.98186e-5 0 1 1.69944e-5 0 1 1.99219e-5 0 1 -1.36655e-5 0 1 6.18486e-6 0 1 2.87019e-6 0 1 5.90169e-6 0 1 -1.66097e-5 0 1 7.31785e-5 0 1 -5.13987e-5 0 1 2.00957e-5 0 1 -2.93543e-5 0 1 2.00977e-5 0 1 4.89315e-5 0 1 -9.79952e-5 0 1 -5.56979e-5 0 1 3.00022e-5 0 1 3.54236e-5 0 1 -3.51556e-5 0 1 -2.03608e-5 0 1 -5.79123e-5 0 1 1.23812e-4 0 1 -5.05474e-5 0 1 4.05377e-6 0 1 -4.87932e-6 0 1 -1.99893e-5 0 0.9999994 0.001157402 0 1 1.9136e-5 0 1 -5.50518e-6 0 1 -7.02168e-5 0 1 2.37598e-6 0 1 -6.14699e-5 0 1 -3.19996e-5 0 1 2.97301e-5 0 1 -4.54501e-5 0 1 6.63585e-5 0 0 1 -1.02471e-5 0 1 2.58171e-5 0 1 6.77096e-5 0 1 -2.49746e-5 0 1 2.08009e-5 0 1 -1.06514e-4 0 1 -2.73052e-5 0 1 1.77804e-4 0 1 3.77715e-4 0 1 -1.53304e-4 0 1 3.4656e-5 0 1 -5.94742e-6 0 1 1.07304e-5 0 1 2.38402e-4 0 1 7.28638e-5 0 1 -1.94397e-5 0 1 8.10655e-6 0 1 7.30685e-5 0 1 2.02412e-5 0 1 -3.22594e-4 0 1 -1.39859e-5 0 1 5.57894e-6 0 1 -7.17205e-5 0 1 1.84546e-4 0 1 2.23868e-4 0 1 -1.37282e-4 0 1 8.75914e-5 0 1 -2.09433e-4 0 1 -1.88203e-5 0 1 6.40743e-5 0 1 2.13661e-4 0 1 -8.17876e-5 0 1 5.78817e-5 0 1 8.0444e-5 0 1 -8.86703e-5 0 1 -1.83688e-4 0 1 1.46361e-5 0 1 -4.49786e-5 0 1 7.3608e-6 0 1 -7.33702e-6 0 1 -2.80427e-4 0 1 -2.74738e-6 0 1 2.03623e-4 0 1 2.98298e-5 0 1 1.71494e-5 0 1 7.18764e-5 0 1 1.93268e-5 0 1 -1.8467e-5 0 1 6.39901e-5 0 1 0 1 -1.4531e-6 0 1 -2.03641e-5 0 1 -5.05478e-5 0 1 9.28584e-5 0 1 6.38537e-6 0 1 -1.20613e-4 0 1 4.89321e-5 0 1 2.19406e-6 0 1 4.22347e-5 0 1 2.97269e-5 0 1 4.87894e-6 0 1 -2.47347e-5 0 1 -2.94041e-5 0 1 7.58388e-5 0 1 8.34585e-5 0 1 -1.72384e-5 0 1 2.00518e-5 0 1 -3.23897e-5 0 1 -2.03598e-5 0 1 2.95012e-5 0 1 7.31789e-5 0 1 -1.04885e-5 0 1 7.56037e-6 0 1 -3.19992e-5 0 1 -4.77602e-6 0 1 6.09432e-5 0 1 -8.02477e-5 0 1 3.54269e-5 0 1 -3.84166e-7 0 1 5.68561e-6 0 1 -8.03129e-6 0 1 2.00953e-5 0 1 5.08901e-5 0 1 -1.57071e-6 0 1 7.37683e-6 0 1 5.63793e-5 0 1 -2.7185e-5 0 1 -3.62669e-5 0 1 3.53662e-5 0 1 3.19325e-6 0 1 5.68471e-6 0 1 6.34263e-5 0 1 -7.22863e-5 0 1 1.7755e-5 0 1 -5.1393e-5 0 1 -5.12436e-6 0 1 2.64196e-5 -2.08052e-5 0 1 1.98147e-5 0 1 -6.76987e-5 0 1 1.02471e-5 0 1 2.1138e-5 0 1 1.56149e-4 0 1 -4.1547e-5 0 1 -1.45767e-4 0 1 -3.77715e-4 0 1 2.73049e-5 0 1 1.06515e-4 0 1 -8.10655e-6 0 1 1.94397e-5 0 1 -7.18761e-5 0 1 -1.71494e-5 0 1 1.26297e-4 0 1 -1.06406e-5 0 1 2.89728e-5 0 1 8.03067e-5 0 1 -6.85318e-5 0 1 4.48568e-5 0 1 -1.73154e-4 0 1 -3.48415e-5 0 1 1.38345e-5 0 1 -2.47353e-5 0 1 8.86703e-5 0 1 7.59841e-5 0 1 -6.00785e-6 0 1 -3.05392e-5 0 1 -3.46496e-5 0 1 1.53327e-4 0 1 -1.69234e-5 0 1 5.48015e-5 0 1 -1.20613e-4 0 1 1.88203e-5 0 1 1.16958e-5 0 1 -6.39917e-5 0 1 2.28727e-5 0 1 -1.93268e-5 0 1 2.67384e-5 0 1 -1.84571e-4 0 1 9.04901e-5 0 1 -8.34988e-5 0 1 2.65349e-4 0 1 -1.37277e-4 0 1 9.44618e-5 0 1 -4.30721e-5 0 1 3.11419e-6 0 1 -3.10406e-6 0 1 4.30721e-5 0 1 4.97461e-5 0 -1 0 0 -1 -1.87091e-4 0 -1 2.53037e-5 0 -1 -5.04173e-5 0 -1 -2.53033e-5 0 -1 9.93951e-5 0 -1 5.62381e-5 0 -1 -1.45575e-4 0 -1 -1.34351e-4 0 -1 3.91547e-5 0 -1 -1.54245e-5 0 -1 1.45572e-4 0 -1 -5.62391e-5 0 -1 1.84894e-4 0 -1 -1.45409e-4 0 -1 -6.91864e-6 0 -1 -1.30054e-4 0 -1 1.00665e-4 0 -1 -5.36058e-5 0 -1 -4.7924e-5 0 -1 1.75534e-4 0 -1 -7.69975e-5 0 -1 -7.69384e-5 0 -1 -1.06606e-5 0 -1 3.94095e-5 0 -1 3.09547e-5 0 -1 2.51223e-6 0 -1 1.04526e-4 0 -1 -7.6428e-5 0 -1 5.75978e-5 0 -1 7.70005e-5 0 -1 -2.02409e-4 0 -1 1.19945e-4 0 -1 -3.01226e-6 0 -1 2.2821e-4 0 -1 -8.31205e-5 0 -1 1.34351e-4 0 -1 -6.41335e-5 0 -1 2.04105e-5 0 -1 2.60096e-5 0 -1 3.26971e-5 0 -1 -1.00782e-4 0 -1 -1.25138e-5 0 -1 -1.25132e-5 0 -1 4.7924e-5 0 -1 5.36058e-5 0 -1 -1.49477e-4 0 -1 1.09467e-4 0 -1 5.10523e-5 0 -1 -8.49809e-5 0 -1 7.46289e-5 0 -1 1.45409e-4 0 -1 -1.61777e-4 0 -1 -1.49473e-4 0 -1 1.09472e-4 0 -1 -3.05601e-5 0 -1 -4.83882e-6 0 -1 1.76748e-5 0 -1 3.40247e-5 0 -1 2.33914e-5 0 -1 1.46583e-4 0 -1 -6.51402e-5 0 -1 9.13078e-5 0 -1 7.64373e-5 0 -1 -1.04517e-4 0 -1 -1.50001e-4 0 -1 1.01919e-4 0 -1 4.28934e-5 0 -1 -6.98452e-5 0 -1 -8.29383e-6 0 -1 4.97929e-6 0 -1 -1.50004e-4 0 -1 1.01921e-4 0 -1 4.28915e-5 0 -1 -6.98467e-5 0 -1 -1.00665e-4 0 -1 1.30054e-4 0 -1 -2.85414e-6 0 -1 4.9809e-6 0 -1 2.31333e-5 0 -1 -1.15577e-4 0 -1 -1.67718e-5 0 -1 -4.12347e-6 0 -1 -1.10356e-5 0 -1 4.21387e-5 0 -1 4.33151e-6 0 -1 -8.38728e-6 0 -1 9.13075e-5 0 -1 -4.41245e-6 0 -1 0 -1 -5.57771e-5 0 -1 0 0 -1 -9.73051e-5 0 -1 6.75798e-5 0 -1 -1.48641e-4 0 -1 -1.53021e-5 0 -1 -3.83625e-5 0 -1 5.05623e-5 0 -1 2.20666e-6 0 -1 1.75838e-6 0 -1 -6.5762e-5 0 -1 4.03682e-5 0 -1 -7.71248e-5 0 -1 -1.11932e-5 0 -1 1.08233e-5 0 -0.9998273 -0.01859062 0 -1 1.03451e-5 0 -1 -1.15095e-5 0 -1 1.57462e-4 0 -1 4.43635e-6 0 -1 -8.35775e-5 0 -1 6.83799e-6 0 -1 9.06609e-5 0 -1 -3.66203e-5 0 -1 1.03834e-5 0 -1 4.49888e-5 0 -1 -4.70013e-5 0 -1 4.7951e-6 0 -1 4.54505e-6 0 -1 -1.0204e-4 0 -1 4.42855e-5 0 -1 2.35176e-6 0 -1 -2.24301e-6 0 -1 -6.02604e-6 0 -1 -6.01128e-5 0 -1 1.81894e-6 0 -1 -3.66408e-4 0 -1 1.57397e-5 0 -1 -3.12867e-6 0 -1 1.04471e-5 0 -1 -1.15587e-5 0 -1 -3.60274e-6 0 -1 -1.2133e-4 0 -1 5.64795e-5 0 -1 5.17524e-6 0 -1 -2.06155e-6 0 -1 -1.01381e-4 0 -1 2.34369e-6 0 -1 -2.22234e-6 0 -1 -7.90177e-6 0 -1 -8.88481e-6 0 -1 1.29387e-4 0 -1 9.27945e-5 0 -1 -1.94404e-5 0 -1 -2.39427e-5 0 -1 -2.16011e-5 0 -1 -2.48575e-5 0 -1 -7.90254e-6 0 -1 1.23244e-5 0 -1 6.62295e-5 0 -1 -2.75856e-5 0 -1 3.98124e-5 0 -1 3.40359e-4 0 -1 -7.55581e-6 0 -1 9.21532e-5 0 -1 -2.89986e-6 0 -1 -5.14418e-5 0 -1 3.35669e-5 0 -1 3.19177e-5 0 -1 -1.74621e-6 0 -1 3.56002e-5 0 -1 1.63981e-6 0 -1 2.06162e-6 0 -1 -1.05741e-5 0 -1 2.75984e-5 0 -0.9999541 0.009589254 0 -1 -4.016e-6 0 -1 -2.29751e-5 0 -1 -2.72333e-5 0 -1 -9.8577e-5 0 -1 1.62531e-4 0 -1 -1.54842e-4 0 -1 -2.76137e-6 0 -1 1.10099e-5 0 -1 2.09718e-6 0 -1 -6.50675e-6 0 -1 2.2148e-6 0 -1 -4.24502e-5 0 -1 -4.26056e-5 0 -1 -8.14108e-6 0 -1 -2.91008e-6 0 -1 1.18911e-5 0 -1 -1.18521e-5 0 -1 2.91008e-6 0 -1 1.52791e-5 0 -1 -1.1441e-4 0 1 -9.55201e-6 0 1 3.10441e-5 0 1 3.8805e-6 0 1 -9.55202e-6 -1 0 0 -1 -3.16847e-6 0 -1 1.00951e-5 0 -1 -4.24832e-6 0 -1 -1.87008e-6 0 -1 6.34985e-6 0 -1 6.80642e-6 0 -1 -3.17847e-6 0 -1 3.03438e-6 0 -1 -3.03428e-6 0 -1 -7.11561e-6 0 -1 -8.50794e-7 0 -1 4.67503e-7 0 -1 -1.46381e-6 0 -1 -3.69206e-7 0 1 0 0 1 -6.34985e-6 0 1 1.26191e-6 0 1 -1.27139e-5 0 1 9.35882e-6 0 1 2.80502e-6 0 1 -8.50794e-7 0 1 1.06208e-6 0 1 -7.19274e-7 0 1 -3.55787e-6 0 1 3.17489e-6 0 1 -7.38413e-7 0 1 -2.95358e-6 0 1 3.79297e-6 0 0 0.04131972 0.999146 0 0.04131913 0.9991461 0 0.1236907 0.9923208 0 0.1236889 0.9923211 0 0.2052198 0.978716 0 0.2052186 0.9787163 0 0.285338 0.9584271 0 0.2853301 0.9584294 0 0.3635158 0.9315881 0 0.3635141 0.9315888 0 0.4391895 0.8983945 0 0.4391952 0.8983918 0 0.511884 0.8590547 0 0.5118803 0.8590568 0 0.58108 0.8138465 0 0.5810732 0.8138513 0 0.6463005 0.7630831 0 0.7071032 0.7071104 0 0.7071104 0.7071032 0 0.7630879 0.6462948 0 0.763091 0.6462913 0 0.8138472 0.581079 0 0.8138447 0.5810824 0 0.8590614 0.5118728 0 0.859053 0.5118866 0 0.8983875 0.439204 0 0.8983889 0.4392011 0 0.9315918 0.3635064 0 0.9315868 0.3635189 0 0.9584321 0.2853208 0 0.9584242 0.2853473 0 0.9787174 0.2052132 0 0.9787147 0.2052255 0 0.9923225 0.1236773 0 0.9923207 0.1236916 0 0.9991455 0.04133158 1 -4.95238e-7 0 1 -9.96324e-6 0 1 9.57674e-6 0 1 -3.12909e-6 0 1 5.01143e-6 0 1 -3.16967e-5 0 1 -9.46511e-7 0 1 7.82257e-7 0 1 -1.36813e-6 0 1 2.49078e-6 0 1 -5.84951e-7 0 1 1.69306e-6 0 1 -2.25736e-6 0 1 3.50974e-6 0 0 0.123688 0.9923212 0 0.2853317 0.9584289 0 0.3635109 0.93159 0 0.5118866 0.859053 0 0.5810776 0.8138481 0 0.6462984 0.7630848 0 0.6463026 0.7630813 0 0.9315927 0.3635039 0 0.9787177 0.2052117 0 0.9787145 0.205227 0 0.9923208 0.1236907 1 -5.47242e-6 0 1 4.69364e-6 0 1 -1.5143e-5 0 1 1.50343e-5 0 1 -2.77346e-5 0 1 1.12871e-6 0 1 1.12868e-6 0 1 2.33983e-6 0 -1 -9.46511e-7 0 -1 4.95238e-7 0 -1 -2.4908e-6 0 -1 1.16991e-6 0 -1 -2.49073e-6 0 -1 1.36813e-6 0 -1 7.82257e-7 0 -1 2.25742e-6 0 0 0.1236898 0.992321 0 0.2052215 0.9787156 0 0.2052169 0.9787166 0 0.2853413 0.958426 0 0.5810824 0.8138447 0 0.5810708 0.813853 0 0.8590593 0.5118759 0 0.8590549 0.5118834 -1 6.33933e-5 0 -1 6.26397e-7 0 -1 -4.95238e-7 0 -1 -4.00914e-5 0 -1 2.08217e-5 0 -1 -9.38728e-6 0 -1 8.71781e-6 0 -1 -2.33983e-6 0 -1 -2.33982e-6 0 -1 -7.82257e-7 0 0.08726477 0 0.9961853 0.2586948 0 0.9659592 0.2586931 0 0.9659596 0.4227339 0 0.9062539 0.422551 0 0.9063392 0.5736542 0 0.8190976 0.5736575 0 0.8190953 0.7069572 0 0.7072564 0.7071799 0 0.7070338 0.8191863 0 0.5735278 0.9063034 0 0.4226278 0.9062623 0 0.422716 0.9659245 0 0.2588242 0.9659249 0 0.2588226 0.9961953 0 0.08714967 0.9961951 0 0.08715051 0.9961953 0 -0.08714967 0.9961935 0 -0.08716988 0.9659394 0 -0.2587685 0.9659249 0 -0.2588226 0.9062637 0 -0.4227131 0.9063021 0 -0.4226307 0.8191863 0 -0.5735278 0.7071799 0 -0.7070338 0.7069572 0 -0.7072564 0.5736542 0 -0.8190976 0.5735082 0 -0.8191999 0.4227339 0 -0.9062539 0.422551 0 -0.9063392 0.2586948 0 -0.9659592 0.2589008 0 -0.965904 0.08726477 0 -0.9961853 -0.08726662 0 -0.996185 -0.08726722 0 -0.996185 -0.2589025 0 -0.9659035 -0.2586931 0 -0.9659596 -0.4225431 0 -0.9063429 -0.4227259 0 -0.9062576 -0.5735049 0 -0.8192022 -0.5736575 0 -0.8190953 -0.7069676 0 -0.707246 -0.7071903 0 -0.7070233 -0.8191764 0 -0.5735418 -0.8191747 0 -0.573544 -0.9063034 0 -0.4226278 -0.9062623 0 -0.422716 -0.9659301 0 -0.2588031 -0.965945 0 -0.2587475 -0.9961935 0 -0.08716899 -0.9961951 0 -0.08715051 -0.9961953 0 0.08714967 -0.9961951 0 0.08715051 -0.9659301 0 0.2588031 -0.9062637 0 0.4227131 -0.9063021 0 0.4226307 -0.8191764 0 0.5735418 -0.8191747 0 0.573544 -0.7071903 0 0.7070233 -0.7069676 0 0.707246 -0.5736542 0 0.8190976 -0.5736575 0 0.8190953 -0.4225431 0 0.9063429 -0.4227259 0 0.9062576 -0.2586948 0 0.9659592 -0.2586931 0 0.9659596 -0.08726662 0 0.996185 -0.08726722 0 0.996185 0.08704388 0 0.9962045 0.2589025 0 0.9659035 0.2589008 0 0.965904 0.5733554 0 0.8193069 0.7070685 0 0.707145 0.8191129 0 0.5736323 0.9063021 0 0.4226307 0.9961935 0 -0.08716899 0.9961969 0 -0.0871312 0.9659096 0 -0.2588798 0.9063034 0 -0.4226278 0.8191129 0 -0.5736323 0.7070685 0 -0.707145 0.5736575 0 -0.8190953 -0.5736542 0 -0.8190976 -0.7070789 0 -0.7071346 -0.8191032 0 -0.5736464 -0.9063021 0 -0.4226307 -0.9659152 0 -0.2588587 -0.9961969 0 -0.08713036 -0.9961935 0 -0.08716988 -0.9063034 0 0.4226278 -0.8191016 0 0.5736487 -0.7070789 0 0.7071346 -0.5733587 0 0.8193045 -0.2589025 0 0.9659035 -0.2589008 0 0.965904 -0.08704626 0 0.9962043 0.08704751 0 0.9962043 0.087269 0 0.9961848 0.2588956 0 0.9659053 0.2588973 0 0.9659049 0.422559 0 0.9063354 0.4227446 0 0.9062489 0.5733456 0 0.8193136 0.5736477 0 0.8191022 0.7070789 0 0.7071346 0.7071903 0 0.7070233 0.8190917 0 0.5736626 0.8191667 0 0.5735558 0.9063113 0 0.4226107 0.9659301 0 0.2588031 0.9659152 0 -0.2588587 0.9659301 0 -0.2588031 0.9063113 0 -0.4226107 0.8191649 0 -0.573558 0.8190933 0 -0.5736603 0.7071903 0 -0.7070233 0.7070789 0 -0.7071346 0.5736445 0 -0.8191046 0.5736477 0 -0.8191022 0.422559 0 -0.9063354 0.4225617 0 -0.9063343 0.2586879 0 -0.965961 0.2588973 0 -0.9659049 0.08726841 0 -0.9961849 0.087269 0 -0.9961848 -0.08726477 0 -0.9961853 -0.2588956 0 -0.9659053 -0.2586896 0 -0.9659606 -0.422559 0 -0.9063354 -0.4225617 0 -0.9063343 -0.5736445 0 -0.8191046 -0.5736477 0 -0.8191022 -0.8191129 0 -0.5736323 -0.8191863 0 -0.5735278 -0.9062941 0 -0.4226478 -0.9062954 0 -0.422645 -0.9062941 0 0.4226478 -0.9062954 0 0.422645 -0.8191863 0 0.5735278 -0.8191129 0 0.5736323 -0.5736445 0 0.8191046 -0.5733489 0 0.8193114 -0.4227418 0 0.9062501 -0.4225617 0 0.9063343 -0.2588956 0 0.9659053 -0.2588973 0 0.9659049 -0.08726477 0 0.9961853 -0.08704388 0 0.9962045 0.08726841 0 0.9961849 0.2586879 0 0.965961 0.2586896 0 0.9659606 0.4227418 0 0.9062501 0.4225617 0 0.9063343 0.5736445 0 0.8191046 0.7069676 0 0.707246 0.8191649 0 0.573558 0.9062716 0 0.422696 0.965945 0 -0.2587475 0.9062716 0 -0.422696 0.8191667 0 -0.5735558 0.7069676 0 -0.707246 0.5734983 0 -0.8192067 0.4227418 0 -0.9062501 -0.4227446 0 -0.9062489 -0.573495 0 -0.819209 -0.9062556 0 -0.4227302 -0.9062543 0 0.4227331 -0.5736477 0 0.8191022 -0.422559 0 0.9063354 -0.4227446 0 0.9062489 -0.2586879 0 0.965961 -0.2586896 0 0.9659606 0.08710825 -0.996199 0 0.2588576 -0.9659155 0 0.2588469 -0.9659184 0 0.4225764 -0.9063274 0 0.4225579 -0.906336 0 0.5736081 -0.8191301 0 0.5735866 -0.8191451 0 0.7071276 -0.7070859 0 0.7071033 -0.7071103 0 0.819167 -0.5735553 0 0.8191453 -0.5735861 0 0.9063016 -0.4226319 0 0.9659304 -0.2588022 0 0.9659165 -0.2588541 0 0.9961946 -0.08715796 0 0.9961951 0.08715069 0 0.9961953 0.0871495 0 0.9659165 0.2588541 0 0.9659304 0.2588022 0 0.9063016 0.4226319 0 0.8191407 0.5735926 0 0.8191716 0.5735487 0 0.7070999 0.7071138 0 0.7071312 0.7070825 0 0.5735259 0.8191875 0 0.5735567 0.8191659 0 0.4226265 0.9063041 0 0.4226478 0.9062941 0 0.2588437 0.9659193 0 0.2588608 0.9659147 0 0.08710825 0.996199 0 -0.08711308 0.9961985 0 -0.2588437 0.9659193 0 -0.2588469 0.9659184 0 -0.4226478 0.9062941 0 -0.4226265 0.9063041 0 -0.573552 0.8191692 0 -0.5735306 0.8191843 0 -0.7071276 0.7070859 0 -0.7071312 0.7070825 0 -0.8191407 0.5735926 0 -0.8191453 0.5735861 0 -0.9063016 0.4226319 0 -0.9659304 0.2588022 0 -0.9961951 0.08715069 0 -0.9961953 0.0871495 0 -0.9961946 -0.08715796 0 -0.9659304 -0.2588022 0 -0.9063016 -0.4226319 0 -0.8191407 -0.5735926 0 -0.8191453 -0.5735861 0 -0.7071276 -0.7070859 0 -0.7071312 -0.7070825 0 -0.5735819 -0.8191483 0 -0.5736127 -0.8191267 0 -0.422555 -0.9063373 0 -0.4225792 -0.906326 0 -0.2588437 -0.9659193 0 -0.2588469 -0.9659184 0 -0.08711308 -0.9961985 0 0.08719766 -0.9961911 0 0.08719849 -0.996191 0 0.2588298 -0.9659231 0 0.2588608 -0.9659147 0 0.4225977 -0.9063175 0 0.5735604 -0.8191633 0 0.7071102 -0.7071033 0 0.7070616 -0.707152 0 0.8191682 -0.5735534 0 0.8191466 -0.5735842 0 0.9063441 -0.4225404 0 0.9961897 -0.08721321 0 0.9961994 -0.08710271 0 0.9962 0.08709549 0 0.9961904 0.08720475 0 0.9063441 0.4225404 0 0.8191146 0.57363 0 0.8191453 0.5735861 0 0.707159 0.7070546 0 0.5734997 0.8192059 0 0.4226692 0.9062842 0 0.2588576 0.9659155 0 0.258833 0.9659221 0 0.08711308 0.9961985 0 -0.08710825 0.996199 0 -0.2588576 0.9659155 0 -0.258833 0.9659221 0 -0.5735259 0.8191875 0 -0.5735567 0.8191659 0 -0.7070999 0.7071138 0 -0.707159 0.7070546 0 -0.819167 0.5735553 0 -0.8191192 0.5736234 0 -0.9659165 0.2588541 0 -0.9659444 0.2587502 0 -0.9962 0.08709549 0 -0.9961904 0.08720475 0 -0.9961897 -0.08721321 0 -0.9961994 -0.08710271 0 -0.9659444 -0.2587502 0 -0.9659165 -0.2588541 0 -0.8191421 -0.5735908 0 -0.819199 -0.5735095 0 -0.7071102 -0.7071033 0 -0.7070616 -0.707152 0 -0.5736081 -0.8191301 0 -0.5735866 -0.8191451 0 -0.4225764 -0.9063274 0 -0.2588298 -0.9659231 0 -0.2588608 -0.9659147 0 -0.08719283 -0.9961916 0 -0.08719366 -0.9961915 0 0.08711308 -0.9961985 0 0.7071555 -0.7070581 0 0.8191407 -0.5735926 0 0.8191192 -0.5736234 0 -0.8191146 -0.57363 0 -0.8191716 -0.5735487 0 -0.7071555 -0.7070581 0 -0.7071033 -0.7071103 0 -0.08710825 -0.996199 0 0.08719283 -0.9961916 0 0.08719366 -0.9961915 0 0.7070824 -0.7071312 0 0.8191943 -0.5735161 0 0.8191728 -0.5735469 0 -0.8191682 -0.5735534 0 -0.8191728 -0.5735469 0 -0.7070824 -0.7071312 0 -0.7070894 -0.7071242 0 -0.08719766 -0.9961911 0 -0.08719849 -0.996191 0</float_array>
          <technique_common>
            <accessor source="#MMO_700_dual_-_bracket-1-mesh-normals-array" count="817" stride="3">
              <param name="X" type="float"/>
              <param name="Y" type="float"/>
              <param name="Z" type="float"/>
            </accessor>
          </technique_common>
        </source>
        <vertices id="MMO_700_dual_-_bracket-1-mesh-vertices">
          <input semantic="POSITION" source="#MMO_700_dual_-_bracket-1-mesh-positions"/>
        </vertices>
        <triangles count="1440">
          <input semantic="VERTEX" source="#MMO_700_dual_-_bracket-1-mesh-vertices" offset="0"/>
          <input semantic="NORMAL" source="#MMO_700_dual_-_bracket-1-mesh-normals" offset="1"/>
          <p>0 0 1 0 2 0 1 1 3 1 2 1 2 2 3 2 4 2 2 3 4 3 5 3 6 4 7 4 8 4 8 5 7 5 9 5 8 6 9 6 10 6 10 4 11 4 8 4 8 7 11 7 12 7 8 8 12 8 13 8 14 4 15 4 8 4 8 9 15 9 16 9 8 10 16 10 17 10 18 4 19 4 20 4 20 11 19 11 21 11 20 12 21 12 22 12 23 4 24 4 25 4 25 13 24 13 26 13 25 14 26 14 27 14 13 4 28 4 8 4 8 15 28 15 29 15 8 16 29 16 30 16 0 4 2 4 25 4 25 17 2 17 31 17 25 18 31 18 23 18 32 4 33 4 34 4 5 19 35 19 2 19 2 20 35 20 36 20 2 4 36 4 37 4 37 4 36 4 38 4 37 4 38 4 30 4 30 21 38 21 39 21 30 4 39 4 8 4 8 22 39 22 40 22 8 23 40 23 14 23 17 4 41 4 8 4 8 24 41 24 42 24 8 4 42 4 20 4 20 25 42 25 43 25 20 26 43 26 18 26 44 4 45 4 34 4 34 27 45 27 46 27 34 28 46 28 47 28 48 4 49 4 34 4 34 29 49 29 50 29 33 4 51 4 34 4 34 30 51 30 52 30 34 31 52 31 44 31 50 32 53 32 34 32 34 33 53 33 54 33 34 4 54 4 55 4 55 34 54 34 56 34 55 35 56 35 57 35 57 4 58 4 55 4 55 36 58 36 59 36 55 37 59 37 60 37 60 38 61 38 55 38 55 39 61 39 62 39 55 40 62 40 63 40 22 4 64 4 20 4 20 41 64 41 65 41 20 42 65 42 66 42 27 4 67 4 25 4 25 4 67 4 68 4 25 43 68 43 47 43 47 4 68 4 34 4 34 44 68 44 69 44 34 45 69 45 48 45 63 4 70 4 55 4 55 46 70 46 71 46 55 47 71 47 8 47 8 48 71 48 72 48 8 49 72 49 6 49 66 4 73 4 20 4 20 50 73 50 74 50 20 4 74 4 34 4 34 51 74 51 75 51 34 52 75 52 32 52 76 53 77 53 78 53 77 53 79 53 78 53 78 54 79 54 80 54 78 55 80 55 81 55 82 53 83 53 84 53 84 56 83 56 85 56 84 53 85 53 78 53 78 57 85 57 86 57 78 58 86 58 76 58 81 53 87 53 78 53 78 59 87 59 88 59 78 60 88 60 89 60 90 53 78 53 91 53 91 53 78 53 92 53 93 61 94 61 95 61 96 53 92 53 97 53 97 53 92 53 78 53 97 62 78 62 98 62 98 53 78 53 89 53 99 53 100 53 55 53 101 53 55 53 102 53 102 53 55 53 103 53 101 63 104 63 55 63 55 64 104 64 105 64 55 65 105 65 84 65 84 66 105 66 106 66 84 67 106 67 107 67 108 53 109 53 107 53 107 68 109 68 110 68 111 53 112 53 84 53 84 69 112 69 113 69 84 70 113 70 82 70 90 53 114 53 78 53 78 71 114 71 115 71 78 72 115 72 116 72 116 73 117 73 78 73 78 74 117 74 118 74 78 75 118 75 8 75 8 76 118 76 119 76 8 77 119 77 120 77 108 53 107 53 95 53 95 78 107 78 121 78 95 79 121 79 93 79 97 53 122 53 96 53 96 80 122 80 123 80 96 81 123 81 124 81 100 53 125 53 55 53 55 82 125 82 126 82 55 83 126 83 103 83 124 84 127 84 96 84 96 85 127 85 128 85 96 86 128 86 129 86 120 53 130 53 8 53 8 87 130 87 131 87 8 88 131 88 132 88 133 89 134 89 84 89 132 53 135 53 8 53 8 90 135 90 136 90 8 91 136 91 137 91 129 53 138 53 96 53 96 92 138 92 139 92 96 53 139 53 140 53 140 93 139 93 95 93 140 53 95 53 141 53 141 53 95 53 94 53 110 53 142 53 107 53 107 94 142 94 143 94 107 95 143 95 84 95 84 96 143 96 144 96 84 97 144 97 133 97 134 53 145 53 84 53 84 98 145 98 146 98 84 99 146 99 111 99 137 53 147 53 8 53 8 100 147 100 148 100 8 53 148 53 55 53 55 101 148 101 149 101 55 102 149 102 99 102 150 4 151 4 152 4 153 4 154 4 155 4 156 4 157 4 158 4 151 4 159 4 155 4 155 103 159 103 160 103 155 104 160 104 161 104 154 4 162 4 155 4 155 105 162 105 163 105 155 106 163 106 164 106 165 107 166 107 151 107 166 4 167 4 151 4 151 4 167 4 168 4 151 4 168 4 152 4 169 108 170 108 171 108 171 109 170 109 172 109 171 110 173 110 158 110 158 111 173 111 174 111 158 112 174 112 156 112 157 4 175 4 158 4 158 113 175 113 176 113 158 114 176 114 177 114 172 4 178 4 171 4 171 115 178 115 179 115 171 116 179 116 173 116 177 117 180 117 158 117 158 118 180 118 181 118 158 119 181 119 182 119 183 120 184 120 185 120 186 4 187 4 185 4 164 4 188 4 155 4 155 121 188 121 189 121 155 122 189 122 190 122 182 4 191 4 158 4 158 123 191 123 192 123 158 4 192 4 185 4 185 124 192 124 193 124 185 125 193 125 183 125 194 4 195 4 185 4 185 126 195 126 196 126 185 127 196 127 155 127 155 128 196 128 197 128 155 129 197 129 153 129 190 4 198 4 155 4 155 130 198 130 199 130 155 131 199 131 151 131 151 132 199 132 200 132 151 133 200 133 165 133 201 4 202 4 171 4 171 134 202 134 203 134 171 135 203 135 169 135 184 4 204 4 185 4 185 136 204 136 205 136 185 137 205 137 206 137 161 138 207 138 155 138 155 139 207 139 208 139 155 4 208 4 171 4 171 140 208 140 209 140 171 141 209 141 201 141 210 4 211 4 206 4 206 142 211 142 212 142 212 4 213 4 206 4 206 143 213 143 214 143 206 4 214 4 185 4 185 144 214 144 215 144 185 145 215 145 186 145 187 4 216 4 185 4 185 146 216 146 217 146 185 147 217 147 218 147 218 4 219 4 185 4 185 148 219 148 220 148 185 149 220 149 194 149 150 4 152 4 221 4 221 4 152 4 222 4 221 4 222 4 223 4 223 4 222 4 224 4 223 4 224 4 206 4 206 4 224 4 225 4 206 4 225 4 210 4 226 53 227 53 228 53 228 150 227 150 229 150 228 53 229 53 230 53 230 151 229 151 231 151 230 152 231 152 232 152 233 53 234 53 228 53 234 53 235 53 228 53 228 153 235 153 236 153 228 154 236 154 226 154 237 53 238 53 239 53 240 53 241 53 155 53 155 155 241 155 242 155 155 156 242 156 243 156 239 157 238 157 244 157 245 158 228 158 246 158 246 53 228 53 185 53 245 53 247 53 228 53 228 159 247 159 248 159 228 160 248 160 233 160 232 53 249 53 230 53 230 161 249 161 250 161 230 162 250 162 251 162 252 53 253 53 185 53 251 53 254 53 230 53 230 163 254 163 255 163 230 164 255 164 256 164 256 53 257 53 230 53 230 165 257 165 258 165 230 53 258 53 155 53 155 166 258 166 259 166 155 167 259 167 240 167 244 53 238 53 243 53 243 168 238 168 260 168 243 169 260 169 261 169 253 53 262 53 185 53 185 170 262 170 263 170 185 171 263 171 264 171 264 53 265 53 185 53 185 172 265 172 266 172 185 173 266 173 246 173 267 53 185 53 268 53 268 53 185 53 269 53 267 53 270 53 185 53 185 174 270 174 271 174 185 175 271 175 272 175 261 53 273 53 243 53 243 176 273 176 274 176 243 177 274 177 155 177 155 178 274 178 275 178 155 179 275 179 276 179 276 180 277 180 155 180 155 181 277 181 278 181 155 182 278 182 279 182 279 183 280 183 155 183 155 184 280 184 281 184 155 185 281 185 282 185 282 53 283 53 155 53 155 186 283 186 284 186 155 53 284 53 185 53 185 187 284 187 285 187 185 188 285 188 269 188 272 53 286 53 185 53 185 189 286 189 287 189 185 190 287 190 288 190 288 53 289 53 185 53 185 191 289 191 290 191 185 53 290 53 252 53 252 192 290 192 291 192 291 193 292 193 252 193 252 194 292 194 293 194 252 195 293 195 294 195 294 53 295 53 252 53 252 196 295 196 296 196 252 53 296 53 297 53 297 197 296 197 298 197 297 53 298 53 239 53 239 198 298 198 299 198 239 199 299 199 237 199 300 200 301 200 302 200 303 201 304 201 305 201 302 202 306 202 300 202 300 203 306 203 307 203 300 204 307 204 308 204 309 201 310 201 311 201 312 201 313 201 314 201 314 205 313 205 315 205 314 206 315 206 316 206 311 201 310 201 317 201 316 201 318 201 314 201 314 207 318 207 319 207 314 208 319 208 317 208 320 201 321 201 322 201 304 201 323 201 305 201 305 209 323 209 324 209 305 210 324 210 325 210 326 201 327 201 328 201 317 201 310 201 314 201 314 211 310 211 329 211 314 201 329 201 300 201 300 212 329 212 330 212 300 213 330 213 301 213 331 201 314 201 332 201 332 201 314 201 305 201 332 201 305 201 333 201 333 201 305 201 325 201 308 214 334 214 300 214 300 215 334 215 335 215 300 216 335 216 336 216 305 201 322 201 337 201 337 201 338 201 305 201 305 217 338 217 339 217 305 218 339 218 340 218 340 201 341 201 305 201 305 219 341 219 342 219 305 220 342 220 303 220 331 201 343 201 314 201 314 221 343 221 344 221 314 222 344 222 345 222 346 223 347 223 348 223 349 201 350 201 351 201 351 201 350 201 352 201 353 201 354 201 322 201 345 201 355 201 314 201 314 224 355 224 356 224 314 225 356 225 357 225 358 226 328 226 359 226 360 201 361 201 311 201 311 227 361 227 362 227 311 201 362 201 309 201 336 201 363 201 300 201 300 228 363 228 364 228 300 229 364 229 365 229 366 201 367 201 300 201 300 230 367 230 368 230 300 231 368 231 369 231 369 232 370 232 300 232 300 233 370 233 371 233 300 234 371 234 322 234 322 235 371 235 372 235 322 236 372 236 320 236 321 201 373 201 322 201 322 237 373 237 374 237 322 238 374 238 375 238 354 201 376 201 322 201 322 239 376 239 377 239 322 240 377 240 337 240 314 241 378 241 379 241 358 201 380 201 328 201 328 242 380 242 381 242 328 243 381 243 326 243 366 201 300 201 382 201 382 201 300 201 365 201 382 201 365 201 346 201 346 242 365 242 383 242 346 244 383 244 347 244 375 201 384 201 322 201 322 245 384 245 385 245 322 246 385 246 386 246 327 201 387 201 328 201 328 247 387 247 388 247 328 248 388 248 389 248 357 249 390 249 391 249 391 201 392 201 357 201 357 250 392 250 393 250 357 251 393 251 394 251 379 201 395 201 314 201 314 252 395 252 396 252 314 253 396 253 312 253 348 201 397 201 346 201 346 254 397 254 398 254 346 255 398 255 399 255 400 201 401 201 402 201 402 256 401 256 403 256 404 201 405 201 406 201 349 201 407 201 350 201 350 257 407 257 408 257 350 258 408 258 409 258 350 201 410 201 352 201 352 259 410 259 411 259 352 260 411 260 412 260 413 261 414 261 358 261 358 262 414 262 402 262 358 201 402 201 415 201 415 201 402 201 403 201 394 201 416 201 357 201 357 263 416 263 417 263 357 201 417 201 314 201 314 264 417 264 418 264 314 265 418 265 378 265 399 266 419 266 346 266 346 267 419 267 420 267 346 201 420 201 402 201 402 268 420 268 421 268 402 269 421 269 400 269 360 201 311 201 406 201 406 270 311 270 422 270 406 201 422 201 404 201 358 271 423 271 380 271 380 201 423 201 424 201 380 201 424 201 425 201 425 201 424 201 426 201 425 201 426 201 427 201 427 201 426 201 406 201 427 201 406 201 428 201 428 201 406 201 405 201 389 272 429 272 328 272 328 273 429 273 430 273 328 201 430 201 357 201 357 274 430 274 431 274 357 275 431 275 390 275 432 201 433 201 359 201 386 201 434 201 322 201 322 276 434 276 435 276 322 277 435 277 350 277 412 201 436 201 352 201 352 278 436 278 437 278 352 279 437 279 438 279 359 201 433 201 358 201 358 280 433 280 439 280 358 281 439 281 413 281 409 282 440 282 350 282 350 283 440 283 441 283 350 201 441 201 322 201 322 284 441 284 442 284 322 285 442 285 353 285 438 201 443 201 352 201 352 286 443 286 444 286 352 201 444 201 445 201 445 287 444 287 446 287 445 288 446 288 359 288 359 201 446 201 447 201 359 289 447 289 432 289 448 290 449 290 450 290 450 291 451 291 448 291 448 292 451 292 452 292 448 293 452 293 453 293 454 294 455 294 456 294 457 291 458 291 459 291 457 291 459 291 460 291 461 291 462 291 463 291 463 291 462 291 464 291 465 291 466 291 314 291 314 295 466 295 467 295 468 291 469 291 454 291 454 296 469 296 470 296 454 297 470 297 455 297 456 291 471 291 454 291 454 298 471 298 472 298 454 299 472 299 462 299 472 291 473 291 462 291 462 300 473 300 474 300 462 301 474 301 475 301 476 302 454 302 477 302 477 291 454 291 478 291 453 291 479 291 448 291 448 303 479 303 480 303 448 291 480 291 481 291 481 304 480 304 468 304 481 305 468 305 482 305 482 291 468 291 454 291 482 291 454 291 483 291 484 291 485 291 486 291 486 306 485 306 487 306 486 307 487 307 488 307 475 308 489 308 462 308 462 309 489 309 490 309 462 310 490 310 464 310 467 291 491 291 314 291 314 311 491 311 492 311 314 291 492 291 454 291 454 312 492 312 493 312 454 313 493 313 478 313 476 291 494 291 454 291 454 314 494 314 495 314 454 315 495 315 496 315 497 316 498 316 462 316 462 317 498 317 499 317 462 318 499 318 500 318 496 291 501 291 454 291 454 319 501 319 502 319 454 320 502 320 483 320 488 291 503 291 486 291 486 321 503 321 504 321 486 291 504 291 505 291 505 322 504 322 459 322 505 291 459 291 506 291 506 291 459 291 458 291 461 291 507 291 462 291 462 323 507 323 508 323 462 324 508 324 509 324 497 291 462 291 510 291 510 325 462 325 509 325 510 291 509 291 511 291 511 326 509 326 512 326 511 291 512 291 513 291 513 327 512 327 514 327 513 328 514 328 515 328 516 291 517 291 518 291 518 329 517 329 519 329 518 330 519 330 520 330 500 291 521 291 462 291 462 331 521 331 522 331 462 291 522 291 300 291 522 332 523 332 300 332 300 333 523 333 524 333 300 334 524 334 525 334 460 291 459 291 526 291 526 335 459 335 527 335 526 291 527 291 528 291 529 291 530 291 531 291 531 336 530 336 532 336 520 291 533 291 518 291 518 337 533 337 534 337 518 291 534 291 535 291 535 338 534 338 513 338 535 291 513 291 536 291 536 291 513 291 515 291 525 291 537 291 300 291 300 339 537 339 538 339 300 340 538 340 539 340 540 291 541 291 314 291 314 341 541 341 542 341 543 291 314 291 544 291 544 342 314 342 545 342 546 291 547 291 486 291 486 343 547 343 548 343 486 344 548 344 484 344 549 291 550 291 518 291 518 345 550 345 551 345 518 346 551 346 516 346 543 291 552 291 314 291 314 347 552 347 553 347 314 348 553 348 554 348 554 349 555 349 314 349 314 350 555 350 556 350 314 351 556 351 547 351 557 291 558 291 448 291 448 352 558 352 559 352 448 353 559 353 449 353 539 354 560 354 300 354 300 355 560 355 561 355 300 356 561 356 562 356 562 291 563 291 300 291 300 357 563 357 564 357 300 291 564 291 314 291 314 358 564 358 565 358 314 359 565 359 540 359 542 291 566 291 314 291 314 360 566 360 567 360 314 361 567 361 531 361 546 291 568 291 547 291 547 362 568 362 569 362 547 291 569 291 314 291 314 363 569 363 570 363 314 364 570 364 465 364 532 291 571 291 531 291 531 365 571 365 572 365 531 366 572 366 314 366 314 367 572 367 573 367 314 368 573 368 545 368 557 291 574 291 558 291 558 369 574 369 575 369 558 370 575 370 576 370 576 371 577 371 558 371 558 372 577 372 578 372 558 373 578 373 528 373 549 291 579 291 550 291 550 374 579 374 580 374 550 291 580 291 581 291 527 291 582 291 528 291 528 375 582 375 583 375 528 376 583 376 558 376 558 377 583 377 584 377 558 291 584 291 580 291 580 378 584 378 585 378 580 379 585 379 581 379 581 291 586 291 550 291 550 380 586 380 587 380 550 291 587 291 588 291 588 381 587 381 589 381 588 291 589 291 531 291 531 382 589 382 590 382 531 383 590 383 591 383 591 291 592 291 531 291 531 384 592 384 593 384 531 385 593 385 529 385 462 53 594 53 20 53 20 53 34 53 462 53 462 53 34 53 171 53 462 53 171 53 454 53 454 53 171 53 158 53 454 53 158 53 595 53 305 4 596 4 228 4 228 386 230 386 305 386 305 387 230 387 84 387 305 388 84 388 322 388 322 389 84 389 78 389 322 4 78 4 597 4 595 390 598 390 454 390 454 390 598 390 599 390 454 391 599 391 314 391 599 392 600 392 314 392 314 393 600 393 601 393 314 394 601 394 602 394 596 390 305 390 603 390 603 395 305 395 604 395 602 396 605 396 314 396 314 397 605 397 606 397 314 398 606 398 607 398 608 399 609 399 314 399 604 400 305 400 610 400 610 390 305 390 314 390 610 390 314 390 611 390 609 390 612 390 314 390 314 401 612 401 613 401 314 402 613 402 611 402 607 390 614 390 314 390 314 403 614 403 615 403 314 404 615 404 608 404 616 405 594 405 462 405 597 405 617 405 322 405 322 406 617 406 618 406 322 405 618 405 300 405 300 407 618 407 619 407 620 408 621 408 300 408 300 409 621 409 622 409 619 405 623 405 300 405 300 410 623 410 624 410 300 411 624 411 625 411 622 405 626 405 300 405 300 412 626 412 627 412 300 413 627 413 462 413 462 414 627 414 628 414 462 415 628 415 616 415 625 405 629 405 300 405 300 405 629 405 630 405 300 416 630 416 631 416 631 405 632 405 300 405 300 417 632 417 633 417 300 418 633 418 620 418 228 419 596 419 634 419 634 420 596 420 603 420 634 421 603 421 635 421 635 422 603 422 604 422 635 423 604 423 636 423 636 424 604 424 610 424 636 425 610 425 637 425 637 426 610 426 611 426 637 427 611 427 638 427 638 428 611 428 613 428 638 429 613 429 639 429 639 430 613 430 612 430 639 431 612 431 640 431 640 432 612 432 609 432 640 433 609 433 641 433 641 434 609 434 608 434 641 435 608 435 642 435 642 435 608 435 615 435 642 436 615 436 643 436 643 437 615 437 614 437 643 438 614 438 644 438 644 439 614 439 607 439 644 440 607 440 645 440 645 441 607 441 606 441 645 442 606 442 646 442 646 443 606 443 605 443 646 444 605 444 647 444 647 445 605 445 602 445 647 446 602 446 648 446 648 447 602 447 601 447 648 448 601 448 649 448 649 449 601 449 600 449 649 450 600 450 650 450 650 451 600 451 599 451 650 452 599 452 651 452 651 453 599 453 598 453 651 454 598 454 158 454 158 454 598 454 595 454 651 405 158 405 185 405 228 405 634 405 185 405 185 455 634 455 635 455 185 405 635 405 636 405 645 456 646 456 185 456 185 457 646 457 647 457 185 458 647 458 648 458 648 405 649 405 185 405 185 459 649 459 650 459 185 460 650 460 651 460 636 461 637 461 185 461 185 462 637 462 638 462 185 463 638 463 639 463 639 464 640 464 185 464 185 465 640 465 641 465 185 466 641 466 642 466 642 405 643 405 185 405 185 467 643 467 644 467 185 468 644 468 645 468 84 419 230 419 652 419 652 420 230 420 653 420 652 421 653 421 654 421 654 469 653 469 655 469 654 423 655 423 656 423 656 424 655 424 657 424 656 425 657 425 658 425 658 470 657 470 659 470 658 427 659 427 660 427 660 471 659 471 661 471 660 429 661 429 662 429 662 430 661 430 663 430 662 472 663 472 664 472 664 432 663 432 665 432 664 473 665 473 666 473 666 434 665 434 667 434 666 474 667 474 668 474 668 475 667 475 669 475 668 436 669 436 670 436 670 437 669 437 671 437 670 438 671 438 672 438 672 439 671 439 673 439 672 441 673 441 674 441 674 440 673 440 675 440 674 442 675 442 676 442 676 443 675 443 677 443 676 445 677 445 678 445 678 445 677 445 679 445 678 476 679 476 680 476 680 447 679 447 681 447 680 448 681 448 682 448 682 449 681 449 683 449 682 477 683 477 684 477 684 478 683 478 685 478 684 452 685 452 686 452 686 479 685 479 687 479 686 454 687 454 34 454 34 454 687 454 171 454 686 405 34 405 55 405 84 405 652 405 55 405 55 455 652 455 654 455 55 405 654 405 656 405 674 405 676 405 55 405 55 480 676 480 678 480 55 481 678 481 680 481 680 482 682 482 55 482 55 483 682 483 684 483 55 484 684 484 686 484 656 405 658 405 55 405 55 462 658 462 660 462 55 405 660 405 662 405 662 405 664 405 55 405 55 405 664 405 666 405 55 485 666 485 668 485 668 405 670 405 55 405 55 486 670 486 672 486 55 487 672 487 674 487 653 390 230 390 155 390 685 390 155 390 687 390 687 390 155 390 171 390 685 390 683 390 155 390 155 390 683 390 681 390 155 390 681 390 679 390 659 488 657 488 155 488 155 390 657 390 655 390 155 489 655 489 653 489 679 390 677 390 155 390 155 490 677 490 675 490 155 491 675 491 673 491 667 390 665 390 155 390 665 492 663 492 155 492 155 493 663 493 661 493 155 494 661 494 659 494 673 390 671 390 155 390 155 390 671 390 669 390 155 495 669 495 667 495 597 419 78 419 617 419 617 420 78 420 688 420 617 496 688 496 618 496 618 422 688 422 689 422 618 497 689 497 619 497 619 498 689 498 690 498 619 499 690 499 623 499 623 426 690 426 691 426 623 427 691 427 624 427 624 428 691 428 692 428 624 429 692 429 625 429 625 430 692 430 693 430 625 472 693 472 629 472 629 432 693 432 694 432 629 500 694 500 630 500 630 501 694 501 695 501 630 474 695 474 631 474 631 475 695 475 696 475 631 436 696 436 632 436 632 437 696 437 697 437 632 439 697 439 633 439 633 438 697 438 698 438 633 440 698 440 620 440 620 441 698 441 699 441 620 502 699 502 621 502 621 503 699 503 700 503 621 445 700 445 622 445 622 445 700 445 701 445 622 446 701 446 626 446 626 447 701 447 702 447 626 448 702 448 627 448 627 449 702 449 703 449 627 477 703 477 628 477 628 478 703 478 704 478 628 452 704 452 616 452 616 453 704 453 705 453 616 454 705 454 594 454 594 454 705 454 20 454 688 390 78 390 8 390 704 504 8 504 705 504 705 390 8 390 20 390 691 390 690 390 8 390 8 505 690 505 689 505 8 506 689 506 688 506 704 507 703 507 8 507 8 508 703 508 702 508 8 509 702 509 701 509 701 390 700 390 8 390 8 510 700 510 699 510 8 511 699 511 698 511 695 512 694 512 8 512 694 492 693 492 8 492 8 390 693 390 692 390 8 513 692 513 691 513 698 390 697 390 8 390 8 390 697 390 696 390 8 390 696 390 695 390 572 514 196 514 573 514 573 514 196 514 195 514 573 515 195 515 545 515 545 516 195 516 194 516 545 517 194 517 544 517 544 518 194 518 220 518 544 519 220 519 543 519 543 520 220 520 219 520 543 521 219 521 552 521 552 522 219 522 218 522 552 523 218 523 553 523 553 523 218 523 217 523 553 524 217 524 554 524 554 525 217 525 216 525 554 526 216 526 555 526 555 527 216 527 187 527 555 528 187 528 556 528 556 529 187 529 186 529 556 530 186 530 547 530 547 531 186 531 215 531 547 532 215 532 548 532 548 533 215 533 214 533 548 534 214 534 484 534 484 535 214 535 213 535 484 536 213 536 485 536 485 536 213 536 212 536 485 537 212 537 487 537 487 538 212 538 211 538 487 539 211 539 488 539 488 540 211 540 210 540 488 541 210 541 503 541 503 542 210 542 225 542 503 543 225 543 504 543 504 544 225 544 224 544 504 545 224 545 459 545 459 545 224 545 222 545 459 546 222 546 527 546 527 547 222 547 152 547 527 548 152 548 582 548 582 549 152 549 168 549 582 550 168 550 583 550 583 551 168 551 167 551 583 552 167 552 584 552 584 553 167 553 166 553 584 554 166 554 585 554 585 555 166 555 165 555 585 556 165 556 581 556 581 557 165 557 200 557 581 558 200 558 586 558 586 559 200 559 199 559 586 560 199 560 587 560 587 561 199 561 198 561 587 562 198 562 589 562 589 563 198 563 190 563 589 564 190 564 590 564 590 565 190 565 189 565 590 566 189 566 591 566 591 566 189 566 188 566 591 567 188 567 592 567 592 568 188 568 164 568 592 569 164 569 593 569 593 570 164 570 163 570 593 571 163 571 529 571 529 572 163 572 162 572 529 573 162 573 530 573 530 574 162 574 154 574 530 575 154 575 532 575 532 576 154 576 153 576 532 577 153 577 571 577 571 578 153 578 197 578 571 579 197 579 572 579 572 580 197 580 196 580 568 581 221 581 569 581 569 514 221 514 223 514 569 582 223 582 570 582 570 583 223 583 206 583 570 518 206 518 465 518 465 517 206 517 205 517 465 584 205 584 466 584 466 520 205 520 204 520 466 585 204 585 467 585 467 522 204 522 184 522 467 586 184 586 491 586 491 523 184 523 183 523 491 524 183 524 492 524 492 587 183 587 193 587 492 526 193 526 493 526 493 527 193 527 192 527 493 528 192 528 478 528 478 529 192 529 191 529 478 588 191 588 477 588 477 589 191 589 182 589 477 590 182 590 476 590 476 533 182 533 181 533 476 591 181 591 494 591 494 535 181 535 180 535 494 536 180 536 495 536 495 592 180 592 177 592 495 537 177 537 496 537 496 593 177 593 176 593 496 539 176 539 501 539 501 594 176 594 175 594 501 542 175 542 502 542 502 542 175 542 157 542 502 543 157 543 483 543 483 544 157 544 156 544 483 545 156 545 482 545 482 545 156 545 174 545 482 546 174 546 481 546 481 547 174 547 173 547 481 548 173 548 448 548 448 549 173 549 179 549 448 550 179 550 557 550 557 550 179 550 178 550 557 595 178 595 574 595 574 553 178 553 172 553 574 596 172 596 575 596 575 555 172 555 170 555 575 597 170 597 576 597 576 557 170 557 169 557 576 558 169 558 577 558 577 598 169 598 203 598 577 560 203 560 578 560 578 599 203 599 202 599 578 600 202 600 528 600 528 601 202 601 201 601 528 564 201 564 526 564 526 565 201 565 209 565 526 566 209 566 460 566 460 566 209 566 208 566 460 602 208 602 457 602 457 568 208 568 207 568 457 569 207 569 458 569 458 603 207 603 161 603 458 571 161 571 506 571 506 604 161 604 160 604 506 573 160 573 505 573 505 605 160 605 159 605 505 576 159 576 486 576 486 575 159 575 151 575 486 606 151 606 546 606 546 607 151 607 150 607 546 579 150 579 568 579 568 608 150 608 221 608 580 609 38 609 558 609 558 610 38 610 36 610 558 611 36 611 559 611 559 612 36 612 35 612 559 613 35 613 449 613 449 614 35 614 5 614 449 615 5 615 450 615 450 616 5 616 4 616 450 617 4 617 451 617 451 618 4 618 3 618 451 619 3 619 452 619 452 620 3 620 1 620 452 621 1 621 453 621 453 621 1 621 0 621 453 622 0 622 479 622 479 622 0 622 25 622 479 528 25 528 480 528 480 529 25 529 47 529 480 588 47 588 468 588 468 589 47 589 46 589 468 623 46 623 469 623 469 624 46 624 45 624 469 625 45 625 470 625 470 625 45 625 44 625 470 626 44 626 455 626 455 627 44 627 52 627 455 628 52 628 456 628 456 629 52 629 51 629 456 630 51 630 471 630 471 631 51 631 33 631 471 632 33 632 472 632 472 633 33 633 32 633 472 634 32 634 473 634 473 635 32 635 75 635 473 636 75 636 474 636 474 637 75 637 74 637 474 638 74 638 475 638 475 638 74 638 73 638 475 639 73 639 489 639 489 640 73 640 66 640 489 641 66 641 490 641 490 642 66 642 65 642 490 643 65 643 464 643 464 644 65 644 64 644 464 596 64 596 463 596 463 555 64 555 22 555 463 645 22 645 461 645 461 646 22 646 21 646 461 647 21 647 507 647 507 648 21 648 19 648 507 560 19 560 508 560 508 599 19 599 18 599 508 600 18 600 509 600 509 601 18 601 43 601 509 564 43 564 512 564 512 565 43 565 42 565 512 566 42 566 514 566 514 566 42 566 41 566 514 649 41 649 515 649 515 650 41 650 17 650 515 651 17 651 536 651 536 652 17 652 16 652 536 571 16 571 535 571 535 604 16 604 15 604 535 653 15 653 518 653 518 654 15 654 14 654 518 655 14 655 549 655 549 656 14 656 40 656 549 657 40 657 579 657 579 658 40 658 39 658 579 659 39 659 580 659 580 660 39 660 38 660 563 661 72 661 564 661 564 610 72 610 71 610 564 662 71 662 565 662 565 663 71 663 70 663 565 664 70 664 540 664 540 665 70 665 63 665 540 666 63 666 541 666 541 616 63 616 62 616 541 667 62 667 542 667 542 618 62 618 61 618 542 668 61 668 566 668 566 620 61 620 60 620 566 621 60 621 567 621 567 669 60 669 59 669 567 622 59 622 531 622 531 622 59 622 58 622 531 528 58 528 588 528 588 529 58 529 57 529 588 530 57 530 550 530 550 531 57 531 56 531 550 670 56 670 551 670 551 624 56 624 54 624 551 671 54 671 516 671 516 625 54 625 53 625 516 626 53 626 517 626 517 672 53 672 50 672 517 628 50 628 519 628 519 673 50 673 49 673 519 630 49 630 520 630 520 674 49 674 48 674 520 675 48 675 533 675 533 633 48 633 69 633 533 634 69 634 534 634 534 635 69 635 68 635 534 636 68 636 513 636 513 637 68 637 67 637 513 638 67 638 511 638 511 638 67 638 27 638 511 639 27 639 510 639 510 640 27 640 26 640 510 641 26 641 497 641 497 676 26 676 24 676 497 677 24 677 498 677 498 644 24 644 23 644 498 554 23 554 499 554 499 555 23 555 31 555 499 646 31 646 500 646 500 646 31 646 2 646 500 647 2 647 521 647 521 678 2 678 37 678 521 560 37 560 522 560 522 561 37 561 30 561 522 562 30 562 523 562 523 563 30 563 29 563 523 564 29 564 524 564 524 565 29 565 28 565 524 566 28 566 525 566 525 566 28 566 13 566 525 679 13 679 537 679 537 650 13 650 12 650 537 651 12 651 538 651 538 651 12 651 11 651 538 571 11 571 539 571 539 572 11 572 10 572 539 653 10 653 560 653 560 680 10 680 9 680 560 681 9 681 561 681 561 682 9 682 7 682 561 683 7 683 562 683 562 684 7 684 6 684 562 659 6 659 563 659 563 659 6 659 72 659 339 685 229 685 340 685 340 685 229 685 227 685 340 686 227 686 341 686 341 687 227 687 226 687 341 688 226 688 342 688 342 689 226 689 236 689 342 690 236 690 303 690 303 691 236 691 235 691 303 692 235 692 304 692 304 693 235 693 234 693 304 694 234 694 323 694 323 695 234 695 233 695 323 696 233 696 324 696 324 696 233 696 248 696 324 697 248 697 325 697 325 698 248 698 247 698 325 699 247 699 333 699 333 699 247 699 245 699 333 700 245 700 332 700 332 701 245 701 246 701 332 702 246 702 331 702 331 703 246 703 266 703 331 704 266 704 343 704 343 704 266 704 265 704 343 705 265 705 344 705 344 706 265 706 264 706 344 707 264 707 345 707 345 708 264 708 263 708 345 709 263 709 355 709 355 710 263 710 262 710 355 711 262 711 356 711 356 712 262 712 253 712 356 713 253 713 357 713 357 714 253 714 252 714 357 715 252 715 328 715 328 715 252 715 297 715 328 716 297 716 359 716 359 716 297 716 239 716 359 717 239 717 445 717 445 718 239 718 244 718 445 719 244 719 352 719 352 720 244 720 243 720 352 721 243 721 351 721 351 722 243 722 242 722 351 723 242 723 349 723 349 724 242 724 241 724 349 725 241 725 407 725 407 726 241 726 240 726 407 727 240 727 408 727 408 727 240 727 259 727 408 728 259 728 409 728 409 728 259 728 258 728 409 729 258 729 440 729 440 730 258 730 257 730 440 731 257 731 441 731 441 731 257 731 256 731 441 732 256 732 442 732 442 732 256 732 255 732 442 733 255 733 353 733 353 733 255 733 254 733 353 734 254 734 354 734 354 735 254 735 251 735 354 736 251 736 376 736 376 737 251 737 250 737 376 738 250 738 377 738 377 739 250 739 249 739 377 740 249 740 337 740 337 741 249 741 232 741 337 742 232 742 338 742 338 743 232 743 231 743 338 744 231 744 339 744 339 744 231 744 229 744 420 745 96 745 421 745 421 746 96 746 140 746 421 747 140 747 400 747 400 748 140 748 141 748 400 749 141 749 401 749 401 689 141 689 94 689 401 690 94 690 403 690 403 750 94 750 93 750 403 751 93 751 415 751 415 752 93 752 121 752 415 753 121 753 358 753 358 754 121 754 107 754 358 696 107 696 423 696 423 755 107 755 106 755 423 697 106 697 424 697 424 698 106 698 105 698 424 756 105 756 426 756 426 757 105 757 104 757 426 758 104 758 406 758 406 759 104 759 101 759 406 702 101 702 360 702 360 703 101 703 102 703 360 760 102 760 361 760 361 704 102 704 103 704 361 761 103 761 362 761 362 762 103 762 126 762 362 707 126 707 309 707 309 763 126 763 125 763 309 764 125 764 310 764 310 710 125 710 100 710 310 711 100 711 329 711 329 765 100 765 99 765 329 766 99 766 330 766 330 767 99 767 149 767 330 768 149 768 301 768 301 768 149 768 148 768 301 769 148 769 302 769 302 769 148 769 147 769 302 770 147 770 306 770 306 771 147 771 137 771 306 719 137 719 307 719 307 719 137 719 136 719 307 772 136 772 308 772 308 773 136 773 135 773 308 774 135 774 334 774 334 775 135 775 132 775 334 776 132 776 335 776 335 777 132 777 131 777 335 727 131 727 336 727 336 727 131 727 130 727 336 778 130 778 363 778 363 779 130 779 120 779 363 780 120 780 364 780 364 781 120 781 119 781 364 782 119 782 365 782 365 783 119 783 118 783 365 784 118 784 383 784 383 785 118 785 117 785 383 733 117 733 347 733 347 733 117 733 116 733 347 786 116 786 348 786 348 787 116 787 115 787 348 788 115 788 397 788 397 789 115 789 114 789 397 790 114 790 398 790 398 791 114 791 90 791 398 792 90 792 399 792 399 741 90 741 91 741 399 793 91 793 419 793 419 794 91 794 92 794 419 795 92 795 420 795 420 796 92 796 96 796 435 797 86 797 350 797 350 797 86 797 85 797 350 747 85 747 410 747 410 748 85 748 83 748 410 749 83 749 411 749 411 689 83 689 82 689 411 690 82 690 412 690 412 750 82 750 113 750 412 798 113 798 436 798 436 693 113 693 112 693 436 799 112 799 437 799 437 800 112 800 111 800 437 696 111 696 438 696 438 755 111 755 146 755 438 697 146 697 443 697 443 698 146 698 145 698 443 756 145 756 444 756 444 757 145 757 134 757 444 758 134 758 446 758 446 759 134 759 133 759 446 702 133 702 447 702 447 703 133 703 144 703 447 760 144 760 432 760 432 704 144 704 143 704 432 761 143 761 433 761 433 762 143 762 142 762 433 707 142 707 439 707 439 763 142 763 110 763 439 764 110 764 413 764 413 710 110 710 109 710 413 711 109 711 414 711 414 765 109 765 108 765 414 766 108 766 402 766 402 767 108 767 95 767 402 768 95 768 346 768 346 768 95 768 139 768 346 769 139 769 382 769 382 769 139 769 138 769 382 770 138 770 366 770 366 771 138 771 129 771 366 719 129 719 367 719 367 719 129 719 128 719 367 772 128 772 368 772 368 773 128 773 127 773 368 774 127 774 369 774 369 775 127 775 124 775 369 776 124 776 370 776 370 777 124 777 123 777 370 727 123 727 371 727 371 727 123 727 122 727 371 778 122 778 372 778 372 779 122 779 97 779 372 780 97 780 320 780 320 781 97 781 98 781 320 782 98 782 321 782 321 783 98 783 89 783 321 784 89 784 373 784 373 785 89 785 88 785 373 733 88 733 374 733 374 733 88 733 87 733 374 801 87 801 375 801 375 802 87 802 81 802 375 803 81 803 384 803 384 804 81 804 80 804 384 790 80 790 385 790 385 791 80 791 79 791 385 792 79 792 386 792 386 741 79 741 77 741 386 793 77 793 434 793 434 794 77 794 76 794 434 805 76 805 435 805 435 805 76 805 86 805 430 806 298 806 431 806 431 807 298 807 296 807 431 686 296 686 390 686 390 687 296 687 295 687 390 688 295 688 391 688 391 689 295 689 294 689 391 690 294 690 392 690 392 691 294 691 293 691 392 808 293 808 393 808 393 752 293 752 292 752 393 809 292 809 394 809 394 810 292 810 291 810 394 696 291 696 416 696 416 696 291 696 290 696 416 697 290 697 417 697 417 698 290 698 289 698 417 699 289 699 418 699 418 699 289 699 288 699 418 700 288 700 378 700 378 701 288 701 287 701 378 702 287 702 379 702 379 703 287 703 286 703 379 704 286 704 395 704 395 704 286 704 272 704 395 705 272 705 396 705 396 706 272 706 271 706 396 707 271 707 312 707 312 708 271 708 270 708 312 709 270 709 313 709 313 710 270 710 267 710 313 711 267 711 315 711 315 712 267 712 268 712 315 713 268 713 316 713 316 714 268 714 269 714 316 715 269 715 318 715 318 715 269 715 285 715 318 716 285 716 319 716 319 716 285 716 284 716 319 717 284 717 317 717 317 718 284 718 283 718 317 719 283 719 311 719 311 720 283 720 282 720 311 721 282 721 422 721 422 722 282 722 281 722 422 723 281 723 404 723 404 724 281 724 280 724 404 725 280 725 405 725 405 726 280 726 279 726 405 727 279 727 428 727 428 727 279 727 278 727 428 728 278 728 427 728 427 728 278 728 277 728 427 729 277 729 425 729 425 730 277 730 276 730 425 731 276 731 380 731 380 731 276 731 275 731 380 732 275 732 381 732 381 732 275 732 274 732 381 733 274 733 326 733 326 733 274 733 273 733 326 811 273 811 327 811 327 812 273 812 261 812 327 813 261 813 387 813 387 814 261 814 260 814 387 738 260 738 388 738 388 739 260 739 238 739 388 740 238 740 389 740 389 741 238 741 237 741 389 742 237 742 429 742 429 743 237 743 299 743 429 815 299 815 430 815 430 816 299 816 298 816</p>
        </triangles>
      </mesh>
    </geometry>
    <geometry id="MMO_700_dual_-_base_plate_connector-4-mesh" name="MMO_700_dual - base_plate_connector-4">
      <mesh>
        <source id="MMO_700_dual_-_base_plate_connector-4-mesh-positions">
          <float_array id="MMO_700_dual_-_base_plate_connector-4-mesh-positions-array" count="474">0.4606685 0.35211 1.411952 0.305105 0.35211 1.256388 0.4606685 0.36461 1.411952 0.305105 0.36461 1.256388 0.305105 0.38711 1.256388 0.4606685 0.38711 1.411952 0.305105 0.37461 1.256388 0.4606685 0.37461 1.411952 0.4521832 0.36461 1.411952 0.4521832 0.35961 1.411952 0.4606467 0.3517177 1.411952 0.3970289 0.37461 1.411952 0.4055142 0.37461 1.411952 0.3970289 0.38711 1.411952 0.4055142 0.37961 1.411952 0.3970558 0.3875458 1.411952 0.4055142 0.36461 1.411952 0.3970289 0.36461 1.411952 0.4055142 0.35961 1.411952 0.3970289 0.35211 1.411952 0.4521832 0.37461 1.411952 0.4521832 0.37961 1.411952 0.4041 0.39211 1.411952 0.4422837 0.37711 1.411952 0.4535974 0.39211 1.411952 0.4461021 0.37961 1.411952 0.4535974 0.34711 1.411952 0.4154136 0.36211 1.411952 0.4041 0.34711 1.411952 0.4115953 0.35961 1.411952 0.4603224 0.3886551 1.411952 0.4601302 0.3890234 1.411952 0.4568076 0.391565 1.411952 0.4557825 0.3918653 1.411952 0.4547036 0.3920484 1.411952 0.3983077 0.3899779 1.411952 0.3979762 0.38961 1.411952 0.4115953 0.37961 1.411952 0.3976914 0.389223 1.411952 0.4598978 0.3893799 1.411952 0.4596265 0.3897225 1.411952 0.4593181 0.3900489 1.411952 0.4154136 0.37711 1.411952 0.4422837 0.36211 1.411952 0.4461021 0.35961 1.411952 0.4547036 0.3471716 1.411952 0.3973749 0.3505649 1.411952 0.3975672 0.3501965 1.411952 0.4008898 0.3476549 1.411952 0.4019148 0.3473547 1.411952 0.4029938 0.3471716 1.411952 0.4028721 0.392034 1.411952 0.4016815 0.3918085 1.411952 0.4005644 0.3914401 1.411952 0.4596265 0.3494975 1.411952 0.4598978 0.3498401 1.411952 0.4601302 0.3501965 1.411952 0.3977996 0.3498401 1.411952 0.3980709 0.3494975 1.411952 0.3983793 0.3491711 1.411952 0.4606467 0.3875023 1.411952 0.4605814 0.3878921 1.411952 0.4604731 0.3882772 1.411952 0.3995547 0.3909402 1.411952 0.3986832 0.3903239 1.411952 0.3974553 0.3888201 1.411952 0.3972698 0.3884041 1.411952 0.3971363 0.3879782 1.411952 0.4585974 0.3906455 1.411952 0.4577537 0.3911551 1.411952 0.3970507 0.3517177 1.411952 0.397116 0.3513278 1.411952 0.3972243 0.3509427 1.411952 0.4557825 0.3473547 1.411952 0.4568076 0.3476549 1.411952 0.4577537 0.3480649 1.411952 0.4603224 0.3505649 1.411952 0.4604731 0.3509427 1.411952 0.4605814 0.3513278 1.411952 0.3991 0.3485745 1.411952 0.3999437 0.3480649 1.411952 0.4585974 0.3485745 1.411952 0.4593181 0.3491711 1.411952 0.305105 0.37461 1.311542 0.305105 0.37461 1.320028 0.305105 0.37961 1.311542 0.305105 0.38711 1.320028 0.305105 0.37461 1.264873 0.305105 0.37961 1.264873 0.305105 0.3875023 1.25641 0.305105 0.36461 1.264873 0.305105 0.35961 1.264873 0.305105 0.36461 1.320028 0.305105 0.36461 1.311542 0.305105 0.35211 1.320028 0.305105 0.35961 1.311542 0.305105 0.3517177 1.320006 0.305105 0.36211 1.301643 0.305105 0.34711 1.263459 0.305105 0.35961 1.305461 0.305105 0.34711 1.312957 0.305105 0.3471716 1.314063 0.305105 0.3494975 1.318986 0.305105 0.3498401 1.319257 0.305105 0.3501965 1.319489 0.305105 0.37711 1.274773 0.305105 0.39211 1.312957 0.305105 0.37961 1.270954 0.305105 0.39211 1.263459 0.305105 0.3920484 1.262353 0.305105 0.3897225 1.25743 0.305105 0.3893799 1.257159 0.305105 0.3890234 1.256926 0.305105 0.35961 1.270954 0.305105 0.36211 1.274773 0.305105 0.37711 1.301643 0.305105 0.37961 1.305461 0.305105 0.392034 1.314184 0.305105 0.3918085 1.315375 0.305105 0.3505649 1.256734 0.305105 0.3501965 1.256926 0.305105 0.3476549 1.260249 0.305105 0.3473547 1.261274 0.305105 0.3471716 1.262353 0.305105 0.3473547 1.315142 0.305105 0.3476549 1.316167 0.305105 0.3480649 1.317113 0.305105 0.3505649 1.319682 0.305105 0.3509427 1.319832 0.305105 0.3513278 1.319941 0.305105 0.3888201 1.319601 0.305105 0.389223 1.319365 0.305105 0.38961 1.31908 0.305105 0.3899779 1.318749 0.305105 0.3903239 1.318373 0.305105 0.3498401 1.257159 0.305105 0.3494975 1.25743 0.305105 0.3491711 1.257738 0.305105 0.3485745 1.317957 0.305105 0.3491711 1.318677 0.305105 0.3918653 1.261274 0.305105 0.391565 1.260249 0.305105 0.3911551 1.259303 0.305105 0.3886551 1.256734 0.305105 0.3882772 1.256583 0.305105 0.3878921 1.256475 0.305105 0.3906455 1.258459 0.305105 0.3900489 1.257738 0.305105 0.3517177 1.25641 0.305105 0.3513278 1.256475 0.305105 0.3509427 1.256583 0.305105 0.3875458 1.320001 0.305105 0.3879782 1.31992 0.305105 0.3884041 1.319787 0.305105 0.3909402 1.317502 0.305105 0.3914401 1.316492 0.305105 0.3485745 1.258459 0.305105 0.3480649 1.259303</float_array>
          <technique_common>
            <accessor source="#MMO_700_dual_-_base_plate_connector-4-mesh-positions-array" count="158" stride="3">
              <param name="X" type="float"/>
              <param name="Y" type="float"/>
              <param name="Z" type="float"/>
            </accessor>
          </technique_common>
        </source>
        <source id="MMO_700_dual_-_base_plate_connector-4-mesh-normals">
          <float_array id="MMO_700_dual_-_base_plate_connector-4-mesh-normals-array" count="684">0.7071068 0 -0.7071068 0 0 1 4.3903e-5 0 1 -5.33333e-4 0 0.9999999 -4.3903e-5 0 1 -3.51224e-5 0 1 3.51224e-5 0 1 6.42498e-5 0 1 -6.42483e-5 0 1 -1.66922e-4 0 1 3.15708e-5 0 1 -5.73603e-5 0 1 -2.59101e-4 0 1 2.367e-4 0 1 -9.27266e-5 0 1 -5.10501e-6 0 1 1.021e-5 0 1 3.15713e-5 0 1 1.66903e-4 0 1 -3.1573e-5 0 1 -3.47326e-6 0 1 -1.34748e-5 0 1 2.52557e-4 0 1 -1.6192e-4 0 1 2.59067e-4 0 1 -2.36779e-4 0 1 9.27001e-5 0 1 -5.33404e-4 0 1 9.15454e-5 0 1 1.6187e-4 0 1 -1.72812e-5 0 1 9.42317e-5 0 1 -8.22577e-5 0 1 -9.20125e-5 0 1 7.45501e-5 0 1 2.16727e-4 0 1 -3.71277e-5 0 1 2.96624e-5 0 1 5.33333e-4 0 0.9999999 -2.15847e-4 0 1 6.91255e-5 0 1 -2.48424e-4 0 1 9.78323e-5 0 1 -6.67401e-5 0 1 -6.91255e-5 0 1 3.38189e-4 0 1 -5.93994e-5 0 1 6.67401e-5 0 1 -5.28913e-5 0 1 -9.27076e-5 0 1 -1 0 0 -1 1.62957e-5 0 -1 -5.46731e-5 0 -1 -1.62948e-5 0 -1 5.4647e-5 0 -1 4.62137e-6 0 -1 -3.46603e-6 0 -1 8.0311e-6 0 -1 1.33511e-4 0 -1 3.01023e-5 0 -1 -2.3293e-5 0 -1 1.62948e-5 0 -1 -3.76282e-6 0 -1 -1.11234e-5 0 -1 -1.29585e-5 0 -1 -8.83486e-6 0 -1 -3.52093e-5 0 -1 8.58857e-6 0 -1 -9.79014e-5 0 -1 7.3716e-5 0 -1 -1.97332e-5 0 -1 4.82879e-5 0 -1 -5.66714e-6 0 -1 6.18023e-5 0 -1 3.10559e-5 0 -1 -2.6338e-5 0 -1 1.1124e-5 0 -1 -1.33476e-4 0 -1 2.80904e-5 0 -1 8.83486e-6 0 -1 1.05701e-5 0 -1 1.71656e-5 0 -1 5.66615e-6 0 -1 -4.82879e-5 0 -1 -1.71677e-5 0 -1 -6.74545e-6 0 -1 -2.80843e-5 0 -1 5.41756e-5 0 -1 -3.80067e-5 0 -1 3.73833e-5 0 -1 -1.3335e-5 0 -1 3.36931e-6 0 -1 -1.11236e-5 0 -0.707108 0 0.7071056 -0.7071056 0 0.7071079 0 -1 0 0 1 0 0 -1 8.74477e-6 0.7071088 0 -0.7071049 0.7071036 0 -0.7071101 -0.4804176 -0.7337597 0.480412 -0.4804174 -0.733758 0.4804149 -0.7071061 0 0.7071076 -0.7071068 0 0.7071068 -0.480418 0.7337577 0.4804146 -0.480417 0.73376 0.4804121 0.05546486 -0.9969178 -0.0554853 0.05546253 -0.9969209 -0.05543184 0.1650726 -0.9723673 -0.1650847 0.1650742 -0.9723709 -0.1650624 0.2706212 -0.923857 -0.2706521 0.2706133 -0.9238787 -0.270586 0.369458 -0.8526571 -0.3694276 0.3694391 -0.8526549 -0.3694515 0.4592261 -0.7604081 -0.4592288 0.4592313 -0.7603943 -0.4592463 0.5376936 -0.6494414 -0.5376909 0.5377048 -0.6494477 -0.5376721 0.5878745 -0.5556474 -0.5879282 0.58793 -0.5556694 -0.587852 0.6169387 -0.4885647 -0.6170018 0.6169947 -0.4884763 -0.6170157 0.6421275 -0.4186276 -0.642202 0.6421756 -0.4187623 -0.642066 0.663404 -0.3460789 -0.6634189 0.6633837 -0.3460725 -0.6634425 0.6805326 -0.2715692 -0.6805333 0.6805657 -0.2715472 -0.680509 0.6935175 -0.1949303 -0.6935674 0.6935247 -0.1950665 -0.693522 0.7022086 -0.1176921 -0.7021763 0.7022015 -0.1174961 -0.7022163 0.7065429 -0.03928071 -0.7065793 0.7065911 -0.03933781 -0.7065278 -0.706555 -0.03941547 0.7065596 -0.7023348 -0.117382 0.7021021 -0.7063627 -0.03924018 0.7067616 -0.7022209 -0.1174628 0.7022026 -0.6935917 -0.1951633 0.6934276 -0.6807289 -0.2714782 0.6803733 -0.6932985 -0.1952098 0.6937077 -0.6805392 -0.2713841 0.6806005 -0.6633615 -0.3461179 0.663441 -0.6423377 -0.4188357 0.6418559 -0.6167376 -0.4888044 0.617013 -0.6632704 -0.3461058 0.6635385 -0.6421477 -0.4185963 0.642202 -0.6169571 -0.4887322 0.6168507 -0.5879743 -0.5556678 0.5878091 -0.5880367 -0.5554407 0.5879613 -0.5376881 -0.6494492 0.537687 -0.5376881 -0.6494334 0.537706 -0.459211 -0.7604064 0.4592467 -0.4592337 -0.7604093 0.4592192 -0.3694654 -0.8526384 0.3694632 -0.3694669 -0.8526381 0.3694625 -0.2706061 -0.9238774 0.2705973 -0.2706011 -0.9238663 0.2706401 -0.1650671 -0.9723709 0.1650692 -0.1650809 -0.9723724 0.165046 -0.05546545 -0.9969173 0.05549561 -0.05546188 -0.9969182 0.05548226 0.706505 0.03933298 -0.7066142 0.706586 0.03928309 -0.7065361 0.7022593 0.1175148 -0.7021554 0.7021797 0.1177238 -0.7022 0.6935232 0.1949539 -0.6935549 0.693533 0.1950168 -0.6935276 0.6805152 0.2716651 -0.6805125 0.6805256 0.271471 -0.6805796 0.6634051 0.3460952 -0.6634092 0.6633954 0.3460469 -0.6634441 0.6421399 0.4187391 -0.6421169 0.6421632 0.4186509 -0.642151 0.6169514 0.4885851 -0.616973 0.6170153 0.4884819 -0.6169908 0.587882 0.5555872 -0.5879777 0.5879046 0.5556758 -0.5878713 0.5376848 0.6494448 -0.5376957 0.5377011 0.649429 -0.5376984 0.4591959 0.7604209 -0.4592376 0.4592378 0.7604306 -0.4591794 0.369477 0.852634 -0.369462 0.3694544 0.8526333 -0.3694862 0.2706112 0.9238668 -0.2706285 0.2706233 0.9238688 -0.2706093 0.1650681 0.9723728 -0.1650564 0.1650787 0.9723652 -0.1650906 0.05546528 0.9969156 -0.05552434 0.05546206 0.9969232 -0.05539214 -0.6743891 0.3006958 0.6743748 -0.6271462 0.4617465 0.6272782 -0.0616334 0.9961954 0.06161189 -0.06163352 0.9961935 0.06164377 -0.1830131 0.9659138 0.1830759 -0.1830083 0.965939 0.1829482 -0.2988345 0.906296 0.298874 -0.2988218 0.90632 0.2988139 -0.4055537 0.8191766 0.4055567 -0.4055872 0.8191506 0.4055752 -0.5000178 0.7071036 0.4999868 -0.4999818 0.7071062 0.5000191 -0.596368 0.5372442 0.5964177 -0.5607793 0.6088455 0.5611006 -0.5964919 0.5374283 0.5961278 -0.5610059 0.6086932 0.5610392 -0.653556 0.382905 0.652877 -0.6268759 0.4619132 0.6274256 -0.6532999 0.382631 0.6532938 -0.6905795 0.2165113 0.6900889 -0.6741703 0.3008033 0.6745457 -0.6903203 0.2163977 0.6903839 -0.7064664 0.0434935 0.706409 -0.7008797 0.1306476 0.7012124 -0.7065475 0.04371029 0.7063145 -0.7011054 0.1304596 0.7010218 0 1 -7.05545e-7 -0.7071086 0 0.707105 -0.707105 0 0.7071086 0 1 4.16514e-6 0.4804136 0.733758 -0.4804188 0.4804109 0.733765 -0.4804106 0.7071075 0 -0.7071062 0.7071062 0 -0.7071075 0.4804098 -0.7337642 -0.4804129 0.4804163 -0.7337612 -0.4804111 0 -1 -5.97405e-6 0 -1 4.10435e-6</float_array>
          <technique_common>
            <accessor source="#MMO_700_dual_-_base_plate_connector-4-mesh-normals-array" count="228" stride="3">
              <param name="X" type="float"/>
              <param name="Y" type="float"/>
              <param name="Z" type="float"/>
            </accessor>
          </technique_common>
        </source>
        <vertices id="MMO_700_dual_-_base_plate_connector-4-mesh-vertices">
          <input semantic="POSITION" source="#MMO_700_dual_-_base_plate_connector-4-mesh-positions"/>
        </vertices>
        <triangles count="312">
          <input semantic="VERTEX" source="#MMO_700_dual_-_base_plate_connector-4-mesh-vertices" offset="0"/>
          <input semantic="NORMAL" source="#MMO_700_dual_-_base_plate_connector-4-mesh-normals" offset="1"/>
          <p>0 0 1 0 2 0 2 0 1 0 3 0 4 0 5 0 6 0 6 0 5 0 7 0 2 1 8 1 0 1 0 2 8 2 9 2 0 3 9 3 10 3 11 1 12 1 13 1 13 4 12 4 14 4 13 1 14 1 15 1 16 1 17 1 18 1 18 5 17 5 19 5 20 1 7 1 21 1 21 6 7 6 5 6 22 1 23 1 24 1 24 7 23 7 25 7 26 1 27 1 28 1 28 8 27 8 29 8 30 1 31 1 25 1 32 1 33 1 25 1 25 9 33 9 34 9 25 10 34 10 24 10 35 1 36 1 37 1 37 11 36 11 38 11 31 12 39 12 25 12 25 13 39 13 40 13 25 14 40 14 41 14 22 15 37 15 23 15 23 1 37 1 42 1 23 1 42 1 43 1 43 1 42 1 27 1 43 1 27 1 44 1 44 16 27 16 26 16 44 17 26 17 45 17 46 1 47 1 29 1 48 1 49 1 29 1 29 18 49 18 50 18 29 19 50 19 28 19 22 1 51 1 37 1 37 20 51 20 52 20 37 21 52 21 53 21 54 22 55 22 44 22 44 23 55 23 56 23 47 24 57 24 29 24 29 25 57 25 58 25 29 26 58 26 59 26 5 27 60 27 21 27 21 28 60 28 61 28 21 1 61 1 25 1 25 29 61 29 62 29 25 30 62 30 30 30 53 1 63 1 37 1 37 31 63 31 64 31 37 32 64 32 35 32 38 1 65 1 37 1 37 33 65 33 66 33 37 1 66 1 14 1 14 34 66 34 67 34 14 35 67 35 15 35 41 1 68 1 25 1 25 36 68 36 69 36 25 37 69 37 32 37 19 38 70 38 18 38 18 1 70 1 71 1 18 1 71 1 29 1 29 39 71 39 72 39 29 40 72 40 46 40 45 41 73 41 44 41 44 42 73 42 74 42 44 43 74 43 75 43 56 1 76 1 44 1 44 44 76 44 77 44 44 1 77 1 9 1 9 45 77 45 78 45 9 1 78 1 10 1 59 1 79 1 29 1 29 46 79 46 80 46 29 47 80 47 48 47 75 1 81 1 44 1 44 48 81 48 82 48 44 49 82 49 54 49 83 50 84 50 85 50 85 50 84 50 86 50 6 50 87 50 4 50 4 50 87 50 88 50 4 50 88 50 89 50 90 50 3 50 91 50 91 50 3 50 1 50 92 50 93 50 94 50 94 50 93 50 95 50 94 50 95 50 96 50 97 50 98 50 99 50 99 50 98 50 100 50 99 51 100 51 101 51 102 50 103 50 99 50 99 52 103 52 104 52 105 50 106 50 107 50 107 50 106 50 108 50 107 53 108 53 109 53 110 50 111 50 107 50 107 54 111 54 112 54 113 50 98 50 114 50 114 55 98 55 97 55 114 50 97 50 105 50 105 50 97 50 115 50 105 56 115 56 106 56 106 57 115 57 116 57 106 50 116 50 117 50 117 50 116 50 118 50 119 58 120 58 113 58 121 59 122 59 113 59 113 60 122 60 123 60 113 61 123 61 98 61 101 50 124 50 99 50 99 62 124 62 125 62 99 63 125 63 126 63 104 58 127 58 99 58 99 64 127 64 128 64 99 65 128 65 95 65 95 66 128 66 129 66 95 67 129 67 96 67 130 50 131 50 116 50 131 50 132 50 116 50 116 68 132 68 133 68 116 69 133 69 134 69 120 50 135 50 113 50 113 70 135 70 136 70 113 71 136 71 137 71 126 50 138 50 99 50 99 72 138 72 139 72 99 73 139 73 102 73 109 74 140 74 107 74 107 75 140 75 141 75 107 76 141 76 142 76 112 77 143 77 107 77 107 78 143 78 144 78 107 79 144 79 88 79 88 80 144 80 145 80 88 81 145 81 89 81 142 50 146 50 107 50 107 82 146 82 147 82 107 83 147 83 110 83 1 50 148 50 91 50 91 84 148 84 149 84 91 50 149 50 113 50 113 85 149 85 150 85 113 86 150 86 119 86 86 50 151 50 85 50 85 87 151 87 152 87 85 50 152 50 116 50 116 88 152 88 153 88 116 89 153 89 130 89 134 50 154 50 116 50 116 90 154 90 155 90 116 91 155 91 118 91 137 50 156 50 113 50 113 50 156 50 157 50 113 92 157 92 121 92 11 93 13 93 84 93 84 94 13 94 86 94 26 95 28 95 98 95 98 95 28 95 100 95 19 93 17 93 94 93 94 94 17 94 92 94 22 96 24 96 106 96 106 96 24 96 108 96 12 97 11 97 83 97 83 95 11 95 84 95 14 98 12 98 85 98 85 99 12 99 83 99 37 95 14 95 116 95 116 95 14 95 85 95 42 100 37 100 115 100 115 101 37 101 116 101 27 102 42 102 97 102 97 103 42 103 115 103 29 104 27 104 99 104 99 105 27 105 97 105 18 96 29 96 95 96 95 96 29 96 99 96 16 98 18 98 93 98 93 99 18 99 95 99 17 96 16 96 92 96 92 96 16 96 93 96 26 106 98 106 123 106 26 107 123 107 45 107 45 108 123 108 122 108 45 109 122 109 73 109 73 110 122 110 121 110 73 111 121 111 74 111 74 112 121 112 157 112 74 113 157 113 75 113 75 114 157 114 156 114 75 115 156 115 81 115 81 116 156 116 137 116 81 117 137 117 82 117 82 118 137 118 54 118 54 119 137 119 136 119 54 120 136 120 55 120 55 121 136 121 135 121 55 122 135 122 56 122 56 123 135 123 120 123 56 124 120 124 76 124 120 125 119 125 76 125 76 126 119 126 150 126 76 127 150 127 77 127 77 128 150 128 149 128 77 129 149 129 78 129 78 130 149 130 148 130 78 131 148 131 10 131 10 132 148 132 1 132 10 133 1 133 0 133 70 134 19 134 94 134 70 135 94 135 71 135 94 136 96 136 71 136 71 137 96 137 129 137 71 138 129 138 72 138 72 139 129 139 46 139 129 140 128 140 46 140 46 141 128 141 127 141 46 142 127 142 47 142 47 143 127 143 57 143 103 144 102 144 59 144 127 145 104 145 57 145 57 146 104 146 103 146 57 147 103 147 58 147 58 148 103 148 59 148 102 149 139 149 59 149 59 150 139 150 138 150 59 151 138 151 79 151 79 152 138 152 126 152 79 153 126 153 80 153 80 154 126 154 125 154 80 155 125 155 48 155 48 156 125 156 124 156 48 157 124 157 49 157 49 158 124 158 101 158 49 159 101 159 50 159 50 160 101 160 100 160 50 161 100 161 28 161 5 162 4 162 60 162 60 163 4 163 89 163 60 164 89 164 61 164 89 165 145 165 61 165 61 166 145 166 144 166 61 167 144 167 62 167 62 168 144 168 143 168 62 169 143 169 30 169 30 170 143 170 112 170 30 171 112 171 31 171 31 172 112 172 111 172 31 173 111 173 39 173 39 174 111 174 40 174 40 175 111 175 110 175 40 176 110 176 41 176 110 177 147 177 41 177 41 178 147 178 146 178 41 179 146 179 68 179 68 180 146 180 142 180 68 181 142 181 69 181 69 182 142 182 141 182 69 183 141 183 32 183 32 184 141 184 140 184 32 185 140 185 33 185 33 186 140 186 109 186 33 187 109 187 34 187 34 188 109 188 108 188 34 189 108 189 24 189 66 190 65 190 130 190 38 191 36 191 132 191 22 192 106 192 117 192 22 193 117 193 51 193 51 194 117 194 118 194 51 195 118 195 52 195 52 196 118 196 155 196 52 197 155 197 53 197 53 198 155 198 154 198 53 199 154 199 63 199 63 200 154 200 134 200 63 201 134 201 64 201 132 202 36 202 133 202 133 203 36 203 134 203 134 204 36 204 35 204 134 205 35 205 64 205 38 206 132 206 65 206 65 207 132 207 131 207 65 208 131 208 130 208 66 209 130 209 67 209 67 210 130 210 153 210 67 211 153 211 152 211 151 212 86 212 13 212 151 213 13 213 152 213 152 214 13 214 15 214 152 215 15 215 67 215 90 96 8 96 3 96 3 216 8 216 2 216 91 217 9 217 90 217 90 218 9 218 8 218 113 96 44 96 91 96 91 219 44 219 9 219 114 220 43 220 113 220 113 221 43 221 44 221 105 222 23 222 114 222 114 223 23 223 43 223 107 224 25 224 105 224 105 225 25 225 23 225 88 95 21 95 107 95 107 226 21 226 25 226 87 217 20 217 88 217 88 218 20 218 21 218 6 95 7 95 87 95 87 227 7 227 20 227</p>
        </triangles>
      </mesh>
    </geometry>
    <geometry id="MMO_700_dual_-_base_plate_connector-3-mesh" name="MMO_700_dual - base_plate_connector-3">
      <mesh>
        <source id="MMO_700_dual_-_base_plate_connector-3-mesh-positions">
          <float_array id="MMO_700_dual_-_base_plate_connector-3-mesh-positions-array" count="474">0.4606685 0.50711 1.411952 0.305105 0.50711 1.256388 0.4606685 0.51961 1.411952 0.305105 0.51961 1.256388 0.305105 0.54211 1.256388 0.4606685 0.54211 1.411952 0.305105 0.52961 1.256388 0.4606685 0.52961 1.411952 0.4521832 0.51961 1.411952 0.4521832 0.51461 1.411952 0.4606467 0.5067177 1.411952 0.3970289 0.52961 1.411952 0.4055142 0.52961 1.411952 0.3970289 0.54211 1.411952 0.4055142 0.53461 1.411952 0.3970558 0.5425458 1.411952 0.4055142 0.51961 1.411952 0.3970289 0.51961 1.411952 0.4055142 0.51461 1.411952 0.3970289 0.50711 1.411952 0.4521832 0.52961 1.411952 0.4521832 0.53461 1.411952 0.4041 0.54711 1.411952 0.4422837 0.53211 1.411952 0.4535974 0.54711 1.411952 0.4461021 0.53461 1.411952 0.4535974 0.50211 1.411952 0.4154136 0.51711 1.411952 0.4041 0.50211 1.411952 0.4115953 0.51461 1.411952 0.4603224 0.5436551 1.411952 0.4601302 0.5440234 1.411952 0.4568076 0.546565 1.411952 0.4557825 0.5468653 1.411952 0.4547036 0.5470485 1.411952 0.3983077 0.5449779 1.411952 0.3979762 0.54461 1.411952 0.4115953 0.53461 1.411952 0.3976914 0.5442231 1.411952 0.4598978 0.54438 1.411952 0.4596265 0.5447225 1.411952 0.4593181 0.5450489 1.411952 0.4154136 0.53211 1.411952 0.4422837 0.51711 1.411952 0.4461021 0.51461 1.411952 0.4547036 0.5021716 1.411952 0.3973749 0.5055649 1.411952 0.3975672 0.5051966 1.411952 0.4008898 0.502655 1.411952 0.4019148 0.5023547 1.411952 0.4029938 0.5021716 1.411952 0.4028721 0.547034 1.411952 0.4016815 0.5468085 1.411952 0.4005644 0.5464401 1.411952 0.4596265 0.5044975 1.411952 0.4598978 0.50484 1.411952 0.4601302 0.5051966 1.411952 0.3977996 0.50484 1.411952 0.3980709 0.5044975 1.411952 0.3983793 0.5041711 1.411952 0.4606467 0.5425023 1.411952 0.4605814 0.5428922 1.411952 0.4604731 0.5432772 1.411952 0.3995547 0.5459402 1.411952 0.3986832 0.5453239 1.411952 0.3974553 0.5438201 1.411952 0.3972698 0.5434041 1.411952 0.3971363 0.5429782 1.411952 0.4585974 0.5456455 1.411952 0.4577537 0.5461551 1.411952 0.3970507 0.5067177 1.411952 0.397116 0.5063278 1.411952 0.3972243 0.5059428 1.411952 0.4557825 0.5023547 1.411952 0.4568076 0.502655 1.411952 0.4577537 0.5030649 1.411952 0.4603224 0.5055649 1.411952 0.4604731 0.5059428 1.411952 0.4605814 0.5063278 1.411952 0.3991 0.5035744 1.411952 0.3999437 0.5030649 1.411952 0.4585974 0.5035744 1.411952 0.4593181 0.5041711 1.411952 0.305105 0.52961 1.311542 0.305105 0.52961 1.320028 0.305105 0.53461 1.311542 0.305105 0.54211 1.320028 0.305105 0.52961 1.264873 0.305105 0.53461 1.264873 0.305105 0.5425023 1.25641 0.305105 0.51961 1.264873 0.305105 0.51461 1.264873 0.305105 0.51961 1.320028 0.305105 0.51961 1.311542 0.305105 0.50711 1.320028 0.305105 0.51461 1.311542 0.305105 0.5067177 1.320006 0.305105 0.51711 1.301643 0.305105 0.50211 1.263459 0.305105 0.51461 1.305461 0.305105 0.50211 1.312957 0.305105 0.5021716 1.314063 0.305105 0.5044975 1.318986 0.305105 0.50484 1.319257 0.305105 0.5051966 1.319489 0.305105 0.53211 1.274773 0.305105 0.54711 1.312957 0.305105 0.53461 1.270954 0.305105 0.54711 1.263459 0.305105 0.5470485 1.262353 0.305105 0.5447225 1.25743 0.305105 0.54438 1.257159 0.305105 0.5440234 1.256926 0.305105 0.51461 1.270954 0.305105 0.51711 1.274773 0.305105 0.53211 1.301643 0.305105 0.53461 1.305461 0.305105 0.547034 1.314184 0.305105 0.5468085 1.315375 0.305105 0.5055649 1.256734 0.305105 0.5051966 1.256926 0.305105 0.502655 1.260249 0.305105 0.5023547 1.261274 0.305105 0.5021716 1.262353 0.305105 0.5023547 1.315142 0.305105 0.502655 1.316167 0.305105 0.5030649 1.317113 0.305105 0.5055649 1.319682 0.305105 0.5059428 1.319832 0.305105 0.5063278 1.319941 0.305105 0.5438201 1.319601 0.305105 0.5442231 1.319365 0.305105 0.54461 1.31908 0.305105 0.5449779 1.318749 0.305105 0.5453239 1.318373 0.305105 0.50484 1.257159 0.305105 0.5044975 1.25743 0.305105 0.5041711 1.257738 0.305105 0.5035744 1.317957 0.305105 0.5041711 1.318677 0.305105 0.5468653 1.261274 0.305105 0.546565 1.260249 0.305105 0.5461551 1.259303 0.305105 0.5436551 1.256734 0.305105 0.5432772 1.256583 0.305105 0.5428922 1.256475 0.305105 0.5456455 1.258459 0.305105 0.5450489 1.257738 0.305105 0.5067177 1.25641 0.305105 0.5063278 1.256475 0.305105 0.5059428 1.256583 0.305105 0.5425458 1.320001 0.305105 0.5429782 1.31992 0.305105 0.5434041 1.319787 0.305105 0.5459402 1.317502 0.305105 0.5464401 1.316492 0.305105 0.5035744 1.258459 0.305105 0.5030649 1.259303</float_array>
          <technique_common>
            <accessor source="#MMO_700_dual_-_base_plate_connector-3-mesh-positions-array" count="158" stride="3">
              <param name="X" type="float"/>
              <param name="Y" type="float"/>
              <param name="Z" type="float"/>
            </accessor>
          </technique_common>
        </source>
        <source id="MMO_700_dual_-_base_plate_connector-3-mesh-normals">
          <float_array id="MMO_700_dual_-_base_plate_connector-3-mesh-normals-array" count="675">0.7071042 0 -0.7071095 0.7071095 0 -0.7071041 0 0 1 4.3901e-5 0 1 -4.3901e-5 0 1 -3.51219e-5 0 1 3.51219e-5 0 1 -6.42488e-5 0 1 -6.42477e-5 0 1 8.15179e-5 0 1 1.38499e-4 0 1 -1.00398e-4 0 1 -1.57844e-5 0 1 -4.63634e-5 0 1 5.10496e-6 0 1 1.02101e-5 0 1 -1.22217e-4 0 1 -1.28103e-4 0 1 1.22216e-4 0 1 8.68285e-5 0 1 -1.01064e-4 0 1 -2.52589e-4 0 1 4.85633e-5 0 1 1.81548e-4 0 1 -1.08149e-4 0 1 -3.96757e-4 0 1 2.15852e-4 0 1 -1.20961e-4 0 1 6.73106e-6 0 1 -8.2258e-5 0 1 1.53373e-4 0 1 -3.23011e-4 0 1 1.35486e-4 0 1 5.94071e-5 0 1 -1.70555e-4 0 1 3.96654e-4 0 1 -2.15856e-4 0 1 1.72849e-5 0 1 2.48432e-4 0 1 -4.51511e-5 0 1 2.96604e-5 0 1 -1.72849e-5 0 1 3.38243e-4 0 1 -3.96614e-4 0 1 1.33666e-4 0 1 -2.96604e-5 0 1 -1.18814e-4 0 1 4.53342e-5 0 1 1.08146e-4 0 1 -1 0 0 -1 1.62957e-5 0 -1 -5.467e-5 0 -1 -1.62999e-5 0 -1 5.46501e-5 0 -1 4.62137e-6 0 -1 -3.46603e-6 0 -1 8.0311e-6 0 -1 1.33511e-4 0 -1 3.00987e-5 0 -1 -2.32937e-5 0 -1 -3.76278e-6 0 -1 -1.11232e-5 0 -1 -1.29594e-5 0 -1 -8.83486e-6 0 -1 -3.52093e-5 0 -1 8.58516e-6 0 -1 -9.79014e-5 0 -1 7.3716e-5 0 -1 -1.97359e-5 0 -1 4.82786e-5 0 -1 -5.66701e-6 0 -1 6.17994e-5 0 -1 3.1052e-5 0 -1 -2.63359e-5 0 -1 1.11245e-5 0 -1 -1.33511e-4 0 -1 2.8086e-5 0 -1 8.83486e-6 0 -1 1.0569e-5 0 -1 1.71656e-5 0 -1 5.66632e-6 0 -1 -4.82849e-5 0 -1 -1.71656e-5 0 -1 -6.74545e-6 0 -1 -2.80904e-5 0 -1 5.41815e-5 0 -1 -3.80067e-5 0 -1 3.73833e-5 0 -1 -1.3335e-5 0 -1 3.36927e-6 0 -1 -1.1124e-5 0 -0.707108 0 0.7071056 -0.7071056 0 0.7071079 0 -1 1.01368e-6 0 -1 0 0 1 0 0.7071088 0 -0.7071049 0.7071036 0 -0.7071101 -0.4804176 -0.7337597 0.480412 -0.4804174 -0.733758 0.4804149 -0.7071076 0 0.707106 -0.7071061 0 0.7071076 -0.4804211 0.7337625 0.4804043 -0.480411 0.7337509 0.4804321 0.05549174 -0.9969189 -0.05544018 0.05548888 -0.996912 -0.05556601 0.1650229 -0.9723903 -0.1649988 0.1650241 -0.9723938 -0.1649771 0.2706428 -0.9238392 -0.2706915 0.2706415 -0.923883 -0.2705429 0.3694693 -0.8526207 -0.3695004 0.3694563 -0.8526325 -0.3694858 0.4592023 -0.7604575 -0.4591707 0.4592071 -0.7604437 -0.4591886 0.5376999 -0.6494168 -0.5377143 0.5377242 -0.6494382 -0.5376643 0.5878195 -0.5555446 -0.5880804 0.5879355 -0.5556233 -0.58789 0.6169719 -0.4886754 -0.616881 0.6169611 -0.4885349 -0.6170031 0.6422304 -0.4186598 -0.642078 0.6421003 -0.418678 -0.6421963 0.6634335 -0.3460668 -0.6633957 0.6634144 -0.3460599 -0.6634184 0.680504 -0.2715791 -0.680558 0.6805767 -0.2715731 -0.6804876 0.6935175 -0.1949303 -0.6935674 0.6934831 -0.1950548 -0.6935667 0.702182 -0.1176964 -0.7022023 0.7022593 -0.1175148 -0.7021554 0.7065699 -0.03927922 -0.7065523 0.706532 -0.03933149 -0.7065873 -0.7065824 -0.03941398 0.7065322 -0.7023071 -0.1173865 0.7021291 -0.7065346 -0.03924685 0.7065894 -0.7021932 -0.1174673 0.7022296 -0.6935216 -0.1951435 0.6935033 -0.6807646 -0.2715162 0.6803224 -0.6933009 -0.1952092 0.6937054 -0.6805099 -0.2713942 0.6806259 -0.663392 -0.3461053 0.663417 -0.6423072 -0.4187831 0.6419208 -0.6167817 -0.4889231 0.616875 -0.6632364 -0.3460603 0.6635961 -0.6421797 -0.4185817 0.6421797 -0.6168905 -0.4887646 0.6168916 -0.5880098 -0.5556501 0.5877903 -0.5879725 -0.5553292 0.588131 -0.5377072 -0.6494398 0.5376791 -0.5377072 -0.6494241 0.5376983 -0.4591847 -0.7604497 0.4592014 -0.4591908 -0.7604282 0.4592307 -0.3694884 -0.8526301 0.3694596 -0.3694905 -0.8526295 0.3694587 -0.2706259 -0.9238532 0.2706604 -0.2706313 -0.9238769 0.2705739 -0.1650151 -0.9723794 0.1650707 -0.1650301 -0.9723921 0.1649808 -0.0554921 -0.9969119 0.05556392 -0.05548876 -0.9969204 0.05541461 0.706532 0.03933149 -0.7065873 0.7065699 0.03927922 -0.7065523 0.7022593 0.1175148 -0.7021554 0.7020946 0.1177095 -0.7022874 0.6935787 0.1949845 -0.693491 0.693588 0.1950475 -0.6934639 0.6805324 0.2716295 -0.6805095 0.6805035 0.2714191 -0.6806223 0.6634969 0.3461995 -0.6632632 0.6632975 0.3460515 -0.6635396 0.6421716 0.4187245 -0.6420946 0.6421589 0.4186133 -0.6421799 0.6169183 0.4885589 -0.6170267 0.6170814 0.4885343 -0.6168832 0.5878765 0.5556333 -0.5879396 0.5878699 0.5556932 -0.5878896 0.5377168 0.6494505 -0.5376569 0.5377075 0.6494045 -0.5377218 0.4591985 0.7603811 -0.459301 0.459259 0.7604213 -0.4591737 0.3694488 0.8526924 -0.3693553 0.3694084 0.8526501 -0.3694935 0.2706362 0.9238601 -0.2706265 0.2706481 0.9238622 -0.2706074 0.1650657 0.9723585 -0.1651431 0.1650787 0.9723652 -0.1650906 0.05549246 0.9969216 -0.05539005 0.05548816 0.9969092 -0.05561745 -0.6744486 0.3007224 0.6743035 -0.6272189 0.4618359 0.6271396 -0.06165748 0.996194 0.06161183 -0.0616573 0.9961882 0.06170529 -0.1829944 0.9659398 0.1829572 -0.1829826 0.9659321 0.1830095 -0.2988619 0.9063064 0.2988149 -0.2988387 0.9062961 0.2988694 -0.4055432 0.8191555 0.4056095 -0.4055978 0.819172 0.4055218 -0.5000206 0.7070721 0.5000286 -0.4999999 0.7070977 0.5000131 -0.596368 0.5372442 0.5964177 -0.5607793 0.6088455 0.5611006 -0.5965046 0.5374398 0.5961048 -0.5610058 0.608693 0.5610396 -0.6534473 0.3828389 0.6530246 -0.626949 0.4620032 0.6272863 -0.6532441 0.3825983 0.6533688 -0.6905173 0.2164918 0.6901575 -0.6741703 0.3008033 0.6745457 -0.6903203 0.2163977 0.6903839 -0.7064492 0.04348653 0.7064266 -0.700788 0.1306405 0.7013055 -0.706645 0.04371011 0.7062169 -0.7010959 0.1304669 0.70103 0 1 -4.23327e-6 -0.7071086 0 0.707105 0 1 6.24771e-6 0.4804136 0.733758 -0.4804188 0.4804122 0.7337669 -0.4804065 0.7071056 0 -0.7071081 0.7071087 0 -0.7071049 0.4804121 -0.7337678 -0.4804052 0.4804128 -0.7337559 -0.4804226 0 -1 9.23263e-6 0 -1 7.46246e-7</float_array>
          <technique_common>
            <accessor source="#MMO_700_dual_-_base_plate_connector-3-mesh-normals-array" count="225" stride="3">
              <param name="X" type="float"/>
              <param name="Y" type="float"/>
              <param name="Z" type="float"/>
            </accessor>
          </technique_common>
        </source>
        <vertices id="MMO_700_dual_-_base_plate_connector-3-mesh-vertices">
          <input semantic="POSITION" source="#MMO_700_dual_-_base_plate_connector-3-mesh-positions"/>
        </vertices>
        <triangles count="312">
          <input semantic="VERTEX" source="#MMO_700_dual_-_base_plate_connector-3-mesh-vertices" offset="0"/>
          <input semantic="NORMAL" source="#MMO_700_dual_-_base_plate_connector-3-mesh-normals" offset="1"/>
          <p>0 0 1 0 2 0 2 1 1 1 3 1 4 0 5 0 6 0 6 1 5 1 7 1 2 2 8 2 0 2 0 3 8 3 9 3 0 2 9 2 10 2 11 2 12 2 13 2 13 4 12 4 14 4 13 2 14 2 15 2 16 2 17 2 18 2 18 5 17 5 19 5 20 2 7 2 21 2 21 6 7 6 5 6 22 2 23 2 24 2 24 7 23 7 25 7 26 2 27 2 28 2 28 8 27 8 29 8 30 2 31 2 25 2 32 2 33 2 25 2 25 9 33 9 34 9 25 10 34 10 24 10 35 2 36 2 37 2 37 11 36 11 38 11 31 2 39 2 25 2 25 12 39 12 40 12 25 13 40 13 41 13 22 14 37 14 23 14 23 2 37 2 42 2 23 2 42 2 43 2 43 2 42 2 27 2 43 2 27 2 44 2 44 15 27 15 26 15 44 16 26 16 45 16 46 2 47 2 29 2 48 2 49 2 29 2 29 17 49 17 50 17 29 18 50 18 28 18 22 2 51 2 37 2 37 19 51 19 52 19 37 20 52 20 53 20 54 21 55 21 44 21 44 22 55 22 56 22 47 2 57 2 29 2 29 23 57 23 58 23 29 24 58 24 59 24 5 2 60 2 21 2 21 25 60 25 61 25 21 2 61 2 25 2 25 26 61 26 62 26 25 27 62 27 30 27 53 2 63 2 37 2 37 28 63 28 64 28 37 29 64 29 35 29 38 2 65 2 37 2 37 30 65 30 66 30 37 2 66 2 14 2 14 31 66 31 67 31 14 32 67 32 15 32 41 2 68 2 25 2 25 33 68 33 69 33 25 34 69 34 32 34 19 2 70 2 18 2 18 35 70 35 71 35 18 2 71 2 29 2 29 36 71 36 72 36 29 37 72 37 46 37 45 38 73 38 44 38 44 39 73 39 74 39 44 40 74 40 75 40 56 2 76 2 44 2 44 41 76 41 77 41 44 2 77 2 9 2 9 42 77 42 78 42 9 43 78 43 10 43 59 2 79 2 29 2 29 44 79 44 80 44 29 45 80 45 48 45 75 46 81 46 44 46 44 47 81 47 82 47 44 48 82 48 54 48 83 49 84 49 85 49 85 49 84 49 86 49 6 49 87 49 4 49 4 49 87 49 88 49 4 49 88 49 89 49 90 49 3 49 91 49 91 49 3 49 1 49 92 49 93 49 94 49 94 49 93 49 95 49 94 49 95 49 96 49 97 49 98 49 99 49 99 49 98 49 100 49 99 50 100 50 101 50 102 49 103 49 99 49 99 51 103 51 104 51 105 49 106 49 107 49 107 49 106 49 108 49 107 52 108 52 109 52 110 49 111 49 107 49 107 53 111 53 112 53 113 49 98 49 114 49 114 54 98 54 97 54 114 49 97 49 105 49 105 49 97 49 115 49 105 55 115 55 106 55 106 56 115 56 116 56 106 49 116 49 117 49 117 49 116 49 118 49 119 57 120 57 113 57 121 58 122 58 113 58 113 59 122 59 123 59 113 50 123 50 98 50 101 49 124 49 99 49 99 60 124 60 125 60 99 61 125 61 126 61 104 57 127 57 99 57 99 62 127 62 128 62 99 63 128 63 95 63 95 64 128 64 129 64 95 65 129 65 96 65 130 49 131 49 116 49 131 49 132 49 116 49 116 66 132 66 133 66 116 67 133 67 134 67 120 49 135 49 113 49 113 68 135 68 136 68 113 69 136 69 137 69 126 49 138 49 99 49 99 70 138 70 139 70 99 71 139 71 102 71 109 72 140 72 107 72 107 73 140 73 141 73 107 74 141 74 142 74 112 75 143 75 107 75 107 76 143 76 144 76 107 77 144 77 88 77 88 78 144 78 145 78 88 79 145 79 89 79 142 49 146 49 107 49 107 80 146 80 147 80 107 81 147 81 110 81 1 49 148 49 91 49 91 82 148 82 149 82 91 49 149 49 113 49 113 83 149 83 150 83 113 84 150 84 119 84 86 49 151 49 85 49 85 85 151 85 152 85 85 49 152 49 116 49 116 86 152 86 153 86 116 87 153 87 130 87 134 49 154 49 116 49 116 88 154 88 155 88 116 89 155 89 118 89 137 49 156 49 113 49 113 49 156 49 157 49 113 90 157 90 121 90 11 91 13 91 84 91 84 92 13 92 86 92 26 93 28 93 98 93 98 94 28 94 100 94 19 92 17 92 94 92 94 91 17 91 92 91 22 95 24 95 106 95 106 95 24 95 108 95 12 94 11 94 83 94 83 94 11 94 84 94 14 96 12 96 85 96 85 97 12 97 83 97 37 94 14 94 116 94 116 94 14 94 85 94 42 98 37 98 115 98 115 99 37 99 116 99 27 100 42 100 97 100 97 101 42 101 115 101 29 102 27 102 99 102 99 103 27 103 97 103 18 95 29 95 95 95 95 95 29 95 99 95 16 97 18 97 93 97 93 96 18 96 95 96 17 95 16 95 92 95 92 95 16 95 93 95 26 104 98 104 123 104 26 105 123 105 45 105 45 106 123 106 122 106 45 107 122 107 73 107 73 108 122 108 121 108 73 109 121 109 74 109 74 110 121 110 157 110 74 111 157 111 75 111 75 112 157 112 156 112 75 113 156 113 81 113 81 114 156 114 137 114 81 115 137 115 82 115 82 116 137 116 54 116 54 117 137 117 136 117 54 118 136 118 55 118 55 119 136 119 135 119 55 120 135 120 56 120 56 121 135 121 120 121 56 122 120 122 76 122 120 123 119 123 76 123 76 124 119 124 150 124 76 125 150 125 77 125 77 126 150 126 149 126 77 127 149 127 78 127 78 128 149 128 148 128 78 129 148 129 10 129 10 130 148 130 1 130 10 131 1 131 0 131 70 132 19 132 94 132 70 133 94 133 71 133 94 134 96 134 71 134 71 135 96 135 129 135 71 136 129 136 72 136 72 137 129 137 46 137 129 138 128 138 46 138 46 139 128 139 127 139 46 140 127 140 47 140 47 141 127 141 57 141 103 142 102 142 59 142 127 143 104 143 57 143 57 144 104 144 103 144 57 145 103 145 58 145 58 146 103 146 59 146 102 147 139 147 59 147 59 148 139 148 138 148 59 149 138 149 79 149 79 150 138 150 126 150 79 151 126 151 80 151 80 152 126 152 125 152 80 153 125 153 48 153 48 154 125 154 124 154 48 155 124 155 49 155 49 156 124 156 101 156 49 157 101 157 50 157 50 158 101 158 100 158 50 159 100 159 28 159 5 160 4 160 60 160 60 161 4 161 89 161 60 162 89 162 61 162 89 163 145 163 61 163 61 164 145 164 144 164 61 165 144 165 62 165 62 166 144 166 143 166 62 167 143 167 30 167 30 168 143 168 112 168 30 169 112 169 31 169 31 170 112 170 111 170 31 171 111 171 39 171 39 172 111 172 40 172 40 173 111 173 110 173 40 174 110 174 41 174 110 175 147 175 41 175 41 176 147 176 146 176 41 177 146 177 68 177 68 178 146 178 142 178 68 179 142 179 69 179 69 180 142 180 141 180 69 181 141 181 32 181 32 182 141 182 140 182 32 183 140 183 33 183 33 184 140 184 109 184 33 185 109 185 34 185 34 186 109 186 108 186 34 187 108 187 24 187 66 188 65 188 130 188 38 189 36 189 132 189 22 190 106 190 117 190 22 191 117 191 51 191 51 192 117 192 118 192 51 193 118 193 52 193 52 194 118 194 155 194 52 195 155 195 53 195 53 196 155 196 154 196 53 197 154 197 63 197 63 198 154 198 134 198 63 199 134 199 64 199 132 200 36 200 133 200 133 201 36 201 134 201 134 202 36 202 35 202 134 203 35 203 64 203 38 204 132 204 65 204 65 205 132 205 131 205 65 206 131 206 130 206 66 207 130 207 67 207 67 208 130 208 153 208 67 209 153 209 152 209 151 210 86 210 13 210 151 211 13 211 152 211 152 212 13 212 15 212 152 213 15 213 67 213 90 95 8 95 3 95 3 214 8 214 2 214 91 215 9 215 90 215 90 215 9 215 8 215 113 95 44 95 91 95 91 216 44 216 9 216 114 217 43 217 113 217 113 218 43 218 44 218 105 219 23 219 114 219 114 220 23 220 43 220 107 221 25 221 105 221 105 222 25 222 23 222 88 94 21 94 107 94 107 223 21 223 25 223 87 215 20 215 88 215 88 215 20 215 21 215 6 94 7 94 87 94 87 224 7 224 20 224</p>
        </triangles>
      </mesh>
    </geometry>
    <geometry id="MMO_700_dual_-_base_plate_connector-2-mesh" name="MMO_700_dual - base_plate_connector-2">
      <mesh>
        <source id="MMO_700_dual_-_base_plate_connector-2-mesh-positions">
          <float_array id="MMO_700_dual_-_base_plate_connector-2-mesh-positions-array" count="474">0.2151049 0.35211 1.256388 0.05954146 0.35211 1.411952 0.2151049 0.36461 1.256388 0.05954146 0.36461 1.411952 0.05954146 0.38711 1.411952 0.2151049 0.38711 1.256388 0.05954146 0.37461 1.411952 0.2151049 0.37461 1.256388 0.215105 0.36461 1.264873 0.215105 0.35961 1.264873 0.2151049 0.3517177 1.25641 0.2151049 0.37461 1.320028 0.2151049 0.37461 1.311542 0.2151049 0.38711 1.320028 0.2151049 0.37961 1.311542 0.215105 0.3875458 1.320001 0.2151049 0.36461 1.311542 0.2151049 0.36461 1.320028 0.2151049 0.35961 1.311542 0.2151049 0.35211 1.320028 0.215105 0.37461 1.264873 0.215105 0.37961 1.264873 0.215105 0.39211 1.312957 0.215105 0.37711 1.274773 0.215105 0.39211 1.263459 0.215105 0.37961 1.270954 0.215105 0.34711 1.263459 0.2151049 0.36211 1.301643 0.215105 0.34711 1.312957 0.215105 0.35961 1.305461 0.215105 0.3886551 1.256734 0.215105 0.3890234 1.256926 0.215105 0.391565 1.260249 0.215105 0.3918653 1.261274 0.2151049 0.3920484 1.262353 0.2151049 0.3899779 1.318749 0.2151049 0.38961 1.31908 0.215105 0.37961 1.305461 0.2151049 0.389223 1.319365 0.215105 0.3893799 1.257159 0.215105 0.3897225 1.25743 0.215105 0.3900489 1.257738 0.2151049 0.37711 1.301643 0.215105 0.36211 1.274773 0.215105 0.35961 1.270954 0.2151049 0.3471716 1.262353 0.2151049 0.3505649 1.319682 0.215105 0.3501965 1.319489 0.2151049 0.3476549 1.316167 0.2151049 0.3473547 1.315142 0.215105 0.3471716 1.314063 0.2151049 0.392034 1.314184 0.2151049 0.3918085 1.315375 0.2151049 0.3914401 1.316492 0.215105 0.3494975 1.25743 0.215105 0.3498401 1.257159 0.215105 0.3501965 1.256926 0.2151049 0.3498401 1.319257 0.215105 0.3494975 1.318986 0.215105 0.3491711 1.318677 0.2151049 0.3875023 1.25641 0.2151049 0.3878921 1.256475 0.2151049 0.3882772 1.256583 0.215105 0.3909402 1.317502 0.2151049 0.3903239 1.318373 0.215105 0.3888201 1.319601 0.2151049 0.3884041 1.319787 0.2151049 0.3879782 1.31992 0.215105 0.3906455 1.258459 0.215105 0.3911551 1.259303 0.215105 0.3517177 1.320006 0.215105 0.3513278 1.319941 0.215105 0.3509427 1.319832 0.215105 0.3473547 1.261274 0.215105 0.3476549 1.260249 0.215105 0.3480649 1.259303 0.215105 0.3505649 1.256734 0.2151049 0.3509427 1.256583 0.2151049 0.3513278 1.256475 0.2151049 0.3485745 1.317957 0.215105 0.3480649 1.317113 0.215105 0.3485745 1.258459 0.215105 0.3491711 1.257738 0.1146958 0.37461 1.411952 0.1231811 0.37461 1.411952 0.1146958 0.37961 1.411952 0.1231811 0.38711 1.411952 0.06802678 0.37461 1.411952 0.06802678 0.37961 1.411952 0.05956327 0.3875023 1.411952 0.06802678 0.36461 1.411952 0.06802678 0.35961 1.411952 0.1231811 0.36461 1.411952 0.1146958 0.36461 1.411952 0.1231811 0.35211 1.411952 0.1146958 0.35961 1.411952 0.1231593 0.3517177 1.411952 0.1047963 0.36211 1.411952 0.06661254 0.34711 1.411952 0.1086147 0.35961 1.411952 0.11611 0.34711 1.411952 0.1172162 0.3471716 1.411952 0.1221391 0.3494975 1.411952 0.1224104 0.3498401 1.411952 0.1226428 0.3501965 1.411952 0.07792627 0.37711 1.411952 0.11611 0.39211 1.411952 0.07410788 0.37961 1.411952 0.06661254 0.39211 1.411952 0.06550639 0.3920484 1.411952 0.06058347 0.3897225 1.411952 0.06031221 0.3893799 1.411952 0.06007975 0.3890234 1.411952 0.07410788 0.35961 1.411952 0.07792627 0.36211 1.411952 0.1047963 0.37711 1.411952 0.1086147 0.37961 1.411952 0.1173379 0.392034 1.411952 0.1185285 0.3918085 1.411952 0.05988758 0.3505649 1.411952 0.06007975 0.3501965 1.411952 0.06340235 0.3476549 1.411952 0.06442749 0.3473547 1.411952 0.06550639 0.3471716 1.411952 0.1182951 0.3473547 1.411952 0.1193202 0.3476549 1.411952 0.1202663 0.3480649 1.411952 0.122835 0.3505649 1.411952 0.1229857 0.3509427 1.411952 0.123094 0.3513278 1.411952 0.1227546 0.3888201 1.411952 0.1225186 0.389223 1.411952 0.1222338 0.38961 1.411952 0.1219023 0.3899779 1.411952 0.1215268 0.3903239 1.411952 0.06031221 0.3498401 1.411952 0.06058347 0.3494975 1.411952 0.06089192 0.3491711 1.411952 0.12111 0.3485745 1.411952 0.1218307 0.3491711 1.411952 0.06442749 0.3918653 1.411952 0.06340235 0.391565 1.411952 0.0624563 0.3911551 1.411952 0.05988758 0.3886551 1.411952 0.05973684 0.3882772 1.411952 0.05962854 0.3878921 1.411952 0.06161254 0.3906455 1.411952 0.06089192 0.3900489 1.411952 0.05956327 0.3517177 1.411952 0.05962854 0.3513278 1.411952 0.05973684 0.3509427 1.411952 0.1231542 0.3875458 1.411952 0.1230736 0.3879782 1.411952 0.1229401 0.3884041 1.411952 0.1206552 0.3909402 1.411952 0.1196455 0.3914401 1.411952 0.06161254 0.3485745 1.411952 0.0624563 0.3480649 1.411952</float_array>
          <technique_common>
            <accessor source="#MMO_700_dual_-_base_plate_connector-2-mesh-positions-array" count="158" stride="3">
              <param name="X" type="float"/>
              <param name="Y" type="float"/>
              <param name="Z" type="float"/>
            </accessor>
          </technique_common>
        </source>
        <source id="MMO_700_dual_-_base_plate_connector-2-mesh-normals">
          <float_array id="MMO_700_dual_-_base_plate_connector-2-mesh-normals-array" count="753">-0.7071081 0 -0.7071055 -0.7071068 0 -0.7071068 1 0 -1.75611e-6 1 0 -1.75616e-6 1 0 -1.673e-6 1 0 0 1 5.97229e-5 2.8667e-5 1 0 -1.75612e-6 1 -6.27186e-7 0 1 4.01516e-6 0 1 1.25437e-6 0 1 -1.20466e-5 -6.42487e-6 1 3.01023e-5 0 1 1.16465e-5 1.21797e-5 1 -2.03685e-5 -1.30359e-5 1 0 6.58545e-7 1 1.79186e-5 7.10006e-7 1 -1.97332e-5 0 1 -1.15891e-5 0 1 -1.21311e-5 5.54565e-7 1 0 5.54564e-7 1 0 5.54561e-7 1 0 5.54565e-7 1 0 5.10495e-7 1 2.03685e-5 -1.30358e-5 1 6.67557e-5 2.01089e-5 1 0 2.89238e-7 1 1.94113e-5 1.23621e-5 1 -1.01848e-5 0 1 0 1.17014e-5 1 3.47292e-6 2.00524e-7 1 -1.17926e-5 3.17723e-7 1 -1.01198e-5 0 1 -6.48004e-5 -1.95197e-5 1 9.07434e-5 2.04274e-5 1 3.86264e-6 0 1 0 -1.67274e-6 1 2.4318e-5 -1.52313e-6 1 -3.25957e-5 -8.86349e-7 1 -8.31907e-5 -2.00136e-5 1 2.66695e-5 -9.66951e-6 1 -2.52389e-5 9.76088e-6 1 -1.88576e-5 6.07505e-7 1 5.91436e-5 -1.7431e-5 1 -6.90152e-5 1.80804e-5 1 0 2.45045e-6 1 1.8634e-5 0 1 -4.57106e-5 -2.90147e-5 1 5.56896e-6 0 1 -1.66859e-5 0 1 0 3.19997e-5 1 -4.008e-5 -1.52392e-6 1 1.84904e-5 2.45026e-6 1 -2.92277e-5 0 1 -6.37127e-5 -1.91683e-5 1 0 1.21791e-5 1 -2.25754e-5 0 1 1.66853e-5 0 1 8.31727e-5 -2.00093e-5 1 -5.28452e-6 -1.38908e-6 1 -2.43209e-5 -1.52308e-6 1 -3.02261e-5 -1.00969e-5 1 2.22719e-5 1.09709e-5 1 -1.48312e-5 -1.09586e-5 1 -1.13323e-5 0 1 1.15891e-5 0 0 0 1 3.51224e-5 0 1 -4.3903e-5 0 1 5.33404e-4 0 1 -3.51224e-5 0 1 4.3903e-5 0 1 -5.33333e-4 0 0.9999999 2.43902e-5 0 1 3.15734e-5 0 1 2.52557e-4 0 1 -1.61916e-4 0 1 -2.43902e-5 0 1 -3.15714e-5 0 1 -2.52493e-4 0 1 1.61937e-4 0 1 -1.28493e-4 0 1 6.42493e-5 0 1 1.66903e-4 0 1 -3.15731e-5 0 1 -2.48409e-4 0 1 9.78326e-5 0 1 -6.67398e-5 0 1 -6.91255e-5 0 1 3.38171e-4 0 1 -2.79706e-5 0 1 8.22532e-5 0 1 2.59067e-4 0 1 -2.36767e-4 0 1 9.27051e-5 0 1 -5.28945e-5 0 1 -9.27027e-5 0 1 2.48432e-4 0 1 -9.78256e-5 0 1 -2.96628e-5 0 1 1.72833e-5 0 1 -2.53629e-4 0 1 -9.1543e-5 0 1 5.28887e-5 0 1 9.27137e-5 0 1 -2.15855e-4 0 1 6.91237e-5 0 1 -2.16722e-4 0 1 -4.8013e-5 0 1 9.20111e-5 0 1 -4.00092e-5 0 1 1.34751e-5 0 1 -5.93981e-5 0 1 6.67418e-5 0 1 0.7071056 0 0.7071079 0.707108 0 0.7071056 0 -1 0 0 -1 1.52053e-6 0 1 0 0 1 -1.01368e-6 -0.7071088 0 -0.7071049 -0.7071036 0 -0.7071101 0 -1 1.1505e-5 0.4804216 -0.733754 0.4804167 0.4804164 -0.7337687 0.4803996 0.7071068 0 0.7071068 0.7071061 0 0.7071076 0.4804221 0.7337518 0.4804196 0.480413 0.7337657 0.4804074 0 1 1.22018e-5 -0.0554642 -0.9969167 -0.05550664 -0.05546379 -0.9969207 -0.05543309 -0.1650748 -0.9723646 -0.1650987 -0.1650705 -0.9723721 -0.1650588 -0.270599 -0.9238529 -0.2706881 -0.270613 -0.9238787 -0.270586 -0.369462 -0.8526689 -0.3693963 -0.3694536 -0.8526427 -0.3694653 -0.4592422 -0.7603935 -0.459237 -0.459216 -0.7604128 -0.459231 -0.5376929 -0.649441 -0.5376922 -0.5376972 -0.6494603 -0.5376645 -0.5878887 -0.5556173 -0.5879424 -0.5879631 -0.5556204 -0.5878652 -0.6169784 -0.4884653 -0.6170408 -0.6169376 -0.4886175 -0.6169611 -0.6421158 -0.4186633 -0.6421903 -0.6421884 -0.4186888 -0.6421011 -0.6633937 -0.3461171 -0.6634092 -0.6633841 -0.3460723 -0.6634422 -0.6805725 -0.2714682 -0.6805337 -0.6805094 -0.2716113 -0.6805397 -0.693566 -0.1950845 -0.6934755 -0.6935356 -0.1949837 -0.6935343 -0.702221 -0.1175488 -0.702188 -0.702147 -0.1176168 -0.7022507 -0.7065463 -0.03925448 -0.7065773 -0.7065498 -0.0392493 -0.7065741 0.7065593 -0.0393061 0.7065615 0.7020856 -0.1174698 0.7023366 0.7066751 -0.03923904 0.7064494 0.7021945 -0.1175398 0.702216 0.6935167 -0.1951786 0.6934984 0.6804194 -0.2714529 0.6806929 0.6936192 -0.1951684 0.6933987 0.6805198 -0.2714344 0.6805999 0.6634429 -0.346087 0.6633758 0.6419575 -0.41881 0.6422529 0.61715 -0.4887253 0.6166632 0.6635693 -0.3461589 0.6632118 0.6420818 -0.4186334 0.6422438 0.6169782 -0.4886775 0.616873 0.5877539 -0.5556291 0.5880661 0.5878682 -0.5554953 0.5880784 0.5376896 -0.6494506 0.537684 0.5376624 -0.6494751 0.5376814 0.459246 -0.7603974 0.4592265 0.4592213 -0.7604242 0.4592069 0.3694449 -0.8526307 0.3695014 0.3694458 -0.852657 0.3694403 0.2706142 -0.9238792 0.2705835 0.2706098 -0.9238613 0.2706488 0.1650781 -0.9723749 0.1650341 0.1650694 -0.9723762 0.165035 0.05546289 -0.9969179 0.0554865 0.05546551 -0.9969177 0.05548602 -0.7065498 0.0392493 -0.7065741 -0.7065818 0.03925645 -0.7065417 -0.7022054 0.1176354 -0.7021892 -0.7022373 0.1175606 -0.7021698 -0.6934301 0.1950248 -0.6936282 -0.6935793 0.1949872 -0.6934896 -0.6805937 0.2714503 -0.6805197 -0.6805256 0.2716872 -0.6804932 -0.6634041 0.3460546 -0.6634316 -0.6633855 0.346085 -0.6634342 -0.6421394 0.4186568 -0.6421709 -0.6421873 0.4187099 -0.6420884 -0.617004 0.4884529 -0.617025 -0.6169636 0.4886712 -0.6168926 -0.5878678 0.5556172 -0.5879635 -0.5879473 0.5555856 -0.5879139 -0.5376874 0.6494485 -0.5376884 -0.5376935 0.6494417 -0.5376907 -0.4592168 0.7603938 -0.4592616 -0.4592061 0.760443 -0.459191 -0.3694632 0.8526265 -0.3694934 -0.3694819 0.8526288 -0.3694688 -0.2706064 0.9238774 -0.2705968 -0.2706118 0.9238755 -0.2705982 -0.1650705 0.9723712 -0.1650639 -0.165075 0.9723665 -0.1650871 -0.05546474 0.9969154 -0.05552768 -0.05546349 0.9969255 -0.05534827 0.6744419 0.3007521 0.6742969 0.6271785 0.4618353 0.6271805 0.06163108 0.996196 0.06160485 0.06163352 0.9961935 0.06164377 0.1830198 0.9659243 0.1830136 0.1830108 0.9659259 0.1830142 0.2988297 0.906311 0.2988331 0.2988223 0.9063199 0.2988139 0.4055781 0.8191428 0.4056004 0.4055669 0.8191714 0.4055538 0.500001 0.7071054 0.500001 0.50002 0.7070971 0.4999938 0.5964122 0.5372868 0.596335 0.5610982 0.6088759 0.5607486 0.5961362 0.5374387 0.5964741 0.5609936 0.6086907 0.5610542 0.6530617 0.3827885 0.6534398 0.6273586 0.4617935 0.6270311 0.6532583 0.3826659 0.653315 0.6901168 0.2164642 0.6905665 0.6745619 0.3007972 0.6741568 0.6903504 0.2164351 0.6903421 0.7063968 0.04362064 0.7064707 0.7012905 0.1305812 0.700814 0.7061837 0.04348433 0.7066921 0.7010673 0.1306368 0.7010269 0 1 -3.05676e-6 0.7071086 0 0.707105 0.707105 0 0.7071086 -0.4804152 0.7337699 -0.4803988 -0.4804118 0.7337615 -0.480415 -0.7071075 0 -0.7071062 -0.7071062 0 -0.7071075 -0.4804097 -0.7337581 -0.4804224 -0.4804102 -0.7337625 -0.4804154 0 -1 -5.64439e-6 0 -1 2.9943e-6</float_array>
          <technique_common>
            <accessor source="#MMO_700_dual_-_base_plate_connector-2-mesh-normals-array" count="251" stride="3">
              <param name="X" type="float"/>
              <param name="Y" type="float"/>
              <param name="Z" type="float"/>
            </accessor>
          </technique_common>
        </source>
        <vertices id="MMO_700_dual_-_base_plate_connector-2-mesh-vertices">
          <input semantic="POSITION" source="#MMO_700_dual_-_base_plate_connector-2-mesh-positions"/>
        </vertices>
        <triangles count="312">
          <input semantic="VERTEX" source="#MMO_700_dual_-_base_plate_connector-2-mesh-vertices" offset="0"/>
          <input semantic="NORMAL" source="#MMO_700_dual_-_base_plate_connector-2-mesh-normals" offset="1"/>
          <p>0 0 1 0 2 0 2 1 1 1 3 1 4 1 5 1 6 1 6 1 5 1 7 1 2 2 8 2 0 2 0 3 8 3 9 3 0 4 9 4 10 4 11 5 12 5 13 5 13 5 12 5 14 5 13 6 14 6 15 6 16 5 17 5 18 5 18 5 17 5 19 5 20 7 7 7 21 7 21 2 7 2 5 2 22 8 23 8 24 8 24 9 23 9 25 9 26 10 27 10 28 10 28 11 27 11 29 11 30 5 31 5 25 5 32 12 33 12 25 12 25 13 33 13 34 13 25 14 34 14 24 14 35 15 36 15 37 15 37 16 36 16 38 16 31 5 39 5 25 5 25 17 39 17 40 17 25 18 40 18 41 18 22 5 37 5 23 5 23 19 37 19 42 19 23 20 42 20 43 20 43 21 42 21 27 21 43 22 27 22 44 22 44 23 27 23 26 23 44 24 26 24 45 24 46 25 47 25 29 25 48 26 49 26 29 26 29 27 49 27 50 27 29 28 50 28 28 28 22 29 51 29 37 29 37 30 51 30 52 30 37 31 52 31 53 31 54 5 55 5 44 5 44 32 55 32 56 32 47 33 57 33 29 33 29 34 57 34 58 34 29 35 58 35 59 35 5 36 60 36 21 36 21 37 60 37 61 37 21 5 61 5 25 5 25 38 61 38 62 38 25 39 62 39 30 39 53 40 63 40 37 40 37 41 63 41 64 41 37 42 64 42 35 42 38 43 65 43 37 43 37 44 65 44 66 44 37 45 66 45 14 45 14 46 66 46 67 46 14 47 67 47 15 47 41 5 68 5 25 5 25 48 68 48 69 48 25 49 69 49 32 49 19 50 70 50 18 50 18 51 70 51 71 51 18 52 71 52 29 52 29 53 71 53 72 53 29 54 72 54 46 54 45 55 73 55 44 55 44 56 73 56 74 56 44 57 74 57 75 57 56 5 76 5 44 5 44 58 76 58 77 58 44 5 77 5 9 5 9 59 77 59 78 59 9 60 78 60 10 60 59 61 79 61 29 61 29 62 79 62 80 62 29 63 80 63 48 63 75 5 81 5 44 5 44 64 81 64 82 64 44 65 82 65 54 65 83 66 84 66 85 66 85 67 84 67 86 67 6 66 87 66 4 66 4 68 87 68 88 68 4 69 88 69 89 69 90 66 3 66 91 66 91 70 3 70 1 70 92 66 93 66 94 66 94 71 93 71 95 71 94 72 95 72 96 72 97 73 98 73 99 73 99 66 98 66 100 66 99 74 100 74 101 74 102 75 103 75 99 75 99 76 103 76 104 76 105 77 106 77 107 77 107 66 106 66 108 66 107 78 108 78 109 78 110 79 111 79 107 79 107 80 111 80 112 80 113 81 98 81 114 81 114 66 98 66 97 66 114 66 97 66 105 66 105 66 97 66 115 66 105 66 115 66 106 66 106 82 115 82 116 82 106 66 116 66 117 66 117 66 116 66 118 66 119 66 120 66 113 66 121 66 122 66 113 66 113 83 122 83 123 83 113 84 123 84 98 84 101 85 124 85 99 85 99 86 124 86 125 86 99 87 125 87 126 87 104 66 127 66 99 66 99 88 127 88 128 88 99 66 128 66 95 66 95 89 128 89 129 89 95 66 129 66 96 66 130 66 131 66 116 66 131 66 132 66 116 66 116 90 132 90 133 90 116 91 133 91 134 91 120 92 135 92 113 92 113 93 135 93 136 93 113 94 136 94 137 94 126 66 138 66 99 66 99 95 138 95 139 95 99 96 139 96 102 96 109 97 140 97 107 97 107 98 140 98 141 98 107 99 141 99 142 99 112 66 143 66 107 66 107 100 143 100 144 100 107 66 144 66 88 66 88 101 144 101 145 101 88 102 145 102 89 102 142 66 146 66 107 66 107 103 146 103 147 103 107 104 147 104 110 104 1 69 148 69 91 69 91 66 148 66 149 66 91 66 149 66 113 66 113 105 149 105 150 105 113 106 150 106 119 106 86 66 151 66 85 66 85 107 151 107 152 107 85 66 152 66 116 66 116 108 152 108 153 108 116 109 153 109 130 109 134 66 154 66 116 66 116 110 154 110 155 110 116 111 155 111 118 111 137 66 156 66 113 66 113 112 156 112 157 112 113 113 157 113 121 113 11 114 13 114 84 114 84 115 13 115 86 115 26 116 28 116 98 116 98 117 28 117 100 117 19 115 17 115 94 115 94 114 17 114 92 114 22 118 24 118 106 118 106 119 24 119 108 119 12 116 11 116 83 116 83 116 11 116 84 116 14 120 12 120 85 120 85 121 12 121 83 121 37 122 14 122 116 122 116 116 14 116 85 116 42 123 37 123 115 123 115 124 37 124 116 124 27 125 42 125 97 125 97 126 42 126 115 126 29 127 27 127 99 127 99 128 27 128 97 128 18 129 29 129 95 129 95 118 29 118 99 118 16 120 18 120 93 120 93 121 18 121 95 121 17 118 16 118 92 118 92 118 16 118 93 118 26 130 98 130 123 130 26 131 123 131 45 131 45 132 123 132 122 132 45 133 122 133 73 133 73 134 122 134 121 134 73 135 121 135 74 135 74 136 121 136 157 136 74 137 157 137 75 137 75 138 157 138 156 138 75 139 156 139 81 139 81 140 156 140 137 140 81 141 137 141 82 141 82 142 137 142 54 142 54 143 137 143 136 143 54 144 136 144 55 144 55 145 136 145 135 145 55 146 135 146 56 146 56 147 135 147 120 147 56 148 120 148 76 148 120 149 119 149 76 149 76 150 119 150 150 150 76 151 150 151 77 151 77 152 150 152 149 152 77 153 149 153 78 153 78 154 149 154 148 154 78 155 148 155 10 155 10 156 148 156 1 156 10 157 1 157 0 157 70 158 19 158 94 158 70 159 94 159 71 159 94 160 96 160 71 160 71 161 96 161 129 161 71 162 129 162 72 162 72 163 129 163 46 163 129 164 128 164 46 164 46 165 128 165 127 165 46 166 127 166 47 166 47 167 127 167 57 167 103 168 102 168 59 168 127 169 104 169 57 169 57 170 104 170 103 170 57 171 103 171 58 171 58 172 103 172 59 172 102 173 139 173 59 173 59 174 139 174 138 174 59 175 138 175 79 175 79 176 138 176 126 176 79 177 126 177 80 177 80 178 126 178 125 178 80 179 125 179 48 179 48 180 125 180 124 180 48 181 124 181 49 181 49 182 124 182 101 182 49 183 101 183 50 183 50 184 101 184 100 184 50 185 100 185 28 185 5 186 4 186 60 186 60 187 4 187 89 187 60 188 89 188 61 188 89 189 145 189 61 189 61 190 145 190 144 190 61 191 144 191 62 191 62 192 144 192 143 192 62 193 143 193 30 193 30 194 143 194 112 194 30 195 112 195 31 195 31 196 112 196 111 196 31 197 111 197 39 197 39 198 111 198 40 198 40 199 111 199 110 199 40 200 110 200 41 200 110 201 147 201 41 201 41 202 147 202 146 202 41 203 146 203 68 203 68 204 146 204 142 204 68 205 142 205 69 205 69 206 142 206 141 206 69 207 141 207 32 207 32 208 141 208 140 208 32 209 140 209 33 209 33 210 140 210 109 210 33 211 109 211 34 211 34 212 109 212 108 212 34 213 108 213 24 213 66 214 65 214 130 214 38 215 36 215 132 215 22 216 106 216 117 216 22 217 117 217 51 217 51 218 117 218 118 218 51 219 118 219 52 219 52 220 118 220 155 220 52 221 155 221 53 221 53 222 155 222 154 222 53 223 154 223 63 223 63 224 154 224 134 224 63 225 134 225 64 225 132 226 36 226 133 226 133 227 36 227 134 227 134 228 36 228 35 228 134 229 35 229 64 229 38 230 132 230 65 230 65 231 132 231 131 231 65 232 131 232 130 232 66 233 130 233 67 233 67 234 130 234 153 234 67 235 153 235 152 235 151 236 86 236 13 236 151 237 13 237 152 237 152 238 13 238 15 238 152 239 15 239 67 239 90 118 8 118 3 118 3 240 8 240 2 240 91 241 9 241 90 241 90 242 9 242 8 242 113 118 44 118 91 118 91 118 44 118 9 118 114 243 43 243 113 243 113 244 43 244 44 244 105 245 23 245 114 245 114 246 23 246 43 246 107 247 25 247 105 247 105 248 25 248 23 248 88 116 21 116 107 116 107 116 21 116 25 116 87 241 20 241 88 241 88 242 20 242 21 242 6 249 7 249 87 249 87 250 7 250 20 250</p>
        </triangles>
      </mesh>
    </geometry>
    <geometry id="MMO_700_dual_-_base_plate_connector-1-mesh" name="MMO_700_dual - base_plate_connector-1">
      <mesh>
        <source id="MMO_700_dual_-_base_plate_connector-1-mesh-positions">
          <float_array id="MMO_700_dual_-_base_plate_connector-1-mesh-positions-array" count="474">0.2151049 0.50711 1.256388 0.05954146 0.50711 1.411952 0.2151049 0.51961 1.256388 0.05954146 0.51961 1.411952 0.05954146 0.54211 1.411952 0.2151049 0.54211 1.256388 0.05954146 0.52961 1.411952 0.2151049 0.52961 1.256388 0.215105 0.51961 1.264873 0.215105 0.51461 1.264873 0.2151049 0.5067177 1.25641 0.2151049 0.52961 1.320028 0.2151049 0.52961 1.311542 0.2151049 0.54211 1.320028 0.2151049 0.53461 1.311542 0.215105 0.5425458 1.320001 0.2151049 0.51961 1.311542 0.2151049 0.51961 1.320028 0.2151049 0.51461 1.311542 0.2151049 0.50711 1.320028 0.215105 0.52961 1.264873 0.215105 0.53461 1.264873 0.215105 0.54711 1.312957 0.215105 0.53211 1.274773 0.215105 0.54711 1.263459 0.215105 0.53461 1.270954 0.215105 0.50211 1.263459 0.2151049 0.51711 1.301643 0.215105 0.50211 1.312957 0.215105 0.51461 1.305461 0.215105 0.5436551 1.256734 0.215105 0.5440234 1.256926 0.215105 0.546565 1.260249 0.215105 0.5468653 1.261274 0.2151049 0.5470485 1.262353 0.2151049 0.5449779 1.318749 0.2151049 0.54461 1.31908 0.215105 0.53461 1.305461 0.2151049 0.5442231 1.319365 0.215105 0.54438 1.257159 0.215105 0.5447225 1.25743 0.215105 0.5450489 1.257738 0.2151049 0.53211 1.301643 0.215105 0.51711 1.274773 0.215105 0.51461 1.270954 0.2151049 0.5021716 1.262353 0.2151049 0.5055649 1.319682 0.215105 0.5051966 1.319489 0.2151049 0.502655 1.316167 0.2151049 0.5023547 1.315142 0.215105 0.5021716 1.314063 0.2151049 0.547034 1.314184 0.2151049 0.5468085 1.315375 0.2151049 0.5464401 1.316492 0.215105 0.5044975 1.25743 0.215105 0.50484 1.257159 0.215105 0.5051966 1.256926 0.2151049 0.50484 1.319257 0.215105 0.5044975 1.318986 0.215105 0.5041711 1.318677 0.2151049 0.5425023 1.25641 0.2151049 0.5428922 1.256475 0.2151049 0.5432772 1.256583 0.215105 0.5459402 1.317502 0.2151049 0.5453239 1.318373 0.215105 0.5438201 1.319601 0.2151049 0.5434041 1.319787 0.2151049 0.5429782 1.31992 0.215105 0.5456455 1.258459 0.215105 0.5461551 1.259303 0.215105 0.5067177 1.320006 0.215105 0.5063278 1.319941 0.215105 0.5059428 1.319832 0.215105 0.5023547 1.261274 0.215105 0.502655 1.260249 0.215105 0.5030649 1.259303 0.215105 0.5055649 1.256734 0.2151049 0.5059428 1.256583 0.2151049 0.5063278 1.256475 0.2151049 0.5035744 1.317957 0.215105 0.5030649 1.317113 0.215105 0.5035744 1.258459 0.215105 0.5041711 1.257738 0.1146958 0.52961 1.411952 0.1231811 0.52961 1.411952 0.1146958 0.53461 1.411952 0.1231811 0.54211 1.411952 0.06802678 0.52961 1.411952 0.06802678 0.53461 1.411952 0.05956327 0.5425023 1.411952 0.06802678 0.51961 1.411952 0.06802678 0.51461 1.411952 0.1231811 0.51961 1.411952 0.1146958 0.51961 1.411952 0.1231811 0.50711 1.411952 0.1146958 0.51461 1.411952 0.1231593 0.5067177 1.411952 0.1047963 0.51711 1.411952 0.06661254 0.50211 1.411952 0.1086147 0.51461 1.411952 0.11611 0.50211 1.411952 0.1172162 0.5021716 1.411952 0.1221391 0.5044975 1.411952 0.1224104 0.50484 1.411952 0.1226428 0.5051966 1.411952 0.07792627 0.53211 1.411952 0.11611 0.54711 1.411952 0.07410788 0.53461 1.411952 0.06661254 0.54711 1.411952 0.06550639 0.5470485 1.411952 0.06058347 0.5447225 1.411952 0.06031221 0.54438 1.411952 0.06007975 0.5440234 1.411952 0.07410788 0.51461 1.411952 0.07792627 0.51711 1.411952 0.1047963 0.53211 1.411952 0.1086147 0.53461 1.411952 0.1173379 0.547034 1.411952 0.1185285 0.5468085 1.411952 0.05988758 0.5055649 1.411952 0.06007975 0.5051966 1.411952 0.06340235 0.502655 1.411952 0.06442749 0.5023547 1.411952 0.06550639 0.5021716 1.411952 0.1182951 0.5023547 1.411952 0.1193202 0.502655 1.411952 0.1202663 0.5030649 1.411952 0.122835 0.5055649 1.411952 0.1229857 0.5059428 1.411952 0.123094 0.5063278 1.411952 0.1227546 0.5438201 1.411952 0.1225186 0.5442231 1.411952 0.1222338 0.54461 1.411952 0.1219023 0.5449779 1.411952 0.1215268 0.5453239 1.411952 0.06031221 0.50484 1.411952 0.06058347 0.5044975 1.411952 0.06089192 0.5041711 1.411952 0.12111 0.5035744 1.411952 0.1218307 0.5041711 1.411952 0.06442749 0.5468653 1.411952 0.06340235 0.546565 1.411952 0.0624563 0.5461551 1.411952 0.05988758 0.5436551 1.411952 0.05973684 0.5432772 1.411952 0.05962854 0.5428922 1.411952 0.06161254 0.5456455 1.411952 0.06089192 0.5450489 1.411952 0.05956327 0.5067177 1.411952 0.05962854 0.5063278 1.411952 0.05973684 0.5059428 1.411952 0.1231542 0.5425458 1.411952 0.1230736 0.5429782 1.411952 0.1229401 0.5434041 1.411952 0.1206552 0.5459402 1.411952 0.1196455 0.5464401 1.411952 0.06161254 0.5035744 1.411952 0.0624563 0.5030649 1.411952</float_array>
          <technique_common>
            <accessor source="#MMO_700_dual_-_base_plate_connector-1-mesh-positions-array" count="158" stride="3">
              <param name="X" type="float"/>
              <param name="Y" type="float"/>
              <param name="Z" type="float"/>
            </accessor>
          </technique_common>
        </source>
        <source id="MMO_700_dual_-_base_plate_connector-1-mesh-normals">
          <float_array id="MMO_700_dual_-_base_plate_connector-1-mesh-normals-array" count="738">-0.7071042 0 -0.7071095 -0.7071095 0 -0.7071041 1 0 -1.7561e-6 1 0 -1.7562e-6 1 0 -1.67249e-6 1 0 0 1 5.97229e-5 2.86667e-5 1 0 -1.75612e-6 1 0 -1.75612e-6 1 -6.27179e-7 0 1 4.01516e-6 0 1 1.25437e-6 0 1 -1.20466e-5 -6.42484e-6 1 3.00987e-5 0 1 1.1645e-5 1.21783e-5 1 -2.03749e-5 -1.304e-5 1 0 6.58545e-7 1 1.79196e-5 7.09828e-7 1 -1.97332e-5 0 1 -1.15884e-5 0 1 -1.21311e-5 5.54578e-7 1 0 5.54564e-7 1 0 5.54559e-7 1 0 5.54578e-7 1 0 5.10493e-7 1 2.03696e-5 -1.30366e-5 1 6.67557e-5 2.01089e-5 1 0 2.89225e-7 1 1.94116e-5 1.23622e-5 1 -1.01848e-5 0 1 0 1.17014e-5 1 3.47296e-6 2.00526e-7 1 -1.17925e-5 3.1772e-7 1 -1.01204e-5 0 1 -6.48004e-5 -1.95197e-5 1 9.07534e-5 2.04296e-5 1 3.86247e-6 0 1 2.4318e-5 -1.52313e-6 1 -3.2603e-5 -8.86548e-7 1 -8.31778e-5 -2.00106e-5 1 2.66695e-5 -9.66941e-6 1 -2.52386e-5 9.76075e-6 1 -1.88576e-5 6.07505e-7 1 5.91436e-5 -1.7431e-5 1 -6.90152e-5 1.80804e-5 1 0 2.45049e-6 1 1.8634e-5 0 1 -4.57156e-5 -2.90179e-5 1 5.56851e-6 0 1 -1.66867e-5 0 1 0 3.20173e-5 1 -4.00641e-5 -1.52355e-6 1 1.84904e-5 2.45026e-6 1 -2.92277e-5 0 1 -6.37171e-5 -1.91697e-5 1 0 1.21807e-5 1 -2.25736e-5 0 1 1.66859e-5 0 1 8.31907e-5 -2.00135e-5 1 -5.28452e-6 -1.38908e-6 1 -2.4318e-5 -1.52313e-6 1 -3.02224e-5 -1.00957e-5 1 2.22729e-5 1.09714e-5 1 -1.4831e-5 -1.09584e-5 1 -1.13326e-5 0 1 1.15869e-5 0 0 0 1 3.51222e-5 0 1 -4.3902e-5 0 1 -3.51222e-5 0 1 4.3902e-5 0 1 2.43902e-5 0 1 -1.22213e-4 0 1 -2.52621e-4 0 1 4.85624e-5 0 1 2.43908e-5 0 1 -1.3851e-4 0 1 -4.85622e-5 0 1 -1.28493e-4 0 1 -6.42467e-5 0 1 -1.28103e-4 0 1 1.22216e-4 0 1 2.48447e-4 0 1 -4.51511e-5 0 1 2.9662e-5 0 1 -1.72849e-5 0 1 3.38228e-4 0 1 -3.96634e-4 0 1 -2.79666e-5 0 1 8.22537e-5 0 1 1.81573e-4 0 1 -1.08146e-4 0 1 -1.18807e-4 0 1 4.53342e-5 0 1 1.08147e-4 0 1 4.51511e-5 0 1 1.70562e-4 0 1 1.20955e-4 0 1 -3.38231e-4 0 1 3.96655e-4 0 1 -4.53343e-5 0 1 4.63555e-5 0 1 3.96644e-4 0 1 -2.15862e-4 0 1 1.7285e-5 0 1 -1.35485e-4 0 1 2.08001e-4 0 1 -1.53388e-4 0 1 -4.00067e-5 0 1 1.01067e-4 0 1 1.33665e-4 0 1 -2.96603e-5 0 1 0.707108 0 0.7071056 0.7071056 0 0.7071079 0 -1 0 0 -1 3.04105e-6 0 1 0 -0.7071036 0 -0.7071101 -0.7071088 0 -0.7071049 0.4804186 -0.7337494 0.4804267 0.4804133 -0.7337639 0.4804099 0.7071076 0 0.707106 0.7071061 0 0.7071076 0.4804252 0.7337566 0.4804092 0.4804071 0.7337566 0.4804273 0 1 -8.74481e-6 -0.05549103 -0.9969155 -0.0555002 -0.05549007 -0.9969118 -0.05556726 -0.1650247 -0.9723855 -0.1650251 -0.1650204 -0.972395 -0.1649736 -0.2706257 -0.9238526 -0.2706623 -0.2706347 -0.923861 -0.270625 -0.3694762 -0.8526394 -0.3694503 -0.3694707 -0.8526204 -0.3694996 -0.4592201 -0.7604456 -0.4591726 -0.4591918 -0.7604622 -0.4591734 -0.537689 -0.6494041 -0.5377406 -0.5377166 -0.6494508 -0.5376567 -0.5878341 -0.5555143 -0.5880944 -0.5880029 -0.5556074 -0.5878377 -0.6170112 -0.4885762 -0.6169202 -0.6168723 -0.4886506 -0.6170003 -0.6421476 -0.4186488 -0.6421679 -0.6421619 -0.4186366 -0.6421616 -0.6634236 -0.3461049 -0.6633857 -0.6634144 -0.3460599 -0.6634184 -0.680577 -0.2714915 -0.6805199 -0.6804807 -0.2716212 -0.6805644 -0.6935984 -0.1950936 -0.6934406 -0.6934942 -0.194972 -0.6935791 -0.7021634 -0.1175482 -0.7022457 -0.7022479 -0.1176425 -0.7021454 -0.7064825 -0.03924804 -0.7066415 -0.7066206 -0.03925013 -0.7065033 0.7065138 -0.03930056 0.7066073 0.7019859 -0.1174623 0.7024376 0.7069209 -0.03924965 0.7062028 0.7021682 -0.1175445 0.7022415 0.6934465 -0.1951588 0.6935741 0.6804576 -0.27149 0.6806399 0.6936891 -0.1951881 0.6933232 0.6805132 -0.2714527 0.6805993 0.6634087 -0.3460413 0.6634337 0.6419922 -0.4187941 0.6422286 0.6171386 -0.488801 0.6166146 0.6635334 -0.3461142 0.663271 0.6421509 -0.418643 0.6421684 0.6169117 -0.4887099 0.6169139 0.5877394 -0.5555641 0.588142 0.5879035 -0.5554776 0.5880597 0.5377047 -0.6494362 0.5376861 0.5376815 -0.6494657 0.5376737 0.4592092 -0.7604252 0.4592176 0.4591794 -0.7604427 0.459218 0.3694728 -0.8526337 0.3694667 0.3694694 -0.8526483 0.3694365 0.2706309 -0.9238447 0.2706841 0.27064 -0.9238719 0.2705825 0.1650251 -0.9723824 0.165043 0.1650175 -0.9723849 0.1650365 0.05548948 -0.9969135 0.05553877 0.05549252 -0.9969201 0.05541831 -0.7065345 0.03924536 -0.7065897 -0.7066122 0.03925526 -0.7065113 -0.7022479 0.1176425 -0.7021454 -0.7022798 0.1175677 -0.702126 -0.6933698 0.195023 -0.693689 -0.6935932 0.1950061 -0.6934704 -0.6806182 0.271417 -0.6805084 -0.6804628 0.2716195 -0.680583 -0.663432 0.3461255 -0.6633665 -0.6633638 0.3461294 -0.6634327 -0.642193 0.4186569 -0.6421173 -0.6421476 0.4186488 -0.6421679 -0.616971 0.4884267 -0.6170787 -0.6170286 0.4887227 -0.6167867 -0.5878632 0.5556629 -0.587925 -0.5878515 0.5555465 -0.5880466 -0.5377169 0.6494513 -0.5376557 -0.5376998 0.6494171 -0.5377141 -0.4592182 0.7603508 -0.4593313 -0.459236 0.7604492 -0.4591508 -0.3694266 0.8526641 -0.3694431 -0.3694414 0.8526598 -0.3694379 -0.2706295 0.9238643 -0.2706188 -0.2706366 0.9238688 -0.2705963 -0.1650684 0.9723589 -0.1651387 -0.1650774 0.9723809 -0.1649997 -0.05549156 0.9969161 -0.05548948 -0.05548965 0.996914 -0.05552852 0.6744419 0.3007521 0.6742969 0.6272013 0.4618865 0.62712 0.06165528 0.9961955 0.06158959 0.0616573 0.9961882 0.06170529 0.1829974 0.9659337 0.1829868 0.1829876 0.9659302 0.183015 0.2988495 0.9062968 0.2988563 0.2988443 0.9063133 0.2988117 0.405568 0.8191223 0.4056521 0.4055774 0.8191927 0.4055004 0.5000115 0.7070849 0.5000195 0.500022 0.7070657 0.5000361 0.5963659 0.5372451 0.5964188 0.5610982 0.6088759 0.5607486 0.5960903 0.5373973 0.5965573 0.5610343 0.6087348 0.5609657 0.6530593 0.3827894 0.6534414 0.6274132 0.4618682 0.6269215 0.6532049 0.3826346 0.6533867 0.6900545 0.2164447 0.6906349 0.6746074 0.3008174 0.6741023 0.6903198 0.2164255 0.6903757 0.7064462 0.0436176 0.7064215 0.7012029 0.1305732 0.7009031 0.7062717 0.04348397 0.7066043 0.7010668 0.1306458 0.7010257 0 1 4.42743e-7 0.7071086 0 0.707105 -0.4804152 0.7337699 -0.4803988 -0.4804142 0.7337651 -0.4804072 -0.7071062 0 -0.7071075 -0.7071081 0 -0.7071055 -0.4804097 -0.7337581 -0.4804224 -0.4804102 -0.7337625 -0.4804154 0 -1 1.66606e-5 0 -1 -7.07083e-7</float_array>
          <technique_common>
            <accessor source="#MMO_700_dual_-_base_plate_connector-1-mesh-normals-array" count="246" stride="3">
              <param name="X" type="float"/>
              <param name="Y" type="float"/>
              <param name="Z" type="float"/>
            </accessor>
          </technique_common>
        </source>
        <vertices id="MMO_700_dual_-_base_plate_connector-1-mesh-vertices">
          <input semantic="POSITION" source="#MMO_700_dual_-_base_plate_connector-1-mesh-positions"/>
        </vertices>
        <triangles count="312">
          <input semantic="VERTEX" source="#MMO_700_dual_-_base_plate_connector-1-mesh-vertices" offset="0"/>
          <input semantic="NORMAL" source="#MMO_700_dual_-_base_plate_connector-1-mesh-normals" offset="1"/>
          <p>0 0 1 0 2 0 2 1 1 1 3 1 4 0 5 0 6 0 6 1 5 1 7 1 2 2 8 2 0 2 0 3 8 3 9 3 0 4 9 4 10 4 11 5 12 5 13 5 13 5 12 5 14 5 13 6 14 6 15 6 16 5 17 5 18 5 18 5 17 5 19 5 20 7 7 7 21 7 21 8 7 8 5 8 22 9 23 9 24 9 24 10 23 10 25 10 26 11 27 11 28 11 28 12 27 12 29 12 30 5 31 5 25 5 32 13 33 13 25 13 25 14 33 14 34 14 25 15 34 15 24 15 35 16 36 16 37 16 37 17 36 17 38 17 31 5 39 5 25 5 25 18 39 18 40 18 25 19 40 19 41 19 22 5 37 5 23 5 23 20 37 20 42 20 23 21 42 21 43 21 43 22 42 22 27 22 43 23 27 23 44 23 44 24 27 24 26 24 44 25 26 25 45 25 46 26 47 26 29 26 48 27 49 27 29 27 29 28 49 28 50 28 29 29 50 29 28 29 22 30 51 30 37 30 37 31 51 31 52 31 37 32 52 32 53 32 54 5 55 5 44 5 44 33 55 33 56 33 47 34 57 34 29 34 29 35 57 35 58 35 29 36 58 36 59 36 5 4 60 4 21 4 21 37 60 37 61 37 21 5 61 5 25 5 25 38 61 38 62 38 25 39 62 39 30 39 53 40 63 40 37 40 37 41 63 41 64 41 37 42 64 42 35 42 38 43 65 43 37 43 37 44 65 44 66 44 37 45 66 45 14 45 14 46 66 46 67 46 14 47 67 47 15 47 41 5 68 5 25 5 25 48 68 48 69 48 25 49 69 49 32 49 19 50 70 50 18 50 18 51 70 51 71 51 18 52 71 52 29 52 29 53 71 53 72 53 29 54 72 54 46 54 45 55 73 55 44 55 44 56 73 56 74 56 44 57 74 57 75 57 56 5 76 5 44 5 44 58 76 58 77 58 44 5 77 5 9 5 9 59 77 59 78 59 9 60 78 60 10 60 59 61 79 61 29 61 29 62 79 62 80 62 29 63 80 63 48 63 75 5 81 5 44 5 44 64 81 64 82 64 44 65 82 65 54 65 83 66 84 66 85 66 85 67 84 67 86 67 6 66 87 66 4 66 4 68 87 68 88 68 4 66 88 66 89 66 90 66 3 66 91 66 91 69 3 69 1 69 92 66 93 66 94 66 94 70 93 70 95 70 94 66 95 66 96 66 97 71 98 71 99 71 99 66 98 66 100 66 99 72 100 72 101 72 102 73 103 73 99 73 99 74 103 74 104 74 105 75 106 75 107 75 107 66 106 66 108 66 107 76 108 76 109 76 110 66 111 66 107 66 107 77 111 77 112 77 113 78 98 78 114 78 114 66 98 66 97 66 114 66 97 66 105 66 105 66 97 66 115 66 105 66 115 66 106 66 106 79 115 79 116 79 106 66 116 66 117 66 117 66 116 66 118 66 119 66 120 66 113 66 121 66 122 66 113 66 113 80 122 80 123 80 113 81 123 81 98 81 101 82 124 82 99 82 99 83 124 83 125 83 99 84 125 84 126 84 104 66 127 66 99 66 99 85 127 85 128 85 99 66 128 66 95 66 95 86 128 86 129 86 95 87 129 87 96 87 130 66 131 66 116 66 131 66 132 66 116 66 116 88 132 88 133 88 116 89 133 89 134 89 120 66 135 66 113 66 113 90 135 90 136 90 113 91 136 91 137 91 126 92 138 92 99 92 99 93 138 93 139 93 99 94 139 94 102 94 109 66 140 66 107 66 107 95 140 95 141 95 107 96 141 96 142 96 112 66 143 66 107 66 107 97 143 97 144 97 107 66 144 66 88 66 88 98 144 98 145 98 88 99 145 99 89 99 142 66 146 66 107 66 107 100 146 100 147 100 107 101 147 101 110 101 1 66 148 66 91 66 91 102 148 102 149 102 91 66 149 66 113 66 113 103 149 103 150 103 113 104 150 104 119 104 86 66 151 66 85 66 85 105 151 105 152 105 85 66 152 66 116 66 116 106 152 106 153 106 116 107 153 107 130 107 134 66 154 66 116 66 116 108 154 108 155 108 116 109 155 109 118 109 137 66 156 66 113 66 113 110 156 110 157 110 113 111 157 111 121 111 11 112 13 112 84 112 84 113 13 113 86 113 26 114 28 114 98 114 98 115 28 115 100 115 19 113 17 113 94 113 94 112 17 112 92 112 22 116 24 116 106 116 106 116 24 116 108 116 12 114 11 114 83 114 83 114 11 114 84 114 14 117 12 117 85 117 85 118 12 118 83 118 37 114 14 114 116 114 116 114 14 114 85 114 42 119 37 119 115 119 115 120 37 120 116 120 27 121 42 121 97 121 97 122 42 122 115 122 29 123 27 123 99 123 99 124 27 124 97 124 18 116 29 116 95 116 95 116 29 116 99 116 16 118 18 118 93 118 93 118 18 118 95 118 17 116 16 116 92 116 92 125 16 125 93 125 26 126 98 126 123 126 26 127 123 127 45 127 45 128 123 128 122 128 45 129 122 129 73 129 73 130 122 130 121 130 73 131 121 131 74 131 74 132 121 132 157 132 74 133 157 133 75 133 75 134 157 134 156 134 75 135 156 135 81 135 81 136 156 136 137 136 81 137 137 137 82 137 82 138 137 138 54 138 54 139 137 139 136 139 54 140 136 140 55 140 55 141 136 141 135 141 55 142 135 142 56 142 56 143 135 143 120 143 56 144 120 144 76 144 120 145 119 145 76 145 76 146 119 146 150 146 76 147 150 147 77 147 77 148 150 148 149 148 77 149 149 149 78 149 78 150 149 150 148 150 78 151 148 151 10 151 10 152 148 152 1 152 10 153 1 153 0 153 70 154 19 154 94 154 70 155 94 155 71 155 94 156 96 156 71 156 71 157 96 157 129 157 71 158 129 158 72 158 72 159 129 159 46 159 129 160 128 160 46 160 46 161 128 161 127 161 46 162 127 162 47 162 47 163 127 163 57 163 103 164 102 164 59 164 127 165 104 165 57 165 57 166 104 166 103 166 57 167 103 167 58 167 58 168 103 168 59 168 102 169 139 169 59 169 59 170 139 170 138 170 59 171 138 171 79 171 79 172 138 172 126 172 79 173 126 173 80 173 80 174 126 174 125 174 80 175 125 175 48 175 48 176 125 176 124 176 48 177 124 177 49 177 49 178 124 178 101 178 49 179 101 179 50 179 50 180 101 180 100 180 50 181 100 181 28 181 5 182 4 182 60 182 60 183 4 183 89 183 60 184 89 184 61 184 89 185 145 185 61 185 61 186 145 186 144 186 61 187 144 187 62 187 62 188 144 188 143 188 62 189 143 189 30 189 30 190 143 190 112 190 30 191 112 191 31 191 31 192 112 192 111 192 31 193 111 193 39 193 39 194 111 194 40 194 40 195 111 195 110 195 40 196 110 196 41 196 110 197 147 197 41 197 41 198 147 198 146 198 41 199 146 199 68 199 68 200 146 200 142 200 68 201 142 201 69 201 69 202 142 202 141 202 69 203 141 203 32 203 32 204 141 204 140 204 32 205 140 205 33 205 33 206 140 206 109 206 33 207 109 207 34 207 34 208 109 208 108 208 34 209 108 209 24 209 66 210 65 210 130 210 38 211 36 211 132 211 22 212 106 212 117 212 22 213 117 213 51 213 51 214 117 214 118 214 51 215 118 215 52 215 52 216 118 216 155 216 52 217 155 217 53 217 53 218 155 218 154 218 53 219 154 219 63 219 63 220 154 220 134 220 63 221 134 221 64 221 132 222 36 222 133 222 133 223 36 223 134 223 134 224 36 224 35 224 134 225 35 225 64 225 38 226 132 226 65 226 65 227 132 227 131 227 65 228 131 228 130 228 66 229 130 229 67 229 67 230 130 230 153 230 67 231 153 231 152 231 151 232 86 232 13 232 151 233 13 233 152 233 152 234 13 234 15 234 152 235 15 235 67 235 90 116 8 116 3 116 3 236 8 236 2 236 91 237 9 237 90 237 90 237 9 237 8 237 113 116 44 116 91 116 91 116 44 116 9 116 114 238 43 238 113 238 113 239 43 239 44 239 105 240 23 240 114 240 114 241 23 241 43 241 107 242 25 242 105 242 105 243 25 243 23 243 88 244 21 244 107 244 107 114 21 114 25 114 87 237 20 237 88 237 88 237 20 237 21 237 6 114 7 114 87 114 87 245 7 245 20 245</p>
        </triangles>
      </mesh>
    </geometry>
    <geometry id="MMO_700_dual_-_base_plate_beam-4-mesh" name="MMO_700_dual - base_plate_beam-4">
      <mesh>
        <source id="MMO_700_dual_-_base_plate_beam-4-mesh-positions">
          <float_array id="MMO_700_dual_-_base_plate_beam-4-mesh-positions-array" count="366">0.305105 0.38711 1.411952 0.461105 0.38711 1.411952 0.305105 0.37461 1.411952 0.461105 0.37461 1.411952 0.461105 0.35211 1.411952 0.305105 0.35211 1.411952 0.461105 0.36461 1.411952 0.305105 0.36461 1.411952 0.461105 0.37461 1.456951 0.461105 0.37461 1.450951 0.461105 0.38711 1.456951 0.461105 0.37961 1.450951 0.461105 0.3879782 1.456876 0.461105 0.35961 1.422251 0.461105 0.36211 1.424952 0.461105 0.36211 1.443951 0.461105 0.3918085 1.453662 0.461105 0.392034 1.45282 0.461105 0.37961 1.446651 0.461105 0.37711 1.443951 0.461105 0.3914401 1.414451 0.461105 0.3918085 1.415241 0.461105 0.34711 1.416952 0.461105 0.34711 1.451951 0.461105 0.35961 1.446651 0.461105 0.3471859 1.45282 0.461105 0.392034 1.416083 0.461105 0.39211 1.416952 0.461105 0.39211 1.451951 0.461105 0.37711 1.424952 0.461105 0.37961 1.422251 0.461105 0.3888201 1.412253 0.461105 0.38961 1.412621 0.461105 0.3903239 1.413121 0.461105 0.3909402 1.413738 0.461105 0.3471716 1.416169 0.461105 0.3473547 1.415406 0.461105 0.3476549 1.414682 0.461105 0.36461 1.450951 0.461105 0.36461 1.456951 0.461105 0.35961 1.450951 0.461105 0.35211 1.456951 0.461105 0.3512417 1.456876 0.461105 0.3503999 1.45665 0.461105 0.3914401 1.454451 0.461105 0.3909402 1.455165 0.461105 0.3903239 1.455782 0.461105 0.36461 1.417951 0.461105 0.35961 1.417951 0.461105 0.3513278 1.412013 0.461105 0.3505649 1.412196 0.461105 0.3498401 1.412496 0.461105 0.3480649 1.414013 0.461105 0.3485745 1.413416 0.461105 0.3491711 1.412906 0.461105 0.38961 1.456282 0.461105 0.3888201 1.45665 0.461105 0.34961 1.456282 0.461105 0.348896 1.455782 0.461105 0.3482798 1.455165 0.461105 0.37461 1.417951 0.461105 0.37961 1.417951 0.461105 0.3879782 1.412027 0.461105 0.3477799 1.454451 0.461105 0.3474115 1.453662 0.305105 0.35961 1.446651 0.305105 0.36211 1.443951 0.305105 0.36211 1.424952 0.305105 0.39211 1.416952 0.305105 0.37961 1.422251 0.305105 0.39211 1.451951 0.305105 0.37711 1.424952 0.305105 0.392034 1.416083 0.305105 0.3918085 1.415241 0.305105 0.3914401 1.414451 0.305105 0.3914401 1.454451 0.305105 0.3918085 1.453662 0.305105 0.392034 1.45282 0.305105 0.34711 1.451951 0.305105 0.34711 1.416952 0.305105 0.35961 1.422251 0.305105 0.3471716 1.416169 0.305105 0.36461 1.417951 0.305105 0.35961 1.417951 0.305105 0.3909402 1.413738 0.305105 0.3903239 1.413121 0.305105 0.38961 1.412621 0.305105 0.37711 1.443951 0.305105 0.37961 1.446651 0.305105 0.3471859 1.45282 0.305105 0.3474115 1.453662 0.305105 0.3477799 1.454451 0.305105 0.3513278 1.412013 0.305105 0.3505649 1.412196 0.305105 0.3498401 1.412496 0.305105 0.37461 1.417951 0.305105 0.37961 1.417951 0.305105 0.3879782 1.412027 0.305105 0.3888201 1.412253 0.305105 0.36461 1.456951 0.305105 0.36461 1.450951 0.305105 0.35211 1.456951 0.305105 0.35961 1.450951 0.305105 0.3512417 1.456876 0.305105 0.3503999 1.45665 0.305105 0.3888201 1.45665 0.305105 0.38961 1.456282 0.305105 0.3903239 1.455782 0.305105 0.3909402 1.455165 0.305105 0.3482798 1.455165 0.305105 0.348896 1.455782 0.305105 0.34961 1.456282 0.305105 0.37461 1.450951 0.305105 0.37461 1.456951 0.305105 0.37961 1.450951 0.305105 0.38711 1.456951 0.305105 0.3879782 1.456876 0.305105 0.3491711 1.412906 0.305105 0.3485745 1.413416 0.305105 0.3480649 1.414013 0.305105 0.3476549 1.414682 0.305105 0.3473547 1.415406</float_array>
          <technique_common>
            <accessor source="#MMO_700_dual_-_base_plate_beam-4-mesh-positions-array" count="122" stride="3">
              <param name="X" type="float"/>
              <param name="Y" type="float"/>
              <param name="Z" type="float"/>
            </accessor>
          </technique_common>
        </source>
        <source id="MMO_700_dual_-_base_plate_beam-4-mesh-normals">
          <float_array id="MMO_700_dual_-_base_plate_beam-4-mesh-normals-array" count="441">0 0 -1 1 0 0 1 -3.92138e-5 0 1 -5.24714e-6 0 1 -3.54789e-6 0 1 1.13595e-5 0 1 -2.31667e-5 0 1 1.72467e-5 0 1 1.55107e-5 0 1 2.45086e-5 0 1 -6.37242e-5 0 1 -8.88368e-6 0 1 1.0724e-5 0 1 4.42721e-5 0 1 1.39043e-4 0 1 2.47171e-5 0 1 -5.74016e-5 0 1 -2.88784e-5 0 1 3.13601e-5 0 1 1.24792e-5 0 1 1.71245e-5 0 1 -1.82335e-5 0 1 -1.3076e-5 0 1 2.46295e-5 0 1 -4.2842e-6 0 1 2.40439e-5 0 1 4.14461e-5 0 1 -1.90478e-5 0 1 6.61739e-5 0 1 -2.37982e-5 0 1 2.88784e-5 0 1 -3.13578e-5 0 1 -1.24809e-5 0 1 9.52762e-6 0 1 -9.8255e-6 0 -1 0 0 -1 -7.54538e-6 0 -1 4.91253e-6 0 -1 -2.38213e-5 0 -1 4.01572e-5 0 -1 2.70255e-5 0 -1 8.86978e-7 0 -1 5.67743e-6 0 -1 2.30457e-5 0 -1 1.44392e-5 0 -1 4.75923e-6 0 -1 1.22547e-5 0 -1 4.90172e-6 0 -1 -4.01552e-5 0 -1 -7.86898e-6 0 -1 -1.71596e-5 0 -1 2.47317e-5 0 -1 -4.02966e-5 0 -1 6.47098e-6 0 -1 1.96071e-5 0 -1 -4.93253e-5 0 -1 3.49588e-6 0 -1 4.93253e-5 0 -1 -1.96071e-5 0 -1 1.93331e-5 0 -1 -4.09182e-5 0 -1 1.94121e-5 0 -1 1.60292e-5 0 -1 -3.6752e-5 0 -1 5.32206e-6 0 -1 -1.647e-5 0 0 0 1 0 1 0 0 -1 0 0 0.7337566 0.6794126 0 -0.7337566 0.6794126 0 0.08712828 -0.9961972 0 0.08712834 -0.9961972 0 0.2587828 -0.9659356 0 0.2587829 -0.9659356 0 0.4226142 -0.9063097 0 0.4226563 -0.9062901 0 0.5735148 -0.8191952 0 0.5735407 -0.819177 0 0.7070883 -0.7071254 0 0.7071429 -0.7070708 0 0.8191544 -0.5735732 0 0.8191542 -0.5735735 0 0.9063295 -0.422572 0 0.9062873 -0.4226621 0 0.9659406 -0.2587642 0 0.9659131 -0.2588663 0 0.996193 -0.08717638 0 0.9961977 -0.08712202 0 0.9961966 0.08713394 0 0.9961919 0.0871883 0 0.9659131 0.2588664 0 0.9659406 0.258764 0 0.9062874 0.422662 0 0.9063293 0.4225721 0 0.8191544 0.5735732 0 0.8191542 0.5735735 0 0.7071431 0.7070705 0 0.7070881 0.7071255 0 0.5736325 0.8191128 0 0.5736066 0.819131 0 0.4226562 0.9062901 0 0.4226143 0.9063097 0 0.2587828 0.9659356 0 0.2587829 0.9659356 0 0.08712828 0.9961972 0 0.08712834 0.9961972 0 -0.9969176 -0.07845687 0 -0.9969223 -0.07839637 0 -0.9723495 -0.2335308 0 -0.9723633 -0.2334733 0 -0.9238798 -0.382683 0 -0.9239013 -0.3826311 0 -0.852663 -0.5224614 0 -0.7603936 -0.6494626 0 -0.7604237 -0.6494274 0 -0.6494034 -0.7604442 0 -0.6494333 -0.7604186 0 -0.5225095 -0.8526336 0 -0.5225093 -0.8526337 0 -0.3827304 -0.9238601 0 -0.3827306 -0.9238601 0 -0.2333647 -0.9723894 0 -0.2333924 -0.9723827 0 -0.0784009 -0.996922 0 -0.07839614 -0.9969223 0 -0.08712357 0.9961975 0 -0.08712834 0.9961972 0 -0.2587828 0.9659356 0 -0.2587829 0.9659356 0 -0.4226562 0.9062901 0 -0.4226353 0.9063 0 -0.5736067 0.8191308 0 -0.5736324 0.819113 0 -0.7071431 0.7070705 0 -0.7071155 0.7070981 0 -0.8191544 0.5735732 0 -0.8191542 0.5735735 0 -0.9062874 0.422662 0 -0.9063293 0.4225721 0 -0.9659131 0.2588664 0 -0.9659131 0.2588663 0 -0.9961966 0.08713394 0 -0.7337715 -0.6793963 0 -0.7337714 -0.6793965 0 0.7337715 -0.6793963 0 0.7337714 -0.6793965</float_array>
          <technique_common>
            <accessor source="#MMO_700_dual_-_base_plate_beam-4-mesh-normals-array" count="147" stride="3">
              <param name="X" type="float"/>
              <param name="Y" type="float"/>
              <param name="Z" type="float"/>
            </accessor>
          </technique_common>
        </source>
        <vertices id="MMO_700_dual_-_base_plate_beam-4-mesh-vertices">
          <input semantic="POSITION" source="#MMO_700_dual_-_base_plate_beam-4-mesh-positions"/>
        </vertices>
        <triangles count="240">
          <input semantic="VERTEX" source="#MMO_700_dual_-_base_plate_beam-4-mesh-vertices" offset="0"/>
          <input semantic="NORMAL" source="#MMO_700_dual_-_base_plate_beam-4-mesh-normals" offset="1"/>
          <p>0 0 1 0 2 0 2 0 1 0 3 0 4 0 5 0 6 0 6 0 5 0 7 0 8 1 9 1 10 1 10 1 9 1 11 1 10 1 11 1 12 1 13 2 14 2 15 2 16 1 11 1 17 1 17 1 11 1 18 1 19 3 20 3 21 3 22 4 15 4 23 4 23 5 15 5 24 5 23 1 24 1 25 1 21 1 26 1 19 1 19 6 26 6 27 6 19 7 27 7 18 7 18 1 27 1 28 1 18 8 28 8 17 8 15 1 14 1 19 1 19 1 14 1 29 1 19 9 29 9 30 9 31 1 32 1 30 1 30 10 32 10 33 10 30 11 33 11 19 11 19 12 33 12 34 12 19 13 34 13 20 13 22 14 35 14 15 14 15 15 35 15 36 15 15 16 36 16 37 16 38 1 39 1 40 1 40 1 39 1 41 1 40 17 41 17 24 17 24 18 41 18 42 18 24 19 42 19 43 19 16 1 44 1 11 1 11 20 44 20 45 20 11 21 45 21 46 21 6 1 47 1 4 1 4 1 47 1 48 1 4 1 48 1 49 1 49 22 48 22 13 22 49 1 13 1 50 1 50 1 13 1 51 1 37 1 52 1 15 1 15 23 52 23 53 23 15 24 53 24 13 24 13 25 53 25 54 25 13 26 54 26 51 26 46 1 55 1 11 1 11 1 55 1 56 1 11 27 56 27 12 27 43 1 57 1 24 1 24 28 57 28 58 28 24 29 58 29 59 29 60 1 3 1 61 1 61 1 3 1 1 1 61 30 1 30 30 30 30 31 1 31 62 31 30 32 62 32 31 32 59 1 63 1 24 1 24 33 63 33 64 33 24 34 64 34 25 34 65 35 66 35 67 35 68 35 69 35 70 35 70 36 69 36 71 36 68 35 72 35 69 35 69 37 72 37 73 37 69 38 73 38 74 38 75 35 76 35 71 35 71 39 76 39 77 39 71 40 77 40 70 40 78 41 67 41 79 41 79 42 67 42 80 42 79 43 80 43 81 43 82 35 7 35 83 35 83 35 7 35 5 35 83 44 5 44 80 44 74 35 84 35 69 35 69 45 84 45 85 45 69 46 85 46 86 46 67 35 66 35 71 35 71 35 66 35 87 35 71 47 87 47 88 47 78 35 89 35 67 35 67 48 89 48 90 48 67 49 90 49 91 49 5 35 92 35 80 35 80 50 92 50 93 50 80 51 93 51 94 51 2 35 95 35 0 35 0 35 95 35 96 35 0 52 96 52 97 52 97 35 96 35 69 35 97 35 69 35 98 35 98 35 69 35 86 35 99 35 100 35 101 35 101 35 100 35 102 35 101 35 102 35 103 35 103 53 102 53 65 53 103 35 65 35 104 35 105 35 106 35 88 35 88 54 106 54 107 54 88 35 107 35 71 35 71 55 107 55 108 55 71 56 108 56 75 56 91 35 109 35 67 35 67 57 109 57 110 57 67 35 110 35 65 35 65 58 110 58 111 58 65 59 111 59 104 59 112 35 113 35 114 35 114 35 113 35 115 35 114 35 115 35 88 35 88 60 115 60 116 60 88 61 116 61 105 61 94 35 117 35 80 35 80 62 117 62 118 62 80 63 118 63 119 63 119 35 120 35 80 35 80 64 120 64 121 64 80 65 121 65 81 65 41 66 39 66 101 66 101 66 39 66 99 66 68 67 70 67 27 67 27 67 70 67 28 67 115 66 113 66 10 66 10 66 113 66 8 66 22 68 23 68 79 68 79 68 23 68 78 68 39 67 38 67 99 67 99 67 38 67 100 67 38 0 40 0 100 0 100 0 40 0 102 0 40 67 24 67 102 67 102 67 24 67 65 67 24 69 15 69 65 69 65 69 15 69 66 69 15 66 19 66 66 66 66 66 19 66 87 66 19 70 18 70 87 70 87 70 18 70 88 70 18 68 11 68 88 68 88 68 11 68 114 68 11 0 9 0 114 0 114 0 9 0 112 0 9 68 8 68 112 68 112 68 8 68 113 68 1 71 0 71 97 71 1 72 97 72 62 72 62 73 97 73 98 73 62 74 98 74 31 74 31 75 98 75 86 75 31 76 86 76 32 76 32 77 86 77 85 77 32 78 85 78 33 78 33 79 85 79 84 79 33 80 84 80 34 80 34 81 84 81 74 81 34 82 74 82 20 82 20 83 74 83 73 83 20 84 73 84 21 84 21 85 73 85 72 85 21 86 72 86 26 86 26 87 72 87 68 87 26 88 68 88 27 88 28 89 70 89 77 89 28 90 77 90 17 90 17 91 77 91 76 91 17 92 76 92 16 92 16 93 76 93 75 93 16 94 75 94 44 94 44 95 75 95 108 95 44 96 108 96 45 96 45 97 108 97 107 97 45 98 107 98 46 98 46 99 107 99 106 99 46 100 106 100 55 100 55 101 106 101 105 101 55 102 105 102 56 102 56 103 105 103 116 103 56 104 116 104 12 104 12 105 116 105 115 105 12 106 115 106 10 106 22 107 79 107 81 107 22 108 81 108 35 108 35 109 81 109 121 109 35 110 121 110 36 110 36 111 121 111 120 111 36 112 120 112 37 112 37 113 120 113 119 113 37 113 119 113 52 113 52 114 119 114 118 114 52 115 118 115 53 115 53 116 118 116 117 116 53 117 117 117 54 117 54 118 117 118 94 118 54 119 94 119 51 119 51 120 94 120 93 120 51 121 93 121 50 121 50 122 93 122 92 122 50 123 92 123 49 123 49 124 92 124 5 124 49 125 5 125 4 125 41 126 101 126 103 126 41 127 103 127 42 127 42 128 103 128 104 128 42 129 104 129 43 129 43 130 104 130 111 130 43 131 111 131 57 131 57 132 111 132 110 132 57 133 110 133 58 133 58 134 110 134 109 134 58 135 109 135 59 135 59 136 109 136 91 136 59 137 91 137 63 137 63 138 91 138 90 138 63 139 90 139 64 139 64 140 90 140 89 140 64 141 89 141 25 141 25 142 89 142 78 142 25 142 78 142 23 142 3 68 60 68 2 68 2 68 60 68 95 68 60 66 61 66 95 66 95 66 61 66 96 66 61 68 30 68 96 68 96 68 30 68 69 68 30 143 29 143 69 143 69 144 29 144 71 144 29 0 14 0 71 0 71 0 14 0 67 0 14 145 13 145 67 145 67 146 13 146 80 146 13 67 48 67 80 67 80 67 48 67 83 67 48 66 47 66 83 66 83 66 47 66 82 66 47 67 6 67 82 67 82 67 6 67 7 67</p>
        </triangles>
      </mesh>
    </geometry>
    <geometry id="MMO_700_dual_-_base_plate_beam-3-mesh" name="MMO_700_dual - base_plate_beam-3">
      <mesh>
        <source id="MMO_700_dual_-_base_plate_beam-3-mesh-positions">
          <float_array id="MMO_700_dual_-_base_plate_beam-3-mesh-positions-array" count="366">0.305105 0.50711 1.456951 0.461105 0.50711 1.456951 0.305105 0.51961 1.456951 0.461105 0.51961 1.456951 0.461105 0.54211 1.456951 0.305105 0.54211 1.456951 0.461105 0.52961 1.456951 0.305105 0.52961 1.456951 0.461105 0.51961 1.411952 0.461105 0.51961 1.417951 0.461105 0.50711 1.411952 0.461105 0.51461 1.417951 0.461105 0.5062417 1.412027 0.461105 0.53461 1.446651 0.461105 0.53211 1.443951 0.461105 0.53211 1.424952 0.461105 0.5024116 1.415241 0.461105 0.502186 1.416083 0.461105 0.51461 1.422251 0.461105 0.51711 1.424952 0.461105 0.5027799 1.454451 0.461105 0.5024116 1.453662 0.461105 0.54711 1.451951 0.461105 0.54711 1.416952 0.461105 0.53461 1.422251 0.461105 0.547034 1.416083 0.461105 0.502186 1.45282 0.461105 0.50211 1.451951 0.461105 0.50211 1.416952 0.461105 0.51711 1.443951 0.461105 0.51461 1.446651 0.461105 0.5053999 1.45665 0.461105 0.50461 1.456282 0.461105 0.5038961 1.455782 0.461105 0.5032798 1.455165 0.461105 0.5470485 1.452734 0.461105 0.5468653 1.453497 0.461105 0.546565 1.454221 0.461105 0.52961 1.417951 0.461105 0.52961 1.411952 0.461105 0.53461 1.417951 0.461105 0.54211 1.411952 0.461105 0.5429782 1.412027 0.461105 0.5438201 1.412253 0.461105 0.5027799 1.414451 0.461105 0.5032798 1.413738 0.461105 0.5038961 1.413121 0.461105 0.52961 1.450951 0.461105 0.53461 1.450951 0.461105 0.5428922 1.45689 0.461105 0.5436551 1.456707 0.461105 0.54438 1.456406 0.461105 0.5461551 1.45489 0.461105 0.5456455 1.455487 0.461105 0.5450489 1.455997 0.461105 0.50461 1.412621 0.461105 0.5053999 1.412253 0.461105 0.54461 1.412621 0.461105 0.5453239 1.413121 0.461105 0.5459402 1.413738 0.461105 0.51961 1.450951 0.461105 0.51461 1.450951 0.461105 0.5062417 1.456876 0.461105 0.5464401 1.414451 0.461105 0.5468085 1.415241 0.305105 0.53461 1.422251 0.305105 0.53211 1.424952 0.305105 0.53211 1.443951 0.305105 0.50211 1.451951 0.305105 0.51461 1.446651 0.305105 0.50211 1.416952 0.305105 0.51711 1.443951 0.305105 0.502186 1.45282 0.305105 0.5024116 1.453662 0.305105 0.5027799 1.454451 0.305105 0.5027799 1.414451 0.305105 0.5024116 1.415241 0.305105 0.502186 1.416083 0.305105 0.54711 1.416952 0.305105 0.54711 1.451951 0.305105 0.53461 1.446651 0.305105 0.5470485 1.452734 0.305105 0.52961 1.450951 0.305105 0.53461 1.450951 0.305105 0.5032798 1.455165 0.305105 0.5038961 1.455782 0.305105 0.50461 1.456282 0.305105 0.51711 1.424952 0.305105 0.51461 1.422251 0.305105 0.547034 1.416083 0.305105 0.5468085 1.415241 0.305105 0.5464401 1.414451 0.305105 0.5428922 1.45689 0.305105 0.5436551 1.456707 0.305105 0.54438 1.456406 0.305105 0.51961 1.450951 0.305105 0.51461 1.450951 0.305105 0.5062417 1.456876 0.305105 0.5053999 1.45665 0.305105 0.52961 1.411952 0.305105 0.52961 1.417951 0.305105 0.54211 1.411952 0.305105 0.53461 1.417951 0.305105 0.5429782 1.412027 0.305105 0.5438201 1.412253 0.305105 0.5053999 1.412253 0.305105 0.50461 1.412621 0.305105 0.5038961 1.413121 0.305105 0.5032798 1.413738 0.305105 0.5459402 1.413738 0.305105 0.5453239 1.413121 0.305105 0.54461 1.412621 0.305105 0.51961 1.417951 0.305105 0.51961 1.411952 0.305105 0.51461 1.417951 0.305105 0.50711 1.411952 0.305105 0.5062417 1.412027 0.305105 0.5450489 1.455997 0.305105 0.5456455 1.455487 0.305105 0.5461551 1.45489 0.305105 0.546565 1.454221 0.305105 0.5468653 1.453497</float_array>
          <technique_common>
            <accessor source="#MMO_700_dual_-_base_plate_beam-3-mesh-positions-array" count="122" stride="3">
              <param name="X" type="float"/>
              <param name="Y" type="float"/>
              <param name="Z" type="float"/>
            </accessor>
          </technique_common>
        </source>
        <source id="MMO_700_dual_-_base_plate_beam-3-mesh-normals">
          <float_array id="MMO_700_dual_-_base_plate_beam-3-mesh-normals-array" count="453">0 0 1 1 0 0 1 3.92138e-5 0 1 5.2462e-6 0 1 3.54789e-6 0 1 -1.13549e-5 0 1 1.93051e-5 0 1 -1.72467e-5 0 1 -1.03428e-5 0 1 -2.45086e-5 0 1 6.61739e-5 0 1 -8.88383e-6 0 1 5.79014e-5 0 1 -4.42812e-5 0 1 -1.39082e-4 0 1 -2.47145e-5 0 1 5.73966e-5 0 1 2.88784e-5 0 1 -3.13594e-5 0 1 -1.24786e-5 0 1 -1.71284e-5 0 1 1.82322e-5 0 1 1.3076e-5 0 1 -2.46254e-5 0 1 4.28434e-6 0 1 -2.93829e-5 0 1 -3.86839e-5 0 1 1.90517e-5 0 1 -6.37242e-5 0 1 2.38005e-5 0 1 -2.88784e-5 0 1 3.13601e-5 0 1 1.24792e-5 0 1 -9.52463e-6 0 1 9.82618e-6 0 -1 0 0 -1 6.46752e-6 0 -1 -2.06817e-5 0 -1 -4.91275e-6 0 -1 2.38136e-5 0 -1 -4.01434e-5 0 -1 -3.08915e-5 0 -1 -8.86971e-7 0 -1 -1.13574e-5 0 -1 -4.75923e-6 0 -1 -1.96071e-5 0 -1 -2.45086e-6 0 -1 4.0141e-5 0 -1 7.87158e-6 0 -1 -5.46687e-5 0 -1 2.72939e-5 0 -1 -2.47335e-5 0 -1 6.47098e-6 0 -1 -4.02966e-5 0 -1 -1.22547e-5 0 -1 -1.9302e-5 0 -1 7.10684e-5 0 -1 -7.45601e-5 0 -1 1.9302e-5 0 -1 1.22547e-5 0 -1 -1.93363e-5 0 -1 1.44392e-5 0 -1 -8.03106e-6 0 -1 -1.94112e-5 0 -1 -8.0135e-6 0 -1 3.67516e-5 0 -1 -4.19604e-5 0 -1 -5.32124e-6 0 -1 2.47011e-5 0 0 0 -1 0 -1 0 0 1 0 0 -0.733778 -0.6793894 0 -0.733765 -0.6794035 0 0.7337651 -0.6794034 0 0.7337909 -0.6793755 0 -0.08712357 0.9961975 0 -0.08712357 0.9961975 0 -0.2587965 0.965932 0 -0.2587966 0.9659318 0 -0.4226142 0.9063097 0 -0.4226563 0.9062901 0 -0.5736325 0.8191128 0 -0.5736324 0.819113 0 -0.7070609 0.7071527 0 -0.7071155 0.7070981 0 -0.8191801 0.5735365 0 -0.8191284 0.5736103 0 -0.9063084 0.422617 0 -0.9063504 0.4225271 0 -0.9658858 0.2589687 0 -0.9659406 0.258764 0 -0.9961966 0.08713394 0 -0.9961977 -0.08712202 0 -0.9659406 -0.2587642 0 -0.9658858 -0.2589686 0 -0.9063504 -0.4225269 0 -0.9063084 -0.4226171 0 -0.8191286 -0.57361 0 -0.81918 -0.5735368 0 -0.7071157 -0.707098 0 -0.7070607 -0.7071529 0 -0.5735406 -0.8191773 0 -0.5735407 -0.819177 0 -0.4226562 -0.9062901 0 -0.4226143 -0.9063097 0 -0.2587965 -0.965932 0 -0.2587966 -0.9659318 0 -0.08712357 -0.9961975 0 -0.08712357 -0.9961975 0 0.9969119 0.07852929 0 0.9969214 0.0784083 0 0.9723854 0.2333812 0 0.9723577 0.2334963 0 0.9238582 0.382735 0 0.8526486 0.5224848 0 0.8526485 0.5224849 0 0.7604537 0.6493923 0 0.7603936 0.6494626 0 0.6494913 0.7603692 0 0.6494311 0.7604204 0 0.5224802 0.8526515 0 0.5223718 0.8527178 0 0.382752 0.9238512 0 0.382709 0.9238689 0 0.2335221 0.9723516 0 0.2335221 0.9723516 0 0.07840567 0.9969215 0 0.0783866 0.996923 0 0.08711403 -0.9961984 0 0.0871331 -0.9961967 0 0.2587965 -0.965932 0 0.2587966 -0.9659318 0 0.4226142 -0.9063097 0 0.4226563 -0.9062901 0 0.5735406 -0.8191773 0 0.5734893 -0.8192132 0 0.7071157 -0.707098 0 0.7071155 -0.7070981 0 0.8191801 -0.5735365 0 0.8191284 -0.5736103 0 0.9063084 -0.422617 0 0.9063084 -0.4226171 0 0.9659131 -0.2588664 0 0.9659406 -0.258764 0 0.9961882 -0.0872308 0 0.9961977 -0.08712202 0 0.733776 0.6793916 0 0.7337501 0.6794195 0 -0.7337501 0.6794195 0 -0.733763 0.6794056</float_array>
          <technique_common>
            <accessor source="#MMO_700_dual_-_base_plate_beam-3-mesh-normals-array" count="151" stride="3">
              <param name="X" type="float"/>
              <param name="Y" type="float"/>
              <param name="Z" type="float"/>
            </accessor>
          </technique_common>
        </source>
        <vertices id="MMO_700_dual_-_base_plate_beam-3-mesh-vertices">
          <input semantic="POSITION" source="#MMO_700_dual_-_base_plate_beam-3-mesh-positions"/>
        </vertices>
        <triangles count="240">
          <input semantic="VERTEX" source="#MMO_700_dual_-_base_plate_beam-3-mesh-vertices" offset="0"/>
          <input semantic="NORMAL" source="#MMO_700_dual_-_base_plate_beam-3-mesh-normals" offset="1"/>
          <p>0 0 1 0 2 0 2 0 1 0 3 0 4 0 5 0 6 0 6 0 5 0 7 0 8 1 9 1 10 1 10 1 9 1 11 1 10 1 11 1 12 1 13 2 14 2 15 2 16 1 11 1 17 1 17 1 11 1 18 1 19 3 20 3 21 3 22 4 15 4 23 4 23 5 15 5 24 5 23 1 24 1 25 1 21 1 26 1 19 1 19 6 26 6 27 6 19 7 27 7 18 7 18 1 27 1 28 1 18 8 28 8 17 8 15 1 14 1 19 1 19 1 14 1 29 1 19 9 29 9 30 9 31 1 32 1 30 1 30 10 32 10 33 10 30 11 33 11 19 11 19 12 33 12 34 12 19 13 34 13 20 13 22 14 35 14 15 14 15 15 35 15 36 15 15 16 36 16 37 16 38 1 39 1 40 1 40 1 39 1 41 1 40 17 41 17 24 17 24 18 41 18 42 18 24 19 42 19 43 19 16 1 44 1 11 1 11 20 44 20 45 20 11 21 45 21 46 21 6 1 47 1 4 1 4 1 47 1 48 1 4 1 48 1 49 1 49 22 48 22 13 22 49 1 13 1 50 1 50 1 13 1 51 1 37 1 52 1 15 1 15 23 52 23 53 23 15 24 53 24 13 24 13 25 53 25 54 25 13 26 54 26 51 26 46 1 55 1 11 1 11 1 55 1 56 1 11 27 56 27 12 27 43 1 57 1 24 1 24 28 57 28 58 28 24 29 58 29 59 29 60 1 3 1 61 1 61 1 3 1 1 1 61 30 1 30 30 30 30 31 1 31 62 31 30 32 62 32 31 32 59 1 63 1 24 1 24 33 63 33 64 33 24 34 64 34 25 34 65 35 66 35 67 35 68 35 69 35 70 35 70 36 69 36 71 36 68 37 72 37 69 37 69 38 72 38 73 38 69 39 73 39 74 39 75 35 76 35 71 35 71 40 76 40 77 40 71 41 77 41 70 41 78 42 67 42 79 42 79 43 67 43 80 43 79 35 80 35 81 35 82 35 7 35 83 35 83 35 7 35 5 35 83 35 5 35 80 35 74 35 84 35 69 35 69 44 84 44 85 44 69 45 85 45 86 45 67 35 66 35 71 35 71 35 66 35 87 35 71 46 87 46 88 46 78 35 89 35 67 35 67 47 89 47 90 47 67 48 90 48 91 48 5 49 92 49 80 49 80 50 92 50 93 50 80 51 93 51 94 51 2 35 95 35 0 35 0 35 95 35 96 35 0 35 96 35 97 35 97 52 96 52 69 52 97 35 69 35 98 35 98 35 69 35 86 35 99 35 100 35 101 35 101 35 100 35 102 35 101 53 102 53 103 53 103 35 102 35 65 35 103 35 65 35 104 35 105 35 106 35 88 35 88 54 106 54 107 54 88 35 107 35 71 35 71 55 107 55 108 55 71 56 108 56 75 56 91 57 109 57 67 57 67 58 109 58 110 58 67 35 110 35 65 35 65 59 110 59 111 59 65 60 111 60 104 60 112 35 113 35 114 35 114 35 113 35 115 35 114 61 115 61 88 61 88 62 115 62 116 62 88 63 116 63 105 63 94 35 117 35 80 35 80 64 117 64 118 64 80 65 118 65 119 65 119 66 120 66 80 66 80 67 120 67 121 67 80 68 121 68 81 68 41 69 39 69 101 69 101 69 39 69 99 69 68 70 70 70 27 70 27 70 70 70 28 70 115 69 113 69 10 69 10 69 113 69 8 69 22 71 23 71 79 71 79 71 23 71 78 71 39 70 38 70 99 70 99 70 38 70 100 70 38 0 40 0 100 0 100 0 40 0 102 0 40 70 24 70 102 70 102 70 24 70 65 70 24 72 15 72 65 72 65 73 15 73 66 73 15 69 19 69 66 69 66 69 19 69 87 69 19 74 18 74 87 74 87 75 18 75 88 75 18 71 11 71 88 71 88 71 11 71 114 71 11 0 9 0 114 0 114 0 9 0 112 0 9 71 8 71 112 71 112 71 8 71 113 71 1 76 0 76 97 76 1 77 97 77 62 77 62 78 97 78 98 78 62 79 98 79 31 79 31 80 98 80 86 80 31 81 86 81 32 81 32 82 86 82 85 82 32 83 85 83 33 83 33 84 85 84 84 84 33 85 84 85 34 85 34 86 84 86 74 86 34 87 74 87 20 87 20 88 74 88 73 88 20 89 73 89 21 89 21 90 73 90 72 90 21 91 72 91 26 91 26 92 72 92 68 92 26 92 68 92 27 92 28 93 70 93 77 93 28 93 77 93 17 93 17 94 77 94 76 94 17 95 76 95 16 95 16 96 76 96 75 96 16 97 75 97 44 97 44 98 75 98 108 98 44 99 108 99 45 99 45 100 108 100 107 100 45 101 107 101 46 101 46 102 107 102 106 102 46 103 106 103 55 103 55 104 106 104 105 104 55 105 105 105 56 105 56 106 105 106 116 106 56 107 116 107 12 107 12 108 116 108 115 108 12 109 115 109 10 109 22 110 79 110 81 110 22 111 81 111 35 111 35 112 81 112 121 112 35 113 121 113 36 113 36 114 121 114 120 114 36 114 120 114 37 114 37 115 120 115 119 115 37 116 119 116 52 116 52 117 119 117 118 117 52 118 118 118 53 118 53 119 118 119 117 119 53 120 117 120 54 120 54 121 117 121 94 121 54 122 94 122 51 122 51 123 94 123 93 123 51 124 93 124 50 124 50 125 93 125 92 125 50 126 92 126 49 126 49 127 92 127 5 127 49 128 5 128 4 128 41 129 101 129 103 129 41 130 103 130 42 130 42 131 103 131 104 131 42 132 104 132 43 132 43 133 104 133 111 133 43 134 111 134 57 134 57 135 111 135 110 135 57 136 110 136 58 136 58 137 110 137 109 137 58 138 109 138 59 138 59 139 109 139 91 139 59 140 91 140 63 140 63 141 91 141 90 141 63 142 90 142 64 142 64 143 90 143 89 143 64 144 89 144 25 144 25 145 89 145 78 145 25 146 78 146 23 146 3 71 60 71 2 71 2 71 60 71 95 71 60 69 61 69 95 69 95 69 61 69 96 69 61 71 30 71 96 71 96 71 30 71 69 71 30 147 29 147 69 147 69 148 29 148 71 148 29 0 14 0 71 0 71 0 14 0 67 0 14 149 13 149 67 149 67 150 13 150 80 150 13 70 48 70 80 70 80 70 48 70 83 70 48 69 47 69 83 69 83 69 47 69 82 69 47 70 6 70 82 70 82 70 6 70 7 70</p>
        </triangles>
      </mesh>
    </geometry>
    <geometry id="MMO_700_dual_-_base_plate_beam-2-mesh" name="MMO_700_dual - base_plate_beam-2">
      <mesh>
        <source id="MMO_700_dual_-_base_plate_beam-2-mesh-positions">
          <float_array id="MMO_700_dual_-_base_plate_beam-2-mesh-positions-array" count="366">0.05910497 0.38711 1.411952 0.215105 0.38711 1.411952 0.05910497 0.37461 1.411952 0.215105 0.37461 1.411952 0.215105 0.35211 1.411952 0.05910497 0.35211 1.411952 0.215105 0.36461 1.411952 0.05910497 0.36461 1.411952 0.215105 0.37461 1.456951 0.215105 0.37461 1.450951 0.215105 0.38711 1.456951 0.215105 0.37961 1.450951 0.215105 0.3879782 1.456876 0.215105 0.35961 1.422251 0.215105 0.36211 1.424952 0.215105 0.36211 1.443951 0.215105 0.3918085 1.453662 0.215105 0.392034 1.45282 0.215105 0.37961 1.446651 0.215105 0.37711 1.443951 0.215105 0.3914401 1.414451 0.215105 0.3918085 1.415241 0.215105 0.34711 1.416952 0.215105 0.34711 1.451951 0.215105 0.35961 1.446651 0.215105 0.3471859 1.45282 0.215105 0.392034 1.416083 0.215105 0.39211 1.416952 0.215105 0.39211 1.451951 0.215105 0.37711 1.424952 0.215105 0.37961 1.422251 0.215105 0.3888201 1.412253 0.215105 0.38961 1.412621 0.215105 0.3903239 1.413121 0.215105 0.3909402 1.413738 0.215105 0.3471716 1.416169 0.215105 0.3473547 1.415406 0.215105 0.3476549 1.414682 0.215105 0.36461 1.450951 0.215105 0.36461 1.456951 0.215105 0.35961 1.450951 0.215105 0.35211 1.456951 0.215105 0.3512417 1.456876 0.215105 0.3503999 1.45665 0.215105 0.3914401 1.454451 0.215105 0.3909402 1.455165 0.215105 0.3903239 1.455782 0.215105 0.36461 1.417951 0.215105 0.35961 1.417951 0.215105 0.3513278 1.412013 0.215105 0.3505649 1.412196 0.215105 0.3498401 1.412496 0.215105 0.3480649 1.414013 0.215105 0.3485745 1.413416 0.215105 0.3491711 1.412906 0.215105 0.38961 1.456282 0.215105 0.3888201 1.45665 0.215105 0.34961 1.456282 0.215105 0.348896 1.455782 0.215105 0.3482798 1.455165 0.215105 0.37461 1.417951 0.215105 0.37961 1.417951 0.215105 0.3879782 1.412027 0.215105 0.3477799 1.454451 0.215105 0.3474115 1.453662 0.05910497 0.35961 1.446651 0.05910497 0.36211 1.443951 0.05910497 0.36211 1.424952 0.05910497 0.39211 1.416952 0.05910497 0.37961 1.422251 0.05910497 0.39211 1.451951 0.05910497 0.37711 1.424952 0.05910497 0.392034 1.416083 0.05910497 0.3918085 1.415241 0.05910497 0.3914401 1.414451 0.05910497 0.3914401 1.454451 0.05910497 0.3918085 1.453662 0.05910497 0.392034 1.45282 0.05910497 0.34711 1.451951 0.05910497 0.34711 1.416952 0.05910497 0.35961 1.422251 0.05910497 0.3471716 1.416169 0.05910497 0.36461 1.417951 0.05910497 0.35961 1.417951 0.05910497 0.3909402 1.413738 0.05910497 0.3903239 1.413121 0.05910497 0.38961 1.412621 0.05910497 0.37711 1.443951 0.05910497 0.37961 1.446651 0.05910497 0.3471859 1.45282 0.05910497 0.3474115 1.453662 0.05910497 0.3477799 1.454451 0.05910497 0.3513278 1.412013 0.05910497 0.3505649 1.412196 0.05910497 0.3498401 1.412496 0.05910497 0.37461 1.417951 0.05910497 0.37961 1.417951 0.05910497 0.3879782 1.412027 0.05910497 0.3888201 1.412253 0.05910497 0.36461 1.456951 0.05910497 0.36461 1.450951 0.05910497 0.35211 1.456951 0.05910497 0.35961 1.450951 0.05910497 0.3512417 1.456876 0.05910497 0.3503999 1.45665 0.05910497 0.3888201 1.45665 0.05910497 0.38961 1.456282 0.05910497 0.3903239 1.455782 0.05910497 0.3909402 1.455165 0.05910497 0.3482798 1.455165 0.05910497 0.348896 1.455782 0.05910497 0.34961 1.456282 0.05910497 0.37461 1.450951 0.05910497 0.37461 1.456951 0.05910497 0.37961 1.450951 0.05910497 0.38711 1.456951 0.05910497 0.3879782 1.456876 0.05910497 0.3491711 1.412906 0.05910497 0.3485745 1.413416 0.05910497 0.3480649 1.414013 0.05910497 0.3476549 1.414682 0.05910497 0.3473547 1.415406</float_array>
          <technique_common>
            <accessor source="#MMO_700_dual_-_base_plate_beam-2-mesh-positions-array" count="122" stride="3">
              <param name="X" type="float"/>
              <param name="Y" type="float"/>
              <param name="Z" type="float"/>
            </accessor>
          </technique_common>
        </source>
        <source id="MMO_700_dual_-_base_plate_beam-2-mesh-normals">
          <float_array id="MMO_700_dual_-_base_plate_beam-2-mesh-normals-array" count="435">0 0 -1 1 0 0 1 -5.3492e-6 0 1 -6.55893e-6 0 1 8.86971e-7 0 1 5.67975e-6 0 1 -2.06817e-5 0 1 5.01946e-5 0 1 1.03405e-5 0 1 -2.45086e-6 0 1 4.90186e-6 0 1 -4.44184e-6 0 1 7.50677e-6 0 1 1.63108e-5 0 1 -1.35951e-5 0 1 1.03259e-5 0 1 3.46645e-6 0 1 5.70815e-6 0 1 -3.03892e-6 0 1 6.538e-6 0 1 -4.99201e-5 0 1 -9.85178e-6 0 1 -1.07105e-6 0 1 9.35039e-6 0 1 1.38154e-6 0 1 9.22128e-6 0 1 -5.29105e-6 0 1 -4.12473e-5 0 1 2.37982e-6 0 1 3.86237e-5 0 1 -3.46691e-6 0 1 -7.14572e-6 0 1 7.36912e-6 0 -1 0 0 -1 2.69478e-7 0 -1 -2.45627e-6 0 -1 2.38213e-6 0 -1 1.54451e-6 0 -1 -2.41299e-6 0 -1 -3.32617e-7 0 -1 1.41936e-6 0 -1 -5.76143e-6 0 -1 -7.13885e-6 0 -1 2.7573e-6 0 -1 -1.83815e-6 0 -1 -1.54443e-6 0 -1 1.3115e-6 0 -1 -3.31493e-6 0 -1 5.45553e-6 0 -1 3.36997e-6 0 -1 5.36145e-6 0 -1 -5.53515e-6 0 -1 9.32279e-6 0 -1 -5.36145e-6 0 -1 -3.36997e-6 0 -1 -3.86662e-6 0 -1 -3.82413e-7 0 -1 1.73322e-7 0 -1 -1.00183e-6 0 -1 -5.25028e-6 0 -1 3.99155e-6 0 -1 -6.86251e-7 0 0 0 1 0 1 0 0 -1 0 0 0.733763 0.6794055 0 0.7337565 0.6794126 0 -0.7337566 0.6794125 0 -0.7337565 0.6794126 0 0.08713304 -0.9961967 0 0.08712357 -0.9961975 0 0.2587829 -0.9659356 0 0.2587965 -0.965932 0 0.4226143 -0.9063097 0 0.4226353 -0.9062998 0 0.5735406 -0.8191772 0 0.5735149 -0.8191952 0 0.7071156 -0.707098 0 0.707143 -0.7070706 0 0.8191543 -0.5735734 0 0.8191542 -0.5735734 0 0.9063293 -0.422572 0 0.9062874 -0.422662 0 0.9659406 -0.2587642 0 0.9659131 -0.2588663 0 0.996193 -0.08717644 0 0.9961977 -0.08712202 0 0.9961966 0.08713394 0 0.9961919 0.0871883 0 0.9659132 0.2588664 0 0.9659406 0.2587641 0 0.9062874 0.422662 0 0.9063293 0.422572 0 0.8191543 0.5735734 0 0.8191542 0.5735734 0 0.707143 0.7070706 0 0.7071156 0.707098 0 0.5736066 0.819131 0 0.5736324 0.8191128 0 0.4226353 0.9063 0 0.4226143 0.9063096 0 0.2587966 0.965932 0 0.2587828 0.9659356 0 0.08712351 0.9961975 0 0.08713304 0.9961967 0 -0.9969176 -0.07845693 0 -0.9969223 -0.07839643 0 -0.9723633 -0.2334733 0 -0.9723633 -0.2334732 0 -0.9238582 -0.3827351 0 -0.9239013 -0.3826311 0 -0.85269 -0.5224172 0 -0.8526359 -0.5225057 0 -0.7604236 -0.6494275 0 -0.7604237 -0.6494274 0 -0.6493732 -0.76047 0 -0.6494334 -0.7604185 0 -0.5225365 -0.852617 0 -0.5224823 -0.8526502 0 -0.3827304 -0.9238601 0 -0.3827306 -0.9238601 0 -0.2333785 -0.972386 0 -0.2333923 -0.9723827 0 -0.07839614 -0.9969223 0 -0.0784009 -0.996922 0 -0.08712828 0.9961972 0 -0.08712357 0.9961975 0 -0.2587829 0.9659356 0 -0.2587965 0.965932 0 -0.4226353 0.9063 0 -0.4226564 0.9062901 0 -0.5736066 0.819131 0 -0.5736324 0.8191128 0 -0.7071156 0.707098 0 -0.8191543 0.5735734 0 -0.8191542 0.5735734 0 -0.9063085 0.4226171 0 -0.9659132 0.2588664 0 -0.965927 0.2588152 0 -0.9961966 0.08713394 0 -0.9961967 0.08713388 0 -0.7337715 -0.6793963 0 -0.7337715 -0.6793965 0 0.7337715 -0.6793963 0 0.7337779 -0.6793894</float_array>
          <technique_common>
            <accessor source="#MMO_700_dual_-_base_plate_beam-2-mesh-normals-array" count="145" stride="3">
              <param name="X" type="float"/>
              <param name="Y" type="float"/>
              <param name="Z" type="float"/>
            </accessor>
          </technique_common>
        </source>
        <vertices id="MMO_700_dual_-_base_plate_beam-2-mesh-vertices">
          <input semantic="POSITION" source="#MMO_700_dual_-_base_plate_beam-2-mesh-positions"/>
        </vertices>
        <triangles count="240">
          <input semantic="VERTEX" source="#MMO_700_dual_-_base_plate_beam-2-mesh-vertices" offset="0"/>
          <input semantic="NORMAL" source="#MMO_700_dual_-_base_plate_beam-2-mesh-normals" offset="1"/>
          <p>0 0 1 0 2 0 2 0 1 0 3 0 4 0 5 0 6 0 6 0 5 0 7 0 8 1 9 1 10 1 10 1 9 1 11 1 10 1 11 1 12 1 13 1 14 1 15 1 16 2 11 2 17 2 17 1 11 1 18 1 19 3 20 3 21 3 22 4 15 4 23 4 23 5 15 5 24 5 23 6 24 6 25 6 21 1 26 1 19 1 19 7 26 7 27 7 19 1 27 1 18 1 18 1 27 1 28 1 18 8 28 8 17 8 15 1 14 1 19 1 19 1 14 1 29 1 19 9 29 9 30 9 31 1 32 1 30 1 30 10 32 10 33 10 30 11 33 11 19 11 19 12 33 12 34 12 19 13 34 13 20 13 22 1 35 1 15 1 15 1 35 1 36 1 15 14 36 14 37 14 38 1 39 1 40 1 40 1 39 1 41 1 40 1 41 1 24 1 24 15 41 15 42 15 24 16 42 16 43 16 16 1 44 1 11 1 11 17 44 17 45 17 11 18 45 18 46 18 6 1 47 1 4 1 4 1 47 1 48 1 4 1 48 1 49 1 49 19 48 19 13 19 49 20 13 20 50 20 50 1 13 1 51 1 37 1 52 1 15 1 15 21 52 21 53 21 15 22 53 22 13 22 13 23 53 23 54 23 13 24 54 24 51 24 46 1 55 1 11 1 11 25 55 25 56 25 11 26 56 26 12 26 43 27 57 27 24 27 24 1 57 1 58 1 24 28 58 28 59 28 60 1 3 1 61 1 61 1 3 1 1 1 61 1 1 1 30 1 30 29 1 29 62 29 30 30 62 30 31 30 59 1 63 1 24 1 24 31 63 31 64 31 24 32 64 32 25 32 65 33 66 33 67 33 68 33 69 33 70 33 70 34 69 34 71 34 68 33 72 33 69 33 69 35 72 35 73 35 69 36 73 36 74 36 75 33 76 33 71 33 71 37 76 37 77 37 71 38 77 38 70 38 78 39 67 39 79 39 79 40 67 40 80 40 79 41 80 41 81 41 82 33 7 33 83 33 83 33 7 33 5 33 83 33 5 33 80 33 74 33 84 33 69 33 69 42 84 42 85 42 69 43 85 43 86 43 67 33 66 33 71 33 71 33 66 33 87 33 71 44 87 44 88 44 78 33 89 33 67 33 67 45 89 45 90 45 67 46 90 46 91 46 5 33 92 33 80 33 80 47 92 47 93 47 80 48 93 48 94 48 2 33 95 33 0 33 0 33 95 33 96 33 0 33 96 33 97 33 97 33 96 33 69 33 97 33 69 33 98 33 98 33 69 33 86 33 99 33 100 33 101 33 101 33 100 33 102 33 101 33 102 33 103 33 103 33 102 33 65 33 103 33 65 33 104 33 105 33 106 33 88 33 88 49 106 49 107 49 88 33 107 33 71 33 71 50 107 50 108 50 71 51 108 51 75 51 91 52 109 52 67 52 67 53 109 53 110 53 67 33 110 33 65 33 65 54 110 54 111 54 65 55 111 55 104 55 112 33 113 33 114 33 114 33 113 33 115 33 114 33 115 33 88 33 88 56 115 56 116 56 88 57 116 57 105 57 94 33 117 33 80 33 80 58 117 58 118 58 80 59 118 59 119 59 119 33 120 33 80 33 80 60 120 60 121 60 80 61 121 61 81 61 41 62 39 62 101 62 101 62 39 62 99 62 68 63 70 63 27 63 27 63 70 63 28 63 115 62 113 62 10 62 10 62 113 62 8 62 22 64 23 64 79 64 79 64 23 64 78 64 39 63 38 63 99 63 99 63 38 63 100 63 38 0 40 0 100 0 100 0 40 0 102 0 40 63 24 63 102 63 102 63 24 63 65 63 24 65 15 65 65 65 65 66 15 66 66 66 15 62 19 62 66 62 66 62 19 62 87 62 19 67 18 67 87 67 87 68 18 68 88 68 18 64 11 64 88 64 88 64 11 64 114 64 11 0 9 0 114 0 114 0 9 0 112 0 9 64 8 64 112 64 112 64 8 64 113 64 1 69 0 69 97 69 1 70 97 70 62 70 62 71 97 71 98 71 62 72 98 72 31 72 31 73 98 73 86 73 31 74 86 74 32 74 32 75 86 75 85 75 32 76 85 76 33 76 33 77 85 77 84 77 33 78 84 78 34 78 34 79 84 79 74 79 34 80 74 80 20 80 20 81 74 81 73 81 20 82 73 82 21 82 21 83 73 83 72 83 21 84 72 84 26 84 26 85 72 85 68 85 26 86 68 86 27 86 28 87 70 87 77 87 28 88 77 88 17 88 17 89 77 89 76 89 17 90 76 90 16 90 16 91 76 91 75 91 16 92 75 92 44 92 44 93 75 93 108 93 44 94 108 94 45 94 45 95 108 95 107 95 45 96 107 96 46 96 46 97 107 97 106 97 46 98 106 98 55 98 55 99 106 99 105 99 55 100 105 100 56 100 56 101 105 101 116 101 56 102 116 102 12 102 12 103 116 103 115 103 12 104 115 104 10 104 22 105 79 105 81 105 22 106 81 106 35 106 35 107 81 107 121 107 35 108 121 108 36 108 36 109 121 109 120 109 36 110 120 110 37 110 37 111 120 111 119 111 37 112 119 112 52 112 52 113 119 113 118 113 52 114 118 114 53 114 53 115 118 115 117 115 53 116 117 116 54 116 54 117 117 117 94 117 54 118 94 118 51 118 51 119 94 119 93 119 51 120 93 120 50 120 50 121 93 121 92 121 50 122 92 122 49 122 49 123 92 123 5 123 49 124 5 124 4 124 41 125 101 125 103 125 41 126 103 126 42 126 42 127 103 127 104 127 42 128 104 128 43 128 43 129 104 129 111 129 43 130 111 130 57 130 57 131 111 131 110 131 57 132 110 132 58 132 58 133 110 133 109 133 58 133 109 133 59 133 59 134 109 134 91 134 59 135 91 135 63 135 63 136 91 136 90 136 63 136 90 136 64 136 64 137 90 137 89 137 64 138 89 138 25 138 25 139 89 139 78 139 25 140 78 140 23 140 3 64 60 64 2 64 2 64 60 64 95 64 60 62 61 62 95 62 95 62 61 62 96 62 61 64 30 64 96 64 96 64 30 64 69 64 30 141 29 141 69 141 69 142 29 142 71 142 29 0 14 0 71 0 71 0 14 0 67 0 14 143 13 143 67 143 67 144 13 144 80 144 13 63 48 63 80 63 80 63 48 63 83 63 48 62 47 62 83 62 83 62 47 62 82 62 47 63 6 63 82 63 82 63 6 63 7 63</p>
        </triangles>
      </mesh>
    </geometry>
    <geometry id="MMO_700_dual_-_base_plate_beam-1-mesh" name="MMO_700_dual - base_plate_beam-1">
      <mesh>
        <source id="MMO_700_dual_-_base_plate_beam-1-mesh-positions">
          <float_array id="MMO_700_dual_-_base_plate_beam-1-mesh-positions-array" count="366">0.05910497 0.50711 1.456951 0.215105 0.50711 1.456951 0.05910497 0.51961 1.456951 0.215105 0.51961 1.456951 0.215105 0.54211 1.456951 0.05910497 0.54211 1.456951 0.215105 0.52961 1.456951 0.05910497 0.52961 1.456951 0.215105 0.51961 1.411952 0.215105 0.51961 1.417951 0.215105 0.50711 1.411952 0.215105 0.51461 1.417951 0.215105 0.5062417 1.412027 0.215105 0.53461 1.446651 0.215105 0.53211 1.443951 0.215105 0.53211 1.424952 0.215105 0.5024116 1.415241 0.215105 0.502186 1.416083 0.215105 0.51461 1.422251 0.215105 0.51711 1.424952 0.215105 0.5027799 1.454451 0.215105 0.5024116 1.453662 0.215105 0.54711 1.451951 0.215105 0.54711 1.416952 0.215105 0.53461 1.422251 0.215105 0.547034 1.416083 0.215105 0.502186 1.45282 0.215105 0.50211 1.451951 0.215105 0.50211 1.416952 0.215105 0.51711 1.443951 0.215105 0.51461 1.446651 0.215105 0.5053999 1.45665 0.215105 0.50461 1.456282 0.215105 0.5038961 1.455782 0.215105 0.5032798 1.455165 0.215105 0.5470485 1.452734 0.215105 0.5468653 1.453497 0.215105 0.546565 1.454221 0.215105 0.52961 1.417951 0.215105 0.52961 1.411952 0.215105 0.53461 1.417951 0.215105 0.54211 1.411952 0.215105 0.5429782 1.412027 0.215105 0.5438201 1.412253 0.215105 0.5027799 1.414451 0.215105 0.5032798 1.413738 0.215105 0.5038961 1.413121 0.215105 0.52961 1.450951 0.215105 0.53461 1.450951 0.215105 0.5428922 1.45689 0.215105 0.5436551 1.456707 0.215105 0.54438 1.456406 0.215105 0.5461551 1.45489 0.215105 0.5456455 1.455487 0.215105 0.5450489 1.455997 0.215105 0.50461 1.412621 0.215105 0.5053999 1.412253 0.215105 0.54461 1.412621 0.215105 0.5453239 1.413121 0.215105 0.5459402 1.413738 0.215105 0.51961 1.450951 0.215105 0.51461 1.450951 0.215105 0.5062417 1.456876 0.215105 0.5464401 1.414451 0.215105 0.5468085 1.415241 0.05910497 0.53461 1.422251 0.05910497 0.53211 1.424952 0.05910497 0.53211 1.443951 0.05910497 0.50211 1.451951 0.05910497 0.51461 1.446651 0.05910497 0.50211 1.416952 0.05910497 0.51711 1.443951 0.05910497 0.502186 1.45282 0.05910497 0.5024116 1.453662 0.05910497 0.5027799 1.454451 0.05910497 0.5027799 1.414451 0.05910497 0.5024116 1.415241 0.05910497 0.502186 1.416083 0.05910497 0.54711 1.416952 0.05910497 0.54711 1.451951 0.05910497 0.53461 1.446651 0.05910497 0.5470485 1.452734 0.05910497 0.52961 1.450951 0.05910497 0.53461 1.450951 0.05910497 0.5032798 1.455165 0.05910497 0.5038961 1.455782 0.05910497 0.50461 1.456282 0.05910497 0.51711 1.424952 0.05910497 0.51461 1.422251 0.05910497 0.547034 1.416083 0.05910497 0.5468085 1.415241 0.05910497 0.5464401 1.414451 0.05910497 0.5428922 1.45689 0.05910497 0.5436551 1.456707 0.05910497 0.54438 1.456406 0.05910497 0.51961 1.450951 0.05910497 0.51461 1.450951 0.05910497 0.5062417 1.456876 0.05910497 0.5053999 1.45665 0.05910497 0.52961 1.411952 0.05910497 0.52961 1.417951 0.05910497 0.54211 1.411952 0.05910497 0.53461 1.417951 0.05910497 0.5429782 1.412027 0.05910497 0.5438201 1.412253 0.05910497 0.5053999 1.412253 0.05910497 0.50461 1.412621 0.05910497 0.5038961 1.413121 0.05910497 0.5032798 1.413738 0.05910497 0.5459402 1.413738 0.05910497 0.5453239 1.413121 0.05910497 0.54461 1.412621 0.05910497 0.51961 1.417951 0.05910497 0.51961 1.411952 0.05910497 0.51461 1.417951 0.05910497 0.50711 1.411952 0.05910497 0.5062417 1.412027 0.05910497 0.5450489 1.455997 0.05910497 0.5456455 1.455487 0.05910497 0.5461551 1.45489 0.05910497 0.546565 1.454221 0.05910497 0.5468653 1.453497</float_array>
          <technique_common>
            <accessor source="#MMO_700_dual_-_base_plate_beam-1-mesh-positions-array" count="122" stride="3">
              <param name="X" type="float"/>
              <param name="Y" type="float"/>
              <param name="Z" type="float"/>
            </accessor>
          </technique_common>
        </source>
        <source id="MMO_700_dual_-_base_plate_beam-1-mesh-normals">
          <float_array id="MMO_700_dual_-_base_plate_beam-1-mesh-normals-array" count="420">0 0 1 1 0 0 1 5.35103e-6 0 1 6.55776e-6 0 1 -8.86971e-7 0 1 -5.67743e-6 0 1 -5.40543e-5 0 1 -5.17141e-6 0 1 2.45086e-6 0 1 -4.12473e-5 0 1 -4.44192e-6 0 1 2.68062e-5 0 1 -1.63141e-5 0 1 -3.53065e-6 0 1 1.35939e-5 0 1 3.86256e-5 0 1 -3.46629e-6 0 1 -5.70946e-6 0 1 3.0387e-6 0 1 -6.538e-6 0 1 9.85018e-6 0 1 1.07109e-6 0 1 -1.46914e-5 0 1 5.52627e-6 0 1 -9.21611e-6 0 1 5.29213e-6 0 1 4.90186e-6 0 1 -2.38005e-6 0 1 1.03259e-5 0 1 3.46645e-6 0 1 7.14347e-6 0 1 -7.36963e-6 0 -1 0 0 -1 -1.3474e-6 0 -1 2.45637e-6 0 -1 -2.38136e-6 0 -1 -1.54398e-6 0 -1 1.01363e-5 0 -1 3.32614e-7 0 -1 -1.41968e-6 0 -1 7.13885e-6 0 -1 -3.36997e-6 0 -1 -6.12715e-7 0 -1 -1.54435e-5 0 -1 1.54389e-6 0 -1 -1.31193e-6 0 -1 3.89913e-6 0 -1 -5.45591e-6 0 -1 -2.7573e-6 0 -1 3.21701e-6 0 -1 -3.78643e-6 0 -1 -3.21701e-6 0 -1 2.7573e-6 0 -1 3.86726e-6 0 -1 3.82431e-7 0 -1 -1.73315e-7 0 -1 1.66948e-6 0 -1 5.25023e-6 0 -1 -3.99093e-6 0 -1 1.37228e-6 0 0 0 -1 0 -1 0 0 1 0 0 -0.7337909 -0.6793754 0 -0.733765 -0.6794034 0 0.7337651 -0.6794034 0 0.7337908 -0.6793755 0 -0.08711403 0.9961984 0 -0.08713304 0.9961967 0 -0.2587966 0.965932 0 -0.2587965 0.965932 0 -0.4226143 0.9063097 0 -0.4226564 0.9062901 0 -0.5736324 0.819113 0 -0.5736324 0.8191128 0 -0.7070608 0.7071529 0 -0.7071156 0.707098 0 -0.8191799 0.5735366 0 -0.8191285 0.5736101 0 -0.9063085 0.4226171 0 -0.9063503 0.422527 0 -0.9658858 0.2589687 0 -0.9659406 0.2587641 0 -0.9961966 0.08713394 0 -0.9961967 0.08713388 0 -0.9961977 -0.08712202 0 -0.9961977 -0.08712202 0 -0.9659406 -0.2587642 0 -0.9658858 -0.2589686 0 -0.9063503 -0.422527 0 -0.9063085 -0.4226171 0 -0.8191285 -0.5736102 0 -0.81918 -0.5735366 0 -0.7071156 -0.707098 0 -0.7070608 -0.7071529 0 -0.5735406 -0.8191772 0 -0.4226562 -0.9062901 0 -0.4226143 -0.9063096 0 -0.2587966 -0.965932 0 -0.2587965 -0.965932 0 -0.08713304 -0.9961967 0 -0.08711403 -0.9961984 0 0.9969118 0.07852929 0 0.9969214 0.0784083 0 0.9723854 0.2333812 0 0.9723577 0.2334963 0 0.9238582 0.3827351 0 0.9238582 0.382735 0 0.8525944 0.5225735 0 0.8527029 0.5223963 0 0.7604537 0.6493923 0 0.7603936 0.6494626 0 0.6494311 0.7604205 0 0.6494911 0.7603692 0 0.5224803 0.8526514 0 0.5223718 0.8527179 0 0.382752 0.9238512 0 0.382709 0.9238689 0 0.2335221 0.9723516 0 0.07839614 0.9969223 0 0.08712351 -0.9961975 0 0.08712357 -0.9961975 0 0.2587966 -0.965932 0 0.2587965 -0.965932 0 0.4226143 -0.9063097 0 0.4226564 -0.9062901 0 0.5735406 -0.8191772 0 0.7070608 -0.7071529 0 0.7071156 -0.707098 0 0.8191799 -0.5735366 0 0.8191285 -0.5736101 0 0.9063085 -0.4226171 0 0.9659132 -0.2588664 0 0.9659406 -0.2587641 0 0.9961882 -0.0872308 0 0.9961977 -0.08712202 0 0.733776 0.6793915 0 0.7337501 0.6794196 0 -0.7337501 0.6794195 0 -0.7337759 0.6793916</float_array>
          <technique_common>
            <accessor source="#MMO_700_dual_-_base_plate_beam-1-mesh-normals-array" count="140" stride="3">
              <param name="X" type="float"/>
              <param name="Y" type="float"/>
              <param name="Z" type="float"/>
            </accessor>
          </technique_common>
        </source>
        <vertices id="MMO_700_dual_-_base_plate_beam-1-mesh-vertices">
          <input semantic="POSITION" source="#MMO_700_dual_-_base_plate_beam-1-mesh-positions"/>
        </vertices>
        <triangles count="240">
          <input semantic="VERTEX" source="#MMO_700_dual_-_base_plate_beam-1-mesh-vertices" offset="0"/>
          <input semantic="NORMAL" source="#MMO_700_dual_-_base_plate_beam-1-mesh-normals" offset="1"/>
          <p>0 0 1 0 2 0 2 0 1 0 3 0 4 0 5 0 6 0 6 0 5 0 7 0 8 1 9 1 10 1 10 1 9 1 11 1 10 1 11 1 12 1 13 1 14 1 15 1 16 2 11 2 17 2 17 1 11 1 18 1 19 3 20 3 21 3 22 4 15 4 23 4 23 5 15 5 24 5 23 1 24 1 25 1 21 1 26 1 19 1 19 6 26 6 27 6 19 1 27 1 18 1 18 1 27 1 28 1 18 7 28 7 17 7 15 1 14 1 19 1 19 1 14 1 29 1 19 8 29 8 30 8 31 9 32 9 30 9 30 1 32 1 33 1 30 10 33 10 19 10 19 11 33 11 34 11 19 12 34 12 20 12 22 1 35 1 15 1 15 13 35 13 36 13 15 14 36 14 37 14 38 1 39 1 40 1 40 1 39 1 41 1 40 1 41 1 24 1 24 15 41 15 42 15 24 16 42 16 43 16 16 1 44 1 11 1 11 17 44 17 45 17 11 18 45 18 46 18 6 1 47 1 4 1 4 1 47 1 48 1 4 1 48 1 49 1 49 19 48 19 13 19 49 1 13 1 50 1 50 1 13 1 51 1 37 1 52 1 15 1 15 20 52 20 53 20 15 21 53 21 13 21 13 22 53 22 54 22 13 23 54 23 51 23 46 1 55 1 11 1 11 24 55 24 56 24 11 25 56 25 12 25 43 1 57 1 24 1 24 26 57 26 58 26 24 27 58 27 59 27 60 1 3 1 61 1 61 1 3 1 1 1 61 1 1 1 30 1 30 28 1 28 62 28 30 29 62 29 31 29 59 1 63 1 24 1 24 30 63 30 64 30 24 31 64 31 25 31 65 32 66 32 67 32 68 32 69 32 70 32 70 33 69 33 71 33 68 32 72 32 69 32 69 34 72 34 73 34 69 35 73 35 74 35 75 32 76 32 71 32 71 36 76 36 77 36 71 37 77 37 70 37 78 38 67 38 79 38 79 39 67 39 80 39 79 32 80 32 81 32 82 32 7 32 83 32 83 32 7 32 5 32 83 32 5 32 80 32 74 32 84 32 69 32 69 40 84 40 85 40 69 41 85 41 86 41 67 32 66 32 71 32 71 32 66 32 87 32 71 42 87 42 88 42 78 43 89 43 67 43 67 44 89 44 90 44 67 45 90 45 91 45 5 32 92 32 80 32 80 46 92 46 93 46 80 47 93 47 94 47 2 32 95 32 0 32 0 32 95 32 96 32 0 32 96 32 97 32 97 32 96 32 69 32 97 32 69 32 98 32 98 32 69 32 86 32 99 32 100 32 101 32 101 32 100 32 102 32 101 32 102 32 103 32 103 32 102 32 65 32 103 32 65 32 104 32 105 32 106 32 88 32 88 48 106 48 107 48 88 32 107 32 71 32 71 49 107 49 108 49 71 50 108 50 75 50 91 32 109 32 67 32 67 51 109 51 110 51 67 32 110 32 65 32 65 52 110 52 111 52 65 53 111 53 104 53 112 32 113 32 114 32 114 32 113 32 115 32 114 32 115 32 88 32 88 54 115 54 116 54 88 55 116 55 105 55 94 32 117 32 80 32 80 56 117 56 118 56 80 57 118 57 119 57 119 32 120 32 80 32 80 58 120 58 121 58 80 59 121 59 81 59 41 60 39 60 101 60 101 60 39 60 99 60 68 61 70 61 27 61 27 61 70 61 28 61 115 60 113 60 10 60 10 60 113 60 8 60 22 62 23 62 79 62 79 62 23 62 78 62 39 61 38 61 99 61 99 61 38 61 100 61 38 0 40 0 100 0 100 0 40 0 102 0 40 61 24 61 102 61 102 61 24 61 65 61 24 63 15 63 65 63 65 64 15 64 66 64 15 60 19 60 66 60 66 60 19 60 87 60 19 65 18 65 87 65 87 66 18 66 88 66 18 62 11 62 88 62 88 62 11 62 114 62 11 0 9 0 114 0 114 0 9 0 112 0 9 62 8 62 112 62 112 62 8 62 113 62 1 67 0 67 97 67 1 68 97 68 62 68 62 69 97 69 98 69 62 70 98 70 31 70 31 71 98 71 86 71 31 72 86 72 32 72 32 73 86 73 85 73 32 74 85 74 33 74 33 75 85 75 84 75 33 76 84 76 34 76 34 77 84 77 74 77 34 78 74 78 20 78 20 79 74 79 73 79 20 80 73 80 21 80 21 81 73 81 72 81 21 82 72 82 26 82 26 83 72 83 68 83 26 84 68 84 27 84 28 85 70 85 77 85 28 86 77 86 17 86 17 87 77 87 76 87 17 88 76 88 16 88 16 89 76 89 75 89 16 90 75 90 44 90 44 91 75 91 108 91 44 92 108 92 45 92 45 93 108 93 107 93 45 94 107 94 46 94 46 95 107 95 106 95 46 95 106 95 55 95 55 96 106 96 105 96 55 97 105 97 56 97 56 98 105 98 116 98 56 99 116 99 12 99 12 100 116 100 115 100 12 101 115 101 10 101 22 102 79 102 81 102 22 103 81 103 35 103 35 104 81 104 121 104 35 105 121 105 36 105 36 106 121 106 120 106 36 107 120 107 37 107 37 108 120 108 119 108 37 109 119 109 52 109 52 110 119 110 118 110 52 111 118 111 53 111 53 112 118 112 117 112 53 113 117 113 54 113 54 114 117 114 94 114 54 115 94 115 51 115 51 116 94 116 93 116 51 117 93 117 50 117 50 118 93 118 92 118 50 118 92 118 49 118 49 119 92 119 5 119 49 119 5 119 4 119 41 120 101 120 103 120 41 121 103 121 42 121 42 122 103 122 104 122 42 123 104 123 43 123 43 124 104 124 111 124 43 125 111 125 57 125 57 126 111 126 110 126 57 126 110 126 58 126 58 127 110 127 109 127 58 128 109 128 59 128 59 129 109 129 91 129 59 130 91 130 63 130 63 131 91 131 90 131 63 131 90 131 64 131 64 132 90 132 89 132 64 133 89 133 25 133 25 134 89 134 78 134 25 135 78 135 23 135 3 62 60 62 2 62 2 62 60 62 95 62 60 60 61 60 95 60 95 60 61 60 96 60 61 62 30 62 96 62 96 62 30 62 69 62 30 136 29 136 69 136 69 137 29 137 71 137 29 0 14 0 71 0 71 0 14 0 67 0 14 138 13 138 67 138 67 139 13 139 80 139 13 61 48 61 80 61 80 61 48 61 83 61 48 60 47 60 83 60 83 60 47 60 82 60 47 61 6 61 82 61 82 61 6 61 7 61</p>
        </triangles>
      </mesh>
    </geometry>
  </library_geometries>
  <library_visual_scenes>
    <visual_scene id="Scene" name="Scene">
      <node id="MMO_700_dual_-_robot_rail-2" name="MMO_700_dual - robot_rail-2" type="NODE">
        <matrix sid="transform">1 0 0 -0.26 0 1 0 -0.447 0 0 1 -0.767 0 0 0 1</matrix>
        <instance_geometry url="#MMO_700_dual_-_robot_rail-2-mesh" name="MMO_700_dual - robot_rail-2"/>
      </node>
      <node id="MMO_700_dual_-_robot_rail-1" name="MMO_700_dual - robot_rail-1" type="NODE">
        <matrix sid="transform">1 0 0 -0.26 0 1 0 -0.447 0 0 1 -0.767 0 0 0 1</matrix>
        <instance_geometry url="#MMO_700_dual_-_robot_rail-1-mesh" name="MMO_700_dual - robot_rail-1"/>
      </node>
      <node id="MMO_700_dual_-_robot_base_plate-2" name="MMO_700_dual - robot_base_plate-2" type="NODE">
        <matrix sid="transform">1 0 0 -0.26 0 1 0 -0.447 0 0 1 -0.767 0 0 0 1</matrix>
        <instance_geometry url="#MMO_700_dual_-_robot_base_plate-2-mesh" name="MMO_700_dual - robot_base_plate-2"/>
      </node>
      <node id="MMO_700_dual_-_robot_base_plate-1" name="MMO_700_dual - robot_base_plate-1" type="NODE">
        <matrix sid="transform">1 0 0 -0.26 0 1 0 -0.447 0 0 1 -0.767 0 0 0 1</matrix>
        <instance_geometry url="#MMO_700_dual_-_robot_base_plate-1-mesh" name="MMO_700_dual - robot_base_plate-1"/>
      </node>
      <node id="MMO_700_dual_-_rail_cover_small-4" name="MMO_700_dual - rail_cover_small-4" type="NODE">
        <matrix sid="transform">1 0 0 -0.26 0 1 0 -0.447 0 0 1 -0.767 0 0 0 1</matrix>
        <instance_geometry url="#MMO_700_dual_-_rail_cover_small-4-mesh" name="MMO_700_dual - rail_cover_small-4"/>
      </node>
      <node id="MMO_700_dual_-_rail_cover_small-3" name="MMO_700_dual - rail_cover_small-3" type="NODE">
        <matrix sid="transform">1 0 0 -0.26 0 1 0 -0.447 0 0 1 -0.767 0 0 0 1</matrix>
        <instance_geometry url="#MMO_700_dual_-_rail_cover_small-3-mesh" name="MMO_700_dual - rail_cover_small-3"/>
      </node>
      <node id="MMO_700_dual_-_rail_cover_small-2" name="MMO_700_dual - rail_cover_small-2" type="NODE">
        <matrix sid="transform">1 0 0 -0.26 0 1 0 -0.447 0 0 1 -0.767 0 0 0 1</matrix>
        <instance_geometry url="#MMO_700_dual_-_rail_cover_small-2-mesh" name="MMO_700_dual - rail_cover_small-2"/>
      </node>
      <node id="MMO_700_dual_-_rail_cover_small-1" name="MMO_700_dual - rail_cover_small-1" type="NODE">
        <matrix sid="transform">1 0 0 -0.26 0 1 0 -0.447 0 0 1 -0.767 0 0 0 1</matrix>
        <instance_geometry url="#MMO_700_dual_-_rail_cover_small-1-mesh" name="MMO_700_dual - rail_cover_small-1"/>
      </node>
      <node id="MMO_700_dual_-_rail_cover-2" name="MMO_700_dual - rail_cover-2" type="NODE">
        <matrix sid="transform">1 0 0 -0.26 0 1 0 -0.447 0 0 1 -0.767 0 0 0 1</matrix>
        <instance_geometry url="#MMO_700_dual_-_rail_cover-2-mesh" name="MMO_700_dual - rail_cover-2"/>
      </node>
      <node id="MMO_700_dual_-_rail_cover-1" name="MMO_700_dual - rail_cover-1" type="NODE">
        <matrix sid="transform">1 0 0 -0.26 0 1 0 -0.447 0 0 1 -0.767 0 0 0 1</matrix>
        <instance_geometry url="#MMO_700_dual_-_rail_cover-1-mesh" name="MMO_700_dual - rail_cover-1"/>
      </node>
      <node id="MMO_700_dual_-_bracket_single-8" name="MMO_700_dual - bracket_single-8" type="NODE">
        <matrix sid="transform">1 0 0 -0.26 0 1 0 -0.447 0 0 1 -0.767 0 0 0 1</matrix>
        <instance_geometry url="#MMO_700_dual_-_bracket_single-8-mesh" name="MMO_700_dual - bracket_single-8"/>
      </node>
      <node id="MMO_700_dual_-_bracket_single-7" name="MMO_700_dual - bracket_single-7" type="NODE">
        <matrix sid="transform">1 0 0 -0.26 0 1 0 -0.447 0 0 1 -0.767 0 0 0 1</matrix>
        <instance_geometry url="#MMO_700_dual_-_bracket_single-7-mesh" name="MMO_700_dual - bracket_single-7"/>
      </node>
      <node id="MMO_700_dual_-_bracket_single-6" name="MMO_700_dual - bracket_single-6" type="NODE">
        <matrix sid="transform">1 0 0 -0.26 0 1 0 -0.447 0 0 1 -0.767 0 0 0 1</matrix>
        <instance_geometry url="#MMO_700_dual_-_bracket_single-6-mesh" name="MMO_700_dual - bracket_single-6"/>
      </node>
      <node id="MMO_700_dual_-_bracket_single-5" name="MMO_700_dual - bracket_single-5" type="NODE">
        <matrix sid="transform">1 0 0 -0.26 0 1 0 -0.447 0 0 1 -0.767 0 0 0 1</matrix>
        <instance_geometry url="#MMO_700_dual_-_bracket_single-5-mesh" name="MMO_700_dual - bracket_single-5"/>
      </node>
      <node id="MMO_700_dual_-_bracket_single-4" name="MMO_700_dual - bracket_single-4" type="NODE">
        <matrix sid="transform">1 0 0 -0.26 0 1 0 -0.447 0 0 1 -0.767 0 0 0 1</matrix>
        <instance_geometry url="#MMO_700_dual_-_bracket_single-4-mesh" name="MMO_700_dual - bracket_single-4"/>
      </node>
      <node id="MMO_700_dual_-_bracket_single-3" name="MMO_700_dual - bracket_single-3" type="NODE">
        <matrix sid="transform">1 0 0 -0.26 0 1 0 -0.447 0 0 1 -0.767 0 0 0 1</matrix>
        <instance_geometry url="#MMO_700_dual_-_bracket_single-3-mesh" name="MMO_700_dual - bracket_single-3"/>
      </node>
      <node id="MMO_700_dual_-_bracket_single-2" name="MMO_700_dual - bracket_single-2" type="NODE">
        <matrix sid="transform">1 0 0 -0.26 0 1 0 -0.447 0 0 1 -0.767 0 0 0 1</matrix>
        <instance_geometry url="#MMO_700_dual_-_bracket_single-2-mesh" name="MMO_700_dual - bracket_single-2"/>
      </node>
      <node id="MMO_700_dual_-_bracket_single-1" name="MMO_700_dual - bracket_single-1" type="NODE">
        <matrix sid="transform">1 0 0 -0.26 0 1 0 -0.447 0 0 1 -0.767 0 0 0 1</matrix>
        <instance_geometry url="#MMO_700_dual_-_bracket_single-1-mesh" name="MMO_700_dual - bracket_single-1"/>
      </node>
      <node id="MMO_700_dual_-_bracket-2" name="MMO_700_dual - bracket-2" type="NODE">
        <matrix sid="transform">1 0 0 -0.26 0 1 0 -0.447 0 0 1 -0.767 0 0 0 1</matrix>
        <instance_geometry url="#MMO_700_dual_-_bracket-2-mesh" name="MMO_700_dual - bracket-2"/>
      </node>
      <node id="MMO_700_dual_-_bracket-1" name="MMO_700_dual - bracket-1" type="NODE">
        <matrix sid="transform">1 0 0 -0.26 0 1 0 -0.447 0 0 1 -0.767 0 0 0 1</matrix>
        <instance_geometry url="#MMO_700_dual_-_bracket-1-mesh" name="MMO_700_dual - bracket-1"/>
      </node>
      <node id="MMO_700_dual_-_base_plate_connector-4" name="MMO_700_dual - base_plate_connector-4" type="NODE">
        <matrix sid="transform">1 0 0 -0.26 0 1 0 -0.447 0 0 1 -0.767 0 0 0 1</matrix>
        <instance_geometry url="#MMO_700_dual_-_base_plate_connector-4-mesh" name="MMO_700_dual - base_plate_connector-4"/>
      </node>
      <node id="MMO_700_dual_-_base_plate_connector-3" name="MMO_700_dual - base_plate_connector-3" type="NODE">
        <matrix sid="transform">1 0 0 -0.26 0 1 0 -0.447 0 0 1 -0.767 0 0 0 1</matrix>
        <instance_geometry url="#MMO_700_dual_-_base_plate_connector-3-mesh" name="MMO_700_dual - base_plate_connector-3"/>
      </node>
      <node id="MMO_700_dual_-_base_plate_connector-2" name="MMO_700_dual - base_plate_connector-2" type="NODE">
        <matrix sid="transform">1 0 0 -0.26 0 1 0 -0.447 0 0 1 -0.767 0 0 0 1</matrix>
        <instance_geometry url="#MMO_700_dual_-_base_plate_connector-2-mesh" name="MMO_700_dual - base_plate_connector-2"/>
      </node>
      <node id="MMO_700_dual_-_base_plate_connector-1" name="MMO_700_dual - base_plate_connector-1" type="NODE">
        <matrix sid="transform">1 0 0 -0.26 0 1 0 -0.447 0 0 1 -0.767 0 0 0 1</matrix>
        <instance_geometry url="#MMO_700_dual_-_base_plate_connector-1-mesh" name="MMO_700_dual - base_plate_connector-1"/>
      </node>
      <node id="MMO_700_dual_-_base_plate_beam-4" name="MMO_700_dual - base_plate_beam-4" type="NODE">
        <matrix sid="transform">1 0 0 -0.26 0 1 0 -0.447 0 0 1 -0.767 0 0 0 1</matrix>
        <instance_geometry url="#MMO_700_dual_-_base_plate_beam-4-mesh" name="MMO_700_dual - base_plate_beam-4"/>
      </node>
      <node id="MMO_700_dual_-_base_plate_beam-3" name="MMO_700_dual - base_plate_beam-3" type="NODE">
        <matrix sid="transform">1 0 0 -0.26 0 1 0 -0.447 0 0 1 -0.767 0 0 0 1</matrix>
        <instance_geometry url="#MMO_700_dual_-_base_plate_beam-3-mesh" name="MMO_700_dual - base_plate_beam-3"/>
      </node>
      <node id="MMO_700_dual_-_base_plate_beam-2" name="MMO_700_dual - base_plate_beam-2" type="NODE">
        <matrix sid="transform">1 0 0 -0.26 0 1 0 -0.447 0 0 1 -0.767 0 0 0 1</matrix>
        <instance_geometry url="#MMO_700_dual_-_base_plate_beam-2-mesh" name="MMO_700_dual - base_plate_beam-2"/>
      </node>
      <node id="MMO_700_dual_-_base_plate_beam-1" name="MMO_700_dual - base_plate_beam-1" type="NODE">
        <matrix sid="transform">1 0 0 -0.26 0 1 0 -0.447 0 0 1 -0.767 0 0 0 1</matrix>
        <instance_geometry url="#MMO_700_dual_-_base_plate_beam-1-mesh" name="MMO_700_dual - base_plate_beam-1"/>
      </node>
    </visual_scene>
  </library_visual_scenes>
  <scene>
    <instance_visual_scene url="#Scene"/>
  </scene>
</COLLADA>